{"type":"FeatureCollection","features":[{"type":"Feature","bbox":[77.07544,28.8409,77.10495,28.88335],"properties":{"ward":1,"name":"Narela 01"},"geometry":{"type":"Polygon","coordinates":[[[77.08275,28.88335],[77.08461,28.88219],[77.08616,28.88194],[77.08732,28.8812],[77.08754,28.88078],[77.08815,28.87754],[77.08819,28.87647],[77.0878,28.87586],[77.08783,28.87543],[77.09169,28.87271],[77.09438,28.87132],[77.09649,28.8708],[77.10154,28.87017],[77.1032,28.87045],[77.10495,28.87],[77.10269,28.86812],[77.10181,28.86707],[77.10005,28.86567],[77.10142,28.86488],[77.1014,28.86452],[77.10111,28.86427],[77.10135,28.86375],[77.10037,28.86313],[77.10151,28.86104],[77.0989,28.8597],[77.09992,28.85756],[77.09809,28.8575],[77.09791,28.85735],[77.09764,28.85048],[77.10041,28.8442],[77.09986,28.84376],[77.10074,28.84172],[77.10075,28.84153],[77.10049,28.84141],[77.09874,28.8409],[77.09815,28.84197],[77.09566,28.8411],[77.09495,28.84165],[77.094,28.84173],[77.09348,28.8421],[77.09292,28.84174],[77.09084,28.84159],[77.09047,28.84102],[77.08945,28.84365],[77.08911,28.84288],[77.08875,28.84257],[77.08693,28.84211],[77.08687,28.84223],[77.07955,28.86189],[77.07595,28.86915],[77.07676,28.86961],[77.07732,28.87028],[77.07796,28.87074],[77.07844,28.87154],[77.07816,28.87446],[77.07557,28.8746],[77.07544,28.87483],[77.07551,28.87556],[77.07574,28.87571],[77.07674,28.87575],[77.0769,28.87637],[77.07748,28.87666],[77.0777,28.87721],[77.07828,28.87753],[77.08084,28.87978],[77.08185,28.881],[77.08224,28.8821],[77.08236,28.88311],[77.08275,28.88335]]]}},{"type":"Feature","bbox":[77.04013,28.80406,77.09558,28.87073],"properties":{"ward":2,"name":"Bankner 02"},"geometry":{"type":"Polygon","coordinates":[[[77.06125,28.87073],[77.06394,28.86908],[77.06909,28.86711],[77.07,28.86748],[77.07117,28.86857],[77.07167,28.86869],[77.07205,28.86862],[77.07347,28.8676],[77.07464,28.86727],[77.07509,28.86819],[77.07595,28.86915],[77.07955,28.86189],[77.08693,28.84211],[77.08522,28.84158],[77.08507,28.84137],[77.08694,28.83605],[77.08479,28.83668],[77.08467,28.83658],[77.08466,28.83586],[77.08452,28.83577],[77.08378,28.8358],[77.08363,28.83628],[77.07973,28.83638],[77.07354,28.82948],[77.07335,28.82899],[77.07052,28.82605],[77.06968,28.8248],[77.07065,28.82377],[77.07066,28.82342],[77.07088,28.82331],[77.07371,28.82309],[77.07401,28.82357],[77.07558,28.82348],[77.07588,28.8233],[77.07714,28.82378],[77.07778,28.82374],[77.07852,28.82191],[77.07855,28.82135],[77.07935,28.81908],[77.08244,28.81898],[77.08257,28.81734],[77.08543,28.81724],[77.08547,28.81625],[77.08618,28.8161],[77.08624,28.81444],[77.08671,28.81434],[77.08763,28.81457],[77.08899,28.81457],[77.09041,28.81541],[77.09307,28.81579],[77.09386,28.81639],[77.09428,28.81608],[77.09558,28.8156],[77.09185,28.81291],[77.09,28.81178],[77.08844,28.81177],[77.08711,28.81195],[77.08597,28.81129],[77.08387,28.81145],[77.08151,28.81126],[77.08094,28.81105],[77.08029,28.81049],[77.07805,28.80948],[77.07722,28.80936],[77.07467,28.80803],[77.07422,28.807],[77.07439,28.80658],[77.07392,28.80573],[77.07118,28.80406],[77.07102,28.80415],[77.07094,28.80672],[77.07208,28.80777],[77.07211,28.80811],[77.06151,28.81771],[77.06105,28.81784],[77.06036,28.81734],[77.06004,28.81729],[77.0583,28.81849],[77.05775,28.81925],[77.05538,28.81932],[77.05465,28.82084],[77.05453,28.82204],[77.05302,28.82328],[77.05176,28.82373],[77.0508,28.82435],[77.04916,28.82476],[77.04731,28.82564],[77.04615,28.82569],[77.04411,28.82654],[77.04342,28.82702],[77.04283,28.82803],[77.04169,28.82833],[77.04146,28.82889],[77.04148,28.82965],[77.04103,28.8301],[77.04125,28.83098],[77.04013,28.83169],[77.04103,28.8328],[77.04234,28.83379],[77.04273,28.83505],[77.04197,28.8369],[77.04202,28.83766],[77.04286,28.8387],[77.04504,28.84046],[77.04541,28.84187],[77.04551,28.84353],[77.04544,28.84442],[77.04515,28.84473],[77.04508,28.84535],[77.04546,28.84623],[77.04567,28.84721],[77.04658,28.84822],[77.04746,28.84968],[77.0485,28.85076],[77.04947,28.85235],[77.05077,28.85385],[77.05106,28.85439],[77.05116,28.85503],[77.05198,28.85707],[77.05187,28.85816],[77.05212,28.85938],[77.05298,28.86089],[77.05511,28.86328],[77.05812,28.8677],[77.06125,28.87073]]]}},{"type":"Feature","bbox":[77.05973,28.75941,77.12686,28.87],"properties":{"ward":3,"name":"Holambi Kalan 03"},"geometry":{"type":"Polygon","coordinates":[[[77.10495,28.87],[77.10653,28.86968],[77.10827,28.86961],[77.10977,28.86985],[77.11013,28.86955],[77.11038,28.86894],[77.11097,28.86862],[77.11105,28.86793],[77.11204,28.86714],[77.11219,28.86652],[77.11302,28.8663],[77.11324,28.86591],[77.11398,28.86555],[77.11418,28.86515],[77.11532,28.86477],[77.11551,28.86451],[77.11551,28.864],[77.11653,28.86313],[77.11679,28.86253],[77.1177,28.86207],[77.1189,28.86114],[77.11997,28.85992],[77.12046,28.85992],[77.12075,28.85976],[77.1208,28.85854],[77.12098,28.85824],[77.12285,28.85813],[77.12342,28.85842],[77.12457,28.85848],[77.12524,28.85397],[77.12686,28.84569],[77.12398,28.84552],[77.12374,28.84588],[77.12374,28.8467],[77.12306,28.84675],[77.12289,28.84622],[77.12219,28.84618],[77.12163,28.84518],[77.12108,28.84464],[77.11989,28.84404],[77.11998,28.84347],[77.11888,28.84261],[77.1181,28.84177],[77.1121,28.84156],[77.10911,28.84071],[77.11323,28.8286],[77.11426,28.82521],[77.11459,28.82316],[77.11001,28.82915],[77.108,28.83107],[77.10635,28.83236],[77.10509,28.83367],[77.103,28.8385],[77.1027,28.83873],[77.099,28.83773],[77.099,28.8373],[77.09824,28.83704],[77.08982,28.83459],[77.09254,28.82784],[77.09298,28.82612],[77.0948,28.82108],[77.09921,28.80965],[77.09912,28.80952],[77.0988,28.80955],[77.09855,28.81002],[77.09709,28.81003],[77.09699,28.80954],[77.09722,28.80905],[77.0971,28.80855],[77.09668,28.80796],[77.09436,28.80797],[77.09418,28.80783],[77.09421,28.80528],[77.09463,28.80514],[77.09469,28.80496],[77.09461,28.80365],[77.09412,28.80304],[77.0941,28.80252],[77.09566,28.80244],[77.09605,28.80226],[77.09591,28.80026],[77.09742,28.80025],[77.09766,28.80082],[77.09883,28.80072],[77.09818,28.80056],[77.0982,28.79817],[77.09767,28.79801],[77.09725,28.79663],[77.0985,28.79607],[77.09746,28.79494],[77.09581,28.79492],[77.0956,28.79465],[77.09563,28.79314],[77.09553,28.79279],[77.09525,28.79262],[77.09517,28.78854],[77.09532,28.78732],[77.09332,28.78726],[77.09295,28.78674],[77.08979,28.78678],[77.08966,28.7846],[77.0907,28.78378],[77.09375,28.7825],[77.09432,28.78256],[77.0948,28.78286],[77.09662,28.78338],[77.09713,28.78146],[77.09594,28.77976],[77.09348,28.77695],[77.09225,28.77494],[77.09235,28.77261],[77.09211,28.77214],[77.09507,28.77073],[77.09043,28.76302],[77.09007,28.76296],[77.08876,28.76367],[77.08841,28.7641],[77.08796,28.76421],[77.08684,28.76368],[77.0852,28.76322],[77.0834,28.76303],[77.0828,28.76268],[77.0825,28.76208],[77.08146,28.7609],[77.08026,28.76077],[77.07888,28.75958],[77.07798,28.75941],[77.07776,28.75968],[77.07766,28.76078],[77.07695,28.76214],[77.0777,28.7637],[77.07825,28.76443],[77.07864,28.76666],[77.07758,28.76835],[77.07561,28.76935],[77.07551,28.76972],[77.07565,28.77053],[77.0744,28.77135],[77.07489,28.77267],[77.07423,28.7748],[77.07405,28.77624],[77.07368,28.77701],[77.07227,28.77843],[77.07052,28.78056],[77.06953,28.78106],[77.06839,28.78115],[77.06682,28.78225],[77.06327,28.78432],[77.0654,28.78642],[77.06757,28.78892],[77.06764,28.78923],[77.05991,28.79529],[77.05973,28.79565],[77.07101,28.80599],[77.07107,28.80406],[77.07378,28.80558],[77.07439,28.80658],[77.07422,28.807],[77.07462,28.80796],[77.07505,28.80831],[77.07722,28.80936],[77.07802,28.80946],[77.0801,28.81039],[77.08094,28.81105],[77.08151,28.81126],[77.08387,28.81145],[77.08597,28.81129],[77.08711,28.81195],[77.08844,28.81177],[77.09,28.81178],[77.09185,28.81291],[77.09556,28.81553],[77.09386,28.81639],[77.09307,28.81579],[77.09041,28.81541],[77.08899,28.81457],[77.08763,28.81457],[77.08671,28.81434],[77.08624,28.81444],[77.08618,28.8161],[77.08547,28.81625],[77.08543,28.81724],[77.08257,28.81734],[77.08244,28.81898],[77.07935,28.81908],[77.07855,28.82135],[77.07852,28.82191],[77.07778,28.82374],[77.07714,28.82378],[77.07588,28.8233],[77.07558,28.82348],[77.07401,28.82357],[77.07371,28.82309],[77.07088,28.82331],[77.07066,28.82342],[77.07065,28.82377],[77.06965,28.82489],[77.07052,28.82605],[77.07335,28.82899],[77.07354,28.82948],[77.07973,28.83638],[77.08363,28.83628],[77.08378,28.8358],[77.08452,28.83577],[77.08466,28.83586],[77.08467,28.83658],[77.08479,28.83668],[77.08694,28.83605],[77.08508,28.84134],[77.08517,28.84155],[77.08875,28.84257],[77.08911,28.84288],[77.08945,28.84365],[77.09047,28.84102],[77.09084,28.84159],[77.09292,28.84174],[77.09348,28.8421],[77.094,28.84173],[77.09495,28.84165],[77.09566,28.8411],[77.09815,28.84197],[77.09874,28.8409],[77.10075,28.84153],[77.09986,28.84376],[77.10041,28.8442],[77.09764,28.85048],[77.09791,28.85735],[77.09809,28.8575],[77.09992,28.85756],[77.0989,28.8597],[77.10151,28.86104],[77.10037,28.86313],[77.10135,28.86375],[77.10111,28.86427],[77.1014,28.86452],[77.10142,28.86488],[77.10006,28.86569],[77.10181,28.86707],[77.10269,28.86812],[77.10399,28.86913],[77.10458,28.86978],[77.10495,28.87]]]}},{"type":"Feature","bbox":[77.08966,28.75306,77.14396,28.84672],"properties":{"ward":4,"name":"Alipur 04"},"geometry":{"type":"Polygon","coordinates":[[[77.12299,28.84672],[77.12375,28.84669],[77.12374,28.84588],[77.12398,28.84552],[77.12666,28.84559],[77.12892,28.83482],[77.1308,28.82852],[77.13272,28.82284],[77.13308,28.82121],[77.13494,28.81601],[77.13657,28.81069],[77.1375,28.80936],[77.14136,28.80604],[77.14239,28.80454],[77.14298,28.80326],[77.14333,28.8014],[77.1438,28.79706],[77.14396,28.79396],[77.14354,28.79225],[77.14144,28.78877],[77.14103,28.78726],[77.14095,28.7862],[77.14134,28.78233],[77.14202,28.77934],[77.14107,28.77915],[77.13948,28.77828],[77.1369,28.77827],[77.13605,28.7773],[77.13494,28.77755],[77.1336,28.77736],[77.13239,28.77698],[77.13181,28.77643],[77.13081,28.77635],[77.13053,28.77616],[77.12995,28.77538],[77.12978,28.7748],[77.12982,28.77446],[77.13034,28.77392],[77.12973,28.77234],[77.12991,28.77205],[77.13179,28.77203],[77.13266,28.77308],[77.13333,28.77304],[77.13398,28.77329],[77.13468,28.77319],[77.13601,28.77399],[77.13634,28.77382],[77.1365,28.7732],[77.13553,28.77175],[77.13432,28.7713],[77.13407,28.77107],[77.134,28.76826],[77.1329,28.76776],[77.13117,28.76733],[77.12899,28.7663],[77.12713,28.7657],[77.1269,28.76454],[77.12545,28.76353],[77.12601,28.76132],[77.1237,28.7612],[77.12405,28.76058],[77.12682,28.75761],[77.12606,28.75718],[77.12365,28.75518],[77.12331,28.75519],[77.12262,28.75476],[77.12156,28.75506],[77.11902,28.75306],[77.11117,28.75913],[77.10408,28.76582],[77.10106,28.76775],[77.09211,28.77214],[77.09235,28.77261],[77.09225,28.77494],[77.09348,28.77695],[77.09594,28.77976],[77.09712,28.78156],[77.09662,28.78338],[77.0948,28.78286],[77.09432,28.78256],[77.09375,28.7825],[77.09273,28.78302],[77.09167,28.78333],[77.08994,28.78426],[77.08966,28.7846],[77.0897,28.78664],[77.08994,28.78679],[77.09295,28.78674],[77.09332,28.78726],[77.09532,28.78732],[77.09517,28.78854],[77.09525,28.79262],[77.09553,28.79279],[77.09563,28.79314],[77.0956,28.79465],[77.09581,28.79492],[77.09746,28.79494],[77.0985,28.79607],[77.09725,28.79663],[77.09767,28.79801],[77.0982,28.79817],[77.09818,28.80056],[77.09883,28.80072],[77.09766,28.80082],[77.09742,28.80025],[77.09591,28.80026],[77.09605,28.80226],[77.09566,28.80244],[77.0941,28.80252],[77.09412,28.80304],[77.09461,28.80365],[77.09469,28.80496],[77.09463,28.80514],[77.09421,28.80528],[77.09418,28.80783],[77.09436,28.80797],[77.09668,28.80796],[77.0971,28.80855],[77.09722,28.80905],[77.09699,28.80954],[77.09709,28.81003],[77.09855,28.81002],[77.0988,28.80955],[77.09912,28.80952],[77.09921,28.80965],[77.0948,28.82108],[77.09298,28.82612],[77.09254,28.82784],[77.08981,28.83455],[77.09824,28.83704],[77.099,28.8373],[77.099,28.83773],[77.1027,28.83873],[77.103,28.8385],[77.10509,28.83367],[77.10635,28.83236],[77.108,28.83107],[77.11001,28.82915],[77.11459,28.82316],[77.11426,28.82521],[77.11323,28.8286],[77.10909,28.84067],[77.1121,28.84156],[77.1181,28.84177],[77.11888,28.84261],[77.11998,28.84347],[77.11989,28.84404],[77.12103,28.8446],[77.1216,28.84515],[77.12219,28.84618],[77.12289,28.84622],[77.12299,28.84672]]]}},{"type":"Feature","bbox":[77.12421,28.77934,77.22399,28.86299],"properties":{"ward":5,"name":"Bakhtawarpur 05"},"geometry":{"type":"Polygon","coordinates":[[[77.13099,28.86299],[77.13447,28.8626],[77.13994,28.86167],[77.14045,28.8603],[77.14098,28.85958],[77.1411,28.85847],[77.14227,28.85802],[77.14202,28.85684],[77.14219,28.85606],[77.14344,28.85481],[77.1446,28.8545],[77.14529,28.85362],[77.14538,28.85308],[77.14463,28.85119],[77.14209,28.84723],[77.14166,28.84586],[77.1415,28.84262],[77.1422,28.84166],[77.14221,28.83952],[77.14232,28.83925],[77.14468,28.83828],[77.14638,28.83792],[77.14882,28.83801],[77.15298,28.83764],[77.15496,28.83717],[77.15678,28.83698],[77.15723,28.83706],[77.15679,28.83815],[77.15688,28.83902],[77.15965,28.84125],[77.16462,28.84762],[77.16606,28.8492],[77.16704,28.84907],[77.16906,28.85059],[77.17201,28.85007],[77.17258,28.85372],[77.17317,28.85585],[77.17307,28.85721],[77.17355,28.85764],[77.17485,28.85835],[77.17558,28.85796],[77.17663,28.85788],[77.1782,28.85854],[77.18036,28.85781],[77.18244,28.85769],[77.18313,28.85785],[77.19017,28.85833],[77.19166,28.85826],[77.1933,28.85839],[77.19353,28.85849],[77.19378,28.8589],[77.19457,28.85921],[77.19701,28.85927],[77.20402,28.85901],[77.20662,28.85913],[77.20686,28.85888],[77.2065,28.85771],[77.20651,28.85721],[77.2067,28.857],[77.20724,28.85688],[77.20779,28.85712],[77.20837,28.85788],[77.20975,28.85847],[77.21084,28.85833],[77.21143,28.85796],[77.21191,28.85683],[77.21209,28.85461],[77.21321,28.85223],[77.21307,28.84998],[77.21406,28.8468],[77.21464,28.84336],[77.21508,28.84294],[77.21517,28.84223],[77.21618,28.83968],[77.21733,28.83808],[77.21801,28.83644],[77.22102,28.83353],[77.22155,28.83231],[77.2222,28.83142],[77.22267,28.83015],[77.22373,28.82857],[77.22395,28.82747],[77.22359,28.82596],[77.22399,28.82519],[77.22394,28.82433],[77.2236,28.8236],[77.22258,28.8223],[77.22235,28.82093],[77.22193,28.82007],[77.22031,28.8186],[77.22004,28.81743],[77.21894,28.81649],[77.21847,28.81307],[77.21853,28.81163],[77.21886,28.81022],[77.21881,28.80885],[77.21865,28.80861],[77.21708,28.80858],[77.2158,28.80742],[77.21448,28.80905],[77.21161,28.81009],[77.20774,28.81044],[77.20187,28.81236],[77.20051,28.81241],[77.20014,28.8122],[77.19994,28.8105],[77.19885,28.80791],[77.19868,28.80451],[77.19819,28.80367],[77.19772,28.80149],[77.19699,28.80069],[77.19686,28.79977],[77.19699,28.79919],[77.19683,28.79836],[77.19735,28.79806],[77.20205,28.79731],[77.20489,28.79575],[77.205,28.79558],[77.20487,28.79501],[77.20491,28.79381],[77.20462,28.79048],[77.20476,28.78887],[77.20522,28.78674],[77.20115,28.78501],[77.20097,28.78477],[77.20079,28.7837],[77.19965,28.78257],[77.19931,28.78245],[77.19473,28.78614],[77.19441,28.78785],[77.19452,28.7892],[77.19386,28.79005],[77.19324,28.79041],[77.19271,28.79018],[77.19067,28.78819],[77.18959,28.78763],[77.18957,28.78693],[77.18867,28.78613],[77.18428,28.78612],[77.17856,28.78494],[77.17452,28.7843],[77.17156,28.78433],[77.17131,28.78448],[77.1714,28.78495],[77.1723,28.78584],[77.17261,28.78654],[77.17285,28.78927],[77.17307,28.78945],[77.17371,28.78948],[77.17391,28.78969],[77.17328,28.79007],[77.17337,28.79113],[77.17218,28.79322],[77.17153,28.79393],[77.17101,28.79419],[77.16949,28.79384],[77.16595,28.79375],[77.16577,28.79398],[77.16574,28.79516],[77.1648,28.79559],[77.16462,28.79657],[77.16292,28.7967],[77.16267,28.79653],[77.16259,28.79582],[77.16225,28.79494],[77.16061,28.79382],[77.16031,28.79304],[77.15959,28.79258],[77.15981,28.79176],[77.15964,28.79133],[77.15843,28.791],[77.15747,28.79131],[77.15693,28.79126],[77.15611,28.79061],[77.15541,28.78966],[77.15404,28.78911],[77.15316,28.78905],[77.15102,28.78927],[77.14817,28.7889],[77.14807,28.78837],[77.14853,28.78777],[77.14937,28.7854],[77.14928,28.78176],[77.14811,28.78152],[77.14795,28.78032],[77.14774,28.78006],[77.14636,28.78006],[77.14571,28.7804],[77.14355,28.77965],[77.14202,28.77934],[77.14134,28.78233],[77.14095,28.7862],[77.14107,28.78753],[77.14144,28.78877],[77.14331,28.79178],[77.14391,28.79346],[77.14395,28.79553],[77.14333,28.8014],[77.143,28.80321],[77.14239,28.80454],[77.14136,28.80604],[77.13728,28.80963],[77.13657,28.81069],[77.13603,28.81213],[77.13515,28.81534],[77.13308,28.82121],[77.13272,28.82284],[77.1308,28.82852],[77.12892,28.83482],[77.12689,28.84418],[77.12666,28.84559],[77.12686,28.84574],[77.12524,28.85397],[77.12421,28.86017],[77.12439,28.86047],[77.1269,28.86062],[77.1284,28.86113],[77.12945,28.86117],[77.12972,28.86163],[77.1305,28.86212],[77.13064,28.86289],[77.13099,28.86299]]]}},{"type":"Feature","bbox":[77.17933,28.74496,77.22536,28.79039],"properties":{"ward":6,"name":"Burari 06"},"geometry":{"type":"Polygon","coordinates":[[[77.19341,28.79039],[77.19414,28.78976],[77.19452,28.7892],[77.19441,28.78785],[77.19473,28.78614],[77.19923,28.78249],[77.19965,28.78257],[77.20079,28.7837],[77.20097,28.78477],[77.20115,28.78501],[77.20522,28.78674],[77.20607,28.7845],[77.20607,28.78331],[77.20644,28.78229],[77.20857,28.7805],[77.21092,28.77815],[77.21412,28.77589],[77.21746,28.77428],[77.21842,28.77362],[77.21982,28.77323],[77.22082,28.77235],[77.22265,28.77159],[77.22008,28.76901],[77.21951,28.76826],[77.22172,28.76522],[77.22483,28.75833],[77.22536,28.75455],[77.22266,28.75474],[77.21957,28.75565],[77.21779,28.75592],[77.21592,28.75595],[77.2068,28.75491],[77.20645,28.75305],[77.20654,28.75014],[77.20623,28.74784],[77.20625,28.7453],[77.202,28.74496],[77.20175,28.74559],[77.20019,28.74563],[77.20025,28.74876],[77.19861,28.74874],[77.19843,28.74886],[77.19898,28.75427],[77.19887,28.7549],[77.19823,28.75518],[77.19817,28.75438],[77.19803,28.75425],[77.19726,28.75428],[77.19721,28.7547],[77.19704,28.75477],[77.19684,28.75472],[77.19674,28.75418],[77.19349,28.75431],[77.19339,28.75529],[77.19311,28.75552],[77.1943,28.75705],[77.19469,28.75815],[77.19294,28.7591],[77.18456,28.76266],[77.18288,28.76571],[77.18088,28.76865],[77.18019,28.76938],[77.17957,28.77047],[77.18064,28.77056],[77.18093,28.77076],[77.18158,28.77084],[77.18176,28.77131],[77.18076,28.77138],[77.18086,28.77183],[77.18273,28.77182],[77.18281,28.77238],[77.18346,28.77244],[77.18353,28.77286],[77.18487,28.77294],[77.18491,28.77399],[77.18354,28.77402],[77.18348,28.77342],[77.18284,28.77336],[77.18281,28.77243],[77.18011,28.77239],[77.17995,28.77153],[77.17941,28.77161],[77.17933,28.77324],[77.17968,28.77877],[77.18053,28.77884],[77.18179,28.77831],[77.18204,28.77838],[77.18376,28.7811],[77.18441,28.78174],[77.18446,28.78378],[77.18429,28.7839],[77.18011,28.78384],[77.18026,28.78528],[77.18428,28.78612],[77.18881,28.78617],[77.18957,28.78693],[77.18959,28.78763],[77.19067,28.78819],[77.19284,28.79029],[77.19341,28.79039]]]}},{"type":"Feature","bbox":[77.12973,28.75628,77.19444,28.79664],"properties":{"ward":7,"name":"Kadipur 07"},"geometry":{"type":"Polygon","coordinates":[[[77.16275,28.79664],[77.16462,28.79657],[77.1648,28.79559],[77.16574,28.79516],[77.16577,28.79398],[77.16595,28.79375],[77.16949,28.79384],[77.17101,28.79419],[77.17153,28.79393],[77.17218,28.79322],[77.17337,28.79113],[77.17328,28.79007],[77.17391,28.78969],[77.17371,28.78948],[77.17307,28.78945],[77.17285,28.78927],[77.17253,28.78627],[77.1714,28.78495],[77.17129,28.78458],[77.17139,28.78439],[77.17378,28.78422],[77.18026,28.78528],[77.18011,28.78384],[77.18444,28.78384],[77.18441,28.78174],[77.18376,28.7811],[77.18204,28.77838],[77.18179,28.77831],[77.18053,28.77884],[77.17968,28.77877],[77.17934,28.77406],[77.17941,28.77162],[77.18005,28.77158],[77.18015,28.7724],[77.18281,28.77243],[77.18284,28.77336],[77.18348,28.77342],[77.18359,28.77405],[77.18489,28.774],[77.1849,28.77299],[77.18353,28.77286],[77.18346,28.77244],[77.18281,28.77238],[77.18273,28.77182],[77.18086,28.77183],[77.18076,28.77138],[77.18176,28.77131],[77.18158,28.77084],[77.18093,28.77076],[77.18056,28.77055],[77.17965,28.77058],[77.17958,28.77041],[77.18288,28.76571],[77.18458,28.76264],[77.19297,28.75909],[77.19426,28.75842],[77.19444,28.75819],[77.1912,28.7584],[77.18571,28.75826],[77.18202,28.75796],[77.17986,28.75761],[77.17541,28.75754],[77.17222,28.75691],[77.17022,28.75628],[77.17006,28.7582],[77.16956,28.75867],[77.16953,28.76004],[77.16935,28.76031],[77.16782,28.76062],[77.16512,28.76076],[77.16369,28.76129],[77.16317,28.76166],[77.15887,28.76264],[77.15752,28.76318],[77.15643,28.7627],[77.15592,28.76265],[77.15556,28.76298],[77.15497,28.7642],[77.15413,28.76423],[77.15261,28.76548],[77.15097,28.7664],[77.14988,28.76636],[77.14835,28.76539],[77.14773,28.76326],[77.14633,28.76313],[77.14593,28.76328],[77.14571,28.7637],[77.14509,28.76604],[77.14475,28.7665],[77.13404,28.76672],[77.13407,28.77107],[77.13432,28.7713],[77.13553,28.77175],[77.13623,28.77266],[77.13651,28.77351],[77.13625,28.77391],[77.13601,28.77399],[77.13468,28.77319],[77.13398,28.77329],[77.13333,28.77304],[77.13266,28.77308],[77.13179,28.77203],[77.12991,28.77205],[77.12973,28.77234],[77.13034,28.77392],[77.12982,28.77446],[77.12978,28.7748],[77.12995,28.77538],[77.13053,28.77616],[77.13081,28.77635],[77.13181,28.77643],[77.13239,28.77698],[77.1336,28.77736],[77.13494,28.77755],[77.13605,28.7773],[77.1369,28.77827],[77.13948,28.77828],[77.14107,28.77915],[77.14355,28.77965],[77.14571,28.7804],[77.14636,28.78006],[77.14781,28.78009],[77.14806,28.78146],[77.14833,28.78163],[77.14921,28.78169],[77.14935,28.78208],[77.14937,28.7854],[77.14853,28.78777],[77.14807,28.78837],[77.14817,28.7889],[77.15102,28.78927],[77.15316,28.78905],[77.15404,28.78911],[77.15541,28.78966],[77.15611,28.79061],[77.15693,28.79126],[77.15747,28.79131],[77.15843,28.791],[77.15964,28.79133],[77.15981,28.79176],[77.15959,28.79258],[77.16031,28.79304],[77.16061,28.79382],[77.16225,28.79494],[77.16275,28.79664]]]}},{"type":"Feature","bbox":[77.1675,28.72803,77.19178,28.75763],"properties":{"ward":8,"name":"Mukundpur 08"},"geometry":{"type":"Polygon","coordinates":[[[77.17945,28.75763],[77.17871,28.75562],[77.17877,28.75534],[77.179,28.75515],[77.18141,28.75491],[77.18227,28.75382],[77.18262,28.75301],[77.18261,28.75198],[77.18213,28.7501],[77.18111,28.74943],[77.18123,28.74901],[77.1811,28.74887],[77.17827,28.74718],[77.1786,28.74648],[77.1776,28.7456],[77.17999,28.74547],[77.18092,28.74569],[77.18136,28.74422],[77.18169,28.7437],[77.18186,28.74289],[77.1807,28.74279],[77.18057,28.74266],[77.18135,28.74],[77.18361,28.74013],[77.18615,28.73953],[77.18673,28.73925],[77.18798,28.7385],[77.19151,28.73575],[77.19178,28.73388],[77.19076,28.73021],[77.18067,28.73276],[77.18042,28.73264],[77.17936,28.73108],[77.17447,28.72803],[77.17138,28.73215],[77.17157,28.73245],[77.17443,28.73413],[77.17469,28.73465],[77.17465,28.73492],[77.1675,28.73755],[77.16825,28.73866],[77.17182,28.74157],[77.17232,28.74234],[77.17209,28.74265],[77.16916,28.74416],[77.17123,28.74704],[77.1714,28.74979],[77.17131,28.7501],[77.17104,28.75023],[77.16989,28.7501],[77.16993,28.75201],[77.1692,28.7526],[77.16915,28.75346],[77.16938,28.75453],[77.1691,28.75586],[77.16931,28.75617],[77.17083,28.75637],[77.17222,28.75691],[77.17516,28.75751],[77.17945,28.75763]]]}},{"type":"Feature","bbox":[77.17758,28.73575,77.20027,28.75839],"properties":{"ward":9,"name":"Sant Nagar 09"},"geometry":{"type":"Polygon","coordinates":[[[77.192,28.75839],[77.19472,28.75809],[77.19413,28.75677],[77.19311,28.75552],[77.19339,28.75529],[77.19349,28.75431],[77.19674,28.75418],[77.19684,28.75472],[77.19704,28.75477],[77.19721,28.7547],[77.19726,28.75428],[77.19803,28.75425],[77.19817,28.75438],[77.19823,28.75518],[77.1989,28.75487],[77.19898,28.75427],[77.19843,28.74886],[77.19861,28.74874],[77.20018,28.74879],[77.20027,28.74865],[77.20009,28.74451],[77.19339,28.7445],[77.19317,28.74394],[77.19195,28.74392],[77.19181,28.74316],[77.19108,28.74307],[77.1918,28.74164],[77.19404,28.73866],[77.19388,28.73823],[77.19145,28.73713],[77.19134,28.73669],[77.19151,28.73575],[77.18798,28.7385],[77.18637,28.73946],[77.18356,28.74014],[77.18139,28.73997],[77.18057,28.74266],[77.1807,28.74279],[77.18186,28.74289],[77.18099,28.74563],[77.18077,28.74571],[77.17999,28.74547],[77.17758,28.74564],[77.1786,28.74648],[77.17827,28.74718],[77.1811,28.74887],[77.18123,28.74901],[77.18111,28.74943],[77.18213,28.7501],[77.18261,28.75198],[77.18262,28.75301],[77.18227,28.75382],[77.18141,28.75491],[77.179,28.75515],[77.17877,28.75534],[77.17871,28.75562],[77.17945,28.75763],[77.18571,28.75826],[77.192,28.75839]]]}},{"type":"Feature","bbox":[77.05367,28.70344,77.08814,28.7296],"properties":{"ward":10,"name":"Pooth Kalan 10"},"geometry":{"type":"Polygon","coordinates":[[[77.07655,28.7296],[77.08062,28.72678],[77.08083,28.72644],[77.08223,28.72548],[77.08214,28.72498],[77.08609,28.72218],[77.0856,28.72137],[77.08573,28.72066],[77.08309,28.71774],[77.08271,28.71784],[77.07842,28.72082],[77.07793,28.72082],[77.07693,28.71723],[77.07691,28.71436],[77.07726,28.71405],[77.0805,28.7128],[77.08092,28.7101],[77.08135,28.70928],[77.08297,28.70757],[77.08538,28.70539],[77.08814,28.70344],[77.07504,28.70365],[77.07134,28.70566],[77.06322,28.71123],[77.06237,28.71206],[77.05367,28.71794],[77.0552,28.71964],[77.05648,28.72166],[77.05905,28.72463],[77.06318,28.72269],[77.06846,28.71952],[77.07411,28.72591],[77.07655,28.7296]]]}},{"type":"Feature","bbox":[77.20912,28.69209,77.23361,28.73353],"properties":{"ward":11,"name":"Timarpur 11"},"geometry":{"type":"Polygon","coordinates":[[[77.2192,28.73353],[77.21988,28.73292],[77.22283,28.73143],[77.2234,28.73094],[77.2256,28.73002],[77.22619,28.72864],[77.22902,28.72021],[77.22963,28.72],[77.23155,28.71998],[77.23361,28.71836],[77.23245,28.71535],[77.2315,28.71219],[77.23097,28.70413],[77.22904,28.70413],[77.2279,28.70365],[77.22768,28.7034],[77.2275,28.70229],[77.22682,28.70194],[77.22512,28.70057],[77.22356,28.69619],[77.223,28.69548],[77.22226,28.69302],[77.22186,28.69251],[77.22075,28.69209],[77.2205,28.69273],[77.21987,28.69321],[77.21094,28.6965],[77.20926,28.69698],[77.20912,28.69714],[77.21122,28.70022],[77.21435,28.70268],[77.216,28.70582],[77.21767,28.7079],[77.21868,28.71064],[77.2191,28.71119],[77.22105,28.71555],[77.2205,28.71587],[77.21938,28.71598],[77.21935,28.71626],[77.21978,28.71713],[77.22053,28.71675],[77.2212,28.71681],[77.22176,28.71863],[77.22221,28.7195],[77.22218,28.71987],[77.22174,28.72017],[77.21609,28.72217],[77.21679,28.72336],[77.21679,28.72364],[77.21484,28.72445],[77.21305,28.72676],[77.21314,28.72698],[77.21338,28.72704],[77.21633,28.72692],[77.21669,28.72704],[77.21725,28.72809],[77.21781,28.72844],[77.21818,28.72896],[77.2182,28.7292],[77.2178,28.72964],[77.21793,28.73075],[77.21844,28.73257],[77.21898,28.73345],[77.2192,28.73353]]]}},{"type":"Feature","bbox":[77.20043,28.66667,77.22081,28.69714],"properties":{"ward":12,"name":"Malka Ganj 12"},"geometry":{"type":"Polygon","coordinates":[[[77.20912,28.69714],[77.21987,28.69321],[77.22046,28.69277],[77.22081,28.69214],[77.22004,28.69122],[77.21943,28.68926],[77.21787,28.68762],[77.21612,28.68608],[77.21648,28.68459],[77.21646,28.68412],[77.2156,28.68228],[77.21485,28.68159],[77.215,28.67996],[77.21385,28.67743],[77.21359,28.67729],[77.21209,28.67746],[77.21147,28.67733],[77.21102,28.67696],[77.21045,28.67582],[77.2104,28.67508],[77.21138,28.67478],[77.21186,28.67442],[77.21192,28.67418],[77.2112,28.67231],[77.21029,28.67107],[77.20996,28.66933],[77.20885,28.66667],[77.20587,28.66884],[77.20388,28.66917],[77.20315,28.66944],[77.20188,28.67119],[77.20043,28.67125],[77.2017,28.6725],[77.2017,28.675],[77.20254,28.67634],[77.20476,28.67753],[77.2078,28.67818],[77.20813,28.67867],[77.20843,28.68015],[77.20672,28.68229],[77.20626,28.68271],[77.20311,28.68449],[77.20331,28.68524],[77.20304,28.68578],[77.20393,28.68754],[77.20389,28.68781],[77.2035,28.688],[77.20259,28.68768],[77.20179,28.68877],[77.20601,28.69241],[77.20896,28.69698],[77.20912,28.69714]]]}},{"type":"Feature","bbox":[77.19516,28.68686,77.22105,28.71873],"properties":{"ward":13,"name":"Dhirpur 13"},"geometry":{"type":"Polygon","coordinates":[[[77.21756,28.71873],[77.21846,28.71738],[77.21978,28.71713],[77.21935,28.71626],[77.21936,28.71599],[77.2205,28.71587],[77.22105,28.71559],[77.2191,28.71119],[77.21868,28.71064],[77.21767,28.7079],[77.216,28.70582],[77.21435,28.70268],[77.21122,28.70022],[77.2094,28.69772],[77.20601,28.69241],[77.19982,28.68701],[77.19942,28.68686],[77.19826,28.6881],[77.19855,28.68866],[77.19858,28.68952],[77.20005,28.69067],[77.20115,28.69111],[77.20099,28.69256],[77.20171,28.69332],[77.20267,28.69513],[77.20296,28.69522],[77.20371,28.69497],[77.20403,28.69513],[77.20463,28.69853],[77.20429,28.69886],[77.19527,28.70228],[77.19516,28.70269],[77.19524,28.7052],[77.19555,28.70935],[77.19849,28.70832],[77.19962,28.70756],[77.19996,28.70749],[77.20017,28.70783],[77.20059,28.71312],[77.2008,28.71358],[77.20395,28.71362],[77.20413,28.71391],[77.20408,28.71501],[77.20446,28.71527],[77.20691,28.71548],[77.21156,28.71473],[77.21542,28.71529],[77.2156,28.71553],[77.21509,28.71646],[77.21501,28.71691],[77.21513,28.71777],[77.21538,28.71829],[77.21563,28.71845],[77.21756,28.71873]]]}},{"type":"Feature","bbox":[77.16742,28.70368,77.22221,28.7321],"properties":{"ward":14,"name":"Dhirpur 10"},"geometry":{"type":"Polygon","coordinates":[[[77.18312,28.7321],[77.20131,28.72765],[77.22174,28.72017],[77.22218,28.71987],[77.22221,28.7195],[77.22109,28.71673],[77.22035,28.7168],[77.21912,28.71733],[77.21853,28.71735],[77.21768,28.71867],[77.21704,28.71869],[77.21563,28.71845],[77.21526,28.71809],[77.21502,28.71666],[77.2156,28.71553],[77.21542,28.71529],[77.21156,28.71473],[77.20691,28.71548],[77.20446,28.71527],[77.20408,28.71501],[77.20413,28.71391],[77.20395,28.71362],[77.2008,28.71358],[77.20059,28.71312],[77.20017,28.70783],[77.19996,28.70749],[77.19962,28.70756],[77.19849,28.70832],[77.19586,28.70929],[77.18943,28.7107],[77.18826,28.71081],[77.18706,28.7111],[77.18636,28.71152],[77.18405,28.71162],[77.18349,28.71227],[77.18311,28.71234],[77.18264,28.71195],[77.18248,28.71137],[77.18104,28.71005],[77.17916,28.70908],[77.17844,28.70893],[77.17793,28.70856],[77.17787,28.70818],[77.17844,28.70716],[77.1778,28.70652],[77.17704,28.70674],[77.17668,28.70645],[77.17658,28.70578],[77.17713,28.70507],[77.17706,28.70486],[77.17672,28.70468],[77.17691,28.7041],[77.17655,28.70368],[77.16742,28.71372],[77.16798,28.71429],[77.16874,28.71474],[77.17002,28.71348],[77.17197,28.71475],[77.17608,28.71026],[77.17673,28.71074],[77.17693,28.71147],[77.17694,28.71214],[77.17654,28.71365],[77.17713,28.71478],[77.17789,28.71525],[77.17862,28.71477],[77.17956,28.71556],[77.18043,28.71489],[77.18065,28.71488],[77.18215,28.71781],[77.18312,28.7321]]]}},{"type":"Feature","bbox":[77.1616,28.71026,77.18312,28.73273],"properties":{"ward":15,"name":"Adarsh Nagar 10"},"geometry":{"type":"Polygon","coordinates":[[[77.18094,28.73273],[77.18312,28.7321],[77.18312,28.73176],[77.18216,28.71787],[77.18066,28.7149],[77.18043,28.71489],[77.17956,28.71556],[77.17862,28.71477],[77.17789,28.71525],[77.17713,28.71478],[77.17654,28.71365],[77.17694,28.71214],[77.17693,28.71147],[77.17673,28.71074],[77.17608,28.71026],[77.17197,28.71475],[77.17002,28.71348],[77.16874,28.71474],[77.16798,28.71429],[77.16742,28.71372],[77.1616,28.72012],[77.1652,28.72242],[77.16809,28.71937],[77.17161,28.72222],[77.17545,28.72351],[77.17545,28.72387],[77.1743,28.72531],[77.1753,28.72594],[77.17557,28.72629],[77.1755,28.72665],[77.17508,28.72707],[77.176,28.72772],[77.17555,28.72833],[77.175,28.72834],[77.17936,28.73108],[77.18042,28.73264],[77.18094,28.73273]]]}},{"type":"Feature","bbox":[77.15083,28.71938,77.176,28.73556],"properties":{"ward":16,"name":"Azadpur 16"},"geometry":{"type":"Polygon","coordinates":[[[77.15739,28.73556],[77.15799,28.7351],[77.15857,28.73402],[77.1594,28.73333],[77.16352,28.72782],[77.16663,28.72958],[77.16808,28.72741],[77.16974,28.72547],[77.17102,28.72604],[77.17153,28.72647],[77.17475,28.72823],[77.17555,28.72833],[77.176,28.72772],[77.17508,28.72707],[77.1755,28.72665],[77.17558,28.72632],[77.1753,28.72594],[77.1743,28.72534],[77.17515,28.72431],[77.17552,28.72356],[77.17161,28.72222],[77.16997,28.72102],[77.16813,28.71938],[77.16793,28.7194],[77.1652,28.72242],[77.1616,28.72012],[77.15473,28.72729],[77.15083,28.73161],[77.15683,28.73543],[77.15739,28.73556]]]}},{"type":"Feature","bbox":[77.16271,28.72548,77.17471,28.739],"properties":{"ward":17,"name":"Bhalswa 17"},"geometry":{"type":"Polygon","coordinates":[[[77.16596,28.739],[77.16808,28.73846],[77.16752,28.73771],[77.16761,28.73741],[77.17378,28.73531],[77.17471,28.7348],[77.17443,28.73413],[77.17157,28.73245],[77.17138,28.73215],[77.17447,28.72803],[77.16985,28.72548],[77.16945,28.72566],[77.16884,28.72665],[77.16713,28.7287],[77.16663,28.72958],[77.1692,28.73108],[77.1679,28.73292],[77.16641,28.73215],[77.16659,28.73181],[77.1671,28.73191],[77.16727,28.73156],[77.16668,28.73121],[77.16682,28.73079],[77.16596,28.73041],[77.16353,28.7337],[77.16291,28.73426],[77.16271,28.73469],[77.16279,28.7351],[77.16315,28.73528],[77.16315,28.73771],[77.16544,28.73771],[77.1658,28.73893],[77.16596,28.739]]]}},{"type":"Feature","bbox":[77.15192,28.72782,77.17231,28.75018],"properties":{"ward":18,"name":"Jahangir Puri 18"},"geometry":{"type":"Polygon","coordinates":[[[77.16989,28.7501],[77.17119,28.75018],[77.17139,28.74991],[77.17127,28.7472],[77.17093,28.74647],[77.16916,28.74416],[77.17209,28.74265],[77.17231,28.74242],[77.17225,28.74208],[77.17182,28.74157],[77.16808,28.73846],[77.16588,28.73899],[77.16544,28.73771],[77.16315,28.73771],[77.16315,28.73528],[77.1628,28.73511],[77.16269,28.73478],[77.16291,28.73426],[77.16353,28.7337],[77.16594,28.73042],[77.16682,28.73079],[77.16668,28.73121],[77.16727,28.73156],[77.1671,28.73191],[77.16659,28.73181],[77.16641,28.73215],[77.16778,28.73296],[77.1692,28.73108],[77.16584,28.72903],[77.16352,28.72782],[77.1594,28.73333],[77.15857,28.73402],[77.15799,28.7351],[77.15739,28.73556],[77.15683,28.73543],[77.15602,28.73632],[77.15507,28.73697],[77.15471,28.73755],[77.1525,28.74392],[77.15345,28.74426],[77.15192,28.74908],[77.15762,28.74909],[77.15777,28.74899],[77.15784,28.74827],[77.16012,28.74822],[77.16028,28.74834],[77.1603,28.74962],[77.16041,28.74975],[77.16954,28.74977],[77.16989,28.7501]]]}},{"type":"Feature","bbox":[77.13059,28.74392,77.17022,28.76644],"properties":{"ward":19,"name":"Sarup Nagar 19"},"geometry":{"type":"Polygon","coordinates":[[[77.15075,28.76644],[77.15261,28.76548],[77.15413,28.76423],[77.15497,28.7642],[77.15556,28.76298],[77.15592,28.76265],[77.15643,28.7627],[77.15752,28.76318],[77.15887,28.76264],[77.16317,28.76166],[77.16369,28.76129],[77.16512,28.76076],[77.16782,28.76062],[77.16943,28.76026],[77.16956,28.75867],[77.17006,28.7582],[77.17022,28.75628],[77.16931,28.75617],[77.1691,28.75586],[77.16938,28.75453],[77.16915,28.75346],[77.1692,28.7526],[77.16986,28.75216],[77.16996,28.75178],[77.16977,28.74987],[77.16041,28.74975],[77.1603,28.74962],[77.16028,28.74834],[77.16012,28.74822],[77.15784,28.74827],[77.15777,28.74899],[77.15762,28.74909],[77.15198,28.74913],[77.15345,28.74426],[77.1525,28.74392],[77.14942,28.75245],[77.14785,28.75204],[77.14735,28.75268],[77.14677,28.75407],[77.14055,28.75417],[77.14012,28.75439],[77.13828,28.75258],[77.13237,28.75679],[77.13059,28.75876],[77.13072,28.75915],[77.13233,28.76063],[77.13419,28.76271],[77.13693,28.76539],[77.13788,28.76605],[77.13848,28.76611],[77.13937,28.76596],[77.14037,28.7648],[77.14571,28.7637],[77.14616,28.76315],[77.1474,28.76316],[77.14785,28.76345],[77.14835,28.76539],[77.14988,28.76636],[77.15075,28.76644]]]}},{"type":"Feature","bbox":[77.12367,28.72824,77.15683,28.76826],"properties":{"ward":20,"name":"Samaypur Badli 20"},"geometry":{"type":"Polygon","coordinates":[[[77.134,28.76826],[77.13395,28.76692],[77.13428,28.76663],[77.14432,28.76655],[77.14494,28.76635],[77.14571,28.7637],[77.14037,28.7648],[77.13937,28.76596],[77.13848,28.76611],[77.13784,28.76603],[77.13693,28.76539],[77.13419,28.76271],[77.13233,28.76063],[77.13072,28.75915],[77.13059,28.75876],[77.13237,28.75679],[77.13828,28.75258],[77.14012,28.75439],[77.14055,28.75417],[77.14677,28.75407],[77.14735,28.75268],[77.14785,28.75204],[77.14942,28.75245],[77.15465,28.73768],[77.15507,28.73697],[77.15602,28.73632],[77.15683,28.73546],[77.14581,28.72824],[77.14545,28.72882],[77.14397,28.72913],[77.14048,28.73086],[77.1403,28.73177],[77.13983,28.73286],[77.13889,28.73379],[77.13907,28.73419],[77.14333,28.73815],[77.14363,28.73917],[77.14353,28.73955],[77.12367,28.7611],[77.12395,28.76128],[77.12601,28.76132],[77.12545,28.76353],[77.1269,28.76454],[77.12713,28.7657],[77.12899,28.7663],[77.13117,28.76733],[77.1329,28.76776],[77.134,28.76826]]]}},{"type":"Feature","bbox":[77.10871,28.72911,77.13164,28.74585],"properties":{"ward":21,"name":"Rohini-A 21"},"geometry":{"type":"Polygon","coordinates":[[[77.1196,28.74585],[77.12066,28.74506],[77.12163,28.74491],[77.12178,28.74425],[77.12275,28.74387],[77.12373,28.74407],[77.12454,28.7439],[77.12497,28.74436],[77.12521,28.74429],[77.1255,28.74381],[77.12577,28.74372],[77.1286,28.74422],[77.13164,28.73928],[77.13156,28.73901],[77.12272,28.72911],[77.11848,28.73189],[77.11416,28.73504],[77.11414,28.7352],[77.11486,28.73607],[77.11465,28.73642],[77.11199,28.73821],[77.11153,28.73821],[77.11122,28.73791],[77.11068,28.73814],[77.11002,28.73795],[77.10871,28.73929],[77.1114,28.73957],[77.11236,28.73951],[77.11381,28.74173],[77.11471,28.74259],[77.1153,28.74288],[77.11585,28.74343],[77.11639,28.74356],[77.11785,28.74435],[77.11916,28.74565],[77.1196,28.74585]]]}},{"type":"Feature","bbox":[77.07691,28.7115,77.127,28.73189],"properties":{"ward":23,"name":"Rithala 23"},"geometry":{"type":"Polygon","coordinates":[[[77.11848,28.73189],[77.127,28.72611],[77.12438,28.72298],[77.11635,28.71407],[77.10782,28.72005],[77.10625,28.71843],[77.10621,28.71796],[77.10377,28.7152],[77.10443,28.71422],[77.10482,28.71429],[77.10523,28.71394],[77.10308,28.7115],[77.10212,28.71199],[77.10314,28.71403],[77.10094,28.71508],[77.10052,28.71656],[77.10093,28.71753],[77.10066,28.71797],[77.1002,28.71818],[77.09926,28.71795],[77.09774,28.71803],[77.0967,28.71745],[77.09568,28.71711],[77.09545,28.7161],[77.09522,28.71611],[77.09441,28.71665],[77.09292,28.71637],[77.08678,28.71399],[77.08572,28.71343],[77.08224,28.71244],[77.07982,28.71299],[77.07726,28.71405],[77.07691,28.71436],[77.07693,28.71723],[77.07774,28.72042],[77.078,28.72088],[77.07842,28.72082],[77.08271,28.71784],[77.08309,28.71774],[77.08836,28.72356],[77.09001,28.72366],[77.0905,28.72356],[77.09087,28.72307],[77.09296,28.72302],[77.09362,28.72254],[77.09456,28.7225],[77.09481,28.72173],[77.09543,28.7209],[77.09612,28.72031],[77.09692,28.72032],[77.09833,28.72269],[77.09842,28.72497],[77.09881,28.72681],[77.10011,28.72607],[77.10531,28.7224],[77.10807,28.7206],[77.10832,28.72058],[77.11814,28.73158],[77.11848,28.73189]]]}},{"type":"Feature","bbox":[77.08814,28.69867,77.10315,28.71818],"properties":{"ward":24,"name":"Vijay Vihar 24"},"geometry":{"type":"Polygon","coordinates":[[[77.1002,28.71818],[77.10066,28.71797],[77.10093,28.71753],[77.10052,28.71656],[77.10094,28.71508],[77.10315,28.71401],[77.0994,28.7063],[77.09961,28.70599],[77.10147,28.70467],[77.09939,28.70227],[77.09695,28.69895],[77.0965,28.69867],[77.09473,28.69976],[77.09282,28.70048],[77.09027,28.70223],[77.08814,28.70344],[77.08866,28.70369],[77.09079,28.70623],[77.09404,28.71115],[77.09412,28.71241],[77.09324,28.7141],[77.09318,28.71454],[77.09334,28.71505],[77.09473,28.7165],[77.09522,28.71611],[77.09547,28.71611],[77.09559,28.71701],[77.09576,28.71717],[77.0967,28.71745],[77.09774,28.71803],[77.09926,28.71795],[77.1002,28.71818]]]}},{"type":"Feature","bbox":[77.0805,28.70344,77.09473,28.71665],"properties":{"ward":25,"name":"Budh Vihar 10"},"geometry":{"type":"Polygon","coordinates":[[[77.09441,28.71665],[77.09473,28.7165],[77.09334,28.71505],[77.09318,28.71449],[77.09326,28.71405],[77.09409,28.71256],[77.09404,28.71115],[77.09079,28.70623],[77.08855,28.70362],[77.08814,28.70344],[77.08538,28.70539],[77.08297,28.70757],[77.08106,28.70971],[77.0805,28.7128],[77.08206,28.71242],[77.0832,28.71265],[77.08572,28.71343],[77.08678,28.71399],[77.09233,28.71618],[77.09441,28.71665]]]}},{"type":"Feature","bbox":[77.04972,28.71951,77.09881,28.74714],"properties":{"ward":27,"name":"Begumpur 27"},"geometry":{"type":"Polygon","coordinates":[[[77.06305,28.74714],[77.06909,28.74392],[77.07465,28.74149],[77.08175,28.73863],[77.08218,28.73862],[77.08249,28.73911],[77.08334,28.73881],[77.08669,28.73528],[77.0878,28.73432],[77.09881,28.72681],[77.09842,28.72497],[77.09833,28.72269],[77.09713,28.7205],[77.09672,28.72027],[77.09599,28.72039],[77.09481,28.72173],[77.09456,28.7225],[77.09362,28.72254],[77.09296,28.72302],[77.09087,28.72307],[77.09029,28.72364],[77.08895,28.72368],[77.08824,28.72345],[77.08573,28.72066],[77.0856,28.72137],[77.08608,28.72213],[77.08601,28.72233],[77.08214,28.72498],[77.08223,28.72548],[77.08083,28.72644],[77.08062,28.72678],[77.07652,28.72961],[77.07411,28.72591],[77.06843,28.71951],[77.06318,28.72269],[77.05905,28.72463],[77.0572,28.72522],[77.05699,28.72565],[77.05704,28.72728],[77.05725,28.72748],[77.05801,28.72751],[77.0582,28.72767],[77.05828,28.73017],[77.05906,28.73056],[77.06008,28.73401],[77.06088,28.73427],[77.06122,28.73467],[77.06205,28.73479],[77.06222,28.73555],[77.06282,28.73637],[77.06236,28.73653],[77.05257,28.73671],[77.05241,28.73701],[77.05238,28.73929],[77.05005,28.73936],[77.04973,28.73956],[77.04972,28.74035],[77.05015,28.74276],[77.05044,28.7436],[77.05062,28.74369],[77.06283,28.74354],[77.06287,28.74701],[77.06305,28.74714]]]}},{"type":"Feature","bbox":[77.08249,28.72681,77.10871,28.74809],"properties":{"ward":28,"name":"Shahbaad Dairy 28"},"geometry":{"type":"Polygon","coordinates":[[[77.08827,28.74809],[77.09149,28.74707],[77.09479,28.74697],[77.09781,28.74583],[77.10408,28.74545],[77.10413,28.74196],[77.10864,28.73945],[77.10871,28.73929],[77.10523,28.73878],[77.10426,28.73843],[77.10205,28.73706],[77.10084,28.73588],[77.09948,28.73307],[77.0993,28.73183],[77.09952,28.72955],[77.09924,28.72782],[77.09881,28.72681],[77.0878,28.73432],[77.08669,28.73528],[77.08337,28.73879],[77.08249,28.73911],[77.08827,28.74809]]]}},{"type":"Feature","bbox":[77.01526,28.73857,77.1286,28.78432],"properties":{"ward":29,"name":"Pooth Khurd 29"},"geometry":{"type":"Polygon","coordinates":[[[77.06327,28.78432],[77.06682,28.78225],[77.06839,28.78115],[77.06953,28.78106],[77.07052,28.78056],[77.07227,28.77843],[77.07368,28.77701],[77.07405,28.77624],[77.07423,28.7748],[77.07489,28.77267],[77.0744,28.77135],[77.07565,28.77053],[77.07551,28.76972],[77.07561,28.76935],[77.07758,28.76835],[77.07864,28.76666],[77.07825,28.76443],[77.0777,28.7637],[77.07695,28.76214],[77.07766,28.76078],[77.07776,28.75968],[77.07792,28.75944],[77.07831,28.75939],[77.07888,28.75958],[77.08026,28.76077],[77.08146,28.7609],[77.0825,28.76208],[77.0828,28.76268],[77.0834,28.76303],[77.0852,28.76322],[77.08684,28.76368],[77.08796,28.76421],[77.08841,28.7641],[77.08876,28.76367],[77.09007,28.76296],[77.09036,28.76296],[77.09507,28.77073],[77.10161,28.76746],[77.10408,28.76582],[77.11117,28.75913],[77.1254,28.74808],[77.12701,28.74651],[77.1286,28.74422],[77.12577,28.74372],[77.1255,28.74381],[77.12521,28.74429],[77.12497,28.74436],[77.12454,28.7439],[77.12373,28.74407],[77.12275,28.74387],[77.12178,28.74425],[77.12163,28.74491],[77.12066,28.74506],[77.11975,28.74578],[77.11947,28.74585],[77.11785,28.74435],[77.11639,28.74356],[77.11585,28.74343],[77.1153,28.74288],[77.11471,28.74259],[77.11381,28.74173],[77.11236,28.73951],[77.1114,28.73957],[77.10871,28.73929],[77.10849,28.73962],[77.10413,28.74196],[77.10408,28.74545],[77.09781,28.74583],[77.09479,28.74697],[77.09149,28.74707],[77.08838,28.74815],[77.08316,28.74007],[77.08204,28.73857],[77.07143,28.74284],[77.06909,28.74392],[77.06305,28.74714],[77.06287,28.74701],[77.06283,28.74354],[77.05062,28.74369],[77.05044,28.7436],[77.0502,28.74289],[77.04721,28.74489],[77.04366,28.74632],[77.04136,28.747],[77.03907,28.74803],[77.03664,28.74849],[77.03494,28.74946],[77.03348,28.7496],[77.03163,28.75018],[77.0293,28.75018],[77.02803,28.7504],[77.02626,28.75075],[77.02524,28.75126],[77.02387,28.75165],[77.02284,28.75162],[77.02089,28.75231],[77.01885,28.75394],[77.0168,28.75507],[77.01626,28.75514],[77.01526,28.75482],[77.01628,28.76421],[77.01656,28.76894],[77.01681,28.77017],[77.01836,28.77348],[77.02076,28.7773],[77.02238,28.78056],[77.02242,28.7809],[77.02359,28.78275],[77.02391,28.78277],[77.0258,28.78163],[77.02996,28.78084],[77.03311,28.78085],[77.03515,28.78059],[77.0358,28.78027],[77.03783,28.77987],[77.03876,28.78002],[77.04391,28.77956],[77.04455,28.77867],[77.05726,28.77853],[77.06308,28.78419],[77.06327,28.78432]]]}},{"type":"Feature","bbox":[76.94208,28.74609,77.04391,28.84147],"properties":{"ward":31,"name":"Nangal Thakran 31"},"geometry":{"type":"Polygon","coordinates":[[[77.02022,28.84147],[77.0204,28.84123],[77.02086,28.8385],[77.02141,28.83634],[77.02225,28.83412],[77.02247,28.83312],[77.02509,28.82738],[77.02725,28.82405],[77.02941,28.82122],[77.03412,28.81619],[77.03363,28.81508],[77.03146,28.81272],[77.03119,28.81205],[77.0279,28.8094],[77.02688,28.80711],[77.02639,28.8066],[77.02619,28.80608],[77.02585,28.80592],[77.02566,28.80533],[77.02519,28.80462],[77.02434,28.80378],[77.02387,28.80287],[77.02371,28.80134],[77.02455,28.80077],[77.02472,28.8001],[77.02601,28.79988],[77.02598,28.79794],[77.02557,28.79584],[77.02679,28.79464],[77.02704,28.79357],[77.02675,28.79234],[77.02675,28.79153],[77.02705,28.7909],[77.02653,28.78983],[77.02556,28.78857],[77.02523,28.78715],[77.02539,28.78713],[77.02605,28.78773],[77.02862,28.79027],[77.02988,28.79314],[77.02994,28.79643],[77.03043,28.79721],[77.03095,28.79766],[77.0315,28.79783],[77.03294,28.79791],[77.03491,28.79759],[77.03517,28.79735],[77.03664,28.79412],[77.03898,28.79101],[77.03936,28.78971],[77.04366,28.78114],[77.04391,28.77956],[77.03876,28.78002],[77.03783,28.77987],[77.0358,28.78027],[77.03515,28.78059],[77.03311,28.78085],[77.02996,28.78084],[77.0258,28.78163],[77.02391,28.78277],[77.02355,28.78271],[77.02242,28.7809],[77.02238,28.78056],[77.02076,28.7773],[77.01836,28.77348],[77.01681,28.77017],[77.01656,28.76894],[77.01628,28.76421],[77.01526,28.75482],[77.01482,28.75236],[77.01269,28.74676],[77.01248,28.74637],[77.01227,28.7463],[77.00887,28.74757],[77.00658,28.74763],[77.0058,28.74743],[77.00529,28.74691],[77.00506,28.74637],[77.00465,28.74609],[77.00353,28.74615],[77.00188,28.74737],[76.99994,28.74855],[76.99539,28.75058],[76.99483,28.75109],[76.99482,28.7519],[76.9938,28.75266],[76.99371,28.75326],[76.9941,28.75427],[76.99342,28.75502],[76.99407,28.75651],[76.99442,28.75814],[76.99281,28.75908],[76.99163,28.75923],[76.99018,28.75976],[76.98766,28.76013],[76.98667,28.76056],[76.98545,28.76146],[76.98303,28.76154],[76.98284,28.76172],[76.98275,28.76246],[76.98235,28.76263],[76.98174,28.76261],[76.98147,28.76245],[76.98144,28.76126],[76.98106,28.76099],[76.96779,28.76119],[76.96677,28.76155],[76.96604,28.76373],[76.96379,28.7643],[76.95962,28.76504],[76.95735,28.76606],[76.95624,28.7668],[76.95561,28.76752],[76.95493,28.76964],[76.95357,28.77115],[76.95289,28.77219],[76.95175,28.77331],[76.95142,28.77401],[76.95,28.77513],[76.94975,28.77638],[76.94918,28.77689],[76.94942,28.77758],[76.94947,28.77937],[76.9499,28.78073],[76.94973,28.78177],[76.95,28.7833],[76.95087,28.78587],[76.95189,28.7877],[76.95318,28.78925],[76.95377,28.78973],[76.95387,28.79005],[76.95296,28.79119],[76.95036,28.79386],[76.94796,28.79573],[76.94709,28.79688],[76.9464,28.79749],[76.94407,28.79815],[76.94237,28.79816],[76.94208,28.7984],[76.94215,28.79891],[76.94265,28.80001],[76.94517,28.80393],[76.94584,28.80547],[76.94584,28.80618],[76.94543,28.80702],[76.94575,28.80828],[76.94577,28.81035],[76.94607,28.81115],[76.94705,28.81233],[76.94711,28.81331],[76.94811,28.81416],[76.94839,28.8151],[76.94891,28.81582],[76.94968,28.81612],[76.9503,28.81711],[76.95114,28.81798],[76.957,28.81637],[76.95807,28.81589],[76.95902,28.8152],[76.96166,28.81488],[76.96201,28.81557],[76.96264,28.81627],[76.96393,28.81887],[76.9647,28.81989],[76.96468,28.82103],[76.96399,28.82184],[76.96376,28.82264],[76.96475,28.82418],[76.96452,28.82494],[76.96473,28.8253],[76.96561,28.82585],[76.96571,28.82757],[76.96594,28.8277],[76.96646,28.82762],[76.96698,28.82818],[76.97086,28.8276],[76.97308,28.82671],[76.97389,28.82598],[76.97441,28.82519],[76.97548,28.82325],[76.97564,28.82261],[76.97709,28.82247],[76.98001,28.82143],[76.98031,28.82146],[76.98332,28.82494],[76.98425,28.82713],[76.98624,28.83107],[76.98649,28.83202],[76.98656,28.83316],[76.98696,28.83416],[76.98815,28.83477],[76.98908,28.83559],[76.99058,28.83777],[76.99112,28.83815],[76.99217,28.83835],[76.99366,28.83899],[76.99412,28.83924],[76.99442,28.83967],[76.99776,28.83847],[76.99924,28.83829],[77.00099,28.83874],[77.00407,28.83984],[77.00734,28.84061],[77.0153,28.84035],[77.01749,28.84058],[77.02022,28.84147]]]}},{"type":"Feature","bbox":[76.94444,28.69933,77.06282,28.76752],"properties":{"ward":32,"name":"Kanjhawala 32"},"geometry":{"type":"Polygon","coordinates":[[[76.95593,28.76713],[76.95735,28.76606],[76.95962,28.76504],[76.96379,28.7643],[76.96604,28.76373],[76.96677,28.76155],[76.96779,28.76119],[76.98106,28.76099],[76.98144,28.76126],[76.98147,28.76245],[76.98174,28.76261],[76.98235,28.76263],[76.98275,28.76246],[76.98284,28.76172],[76.98303,28.76154],[76.98545,28.76146],[76.98667,28.76056],[76.98766,28.76013],[76.99018,28.75976],[76.99163,28.75923],[76.99281,28.75908],[76.99442,28.75814],[76.99407,28.75651],[76.99342,28.75502],[76.9941,28.75427],[76.99371,28.75326],[76.9938,28.75266],[76.99482,28.7519],[76.99488,28.75097],[76.99611,28.75021],[76.99994,28.74855],[77.00188,28.74737],[77.00353,28.74615],[77.00465,28.74609],[77.00506,28.74637],[77.00529,28.74691],[77.0058,28.74743],[77.00658,28.74763],[77.00887,28.74757],[77.01198,28.74635],[77.01248,28.74637],[77.01478,28.75224],[77.01526,28.75482],[77.01637,28.75515],[77.0168,28.75507],[77.01885,28.75394],[77.02089,28.75231],[77.02284,28.75162],[77.02387,28.75165],[77.02524,28.75126],[77.02626,28.75075],[77.02803,28.7504],[77.0293,28.75018],[77.03163,28.75018],[77.03348,28.7496],[77.03475,28.74952],[77.03664,28.74849],[77.03907,28.74803],[77.04136,28.747],[77.04366,28.74632],[77.04721,28.74489],[77.0502,28.74289],[77.04972,28.74035],[77.04973,28.73956],[77.05005,28.73936],[77.05238,28.73929],[77.05241,28.73701],[77.05257,28.73671],[77.06236,28.73653],[77.06282,28.73637],[77.06222,28.73555],[77.06205,28.73479],[77.06122,28.73467],[77.06088,28.73427],[77.06008,28.73401],[77.05906,28.73056],[77.05828,28.73017],[77.0582,28.72767],[77.05801,28.72751],[77.05725,28.72748],[77.05704,28.72728],[77.05708,28.72532],[77.05905,28.72463],[77.05698,28.72222],[77.05582,28.72277],[77.05175,28.72553],[77.04737,28.72786],[77.05233,28.72668],[77.05253,28.72674],[77.04971,28.72997],[77.049,28.73122],[77.04884,28.73325],[77.04928,28.7369],[77.04319,28.73694],[77.04312,28.73829],[77.04228,28.73885],[77.04142,28.73843],[77.03751,28.73842],[77.03718,28.73823],[77.03503,28.73797],[77.03405,28.73836],[77.03378,28.73774],[77.03285,28.73842],[77.03269,28.73916],[77.03208,28.73889],[77.02918,28.73895],[77.02912,28.74066],[77.029,28.74079],[77.02786,28.74079],[77.02781,28.73959],[77.02764,28.7395],[77.02685,28.73955],[77.02553,28.74083],[77.02442,28.74086],[77.02424,28.74028],[77.02297,28.74027],[77.02293,28.73934],[77.02281,28.73925],[77.02163,28.73928],[77.02153,28.73984],[77.02042,28.73995],[77.02034,28.74028],[77.02013,28.74037],[77.01685,28.73465],[77.01631,28.73454],[77.01624,28.73381],[77.01403,28.73382],[77.01372,28.7333],[77.01063,28.73335],[77.01048,28.73223],[77.00982,28.73216],[77.00959,28.73171],[77.00871,28.73175],[77.00851,28.73281],[77.00474,28.73281],[77.00441,28.73239],[77.00435,28.73068],[77.00272,28.73062],[77.002,28.72915],[77.00195,28.72874],[77.00405,28.7251],[77.0046,28.72313],[77.0033,28.71363],[77.00219,28.7117],[77.00114,28.70703],[76.9988,28.70772],[76.9922,28.7107],[76.99184,28.71099],[76.99171,28.71163],[76.99085,28.71188],[76.99112,28.71306],[76.99005,28.71367],[76.98972,28.71413],[76.98948,28.71516],[76.98635,28.71649],[76.98482,28.7164],[76.98384,28.71701],[76.98222,28.71748],[76.98168,28.71703],[76.98058,28.71672],[76.97931,28.71593],[76.97773,28.7142],[76.97742,28.71363],[76.97729,28.71296],[76.97702,28.71273],[76.97401,28.70728],[76.97338,28.70512],[76.97171,28.70416],[76.96792,28.69969],[76.96781,28.69933],[76.96493,28.70102],[76.96213,28.70319],[76.95901,28.70528],[76.95718,28.70603],[76.95605,28.70697],[76.95128,28.70993],[76.94814,28.7126],[76.94923,28.71479],[76.95128,28.71797],[76.95299,28.72029],[76.95511,28.7225],[76.95775,28.72668],[76.95939,28.72895],[76.95966,28.72965],[76.95958,28.73111],[76.95974,28.73276],[76.95931,28.73401],[76.95845,28.73535],[76.95629,28.73721],[76.95598,28.738],[76.95604,28.73832],[76.95845,28.7426],[76.9584,28.74305],[76.95541,28.74609],[76.95184,28.74911],[76.95102,28.7496],[76.95035,28.75033],[76.945,28.75336],[76.9445,28.75375],[76.94444,28.75407],[76.94513,28.75614],[76.94615,28.75804],[76.95068,28.76339],[76.95146,28.76354],[76.95341,28.76559],[76.95561,28.76752],[76.95593,28.76713]]]}},{"type":"Feature","bbox":[76.99388,28.68875,77.05698,28.74083],"properties":{"ward":33,"name":"Rani Khera 33"},"geometry":{"type":"Polygon","coordinates":[[[77.02437,28.74083],[77.02557,28.74081],[77.02688,28.73953],[77.02764,28.7395],[77.02781,28.73959],[77.02786,28.74079],[77.02905,28.74078],[77.02918,28.73895],[77.03208,28.73889],[77.03269,28.73916],[77.03285,28.73842],[77.03378,28.73774],[77.03405,28.73836],[77.03503,28.73797],[77.03718,28.73823],[77.03751,28.73842],[77.04142,28.73843],[77.04228,28.73885],[77.04312,28.73829],[77.04319,28.73694],[77.04931,28.73688],[77.04884,28.73325],[77.049,28.73122],[77.04971,28.72997],[77.05253,28.72674],[77.05233,28.72668],[77.04737,28.72786],[77.05175,28.72553],[77.05582,28.72277],[77.05698,28.72222],[77.05633,28.72147],[77.0552,28.71964],[77.05281,28.71714],[77.04923,28.71534],[77.04879,28.71524],[77.04705,28.71643],[77.04528,28.71801],[77.04117,28.71934],[77.03877,28.71973],[77.03759,28.71964],[77.03519,28.71983],[77.03049,28.72067],[77.02913,28.72125],[77.0288,28.72114],[77.02886,28.72076],[77.0294,28.72061],[77.02951,28.71912],[77.03113,28.71895],[77.0315,28.71876],[77.03145,28.71781],[77.031,28.7178],[77.03084,28.71762],[77.03108,28.7164],[77.03107,28.71262],[77.03134,28.71244],[77.03262,28.71239],[77.03296,28.71197],[77.03285,28.70999],[77.03233,28.70963],[77.03182,28.70839],[77.03152,28.70803],[77.03168,28.7074],[77.03129,28.7056],[77.03126,28.70497],[77.03151,28.70455],[77.03128,28.70389],[77.03217,28.70305],[77.03316,28.70236],[77.03373,28.70215],[77.03423,28.70163],[77.03651,28.70046],[77.03747,28.69949],[77.03724,28.69829],[77.03602,28.69771],[77.03072,28.69772],[77.03036,28.69756],[77.03033,28.69663],[77.03083,28.69645],[77.03096,28.69624],[77.03102,28.69348],[77.03129,28.69331],[77.03217,28.69329],[77.03237,28.69308],[77.03222,28.69283],[77.0313,28.69285],[77.03106,28.69263],[77.031,28.69063],[77.0312,28.68875],[77.0101,28.69038],[76.99391,28.69186],[76.99388,28.69277],[76.99418,28.69344],[76.99473,28.6939],[76.99689,28.69513],[76.99848,28.69732],[77.00004,28.70125],[77.00017,28.70338],[77.00079,28.70564],[77.00071,28.70608],[77.00093,28.70701],[77.00117,28.70705],[77.00134,28.70745],[77.00219,28.7117],[77.0033,28.71363],[77.0046,28.72324],[77.00405,28.7251],[77.00195,28.72874],[77.002,28.72915],[77.00272,28.73062],[77.00435,28.73068],[77.00441,28.73239],[77.00474,28.73281],[77.00851,28.73281],[77.00871,28.73175],[77.00959,28.73171],[77.00982,28.73216],[77.01048,28.73223],[77.01063,28.73335],[77.01372,28.7333],[77.01403,28.73382],[77.01624,28.73381],[77.01631,28.73454],[77.01685,28.73465],[77.02001,28.74032],[77.02031,28.74031],[77.02042,28.73995],[77.02153,28.73984],[77.02163,28.73928],[77.02281,28.73925],[77.02293,28.73934],[77.02297,28.74027],[77.02424,28.74028],[77.02437,28.74083]]]}},{"type":"Feature","bbox":[76.96012,28.68183,77.06731,28.71747],"properties":{"ward":34,"name":"Nangloi 34"},"geometry":{"type":"Polygon","coordinates":[[[76.9822,28.71747],[76.98384,28.71701],[76.98482,28.7164],[76.98635,28.71649],[76.98948,28.71516],[76.98972,28.71413],[76.99005,28.71367],[76.99112,28.71306],[76.99085,28.71188],[76.99171,28.71163],[76.99184,28.71099],[76.9922,28.7107],[76.9988,28.70772],[77.00093,28.70701],[77.00071,28.70608],[77.00079,28.70564],[77.00017,28.70338],[77.00004,28.70125],[76.99848,28.69732],[76.99689,28.69513],[76.99473,28.6939],[76.99418,28.69344],[76.99388,28.69277],[76.99393,28.69185],[77.0101,28.69038],[77.02382,28.68942],[77.02532,28.68917],[77.03426,28.68851],[77.04108,28.6878],[77.04436,28.68764],[77.05023,28.68701],[77.06246,28.68607],[77.0624,28.68742],[77.06573,28.68744],[77.06636,28.68813],[77.0669,28.68797],[77.06719,28.68755],[77.06731,28.68557],[77.06275,28.6859],[77.0626,28.68537],[77.06315,28.68485],[77.06387,28.68334],[77.06383,28.68212],[77.05673,28.68213],[77.0564,28.68183],[77.05581,28.68185],[77.05555,28.68201],[77.05171,28.68214],[77.03037,28.68223],[77.00635,28.68425],[76.98803,28.68598],[76.97142,28.68714],[76.97096,28.6873],[76.96757,28.68764],[76.96219,28.68802],[76.96012,28.68839],[76.9621,28.69051],[76.96329,28.69216],[76.96341,28.69353],[76.96494,28.69604],[76.96659,28.69807],[76.96773,28.69894],[76.96792,28.69969],[76.97126,28.70368],[76.97174,28.70418],[76.97338,28.70512],[76.97401,28.70728],[76.97702,28.71273],[76.97729,28.71296],[76.97742,28.71363],[76.97773,28.7142],[76.97931,28.71593],[76.98013,28.7165],[76.98165,28.71702],[76.9822,28.71747]]]}},{"type":"Feature","bbox":[76.95349,28.64921,77.05284,28.68839],"properties":{"ward":35,"name":"Mundka 35"},"geometry":{"type":"Polygon","coordinates":[[[76.96047,28.68825],[76.96953,28.68745],[76.97142,28.68714],[76.98803,28.68598],[77.00635,28.68425],[77.03019,28.68223],[77.05284,28.68209],[77.05219,28.681],[77.05195,28.6796],[77.05121,28.67794],[77.05068,28.67576],[77.04931,28.6736],[77.04863,28.6728],[77.04817,28.67247],[77.0466,28.67244],[77.04639,28.67131],[77.04188,28.66908],[77.03812,28.66595],[77.03479,28.66354],[77.03439,28.66363],[77.03303,28.66466],[77.03079,28.66682],[77.02932,28.66793],[77.02618,28.66963],[77.02184,28.67154],[77.01868,28.67262],[77.01488,28.67309],[77.01188,28.67301],[77.00794,28.67364],[77.00735,28.67391],[77.00705,28.67361],[77.00662,28.67178],[77.00581,28.66955],[77.00474,28.66742],[77.00356,28.66616],[76.99969,28.65868],[76.99639,28.654],[76.99608,28.65378],[76.99561,28.65387],[76.99457,28.65519],[76.99311,28.65601],[76.9927,28.65607],[76.9906,28.6529],[76.99048,28.64921],[76.98524,28.64929],[76.98473,28.64944],[76.98382,28.65062],[76.98197,28.65199],[76.97991,28.65389],[76.97918,28.65465],[76.97831,28.65616],[76.97737,28.65698],[76.97678,28.65715],[76.97429,28.65706],[76.97312,28.65722],[76.97074,28.65793],[76.97035,28.6585],[76.9699,28.65878],[76.96863,28.65899],[76.9671,28.65956],[76.96496,28.66001],[76.96317,28.66063],[76.96174,28.66138],[76.95805,28.66463],[76.95599,28.66576],[76.95354,28.66743],[76.95349,28.66774],[76.9538,28.66891],[76.95494,28.67005],[76.95588,28.67292],[76.95602,28.67452],[76.95585,28.67557],[76.9559,28.67654],[76.95642,28.67835],[76.95652,28.68037],[76.95735,28.68372],[76.95783,28.68509],[76.95874,28.68638],[76.95934,28.6876],[76.96012,28.68839],[76.96047,28.68825]]]}},{"type":"Feature","bbox":[77.05154,28.68607,77.07133,28.70523],"properties":{"ward":37,"name":"Kirari 37"},"geometry":{"type":"Polygon","coordinates":[[[77.05733,28.70523],[77.0582,28.70462],[77.06077,28.70244],[77.05863,28.70006],[77.06074,28.69823],[77.06087,28.69653],[77.06126,28.69605],[77.06182,28.69656],[77.06232,28.69669],[77.06294,28.69785],[77.06335,28.69786],[77.06344,28.70024],[77.06419,28.70193],[77.06414,28.70225],[77.06572,28.70434],[77.06784,28.70317],[77.06587,28.70071],[77.06589,28.7005],[77.06909,28.69848],[77.07133,28.69764],[77.07051,28.69552],[77.07021,28.6951],[77.06977,28.69506],[77.06773,28.69568],[77.06744,28.69515],[77.06497,28.69226],[77.06288,28.69069],[77.06272,28.68997],[77.0631,28.68961],[77.0632,28.69013],[77.06368,28.69012],[77.06383,28.68998],[77.06396,28.68926],[77.06451,28.68892],[77.06456,28.68788],[77.06449,28.68744],[77.0624,28.68742],[77.06246,28.68607],[77.05154,28.68694],[77.05357,28.68879],[77.05584,28.69032],[77.05778,28.69231],[77.06013,28.69434],[77.05685,28.69722],[77.0529,28.69908],[77.05495,28.70187],[77.05561,28.70306],[77.05721,28.7051],[77.05733,28.70523]]]}},{"type":"Feature","bbox":[77.04539,28.68694,77.06013,28.69901],"properties":{"ward":38,"name":"Prem Nagar 38"},"geometry":{"type":"Polygon","coordinates":[[[77.05284,28.69901],[77.05685,28.69722],[77.06013,28.69434],[77.05778,28.69231],[77.05584,28.69032],[77.05357,28.68879],[77.05154,28.68694],[77.04701,28.68732],[77.04668,28.68934],[77.04564,28.69134],[77.04539,28.69231],[77.04545,28.69282],[77.04598,28.69346],[77.05148,28.69721],[77.05284,28.69901]]]}},{"type":"Feature","bbox":[77.03033,28.68732,77.04923,28.71241],"properties":{"ward":39,"name":"Mubarikpur 39"},"geometry":{"type":"Polygon","coordinates":[[[77.03374,28.71241],[77.03391,28.7123],[77.03394,28.71148],[77.03407,28.71136],[77.04013,28.71099],[77.04028,28.71076],[77.04029,28.70747],[77.04047,28.70713],[77.04342,28.70466],[77.0436,28.704],[77.04412,28.70311],[77.04577,28.7029],[77.04574,28.70059],[77.04866,28.69947],[77.04804,28.69816],[77.04923,28.69741],[77.0483,28.69584],[77.0488,28.69542],[77.04598,28.69346],[77.04544,28.69279],[77.04539,28.69231],[77.04564,28.69134],[77.04668,28.68934],[77.04701,28.68732],[77.0312,28.68875],[77.031,28.69063],[77.03106,28.69263],[77.0313,28.69285],[77.03222,28.69283],[77.03237,28.69308],[77.03217,28.69329],[77.03129,28.69331],[77.03102,28.69348],[77.03096,28.69624],[77.03083,28.69645],[77.03033,28.69663],[77.03036,28.69756],[77.03072,28.69772],[77.03602,28.69771],[77.03711,28.69818],[77.03743,28.69876],[77.03744,28.69958],[77.03651,28.70046],[77.03423,28.70163],[77.03373,28.70215],[77.03316,28.70236],[77.03217,28.70305],[77.03128,28.70389],[77.03151,28.70455],[77.03126,28.70497],[77.03129,28.7056],[77.03168,28.7074],[77.03152,28.70803],[77.03182,28.70839],[77.03233,28.70963],[77.03285,28.70999],[77.03296,28.71197],[77.03278,28.71233],[77.03374,28.71241]]]}},{"type":"Feature","bbox":[77.0288,28.69542,77.06127,28.72123],"properties":{"ward":40,"name":"Nithari 40"},"geometry":{"type":"Polygon","coordinates":[[[77.02887,28.72123],[77.03049,28.72067],[77.03379,28.72004],[77.03759,28.71964],[77.03877,28.71973],[77.041,28.71938],[77.04437,28.71838],[77.04543,28.71791],[77.04705,28.71643],[77.04879,28.71524],[77.05202,28.71667],[77.05281,28.71714],[77.05367,28.71794],[77.06127,28.71282],[77.06009,28.71074],[77.05968,28.71063],[77.05869,28.70972],[77.05848,28.70885],[77.05761,28.70882],[77.05768,28.70827],[77.0575,28.70771],[77.05733,28.70523],[77.05561,28.70306],[77.05495,28.70187],[77.05148,28.69721],[77.0488,28.69542],[77.0483,28.69584],[77.04923,28.69741],[77.04804,28.69816],[77.04866,28.69947],[77.04574,28.70059],[77.04577,28.7029],[77.04412,28.70311],[77.0436,28.704],[77.04342,28.70466],[77.04047,28.70713],[77.04029,28.70747],[77.04021,28.71091],[77.0399,28.71108],[77.03683,28.71113],[77.03407,28.71136],[77.03383,28.71239],[77.03278,28.71233],[77.03112,28.71255],[77.03099,28.71332],[77.03108,28.7164],[77.03084,28.71762],[77.031,28.7178],[77.03145,28.71781],[77.03154,28.71866],[77.03129,28.71892],[77.02951,28.71912],[77.0294,28.72061],[77.02892,28.72071],[77.0288,28.72089],[77.02887,28.72123]]]}},{"type":"Feature","bbox":[77.05733,28.69604,77.07235,28.71282],"properties":{"ward":41,"name":"Aman Vihar 41"},"geometry":{"type":"Polygon","coordinates":[[[77.06237,28.71206],[77.06322,28.71123],[77.07235,28.70508],[77.07121,28.70391],[77.07173,28.70347],[77.07175,28.70184],[77.07225,28.70141],[77.0716,28.69952],[77.07133,28.69764],[77.06909,28.69848],[77.06589,28.7005],[77.06587,28.70071],[77.06784,28.70317],[77.06582,28.70434],[77.0656,28.70428],[77.06414,28.70225],[77.06419,28.70193],[77.06344,28.70024],[77.06335,28.69786],[77.06294,28.69785],[77.06232,28.69669],[77.06177,28.69652],[77.06138,28.69604],[77.06087,28.69653],[77.06074,28.69823],[77.05866,28.69995],[77.05866,28.70024],[77.06077,28.70243],[77.05733,28.70523],[77.0575,28.70771],[77.05768,28.70827],[77.0576,28.70878],[77.05778,28.70889],[77.05848,28.70885],[77.05869,28.70972],[77.05968,28.71063],[77.06009,28.71074],[77.06127,28.71282],[77.06237,28.71206]]]}},{"type":"Feature","bbox":[77.07123,28.69662,77.09282,28.70508],"properties":{"ward":42,"name":"Mangol Puri 42"},"geometry":{"type":"Polygon","coordinates":[[[77.07235,28.70508],[77.07522,28.70362],[77.08814,28.70344],[77.09027,28.70223],[77.09282,28.70048],[77.09219,28.69967],[77.09163,28.69834],[77.09168,28.69662],[77.08445,28.69684],[77.08287,28.69794],[77.08404,28.69906],[77.08519,28.70054],[77.07667,28.70309],[77.07513,28.70286],[77.07526,28.70058],[77.07225,28.70141],[77.07179,28.70174],[77.07176,28.70334],[77.07123,28.7038],[77.07124,28.704],[77.07235,28.70508]]]}},{"type":"Feature","bbox":[77.06963,28.6849,77.0852,28.70298],"properties":{"ward":43,"name":"Sultanpuri-A 43"},"geometry":{"type":"Polygon","coordinates":[[[77.077,28.70298],[77.08365,28.70103],[77.08516,28.70056],[77.0852,28.70043],[77.08331,28.69827],[77.0821,28.69726],[77.07973,28.6966],[77.07935,28.69632],[77.07818,28.69193],[77.07812,28.6894],[77.07827,28.68905],[77.07944,28.68895],[77.07959,28.68875],[77.07752,28.68673],[77.0768,28.68639],[77.07672,28.68494],[77.07541,28.6849],[77.06963,28.68539],[77.07519,28.6996],[77.07539,28.70054],[77.07607,28.70079],[77.077,28.70298]]]}},{"type":"Feature","bbox":[77.06272,28.68539,77.07693,28.7031],"properties":{"ward":44,"name":"Sultanpuri-B 44"},"geometry":{"type":"Polygon","coordinates":[[[77.0766,28.7031],[77.07693,28.70299],[77.07614,28.70092],[77.076,28.70073],[77.07539,28.70054],[77.07519,28.6996],[77.06963,28.68539],[77.06731,28.68557],[77.06723,28.6874],[77.06699,28.6879],[77.06636,28.68813],[77.06573,28.68744],[77.06449,28.68744],[77.06451,28.68892],[77.06396,28.68926],[77.06387,28.6899],[77.06368,28.69012],[77.0632,28.69013],[77.06317,28.68965],[77.06297,28.68966],[77.06272,28.68997],[77.0628,28.69054],[77.06497,28.69226],[77.06744,28.69515],[77.06773,28.69568],[77.06977,28.69506],[77.07028,28.69517],[77.07129,28.69737],[77.0716,28.69952],[77.07225,28.70141],[77.07526,28.70058],[77.07512,28.70284],[77.0766,28.7031]]]}},{"type":"Feature","bbox":[77.06931,28.66999,77.08486,28.68539],"properties":{"ward":45,"name":"Jawalapuri 45"},"geometry":{"type":"Polygon","coordinates":[[[77.06963,28.68539],[77.07624,28.68488],[77.07646,28.68321],[77.07635,28.6815],[77.07652,28.68138],[77.08486,28.68039],[77.08392,28.67408],[77.0834,28.67391],[77.0803,28.67392],[77.07964,28.66999],[77.07222,28.67008],[77.07229,28.67192],[77.07219,28.67235],[77.07255,28.6725],[77.07288,28.67319],[77.07287,28.67541],[77.07141,28.67587],[77.07155,28.6775],[77.07126,28.67778],[77.07135,28.68196],[77.07085,28.68211],[77.07085,28.68265],[77.07063,28.68281],[77.07063,28.68437],[77.06931,28.68453],[77.06963,28.68539]]]}},{"type":"Feature","bbox":[77.0559,28.66501,77.07288,28.6859],"properties":{"ward":46,"name":"Nangloi Jat 46"},"geometry":{"type":"Polygon","coordinates":[[[77.06275,28.6859],[77.06963,28.68539],[77.06933,28.68447],[77.07063,28.68437],[77.07063,28.68281],[77.07085,28.68265],[77.07085,28.68211],[77.07135,28.68196],[77.07126,28.67778],[77.07155,28.6775],[77.07141,28.67587],[77.07286,28.67545],[77.07288,28.67319],[77.07255,28.6725],[77.07219,28.67235],[77.07229,28.67192],[77.07216,28.66882],[77.06149,28.66501],[77.06145,28.66733],[77.05968,28.66738],[77.05951,28.66809],[77.05697,28.66813],[77.0559,28.6685],[77.06102,28.67447],[77.06093,28.67475],[77.06017,28.67516],[77.05879,28.67562],[77.05874,28.67605],[77.05982,28.67626],[77.05998,28.67695],[77.0602,28.67714],[77.06184,28.67715],[77.06237,28.67757],[77.06302,28.67705],[77.06338,28.67709],[77.06612,28.67988],[77.06718,28.68122],[77.06751,28.68188],[77.06748,28.68207],[77.06729,28.68213],[77.06383,28.68212],[77.06387,28.68334],[77.06315,28.68485],[77.06258,28.68545],[77.06275,28.6859]]]}},{"type":"Feature","bbox":[77.05294,28.66051,77.0782,28.67008],"properties":{"ward":47,"name":"Nihal Vihar 47"},"geometry":{"type":"Polygon","coordinates":[[[77.07222,28.67008],[77.07801,28.66999],[77.0782,28.66853],[77.07802,28.66502],[77.07723,28.66508],[77.07643,28.66493],[77.07463,28.66381],[77.07341,28.66326],[77.07151,28.6635],[77.06869,28.66429],[77.067,28.66169],[77.06513,28.66051],[77.06272,28.66053],[77.06216,28.66131],[77.06166,28.66155],[77.05678,28.66163],[77.05633,28.66217],[77.05294,28.66459],[77.05343,28.66503],[77.0559,28.6685],[77.05697,28.66813],[77.05951,28.66809],[77.05968,28.66738],[77.06145,28.66733],[77.06142,28.66511],[77.06152,28.66501],[77.07204,28.66874],[77.0722,28.66889],[77.07222,28.67008]]]}},{"type":"Feature","bbox":[77.07624,28.65463,77.09527,28.68488],"properties":{"ward":48,"name":"Guru Harkishan Nagar 48"},"geometry":{"type":"Polygon","coordinates":[[[77.07624,28.68488],[77.09527,28.68322],[77.09116,28.65872],[77.09048,28.65701],[77.08906,28.65463],[77.0876,28.65488],[77.08319,28.65618],[77.08071,28.65619],[77.07951,28.66062],[77.07796,28.66384],[77.0782,28.66853],[77.07797,28.66991],[77.07969,28.67004],[77.0803,28.67392],[77.0834,28.67391],[77.08389,28.67403],[77.08488,28.68036],[77.08419,28.68056],[77.07639,28.68144],[77.07646,28.68321],[77.07624,28.68488]]]}},{"type":"Feature","bbox":[77.07672,28.68361,77.09173,28.69794],"properties":{"ward":49,"name":"Mangolpuri-A 49"},"geometry":{"type":"Polygon","coordinates":[[[77.08287,28.69794],[77.08426,28.69694],[77.08468,28.69678],[77.09173,28.69655],[77.09164,28.69238],[77.08686,28.69244],[77.0866,28.69228],[77.08667,28.68685],[77.08897,28.68679],[77.08895,28.68493],[77.09151,28.68481],[77.09149,28.68361],[77.08361,28.68419],[77.07741,28.68475],[77.07672,28.68494],[77.0768,28.68639],[77.07752,28.68673],[77.07959,28.68875],[77.07944,28.68895],[77.07827,28.68905],[77.07812,28.6894],[77.07818,28.69193],[77.07935,28.69632],[77.07973,28.6966],[77.08195,28.69717],[77.08287,28.69794]]]}},{"type":"Feature","bbox":[77.08661,28.68322,77.1057,28.70048],"properties":{"ward":50,"name":"Mangol Puri-B 50"},"geometry":{"type":"Polygon","coordinates":[[[77.09282,28.70048],[77.09494,28.69966],[77.096,28.69893],[77.09559,28.69808],[77.09552,28.69657],[77.09735,28.69655],[77.09733,28.69715],[77.09803,28.69719],[77.09845,28.69747],[77.0997,28.69639],[77.1014,28.69548],[77.10426,28.69465],[77.10534,28.69464],[77.1057,28.69438],[77.09965,28.69258],[77.09869,28.6921],[77.09756,28.69115],[77.09672,28.68999],[77.09629,28.68895],[77.09527,28.68322],[77.09149,28.68361],[77.09151,28.68481],[77.08895,28.68493],[77.08897,28.68679],[77.08667,28.68685],[77.08661,28.69235],[77.09168,28.69241],[77.09178,28.69633],[77.09157,28.69712],[77.09163,28.69834],[77.09219,28.69967],[77.09282,28.70048]]]}},{"type":"Feature","bbox":[77.0955,28.69438,77.11873,28.71199],"properties":{"ward":51,"name":"Rohini-C 51"},"geometry":{"type":"Polygon","coordinates":[[[77.10212,28.71199],[77.11779,28.70121],[77.1181,28.70089],[77.11873,28.69791],[77.11256,28.69635],[77.1057,28.69438],[77.10534,28.69464],[77.10426,28.69465],[77.1014,28.69548],[77.0997,28.69639],[77.09845,28.69747],[77.09803,28.69719],[77.09733,28.69715],[77.09731,28.69653],[77.0955,28.69659],[77.09559,28.69808],[77.0958,28.69868],[77.096,28.69893],[77.0965,28.69867],[77.0968,28.69878],[77.09939,28.70227],[77.10147,28.70467],[77.09961,28.70599],[77.0994,28.7063],[77.10212,28.71199]]]}},{"type":"Feature","bbox":[77.1099,28.70089,77.13098,28.72122],"properties":{"ward":52,"name":"Rohini-F 52"},"geometry":{"type":"Polygon","coordinates":[[[77.12278,28.72122],[77.13098,28.71544],[77.1181,28.70089],[77.11734,28.70157],[77.1099,28.70671],[77.12246,28.72089],[77.12278,28.72122]]]}},{"type":"Feature","bbox":[77.1181,28.69791,77.13996,28.72608],"properties":{"ward":53,"name":"Rohini-E 53"},"geometry":{"type":"Polygon","coordinates":[[[77.12705,28.72608],[77.13674,28.71932],[77.13767,28.71889],[77.13996,28.71842],[77.13915,28.71493],[77.13839,28.71275],[77.13714,28.71088],[77.13258,28.7055],[77.13011,28.70308],[77.12502,28.70007],[77.12197,28.69887],[77.11873,28.69791],[77.1181,28.70089],[77.13098,28.71544],[77.12278,28.72122],[77.12705,28.72608]]]}},{"type":"Feature","bbox":[77.11902,28.71842,77.14581,28.75761],"properties":{"ward":54,"name":"Rohini-D 54"},"geometry":{"type":"Polygon","coordinates":[[[77.12682,28.75761],[77.1436,28.73942],[77.14333,28.73815],[77.13887,28.73389],[77.13983,28.73286],[77.1403,28.73177],[77.14048,28.73086],[77.14397,28.72913],[77.14545,28.72882],[77.14581,28.72824],[77.14315,28.7261],[77.14162,28.72398],[77.14075,28.72187],[77.13996,28.71842],[77.13767,28.71889],[77.13674,28.71932],[77.12272,28.72911],[77.13156,28.73901],[77.13164,28.73928],[77.1286,28.74422],[77.12656,28.74701],[77.1254,28.74808],[77.11902,28.75306],[77.12156,28.75506],[77.12273,28.75478],[77.12331,28.75519],[77.12365,28.75518],[77.12646,28.75742],[77.12682,28.75761]]]}},{"type":"Feature","bbox":[77.1415,28.71332,77.16241,28.73161],"properties":{"ward":55,"name":"Shalimar Bagh-A 55"},"geometry":{"type":"Polygon","coordinates":[[[77.15083,28.73161],[77.15473,28.72729],[77.16025,28.72156],[77.15983,28.72118],[77.15943,28.72047],[77.16076,28.71978],[77.16016,28.71871],[77.16006,28.7181],[77.16014,28.7175],[77.16079,28.71673],[77.16061,28.7161],[77.16095,28.71595],[77.16105,28.71562],[77.16054,28.71448],[77.16191,28.71432],[77.16241,28.71412],[77.16231,28.71399],[77.16171,28.714],[77.16094,28.71369],[77.16058,28.71413],[77.16032,28.71419],[77.16028,28.71451],[77.15973,28.71437],[77.15971,28.71464],[77.15945,28.71493],[77.1589,28.71504],[77.15891,28.71576],[77.15792,28.71714],[77.15794,28.71747],[77.15663,28.71789],[77.15614,28.71736],[77.15635,28.71679],[77.15619,28.71618],[77.15591,28.71595],[77.15309,28.71441],[77.1527,28.7146],[77.15113,28.71448],[77.15062,28.71404],[77.15066,28.71363],[77.15006,28.71333],[77.14967,28.71332],[77.14935,28.71365],[77.149,28.71459],[77.14827,28.71459],[77.14808,28.71448],[77.14803,28.71418],[77.14761,28.71408],[77.14538,28.71747],[77.1415,28.7237],[77.14155,28.72385],[77.14315,28.7261],[77.14581,28.72824],[77.15083,28.73161]]]}},{"type":"Feature","bbox":[77.14769,28.69918,77.17349,28.72156],"properties":{"ward":56,"name":"Shalimar Bagh-B 56"},"geometry":{"type":"Polygon","coordinates":[[[77.16025,28.72156],[77.1733,28.70736],[77.17349,28.70698],[77.17142,28.70462],[77.17054,28.70408],[77.16681,28.7027],[77.16577,28.70217],[77.15814,28.69995],[77.15712,28.69918],[77.15054,28.7092],[77.14769,28.71403],[77.14808,28.71421],[77.14813,28.71454],[77.149,28.71459],[77.14935,28.71365],[77.1496,28.71334],[77.14993,28.71331],[77.15066,28.71363],[77.15062,28.71404],[77.15124,28.71453],[77.1527,28.7146],[77.15313,28.71442],[77.15616,28.71613],[77.15635,28.71679],[77.15614,28.71736],[77.15667,28.71789],[77.15794,28.71747],[77.15792,28.71714],[77.15891,28.71576],[77.1589,28.71504],[77.15945,28.71493],[77.15971,28.71464],[77.15973,28.71437],[77.16028,28.71451],[77.16032,28.71419],[77.16058,28.71413],[77.16094,28.71369],[77.16171,28.714],[77.16231,28.71399],[77.16241,28.71412],[77.16191,28.71432],[77.16054,28.71448],[77.16105,28.71562],[77.16095,28.71595],[77.16061,28.7161],[77.16079,28.71673],[77.16014,28.7175],[77.16006,28.7181],[77.16016,28.71871],[77.16076,28.71978],[77.15943,28.72047],[77.1601,28.72145],[77.16025,28.72156]]]}},{"type":"Feature","bbox":[77.13104,28.69286,77.15712,28.7237],"properties":{"ward":57,"name":"Pitam Pura 57"},"geometry":{"type":"Polygon","coordinates":[[[77.1415,28.7237],[77.14778,28.7139],[77.15054,28.7092],[77.15712,28.69918],[77.15402,28.69286],[77.14635,28.69535],[77.13951,28.69829],[77.1372,28.69961],[77.13104,28.70391],[77.13537,28.70868],[77.13814,28.71227],[77.13915,28.71493],[77.14075,28.72187],[77.1415,28.7237]]]}},{"type":"Feature","bbox":[77.09292,28.66864,77.13034,28.70072],"properties":{"ward":58,"name":"Saraswati Vihar 58"},"geometry":{"type":"Polygon","coordinates":[[[77.12626,28.70072],[77.12713,28.6996],[77.12967,28.69764],[77.13034,28.69479],[77.12885,28.69439],[77.12,28.69278],[77.1212,28.68741],[77.12121,28.6868],[77.1112,28.68825],[77.10269,28.68849],[77.10258,28.68549],[77.10198,28.68282],[77.10147,28.68261],[77.10139,28.67877],[77.10483,28.67831],[77.10485,28.67799],[77.10206,28.66864],[77.09822,28.6689],[77.09711,28.6691],[77.09292,28.66925],[77.09622,28.68862],[77.09672,28.68999],[77.09789,28.69147],[77.09887,28.69221],[77.10054,28.6929],[77.11256,28.69635],[77.12109,28.69858],[77.12443,28.69981],[77.12626,28.70072]]]}},{"type":"Feature","bbox":[77.08906,28.65462,77.11676,28.67831],"properties":{"ward":59,"name":"Paschim Vihar 59"},"geometry":{"type":"Polygon","coordinates":[[[77.10483,28.67831],[77.11388,28.6771],[77.11195,28.66561],[77.11227,28.66534],[77.11514,28.66492],[77.11527,28.66469],[77.11516,28.66353],[77.11598,28.66334],[77.11676,28.66338],[77.11647,28.66191],[77.11094,28.66062],[77.10883,28.66066],[77.10397,28.66113],[77.09909,28.66076],[77.09625,28.65866],[77.09324,28.65579],[77.09132,28.65483],[77.0902,28.65462],[77.08906,28.65463],[77.09048,28.65701],[77.09116,28.65872],[77.09292,28.66925],[77.09711,28.6691],[77.10203,28.66862],[77.10484,28.67791],[77.10483,28.67831]]]}},{"type":"Feature","bbox":[77.1014,28.67362,77.14161,28.69479],"properties":{"ward":60,"name":"Rani Bagh 60"},"geometry":{"type":"Polygon","coordinates":[[[77.1307,28.69348],[77.13081,28.69181],[77.13509,28.69025],[77.1354,28.68998],[77.13543,28.68967],[77.13531,28.68705],[77.13503,28.68694],[77.1343,28.68705],[77.13328,28.68746],[77.13291,28.68743],[77.13164,28.68511],[77.131,28.6847],[77.13063,28.68388],[77.13247,28.68361],[77.13282,28.6834],[77.13259,28.68041],[77.13277,28.68011],[77.13975,28.67929],[77.14161,28.67871],[77.14006,28.67362],[77.11666,28.67661],[77.11161,28.67746],[77.1014,28.67874],[77.10147,28.68261],[77.10198,28.68282],[77.1025,28.6851],[77.10274,28.68853],[77.1051,28.68834],[77.1112,28.68825],[77.12119,28.6868],[77.1212,28.68741],[77.12,28.69278],[77.12885,28.69439],[77.13034,28.69479],[77.1307,28.69348]]]}},{"type":"Feature","bbox":[77.12626,28.67871,77.14672,28.70391],"properties":{"ward":61,"name":"Kohat Enclave 61"},"geometry":{"type":"Polygon","coordinates":[[[77.13104,28.70391],[77.1372,28.69961],[77.13889,28.6986],[77.14672,28.69525],[77.14529,28.69167],[77.14458,28.68886],[77.14263,28.68925],[77.14274,28.68834],[77.14252,28.68703],[77.14266,28.68632],[77.1426,28.68538],[77.14156,28.68536],[77.14047,28.685],[77.1408,28.68471],[77.14016,28.68346],[77.14072,28.68302],[77.14038,28.68264],[77.1404,28.68236],[77.1412,28.68174],[77.14303,28.68135],[77.143,28.68089],[77.14216,28.67999],[77.14161,28.67871],[77.13975,28.67929],[77.13277,28.68011],[77.13259,28.68041],[77.13282,28.6834],[77.13247,28.68361],[77.13063,28.68388],[77.131,28.6847],[77.13164,28.68511],[77.13291,28.68743],[77.13328,28.68746],[77.1343,28.68705],[77.13503,28.68694],[77.13531,28.68705],[77.1354,28.68998],[77.13509,28.69025],[77.13081,28.69181],[77.1307,28.69348],[77.12967,28.69764],[77.12696,28.69974],[77.12626,28.70072],[77.12969,28.70278],[77.13104,28.70391]]]}},{"type":"Feature","bbox":[77.14006,28.67164,77.1548,28.69525],"properties":{"ward":62,"name":"Shakur Pur 62"},"geometry":{"type":"Polygon","coordinates":[[[77.14672,28.69525],[77.15402,28.69286],[77.1532,28.69039],[77.15338,28.69012],[77.1542,28.68997],[77.15441,28.68975],[77.154,28.68843],[77.15395,28.68667],[77.15472,28.68099],[77.1524,28.68073],[77.15071,28.68081],[77.1504,28.68011],[77.15025,28.67871],[77.15039,28.67781],[77.15164,28.67578],[77.1515,28.67538],[77.1548,28.67393],[77.15449,28.67314],[77.15429,28.67164],[77.14642,28.67284],[77.14006,28.67362],[77.14177,28.67915],[77.14216,28.67999],[77.143,28.68089],[77.14304,28.68122],[77.14294,28.68143],[77.1412,28.68174],[77.1404,28.68236],[77.14038,28.68264],[77.14072,28.68302],[77.14016,28.68346],[77.1408,28.68471],[77.14047,28.685],[77.14156,28.68536],[77.1426,28.68538],[77.14266,28.68632],[77.14252,28.68703],[77.14274,28.68834],[77.14263,28.68925],[77.14458,28.68886],[77.1456,28.69258],[77.14672,28.69525]]]}},{"type":"Feature","bbox":[77.15026,28.67118,77.16819,28.68369],"properties":{"ward":63,"name":"Tri Nagar 63"},"geometry":{"type":"Polygon","coordinates":[[[77.16465,28.68321],[77.16704,28.67794],[77.16819,28.67592],[77.16508,28.67395],[77.16352,28.67332],[77.15927,28.67208],[77.15774,28.67124],[77.15714,28.67118],[77.15429,28.67164],[77.15449,28.67314],[77.1548,28.67393],[77.1515,28.67538],[77.15164,28.67578],[77.15039,28.67781],[77.15026,28.6793],[77.15067,28.68078],[77.1542,28.68087],[77.15471,28.68096],[77.15461,28.68138],[77.15544,28.68135],[77.15696,28.68071],[77.15842,28.67969],[77.15918,28.67938],[77.15997,28.67966],[77.16035,28.67999],[77.16033,28.68025],[77.15984,28.68095],[77.16052,28.68187],[77.1643,28.68369],[77.16465,28.68321]]]}},{"type":"Feature","bbox":[77.15321,28.67941,77.17234,28.7027],"properties":{"ward":64,"name":"Keshavpuram 64"},"geometry":{"type":"Polygon","coordinates":[[[77.16681,28.7027],[77.16913,28.69785],[77.16986,28.69684],[77.17234,28.69447],[77.17231,28.69428],[77.17104,28.69322],[77.17211,28.6922],[77.17208,28.69057],[77.17091,28.68981],[77.17032,28.69057],[77.16865,28.69057],[77.16756,28.69024],[77.16869,28.68764],[77.16615,28.68667],[77.16592,28.68668],[77.1649,28.68877],[77.16435,28.68859],[77.16445,28.68821],[77.16428,28.68807],[77.16343,28.6878],[77.1631,28.68817],[77.16231,28.68785],[77.1643,28.68369],[77.16045,28.68182],[77.15984,28.68095],[77.16037,28.68012],[77.15997,28.67966],[77.15893,28.67941],[77.15765,28.68032],[77.15598,28.68119],[77.15461,28.68138],[77.15395,28.68667],[77.154,28.68843],[77.15441,28.68975],[77.1542,28.68997],[77.15338,28.69012],[77.15321,28.69052],[77.15414,28.69314],[77.15682,28.69876],[77.15741,28.69947],[77.15814,28.69995],[77.16396,28.70158],[77.16577,28.70217],[77.16681,28.7027]]]}},{"type":"Feature","bbox":[77.16231,28.68369,77.18231,28.70698],"properties":{"ward":65,"name":"Ashok Vihar 65"},"geometry":{"type":"Polygon","coordinates":[[[77.17349,28.70698],[77.17688,28.70328],[77.18157,28.69842],[77.18231,28.69703],[77.18045,28.69647],[77.17392,28.68722],[77.1679,28.68489],[77.1643,28.68369],[77.16231,28.68785],[77.1631,28.68817],[77.16343,28.6878],[77.16428,28.68807],[77.16445,28.68821],[77.16435,28.68859],[77.1649,28.68877],[77.16592,28.68668],[77.16615,28.68667],[77.16869,28.68764],[77.16756,28.69024],[77.16865,28.69057],[77.17032,28.69057],[77.17091,28.68981],[77.17208,28.69057],[77.17211,28.6922],[77.17104,28.69322],[77.17231,28.69428],[77.17234,28.69447],[77.16986,28.69684],[77.16913,28.69785],[77.16681,28.7027],[77.17118,28.70442],[77.17301,28.70654],[77.17349,28.70698]]]}},{"type":"Feature","bbox":[77.1643,28.67592,77.18972,28.69703],"properties":{"ward":66,"name":"Wazir Pur 66"},"geometry":{"type":"Polygon","coordinates":[[[77.18231,28.69703],[77.18814,28.68537],[77.18874,28.68456],[77.18972,28.68212],[77.18376,28.68018],[77.18285,28.67976],[77.17782,28.67837],[77.17627,28.67774],[77.172,28.67731],[77.16819,28.67592],[77.16704,28.67794],[77.16477,28.68301],[77.1643,28.68369],[77.1679,28.68489],[77.17392,28.68722],[77.18045,28.69647],[77.18231,28.69703]]]}},{"type":"Feature","bbox":[77.17655,28.68456,77.19237,28.70712],"properties":{"ward":67,"name":"Sangam Park 67"},"geometry":{"type":"Polygon","coordinates":[[[77.17854,28.70712],[77.1832,28.70124],[77.18596,28.69809],[77.19215,28.69049],[77.19211,28.69013],[77.19237,28.6895],[77.19198,28.68901],[77.19135,28.6887],[77.19107,28.68823],[77.18948,28.68905],[77.1892,28.68876],[77.18786,28.68887],[77.18807,28.68812],[77.1881,28.68712],[77.18834,28.68685],[77.18809,28.68648],[77.18874,28.68509],[77.18874,28.68456],[77.18814,28.68537],[77.1817,28.69825],[77.17655,28.70368],[77.17691,28.7041],[77.17672,28.70468],[77.17706,28.70486],[77.17713,28.70507],[77.17658,28.70578],[77.17668,28.70645],[77.17704,28.70674],[77.1778,28.70652],[77.17854,28.70712]]]}},{"type":"Feature","bbox":[77.17787,28.68441,77.2046,28.71234],"properties":{"ward":68,"name":"Model Town 68"},"geometry":{"type":"Polygon","coordinates":[[[77.18337,28.71234],[77.18405,28.71162],[77.18636,28.71152],[77.18706,28.7111],[77.18826,28.71081],[77.18943,28.7107],[77.19555,28.70935],[77.19524,28.7052],[77.19516,28.70269],[77.19527,28.70228],[77.20429,28.69886],[77.2046,28.69861],[77.20403,28.69513],[77.20371,28.69497],[77.20296,28.69522],[77.20267,28.69513],[77.20171,28.69332],[77.20099,28.69256],[77.20115,28.69111],[77.20005,28.69067],[77.19858,28.68952],[77.19855,28.68866],[77.19826,28.6881],[77.19942,28.68686],[77.19643,28.68441],[77.19364,28.6881],[77.19211,28.69057],[77.1832,28.70124],[77.1787,28.70703],[77.17844,28.70716],[77.17787,28.70818],[77.17793,28.70856],[77.17844,28.70893],[77.17916,28.70908],[77.18104,28.71005],[77.18248,28.71137],[77.18272,28.71205],[77.18311,28.71234],[77.18337,28.71234]]]}},{"type":"Feature","bbox":[77.18285,28.66845,77.20847,28.69041],"properties":{"ward":69,"name":"Kamla Nagar 69"},"geometry":{"type":"Polygon","coordinates":[[[77.19215,28.69041],[77.19364,28.6881],[77.19634,28.68441],[77.19692,28.68475],[77.19918,28.68676],[77.19982,28.68701],[77.20179,28.68877],[77.20259,28.68768],[77.20341,28.68798],[77.20377,28.68791],[77.20393,28.68754],[77.20304,28.68578],[77.20331,28.68524],[77.20311,28.68449],[77.2064,28.68261],[77.20827,28.68042],[77.20847,28.67997],[77.20801,28.67838],[77.20765,28.67814],[77.20476,28.67753],[77.20254,28.67634],[77.2017,28.675],[77.2017,28.6725],[77.20043,28.67125],[77.20025,28.67053],[77.19962,28.66961],[77.19911,28.66922],[77.19871,28.66928],[77.19745,28.67006],[77.19717,28.66996],[77.19674,28.66947],[77.19639,28.66945],[77.19571,28.66972],[77.19563,28.6702],[77.19545,28.67038],[77.19321,28.67104],[77.19411,28.67294],[77.1941,28.6733],[77.19383,28.67372],[77.19221,28.67442],[77.18906,28.67544],[77.18876,28.67529],[77.18766,28.67361],[77.18759,28.67331],[77.18785,28.67251],[77.18751,28.67116],[77.19123,28.66979],[77.19145,28.66959],[77.19159,28.66913],[77.19222,28.66887],[77.19221,28.66845],[77.18665,28.66965],[77.18344,28.66975],[77.1842,28.67107],[77.18719,28.67338],[77.18737,28.67381],[77.18714,28.67424],[77.18645,28.67461],[77.18613,28.67499],[77.1854,28.67694],[77.1839,28.67919],[77.1832,28.67945],[77.18285,28.67976],[77.18376,28.68018],[77.18972,28.68212],[77.18874,28.68429],[77.18874,28.68509],[77.18809,28.68648],[77.18834,28.68685],[77.1881,28.68712],[77.18807,28.68812],[77.18785,28.68885],[77.1892,28.68876],[77.18948,28.68905],[77.19107,28.68823],[77.19135,28.6887],[77.19198,28.68901],[77.19237,28.6895],[77.19211,28.69013],[77.19215,28.69041]]]}},{"type":"Feature","bbox":[77.16557,28.65736,77.20511,28.6727],"properties":{"ward":71,"name":"Kishan Ganj 71"},"geometry":{"type":"Polygon","coordinates":[[[77.17033,28.6727],[77.17141,28.67247],[77.1742,28.67142],[77.17614,28.67104],[77.1762,28.67065],[77.17595,28.66979],[77.1752,28.6696],[77.17548,28.6688],[77.17756,28.66857],[77.18148,28.66696],[77.18249,28.66795],[77.18344,28.66975],[77.18642,28.66967],[77.19345,28.66815],[77.19725,28.66714],[77.19757,28.66678],[77.19795,28.66665],[77.20244,28.66556],[77.20436,28.66524],[77.20511,28.66491],[77.2047,28.66255],[77.19887,28.66267],[77.19777,28.66254],[77.19619,28.66183],[77.19428,28.66136],[77.19033,28.66147],[77.18543,28.66262],[77.18096,28.66428],[77.18063,28.66398],[77.18058,28.66311],[77.18122,28.66058],[77.18085,28.6602],[77.17986,28.65999],[77.17958,28.65872],[77.17827,28.65856],[77.17788,28.65916],[77.1773,28.65918],[77.17713,28.65888],[77.17711,28.65763],[77.17696,28.65743],[77.1766,28.65736],[77.176,28.6574],[77.17522,28.65773],[77.17337,28.65812],[77.17272,28.65868],[77.16899,28.65983],[77.16915,28.66087],[77.1702,28.66267],[77.16965,28.66357],[77.16989,28.66506],[77.16918,28.66625],[77.16669,28.66532],[77.1675,28.66738],[77.16948,28.6666],[77.17244,28.66693],[77.16557,28.66959],[77.16634,28.67064],[77.16865,28.67203],[77.16976,28.67258],[77.17033,28.6727]]]}},{"type":"Feature","bbox":[77.19221,28.65694,77.2173,28.67126],"properties":{"ward":72,"name":"Sadar Bazar 72"},"geometry":{"type":"Polygon","coordinates":[[[77.20148,28.67126],[77.20217,28.67095],[77.20315,28.66944],[77.20388,28.66917],[77.20587,28.66884],[77.20885,28.66667],[77.20828,28.66468],[77.20847,28.66424],[77.21185,28.66314],[77.2122,28.66336],[77.21207,28.66407],[77.21241,28.66421],[77.21288,28.66378],[77.21323,28.66313],[77.21554,28.66301],[77.21594,28.66279],[77.21661,28.66153],[77.21678,28.65902],[77.2173,28.65767],[77.21522,28.65776],[77.21287,28.65835],[77.21261,28.65816],[77.21225,28.65705],[77.21194,28.65694],[77.20948,28.65793],[77.20813,28.65863],[77.20833,28.65955],[77.20816,28.6598],[77.20428,28.66096],[77.20494,28.6616],[77.20528,28.66229],[77.20518,28.66249],[77.2047,28.66255],[77.20506,28.66498],[77.20409,28.66531],[77.20244,28.66556],[77.19795,28.66665],[77.19757,28.66678],[77.19725,28.66714],[77.19221,28.66845],[77.19234,28.66923],[77.19321,28.67104],[77.19545,28.67038],[77.19563,28.6702],[77.19571,28.66972],[77.19639,28.66945],[77.19674,28.66947],[77.19717,28.66996],[77.19745,28.67006],[77.19901,28.66921],[77.1998,28.66985],[77.20033,28.67069],[77.20043,28.67125],[77.20148,28.67126]]]}},{"type":"Feature","bbox":[77.20828,28.66192,77.24111,28.70413],"properties":{"ward":73,"name":"Civil Lines 73"},"geometry":{"type":"Polygon","coordinates":[[[77.22925,28.70413],[77.23097,28.70413],[77.23052,28.6949],[77.23068,28.69217],[77.23068,28.68621],[77.23296,28.67743],[77.23409,28.67395],[77.23517,28.67119],[77.23589,28.66871],[77.2381,28.66602],[77.24025,28.66391],[77.24111,28.66359],[77.24102,28.66342],[77.24045,28.66264],[77.23929,28.66225],[77.23879,28.66192],[77.2361,28.66332],[77.23468,28.66461],[77.23404,28.66534],[77.23345,28.66646],[77.23303,28.66672],[77.23242,28.66773],[77.23184,28.6695],[77.23149,28.66998],[77.22913,28.66942],[77.22703,28.66864],[77.21953,28.66684],[77.21951,28.6665],[77.21976,28.66608],[77.21963,28.66567],[77.21839,28.66481],[77.21797,28.66361],[77.21594,28.66425],[77.21563,28.6638],[77.21554,28.66301],[77.21342,28.66309],[77.21309,28.66325],[77.21264,28.66408],[77.21229,28.66421],[77.21204,28.66397],[77.21217,28.66327],[77.21185,28.66314],[77.20847,28.66424],[77.20828,28.66454],[77.20834,28.66499],[77.20885,28.66667],[77.20996,28.66933],[77.21021,28.67088],[77.21061,28.67163],[77.2112,28.67231],[77.21192,28.67418],[77.21186,28.67442],[77.21138,28.67478],[77.21035,28.67517],[77.21045,28.67582],[77.21092,28.67679],[77.21122,28.67717],[77.21176,28.67743],[77.21359,28.67729],[77.21385,28.67743],[77.215,28.67996],[77.21485,28.68159],[77.2156,28.68228],[77.21646,28.68412],[77.21648,28.68459],[77.21612,28.68608],[77.21787,28.68762],[77.21943,28.68926],[77.22004,28.69122],[77.22045,28.69183],[77.22075,28.69209],[77.22186,28.69251],[77.22217,28.69283],[77.223,28.69548],[77.22356,28.69619],[77.22512,28.70057],[77.22682,28.70194],[77.2275,28.70229],[77.2278,28.70359],[77.22925,28.70413]]]}},{"type":"Feature","bbox":[77.21554,28.64981,77.26323,28.66998],"properties":{"ward":74,"name":"Chandni Chowk 74"},"geometry":{"type":"Polygon","coordinates":[[[77.23153,28.66998],[77.23184,28.6695],[77.23242,28.66773],[77.23303,28.66672],[77.23345,28.66646],[77.23404,28.66534],[77.23468,28.66461],[77.23637,28.66315],[77.23879,28.66192],[77.23929,28.66225],[77.24045,28.66264],[77.24111,28.66359],[77.24227,28.66316],[77.24676,28.66273],[77.25521,28.65996],[77.25758,28.65838],[77.26115,28.65519],[77.26269,28.65286],[77.26323,28.65153],[77.26201,28.65125],[77.26001,28.65137],[77.24522,28.6511],[77.24503,28.65102],[77.24486,28.65054],[77.24427,28.65032],[77.24299,28.6502],[77.24071,28.65028],[77.23898,28.64981],[77.23636,28.65338],[77.23655,28.65586],[77.23487,28.65597],[77.2347,28.65584],[77.23465,28.6532],[77.23332,28.65267],[77.2333,28.65159],[77.23254,28.65151],[77.23227,28.65129],[77.23247,28.65065],[77.23069,28.65057],[77.23112,28.65163],[77.2311,28.65247],[77.23071,28.65261],[77.22959,28.65218],[77.22918,28.65232],[77.22748,28.65492],[77.22744,28.65606],[77.22726,28.65635],[77.22358,28.65661],[77.2235,28.65698],[77.22322,28.65717],[77.22089,28.65708],[77.22074,28.65695],[77.21963,28.65702],[77.21886,28.65684],[77.21829,28.6571],[77.21782,28.65761],[77.2173,28.65767],[77.21678,28.65902],[77.21661,28.66153],[77.216,28.66271],[77.21554,28.66301],[77.21555,28.66354],[77.21585,28.66422],[77.21651,28.66413],[77.21797,28.66361],[77.21839,28.66481],[77.21963,28.66567],[77.21976,28.66608],[77.21951,28.6665],[77.21953,28.66684],[77.22703,28.66864],[77.22913,28.66942],[77.23153,28.66998]]]}},{"type":"Feature","bbox":[77.23227,28.64247,77.24041,28.65588],"properties":{"ward":75,"name":"Jama Masjid 75"},"geometry":{"type":"Polygon","coordinates":[[[77.2347,28.65588],[77.23655,28.65586],[77.23636,28.65338],[77.24017,28.64818],[77.24041,28.64247],[77.23792,28.64344],[77.23402,28.64672],[77.23351,28.64762],[77.23344,28.64949],[77.23312,28.64968],[77.23246,28.64965],[77.23247,28.65065],[77.23227,28.65129],[77.23254,28.65151],[77.2333,28.65159],[77.23335,28.65269],[77.23467,28.65323],[77.2347,28.65588]]]}},{"type":"Feature","bbox":[77.22575,28.63663,77.24085,28.64672],"properties":{"ward":76,"name":"Chandani Mahal 76"},"geometry":{"type":"Polygon","coordinates":[[[77.23402,28.64672],[77.23792,28.64344],[77.24041,28.64247],[77.24085,28.64006],[77.23905,28.63992],[77.23173,28.64037],[77.23148,28.64023],[77.231,28.63663],[77.22838,28.63679],[77.22865,28.6369],[77.2299,28.63856],[77.22575,28.64086],[77.22679,28.64242],[77.22728,28.64249],[77.23112,28.64048],[77.23165,28.64054],[77.23248,28.64196],[77.23233,28.64214],[77.23022,28.64277],[77.23012,28.64449],[77.23024,28.64517],[77.23077,28.64549],[77.23127,28.64539],[77.23181,28.6439],[77.23226,28.64408],[77.23279,28.644],[77.23343,28.64458],[77.23397,28.64601],[77.23402,28.64672]]]}},{"type":"Feature","bbox":[77.22148,28.6439,77.23402,28.6513],"properties":{"ward":78,"name":"Bazar Sita Ram 78"},"geometry":{"type":"Polygon","coordinates":[[[77.22316,28.6513],[77.22382,28.65108],[77.22426,28.6513],[77.22454,28.65125],[77.22662,28.6493],[77.2269,28.64923],[77.23069,28.65057],[77.23247,28.65065],[77.23246,28.64965],[77.23328,28.64965],[77.23353,28.64929],[77.23351,28.64762],[77.23402,28.64672],[77.23397,28.64601],[77.23341,28.64455],[77.23298,28.6443],[77.23279,28.644],[77.23226,28.64408],[77.23181,28.6439],[77.23123,28.64557],[77.22681,28.64908],[77.22614,28.64891],[77.22507,28.64715],[77.22423,28.64643],[77.22338,28.64642],[77.22227,28.64809],[77.22199,28.649],[77.22148,28.64983],[77.2216,28.65001],[77.22238,28.65008],[77.22268,28.65114],[77.22316,28.6513]]]}},{"type":"Feature","bbox":[77.21635,28.64436,77.23116,28.65703],"properties":{"ward":79,"name":"Ballimaran 79"},"geometry":{"type":"Polygon","coordinates":[[[77.22,28.65681],[77.22054,28.65594],[77.22074,28.65593],[77.22087,28.65547],[77.22132,28.65503],[77.222,28.65556],[77.22312,28.65607],[77.22328,28.65658],[77.22726,28.65635],[77.22744,28.65606],[77.22748,28.65492],[77.22918,28.65232],[77.22959,28.65218],[77.23084,28.65261],[77.23116,28.65233],[77.23116,28.65187],[77.23069,28.65057],[77.2269,28.64923],[77.22662,28.6493],[77.22454,28.65125],[77.22426,28.6513],[77.22382,28.65108],[77.22282,28.65127],[77.22238,28.65008],[77.2216,28.65001],[77.22148,28.64983],[77.22199,28.649],[77.22227,28.64809],[77.22336,28.64652],[77.22353,28.64523],[77.22315,28.64501],[77.21863,28.64436],[77.21859,28.64769],[77.21843,28.64905],[77.21811,28.65022],[77.21761,28.65114],[77.21722,28.65303],[77.21692,28.6534],[77.21635,28.65622],[77.21655,28.65675],[77.21762,28.65691],[77.21781,28.6565],[77.21832,28.65646],[77.21847,28.65517],[77.21894,28.65509],[77.21905,28.65556],[77.21886,28.65684],[77.22001,28.65703],[77.22,28.65681]]]}},{"type":"Feature","bbox":[77.20417,28.64427,77.21863,28.65515],"properties":{"ward":80,"name":"Ram Nagar 80"},"geometry":{"type":"Polygon","coordinates":[[[77.20532,28.65515],[77.20632,28.65476],[77.20775,28.65378],[77.21182,28.65358],[77.21613,28.65384],[77.21662,28.65399],[77.21674,28.6543],[77.21698,28.65321],[77.21722,28.65303],[77.21761,28.65114],[77.21811,28.65022],[77.21843,28.64905],[77.21859,28.64769],[77.21863,28.64436],[77.21811,28.64427],[77.21788,28.64535],[77.21761,28.64557],[77.21385,28.64611],[77.21269,28.64693],[77.21022,28.64723],[77.21006,28.65005],[77.20982,28.65026],[77.20872,28.65046],[77.2088,28.65147],[77.20863,28.65181],[77.20732,28.65218],[77.20653,28.65215],[77.20619,28.65194],[77.20543,28.651],[77.20511,28.65097],[77.20417,28.65512],[77.20532,28.65515]]]}},{"type":"Feature","bbox":[77.1969,28.63627,77.2184,28.65341],"properties":{"ward":82,"name":"Pahar Ganj 82"},"geometry":{"type":"Polygon","coordinates":[[[77.20486,28.65227],[77.20494,28.65132],[77.20519,28.65094],[77.2055,28.65105],[77.20619,28.65194],[77.20653,28.65215],[77.20732,28.65218],[77.20871,28.65174],[77.20872,28.65046],[77.20982,28.65026],[77.21006,28.65005],[77.21022,28.64723],[77.21243,28.647],[77.21284,28.64687],[77.21385,28.64611],[77.21745,28.64561],[77.21784,28.64542],[77.2184,28.64195],[77.21802,28.6416],[77.21774,28.64092],[77.21667,28.63996],[77.21508,28.638],[77.2143,28.63649],[77.214,28.63627],[77.21176,28.63732],[77.20819,28.63952],[77.20512,28.64112],[77.20418,28.6418],[77.20337,28.6427],[77.19985,28.64441],[77.19737,28.64532],[77.1969,28.64565],[77.20254,28.65341],[77.20486,28.65227]]]}},{"type":"Feature","bbox":[77.18061,28.64565,77.20528,28.66427],"properties":{"ward":83,"name":"Karolbagh 83"},"geometry":{"type":"Polygon","coordinates":[[[77.18112,28.66427],[77.18543,28.66262],[77.19033,28.66147],[77.19428,28.66136],[77.19619,28.66183],[77.19777,28.66254],[77.19887,28.66267],[77.20518,28.66249],[77.20528,28.66229],[77.20509,28.66183],[77.2036,28.66031],[77.20317,28.65953],[77.20304,28.65889],[77.20366,28.65708],[77.20486,28.65227],[77.20254,28.65341],[77.1969,28.64565],[77.19201,28.64868],[77.18664,28.65163],[77.18663,28.65191],[77.18812,28.65412],[77.18696,28.6548],[77.1874,28.65545],[77.18736,28.65572],[77.18247,28.65836],[77.18344,28.66024],[77.18384,28.66142],[77.1826,28.66207],[77.1814,28.66317],[77.18061,28.66351],[77.18069,28.66412],[77.18112,28.66427]]]}},{"type":"Feature","bbox":[77.17299,28.6481,77.18878,28.65836],"properties":{"ward":84,"name":"Dev Nagar 84"},"geometry":{"type":"Polygon","coordinates":[[[77.18247,28.65836],[77.18736,28.65572],[77.1874,28.65545],[77.18696,28.6548],[77.18812,28.65412],[77.18659,28.65174],[77.18878,28.65048],[77.18714,28.64813],[77.18661,28.6481],[77.18353,28.64973],[77.18311,28.6495],[77.18262,28.64853],[77.18158,28.64911],[77.18149,28.64975],[77.18094,28.64963],[77.17995,28.64973],[77.17845,28.65043],[77.1781,28.65028],[77.17745,28.64902],[77.17717,28.64887],[77.17626,28.64897],[77.17577,28.64952],[77.17402,28.65023],[77.17299,28.65307],[77.17512,28.65355],[77.17857,28.65462],[77.1799,28.65551],[77.18062,28.65646],[77.18149,28.65701],[77.18247,28.65836]]]}},{"type":"Feature","bbox":[77.16217,28.65215,77.18384,28.66625],"properties":{"ward":85,"name":"West Patel Nagar 85"},"geometry":{"type":"Polygon","coordinates":[[[77.16918,28.66625],[77.16989,28.66506],[77.16965,28.66357],[77.1702,28.66267],[77.16915,28.66087],[77.16899,28.65983],[77.17272,28.65868],[77.17337,28.65812],[77.17522,28.65773],[77.176,28.6574],[77.1766,28.65736],[77.17696,28.65743],[77.17711,28.65763],[77.17713,28.65888],[77.1773,28.65918],[77.17788,28.65916],[77.17827,28.65856],[77.17958,28.65872],[77.17986,28.65999],[77.18085,28.6602],[77.18122,28.66058],[77.1806,28.66285],[77.18061,28.66351],[77.1814,28.66317],[77.1827,28.662],[77.18371,28.66157],[77.18384,28.66142],[77.18381,28.66107],[77.182,28.65758],[77.18121,28.65677],[77.18062,28.65646],[77.1799,28.65551],[77.17865,28.65467],[77.17399,28.65324],[77.17032,28.65225],[77.16935,28.65215],[77.16924,28.65229],[77.16938,28.65309],[77.16914,28.65344],[77.16912,28.65399],[77.16819,28.6546],[77.16774,28.65452],[77.16711,28.6553],[77.16785,28.65631],[77.16765,28.65674],[77.1667,28.65686],[77.16605,28.65741],[77.16614,28.65806],[77.16789,28.65977],[77.16638,28.65981],[77.16512,28.65918],[77.16317,28.65992],[77.16256,28.65976],[77.16217,28.66],[77.16326,28.66071],[77.1632,28.66104],[77.16282,28.66143],[77.16289,28.66169],[77.16428,28.66251],[77.16435,28.66288],[77.16484,28.66311],[77.16464,28.66436],[77.16789,28.66583],[77.16918,28.66625]]]}},{"type":"Feature","bbox":[77.15604,28.64188,77.18262,28.65792],"properties":{"ward":86,"name":"East Patel Nagar 86"},"geometry":{"type":"Polygon","coordinates":[[[77.16608,28.65792],[77.16605,28.65741],[77.16628,28.65714],[77.16678,28.65683],[77.16765,28.65674],[77.16785,28.65641],[77.16711,28.6553],[77.16774,28.65452],[77.16819,28.6546],[77.16912,28.65399],[77.16914,28.65344],[77.16938,28.65309],[77.16931,28.65217],[77.17032,28.65225],[77.17299,28.65307],[77.17402,28.65023],[77.17577,28.64952],[77.17618,28.64901],[77.17657,28.64889],[77.17735,28.64893],[77.17831,28.65044],[77.17995,28.64973],[77.18094,28.64963],[77.18149,28.64975],[77.18158,28.64911],[77.18262,28.64853],[77.18137,28.64675],[77.18069,28.6428],[77.17484,28.64188],[77.17414,28.64192],[77.17241,28.64291],[77.16243,28.64906],[77.16241,28.64927],[77.16278,28.64974],[77.16259,28.65008],[77.16297,28.65033],[77.16282,28.65065],[77.16301,28.65074],[77.16348,28.6506],[77.16449,28.65194],[77.16488,28.65222],[77.16324,28.65304],[77.16173,28.65414],[77.16061,28.65375],[77.15892,28.65354],[77.15791,28.65279],[77.1575,28.6527],[77.15711,28.65223],[77.15604,28.65272],[77.15649,28.65299],[77.15718,28.65417],[77.15934,28.6556],[77.16019,28.65599],[77.16156,28.65627],[77.16234,28.65548],[77.16291,28.65553],[77.16404,28.65689],[77.16467,28.6567],[77.16496,28.657],[77.16536,28.65708],[77.16546,28.65753],[77.16608,28.65792]]]}},{"type":"Feature","bbox":[77.15335,28.64102,77.17414,28.65415],"properties":{"ward":87,"name":"Ranjeet Nagar 87"},"geometry":{"type":"Polygon","coordinates":[[[77.16171,28.65415],[77.16324,28.65304],[77.16488,28.65222],[77.16449,28.65194],[77.16348,28.6506],[77.16301,28.65074],[77.16282,28.65065],[77.16297,28.65033],[77.16259,28.65008],[77.16278,28.64974],[77.16241,28.64927],[77.16243,28.64906],[77.17414,28.64192],[77.17359,28.64102],[77.17318,28.64103],[77.17217,28.64156],[77.16992,28.64299],[77.16681,28.64429],[77.16648,28.64424],[77.16568,28.64343],[77.16505,28.64315],[77.1601,28.6444],[77.15335,28.64986],[77.1555,28.65108],[77.15711,28.65223],[77.1575,28.6527],[77.15791,28.65279],[77.15892,28.65354],[77.16061,28.65375],[77.16171,28.65415]]]}},{"type":"Feature","bbox":[77.1523,28.65272,77.16789,28.66436],"properties":{"ward":88,"name":"Baljeet Nagar 88"},"geometry":{"type":"Polygon","coordinates":[[[77.16464,28.66436],[77.16484,28.66311],[77.16435,28.66288],[77.16428,28.66251],[77.16289,28.66169],[77.16282,28.66143],[77.1632,28.66104],[77.16326,28.66071],[77.16217,28.66],[77.16256,28.65976],[77.16317,28.65992],[77.16512,28.65918],[77.16638,28.65981],[77.16789,28.65977],[77.16608,28.65792],[77.1654,28.65747],[77.16536,28.65708],[77.16496,28.657],[77.16453,28.65666],[77.16404,28.65689],[77.16291,28.65553],[77.16234,28.65548],[77.16156,28.65627],[77.16019,28.65599],[77.15934,28.6556],[77.15718,28.65417],[77.15649,28.65299],[77.15604,28.65272],[77.1523,28.65504],[77.1567,28.66032],[77.15764,28.6611],[77.16185,28.66319],[77.16464,28.66436]]]}},{"type":"Feature","bbox":[77.1367,28.65504,77.17244,28.67362],"properties":{"ward":89,"name":"Karam Pura 89"},"geometry":{"type":"Polygon","coordinates":[[[77.14006,28.67362],[77.15162,28.6721],[77.15714,28.67118],[77.15799,28.67134],[77.15927,28.67208],[77.17244,28.66693],[77.16948,28.6666],[77.1675,28.66738],[77.16656,28.66521],[77.15906,28.66191],[77.15697,28.66057],[77.1523,28.65504],[77.14356,28.66011],[77.14182,28.6617],[77.13841,28.66671],[77.13772,28.66746],[77.1367,28.66816],[77.13673,28.66847],[77.13772,28.66924],[77.13868,28.67044],[77.14006,28.67362]]]}},{"type":"Feature","bbox":[77.13009,28.64576,77.1523,28.6673],"properties":{"ward":90,"name":"Moti Nagar 90"},"geometry":{"type":"Polygon","coordinates":[[[77.13788,28.6673],[77.14182,28.6617],[77.14356,28.66011],[77.1523,28.65504],[77.14437,28.64576],[77.14333,28.64639],[77.14261,28.64788],[77.14195,28.64767],[77.14067,28.64845],[77.13747,28.65075],[77.13566,28.65236],[77.13497,28.65236],[77.13466,28.65316],[77.13427,28.65357],[77.13455,28.65409],[77.1363,28.65601],[77.13758,28.65808],[77.13756,28.65833],[77.13584,28.65923],[77.13525,28.6587],[77.13415,28.65808],[77.13338,28.65834],[77.1321,28.65795],[77.13179,28.65841],[77.13229,28.65899],[77.13228,28.65926],[77.13009,28.66115],[77.13017,28.66136],[77.13293,28.66344],[77.13299,28.66362],[77.13334,28.66369],[77.13399,28.66441],[77.1342,28.66443],[77.13624,28.66591],[77.13788,28.6673]]]}},{"type":"Feature","bbox":[77.125,28.63162,77.14437,28.65357],"properties":{"ward":91,"name":"Ramesh Nagar 91"},"geometry":{"type":"Polygon","coordinates":[[[77.13427,28.65357],[77.13497,28.65236],[77.13566,28.65236],[77.13747,28.65075],[77.14067,28.64845],[77.14195,28.64767],[77.14261,28.64788],[77.14333,28.64639],[77.14437,28.64576],[77.1332,28.63255],[77.13225,28.63162],[77.1284,28.64181],[77.125,28.65021],[77.12704,28.65142],[77.13012,28.65232],[77.13107,28.65272],[77.13151,28.65308],[77.1329,28.653],[77.13427,28.65357]]]}},{"type":"Feature","bbox":[77.11417,28.65021,77.14006,28.67505],"properties":{"ward":92,"name":"Punjabi Bagh 92"},"geometry":{"type":"Polygon","coordinates":[[[77.12914,28.67505],[77.14006,28.67362],[77.13868,28.67044],[77.13772,28.66924],[77.13666,28.66835],[77.13679,28.66807],[77.13788,28.6673],[77.13624,28.66591],[77.1342,28.66443],[77.13399,28.66441],[77.13334,28.66369],[77.13299,28.66362],[77.13293,28.66344],[77.13008,28.66122],[77.13228,28.65926],[77.13229,28.65899],[77.13179,28.65841],[77.1321,28.65795],[77.13338,28.65834],[77.13415,28.65808],[77.13525,28.6587],[77.13584,28.65923],[77.13744,28.65843],[77.13758,28.65808],[77.1363,28.65601],[77.13455,28.65409],[77.13427,28.65357],[77.13391,28.65337],[77.1329,28.653],[77.13151,28.65308],[77.13107,28.65272],[77.13012,28.65232],[77.12704,28.65142],[77.125,28.65021],[77.12411,28.65236],[77.12413,28.65316],[77.12446,28.65405],[77.12367,28.65446],[77.122,28.65475],[77.11527,28.65382],[77.11475,28.65632],[77.11544,28.65649],[77.11593,28.65641],[77.11604,28.65662],[77.1155,28.6569],[77.11456,28.65696],[77.11451,28.65747],[77.11417,28.65775],[77.11718,28.65882],[77.11868,28.66037],[77.11771,28.66075],[77.11754,28.6613],[77.11665,28.66121],[77.11643,28.66133],[77.11652,28.66248],[77.11741,28.66696],[77.11861,28.66701],[77.12332,28.66635],[77.12351,28.66789],[77.12272,28.66823],[77.12279,28.66922],[77.12315,28.66941],[77.12347,28.67123],[77.12848,28.67062],[77.12914,28.67505]]]}},{"type":"Feature","bbox":[77.11194,28.66338,77.12914,28.6771],"properties":{"ward":93,"name":"Madipur 93"},"geometry":{"type":"Polygon","coordinates":[[[77.11388,28.6771],[77.12914,28.67505],[77.12852,28.67065],[77.1235,28.67126],[77.12315,28.66941],[77.12279,28.66922],[77.12272,28.66823],[77.12351,28.66789],[77.12332,28.66635],[77.11861,28.66701],[77.11747,28.66701],[77.11676,28.66338],[77.11524,28.66347],[77.1151,28.66367],[77.11527,28.66469],[77.11514,28.66492],[77.11227,28.66534],[77.11199,28.66549],[77.11194,28.6657],[77.11388,28.6771]]]}},{"type":"Feature","bbox":[77.10867,28.6465,77.125,28.66191],"properties":{"ward":94,"name":"Raghubir Nagar 94"},"geometry":{"type":"Polygon","coordinates":[[[77.11647,28.66191],[77.11648,28.66124],[77.11754,28.6613],[77.11771,28.66075],[77.11868,28.66037],[77.11718,28.65882],[77.11417,28.65775],[77.11451,28.65747],[77.11456,28.65696],[77.1155,28.6569],[77.11604,28.65662],[77.11593,28.65641],[77.11544,28.65649],[77.11475,28.65632],[77.11526,28.65383],[77.122,28.65475],[77.12367,28.65446],[77.12446,28.65405],[77.12413,28.65316],[77.12411,28.65236],[77.125,28.65021],[77.12401,28.64965],[77.12232,28.64946],[77.12201,28.64884],[77.11703,28.6465],[77.11666,28.64671],[77.11431,28.64986],[77.11314,28.65105],[77.1119,28.65287],[77.10928,28.6525],[77.10867,28.6584],[77.10883,28.66066],[77.11161,28.6607],[77.11647,28.66191]]]}},{"type":"Feature","bbox":[77.09404,28.64425,77.10928,28.66108],"properties":{"ward":95,"name":"Vishhu Garden 95"},"geometry":{"type":"Polygon","coordinates":[[[77.1048,28.66104],[77.10883,28.66066],[77.10867,28.6584],[77.10928,28.6525],[77.10519,28.65208],[77.10508,28.65099],[77.1021,28.65093],[77.10301,28.64907],[77.10219,28.64902],[77.10199,28.6487],[77.10105,28.64871],[77.10093,28.64785],[77.10162,28.64779],[77.10207,28.64798],[77.10247,28.64788],[77.10288,28.648],[77.10351,28.64798],[77.10362,28.64785],[77.10349,28.64769],[77.1027,28.64769],[77.10203,28.64719],[77.10197,28.64438],[77.10184,28.64425],[77.09936,28.64504],[77.09882,28.64555],[77.0989,28.64908],[77.09755,28.64909],[77.09738,28.64974],[77.09405,28.64981],[77.09404,28.65145],[77.09424,28.6519],[77.09606,28.65212],[77.09847,28.65287],[77.09863,28.65304],[77.09855,28.65319],[77.09751,28.65339],[77.09751,28.65446],[77.09782,28.65465],[77.09933,28.65462],[77.09967,28.65478],[77.09966,28.6555],[77.09899,28.65686],[77.09906,28.65746],[77.09951,28.6577],[77.09963,28.65801],[77.09909,28.66076],[77.10267,28.66108],[77.1048,28.66104]]]}},{"type":"Feature","bbox":[77.10508,28.63656,77.1297,28.65293],"properties":{"ward":96,"name":"Rajouri Garden 96"},"geometry":{"type":"Polygon","coordinates":[[[77.11178,28.65293],[77.11314,28.65105],[77.11431,28.64986],[77.11583,28.64776],[77.11696,28.64651],[77.11738,28.64658],[77.11873,28.64739],[77.12201,28.64884],[77.12232,28.64946],[77.12401,28.64965],[77.125,28.65021],[77.12568,28.64877],[77.1297,28.6383],[77.12763,28.63737],[77.12463,28.63784],[77.12015,28.6378],[77.11988,28.63764],[77.11967,28.63703],[77.11862,28.63656],[77.11396,28.63927],[77.11304,28.63895],[77.11182,28.63893],[77.10939,28.64038],[77.10843,28.64076],[77.10779,28.64082],[77.10766,28.64145],[77.10788,28.64167],[77.11016,28.6426],[77.11082,28.64312],[77.10926,28.64518],[77.10839,28.64604],[77.10801,28.64625],[77.10617,28.6463],[77.10528,28.64654],[77.10508,28.64711],[77.10511,28.65199],[77.11089,28.65269],[77.11178,28.65293]]]}},{"type":"Feature","bbox":[77.0901,28.64037,77.11081,28.65191],"properties":{"ward":97,"name":"Chaukhandi Nagar 97"},"geometry":{"type":"Polygon","coordinates":[[[77.09174,28.65191],[77.09424,28.6519],[77.09402,28.65134],[77.09405,28.64981],[77.09738,28.64974],[77.09755,28.64909],[77.0989,28.64908],[77.09882,28.64555],[77.09936,28.64504],[77.10184,28.64425],[77.10197,28.64438],[77.10203,28.64719],[77.1027,28.64769],[77.10349,28.64769],[77.10362,28.64785],[77.10351,28.64798],[77.10288,28.648],[77.10247,28.64788],[77.10207,28.64798],[77.10162,28.64779],[77.10093,28.64785],[77.10105,28.64871],[77.10199,28.6487],[77.10219,28.64902],[77.10301,28.64907],[77.1021,28.65093],[77.10508,28.65099],[77.10508,28.64711],[77.10528,28.64654],[77.10617,28.6463],[77.10801,28.64625],[77.10839,28.64604],[77.10949,28.6449],[77.11063,28.64346],[77.11081,28.64302],[77.11016,28.6426],[77.10878,28.64213],[77.10766,28.64145],[77.10613,28.64085],[77.10446,28.64078],[77.10373,28.64143],[77.10293,28.64151],[77.10241,28.64173],[77.09828,28.64037],[77.09282,28.64359],[77.0922,28.64359],[77.09052,28.64409],[77.09076,28.64438],[77.09094,28.64501],[77.09022,28.64578],[77.0901,28.64612],[77.09137,28.65018],[77.09145,28.65078],[77.09129,28.6517],[77.09174,28.65191]]]}},{"type":"Feature","bbox":[77.10335,28.62303,77.13224,28.64082],"properties":{"ward":98,"name":"Subhash Nagar 98"},"geometry":{"type":"Polygon","coordinates":[[[77.10779,28.64082],[77.10939,28.64038],[77.11182,28.63893],[77.11304,28.63895],[77.11396,28.63927],[77.11862,28.63656],[77.11967,28.63703],[77.11988,28.63764],[77.12015,28.6378],[77.12463,28.63784],[77.12763,28.63737],[77.1297,28.6383],[77.13224,28.63136],[77.12503,28.62303],[77.12056,28.62607],[77.12357,28.62965],[77.12341,28.62992],[77.12217,28.63072],[77.11359,28.63088],[77.11228,28.63117],[77.1115,28.63181],[77.1104,28.63184],[77.11024,28.63177],[77.11016,28.63128],[77.10908,28.63094],[77.10831,28.63009],[77.10719,28.63082],[77.1077,28.63138],[77.10817,28.63121],[77.10841,28.63136],[77.10878,28.63133],[77.10893,28.63205],[77.10841,28.63239],[77.1081,28.63252],[77.10766,28.63228],[77.10718,28.63229],[77.1061,28.63277],[77.10571,28.63262],[77.10551,28.63237],[77.10509,28.63246],[77.10444,28.63221],[77.10406,28.6324],[77.10401,28.63303],[77.10336,28.63311],[77.10335,28.6344],[77.10481,28.63442],[77.10547,28.63498],[77.10576,28.6357],[77.10588,28.63725],[77.10761,28.6376],[77.10774,28.64063],[77.10779,28.64082]]]}},{"type":"Feature","bbox":[77.09885,28.60526,77.12503,28.63184],"properties":{"ward":99,"name":"Hari Nagar 99"},"geometry":{"type":"Polygon","coordinates":[[[77.11137,28.63184],[77.11228,28.63117],[77.11359,28.63088],[77.12208,28.63074],[77.12267,28.6304],[77.12341,28.62992],[77.12357,28.62965],[77.12056,28.62607],[77.12503,28.62303],[77.12038,28.61746],[77.11644,28.61359],[77.11458,28.61131],[77.11328,28.60927],[77.11011,28.60548],[77.10974,28.60526],[77.10055,28.60916],[77.09989,28.60921],[77.09888,28.60902],[77.09885,28.61095],[77.09897,28.61125],[77.09964,28.61158],[77.0999,28.61142],[77.10028,28.61075],[77.10067,28.61072],[77.10428,28.61254],[77.11131,28.61758],[77.11071,28.6188],[77.11082,28.6244],[77.11065,28.62487],[77.11095,28.63081],[77.11137,28.63184]]]}},{"type":"Feature","bbox":[77.08201,28.61471,77.11137,28.63625],"properties":{"ward":100,"name":"Fateh Nagar 100"},"geometry":{"type":"Polygon","coordinates":[[[77.09534,28.63625],[77.0966,28.63599],[77.09728,28.63453],[77.09755,28.63432],[77.10335,28.6344],[77.10333,28.63315],[77.10401,28.63303],[77.10406,28.6324],[77.10439,28.63222],[77.10509,28.63246],[77.10551,28.63237],[77.10571,28.63262],[77.1061,28.63277],[77.10724,28.63228],[77.10825,28.63249],[77.10893,28.63205],[77.10878,28.63133],[77.10841,28.63136],[77.10817,28.63121],[77.1077,28.63138],[77.10719,28.63082],[77.10831,28.63009],[77.10908,28.63094],[77.11016,28.63128],[77.11029,28.63182],[77.11137,28.63184],[77.11095,28.63081],[77.11065,28.62487],[77.11082,28.6244],[77.11071,28.6188],[77.11131,28.6176],[77.10741,28.61471],[77.10643,28.616],[77.10251,28.62243],[77.10047,28.6272],[77.10024,28.6274],[77.09945,28.62746],[77.09921,28.62763],[77.09923,28.62819],[77.09974,28.62845],[77.09982,28.62863],[77.09882,28.63081],[77.09791,28.63096],[77.09745,28.63126],[77.09704,28.63117],[77.09651,28.63074],[77.09648,28.62972],[77.09635,28.62948],[77.0948,28.62936],[77.09444,28.62905],[77.09427,28.62512],[77.09438,28.62421],[77.09413,28.62371],[77.09446,28.62251],[77.09232,28.62182],[77.09056,28.62154],[77.08774,28.62185],[77.08781,28.62316],[77.08753,28.62405],[77.08322,28.62917],[77.0824,28.63025],[77.08211,28.63089],[77.08201,28.63122],[77.08536,28.63262],[77.08676,28.63262],[77.08764,28.6334],[77.08832,28.63374],[77.09201,28.63483],[77.09331,28.63561],[77.09534,28.63625]]]}},{"type":"Feature","bbox":[77.0815,28.6343,77.10779,28.64303],"properties":{"ward":101,"name":"Tilak Nagar 101"},"geometry":{"type":"Polygon","coordinates":[[[77.09367,28.64303],[77.09828,28.64037],[77.10241,28.64173],[77.10293,28.64151],[77.10373,28.64143],[77.10456,28.64076],[77.10613,28.64085],[77.10762,28.64148],[77.10779,28.64082],[77.10761,28.6376],[77.10588,28.63725],[77.10573,28.63555],[77.10532,28.63477],[77.10481,28.63442],[77.09785,28.6343],[77.09733,28.63444],[77.0967,28.63588],[77.09612,28.63617],[77.09497,28.63622],[77.09331,28.63561],[77.09201,28.63483],[77.09142,28.63592],[77.08946,28.63716],[77.08829,28.6364],[77.08459,28.63873],[77.08417,28.63851],[77.08317,28.63728],[77.0815,28.6382],[77.08188,28.63898],[77.08233,28.63914],[77.08234,28.64058],[77.08274,28.64131],[77.08307,28.6413],[77.08536,28.63987],[77.08574,28.63945],[77.08675,28.63898],[77.08857,28.64121],[77.0896,28.64064],[77.08939,28.6402],[77.08987,28.63995],[77.09103,28.64101],[77.09189,28.64212],[77.09219,28.64219],[77.09273,28.642],[77.09367,28.64303]]]}},{"type":"Feature","bbox":[77.07271,28.63899,77.09971,28.66076],"properties":{"ward":102,"name":"Khyala 102"},"geometry":{"type":"Polygon","coordinates":[[[77.09909,28.66076],[77.09963,28.65801],[77.09951,28.6577],[77.09906,28.65746],[77.09899,28.65686],[77.09966,28.6555],[77.09971,28.65493],[77.09945,28.65463],[77.0977,28.65462],[77.09745,28.65424],[77.09751,28.65339],[77.09855,28.65319],[77.09859,28.65295],[77.09706,28.65236],[77.09544,28.652],[77.09174,28.65191],[77.09129,28.6517],[77.09145,28.65078],[77.09137,28.65018],[77.0901,28.64612],[77.09022,28.64578],[77.09094,28.64501],[77.09076,28.64438],[77.09052,28.64409],[77.0922,28.64359],[77.09282,28.64359],[77.09367,28.64303],[77.09273,28.642],[77.09219,28.64219],[77.09189,28.64212],[77.09103,28.64101],[77.08987,28.63995],[77.08939,28.6402],[77.0896,28.64064],[77.08863,28.64122],[77.08678,28.63899],[77.08574,28.63945],[77.08536,28.63987],[77.08307,28.6413],[77.08274,28.64131],[77.08308,28.64264],[77.08411,28.64505],[77.08429,28.64608],[77.08224,28.64704],[77.07884,28.64713],[77.07271,28.65041],[77.07626,28.65383],[77.07775,28.65485],[77.08071,28.65619],[77.08319,28.65618],[77.0876,28.65488],[77.08906,28.65463],[77.09081,28.65471],[77.09166,28.65497],[77.09336,28.65587],[77.09625,28.65866],[77.09909,28.66076]]]}},{"type":"Feature","bbox":[77.06252,28.62609,77.09201,28.65041],"properties":{"ward":103,"name":"Keshopur 103"},"geometry":{"type":"Polygon","coordinates":[[[77.07271,28.65041],[77.07884,28.64713],[77.08224,28.64704],[77.0843,28.64606],[77.08411,28.64505],[77.08234,28.64058],[77.08233,28.63914],[77.08188,28.63898],[77.0815,28.6382],[77.08317,28.63728],[77.08417,28.63851],[77.08459,28.63873],[77.08829,28.6364],[77.08946,28.63716],[77.09142,28.63592],[77.09201,28.63483],[77.08832,28.63374],[77.08764,28.6334],[77.08676,28.63262],[77.08536,28.63262],[77.07917,28.63011],[77.07878,28.62963],[77.07778,28.629],[77.07657,28.62907],[77.06858,28.62609],[77.06692,28.62926],[77.06589,28.6294],[77.06533,28.62895],[77.06507,28.62925],[77.06252,28.63432],[77.06254,28.63466],[77.06274,28.63484],[77.06439,28.63543],[77.06525,28.63544],[77.0661,28.63437],[77.06598,28.63317],[77.06613,28.63279],[77.06848,28.63259],[77.06867,28.63241],[77.06869,28.63183],[77.06907,28.63165],[77.07342,28.63137],[77.07448,28.63169],[77.07636,28.63287],[77.07678,28.63574],[77.07698,28.63598],[77.07779,28.63598],[77.07836,28.63578],[77.07826,28.63425],[77.0784,28.63388],[77.08047,28.63357],[77.08079,28.63376],[77.08062,28.63509],[77.08091,28.63658],[77.08141,28.63795],[77.08132,28.6381],[77.07993,28.63852],[77.07643,28.63855],[77.07625,28.6387],[77.07605,28.64026],[77.07415,28.64034],[77.07382,28.64055],[77.07391,28.64428],[77.07355,28.64461],[77.07253,28.64463],[77.07217,28.64499],[77.07341,28.6461],[77.07355,28.64643],[77.07106,28.64865],[77.07106,28.64888],[77.07271,28.65041]]]}},{"type":"Feature","bbox":[77.0782,28.60902,77.10741,28.63126],"properties":{"ward":104,"name":"Janak Puri South 104"},"geometry":{"type":"Polygon","coordinates":[[[77.09745,28.63126],[77.09791,28.63096],[77.09872,28.63087],[77.099,28.63058],[77.09982,28.62863],[77.09974,28.62845],[77.09923,28.62819],[77.09921,28.62763],[77.09945,28.62746],[77.10024,28.6274],[77.10047,28.6272],[77.10251,28.62243],[77.10643,28.616],[77.10741,28.61471],[77.10428,28.61254],[77.10067,28.61072],[77.10028,28.61075],[77.09975,28.61155],[77.09905,28.61131],[77.09885,28.61095],[77.09888,28.60902],[77.09691,28.60905],[77.08688,28.61347],[77.08588,28.61223],[77.0845,28.61154],[77.08382,28.61083],[77.08215,28.61042],[77.08088,28.60945],[77.08005,28.60948],[77.07997,28.6099],[77.07971,28.61011],[77.0797,28.61097],[77.0782,28.61113],[77.07833,28.61338],[77.08029,28.61344],[77.08196,28.61414],[77.08239,28.61478],[77.08254,28.61534],[77.08027,28.61639],[77.08194,28.61944],[77.08266,28.6196],[77.08298,28.61938],[77.08292,28.61685],[77.08337,28.61657],[77.08453,28.61662],[77.0847,28.6172],[77.08561,28.61737],[77.08552,28.62189],[77.08749,28.62187],[77.09074,28.62155],[77.09232,28.62182],[77.0944,28.62245],[77.0945,28.62271],[77.09413,28.62371],[77.09438,28.62421],[77.09427,28.62512],[77.09444,28.62905],[77.0948,28.62936],[77.09635,28.62948],[77.09658,28.63087],[77.09745,28.63126]]]}},{"type":"Feature","bbox":[77.06358,28.60076,77.0826,28.62119],"properties":{"ward":105,"name":"Mahaveer Enclave 105"},"geometry":{"type":"Polygon","coordinates":[[[77.07037,28.62119],[77.0826,28.61521],[77.08193,28.61413],[77.08025,28.61343],[77.07833,28.61338],[77.0782,28.61113],[77.0797,28.61097],[77.07971,28.61011],[77.07997,28.6099],[77.08002,28.60952],[77.08088,28.60945],[77.07873,28.60774],[77.07564,28.60633],[77.07279,28.60531],[77.07213,28.60467],[77.0716,28.60371],[77.06875,28.60237],[77.06717,28.60108],[77.06625,28.60076],[77.06597,28.60107],[77.06618,28.60155],[77.06619,28.60222],[77.0656,28.60254],[77.06548,28.60278],[77.06546,28.60467],[77.0651,28.60482],[77.06385,28.6048],[77.06358,28.60501],[77.06372,28.60799],[77.06448,28.60744],[77.06487,28.60677],[77.06546,28.60629],[77.06587,28.60616],[77.0675,28.60647],[77.06818,28.60697],[77.06977,28.60738],[77.07232,28.60743],[77.07239,28.60763],[77.0734,28.60774],[77.07368,28.60798],[77.07357,28.6083],[77.07297,28.60841],[77.0728,28.60858],[77.0728,28.61022],[77.07293,28.61058],[77.07604,28.61076],[77.07627,28.61084],[77.07642,28.61114],[77.07648,28.6131],[77.07619,28.61337],[77.07602,28.61387],[77.07546,28.61413],[77.07538,28.61519],[77.06946,28.61535],[77.06869,28.61522],[77.06874,28.61815],[77.06993,28.61766],[77.06996,28.62071],[77.07037,28.62119]]]}},{"type":"Feature","bbox":[77.0527,28.61639,77.08781,28.63122],"properties":{"ward":106,"name":"Janak Puri West 106"},"geometry":{"type":"Polygon","coordinates":[[[77.08201,28.63122],[77.0824,28.63025],[77.08322,28.62917],[77.08742,28.62421],[77.08781,28.62316],[77.08774,28.62185],[77.08548,28.62184],[77.08561,28.61737],[77.0847,28.6172],[77.08457,28.61663],[77.08337,28.61657],[77.08292,28.61685],[77.08298,28.61938],[77.08276,28.61958],[77.08194,28.61944],[77.08027,28.61639],[77.07033,28.62119],[77.06996,28.62071],[77.06987,28.61763],[77.06969,28.61786],[77.069,28.61799],[77.06856,28.61832],[77.06735,28.61841],[77.06662,28.61877],[77.062,28.61885],[77.0616,28.61869],[77.06051,28.6176],[77.05821,28.61724],[77.05791,28.61751],[77.05785,28.61932],[77.05745,28.61952],[77.05714,28.61942],[77.05698,28.61917],[77.05719,28.61801],[77.05702,28.61764],[77.05286,28.61749],[77.0527,28.62116],[77.05463,28.62148],[77.05551,28.62117],[77.05633,28.62115],[77.05688,28.62196],[77.06007,28.62277],[77.06368,28.62419],[77.06493,28.62394],[77.06545,28.62446],[77.06628,28.6249],[77.0666,28.62536],[77.06725,28.62564],[77.07657,28.62907],[77.07778,28.629],[77.07878,28.62963],[77.07917,28.63011],[77.08201,28.63122]]]}},{"type":"Feature","bbox":[77.05842,28.62343,77.08141,28.64865],"properties":{"ward":107,"name":"Vikas Puri 107"},"geometry":{"type":"Polygon","coordinates":[[[77.07106,28.64865],[77.07355,28.64643],[77.07341,28.6461],[77.07217,28.64499],[77.07253,28.64463],[77.07355,28.64461],[77.07391,28.64428],[77.07377,28.64094],[77.07388,28.64046],[77.07605,28.64026],[77.07625,28.6387],[77.07643,28.63855],[77.07993,28.63852],[77.08132,28.6381],[77.08141,28.63795],[77.08091,28.63658],[77.08062,28.63509],[77.08079,28.63376],[77.08047,28.63357],[77.0784,28.63388],[77.07826,28.63425],[77.07836,28.63578],[77.07779,28.63598],[77.07698,28.63598],[77.07678,28.63574],[77.07636,28.63287],[77.07448,28.63169],[77.07342,28.63137],[77.06907,28.63165],[77.06869,28.63183],[77.06867,28.63241],[77.06848,28.63259],[77.06613,28.63279],[77.06598,28.63317],[77.0661,28.63437],[77.06525,28.63544],[77.06439,28.63543],[77.06274,28.63484],[77.06254,28.63466],[77.06252,28.63432],[77.06507,28.62925],[77.06533,28.62895],[77.06589,28.6294],[77.06692,28.62926],[77.06858,28.62609],[77.0666,28.62536],[77.06628,28.6249],[77.06545,28.62446],[77.06493,28.62394],[77.06368,28.62419],[77.06199,28.62343],[77.06166,28.62377],[77.05961,28.62766],[77.05842,28.63184],[77.0595,28.63198],[77.05961,28.63369],[77.06225,28.63473],[77.06195,28.63527],[77.0621,28.63559],[77.0608,28.63819],[77.05979,28.63947],[77.06032,28.64001],[77.06185,28.64104],[77.06229,28.64153],[77.06275,28.64167],[77.06322,28.64223],[77.06357,28.64224],[77.06461,28.64304],[77.06589,28.64443],[77.06657,28.64478],[77.06758,28.64594],[77.06802,28.64612],[77.06855,28.64677],[77.06917,28.64714],[77.06945,28.64757],[77.07006,28.64792],[77.07047,28.64846],[77.07106,28.64865]]]}},{"type":"Feature","bbox":[77.04387,28.62115,77.06225,28.64085],"properties":{"ward":108,"name":"Hastsal 108"},"geometry":{"type":"Polygon","coordinates":[[[77.05283,28.64084],[77.0571,28.64085],[77.05722,28.6398],[77.05785,28.63899],[77.05836,28.63879],[77.05903,28.63897],[77.05929,28.63936],[77.05987,28.63937],[77.0608,28.63819],[77.06143,28.63696],[77.0621,28.63559],[77.06195,28.63527],[77.06225,28.63473],[77.05961,28.63369],[77.0595,28.63198],[77.05842,28.63184],[77.05961,28.62766],[77.06166,28.62377],[77.06199,28.62343],[77.05688,28.62196],[77.05633,28.62115],[77.05551,28.62117],[77.05497,28.62143],[77.05551,28.62256],[77.05591,28.62287],[77.05645,28.62299],[77.05661,28.62319],[77.05663,28.62681],[77.05649,28.62715],[77.05606,28.62714],[77.0559,28.62643],[77.05567,28.62628],[77.05313,28.62639],[77.05203,28.62701],[77.05192,28.62808],[77.05176,28.62827],[77.05143,28.62832],[77.05082,28.6279],[77.04832,28.62542],[77.04788,28.62527],[77.04656,28.62582],[77.045,28.62614],[77.04493,28.62707],[77.0445,28.62763],[77.04481,28.62902],[77.04402,28.62927],[77.04387,28.62947],[77.04397,28.63018],[77.04477,28.6304],[77.04504,28.63097],[77.04683,28.63115],[77.04711,28.63178],[77.04716,28.6338],[77.05401,28.63378],[77.05412,28.63541],[77.05277,28.63754],[77.05283,28.64084]]]}},{"type":"Feature","bbox":[77.03323,28.63376,77.05739,28.65133],"properties":{"ward":109,"name":"Vikas Nagar 109"},"geometry":{"type":"Polygon","coordinates":[[[77.04686,28.65133],[77.05015,28.65107],[77.05213,28.65046],[77.05605,28.64711],[77.0571,28.64556],[77.05737,28.64469],[77.05739,28.64383],[77.0571,28.64085],[77.05283,28.64084],[77.05277,28.63754],[77.05412,28.63541],[77.05398,28.63376],[77.04882,28.63383],[77.0489,28.6375],[77.04907,28.63763],[77.04977,28.63762],[77.04987,28.63776],[77.04983,28.6381],[77.0492,28.63824],[77.04923,28.6393],[77.04947,28.63957],[77.049,28.63968],[77.04895,28.64026],[77.04789,28.64112],[77.04783,28.64146],[77.04748,28.64154],[77.04611,28.64293],[77.04627,28.6432],[77.04537,28.64399],[77.04349,28.64705],[77.04045,28.64726],[77.0404,28.6459],[77.04113,28.64576],[77.04115,28.64478],[77.04179,28.64465],[77.04182,28.64426],[77.04009,28.64417],[77.03992,28.64317],[77.03813,28.64319],[77.03789,28.64325],[77.03774,28.64377],[77.03679,28.64385],[77.03677,28.64585],[77.03491,28.64593],[77.03411,28.64669],[77.03323,28.64724],[77.03529,28.64877],[77.03702,28.64973],[77.04137,28.6512],[77.04686,28.65133]]]}},{"type":"Feature","bbox":[76.98888,28.63388,77.05678,28.67391],"properties":{"ward":110,"name":"Kunwar Singh Nagar 110"},"geometry":{"type":"Polygon","coordinates":[[[77.00794,28.67364],[77.01188,28.67301],[77.01488,28.67309],[77.01824,28.67269],[77.02184,28.67154],[77.02618,28.66963],[77.02932,28.66793],[77.03079,28.66682],[77.03303,28.66466],[77.03468,28.66353],[77.03517,28.66372],[77.03812,28.66595],[77.04188,28.66908],[77.04639,28.67131],[77.04647,28.67016],[77.04622,28.66926],[77.0463,28.66882],[77.04868,28.66863],[77.04898,28.66781],[77.05033,28.66765],[77.05047,28.66745],[77.05053,28.66651],[77.05152,28.66623],[77.05154,28.66577],[77.05124,28.66535],[77.05115,28.66487],[77.05048,28.66431],[77.05047,28.66395],[77.05178,28.66362],[77.05294,28.66459],[77.05633,28.66217],[77.05678,28.66163],[77.05632,28.661],[77.05554,28.66103],[77.05526,28.66086],[77.05298,28.65695],[77.05285,28.65646],[77.05287,28.65381],[77.05278,28.65296],[77.05262,28.65274],[77.04602,28.65288],[77.04356,28.65404],[77.04093,28.65598],[77.04074,28.65599],[77.04003,28.65539],[77.03209,28.65201],[77.02998,28.65079],[77.02672,28.64923],[77.02209,28.6464],[77.01831,28.64464],[77.0144,28.64217],[77.01391,28.64195],[77.01117,28.64207],[77.01089,28.64188],[77.01038,28.64187],[77.01032,28.64003],[77.0075,28.6381],[77.00411,28.63507],[77.00373,28.63521],[77.00203,28.63849],[77.00053,28.64012],[77.0001,28.64022],[76.99749,28.63836],[76.99748,28.63811],[76.99937,28.63603],[76.99979,28.63517],[76.99927,28.63487],[76.99917,28.63463],[76.99977,28.63425],[76.99969,28.63391],[76.99808,28.63388],[76.99785,28.63403],[76.99641,28.63638],[76.99455,28.63789],[76.9926,28.63906],[76.9916,28.63987],[76.99115,28.64093],[76.99056,28.64312],[76.99011,28.64371],[76.98888,28.64459],[76.98898,28.6449],[76.99024,28.64613],[76.99051,28.64671],[76.9906,28.6529],[76.99279,28.6561],[76.99457,28.65519],[76.99561,28.65387],[76.99608,28.65378],[76.99639,28.654],[76.99969,28.65868],[77.00345,28.66597],[77.00463,28.66726],[77.00504,28.66797],[77.00622,28.67065],[77.0071,28.6737],[77.00735,28.67391],[77.00794,28.67364]]]}},{"type":"Feature","bbox":[77.00402,28.62405,77.0509,28.65601],"properties":{"ward":111,"name":"Baprola 111"},"geometry":{"type":"Polygon","coordinates":[[[77.04085,28.65601],[77.04356,28.65404],[77.04602,28.65288],[77.05084,28.65285],[77.0509,28.6519],[77.05071,28.65089],[77.04873,28.65126],[77.04673,28.65136],[77.04146,28.65121],[77.03745,28.64992],[77.03439,28.64814],[77.03159,28.64596],[77.03036,28.6448],[77.02807,28.6432],[77.02761,28.64304],[77.0271,28.64341],[77.02476,28.64191],[77.02416,28.64117],[77.02369,28.63979],[77.0232,28.638],[77.02309,28.63633],[77.02309,28.6356],[77.02339,28.63447],[77.02433,28.63436],[77.02449,28.63236],[77.02383,28.63098],[77.02247,28.62885],[77.02227,28.62791],[77.02223,28.62641],[77.01984,28.62653],[77.01756,28.62722],[77.01668,28.6273],[77.01561,28.627],[77.01397,28.62553],[77.00978,28.62524],[77.00718,28.62405],[77.00615,28.62412],[77.00402,28.62495],[77.00515,28.62626],[77.00522,28.62744],[77.00536,28.62767],[77.00772,28.62762],[77.00868,28.62823],[77.00987,28.62826],[77.01004,28.62856],[77.01004,28.62976],[77.01111,28.62988],[77.01142,28.63014],[77.01156,28.6379],[77.01126,28.63807],[77.0075,28.6381],[77.01032,28.64003],[77.01032,28.64182],[77.01089,28.64188],[77.01112,28.64207],[77.01391,28.64195],[77.0144,28.64217],[77.01831,28.64464],[77.02209,28.6464],[77.02672,28.64923],[77.02998,28.65079],[77.03209,28.65201],[77.04003,28.65539],[77.04085,28.65601]]]}},{"type":"Feature","bbox":[77.02308,28.63116,77.04987,28.64729],"properties":{"ward":112,"name":"Sainik Enclave 112"},"geometry":{"type":"Polygon","coordinates":[[[77.04096,28.64729],[77.04135,28.64711],[77.04352,28.64703],[77.04537,28.64399],[77.04627,28.6432],[77.04611,28.64293],[77.04748,28.64154],[77.04783,28.64146],[77.04789,28.64112],[77.04895,28.64026],[77.049,28.63968],[77.04946,28.63959],[77.04923,28.6393],[77.0492,28.63824],[77.04983,28.6381],[77.04987,28.63776],[77.04977,28.63762],[77.04907,28.63763],[77.0489,28.6375],[77.04882,28.63383],[77.04454,28.63389],[77.0444,28.63573],[77.04452,28.63617],[77.04489,28.63653],[77.04496,28.637],[77.0449,28.63752],[77.04448,28.63767],[77.04005,28.63772],[77.03976,28.63759],[77.03962,28.63147],[77.03946,28.63125],[77.03894,28.63116],[77.03223,28.6313],[77.032,28.6315],[77.03202,28.63249],[77.03181,28.63276],[77.03065,28.6328],[77.03022,28.63314],[77.02912,28.6335],[77.02784,28.6336],[77.0268,28.63437],[77.02486,28.63431],[77.02339,28.63447],[77.02308,28.63567],[77.0232,28.638],[77.02411,28.64106],[77.02484,28.64198],[77.0271,28.64341],[77.02761,28.64304],[77.02807,28.6432],[77.03036,28.6448],[77.03323,28.64724],[77.03411,28.64669],[77.03491,28.64593],[77.03677,28.64585],[77.03683,28.64382],[77.03774,28.64377],[77.03798,28.6432],[77.03992,28.64317],[77.04009,28.64417],[77.04166,28.64418],[77.04184,28.6443],[77.04179,28.64465],[77.04115,28.64478],[77.04113,28.64576],[77.0404,28.6459],[77.04041,28.64721],[77.04096,28.64729]]]}},{"type":"Feature","bbox":[77.02189,28.61894,77.03894,28.63437],"properties":{"ward":113,"name":"Mohan Garden 113"},"geometry":{"type":"Polygon","coordinates":[[[77.0268,28.63437],[77.02784,28.6336],[77.02912,28.6335],[77.03022,28.63314],[77.03065,28.6328],[77.03191,28.63271],[77.032,28.6315],[77.03223,28.6313],[77.03894,28.63116],[77.03882,28.62767],[77.0374,28.62829],[77.03553,28.62882],[77.03537,28.62852],[77.0352,28.62537],[77.03148,28.6254],[77.03126,28.6253],[77.0313,28.62391],[77.03459,28.6239],[77.03464,28.61945],[77.03447,28.61935],[77.03146,28.61894],[77.02715,28.61925],[77.0261,28.61937],[77.02409,28.62008],[77.02189,28.62051],[77.02229,28.62803],[77.02264,28.6292],[77.02383,28.63098],[77.02446,28.63224],[77.02433,28.63436],[77.0268,28.63437]]]}},{"type":"Feature","bbox":[77.03126,28.61945,77.05661,28.6377],"properties":{"ward":114,"name":"Nawada 114"},"geometry":{"type":"Polygon","coordinates":[[[77.03992,28.6377],[77.0448,28.63762],[77.04495,28.63738],[77.04492,28.63663],[77.04452,28.63617],[77.0444,28.63573],[77.04448,28.63396],[77.04486,28.6338],[77.04716,28.6338],[77.04711,28.63178],[77.04683,28.63115],[77.0465,28.63102],[77.04514,28.63102],[77.04477,28.6304],[77.04411,28.63028],[77.0439,28.63004],[77.04394,28.62934],[77.04481,28.62902],[77.0445,28.62763],[77.04493,28.62707],[77.04496,28.62624],[77.0451,28.62605],[77.04656,28.62582],[77.04811,28.62528],[77.05082,28.6279],[77.05143,28.62832],[77.05176,28.62827],[77.05192,28.62808],[77.05203,28.62701],[77.05313,28.62639],[77.05567,28.62628],[77.0559,28.62643],[77.05606,28.62714],[77.05635,28.6272],[77.05658,28.62707],[77.05661,28.62319],[77.05645,28.62299],[77.05591,28.62287],[77.05551,28.62256],[77.05497,28.62143],[77.05431,28.62148],[77.05029,28.62068],[77.04935,28.62068],[77.0446,28.62006],[77.04024,28.62018],[77.03464,28.61945],[77.03459,28.6239],[77.0313,28.62391],[77.03126,28.6253],[77.03148,28.6254],[77.0352,28.62537],[77.03537,28.62852],[77.03553,28.62882],[77.0374,28.62829],[77.03884,28.62768],[77.03894,28.63116],[77.03946,28.63125],[77.03962,28.63147],[77.03972,28.63751],[77.03992,28.6377]]]}},{"type":"Feature","bbox":[77.03146,28.61265,77.06872,28.62116],"properties":{"ward":115,"name":"Uttam Nagar 115"},"geometry":{"type":"Polygon","coordinates":[[[77.0527,28.62116],[77.05286,28.61749],[77.05702,28.61764],[77.05719,28.61801],[77.05698,28.61917],[77.05714,28.61942],[77.05745,28.61952],[77.05785,28.61932],[77.05791,28.61751],[77.05821,28.61724],[77.06051,28.6176],[77.06188,28.61883],[77.06662,28.61877],[77.06735,28.61841],[77.0687,28.61822],[77.06872,28.6151],[77.06748,28.61451],[77.06078,28.61453],[77.06065,28.61439],[77.06058,28.61308],[77.05935,28.61306],[77.05759,28.61265],[77.05661,28.61271],[77.05555,28.61316],[77.05476,28.61301],[77.05332,28.61308],[77.05303,28.61332],[77.05295,28.61467],[77.05086,28.61471],[77.05059,28.61488],[77.05061,28.6152],[77.05092,28.61548],[77.053,28.61561],[77.05311,28.61703],[77.05278,28.61739],[77.04886,28.61755],[77.04784,28.61742],[77.04762,28.61719],[77.04765,28.61599],[77.04745,28.61543],[77.04497,28.61538],[77.04474,28.61575],[77.04481,28.61749],[77.04451,28.61767],[77.04336,28.6178],[77.04315,28.61907],[77.03892,28.61949],[77.03739,28.61897],[77.03735,28.61839],[77.03786,28.61798],[77.03775,28.61761],[77.03619,28.61758],[77.03589,28.61736],[77.03588,28.61664],[77.03676,28.61627],[77.03655,28.61387],[77.03405,28.61381],[77.03368,28.61434],[77.03279,28.61461],[77.03223,28.61605],[77.03146,28.61894],[77.03929,28.6201],[77.0446,28.62006],[77.04935,28.62068],[77.05029,28.62068],[77.0527,28.62116]]]}},{"type":"Feature","bbox":[77.06049,28.60617,77.07648,28.61533],"properties":{"ward":116,"name":"Binda Pur 116"},"geometry":{"type":"Polygon","coordinates":[[[77.06913,28.61533],[77.07522,28.61526],[77.07548,28.61502],[77.07546,28.61413],[77.07602,28.61387],[77.07619,28.61337],[77.07648,28.6131],[77.07645,28.61133],[77.07627,28.61084],[77.07464,28.61062],[77.07313,28.61065],[77.07288,28.61052],[77.0728,28.60858],[77.07297,28.60841],[77.07357,28.6083],[77.0737,28.60807],[77.07355,28.6078],[77.07239,28.60763],[77.07232,28.60743],[77.06977,28.60738],[77.06818,28.60697],[77.0675,28.60647],[77.06574,28.60617],[77.06487,28.60677],[77.06437,28.60752],[77.06372,28.60799],[77.06316,28.60809],[77.06272,28.6084],[77.06235,28.60944],[77.06089,28.60949],[77.06049,28.60969],[77.06072,28.6145],[77.06748,28.61451],[77.06913,28.61533]]]}},{"type":"Feature","bbox":[77.08109,28.60072,77.10974,28.61345],"properties":{"ward":117,"name":"Dabri 117"},"geometry":{"type":"Polygon","coordinates":[[[77.08704,28.61345],[77.09691,28.60905],[77.09805,28.60895],[77.09989,28.60921],[77.10055,28.60916],[77.10879,28.60573],[77.10974,28.60526],[77.1097,28.60513],[77.10871,28.60381],[77.10206,28.60782],[77.09975,28.60828],[77.09961,28.60816],[77.09958,28.60636],[77.10007,28.60599],[77.09984,28.60553],[77.09609,28.60694],[77.09543,28.60566],[77.09497,28.6053],[77.0923,28.60172],[77.09112,28.6024],[77.09016,28.60156],[77.09003,28.60101],[77.08968,28.60072],[77.08854,28.6014],[77.08745,28.60138],[77.08665,28.60179],[77.08595,28.60191],[77.08518,28.603],[77.08294,28.6042],[77.08164,28.60521],[77.08118,28.60584],[77.08109,28.60627],[77.08272,28.60909],[77.08358,28.61023],[77.08398,28.6111],[77.08483,28.61175],[77.08588,28.61223],[77.0867,28.61339],[77.08704,28.61345]]]}},{"type":"Feature","bbox":[77.09255,28.59628,77.10871,28.60826],"properties":{"ward":118,"name":"Sagarpur 118"},"geometry":{"type":"Polygon","coordinates":[[[77.09967,28.60826],[77.10206,28.60782],[77.10871,28.60381],[77.10821,28.6034],[77.10266,28.59687],[77.10102,28.59782],[77.10026,28.59676],[77.09953,28.59628],[77.09798,28.59757],[77.09771,28.59761],[77.09741,28.59734],[77.09712,28.59731],[77.09626,28.59798],[77.09663,28.59854],[77.09621,28.59892],[77.09702,28.59942],[77.09654,28.59987],[77.09749,28.60124],[77.09755,28.60163],[77.09716,28.60151],[77.09518,28.60273],[77.09461,28.60209],[77.09394,28.60223],[77.09353,28.60171],[77.09255,28.60199],[77.09497,28.6053],[77.09543,28.60566],[77.09609,28.60694],[77.09984,28.60553],[77.10007,28.60599],[77.09958,28.60636],[77.09961,28.6081],[77.09967,28.60826]]]}},{"type":"Feature","bbox":[77.08058,28.58691,77.0976,28.6042],"properties":{"ward":119,"name":"Manglapuri 119"},"geometry":{"type":"Polygon","coordinates":[[[77.08294,28.6042],[77.08518,28.603],[77.08595,28.60191],[77.08665,28.60179],[77.08745,28.60138],[77.08854,28.6014],[77.08963,28.60072],[77.09003,28.60101],[77.09016,28.60156],[77.09116,28.60241],[77.09221,28.60173],[77.09255,28.60199],[77.09349,28.60171],[77.09394,28.60223],[77.09461,28.60209],[77.09518,28.60273],[77.09716,28.60151],[77.09742,28.60167],[77.0976,28.60152],[77.09654,28.59987],[77.09701,28.5994],[77.09621,28.59892],[77.09661,28.59859],[77.0966,28.59842],[77.095,28.59655],[77.09506,28.59592],[77.09462,28.59537],[77.09406,28.59533],[77.09333,28.59567],[77.09289,28.59606],[77.09232,28.59589],[77.09128,28.59616],[77.09101,28.59598],[77.09045,28.59498],[77.08987,28.59479],[77.08895,28.59286],[77.08907,28.59243],[77.08882,28.59155],[77.08881,28.58829],[77.08855,28.58809],[77.08764,28.58802],[77.0874,28.58725],[77.0869,28.58691],[77.08539,28.58721],[77.08477,28.58762],[77.08479,28.58901],[77.08503,28.58916],[77.08615,28.58916],[77.0863,28.58952],[77.08617,28.5899],[77.08286,28.59037],[77.08532,28.59191],[77.0854,28.59219],[77.08387,28.59208],[77.08278,28.59183],[77.08259,28.59155],[77.08267,28.59076],[77.08248,28.59039],[77.08154,28.59057],[77.08118,28.59198],[77.08058,28.59547],[77.08154,28.59847],[77.08294,28.6042]]]}},{"type":"Feature","bbox":[77.02927,28.55364,77.07182,28.5982],"properties":{"ward":120,"name":"Dwarka-B 120"},"geometry":{"type":"Polygon","coordinates":[[[77.06357,28.5982],[77.0652,28.59712],[77.07182,28.59475],[77.07148,28.59368],[77.07042,28.59194],[77.05786,28.57723],[77.05807,28.57686],[77.06654,28.57122],[77.06699,28.5705],[77.06713,28.56938],[77.0671,28.56607],[77.0669,28.56468],[77.06648,28.56308],[77.06543,28.56077],[77.06406,28.55892],[77.06372,28.55886],[77.06319,28.55906],[77.06275,28.55882],[77.0584,28.55376],[77.05814,28.55364],[77.0578,28.55376],[77.05284,28.55717],[77.05155,28.5597],[77.05118,28.55958],[77.05024,28.55843],[77.04989,28.5582],[77.04785,28.55897],[77.04737,28.559],[77.04701,28.55747],[77.0467,28.5572],[77.04382,28.5588],[77.03921,28.56045],[77.03908,28.56079],[77.0398,28.56628],[77.03962,28.56659],[77.03144,28.56736],[77.02927,28.56777],[77.0306,28.56951],[77.03281,28.57093],[77.0349,28.57287],[77.03687,28.57703],[77.03751,28.57777],[77.03735,28.5787],[77.0378,28.57868],[77.03809,28.579],[77.0388,28.57933],[77.03985,28.58079],[77.04077,28.58458],[77.03993,28.585],[77.03991,28.58514],[77.04226,28.58735],[77.04441,28.59012],[77.04991,28.5966],[77.05768,28.59145],[77.06315,28.59782],[77.06357,28.5982]]]}},{"type":"Feature","bbox":[77.01035,28.5787,77.06357,28.61288],"properties":{"ward":121,"name":"Dwarka-A 121"},"geometry":{"type":"Polygon","coordinates":[[[77.04439,28.61288],[77.04565,28.61196],[77.04614,28.61178],[77.04654,28.61175],[77.04697,28.61198],[77.04761,28.61182],[77.04906,28.61182],[77.0493,28.6113],[77.05085,28.61124],[77.05101,28.61037],[77.05153,28.61026],[77.05151,28.60933],[77.05029,28.60924],[77.05011,28.60867],[77.05157,28.60753],[77.05284,28.60618],[77.05338,28.60582],[77.05292,28.60503],[77.05297,28.60472],[77.05465,28.60401],[77.05585,28.60331],[77.06087,28.59999],[77.06118,28.60017],[77.06142,28.60134],[77.06171,28.60168],[77.06209,28.60172],[77.0626,28.60144],[77.06336,28.60135],[77.0635,28.60104],[77.06343,28.60004],[77.06223,28.59962],[77.06208,28.59931],[77.06357,28.5982],[77.05768,28.59145],[77.04993,28.59661],[77.04441,28.59012],[77.04226,28.58735],[77.03991,28.58514],[77.03993,28.585],[77.04077,28.58458],[77.04006,28.58135],[77.03924,28.57982],[77.0388,28.57933],[77.03809,28.579],[77.03783,28.5787],[77.03735,28.5787],[77.03731,28.57905],[77.03666,28.57964],[77.03158,28.58145],[77.02449,28.58291],[77.02052,28.58396],[77.01839,28.58437],[77.01755,28.58471],[77.0171,28.58557],[77.01717,28.58679],[77.01847,28.58956],[77.01853,28.59108],[77.01808,28.5917],[77.0171,28.59199],[77.01615,28.592],[77.01372,28.59131],[77.01212,28.59119],[77.01067,28.59183],[77.01035,28.59254],[77.01036,28.59308],[77.01102,28.59429],[77.01357,28.59557],[77.01435,28.59623],[77.01492,28.59762],[77.01525,28.59956],[77.01507,28.60015],[77.0142,28.6011],[77.01213,28.60256],[77.01141,28.60337],[77.0108,28.60465],[77.01046,28.60598],[77.01211,28.60599],[77.01242,28.6068],[77.01431,28.6088],[77.01449,28.60881],[77.01458,28.60864],[77.01447,28.60487],[77.01603,28.60426],[77.0163,28.60523],[77.01669,28.60536],[77.01713,28.60597],[77.01792,28.60575],[77.02067,28.60575],[77.02049,28.60191],[77.02285,28.60161],[77.02221,28.59961],[77.02203,28.59849],[77.02524,28.59814],[77.02638,28.59778],[77.02773,28.59709],[77.03556,28.60618],[77.04218,28.60176],[77.04281,28.6024],[77.04446,28.6036],[77.0469,28.60475],[77.04673,28.60586],[77.04168,28.60601],[77.04048,28.60682],[77.04052,28.6072],[77.04207,28.6076],[77.04253,28.6104],[77.04396,28.61048],[77.04402,28.61245],[77.04439,28.61288]]]}},{"type":"Feature","bbox":[77.03279,28.60176,77.05555,28.61948],"properties":{"ward":122,"name":"Matiala 122"},"geometry":{"type":"Polygon","coordinates":[[[77.03912,28.61948],[77.04315,28.61907],[77.04336,28.6178],[77.04451,28.61767],[77.04481,28.61749],[77.04474,28.61575],[77.04497,28.61538],[77.04745,28.61543],[77.04765,28.61599],[77.04762,28.61719],[77.04784,28.61742],[77.04886,28.61755],[77.05278,28.61739],[77.05311,28.61703],[77.053,28.61561],[77.05092,28.61548],[77.05061,28.6152],[77.05059,28.61488],[77.05086,28.61471],[77.05295,28.61467],[77.05303,28.61332],[77.0532,28.61309],[77.05476,28.61301],[77.05555,28.61316],[77.05539,28.60922],[77.05554,28.60751],[77.05492,28.6071],[77.05482,28.60493],[77.05462,28.60485],[77.05417,28.60507],[77.05284,28.60618],[77.05157,28.60753],[77.05016,28.60857],[77.05011,28.60899],[77.05029,28.60924],[77.05151,28.60933],[77.05153,28.61026],[77.05101,28.61037],[77.05085,28.61124],[77.0493,28.6113],[77.04906,28.61182],[77.04761,28.61182],[77.04697,28.61198],[77.04654,28.61175],[77.04614,28.61178],[77.04565,28.61196],[77.04439,28.61288],[77.04402,28.61245],[77.04396,28.61048],[77.04253,28.6104],[77.04207,28.6076],[77.04052,28.6072],[77.04048,28.60682],[77.04168,28.60601],[77.04673,28.60586],[77.0469,28.60475],[77.04446,28.6036],[77.04281,28.6024],[77.04218,28.60176],[77.03556,28.60618],[77.03279,28.61461],[77.03368,28.61434],[77.03405,28.61381],[77.03655,28.61387],[77.03676,28.61627],[77.03588,28.61664],[77.03589,28.61736],[77.03619,28.61758],[77.03775,28.61761],[77.03786,28.61798],[77.03735,28.61839],[77.03739,28.61897],[77.03848,28.61942],[77.03912,28.61948]]]}},{"type":"Feature","bbox":[77.00364,28.59709,77.03556,28.62077],"properties":{"ward":123,"name":"Kakrola 123"},"geometry":{"type":"Polygon","coordinates":[[[77.02099,28.62077],[77.02409,28.62008],[77.0261,28.61937],[77.03146,28.61894],[77.03223,28.61605],[77.03555,28.60634],[77.03556,28.60618],[77.03326,28.60344],[77.02773,28.59709],[77.02638,28.59778],[77.02524,28.59814],[77.02203,28.59849],[77.02221,28.59961],[77.02285,28.60161],[77.02049,28.60191],[77.02067,28.60575],[77.01792,28.60575],[77.01713,28.60597],[77.01669,28.60536],[77.0163,28.60523],[77.01603,28.60426],[77.0145,28.60485],[77.01439,28.60501],[77.01458,28.60864],[77.01441,28.60884],[77.01335,28.60791],[77.01242,28.6068],[77.01211,28.60599],[77.01046,28.60598],[77.01064,28.60708],[77.01222,28.60905],[77.01373,28.61035],[77.01537,28.61139],[77.01601,28.61203],[77.0161,28.61247],[77.01512,28.61258],[77.01396,28.61191],[77.01027,28.61139],[77.00802,28.61201],[77.00553,28.61244],[77.00415,28.61301],[77.00368,28.61364],[77.00364,28.61437],[77.00377,28.61461],[77.00592,28.61561],[77.01567,28.61915],[77.01992,28.62057],[77.02099,28.62077]]]}},{"type":"Feature","bbox":[76.87413,28.50075,77.02428,28.59859],"properties":{"ward":125,"name":"Chhawala 125"},"geometry":{"type":"Polygon","coordinates":[[[76.98468,28.59859],[76.98621,28.59813],[76.98674,28.59833],[76.98936,28.5983],[76.99008,28.59751],[76.99278,28.59753],[76.99295,28.59737],[76.99304,28.59685],[76.99336,28.59669],[76.9943,28.59673],[76.99454,28.5974],[76.99491,28.59754],[76.99753,28.59749],[76.99781,28.59735],[76.99813,28.59679],[76.99963,28.59681],[76.99964,28.59576],[77.00044,28.59144],[76.99809,28.59086],[76.99802,28.58874],[76.9982,28.58862],[77.00044,28.58858],[77.0004,28.58715],[77.00108,28.58701],[77.00113,28.58667],[77.00096,28.58653],[76.99874,28.58655],[76.99866,28.58576],[76.99834,28.58557],[76.99833,28.58499],[76.99981,28.58487],[76.99992,28.58433],[77.00071,28.58425],[77.00051,28.58381],[77.00306,28.58342],[77.00306,28.57849],[77.00502,28.57865],[77.00511,28.57681],[77.00862,28.576],[77.00351,28.56582],[77.00484,28.56524],[77.00631,28.56519],[77.0069,28.56459],[77.00689,28.56021],[77.02025,28.56005],[77.02041,28.56018],[77.02044,28.56066],[77.02241,28.56077],[77.02326,28.56077],[77.02428,28.56029],[77.02367,28.559],[77.02176,28.55607],[77.02056,28.55472],[77.01679,28.55183],[77.01568,28.55078],[77.01381,28.54753],[77.0129,28.54625],[77.01167,28.54523],[77.00901,28.54372],[77.00834,28.54288],[77.00734,28.54089],[77.00577,28.53983],[77.00474,28.53933],[77.00424,28.53888],[77.00106,28.53332],[77.00084,28.53208],[77.00097,28.53158],[77.00127,28.53132],[77.00288,28.53036],[77.00377,28.52952],[77.0052,28.52862],[77.00714,28.5277],[77.0084,28.52686],[77.00959,28.52655],[77.01073,28.52545],[77.01415,28.5244],[77.01591,28.52295],[77.01677,28.52171],[77.01691,28.52107],[77.01675,28.52069],[77.01263,28.51719],[77.01089,28.51544],[77.01038,28.51472],[77.00953,28.51472],[77.00587,28.51584],[77.00268,28.51725],[77.0,28.51782],[76.99683,28.51946],[76.99656,28.51924],[76.9955,28.51709],[76.99526,28.51703],[76.99466,28.5174],[76.99436,28.51737],[76.9922,28.51458],[76.99114,28.51361],[76.99077,28.51354],[76.98596,28.51563],[76.98331,28.51701],[76.98094,28.51921],[76.97847,28.52097],[76.97817,28.52081],[76.97616,28.51861],[76.97439,28.51781],[76.97341,28.51689],[76.97065,28.51528],[76.96969,28.51491],[76.96872,28.51425],[76.96513,28.51282],[76.96118,28.51024],[76.95725,28.5072],[76.95466,28.50542],[76.95282,28.50465],[76.94318,28.5044],[76.93956,28.50615],[76.93405,28.51],[76.93192,28.51006],[76.92795,28.5105],[76.92753,28.5104],[76.92675,28.50967],[76.92403,28.50792],[76.9215,28.50696],[76.92078,28.50691],[76.91922,28.5086],[76.91641,28.51056],[76.91482,28.51129],[76.91204,28.51224],[76.90993,28.51214],[76.90778,28.51331],[76.90623,28.51239],[76.90351,28.50961],[76.90271,28.50903],[76.90002,28.50958],[76.89815,28.50874],[76.89389,28.50304],[76.8927,28.50117],[76.89217,28.5008],[76.89122,28.50075],[76.88784,28.50115],[76.88565,28.50121],[76.88549,28.50145],[76.8858,28.50213],[76.88573,28.50243],[76.88419,28.50301],[76.88199,28.50448],[76.88139,28.50469],[76.88067,28.50531],[76.88051,28.50583],[76.88156,28.50965],[76.8837,28.51324],[76.88536,28.51714],[76.88696,28.5197],[76.88706,28.52014],[76.8862,28.52067],[76.88497,28.52096],[76.88207,28.52222],[76.87713,28.52475],[76.87452,28.52824],[76.87413,28.52934],[76.87413,28.52981],[76.87426,28.53019],[76.87487,28.53077],[76.87487,28.5315],[76.87457,28.53226],[76.87484,28.53389],[76.87501,28.53416],[76.87562,28.53451],[76.87632,28.53568],[76.87621,28.53816],[76.87987,28.53983],[76.8805,28.53972],[76.88239,28.53869],[76.88268,28.53873],[76.88281,28.54038],[76.88303,28.54054],[76.88447,28.54071],[76.88454,28.54151],[76.88425,28.54215],[76.88487,28.54246],[76.88589,28.54373],[76.88605,28.54748],[76.88649,28.54761],[76.89035,28.54754],[76.89103,28.54787],[76.89197,28.54789],[76.89218,28.54809],[76.89228,28.54898],[76.89347,28.54916],[76.89565,28.54826],[76.89856,28.54733],[76.89988,28.54766],[76.90167,28.54754],[76.90192,28.54842],[76.90296,28.5485],[76.90317,28.5487],[76.9032,28.55049],[76.90351,28.55064],[76.90441,28.55066],[76.90462,28.55089],[76.90461,28.55537],[76.90432,28.55557],[76.90295,28.55556],[76.90263,28.55573],[76.90262,28.55777],[76.90294,28.5581],[76.90725,28.55803],[76.91786,28.55575],[76.91823,28.5558],[76.91843,28.5563],[76.91877,28.5564],[76.92209,28.55562],[76.92251,28.55572],[76.9233,28.55761],[76.92374,28.55823],[76.92782,28.56295],[76.92982,28.56446],[76.93229,28.56792],[76.93219,28.56835],[76.92803,28.57085],[76.92624,28.57223],[76.92584,28.57287],[76.92693,28.57491],[76.92865,28.57697],[76.93379,28.58078],[76.93391,28.58168],[76.93452,28.58288],[76.93457,28.58401],[76.93441,28.58434],[76.93361,28.58467],[76.93359,28.5852],[76.93422,28.58545],[76.93486,28.58513],[76.93563,28.58514],[76.93598,28.58594],[76.93648,28.58617],[76.93676,28.58667],[76.93757,28.58694],[76.93859,28.58701],[76.93888,28.58739],[76.93961,28.58779],[76.94116,28.58762],[76.94186,28.5873],[76.94468,28.58732],[76.94494,28.58874],[76.94688,28.58889],[76.94705,28.5908],[76.94829,28.59111],[76.94838,28.59243],[76.94889,28.5926],[76.94903,28.59281],[76.94906,28.59528],[76.94918,28.59558],[76.94949,28.5956],[76.95072,28.59506],[76.95313,28.5936],[76.95394,28.59277],[76.95515,28.59202],[76.95524,28.59103],[76.95546,28.59083],[76.96092,28.59076],[76.96202,28.59178],[76.96324,28.59137],[76.96348,28.59116],[76.96362,28.59044],[76.96473,28.59023],[76.96501,28.58949],[76.96605,28.58932],[76.96621,28.5887],[76.96737,28.5884],[76.9676,28.58755],[76.96865,28.58709],[76.96918,28.58654],[76.96952,28.58674],[76.97045,28.58842],[76.97243,28.59001],[76.97688,28.59188],[76.97804,28.59265],[76.97874,28.59273],[76.97985,28.59481],[76.98335,28.59497],[76.98351,28.59856],[76.98468,28.59859]]]}},{"type":"Feature","bbox":[76.83871,28.53053,76.9837,28.63313],"properties":{"ward":126,"name":"Isapur 126"},"geometry":{"type":"Polygon","coordinates":[[[76.94442,28.63313],[76.94835,28.63184],[76.94804,28.61681],[76.9474,28.61647],[76.94731,28.61118],[76.94708,28.61112],[76.94605,28.61164],[76.94586,28.61131],[76.94525,28.61126],[76.94511,28.61086],[76.94418,28.61084],[76.94331,28.60948],[76.9435,28.6091],[76.94325,28.60872],[76.94259,28.60891],[76.94214,28.60839],[76.94174,28.60843],[76.94115,28.60776],[76.94071,28.60769],[76.94049,28.60729],[76.93962,28.60703],[76.93813,28.60627],[76.93765,28.60586],[76.93772,28.6057],[76.93916,28.60472],[76.93932,28.60578],[76.94006,28.60597],[76.94016,28.6067],[76.94102,28.60686],[76.94108,28.60631],[76.94171,28.60623],[76.94176,28.60561],[76.94233,28.60546],[76.9423,28.60389],[76.94207,28.60341],[76.94416,28.60333],[76.94414,28.60218],[76.94546,28.6017],[76.94557,28.60231],[76.94577,28.60251],[76.94587,28.60337],[76.94893,28.60338],[76.95005,28.60668],[76.95081,28.60669],[76.951,28.60654],[76.95125,28.60669],[76.95259,28.60667],[76.95335,28.60653],[76.95342,28.60719],[76.953,28.60727],[76.95295,28.60741],[76.95311,28.60769],[76.95357,28.60773],[76.95372,28.60805],[76.95388,28.60795],[76.9539,28.60672],[76.95498,28.60667],[76.95526,28.6073],[76.95539,28.60835],[76.96709,28.60917],[76.97492,28.61113],[76.97501,28.61089],[76.97401,28.60889],[76.97438,28.60861],[76.97499,28.60754],[76.9755,28.60706],[76.97868,28.61054],[76.9792,28.61136],[76.98237,28.60979],[76.98163,28.60866],[76.9816,28.60614],[76.9837,28.60611],[76.98346,28.59525],[76.98335,28.59497],[76.97985,28.59481],[76.97874,28.59273],[76.97804,28.59265],[76.97688,28.59188],[76.97243,28.59001],[76.97045,28.58842],[76.96952,28.58674],[76.96918,28.58654],[76.96865,28.58709],[76.9676,28.58755],[76.96737,28.5884],[76.96621,28.5887],[76.96605,28.58932],[76.96501,28.58949],[76.96473,28.59023],[76.96362,28.59044],[76.96348,28.59116],[76.96324,28.59137],[76.96202,28.59178],[76.96092,28.59076],[76.95546,28.59083],[76.95524,28.59103],[76.95515,28.59202],[76.95394,28.59277],[76.95313,28.5936],[76.95072,28.59506],[76.94949,28.5956],[76.94918,28.59558],[76.94906,28.59528],[76.94903,28.59281],[76.94889,28.5926],[76.94838,28.59243],[76.94829,28.59111],[76.94705,28.5908],[76.94688,28.58889],[76.94494,28.58874],[76.94468,28.58732],[76.94186,28.5873],[76.94116,28.58762],[76.93961,28.58779],[76.93888,28.58739],[76.93859,28.58701],[76.93757,28.58694],[76.93676,28.58667],[76.93648,28.58617],[76.93598,28.58594],[76.93563,28.58514],[76.93486,28.58513],[76.93422,28.58545],[76.93359,28.5852],[76.93361,28.58467],[76.93441,28.58434],[76.93457,28.58401],[76.93452,28.58288],[76.93391,28.58168],[76.93379,28.58078],[76.92865,28.57697],[76.92693,28.57491],[76.92584,28.57287],[76.92624,28.57223],[76.92803,28.57085],[76.93219,28.56835],[76.93229,28.56792],[76.92982,28.56446],[76.92782,28.56295],[76.92374,28.55823],[76.9233,28.55761],[76.92251,28.55572],[76.92209,28.55562],[76.91877,28.5564],[76.91843,28.5563],[76.91823,28.5558],[76.91786,28.55575],[76.90725,28.55803],[76.90279,28.55805],[76.9026,28.55753],[76.90263,28.55573],[76.90295,28.55556],[76.90441,28.55556],[76.90463,28.55521],[76.90462,28.55089],[76.90441,28.55066],[76.90351,28.55064],[76.9032,28.55049],[76.90309,28.54857],[76.90192,28.54842],[76.90158,28.54749],[76.89988,28.54766],[76.89866,28.54732],[76.89328,28.54916],[76.89228,28.54898],[76.89218,28.54809],[76.89197,28.54789],[76.89103,28.54787],[76.89035,28.54754],[76.88612,28.54754],[76.88596,28.54721],[76.88589,28.54373],[76.88487,28.54246],[76.88425,28.54215],[76.88454,28.54151],[76.88447,28.54071],[76.88303,28.54054],[76.88281,28.54038],[76.88268,28.53873],[76.88239,28.53869],[76.8805,28.53972],[76.87987,28.53983],[76.87621,28.53816],[76.87632,28.53568],[76.87562,28.53451],[76.87501,28.53416],[76.87484,28.53389],[76.87457,28.53226],[76.87487,28.5315],[76.87489,28.53092],[76.87459,28.53053],[76.87369,28.53054],[76.87249,28.53085],[76.87243,28.53106],[76.87307,28.53239],[76.87271,28.53269],[76.87266,28.53312],[76.8721,28.53333],[76.87155,28.53331],[76.87038,28.53383],[76.86921,28.53409],[76.86874,28.53462],[76.86875,28.53516],[76.8674,28.53596],[76.86607,28.54124],[76.86551,28.54213],[76.86534,28.5428],[76.86429,28.54365],[76.86175,28.54508],[76.8601,28.54578],[76.85894,28.54597],[76.85604,28.54703],[76.85413,28.54734],[76.85022,28.54859],[76.84906,28.54873],[76.84643,28.54941],[76.84512,28.55033],[76.84513,28.55137],[76.84495,28.5521],[76.84308,28.55484],[76.84287,28.55548],[76.84237,28.55594],[76.84198,28.55704],[76.84208,28.55818],[76.84178,28.56045],[76.8422,28.56277],[76.84169,28.5641],[76.84085,28.56759],[76.84011,28.56949],[76.84016,28.5713],[76.83881,28.57288],[76.83871,28.57364],[76.83889,28.57439],[76.83892,28.57767],[76.83938,28.58256],[76.84078,28.58271],[76.84363,28.58394],[76.84613,28.58464],[76.84913,28.58477],[76.85447,28.58532],[76.8587,28.5849],[76.86128,28.58503],[76.86325,28.58526],[76.8644,28.58564],[76.86499,28.58707],[76.86594,28.58831],[76.86679,28.58895],[76.86792,28.59085],[76.87015,28.59729],[76.87072,28.6002],[76.87146,28.60252],[76.87395,28.60485],[76.87538,28.60586],[76.87819,28.60955],[76.88037,28.61454],[76.88168,28.61866],[76.88262,28.62016],[76.8832,28.6218],[76.88393,28.62302],[76.88378,28.62407],[76.88418,28.62612],[76.885,28.62809],[76.88653,28.63044],[76.88711,28.63061],[76.88755,28.63125],[76.88849,28.6319],[76.88991,28.6319],[76.89175,28.63147],[76.89311,28.63142],[76.89556,28.63021],[76.89786,28.62862],[76.8993,28.62734],[76.90271,28.62581],[76.90639,28.62362],[76.90672,28.6238],[76.90748,28.62553],[76.90946,28.62797],[76.91167,28.63008],[76.91411,28.63204],[76.91872,28.63153],[76.92066,28.63087],[76.92207,28.62962],[76.92417,28.62757],[76.92672,28.62426],[76.92794,28.62294],[76.93171,28.62039],[76.93343,28.61902],[76.93501,28.61835],[76.9372,28.62124],[76.93925,28.62314],[76.94219,28.62684],[76.94351,28.63087],[76.94442,28.63313]]]}},{"type":"Feature","bbox":[76.92482,28.6017,76.98583,28.66991],"properties":{"ward":127,"name":"Najafgarh 127"},"geometry":{"type":"Polygon","coordinates":[[[76.94816,28.66991],[76.95062,28.66942],[76.95228,28.66943],[76.9538,28.66891],[76.95348,28.66756],[76.9543,28.66684],[76.95438,28.66477],[76.95435,28.66337],[76.9537,28.66315],[76.95363,28.66171],[76.95285,28.66165],[76.9509,28.66085],[76.94792,28.65851],[76.94789,28.65829],[76.94862,28.65682],[76.94905,28.65632],[76.95195,28.65629],[76.95175,28.65678],[76.95194,28.65734],[76.95221,28.65769],[76.95312,28.65773],[76.95352,28.65864],[76.95356,28.65636],[76.95395,28.65621],[76.95399,28.65572],[76.95732,28.65555],[76.95743,28.65489],[76.95682,28.65455],[76.95647,28.65347],[76.95582,28.65265],[76.95568,28.65031],[76.95544,28.64985],[76.9548,28.64972],[76.95451,28.64874],[76.95719,28.64449],[76.96217,28.63591],[76.96647,28.62888],[76.9697,28.62447],[76.97197,28.62189],[76.97279,28.62026],[76.97493,28.61825],[76.97522,28.61768],[76.97529,28.61656],[76.97552,28.61619],[76.97677,28.61508],[76.97998,28.61344],[76.98028,28.61346],[76.98241,28.61545],[76.98464,28.61459],[76.98575,28.61352],[76.98583,28.61271],[76.98556,28.6119],[76.98568,28.61073],[76.98538,28.60918],[76.98553,28.60805],[76.98476,28.60739],[76.98429,28.60662],[76.9837,28.60611],[76.9816,28.60614],[76.98163,28.60866],[76.98237,28.60979],[76.97917,28.61137],[76.97868,28.61054],[76.9755,28.60706],[76.97499,28.60754],[76.97438,28.60861],[76.97401,28.60889],[76.97501,28.61089],[76.97492,28.61113],[76.96709,28.60917],[76.95539,28.60835],[76.95526,28.6073],[76.95498,28.60667],[76.9539,28.60672],[76.95388,28.60795],[76.95372,28.60805],[76.95357,28.60773],[76.95311,28.60769],[76.95295,28.60741],[76.953,28.60727],[76.95342,28.60719],[76.95335,28.60653],[76.95259,28.60667],[76.95125,28.60669],[76.951,28.60654],[76.95081,28.60669],[76.95005,28.60668],[76.94893,28.60338],[76.94587,28.60337],[76.94577,28.60251],[76.94557,28.60231],[76.94546,28.6017],[76.94414,28.60218],[76.94416,28.60333],[76.94207,28.60341],[76.9423,28.60389],[76.94233,28.60546],[76.94176,28.60561],[76.94171,28.60623],[76.94108,28.60631],[76.94102,28.60686],[76.94016,28.6067],[76.94006,28.60597],[76.93932,28.60578],[76.93916,28.60472],[76.93765,28.60578],[76.93813,28.60627],[76.93962,28.60703],[76.94049,28.60729],[76.94071,28.60769],[76.94115,28.60776],[76.94174,28.60843],[76.94214,28.60839],[76.94259,28.60891],[76.94325,28.60872],[76.9435,28.6091],[76.94331,28.60948],[76.94418,28.61084],[76.94511,28.61086],[76.94525,28.61126],[76.94586,28.61131],[76.94605,28.61164],[76.94729,28.61114],[76.9474,28.61647],[76.94804,28.61681],[76.94834,28.63187],[76.94537,28.63295],[76.94399,28.63315],[76.94252,28.63365],[76.93963,28.63505],[76.93799,28.63615],[76.9352,28.63865],[76.93349,28.64043],[76.93149,28.64202],[76.93072,28.64289],[76.92953,28.6449],[76.92862,28.64565],[76.92806,28.64653],[76.92672,28.64784],[76.92499,28.64911],[76.92482,28.64951],[76.92534,28.65064],[76.92831,28.65507],[76.92884,28.65619],[76.93106,28.65922],[76.93156,28.6605],[76.93247,28.66203],[76.93319,28.66525],[76.93466,28.66714],[76.93526,28.66759],[76.93566,28.66769],[76.94191,28.66819],[76.94286,28.66813],[76.94461,28.66919],[76.94563,28.66928],[76.94816,28.66991]]]}},{"type":"Feature","bbox":[76.94789,28.61242,77.01153,28.66684],"properties":{"ward":128,"name":"Dichaon Kalan 128"},"geometry":{"type":"Polygon","coordinates":[[[76.9543,28.66684],[76.95805,28.66463],[76.96174,28.66138],[76.96317,28.66063],[76.96496,28.66001],[76.9671,28.65956],[76.96863,28.65899],[76.9699,28.65878],[76.97035,28.6585],[76.97074,28.65793],[76.97312,28.65722],[76.97429,28.65706],[76.97678,28.65715],[76.97737,28.65698],[76.97831,28.65616],[76.97933,28.65447],[76.98197,28.65199],[76.98382,28.65062],[76.98485,28.64937],[76.99048,28.64921],[76.99058,28.64823],[76.99044,28.64648],[76.98898,28.6449],[76.98888,28.64459],[76.99011,28.64371],[76.99056,28.64312],[76.99115,28.64093],[76.9916,28.63987],[76.9926,28.63906],[76.99455,28.63789],[76.99641,28.63638],[76.99795,28.63394],[76.99969,28.63391],[76.99977,28.63425],[76.99917,28.63463],[76.99927,28.63487],[76.99979,28.63517],[76.99937,28.63603],[76.99748,28.63811],[76.99749,28.63836],[77.0001,28.64022],[77.00053,28.64012],[77.00203,28.63849],[77.00281,28.63682],[77.00393,28.63505],[77.0043,28.6352],[77.0075,28.6381],[77.01052,28.6381],[77.01153,28.63796],[77.01145,28.63029],[77.01111,28.62988],[77.01004,28.62976],[77.00993,28.6283],[77.00868,28.62823],[77.00772,28.62762],[77.00536,28.62767],[77.00522,28.62744],[77.00515,28.62626],[77.00402,28.62495],[77.00229,28.6262],[77.00153,28.62697],[77.00065,28.62883],[77.0003,28.62901],[76.99755,28.62793],[76.99632,28.62682],[76.996,28.62625],[76.99505,28.62524],[76.99431,28.62505],[76.99402,28.62446],[76.99149,28.62167],[76.99167,28.6213],[76.99324,28.62027],[76.99348,28.61914],[76.99619,28.61903],[76.99891,28.6182],[76.99904,28.61728],[76.9996,28.61695],[76.99945,28.61348],[76.99806,28.61345],[76.99518,28.61279],[76.99167,28.61249],[76.98892,28.61242],[76.98581,28.61261],[76.98583,28.61338],[76.98554,28.61378],[76.98464,28.61459],[76.98356,28.61509],[76.98232,28.61543],[76.98028,28.61346],[76.97998,28.61344],[76.97677,28.61508],[76.97552,28.61619],[76.97529,28.61656],[76.97522,28.61768],[76.97493,28.61825],[76.97279,28.62026],[76.97197,28.62189],[76.9697,28.62447],[76.96647,28.62888],[76.96217,28.63591],[76.95719,28.64449],[76.95451,28.64874],[76.9548,28.64972],[76.95544,28.64985],[76.95568,28.65031],[76.95582,28.65265],[76.95647,28.65347],[76.95682,28.65455],[76.95743,28.65489],[76.95733,28.65554],[76.95399,28.65572],[76.95395,28.65621],[76.95356,28.65636],[76.95355,28.65863],[76.95312,28.65773],[76.95221,28.65769],[76.95194,28.65734],[76.95175,28.65678],[76.95199,28.6564],[76.95187,28.65627],[76.94899,28.65633],[76.94789,28.65829],[76.94799,28.65858],[76.9509,28.66085],[76.95285,28.66165],[76.95364,28.66173],[76.9537,28.66315],[76.95436,28.66341],[76.9543,28.66684]]]}},{"type":"Feature","bbox":[76.98351,28.59669,77.01616,28.61707],"properties":{"ward":129,"name":"Roshan Pura 129"},"geometry":{"type":"Polygon","coordinates":[[[77.0043,28.61707],[77.00751,28.6162],[77.00521,28.6153],[77.00368,28.61451],[77.00364,28.6138],[77.00388,28.61325],[77.00515,28.61258],[77.01027,28.61139],[77.01396,28.61191],[77.01512,28.61258],[77.01574,28.61261],[77.01616,28.61239],[77.01601,28.61203],[77.01537,28.61139],[77.01373,28.61035],[77.01222,28.60905],[77.01084,28.60738],[77.01051,28.60664],[77.01056,28.60546],[77.01141,28.60337],[77.01213,28.60256],[77.01387,28.6014],[77.01459,28.60069],[77.01322,28.60051],[77.00916,28.6007],[77.00826,28.60059],[77.00736,28.60099],[77.00369,28.60099],[76.99885,28.60301],[76.99859,28.60288],[76.99855,28.60266],[76.99894,28.60043],[76.99878,28.60022],[76.99803,28.60005],[76.99793,28.59935],[76.99812,28.59915],[76.99906,28.59901],[76.99935,28.5986],[76.99981,28.59841],[77.00004,28.59803],[77.00053,28.59776],[77.00058,28.5971],[77.00031,28.59687],[76.99837,28.59675],[76.99803,28.59683],[76.99781,28.59735],[76.99753,28.59749],[76.99491,28.59754],[76.99454,28.5974],[76.9943,28.59673],[76.99336,28.59669],[76.99304,28.59685],[76.99295,28.59737],[76.99278,28.59753],[76.99008,28.59751],[76.98936,28.5983],[76.98674,28.59833],[76.98621,28.59813],[76.98494,28.59857],[76.98351,28.59856],[76.9837,28.60611],[76.98429,28.60662],[76.98476,28.60739],[76.98553,28.60805],[76.98538,28.60918],[76.98568,28.61073],[76.98556,28.61201],[76.98581,28.61261],[76.99079,28.61243],[76.99495,28.61277],[76.99741,28.61336],[76.99939,28.61346],[76.9996,28.61695],[77.0043,28.61707]]]}},{"type":"Feature","bbox":[77.00734,28.52565,77.07999,28.58624],"properties":{"ward":130,"name":"Dwarka-C 130"},"geometry":{"type":"Polygon","coordinates":[[[77.06551,28.58624],[77.06644,28.58551],[77.06657,28.58424],[77.06677,28.58398],[77.07357,28.57937],[77.07478,28.57891],[77.07729,28.57872],[77.07637,28.57503],[77.07607,28.5728],[77.07999,28.57044],[77.07117,28.55994],[77.07158,28.5593],[77.07561,28.55808],[77.07717,28.55743],[77.0774,28.55686],[77.07676,28.55455],[77.07602,28.55297],[77.07552,28.55281],[77.07073,28.55372],[77.06826,28.55404],[77.06658,28.55468],[77.06306,28.55032],[77.0491,28.53405],[77.0474,28.53472],[77.04557,28.53512],[77.04544,28.53372],[77.04612,28.53355],[77.0461,28.53147],[77.04657,28.53125],[77.04189,28.52565],[77.03238,28.53101],[77.02718,28.53209],[77.02414,28.53292],[77.02118,28.53533],[77.01764,28.53744],[77.01686,28.5389],[77.01454,28.53975],[77.01351,28.54043],[77.01208,28.54],[77.01021,28.54019],[77.0096,28.53982],[77.00831,28.54062],[77.00734,28.54089],[77.0088,28.54354],[77.00983,28.54426],[77.01167,28.54523],[77.0129,28.54625],[77.01598,28.5511],[77.02056,28.55472],[77.02176,28.55607],[77.02367,28.559],[77.02492,28.56167],[77.02572,28.56303],[77.02814,28.56593],[77.02927,28.56777],[77.03144,28.56736],[77.03962,28.56659],[77.0398,28.56628],[77.03908,28.56079],[77.03921,28.56045],[77.04382,28.5588],[77.0467,28.5572],[77.04701,28.55747],[77.04737,28.559],[77.04785,28.55897],[77.04989,28.5582],[77.05024,28.55843],[77.05118,28.55958],[77.05155,28.5597],[77.05284,28.55717],[77.0578,28.55376],[77.05814,28.55364],[77.0584,28.55376],[77.06275,28.55882],[77.06319,28.55906],[77.06372,28.55886],[77.06406,28.55892],[77.06543,28.56077],[77.06648,28.56308],[77.0669,28.56468],[77.0671,28.56607],[77.06713,28.56938],[77.06699,28.5705],[77.06654,28.57122],[77.05807,28.57686],[77.05786,28.57723],[77.06516,28.58586],[77.06551,28.58624]]]}},{"type":"Feature","bbox":[77.04189,28.5122,77.10998,28.54604],"properties":{"ward":131,"name":"Bijwasan 131"},"geometry":{"type":"Polygon","coordinates":[[[77.05939,28.54604],[77.06106,28.54514],[77.0694,28.54316],[77.0734,28.54242],[77.08016,28.54085],[77.08334,28.53963],[77.0851,28.5392],[77.08801,28.53867],[77.09092,28.53835],[77.10135,28.53638],[77.10438,28.53595],[77.10998,28.53471],[77.10615,28.53271],[77.10513,28.53184],[77.0982,28.52166],[77.09713,28.5223],[77.09236,28.52618],[77.08958,28.52805],[77.0851,28.53149],[77.0841,28.53189],[77.08379,28.5317],[77.08158,28.53155],[77.08044,28.53115],[77.07917,28.53035],[77.07667,28.52774],[77.0766,28.52735],[77.07461,28.5249],[77.07386,28.52339],[77.07354,28.52305],[77.07347,28.52266],[77.07201,28.52029],[77.07194,28.51925],[77.0714,28.5176],[77.06777,28.51318],[77.06734,28.51226],[77.06644,28.51221],[77.06427,28.51263],[77.06125,28.5122],[77.05932,28.51236],[77.05761,28.51281],[77.05607,28.51365],[77.05453,28.51426],[77.04878,28.516],[77.04618,28.51657],[77.04614,28.51689],[77.04698,28.5188],[77.04805,28.52049],[77.04811,28.52081],[77.04438,28.52287],[77.04336,28.52383],[77.04322,28.5248],[77.04189,28.52565],[77.04657,28.53125],[77.0461,28.53147],[77.04612,28.53355],[77.04544,28.53372],[77.04557,28.53512],[77.0474,28.53472],[77.0491,28.53405],[77.05874,28.5454],[77.05939,28.54604]]]}},{"type":"Feature","bbox":[77.07201,28.51412,77.0982,28.53189],"properties":{"ward":132,"name":"Kapashera 132"},"geometry":{"type":"Polygon","coordinates":[[[77.0841,28.53189],[77.08546,28.53125],[77.08958,28.52805],[77.09236,28.52618],[77.09713,28.5223],[77.0982,28.52166],[77.09317,28.51412],[77.08957,28.51495],[77.08588,28.51618],[77.08377,28.51667],[77.0806,28.5179],[77.07873,28.51826],[77.07484,28.51867],[77.07201,28.52029],[77.07347,28.52266],[77.07354,28.52305],[77.07386,28.52339],[77.07461,28.5249],[77.0766,28.52735],[77.07667,28.52774],[77.07917,28.53035],[77.08002,28.53095],[77.08118,28.53146],[77.08229,28.53168],[77.08379,28.5317],[77.0841,28.53189]]]}},{"type":"Feature","bbox":[77.05939,28.52208,77.15345,28.56611],"properties":{"ward":133,"name":"Mahipalpur 133"},"geometry":{"type":"Polygon","coordinates":[[[77.07636,28.56611],[77.08184,28.56479],[77.08164,28.56381],[77.08173,28.56337],[77.08338,28.56271],[77.08462,28.56074],[77.0847,28.56045],[77.08455,28.56019],[77.08359,28.55971],[77.08345,28.55944],[77.08463,28.55756],[77.08538,28.55691],[77.0889,28.55604],[77.08999,28.55666],[77.09263,28.55691],[77.10035,28.55502],[77.10668,28.55371],[77.11041,28.5526],[77.11095,28.55306],[77.11157,28.55308],[77.11208,28.55249],[77.11364,28.55155],[77.11481,28.55184],[77.11658,28.55201],[77.11928,28.55086],[77.11969,28.55088],[77.11994,28.55113],[77.12077,28.55373],[77.12138,28.55343],[77.12409,28.55275],[77.12342,28.55027],[77.12339,28.54965],[77.12358,28.54927],[77.12506,28.54781],[77.12545,28.54794],[77.1301,28.55161],[77.13096,28.55246],[77.13159,28.55337],[77.13272,28.55307],[77.13321,28.55377],[77.13392,28.55385],[77.13628,28.55336],[77.13658,28.55311],[77.13633,28.5525],[77.13603,28.54961],[77.13648,28.54919],[77.13657,28.54876],[77.13624,28.54547],[77.13706,28.54509],[77.13712,28.54443],[77.13929,28.54422],[77.13975,28.5438],[77.14133,28.5414],[77.14167,28.54142],[77.14222,28.54202],[77.1436,28.54169],[77.14632,28.54023],[77.14645,28.53986],[77.14562,28.53874],[77.14561,28.53841],[77.1485,28.53667],[77.14843,28.5364],[77.14515,28.532],[77.14853,28.52949],[77.14977,28.53122],[77.15025,28.53088],[77.15306,28.53108],[77.15322,28.53026],[77.15343,28.52996],[77.15345,28.52875],[77.1532,28.5286],[77.15061,28.52848],[77.15026,28.52817],[77.14964,28.52863],[77.14864,28.52761],[77.1477,28.52816],[77.14658,28.5268],[77.14607,28.52493],[77.14472,28.5252],[77.14507,28.52669],[77.14477,28.52694],[77.14506,28.52768],[77.14556,28.52831],[77.14684,28.52758],[77.14809,28.52923],[77.14541,28.53145],[77.14352,28.53255],[77.14331,28.53217],[77.14327,28.53023],[77.14349,28.53006],[77.14451,28.52995],[77.14473,28.52964],[77.1443,28.52896],[77.14395,28.52767],[77.14292,28.52585],[77.1422,28.52385],[77.13574,28.52386],[77.13477,28.52398],[77.13445,28.52361],[77.13423,28.52224],[77.134,28.52208],[77.13278,28.52255],[77.13252,28.52307],[77.13243,28.52396],[77.13206,28.52419],[77.13157,28.52412],[77.13073,28.52353],[77.1299,28.5234],[77.12481,28.52409],[77.12343,28.52309],[77.12308,28.52303],[77.12276,28.52351],[77.1224,28.52373],[77.12102,28.52404],[77.12069,28.52426],[77.1202,28.52492],[77.11995,28.5261],[77.11783,28.52624],[77.11768,28.52759],[77.11657,28.52897],[77.11545,28.52967],[77.1139,28.52986],[77.11386,28.53025],[77.11414,28.53081],[77.11404,28.53099],[77.11294,28.53097],[77.11224,28.53078],[77.11159,28.53114],[77.11061,28.53098],[77.11014,28.53115],[77.10997,28.53143],[77.10986,28.53274],[77.10869,28.53405],[77.10993,28.53463],[77.10993,28.53477],[77.10914,28.5348],[77.10438,28.53595],[77.10135,28.53638],[77.09092,28.53835],[77.08801,28.53867],[77.0851,28.5392],[77.08334,28.53963],[77.08016,28.54085],[77.0734,28.54242],[77.0694,28.54316],[77.06106,28.54514],[77.05939,28.54604],[77.06662,28.55471],[77.06826,28.55404],[77.07073,28.55372],[77.07487,28.55286],[77.07565,28.55281],[77.07602,28.55297],[77.07676,28.55455],[77.07727,28.55623],[77.07741,28.55699],[77.07721,28.55738],[77.07561,28.55808],[77.07158,28.5593],[77.07117,28.55994],[77.0762,28.56596],[77.07636,28.56611]]]}},{"type":"Feature","bbox":[77.07606,28.57044,77.08989,28.5867],"properties":{"ward":134,"name":"Raj Nagar 134"},"geometry":{"type":"Polygon","coordinates":[[[77.0783,28.5867],[77.08196,28.58632],[77.08385,28.58552],[77.08787,28.58308],[77.08989,28.58206],[77.08509,28.57627],[77.07999,28.57044],[77.07606,28.57284],[77.07637,28.57503],[77.07767,28.58043],[77.07779,28.58548],[77.07791,28.58651],[77.0783,28.5867]]]}},{"type":"Feature","bbox":[77.06551,28.57872,77.0915,28.59475],"properties":{"ward":135,"name":"Palam 135"},"geometry":{"type":"Polygon","coordinates":[[[77.07182,28.59475],[77.0811,28.59239],[77.08148,28.59067],[77.08182,28.59043],[77.08248,28.59039],[77.08267,28.59076],[77.08259,28.59155],[77.08278,28.59183],[77.08387,28.59208],[77.0854,28.59219],[77.08532,28.59191],[77.08286,28.59037],[77.08489,28.59017],[77.08623,28.58984],[77.08629,28.58941],[77.08615,28.58916],[77.08503,28.58916],[77.08479,28.58901],[77.08484,28.58749],[77.08539,28.58721],[77.0867,28.58694],[77.0915,28.58379],[77.08989,28.58206],[77.08787,28.58308],[77.08385,28.58552],[77.08196,28.58632],[77.0781,28.58669],[77.07788,28.58642],[77.07779,28.58548],[77.07767,28.58043],[77.07729,28.57872],[77.07478,28.57891],[77.0738,28.57924],[77.06677,28.58398],[77.06657,28.58424],[77.06644,28.58551],[77.06551,28.58624],[77.07042,28.59194],[77.07148,28.59368],[77.07182,28.59475]]]}},{"type":"Feature","bbox":[77.05292,28.59475,77.0721,28.61316],"properties":{"ward":136,"name":"Madhu Vihar 136"},"geometry":{"type":"Polygon","coordinates":[[[77.05555,28.61316],[77.05661,28.61271],[77.05733,28.61263],[77.05952,28.61309],[77.06058,28.61308],[77.06049,28.60969],[77.06089,28.60949],[77.06235,28.60944],[77.06272,28.6084],[77.06316,28.60809],[77.06372,28.60799],[77.06358,28.60501],[77.06385,28.6048],[77.0651,28.60482],[77.06546,28.60467],[77.06548,28.60278],[77.0656,28.60254],[77.06619,28.60222],[77.06618,28.60155],[77.06597,28.60107],[77.06612,28.60083],[77.06641,28.60074],[77.06684,28.60088],[77.06875,28.60237],[77.07014,28.60304],[77.07142,28.60019],[77.07191,28.5987],[77.0721,28.59666],[77.07182,28.59475],[77.0652,28.59712],[77.06226,28.59906],[77.06208,28.59931],[77.06223,28.59962],[77.06343,28.60004],[77.0635,28.60104],[77.06336,28.60135],[77.0626,28.60144],[77.06209,28.60172],[77.06171,28.60168],[77.06142,28.60134],[77.06118,28.60017],[77.06087,28.59999],[77.05585,28.60331],[77.05465,28.60401],[77.05297,28.60472],[77.05292,28.60503],[77.05338,28.60582],[77.05431,28.60497],[77.05462,28.60485],[77.05486,28.60501],[77.05492,28.6071],[77.05554,28.60751],[77.05539,28.60922],[77.05545,28.61248],[77.05555,28.61316]]]}},{"type":"Feature","bbox":[77.07014,28.59239,77.08382,28.61083],"properties":{"ward":137,"name":"Mahavir Enclave 137"},"geometry":{"type":"Polygon","coordinates":[[[77.08382,28.61083],[77.08272,28.60909],[77.08109,28.60627],[77.08151,28.60534],[77.08294,28.6042],[77.08154,28.59847],[77.08058,28.59547],[77.0811,28.59239],[77.07182,28.59475],[77.0721,28.59666],[77.07191,28.5987],[77.07142,28.60019],[77.07014,28.60304],[77.0716,28.60371],[77.07213,28.60467],[77.07279,28.60531],[77.07564,28.60633],[77.07873,28.60774],[77.08215,28.61042],[77.08382,28.61083]]]}},{"type":"Feature","bbox":[77.0867,28.58379,77.10266,28.59798],"properties":{"ward":138,"name":"Sadh Nagar 138"},"geometry":{"type":"Polygon","coordinates":[[[77.09626,28.59798],[77.09712,28.59731],[77.09741,28.59734],[77.09771,28.59761],[77.09798,28.59757],[77.09946,28.59628],[77.09982,28.59638],[77.10026,28.59676],[77.10102,28.59782],[77.10266,28.59687],[77.0915,28.58379],[77.0867,28.58694],[77.0869,28.58691],[77.0874,28.58725],[77.08764,28.58802],[77.08855,28.58809],[77.08881,28.58829],[77.08882,28.59155],[77.08907,28.59243],[77.08895,28.59286],[77.08987,28.59479],[77.09045,28.59498],[77.09101,28.59598],[77.09128,28.59616],[77.09232,28.59589],[77.09289,28.59606],[77.0935,28.59558],[77.09419,28.59529],[77.09453,28.5953],[77.09506,28.59592],[77.095,28.59655],[77.09626,28.59798]]]}},{"type":"Feature","bbox":[77.13225,28.61677,77.15711,28.65504],"properties":{"ward":139,"name":"Naraina 139"},"geometry":{"type":"Polygon","coordinates":[[[77.1523,28.65504],[77.15604,28.65272],[77.15711,28.65223],[77.15498,28.65077],[77.15335,28.64986],[77.15219,28.64945],[77.15106,28.64865],[77.14132,28.63634],[77.14448,28.62391],[77.14422,28.62226],[77.1435,28.62085],[77.14183,28.61896],[77.14089,28.61739],[77.13983,28.6174],[77.13947,28.61693],[77.13899,28.61677],[77.13873,28.61693],[77.13851,28.61748],[77.13826,28.61758],[77.13748,28.61717],[77.13667,28.61699],[77.13644,28.61718],[77.13638,28.61748],[77.13626,28.61865],[77.13643,28.62004],[77.13624,28.62107],[77.13225,28.63162],[77.1332,28.63255],[77.14183,28.64288],[77.1523,28.65504]]]}},{"type":"Feature","bbox":[77.14131,28.62265,77.17485,28.64986],"properties":{"ward":140,"name":"Inder Puri 140"},"geometry":{"type":"Polygon","coordinates":[[[77.15335,28.64986],[77.15974,28.64461],[77.1603,28.64433],[77.16505,28.64315],[77.16568,28.64343],[77.16648,28.64424],[77.16681,28.64429],[77.16992,28.64299],[77.17192,28.6417],[77.17336,28.64097],[77.17371,28.64115],[77.17414,28.64192],[77.17484,28.64188],[77.17485,28.64158],[77.17421,28.64014],[77.17461,28.63826],[77.17424,28.63468],[77.17379,28.63352],[77.17099,28.63108],[77.17033,28.63073],[77.16886,28.6306],[77.16739,28.63018],[77.1666,28.6297],[77.16376,28.6273],[77.16091,28.62396],[77.15978,28.62294],[77.15819,28.62296],[77.1569,28.62377],[77.15567,28.62403],[77.1547,28.62494],[77.15351,28.62418],[77.15289,28.62457],[77.15131,28.62484],[77.1509,28.62476],[77.14963,28.62336],[77.14943,28.62292],[77.14883,28.62265],[77.1464,28.62395],[77.14643,28.62438],[77.14586,28.62471],[77.1455,28.62467],[77.14482,28.62404],[77.14448,28.62391],[77.14436,28.62403],[77.14161,28.63555],[77.14131,28.63629],[77.15106,28.64865],[77.15195,28.64932],[77.15308,28.64984],[77.15335,28.64986]]]}},{"type":"Feature","bbox":[77.15351,28.60307,77.19737,28.65048],"properties":{"ward":141,"name":"Rajinder Nagar 141"},"geometry":{"type":"Polygon","coordinates":[[[77.18878,28.65048],[77.19303,28.64808],[77.19737,28.64532],[77.19658,28.6429],[77.19424,28.63974],[77.1937,28.63866],[77.19109,28.63555],[77.18934,28.63396],[77.18848,28.6317],[77.1867,28.62867],[77.18423,28.62606],[77.17928,28.62245],[77.17804,28.62128],[77.1768,28.61979],[77.17641,28.61901],[77.17634,28.61746],[77.17599,28.61636],[77.17487,28.61448],[77.17485,28.61237],[77.1747,28.61166],[77.17147,28.60772],[77.17086,28.6057],[77.16992,28.6042],[77.1695,28.60307],[77.16873,28.60346],[77.16699,28.60393],[77.16606,28.60398],[77.16468,28.6036],[77.16424,28.60364],[77.1638,28.60405],[77.16399,28.60636],[77.1637,28.61163],[77.16257,28.61535],[77.16066,28.61691],[77.15969,28.6174],[77.15704,28.61932],[77.15635,28.62005],[77.15685,28.62068],[77.15685,28.62095],[77.15503,28.62238],[77.15491,28.62269],[77.15351,28.62418],[77.15473,28.62494],[77.15567,28.62403],[77.1569,28.62377],[77.15819,28.62296],[77.15978,28.62294],[77.16091,28.62396],[77.16376,28.6273],[77.16683,28.62988],[77.16886,28.6306],[77.17033,28.63073],[77.17102,28.6311],[77.17379,28.63352],[77.17404,28.63399],[77.17424,28.63468],[77.17461,28.63826],[77.17421,28.64014],[77.17485,28.64158],[77.17484,28.64188],[77.18069,28.6428],[77.18137,28.64675],[77.18331,28.64969],[77.18413,28.6495],[77.18691,28.64802],[77.18725,28.64825],[77.18878,28.65048]]]}},{"type":"Feature","bbox":[77.23898,28.57901,77.26507,28.65153],"properties":{"ward":142,"name":"Daryaganj 142"},"geometry":{"type":"Polygon","coordinates":[[[77.26323,28.65153],[77.26507,28.64661],[77.26503,28.64499],[77.26291,28.63981],[77.26069,28.63641],[77.25917,28.63467],[77.2563,28.6309],[77.25476,28.62713],[77.25369,28.62521],[77.25322,28.62369],[77.25324,28.62226],[77.2536,28.62125],[77.25382,28.62079],[77.25486,28.62006],[77.25506,28.61961],[77.25542,28.616],[77.25752,28.60774],[77.25881,28.60494],[77.26041,28.6025],[77.26246,28.60051],[77.25837,28.59865],[77.25565,28.59819],[77.2594,28.58666],[77.25871,28.58643],[77.25866,28.58607],[77.25831,28.58591],[77.2576,28.58658],[77.25727,28.58777],[77.2572,28.58913],[77.25482,28.5886],[77.25483,28.58778],[77.25504,28.58753],[77.25505,28.58425],[77.25514,28.58336],[77.25528,28.58332],[77.25521,28.58329],[77.255,28.58343],[77.2544,28.58396],[77.25313,28.58426],[77.25286,28.58364],[77.25283,28.58275],[77.25159,28.58257],[77.25193,28.58088],[77.25266,28.5798],[77.25215,28.5794],[77.25063,28.57901],[77.25046,28.57912],[77.25029,28.5797],[77.25071,28.58002],[77.25071,28.58022],[77.2473,28.5842],[77.2489,28.58545],[77.24817,28.58645],[77.24782,28.58663],[77.24665,28.58634],[77.24662,28.58602],[77.24707,28.58559],[77.24696,28.58512],[77.24644,28.58476],[77.2449,28.58416],[77.24391,28.58673],[77.2399,28.59082],[77.23996,28.59273],[77.2409,28.59296],[77.2429,28.59309],[77.24329,28.59352],[77.24182,28.59543],[77.24064,28.59749],[77.24079,28.59863],[77.24004,28.60799],[77.24002,28.6099],[77.2404,28.62237],[77.24086,28.62435],[77.2402,28.62531],[77.24104,28.62604],[77.24132,28.62709],[77.24122,28.62994],[77.24087,28.63343],[77.24088,28.63601],[77.24108,28.63828],[77.24041,28.64247],[77.2402,28.64805],[77.23898,28.64981],[77.24071,28.65028],[77.24299,28.6502],[77.24427,28.65032],[77.24486,28.65054],[77.24503,28.65102],[77.24522,28.6511],[77.26001,28.65137],[77.26201,28.65125],[77.26323,28.65153]]]}},{"type":"Feature","bbox":[77.25159,28.57238,77.27987,28.60051],"properties":{"ward":143,"name":"Sidhartha Nagar 143"},"geometry":{"type":"Polygon","coordinates":[[[77.26246,28.60051],[77.26425,28.59837],[77.26894,28.59358],[77.2714,28.59147],[77.27358,28.59021],[77.27987,28.58705],[77.27239,28.58158],[77.27196,28.58134],[77.2708,28.58111],[77.26964,28.58054],[77.26513,28.57683],[77.25822,28.57238],[77.25197,28.58079],[77.25159,28.58257],[77.25283,28.58275],[77.25286,28.58364],[77.25321,28.58431],[77.2544,28.58396],[77.255,28.58343],[77.25521,28.58329],[77.25528,28.58332],[77.25514,28.58336],[77.25505,28.58425],[77.25504,28.58753],[77.25483,28.58778],[77.25485,28.58863],[77.2572,28.58913],[77.25727,28.58777],[77.2576,28.58658],[77.25831,28.58591],[77.25866,28.58607],[77.25871,28.58643],[77.2594,28.58666],[77.25566,28.59821],[77.25837,28.59865],[77.26246,28.60051]]]}},{"type":"Feature","bbox":[77.23673,28.56561,77.25822,28.58663],"properties":{"ward":144,"name":"Lajpat Nagar 144"},"geometry":{"type":"Polygon","coordinates":[[[77.24792,28.58663],[77.2489,28.58545],[77.2473,28.5842],[77.25071,28.58022],[77.25071,28.58002],[77.25029,28.5797],[77.25047,28.5791],[77.25069,28.57901],[77.25169,28.57924],[77.25237,28.57949],[77.25266,28.5798],[77.25822,28.57238],[77.25482,28.57011],[77.25413,28.56924],[77.25308,28.5671],[77.25255,28.56639],[77.2522,28.56605],[77.25088,28.56561],[77.25034,28.56566],[77.25012,28.56609],[77.2499,28.56621],[77.24771,28.56604],[77.2471,28.56627],[77.24703,28.56658],[77.24758,28.56719],[77.24723,28.56745],[77.2469,28.56743],[77.24643,28.56665],[77.24607,28.56656],[77.23677,28.57034],[77.23673,28.57156],[77.23846,28.57438],[77.23892,28.57403],[77.239,28.57299],[77.23918,28.57277],[77.24104,28.57271],[77.24142,28.57282],[77.24143,28.57606],[77.24166,28.57628],[77.24276,28.5763],[77.24308,28.57647],[77.2432,28.57888],[77.24356,28.57905],[77.24541,28.57904],[77.24569,28.57932],[77.24566,28.58265],[77.2449,28.58416],[77.24644,28.58476],[77.24696,28.58512],[77.24707,28.58559],[77.24662,28.58602],[77.24665,28.58634],[77.24792,28.58663]]]}},{"type":"Feature","bbox":[77.20941,28.56098,77.22914,28.58],"properties":{"ward":147,"name":"Kotla Mubarakpur 147"},"geometry":{"type":"Polygon","coordinates":[[[77.21201,28.58],[77.21602,28.57973],[77.21923,28.57933],[77.22232,28.57925],[77.22119,28.57758],[77.22145,28.57724],[77.22369,28.57651],[77.22517,28.57573],[77.22851,28.57507],[77.22914,28.57481],[77.2255,28.56821],[77.22543,28.567],[77.22394,28.56422],[77.2238,28.56357],[77.22302,28.56226],[77.22191,28.56111],[77.22158,28.56136],[77.22119,28.56107],[77.22064,28.56098],[77.22023,28.5614],[77.22038,28.56176],[77.22126,28.56264],[77.2212,28.56287],[77.22077,28.56322],[77.22072,28.56357],[77.22085,28.56385],[77.22136,28.56408],[77.22148,28.56457],[77.2219,28.56479],[77.22161,28.56569],[77.2213,28.5657],[77.22062,28.56516],[77.2202,28.56432],[77.21989,28.56422],[77.21918,28.56448],[77.21744,28.56548],[77.21735,28.5661],[77.21717,28.56629],[77.21614,28.56618],[77.21504,28.5664],[77.2166,28.56796],[77.217,28.56857],[77.21707,28.56969],[77.21749,28.5705],[77.21798,28.57212],[77.21862,28.57333],[77.21886,28.57426],[77.21853,28.57532],[77.21806,28.57539],[77.21751,28.5749],[77.21419,28.57317],[77.21066,28.57314],[77.20973,28.57289],[77.20941,28.57324],[77.20949,28.57454],[77.2099,28.57591],[77.21062,28.57726],[77.2115,28.5798],[77.21201,28.58]]]}},{"type":"Feature","bbox":[77.17652,28.52766,77.22191,28.5664],"properties":{"ward":148,"name":"Hauz Khas 148"},"geometry":{"type":"Polygon","coordinates":[[[77.21504,28.5664],[77.21614,28.56618],[77.21717,28.56629],[77.21735,28.5661],[77.21744,28.56548],[77.21918,28.56448],[77.21989,28.56422],[77.2202,28.56432],[77.22062,28.56516],[77.2213,28.5657],[77.22161,28.56569],[77.2219,28.56479],[77.22148,28.56457],[77.22136,28.56408],[77.22085,28.56385],[77.22072,28.56357],[77.22077,28.56322],[77.2212,28.56287],[77.22126,28.56264],[77.22038,28.56176],[77.22023,28.5614],[77.22035,28.56116],[77.22073,28.56097],[77.22167,28.56135],[77.22191,28.56111],[77.22186,28.56092],[77.21373,28.55497],[77.21207,28.55354],[77.21124,28.55216],[77.2093,28.54656],[77.20894,28.54538],[77.20873,28.54343],[77.20406,28.54379],[77.20195,28.5444],[77.20131,28.54443],[77.19964,28.54116],[77.19914,28.53955],[77.19739,28.53624],[77.19637,28.53372],[77.19498,28.5319],[77.19417,28.5311],[77.19016,28.52862],[77.18918,28.52766],[77.18761,28.52866],[77.18495,28.52943],[77.18471,28.53091],[77.18535,28.53206],[77.18517,28.53256],[77.18065,28.53486],[77.17927,28.53514],[77.17743,28.53584],[77.17652,28.54189],[77.17892,28.5455],[77.17978,28.54766],[77.18012,28.54774],[77.18172,28.54714],[77.18205,28.54719],[77.18375,28.55056],[77.19183,28.54725],[77.19872,28.54534],[77.20135,28.54513],[77.20188,28.54554],[77.20254,28.54677],[77.20482,28.55279],[77.20618,28.55541],[77.20715,28.55954],[77.20734,28.56152],[77.20795,28.56103],[77.20831,28.56048],[77.20903,28.56047],[77.21045,28.56194],[77.2108,28.56309],[77.21236,28.5647],[77.2141,28.5655],[77.21504,28.5664]],[[77.18603,28.54433],[77.1857,28.54377],[77.18548,28.54367],[77.18401,28.54372],[77.18376,28.54345],[77.18377,28.54257],[77.18329,28.54167],[77.18364,28.5413],[77.18511,28.54051],[77.18812,28.53972],[77.19016,28.54108],[77.19225,28.54177],[77.19221,28.54196],[77.19152,28.54214],[77.18999,28.54322],[77.18708,28.5439],[77.18603,28.54433]]]}},{"type":"Feature","bbox":[77.19473,28.52787,77.22214,28.54443],"properties":{"ward":149,"name":"Malviya Nagar 149"},"geometry":{"type":"Polygon","coordinates":[[[77.20131,28.54443],[77.20406,28.54379],[77.20873,28.54343],[77.21029,28.54144],[77.21144,28.54113],[77.2126,28.54061],[77.21322,28.53906],[77.21449,28.53821],[77.21514,28.53812],[77.21608,28.53878],[77.21635,28.53881],[77.21726,28.53813],[77.21779,28.53682],[77.21788,28.53603],[77.2155,28.53539],[77.21461,28.53466],[77.21445,28.53421],[77.21469,28.53321],[77.21419,28.53263],[77.21418,28.5319],[77.21375,28.53161],[77.21399,28.53135],[77.21471,28.531],[77.21528,28.53101],[77.21607,28.53122],[77.21635,28.53163],[77.21673,28.53175],[77.2173,28.53135],[77.21818,28.53134],[77.21859,28.53164],[77.21893,28.53255],[77.21937,28.53267],[77.22192,28.53224],[77.22214,28.53177],[77.22205,28.53089],[77.21423,28.52907],[77.21188,28.52832],[77.2073,28.52787],[77.20523,28.52789],[77.20335,28.52832],[77.19789,28.53092],[77.19473,28.53167],[77.19628,28.53357],[77.19739,28.53624],[77.19914,28.53955],[77.19964,28.54116],[77.20057,28.54299],[77.20131,28.54443]]]}},{"type":"Feature","bbox":[77.18375,28.54513,77.20742,28.56982],"properties":{"ward":150,"name":"Green Park 150"},"geometry":{"type":"Polygon","coordinates":[[[77.19907,28.56982],[77.19936,28.56745],[77.20013,28.56561],[77.2008,28.56256],[77.20115,28.56256],[77.20178,28.56287],[77.20304,28.56251],[77.20436,28.56331],[77.20531,28.56353],[77.20587,28.56326],[77.20657,28.56264],[77.20715,28.56261],[77.20742,28.56227],[77.20715,28.55954],[77.20625,28.55562],[77.20578,28.55447],[77.20482,28.55279],[77.20254,28.54677],[77.20188,28.54554],[77.20135,28.54513],[77.19872,28.54534],[77.19183,28.54725],[77.18375,28.55056],[77.18494,28.55208],[77.18845,28.56185],[77.18958,28.56865],[77.1906,28.56843],[77.1913,28.56812],[77.19227,28.56739],[77.19328,28.5671],[77.19667,28.5682],[77.19739,28.56899],[77.19774,28.56967],[77.19907,28.56982]]]}},{"type":"Feature","bbox":[77.16635,28.54997,77.18957,28.57161],"properties":{"ward":151,"name":"Munirka 151"},"geometry":{"type":"Polygon","coordinates":[[[77.18093,28.57161],[77.18302,28.57042],[77.18395,28.57016],[77.18699,28.56988],[77.18767,28.56967],[77.18953,28.5696],[77.18957,28.56943],[77.18939,28.56725],[77.18845,28.56185],[77.18503,28.55231],[77.18456,28.55144],[77.18375,28.55056],[77.179,28.5537],[77.17859,28.55382],[77.17806,28.55345],[77.17721,28.5535],[77.17692,28.55337],[77.17292,28.54997],[77.17036,28.55105],[77.16697,28.55308],[77.16648,28.55318],[77.16635,28.55375],[77.16661,28.5551],[77.16956,28.55806],[77.17104,28.55928],[77.17303,28.55771],[77.17552,28.56067],[77.17914,28.56349],[77.17869,28.56413],[77.1759,28.56692],[77.17757,28.56771],[77.17802,28.56772],[77.17871,28.56859],[77.1802,28.56862],[77.18114,28.56884],[77.18022,28.56953],[77.17863,28.57017],[77.17895,28.57047],[77.18032,28.57094],[77.18093,28.57161]]]}},{"type":"Feature","bbox":[77.16199,28.5577,77.18115,28.57857],"properties":{"ward":152,"name":"R.K. Puram 152"},"geometry":{"type":"Polygon","coordinates":[[[77.17596,28.57857],[77.17893,28.57348],[77.18007,28.57214],[77.18093,28.57161],[77.18032,28.57094],[77.17895,28.57047],[77.17864,28.57013],[77.18022,28.56953],[77.18115,28.56887],[77.1802,28.56862],[77.17871,28.56859],[77.17802,28.56772],[77.17757,28.56771],[77.17592,28.56695],[77.17915,28.5635],[77.17552,28.56067],[77.17295,28.5577],[77.17138,28.55913],[77.17104,28.55928],[77.17095,28.55952],[77.16961,28.5607],[77.16868,28.56179],[77.16666,28.56551],[77.16199,28.57207],[77.16272,28.57254],[77.17005,28.57575],[77.17596,28.57857]]]}},{"type":"Feature","bbox":[77.14478,28.53828,77.17596,28.59193],"properties":{"ward":153,"name":"Vasant Vihar 153"},"geometry":{"type":"Polygon","coordinates":[[[77.16767,28.59193],[77.16858,28.5907],[77.16995,28.58847],[77.17162,28.58619],[77.17596,28.57857],[77.162,28.5721],[77.16666,28.56551],[77.16853,28.56199],[77.16961,28.5607],[77.17095,28.55952],[77.17104,28.55928],[77.16956,28.55806],[77.16661,28.5551],[77.16635,28.55375],[77.16648,28.55318],[77.16597,28.55285],[77.16563,28.55292],[77.16491,28.55418],[77.16466,28.55433],[77.16389,28.5538],[77.16338,28.55322],[77.16238,28.55146],[77.16375,28.55016],[77.16381,28.54986],[77.15518,28.53828],[77.15343,28.53944],[77.15162,28.5416],[77.15108,28.54186],[77.15003,28.54196],[77.15049,28.54401],[77.14799,28.54551],[77.14787,28.54572],[77.14792,28.54631],[77.1481,28.54658],[77.14799,28.54699],[77.14693,28.54755],[77.14737,28.5482],[77.14785,28.54942],[77.1486,28.54957],[77.14876,28.54975],[77.14926,28.5527],[77.14966,28.55339],[77.14951,28.55358],[77.14906,28.5535],[77.1493,28.5548],[77.14908,28.55482],[77.14882,28.55447],[77.1482,28.55458],[77.1471,28.55492],[77.14666,28.55525],[77.14565,28.55545],[77.14478,28.55601],[77.14533,28.55686],[77.14538,28.55726],[77.14712,28.55977],[77.14732,28.56035],[77.14807,28.56125],[77.1493,28.5626],[77.1507,28.56276],[77.15086,28.56534],[77.15167,28.56686],[77.15177,28.56734],[77.15151,28.56721],[77.15241,28.56803],[77.15458,28.57136],[77.15573,28.57283],[77.15789,28.57629],[77.15815,28.57714],[77.15786,28.57798],[77.1579,28.57889],[77.15912,28.58085],[77.16015,28.58293],[77.16013,28.58367],[77.1598,28.58434],[77.16,28.58489],[77.16062,28.58884],[77.16424,28.58848],[77.1648,28.58946],[77.16578,28.59037],[77.16627,28.59182],[77.16767,28.59193]],[[77.15335,28.55702],[77.1536,28.55653],[77.15416,28.55597],[77.15504,28.5557],[77.1549,28.55495],[77.1538,28.55338],[77.15363,28.55269],[77.15398,28.55197],[77.15388,28.55117],[77.15424,28.5508],[77.15468,28.55095],[77.15537,28.55269],[77.15604,28.55355],[77.15674,28.55356],[77.15719,28.55395],[77.1582,28.55377],[77.1589,28.55486],[77.15816,28.55535],[77.15723,28.55571],[77.15657,28.55531],[77.15409,28.55751],[77.15335,28.55702]]]}},{"type":"Feature","bbox":[77.15994,28.50781,77.19011,28.54173],"properties":{"ward":155,"name":"Mehrauli 155"},"geometry":{"type":"Polygon","coordinates":[[[77.17651,28.54173],[77.17743,28.53584],[77.17927,28.53514],[77.18065,28.53486],[77.18517,28.53256],[77.18535,28.53206],[77.18471,28.53091],[77.18495,28.52943],[77.18793,28.52851],[77.18918,28.52766],[77.18989,28.527],[77.19011,28.52656],[77.19011,28.52328],[77.18964,28.52147],[77.18934,28.51802],[77.1881,28.51589],[77.18428,28.5117],[77.18151,28.51094],[77.17986,28.50934],[77.1779,28.50912],[77.17757,28.50877],[77.17711,28.50781],[77.17471,28.50803],[77.1737,28.50885],[77.17083,28.5101],[77.16991,28.51036],[77.16833,28.5105],[77.16712,28.51108],[77.16459,28.51415],[77.1603,28.51754],[77.16008,28.5178],[77.15994,28.5184],[77.16029,28.51876],[77.16133,28.51919],[77.16363,28.52053],[77.16415,28.52073],[77.16563,28.52089],[77.16749,28.52168],[77.16798,28.52208],[77.16964,28.52657],[77.17035,28.52744],[77.17168,28.52797],[77.17197,28.52833],[77.17195,28.52891],[77.17122,28.52956],[77.17085,28.53019],[77.17279,28.53602],[77.17651,28.54173]]]}},{"type":"Feature","bbox":[77.09317,28.49305,77.17711,28.54641],"properties":{"ward":156,"name":"Vasant Kunj 156"},"geometry":{"type":"Polygon","coordinates":[[[77.14571,28.54641],[77.14792,28.54631],[77.14787,28.54572],[77.14799,28.54551],[77.15041,28.54412],[77.15052,28.54381],[77.15031,28.54283],[77.14997,28.54217],[77.15003,28.54196],[77.15108,28.54186],[77.15162,28.5416],[77.15343,28.53944],[77.15518,28.53828],[77.15243,28.53444],[77.15613,28.53221],[77.15919,28.53064],[77.16086,28.52947],[77.16603,28.52646],[77.16902,28.52486],[77.16823,28.52252],[77.16774,28.52184],[77.16563,28.52089],[77.16415,28.52073],[77.16363,28.52053],[77.16133,28.51919],[77.16029,28.51876],[77.15994,28.5184],[77.15997,28.5182],[77.1603,28.51754],[77.16459,28.51415],[77.16697,28.51121],[77.16736,28.51093],[77.16833,28.5105],[77.16991,28.51036],[77.17083,28.5101],[77.1737,28.50885],[77.17471,28.50803],[77.17711,28.50781],[77.17321,28.5043],[77.17176,28.50352],[77.15872,28.49802],[77.14777,28.49305],[77.14787,28.49364],[77.14773,28.49465],[77.14738,28.49478],[77.14608,28.4948],[77.1458,28.49498],[77.14584,28.49808],[77.14564,28.49856],[77.14481,28.49862],[77.14417,28.49773],[77.14357,28.4976],[77.14277,28.49881],[77.14149,28.50017],[77.13958,28.50177],[77.13725,28.50404],[77.13649,28.50444],[77.13518,28.5048],[77.13375,28.50559],[77.13105,28.5062],[77.1301,28.50659],[77.12958,28.50646],[77.12929,28.50555],[77.12912,28.50405],[77.12915,28.50063],[77.12828,28.50022],[77.12737,28.49821],[77.12631,28.49688],[77.12585,28.49662],[77.12408,28.49667],[77.12275,28.49636],[77.12108,28.49635],[77.12039,28.49593],[77.1186,28.49609],[77.11693,28.49647],[77.10704,28.50058],[77.10537,28.50136],[77.1033,28.50259],[77.09811,28.5045],[77.09771,28.50477],[77.09617,28.50651],[77.096,28.50698],[77.09628,28.5077],[77.09783,28.51001],[77.09849,28.51113],[77.09851,28.51142],[77.09317,28.51412],[77.10513,28.53184],[77.10615,28.53271],[77.10869,28.53405],[77.10986,28.53274],[77.10997,28.53143],[77.11014,28.53115],[77.11061,28.53098],[77.11159,28.53114],[77.11224,28.53078],[77.11294,28.53097],[77.11404,28.53099],[77.11414,28.53081],[77.11386,28.53025],[77.1139,28.52986],[77.11545,28.52967],[77.11657,28.52897],[77.11768,28.52759],[77.11783,28.52624],[77.11995,28.5261],[77.1202,28.52492],[77.12069,28.52426],[77.12102,28.52404],[77.1224,28.52373],[77.12276,28.52351],[77.12308,28.52303],[77.12343,28.52309],[77.12481,28.52409],[77.1299,28.5234],[77.13073,28.52353],[77.13157,28.52412],[77.13206,28.52419],[77.13243,28.52396],[77.13252,28.52307],[77.13278,28.52255],[77.134,28.52208],[77.13423,28.52224],[77.13445,28.52361],[77.13477,28.52398],[77.13574,28.52386],[77.1422,28.52385],[77.14292,28.52585],[77.14395,28.52767],[77.1443,28.52896],[77.14473,28.52964],[77.14451,28.52995],[77.14349,28.53006],[77.14327,28.53023],[77.14331,28.53217],[77.14352,28.53255],[77.14541,28.53145],[77.14809,28.52923],[77.14684,28.52758],[77.14556,28.52831],[77.14506,28.52768],[77.14477,28.52694],[77.14507,28.52669],[77.14472,28.5252],[77.14607,28.52493],[77.14658,28.5268],[77.1477,28.52816],[77.14864,28.52761],[77.14964,28.52863],[77.15026,28.52817],[77.15061,28.52848],[77.1532,28.5286],[77.15345,28.52875],[77.15343,28.52996],[77.15322,28.53026],[77.15306,28.53108],[77.15025,28.53088],[77.14977,28.53122],[77.14853,28.52949],[77.14515,28.532],[77.14851,28.5366],[77.14831,28.53687],[77.14558,28.53848],[77.14562,28.53874],[77.14647,28.53993],[77.14638,28.54018],[77.14545,28.54079],[77.1456,28.54486],[77.14545,28.54622],[77.14571,28.54641]]]}},{"type":"Feature","bbox":[77.11084,28.44209,77.14787,28.50662],"properties":{"ward":157,"name":"Aya Nagar 157"},"geometry":{"type":"Polygon","coordinates":[[[77.12995,28.50662],[77.13105,28.5062],[77.13375,28.50559],[77.13518,28.5048],[77.13649,28.50444],[77.13725,28.50404],[77.13958,28.50177],[77.14149,28.50017],[77.14277,28.49881],[77.14357,28.4976],[77.14417,28.49773],[77.14481,28.49862],[77.14564,28.49856],[77.14584,28.49808],[77.1458,28.49498],[77.14608,28.4948],[77.1476,28.49474],[77.14783,28.49444],[77.14787,28.49364],[77.14777,28.49305],[77.14659,28.49258],[77.14681,28.49192],[77.14681,28.49058],[77.14533,28.48823],[77.14544,28.48785],[77.14498,28.48623],[77.14474,28.48445],[77.14397,28.48227],[77.14383,28.47934],[77.14351,28.4776],[77.14355,28.47611],[77.14317,28.47395],[77.14275,28.47261],[77.14271,28.4714],[77.14215,28.46931],[77.14073,28.46612],[77.14129,28.46503],[77.14192,28.46309],[77.14187,28.46267],[77.14135,28.46188],[77.14148,28.46064],[77.14211,28.46043],[77.14484,28.46035],[77.14483,28.45565],[77.14608,28.45539],[77.14413,28.45317],[77.14291,28.45072],[77.14337,28.44939],[77.143,28.44916],[77.14153,28.44909],[77.1414,28.45058],[77.14095,28.45066],[77.1395,28.45054],[77.13933,28.45016],[77.13862,28.45019],[77.13822,28.44994],[77.1357,28.44922],[77.13512,28.44837],[77.13505,28.44739],[77.13524,28.44711],[77.13514,28.44605],[77.13001,28.44605],[77.13005,28.44343],[77.13058,28.44312],[77.13066,28.44289],[77.13046,28.44254],[77.12974,28.44209],[77.1287,28.44277],[77.12685,28.44325],[77.12337,28.44336],[77.12244,28.44368],[77.12217,28.45194],[77.12191,28.45455],[77.12188,28.45831],[77.11725,28.46242],[77.11608,28.46445],[77.11477,28.4662],[77.11256,28.46859],[77.11084,28.47109],[77.11112,28.47134],[77.11261,28.47124],[77.113,28.47144],[77.11408,28.47774],[77.11494,28.4794],[77.11509,28.48154],[77.1154,28.48281],[77.11756,28.48574],[77.11786,28.48667],[77.11873,28.48834],[77.1192,28.48998],[77.1196,28.49239],[77.12054,28.49471],[77.12061,28.49595],[77.12108,28.49635],[77.12275,28.49636],[77.12408,28.49667],[77.12585,28.49662],[77.12631,28.49688],[77.12737,28.49821],[77.12828,28.50022],[77.12915,28.50063],[77.12912,28.50405],[77.12929,28.50555],[77.12958,28.50646],[77.12995,28.50662]]]}},{"type":"Feature","bbox":[77.12974,28.40428,77.25319,28.47687],"properties":{"ward":158,"name":"Bhati 158"},"geometry":{"type":"Polygon","coordinates":[[[77.15861,28.47687],[77.16552,28.4757],[77.17273,28.47395],[77.17723,28.47318],[77.17781,28.47295],[77.18086,28.47283],[77.18672,28.47165],[77.18712,28.47069],[77.18702,28.46785],[77.18648,28.46624],[77.1864,28.46479],[77.18606,28.46391],[77.18722,28.46295],[77.18893,28.46228],[77.19134,28.46167],[77.19557,28.461],[77.19769,28.46021],[77.19918,28.45989],[77.20038,28.45932],[77.20405,28.45835],[77.20945,28.45622],[77.21544,28.45459],[77.21884,28.45349],[77.22101,28.45163],[77.22403,28.45111],[77.22559,28.45121],[77.22788,28.45057],[77.22984,28.4503],[77.23219,28.45343],[77.23157,28.45696],[77.23164,28.45792],[77.23304,28.45799],[77.23329,28.45712],[77.23423,28.45644],[77.23438,28.45512],[77.2347,28.45456],[77.23603,28.45425],[77.23726,28.4542],[77.23806,28.45369],[77.24024,28.45386],[77.24096,28.45329],[77.24165,28.45194],[77.24233,28.45116],[77.2451,28.45044],[77.2464,28.44986],[77.24788,28.44741],[77.24899,28.44628],[77.24963,28.44593],[77.25019,28.44534],[77.2504,28.44361],[77.25017,28.44171],[77.25044,28.44109],[77.25088,28.44078],[77.25093,28.44004],[77.2504,28.43896],[77.25011,28.43683],[77.24988,28.43625],[77.24976,28.43446],[77.24993,28.4332],[77.24993,28.43122],[77.25005,28.43103],[77.25036,28.43095],[77.25264,28.43106],[77.25319,28.43095],[77.25315,28.43025],[77.25245,28.42863],[77.24949,28.42403],[77.24514,28.42207],[77.23842,28.41995],[77.23499,28.4175],[77.23393,28.41589],[77.23285,28.41578],[77.2309,28.41467],[77.22805,28.41373],[77.22699,28.41358],[77.22594,28.41277],[77.22519,28.41251],[77.22155,28.41242],[77.21815,28.41187],[77.21771,28.41157],[77.2178,28.41062],[77.21762,28.41037],[77.21587,28.41048],[77.21261,28.40926],[77.21057,28.40895],[77.20785,28.40932],[77.20522,28.40909],[77.20231,28.40784],[77.20077,28.40844],[77.1949,28.40859],[77.19439,28.40832],[77.19167,28.4079],[77.19127,28.40757],[77.19122,28.40682],[77.19069,28.40661],[77.18994,28.40663],[77.18865,28.40721],[77.18602,28.40769],[77.18578,28.40791],[77.18543,28.40878],[77.18514,28.40902],[77.18241,28.40926],[77.17768,28.40713],[77.17579,28.4056],[77.17453,28.40434],[77.1742,28.40428],[77.17365,28.40499],[77.17166,28.4061],[77.17132,28.40853],[77.17097,28.4094],[77.17029,28.40999],[77.16885,28.41191],[77.16556,28.41399],[77.165,28.41478],[77.16504,28.41668],[77.16571,28.42019],[77.16577,28.42325],[77.16601,28.42544],[77.16586,28.42573],[77.16484,28.42641],[77.16352,28.42832],[77.15977,28.43016],[77.15658,28.43128],[77.1558,28.43184],[77.15497,28.43198],[77.1529,28.43351],[77.152,28.434],[77.1517,28.43472],[77.15138,28.43505],[77.15017,28.43574],[77.14933,28.43646],[77.14772,28.43722],[77.1451,28.43754],[77.14238,28.43701],[77.14169,28.43672],[77.1408,28.43679],[77.14007,28.43705],[77.13976,28.43744],[77.13924,28.43766],[77.13625,28.43841],[77.1347,28.43863],[77.1325,28.43959],[77.13167,28.44027],[77.1315,28.44094],[77.12974,28.44209],[77.13046,28.44254],[77.13066,28.44289],[77.13058,28.44312],[77.13005,28.44343],[77.13001,28.44605],[77.13514,28.44605],[77.13524,28.44711],[77.13505,28.44739],[77.13512,28.44837],[77.1357,28.44922],[77.13822,28.44994],[77.13862,28.45019],[77.13933,28.45016],[77.1395,28.45054],[77.14095,28.45066],[77.1414,28.45058],[77.14153,28.44909],[77.143,28.44916],[77.14337,28.44939],[77.14291,28.45072],[77.14413,28.45317],[77.14607,28.45536],[77.14604,28.45549],[77.14483,28.45565],[77.14484,28.46035],[77.14211,28.46043],[77.14148,28.46064],[77.14135,28.46188],[77.14187,28.46267],[77.14192,28.46309],[77.14129,28.46503],[77.14073,28.46612],[77.14215,28.46931],[77.14271,28.4714],[77.14275,28.47261],[77.14317,28.47395],[77.14351,28.4759],[77.14575,28.47566],[77.14911,28.47488],[77.14994,28.47482],[77.15047,28.4745],[77.15241,28.47385],[77.15311,28.47388],[77.15434,28.47364],[77.15521,28.47326],[77.15657,28.47306],[77.15675,28.47315],[77.15739,28.47476],[77.15841,28.47667],[77.15861,28.47687]]]}},{"type":"Feature","bbox":[77.14351,28.47304,77.18652,28.50934],"properties":{"ward":159,"name":"Chhatarpur 159"},"geometry":{"type":"Polygon","coordinates":[[[77.17986,28.50934],[77.1801,28.50901],[77.18196,28.50862],[77.1843,28.50857],[77.1852,28.50834],[77.18517,28.50643],[77.18573,28.5042],[77.18584,28.50315],[77.18567,28.50125],[77.18527,28.49973],[77.18501,28.49929],[77.18507,28.4967],[77.18449,28.495],[77.18444,28.49439],[77.18652,28.48748],[77.18599,28.48706],[77.18471,28.48496],[77.18031,28.48494],[77.18014,28.4774],[77.17892,28.47548],[77.17771,28.47304],[77.17273,28.47395],[77.16552,28.4757],[77.15926,28.47685],[77.15861,28.47687],[77.15841,28.47667],[77.15739,28.47476],[77.15675,28.47315],[77.15657,28.47306],[77.15521,28.47326],[77.15434,28.47364],[77.15311,28.47388],[77.15241,28.47385],[77.15047,28.4745],[77.14994,28.47482],[77.14911,28.47488],[77.14575,28.47566],[77.14351,28.4759],[77.14351,28.4776],[77.14383,28.47934],[77.14397,28.48227],[77.14474,28.48445],[77.14498,28.48623],[77.14544,28.48785],[77.14535,28.48828],[77.14681,28.49058],[77.14681,28.49192],[77.14662,28.49261],[77.14989,28.49396],[77.15872,28.49802],[77.16356,28.49995],[77.16638,28.50131],[77.17247,28.50386],[77.17321,28.5043],[77.17711,28.50781],[77.17781,28.50906],[77.17836,28.50925],[77.17986,28.50934]]]}},{"type":"Feature","bbox":[77.17771,28.45028,77.24584,28.52069],"properties":{"ward":160,"name":"Said-Ul-Ajaib 160"},"geometry":{"type":"Polygon","coordinates":[[[77.2016,28.52069],[77.20747,28.51934],[77.20769,28.5191],[77.20751,28.51793],[77.20774,28.51764],[77.2145,28.51609],[77.21488,28.5158],[77.21499,28.51536],[77.21474,28.51447],[77.21395,28.51311],[77.2127,28.51171],[77.21194,28.50996],[77.21199,28.50975],[77.21244,28.50951],[77.21215,28.50829],[77.21214,28.50642],[77.2124,28.50629],[77.21417,28.50626],[77.21412,28.50553],[77.21425,28.50521],[77.21599,28.50502],[77.21625,28.50412],[77.21741,28.5039],[77.21755,28.50306],[77.21842,28.50284],[77.21847,28.50197],[77.21909,28.50174],[77.21933,28.50132],[77.21977,28.50112],[77.21997,28.50052],[77.22123,28.50037],[77.22154,28.50013],[77.22147,28.49966],[77.22014,28.49891],[77.21449,28.49889],[77.21351,28.49873],[77.21312,28.49817],[77.21155,28.49817],[77.21092,28.49786],[77.21084,28.49724],[77.20996,28.49529],[77.21001,28.49471],[77.21085,28.4945],[77.21168,28.49398],[77.21435,28.49152],[77.21557,28.49068],[77.21686,28.48888],[77.21762,28.48814],[77.22068,28.48813],[77.22142,28.48797],[77.22161,28.48768],[77.21833,28.48503],[77.21808,28.48414],[77.21697,28.48426],[77.21528,28.48385],[77.21511,28.48355],[77.21496,28.48222],[77.21392,28.48135],[77.21263,28.48074],[77.21131,28.48149],[77.21037,28.48066],[77.20947,28.48049],[77.20845,28.47878],[77.20731,28.47866],[77.20727,28.47766],[77.20767,28.47758],[77.20854,28.47798],[77.20966,28.47767],[77.21133,28.47825],[77.21263,28.478],[77.21469,28.47823],[77.21534,28.47745],[77.21633,28.47556],[77.21773,28.47518],[77.21902,28.47339],[77.21933,28.47324],[77.22736,28.47575],[77.22765,28.47593],[77.22765,28.47631],[77.2253,28.48222],[77.22513,28.48315],[77.22527,28.48389],[77.22796,28.48543],[77.22907,28.48689],[77.22967,28.48738],[77.23027,28.4867],[77.23177,28.48577],[77.2325,28.48566],[77.2331,28.48614],[77.23345,28.48711],[77.23366,28.48729],[77.23778,28.48802],[77.23831,28.48849],[77.23997,28.48898],[77.24027,28.48887],[77.24099,28.48723],[77.24229,28.48497],[77.24285,28.48431],[77.243,28.48363],[77.24389,28.48296],[77.24473,28.48193],[77.24478,28.48162],[77.24454,28.4811],[77.2456,28.47962],[77.24584,28.47887],[77.24558,28.47848],[77.245,28.47806],[77.24275,28.47734],[77.24126,28.47598],[77.23969,28.47507],[77.23885,28.47432],[77.23782,28.47305],[77.23672,28.4721],[77.23476,28.47118],[77.23412,28.47039],[77.23305,28.46655],[77.23318,28.46437],[77.23299,28.46346],[77.23347,28.46188],[77.23338,28.46112],[77.23366,28.46034],[77.23315,28.4597],[77.23304,28.45799],[77.2318,28.45802],[77.23163,28.45789],[77.23157,28.45696],[77.23219,28.45343],[77.2298,28.45028],[77.22788,28.45057],[77.22559,28.45121],[77.22403,28.45111],[77.22101,28.45163],[77.21884,28.45349],[77.21544,28.45459],[77.20945,28.45622],[77.20405,28.45835],[77.20038,28.45932],[77.19918,28.45989],[77.19769,28.46021],[77.19557,28.461],[77.19134,28.46167],[77.18893,28.46228],[77.18722,28.46295],[77.18606,28.46391],[77.1864,28.46479],[77.18648,28.46624],[77.18702,28.46785],[77.18712,28.47069],[77.18679,28.4716],[77.18086,28.47283],[77.1786,28.47287],[77.17771,28.47304],[77.17892,28.47548],[77.18014,28.4774],[77.18031,28.48494],[77.18471,28.48496],[77.18599,28.48706],[77.18652,28.48748],[77.18444,28.49439],[77.18449,28.495],[77.18507,28.4967],[77.18501,28.49929],[77.18527,28.49973],[77.18567,28.50125],[77.18584,28.50315],[77.18573,28.5042],[77.18517,28.50643],[77.1852,28.50834],[77.1843,28.50857],[77.18196,28.50862],[77.1801,28.50901],[77.17986,28.50934],[77.18151,28.51094],[77.18428,28.5117],[77.18548,28.51305],[77.18747,28.51128],[77.18825,28.51128],[77.19069,28.51006],[77.19123,28.51004],[77.19179,28.51023],[77.19284,28.51098],[77.1944,28.51245],[77.19423,28.51427],[77.19454,28.51541],[77.19529,28.51624],[77.1955,28.5172],[77.19635,28.51787],[77.19778,28.51849],[77.19853,28.51943],[77.19923,28.51997],[77.20009,28.52009],[77.20095,28.52069],[77.2016,28.52069]]]}},{"type":"Feature","bbox":[77.20721,28.47324,77.24363,28.50903],"properties":{"ward":161,"name":"Deoli 161"},"geometry":{"type":"Polygon","coordinates":[[[77.21466,28.50903],[77.21893,28.50794],[77.21905,28.50642],[77.21963,28.50603],[77.21974,28.50464],[77.22146,28.5044],[77.22268,28.50207],[77.22386,28.50203],[77.22479,28.50181],[77.22604,28.50237],[77.22637,28.50279],[77.22809,28.50337],[77.22873,28.50385],[77.23171,28.50443],[77.23193,28.50577],[77.23215,28.50603],[77.23508,28.50609],[77.23525,28.50644],[77.23514,28.50721],[77.23676,28.50692],[77.23693,28.50677],[77.23685,28.50559],[77.23799,28.5055],[77.23821,28.50523],[77.23695,28.50468],[77.23612,28.50449],[77.23502,28.50223],[77.2426,28.50209],[77.24298,28.50065],[77.24346,28.50008],[77.24362,28.49927],[77.24363,28.49862],[77.24241,28.49864],[77.2421,28.49882],[77.24055,28.49881],[77.23962,28.49875],[77.23942,28.49855],[77.23884,28.49886],[77.23843,28.49841],[77.23372,28.4996],[77.23334,28.49915],[77.22878,28.49899],[77.22873,28.49815],[77.22926,28.49388],[77.23036,28.49346],[77.23029,28.49074],[77.22943,28.49061],[77.22946,28.48984],[77.22927,28.48946],[77.22925,28.48796],[77.23006,28.48762],[77.22907,28.48689],[77.22796,28.48543],[77.22554,28.48408],[77.22513,28.48357],[77.2253,28.48222],[77.22769,28.47601],[77.22736,28.47575],[77.21933,28.47324],[77.21902,28.47339],[77.21773,28.47518],[77.21633,28.47556],[77.21534,28.47745],[77.21469,28.47823],[77.21263,28.478],[77.21133,28.47825],[77.20966,28.47767],[77.20854,28.47798],[77.20759,28.47756],[77.20721,28.47777],[77.20731,28.47866],[77.20845,28.47878],[77.20947,28.48049],[77.21037,28.48066],[77.21131,28.48149],[77.21263,28.48074],[77.21392,28.48135],[77.21496,28.48222],[77.21511,28.48355],[77.21528,28.48385],[77.21697,28.48426],[77.21808,28.48414],[77.21833,28.48503],[77.22161,28.48768],[77.22142,28.48797],[77.22068,28.48813],[77.21762,28.48814],[77.21686,28.48888],[77.21557,28.49068],[77.21435,28.49152],[77.21168,28.49398],[77.21085,28.4945],[77.21013,28.49463],[77.20995,28.49479],[77.21004,28.49556],[77.21084,28.49724],[77.21084,28.49769],[77.21123,28.4981],[77.21312,28.49817],[77.21351,28.49873],[77.21449,28.49889],[77.22014,28.49891],[77.22134,28.49955],[77.22153,28.49979],[77.2214,28.50032],[77.21997,28.50052],[77.21977,28.50112],[77.21933,28.50132],[77.21909,28.50174],[77.21847,28.50197],[77.21842,28.50284],[77.21755,28.50306],[77.21741,28.5039],[77.21625,28.50412],[77.21599,28.50502],[77.21454,28.50511],[77.2142,28.50526],[77.21424,28.50875],[77.21434,28.50897],[77.21466,28.50903]]]}},{"type":"Feature","bbox":[77.2336,28.50209,77.24402,28.51697],"properties":{"ward":162,"name":"Tigri 162"},"geometry":{"type":"Polygon","coordinates":[[[77.23829,28.51697],[77.23923,28.51631],[77.24239,28.51621],[77.24255,28.51577],[77.24238,28.51242],[77.24273,28.51221],[77.24402,28.51225],[77.2433,28.51073],[77.24195,28.50687],[77.24223,28.50456],[77.24261,28.5033],[77.2426,28.50209],[77.23499,28.50226],[77.23612,28.50449],[77.23801,28.50505],[77.23822,28.5053],[77.23794,28.50551],[77.23685,28.50559],[77.23687,28.50687],[77.23422,28.50744],[77.2336,28.50789],[77.23395,28.50877],[77.23467,28.50936],[77.23539,28.51125],[77.23532,28.51148],[77.23478,28.51177],[77.23433,28.51253],[77.23431,28.51285],[77.23451,28.51317],[77.23533,28.51362],[77.23772,28.51303],[77.23817,28.51307],[77.23826,28.51411],[77.23817,28.516],[77.23801,28.51661],[77.23829,28.51697]]]}},{"type":"Feature","bbox":[77.22873,28.48567,77.24367,28.49959],"properties":{"ward":163,"name":"Sangam Vihar-A 163"},"geometry":{"type":"Polygon","coordinates":[[[77.23379,28.49959],[77.23807,28.49842],[77.23854,28.49844],[77.23884,28.49886],[77.23942,28.49855],[77.23962,28.49875],[77.24055,28.49881],[77.2421,28.49882],[77.24241,28.49864],[77.24363,28.49862],[77.24367,28.49731],[77.24349,28.49691],[77.24178,28.49661],[77.24154,28.49642],[77.24138,28.49599],[77.24125,28.4934],[77.24096,28.49306],[77.23953,28.49283],[77.23931,28.49266],[77.23924,28.49219],[77.23938,28.49157],[77.23908,28.49104],[77.23931,28.49041],[77.23874,28.48966],[77.23809,28.48817],[77.23366,28.48729],[77.23345,28.48711],[77.23292,28.48591],[77.23265,28.4857],[77.23208,28.48567],[77.23027,28.4867],[77.22967,28.48738],[77.23005,28.48768],[77.22925,28.48796],[77.22927,28.48956],[77.22946,28.48984],[77.22941,28.49057],[77.23029,28.49074],[77.23036,28.49346],[77.22926,28.49388],[77.22873,28.49892],[77.22963,28.49908],[77.23334,28.49915],[77.23357,28.49953],[77.23379,28.49959]]]}},{"type":"Feature","bbox":[77.22989,28.51577,77.25177,28.53301],"properties":{"ward":164,"name":"Dakshin Puri 164"},"geometry":{"type":"Polygon","coordinates":[[[77.23194,28.53301],[77.23475,28.5329],[77.23523,28.53266],[77.23671,28.53117],[77.23838,28.53024],[77.23889,28.52936],[77.24005,28.52903],[77.24152,28.52895],[77.24282,28.52795],[77.24373,28.52678],[77.24585,28.52665],[77.24642,28.52566],[77.24767,28.52516],[77.24951,28.52327],[77.25097,28.52231],[77.25177,28.52198],[77.25043,28.52092],[77.24987,28.51998],[77.24856,28.5196],[77.24785,28.51912],[77.24685,28.51903],[77.24624,28.51833],[77.24542,28.51805],[77.24503,28.5176],[77.24489,28.5169],[77.24368,28.5161],[77.24255,28.51577],[77.24232,28.51625],[77.23932,28.5163],[77.23877,28.51657],[77.23796,28.5173],[77.23857,28.51785],[77.23897,28.51783],[77.24002,28.51695],[77.24034,28.51708],[77.24088,28.51771],[77.24069,28.51806],[77.23983,28.51869],[77.2397,28.51894],[77.24037,28.51973],[77.24053,28.52068],[77.2402,28.52127],[77.23777,28.52387],[77.23733,28.52393],[77.23575,28.52298],[77.23227,28.52317],[77.22989,28.52396],[77.23124,28.52712],[77.23186,28.529],[77.23194,28.53301]]]}},{"type":"Feature","bbox":[77.22854,28.51698,77.24088,28.52396],"properties":{"ward":165,"name":"Madangir 165"},"geometry":{"type":"Polygon","coordinates":[[[77.23766,28.52394],[77.24051,28.52078],[77.24042,28.51985],[77.2397,28.51894],[77.24088,28.51783],[77.24022,28.51698],[77.23987,28.51703],[77.2388,28.5179],[77.23847,28.51779],[77.23796,28.5173],[77.2366,28.51832],[77.23491,28.51841],[77.23488,28.51956],[77.23152,28.51966],[77.22854,28.52084],[77.22989,28.52396],[77.23227,28.52317],[77.23575,28.52298],[77.23733,28.52393],[77.23766,28.52394]]]}},{"type":"Feature","bbox":[77.21525,28.51456,77.23829,28.53301],"properties":{"ward":166,"name":"Pushp Vihar 166"},"geometry":{"type":"Polygon","coordinates":[[[77.23194,28.53301],[77.23189,28.52918],[77.23169,28.52834],[77.22853,28.52088],[77.23152,28.51966],[77.23488,28.51956],[77.23489,28.51842],[77.23647,28.51835],[77.23723,28.5179],[77.23829,28.51697],[77.23722,28.51589],[77.23684,28.51461],[77.23652,28.51456],[77.22708,28.51647],[77.22678,28.51641],[77.22663,28.51564],[77.22636,28.51563],[77.22045,28.51671],[77.21525,28.51796],[77.21593,28.52004],[77.21647,28.52246],[77.21646,28.52387],[77.21602,28.52551],[77.21637,28.52572],[77.21866,28.5262],[77.22165,28.5271],[77.2217,28.52743],[77.22071,28.53057],[77.2307,28.53288],[77.23194,28.53301]]]}},{"type":"Feature","bbox":[77.21194,28.50183,77.23826,28.51796],"properties":{"ward":167,"name":"Khanpur 167"},"geometry":{"type":"Polygon","coordinates":[[[77.21525,28.51796],[77.22045,28.51671],[77.22636,28.51563],[77.22663,28.51564],[77.22678,28.51641],[77.22708,28.51647],[77.23659,28.51455],[77.23687,28.51464],[77.23722,28.51589],[77.23801,28.51661],[77.23817,28.516],[77.23826,28.51327],[77.23817,28.51307],[77.23787,28.51301],[77.23533,28.51362],[77.23433,28.51293],[77.23433,28.51253],[77.23478,28.51177],[77.23532,28.51148],[77.23539,28.51125],[77.23467,28.50936],[77.23395,28.50877],[77.23358,28.50796],[77.23422,28.50744],[77.23514,28.50721],[77.23515,28.50614],[77.23215,28.50603],[77.23193,28.50577],[77.23171,28.50443],[77.22873,28.50385],[77.22809,28.50337],[77.22637,28.50279],[77.22604,28.50237],[77.22564,28.50228],[77.22506,28.50183],[77.22278,28.50204],[77.2225,28.50227],[77.22225,28.50306],[77.22146,28.5044],[77.22003,28.50454],[77.21969,28.50471],[77.21966,28.50595],[77.21905,28.50642],[77.21905,28.50769],[77.21888,28.50797],[77.21663,28.50862],[77.21443,28.50902],[77.21421,28.50851],[77.21417,28.50626],[77.2124,28.50629],[77.21214,28.50642],[77.21215,28.50829],[77.21244,28.50951],[77.21199,28.50975],[77.21194,28.50996],[77.2127,28.51171],[77.21395,28.51311],[77.21489,28.51491],[77.21497,28.51555],[77.2145,28.51609],[77.2143,28.51711],[77.21434,28.51773],[77.21458,28.5179],[77.21525,28.51796]]]}},{"type":"Feature","bbox":[77.23831,28.47887,77.25453,28.51225],"properties":{"ward":168,"name":"Sangam Viharc 168"},"geometry":{"type":"Polygon","coordinates":[[[77.24402,28.51225],[77.24914,28.51191],[77.24934,28.51179],[77.24955,28.50772],[77.24927,28.50539],[77.24855,28.50354],[77.24823,28.50302],[77.24751,28.5027],[77.24673,28.50087],[77.246,28.4997],[77.2468,28.49932],[77.24863,28.49952],[77.24873,28.49909],[77.24762,28.49889],[77.24581,28.49905],[77.24561,28.49867],[77.24539,28.49729],[77.24638,28.49707],[77.24661,28.49684],[77.24852,28.49617],[77.24867,28.49595],[77.24846,28.49548],[77.24888,28.4952],[77.24943,28.49502],[77.24971,28.4952],[77.25105,28.49465],[77.25142,28.49478],[77.25201,28.49448],[77.25151,28.49393],[77.25081,28.49395],[77.25041,28.49332],[77.25024,28.49328],[77.24697,28.49484],[77.24493,28.49547],[77.2446,28.49456],[77.24438,28.49287],[77.24771,28.49121],[77.24895,28.49102],[77.24892,28.49033],[77.24969,28.49008],[77.24948,28.48961],[77.24848,28.48928],[77.24778,28.48941],[77.24831,28.48836],[77.24832,28.48802],[77.24814,28.48754],[77.24758,28.48696],[77.24812,28.48675],[77.24897,28.48599],[77.24921,28.48558],[77.24917,28.48429],[77.24948,28.48324],[77.25287,28.48346],[77.25453,28.48293],[77.25177,28.48185],[77.25004,28.48095],[77.24852,28.4804],[77.2475,28.48022],[77.24584,28.47887],[77.24551,28.47981],[77.24454,28.4811],[77.24478,28.48162],[77.24473,28.48193],[77.24389,28.48296],[77.243,28.48363],[77.24285,28.48431],[77.24229,28.48497],[77.24099,28.48723],[77.24027,28.48887],[77.23997,28.48898],[77.23831,28.48849],[77.23874,28.48966],[77.23931,28.49041],[77.23908,28.49104],[77.23938,28.49157],[77.23924,28.49219],[77.23931,28.49266],[77.23953,28.49283],[77.24096,28.49306],[77.24125,28.4934],[77.24138,28.49599],[77.24154,28.49642],[77.24178,28.49661],[77.24349,28.49691],[77.24364,28.4971],[77.2436,28.4994],[77.24341,28.50021],[77.24298,28.50065],[77.2426,28.50209],[77.24261,28.5033],[77.24223,28.50456],[77.24193,28.50651],[77.24201,28.50713],[77.2433,28.51073],[77.24402,28.51225]]]}},{"type":"Feature","bbox":[77.24437,28.48293,77.2741,28.50553],"properties":{"ward":169,"name":"Sangam Viharb 169"},"geometry":{"type":"Polygon","coordinates":[[[77.27169,28.50553],[77.27277,28.50522],[77.27363,28.50475],[77.2741,28.50409],[77.27403,28.50376],[77.27255,28.50026],[77.27201,28.49981],[77.27093,28.4999],[77.2706,28.4997],[77.2702,28.49853],[77.2703,28.49767],[77.27017,28.49721],[77.26777,28.49244],[77.26401,28.48576],[77.25927,28.48442],[77.25702,28.48399],[77.25453,28.48293],[77.25287,28.48346],[77.24948,28.48324],[77.24917,28.48429],[77.24921,28.48558],[77.24897,28.48599],[77.24812,28.48675],[77.24758,28.48696],[77.24814,28.48754],[77.24832,28.48802],[77.24831,28.48836],[77.24778,28.48941],[77.24848,28.48928],[77.24948,28.48961],[77.24969,28.49008],[77.24892,28.49033],[77.24895,28.49102],[77.24771,28.49121],[77.24437,28.49293],[77.2446,28.49456],[77.24493,28.49547],[77.24697,28.49484],[77.25024,28.49328],[77.25041,28.49332],[77.25081,28.49395],[77.25149,28.49392],[77.252,28.49446],[77.25146,28.49477],[77.25108,28.49464],[77.24971,28.4952],[77.24943,28.49502],[77.24888,28.4952],[77.24846,28.49548],[77.24867,28.49595],[77.24852,28.49617],[77.24661,28.49684],[77.24638,28.49707],[77.24539,28.49731],[77.24561,28.49867],[77.24581,28.49905],[77.24762,28.49889],[77.24873,28.49909],[77.24863,28.49952],[77.2468,28.49932],[77.246,28.4997],[77.24673,28.50087],[77.24751,28.5027],[77.24823,28.50302],[77.24871,28.50396],[77.24975,28.50369],[77.25017,28.50492],[77.25048,28.50529],[77.25175,28.50532],[77.25199,28.50506],[77.25155,28.50421],[77.2515,28.50356],[77.25179,28.50287],[77.2523,28.50244],[77.2538,28.50182],[77.25487,28.50175],[77.25713,28.50202],[77.25724,28.50225],[77.25694,28.50396],[77.25708,28.5042],[77.25801,28.50358],[77.25826,28.50361],[77.25852,28.50394],[77.25826,28.50426],[77.25849,28.50468],[77.25947,28.50488],[77.26019,28.50525],[77.26131,28.50511],[77.26276,28.50418],[77.26351,28.50422],[77.26417,28.50398],[77.26483,28.50403],[77.26537,28.50472],[77.26638,28.50465],[77.2679,28.50377],[77.26983,28.50451],[77.27052,28.50456],[77.27096,28.50511],[77.27169,28.50553]]]}},{"type":"Feature","bbox":[77.24243,28.50175,77.2751,28.52851],"properties":{"ward":170,"name":"Tughlakabad Extension 170"},"geometry":{"type":"Polygon","coordinates":[[[77.25776,28.52851],[77.25882,28.52791],[77.25933,28.5278],[77.25967,28.52722],[77.26112,28.5273],[77.2607,28.52621],[77.26066,28.52561],[77.26099,28.52542],[77.2636,28.52504],[77.26396,28.52464],[77.26491,28.52277],[77.26441,28.52161],[77.26323,28.52133],[77.262,28.52176],[77.26118,28.52134],[77.25976,28.52029],[77.25813,28.51874],[77.25749,28.5179],[77.25621,28.51699],[77.25502,28.51535],[77.25475,28.51487],[77.25475,28.51454],[77.2582,28.51254],[77.26086,28.51157],[77.26432,28.50932],[77.26964,28.50779],[77.27116,28.50759],[77.27405,28.50638],[77.2751,28.50613],[77.27448,28.50516],[77.2741,28.50409],[77.2737,28.50468],[77.27326,28.50501],[77.27164,28.50554],[77.27096,28.50511],[77.27052,28.50456],[77.26983,28.50451],[77.2679,28.50377],[77.26638,28.50465],[77.26537,28.50472],[77.26483,28.50403],[77.26417,28.50398],[77.26351,28.50422],[77.26276,28.50418],[77.26131,28.50511],[77.26019,28.50525],[77.25947,28.50488],[77.25849,28.50468],[77.25826,28.50426],[77.25852,28.50394],[77.25826,28.50361],[77.25801,28.50358],[77.25708,28.5042],[77.25694,28.50396],[77.25724,28.50222],[77.2571,28.502],[77.25487,28.50175],[77.2538,28.50182],[77.2523,28.50244],[77.25163,28.50313],[77.25154,28.50418],[77.25199,28.50506],[77.25181,28.5053],[77.25051,28.50531],[77.25017,28.50492],[77.24975,28.50369],[77.24871,28.50396],[77.2493,28.50553],[77.24954,28.50758],[77.2493,28.51187],[77.24402,28.51225],[77.24273,28.51221],[77.24243,28.51234],[77.24255,28.51577],[77.24368,28.5161],[77.24478,28.51678],[77.24522,28.51787],[77.24624,28.51833],[77.24674,28.51899],[77.24785,28.51912],[77.24856,28.5196],[77.24987,28.51998],[77.25015,28.5206],[77.25084,28.52131],[77.2531,28.52285],[77.25321,28.52352],[77.25413,28.52429],[77.25439,28.52438],[77.25508,28.52385],[77.25587,28.52374],[77.25776,28.52851]]]}},{"type":"Feature","bbox":[77.23443,28.52198,77.2593,28.54425],"properties":{"ward":171,"name":"Chitaranjan Park 171"},"geometry":{"type":"Polygon","coordinates":[[[77.24575,28.54425],[77.24693,28.54244],[77.24795,28.54161],[77.25619,28.53784],[77.25676,28.53745],[77.25778,28.53635],[77.25817,28.53537],[77.25785,28.535],[77.2567,28.53473],[77.2567,28.53438],[77.25751,28.53307],[77.2593,28.53246],[77.25821,28.52926],[77.25776,28.52851],[77.25592,28.52379],[77.25566,28.52368],[77.25528,28.52377],[77.2545,28.52434],[77.25424,28.52435],[77.25321,28.52352],[77.2531,28.52285],[77.25177,28.52198],[77.25097,28.52231],[77.24951,28.52327],[77.24767,28.52516],[77.24642,28.52566],[77.24585,28.52665],[77.24384,28.52672],[77.24328,28.5272],[77.24282,28.52795],[77.24152,28.52895],[77.24005,28.52903],[77.23889,28.52936],[77.23838,28.53024],[77.23628,28.53154],[77.23586,28.53204],[77.23587,28.53316],[77.23486,28.53377],[77.23456,28.53418],[77.23466,28.53439],[77.23523,28.53442],[77.23493,28.53515],[77.23565,28.53552],[77.23517,28.53659],[77.23508,28.53844],[77.23443,28.53983],[77.24307,28.54328],[77.24394,28.54348],[77.24575,28.54425]]]}},{"type":"Feature","bbox":[77.20873,28.53089,77.23587,28.55535],"properties":{"ward":172,"name":"Chirag Delhi 172"},"geometry":{"type":"Polygon","coordinates":[[[77.22157,28.55535],[77.22822,28.55394],[77.22814,28.55287],[77.22843,28.54917],[77.22874,28.54807],[77.22594,28.54588],[77.22552,28.54569],[77.2248,28.54567],[77.22344,28.5446],[77.22123,28.54361],[77.22118,28.54311],[77.22077,28.543],[77.2207,28.54257],[77.21983,28.54251],[77.21973,28.54172],[77.22048,28.54195],[77.22126,28.54195],[77.22379,28.54029],[77.22443,28.53999],[77.2251,28.53996],[77.22572,28.5401],[77.22617,28.54068],[77.22652,28.54078],[77.22703,28.54204],[77.22984,28.54174],[77.23195,28.54171],[77.23215,28.53992],[77.23305,28.53957],[77.23387,28.53957],[77.23443,28.53983],[77.23501,28.53864],[77.23517,28.53659],[77.23565,28.53548],[77.23493,28.53515],[77.23523,28.53442],[77.23466,28.53439],[77.23456,28.53418],[77.23486,28.53377],[77.23587,28.53316],[77.23586,28.53204],[77.23523,28.53266],[77.23475,28.5329],[77.23194,28.53301],[77.23048,28.53285],[77.22205,28.53089],[77.22214,28.53177],[77.22192,28.53224],[77.21937,28.53267],[77.21893,28.53255],[77.21859,28.53164],[77.21818,28.53134],[77.2173,28.53135],[77.21659,28.53175],[77.21607,28.53122],[77.21496,28.53098],[77.21454,28.53105],[77.21378,28.53151],[77.21378,28.53167],[77.21422,28.53198],[77.21419,28.53263],[77.21469,28.53321],[77.21445,28.53421],[77.21454,28.53457],[77.2155,28.53539],[77.21779,28.53595],[77.21792,28.53619],[77.21779,28.53682],[77.21736,28.53801],[77.21644,28.53878],[77.21608,28.53878],[77.21514,28.53812],[77.21449,28.53821],[77.21322,28.53906],[77.21268,28.5405],[77.21247,28.54071],[77.21017,28.54154],[77.20938,28.54275],[77.20873,28.54343],[77.20894,28.54538],[77.2093,28.54656],[77.2113,28.55232],[77.21176,28.55313],[77.21262,28.55409],[77.21468,28.55316],[77.21571,28.55376],[77.21981,28.55479],[77.2207,28.55532],[77.22157,28.55535]]]}},{"type":"Feature","bbox":[77.21974,28.53957,77.2609,28.5604],"properties":{"ward":173,"name":"Greater Kailash 173"},"geometry":{"type":"Polygon","coordinates":[[[77.23134,28.5604],[77.23249,28.55992],[77.23644,28.55905],[77.23919,28.55819],[77.24029,28.55883],[77.24588,28.56019],[77.24651,28.55935],[77.24769,28.55946],[77.24865,28.55907],[77.24878,28.55786],[77.24869,28.55679],[77.24887,28.55644],[77.24947,28.55597],[77.25189,28.55599],[77.25257,28.55617],[77.25475,28.55725],[77.25637,28.5591],[77.25879,28.55775],[77.25912,28.5578],[77.25987,28.55839],[77.26038,28.55824],[77.2609,28.55779],[77.2595,28.55561],[77.25624,28.55383],[77.25741,28.55298],[77.25789,28.5523],[77.25783,28.5517],[77.25543,28.55201],[77.25127,28.55047],[77.24892,28.54941],[77.24876,28.549],[77.25011,28.54632],[77.25013,28.54598],[77.24543,28.54404],[77.23636,28.54071],[77.23387,28.53957],[77.23276,28.53961],[77.23215,28.53992],[77.23195,28.54171],[77.22984,28.54174],[77.22703,28.54204],[77.22652,28.54078],[77.22617,28.54068],[77.22572,28.5401],[77.2251,28.53996],[77.22443,28.53999],[77.22379,28.54029],[77.22126,28.54195],[77.22048,28.54195],[77.21974,28.5417],[77.21983,28.54251],[77.2207,28.54257],[77.22077,28.543],[77.22118,28.54311],[77.22123,28.54361],[77.22344,28.5446],[77.2248,28.54567],[77.22552,28.54569],[77.22594,28.54588],[77.22873,28.54804],[77.22843,28.54917],[77.22818,28.55382],[77.23108,28.56014],[77.23134,28.5604]]]}},{"type":"Feature","bbox":[77.25181,28.54409,77.28471,28.57568],"properties":{"ward":174,"name":"Sri Niwas Puri 174"},"geometry":{"type":"Polygon","coordinates":[[[77.26327,28.57568],[77.26525,28.5734],[77.26573,28.57261],[77.26666,28.57087],[77.26641,28.5703],[77.26662,28.56987],[77.26711,28.56934],[77.2678,28.5692],[77.26819,28.56873],[77.26961,28.56665],[77.27016,28.56549],[77.27182,28.56278],[77.27173,28.56237],[77.27033,28.56159],[77.27034,28.56101],[77.27258,28.56085],[77.273,28.55958],[77.27369,28.55833],[77.27579,28.55622],[77.27614,28.55622],[77.27633,28.55648],[77.27584,28.5571],[77.27581,28.55737],[77.27655,28.5578],[77.27736,28.55703],[77.2782,28.55712],[77.27985,28.55591],[77.27987,28.55561],[77.27905,28.55488],[77.27911,28.55403],[77.27827,28.55367],[77.27817,28.55336],[77.27883,28.55161],[77.27916,28.55142],[77.28012,28.55156],[77.28103,28.54947],[77.2814,28.54941],[77.28373,28.55031],[77.28471,28.54829],[77.28349,28.54456],[77.28315,28.54409],[77.27988,28.54862],[77.27949,28.54864],[77.27697,28.54762],[77.27476,28.54988],[77.26971,28.54715],[77.26951,28.54685],[77.26967,28.5463],[77.26944,28.54607],[77.26853,28.54593],[77.26644,28.54479],[77.26435,28.54435],[77.26405,28.54473],[77.26242,28.54858],[77.2623,28.54921],[77.26303,28.54958],[77.26369,28.55028],[77.26499,28.55358],[77.26614,28.55482],[77.26457,28.55652],[77.26397,28.55697],[77.26214,28.55915],[77.2609,28.55779],[77.26038,28.55824],[77.25987,28.55839],[77.25887,28.55774],[77.25637,28.5591],[77.2549,28.55737],[77.2536,28.55671],[77.25318,28.55744],[77.25213,28.55839],[77.25233,28.55881],[77.25302,28.55929],[77.25315,28.5597],[77.2519,28.56088],[77.25181,28.56201],[77.25458,28.56189],[77.25502,28.56195],[77.25521,28.56215],[77.25514,28.56275],[77.25425,28.56355],[77.2522,28.56605],[77.25308,28.5671],[77.2544,28.56964],[77.25521,28.57039],[77.26327,28.57568]]]}},{"type":"Feature","bbox":[77.24575,28.53246,77.2728,28.55915],"properties":{"ward":175,"name":"Kalkaji 175"},"geometry":{"type":"Polygon","coordinates":[[[77.26214,28.55915],[77.26397,28.55697],[77.26457,28.55652],[77.26614,28.55482],[77.26499,28.55358],[77.26369,28.55028],[77.26303,28.54958],[77.2623,28.54921],[77.26242,28.54858],[77.26406,28.5447],[77.2644,28.54434],[77.26563,28.54457],[77.26644,28.54479],[77.26785,28.54551],[77.26799,28.54514],[77.26819,28.54505],[77.26883,28.54524],[77.26973,28.5452],[77.26997,28.545],[77.27017,28.54441],[77.27088,28.54414],[77.27122,28.5437],[77.27215,28.5433],[77.2728,28.54169],[77.27169,28.54073],[77.26767,28.53895],[77.26539,28.53817],[77.26428,28.53818],[77.26168,28.53876],[77.2593,28.53246],[77.25751,28.53307],[77.2567,28.53438],[77.2567,28.53473],[77.25785,28.535],[77.25817,28.53537],[77.25778,28.53635],[77.25676,28.53745],[77.25619,28.53784],[77.24795,28.54161],[77.24667,28.54274],[77.24575,28.54425],[77.25013,28.54598],[77.25011,28.54632],[77.24876,28.549],[77.24892,28.54941],[77.25127,28.55047],[77.25543,28.55201],[77.25783,28.5517],[77.25789,28.5523],[77.25741,28.55298],[77.25624,28.55383],[77.2595,28.55561],[77.26112,28.55808],[77.26214,28.55915]]]}},{"type":"Feature","bbox":[77.25776,28.52657,77.27139,28.5388],"properties":{"ward":176,"name":"Govind Puri 176"},"geometry":{"type":"Polygon","coordinates":[[[77.2619,28.5388],[77.26476,28.53814],[77.26539,28.53817],[77.26669,28.53857],[77.26949,28.53172],[77.27139,28.52903],[77.26991,28.52831],[77.26959,28.52829],[77.26786,28.53055],[77.26749,28.53061],[77.26635,28.53038],[77.26592,28.531],[77.26526,28.53113],[77.26491,28.53177],[77.26289,28.53219],[77.26244,28.53183],[77.26191,28.53009],[77.26304,28.52729],[77.26316,28.5266],[77.26289,28.52657],[77.26112,28.5273],[77.25967,28.52722],[77.25933,28.5278],[77.25882,28.52791],[77.25776,28.52851],[77.25821,28.52926],[77.26164,28.53871],[77.2619,28.5388]]]}},{"type":"Feature","bbox":[77.26669,28.52196,77.2923,28.54984],"properties":{"ward":177,"name":"Harkesh Nagar 177"},"geometry":{"type":"Polygon","coordinates":[[[77.2749,28.54984],[77.27664,28.54783],[77.27697,28.54762],[77.27949,28.54864],[77.27988,28.54862],[77.28315,28.54409],[77.27977,28.5427],[77.2795,28.54251],[77.27947,28.54224],[77.28353,28.53485],[77.28391,28.53475],[77.28517,28.53529],[77.28548,28.53519],[77.28694,28.53232],[77.28848,28.5287],[77.28938,28.5276],[77.29127,28.5261],[77.2923,28.52473],[77.29177,28.52473],[77.29111,28.52569],[77.28982,28.52529],[77.28877,28.52553],[77.28816,28.5247],[77.28713,28.52416],[77.28733,28.52347],[77.28511,28.5235],[77.27778,28.52248],[77.27642,28.52196],[77.27034,28.5304],[77.26907,28.53262],[77.26669,28.53857],[77.27169,28.54073],[77.27269,28.54151],[77.27281,28.54175],[77.27215,28.5433],[77.27122,28.5437],[77.27088,28.54414],[77.27017,28.54441],[77.26986,28.54513],[77.26898,28.54525],[77.26819,28.54505],[77.26777,28.54544],[77.26853,28.54593],[77.26955,28.54613],[77.26967,28.54638],[77.26951,28.54692],[77.26971,28.54715],[77.27443,28.54979],[77.2749,28.54984]]]}},{"type":"Feature","bbox":[77.25472,28.5049,77.2955,28.53215],"properties":{"ward":178,"name":"Tughlakabad 178"},"geometry":{"type":"Polygon","coordinates":[[[77.26268,28.53215],[77.26491,28.53177],[77.26526,28.53113],[77.26592,28.531],[77.26635,28.53038],[77.26749,28.53061],[77.26786,28.53055],[77.26959,28.52829],[77.26991,28.52831],[77.27139,28.52903],[77.27642,28.52196],[77.27778,28.52248],[77.28511,28.5235],[77.28733,28.52347],[77.28713,28.52416],[77.28816,28.5247],[77.28863,28.52542],[77.29238,28.51788],[77.2955,28.50806],[77.29258,28.50715],[77.29233,28.50777],[77.29165,28.50772],[77.29147,28.50792],[77.29113,28.50795],[77.28946,28.50782],[77.28832,28.50692],[77.28608,28.5071],[77.28487,28.50787],[77.28067,28.50987],[77.27791,28.5051],[77.27761,28.5049],[77.2751,28.50613],[77.27405,28.50638],[77.27116,28.50759],[77.26964,28.50779],[77.26432,28.50932],[77.26086,28.51157],[77.25901,28.51215],[77.25489,28.51442],[77.25472,28.51467],[77.25487,28.5151],[77.25621,28.51699],[77.25749,28.5179],[77.25877,28.51938],[77.26038,28.52078],[77.262,28.52176],[77.26323,28.52133],[77.26433,28.52157],[77.26457,28.52178],[77.26492,28.52295],[77.26443,28.52351],[77.26373,28.52494],[77.26345,28.52509],[77.26099,28.52542],[77.26063,28.5257],[77.26112,28.5273],[77.26289,28.52657],[77.26319,28.52664],[77.26191,28.53009],[77.2625,28.53196],[77.26268,28.53215]]]}},{"type":"Feature","bbox":[77.26395,28.48561,77.30432,28.52569],"properties":{"ward":179,"name":"Pul Pehladpur 179"},"geometry":{"type":"Polygon","coordinates":[[[77.29111,28.52569],[77.29177,28.52473],[77.2923,28.52473],[77.29488,28.51963],[77.30049,28.50632],[77.30062,28.50522],[77.30015,28.50368],[77.30015,28.50188],[77.30042,28.50126],[77.30147,28.50023],[77.3022,28.49776],[77.30286,28.49627],[77.30432,28.4894],[77.30043,28.48963],[77.30046,28.49383],[77.30031,28.49412],[77.29925,28.49407],[77.29791,28.49445],[77.29597,28.49445],[77.29488,28.49513],[77.2941,28.49516],[77.29353,28.49601],[77.28966,28.49642],[77.2857,28.49578],[77.28494,28.49472],[77.28387,28.49459],[77.28319,28.49432],[77.28235,28.49432],[77.28117,28.49374],[77.28008,28.49391],[77.278,28.49361],[77.2758,28.49276],[77.27272,28.49094],[77.27221,28.48742],[77.272,28.48696],[77.26667,28.48574],[77.26395,28.48561],[77.26777,28.49244],[77.27017,28.49721],[77.2703,28.49767],[77.2702,28.49853],[77.2706,28.4997],[77.27093,28.4999],[77.27201,28.49981],[77.27255,28.50026],[77.27309,28.50136],[77.27448,28.50516],[77.2751,28.50613],[77.27772,28.50492],[77.28069,28.50987],[77.28487,28.50787],[77.28608,28.5071],[77.28832,28.50692],[77.28946,28.50782],[77.29113,28.50795],[77.29147,28.50792],[77.29165,28.50772],[77.29233,28.50777],[77.29258,28.50715],[77.2955,28.50806],[77.29238,28.51788],[77.28863,28.52542],[77.28894,28.52553],[77.28982,28.52529],[77.29111,28.52569]]]}},{"type":"Feature","bbox":[77.29721,28.49014,77.31291,28.5161],"properties":{"ward":180,"name":"Badarpur 180"},"geometry":{"type":"Polygon","coordinates":[[[77.30391,28.5161],[77.30468,28.51591],[77.30585,28.51531],[77.30929,28.51287],[77.31027,28.51208],[77.31058,28.51162],[77.311,28.50967],[77.31038,28.50509],[77.31051,28.503],[77.30994,28.50056],[77.31031,28.49999],[77.3104,28.49925],[77.31015,28.4961],[77.31104,28.49568],[77.3114,28.49652],[77.3122,28.49667],[77.3124,28.4966],[77.3124,28.49617],[77.31291,28.49601],[77.31272,28.49557],[77.3129,28.49523],[77.31281,28.495],[77.30997,28.49515],[77.3097,28.49401],[77.30788,28.49259],[77.3062,28.49081],[77.30579,28.4905],[77.30415,28.49014],[77.30286,28.49627],[77.3022,28.49776],[77.30147,28.50023],[77.30042,28.50126],[77.30015,28.50188],[77.30015,28.50368],[77.30062,28.50522],[77.30049,28.50632],[77.29721,28.51427],[77.30262,28.51597],[77.30391,28.5161]]]}},{"type":"Feature","bbox":[77.30415,28.48356,77.31605,28.5112],"properties":{"ward":181,"name":"Molarband 181"},"geometry":{"type":"Polygon","coordinates":[[[77.3125,28.5112],[77.31328,28.50842],[77.31283,28.50812],[77.31284,28.50773],[77.31386,28.50458],[77.31415,28.50251],[77.31382,28.50219],[77.31388,28.50122],[77.31436,28.49763],[77.31476,28.4967],[77.31605,28.48449],[77.31371,28.48356],[77.31327,28.48377],[77.30979,28.48691],[77.30805,28.48757],[77.30795,28.48815],[77.30681,28.48878],[77.30651,28.48918],[77.30432,28.4894],[77.30415,28.49014],[77.30579,28.4905],[77.3062,28.49081],[77.30788,28.49259],[77.3097,28.49401],[77.30997,28.49515],[77.31269,28.49499],[77.31288,28.4951],[77.31271,28.49553],[77.3129,28.49607],[77.3124,28.49617],[77.31234,28.49665],[77.3114,28.49652],[77.31104,28.49568],[77.31016,28.49605],[77.3104,28.49925],[77.31031,28.49999],[77.30994,28.50056],[77.31052,28.50307],[77.31038,28.50509],[77.311,28.50967],[77.31079,28.51104],[77.31206,28.51119],[77.3125,28.5112]]]}},{"type":"Feature","bbox":[77.31401,28.48449,77.33316,28.50043],"properties":{"ward":182,"name":"Meethapur 182"},"geometry":{"type":"Polygon","coordinates":[[[77.31401,28.50043],[77.3316,28.5001],[77.33299,28.499],[77.33316,28.49868],[77.33133,28.49649],[77.32929,28.4947],[77.32846,28.49269],[77.32741,28.49141],[77.32677,28.491],[77.32669,28.48977],[77.32557,28.48964],[77.32484,28.48909],[77.32323,28.4886],[77.32204,28.48805],[77.3208,28.48794],[77.3196,28.48763],[77.31919,28.48689],[77.3164,28.48637],[77.31629,28.4859],[77.31646,28.48472],[77.31634,28.48453],[77.31605,28.48449],[77.31476,28.4967],[77.31436,28.49763],[77.31401,28.50043]]]}},{"type":"Feature","bbox":[77.3125,28.50019,77.32901,28.51238],"properties":{"ward":183,"name":"Hari Nagar Extension 183"},"geometry":{"type":"Polygon","coordinates":[[[77.31772,28.51238],[77.31899,28.51157],[77.3221,28.51014],[77.32419,28.50977],[77.32803,28.50949],[77.32792,28.50733],[77.32739,28.50725],[77.32727,28.50708],[77.32713,28.50464],[77.32847,28.50352],[77.32901,28.50284],[77.3251,28.50283],[77.32644,28.50148],[77.32645,28.50019],[77.31401,28.50043],[77.31381,28.50204],[77.31415,28.50248],[77.31399,28.50371],[77.31386,28.50458],[77.31284,28.50773],[77.31283,28.50812],[77.31328,28.50842],[77.3125,28.5112],[77.31772,28.51238]]]}},{"type":"Feature","bbox":[77.31798,28.499,77.34739,28.52285],"properties":{"ward":184,"name":"Jaitpur 184"},"geometry":{"type":"Polygon","coordinates":[[[77.33832,28.52285],[77.34174,28.52188],[77.34629,28.52103],[77.34693,28.52084],[77.34739,28.5205],[77.3472,28.51814],[77.34703,28.51787],[77.34619,28.51733],[77.34652,28.51661],[77.34599,28.51563],[77.34532,28.51325],[77.34458,28.51284],[77.3439,28.51195],[77.34247,28.51066],[77.34224,28.51014],[77.34133,28.50933],[77.34082,28.50857],[77.3399,28.50784],[77.33904,28.50662],[77.3368,28.5046],[77.33611,28.50416],[77.3359,28.50332],[77.33534,28.50261],[77.33509,28.50184],[77.33421,28.50089],[77.3342,28.50031],[77.33299,28.499],[77.3316,28.5001],[77.32645,28.50019],[77.32644,28.50148],[77.3251,28.50283],[77.32901,28.50284],[77.32847,28.50352],[77.32713,28.50464],[77.32727,28.50708],[77.32739,28.50725],[77.32792,28.50733],[77.32803,28.50949],[77.32419,28.50977],[77.32247,28.51004],[77.31899,28.51157],[77.31798,28.51225],[77.31835,28.51283],[77.31843,28.51485],[77.31972,28.51556],[77.32108,28.51672],[77.32186,28.5164],[77.3282,28.51632],[77.33284,28.51606],[77.33296,28.51637],[77.33087,28.51908],[77.33084,28.51944],[77.33469,28.51989],[77.33694,28.52063],[77.33832,28.52285]]]}},{"type":"Feature","bbox":[77.30339,28.51126,77.33694,28.54569],"properties":{"ward":185,"name":"Madanpur Khadar East 185"},"geometry":{"type":"Polygon","coordinates":[[[77.31078,28.54569],[77.31302,28.54405],[77.31595,28.54289],[77.31683,28.54224],[77.32321,28.5346],[77.32474,28.53363],[77.32568,28.53249],[77.32621,28.5323],[77.33014,28.52743],[77.33449,28.52389],[77.33561,28.52258],[77.33612,28.52168],[77.33673,28.5211],[77.33694,28.52063],[77.33486,28.51993],[77.33084,28.51944],[77.33087,28.51908],[77.33296,28.51637],[77.33293,28.5161],[77.32186,28.5164],[77.32108,28.51672],[77.31972,28.51556],[77.31843,28.51485],[77.31835,28.51283],[77.31798,28.51225],[77.31742,28.51239],[77.31273,28.51126],[77.3107,28.51802],[77.30941,28.52014],[77.30699,28.52323],[77.306,28.52495],[77.30379,28.53175],[77.30339,28.53383],[77.30378,28.5363],[77.30475,28.53834],[77.30599,28.54003],[77.3084,28.54255],[77.31059,28.54548],[77.31078,28.54569]]]}},{"type":"Feature","bbox":[77.28938,28.51104,77.31273,28.53869],"properties":{"ward":186,"name":"Madanpur Khadar West 186"},"geometry":{"type":"Polygon","coordinates":[[[77.29962,28.53869],[77.3001,28.53868],[77.3005,28.53784],[77.30177,28.53837],[77.30205,28.53786],[77.3034,28.53379],[77.30379,28.53175],[77.306,28.52495],[77.30699,28.52323],[77.30941,28.52014],[77.3107,28.51802],[77.31273,28.51126],[77.31079,28.51104],[77.31041,28.51192],[77.30929,28.51287],[77.30585,28.51531],[77.30421,28.51605],[77.30262,28.51597],[77.29721,28.51427],[77.29488,28.51963],[77.2923,28.52473],[77.29127,28.5261],[77.28938,28.5276],[77.29465,28.5312],[77.29647,28.53218],[77.2963,28.53267],[77.29781,28.53378],[77.29813,28.53387],[77.29864,28.53326],[77.29963,28.53368],[77.29953,28.53405],[77.29917,28.53441],[77.29738,28.53465],[77.29764,28.53506],[77.29631,28.53597],[77.29577,28.53706],[77.29962,28.53869]]]}},{"type":"Feature","bbox":[77.26327,28.5276,77.30177,28.57927],"properties":{"ward":187,"name":"Sarita Vihar 187"},"geometry":{"type":"Polygon","coordinates":[[[77.26804,28.57927],[77.26925,28.57842],[77.27068,28.57859],[77.27229,28.57613],[77.27219,28.57578],[77.27275,28.57515],[77.27518,28.57309],[77.27732,28.57183],[77.27679,28.5711],[77.27866,28.56912],[77.27787,28.5683],[77.27769,28.56662],[77.27852,28.56548],[77.27811,28.5652],[77.27823,28.55911],[77.28012,28.55903],[77.28036,28.55925],[77.28246,28.55955],[77.2832,28.55865],[77.28419,28.5591],[77.28452,28.55878],[77.28353,28.558],[77.28329,28.55726],[77.28428,28.55581],[77.28482,28.55593],[77.28505,28.55577],[77.28491,28.55544],[77.28507,28.5549],[77.28421,28.55398],[77.28382,28.55392],[77.28264,28.55428],[77.28086,28.55524],[77.28043,28.55463],[77.28145,28.55218],[77.28283,28.55264],[77.28398,28.55054],[77.28624,28.5514],[77.28693,28.55017],[77.2877,28.55046],[77.28807,28.55034],[77.29014,28.55141],[77.29097,28.5503],[77.29343,28.5514],[77.29494,28.54876],[77.29589,28.549],[77.29903,28.54313],[77.30021,28.54142],[77.30115,28.53902],[77.30177,28.53837],[77.30054,28.53783],[77.3001,28.53868],[77.29958,28.53869],[77.2958,28.53712],[77.29631,28.53597],[77.29764,28.53506],[77.29738,28.53465],[77.29917,28.53441],[77.29966,28.53373],[77.29864,28.53326],[77.29813,28.53387],[77.29781,28.53378],[77.2963,28.53267],[77.29647,28.53218],[77.29465,28.5312],[77.28961,28.52769],[77.28938,28.5276],[77.2882,28.52919],[77.28694,28.53232],[77.28548,28.53519],[77.28517,28.53529],[77.28391,28.53475],[77.28353,28.53485],[77.27944,28.54232],[77.27977,28.5427],[77.28315,28.54409],[77.28338,28.54436],[77.28471,28.54829],[77.28443,28.54906],[77.28373,28.55031],[77.2814,28.54941],[77.28111,28.54942],[77.28012,28.55156],[77.27916,28.55142],[77.27883,28.55161],[77.27818,28.55355],[77.27911,28.55403],[77.27905,28.55488],[77.27987,28.55561],[77.27985,28.55591],[77.2782,28.55712],[77.27736,28.55703],[77.27655,28.5578],[77.27581,28.55737],[77.27584,28.5571],[77.27633,28.55648],[77.27614,28.55622],[77.27579,28.55622],[77.27369,28.55833],[77.273,28.55958],[77.27258,28.56085],[77.27034,28.56101],[77.27033,28.56159],[77.27173,28.56237],[77.27182,28.56278],[77.27016,28.56549],[77.26961,28.56665],[77.26819,28.56873],[77.2678,28.5692],[77.26711,28.56934],[77.26662,28.56987],[77.26641,28.5703],[77.26666,28.57087],[77.26542,28.57317],[77.26327,28.57568],[77.26547,28.57708],[77.26804,28.57927]]]}},{"type":"Feature","bbox":[77.28586,28.53383,77.31078,28.56706],"properties":{"ward":188,"name":"Abul Fazal Enclave 188"},"geometry":{"type":"Polygon","coordinates":[[[77.29589,28.56706],[77.29645,28.56645],[77.30512,28.55134],[77.30867,28.54727],[77.30998,28.54609],[77.31078,28.54569],[77.3084,28.54255],[77.30599,28.54003],[77.30445,28.53787],[77.30378,28.5363],[77.30339,28.53383],[77.30199,28.53799],[77.30115,28.53902],[77.30021,28.54142],[77.29903,28.54313],[77.29589,28.549],[77.29494,28.54876],[77.29337,28.55142],[77.29088,28.5503],[77.28983,28.55201],[77.29094,28.55325],[77.29096,28.55346],[77.28883,28.55401],[77.28876,28.55452],[77.28791,28.55466],[77.28641,28.55463],[77.28667,28.55647],[77.28629,28.5567],[77.28586,28.55732],[77.28678,28.55799],[77.2867,28.55967],[77.28718,28.56106],[77.2875,28.56152],[77.2886,28.56236],[77.29112,28.56255],[77.29203,28.56232],[77.29247,28.56384],[77.29365,28.56589],[77.29424,28.56642],[77.29538,28.56697],[77.29589,28.56706]]]}},{"type":"Feature","bbox":[77.26804,28.5502,77.29578,28.58705],"properties":{"ward":189,"name":"Zakir Nagar 189"},"geometry":{"type":"Polygon","coordinates":[[[77.27987,28.58705],[77.28361,28.58437],[77.28536,28.58282],[77.28721,28.58078],[77.29,28.57446],[77.29093,28.57271],[77.29578,28.56709],[77.29424,28.56642],[77.29365,28.56589],[77.29247,28.56384],[77.29203,28.56232],[77.29112,28.56255],[77.28848,28.56234],[77.28794,28.56197],[77.28718,28.56106],[77.28666,28.55944],[77.28678,28.55799],[77.28586,28.55732],[77.28629,28.5567],[77.28667,28.55647],[77.28641,28.55463],[77.28791,28.55466],[77.28876,28.55452],[77.28883,28.55401],[77.29057,28.55363],[77.29098,28.55336],[77.28983,28.55201],[77.29014,28.55141],[77.288,28.55032],[77.2877,28.55046],[77.28683,28.5502],[77.28621,28.55141],[77.28393,28.55055],[77.28283,28.55264],[77.28145,28.55218],[77.28043,28.55463],[77.28086,28.55524],[77.28264,28.55428],[77.28382,28.55392],[77.28421,28.55398],[77.28507,28.5549],[77.28491,28.55544],[77.28505,28.55577],[77.28482,28.55593],[77.28428,28.55581],[77.28329,28.55726],[77.28353,28.558],[77.28452,28.55878],[77.28419,28.5591],[77.2832,28.55865],[77.28246,28.55955],[77.28036,28.55925],[77.28012,28.55903],[77.27823,28.55911],[77.27811,28.5652],[77.27852,28.56548],[77.27769,28.56662],[77.27787,28.5683],[77.27866,28.56912],[77.27679,28.5711],[77.27732,28.57183],[77.27518,28.57309],[77.27275,28.57515],[77.27219,28.57578],[77.27229,28.57613],[77.27068,28.57859],[77.26925,28.57842],[77.26857,28.57876],[77.26804,28.57927],[77.27009,28.58079],[77.27239,28.58158],[77.27987,28.58705]]]}},{"type":"Feature","bbox":[77.29786,28.58532,77.31404,28.60081],"properties":{"ward":190,"name":"New Ashok Nagar 190"},"geometry":{"type":"Polygon","coordinates":[[[77.30802,28.60081],[77.31252,28.59759],[77.31316,28.59737],[77.31404,28.59678],[77.31326,28.59628],[77.31243,28.59485],[77.31199,28.59374],[77.31139,28.59312],[77.31102,28.59169],[77.30961,28.58998],[77.30417,28.58532],[77.30255,28.58593],[77.30029,28.58617],[77.30014,28.58636],[77.30022,28.58686],[77.29988,28.58801],[77.30071,28.58917],[77.29922,28.59022],[77.29907,28.59051],[77.30107,28.593],[77.29953,28.59409],[77.29927,28.59459],[77.29912,28.59575],[77.29786,28.59828],[77.29963,28.59888],[77.30006,28.59873],[77.30096,28.59778],[77.30171,28.59771],[77.30167,28.59718],[77.30113,28.59657],[77.30172,28.59608],[77.30195,28.59534],[77.30273,28.59478],[77.30754,28.60042],[77.30802,28.60081]]]}},{"type":"Feature","bbox":[77.29325,28.59388,77.30816,28.61367],"properties":{"ward":191,"name":"Mayur Vihar Phase-I 191"},"geometry":{"type":"Polygon","coordinates":[[[77.29325,28.61367],[77.29774,28.61272],[77.30025,28.61339],[77.30195,28.61297],[77.30405,28.61273],[77.30402,28.61204],[77.30425,28.61104],[77.30587,28.6114],[77.30606,28.6113],[77.30816,28.60578],[77.30657,28.60518],[77.30604,28.60611],[77.30527,28.60591],[77.30553,28.60489],[77.30389,28.60438],[77.30434,28.60311],[77.3048,28.60317],[77.30505,28.60293],[77.30613,28.60322],[77.30636,28.60291],[77.30727,28.60287],[77.30744,28.60253],[77.30663,28.60221],[77.30672,28.60155],[77.30512,28.60106],[77.30583,28.59911],[77.30602,28.59905],[77.30639,28.59925],[77.3065,28.59915],[77.30426,28.5967],[77.30276,28.59479],[77.30195,28.59534],[77.30172,28.59608],[77.30113,28.59657],[77.30167,28.59718],[77.30175,28.59767],[77.30096,28.59778],[77.30006,28.59873],[77.29953,28.5989],[77.29785,28.59823],[77.29912,28.59575],[77.29927,28.59459],[77.29797,28.5944],[77.29656,28.59388],[77.29623,28.59411],[77.29487,28.59704],[77.29505,28.59723],[77.29662,28.59782],[77.29662,28.59813],[77.2962,28.59897],[77.29626,28.59928],[77.29835,28.60029],[77.29867,28.60069],[77.29685,28.60453],[77.29508,28.60908],[77.29517,28.60946],[77.29629,28.60983],[77.29642,28.61014],[77.29533,28.61137],[77.29389,28.61213],[77.29338,28.61305],[77.29325,28.61367]]]}},{"type":"Feature","bbox":[77.30388,28.59907,77.32005,28.61526],"properties":{"ward":192,"name":"Trilokpuri 192"},"geometry":{"type":"Polygon","coordinates":[[[77.31959,28.61526],[77.32005,28.61494],[77.31998,28.6146],[77.31317,28.60695],[77.30802,28.60081],[77.3067,28.59937],[77.30588,28.59907],[77.30512,28.60106],[77.30672,28.60155],[77.30663,28.60221],[77.30736,28.60242],[77.30739,28.60272],[77.30723,28.60288],[77.30634,28.60292],[77.30613,28.60322],[77.30505,28.60293],[77.3048,28.60317],[77.30434,28.60311],[77.30388,28.60436],[77.30553,28.60489],[77.30527,28.60591],[77.30604,28.60611],[77.30657,28.60518],[77.30806,28.60564],[77.30815,28.60584],[77.30603,28.61135],[77.30425,28.61104],[77.30402,28.61204],[77.30405,28.61273],[77.3105,28.61254],[77.31524,28.61315],[77.318,28.61383],[77.3187,28.61434],[77.31929,28.61518],[77.31959,28.61526]]]}},{"type":"Feature","bbox":[77.30802,28.59678,77.33958,28.61323],"properties":{"ward":193,"name":"Kondli 193"},"geometry":{"type":"Polygon","coordinates":[[[77.32922,28.61323],[77.33521,28.61061],[77.33371,28.60785],[77.33242,28.60834],[77.33249,28.60874],[77.33199,28.60905],[77.32944,28.61023],[77.32918,28.61004],[77.32919,28.6099],[77.33103,28.60868],[77.33347,28.60572],[77.33599,28.6073],[77.3372,28.60659],[77.33787,28.60747],[77.33767,28.60788],[77.3382,28.60865],[77.33958,28.60785],[77.33835,28.60624],[77.33506,28.60401],[77.33595,28.60271],[77.33687,28.60183],[77.3361,28.60165],[77.33477,28.60175],[77.33233,28.60093],[77.3309,28.60009],[77.33017,28.60044],[77.32732,28.59978],[77.32619,28.59899],[77.32621,28.59877],[77.32654,28.59858],[77.32648,28.59837],[77.32568,28.59808],[77.32285,28.59746],[77.32051,28.59767],[77.31682,28.59681],[77.31404,28.59678],[77.31316,28.59737],[77.31252,28.59759],[77.30802,28.60081],[77.31317,28.60695],[77.3185,28.6129],[77.32387,28.60941],[77.325,28.6085],[77.32713,28.60788],[77.32727,28.608],[77.32716,28.60915],[77.32862,28.61017],[77.32771,28.6108],[77.32864,28.61251],[77.32922,28.61323]]]}},{"type":"Feature","bbox":[77.32186,28.60183,77.34195,28.62787],"properties":{"ward":194,"name":"Gharoli 194"},"geometry":{"type":"Polygon","coordinates":[[[77.33383,28.62787],[77.33915,28.62435],[77.33972,28.62321],[77.34012,28.62185],[77.34042,28.62144],[77.34105,28.62101],[77.34167,28.61959],[77.34161,28.61616],[77.34129,28.6138],[77.34176,28.61317],[77.34195,28.61053],[77.34187,28.60794],[77.34137,28.6055],[77.33893,28.60317],[77.33823,28.60299],[77.33751,28.60222],[77.33687,28.60183],[77.33595,28.60271],[77.33506,28.60401],[77.33835,28.60624],[77.33949,28.60758],[77.33954,28.60789],[77.3382,28.60865],[77.33767,28.60788],[77.33787,28.60747],[77.3372,28.60659],[77.33599,28.6073],[77.33353,28.6057],[77.33103,28.60868],[77.32919,28.6099],[77.32918,28.61004],[77.32944,28.61023],[77.33199,28.60905],[77.33249,28.60874],[77.33242,28.60834],[77.33371,28.60785],[77.3352,28.61063],[77.32918,28.61324],[77.32818,28.61177],[77.32771,28.61077],[77.32741,28.61079],[77.32698,28.61107],[77.32764,28.61204],[77.32783,28.61262],[77.32732,28.61296],[77.3274,28.61368],[77.32723,28.61385],[77.32623,28.61426],[77.3255,28.61239],[77.3244,28.61277],[77.32384,28.61217],[77.3229,28.6126],[77.32283,28.61297],[77.32186,28.61383],[77.32533,28.61812],[77.33331,28.6273],[77.33383,28.62787]]]}},{"type":"Feature","bbox":[77.30996,28.60791,77.33398,28.63166],"properties":{"ward":195,"name":"Kalyanpuri 195"},"geometry":{"type":"Polygon","coordinates":[[[77.33074,28.63166],[77.3323,28.62987],[77.33377,28.62885],[77.33398,28.6283],[77.33383,28.62787],[77.32533,28.61812],[77.32186,28.61383],[77.32283,28.61297],[77.3229,28.6126],[77.32384,28.61217],[77.3244,28.61277],[77.3255,28.61239],[77.32623,28.61426],[77.32736,28.61376],[77.32731,28.61299],[77.32779,28.6127],[77.32781,28.61243],[77.32698,28.61101],[77.32771,28.61077],[77.32862,28.6102],[77.32716,28.60915],[77.32723,28.60791],[77.325,28.6085],[77.32387,28.60941],[77.31865,28.61275],[77.3185,28.6129],[77.32005,28.6147],[77.32,28.61501],[77.31959,28.61526],[77.31929,28.61518],[77.31907,28.61474],[77.31844,28.61409],[77.31784,28.61377],[77.31524,28.61315],[77.31135,28.61265],[77.31001,28.61618],[77.30996,28.61672],[77.31318,28.61777],[77.31324,28.61809],[77.31285,28.61932],[77.31385,28.62009],[77.31417,28.62003],[77.31539,28.61883],[77.3158,28.6187],[77.31604,28.61916],[77.31674,28.61962],[77.31694,28.62017],[77.31671,28.62077],[77.3168,28.6211],[77.31725,28.62138],[77.3183,28.62146],[77.3186,28.62165],[77.31844,28.62243],[77.31897,28.6228],[77.31897,28.62318],[77.31715,28.62718],[77.33,28.63127],[77.33074,28.63166]]]}},{"type":"Feature","bbox":[77.28754,28.61252,77.31897,28.62718],"properties":{"ward":196,"name":"Mayur Vihar Phase-Ii 196"},"geometry":{"type":"Polygon","coordinates":[[[77.31715,28.62718],[77.31897,28.62318],[77.31897,28.6228],[77.31844,28.62243],[77.3186,28.62165],[77.3183,28.62146],[77.31725,28.62138],[77.3168,28.6211],[77.31671,28.62077],[77.31694,28.62017],[77.31674,28.61962],[77.31604,28.61916],[77.3158,28.6187],[77.31539,28.61883],[77.31417,28.62003],[77.31385,28.62009],[77.31285,28.61932],[77.31324,28.61809],[77.31318,28.61777],[77.30996,28.61672],[77.31001,28.61618],[77.31135,28.61265],[77.30938,28.61252],[77.30812,28.61269],[77.30702,28.61255],[77.30333,28.61276],[77.30025,28.61339],[77.2994,28.61324],[77.2982,28.61276],[77.29758,28.61274],[77.29395,28.61346],[77.29276,28.61395],[77.29057,28.61434],[77.28997,28.61472],[77.2891,28.61469],[77.28754,28.61715],[77.30179,28.62211],[77.31715,28.62718]]]}},{"type":"Feature","bbox":[77.26233,28.56645,77.30417,28.61715],"properties":{"ward":197,"name":"Patpar Ganj 197"},"geometry":{"type":"Polygon","coordinates":[[[77.28754,28.61715],[77.28903,28.61473],[77.28997,28.61472],[77.29057,28.61434],[77.293,28.61386],[77.29325,28.61367],[77.29338,28.61305],[77.29389,28.61213],[77.29533,28.61137],[77.29642,28.61014],[77.29629,28.60983],[77.29517,28.60946],[77.29508,28.60908],[77.29651,28.60532],[77.29866,28.6006],[77.29835,28.60029],[77.29626,28.59928],[77.2962,28.59897],[77.29662,28.59813],[77.29662,28.59782],[77.29505,28.59723],[77.29488,28.59694],[77.29641,28.59391],[77.29797,28.5944],[77.29927,28.59459],[77.29966,28.59393],[77.30102,28.59311],[77.30098,28.59276],[77.29907,28.59051],[77.29922,28.59022],[77.30071,28.58917],[77.29988,28.58801],[77.30022,28.58686],[77.30017,28.58628],[77.30049,28.58611],[77.30255,28.58593],[77.30417,28.58532],[77.30236,28.58361],[77.30096,28.58287],[77.30088,28.58262],[77.30122,28.58152],[77.29967,28.58076],[77.29943,28.58047],[77.29916,28.57938],[77.29976,28.57846],[77.29977,28.57739],[77.30003,28.57606],[77.29991,28.57478],[77.29903,28.57228],[77.29902,28.57139],[77.29942,28.57009],[77.29904,28.5698],[77.29645,28.56645],[77.29107,28.57251],[77.29,28.57446],[77.28736,28.58054],[77.28556,28.58262],[77.28329,28.58463],[77.27987,28.58705],[77.27358,28.59021],[77.2714,28.59147],[77.26894,28.59358],[77.26425,28.59837],[77.26233,28.60065],[77.26889,28.60378],[77.27242,28.6052],[77.277,28.60748],[77.27925,28.60928],[77.28299,28.61342],[77.28362,28.61299],[77.28414,28.613],[77.28456,28.6128],[77.28541,28.61301],[77.28586,28.61278],[77.28618,28.61285],[77.28624,28.61386],[77.28609,28.61427],[77.28576,28.61477],[77.28513,28.61505],[77.285,28.61535],[77.28698,28.61685],[77.28754,28.61715]]]}},{"type":"Feature","bbox":[77.28498,28.61715,77.30443,28.62715],"properties":{"ward":198,"name":"Vinod Nagar 198"},"geometry":{"type":"Polygon","coordinates":[[[77.30085,28.62715],[77.30406,28.62597],[77.30443,28.62568],[77.3041,28.62538],[77.30246,28.625],[77.30191,28.62473],[77.3019,28.62415],[77.30121,28.62371],[77.30179,28.62211],[77.30152,28.62195],[77.28754,28.61715],[77.28498,28.62113],[77.28524,28.62277],[77.2856,28.62386],[77.28693,28.6244],[77.28757,28.62326],[77.28929,28.62297],[77.29086,28.62395],[77.29221,28.62449],[77.29363,28.62466],[77.29451,28.62457],[77.29522,28.6269],[77.29621,28.62647],[77.29871,28.62643],[77.30049,28.62711],[77.30085,28.62715]]]}},{"type":"Feature","bbox":[77.28918,28.62647,77.30138,28.63573],"properties":{"ward":199,"name":"Mandawali 199"},"geometry":{"type":"Polygon","coordinates":[[[77.29676,28.63573],[77.29944,28.63302],[77.29809,28.63207],[77.29803,28.63176],[77.29942,28.63056],[77.30035,28.62862],[77.30137,28.62795],[77.30138,28.62762],[77.30085,28.62715],[77.29909,28.6265],[77.29621,28.62647],[77.29464,28.62726],[77.29417,28.62899],[77.29381,28.62944],[77.29352,28.62944],[77.2904,28.62821],[77.28984,28.62838],[77.28954,28.6295],[77.28918,28.62991],[77.28935,28.6301],[77.29623,28.6355],[77.29676,28.63573]]]}},{"type":"Feature","bbox":[77.25322,28.61366,77.28023,28.64341],"properties":{"ward":201,"name":"Lalita Park 201"},"geometry":{"type":"Polygon","coordinates":[[[77.27043,28.64341],[77.27123,28.6427],[77.27233,28.64274],[77.27294,28.63981],[77.27559,28.63968],[77.27554,28.63886],[77.27445,28.63885],[77.27428,28.63873],[77.27426,28.63729],[77.27509,28.63713],[77.27517,28.63696],[77.27512,28.63559],[77.27396,28.63548],[77.27395,28.6349],[77.27418,28.63472],[77.2743,28.63423],[77.27727,28.6341],[77.27762,28.63337],[77.278,28.63307],[77.27912,28.63352],[77.28023,28.63229],[77.27526,28.62893],[77.27352,28.62813],[77.2748,28.6258],[77.27789,28.62122],[77.27537,28.61924],[77.27353,28.61811],[77.27019,28.61671],[77.25606,28.61366],[77.25542,28.616],[77.25506,28.61961],[77.25486,28.62006],[77.25382,28.62079],[77.2536,28.62125],[77.25324,28.62226],[77.25322,28.62369],[77.25369,28.62521],[77.25476,28.62713],[77.2563,28.6309],[77.25917,28.63467],[77.26069,28.63641],[77.26291,28.63981],[77.26415,28.64296],[77.27043,28.64341]]]}},{"type":"Feature","bbox":[77.27352,28.61906,77.28612,28.63604],"properties":{"ward":202,"name":"Shakarpur 202"},"geometry":{"type":"Polygon","coordinates":[[[77.28575,28.63604],[77.28612,28.63187],[77.28609,28.62712],[77.28586,28.62507],[77.28496,28.62131],[77.2829,28.62381],[77.28204,28.62439],[77.2789,28.62195],[77.27913,28.62157],[77.27968,28.62149],[77.27982,28.6209],[77.28063,28.61968],[77.28058,28.61952],[77.27955,28.61906],[77.27875,28.62035],[77.27781,28.62129],[77.27639,28.62339],[77.2748,28.6258],[77.27352,28.62813],[77.27526,28.62893],[77.28575,28.63604]]]}},{"type":"Feature","bbox":[77.27233,28.63229,77.28575,28.64325],"properties":{"ward":203,"name":"Laxmi Nagar 203"},"geometry":{"type":"Polygon","coordinates":[[[77.28144,28.64325],[77.28575,28.63604],[77.28023,28.63229],[77.27912,28.63352],[77.278,28.63307],[77.27762,28.63337],[77.27727,28.6341],[77.2743,28.63423],[77.27418,28.63472],[77.27395,28.6349],[77.27396,28.63548],[77.27512,28.63559],[77.27517,28.63696],[77.27509,28.63713],[77.27426,28.63729],[77.27428,28.63873],[77.27445,28.63885],[77.27554,28.63886],[77.2756,28.63964],[77.27294,28.63981],[77.27233,28.64274],[77.27743,28.64313],[77.27838,28.64304],[77.28144,28.64325]]]}},{"type":"Feature","bbox":[77.28144,28.6277,77.30692,28.65381],"properties":{"ward":204,"name":"Preet Vihar 204"},"geometry":{"type":"Polygon","coordinates":[[[77.29251,28.65301],[77.29791,28.65381],[77.2982,28.65225],[77.29866,28.65131],[77.30191,28.648],[77.30478,28.64615],[77.30692,28.64376],[77.30262,28.64042],[77.30403,28.63863],[77.3038,28.63824],[77.30411,28.63782],[77.30523,28.63662],[77.30591,28.63623],[77.30512,28.63506],[77.30455,28.63486],[77.30332,28.63497],[77.30091,28.63411],[77.29944,28.63302],[77.29701,28.63557],[77.29656,28.63571],[77.28707,28.62829],[77.28608,28.6277],[77.28612,28.63187],[77.28575,28.63604],[77.28144,28.64325],[77.29072,28.64373],[77.2909,28.64384],[77.29084,28.64408],[77.28996,28.64484],[77.291,28.64563],[77.29141,28.6462],[77.29584,28.64656],[77.29611,28.64679],[77.29608,28.64699],[77.29351,28.65011],[77.29251,28.65301]]]}},{"type":"Feature","bbox":[77.29808,28.62211,77.33,28.64109],"properties":{"ward":205,"name":"I.P. Extension 205"},"geometry":{"type":"Polygon","coordinates":[[[77.31591,28.64109],[77.31997,28.63834],[77.32585,28.63319],[77.32889,28.63213],[77.33,28.63127],[77.31926,28.62789],[77.30179,28.62211],[77.30121,28.62371],[77.3019,28.62415],[77.30191,28.62473],[77.30246,28.625],[77.3041,28.62538],[77.30443,28.62568],[77.30406,28.62597],[77.30185,28.62664],[77.30085,28.62715],[77.30138,28.62762],[77.30144,28.62785],[77.30035,28.62862],[77.29963,28.6303],[77.29808,28.63167],[77.29809,28.63207],[77.30066,28.63402],[77.30332,28.63497],[77.30455,28.63486],[77.30512,28.63506],[77.30591,28.63623],[77.30755,28.63588],[77.31468,28.63636],[77.31476,28.63755],[77.31552,28.64004],[77.31591,28.64109]]]}},{"type":"Feature","bbox":[77.29791,28.63588,77.32198,28.668],"properties":{"ward":206,"name":"Anand Vihar 206"},"geometry":{"type":"Polygon","coordinates":[[[77.32056,28.668],[77.32198,28.66763],[77.32014,28.66197],[77.31963,28.65241],[77.3194,28.65133],[77.3164,28.64291],[77.31513,28.63883],[77.31476,28.63755],[77.31471,28.63639],[77.30755,28.63588],[77.306,28.63618],[77.30523,28.63662],[77.30411,28.63782],[77.3038,28.63824],[77.30403,28.63863],[77.30262,28.64042],[77.30692,28.64376],[77.30478,28.64615],[77.30191,28.648],[77.29866,28.65131],[77.2982,28.65225],[77.29792,28.65365],[77.29791,28.65381],[77.29915,28.65407],[77.30129,28.65517],[77.30204,28.6558],[77.30312,28.65738],[77.30357,28.65926],[77.30334,28.66666],[77.30815,28.66656],[77.31484,28.6652],[77.31509,28.66532],[77.31554,28.66622],[77.31996,28.66794],[77.32056,28.668]]]}},{"type":"Feature","bbox":[77.28613,28.65301,77.30356,28.6703],"properties":{"ward":207,"name":"Vishwas Nagar 207"},"geometry":{"type":"Polygon","coordinates":[[[77.30235,28.6703],[77.30325,28.66989],[77.30348,28.66358],[77.30356,28.6591],[77.30334,28.65798],[77.3028,28.65677],[77.30204,28.6558],[77.30137,28.65523],[77.29915,28.65407],[77.29251,28.65301],[77.29149,28.65592],[77.28613,28.66296],[77.29883,28.66895],[77.30016,28.66961],[77.30051,28.67004],[77.3016,28.67007],[77.30235,28.6703]]]}},{"type":"Feature","bbox":[77.28205,28.64484,77.29611,28.6558],"properties":{"ward":208,"name":"Anarkali 208"},"geometry":{"type":"Polygon","coordinates":[[[77.28229,28.6558],[77.28243,28.6555],[77.28272,28.6554],[77.28386,28.65544],[77.28544,28.65513],[77.2857,28.6554],[77.28673,28.65495],[77.28701,28.65515],[77.28858,28.65471],[77.2905,28.65495],[77.29172,28.65552],[77.29338,28.65037],[77.29583,28.64734],[77.29611,28.64679],[77.29543,28.64644],[77.2915,28.64624],[77.291,28.64563],[77.28996,28.64484],[77.28828,28.6467],[77.28472,28.64678],[77.28509,28.64756],[77.28488,28.6478],[77.28491,28.64947],[77.28475,28.65002],[77.28539,28.65013],[77.28542,28.65089],[77.2846,28.65114],[77.2846,28.65221],[77.28388,28.65276],[77.28407,28.65348],[77.28394,28.65376],[77.28368,28.65379],[77.28351,28.65356],[77.28205,28.65359],[77.2821,28.65564],[77.28229,28.6558]]]}},{"type":"Feature","bbox":[77.27617,28.64304,77.29084,28.65623],"properties":{"ward":209,"name":"Jagat Puri 209"},"geometry":{"type":"Polygon","coordinates":[[[77.28079,28.65623],[77.28078,28.65587],[77.2805,28.65547],[77.28022,28.65536],[77.28023,28.6552],[77.28056,28.65501],[77.28093,28.65532],[77.2821,28.65552],[77.28205,28.65359],[77.28351,28.65356],[77.28368,28.65379],[77.28394,28.65376],[77.28407,28.65348],[77.28388,28.65276],[77.2846,28.65221],[77.2846,28.65114],[77.28541,28.65092],[77.28539,28.65013],[77.28475,28.65002],[77.28491,28.64947],[77.28488,28.6478],[77.28509,28.64756],[77.2847,28.6468],[77.28828,28.6467],[77.29084,28.64408],[77.29083,28.64377],[77.27838,28.64304],[77.27743,28.64313],[77.27757,28.64541],[77.2789,28.64582],[77.27928,28.64798],[77.27812,28.6515],[77.27693,28.65421],[77.27637,28.65513],[77.27617,28.6559],[77.2766,28.65614],[77.27725,28.65573],[77.27762,28.65571],[77.27814,28.65623],[77.28079,28.65623]]]}},{"type":"Feature","bbox":[77.26838,28.64263,77.27928,28.65513],"properties":{"ward":210,"name":"Geeta Colony 210"},"geometry":{"type":"Polygon","coordinates":[[[77.27637,28.65513],[77.27812,28.6515],[77.27928,28.64798],[77.2789,28.64582],[77.27757,28.64541],[77.27743,28.64313],[77.27167,28.64263],[77.2711,28.64276],[77.27043,28.64341],[77.26895,28.64327],[77.2688,28.64638],[77.26838,28.64897],[77.26865,28.6492],[77.27132,28.65012],[77.27079,28.6512],[77.27019,28.65114],[77.26969,28.65249],[77.27637,28.65513]]]}},{"type":"Feature","bbox":[77.26115,28.64296,77.29172,28.66417],"properties":{"ward":211,"name":"Krishna Nagar 211"},"geometry":{"type":"Polygon","coordinates":[[[77.28513,28.66417],[77.29092,28.65675],[77.29172,28.65552],[77.2905,28.65495],[77.28858,28.65471],[77.28701,28.65515],[77.28673,28.65495],[77.2857,28.6554],[77.28544,28.65513],[77.28386,28.65544],[77.28272,28.6554],[77.28243,28.6555],[77.28225,28.6558],[77.28205,28.65542],[77.28101,28.65535],[77.28052,28.65501],[77.2802,28.6553],[77.28078,28.65587],[77.28079,28.65623],[77.28057,28.65631],[77.27814,28.65623],[77.27762,28.65571],[77.27636,28.65612],[77.27617,28.6559],[77.27637,28.65528],[77.27624,28.65499],[77.26969,28.65249],[77.27019,28.65114],[77.27079,28.6512],[77.27132,28.65012],[77.26865,28.6492],[77.26838,28.64897],[77.2688,28.64638],[77.26895,28.64327],[77.26415,28.64296],[77.26503,28.64499],[77.26507,28.64661],[77.2631,28.65205],[77.26115,28.65519],[77.26359,28.6564],[77.26398,28.65685],[77.2672,28.65889],[77.26772,28.65915],[77.26867,28.65925],[77.26904,28.66007],[77.27077,28.66119],[77.27106,28.66101],[77.27153,28.65901],[77.2719,28.65883],[77.27251,28.65884],[77.27837,28.6607],[77.2807,28.66171],[77.28279,28.66237],[77.28346,28.66278],[77.28381,28.6633],[77.28513,28.66417]]]}},{"type":"Feature","bbox":[77.24676,28.65519,77.27756,28.66934],"properties":{"ward":212,"name":"Gandhi Nagar 212"},"geometry":{"type":"Polygon","coordinates":[[[77.26619,28.66934],[77.26619,28.66908],[77.26415,28.66883],[77.26414,28.66781],[77.26432,28.66717],[77.26588,28.66661],[77.26601,28.66638],[77.26577,28.66608],[77.26604,28.6659],[77.26626,28.66597],[77.26653,28.66673],[77.26673,28.66689],[77.26762,28.6666],[77.26758,28.66642],[77.26791,28.6663],[77.26796,28.6659],[77.26825,28.66623],[77.26859,28.66617],[77.26894,28.66639],[77.26978,28.66488],[77.26939,28.66441],[77.26942,28.66395],[77.27009,28.66353],[77.27285,28.66324],[77.27574,28.66324],[77.2761,28.6625],[77.27756,28.66049],[77.27357,28.65912],[77.2719,28.65883],[77.27147,28.65912],[77.27106,28.66101],[77.27077,28.66119],[77.26904,28.66007],[77.26867,28.65925],[77.26772,28.65915],[77.2672,28.65889],[77.26398,28.65685],[77.26359,28.6564],[77.26115,28.65519],[77.25758,28.65838],[77.25521,28.65996],[77.24676,28.66273],[77.25238,28.66506],[77.25268,28.66647],[77.25302,28.66671],[77.25373,28.66631],[77.25406,28.66576],[77.25784,28.66727],[77.25839,28.66688],[77.26237,28.66817],[77.26284,28.66711],[77.2624,28.66687],[77.26246,28.66657],[77.26284,28.66622],[77.26336,28.66631],[77.26354,28.66655],[77.26323,28.66718],[77.26318,28.66784],[77.26334,28.66803],[77.26322,28.66885],[77.26619,28.66934]]]}},{"type":"Feature","bbox":[77.23517,28.66273,77.28093,28.6743],"properties":{"ward":213,"name":"Shastri Park 213"},"geometry":{"type":"Polygon","coordinates":[[[77.24507,28.6743],[77.26008,28.67188],[77.26106,28.67148],[77.26246,28.67029],[77.26322,28.66996],[77.26451,28.67017],[77.26494,28.67038],[77.265,28.67064],[77.26448,28.67175],[77.26447,28.67217],[77.26498,28.67247],[77.26558,28.67345],[77.26636,28.67354],[77.26678,28.67385],[77.26942,28.67289],[77.27069,28.67272],[77.27398,28.67315],[77.27521,28.67359],[77.27541,28.67245],[77.27564,28.67221],[77.27952,28.67276],[77.28016,28.67266],[77.28047,28.67183],[77.28093,28.66931],[77.27754,28.66853],[77.27641,28.66868],[77.27596,28.66908],[77.27229,28.66909],[77.27218,28.6696],[77.26972,28.66967],[77.26776,28.66931],[77.26753,28.66889],[77.26735,28.6679],[77.26742,28.66718],[77.26792,28.66701],[77.26794,28.66687],[77.26762,28.6666],[77.26664,28.66686],[77.26611,28.66589],[77.26577,28.66608],[77.26601,28.66638],[77.26588,28.66661],[77.26429,28.6672],[77.26411,28.66873],[77.26422,28.66885],[77.26619,28.66908],[77.26626,28.6693],[77.26399,28.66904],[77.2632,28.66882],[77.26334,28.66803],[77.26318,28.66784],[77.26323,28.66718],[77.26354,28.66655],[77.26344,28.66636],[77.26309,28.66624],[77.26279,28.66623],[77.26239,28.66674],[77.26284,28.66711],[77.26233,28.66817],[77.25839,28.66688],[77.25784,28.66727],[77.25406,28.66576],[77.25343,28.66658],[77.25294,28.66669],[77.25268,28.66647],[77.25238,28.66506],[77.24676,28.66273],[77.24227,28.66316],[77.24025,28.66391],[77.2381,28.66602],[77.23589,28.66871],[77.23517,28.67119],[77.23684,28.67168],[77.23733,28.672],[77.24258,28.67399],[77.24507,28.6743]]]}},{"type":"Feature","bbox":[77.26735,28.66049,77.28512,28.66967],"properties":{"ward":214,"name":"Azad Nagar 214"},"geometry":{"type":"Polygon","coordinates":[[[77.26986,28.66967],[77.27218,28.6696],[77.27229,28.66909],[77.27602,28.66908],[77.27641,28.66868],[77.27754,28.66853],[77.28093,28.66931],[77.28165,28.66811],[77.284,28.66578],[77.28512,28.66418],[77.28381,28.6633],[77.28346,28.66278],[77.28279,28.66237],[77.27756,28.66049],[77.2757,28.66325],[77.27285,28.66324],[77.2714,28.66349],[77.27016,28.66351],[77.26944,28.66393],[77.26939,28.66441],[77.26978,28.66488],[77.26921,28.66607],[77.26886,28.66641],[77.26859,28.66617],[77.26825,28.66623],[77.2681,28.66595],[77.2679,28.66594],[77.26789,28.66634],[77.26757,28.66644],[77.26795,28.66696],[77.26742,28.66718],[77.26735,28.66803],[77.2677,28.66929],[77.26986,28.66967]]]}},{"type":"Feature","bbox":[77.28047,28.66296,77.30051,28.6729],"properties":{"ward":215,"name":"Shahdara 215"},"geometry":{"type":"Polygon","coordinates":[[[77.29079,28.6729],[77.29123,28.67199],[77.29189,28.67219],[77.2928,28.67218],[77.29417,28.67156],[77.29477,28.67058],[77.29518,28.6695],[77.30051,28.67004],[77.30016,28.66961],[77.29883,28.66895],[77.28613,28.66296],[77.284,28.66578],[77.28151,28.66831],[77.28093,28.66931],[77.28047,28.67183],[77.28391,28.67247],[77.28671,28.67281],[77.29079,28.6729]]]}},{"type":"Feature","bbox":[77.29079,28.6652,77.32409,28.67621],"properties":{"ward":216,"name":"Jhilmil 216"},"geometry":{"type":"Polygon","coordinates":[[[77.31573,28.67615],[77.3239,28.67621],[77.32399,28.6752],[77.32387,28.6744],[77.32409,28.67374],[77.32391,28.67339],[77.32312,28.67338],[77.32293,28.67323],[77.32288,28.67036],[77.32198,28.66763],[77.32082,28.66798],[77.31996,28.66794],[77.31554,28.66622],[77.31509,28.66532],[77.31484,28.6652],[77.30815,28.66656],[77.30334,28.66666],[77.30325,28.66989],[77.30307,28.67002],[77.30221,28.67032],[77.3016,28.67007],[77.29984,28.67007],[77.29518,28.6695],[77.29477,28.67058],[77.29417,28.67156],[77.2928,28.67218],[77.29189,28.67219],[77.29121,28.672],[77.29079,28.6729],[77.29357,28.67286],[77.29764,28.67312],[77.29854,28.67353],[77.29918,28.67409],[77.29962,28.67473],[77.29994,28.67567],[77.30319,28.67561],[77.31573,28.67615]]]}},{"type":"Feature","bbox":[77.30314,28.67561,77.33273,28.68665],"properties":{"ward":217,"name":"Dilshad Colony 217"},"geometry":{"type":"Polygon","coordinates":[[[77.32443,28.68665],[77.32465,28.68654],[77.32559,28.68509],[77.32595,28.68485],[77.3285,28.68617],[77.32888,28.68623],[77.33134,28.68276],[77.33163,28.68259],[77.33213,28.68265],[77.33246,28.68236],[77.33273,28.6815],[77.33061,28.67907],[77.33012,28.67828],[77.32667,28.67816],[77.32509,28.67771],[77.32475,28.67785],[77.32372,28.67724],[77.3239,28.67621],[77.31573,28.67615],[77.30319,28.67561],[77.30314,28.67722],[77.30333,28.67757],[77.30713,28.67777],[77.30789,28.67798],[77.31342,28.681],[77.32443,28.68665]]]}},{"type":"Feature","bbox":[77.31487,28.68259,77.33213,28.69855],"properties":{"ward":218,"name":"Sundar Nagri 218"},"geometry":{"type":"Polygon","coordinates":[[[77.3216,28.69851],[77.32336,28.69855],[77.32499,28.69611],[77.32508,28.69539],[77.32586,28.69506],[77.32743,28.69355],[77.32741,28.69298],[77.32995,28.68921],[77.33042,28.68788],[77.33197,28.68487],[77.33213,28.68265],[77.33163,28.68259],[77.33134,28.68276],[77.32888,28.68623],[77.3285,28.68617],[77.32614,28.68488],[77.32585,28.68487],[77.32559,28.68509],[77.32465,28.68654],[77.32759,28.68819],[77.32504,28.69182],[77.32307,28.69229],[77.32114,28.69117],[77.32108,28.69029],[77.32091,28.6901],[77.32035,28.6903],[77.31865,28.68932],[77.31653,28.69213],[77.31905,28.69259],[77.31905,28.69306],[77.31837,28.69338],[77.31858,28.69435],[77.31922,28.69432],[77.31933,28.69444],[77.31926,28.6946],[77.31888,28.69461],[77.31876,28.69579],[77.31853,28.69579],[77.31821,28.69525],[77.31786,28.69368],[77.3175,28.69333],[77.31661,28.69342],[77.31487,28.69424],[77.31508,28.69461],[77.31557,28.69733],[77.31715,28.69737],[77.3216,28.69851]]]}},{"type":"Feature","bbox":[77.29994,28.67561,77.32757,28.69583],"properties":{"ward":219,"name":"Dilshad Garden 219"},"geometry":{"type":"Polygon","coordinates":[[[77.31871,28.69583],[77.31888,28.69461],[77.31926,28.6946],[77.31933,28.69444],[77.31922,28.69432],[77.31858,28.69435],[77.31838,28.69333],[77.31903,28.69309],[77.31905,28.69259],[77.31653,28.69213],[77.3186,28.68935],[77.31908,28.68948],[77.32037,28.69031],[77.32091,28.6901],[77.32108,28.69029],[77.32114,28.69117],[77.32303,28.69227],[77.32334,28.69229],[77.32512,28.69176],[77.32757,28.68812],[77.32465,28.68654],[77.32433,28.68665],[77.32402,28.68652],[77.30789,28.67798],[77.30713,28.67777],[77.30333,28.67757],[77.30314,28.67722],[77.30319,28.67561],[77.29994,28.67567],[77.30031,28.67702],[77.30097,28.67825],[77.3025,28.67837],[77.30251,28.67862],[77.30206,28.67918],[77.30199,28.67963],[77.30233,28.67981],[77.30236,28.68041],[77.30264,28.68047],[77.30275,28.6808],[77.30683,28.68085],[77.30702,28.68035],[77.30636,28.67995],[77.30651,28.67972],[77.31204,28.68271],[77.30724,28.68985],[77.30806,28.68992],[77.30862,28.69022],[77.31488,28.69425],[77.31511,28.69402],[77.31661,28.69342],[77.3175,28.69333],[77.31786,28.69368],[77.31821,28.69525],[77.31853,28.69579],[77.31871,28.69583]]]}},{"type":"Feature","bbox":[77.30097,28.67825,77.31557,28.69938],"properties":{"ward":220,"name":"Nand Nagri 220"},"geometry":{"type":"Polygon","coordinates":[[[77.30184,28.69938],[77.30821,28.69862],[77.31557,28.69733],[77.31508,28.69461],[77.31487,28.69424],[77.30862,28.69022],[77.30808,28.68993],[77.30722,28.68981],[77.31185,28.68315],[77.31202,28.68266],[77.30651,28.67972],[77.30636,28.67995],[77.30702,28.68035],[77.30683,28.68085],[77.30277,28.68081],[77.30264,28.68047],[77.30236,28.68041],[77.30233,28.67981],[77.30199,28.67963],[77.30206,28.67918],[77.30251,28.67862],[77.3025,28.67837],[77.30097,28.67825],[77.30147,28.68922],[77.30181,28.68945],[77.30497,28.68965],[77.30523,28.68992],[77.30505,28.69169],[77.30486,28.69186],[77.30413,28.69188],[77.30389,28.69202],[77.30367,28.69383],[77.30335,28.69399],[77.30214,28.69403],[77.30193,28.69478],[77.30174,28.69497],[77.30184,28.69938]]]}},{"type":"Feature","bbox":[77.2915,28.68928,77.30184,28.70087],"properties":{"ward":221,"name":"Ashok Nagar 221"},"geometry":{"type":"Polygon","coordinates":[[[77.2915,28.70087],[77.29485,28.7005],[77.30184,28.69938],[77.30174,28.69497],[77.30137,28.69478],[77.30071,28.69258],[77.29966,28.69048],[77.29931,28.68941],[77.29197,28.68928],[77.2915,28.70087]]]}},{"type":"Feature","bbox":[77.29332,28.67567,77.30523,28.69497],"properties":{"ward":222,"name":"Ram Nagar East 222"},"geometry":{"type":"Polygon","coordinates":[[[77.30174,28.69497],[77.30214,28.69403],[77.30335,28.69399],[77.30367,28.69383],[77.30389,28.69202],[77.30413,28.69188],[77.30486,28.69186],[77.30505,28.69169],[77.30523,28.68992],[77.30497,28.68965],[77.30181,28.68945],[77.30147,28.68922],[77.30097,28.67825],[77.30031,28.67702],[77.29994,28.67567],[77.29336,28.67586],[77.29332,28.67786],[77.29389,28.67941],[77.2966,28.68319],[77.2975,28.68464],[77.29784,28.68566],[77.29821,28.68594],[77.29814,28.68627],[77.29849,28.68698],[77.29842,28.68718],[77.29888,28.68847],[77.30071,28.69258],[77.30137,28.69478],[77.30174,28.69497]]]}},{"type":"Feature","bbox":[77.28657,28.6729,77.29994,28.68941],"properties":{"ward":223,"name":"Rohtash Nagar 223"},"geometry":{"type":"Polygon","coordinates":[[[77.29931,28.68941],[77.29842,28.68718],[77.29849,28.68698],[77.29814,28.68627],[77.29821,28.68594],[77.29784,28.68566],[77.2975,28.68464],[77.29389,28.67941],[77.29332,28.67786],[77.29325,28.67636],[77.2934,28.67585],[77.29994,28.67567],[77.29942,28.6744],[77.29889,28.67381],[77.2982,28.67335],[77.29735,28.67306],[77.29614,28.67295],[77.29079,28.6729],[77.29064,28.67366],[77.28943,28.67348],[77.28913,28.67379],[77.28849,28.67377],[77.28839,28.67462],[77.29051,28.67522],[77.29056,28.67534],[77.29025,28.67626],[77.2891,28.67713],[77.28779,28.67927],[77.28682,28.68037],[77.28683,28.6805],[77.28754,28.68094],[77.28724,28.68183],[77.2867,28.68189],[77.28657,28.68243],[77.28747,28.68304],[77.28864,28.68308],[77.28885,28.68289],[77.28866,28.68258],[77.28822,28.68257],[77.28816,28.68231],[77.28995,28.6815],[77.29041,28.68146],[77.29063,28.68115],[77.29103,28.68116],[77.29156,28.68073],[77.29212,28.68081],[77.29234,28.6812],[77.29206,28.68478],[77.29214,28.68576],[77.29197,28.68928],[77.29931,28.68941]]]}},{"type":"Feature","bbox":[77.27208,28.67183,77.29079,28.68441],"properties":{"ward":224,"name":"Welcome Colony 224"},"geometry":{"type":"Polygon","coordinates":[[[77.28646,28.68441],[77.28691,28.68264],[77.28657,28.68243],[77.28656,28.68211],[77.28674,28.68187],[77.28724,28.68183],[77.28754,28.68094],[77.28683,28.6805],[77.28682,28.68037],[77.28779,28.67927],[77.2891,28.67713],[77.29025,28.67626],[77.29056,28.67534],[77.29051,28.67522],[77.28839,28.67462],[77.28844,28.67381],[77.28913,28.67379],[77.28943,28.67348],[77.29064,28.67366],[77.29079,28.6729],[77.28618,28.67277],[77.28047,28.67183],[77.28024,28.67256],[77.27988,28.67276],[77.27573,28.67219],[77.27544,28.67237],[77.27521,28.67359],[77.27484,28.67419],[77.27427,28.6744],[77.2736,28.67434],[77.27292,28.67477],[77.27275,28.67515],[77.27284,28.67585],[77.27263,28.67628],[77.27208,28.67682],[77.27249,28.67731],[77.27304,28.67859],[77.2744,28.67868],[77.27495,28.67834],[77.27572,28.67855],[77.27674,28.67844],[77.27845,28.67934],[77.27857,28.68009],[77.27919,28.68142],[77.28113,28.68098],[77.2828,28.6809],[77.28304,28.68142],[77.28396,28.68203],[77.28437,28.68253],[77.28432,28.68281],[77.28365,28.68348],[77.28367,28.68375],[77.28646,28.68441]]]}},{"type":"Feature","bbox":[77.25592,28.66998,77.27521,28.67855],"properties":{"ward":225,"name":"Seelampur 225"},"geometry":{"type":"Polygon","coordinates":[[[77.27178,28.67694],[77.27263,28.67628],[77.27284,28.67585],[77.27275,28.67515],[77.27299,28.67468],[77.2736,28.67434],[77.27467,28.67429],[77.27502,28.67403],[77.27521,28.67359],[77.27398,28.67315],[77.27069,28.67272],[77.26942,28.67289],[77.26678,28.67385],[77.26636,28.67354],[77.26558,28.67345],[77.26498,28.67247],[77.26447,28.67217],[77.26448,28.67175],[77.26501,28.67057],[77.26488,28.67032],[77.26451,28.67017],[77.26307,28.66998],[77.26246,28.67029],[77.26106,28.67148],[77.26008,28.67188],[77.25592,28.67257],[77.25603,28.67323],[77.25732,28.67311],[77.25772,28.67501],[77.25919,28.67475],[77.25939,28.67561],[77.26352,28.67495],[77.26388,28.67694],[77.26584,28.67663],[77.26646,28.67855],[77.27042,28.67723],[77.27136,28.67678],[77.27178,28.67694]]]}},{"type":"Feature","bbox":[77.23096,28.67119,77.26831,28.68564],"properties":{"ward":226,"name":"Gautam Puri 226"},"geometry":{"type":"Polygon","coordinates":[[[77.26831,28.68342],[77.26584,28.67663],[77.26388,28.67694],[77.26352,28.67495],[77.25939,28.67561],[77.25919,28.67475],[77.25772,28.67501],[77.25732,28.67311],[77.25603,28.67323],[77.25592,28.67257],[77.24601,28.67418],[77.24391,28.67425],[77.24234,28.67391],[77.23733,28.672],[77.23684,28.67168],[77.23517,28.67119],[77.23409,28.67395],[77.23296,28.67743],[77.23096,28.68535],[77.23098,28.68551],[77.23301,28.68564],[77.23864,28.68543],[77.24104,28.68468],[77.24402,28.6842],[77.24589,28.68438],[77.24774,28.68436],[77.25128,28.68389],[77.25238,28.68427],[77.25468,28.68406],[77.25523,28.68383],[77.25622,28.6841],[77.2566,28.6837],[77.25717,28.68345],[77.25738,28.68312],[77.25826,28.68295],[77.25898,28.68229],[77.26145,28.68226],[77.2627,28.68174],[77.26298,28.68191],[77.263,28.68228],[77.26189,28.68341],[77.26239,28.68403],[77.26302,28.68436],[77.26345,28.68406],[77.26481,28.68369],[77.26505,28.68433],[77.26539,28.68434],[77.26831,28.68342]]]}},{"type":"Feature","bbox":[77.26646,28.67678,77.2756,28.68673],"properties":{"ward":227,"name":"Chauhan Banger 227"},"geometry":{"type":"Polygon","coordinates":[[[77.27208,28.67682],[77.27178,28.67694],[77.27136,28.67678],[77.27042,28.67723],[77.26646,28.67855],[77.26882,28.68453],[77.2692,28.68629],[77.26933,28.68627],[77.2696,28.68673],[77.27073,28.68626],[77.27067,28.68598],[77.27095,28.68571],[77.27075,28.68531],[77.27078,28.68438],[77.27244,28.68454],[77.27265,28.68527],[77.27273,28.68469],[77.27317,28.68459],[77.27297,28.68413],[77.27321,28.68396],[77.27325,28.68355],[77.27408,28.68397],[77.27508,28.68421],[77.27531,28.6841],[77.2756,28.68355],[77.27414,28.68046],[77.27304,28.67859],[77.27249,28.67731],[77.27208,28.67682]]]}},{"type":"Feature","bbox":[77.23052,28.68174,77.26552,28.69501],"properties":{"ward":229,"name":"Braham Puri 229"},"geometry":{"type":"Polygon","coordinates":[[[77.23339,28.69501],[77.23479,28.69451],[77.24183,28.69086],[77.24219,28.69118],[77.24245,28.69276],[77.24401,28.6943],[77.24561,28.69375],[77.24591,28.69308],[77.24741,28.69156],[77.24728,28.69048],[77.249,28.69005],[77.25031,28.68874],[77.25369,28.68671],[77.25429,28.6868],[77.25395,28.68837],[77.25432,28.691],[77.2558,28.69065],[77.25597,28.69164],[77.25612,28.69173],[77.25668,28.69139],[77.25703,28.69143],[77.25759,28.69084],[77.25783,28.69082],[77.25824,28.69115],[77.25831,28.69234],[77.25847,28.69247],[77.25907,28.69215],[77.25933,28.69154],[77.26005,28.69122],[77.25966,28.69057],[77.25963,28.69013],[77.25935,28.68999],[77.25927,28.68957],[77.25945,28.68915],[77.25973,28.68908],[77.25978,28.6888],[77.26011,28.68864],[77.26005,28.68816],[77.26132,28.68694],[77.26175,28.68702],[77.26273,28.68861],[77.26406,28.68837],[77.26414,28.6877],[77.26552,28.68734],[77.26445,28.68616],[77.26394,28.68484],[77.26332,28.68481],[77.26302,28.68436],[77.26239,28.68403],[77.26192,28.68351],[77.26195,28.68322],[77.263,28.68228],[77.26298,28.68191],[77.2627,28.68174],[77.26145,28.68226],[77.25898,28.68229],[77.25826,28.68295],[77.25738,28.68312],[77.25717,28.68345],[77.2566,28.6837],[77.25622,28.6841],[77.25523,28.68383],[77.25468,28.68406],[77.25238,28.68427],[77.25128,28.68389],[77.24774,28.68436],[77.24589,28.68438],[77.24402,28.6842],[77.24104,28.68468],[77.2388,28.6854],[77.2377,28.68548],[77.23301,28.68564],[77.23098,28.68551],[77.23098,28.68515],[77.23068,28.68621],[77.23068,28.69217],[77.23052,28.6949],[77.23339,28.69501]]]}},{"type":"Feature","bbox":[77.23052,28.6867,77.26412,28.7118],"properties":{"ward":230,"name":"Bhajanpura 230"},"geometry":{"type":"Polygon","coordinates":[[[77.2315,28.7118],[77.25896,28.70373],[77.26234,28.7035],[77.26146,28.70277],[77.26058,28.70146],[77.25891,28.70004],[77.25844,28.69919],[77.2584,28.69863],[77.25788,28.69779],[77.25881,28.69728],[77.26073,28.69918],[77.26226,28.69811],[77.26184,28.69749],[77.26204,28.6973],[77.26163,28.6966],[77.2624,28.69589],[77.26252,28.69553],[77.26242,28.69469],[77.26211,28.69436],[77.26128,28.69475],[77.26099,28.69439],[77.26092,28.69404],[77.26143,28.69373],[77.26076,28.6922],[77.26237,28.69151],[77.26412,28.69127],[77.26411,28.69009],[77.26343,28.69009],[77.26134,28.69055],[77.25933,28.69154],[77.25907,28.69215],[77.25852,28.69247],[77.25831,28.69234],[77.25824,28.69115],[77.25783,28.69082],[77.25759,28.69084],[77.25703,28.69143],[77.25668,28.69139],[77.25603,28.69172],[77.2558,28.69065],[77.255,28.69094],[77.25431,28.69098],[77.25395,28.68837],[77.25429,28.6868],[77.25374,28.6867],[77.25031,28.68874],[77.249,28.69005],[77.24728,28.69048],[77.24741,28.69156],[77.24591,28.69308],[77.24573,28.69367],[77.24418,28.69432],[77.24327,28.69368],[77.24245,28.69276],[77.24219,28.69118],[77.24183,28.69086],[77.23386,28.69489],[77.23266,28.69502],[77.23052,28.6949],[77.2315,28.7118]]]}},{"type":"Feature","bbox":[77.25927,28.68627,77.2699,28.69754],"properties":{"ward":231,"name":"Ghonda 231"},"geometry":{"type":"Polygon","coordinates":[[[77.26426,28.69754],[77.26615,28.69541],[77.26618,28.69512],[77.26584,28.69466],[77.26597,28.69429],[77.26626,28.69413],[77.26678,28.69442],[77.26699,28.6942],[77.26587,28.69303],[77.26554,28.6924],[77.26555,28.69209],[77.26809,28.69127],[77.2699,28.69014],[77.26984,28.68772],[77.2696,28.68673],[77.26933,28.68627],[77.26418,28.68768],[77.26406,28.68837],[77.26273,28.68861],[77.26175,28.68702],[77.26138,28.68691],[77.26005,28.68816],[77.2601,28.68865],[77.25978,28.6888],[77.25973,28.68908],[77.25943,28.68919],[77.25927,28.6896],[77.25935,28.68999],[77.25963,28.69013],[77.25966,28.69057],[77.26005,28.69122],[77.26162,28.69045],[77.26343,28.69009],[77.26413,28.69013],[77.26412,28.69127],[77.26237,28.69151],[77.26105,28.69199],[77.26076,28.69224],[77.26143,28.69373],[77.26092,28.69404],[77.26099,28.69439],[77.26128,28.69475],[77.26211,28.69436],[77.26242,28.69469],[77.2625,28.69561],[77.26208,28.69632],[77.26165,28.69655],[77.26179,28.697],[77.26204,28.6973],[77.26223,28.69729],[77.26232,28.69699],[77.26279,28.69676],[77.26313,28.69709],[77.26426,28.69754]]]}},{"type":"Feature","bbox":[77.2579,28.69607,77.28541,28.7035],"properties":{"ward":232,"name":"Yamuna Vihar 232"},"geometry":{"type":"Polygon","coordinates":[[[77.26234,28.7035],[77.27318,28.70269],[77.28541,28.70151],[77.28418,28.70037],[77.28269,28.69758],[77.27716,28.69805],[77.27676,28.69784],[77.27658,28.69708],[77.27552,28.69695],[77.27519,28.69653],[77.27482,28.69641],[77.27409,28.69646],[77.27301,28.6969],[77.27225,28.69662],[77.27158,28.69678],[77.27114,28.69653],[77.27052,28.69689],[77.27015,28.69689],[77.26984,28.6975],[77.26873,28.69836],[77.26837,28.69845],[77.26804,28.69834],[77.2681,28.69803],[77.26798,28.69789],[77.26742,28.69804],[77.26611,28.69686],[77.26553,28.69607],[77.26426,28.69754],[77.26313,28.69709],[77.26279,28.69676],[77.26236,28.69697],[77.26226,28.69727],[77.26184,28.69743],[77.26226,28.69811],[77.26077,28.69918],[77.25881,28.69728],[77.2579,28.69773],[77.25891,28.70004],[77.26088,28.70177],[77.26149,28.7028],[77.26234,28.7035]]]}},{"type":"Feature","bbox":[77.26552,28.6897,77.28291,28.69843],"properties":{"ward":233,"name":"Subhash Mohalla 233"},"geometry":{"type":"Polygon","coordinates":[[[77.26856,28.69843],[77.26984,28.6975],[77.27015,28.69689],[77.27052,28.69689],[77.27114,28.69653],[77.27158,28.69678],[77.27225,28.69662],[77.27301,28.6969],[77.27409,28.69646],[77.27503,28.69644],[77.27552,28.69695],[77.27658,28.69708],[77.27676,28.69784],[77.27716,28.69805],[77.28291,28.69754],[77.28232,28.69692],[77.28184,28.69603],[77.27881,28.69643],[77.27667,28.69644],[77.27656,28.69623],[77.27684,28.69552],[77.27676,28.69532],[77.27691,28.69459],[77.27605,28.69467],[77.275,28.69431],[77.27489,28.69396],[77.27515,28.69362],[77.27496,28.69347],[77.27465,28.69344],[77.27463,28.6939],[77.27412,28.69426],[77.27359,28.69363],[77.27278,28.69384],[77.27248,28.69349],[77.27224,28.69248],[77.27216,28.69156],[77.2723,28.69081],[77.27201,28.68986],[77.27168,28.6897],[77.27081,28.69],[77.27078,28.69065],[77.27063,28.69084],[77.26999,28.69078],[77.2699,28.69014],[77.26809,28.69127],[77.26577,28.69196],[77.26552,28.69215],[77.26587,28.69303],[77.26699,28.6942],[77.26678,28.69442],[77.26626,28.69413],[77.26597,28.69429],[77.26584,28.69466],[77.2662,28.69529],[77.26553,28.69607],[77.26611,28.69686],[77.26742,28.69804],[77.26798,28.69789],[77.2681,28.69803],[77.26804,28.69834],[77.26856,28.69843]]]}},{"type":"Feature","bbox":[77.27644,28.68402,77.28678,28.69753],"properties":{"ward":234,"name":"Kabir Nagar 234"},"geometry":{"type":"Polygon","coordinates":[[[77.28294,28.69753],[77.28413,28.697],[77.2846,28.69611],[77.28502,28.69579],[77.28558,28.69563],[77.28593,28.69608],[77.28653,28.69574],[77.28583,28.69466],[77.28548,28.69494],[77.28483,28.69457],[77.28678,28.69238],[77.28512,28.69091],[77.28563,28.68993],[77.28553,28.68956],[77.28199,28.68995],[77.27953,28.69074],[77.27936,28.69055],[77.27864,28.68914],[77.27893,28.68894],[77.27954,28.68788],[77.28096,28.68705],[77.28162,28.68571],[77.28243,28.68488],[77.27958,28.68402],[77.27955,28.6852],[77.27644,28.68535],[77.2804,28.69324],[77.27879,28.69401],[77.27702,28.69451],[77.27657,28.69634],[77.2768,28.69646],[77.27881,28.69643],[77.28184,28.69603],[77.28234,28.69695],[77.28294,28.69753]]]}},{"type":"Feature","bbox":[77.27864,28.68264,77.29207,28.70151],"properties":{"ward":236,"name":"Kardam Puri 236"},"geometry":{"type":"Polygon","coordinates":[[[77.28541,28.70151],[77.2915,28.70087],[77.29168,28.69802],[77.2917,28.69458],[77.29207,28.68642],[77.2894,28.6863],[77.28935,28.68542],[77.28955,28.68521],[77.28956,28.6847],[77.28695,28.68441],[77.28747,28.68304],[77.28691,28.68264],[77.28601,28.68593],[77.28503,28.68587],[77.28243,28.68488],[77.28162,28.68571],[77.28096,28.68705],[77.27954,28.68788],[77.27893,28.68894],[77.27864,28.68914],[77.27953,28.69074],[77.28199,28.68995],[77.28508,28.68956],[77.28562,28.68962],[77.28563,28.68993],[77.28512,28.69091],[77.28658,28.69215],[77.28677,28.69249],[77.28507,28.6942],[77.28484,28.69462],[77.28548,28.69494],[77.28583,28.69466],[77.28655,28.69571],[77.28593,28.69608],[77.28558,28.69563],[77.28502,28.69579],[77.2846,28.69611],[77.28413,28.697],[77.28269,28.69758],[77.28427,28.7005],[77.28541,28.70151]]]}},{"type":"Feature","bbox":[77.3044,28.69735,77.3312,28.71416],"properties":{"ward":237,"name":"Harsh Vihar 237"},"geometry":{"type":"Polygon","coordinates":[[[77.31739,28.71416],[77.32175,28.71237],[77.32296,28.71349],[77.32423,28.71286],[77.32591,28.71299],[77.32705,28.71331],[77.32874,28.71302],[77.3312,28.71313],[77.3311,28.71291],[77.32816,28.71133],[77.32656,28.71001],[77.32549,28.7088],[77.32492,28.70779],[77.32478,28.70727],[77.32502,28.70676],[77.32449,28.70619],[77.32447,28.70571],[77.32505,28.70481],[77.32562,28.7046],[77.32587,28.70391],[77.32587,28.70245],[77.32538,28.70136],[77.32521,28.70043],[77.32336,28.69855],[77.3216,28.69851],[77.31699,28.69735],[77.31475,28.6974],[77.30937,28.69844],[77.3044,28.69915],[77.30484,28.69943],[77.30635,28.70144],[77.30789,28.70466],[77.30995,28.70748],[77.31138,28.70836],[77.31305,28.70973],[77.31739,28.71416]]]}},{"type":"Feature","bbox":[77.29623,28.69915,77.31739,28.71529],"properties":{"ward":238,"name":"Saboli 238"},"geometry":{"type":"Polygon","coordinates":[[[77.31577,28.71527],[77.31739,28.71416],[77.314,28.71058],[77.31138,28.70836],[77.30995,28.70748],[77.30789,28.70466],[77.30635,28.70144],[77.30475,28.69935],[77.3044,28.69915],[77.30359,28.69916],[77.29955,28.69969],[77.29988,28.70141],[77.29623,28.70226],[77.29639,28.70283],[77.29628,28.70307],[77.29666,28.70372],[77.29664,28.7041],[77.29696,28.70444],[77.29733,28.70458],[77.29708,28.70506],[77.29841,28.70718],[77.29901,28.70849],[77.29902,28.7088],[77.29845,28.7096],[77.29863,28.71008],[77.29981,28.71015],[77.30182,28.71069],[77.3021,28.71087],[77.30219,28.71143],[77.30243,28.71163],[77.30341,28.71145],[77.30558,28.71377],[77.30643,28.71389],[77.30793,28.71311],[77.30891,28.71351],[77.30959,28.71332],[77.31025,28.71387],[77.31115,28.71346],[77.31174,28.71355],[77.31261,28.71324],[77.3139,28.71464],[77.31427,28.71454],[77.31551,28.71529],[77.31577,28.71527]]]}},{"type":"Feature","bbox":[77.27414,28.69969,77.29988,28.70966],"properties":{"ward":239,"name":"Wgokul Puri 239"},"geometry":{"type":"Polygon","coordinates":[[[77.28755,28.70966],[77.28868,28.70944],[77.28931,28.70829],[77.28979,28.70793],[77.29054,28.70691],[77.29142,28.70638],[77.2915,28.70614],[77.29332,28.7055],[77.29444,28.70537],[77.29514,28.70494],[77.2959,28.70546],[77.29708,28.70506],[77.29733,28.70458],[77.29696,28.70444],[77.29664,28.7041],[77.29666,28.70372],[77.29628,28.70307],[77.29639,28.70283],[77.29623,28.70226],[77.29988,28.70141],[77.29955,28.69969],[77.29344,28.70067],[77.27414,28.70257],[77.27527,28.70582],[77.2765,28.70748],[77.27657,28.70786],[77.27745,28.70823],[77.28032,28.70868],[77.28067,28.70889],[77.28106,28.70879],[77.28576,28.70958],[77.28755,28.70966]]]}},{"type":"Feature","bbox":[77.27721,28.70882,77.29094,28.7246],"properties":{"ward":240,"name":"Joharipur 240"},"geometry":{"type":"Polygon","coordinates":[[[77.28732,28.72457],[77.28828,28.72389],[77.28908,28.72348],[77.28975,28.72335],[77.29039,28.72295],[77.29094,28.72202],[77.29072,28.72164],[77.29028,28.72132],[77.2902,28.7209],[77.28954,28.71986],[77.2897,28.71675],[77.2886,28.71594],[77.28856,28.71529],[77.28827,28.71484],[77.28862,28.71305],[77.28885,28.71287],[77.28884,28.71269],[77.28838,28.71214],[77.28759,28.71238],[77.28734,28.71218],[77.28739,28.71193],[77.28795,28.71149],[77.28781,28.71082],[77.28793,28.70965],[77.28576,28.70958],[77.28084,28.70882],[77.2805,28.70929],[77.28016,28.70932],[77.28006,28.70965],[77.27936,28.70979],[77.27883,28.7103],[77.27721,28.71087],[77.27783,28.71303],[77.27792,28.71575],[77.27837,28.71675],[77.27864,28.7182],[77.27912,28.71869],[77.28046,28.71668],[77.28069,28.71659],[77.28095,28.7167],[77.28335,28.71884],[77.28415,28.7199],[77.28695,28.7246],[77.28732,28.72457]]]}},{"type":"Feature","bbox":[77.27367,28.71659,77.28695,28.73416],"properties":{"ward":241,"name":"Karawal Nagar-East 241"},"geometry":{"type":"Polygon","coordinates":[[[77.27763,28.73413],[77.27874,28.73416],[77.28024,28.73314],[77.28036,28.73289],[77.28024,28.73223],[77.28037,28.73203],[77.28133,28.73107],[77.28197,28.73066],[77.28223,28.72989],[77.28409,28.72798],[77.28463,28.72755],[77.28546,28.72734],[77.28557,28.72719],[77.2852,28.72684],[77.28618,28.72558],[77.28648,28.72489],[77.28695,28.7246],[77.28402,28.71971],[77.28324,28.71872],[77.28069,28.71659],[77.28034,28.71684],[77.27912,28.71869],[77.27799,28.72102],[77.27367,28.72821],[77.27737,28.72828],[77.27753,28.73391],[77.27763,28.73413]]]}},{"type":"Feature","bbox":[77.26576,28.71661,77.27913,28.73525],"properties":{"ward":242,"name":"Dayalpur 242"},"geometry":{"type":"Polygon","coordinates":[[[77.277,28.73525],[77.27874,28.73416],[77.27767,28.73415],[77.27753,28.73391],[77.27739,28.72831],[77.27367,28.72821],[77.27799,28.72102],[77.27913,28.71885],[77.27864,28.7182],[77.27837,28.71675],[77.27742,28.71671],[77.27738,28.7174],[77.2772,28.71751],[77.27647,28.71749],[77.27641,28.71673],[77.27628,28.71661],[77.27531,28.71663],[77.27476,28.71696],[77.27361,28.71702],[77.27372,28.71914],[77.27356,28.71949],[77.26915,28.71948],[77.2691,28.71848],[77.26992,28.71826],[77.26948,28.71738],[77.26576,28.71905],[77.26608,28.71997],[77.26765,28.72273],[77.26829,28.72439],[77.26923,28.72613],[77.26963,28.72631],[77.27085,28.72566],[77.27128,28.72572],[77.27186,28.72696],[77.27199,28.72966],[77.27479,28.73316],[77.27634,28.73448],[77.277,28.73525]]]}},{"type":"Feature","bbox":[77.27197,28.70786,77.28067,28.71749],"properties":{"ward":243,"name":"Mustafabad 243"},"geometry":{"type":"Polygon","coordinates":[[[77.27647,28.71749],[77.27738,28.7174],[77.27742,28.71671],[77.27837,28.71675],[77.27792,28.71575],[77.27783,28.71303],[77.27721,28.71087],[77.27883,28.7103],[77.27936,28.70979],[77.28006,28.70965],[77.28016,28.70932],[77.2805,28.70929],[77.28067,28.70889],[77.28032,28.70868],[77.27745,28.70823],[77.27657,28.70786],[77.27639,28.70873],[77.27435,28.70906],[77.27443,28.70945],[77.27219,28.7119],[77.27377,28.71323],[77.27442,28.71409],[77.27197,28.71541],[77.27239,28.71598],[77.27344,28.71579],[77.27361,28.71702],[77.27476,28.71696],[77.27531,28.71663],[77.27628,28.71661],[77.27641,28.71673],[77.27647,28.71749]]]}},{"type":"Feature","bbox":[77.26188,28.70627,77.27439,28.71945],"properties":{"ward":244,"name":"Nehru Vihar 244"},"geometry":{"type":"Polygon","coordinates":[[[77.26911,28.71945],[77.27366,28.71942],[77.27347,28.71584],[77.27329,28.71574],[77.27239,28.71598],[77.27197,28.71541],[77.27437,28.71417],[77.27439,28.714],[77.27345,28.71292],[77.27219,28.7119],[77.27038,28.71089],[77.26619,28.70785],[77.26565,28.70773],[77.26363,28.70627],[77.26332,28.70699],[77.26274,28.70747],[77.26204,28.70856],[77.26213,28.71024],[77.26188,28.71181],[77.26332,28.71333],[77.26383,28.71493],[77.26465,28.71681],[77.2656,28.71833],[77.26576,28.71905],[77.26948,28.71738],[77.26992,28.71826],[77.2691,28.71848],[77.26911,28.71945]]]}},{"type":"Feature","bbox":[77.26363,28.70257,77.27652,28.71188],"properties":{"ward":245,"name":"Brij Puri 245"},"geometry":{"type":"Polygon","coordinates":[[[77.27209,28.71188],[77.27443,28.70945],[77.27435,28.70906],[77.27633,28.70875],[77.27652,28.70844],[77.2765,28.70748],[77.27527,28.70582],[77.27414,28.70257],[77.26986,28.70296],[77.27002,28.70418],[77.27078,28.7068],[77.26926,28.7067],[77.26483,28.70591],[77.26425,28.70592],[77.26363,28.70627],[77.26565,28.70773],[77.26619,28.70785],[77.27038,28.71089],[77.27209,28.71188]]]}},{"type":"Feature","bbox":[77.24959,28.70296,77.27078,28.71338],"properties":{"ward":246,"name":"Sri Ram Colony 246"},"geometry":{"type":"Polygon","coordinates":[[[77.25358,28.71338],[77.25363,28.71253],[77.25441,28.71193],[77.25603,28.71168],[77.25603,28.71075],[77.25829,28.71054],[77.25872,28.71142],[77.2595,28.71127],[77.25926,28.71042],[77.26028,28.71001],[77.26006,28.70949],[77.26107,28.70921],[77.26114,28.70897],[77.26107,28.70773],[77.26007,28.70516],[77.26158,28.70553],[77.26271,28.70556],[77.26926,28.7067],[77.27078,28.7068],[77.27002,28.70418],[77.26986,28.70296],[77.25917,28.70369],[77.25008,28.70635],[77.25005,28.70683],[77.25047,28.70771],[77.24988,28.70786],[77.24959,28.70868],[77.24992,28.71035],[77.25029,28.71119],[77.25114,28.71252],[77.25188,28.71276],[77.25307,28.71243],[77.2533,28.71319],[77.25358,28.71338]]]}},{"type":"Feature","bbox":[77.25699,28.70516,77.26765,28.72527],"properties":{"ward":247,"name":"Sadatpur 247"},"geometry":{"type":"Polygon","coordinates":[[[77.25909,28.72527],[77.25983,28.72506],[77.2628,28.72499],[77.26281,28.7229],[77.26292,28.72276],[77.26416,28.72274],[77.26453,28.723],[77.26624,28.72296],[77.26765,28.72273],[77.26578,28.71935],[77.2656,28.71833],[77.26465,28.71681],[77.26332,28.71333],[77.26189,28.71188],[77.26213,28.71024],[77.26204,28.70856],[77.26274,28.70747],[77.26332,28.70699],[77.26363,28.70627],[77.26425,28.70592],[77.26271,28.70556],[77.26069,28.70538],[77.2601,28.70516],[77.26107,28.70773],[77.2611,28.70918],[77.26009,28.70947],[77.26028,28.71001],[77.25926,28.71042],[77.25944,28.7113],[77.25872,28.71142],[77.25834,28.71055],[77.25699,28.71071],[77.25898,28.72477],[77.25909,28.72527]]]}},{"type":"Feature","bbox":[77.25909,28.72273,77.277,28.73635],"properties":{"ward":248,"name":"Karawal Nagar-West 248"},"geometry":{"type":"Polygon","coordinates":[[[77.27388,28.73635],[77.27553,28.73601],[77.277,28.73525],[77.27421,28.73255],[77.27199,28.72966],[77.27186,28.72696],[77.27134,28.7258],[77.27095,28.72563],[77.26976,28.72628],[77.26933,28.72625],[77.26829,28.72439],[77.26765,28.72273],[77.26624,28.72296],[77.26453,28.723],[77.26416,28.72274],[77.26292,28.72276],[77.26281,28.7229],[77.2628,28.72499],[77.25983,28.72506],[77.25909,28.72527],[77.2605,28.73466],[77.26277,28.73489],[77.26475,28.73457],[77.26643,28.73485],[77.26785,28.73479],[77.27072,28.7352],[77.27208,28.73566],[77.27305,28.73556],[77.27388,28.73635]]]}},{"type":"Feature","bbox":[77.24119,28.70635,77.26037,28.73432],"properties":{"ward":249,"name":"Sonia Vihar 249"},"geometry":{"type":"Polygon","coordinates":[[[77.25855,28.73432],[77.26037,28.73421],[77.26035,28.73368],[77.25699,28.71071],[77.25603,28.71075],[77.2561,28.71155],[77.25599,28.71171],[77.25445,28.71191],[77.25367,28.71248],[77.25358,28.71338],[77.2533,28.71319],[77.25307,28.71243],[77.25188,28.71276],[77.25114,28.71252],[77.24994,28.71039],[77.2496,28.70883],[77.24988,28.70786],[77.25047,28.70771],[77.25005,28.70683],[77.25008,28.70635],[77.24119,28.70897],[77.24256,28.71568],[77.24415,28.72219],[77.24541,28.72882],[77.24579,28.72993],[77.24658,28.72959],[77.24638,28.7291],[77.24715,28.72854],[77.24776,28.72821],[77.24883,28.7281],[77.25099,28.72956],[77.25192,28.72979],[77.25262,28.7311],[77.25299,28.73128],[77.25298,28.73143],[77.2525,28.73161],[77.25167,28.73235],[77.25201,28.73308],[77.25277,28.73283],[77.25312,28.73346],[77.25334,28.73347],[77.25342,28.73334],[77.25296,28.73253],[77.25331,28.73218],[77.25397,28.73206],[77.25411,28.7322],[77.25399,28.73256],[77.25427,28.73333],[77.25469,28.73315],[77.25473,28.73263],[77.25484,28.73247],[77.25497,28.73252],[77.25486,28.73331],[77.25522,28.73401],[77.25582,28.73395],[77.25855,28.73432]]]}}]}