{"type":"FeatureCollection","features":[{"type":"Feature","properties":{"district":"North 24 Parganas","slug":"north-24-parganas","lgd":303},"geometry":{"type":"MultiPolygon","coordinates":[[[[88.8126,23.2549],[88.8288,23.2449],[88.8233,23.2383],[88.8238,23.2334],[88.8365,23.2433],[88.8449,23.2305],[88.8511,23.2309],[88.8557,23.2362],[88.8613,23.2319],[88.8622,23.2342],[88.8742,23.234],[88.8862,23.2259],[88.8868,23.2313],[88.8997,23.2318],[88.9069,23.236],[88.9122,23.2339],[88.9149,23.2288],[88.9146,23.2135],[88.921,23.2161],[88.9167,23.2196],[88.9236,23.2159],[88.9267,23.2179],[88.9295,23.2115],[88.9423,23.2062],[88.9641,23.2147],[88.9709,23.2227],[88.9787,23.2145],[88.9743,23.2226],[88.9759,23.2244],[88.9814,23.2222],[88.9796,23.2155],[88.9828,23.2218],[88.9893,23.2158],[88.9957,23.2147],[88.9908,23.2127],[88.9843,23.2157],[88.9797,23.2126],[88.986,23.2079],[88.9877,23.2027],[88.9802,23.194],[88.9782,23.1875],[88.9804,23.1825],[88.9761,23.1819],[88.9753,23.1923],[88.9623,23.1931],[88.9562,23.1819],[88.9462,23.1806],[88.9442,23.1762],[88.9391,23.1768],[88.9339,23.1698],[88.934,23.1618],[88.9279,23.163],[88.9323,23.1556],[88.9308,23.1432],[88.9233,23.1451],[88.9179,23.1291],[88.9103,23.1297],[88.8999,23.1119],[88.8917,23.1077],[88.8828,23.1108],[88.8836,23.1046],[88.8684,23.1011],[88.8746,23.0898],[88.8662,23.0861],[88.8664,23.0802],[88.8637,23.0795],[88.8656,23.0777],[88.861,23.0773],[88.8742,23.0658],[88.8749,23.0445],[88.8841,23.0404],[88.8801,23.0319],[88.881,23.0257],[88.8777,23.0261],[88.8722,23.0174],[88.8743,23.0103],[88.8795,23.0096],[88.8798,23.0063],[88.8767,23.0033],[88.8451,23.0099],[88.8515,23.0022],[88.8645,23.001],[88.8653,22.9855],[88.871,22.9786],[88.857,22.9689],[88.8552,22.9579],[88.8594,22.9432],[88.8693,22.9514],[88.8761,22.9487],[88.8793,22.954],[88.8943,22.952],[88.8927,22.9379],[88.8869,22.9332],[88.891,22.9272],[88.9081,22.9198],[88.9055,22.9146],[88.8957,22.9131],[88.901,22.9059],[88.8979,22.8979],[88.9078,22.8936],[88.9051,22.8898],[88.9081,22.8871],[88.9054,22.8858],[88.9123,22.881],[88.9096,22.8809],[88.9094,22.8799],[88.9155,22.8802],[88.9183,22.8772],[88.9231,22.8797],[88.9283,22.8725],[88.9399,22.8748],[88.9454,22.8807],[88.9497,22.8769],[88.9531,22.8642],[88.9574,22.8625],[88.9583,22.8565],[88.9686,22.8443],[88.9629,22.8187],[88.9555,22.8118],[88.9554,22.8088],[88.9598,22.8071],[88.9579,22.7959],[88.9496,22.7973],[88.9433,22.7903],[88.9381,22.793],[88.9357,22.7819],[88.9288,22.7832],[88.9294,22.7802],[88.9239,22.7796],[88.9258,22.7699],[88.9178,22.77],[88.911,22.7578],[88.9129,22.7545],[88.9208,22.7532],[88.9157,22.7365],[88.9182,22.7305],[88.9249,22.728],[88.9279,22.7184],[88.9484,22.7054],[88.9512,22.707],[88.9561,22.704],[88.9624,22.695],[88.9616,22.6852],[88.9556,22.686],[88.9479,22.6776],[88.945,22.6624],[88.9356,22.659],[88.9333,22.6521],[88.93,22.6535],[88.9271,22.6496],[88.9349,22.6212],[88.9601,22.6166],[88.9564,22.6061],[88.9389,22.5922],[88.9407,22.5613],[88.9445,22.556],[88.9619,22.5487],[88.9679,22.5346],[88.9747,22.4962],[88.981,22.4825],[88.9961,22.469],[88.9941,22.4553],[88.9885,22.4451],[89.0001,22.4298],[88.9719,22.4099],[88.9943,22.3887],[88.9823,22.3735],[88.9893,22.3643],[88.986,22.3576],[88.9888,22.3481],[88.9845,22.3267],[88.9893,22.3225],[89.0004,22.3243],[89.0245,22.2972],[89.0215,22.2944],[89.0078,22.2984],[88.9994,22.297],[88.9949,22.2933],[88.9951,22.2863],[89.0205,22.2685],[89.0129,22.2586],[89.0139,22.254],[89.0303,22.2601],[89.0342,22.2583],[89.0389,22.2307],[89.0716,22.1969],[89.0722,22.1871],[89.064,22.1691],[89.0718,22.1463],[89.078,22.1461],[89.0912,22.1582],[89.0985,22.1534],[89.0948,22.1428],[89.0597,22.1202],[89.0495,22.1358],[89.0334,22.1454],[89.0247,22.1552],[89.0213,22.1677],[89.0234,22.1886],[89.0191,22.1983],[88.9971,22.2055],[88.9777,22.201],[88.9661,22.207],[88.9551,22.2429],[88.9495,22.2491],[88.9384,22.2529],[88.9347,22.2582],[88.9354,22.263],[88.9273,22.2636],[88.9239,22.2602],[88.915,22.2709],[88.9077,22.2662],[88.9058,22.2517],[88.8956,22.2525],[88.8883,22.2665],[88.882,22.268],[88.8773,22.2752],[88.8655,22.2717],[88.8635,22.2771],[88.8509,22.2886],[88.8423,22.2763],[88.8369,22.2751],[88.8286,22.2653],[88.8151,22.2644],[88.8166,22.2831],[88.8056,22.2862],[88.8044,22.291],[88.8109,22.3204],[88.8032,22.3296],[88.8171,22.3596],[88.8218,22.361],[88.8214,22.3706],[88.8085,22.3742],[88.7832,22.3675],[88.7788,22.3712],[88.7714,22.3704],[88.7683,22.3757],[88.7737,22.3882],[88.7651,22.3795],[88.7614,22.3865],[88.768,22.3927],[88.7606,22.398],[88.7511,22.3918],[88.7555,22.3984],[88.7422,22.403],[88.7334,22.4111],[88.7342,22.4206],[88.704,22.4335],[88.7023,22.4432],[88.7081,22.4514],[88.7043,22.461],[88.6927,22.4625],[88.6869,22.4668],[88.6856,22.4739],[88.6658,22.4927],[88.6494,22.4955],[88.6522,22.5045],[88.6565,22.5063],[88.6548,22.5132],[88.6572,22.5155],[88.6507,22.5196],[88.653,22.5275],[88.6443,22.5311],[88.6369,22.5428],[88.6294,22.5479],[88.6306,22.5578],[88.6234,22.5627],[88.6271,22.576],[88.6226,22.5823],[88.6129,22.5819],[88.6115,22.5913],[88.5908,22.5971],[88.5937,22.6137],[88.5867,22.6152],[88.582,22.6121],[88.5745,22.6195],[88.5597,22.6251],[88.56,22.6183],[88.5534,22.6174],[88.551,22.6086],[88.5468,22.6096],[88.544,22.6051],[88.5531,22.5917],[88.5471,22.5929],[88.538,22.5748],[88.5237,22.5648],[88.5224,22.5563],[88.5254,22.5528],[88.5199,22.5498],[88.5121,22.5523],[88.5117,22.5587],[88.4944,22.5546],[88.4931,22.5578],[88.4848,22.5596],[88.4818,22.5671],[88.4749,22.5698],[88.4731,22.5766],[88.4659,22.5729],[88.4644,22.5657],[88.4584,22.568],[88.4781,22.5507],[88.4778,22.5375],[88.4834,22.525],[88.4808,22.5195],[88.4745,22.5183],[88.4397,22.5281],[88.4138,22.5535],[88.3923,22.5952],[88.3923,22.6182],[88.3658,22.6184],[88.3524,22.6499],[88.3557,22.6696],[88.3635,22.6856],[88.3589,22.7127],[88.3622,22.7451],[88.3564,22.7539],[88.3349,22.7705],[88.332,22.7812],[88.3537,22.7985],[88.3573,22.825],[88.3763,22.8325],[88.377,22.8363],[88.3694,22.8504],[88.3717,22.8608],[88.383,22.8698],[88.3849,22.8681],[88.3999,22.8736],[88.4067,22.8816],[88.4079,22.8962],[88.4013,22.9163],[88.4112,22.9348],[88.414,22.9526],[88.4219,22.9567],[88.4536,22.9492],[88.4637,22.9507],[88.473,22.9359],[88.4911,22.937],[88.507,22.9462],[88.514,22.941],[88.5114,22.9344],[88.5144,22.9325],[88.5272,22.9342],[88.5328,22.9286],[88.536,22.9308],[88.5483,22.9223],[88.5614,22.9205],[88.5643,22.9228],[88.5665,22.9145],[88.574,22.9129],[88.5799,22.9159],[88.5818,22.9096],[88.5914,22.9119],[88.608,22.9054],[88.612,22.9098],[88.6206,22.8954],[88.6207,22.889],[88.6273,22.8834],[88.6437,22.8812],[88.6445,22.8859],[88.6534,22.8868],[88.6593,22.8753],[88.669,22.8941],[88.6646,22.905],[88.6568,22.9113],[88.6552,22.9245],[88.6606,22.9276],[88.6625,22.9335],[88.6574,22.9386],[88.6693,22.9432],[88.6756,22.9403],[88.6796,22.9444],[88.6654,22.9505],[88.663,22.9817],[88.6669,22.9922],[88.6792,23.0013],[88.6756,23.0156],[88.6801,23.0147],[88.6879,23.0262],[88.6841,23.0367],[88.6862,23.0395],[88.6811,23.0447],[88.6812,23.0479],[88.6848,23.049],[88.6823,23.0533],[88.686,23.0533],[88.6956,23.0651],[88.6935,23.0681],[88.6829,23.0694],[88.683,23.0784],[88.6742,23.0952],[88.6812,23.0974],[88.6858,23.1057],[88.6834,23.109],[88.6946,23.1103],[88.693,23.1201],[88.7048,23.1358],[88.6939,23.157],[88.697,23.1573],[88.696,23.162],[88.7001,23.169],[88.7122,23.1679],[88.7092,23.1723],[88.7175,23.1745],[88.7166,23.1806],[88.7138,23.1769],[88.7196,23.1871],[88.7157,23.1903],[88.7164,23.2137],[88.7022,23.2149],[88.7112,23.2227],[88.7083,23.2326],[88.7131,23.238],[88.7204,23.2337],[88.723,23.2395],[88.7303,23.2393],[88.7368,23.2347],[88.7534,23.2348],[88.7519,23.2402],[88.759,23.2418],[88.7597,23.2458],[88.7674,23.2457],[88.778,23.2362],[88.773,23.229],[88.7787,23.2207],[88.7839,23.2228],[88.7898,23.2183],[88.8058,23.2188],[88.8114,23.2215],[88.8059,23.2379],[88.8105,23.2482],[88.8096,23.2536],[88.8126,23.2549]]]]}},{"type":"Feature","properties":{"district":"South 24 Parganas","slug":"south-24-parganas","lgd":304},"geometry":{"type":"MultiPolygon","coordinates":[[[[88.0163,21.5629],[88.0186,21.5517],[88.0137,21.5468],[88.01,21.5582],[88.0163,21.5629]]],[[[88.9472,21.5957],[88.9447,21.5993],[88.9466,21.6007],[88.9481,21.5985],[88.9472,21.5957]]],[[[88.5066,21.5929],[88.532,21.584],[88.5372,21.578],[88.5307,21.5636],[88.5389,21.5431],[88.5478,21.5376],[88.5345,21.5272],[88.5209,21.5278],[88.5063,21.5342],[88.4969,21.5402],[88.4999,21.5429],[88.4992,21.5479],[88.49,21.547],[88.4848,21.5522],[88.4869,21.5798],[88.498,21.601],[88.5066,21.5929]]],[[[89.1403,21.5955],[89.1465,21.6005],[89.1511,21.6],[89.1487,21.5945],[89.1422,21.5925],[89.1355,21.5956],[89.1364,21.6011],[89.1397,21.6008],[89.1403,21.5955]]],[[[88.1744,21.5841],[88.1861,21.5819],[88.1886,21.5579],[88.1945,21.548],[88.2044,21.547],[88.1993,21.5421],[88.1875,21.5424],[88.1757,21.5499],[88.1692,21.5766],[88.1639,21.5861],[88.1639,21.5971],[88.167,21.6029],[88.1661,21.5897],[88.1744,21.5841]]],[[[88.834,21.608],[88.8456,21.6021],[88.8692,21.5966],[88.8849,21.5831],[88.8919,21.5812],[88.9037,21.5614],[88.906,21.5476],[88.8814,21.5342],[88.8558,21.5366],[88.8423,21.5478],[88.8319,21.551],[88.8268,21.5657],[88.8295,21.5662],[88.8298,21.5719],[88.826,21.5721],[88.8298,21.6032],[88.834,21.608]]],[[[88.6351,21.6629],[88.6377,21.6654],[88.634,21.6579],[88.6361,21.6509],[88.6316,21.6494],[88.6266,21.6557],[88.6309,21.6733],[88.6372,21.6798],[88.6424,21.6792],[88.6351,21.6629]]],[[[88.0429,21.6923],[88.0444,21.6988],[88.0454,21.6994],[88.0459,21.6974],[88.0429,21.6923]]],[[[88.0528,21.7024],[88.0513,21.6962],[88.0494,21.6945],[88.0502,21.7003],[88.0528,21.7024]]],[[[88.3066,21.7056],[88.3337,21.6998],[88.3434,21.6921],[88.3514,21.6773],[88.3437,21.6619],[88.3464,21.6546],[88.3448,21.6492],[88.3505,21.6468],[88.3434,21.6376],[88.3461,21.6332],[88.3443,21.6276],[88.3396,21.6194],[88.3178,21.6052],[88.3091,21.608],[88.3064,21.6149],[88.3075,21.6325],[88.3161,21.6627],[88.3145,21.6802],[88.3057,21.6996],[88.3066,21.7056]]],[[[88.0447,21.7023],[88.0424,21.7028],[88.0428,21.709],[88.0447,21.7023]]],[[[88.0533,21.7031],[88.053,21.7086],[88.0557,21.7114],[88.0562,21.7101],[88.0533,21.7031]]],[[[88.7018,21.6879],[88.7524,21.648],[88.769,21.656],[88.7769,21.6435],[88.7716,21.6318],[88.773,21.6258],[88.8,21.5912],[88.7948,21.5821],[88.7781,21.5749],[88.7761,21.5698],[88.742,21.5622],[88.7154,21.5725],[88.7086,21.5847],[88.7083,21.5978],[88.7188,21.6347],[88.714,21.6513],[88.6844,21.6843],[88.6925,21.7202],[88.6983,21.7104],[88.7018,21.6879]]],[[[88.2083,21.7135],[88.2086,21.7052],[88.1936,21.6842],[88.1955,21.6794],[88.2057,21.6718],[88.2251,21.666],[88.2275,21.6501],[88.2253,21.6359],[88.2083,21.6192],[88.2086,21.6079],[88.2032,21.6135],[88.1953,21.6451],[88.1829,21.6771],[88.1824,21.6867],[88.2022,21.7061],[88.1808,21.689],[88.186,21.7081],[88.2035,21.7258],[88.2083,21.7135]]],[[[88.4151,21.7264],[88.4281,21.7025],[88.4133,21.6929],[88.4104,21.6795],[88.4143,21.6726],[88.4109,21.6661],[88.4111,21.6558],[88.4175,21.645],[88.4287,21.6351],[88.4319,21.6204],[88.4118,21.6118],[88.4059,21.6023],[88.4073,21.5899],[88.3969,21.5899],[88.3959,21.5966],[88.3881,21.602],[88.3848,21.6104],[88.3936,21.6235],[88.3858,21.6324],[88.386,21.6372],[88.3909,21.6405],[88.3809,21.6629],[88.3824,21.6828],[88.3996,21.6991],[88.4044,21.709],[88.4042,21.7166],[88.3959,21.7253],[88.3725,21.7238],[88.3688,21.727],[88.3891,21.7358],[88.3958,21.7546],[88.4002,21.7517],[88.399,21.7435],[88.4016,21.7373],[88.4151,21.7264]]],[[[88.3859,21.7639],[88.3901,21.7585],[88.3863,21.7517],[88.3859,21.7405],[88.3655,21.7332],[88.3633,21.7259],[88.3708,21.7179],[88.39,21.7183],[88.3945,21.7132],[88.3859,21.7023],[88.3657,21.6911],[88.3645,21.6866],[88.3573,21.6865],[88.3504,21.6923],[88.3384,21.7116],[88.3485,21.7225],[88.3437,21.7548],[88.3467,21.7596],[88.3531,21.7618],[88.3781,21.7664],[88.3859,21.7639]]],[[[88.6176,21.7309],[88.5935,21.7204],[88.579,21.7271],[88.5837,21.7369],[88.5846,21.7484],[88.5693,21.7701],[88.5839,21.7762],[88.5841,21.7597],[88.5873,21.7533],[88.6189,21.7392],[88.6176,21.7309]]],[[[88.2978,21.7681],[88.305,21.7325],[88.2993,21.7149],[88.2919,21.7163],[88.2919,21.7121],[88.2798,21.7349],[88.2891,21.7788],[88.2978,21.7681]]],[[[88.1926,21.7797],[88.1975,21.7648],[88.1926,21.7582],[88.1945,21.7688],[88.1922,21.7648],[88.1902,21.7687],[88.1926,21.7797]]],[[[88.6084,21.7846],[88.6215,21.7812],[88.6297,21.7515],[88.6276,21.7293],[88.6109,21.7048],[88.6035,21.7078],[88.5971,21.7157],[88.6203,21.728],[88.6232,21.7331],[88.6217,21.74],[88.6157,21.7457],[88.6025,21.7481],[88.5874,21.7572],[88.5904,21.7808],[88.6084,21.7846]]],[[[88.1815,21.7838],[88.1763,21.7926],[88.1791,21.7993],[88.1857,21.7902],[88.1815,21.7838]]],[[[88.4178,21.8101],[88.426,21.8092],[88.4275,21.8014],[88.43,21.7993],[88.4418,21.8005],[88.4556,21.7891],[88.4622,21.7889],[88.4664,21.7935],[88.4714,21.7925],[88.4628,21.7826],[88.453,21.7516],[88.4558,21.75],[88.4528,21.7184],[88.4549,21.7051],[88.4715,21.6739],[88.4689,21.6665],[88.4651,21.6663],[88.4502,21.6118],[88.434,21.6037],[88.4272,21.6053],[88.4395,21.6132],[88.4411,21.6228],[88.4204,21.6531],[88.4191,21.6829],[88.4198,21.6902],[88.4289,21.6956],[88.4325,21.7044],[88.4266,21.7184],[88.4214,21.7208],[88.4116,21.7345],[88.4032,21.7384],[88.4011,21.7447],[88.4053,21.7545],[88.3966,21.7558],[88.3956,21.7619],[88.3834,21.7777],[88.4178,21.8101]]],[[[88.591,21.6583],[88.6087,21.6199],[88.6061,21.6146],[88.5967,21.6126],[88.5668,21.6351],[88.5423,21.6409],[88.5311,21.6528],[88.5262,21.6629],[88.5309,21.6708],[88.5259,21.6865],[88.5281,21.6924],[88.5186,21.7134],[88.5182,21.7308],[88.5132,21.7357],[88.5063,21.7584],[88.5078,21.7712],[88.5162,21.7874],[88.5423,21.8114],[88.5554,21.8078],[88.5733,21.7885],[88.574,21.7859],[88.5618,21.7759],[88.5601,21.7679],[88.5726,21.7478],[88.5736,21.7227],[88.5884,21.7128],[88.5924,21.6962],[88.6086,21.6815],[88.6027,21.6681],[88.591,21.6583]]],[[[88.4751,21.834],[88.4878,21.8343],[88.4982,21.8211],[88.4999,21.8113],[88.4855,21.7989],[88.4639,21.8002],[88.4519,21.8136],[88.4676,21.8207],[88.4751,21.834]]],[[[88.1979,21.839],[88.2011,21.8272],[88.2023,21.8227],[88.2018,21.8179],[88.1921,21.8304],[88.1973,21.8405],[88.1979,21.839]]],[[[88.1907,21.8306],[88.1781,21.8447],[88.1664,21.8697],[88.1947,21.8404],[88.1907,21.8306]]],[[[88.1479,21.8513],[88.1571,21.8321],[88.1669,21.8237],[88.171,21.8093],[88.1656,21.7948],[88.1689,21.7816],[88.1677,21.7537],[88.1713,21.7401],[88.1527,21.6952],[88.1532,21.682],[88.1342,21.6785],[88.1433,21.67],[88.1451,21.639],[88.1349,21.628],[88.1262,21.6291],[88.1239,21.6257],[88.1187,21.6254],[88.0913,21.6304],[88.0914,21.6387],[88.0788,21.6336],[88.061,21.6378],[88.0414,21.6495],[88.0451,21.6699],[88.0419,21.6705],[88.0414,21.6756],[88.0452,21.676],[88.0433,21.678],[88.0463,21.687],[88.051,21.6876],[88.0569,21.7097],[88.0562,21.7116],[88.0539,21.7119],[88.0552,21.7209],[88.0599,21.73],[88.0655,21.7336],[88.0634,21.7374],[88.07,21.7403],[88.0717,21.7494],[88.0765,21.7518],[88.0734,21.759],[88.0768,21.7774],[88.084,21.7841],[88.085,21.794],[88.0961,21.8132],[88.1018,21.8325],[88.1139,21.8507],[88.1171,21.8512],[88.1259,21.8682],[88.1359,21.8753],[88.1409,21.8586],[88.1479,21.8513]]],[[[88.1743,21.8637],[88.1692,21.8688],[88.1653,21.8792],[88.1741,21.8677],[88.1743,21.8637]]],[[[88.5612,21.8803],[88.5751,21.8785],[88.574,21.8561],[88.5662,21.8471],[88.5651,21.852],[88.5653,21.8458],[88.5567,21.8277],[88.5519,21.8324],[88.5583,21.8423],[88.56,21.8515],[88.5541,21.8757],[88.5612,21.8803]]],[[[88.5624,21.8972],[88.5704,21.9005],[88.5762,21.8831],[88.5587,21.8814],[88.553,21.8767],[88.5524,21.8674],[88.5585,21.85],[88.5503,21.8322],[88.5544,21.8241],[88.552,21.8166],[88.5388,21.8323],[88.5396,21.8343],[88.5395,21.8366],[88.5427,21.8393],[88.544,21.843],[88.5391,21.8369],[88.5379,21.8323],[88.5309,21.8477],[88.5433,21.8546],[88.5415,21.8695],[88.5505,21.8794],[88.5488,21.892],[88.5414,21.9022],[88.5451,21.9038],[88.5624,21.8972]]],[[[88.6366,21.9218],[88.6701,21.9124],[88.6528,21.8725],[88.6546,21.8651],[88.6516,21.8598],[88.6446,21.7879],[88.6155,21.7979],[88.592,21.7976],[88.5863,21.8015],[88.5768,21.8179],[88.5848,21.845],[88.6366,21.9218]]],[[[88.1246,21.9306],[88.1315,21.9297],[88.1366,21.9256],[88.1371,21.9213],[88.1387,21.923],[88.145,21.9173],[88.1377,21.9045],[88.13,21.8991],[88.1191,21.9099],[88.1154,21.9192],[88.1246,21.9306]]],[[[88.9118,21.9309],[88.9839,21.8952],[89.0248,21.8713],[89.0313,21.864],[89.0275,21.8502],[89.0284,21.8314],[89.016,21.8128],[89.0124,21.7942],[89.0195,21.7662],[89.0377,21.7445],[89.0559,21.7325],[89.0556,21.7276],[89.0616,21.7223],[89.0717,21.7019],[89.0676,21.6911],[89.0727,21.6899],[89.0813,21.6812],[89.0936,21.6637],[89.0942,21.6413],[89.0681,21.6174],[89.0505,21.6156],[89.0488,21.6239],[89.0292,21.6351],[89.0243,21.6456],[89.0265,21.6582],[89.0213,21.6519],[89.02,21.6404],[89.0233,21.6341],[89.0352,21.6258],[89.0365,21.6183],[89.0238,21.6029],[88.998,21.6032],[88.9973,21.622],[88.9895,21.616],[88.9798,21.6154],[88.9542,21.6272],[88.9387,21.6461],[88.9528,21.6812],[88.9513,21.6939],[88.9464,21.705],[88.9213,21.7215],[88.9317,21.7444],[88.9313,21.7498],[88.9208,21.7624],[88.9162,21.7591],[88.9223,21.7448],[88.9144,21.7315],[88.9147,21.7162],[88.9259,21.7061],[88.9352,21.7028],[88.9401,21.689],[88.923,21.6323],[88.9175,21.6321],[88.9047,21.6459],[88.8911,21.6524],[88.8841,21.6612],[88.8797,21.6853],[88.8715,21.6948],[88.8696,21.7042],[88.8803,21.7459],[88.8772,21.7666],[88.8583,21.781],[88.8351,21.7828],[88.8415,21.8156],[88.8368,21.843],[88.843,21.8555],[88.8537,21.8662],[88.8532,21.8889],[88.8399,21.9064],[88.8254,21.9139],[88.819,21.9293],[88.8216,21.9302],[88.8493,21.9127],[88.8597,21.9127],[88.8749,21.9199],[88.8919,21.9173],[88.9084,21.9243],[88.9118,21.9309]]],[[[88.568,21.9585],[88.5754,21.9595],[88.591,21.9515],[88.5999,21.9373],[88.61,21.9247],[88.6016,21.9055],[88.5836,21.8916],[88.5765,21.8934],[88.573,21.905],[88.5668,21.9124],[88.5501,21.9224],[88.5508,21.9359],[88.5427,21.9603],[88.5444,21.9709],[88.5563,21.9729],[88.568,21.9585]]],[[[88.6071,22.0],[88.5986,21.9676],[88.615,21.9375],[88.6095,21.9353],[88.6145,21.9338],[88.6103,21.9327],[88.6104,21.9293],[88.6081,21.9353],[88.6006,21.9379],[88.592,21.9515],[88.5765,21.9606],[88.5781,21.9821],[88.5862,21.9901],[88.5881,21.9905],[88.5938,21.9883],[88.5958,21.9886],[88.5996,21.9915],[88.603,21.9975],[88.6071,22.0]]],[[[88.9876,21.9715],[89.0045,21.9824],[89.0098,21.9803],[89.01,21.9774],[88.9942,21.9648],[88.9886,21.951],[88.9911,21.9441],[89.0069,21.9374],[89.017,21.9264],[89.0193,21.9211],[89.0123,21.903],[88.9948,21.9062],[88.9644,21.9247],[88.9465,21.9288],[88.9288,21.9451],[88.9249,21.9651],[88.9409,21.9794],[88.9444,21.9861],[88.9436,22.0009],[88.9539,22.0],[88.9648,21.9955],[88.9689,21.9888],[88.9831,21.9855],[88.9838,21.976],[88.9876,21.9715]]],[[[88.5754,22.6187],[88.582,22.6121],[88.5867,22.6152],[88.5937,22.6137],[88.5908,22.5971],[88.6111,22.5916],[88.6129,22.5819],[88.6226,22.5823],[88.6269,22.5763],[88.6234,22.5627],[88.6306,22.5578],[88.6294,22.5479],[88.6369,22.5428],[88.6443,22.5311],[88.6528,22.5279],[88.6507,22.5196],[88.6572,22.5155],[88.6548,22.5132],[88.6565,22.5063],[88.6522,22.5045],[88.6494,22.4955],[88.6658,22.4927],[88.6856,22.4739],[88.6869,22.4668],[88.6927,22.4625],[88.7043,22.461],[88.7081,22.4514],[88.7023,22.4432],[88.704,22.4335],[88.7342,22.4206],[88.7334,22.4111],[88.7422,22.403],[88.7555,22.3984],[88.7511,22.3918],[88.7606,22.398],[88.768,22.3927],[88.7614,22.3865],[88.7651,22.3795],[88.7737,22.3882],[88.7683,22.3757],[88.7714,22.3704],[88.7788,22.3712],[88.7832,22.3675],[88.8085,22.3742],[88.8214,22.3706],[88.8218,22.361],[88.8171,22.3596],[88.8032,22.3296],[88.8109,22.3204],[88.8044,22.291],[88.8056,22.2862],[88.8166,22.2831],[88.8151,22.2644],[88.8286,22.2653],[88.8369,22.2751],[88.8423,22.2763],[88.8509,22.2886],[88.8635,22.2771],[88.8655,22.2717],[88.8773,22.2752],[88.882,22.268],[88.8883,22.2665],[88.8956,22.2525],[88.9058,22.2517],[88.9077,22.2662],[88.9158,22.2707],[88.9239,22.2602],[88.9273,22.2636],[88.9354,22.263],[88.9347,22.2582],[88.9384,22.2529],[88.9532,22.2459],[88.9619,22.2149],[88.9697,22.2043],[88.9797,22.2009],[88.9974,22.2055],[89.0139,22.2008],[89.0213,22.1953],[89.0234,22.1886],[89.0213,22.1677],[89.0247,22.1552],[89.0334,22.1454],[89.0495,22.1358],[89.0597,22.1202],[89.0525,22.1177],[89.0429,22.1074],[89.0378,22.0923],[89.0433,22.0617],[89.0553,22.0404],[89.0727,22.0193],[89.0769,22.0084],[89.0797,21.984],[89.0727,21.9444],[89.0663,21.9308],[89.0351,21.927],[89.0278,21.9289],[89.0141,21.9406],[89.0007,21.9465],[88.9963,21.9549],[89.0141,21.9767],[89.0118,21.9843],[89.0012,21.9864],[89.0155,21.995],[89.0272,21.9975],[89.0304,22.001],[89.0137,21.9965],[89.0003,21.9877],[88.9894,21.9743],[88.989,21.9834],[88.9838,21.9891],[88.9693,21.9938],[88.971,22.0001],[88.9644,22.0061],[88.9536,22.0122],[88.9357,22.0118],[88.9306,22.0005],[88.9329,21.9908],[88.9178,21.9809],[88.912,21.9954],[88.9151,22.0085],[88.9081,22.0097],[88.9025,22.0039],[88.9031,21.9808],[88.9083,21.9681],[88.9044,21.9279],[88.8867,21.9217],[88.8754,21.9243],[88.8582,21.9204],[88.8421,21.9248],[88.8239,21.9411],[88.8094,21.9407],[88.8057,21.9381],[88.799,21.9221],[88.8133,21.9038],[88.8334,21.8964],[88.8398,21.8864],[88.8382,21.8767],[88.8201,21.8378],[88.8308,21.8081],[88.8224,21.7943],[88.8215,21.7814],[88.8326,21.7662],[88.8647,21.7614],[88.8631,21.7548],[88.8521,21.7441],[88.8412,21.7169],[88.8432,21.6825],[88.8615,21.6409],[88.8472,21.6298],[88.8493,21.6271],[88.8441,21.6264],[88.8456,21.6191],[88.8125,21.6293],[88.8045,21.6372],[88.82,21.6579],[88.8224,21.667],[88.8174,21.6872],[88.8194,21.7007],[88.8146,21.7107],[88.803,21.7175],[88.7858,21.7119],[88.7708,21.7013],[88.7627,21.702],[88.7839,21.7191],[88.7809,21.732],[88.7938,21.737],[88.7862,21.7414],[88.7905,21.75],[88.7835,21.7414],[88.7899,21.7379],[88.777,21.7324],[88.7559,21.7353],[88.7571,21.7509],[88.7672,21.7633],[88.7501,21.7705],[88.7657,21.7864],[88.7777,21.8105],[88.7764,21.8164],[88.7811,21.8252],[88.777,21.8254],[88.7748,21.8103],[88.7641,21.7896],[88.7455,21.7732],[88.7483,21.7662],[88.7598,21.7618],[88.7532,21.752],[88.7524,21.7333],[88.7576,21.7285],[88.7759,21.7254],[88.7776,21.7213],[88.7604,21.7129],[88.7565,21.703],[88.7595,21.697],[88.7687,21.6937],[88.7993,21.7063],[88.8099,21.7045],[88.8079,21.6627],[88.7964,21.6559],[88.7703,21.6657],[88.75,21.6582],[88.7448,21.6608],[88.7114,21.6896],[88.7049,21.7183],[88.6938,21.7453],[88.6946,21.7534],[88.7113,21.787],[88.7111,21.8069],[88.696,21.8426],[88.6989,21.8591],[88.7133,21.8899],[88.7166,21.9207],[88.7227,21.9322],[88.7255,21.9795],[88.7408,21.988],[88.7504,21.9976],[88.7515,22.0062],[88.7333,22.0067],[88.7102,21.996],[88.6942,21.9707],[88.6896,21.9716],[88.6942,21.966],[88.6956,21.9513],[88.6907,21.9557],[88.6896,21.9497],[88.6786,21.9431],[88.6568,21.9537],[88.6382,21.9494],[88.6307,21.9544],[88.6279,21.9589],[88.6288,21.9715],[88.6326,21.992],[88.6385,22.0041],[88.6349,22.0108],[88.6235,22.0115],[88.6128,22.0064],[88.6024,21.9972],[88.5994,21.9918],[88.5948,21.9887],[88.5882,21.9908],[88.5853,21.9904],[88.5797,21.9981],[88.5812,22.0],[88.5712,22.0004],[88.5809,21.9955],[88.5841,21.9897],[88.5741,21.9779],[88.5745,21.9616],[88.5675,21.9608],[88.554,21.9764],[88.544,21.973],[88.5412,21.9672],[88.5349,21.9687],[88.5412,21.966],[88.5406,21.9496],[88.5486,21.9381],[88.5488,21.9203],[88.5687,21.9041],[88.5653,21.8995],[88.5602,21.8989],[88.541,21.9074],[88.539,21.8991],[88.5461,21.8931],[88.5476,21.8821],[88.5375,21.8786],[88.5465,21.8789],[88.5392,21.8733],[88.5388,21.8632],[88.5297,21.8725],[88.5186,21.8756],[88.5293,21.8722],[88.5392,21.8625],[88.5372,21.8565],[88.5254,21.8526],[88.4969,21.8765],[88.4969,21.8861],[88.4922,21.8825],[88.4755,21.8904],[88.4599,21.8942],[88.4557,21.8975],[88.4533,21.9022],[88.4513,21.9047],[88.4496,21.9057],[88.4388,21.906],[88.4311,21.9012],[88.4212,21.9041],[88.418,21.9026],[88.4175,21.899],[88.4213,21.903],[88.4343,21.899],[88.4404,21.9057],[88.4507,21.9049],[88.4542,21.8985],[88.4579,21.8945],[88.4751,21.8898],[88.483,21.872],[88.4888,21.8509],[88.4879,21.8404],[88.4733,21.8375],[88.4658,21.8272],[88.4555,21.824],[88.4475,21.8132],[88.4486,21.8059],[88.4607,21.7954],[88.4604,21.7924],[88.4452,21.803],[88.4299,21.8006],[88.4259,21.8145],[88.4174,21.8132],[88.4041,21.8001],[88.3794,21.7876],[88.3746,21.7681],[88.3553,21.7669],[88.3428,21.7613],[88.3386,21.7514],[88.3443,21.721],[88.3339,21.7139],[88.3311,21.7251],[88.3273,21.7265],[88.325,21.7189],[88.3291,21.709],[88.3208,21.7087],[88.3111,21.7117],[88.3061,21.7177],[88.3095,21.7339],[88.3,21.7814],[88.2868,21.7917],[88.283,21.7895],[88.2865,21.7837],[88.2795,21.7657],[88.2817,21.7623],[88.2702,21.7536],[88.2692,21.7451],[88.2615,21.7322],[88.264,21.7289],[88.2754,21.727],[88.2833,21.7039],[88.3012,21.6824],[88.3026,21.6606],[88.2878,21.624],[88.2844,21.6007],[88.2878,21.5967],[88.2949,21.5959],[88.3103,21.5813],[88.2935,21.563],[88.2844,21.559],[88.2765,21.5567],[88.254,21.5584],[88.237,21.5765],[88.2447,21.5787],[88.2456,21.5875],[88.2363,21.605],[88.2185,21.6159],[88.2211,21.6239],[88.2334,21.6341],[88.2371,21.6438],[88.2317,21.6563],[88.2331,21.6688],[88.2256,21.6757],[88.2059,21.6754],[88.1998,21.6827],[88.1992,21.6897],[88.2134,21.6937],[88.2204,21.7019],[88.2112,21.7247],[88.2153,21.778],[88.2007,21.8109],[88.2005,21.812],[88.2019,21.8178],[88.2024,21.8227],[88.1998,21.836],[88.1946,21.8456],[88.1764,21.8631],[88.1743,21.869],[88.1634,21.8837],[88.1731,21.9115],[88.1711,21.9286],[88.1497,21.9577],[88.1534,21.9643],[88.1681,21.9747],[88.1926,22.0008],[88.2138,22.0353],[88.2161,22.0519],[88.2232,22.0707],[88.2244,22.0899],[88.2162,22.1225],[88.2119,22.1286],[88.2104,22.1489],[88.2053,22.1645],[88.188,22.188],[88.1768,22.1939],[88.1634,22.1988],[88.1337,22.2016],[88.1168,22.2094],[88.0878,22.2078],[88.0728,22.2095],[88.069,22.2135],[88.0877,22.2424],[88.0884,22.2533],[88.0832,22.2569],[88.0835,22.2694],[88.0974,22.3094],[88.0971,22.3481],[88.0898,22.3616],[88.1005,22.3784],[88.1323,22.3987],[88.142,22.4105],[88.1417,22.4209],[88.1221,22.4485],[88.1182,22.464],[88.1298,22.475],[88.1697,22.4823],[88.1939,22.5064],[88.2087,22.5166],[88.2376,22.5217],[88.242,22.5323],[88.2349,22.5419],[88.2336,22.5492],[88.24,22.5492],[88.25,22.5452],[88.2544,22.5469],[88.2586,22.5398],[88.2557,22.5363],[88.2603,22.5328],[88.2776,22.543],[88.2916,22.5385],[88.29,22.5207],[88.2917,22.5171],[88.3006,22.5162],[88.3115,22.4926],[88.3036,22.4903],[88.2942,22.4821],[88.2717,22.4915],[88.2686,22.4904],[88.2683,22.4871],[88.2773,22.4843],[88.2896,22.4706],[88.288,22.456],[88.3027,22.4554],[88.3073,22.4594],[88.311,22.4565],[88.3189,22.4575],[88.3211,22.4656],[88.329,22.468],[88.3338,22.4671],[88.3317,22.4644],[88.3342,22.4616],[88.3427,22.4627],[88.3459,22.4567],[88.3597,22.4629],[88.362,22.4553],[88.3694,22.457],[88.3689,22.4529],[88.372,22.452],[88.3749,22.457],[88.3799,22.4561],[88.3827,22.4594],[88.3778,22.4655],[88.3935,22.4676],[88.3959,22.4736],[88.4048,22.4744],[88.4069,22.4787],[88.4145,22.4778],[88.416,22.4886],[88.4063,22.4909],[88.4132,22.4948],[88.4103,22.5017],[88.4158,22.5055],[88.4205,22.5238],[88.4271,22.5186],[88.4351,22.5171],[88.4397,22.5095],[88.4442,22.5118],[88.4484,22.5085],[88.4543,22.5092],[88.4585,22.5174],[88.4557,22.5189],[88.4611,22.5226],[88.4745,22.5183],[88.4808,22.5195],[88.4834,22.525],[88.4778,22.5375],[88.4781,22.5507],[88.4584,22.568],[88.4644,22.5657],[88.4659,22.5729],[88.4731,22.5766],[88.4768,22.5674],[88.4818,22.5671],[88.4842,22.5602],[88.4931,22.5578],[88.4934,22.5548],[88.5117,22.5587],[88.5126,22.5519],[88.5223,22.5507],[88.5254,22.5528],[88.5224,22.5563],[88.5237,22.5648],[88.538,22.5748],[88.5471,22.5929],[88.5534,22.5922],[88.544,22.6041],[88.5465,22.6093],[88.5505,22.6081],[88.5534,22.6174],[88.56,22.6183],[88.5597,22.6251],[88.5754,22.6187]]]]}},{"type":"Feature","properties":{"district":"Alipurduar","slug":"alipurduar","lgd":664},"geometry":{"type":"MultiPolygon","coordinates":[[[[89.3891,26.8437],[89.4138,26.8403],[89.4229,26.836],[89.4391,26.8406],[89.4504,26.8308],[89.4501,26.818],[89.461,26.8061],[89.4695,26.8027],[89.4946,26.8032],[89.5122,26.8143],[89.5184,26.8123],[89.5339,26.8147],[89.5483,26.8093],[89.5602,26.8129],[89.5659,26.7994],[89.5939,26.7921],[89.6,26.7873],[89.6142,26.7858],[89.6209,26.7775],[89.6318,26.7831],[89.6499,26.7767],[89.6528,26.7674],[89.6439,26.7603],[89.6457,26.7528],[89.6435,26.7485],[89.6224,26.7389],[89.6174,26.7293],[89.624,26.7185],[89.6311,26.7188],[89.6351,26.725],[89.65,26.7173],[89.6579,26.7187],[89.6691,26.7315],[89.6718,26.7398],[89.6899,26.7331],[89.7003,26.7373],[89.7077,26.7312],[89.7179,26.7298],[89.7241,26.7223],[89.7388,26.7292],[89.7447,26.7288],[89.7528,26.7353],[89.7587,26.7288],[89.7548,26.7175],[89.7616,26.7141],[89.7714,26.701],[89.8123,26.7106],[89.8633,26.7008],[89.8746,26.6836],[89.8742,26.6667],[89.8701,26.6578],[89.8769,26.6485],[89.8672,26.6351],[89.8592,26.6296],[89.8583,26.6234],[89.8642,26.6157],[89.8784,26.6155],[89.8795,26.6093],[89.8738,26.5913],[89.8826,26.5834],[89.866,26.5768],[89.8645,26.5732],[89.869,26.5539],[89.8632,26.5417],[89.8659,26.5323],[89.8561,26.5184],[89.8588,26.4999],[89.8541,26.4882],[89.8624,26.4835],[89.8648,26.4691],[89.8706,26.4673],[89.873,26.4626],[89.8704,26.4567],[89.872,26.4514],[89.8586,26.4396],[89.8559,26.4249],[89.8492,26.4228],[89.8575,26.412],[89.8353,26.412],[89.8296,26.4224],[89.8368,26.4311],[89.8228,26.4314],[89.8251,26.4406],[89.8314,26.4383],[89.8335,26.4413],[89.8298,26.4477],[89.8539,26.4445],[89.854,26.4475],[89.8508,26.4479],[89.8529,26.4555],[89.8619,26.4547],[89.8641,26.4642],[89.8581,26.4646],[89.8493,26.4705],[89.8258,26.4709],[89.8245,26.4685],[89.8316,26.4675],[89.8278,26.4594],[89.785,26.4619],[89.7727,26.4652],[89.7488,26.4632],[89.7483,26.4567],[89.745,26.456],[89.7481,26.4477],[89.7472,26.4387],[89.7423,26.4395],[89.7388,26.4455],[89.7334,26.4425],[89.7278,26.4442],[89.7243,26.4356],[89.7111,26.4345],[89.7109,26.4273],[89.6992,26.4213],[89.6925,26.4224],[89.6933,26.4268],[89.6875,26.4295],[89.6759,26.4296],[89.6778,26.4349],[89.6655,26.4365],[89.6628,26.434],[89.6606,26.4368],[89.6577,26.4317],[89.6615,26.431],[89.6543,26.423],[89.6501,26.4236],[89.65,26.4184],[89.6483,26.4214],[89.6375,26.4188],[89.6376,26.4164],[89.6286,26.4163],[89.6243,26.4198],[89.623,26.4159],[89.6279,26.4081],[89.6247,26.3999],[89.6197,26.3999],[89.6188,26.3953],[89.584,26.4298],[89.5732,26.425],[89.5637,26.4279],[89.5644,26.4229],[89.5709,26.4228],[89.5689,26.4209],[89.5719,26.4183],[89.5645,26.4103],[89.5551,26.4101],[89.5584,26.4145],[89.5491,26.4165],[89.5573,26.4211],[89.5503,26.4267],[89.557,26.426],[89.5588,26.4298],[89.5522,26.4316],[89.5493,26.4448],[89.5383,26.4449],[89.5445,26.4509],[89.5372,26.4538],[89.5421,26.4598],[89.5348,26.463],[89.5361,26.4726],[89.5299,26.4711],[89.5276,26.4765],[89.5206,26.4715],[89.5141,26.4742],[89.5139,26.4764],[89.5118,26.4776],[89.505,26.4685],[89.5023,26.4707],[89.5053,26.4727],[89.4996,26.4749],[89.4985,26.4718],[89.4947,26.4728],[89.4924,26.4786],[89.4955,26.4811],[89.455,26.4906],[89.4524,26.4769],[89.449,26.4745],[89.4437,26.4759],[89.4391,26.4693],[89.4315,26.4679],[89.412,26.4716],[89.4016,26.4647],[89.3943,26.4643],[89.3882,26.4659],[89.3569,26.4966],[89.3436,26.4869],[89.3258,26.4948],[89.319,26.4853],[89.3048,26.4817],[89.2938,26.4879],[89.28,26.4861],[89.2447,26.4912],[89.2314,26.5019],[89.1915,26.5101],[89.1914,26.5057],[89.1805,26.501],[89.1521,26.5168],[89.1221,26.5232],[89.1239,26.5289],[89.1188,26.5334],[89.1182,26.5404],[89.1153,26.5344],[89.1087,26.5387],[89.1144,26.5421],[89.1131,26.5478],[89.1042,26.5564],[89.1111,26.5606],[89.1072,26.5643],[89.1018,26.5618],[89.0988,26.5662],[89.104,26.5684],[89.1016,26.5754],[89.1053,26.5766],[89.1094,26.5911],[89.1031,26.5852],[89.1051,26.5921],[89.094,26.5919],[89.0916,26.5966],[89.088,26.5917],[89.0855,26.5965],[89.0808,26.5925],[89.0787,26.5975],[89.0726,26.593],[89.0746,26.5959],[89.0671,26.5972],[89.0604,26.6117],[89.05,26.6095],[89.0536,26.6119],[89.0497,26.6194],[89.0536,26.6213],[89.0522,26.6244],[89.0476,26.6236],[89.0501,26.6258],[89.045,26.6365],[89.0479,26.6481],[89.0642,26.6714],[89.0619,26.6816],[89.0654,26.6853],[89.0639,26.6892],[89.067,26.6913],[89.0705,26.7172],[89.0757,26.7304],[89.0821,26.7291],[89.0753,26.7413],[89.0816,26.7482],[89.0744,26.7604],[89.0809,26.7758],[89.0906,26.786],[89.0918,26.7993],[89.0982,26.8074],[89.0999,26.8178],[89.0927,26.8194],[89.0917,26.826],[89.0921,26.8307],[89.0979,26.8334],[89.1,26.8419],[89.1154,26.8242],[89.1241,26.822],[89.1344,26.8078],[89.1763,26.8191],[89.1942,26.8109],[89.2304,26.8183],[89.2624,26.8138],[89.2731,26.8274],[89.2786,26.8266],[89.2811,26.831],[89.3185,26.8513],[89.3231,26.8511],[89.3268,26.8432],[89.379,26.8622],[89.3836,26.8591],[89.3891,26.8437]],[[89.6549,26.4399],[89.6583,26.4409],[89.6546,26.4419],[89.6549,26.4399]]]]}},{"type":"Feature","properties":{"district":"Bankura","slug":"bankura","lgd":305},"geometry":{"type":"MultiPolygon","coordinates":[[[[86.9171,23.6295],[86.9557,23.6332],[86.9718,23.627],[86.9955,23.6335],[87.0134,23.6325],[87.0337,23.618],[87.0596,23.612],[87.0718,23.6016],[87.0887,23.5966],[87.1219,23.5764],[87.1481,23.5731],[87.1659,23.5655],[87.1848,23.5668],[87.2104,23.5575],[87.2421,23.5288],[87.2488,23.519],[87.2676,23.5095],[87.2747,23.5007],[87.3028,23.4826],[87.3438,23.4649],[87.3775,23.4401],[87.4113,23.4272],[87.4417,23.4086],[87.4775,23.3743],[87.4992,23.3486],[87.5229,23.3378],[87.5397,23.3204],[87.5573,23.3117],[87.5622,23.2958],[87.594,23.2688],[87.6004,23.2571],[87.6206,23.2507],[87.635,23.2402],[87.6536,23.2409],[87.6528,23.2264],[87.6585,23.2223],[87.6545,23.2232],[87.6556,23.2206],[87.648,23.2171],[87.6498,23.2097],[87.6469,23.1964],[87.6545,23.1942],[87.6536,23.1888],[87.6576,23.189],[87.6555,23.1865],[87.6603,23.1844],[87.6616,23.1737],[87.669,23.1699],[87.669,23.167],[87.6658,23.167],[87.6618,23.1711],[87.6605,23.1667],[87.6698,23.1597],[87.6776,23.1584],[87.683,23.1461],[87.69,23.1452],[87.6841,23.1223],[87.689,23.1289],[87.692,23.1288],[87.7167,23.1223],[87.7185,23.1172],[87.7254,23.1157],[87.7286,23.1207],[87.7328,23.1175],[87.7294,23.1229],[87.7308,23.1306],[87.7332,23.1309],[87.7333,23.1203],[87.747,23.1105],[87.7477,23.1047],[87.7429,23.1034],[87.7492,23.1018],[87.7553,23.0941],[87.753,23.0817],[87.7615,23.0816],[87.7643,23.0755],[87.7519,23.0677],[87.743,23.055],[87.7444,23.0491],[87.7392,23.0322],[87.7417,23.0312],[87.7373,23.0276],[87.7221,23.0291],[87.7206,23.0193],[87.7121,23.0106],[87.7055,23.0177],[87.7024,23.0273],[87.6872,23.0252],[87.6864,23.0199],[87.6995,23.0179],[87.6961,23.0137],[87.6973,23.0],[87.6947,22.9941],[87.6757,22.9931],[87.668,22.9866],[87.6479,22.9892],[87.642,22.987],[87.6381,22.9811],[87.6427,22.9786],[87.6396,22.9748],[87.6421,22.9747],[87.6406,22.9668],[87.6487,22.9663],[87.6492,22.9502],[87.6524,22.9498],[87.6403,22.9185],[87.6327,22.9196],[87.6199,22.9118],[87.6197,22.9028],[87.6268,22.9032],[87.6314,22.8992],[87.6114,22.8888],[87.6105,22.891],[87.6021,22.8904],[87.5994,22.898],[87.5864,22.894],[87.5788,22.9101],[87.5764,22.9078],[87.5752,22.911],[87.5707,22.9095],[87.5721,22.9133],[87.5652,22.9161],[87.5653,22.9186],[87.552,22.9186],[87.538,22.9233],[87.5313,22.9306],[87.5173,22.9309],[87.5175,22.9249],[87.5128,22.9216],[87.5094,22.9257],[87.4995,22.9261],[87.4959,22.9201],[87.4737,22.9101],[87.4596,22.9118],[87.4473,22.9208],[87.434,22.9251],[87.4221,22.9247],[87.422,22.9302],[87.3994,22.9338],[87.3991,22.939],[87.3924,22.9423],[87.3724,22.9421],[87.362,22.9486],[87.3588,22.9552],[87.3374,22.9473],[87.3194,22.9464],[87.3106,22.9313],[87.2868,22.922],[87.285,22.9118],[87.2762,22.9089],[87.2711,22.9035],[87.268,22.9066],[87.2604,22.9041],[87.2474,22.8957],[87.2214,22.9079],[87.211,22.894],[87.2028,22.895],[87.1925,22.8884],[87.1818,22.8916],[87.1713,22.89],[87.1635,22.8765],[87.1421,22.8523],[87.1283,22.8443],[87.0933,22.8443],[87.0638,22.8508],[87.0599,22.8449],[87.0611,22.8313],[87.0535,22.8228],[87.0569,22.8203],[87.0579,22.8096],[87.0652,22.8028],[87.0649,22.7926],[87.078,22.7818],[87.0829,22.7649],[87.0831,22.749],[87.0886,22.7391],[87.0759,22.7258],[87.0692,22.7308],[87.0532,22.7284],[87.0372,22.719],[87.0388,22.7137],[87.0367,22.7096],[87.0326,22.7096],[87.0312,22.702],[87.0215,22.7016],[87.0163,22.692],[87.0191,22.6839],[87.0178,22.6685],[87.0216,22.6684],[87.0215,22.6632],[87.0153,22.6486],[87.0081,22.6509],[87.0062,22.6488],[87.0016,22.6583],[86.9943,22.6607],[86.9851,22.6718],[86.9727,22.6732],[86.9667,22.67],[86.963,22.6765],[86.9578,22.6669],[86.9485,22.6691],[86.9461,22.6507],[86.9537,22.6372],[86.9459,22.6338],[86.9361,22.6345],[86.926,22.6279],[86.9219,22.6313],[86.9179,22.6264],[86.9125,22.6355],[86.9047,22.6355],[86.9049,22.6406],[86.8905,22.6553],[86.8617,22.6661],[86.8459,22.6849],[86.8399,22.6844],[86.8041,22.7091],[86.7876,22.7116],[86.7729,22.7197],[86.7691,22.7281],[86.7496,22.7373],[86.7184,22.7446],[86.7028,22.7578],[86.6958,22.7684],[86.6718,22.77],[86.6558,22.7889],[86.6296,22.7975],[86.6113,22.7986],[86.609,22.8067],[86.6173,22.8244],[86.6337,22.8245],[86.6479,22.8389],[86.6561,22.8365],[86.6623,22.8519],[86.6731,22.8536],[86.6772,22.8617],[86.6862,22.8618],[86.7049,22.8756],[86.7068,22.8872],[86.7013,22.8902],[86.7068,22.8936],[86.7058,22.8994],[86.7,22.9085],[86.7019,22.9108],[86.6974,22.9167],[86.698,22.9235],[86.6907,22.9315],[86.7025,22.9528],[86.7077,22.9547],[86.7125,22.9626],[86.7139,22.9664],[86.7105,22.966],[86.7172,22.9753],[86.7197,22.9912],[86.7284,22.9986],[86.7293,23.016],[86.7357,23.0263],[86.7273,23.0297],[86.7256,23.0346],[86.7392,23.0429],[86.7382,23.0458],[86.7322,23.0449],[86.7306,23.0484],[86.7468,23.074],[86.7522,23.0896],[86.7482,23.0971],[86.7502,23.1],[86.7463,23.1031],[86.7304,23.105],[86.7173,23.122],[86.7218,23.1222],[86.7312,23.1333],[86.7327,23.1484],[86.7391,23.1621],[86.7462,23.1679],[86.7523,23.1656],[86.7543,23.1689],[86.7515,23.1729],[86.756,23.1719],[86.759,23.1768],[86.7585,23.1976],[86.7687,23.2035],[86.7798,23.2004],[86.7901,23.209],[86.7822,23.2238],[86.7825,23.2294],[86.7702,23.2411],[86.7749,23.2451],[86.7778,23.2411],[86.7798,23.2427],[86.7846,23.2605],[86.7806,23.2643],[86.7804,23.2728],[86.7873,23.2763],[86.78,23.2862],[86.779,23.2957],[86.7919,23.299],[86.7851,23.3093],[86.7889,23.3401],[86.7968,23.3442],[86.7992,23.341],[86.8054,23.343],[86.8102,23.3407],[86.8111,23.3532],[86.8159,23.3611],[86.832,23.358],[86.8356,23.3638],[86.8374,23.3745],[86.831,23.3799],[86.8368,23.3845],[86.8418,23.3814],[86.8516,23.3852],[86.8501,23.3902],[86.8543,23.3963],[86.8478,23.4054],[86.8499,23.4194],[86.8563,23.4213],[86.8599,23.4276],[86.8629,23.4265],[86.8661,23.436],[86.8554,23.4418],[86.8459,23.4359],[86.8409,23.4397],[86.8371,23.4387],[86.8363,23.4345],[86.8256,23.437],[86.8269,23.4474],[86.8232,23.4522],[86.8265,23.4661],[86.8571,23.4661],[86.8656,23.462],[86.8727,23.4707],[86.8705,23.4756],[86.8731,23.4909],[86.8816,23.4891],[86.8824,23.4974],[86.9061,23.4925],[86.8944,23.5116],[86.8959,23.5344],[86.8913,23.5383],[86.8826,23.5377],[86.8855,23.5573],[86.8784,23.5557],[86.8794,23.5671],[86.8644,23.5676],[86.8811,23.5755],[86.8832,23.5719],[86.8922,23.575],[86.8877,23.5827],[86.8913,23.5916],[86.8884,23.6023],[86.8949,23.6059],[86.897,23.6172],[86.8944,23.626],[86.902,23.6302],[86.9024,23.6381],[86.9171,23.6295]]]]}},{"type":"Feature","properties":{"district":"Birbhum","slug":"birbhum","lgd":307},"geometry":{"type":"MultiPolygon","coordinates":[[[[87.7921,24.5832],[87.8122,24.5786],[87.8249,24.5695],[87.8243,24.5615],[87.8275,24.558],[87.8408,24.5598],[87.8494,24.5538],[87.8533,24.5576],[87.8524,24.5618],[87.8564,24.5581],[87.8694,24.556],[87.8692,24.5645],[87.8898,24.5656],[87.8913,24.5423],[87.9071,24.5407],[87.9235,24.5443],[87.9275,24.5367],[87.9319,24.5375],[87.9379,24.5314],[87.9394,24.5201],[87.9504,24.5177],[87.9445,24.5006],[87.9478,24.4996],[87.9472,24.4969],[87.9431,24.4898],[87.9442,24.4873],[87.9501,24.4895],[87.9641,24.4865],[87.965,24.4791],[87.9741,24.4739],[87.9738,24.4634],[87.9769,24.4589],[87.973,24.4564],[87.9721,24.4482],[87.9757,24.4401],[87.975,24.426],[87.9791,24.4241],[87.9787,24.4149],[87.9746,24.414],[87.9706,24.4005],[87.9731,24.3952],[87.9693,24.3798],[87.9736,24.3776],[87.973,24.3751],[87.967,24.3716],[87.9595,24.3734],[87.9554,24.3634],[87.9571,24.3423],[87.9636,24.3377],[87.9635,24.3347],[87.977,24.339],[87.9814,24.3375],[87.9819,24.3332],[87.9864,24.3344],[87.993,24.3303],[87.991,24.3282],[87.9976,24.3189],[87.9911,24.3153],[87.994,24.3132],[88.012,24.3145],[88.0143,24.3094],[88.0172,24.3111],[88.0142,24.3017],[88.0151,24.2946],[88.0192,24.2909],[88.0128,24.2846],[88.0171,24.284],[88.0167,24.2707],[88.025,24.2615],[88.0226,24.2442],[87.9972,24.243],[87.9957,24.2323],[87.9981,24.227],[88.0059,24.2246],[88.006,24.2192],[88.0017,24.218],[88.0046,24.215],[87.9918,24.2065],[87.9908,24.2129],[87.9865,24.2126],[87.9892,24.2066],[87.9832,24.1914],[87.9736,24.1944],[87.9679,24.1893],[87.9569,24.1901],[87.9476,24.1959],[87.9308,24.2002],[87.9222,24.1958],[87.9201,24.1885],[87.9258,24.1823],[87.929,24.1852],[87.9313,24.1814],[87.9353,24.1813],[87.9319,24.1744],[87.9289,24.1769],[87.9284,24.1724],[87.9268,24.1741],[87.9141,24.1628],[87.9099,24.1623],[87.9062,24.1661],[87.9053,24.1631],[87.8994,24.1618],[87.9031,24.1539],[87.8973,24.1534],[87.8999,24.1499],[87.8969,24.1464],[87.8987,24.1436],[87.9093,24.1434],[87.9102,24.1348],[87.905,24.1266],[87.9019,24.1267],[87.8963,24.118],[87.8909,24.1155],[87.8951,24.1143],[87.894,24.1061],[87.9094,24.1057],[87.9125,24.0998],[87.9087,24.0942],[87.9103,24.0916],[87.8993,24.0897],[87.8996,24.0853],[87.8954,24.0816],[87.8937,24.0678],[87.898,24.0602],[87.8965,24.0436],[87.8748,24.04],[87.8694,24.0273],[87.8604,24.0261],[87.86,24.0207],[87.8689,24.0169],[87.8693,24.0113],[87.8641,24.0011],[87.8576,23.9987],[87.8563,23.9904],[87.8606,23.9845],[87.8585,23.9757],[87.8479,23.9713],[87.8492,23.9671],[87.8606,23.965],[87.8639,23.9595],[87.8612,23.9461],[87.8673,23.9418],[87.8605,23.9296],[87.8661,23.9192],[87.86,23.9209],[87.8432,23.9145],[87.8432,23.9051],[87.8488,23.9019],[87.8473,23.8892],[87.853,23.886],[87.8524,23.8829],[87.8608,23.8818],[87.8637,23.8784],[87.8579,23.8725],[87.8699,23.8698],[87.8699,23.8609],[87.8751,23.8549],[87.8863,23.8624],[87.8854,23.8566],[87.8911,23.8491],[87.8906,23.84],[87.9034,23.8387],[87.9058,23.8454],[87.9256,23.841],[87.9348,23.8337],[87.9291,23.8262],[87.9455,23.8197],[87.9548,23.8091],[87.9658,23.809],[87.9651,23.8051],[87.9582,23.8038],[87.9555,23.7864],[87.9497,23.7766],[87.9386,23.7742],[87.9382,23.7644],[87.9473,23.7639],[87.9469,23.7566],[87.9554,23.7559],[87.9543,23.7498],[87.9482,23.7488],[87.9456,23.7402],[87.9368,23.7391],[87.9349,23.7283],[87.9172,23.7294],[87.9198,23.715],[87.9105,23.7195],[87.9096,23.7158],[87.9088,23.7096],[87.9184,23.6956],[87.9144,23.6923],[87.9138,23.6847],[87.9226,23.6813],[87.9195,23.6741],[87.9099,23.6717],[87.9153,23.6684],[87.9111,23.6665],[87.9117,23.6639],[87.9186,23.6624],[87.9209,23.6655],[87.9268,23.6651],[87.9296,23.6588],[87.9363,23.663],[87.9342,23.6467],[87.9446,23.6444],[87.9447,23.6405],[87.9536,23.6378],[87.9551,23.6333],[87.9611,23.6304],[87.9531,23.6281],[87.9469,23.5944],[87.9333,23.5887],[87.9327,23.5723],[87.923,23.5708],[87.9106,23.5577],[87.9067,23.5431],[87.9001,23.5403],[87.8915,23.5509],[87.8917,23.5589],[87.8881,23.5626],[87.882,23.5507],[87.8743,23.5582],[87.8638,23.5468],[87.8561,23.5502],[87.8478,23.5488],[87.8449,23.552],[87.8452,23.5619],[87.8377,23.569],[87.8298,23.5661],[87.8145,23.5679],[87.8106,23.5617],[87.8035,23.5592],[87.7959,23.5722],[87.7824,23.5729],[87.7837,23.5799],[87.781,23.5844],[87.7757,23.5842],[87.7676,23.5782],[87.7614,23.5873],[87.745,23.5946],[87.7366,23.5862],[87.7321,23.5887],[87.731,23.5969],[87.7227,23.6035],[87.7178,23.6167],[87.7115,23.6205],[87.7046,23.6196],[87.6989,23.6098],[87.6891,23.6067],[87.6826,23.6098],[87.6779,23.6203],[87.6658,23.6203],[87.6547,23.6034],[87.6359,23.6105],[87.6288,23.6058],[87.5976,23.6006],[87.5846,23.5949],[87.5713,23.5978],[87.5579,23.6087],[87.5399,23.6071],[87.5338,23.6104],[87.5315,23.6181],[87.5263,23.6207],[87.5146,23.6184],[87.5103,23.6066],[87.5023,23.601],[87.4736,23.6128],[87.4517,23.6119],[87.4425,23.6156],[87.4239,23.645],[87.4176,23.6475],[87.41,23.6576],[87.4174,23.6776],[87.4146,23.6848],[87.3879,23.6991],[87.3671,23.7023],[87.3552,23.7198],[87.3411,23.7227],[87.3309,23.7174],[87.3125,23.7229],[87.2931,23.7222],[87.2791,23.7289],[87.2707,23.7455],[87.264,23.7494],[87.2258,23.7402],[87.2098,23.75],[87.1915,23.7488],[87.1768,23.7517],[87.1701,23.748],[87.1551,23.7487],[87.1201,23.7686],[87.101,23.7965],[87.0867,23.809],[87.089,23.8138],[87.097,23.8129],[87.1033,23.8045],[87.1071,23.8045],[87.1087,23.8082],[87.1164,23.8077],[87.1184,23.8025],[87.1127,23.8054],[87.1105,23.8019],[87.1183,23.7975],[87.1311,23.7979],[87.1399,23.8042],[87.1495,23.7971],[87.1671,23.8251],[87.1598,23.8313],[87.1537,23.8295],[87.1396,23.8484],[87.13,23.8539],[87.1293,23.8686],[87.1645,23.8652],[87.1799,23.852],[87.1873,23.8596],[87.1958,23.8574],[87.1873,23.8488],[87.1886,23.8432],[87.1942,23.8452],[87.1963,23.8496],[87.2031,23.8477],[87.2058,23.8563],[87.2139,23.8506],[87.2212,23.8606],[87.2337,23.8571],[87.2373,23.8544],[87.2305,23.8459],[87.2232,23.8456],[87.2224,23.8377],[87.2165,23.8317],[87.2279,23.8251],[87.2309,23.8287],[87.2387,23.8264],[87.2464,23.8316],[87.2443,23.832],[87.2489,23.8353],[87.2477,23.839],[87.2549,23.847],[87.25,23.85],[87.2491,23.8555],[87.2443,23.8569],[87.2451,23.8649],[87.2487,23.8687],[87.2419,23.8697],[87.2451,23.9082],[87.2522,23.913],[87.2583,23.9063],[87.2546,23.9],[87.2589,23.8995],[87.2634,23.8825],[87.259,23.8832],[87.2691,23.8746],[87.2754,23.8848],[87.2835,23.8895],[87.2838,23.8856],[87.2854,23.8839],[87.2845,23.8889],[87.2911,23.8933],[87.2882,23.8986],[87.295,23.9023],[87.2912,23.9051],[87.2916,23.9154],[87.2835,23.9209],[87.2882,23.9269],[87.284,23.9296],[87.2838,23.9358],[87.2908,23.9417],[87.2898,23.9495],[87.2936,23.9577],[87.2798,23.9606],[87.2709,23.9675],[87.2659,23.9657],[87.2609,23.9686],[87.2626,23.9813],[87.2669,23.9822],[87.2681,23.9873],[87.2642,24.0006],[87.262,24.0032],[87.2534,23.9992],[87.2534,23.9962],[87.2505,23.997],[87.2409,24.0119],[87.2446,24.0166],[87.2329,24.0237],[87.2344,24.0325],[87.2454,24.0451],[87.2875,24.0289],[87.2926,24.0334],[87.3371,24.0343],[87.3396,24.0265],[87.3363,24.026],[87.3358,24.0207],[87.3277,24.0185],[87.3236,24.0099],[87.3192,24.0085],[87.3282,23.9987],[87.352,23.9992],[87.3604,24.0131],[87.4166,23.9927],[87.4277,23.9923],[87.4292,23.9865],[87.4368,23.9821],[87.4457,23.9821],[87.4495,23.988],[87.4604,23.9838],[87.4617,23.9949],[87.4555,24.0019],[87.4453,24.002],[87.4438,24.007],[87.4494,24.0088],[87.4488,24.0114],[87.4387,24.0089],[87.4383,24.0136],[87.4594,24.0188],[87.4617,24.0132],[87.4723,24.0163],[87.4761,24.0123],[87.4915,24.0186],[87.4969,24.0254],[87.5029,24.0261],[87.5036,24.0318],[87.512,24.0358],[87.5094,24.047],[87.4935,24.0542],[87.4999,24.0652],[87.4906,24.0706],[87.4927,24.0769],[87.5026,24.0738],[87.5107,24.0822],[87.5083,24.0854],[87.4974,24.0857],[87.4898,24.0901],[87.4922,24.0938],[87.4967,24.0936],[87.4958,24.099],[87.5004,24.1018],[87.4958,24.1128],[87.4976,24.119],[87.5111,24.112],[87.5219,24.1137],[87.5271,24.1066],[87.5322,24.1084],[87.5331,24.0998],[87.5424,24.0912],[87.5431,24.0861],[87.5539,24.0888],[87.5599,24.082],[87.5709,24.0884],[87.5802,24.0864],[87.5743,24.1002],[87.5766,24.1123],[87.5826,24.1131],[87.591,24.127],[87.6023,24.1271],[87.6102,24.1325],[87.605,24.1329],[87.5939,24.1453],[87.5771,24.1565],[87.5743,24.1602],[87.5761,24.1613],[87.5815,24.1593],[87.585,24.1645],[87.5927,24.1603],[87.6064,24.1606],[87.6083,24.1658],[87.6153,24.1661],[87.6316,24.1643],[87.6327,24.1597],[87.6401,24.1572],[87.6422,24.1531],[87.653,24.156],[87.6531,24.1587],[87.6568,24.156],[87.6575,24.1589],[87.6787,24.1481],[87.6822,24.151],[87.6944,24.1502],[87.6968,24.1666],[87.7029,24.1792],[87.6987,24.1808],[87.6986,24.1878],[87.6763,24.1937],[87.6756,24.2083],[87.6543,24.2077],[87.6386,24.214],[87.6378,24.2172],[87.6465,24.2255],[87.6466,24.2317],[87.644,24.2355],[87.6333,24.2373],[87.6407,24.2484],[87.6388,24.2544],[87.6483,24.2506],[87.6547,24.2385],[87.6592,24.2361],[87.6628,24.2384],[87.6639,24.2457],[87.6723,24.2436],[87.6763,24.249],[87.6875,24.2464],[87.6904,24.2579],[87.7002,24.2627],[87.7066,24.2622],[87.7094,24.2716],[87.707,24.2758],[87.7133,24.284],[87.7137,24.2944],[87.7293,24.2884],[87.7376,24.2961],[87.7474,24.2992],[87.7482,24.3044],[87.7549,24.3103],[87.7616,24.3085],[87.763,24.3213],[87.7706,24.3221],[87.769,24.3279],[87.7626,24.3308],[87.7644,24.3393],[87.786,24.3625],[87.7938,24.3831],[87.8011,24.3822],[87.7994,24.3942],[87.794,24.3993],[87.7969,24.4022],[87.8024,24.4003],[87.8071,24.407],[87.8098,24.4057],[87.8126,24.4119],[87.8113,24.4178],[87.8063,24.4201],[87.8044,24.4127],[87.7999,24.4092],[87.7996,24.4122],[87.7927,24.4148],[87.7933,24.4125],[87.7888,24.4165],[87.7898,24.4207],[87.7955,24.4214],[87.7922,24.4277],[87.7946,24.4364],[87.8008,24.4373],[87.8008,24.4409],[87.8039,24.4416],[87.8,24.4459],[87.8031,24.454],[87.8108,24.4565],[87.8135,24.4546],[87.8132,24.4567],[87.8198,24.4545],[87.8189,24.458],[87.8238,24.4585],[87.8227,24.471],[87.8107,24.4764],[87.8146,24.4886],[87.8273,24.4893],[87.8244,24.4906],[87.8282,24.4983],[87.8238,24.5004],[87.8231,24.4946],[87.8117,24.4908],[87.8125,24.4997],[87.8172,24.5006],[87.8093,24.5145],[87.8026,24.5082],[87.8056,24.5006],[87.8013,24.4937],[87.7941,24.5011],[87.796,24.5046],[87.8015,24.5044],[87.8024,24.5073],[87.7981,24.5114],[87.8019,24.5122],[87.8042,24.5192],[87.7992,24.5247],[87.8004,24.5334],[87.7976,24.5388],[87.8,24.5437],[87.805,24.5421],[87.8082,24.5479],[87.8025,24.5617],[87.7999,24.5614],[87.7925,24.5717],[87.7784,24.5735],[87.7702,24.5705],[87.7714,24.5832],[87.7921,24.5832]]]]}},{"type":"Feature","properties":{"district":"Cooch Behar","slug":"cooch-behar","lgd":308},"geometry":{"type":"MultiPolygon","coordinates":[[[[89.8161,26.3427],[89.823,26.3298],[89.8174,26.3209],[89.7998,26.3297],[89.7961,26.333],[89.7981,26.3378],[89.7897,26.3418],[89.8,26.3506],[89.8161,26.3427]]],[[[89.6556,26.4408],[89.6582,26.4411],[89.6584,26.4407],[89.6573,26.4391],[89.6556,26.4408]]],[[[88.9926,26.5336],[89.0014,26.5323],[89.0274,26.5182],[89.0357,26.5168],[89.0505,26.5273],[89.052,26.5304],[89.0488,26.534],[89.0614,26.5342],[89.0624,26.5376],[89.0758,26.5366],[89.0797,26.5349],[89.0793,26.5316],[89.0852,26.5308],[89.0851,26.5256],[89.092,26.5266],[89.0947,26.5207],[89.1149,26.5225],[89.1469,26.5184],[89.1805,26.501],[89.1914,26.5057],[89.1915,26.5101],[89.2314,26.5019],[89.2447,26.4912],[89.28,26.4861],[89.2938,26.4879],[89.3048,26.4817],[89.319,26.4853],[89.3258,26.4948],[89.3436,26.4869],[89.3569,26.4966],[89.3882,26.4659],[89.3943,26.4643],[89.4016,26.4647],[89.412,26.4716],[89.4315,26.4679],[89.4391,26.4693],[89.4437,26.4759],[89.449,26.4745],[89.4524,26.4769],[89.455,26.4906],[89.4955,26.4811],[89.4924,26.4786],[89.4947,26.4728],[89.4985,26.4718],[89.4996,26.4749],[89.5053,26.4727],[89.5023,26.4707],[89.505,26.4685],[89.5118,26.4776],[89.5206,26.4715],[89.5276,26.4765],[89.5299,26.4711],[89.5361,26.4726],[89.5348,26.463],[89.5421,26.4598],[89.5372,26.4538],[89.5445,26.4509],[89.5383,26.4449],[89.5493,26.4448],[89.5522,26.4316],[89.5588,26.4298],[89.557,26.426],[89.5503,26.4267],[89.5573,26.4211],[89.5491,26.4165],[89.5584,26.4145],[89.5551,26.4101],[89.5645,26.4103],[89.5719,26.4183],[89.5689,26.4209],[89.5709,26.4228],[89.5644,26.4229],[89.5637,26.4279],[89.5732,26.425],[89.584,26.4298],[89.6188,26.3953],[89.6197,26.3999],[89.6247,26.3999],[89.6279,26.4081],[89.623,26.4159],[89.6243,26.4198],[89.6286,26.4163],[89.6376,26.4164],[89.6375,26.4188],[89.6483,26.4214],[89.65,26.4184],[89.6501,26.4236],[89.6543,26.423],[89.6615,26.431],[89.6577,26.4317],[89.6606,26.4368],[89.6628,26.434],[89.6655,26.4365],[89.6778,26.4349],[89.6759,26.4296],[89.6875,26.4295],[89.6933,26.4268],[89.6925,26.4224],[89.6992,26.4213],[89.7109,26.4273],[89.7111,26.4345],[89.7243,26.4356],[89.7278,26.4442],[89.7334,26.4425],[89.7388,26.4455],[89.7423,26.4395],[89.7472,26.4387],[89.7481,26.4477],[89.745,26.456],[89.7483,26.4567],[89.7488,26.4632],[89.7727,26.4652],[89.785,26.4619],[89.8278,26.4594],[89.8316,26.4675],[89.8245,26.4685],[89.8258,26.4709],[89.8493,26.4705],[89.8581,26.4646],[89.8641,26.4642],[89.8619,26.4547],[89.8529,26.4555],[89.8508,26.4479],[89.854,26.4475],[89.8539,26.4445],[89.8298,26.4477],[89.8335,26.4413],[89.8314,26.4383],[89.8251,26.4406],[89.8228,26.4314],[89.8368,26.4311],[89.8296,26.4224],[89.8353,26.412],[89.8309,26.3929],[89.8414,26.3924],[89.8487,26.404],[89.8573,26.3961],[89.8554,26.3909],[89.859,26.3844],[89.8545,26.3822],[89.8471,26.3853],[89.843,26.3778],[89.832,26.3839],[89.8259,26.3776],[89.8295,26.3708],[89.8221,26.3631],[89.8258,26.3548],[89.8228,26.3516],[89.8154,26.3526],[89.8128,26.3571],[89.8219,26.3718],[89.8135,26.3707],[89.7832,26.3514],[89.7837,26.3321],[89.7811,26.3279],[89.7693,26.3243],[89.7643,26.3161],[89.7603,26.3166],[89.7553,26.3232],[89.7512,26.321],[89.7541,26.3022],[89.7609,26.2921],[89.7581,26.2878],[89.7478,26.2913],[89.7448,26.2969],[89.7369,26.2926],[89.7263,26.2947],[89.7214,26.2995],[89.7258,26.3072],[89.7237,26.3093],[89.7198,26.3073],[89.7178,26.2958],[89.735,26.2777],[89.7385,26.2699],[89.7343,26.267],[89.734,26.2594],[89.722,26.2575],[89.7126,26.2619],[89.7147,26.2699],[89.7059,26.2704],[89.7026,26.2579],[89.7171,26.2574],[89.7179,26.2452],[89.7322,26.2378],[89.7272,26.2332],[89.7141,26.2302],[89.7136,26.2221],[89.71,26.2178],[89.7004,26.2184],[89.7075,26.2123],[89.7257,26.2182],[89.7317,26.2162],[89.7332,26.212],[89.7272,26.206],[89.7192,26.2066],[89.7116,26.203],[89.7178,26.2013],[89.7204,26.1956],[89.7131,26.1877],[89.6986,26.1912],[89.7036,26.178],[89.7092,26.1728],[89.7256,26.178],[89.7325,26.1778],[89.7366,26.1728],[89.7289,26.1741],[89.7276,26.1673],[89.717,26.1654],[89.7167,26.1682],[89.7128,26.1681],[89.71,26.1562],[89.7014,26.1518],[89.6972,26.1585],[89.6813,26.1636],[89.6842,26.1696],[89.6979,26.1699],[89.7021,26.174],[89.6938,26.1758],[89.6874,26.1815],[89.6822,26.1924],[89.6863,26.1982],[89.6781,26.1975],[89.6732,26.203],[89.6772,26.2097],[89.6857,26.207],[89.6915,26.2117],[89.6838,26.2087],[89.6794,26.2148],[89.679,26.2241],[89.6843,26.2201],[89.6894,26.2213],[89.6837,26.2237],[89.6875,26.2265],[89.6861,26.2307],[89.682,26.2275],[89.6787,26.2382],[89.6724,26.2291],[89.6719,26.22],[89.662,26.2192],[89.6556,26.2191],[89.6344,26.2294],[89.6336,26.2186],[89.6365,26.2176],[89.6327,26.21],[89.6383,26.2104],[89.6396,26.1999],[89.65,26.1902],[89.6456,26.1885],[89.6475,26.1852],[89.6422,26.1855],[89.6352,26.1903],[89.6342,26.1956],[89.6302,26.1958],[89.6285,26.1918],[89.6329,26.1903],[89.6277,26.1893],[89.6278,26.1843],[89.6391,26.1786],[89.6403,26.1822],[89.6551,26.1814],[89.6587,26.1762],[89.6551,26.1704],[89.6502,26.1698],[89.6493,26.1644],[89.6464,26.1644],[89.6389,26.1669],[89.6379,26.1721],[89.6322,26.1719],[89.6374,26.1762],[89.6366,26.1787],[89.6303,26.1795],[89.624,26.1711],[89.6217,26.1736],[89.6239,26.1791],[89.6148,26.1786],[89.6151,26.1765],[89.6102,26.1803],[89.6075,26.1791],[89.6086,26.1764],[89.6152,26.1759],[89.6154,26.173],[89.611,26.1744],[89.6112,26.1686],[89.6198,26.1678],[89.6102,26.1618],[89.609,26.1536],[89.6081,26.1584],[89.6047,26.1591],[89.6044,26.1561],[89.6,26.1608],[89.5914,26.1576],[89.5977,26.1544],[89.5966,26.135],[89.6027,26.1249],[89.6043,26.1286],[89.6075,26.1251],[89.6063,26.1224],[89.6013,26.1234],[89.6042,26.1175],[89.6077,26.1186],[89.612,26.1277],[89.6205,26.1197],[89.6253,26.1286],[89.6304,26.1183],[89.6162,26.1069],[89.6052,26.1064],[89.6031,26.1116],[89.5979,26.1127],[89.6007,26.109],[89.5956,26.1078],[89.6007,26.1075],[89.6003,26.1041],[89.5939,26.1022],[89.6086,26.0884],[89.6101,26.0959],[89.6173,26.0947],[89.614,26.1036],[89.6215,26.1003],[89.6241,26.1079],[89.63,26.107],[89.6362,26.0994],[89.6321,26.0972],[89.6332,26.0944],[89.6397,26.0901],[89.6336,26.0809],[89.6373,26.0748],[89.6483,26.0685],[89.6499,26.0625],[89.6306,26.0627],[89.6205,26.0533],[89.6164,26.0557],[89.6178,26.0601],[89.6106,26.0597],[89.6086,26.0646],[89.6057,26.064],[89.6061,26.0592],[89.6129,26.0569],[89.6128,26.0526],[89.5995,26.0444],[89.5922,26.0448],[89.5977,26.0379],[89.5927,26.0353],[89.5871,26.0384],[89.5833,26.0326],[89.5854,26.0263],[89.5834,26.0242],[89.5787,26.0263],[89.5812,26.0095],[89.5787,26.0068],[89.5862,25.9951],[89.5832,25.9902],[89.5867,25.9811],[89.5852,25.9759],[89.5826,25.9791],[89.5769,25.9782],[89.5759,25.9814],[89.5735,25.9786],[89.5767,25.978],[89.5779,25.9693],[89.5689,25.9678],[89.5684,25.9791],[89.566,25.9803],[89.5627,25.9711],[89.5578,25.9698],[89.5577,25.9654],[89.5508,25.9659],[89.541,25.9695],[89.5381,25.9739],[89.5417,25.9832],[89.5368,25.985],[89.5355,25.9902],[89.5382,25.9947],[89.5481,25.9987],[89.5409,26.0059],[89.5337,26.0054],[89.5394,26.0054],[89.5375,26.0021],[89.5298,26.0057],[89.5221,26.0052],[89.5192,26.0087],[89.5089,26.0018],[89.4913,26.006],[89.4804,25.9961],[89.4616,25.9984],[89.4472,26.008],[89.4275,26.0131],[89.4277,26.0203],[89.4336,26.0304],[89.4328,26.0375],[89.4238,26.0469],[89.4244,26.0442],[89.419,26.0419],[89.4074,26.0415],[89.4066,26.0315],[89.403,26.0273],[89.3909,26.0229],[89.3945,26.0132],[89.3928,26.0072],[89.3725,26.0118],[89.3712,26.0089],[89.3597,26.0078],[89.3544,26.0088],[89.3535,26.0119],[89.3491,26.0104],[89.3443,26.0132],[89.3492,26.0161],[89.3401,26.0153],[89.3374,26.0221],[89.3345,26.02],[89.3386,26.0239],[89.3317,26.0294],[89.3289,26.0283],[89.3257,26.0363],[89.3196,26.0392],[89.3152,26.0374],[89.3173,26.0385],[89.3062,26.0465],[89.3,26.0476],[89.3004,26.0504],[89.2966,26.0453],[89.2758,26.0491],[89.2816,26.0561],[89.2809,26.0656],[89.2783,26.0665],[89.2762,26.0612],[89.2709,26.0599],[89.2544,26.0641],[89.2568,26.0796],[89.2659,26.0878],[89.2668,26.0926],[89.2516,26.0914],[89.2518,26.1012],[89.2477,26.1017],[89.2452,26.1066],[89.2416,26.1055],[89.2392,26.1115],[89.2419,26.1132],[89.233,26.113],[89.2318,26.1171],[89.2292,26.1166],[89.2294,26.1239],[89.2269,26.1221],[89.2184,26.1266],[89.2114,26.1242],[89.2031,26.1293],[89.1924,26.1236],[89.1765,26.1315],[89.1668,26.1302],[89.1603,26.1354],[89.1602,26.1392],[89.1554,26.1386],[89.1485,26.1581],[89.1554,26.1596],[89.1573,26.1632],[89.1525,26.1645],[89.1492,26.17],[89.141,26.1694],[89.1412,26.1758],[89.1346,26.1812],[89.1394,26.1983],[89.1492,26.2089],[89.1421,26.2148],[89.1438,26.2213],[89.1396,26.2294],[89.1409,26.2358],[89.1339,26.2376],[89.1361,26.2406],[89.1319,26.2395],[89.1318,26.2468],[89.12,26.2528],[89.1252,26.2635],[89.1094,26.2721],[89.1088,26.2756],[89.1058,26.274],[89.106,26.2811],[89.1001,26.2795],[89.1026,26.2885],[89.1071,26.2916],[89.1033,26.2944],[89.1076,26.2998],[89.0999,26.3046],[89.1047,26.3158],[89.1083,26.313],[89.1091,26.3044],[89.1142,26.3036],[89.1172,26.2912],[89.122,26.2872],[89.1246,26.2941],[89.1325,26.2987],[89.1275,26.3016],[89.1313,26.3009],[89.1306,26.3052],[89.1252,26.3053],[89.1364,26.3079],[89.133,26.3112],[89.1348,26.3131],[89.1296,26.3128],[89.1351,26.3137],[89.1363,26.3201],[89.1283,26.3188],[89.1245,26.3208],[89.1297,26.3205],[89.1286,26.3223],[89.1236,26.3222],[89.1127,26.3184],[89.1079,26.3266],[89.1005,26.3234],[89.0971,26.3292],[89.0919,26.3203],[89.0835,26.3224],[89.088,26.3233],[89.0909,26.3295],[89.0954,26.3298],[89.1013,26.3365],[89.0978,26.3399],[89.0979,26.3497],[89.0959,26.3537],[89.0933,26.3529],[89.0983,26.3589],[89.0858,26.3639],[89.0797,26.3628],[89.08,26.3667],[89.0885,26.3657],[89.0901,26.3857],[89.0963,26.3912],[89.092,26.3937],[89.0816,26.3902],[89.0808,26.3929],[89.0878,26.3966],[89.0844,26.3983],[89.0753,26.396],[89.0739,26.3911],[89.0748,26.396],[89.0673,26.4],[89.0634,26.3967],[89.0632,26.4007],[89.0581,26.3953],[89.0539,26.3986],[89.0406,26.4002],[89.0367,26.3949],[89.0336,26.3954],[89.0299,26.4071],[89.0199,26.4041],[89.0225,26.4136],[89.0072,26.4127],[89.0055,26.4216],[88.9966,26.4205],[88.9937,26.423],[88.9986,26.4139],[88.9942,26.4128],[88.9925,26.419],[88.983,26.421],[88.9808,26.4253],[88.9831,26.4309],[88.9788,26.436],[88.9831,26.4385],[88.9842,26.4418],[88.9809,26.4434],[88.9833,26.4465],[88.9785,26.4462],[88.9794,26.4496],[88.9764,26.4462],[88.9745,26.4502],[88.9663,26.4513],[88.9654,26.4577],[88.9558,26.4602],[88.9598,26.4523],[88.9654,26.4515],[88.9606,26.4483],[88.9513,26.4521],[88.9519,26.4484],[88.9462,26.4479],[88.9493,26.4429],[88.9469,26.4393],[88.9512,26.4336],[88.9446,26.4318],[88.9448,26.4256],[88.938,26.4256],[88.9348,26.4315],[88.9262,26.4321],[88.9259,26.4276],[88.9328,26.4268],[88.923,26.4234],[88.9255,26.4164],[88.9313,26.4142],[88.9266,26.4068],[88.9048,26.4085],[88.91,26.4008],[88.9174,26.4032],[88.9182,26.4003],[88.9163,26.3854],[88.9091,26.38],[88.9214,26.3772],[88.9133,26.3742],[88.911,26.3681],[88.9143,26.3652],[88.9201,26.3662],[88.9194,26.3594],[88.9261,26.3647],[88.9367,26.3569],[88.9468,26.3557],[88.9498,26.3658],[88.9533,26.366],[88.9585,26.3579],[88.9491,26.3526],[88.9462,26.3439],[88.953,26.3462],[88.959,26.3435],[88.9518,26.3426],[88.9523,26.3323],[88.9569,26.33],[88.9604,26.3301],[88.9595,26.3359],[88.9635,26.3383],[88.9626,26.3455],[88.9591,26.3479],[88.9614,26.3523],[88.9652,26.3487],[88.9668,26.3518],[88.9705,26.3496],[88.9727,26.3517],[88.9778,26.3466],[88.9871,26.3484],[88.9901,26.3388],[88.9818,26.341],[88.9849,26.3339],[88.9885,26.3323],[88.9906,26.3354],[89.001,26.3297],[88.996,26.3209],[88.9916,26.3218],[88.9971,26.3137],[88.9846,26.318],[88.9827,26.3094],[88.9849,26.3006],[88.9926,26.3006],[88.9949,26.2967],[88.9976,26.2996],[88.9957,26.2902],[89.0,26.2907],[89.0069,26.3044],[89.0131,26.298],[89.0124,26.2925],[89.018,26.2897],[89.0201,26.2936],[89.0146,26.2998],[89.0212,26.3091],[89.0266,26.3054],[89.0197,26.2898],[89.0247,26.2881],[89.0275,26.2825],[89.0315,26.2855],[89.0371,26.2831],[89.0408,26.2858],[89.0374,26.2824],[89.0403,26.2807],[89.0399,26.2765],[89.0451,26.2751],[89.0432,26.28],[89.0483,26.28],[89.0505,26.2884],[89.0478,26.2883],[89.0468,26.2825],[89.0463,26.2895],[89.0425,26.2898],[89.0459,26.2954],[89.0523,26.296],[89.0531,26.292],[89.0595,26.2933],[89.0612,26.2904],[89.0575,26.2856],[89.062,26.283],[89.0625,26.2787],[89.0539,26.2771],[89.0593,26.2761],[89.0633,26.2704],[89.0611,26.264],[89.0633,26.2599],[89.0602,26.2568],[89.0626,26.2538],[89.0522,26.256],[89.0484,26.2498],[89.0507,26.2417],[89.046,26.2407],[89.0374,26.2457],[89.0354,26.2425],[89.033,26.2467],[89.0281,26.2475],[89.0273,26.2441],[89.0215,26.245],[89.0187,26.2423],[88.993,26.2455],[88.9792,26.2448],[88.9658,26.2388],[88.9573,26.2403],[88.9443,26.2545],[88.9263,26.2838],[88.9199,26.2845],[88.9181,26.2879],[88.8983,26.2886],[88.8759,26.2866],[88.8614,26.2727],[88.8646,26.2687],[88.8614,26.2638],[88.8615,26.252],[88.8716,26.245],[88.8722,26.2399],[88.8777,26.2422],[88.8779,26.2334],[88.8598,26.2314],[88.8519,26.2351],[88.8423,26.2306],[88.8383,26.2323],[88.8381,26.2381],[88.8277,26.2396],[88.8292,26.2497],[88.8235,26.2485],[88.8232,26.2533],[88.8129,26.256],[88.8122,26.2648],[88.815,26.269],[88.81,26.2768],[88.8133,26.2885],[88.8191,26.2945],[88.7936,26.31],[88.7828,26.3032],[88.7599,26.3002],[88.7566,26.3213],[88.7613,26.3329],[88.7542,26.3378],[88.7547,26.343],[88.748,26.3552],[88.7697,26.3947],[88.7751,26.3987],[88.784,26.3979],[88.7861,26.3929],[88.7895,26.3925],[88.7915,26.3843],[88.8005,26.3755],[88.8074,26.3793],[88.8199,26.3774],[88.8335,26.3801],[88.8395,26.3868],[88.8505,26.3851],[88.855,26.394],[88.8668,26.393],[88.8698,26.3994],[88.8795,26.4043],[88.8816,26.4085],[88.885,26.4166],[88.8837,26.4256],[88.8872,26.4264],[88.8897,26.4328],[88.8873,26.4382],[88.899,26.4383],[88.9084,26.4521],[88.9144,26.4526],[88.9139,26.4598],[88.9173,26.4606],[88.9127,26.4617],[88.9102,26.4694],[88.9048,26.4658],[88.8993,26.4679],[88.9021,26.4727],[88.9057,26.4714],[88.9045,26.4765],[88.9084,26.4768],[88.9152,26.4709],[88.9263,26.4707],[88.9276,26.4657],[88.937,26.4655],[88.9404,26.4724],[88.9464,26.4754],[88.9397,26.4853],[88.9434,26.4973],[88.94,26.5043],[88.9527,26.5059],[88.9622,26.5249],[88.9672,26.5248],[88.9706,26.5313],[88.9676,26.5387],[88.969,26.5464],[88.9926,26.5336]]]]}},{"type":"Feature","properties":{"district":"Darjeeling","slug":"darjeeling","lgd":309},"geometry":{"type":"MultiPolygon","coordinates":[[[[88.0344,27.221],[88.0528,27.2134],[88.0645,27.2144],[88.0655,27.2092],[88.0792,27.2011],[88.0727,27.1872],[88.0785,27.1801],[88.0798,27.1744],[88.0774,27.1729],[88.0871,27.1642],[88.0888,27.1433],[88.0967,27.1328],[88.1117,27.1312],[88.1233,27.1211],[88.1355,27.1205],[88.1389,27.1139],[88.144,27.1156],[88.1447,27.1119],[88.1498,27.1139],[88.151,27.11],[88.1563,27.11],[88.1759,27.1298],[88.1946,27.1348],[88.2115,27.1299],[88.2157,27.1317],[88.2196,27.1251],[88.23,27.119],[88.2418,27.1195],[88.2486,27.1244],[88.2725,27.1281],[88.279,27.1319],[88.2851,27.1269],[88.2972,27.1252],[88.3023,27.1293],[88.3108,27.1251],[88.3153,27.1262],[88.3164,27.1218],[88.3229,27.1176],[88.3215,27.1047],[88.3414,27.1101],[88.3495,27.0998],[88.356,27.101],[88.3587,27.096],[88.3749,27.0975],[88.3874,27.0949],[88.411,27.089],[88.4329,27.0793],[88.4279,27.0672],[88.4205,27.069],[88.4215,27.0653],[88.4166,27.0594],[88.4153,27.0448],[88.4194,27.0323],[88.415,27.0244],[88.4233,27.0086],[88.4147,27.0096],[88.3915,26.9879],[88.4083,26.9812],[88.4122,26.9846],[88.4187,26.9828],[88.4207,26.9773],[88.4174,26.9622],[88.423,26.9572],[88.4367,26.9618],[88.4398,26.9598],[88.445,26.9453],[88.442,26.9382],[88.4522,26.9359],[88.4563,26.9246],[88.4631,26.9201],[88.4643,26.9155],[88.4739,26.9132],[88.4708,26.9086],[88.4753,26.8772],[88.4797,26.8752],[88.4798,26.8686],[88.493,26.8549],[88.5079,26.8477],[88.5125,26.8388],[88.502,26.8404],[88.4969,26.8496],[88.4847,26.8541],[88.4412,26.8372],[88.4358,26.8223],[88.43,26.8202],[88.4358,26.8107],[88.4288,26.813],[88.4348,26.8036],[88.4295,26.8013],[88.4298,26.798],[88.4315,26.7952],[88.4376,26.7955],[88.4424,26.7899],[88.4387,26.7877],[88.4421,26.7853],[88.4402,26.7823],[88.4344,26.7837],[88.4316,26.7784],[88.4379,26.7753],[88.4341,26.7657],[88.4357,26.7582],[88.4316,26.7584],[88.4305,26.7532],[88.4261,26.7593],[88.4274,26.755],[88.423,26.7545],[88.4274,26.7479],[88.4228,26.7458],[88.4253,26.7343],[88.4216,26.7271],[88.425,26.7226],[88.4294,26.7268],[88.4353,26.7261],[88.4336,26.7239],[88.4364,26.7169],[88.4426,26.7163],[88.4492,26.7044],[88.4433,26.6951],[88.4376,26.6927],[88.4098,26.6995],[88.4017,26.6931],[88.3974,26.6837],[88.3902,26.6798],[88.3914,26.6764],[88.4004,26.6724],[88.3997,26.6429],[88.4065,26.6401],[88.4095,26.6326],[88.3982,26.6258],[88.3964,26.6173],[88.3871,26.6124],[88.3879,26.6069],[88.3972,26.6067],[88.3984,26.6035],[88.3901,26.603],[88.376,26.5947],[88.3741,26.5794],[88.3701,26.5751],[88.3712,26.5615],[88.3574,26.5426],[88.3594,26.5301],[88.3519,26.5232],[88.3531,26.5159],[88.3495,26.5091],[88.3354,26.4972],[88.3252,26.4959],[88.3115,26.4989],[88.3036,26.4877],[88.2945,26.4914],[88.2825,26.4856],[88.2767,26.4911],[88.2749,26.4859],[88.2627,26.4881],[88.2571,26.4686],[88.2487,26.4675],[88.2372,26.4515],[88.2252,26.4537],[88.2177,26.4659],[88.2098,26.4692],[88.2117,26.4718],[88.2212,26.4715],[88.2238,26.4824],[88.212,26.4829],[88.2158,26.478],[88.2107,26.4731],[88.203,26.4764],[88.1958,26.4751],[88.1879,26.4849],[88.1802,26.4873],[88.1818,26.4928],[88.1786,26.4957],[88.1934,26.5135],[88.2032,26.5131],[88.2042,26.5213],[88.2297,26.535],[88.2255,26.5567],[88.211,26.5609],[88.2082,26.5501],[88.2162,26.5487],[88.2119,26.5444],[88.2052,26.5435],[88.214,26.5416],[88.2116,26.5399],[88.2014,26.5395],[88.2021,26.5438],[88.1963,26.5439],[88.1954,26.548],[88.1794,26.5483],[88.1762,26.5354],[88.1678,26.5404],[88.1665,26.5355],[88.1563,26.53],[88.1503,26.5318],[88.1474,26.5226],[88.135,26.5234],[88.1328,26.5164],[88.1296,26.5161],[88.1173,26.5276],[88.117,26.5327],[88.1117,26.5312],[88.11,26.5361],[88.1035,26.5385],[88.1116,26.5451],[88.1053,26.5508],[88.1055,26.5611],[88.1095,26.5571],[88.1135,26.5587],[88.1107,26.5621],[88.1151,26.5655],[88.1118,26.565],[88.1126,26.5718],[88.1191,26.5683],[88.1178,26.5745],[88.1208,26.576],[88.1236,26.5726],[88.125,26.5777],[88.1304,26.5738],[88.1273,26.5819],[88.1319,26.5938],[88.1299,26.6013],[88.1392,26.6067],[88.1421,26.6258],[88.1544,26.6304],[88.1603,26.6364],[88.1581,26.6402],[88.163,26.646],[88.1672,26.6991],[88.1817,26.7198],[88.1862,26.7389],[88.1879,26.7718],[88.1772,26.8048],[88.179,26.8162],[88.1719,26.8273],[88.1737,26.834],[88.1678,26.8375],[88.1706,26.8448],[88.1676,26.8497],[88.1748,26.8531],[88.1722,26.8608],[88.174,26.8653],[88.1718,26.8693],[88.1669,26.8702],[88.1573,26.8851],[88.146,26.8892],[88.1364,26.8985],[88.1448,26.9149],[88.1447,26.9225],[88.1201,26.9507],[88.1244,26.9717],[88.1344,26.9862],[88.1174,26.9875],[88.0989,27.004],[88.0921,27.0047],[88.0884,27.0083],[88.0888,27.0158],[88.0831,27.0291],[88.0775,27.0354],[88.0599,27.0296],[88.0456,27.0368],[88.0378,27.0363],[88.0161,27.0737],[88.0209,27.0878],[88.0153,27.0889],[88.0114,27.0972],[88.0026,27.1046],[87.9909,27.1057],[87.9868,27.119],[87.9913,27.1305],[87.9999,27.1347],[88.0008,27.1403],[88.0073,27.1433],[88.0116,27.1663],[88.0191,27.1714],[88.0124,27.1779],[88.016,27.1936],[88.0116,27.2034],[88.0143,27.2129],[88.0267,27.2207],[88.0344,27.221]]]]}},{"type":"Feature","properties":{"district":"Dakshin Dinajpur","slug":"dakshin-dinajpur","lgd":310},"geometry":{"type":"MultiPolygon","coordinates":[[[[88.3977,25.6061],[88.4205,25.603],[88.421,25.598],[88.415,25.5973],[88.4149,25.5925],[88.4242,25.5868],[88.4267,25.5898],[88.4291,25.5862],[88.4359,25.5855],[88.4465,25.5881],[88.449,25.5907],[88.4447,25.5965],[88.4571,25.5989],[88.4595,25.5935],[88.4658,25.5918],[88.4658,25.5869],[88.4695,25.5883],[88.4683,25.5835],[88.4808,25.5856],[88.4814,25.582],[88.4836,25.5865],[88.4927,25.5827],[88.4999,25.5839],[88.4935,25.5589],[88.499,25.5587],[88.5005,25.5507],[88.5078,25.5477],[88.5091,25.5441],[88.514,25.5475],[88.5197,25.5446],[88.5192,25.5381],[88.5235,25.5352],[88.5277,25.5433],[88.5331,25.5421],[88.5328,25.5322],[88.5394,25.5347],[88.5403,25.5326],[88.5411,25.5261],[88.5374,25.521],[88.5404,25.5199],[88.54,25.5083],[88.5464,25.5084],[88.5447,25.5107],[88.5484,25.5138],[88.548,25.5182],[88.5524,25.5208],[88.5552,25.5196],[88.5531,25.5153],[88.5601,25.5125],[88.5683,25.5139],[88.5678,25.5112],[88.5729,25.5088],[88.5855,25.5097],[88.5879,25.5073],[88.5909,25.5094],[88.5955,25.506],[88.6024,25.5157],[88.6091,25.5163],[88.6074,25.5086],[88.613,25.5099],[88.6225,25.497],[88.6408,25.4999],[88.6479,25.4968],[88.6484,25.4931],[88.6427,25.4927],[88.6464,25.4783],[88.66,25.4817],[88.663,25.4736],[88.6885,25.4755],[88.6996,25.4712],[88.7004,25.4759],[88.7075,25.477],[88.7065,25.4798],[88.7104,25.4806],[88.7085,25.5002],[88.7133,25.5],[88.7119,25.4968],[88.7138,25.4956],[88.7147,25.4994],[88.7421,25.505],[88.7439,25.4948],[88.7402,25.4892],[88.7448,25.4879],[88.7491,25.4938],[88.7624,25.4935],[88.7691,25.4989],[88.7709,25.505],[88.7663,25.5039],[88.7595,25.5107],[88.7588,25.5253],[88.7675,25.5252],[88.7684,25.5217],[88.7803,25.5152],[88.7864,25.5164],[88.7852,25.5184],[88.7924,25.5227],[88.8109,25.5229],[88.808,25.5132],[88.8123,25.4913],[88.8139,25.4879],[88.8297,25.4903],[88.8374,25.4728],[88.8352,25.4634],[88.8393,25.4583],[88.8379,25.4533],[88.8286,25.4488],[88.8318,25.4486],[88.8262,25.4445],[88.8269,25.4375],[88.8321,25.4369],[88.8343,25.4317],[88.8343,25.4274],[88.8286,25.4259],[88.83,25.4169],[88.8196,25.4153],[88.8183,25.4181],[88.8123,25.4105],[88.8232,25.4095],[88.8238,25.4014],[88.8372,25.4018],[88.838,25.3973],[88.8409,25.3976],[88.8368,25.3843],[88.8417,25.3816],[88.8385,25.3814],[88.8402,25.3638],[88.854,25.3632],[88.8549,25.3548],[88.8689,25.3522],[88.8665,25.343],[88.8757,25.3373],[88.8838,25.3263],[88.8885,25.3261],[88.8857,25.3339],[88.8885,25.3371],[88.9062,25.3377],[88.9062,25.3277],[88.9155,25.312],[88.924,25.312],[88.9278,25.3172],[88.9295,25.3041],[88.9392,25.3007],[88.9502,25.3036],[88.9576,25.3007],[88.961,25.3059],[88.9714,25.3009],[88.9759,25.3062],[88.9853,25.3059],[88.9828,25.3029],[88.9866,25.3018],[88.9852,25.2988],[88.9961,25.2956],[89.0017,25.2961],[89.0058,25.3029],[89.009,25.303],[89.0076,25.2636],[89.0044,25.2651],[89.0053,25.269],[88.9969,25.2691],[88.9924,25.2737],[88.9866,25.2744],[88.9823,25.2649],[88.9759,25.264],[88.9698,25.2579],[88.9563,25.2551],[88.9511,25.2455],[88.9544,25.2371],[88.9521,25.2297],[88.9578,25.2231],[88.958,25.2144],[88.9618,25.2091],[88.9444,25.2061],[88.938,25.2117],[88.9373,25.2028],[88.9339,25.1998],[88.9379,25.1935],[88.9476,25.1944],[88.9478,25.1874],[88.9436,25.183],[88.9496,25.1812],[88.9488,25.1766],[88.9412,25.1734],[88.9387,25.1792],[88.9326,25.1809],[88.9241,25.1718],[88.9231,25.1649],[88.9124,25.168],[88.911,25.1803],[88.9051,25.1788],[88.8904,25.1847],[88.8893,25.1785],[88.8755,25.1793],[88.8726,25.1901],[88.875,25.1962],[88.8715,25.1913],[88.8644,25.19],[88.8649,25.2006],[88.8516,25.2005],[88.8486,25.2064],[88.8502,25.2101],[88.8463,25.2091],[88.8478,25.2113],[88.8438,25.2138],[88.8412,25.2136],[88.8424,25.2106],[88.8376,25.2109],[88.8368,25.2062],[88.8306,25.2054],[88.8269,25.1918],[88.8179,25.1889],[88.8134,25.1743],[88.8064,25.1734],[88.8059,25.1705],[88.7737,25.1794],[88.7728,25.1892],[88.7694,25.1898],[88.767,25.1831],[88.7586,25.1866],[88.7524,25.1768],[88.7491,25.1769],[88.7509,25.1828],[88.7454,25.1828],[88.7424,25.1865],[88.7346,25.1846],[88.733,25.1988],[88.7175,25.2015],[88.7116,25.2075],[88.6801,25.2089],[88.6786,25.2033],[88.6689,25.1983],[88.6645,25.2027],[88.6427,25.2061],[88.631,25.2017],[88.6209,25.2052],[88.6129,25.2041],[88.6103,25.1981],[88.5979,25.1909],[88.59,25.1926],[88.5912,25.1851],[88.5815,25.1821],[88.5796,25.1768],[88.5656,25.1751],[88.5558,25.179],[88.5598,25.1844],[88.5576,25.1926],[88.5421,25.194],[88.5408,25.189],[88.534,25.1875],[88.5325,25.1938],[88.5378,25.1978],[88.5122,25.2038],[88.5001,25.2034],[88.4986,25.2103],[88.4755,25.2134],[88.4697,25.2001],[88.4718,25.1974],[88.4634,25.195],[88.443,25.1963],[88.4416,25.1999],[88.4383,25.1969],[88.4378,25.2073],[88.4451,25.2147],[88.4432,25.2186],[88.4401,25.2162],[88.4391,25.219],[88.45,25.2217],[88.4484,25.225],[88.4526,25.2279],[88.4488,25.2299],[88.4534,25.2323],[88.4515,25.2358],[88.4591,25.2456],[88.4612,25.2685],[88.464,25.27],[88.4551,25.2671],[88.4535,25.2635],[88.4565,25.2612],[88.4497,25.2628],[88.4391,25.2791],[88.4465,25.2907],[88.4489,25.3014],[88.4489,25.3067],[88.4434,25.3132],[88.4252,25.3159],[88.4189,25.3142],[88.418,25.3116],[88.4293,25.3094],[88.4294,25.3034],[88.4122,25.3],[88.4127,25.2968],[88.3994,25.2934],[88.393,25.303],[88.3802,25.2891],[88.3722,25.2889],[88.3619,25.2911],[88.356,25.3001],[88.3523,25.2971],[88.3302,25.3047],[88.3308,25.2963],[88.3229,25.2968],[88.3179,25.3007],[88.2998,25.2985],[88.3001,25.3069],[88.2948,25.3063],[88.291,25.3122],[88.2875,25.3123],[88.288,25.3156],[88.2744,25.3174],[88.2701,25.3034],[88.2654,25.3009],[88.2674,25.3103],[88.261,25.3104],[88.2526,25.3178],[88.2293,25.3205],[88.2286,25.3239],[88.218,25.3285],[88.2177,25.3331],[88.2073,25.3334],[88.2048,25.33],[88.1845,25.3309],[88.1715,25.325],[88.1692,25.3291],[88.1802,25.3455],[88.1723,25.3574],[88.1712,25.3654],[88.1654,25.3687],[88.1857,25.3694],[88.1881,25.3764],[88.1793,25.3791],[88.1819,25.3839],[88.1748,25.3854],[88.1765,25.3941],[88.1703,25.4006],[88.1715,25.4047],[88.166,25.4074],[88.1709,25.4091],[88.1737,25.4158],[88.1698,25.417],[88.1684,25.428],[88.1978,25.426],[88.2002,25.4304],[88.2097,25.4298],[88.2193,25.4413],[88.2418,25.4393],[88.2461,25.4326],[88.2623,25.4334],[88.2646,25.4402],[88.2606,25.4486],[88.2643,25.4633],[88.2633,25.4687],[88.2539,25.4777],[88.2567,25.4863],[88.269,25.4871],[88.2785,25.4918],[88.2877,25.5018],[88.2913,25.5146],[88.3246,25.5357],[88.3265,25.5405],[88.3203,25.5432],[88.3271,25.5592],[88.3357,25.5531],[88.3362,25.5592],[88.3467,25.5581],[88.3508,25.5665],[88.3604,25.5669],[88.3694,25.5912],[88.3745,25.5902],[88.3781,25.5949],[88.3914,25.5942],[88.3948,25.599],[88.4007,25.6004],[88.3977,25.6061]]]]}},{"type":"Feature","properties":{"district":"Uttar Dinajpur","slug":"uttar-dinajpur","lgd":311},"geometry":{"type":"MultiPolygon","coordinates":[[[[88.3252,26.4959],[88.3354,26.4972],[88.3321,26.4931],[88.3319,26.4818],[88.3351,26.478],[88.3409,26.4782],[88.3405,26.4689],[88.347,26.4683],[88.3546,26.4471],[88.3615,26.455],[88.359,26.4568],[88.3604,26.4645],[88.3657,26.4711],[88.3621,26.4738],[88.3605,26.4846],[88.3712,26.4882],[88.3745,26.4884],[88.3758,26.484],[88.3863,26.4829],[88.3885,26.4783],[88.4049,26.4858],[88.405,26.4806],[88.4198,26.4657],[88.4225,26.466],[88.4228,26.4727],[88.4277,26.473],[88.4305,26.4703],[88.4336,26.4724],[88.4326,26.469],[88.4374,26.4659],[88.4589,26.4666],[88.4852,26.4603],[88.4789,26.4523],[88.4865,26.4506],[88.4866,26.4454],[88.4962,26.4371],[88.4956,26.4332],[88.4897,26.43],[88.4984,26.4252],[88.494,26.4187],[88.5028,26.4175],[88.4956,26.4095],[88.5028,26.403],[88.509,26.4072],[88.5101,26.4016],[88.505,26.3987],[88.5129,26.3876],[88.5192,26.39],[88.5128,26.3778],[88.5172,26.3706],[88.5248,26.3748],[88.5222,26.367],[88.5154,26.3653],[88.5232,26.3605],[88.5178,26.3566],[88.5185,26.3516],[88.51,26.3528],[88.505,26.3486],[88.5078,26.3622],[88.4969,26.359],[88.4884,26.3603],[88.4919,26.3514],[88.4824,26.3497],[88.4774,26.3577],[88.4632,26.3574],[88.4586,26.3621],[88.4574,26.3665],[88.4602,26.3689],[88.4577,26.3767],[88.451,26.3661],[88.4461,26.3644],[88.4355,26.3358],[88.413,26.3374],[88.4041,26.3294],[88.4079,26.3277],[88.407,26.3236],[88.4156,26.3243],[88.4149,26.3148],[88.3984,26.317],[88.3847,26.3133],[88.3843,26.3093],[88.3795,26.3096],[88.3784,26.3054],[88.3734,26.3063],[88.3746,26.3042],[88.3731,26.3028],[88.3713,26.3058],[88.3685,26.2996],[88.3631,26.2981],[88.3639,26.2942],[88.359,26.2881],[88.3497,26.2822],[88.3519,26.2758],[88.3481,26.2688],[88.352,26.2672],[88.3486,26.2503],[88.3538,26.248],[88.3501,26.2482],[88.3512,26.2457],[88.3597,26.2424],[88.3544,26.2383],[88.3561,26.2327],[88.3512,26.2305],[88.3533,26.2266],[88.3499,26.2265],[88.3505,26.2204],[88.3312,26.217],[88.3313,26.2129],[88.3231,26.2102],[88.3257,26.206],[88.3198,26.2029],[88.3085,26.2044],[88.3046,26.1991],[88.3013,26.202],[88.2988,26.1973],[88.2964,26.2],[88.2922,26.1984],[88.2924,26.2022],[88.2876,26.1974],[88.2858,26.2002],[88.2763,26.1886],[88.2693,26.1865],[88.2637,26.1901],[88.2594,26.1865],[88.2535,26.1884],[88.2534,26.1851],[88.2495,26.1899],[88.2452,26.1896],[88.2452,26.187],[88.2418,26.1891],[88.2365,26.1827],[88.2335,26.1845],[88.2373,26.1773],[88.2299,26.1718],[88.2262,26.173],[88.2269,26.1684],[88.2183,26.1663],[88.2171,26.1703],[88.2144,26.17],[88.2117,26.1674],[88.2162,26.1633],[88.2057,26.1592],[88.1968,26.1635],[88.1915,26.157],[88.1959,26.1547],[88.1951,26.1522],[88.1904,26.1553],[88.1773,26.1481],[88.1767,26.1425],[88.18,26.1392],[88.1739,26.1283],[88.1784,26.1236],[88.1734,26.119],[88.172,26.1103],[88.1633,26.1073],[88.1634,26.1004],[88.1585,26.0953],[88.1613,26.0887],[88.1656,26.0881],[88.1584,26.0798],[88.1627,26.0769],[88.1686,26.0836],[88.1736,26.0756],[88.1833,26.0729],[88.1815,26.0675],[88.1857,26.0637],[88.1761,26.0581],[88.1793,26.0465],[88.1736,26.0499],[88.1695,26.0452],[88.1754,26.0397],[88.1712,26.0365],[88.1718,26.0328],[88.1809,26.0306],[88.1832,26.0268],[88.1783,26.0214],[88.1669,26.0217],[88.1609,26.0181],[88.155,26.02],[88.1472,26.0136],[88.1398,26.013],[88.1441,26.0076],[88.1437,26.0004],[88.1402,25.997],[88.1357,26.0006],[88.1297,25.9969],[88.1319,25.9898],[88.1265,25.9809],[88.129,25.9803],[88.1279,25.9766],[88.1193,25.9716],[88.1243,25.9661],[88.1152,25.9628],[88.114,25.9583],[88.1224,25.9484],[88.1179,25.9438],[88.1126,25.9435],[88.1115,25.9333],[88.1015,25.9349],[88.0948,25.9314],[88.0859,25.9152],[88.0915,25.9143],[88.0944,25.9085],[88.0904,25.9037],[88.0938,25.899],[88.0903,25.8965],[88.0992,25.894],[88.103,25.8892],[88.0942,25.8734],[88.102,25.8716],[88.1025,25.8618],[88.1065,25.8687],[88.1107,25.8679],[88.1098,25.8604],[88.1139,25.8544],[88.1088,25.8465],[88.1014,25.8442],[88.1084,25.8383],[88.1017,25.8288],[88.1074,25.8221],[88.1116,25.8217],[88.1072,25.815],[88.1201,25.8124],[88.1145,25.7979],[88.1345,25.7976],[88.1437,25.7937],[88.1417,25.7801],[88.1482,25.7814],[88.1471,25.7763],[88.1515,25.7756],[88.1591,25.7823],[88.1596,25.7876],[88.1647,25.7894],[88.1731,25.7866],[88.1761,25.7938],[88.1803,25.7933],[88.1838,25.8017],[88.1935,25.8015],[88.1995,25.79],[88.2095,25.7868],[88.2127,25.7916],[88.211,25.7962],[88.2154,25.7976],[88.2157,25.8014],[88.2228,25.7969],[88.2265,25.7995],[88.231,25.7967],[88.2307,25.8005],[88.2335,25.8004],[88.2302,25.8026],[88.2361,25.8094],[88.2446,25.8093],[88.2469,25.806],[88.2486,25.8134],[88.2587,25.8112],[88.2597,25.8138],[88.2709,25.8051],[88.2719,25.7906],[88.2666,25.7826],[88.2782,25.7744],[88.2908,25.7738],[88.2891,25.7678],[88.3172,25.7525],[88.3151,25.7465],[88.3208,25.7452],[88.3183,25.7427],[88.3208,25.7378],[88.3281,25.7401],[88.3376,25.7376],[88.344,25.7296],[88.3588,25.7281],[88.3568,25.7213],[88.3708,25.7158],[88.3743,25.7171],[88.3732,25.7097],[88.3699,25.71],[88.3716,25.6969],[88.3816,25.6974],[88.3915,25.6935],[88.3902,25.684],[88.4052,25.6842],[88.402,25.6725],[88.4184,25.6678],[88.4244,25.6704],[88.4536,25.665],[88.4558,25.6286],[88.4487,25.6239],[88.445,25.6151],[88.4492,25.6045],[88.4447,25.5991],[88.449,25.5907],[88.4465,25.5881],[88.4359,25.5855],[88.4291,25.5862],[88.4267,25.5898],[88.4242,25.5868],[88.4149,25.5925],[88.415,25.5973],[88.421,25.598],[88.4205,25.603],[88.3983,25.6063],[88.4007,25.6004],[88.3948,25.599],[88.3914,25.5942],[88.3781,25.5949],[88.3745,25.5902],[88.3694,25.5912],[88.3598,25.5663],[88.3508,25.5665],[88.3462,25.5579],[88.3362,25.5592],[88.3357,25.5531],[88.3271,25.5592],[88.3203,25.5432],[88.3265,25.5405],[88.3246,25.5357],[88.2913,25.5146],[88.2877,25.5018],[88.2785,25.4918],[88.2562,25.4855],[88.2539,25.4777],[88.2633,25.4687],[88.2643,25.4633],[88.2606,25.4486],[88.2646,25.4402],[88.2623,25.4334],[88.2461,25.4326],[88.2418,25.4393],[88.2193,25.4413],[88.2097,25.4298],[88.2002,25.4304],[88.1978,25.426],[88.1684,25.428],[88.1698,25.417],[88.1737,25.4158],[88.1709,25.4091],[88.166,25.4074],[88.1715,25.4047],[88.1703,25.4006],[88.1765,25.3941],[88.1748,25.3854],[88.1819,25.3839],[88.1793,25.3791],[88.1881,25.3764],[88.1857,25.3694],[88.1654,25.3687],[88.1712,25.3654],[88.1723,25.3574],[88.1802,25.3455],[88.1698,25.327],[88.1733,25.3243],[88.1845,25.3309],[88.2048,25.33],[88.2073,25.3334],[88.2186,25.3329],[88.218,25.3285],[88.2286,25.3239],[88.2293,25.3205],[88.2526,25.3178],[88.261,25.3104],[88.2674,25.3103],[88.2642,25.3022],[88.2704,25.3019],[88.2531,25.2937],[88.2352,25.295],[88.2384,25.3043],[88.2152,25.3133],[88.193,25.2899],[88.1899,25.2798],[88.1794,25.2944],[88.1612,25.3041],[88.1562,25.2982],[88.1446,25.2964],[88.1395,25.2769],[88.1497,25.2738],[88.1491,25.2694],[88.1434,25.2646],[88.1417,25.2569],[88.1331,25.2551],[88.1265,25.2489],[88.1264,25.2447],[88.1266,25.2538],[88.1225,25.2574],[88.1251,25.2657],[88.1207,25.268],[88.1213,25.2715],[88.0996,25.2751],[88.104,25.2767],[88.1091,25.2856],[88.1018,25.2883],[88.107,25.2934],[88.1252,25.2928],[88.1263,25.2975],[88.1236,25.3081],[88.1142,25.3129],[88.1086,25.3199],[88.1081,25.326],[88.12,25.3416],[88.1149,25.3484],[88.1219,25.3529],[88.1219,25.3665],[88.1174,25.3649],[88.118,25.371],[88.099,25.3814],[88.0987,25.3889],[88.1068,25.3904],[88.1089,25.395],[88.1058,25.401],[88.1145,25.4079],[88.1092,25.4078],[88.1063,25.4032],[88.1022,25.4046],[88.1007,25.4103],[88.11,25.4171],[88.0976,25.4175],[88.0939,25.4209],[88.096,25.4276],[88.105,25.433],[88.1119,25.4332],[88.1128,25.436],[88.1006,25.4319],[88.0972,25.4355],[88.0971,25.4428],[88.0855,25.4478],[88.0801,25.4541],[88.0791,25.4697],[88.0743,25.4776],[88.0714,25.4959],[88.0717,25.5062],[88.0765,25.5081],[88.0665,25.5104],[88.0711,25.5174],[88.0596,25.5284],[88.0578,25.534],[88.0474,25.5395],[88.0373,25.5383],[88.0337,25.5472],[88.0383,25.553],[88.027,25.5561],[88.0258,25.5589],[88.0305,25.5657],[88.0342,25.5639],[88.0385,25.5694],[88.0255,25.5721],[88.024,25.5762],[88.0277,25.5767],[88.0288,25.5811],[88.0264,25.5786],[88.0254,25.5862],[88.0203,25.5911],[88.0297,25.5926],[88.031,25.6001],[88.0252,25.5983],[88.0242,25.602],[88.0398,25.6011],[88.04,25.6033],[88.0301,25.6053],[88.0371,25.6092],[88.0432,25.6086],[88.0351,25.6239],[88.0407,25.6321],[88.0447,25.6341],[88.0478,25.6315],[88.055,25.6368],[88.054,25.6392],[88.0463,25.6348],[88.0411,25.6426],[88.0368,25.6416],[88.0378,25.6473],[88.0436,25.6431],[88.0482,25.6462],[88.0456,25.656],[88.0501,25.6608],[88.0466,25.6627],[88.0459,25.679],[88.0525,25.685],[88.0515,25.6912],[88.0428,25.702],[88.0376,25.697],[88.035,25.7021],[88.0305,25.703],[88.0306,25.6944],[88.0197,25.6963],[88.0211,25.7097],[88.0121,25.7103],[87.9896,25.7262],[87.9831,25.72],[87.9657,25.7256],[87.9663,25.7328],[87.9614,25.7387],[87.9522,25.7462],[87.9463,25.7462],[87.947,25.7516],[87.9436,25.7509],[87.9476,25.7576],[87.9424,25.7597],[87.9422,25.7694],[87.938,25.7739],[87.9326,25.773],[87.9336,25.7694],[87.9239,25.7764],[87.9071,25.7735],[87.9077,25.7697],[87.9042,25.7711],[87.9032,25.7815],[87.9069,25.7809],[87.9038,25.802],[87.9016,25.8023],[87.908,25.8034],[87.9056,25.8076],[87.8995,25.8075],[87.9038,25.814],[87.9075,25.812],[87.908,25.8157],[87.9143,25.8113],[87.9159,25.8164],[87.8991,25.8246],[87.8978,25.8271],[87.9025,25.8305],[87.8972,25.8316],[87.8936,25.8275],[87.888,25.8307],[87.8961,25.8371],[87.9029,25.8339],[87.8967,25.8379],[87.9042,25.8365],[87.9021,25.8421],[87.9059,25.8397],[87.9085,25.8411],[87.9036,25.8429],[87.9147,25.8539],[87.9083,25.8541],[87.9061,25.8578],[87.9019,25.8579],[87.9026,25.8617],[87.8921,25.8657],[87.8827,25.8594],[87.8756,25.8606],[87.8744,25.8682],[87.8587,25.8648],[87.8502,25.8696],[87.8298,25.8706],[87.8275,25.8747],[87.8293,25.8777],[87.8223,25.8819],[87.8218,25.8875],[87.8268,25.8941],[87.8196,25.9003],[87.8226,25.9121],[87.8152,25.9149],[87.8155,25.9102],[87.808,25.9122],[87.8076,25.9161],[87.813,25.9176],[87.8088,25.9207],[87.8074,25.9299],[87.8196,25.9339],[87.8331,25.9279],[87.8384,25.9315],[87.8347,25.9317],[87.8393,25.9381],[87.8337,25.9458],[87.8383,25.952],[87.8367,25.9601],[87.8466,25.9633],[87.8451,25.9941],[87.8494,25.9954],[87.8542,26.0101],[87.8504,26.0142],[87.8565,26.0216],[87.8559,26.036],[87.8643,26.0365],[87.8783,26.0495],[87.883,26.0468],[87.8892,26.0486],[87.8924,26.0612],[87.9012,26.0629],[87.907,26.0723],[87.9101,26.0714],[87.9167,26.0768],[87.9205,26.0757],[87.928,26.0831],[87.9318,26.0803],[87.9306,26.0703],[87.9364,26.0686],[87.9349,26.0637],[87.9455,26.0608],[87.9501,26.0606],[87.9503,26.0656],[87.9545,26.0657],[87.9548,26.069],[87.9486,26.0696],[87.9529,26.0765],[87.9655,26.074],[87.9728,26.0774],[87.9822,26.0738],[87.9856,26.0777],[87.982,26.0837],[87.9707,26.0887],[87.9715,26.0929],[87.9636,26.0946],[87.9775,26.1027],[87.9868,26.1014],[87.9833,26.1043],[87.9877,26.1098],[87.9838,26.1157],[87.9693,26.1176],[87.9794,26.1223],[87.9762,26.1253],[87.9814,26.1261],[87.9785,26.1301],[87.9792,26.138],[87.9725,26.14],[87.9749,26.1434],[87.9859,26.1427],[87.985,26.1456],[87.9921,26.151],[87.9999,26.1384],[88.0142,26.1493],[88.0078,26.158],[88.01,26.1615],[88.0143,26.1586],[88.0197,26.1598],[88.0372,26.1787],[88.0591,26.1705],[88.065,26.177],[88.0718,26.1742],[88.078,26.1798],[88.0765,26.1855],[88.0894,26.191],[88.0913,26.2021],[88.0978,26.2036],[88.1036,26.2078],[88.1054,26.2144],[88.1166,26.2192],[88.1144,26.2237],[88.1257,26.2278],[88.1299,26.225],[88.1398,26.2272],[88.1418,26.2316],[88.1366,26.2325],[88.1367,26.2412],[88.1411,26.2434],[88.1444,26.2522],[88.1543,26.2545],[88.1554,26.2581],[88.1632,26.2534],[88.1682,26.2581],[88.1742,26.2558],[88.1832,26.2737],[88.1973,26.2719],[88.2016,26.2809],[88.2106,26.2778],[88.2134,26.284],[88.2269,26.2909],[88.2294,26.3104],[88.2362,26.3036],[88.2399,26.3116],[88.2455,26.3145],[88.2442,26.322],[88.2469,26.3277],[88.2544,26.327],[88.2578,26.3355],[88.2709,26.3375],[88.2665,26.3323],[88.2698,26.3279],[88.2799,26.332],[88.2789,26.3494],[88.286,26.3524],[88.2917,26.3493],[88.2938,26.3517],[88.289,26.354],[88.2902,26.36],[88.2827,26.3576],[88.2798,26.3597],[88.2744,26.3762],[88.2765,26.3793],[88.2719,26.3778],[88.2681,26.3815],[88.2615,26.3776],[88.2576,26.3813],[88.2536,26.3766],[88.2405,26.3752],[88.233,26.3785],[88.2332,26.3863],[88.227,26.3895],[88.2381,26.3987],[88.2392,26.4034],[88.2475,26.4075],[88.2524,26.4161],[88.2645,26.4154],[88.2695,26.4201],[88.263,26.4228],[88.2634,26.4288],[88.2509,26.4331],[88.2429,26.4487],[88.2438,26.4538],[88.239,26.4522],[88.2487,26.4675],[88.2571,26.4686],[88.2627,26.4881],[88.2749,26.4859],[88.2767,26.4911],[88.2825,26.4856],[88.2945,26.4914],[88.3036,26.4877],[88.3126,26.4994],[88.3252,26.4959]]]]}},{"type":"Feature","properties":{"district":"Hooghly","slug":"hooghly","lgd":312},"geometry":{"type":"MultiPolygon","coordinates":[[[[88.4727,23.2118],[88.4508,23.1517],[88.4507,23.1332],[88.4583,23.1296],[88.5021,23.1281],[88.507,23.1205],[88.5073,23.1115],[88.4991,23.0769],[88.4919,23.0732],[88.4752,23.0811],[88.4678,23.0798],[88.4587,23.0641],[88.4542,23.0388],[88.4476,23.0261],[88.4392,23.0195],[88.4225,23.0179],[88.4059,22.9894],[88.404,22.9775],[88.4125,22.9433],[88.4087,22.9283],[88.4013,22.9163],[88.4079,22.8962],[88.4075,22.8833],[88.3999,22.8736],[88.3849,22.8681],[88.383,22.8698],[88.3717,22.8608],[88.3694,22.8504],[88.377,22.8363],[88.3763,22.8325],[88.3573,22.825],[88.3537,22.7985],[88.332,22.7812],[88.3349,22.7705],[88.3564,22.7539],[88.3622,22.7451],[88.3589,22.7127],[88.3635,22.6856],[88.3518,22.6553],[88.3248,22.6644],[88.3192,22.6706],[88.3157,22.6654],[88.3103,22.6664],[88.3077,22.6615],[88.2821,22.6652],[88.2795,22.6639],[88.2813,22.658],[88.2772,22.6584],[88.272,22.6625],[88.2667,22.6605],[88.2616,22.6626],[88.2602,22.6698],[88.2494,22.6689],[88.2411,22.6719],[88.2431,22.6783],[88.239,22.6784],[88.2369,22.6746],[88.2325,22.676],[88.2335,22.6723],[88.2229,22.6724],[88.2245,22.6692],[88.202,22.6696],[88.1969,22.6632],[88.1961,22.6671],[88.1822,22.6711],[88.1764,22.6612],[88.1818,22.6573],[88.1799,22.6523],[88.1752,22.6538],[88.1751,22.6635],[88.1716,22.6677],[88.1701,22.6761],[88.1763,22.6822],[88.1729,22.6893],[88.1698,22.6821],[88.1592,22.6831],[88.1568,22.6892],[88.1497,22.6868],[88.1481,22.675],[88.1425,22.6835],[88.1397,22.6807],[88.1355,22.6822],[88.135,22.6778],[88.1317,22.6853],[88.1224,22.6858],[88.1218,22.6963],[88.1126,22.7022],[88.1111,22.7005],[88.1135,22.707],[88.1106,22.7074],[88.1042,22.7035],[88.0992,22.7046],[88.1054,22.701],[88.1018,22.6931],[88.092,22.6895],[88.0853,22.6907],[88.0808,22.6861],[88.0783,22.6891],[88.075,22.6857],[88.0655,22.6855],[88.0651,22.6897],[88.0689,22.6905],[88.0725,22.6972],[88.0653,22.7025],[88.0641,22.7129],[88.0602,22.7115],[88.0636,22.7034],[88.0592,22.7021],[88.0613,22.6976],[88.0526,22.6965],[88.0471,22.6879],[88.0477,22.6796],[88.0422,22.6849],[88.0302,22.6855],[88.0263,22.6901],[88.0108,22.6855],[88.0064,22.6901],[88.0065,22.6951],[87.9925,22.7031],[87.9964,22.7138],[87.9868,22.7317],[87.9983,22.7444],[87.9896,22.7778],[87.9851,22.7814],[87.9815,22.7797],[87.981,22.7822],[87.9783,22.7791],[87.9736,22.781],[87.9732,22.7768],[87.9656,22.7715],[87.9621,22.7744],[87.95,22.7712],[87.9466,22.7438],[87.9489,22.7393],[87.9444,22.7316],[87.9444,22.7178],[87.9389,22.6974],[87.9295,22.6968],[87.9265,22.689],[87.9214,22.6881],[87.9291,22.6696],[87.9282,22.6501],[87.9391,22.6307],[87.9211,22.6344],[87.9189,22.6301],[87.9215,22.6277],[87.9021,22.6298],[87.8985,22.6248],[87.9004,22.6161],[87.8955,22.6151],[87.8914,22.6088],[87.8837,22.6088],[87.878,22.6032],[87.8647,22.6076],[87.8596,22.6055],[87.8522,22.5952],[87.8446,22.6026],[87.8259,22.6073],[87.8246,22.6161],[87.8144,22.615],[87.8144,22.634],[87.8033,22.6339],[87.7983,22.6523],[87.7912,22.6539],[87.7782,22.6703],[87.7723,22.684],[87.7646,22.6881],[87.7645,22.6975],[87.7598,22.6988],[87.7656,22.7082],[87.7608,22.7239],[87.7567,22.7246],[87.7475,22.7366],[87.7409,22.737],[87.7448,22.7424],[87.7407,22.7516],[87.7446,22.7595],[87.7445,22.7688],[87.739,22.7726],[87.7396,22.7784],[87.7335,22.7749],[87.7254,22.7752],[87.7266,22.7871],[87.7182,22.7886],[87.7054,22.7864],[87.7019,22.779],[87.6939,22.7812],[87.6859,22.776],[87.677,22.7827],[87.6855,22.7968],[87.6831,22.8022],[87.6795,22.8002],[87.6756,22.8065],[87.6665,22.8045],[87.6653,22.8069],[87.6499,22.8017],[87.6479,22.8053],[87.6426,22.8039],[87.638,22.8095],[87.6291,22.8128],[87.6294,22.8212],[87.6239,22.8282],[87.6244,22.8367],[87.6206,22.8403],[87.6217,22.8459],[87.6161,22.8462],[87.6108,22.8508],[87.6022,22.8479],[87.5979,22.8429],[87.5888,22.8414],[87.5861,22.8454],[87.5802,22.8446],[87.5783,22.8482],[87.5699,22.8505],[87.567,22.8565],[87.5591,22.8599],[87.5557,22.8674],[87.5423,22.8634],[87.5433,22.8654],[87.534,22.8671],[87.526,22.8644],[87.5161,22.8666],[87.5199,22.8721],[87.5274,22.8715],[87.533,22.8807],[87.5228,22.8894],[87.5273,22.8975],[87.5106,22.8972],[87.511,22.9024],[87.5053,22.9052],[87.5069,22.9152],[87.5042,22.918],[87.522,22.9172],[87.5227,22.9308],[87.5314,22.9306],[87.538,22.9233],[87.552,22.9186],[87.5653,22.9186],[87.5652,22.9161],[87.5721,22.9133],[87.5707,22.9095],[87.5802,22.9089],[87.5864,22.894],[87.5994,22.898],[87.6021,22.8904],[87.6105,22.891],[87.6114,22.8888],[87.6314,22.8992],[87.6268,22.9032],[87.6197,22.9028],[87.6199,22.9118],[87.6327,22.9196],[87.6403,22.9185],[87.6524,22.9498],[87.6492,22.9502],[87.6487,22.9663],[87.6406,22.9668],[87.6421,22.9747],[87.6396,22.9748],[87.6427,22.9786],[87.6381,22.9811],[87.6423,22.9874],[87.6479,22.9892],[87.668,22.9866],[87.6757,22.9931],[87.6949,22.9943],[87.6973,23.0],[87.6961,23.0137],[87.6995,23.0179],[87.6864,23.0199],[87.6873,23.0252],[87.7028,23.0271],[87.7089,23.0133],[87.7238,23.0028],[87.7388,22.9853],[87.7409,22.9687],[87.7481,22.9617],[87.7654,22.9611],[87.7757,22.9666],[87.7745,22.9616],[87.7778,22.9606],[87.7795,22.9536],[87.7792,22.9496],[87.7751,22.9472],[87.7792,22.9478],[87.7823,22.9427],[87.777,22.9344],[87.7865,22.9349],[87.7915,22.9417],[87.8006,22.9377],[87.8043,22.951],[87.807,22.9512],[87.8087,22.9454],[87.8161,22.9449],[87.8169,22.9524],[87.8216,22.95],[87.8185,22.953],[87.8198,22.9563],[87.8319,22.9456],[87.8361,22.9362],[87.843,22.9347],[87.8436,22.9393],[87.8569,22.942],[87.8604,22.9372],[87.8602,22.9421],[87.8636,22.9388],[87.8654,22.9413],[87.8747,22.9407],[87.8753,22.9568],[87.8867,22.961],[87.8945,22.9525],[87.892,22.9495],[87.8945,22.9465],[87.8903,22.9465],[87.8905,22.933],[87.8942,22.9322],[87.8934,22.9365],[87.9109,22.9411],[87.9136,22.9449],[87.9307,22.9459],[87.9347,22.9417],[87.9414,22.9409],[87.9498,22.9569],[87.9617,22.9518],[87.9651,22.9618],[87.9691,22.9644],[87.9784,22.963],[87.9795,22.9664],[87.9869,22.9634],[87.988,22.9587],[87.9961,22.9566],[88.0102,22.9638],[88.0047,22.9689],[88.0068,22.9816],[88.0212,22.9766],[88.0208,22.9877],[88.0256,22.9872],[88.0284,22.9801],[88.0331,22.9793],[88.0363,22.9879],[88.0425,22.9848],[88.0425,22.9894],[88.0496,22.99],[88.0476,23.0017],[88.0366,23.0129],[88.0479,23.0227],[88.0464,23.0299],[88.0516,23.047],[88.0538,23.0433],[88.0597,23.0443],[88.0644,23.0495],[88.0671,23.0454],[88.0688,23.0486],[88.0887,23.0433],[88.094,23.0492],[88.0978,23.0473],[88.0999,23.0553],[88.1164,23.0529],[88.1218,23.0639],[88.1324,23.07],[88.1335,23.077],[88.1423,23.0745],[88.1468,23.0774],[88.1523,23.0893],[88.1517,23.0948],[88.1571,23.0965],[88.1633,23.1264],[88.154,23.1248],[88.1537,23.1333],[88.162,23.1428],[88.1646,23.1419],[88.1692,23.1569],[88.1785,23.1552],[88.1868,23.1611],[88.1946,23.1581],[88.2038,23.1606],[88.2101,23.1571],[88.2152,23.1593],[88.2211,23.1525],[88.2225,23.1573],[88.2341,23.1595],[88.2312,23.1552],[88.2399,23.1572],[88.2441,23.1463],[88.2486,23.152],[88.2483,23.1494],[88.2542,23.148],[88.2538,23.1393],[88.2641,23.131],[88.2872,23.1285],[88.2967,23.1308],[88.2984,23.1266],[88.3095,23.1286],[88.317,23.1262],[88.3211,23.1332],[88.3301,23.1286],[88.3429,23.1316],[88.3468,23.1224],[88.3448,23.1187],[88.3489,23.1159],[88.3542,23.1193],[88.3607,23.118],[88.3611,23.1362],[88.3664,23.1399],[88.3629,23.1428],[88.3646,23.1508],[88.3615,23.1529],[88.3753,23.1632],[88.368,23.1676],[88.3676,23.1775],[88.3748,23.1765],[88.3819,23.1807],[88.384,23.1954],[88.3816,23.1964],[88.3893,23.1941],[88.397,23.1886],[88.4026,23.1894],[88.415,23.2115],[88.4481,23.2239],[88.4613,23.2244],[88.468,23.2211],[88.4727,23.2118]]]]}},{"type":"Feature","properties":{"district":"Howrah","slug":"howrah","lgd":313},"geometry":{"type":"MultiPolygon","coordinates":[[[[87.9831,22.7793],[87.9851,22.7814],[87.9898,22.7774],[87.9983,22.7444],[87.9868,22.7317],[87.9964,22.7138],[87.9923,22.7038],[88.0065,22.6951],[88.01,22.6859],[88.0214,22.6867],[88.0263,22.6901],[88.0302,22.6855],[88.0422,22.6849],[88.0477,22.6796],[88.0471,22.6879],[88.0526,22.6965],[88.0613,22.6976],[88.0592,22.7021],[88.0636,22.7034],[88.0602,22.7115],[88.0641,22.7129],[88.0653,22.7025],[88.0725,22.6972],[88.0689,22.6905],[88.0651,22.6897],[88.0655,22.6855],[88.075,22.6857],[88.0783,22.6891],[88.0808,22.6861],[88.0853,22.6907],[88.092,22.6895],[88.1018,22.6931],[88.1054,22.701],[88.0992,22.7046],[88.1042,22.7035],[88.1106,22.7074],[88.1135,22.707],[88.1111,22.7005],[88.1126,22.7022],[88.1218,22.6963],[88.1224,22.6858],[88.1317,22.6853],[88.135,22.6778],[88.1355,22.6822],[88.1397,22.6807],[88.1425,22.6835],[88.1481,22.675],[88.1497,22.6868],[88.1568,22.6892],[88.1592,22.6831],[88.1698,22.6821],[88.1729,22.6893],[88.1763,22.6822],[88.1701,22.6761],[88.1716,22.6677],[88.1751,22.6635],[88.1752,22.6538],[88.1799,22.6523],[88.1818,22.6573],[88.1764,22.6612],[88.1822,22.6711],[88.1961,22.6671],[88.1969,22.6632],[88.202,22.6696],[88.2245,22.6692],[88.2229,22.6724],[88.2327,22.6721],[88.2325,22.676],[88.2369,22.6746],[88.2374,22.678],[88.2431,22.6783],[88.2411,22.6719],[88.2494,22.6689],[88.2602,22.6698],[88.2616,22.6626],[88.2667,22.6605],[88.272,22.6625],[88.2813,22.658],[88.2795,22.6639],[88.2821,22.6652],[88.3077,22.6615],[88.3103,22.6664],[88.3157,22.6654],[88.3192,22.6706],[88.3248,22.6644],[88.3423,22.6602],[88.3462,22.6552],[88.3526,22.6556],[88.3524,22.6499],[88.3658,22.6184],[88.3655,22.609],[88.3592,22.6125],[88.3569,22.6095],[88.3429,22.5788],[88.3198,22.551],[88.306,22.5501],[88.2519,22.5621],[88.2403,22.5608],[88.2337,22.5515],[88.2349,22.5419],[88.242,22.5323],[88.2376,22.5217],[88.2036,22.5139],[88.1686,22.4818],[88.1298,22.475],[88.1212,22.4692],[88.1182,22.464],[88.1193,22.455],[88.1413,22.4219],[88.142,22.4105],[88.1323,22.3987],[88.1005,22.3784],[88.0898,22.3616],[88.0971,22.3481],[88.0977,22.3124],[88.0835,22.2694],[88.0832,22.2569],[88.0879,22.256],[88.0887,22.25],[88.0831,22.2564],[88.083,22.2364],[88.0606,22.2058],[88.053,22.2115],[88.0222,22.2178],[88.0065,22.2334],[88.0069,22.2391],[87.9955,22.245],[87.9947,22.2501],[87.979,22.2603],[87.9559,22.2697],[87.9489,22.3051],[87.9527,22.314],[87.9558,22.3565],[87.9538,22.3657],[87.9436,22.3822],[87.939,22.4051],[87.9333,22.4158],[87.9236,22.4228],[87.8926,22.4322],[87.8779,22.4415],[87.8751,22.4545],[87.8932,22.4801],[87.8796,22.4978],[87.8804,22.5034],[87.8911,22.5148],[87.8903,22.5207],[87.8823,22.5278],[87.8647,22.5319],[87.8615,22.54],[87.8433,22.5582],[87.8468,22.5639],[87.849,22.5821],[87.8558,22.5865],[87.8522,22.5952],[87.8596,22.6055],[87.8659,22.6075],[87.878,22.6032],[87.8837,22.6088],[87.8914,22.6088],[87.8955,22.6151],[87.9004,22.6161],[87.8985,22.6248],[87.9024,22.6299],[87.9215,22.6277],[87.9189,22.6301],[87.9211,22.6344],[87.9391,22.6307],[87.9282,22.6501],[87.9291,22.6696],[87.9214,22.6881],[87.9265,22.689],[87.9295,22.6968],[87.9389,22.6974],[87.9444,22.7178],[87.9444,22.7316],[87.9489,22.7393],[87.9466,22.7438],[87.95,22.7712],[87.9621,22.7744],[87.9656,22.7715],[87.9732,22.7768],[87.9736,22.781],[87.9783,22.7791],[87.9811,22.7822],[87.9831,22.7793]]]]}},{"type":"Feature","properties":{"district":"Jalpaiguri","slug":"jalpaiguri","lgd":314},"geometry":{"type":"MultiPolygon","coordinates":[[[[88.9546,26.9539],[88.9473,26.9413],[88.9491,26.9379],[88.9439,26.9341],[88.9803,26.9172],[89.0215,26.9406],[89.03,26.9231],[89.0408,26.923],[89.0509,26.916],[89.0489,26.8991],[89.0694,26.9037],[89.0957,26.8917],[89.0927,26.8724],[89.1062,26.8604],[89.0979,26.8334],[89.0921,26.8307],[89.0927,26.8194],[89.0999,26.8178],[89.0986,26.8098],[89.0918,26.7993],[89.0906,26.786],[89.0809,26.7758],[89.0744,26.7604],[89.0816,26.7482],[89.0753,26.7413],[89.0821,26.7291],[89.0757,26.7304],[89.0705,26.7172],[89.067,26.6913],[89.0639,26.6892],[89.0654,26.6853],[89.0619,26.6816],[89.0642,26.6714],[89.0479,26.6481],[89.045,26.6365],[89.0501,26.6258],[89.0476,26.6236],[89.0522,26.6244],[89.0536,26.6213],[89.0497,26.6194],[89.0536,26.6119],[89.05,26.6095],[89.0604,26.6117],[89.0671,26.5972],[89.0746,26.5959],[89.0726,26.593],[89.0787,26.5975],[89.0808,26.5925],[89.0855,26.5965],[89.088,26.5917],[89.0916,26.5966],[89.094,26.5919],[89.1051,26.5921],[89.1031,26.5852],[89.1094,26.5911],[89.1053,26.5766],[89.1016,26.5754],[89.104,26.5684],[89.0988,26.5662],[89.1018,26.5618],[89.1072,26.5643],[89.1111,26.5606],[89.1042,26.5564],[89.1131,26.5478],[89.1144,26.5421],[89.1095,26.5411],[89.1092,26.5372],[89.1153,26.5344],[89.1182,26.5404],[89.1188,26.5334],[89.1239,26.5289],[89.1214,26.5241],[89.1263,26.5213],[89.1087,26.5201],[89.1027,26.5229],[89.0947,26.5207],[89.092,26.5266],[89.0848,26.5259],[89.0852,26.5308],[89.0793,26.5316],[89.0797,26.5349],[89.0624,26.5376],[89.0614,26.5342],[89.0488,26.534],[89.052,26.5304],[89.0505,26.5273],[89.0351,26.5169],[89.0014,26.5323],[88.9856,26.5354],[88.9692,26.5465],[88.9676,26.5387],[88.9706,26.5313],[88.9672,26.5248],[88.9622,26.5249],[88.9527,26.5059],[88.94,26.5043],[88.9434,26.4973],[88.9397,26.4853],[88.9464,26.4754],[88.9404,26.4724],[88.937,26.4655],[88.9276,26.4657],[88.9263,26.4707],[88.9142,26.4712],[88.9079,26.477],[88.904,26.4757],[88.9057,26.4714],[88.8993,26.4706],[88.9033,26.4657],[88.9102,26.4694],[88.9127,26.4617],[88.9171,26.4599],[88.9139,26.4598],[88.9144,26.4526],[88.9084,26.4521],[88.9028,26.4405],[88.8873,26.4382],[88.8897,26.4328],[88.8872,26.4264],[88.8837,26.4256],[88.8849,26.4165],[88.8797,26.4045],[88.8698,26.3994],[88.8653,26.3923],[88.855,26.394],[88.8505,26.3851],[88.8395,26.3868],[88.8335,26.3801],[88.8199,26.3774],[88.8074,26.3793],[88.8005,26.3755],[88.7915,26.3843],[88.7895,26.3925],[88.7861,26.3929],[88.784,26.3979],[88.7751,26.3987],[88.7574,26.3761],[88.7562,26.3684],[88.748,26.3552],[88.7547,26.343],[88.7542,26.3378],[88.7613,26.3329],[88.7566,26.3213],[88.7602,26.3031],[88.7586,26.2948],[88.7475,26.2955],[88.7473,26.301],[88.7379,26.2924],[88.7272,26.293],[88.7171,26.2811],[88.7096,26.2866],[88.6997,26.2842],[88.6962,26.2773],[88.6916,26.2764],[88.6892,26.279],[88.6858,26.2745],[88.6918,26.2725],[88.6924,26.269],[88.686,26.2676],[88.6861,26.2629],[88.6798,26.259],[88.6779,26.2645],[88.6662,26.2627],[88.6722,26.2685],[88.6721,26.2723],[88.6669,26.2732],[88.6696,26.2808],[88.6657,26.2849],[88.6662,26.2893],[88.6697,26.2896],[88.668,26.2972],[88.6787,26.2988],[88.6781,26.307],[88.6831,26.3085],[88.6791,26.3147],[88.6753,26.3114],[88.6751,26.3201],[88.6897,26.323],[88.691,26.3289],[88.6957,26.3287],[88.6968,26.3257],[88.6899,26.3232],[88.6935,26.314],[88.6973,26.3121],[88.7152,26.3179],[88.7191,26.3157],[88.7188,26.3121],[88.7312,26.3184],[88.7306,26.3236],[88.7465,26.3224],[88.7487,26.3319],[88.7339,26.3287],[88.7363,26.334],[88.7433,26.3373],[88.7426,26.3441],[88.7458,26.3471],[88.7363,26.3496],[88.7376,26.3531],[88.7333,26.3538],[88.7359,26.348],[88.7296,26.348],[88.7262,26.3413],[88.7128,26.3437],[88.7102,26.3347],[88.7028,26.3344],[88.704,26.3419],[88.6986,26.3411],[88.6941,26.3467],[88.6967,26.3469],[88.6985,26.3572],[88.6926,26.3577],[88.6915,26.3612],[88.6958,26.3619],[88.689,26.3649],[88.6866,26.3788],[88.681,26.3794],[88.6849,26.3833],[88.7022,26.3858],[88.7023,26.3884],[88.6978,26.39],[88.6883,26.3867],[88.6878,26.3915],[88.6857,26.3911],[88.6892,26.3957],[88.6781,26.3934],[88.6781,26.3956],[88.6723,26.3957],[88.67,26.3976],[88.6737,26.4018],[88.6874,26.401],[88.6868,26.406],[88.679,26.4044],[88.6786,26.4079],[88.6678,26.4072],[88.6677,26.4095],[88.6628,26.4099],[88.6604,26.4163],[88.6506,26.4155],[88.6445,26.4187],[88.6511,26.4217],[88.6498,26.4296],[88.6384,26.4295],[88.6308,26.4314],[88.6305,26.4347],[88.6238,26.435],[88.6232,26.4383],[88.6283,26.441],[88.6229,26.4711],[88.5948,26.4706],[88.593,26.4498],[88.5844,26.4503],[88.585,26.4533],[88.5785,26.4566],[88.5595,26.4575],[88.5584,26.4597],[88.5628,26.459],[88.5595,26.4618],[88.5628,26.4666],[88.5581,26.4668],[88.5599,26.4733],[88.5545,26.4718],[88.5568,26.4752],[88.5526,26.4753],[88.5568,26.4848],[88.5265,26.4814],[88.5277,26.4845],[88.5241,26.4856],[88.5279,26.4865],[88.5229,26.4867],[88.5248,26.4917],[88.5188,26.5014],[88.5229,26.5054],[88.5214,26.5105],[88.5107,26.5107],[88.5073,26.5164],[88.4899,26.5106],[88.4901,26.5251],[88.4853,26.5261],[88.4895,26.527],[88.4897,26.532],[88.482,26.5313],[88.485,26.5407],[88.4759,26.5445],[88.4626,26.5438],[88.4589,26.5471],[88.4565,26.5369],[88.4483,26.5353],[88.4434,26.5393],[88.4431,26.544],[88.4372,26.5441],[88.4322,26.5486],[88.4212,26.571],[88.4226,26.5828],[88.4192,26.5905],[88.4179,26.6216],[88.4145,26.6226],[88.416,26.6316],[88.3999,26.6424],[88.4004,26.6724],[88.3898,26.6786],[88.4098,26.6995],[88.4376,26.6927],[88.4433,26.6951],[88.4492,26.7044],[88.4426,26.7163],[88.4364,26.7169],[88.4336,26.7239],[88.4353,26.7261],[88.4294,26.7268],[88.425,26.7226],[88.4216,26.7271],[88.4253,26.7343],[88.4228,26.7458],[88.4274,26.7479],[88.423,26.7545],[88.4274,26.755],[88.4261,26.7593],[88.4305,26.7532],[88.4316,26.7584],[88.4357,26.7582],[88.4341,26.7657],[88.4379,26.7753],[88.4316,26.7784],[88.4344,26.7837],[88.4402,26.7823],[88.4421,26.7853],[88.4387,26.7877],[88.4424,26.7899],[88.4376,26.7955],[88.4315,26.7952],[88.4298,26.798],[88.4295,26.8013],[88.4348,26.8036],[88.4288,26.813],[88.4358,26.8107],[88.43,26.8202],[88.4358,26.8223],[88.4412,26.8372],[88.4847,26.8541],[88.4969,26.8496],[88.502,26.8404],[88.5125,26.8388],[88.5079,26.8477],[88.493,26.8549],[88.4798,26.8686],[88.4797,26.8752],[88.4757,26.8798],[88.5098,26.8655],[88.5426,26.8752],[88.5459,26.8806],[88.5608,26.8823],[88.5732,26.892],[88.6081,26.8817],[88.608,26.8915],[88.6125,26.8919],[88.6211,26.9056],[88.6362,26.9067],[88.639,26.9229],[88.6373,26.9302],[88.6479,26.9423],[88.6567,26.9614],[88.6554,26.9644],[88.6604,26.9688],[88.673,26.948],[88.6636,26.9275],[88.7594,26.9259],[88.7565,26.9637],[88.7615,26.9687],[88.7691,26.9684],[88.7753,26.9748],[88.7845,26.9764],[88.7929,26.991],[88.8113,26.9919],[88.8217,26.9887],[88.8241,26.9844],[88.8311,26.9845],[88.8481,26.9744],[88.8529,26.9656],[88.8725,26.9642],[88.8771,26.9443],[88.8835,26.9481],[88.885,26.9563],[88.8969,26.9658],[88.9117,26.9867],[88.9217,26.9939],[88.9525,26.9684],[88.9546,26.9539]]]]}},{"type":"Feature","properties":{"district":"Jhargram","slug":"jhargram","lgd":703},"geometry":{"type":"MultiPolygon","coordinates":[[[[86.6196,22.798],[86.6429,22.7941],[86.66,22.787],[86.6711,22.7705],[86.6767,22.7678],[86.6958,22.7684],[86.7028,22.7578],[86.7184,22.7446],[86.7496,22.7373],[86.7691,22.7281],[86.7729,22.7197],[86.7876,22.7116],[86.8041,22.7091],[86.8399,22.6844],[86.8459,22.6849],[86.8617,22.6661],[86.8905,22.6553],[86.9049,22.6406],[86.9047,22.6355],[86.9125,22.6355],[86.9179,22.6264],[86.9219,22.6313],[86.926,22.6279],[86.9361,22.6345],[86.9459,22.6338],[86.9537,22.6372],[86.9461,22.6507],[86.9485,22.6691],[86.9578,22.6669],[86.963,22.6765],[86.9667,22.67],[86.9727,22.6732],[86.9851,22.6718],[86.9943,22.6607],[87.0016,22.6583],[87.0062,22.6488],[87.0081,22.6509],[87.0153,22.6486],[87.0217,22.6679],[87.0178,22.6685],[87.0191,22.6839],[87.0163,22.693],[87.0215,22.7016],[87.0312,22.702],[87.0326,22.7096],[87.0367,22.7096],[87.0388,22.7137],[87.0372,22.719],[87.0532,22.7284],[87.0715,22.7303],[87.0816,22.7214],[87.0904,22.7192],[87.0908,22.7073],[87.0996,22.6992],[87.0988,22.6962],[87.1165,22.6933],[87.1235,22.6837],[87.1158,22.6718],[87.0966,22.663],[87.0968,22.6489],[87.0889,22.6339],[87.102,22.6089],[87.0924,22.5847],[87.1027,22.5734],[87.1016,22.5641],[87.1145,22.5402],[87.0934,22.5189],[87.0929,22.511],[87.0882,22.5055],[87.0914,22.4873],[87.0826,22.475],[87.0833,22.4707],[87.0908,22.4654],[87.1116,22.4635],[87.1175,22.4575],[87.1167,22.4483],[87.1192,22.4458],[87.1034,22.4317],[87.1495,22.4204],[87.1626,22.4253],[87.1663,22.4191],[87.1627,22.4088],[87.173,22.3957],[87.1901,22.397],[87.208,22.4107],[87.2317,22.4124],[87.2386,22.4089],[87.2455,22.4163],[87.2535,22.4129],[87.251,22.4072],[87.2583,22.4027],[87.2515,22.3978],[87.2457,22.3995],[87.2431,22.3906],[87.223,22.3848],[87.2199,22.3806],[87.2138,22.3825],[87.1989,22.3749],[87.1893,22.3765],[87.1813,22.3696],[87.1665,22.3389],[87.1568,22.342],[87.1562,22.3302],[87.1755,22.3252],[87.1738,22.3215],[87.1893,22.317],[87.1889,22.3138],[87.1976,22.3049],[87.2062,22.3046],[87.2035,22.2964],[87.192,22.282],[87.2027,22.2729],[87.218,22.2669],[87.2276,22.249],[87.2278,22.2409],[87.2264,22.2297],[87.2221,22.2276],[87.2161,22.2288],[87.2163,22.2328],[87.2071,22.2381],[87.1998,22.2327],[87.1941,22.234],[87.1913,22.2397],[87.1862,22.235],[87.1765,22.2363],[87.1724,22.2084],[87.1829,22.1955],[87.1786,22.1862],[87.1707,22.1912],[87.1738,22.1793],[87.1689,22.1736],[87.171,22.1658],[87.168,22.1525],[87.1798,22.1526],[87.1822,22.1449],[87.179,22.1383],[87.1718,22.1395],[87.1603,22.1499],[87.1529,22.1446],[87.15,22.1393],[87.1533,22.1367],[87.1375,22.1255],[87.1427,22.1201],[87.1404,22.113],[87.1446,22.1059],[87.135,22.0892],[87.1426,22.0855],[87.1551,22.0859],[87.1722,22.0566],[87.194,22.0394],[87.1913,22.0342],[87.1981,22.036],[87.2166,22.0019],[87.2183,21.9858],[87.2318,21.9805],[87.2315,21.9707],[87.2261,21.9632],[87.2258,21.9576],[87.2106,21.9644],[87.1981,21.9592],[87.1777,21.9696],[87.1704,21.9799],[87.1682,21.9718],[87.162,21.9676],[87.1648,21.9609],[87.1607,21.9523],[87.1633,21.9389],[87.1614,21.9349],[87.1528,21.9332],[87.1415,21.924],[87.1246,21.926],[87.1069,21.9223],[87.1023,21.9151],[87.0971,21.9139],[87.0906,21.9011],[87.0988,21.8907],[87.0952,21.8806],[87.0979,21.8669],[87.0613,21.8659],[87.0335,21.8701],[87.0262,21.8758],[87.0275,21.8797],[87.0229,21.8923],[87.0094,21.8998],[87.0047,21.9101],[86.9997,21.9132],[87.0094,21.9475],[87.0128,21.9496],[87.0212,21.9727],[87.0304,21.9853],[87.031,21.9971],[87.0223,22.0195],[87.0267,22.0371],[87.0144,22.0477],[86.9931,22.0552],[86.9717,22.0724],[86.971,22.0783],[86.9647,22.0857],[86.958,22.0886],[86.9473,22.0858],[86.9343,22.0905],[86.9059,22.0919],[86.8502,22.1038],[86.8436,22.0963],[86.8337,22.0987],[86.8346,22.1043],[86.8246,22.1189],[86.8189,22.1166],[86.8064,22.1197],[86.81,22.1274],[86.7994,22.1304],[86.8037,22.1387],[86.802,22.1507],[86.7938,22.1575],[86.765,22.1495],[86.7197,22.1473],[86.7164,22.1863],[86.7212,22.1894],[86.7189,22.1991],[86.725,22.218],[86.744,22.216],[86.7542,22.2114],[86.7625,22.2136],[86.7711,22.2204],[86.7764,22.2179],[86.7774,22.2255],[86.7743,22.2322],[86.7777,22.2366],[86.7892,22.2357],[86.7886,22.2317],[86.7949,22.2278],[86.7932,22.2242],[86.7845,22.2306],[86.7791,22.2169],[86.7847,22.2151],[86.7919,22.2218],[86.8024,22.2175],[86.812,22.2412],[86.8035,22.2432],[86.7992,22.2379],[86.7949,22.2432],[86.7923,22.2663],[86.8011,22.2652],[86.798,22.247],[86.804,22.2436],[86.8106,22.2499],[86.8136,22.2674],[86.8183,22.2537],[86.824,22.2668],[86.8309,22.2632],[86.8378,22.2656],[86.8427,22.2616],[86.8511,22.2652],[86.8593,22.258],[86.8653,22.261],[86.8863,22.2572],[86.8893,22.2738],[86.8878,22.2975],[86.8758,22.3015],[86.8722,22.3071],[86.8397,22.3189],[86.8321,22.3272],[86.8323,22.3485],[86.8426,22.3722],[86.8409,22.3832],[86.8464,22.3991],[86.8313,22.411],[86.8071,22.4213],[86.7645,22.4273],[86.759,22.4458],[86.7632,22.4484],[86.751,22.4567],[86.7473,22.4748],[86.7499,22.4829],[86.7843,22.4812],[86.7912,22.4774],[86.8016,22.4888],[86.7938,22.4965],[86.8024,22.503],[86.7927,22.5113],[86.7949,22.514],[86.7929,22.525],[86.7869,22.5269],[86.7893,22.549],[86.7748,22.5491],[86.7664,22.5577],[86.7719,22.5646],[86.7677,22.567],[86.7669,22.575],[86.7585,22.5779],[86.7315,22.5769],[86.7092,22.5824],[86.6847,22.5783],[86.6793,22.5745],[86.6595,22.575],[86.6536,22.5818],[86.657,22.5908],[86.6394,22.5978],[86.6386,22.6095],[86.6341,22.6104],[86.639,22.6253],[86.6386,22.6508],[86.6416,22.6589],[86.636,22.665],[86.6285,22.6675],[86.6207,22.6777],[86.6116,22.6799],[86.602,22.6875],[86.5853,22.6911],[86.558,22.7111],[86.594,22.764],[86.6016,22.7802],[86.6034,22.7894],[86.5981,22.7962],[86.6196,22.798]]]]}},{"type":"Feature","properties":{"district":"Kalimpong","slug":"kalimpong","lgd":702},"geometry":{"type":"MultiPolygon","coordinates":[[[[88.5946,27.1878],[88.5979,27.1898],[88.6128,27.1819],[88.6223,27.1825],[88.6228,27.1794],[88.626,27.1804],[88.6342,27.1726],[88.6355,27.1667],[88.6468,27.1662],[88.6603,27.1606],[88.678,27.1784],[88.6915,27.1784],[88.7101,27.1668],[88.7161,27.1598],[88.7178,27.1433],[88.729,27.1363],[88.7386,27.1354],[88.7462,27.1442],[88.7737,27.1353],[88.7923,27.1355],[88.802,27.1395],[88.8117,27.1269],[88.8344,27.1155],[88.8399,27.1164],[88.8425,27.1112],[88.8469,27.1123],[88.8512,27.108],[88.8677,27.1124],[88.8756,27.0896],[88.875,27.0704],[88.8812,27.062],[88.8764,27.045],[88.881,27.0377],[88.8761,27.0275],[88.8754,27.0123],[88.8703,26.9957],[88.8744,26.9854],[88.8728,26.9645],[88.8529,26.9656],[88.8481,26.9744],[88.8311,26.9845],[88.8241,26.9844],[88.8217,26.9887],[88.8113,26.9919],[88.7935,26.9913],[88.7845,26.9764],[88.7753,26.9748],[88.7691,26.9684],[88.7615,26.9687],[88.7565,26.9637],[88.7596,26.926],[88.6887,26.9267],[88.6636,26.9275],[88.673,26.948],[88.6604,26.9688],[88.6554,26.9644],[88.6567,26.9614],[88.6479,26.9423],[88.6373,26.9302],[88.639,26.9229],[88.6362,26.9067],[88.6211,26.9056],[88.6125,26.8919],[88.608,26.8915],[88.6081,26.8817],[88.5732,26.892],[88.5608,26.8823],[88.5459,26.8806],[88.5426,26.8752],[88.5098,26.8655],[88.4757,26.8798],[88.4708,26.9094],[88.4739,26.9132],[88.4643,26.9155],[88.4631,26.9201],[88.4563,26.9246],[88.4522,26.9359],[88.442,26.9382],[88.445,26.9453],[88.4398,26.9598],[88.4367,26.9618],[88.423,26.9572],[88.4174,26.9622],[88.4207,26.9773],[88.4187,26.9828],[88.4122,26.9846],[88.4083,26.9812],[88.3915,26.9879],[88.4147,27.0096],[88.4233,27.0086],[88.415,27.0244],[88.4194,27.0323],[88.4153,27.0448],[88.4171,27.061],[88.4215,27.0653],[88.4205,27.069],[88.4279,27.0672],[88.4329,27.0793],[88.4505,27.0839],[88.4596,27.0906],[88.4664,27.1027],[88.4679,27.114],[88.4754,27.1217],[88.4851,27.1209],[88.4875,27.1259],[88.4977,27.1238],[88.4997,27.1309],[88.5112,27.1372],[88.5193,27.1475],[88.5324,27.1501],[88.5335,27.155],[88.5276,27.1574],[88.5314,27.1651],[88.5211,27.1735],[88.531,27.1722],[88.5351,27.1789],[88.5396,27.1774],[88.543,27.1832],[88.5672,27.1848],[88.5859,27.1904],[88.5888,27.1864],[88.5922,27.1913],[88.5946,27.1878]]]]}},{"type":"Feature","properties":{"district":"Kolkata","slug":"kolkata","lgd":315},"geometry":{"type":"MultiPolygon","coordinates":[[[[88.3658,22.6184],[88.3923,22.6182],[88.3923,22.5952],[88.4138,22.5535],[88.4397,22.5281],[88.4611,22.5226],[88.4557,22.5189],[88.4585,22.5174],[88.4547,22.5096],[88.4484,22.5085],[88.4442,22.5118],[88.4397,22.5095],[88.4351,22.5171],[88.4271,22.5186],[88.4205,22.5238],[88.4158,22.5055],[88.4103,22.5017],[88.4132,22.4948],[88.4063,22.4909],[88.416,22.4886],[88.4145,22.4778],[88.4069,22.4787],[88.4048,22.4744],[88.3959,22.4736],[88.3935,22.4676],[88.3778,22.4655],[88.3827,22.4594],[88.3799,22.4561],[88.3749,22.457],[88.372,22.452],[88.3689,22.4529],[88.3694,22.457],[88.362,22.4553],[88.3597,22.4629],[88.3459,22.4567],[88.3427,22.4627],[88.3342,22.4616],[88.3317,22.4644],[88.3338,22.4671],[88.329,22.468],[88.3211,22.4656],[88.3189,22.4575],[88.311,22.4565],[88.3073,22.4594],[88.3027,22.4554],[88.288,22.456],[88.2896,22.4706],[88.2773,22.4843],[88.2683,22.4871],[88.2686,22.4904],[88.2717,22.4915],[88.2942,22.4821],[88.3036,22.4903],[88.3115,22.4926],[88.3006,22.5162],[88.2917,22.5171],[88.29,22.5207],[88.2916,22.5385],[88.2776,22.543],[88.2603,22.5328],[88.2557,22.5363],[88.2586,22.5398],[88.2544,22.5469],[88.25,22.5452],[88.2336,22.5492],[88.2353,22.5562],[88.2403,22.5608],[88.2488,22.5624],[88.306,22.5501],[88.3198,22.551],[88.3429,22.5788],[88.3482,22.595],[88.3592,22.6125],[88.3655,22.609],[88.3658,22.6184]]]]}},{"type":"Feature","properties":{"district":"Malda","slug":"malda","lgd":316},"geometry":{"type":"MultiPolygon","coordinates":[[[[87.9471,25.5391],[87.9633,25.5395],[87.9772,25.5244],[87.9909,25.5254],[87.9937,25.522],[87.985,25.5153],[87.9942,25.512],[87.9934,25.5025],[87.9963,25.4993],[88.007,25.4971],[88.0067,25.5101],[88.0135,25.5112],[88.0104,25.5016],[88.0141,25.4994],[88.0247,25.5016],[88.0224,25.4983],[88.0306,25.4914],[88.0359,25.4921],[88.0498,25.486],[88.0513,25.4901],[88.0654,25.4901],[88.0734,25.4841],[88.0791,25.4697],[88.0796,25.4551],[88.0844,25.4489],[88.0971,25.4428],[88.0972,25.4355],[88.1006,25.4319],[88.1128,25.436],[88.1119,25.4332],[88.105,25.433],[88.096,25.4276],[88.0939,25.4209],[88.0976,25.4175],[88.11,25.4171],[88.1007,25.4103],[88.1022,25.4046],[88.1063,25.4032],[88.1092,25.4078],[88.1145,25.4079],[88.1058,25.401],[88.1089,25.395],[88.1068,25.3904],[88.0987,25.3889],[88.099,25.3814],[88.118,25.371],[88.1174,25.3649],[88.1219,25.3665],[88.1219,25.3529],[88.1149,25.3484],[88.12,25.3416],[88.1081,25.326],[88.1086,25.3199],[88.1142,25.3129],[88.1236,25.3081],[88.1263,25.2975],[88.1252,25.2928],[88.107,25.2934],[88.1018,25.2883],[88.1091,25.2856],[88.104,25.2767],[88.0996,25.2751],[88.1213,25.2715],[88.1207,25.268],[88.1251,25.2657],[88.1225,25.2574],[88.1266,25.2538],[88.1258,25.2449],[88.1331,25.2551],[88.1417,25.2569],[88.1434,25.2646],[88.1491,25.2694],[88.1497,25.2738],[88.1395,25.2769],[88.1448,25.2968],[88.1562,25.2982],[88.162,25.304],[88.1626,25.3013],[88.1794,25.2944],[88.1869,25.2807],[88.1911,25.28],[88.193,25.2899],[88.2152,25.3133],[88.2381,25.3045],[88.2352,25.295],[88.2416,25.294],[88.2531,25.2937],[88.2703,25.3016],[88.2744,25.3174],[88.288,25.3156],[88.2875,25.3123],[88.291,25.3122],[88.2948,25.3063],[88.3001,25.3069],[88.2998,25.2985],[88.3179,25.3007],[88.3229,25.2968],[88.3308,25.2963],[88.3302,25.3047],[88.3523,25.2971],[88.356,25.3001],[88.3619,25.2911],[88.3778,25.2887],[88.393,25.303],[88.3994,25.2934],[88.4127,25.2968],[88.4122,25.3],[88.4261,25.3016],[88.4294,25.3034],[88.4293,25.3094],[88.418,25.3116],[88.4184,25.3139],[88.437,25.3146],[88.4434,25.3132],[88.4489,25.3067],[88.4465,25.2907],[88.4389,25.2795],[88.447,25.265],[88.4561,25.261],[88.4535,25.2635],[88.4551,25.2671],[88.464,25.27],[88.4612,25.2685],[88.4591,25.2456],[88.4515,25.2358],[88.4534,25.2323],[88.4488,25.2299],[88.4527,25.2274],[88.4484,25.225],[88.4492,25.2205],[88.4433,25.2218],[88.4391,25.219],[88.4401,25.2162],[88.444,25.2178],[88.445,25.2131],[88.4378,25.2073],[88.4373,25.2021],[88.438,25.1973],[88.4416,25.1999],[88.4432,25.1955],[88.4418,25.1846],[88.4454,25.1801],[88.442,25.1743],[88.4491,25.1716],[88.4528,25.1638],[88.4572,25.1646],[88.4565,25.161],[88.4598,25.1607],[88.457,25.1531],[88.4614,25.1494],[88.4575,25.1478],[88.4609,25.1445],[88.46,25.1388],[88.4569,25.1393],[88.4587,25.1356],[88.4475,25.1281],[88.4415,25.1275],[88.4421,25.115],[88.4478,25.1096],[88.4442,25.0998],[88.4464,25.0828],[88.4529,25.0793],[88.4353,25.0553],[88.4378,25.0431],[88.4471,25.0417],[88.4527,25.0369],[88.4457,25.0332],[88.445,25.0262],[88.4386,25.0223],[88.4412,25.0179],[88.4373,25.0158],[88.4422,25.0131],[88.4352,25.0133],[88.4365,25.0065],[88.4275,25.0077],[88.4281,25.0094],[88.4265,25.0095],[88.4273,25.0126],[88.4256,25.0164],[88.4255,25.0067],[88.4221,25.0069],[88.4205,24.9997],[88.4121,24.9988],[88.4145,24.9945],[88.4117,24.9855],[88.4187,24.9832],[88.4123,24.9823],[88.4162,24.9802],[88.4174,24.9748],[88.4109,24.9734],[88.4051,24.9797],[88.4057,24.9723],[88.3987,24.973],[88.3952,24.9691],[88.3934,24.9603],[88.3992,24.9591],[88.3974,24.958],[88.4019,24.9508],[88.3988,24.9453],[88.3816,24.9391],[88.3774,24.943],[88.3667,24.9449],[88.364,24.9533],[88.359,24.9517],[88.3606,24.949],[88.3547,24.942],[88.3501,24.9449],[88.3404,24.9401],[88.3385,24.9268],[88.3345,24.9266],[88.3366,24.9187],[88.3304,24.92],[88.3298,24.9172],[88.3257,24.9189],[88.3243,24.9167],[88.3277,24.9043],[88.3342,24.9044],[88.3328,24.8971],[88.3439,24.8996],[88.347,24.8924],[88.3306,24.8701],[88.3209,24.876],[88.3211,24.8835],[88.3123,24.8816],[88.3019,24.8719],[88.298,24.8814],[88.3019,24.8859],[88.2929,24.8893],[88.2857,24.8864],[88.2862,24.8892],[88.282,24.8907],[88.2781,24.8881],[88.2761,24.8978],[88.2688,24.8904],[88.2672,24.8783],[88.2583,24.8776],[88.2645,24.8981],[88.2605,24.9193],[88.2526,24.9325],[88.2261,24.9597],[88.1996,24.9567],[88.1882,24.9516],[88.1836,24.9539],[88.1755,24.9462],[88.1702,24.9504],[88.165,24.9462],[88.1646,24.9414],[88.1584,24.9414],[88.1575,24.9335],[88.1498,24.9325],[88.1455,24.9367],[88.138,24.9362],[88.1404,24.914],[88.149,24.9112],[88.1537,24.9063],[88.1539,24.8996],[88.162,24.8973],[88.1619,24.8931],[88.1653,24.8954],[88.1693,24.8925],[88.1687,24.8882],[88.1576,24.8923],[88.1527,24.8844],[88.1637,24.878],[88.1591,24.8721],[88.1659,24.8634],[88.175,24.8602],[88.1622,24.858],[88.1641,24.8506],[88.1603,24.8486],[88.1509,24.8493],[88.1504,24.8534],[88.1504,24.85],[88.1449,24.8511],[88.1449,24.8435],[88.1471,24.8436],[88.1413,24.8418],[88.1409,24.8344],[88.1319,24.836],[88.1359,24.8051],[88.1308,24.8049],[88.1235,24.8231],[88.1111,24.8129],[88.1051,24.7999],[88.1061,24.7796],[88.089,24.7829],[88.0779,24.7691],[88.0725,24.773],[88.0683,24.7692],[88.0711,24.7678],[88.0689,24.7638],[88.0745,24.7607],[88.0658,24.7507],[88.0725,24.7436],[88.0628,24.7216],[88.0537,24.7109],[88.052,24.7124],[88.0418,24.7048],[88.0137,24.6746],[88.0015,24.6552],[87.9902,24.658],[87.9765,24.6668],[87.957,24.6965],[87.9639,24.7066],[87.9684,24.7314],[87.967,24.7698],[87.949,24.796],[87.9283,24.8102],[87.8967,24.8578],[87.9167,24.8845],[87.9498,24.9049],[87.9608,24.9221],[87.9596,24.929],[87.9628,24.9371],[87.9578,24.9709],[87.9405,24.9909],[87.9227,25.0006],[87.8994,25.0068],[87.8573,25.0546],[87.834,25.0653],[87.8058,25.0727],[87.7897,25.1044],[87.7735,25.1255],[87.7744,25.1441],[87.7888,25.1974],[87.7909,25.2302],[87.7887,25.2437],[87.7866,25.2474],[87.7732,25.2471],[87.7646,25.2515],[87.7131,25.258],[87.7432,25.2641],[87.7672,25.261],[87.7967,25.252],[87.8057,25.2431],[87.8273,25.2353],[87.8353,25.2405],[87.8406,25.2501],[87.8553,25.2553],[87.8534,25.2636],[87.8624,25.2741],[87.8554,25.2969],[87.839,25.3011],[87.8183,25.3188],[87.796,25.3262],[87.7882,25.3391],[87.7936,25.3669],[87.7923,25.3735],[87.7793,25.3731],[87.7697,25.379],[87.7659,25.3875],[87.7681,25.3989],[87.7725,25.4042],[87.7639,25.4075],[87.7645,25.4138],[87.7752,25.4089],[87.7743,25.4235],[87.7699,25.4262],[87.7743,25.4321],[87.7813,25.4325],[87.7873,25.4504],[87.8023,25.4447],[87.8117,25.4355],[87.8227,25.4371],[87.8264,25.4396],[87.8257,25.4454],[87.831,25.4522],[87.8302,25.4611],[87.8396,25.4614],[87.8393,25.4678],[87.8543,25.4667],[87.8558,25.471],[87.8605,25.4711],[87.8635,25.4691],[87.8629,25.464],[87.8693,25.469],[87.8649,25.4799],[87.8678,25.4939],[87.8748,25.5047],[87.8864,25.5081],[87.8844,25.5206],[87.8902,25.5183],[87.8929,25.5127],[87.8982,25.5117],[87.8979,25.5049],[87.9028,25.5053],[87.9044,25.5094],[87.9089,25.5088],[87.9068,25.5117],[87.9109,25.5157],[87.9083,25.5187],[87.9127,25.5258],[87.9184,25.5266],[87.917,25.533],[87.9255,25.5338],[87.9277,25.5372],[87.9463,25.5355],[87.9471,25.5391]]]]}},{"type":"Feature","properties":{"district":"Purba Medinipur","slug":"purba-medinipur","lgd":317},"geometry":{"type":"MultiPolygon","coordinates":[[[[88.0001,22.243],[87.9961,22.2383],[87.9849,22.2393],[87.9699,22.2562],[87.9684,22.2647],[87.9908,22.2529],[87.9954,22.2491],[87.9955,22.245],[88.0001,22.243]]],[[[87.8911,22.5148],[87.8796,22.4978],[87.8932,22.4801],[87.8759,22.4563],[87.8752,22.4466],[87.8817,22.4376],[87.9212,22.4241],[87.9333,22.4158],[87.939,22.4051],[87.9436,22.3822],[87.9538,22.3657],[87.9558,22.3565],[87.9528,22.315],[87.9489,22.3051],[87.9559,22.2697],[87.9476,22.2548],[87.9711,22.2378],[87.9734,22.2228],[87.9826,22.2147],[87.9839,22.2184],[87.9762,22.2237],[87.9752,22.2334],[87.9919,22.2245],[87.9978,22.2084],[88.0082,22.2021],[88.0234,22.1997],[88.0293,22.2078],[88.0348,22.2089],[88.0497,22.2048],[88.0667,22.1888],[88.0737,22.1871],[88.0878,22.1856],[88.0951,22.191],[88.1034,22.1922],[88.1359,22.1848],[88.1561,22.1554],[88.1688,22.1448],[88.1901,22.1163],[88.1855,22.0982],[88.1717,22.0801],[88.1519,22.0624],[88.1258,22.0498],[88.083,22.0217],[88.0631,22.0133],[88.0556,22.0201],[88.05,22.0138],[88.0524,22.0073],[88.0496,22.0008],[88.036,21.9822],[88.0181,21.9438],[88.0108,21.9428],[88.0166,21.9402],[88.012,21.9209],[87.9776,21.8686],[87.9707,21.863],[87.9681,21.8548],[87.9534,21.8372],[87.9484,21.8334],[87.9452,21.8357],[87.9481,21.8332],[87.9467,21.8298],[87.9355,21.8192],[87.9169,21.8058],[87.9088,21.8035],[87.9133,21.8032],[87.9113,21.8018],[87.8833,21.7933],[87.8855,21.79],[87.8835,21.782],[87.8555,21.7525],[87.8619,21.7562],[87.8608,21.7533],[87.8182,21.7215],[87.8076,21.7052],[87.7855,21.6942],[87.7697,21.6942],[87.7617,21.6979],[87.7602,21.7018],[87.7568,21.6981],[87.7518,21.6995],[87.7575,21.7002],[87.747,21.6998],[87.7437,21.696],[87.748,21.6934],[87.7477,21.6889],[87.7372,21.6815],[87.7313,21.6821],[87.7318,21.6796],[87.7395,21.681],[87.7331,21.6755],[87.7127,21.6653],[87.674,21.6525],[87.6448,21.6497],[87.6405,21.6548],[87.6466,21.6604],[87.6439,21.6631],[87.632,21.6478],[87.5642,21.6344],[87.5536,21.638],[87.5517,21.6315],[87.4848,21.6113],[87.486,21.6322],[87.4806,21.6332],[87.4752,21.644],[87.4765,21.6469],[87.472,21.6481],[87.4726,21.6525],[87.4604,21.6514],[87.4613,21.6626],[87.4672,21.6641],[87.4667,21.6786],[87.4694,21.6787],[87.4696,21.6893],[87.4736,21.6971],[87.4708,21.7057],[87.4736,21.7146],[87.4635,21.7254],[87.4692,21.7325],[87.4448,21.734],[87.4453,21.7387],[87.4542,21.7398],[87.4454,21.7438],[87.4456,21.768],[87.4403,21.7699],[87.4388,21.7898],[87.4279,21.793],[87.426,21.7962],[87.4313,21.8035],[87.4363,21.8038],[87.4372,21.813],[87.4413,21.821],[87.4448,21.8215],[87.441,21.8401],[87.4565,21.8453],[87.4543,21.8565],[87.4574,21.8645],[87.4558,21.8748],[87.4502,21.8779],[87.4497,21.8927],[87.455,21.8916],[87.4605,21.8968],[87.4771,21.8993],[87.4841,21.9211],[87.4815,21.939],[87.4952,21.9378],[87.4996,21.9503],[87.5129,21.9485],[87.5063,21.9581],[87.486,21.9571],[87.4846,21.9696],[87.4792,21.9797],[87.4809,21.9833],[87.4834,21.9823],[87.4832,21.9903],[87.4792,21.9908],[87.4787,22.0012],[87.46,22.0064],[87.4651,22.0266],[87.4722,22.0287],[87.4716,22.0316],[87.478,22.0378],[87.4856,22.0315],[87.4906,22.0455],[87.4785,22.0465],[87.4804,22.0594],[87.4871,22.0626],[87.4769,22.0659],[87.4746,22.0742],[87.4919,22.089],[87.5308,22.0886],[87.5368,22.0816],[87.544,22.0842],[87.5537,22.0827],[87.5641,22.0945],[87.5751,22.0931],[87.5942,22.103],[87.6118,22.1002],[87.6384,22.1045],[87.6734,22.1047],[87.6909,22.1224],[87.702,22.1258],[87.7043,22.1527],[87.7127,22.1704],[87.7084,22.1768],[87.7095,22.1805],[87.7132,22.1801],[87.7152,22.1871],[87.7187,22.1821],[87.7229,22.1828],[87.7292,22.1899],[87.7295,22.2036],[87.7131,22.2061],[87.7136,22.2155],[87.6991,22.2192],[87.7057,22.2692],[87.7078,22.2694],[87.7059,22.2801],[87.7238,22.3193],[87.6991,22.3293],[87.6777,22.3245],[87.6729,22.3294],[87.6643,22.3233],[87.6653,22.3312],[87.6566,22.332],[87.6475,22.3251],[87.6498,22.3323],[87.6441,22.3332],[87.6463,22.3369],[87.6443,22.3635],[87.6479,22.3674],[87.6582,22.4076],[87.6554,22.4206],[87.6528,22.4209],[87.6461,22.4351],[87.6593,22.4619],[87.6712,22.461],[87.6742,22.468],[87.6738,22.4837],[87.689,22.4899],[87.6914,22.5074],[87.6986,22.5043],[87.7095,22.4896],[87.739,22.4873],[87.741,22.4816],[87.7464,22.4785],[87.7458,22.4747],[87.7571,22.473],[87.7766,22.4786],[87.7846,22.4851],[87.7881,22.4781],[87.7933,22.4789],[87.8055,22.4907],[87.8161,22.4959],[87.8164,22.4991],[87.8293,22.5002],[87.8466,22.5119],[87.8846,22.5092],[87.8861,22.5162],[87.8906,22.5194],[87.8911,22.5148]]]]}},{"type":"Feature","properties":{"district":"Paschim Medinipur","slug":"paschim-medinipur","lgd":318},"geometry":{"type":"MultiPolygon","coordinates":[[[[87.3588,22.9552],[87.3724,22.9421],[87.3924,22.9423],[87.3991,22.939],[87.3994,22.9338],[87.422,22.9302],[87.4221,22.9247],[87.434,22.9251],[87.4473,22.9208],[87.4596,22.9118],[87.4706,22.9101],[87.4959,22.9201],[87.4996,22.9262],[87.5094,22.9257],[87.5128,22.9216],[87.5175,22.9249],[87.5173,22.9309],[87.5222,22.9305],[87.522,22.9172],[87.5042,22.918],[87.5069,22.9152],[87.5053,22.9052],[87.511,22.9024],[87.5106,22.8972],[87.5273,22.8975],[87.5228,22.8894],[87.533,22.8807],[87.5274,22.8715],[87.5199,22.8721],[87.5161,22.8666],[87.526,22.8644],[87.534,22.8671],[87.5433,22.8654],[87.5423,22.8634],[87.5557,22.8674],[87.5591,22.8599],[87.567,22.8565],[87.5699,22.8505],[87.5783,22.8482],[87.5802,22.8446],[87.5861,22.8454],[87.5888,22.8414],[87.5979,22.8429],[87.6022,22.8479],[87.6108,22.8508],[87.6161,22.8462],[87.6217,22.8459],[87.6206,22.8403],[87.6244,22.8367],[87.6239,22.8282],[87.6294,22.8212],[87.6291,22.8128],[87.638,22.8095],[87.6426,22.8039],[87.6479,22.8053],[87.6499,22.8017],[87.6653,22.8069],[87.6665,22.8045],[87.6756,22.8065],[87.6795,22.8002],[87.6831,22.8022],[87.6855,22.7968],[87.677,22.7827],[87.6859,22.776],[87.6939,22.7812],[87.7019,22.779],[87.7054,22.7864],[87.7182,22.7886],[87.7266,22.7871],[87.7254,22.7752],[87.7335,22.7749],[87.7396,22.7784],[87.739,22.7726],[87.7445,22.7688],[87.7446,22.7595],[87.7407,22.7516],[87.7448,22.7424],[87.7409,22.737],[87.7475,22.7366],[87.7567,22.7246],[87.7608,22.7239],[87.7656,22.7082],[87.7598,22.6988],[87.7645,22.6975],[87.7646,22.6881],[87.7723,22.684],[87.7782,22.6703],[87.7912,22.6539],[87.7983,22.6523],[87.8033,22.6339],[87.8144,22.634],[87.8144,22.615],[87.8246,22.6161],[87.8259,22.6073],[87.8446,22.6026],[87.8517,22.5961],[87.8558,22.5865],[87.849,22.5821],[87.8446,22.5551],[87.8615,22.54],[87.8647,22.5319],[87.8718,22.5322],[87.8854,22.5264],[87.8906,22.5194],[87.8861,22.5162],[87.8846,22.5092],[87.8466,22.5119],[87.8293,22.5002],[87.8164,22.4991],[87.8161,22.4959],[87.8055,22.4907],[87.7933,22.4789],[87.7881,22.4781],[87.7846,22.4851],[87.7766,22.4786],[87.7617,22.4732],[87.7458,22.4747],[87.7464,22.4785],[87.741,22.4816],[87.739,22.4873],[87.7095,22.4896],[87.6986,22.5043],[87.692,22.5073],[87.689,22.4899],[87.6738,22.4837],[87.6742,22.468],[87.6712,22.461],[87.6593,22.4619],[87.6461,22.4351],[87.6528,22.4209],[87.6554,22.4206],[87.6582,22.4076],[87.6479,22.3674],[87.6443,22.3635],[87.6463,22.3369],[87.6441,22.3332],[87.6498,22.3323],[87.6475,22.3251],[87.6566,22.332],[87.6653,22.3312],[87.6643,22.3233],[87.6729,22.3294],[87.6777,22.3245],[87.6991,22.3293],[87.7238,22.3193],[87.7059,22.2801],[87.7078,22.2694],[87.7057,22.2692],[87.6991,22.2192],[87.7136,22.2155],[87.7131,22.2061],[87.7295,22.2036],[87.7289,22.1889],[87.7195,22.1817],[87.7152,22.1871],[87.7132,22.1801],[87.7095,22.1805],[87.7084,22.1768],[87.7127,22.1704],[87.7043,22.1527],[87.7017,22.1252],[87.6909,22.1224],[87.6734,22.1047],[87.6384,22.1045],[87.6118,22.1002],[87.5942,22.103],[87.5751,22.0931],[87.5641,22.0945],[87.5537,22.0827],[87.544,22.0842],[87.5368,22.0816],[87.5308,22.0886],[87.4919,22.089],[87.4746,22.0742],[87.4769,22.0659],[87.4871,22.0626],[87.4804,22.0594],[87.4785,22.0465],[87.4906,22.0455],[87.4856,22.0315],[87.478,22.0378],[87.4716,22.0316],[87.4722,22.0287],[87.4651,22.0266],[87.46,22.0064],[87.4787,22.0012],[87.4792,21.9908],[87.4832,21.9903],[87.4834,21.9823],[87.4809,21.9833],[87.4792,21.9797],[87.4846,21.9696],[87.486,21.9571],[87.5063,21.9581],[87.5129,21.9485],[87.4996,21.9503],[87.4952,21.9378],[87.4815,21.939],[87.4841,21.9211],[87.4771,21.8993],[87.4605,21.8968],[87.457,21.8924],[87.4497,21.8927],[87.4487,21.8902],[87.4506,21.8766],[87.4558,21.8748],[87.4565,21.8453],[87.441,21.8401],[87.4448,21.8215],[87.4413,21.821],[87.4372,21.813],[87.4363,21.8038],[87.4313,21.8035],[87.426,21.7962],[87.4279,21.793],[87.4388,21.7898],[87.4403,21.7699],[87.4041,21.7715],[87.3977,21.7666],[87.3954,21.7709],[87.3915,21.771],[87.3934,21.7762],[87.3851,21.7768],[87.374,21.7728],[87.3738,21.765],[87.3693,21.7658],[87.373,21.7737],[87.3718,21.7788],[87.3597,21.7826],[87.3557,21.7864],[87.3555,21.7922],[87.3473,21.793],[87.3381,21.7849],[87.336,21.7935],[87.3195,21.7907],[87.3216,21.7977],[87.3107,21.7939],[87.3096,21.7989],[87.2984,21.8012],[87.297,21.8116],[87.2906,21.8113],[87.2887,21.8056],[87.2827,21.8028],[87.2738,21.8103],[87.276,21.8112],[87.2752,21.817],[87.2639,21.8186],[87.2642,21.8232],[87.2691,21.8234],[87.2709,21.8271],[87.265,21.8301],[87.2654,21.8387],[87.2585,21.8441],[87.2595,21.8492],[87.249,21.8532],[87.2478,21.8609],[87.2523,21.8771],[87.2343,21.9011],[87.237,21.9078],[87.2492,21.9151],[87.2451,21.9254],[87.2498,21.935],[87.239,21.941],[87.2318,21.957],[87.2258,21.9576],[87.2261,21.9632],[87.2315,21.9707],[87.2319,21.9802],[87.2183,21.9858],[87.2166,22.0019],[87.1981,22.036],[87.1913,22.0342],[87.194,22.0394],[87.1722,22.0566],[87.1551,22.0859],[87.1426,22.0855],[87.135,22.0892],[87.1446,22.1059],[87.1404,22.113],[87.1427,22.1201],[87.1375,22.1255],[87.1533,22.1367],[87.15,22.1393],[87.1529,22.1446],[87.1603,22.1499],[87.1718,22.1395],[87.179,22.1383],[87.1822,22.1449],[87.1798,22.1526],[87.168,22.1525],[87.171,22.1658],[87.1689,22.1736],[87.1738,22.1793],[87.1707,22.1912],[87.1786,22.1862],[87.1829,22.1955],[87.1724,22.2084],[87.1765,22.2363],[87.1862,22.235],[87.1913,22.2397],[87.1941,22.234],[87.1998,22.2327],[87.2071,22.2381],[87.2163,22.2328],[87.2161,22.2288],[87.2221,22.2276],[87.2264,22.2297],[87.2278,22.2409],[87.2276,22.249],[87.218,22.2669],[87.2027,22.2729],[87.192,22.282],[87.2035,22.2964],[87.2062,22.3046],[87.1976,22.3049],[87.1889,22.3138],[87.1893,22.317],[87.1738,22.3215],[87.1755,22.3252],[87.1562,22.3302],[87.1568,22.342],[87.1665,22.3389],[87.1813,22.3696],[87.1893,22.3765],[87.1989,22.3749],[87.2138,22.3825],[87.2199,22.3806],[87.223,22.3848],[87.2431,22.3906],[87.2457,22.3995],[87.2515,22.3978],[87.2583,22.4027],[87.251,22.4072],[87.2535,22.4129],[87.2455,22.4163],[87.2386,22.4089],[87.2317,22.4124],[87.208,22.4107],[87.1901,22.397],[87.173,22.3957],[87.1627,22.4088],[87.1663,22.4191],[87.1626,22.4253],[87.1495,22.4204],[87.1034,22.4317],[87.1192,22.4458],[87.1167,22.4483],[87.1175,22.4575],[87.1116,22.4635],[87.0908,22.4654],[87.0833,22.4707],[87.0826,22.475],[87.0914,22.4873],[87.0882,22.5055],[87.0929,22.511],[87.0934,22.5189],[87.1145,22.5402],[87.1016,22.5641],[87.1027,22.5734],[87.0924,22.5847],[87.102,22.6089],[87.0889,22.6339],[87.0968,22.6489],[87.0966,22.663],[87.1158,22.6718],[87.1236,22.6833],[87.1165,22.6933],[87.1002,22.6949],[87.0996,22.6992],[87.0936,22.7027],[87.0941,22.7066],[87.0908,22.7073],[87.0904,22.7192],[87.0759,22.7258],[87.0886,22.7391],[87.0831,22.749],[87.0829,22.7649],[87.078,22.7818],[87.0649,22.7926],[87.0652,22.8028],[87.0579,22.8096],[87.0569,22.8203],[87.0535,22.8229],[87.0611,22.8313],[87.0599,22.8449],[87.0638,22.8508],[87.0933,22.8443],[87.1283,22.8443],[87.1421,22.8523],[87.1635,22.8765],[87.1713,22.89],[87.1818,22.8916],[87.1925,22.8884],[87.2028,22.895],[87.211,22.894],[87.2214,22.9079],[87.2481,22.8957],[87.2604,22.9041],[87.268,22.9066],[87.2711,22.9035],[87.2762,22.9089],[87.2847,22.9114],[87.2868,22.922],[87.3082,22.9294],[87.3197,22.9466],[87.3374,22.9473],[87.3588,22.9552]]]]}},{"type":"Feature","properties":{"district":"Murshidabad","slug":"murshidabad","lgd":319},"geometry":{"type":"MultiPolygon","coordinates":[[[[87.8967,24.8578],[87.9283,24.8102],[87.949,24.796],[87.967,24.7698],[87.9684,24.7314],[87.9639,24.7066],[87.957,24.6965],[87.9687,24.6762],[87.9804,24.6637],[87.9974,24.6554],[88.0029,24.6555],[88.0066,24.6607],[88.0064,24.6628],[88.0081,24.6674],[88.0088,24.6679],[88.0279,24.6499],[88.0412,24.6433],[88.0692,24.6033],[88.0895,24.5669],[88.1056,24.5462],[88.1495,24.5038],[88.1583,24.5021],[88.1735,24.493],[88.1984,24.4625],[88.2633,24.446],[88.2755,24.4378],[88.2849,24.4222],[88.3266,24.3862],[88.3453,24.3765],[88.3893,24.3719],[88.4303,24.3837],[88.4464,24.3786],[88.4837,24.357],[88.496,24.3544],[88.5079,24.3425],[88.5271,24.3444],[88.5551,24.2933],[88.5677,24.3267],[88.5872,24.3241],[88.5879,24.3143],[88.6033,24.3101],[88.6061,24.3103],[88.6067,24.3151],[88.6236,24.3157],[88.6285,24.3051],[88.6489,24.3109],[88.6525,24.305],[88.659,24.3144],[88.6966,24.3154],[88.7224,24.2997],[88.7293,24.2898],[88.741,24.2539],[88.7345,24.2222],[88.7316,24.1716],[88.7403,24.1633],[88.7465,24.1471],[88.707,24.1191],[88.6975,24.1205],[88.6932,24.1112],[88.7008,24.1081],[88.7003,24.0946],[88.6674,24.0838],[88.667,24.0818],[88.6799,24.0824],[88.6806,24.0772],[88.6729,24.0778],[88.651,24.0695],[88.6464,24.0515],[88.6321,24.0349],[88.6307,24.0294],[88.6334,24.0238],[88.6471,24.0208],[88.6499,24.0102],[88.6287,23.985],[88.6206,23.9823],[88.6113,23.9851],[88.5947,24.0016],[88.5903,24.0208],[88.5837,24.0287],[88.5606,24.0402],[88.5535,24.041],[88.5488,24.0373],[88.5497,24.0228],[88.5425,23.9974],[88.5336,23.993],[88.5186,23.9955],[88.5119,23.9919],[88.5136,23.9841],[88.5228,23.9706],[88.5233,23.9513],[88.5119,23.9569],[88.5073,23.9491],[88.4978,23.9507],[88.4951,23.9408],[88.4901,23.9362],[88.4802,23.9357],[88.4705,23.942],[88.4653,23.9386],[88.4573,23.928],[88.4613,23.922],[88.4974,23.911],[88.507,23.9052],[88.5109,23.8956],[88.5091,23.8886],[88.5039,23.8851],[88.4829,23.9033],[88.463,23.8886],[88.4765,23.8629],[88.4775,23.8535],[88.4737,23.8397],[88.4789,23.8281],[88.4766,23.8219],[88.4489,23.8245],[88.4478,23.827],[88.4567,23.8367],[88.4577,23.8429],[88.4558,23.8491],[88.4482,23.8563],[88.4362,23.8436],[88.4186,23.804],[88.4093,23.8063],[88.406,23.8147],[88.4094,23.8171],[88.4077,23.8218],[88.3877,23.8221],[88.3862,23.8148],[88.3776,23.8138],[88.3679,23.817],[88.3678,23.8236],[88.3565,23.8255],[88.3519,23.8305],[88.3484,23.8222],[88.3195,23.8231],[88.3195,23.8092],[88.317,23.8073],[88.2975,23.8115],[88.2946,23.8046],[88.2728,23.8086],[88.2692,23.8123],[88.2577,23.8024],[88.2509,23.801],[88.25,23.8043],[88.2377,23.805],[88.2354,23.8021],[88.2348,23.7845],[88.2414,23.7673],[88.2316,23.7597],[88.2186,23.7591],[88.2022,23.7699],[88.1949,23.7656],[88.1873,23.7704],[88.1779,23.7591],[88.162,23.7553],[88.1581,23.7511],[88.1555,23.7366],[88.1447,23.7332],[88.1396,23.7372],[88.1324,23.7338],[88.1284,23.7396],[88.1323,23.7406],[88.1232,23.7518],[88.1166,23.7491],[88.1055,23.7538],[88.0941,23.7527],[88.0936,23.738],[88.0884,23.7347],[88.0842,23.725],[88.0806,23.7261],[88.08,23.7231],[88.0644,23.726],[88.0603,23.7223],[88.0526,23.7273],[88.0518,23.7391],[88.0468,23.7414],[88.0465,23.745],[88.04,23.7457],[88.036,23.7621],[88.0406,23.7735],[88.0583,23.7723],[88.0597,23.7813],[88.047,23.7833],[88.0453,23.7905],[88.0307,23.7967],[88.0305,23.8053],[88.027,23.8111],[88.0293,23.8187],[88.0236,23.8276],[88.0182,23.8289],[88.0161,23.8373],[88.009,23.8432],[88.0063,23.8445],[88.0002,23.8396],[87.9965,23.8427],[87.9882,23.8406],[87.9794,23.8447],[87.9719,23.841],[87.9718,23.8445],[87.9681,23.8441],[87.9665,23.8351],[87.9748,23.8319],[87.9662,23.8237],[87.9669,23.8077],[87.9651,23.8051],[87.9657,23.8092],[87.9548,23.8091],[87.9455,23.8197],[87.9291,23.8262],[87.9348,23.8337],[87.9256,23.841],[87.9058,23.8454],[87.9034,23.8387],[87.8906,23.84],[87.8911,23.8491],[87.8854,23.8566],[87.8863,23.8624],[87.8774,23.8588],[87.8773,23.8548],[87.8722,23.8565],[87.8699,23.8698],[87.8579,23.8725],[87.8634,23.8774],[87.8622,23.8812],[87.8524,23.8829],[87.853,23.886],[87.8473,23.8892],[87.8488,23.9019],[87.8432,23.9051],[87.8438,23.9161],[87.8665,23.9209],[87.8605,23.9296],[87.8674,23.9415],[87.861,23.9467],[87.8639,23.9595],[87.8606,23.965],[87.8492,23.9671],[87.8479,23.9713],[87.8585,23.9757],[87.8606,23.9845],[87.8563,23.9904],[87.8576,23.9987],[87.8641,24.0011],[87.8693,24.0113],[87.8689,24.0169],[87.86,24.0207],[87.8604,24.0261],[87.8694,24.0273],[87.8748,24.04],[87.8965,24.0436],[87.898,24.0602],[87.8937,24.0678],[87.8954,24.0816],[87.8996,24.0853],[87.8993,24.0897],[87.9103,24.0916],[87.9087,24.0942],[87.9124,24.0994],[87.908,24.1073],[87.9026,24.1043],[87.894,24.1061],[87.8951,24.1143],[87.8909,24.1155],[87.8963,24.118],[87.9019,24.1267],[87.905,24.1266],[87.9102,24.1348],[87.9093,24.1434],[87.8987,24.1436],[87.8969,24.1464],[87.8999,24.1499],[87.8973,24.1534],[87.9031,24.1539],[87.8994,24.1618],[87.9053,24.1631],[87.9062,24.1661],[87.9099,24.1623],[87.9141,24.1628],[87.9268,24.1741],[87.9284,24.1724],[87.9289,24.1769],[87.9319,24.1744],[87.9353,24.1813],[87.9313,24.1814],[87.929,24.1852],[87.9258,24.1823],[87.9201,24.1885],[87.9222,24.1958],[87.9308,24.2002],[87.9476,24.1959],[87.9569,24.1901],[87.9679,24.1893],[87.9736,24.1944],[87.9832,24.1914],[87.9892,24.2066],[87.9865,24.2126],[87.9908,24.2129],[87.9918,24.2065],[88.0046,24.215],[88.0017,24.218],[88.006,24.2192],[88.0059,24.2246],[87.9981,24.227],[87.9957,24.2323],[87.9972,24.243],[88.0205,24.2429],[88.0248,24.2482],[88.0222,24.2488],[88.025,24.2615],[88.0167,24.2707],[88.0171,24.284],[88.0128,24.2846],[88.0192,24.2909],[88.0151,24.2946],[88.0142,24.3017],[88.0177,24.3104],[88.0143,24.3094],[88.012,24.3145],[87.994,24.3132],[87.9911,24.3153],[87.9976,24.3189],[87.991,24.3282],[87.993,24.3303],[87.9864,24.3344],[87.9819,24.3332],[87.9814,24.3375],[87.977,24.339],[87.9635,24.3347],[87.9636,24.3377],[87.9571,24.3423],[87.9554,24.3634],[87.9595,24.3734],[87.967,24.3716],[87.973,24.3751],[87.9736,24.3776],[87.9693,24.3798],[87.9731,24.3952],[87.9706,24.4005],[87.9746,24.414],[87.9787,24.4149],[87.9791,24.4241],[87.975,24.426],[87.9757,24.4401],[87.9721,24.4482],[87.973,24.4564],[87.9769,24.4589],[87.9738,24.4634],[87.9741,24.4739],[87.965,24.4791],[87.9633,24.4868],[87.9501,24.4895],[87.9439,24.4876],[87.9439,24.4947],[87.9478,24.4996],[87.9445,24.5006],[87.9468,24.5113],[87.9506,24.5169],[87.9394,24.5201],[87.9405,24.5256],[87.9327,24.5369],[87.9275,24.5367],[87.9235,24.5443],[87.8988,24.5407],[87.8899,24.5447],[87.8919,24.5842],[87.8977,24.5849],[87.9011,24.5894],[87.9083,24.5889],[87.914,24.5966],[87.9108,24.6104],[87.8925,24.6097],[87.8935,24.6055],[87.8758,24.6152],[87.8781,24.6182],[87.8927,24.6135],[87.906,24.615],[87.9058,24.6293],[87.8974,24.6256],[87.8886,24.6263],[87.8879,24.6303],[87.8918,24.6341],[87.9099,24.6314],[87.9113,24.638],[87.9141,24.6377],[87.9109,24.6534],[87.9163,24.6583],[87.9166,24.6658],[87.9084,24.6672],[87.909,24.67],[87.9048,24.6724],[87.8907,24.6752],[87.8877,24.68],[87.9011,24.6941],[87.9029,24.7051],[87.8999,24.7052],[87.9006,24.7113],[87.9072,24.715],[87.9084,24.7216],[87.9045,24.7224],[87.9046,24.7253],[87.89,24.7252],[87.8888,24.7344],[87.883,24.7413],[87.8786,24.7418],[87.8741,24.7321],[87.8656,24.732],[87.8489,24.7402],[87.843,24.74],[87.8294,24.7546],[87.8164,24.7586],[87.8227,24.7696],[87.828,24.7722],[87.8301,24.77],[87.8323,24.7865],[87.8362,24.7902],[87.8407,24.7894],[87.8421,24.7857],[87.8402,24.7778],[87.836,24.7783],[87.8374,24.7658],[87.8433,24.7686],[87.8523,24.762],[87.8639,24.7704],[87.862,24.7725],[87.8692,24.775],[87.8701,24.7787],[87.8668,24.7795],[87.8698,24.7939],[87.8739,24.7956],[87.8744,24.7908],[87.8783,24.7897],[87.8816,24.8054],[87.8807,24.808],[87.8746,24.8084],[87.8744,24.818],[87.8691,24.8246],[87.8751,24.8258],[87.8751,24.8224],[87.8793,24.8225],[87.8828,24.8295],[87.8851,24.8284],[87.8826,24.8233],[87.8861,24.8282],[87.8858,24.8237],[87.8912,24.827],[87.8995,24.8234],[87.9014,24.8275],[87.896,24.8307],[87.8988,24.8446],[87.8913,24.856],[87.8967,24.8578]]]]}},{"type":"Feature","properties":{"district":"Nadia","slug":"nadia","lgd":320},"geometry":{"type":"MultiPolygon","coordinates":[[[[88.701,24.0942],[88.7236,24.0728],[88.7255,24.0654],[88.7341,24.0657],[88.7416,24.0571],[88.7411,24.0486],[88.7246,24.0477],[88.7248,24.0416],[88.7418,24.0352],[88.742,24.0329],[88.7575,24.0321],[88.749,24.0222],[88.7347,24.0175],[88.729,23.9961],[88.7365,23.9956],[88.745,24.0055],[88.7602,24.0061],[88.7687,23.9815],[88.7506,23.9852],[88.7382,23.983],[88.7357,23.9634],[88.7325,23.9611],[88.7336,23.9571],[88.7425,23.951],[88.7389,23.9493],[88.739,23.9459],[88.7434,23.9302],[88.735,23.9326],[88.7372,23.929],[88.7342,23.9282],[88.7334,23.911],[88.7249,23.9128],[88.7229,23.9163],[88.715,23.916],[88.713,23.9125],[88.7064,23.9158],[88.6993,23.9102],[88.7039,23.9072],[88.7003,23.9052],[88.7033,23.8999],[88.7055,23.9021],[88.7043,23.8992],[88.6884,23.9015],[88.6829,23.8886],[88.6754,23.8839],[88.6643,23.8824],[88.6676,23.8694],[88.661,23.8707],[88.6535,23.8655],[88.6377,23.8714],[88.6264,23.8649],[88.6248,23.8751],[88.6164,23.8765],[88.609,23.8727],[88.608,23.8623],[88.5991,23.8695],[88.5875,23.8715],[88.5825,23.8625],[88.5756,23.8616],[88.5784,23.8507],[88.5843,23.855],[88.5911,23.853],[88.5872,23.8439],[88.587,23.83],[88.5997,23.8218],[88.602,23.8163],[88.5945,23.8089],[88.5895,23.8136],[88.5851,23.8136],[88.5962,23.8049],[88.5924,23.8045],[88.5916,23.7978],[88.5816,23.7973],[88.5827,23.7911],[88.5781,23.7866],[88.5713,23.783],[88.5593,23.786],[88.556,23.7842],[88.5607,23.784],[88.5601,23.7808],[88.5655,23.7773],[88.5796,23.7747],[88.5804,23.7582],[88.5701,23.7481],[88.5743,23.7397],[88.5717,23.7345],[88.5743,23.7337],[88.5753,23.7382],[88.5766,23.733],[88.569,23.7276],[88.5679,23.7148],[88.5645,23.7113],[88.5679,23.7013],[88.5675,23.6862],[88.5729,23.6851],[88.5741,23.681],[88.5738,23.6669],[88.5694,23.6661],[88.5703,23.6612],[88.5663,23.6568],[88.5627,23.6576],[88.5582,23.6492],[88.5634,23.6455],[88.5622,23.6372],[88.571,23.6361],[88.5938,23.6408],[88.5941,23.6176],[88.5853,23.6165],[88.5803,23.6029],[88.5972,23.6019],[88.5979,23.6063],[88.6063,23.6104],[88.6015,23.6069],[88.6091,23.6044],[88.6057,23.6001],[88.6138,23.6034],[88.6182,23.6018],[88.6295,23.6091],[88.6371,23.6067],[88.6382,23.6107],[88.6455,23.6093],[88.6383,23.5976],[88.6388,23.5907],[88.6441,23.5915],[88.6506,23.5854],[88.6483,23.5804],[88.6552,23.563],[88.6543,23.5562],[88.6633,23.5473],[88.6677,23.5458],[88.6737,23.5488],[88.6783,23.5458],[88.6862,23.5378],[88.6842,23.5293],[88.6912,23.5313],[88.6917,23.5245],[88.6964,23.5257],[88.6958,23.5173],[88.7062,23.517],[88.7149,23.5085],[88.7243,23.5125],[88.7304,23.5037],[88.7296,23.4964],[88.7425,23.4869],[88.744,23.4834],[88.7414,23.4797],[88.7463,23.4829],[88.7609,23.4784],[88.7568,23.4862],[88.7607,23.4899],[88.7679,23.4809],[88.7749,23.4799],[88.7683,23.4901],[88.772,23.4978],[88.784,23.5024],[88.786,23.5072],[88.7845,23.4972],[88.7927,23.5029],[88.8008,23.4971],[88.798,23.4955],[88.8006,23.4914],[88.7946,23.4856],[88.8014,23.4858],[88.7941,23.481],[88.7873,23.4691],[88.792,23.4635],[88.7905,23.4602],[88.7928,23.461],[88.7895,23.4591],[88.7928,23.4554],[88.79,23.4491],[88.7945,23.4475],[88.7949,23.4431],[88.7899,23.4439],[88.7904,23.4414],[88.7887,23.4414],[88.7868,23.442],[88.7893,23.4442],[88.7851,23.4448],[88.7843,23.4384],[88.7823,23.4404],[88.7828,23.4372],[88.7791,23.4373],[88.7822,23.4413],[88.7733,23.444],[88.7733,23.4483],[88.7703,23.4463],[88.7643,23.4482],[88.7613,23.4266],[88.7581,23.4254],[88.7544,23.4164],[88.7612,23.4084],[88.7493,23.4006],[88.7499,23.3967],[88.7544,23.3949],[88.753,23.3894],[88.7596,23.3846],[88.7603,23.3867],[88.7629,23.3872],[88.7585,23.3741],[88.7654,23.3679],[88.7582,23.3599],[88.7477,23.362],[88.7437,23.3545],[88.746,23.349],[88.732,23.352],[88.7332,23.347],[88.7391,23.3435],[88.7327,23.3281],[88.7437,23.3279],[88.7497,23.3215],[88.7453,23.3078],[88.7393,23.3049],[88.7318,23.308],[88.7287,23.3126],[88.7304,23.3196],[88.7248,23.318],[88.7274,23.3029],[88.7254,23.2987],[88.719,23.2979],[88.72,23.3033],[88.7146,23.3058],[88.7068,23.304],[88.7074,23.3082],[88.7126,23.3107],[88.7103,23.3129],[88.6963,23.302],[88.6976,23.2917],[88.709,23.2897],[88.7114,23.2782],[88.7244,23.2716],[88.7189,23.2548],[88.7473,23.244],[88.7542,23.2357],[88.738,23.2345],[88.7303,23.2393],[88.723,23.2395],[88.7198,23.2336],[88.7131,23.238],[88.7082,23.2321],[88.7111,23.2224],[88.7022,23.2154],[88.7164,23.2137],[88.7157,23.1903],[88.7196,23.1871],[88.7138,23.1769],[88.7166,23.1806],[88.7175,23.1745],[88.7092,23.1723],[88.7122,23.1679],[88.7001,23.169],[88.696,23.162],[88.697,23.1573],[88.6939,23.157],[88.7048,23.1358],[88.693,23.1201],[88.6946,23.1103],[88.6834,23.109],[88.6858,23.1057],[88.6812,23.0974],[88.6742,23.0952],[88.683,23.0784],[88.6829,23.0694],[88.6935,23.0681],[88.6956,23.0651],[88.686,23.0533],[88.6823,23.0533],[88.6848,23.049],[88.6812,23.0479],[88.6811,23.0447],[88.6862,23.0395],[88.6841,23.0367],[88.6879,23.0262],[88.6801,23.0147],[88.6756,23.0156],[88.6792,23.0013],[88.6669,22.9922],[88.663,22.9817],[88.6654,22.9505],[88.6796,22.9444],[88.6756,22.9403],[88.6693,22.9432],[88.6574,22.9386],[88.6625,22.9335],[88.6606,22.9276],[88.6552,22.9245],[88.6568,22.9113],[88.6646,22.905],[88.669,22.8941],[88.6593,22.8753],[88.6534,22.8868],[88.6445,22.8859],[88.6437,22.8812],[88.6273,22.8834],[88.6207,22.889],[88.6206,22.8954],[88.612,22.9098],[88.608,22.9054],[88.5914,22.9119],[88.5818,22.9096],[88.5799,22.9159],[88.574,22.9129],[88.5665,22.9145],[88.5643,22.9228],[88.5614,22.9205],[88.5483,22.9223],[88.536,22.9308],[88.5328,22.9286],[88.5272,22.9342],[88.5144,22.9325],[88.5114,22.9344],[88.514,22.941],[88.507,22.9462],[88.4911,22.937],[88.4706,22.9361],[88.4707,22.9423],[88.4665,22.9442],[88.4637,22.9507],[88.4536,22.9492],[88.4185,22.9568],[88.4118,22.9456],[88.4082,22.953],[88.4041,22.9823],[88.42,23.0147],[88.424,23.0187],[88.4414,23.0203],[88.4476,23.0261],[88.4542,23.0388],[88.4587,23.0641],[88.4686,23.0805],[88.4752,23.0811],[88.4909,23.0733],[88.4991,23.0769],[88.5077,23.1156],[88.5021,23.1281],[88.4583,23.1296],[88.4507,23.1332],[88.4508,23.1517],[88.4725,23.2078],[88.468,23.2211],[88.4635,23.2241],[88.4508,23.2245],[88.4188,23.212],[88.4088,23.2104],[88.394,23.2138],[88.3604,23.2303],[88.3542,23.2365],[88.3511,23.2407],[88.363,23.2545],[88.3554,23.2644],[88.3497,23.2804],[88.3309,23.2812],[88.3344,23.2937],[88.3488,23.291],[88.3264,23.3141],[88.3274,23.3228],[88.3364,23.3286],[88.3352,23.3313],[88.3293,23.3302],[88.3327,23.3349],[88.3309,23.3416],[88.3387,23.34],[88.3432,23.3471],[88.3302,23.3543],[88.329,23.3647],[88.3361,23.3774],[88.3529,23.3907],[88.3567,23.4069],[88.3495,23.415],[88.3416,23.4169],[88.3311,23.4148],[88.328,23.4191],[88.3355,23.4206],[88.3424,23.4277],[88.3517,23.4312],[88.3494,23.436],[88.3428,23.4361],[88.3455,23.4478],[88.34,23.4511],[88.339,23.4575],[88.3675,23.4591],[88.3683,23.4616],[88.3567,23.4659],[88.3648,23.4729],[88.3624,23.4811],[88.3891,23.5007],[88.3844,23.5094],[88.3692,23.5233],[88.3556,23.5466],[88.3561,23.5432],[88.3467,23.549],[88.3273,23.5474],[88.3193,23.5507],[88.3154,23.548],[88.3169,23.5463],[88.3146,23.5477],[88.3077,23.543],[88.2931,23.5443],[88.2913,23.5402],[88.275,23.5377],[88.2737,23.5596],[88.2955,23.5634],[88.3158,23.5716],[88.3213,23.5766],[88.3149,23.5911],[88.2847,23.5782],[88.283,23.5836],[88.2861,23.5884],[88.2798,23.5928],[88.2809,23.6069],[88.2775,23.6065],[88.2761,23.5964],[88.2723,23.5985],[88.2676,23.6029],[88.2646,23.6141],[88.2576,23.6202],[88.2548,23.6167],[88.2534,23.6193],[88.2285,23.6161],[88.2292,23.6126],[88.2236,23.6068],[88.2146,23.6079],[88.197,23.6223],[88.1643,23.6235],[88.1534,23.6314],[88.1521,23.6397],[88.1372,23.6541],[88.1343,23.6625],[88.1444,23.6894],[88.1642,23.7133],[88.181,23.7173],[88.2168,23.7085],[88.2279,23.7078],[88.2325,23.7111],[88.2324,23.7191],[88.2264,23.7238],[88.2161,23.729],[88.2009,23.7302],[88.1918,23.7378],[88.1953,23.7441],[88.1936,23.7614],[88.1987,23.7687],[88.2022,23.7699],[88.2229,23.7584],[88.2316,23.7597],[88.2407,23.7661],[88.2348,23.7845],[88.2347,23.8007],[88.2374,23.8048],[88.25,23.8043],[88.2515,23.8009],[88.2577,23.8024],[88.2692,23.8123],[88.2728,23.8086],[88.2946,23.8046],[88.2975,23.8115],[88.317,23.8073],[88.3195,23.8092],[88.3195,23.8231],[88.3484,23.8222],[88.3519,23.8305],[88.3565,23.8255],[88.3678,23.8236],[88.3679,23.817],[88.3776,23.8138],[88.3862,23.8148],[88.3877,23.8221],[88.4077,23.8218],[88.4094,23.8171],[88.406,23.8147],[88.4093,23.8063],[88.4186,23.804],[88.4362,23.8436],[88.4482,23.8563],[88.4558,23.8491],[88.4577,23.8429],[88.4567,23.8367],[88.4478,23.827],[88.4489,23.8245],[88.4766,23.8219],[88.4789,23.8281],[88.4737,23.8397],[88.4775,23.8535],[88.4765,23.8629],[88.463,23.8886],[88.4829,23.9033],[88.5039,23.8851],[88.5091,23.8886],[88.5109,23.8956],[88.507,23.9052],[88.4974,23.911],[88.4613,23.922],[88.4573,23.928],[88.4653,23.9386],[88.4705,23.942],[88.4802,23.9357],[88.4901,23.9362],[88.4951,23.9408],[88.4978,23.9507],[88.5073,23.9491],[88.5119,23.9569],[88.5233,23.9513],[88.5228,23.9706],[88.5136,23.9841],[88.5119,23.9919],[88.5186,23.9955],[88.5336,23.993],[88.5425,23.9974],[88.5497,24.0228],[88.5488,24.0373],[88.5535,24.041],[88.5606,24.0402],[88.5837,24.0287],[88.5903,24.0208],[88.5947,24.0016],[88.6113,23.9851],[88.6206,23.9823],[88.6287,23.985],[88.6499,24.0102],[88.6471,24.0208],[88.6334,24.0238],[88.6307,24.0294],[88.6321,24.0349],[88.6464,24.0515],[88.6507,24.0691],[88.6568,24.0733],[88.6814,24.0781],[88.6782,24.083],[88.667,24.0818],[88.669,24.0856],[88.701,24.0942]]]]}},{"type":"Feature","properties":{"district":"Paschim Bardhaman","slug":"paschim-bardhaman","lgd":704},"geometry":{"type":"MultiPolygon","coordinates":[[[[86.9162,23.8819],[86.9325,23.8687],[86.9357,23.8518],[86.946,23.8466],[86.9615,23.8492],[86.9657,23.8648],[86.9732,23.8688],[86.986,23.8596],[87.011,23.8526],[87.038,23.8392],[87.0573,23.821],[87.091,23.8062],[87.101,23.7965],[87.1201,23.7686],[87.1551,23.7487],[87.1701,23.748],[87.1768,23.7517],[87.1915,23.7488],[87.2098,23.75],[87.2258,23.7402],[87.264,23.7494],[87.2707,23.7455],[87.2791,23.7289],[87.2931,23.7222],[87.3125,23.7229],[87.3309,23.7174],[87.3411,23.7227],[87.3552,23.7198],[87.3671,23.7023],[87.3879,23.6991],[87.4146,23.6848],[87.4174,23.6776],[87.41,23.6576],[87.4176,23.6475],[87.4239,23.645],[87.446,23.6136],[87.4736,23.6128],[87.5023,23.601],[87.5103,23.6066],[87.5146,23.6184],[87.5263,23.6207],[87.531,23.6188],[87.5348,23.6098],[87.5285,23.5898],[87.5246,23.5871],[87.5195,23.5888],[87.5045,23.5728],[87.4975,23.5598],[87.4875,23.553],[87.4919,23.5378],[87.485,23.5376],[87.4782,23.5427],[87.4795,23.5357],[87.4752,23.5328],[87.4802,23.5325],[87.4791,23.5281],[87.4831,23.5238],[87.498,23.5275],[87.5107,23.5236],[87.5143,23.5252],[87.5121,23.5263],[87.5138,23.528],[87.5246,23.5239],[87.5352,23.5272],[87.5405,23.5241],[87.5509,23.5298],[87.5631,23.527],[87.5665,23.5305],[87.5705,23.5282],[87.5777,23.531],[87.5747,23.5231],[87.5762,23.5177],[87.5696,23.5096],[87.5702,23.5065],[87.5649,23.5052],[87.5569,23.4937],[87.5529,23.4935],[87.5519,23.497],[87.5513,23.4945],[87.5402,23.4938],[87.5393,23.4871],[87.5311,23.4829],[87.5366,23.475],[87.5464,23.4775],[87.5433,23.472],[87.5445,23.4637],[87.5391,23.4679],[87.5405,23.4563],[87.538,23.4555],[87.5421,23.4498],[87.5507,23.4487],[87.5585,23.4532],[87.5595,23.4578],[87.5632,23.447],[87.566,23.4473],[87.5718,23.4221],[87.5679,23.4075],[87.5764,23.404],[87.5656,23.3776],[87.5677,23.3654],[87.5643,23.361],[87.559,23.3608],[87.5554,23.3536],[87.5505,23.3545],[87.5414,23.344],[87.5351,23.3438],[87.5408,23.3408],[87.5448,23.3231],[87.5473,23.3223],[87.543,23.3181],[87.524,23.337],[87.4992,23.3486],[87.4775,23.3743],[87.4417,23.4086],[87.4113,23.4272],[87.3775,23.4401],[87.3438,23.4649],[87.3028,23.4826],[87.2747,23.5007],[87.2676,23.5095],[87.2488,23.519],[87.2421,23.5288],[87.2104,23.5575],[87.1848,23.5668],[87.1659,23.5655],[87.1481,23.5731],[87.1219,23.5764],[87.0887,23.5966],[87.0718,23.6016],[87.0596,23.612],[87.0337,23.618],[87.0134,23.6325],[86.9955,23.6335],[86.9718,23.627],[86.9572,23.6332],[86.9122,23.6305],[86.9024,23.6381],[86.8942,23.6522],[86.864,23.6617],[86.858,23.6747],[86.8477,23.6832],[86.8264,23.6848],[86.8006,23.6994],[86.7993,23.7037],[86.8082,23.7224],[86.8123,23.7448],[86.8261,23.7492],[86.8284,23.7602],[86.8259,23.7767],[86.8198,23.7883],[86.8193,23.7859],[86.8034,23.8013],[86.8101,23.8214],[86.7994,23.8322],[86.8057,23.8373],[86.8103,23.8353],[86.816,23.8252],[86.8139,23.8193],[86.8265,23.8139],[86.8369,23.8195],[86.8388,23.8246],[86.8529,23.825],[86.8613,23.835],[86.8636,23.8445],[86.8742,23.8473],[86.88,23.8453],[86.8809,23.829],[86.8865,23.8256],[86.886,23.8212],[86.8903,23.8205],[86.8946,23.8263],[86.8928,23.8373],[86.8863,23.8457],[86.887,23.8564],[86.8802,23.8623],[86.8959,23.8783],[86.9162,23.8819]]]]}},{"type":"Feature","properties":{"district":"Purba Bardhaman","slug":"purba-bardhaman","lgd":306},"geometry":{"type":"MultiPolygon","coordinates":[[[[87.9871,23.8409],[87.9965,23.8427],[88.0002,23.8396],[88.0063,23.8445],[88.009,23.8432],[88.0161,23.8373],[88.0182,23.8289],[88.0236,23.8276],[88.0293,23.8187],[88.027,23.8111],[88.0305,23.8053],[88.0307,23.7967],[88.0453,23.7905],[88.047,23.7833],[88.0597,23.7813],[88.0583,23.7723],[88.0406,23.7735],[88.036,23.7621],[88.04,23.7457],[88.0465,23.745],[88.0468,23.7414],[88.0518,23.7391],[88.0526,23.7273],[88.0603,23.7223],[88.0644,23.726],[88.08,23.7231],[88.0806,23.7261],[88.0842,23.725],[88.0884,23.7347],[88.0936,23.738],[88.0941,23.7527],[88.1055,23.7538],[88.1166,23.7491],[88.1232,23.7518],[88.1323,23.7406],[88.1284,23.7396],[88.1324,23.7338],[88.1396,23.7372],[88.1447,23.7332],[88.1555,23.7366],[88.1581,23.7511],[88.1626,23.7557],[88.1779,23.7591],[88.1873,23.7704],[88.1945,23.766],[88.1936,23.735],[88.2009,23.7302],[88.2161,23.729],[88.2264,23.7238],[88.2324,23.7191],[88.2329,23.7118],[88.2279,23.7078],[88.2168,23.7085],[88.181,23.7173],[88.1632,23.7125],[88.1444,23.6894],[88.1343,23.6625],[88.1372,23.6541],[88.1521,23.6397],[88.1534,23.6314],[88.167,23.6228],[88.197,23.6223],[88.2172,23.6074],[88.2242,23.6069],[88.2292,23.6126],[88.2285,23.6161],[88.2534,23.6193],[88.2548,23.6167],[88.2576,23.6202],[88.2646,23.6141],[88.2676,23.6029],[88.2723,23.5985],[88.2761,23.5964],[88.2775,23.6065],[88.2809,23.6069],[88.2798,23.5928],[88.2861,23.5884],[88.283,23.5836],[88.2847,23.5782],[88.3146,23.5913],[88.3213,23.5766],[88.3099,23.5682],[88.2741,23.56],[88.275,23.5377],[88.2913,23.5402],[88.2931,23.5443],[88.3077,23.543],[88.3146,23.5477],[88.3169,23.5463],[88.3154,23.548],[88.3193,23.5507],[88.3273,23.5474],[88.3467,23.549],[88.3558,23.5432],[88.3556,23.5466],[88.3587,23.5448],[88.3577,23.5402],[88.3643,23.5308],[88.3663,23.532],[88.3692,23.5233],[88.3855,23.508],[88.3891,23.5007],[88.3624,23.4811],[88.3648,23.4729],[88.3567,23.4659],[88.3683,23.4616],[88.3675,23.4591],[88.339,23.4575],[88.34,23.4511],[88.3455,23.4478],[88.3428,23.4361],[88.3494,23.436],[88.3517,23.4312],[88.3424,23.4277],[88.3355,23.4206],[88.3286,23.4206],[88.3283,23.4177],[88.3311,23.4148],[88.3416,23.4169],[88.3495,23.415],[88.3567,23.4069],[88.3529,23.3907],[88.3304,23.3697],[88.3302,23.3543],[88.3432,23.3471],[88.3387,23.34],[88.3309,23.3416],[88.3327,23.3349],[88.3293,23.3302],[88.3352,23.3313],[88.3364,23.3286],[88.3274,23.3228],[88.326,23.316],[88.3488,23.2911],[88.3344,23.2937],[88.3311,23.2808],[88.3496,23.2805],[88.3554,23.2644],[88.363,23.2548],[88.3511,23.2407],[88.3523,23.2386],[88.3604,23.2303],[88.394,23.2138],[88.415,23.2115],[88.403,23.1896],[88.3974,23.1884],[88.3893,23.1941],[88.3816,23.1964],[88.384,23.1954],[88.3819,23.1807],[88.3748,23.1765],[88.3676,23.1775],[88.368,23.1676],[88.3753,23.1632],[88.3615,23.1529],[88.3646,23.1508],[88.3629,23.1428],[88.3664,23.1396],[88.3611,23.1362],[88.3593,23.1174],[88.3542,23.1193],[88.3489,23.1159],[88.3451,23.1182],[88.3468,23.1224],[88.3429,23.1316],[88.3301,23.1286],[88.3211,23.1332],[88.317,23.1262],[88.3095,23.1286],[88.2984,23.1266],[88.2967,23.1308],[88.2872,23.1285],[88.2641,23.131],[88.2538,23.1393],[88.2542,23.148],[88.2483,23.1494],[88.2486,23.152],[88.2441,23.1463],[88.2399,23.1572],[88.2312,23.1552],[88.2341,23.1595],[88.2225,23.1573],[88.2211,23.1525],[88.2152,23.1593],[88.2101,23.1571],[88.2038,23.1606],[88.1946,23.1581],[88.1868,23.1611],[88.1785,23.1552],[88.1688,23.1567],[88.1646,23.1419],[88.162,23.1428],[88.1537,23.1333],[88.154,23.1248],[88.1633,23.1264],[88.1571,23.0965],[88.1517,23.0948],[88.1523,23.0893],[88.1468,23.0774],[88.1423,23.0745],[88.1335,23.077],[88.1324,23.07],[88.1218,23.0639],[88.1164,23.0529],[88.0999,23.0553],[88.0978,23.0473],[88.094,23.0492],[88.0887,23.0433],[88.0688,23.0486],[88.0671,23.0454],[88.0644,23.0495],[88.0597,23.0443],[88.0538,23.0433],[88.0513,23.0468],[88.0464,23.0299],[88.0479,23.0227],[88.0366,23.0129],[88.0476,23.0017],[88.0496,22.99],[88.0425,22.9894],[88.0425,22.9848],[88.0363,22.9879],[88.0331,22.9793],[88.0284,22.9801],[88.0256,22.9872],[88.0208,22.9877],[88.0212,22.9766],[88.0068,22.9816],[88.0047,22.9689],[88.0102,22.9638],[87.9961,22.9566],[87.988,22.9587],[87.9869,22.9634],[87.9813,22.966],[87.9759,22.9626],[87.9691,22.9644],[87.9634,22.96],[87.9617,22.9518],[87.9538,22.9541],[87.9525,22.9573],[87.9475,22.9555],[87.9414,22.9409],[87.9347,22.9417],[87.9307,22.9459],[87.9136,22.9449],[87.9109,22.9411],[87.8934,22.9365],[87.8942,22.9322],[87.8904,22.9331],[87.889,22.9381],[87.8903,22.9465],[87.8945,22.9465],[87.892,22.9495],[87.8945,22.9525],[87.8882,22.9606],[87.8753,22.9568],[87.8745,22.9406],[87.8654,22.9413],[87.8636,22.9388],[87.8602,22.9421],[87.8604,22.9372],[87.8569,22.942],[87.8464,22.9402],[87.843,22.9347],[87.8361,22.9362],[87.8319,22.9456],[87.8198,22.9563],[87.8185,22.953],[87.8216,22.95],[87.8169,22.9524],[87.8161,22.9449],[87.8087,22.9454],[87.807,22.9512],[87.8043,22.951],[87.8006,22.9377],[87.7915,22.9417],[87.7865,22.9349],[87.777,22.9344],[87.7823,22.9427],[87.7792,22.9478],[87.7751,22.9472],[87.7792,22.9496],[87.7795,22.9536],[87.7778,22.9606],[87.7745,22.9616],[87.7757,22.9666],[87.7654,22.9611],[87.7481,22.9617],[87.7409,22.9687],[87.7388,22.9853],[87.7238,23.0028],[87.7121,23.0106],[87.7206,23.0193],[87.7221,23.0291],[87.7373,23.0276],[87.7417,23.0312],[87.7392,23.0322],[87.7444,23.0491],[87.743,23.055],[87.7519,23.0677],[87.7643,23.0755],[87.7615,23.0816],[87.753,23.0817],[87.7553,23.0941],[87.7492,23.1018],[87.7444,23.1013],[87.7425,23.1043],[87.7477,23.1047],[87.7465,23.1114],[87.7333,23.1203],[87.7332,23.1309],[87.7308,23.1306],[87.7294,23.1229],[87.7328,23.1175],[87.7286,23.1207],[87.7254,23.1157],[87.7185,23.1172],[87.7167,23.1223],[87.692,23.1288],[87.689,23.1289],[87.6842,23.1222],[87.69,23.1452],[87.683,23.1461],[87.6776,23.1584],[87.6698,23.1597],[87.6605,23.1667],[87.6618,23.1711],[87.6658,23.167],[87.669,23.167],[87.669,23.1699],[87.6616,23.1737],[87.6603,23.1844],[87.6555,23.1865],[87.6576,23.189],[87.6536,23.1888],[87.6545,23.1942],[87.6469,23.1964],[87.6498,23.2097],[87.648,23.2171],[87.6556,23.2206],[87.6545,23.2232],[87.6585,23.2223],[87.6528,23.2264],[87.6536,23.2409],[87.635,23.2402],[87.6206,23.2507],[87.6004,23.2571],[87.594,23.2688],[87.5622,23.2958],[87.5573,23.3117],[87.543,23.3181],[87.5473,23.3225],[87.5427,23.3293],[87.5438,23.3348],[87.5399,23.3377],[87.5406,23.3411],[87.5351,23.3438],[87.5414,23.344],[87.5505,23.3545],[87.5554,23.3536],[87.559,23.3608],[87.5643,23.361],[87.5677,23.3654],[87.5656,23.3776],[87.5764,23.404],[87.5679,23.4075],[87.5718,23.4221],[87.566,23.4473],[87.5632,23.447],[87.5595,23.4578],[87.5585,23.4532],[87.5507,23.4487],[87.5421,23.4498],[87.538,23.4555],[87.5405,23.4563],[87.5391,23.4679],[87.5445,23.4637],[87.5433,23.472],[87.5464,23.4775],[87.5366,23.475],[87.5311,23.4829],[87.5393,23.4871],[87.5402,23.4938],[87.5513,23.4945],[87.5519,23.497],[87.5529,23.4935],[87.5569,23.4937],[87.5649,23.5052],[87.5702,23.5065],[87.5696,23.5096],[87.5762,23.5177],[87.5747,23.5231],[87.5777,23.531],[87.5705,23.5282],[87.5665,23.5305],[87.5631,23.527],[87.5509,23.5298],[87.5405,23.5241],[87.5352,23.5272],[87.5246,23.5239],[87.5138,23.528],[87.5121,23.5263],[87.5143,23.5252],[87.5107,23.5236],[87.498,23.5275],[87.4831,23.5238],[87.4791,23.5281],[87.4802,23.5325],[87.4752,23.5328],[87.4795,23.5357],[87.4782,23.5427],[87.485,23.5376],[87.4919,23.5378],[87.4909,23.5481],[87.487,23.5524],[87.4975,23.5598],[87.5045,23.5728],[87.5195,23.5888],[87.5246,23.5871],[87.5285,23.5898],[87.5348,23.6098],[87.544,23.6061],[87.5517,23.6098],[87.5579,23.6087],[87.5713,23.5978],[87.5861,23.595],[87.5976,23.6006],[87.6288,23.6058],[87.6359,23.6105],[87.6547,23.6034],[87.6605,23.609],[87.6645,23.6195],[87.6722,23.6208],[87.6779,23.6203],[87.6826,23.6098],[87.6891,23.6067],[87.6989,23.6098],[87.7046,23.6196],[87.7133,23.6201],[87.7198,23.6136],[87.7235,23.6023],[87.731,23.5969],[87.7326,23.5882],[87.739,23.5861],[87.7415,23.5932],[87.745,23.5946],[87.7614,23.5873],[87.7676,23.5782],[87.7757,23.5842],[87.781,23.5844],[87.7837,23.5799],[87.7824,23.5729],[87.7959,23.5722],[87.8035,23.5592],[87.8106,23.5617],[87.8145,23.5679],[87.8298,23.5661],[87.8377,23.569],[87.8452,23.5619],[87.846,23.5501],[87.8638,23.5468],[87.8743,23.5582],[87.882,23.5507],[87.8881,23.5626],[87.8971,23.5418],[87.9057,23.5423],[87.9111,23.5583],[87.923,23.5708],[87.9327,23.5723],[87.9343,23.5903],[87.9469,23.5944],[87.9531,23.6281],[87.9611,23.6304],[87.9551,23.6333],[87.9536,23.6378],[87.9447,23.6405],[87.9446,23.6444],[87.9342,23.6467],[87.9363,23.663],[87.9296,23.6588],[87.9268,23.6651],[87.9209,23.6655],[87.9186,23.6624],[87.9117,23.6639],[87.9111,23.6665],[87.9153,23.6684],[87.9099,23.6717],[87.9195,23.6741],[87.9226,23.6813],[87.9138,23.6847],[87.9144,23.6923],[87.9184,23.6956],[87.9088,23.7096],[87.9103,23.7193],[87.9181,23.718],[87.9195,23.7148],[87.9172,23.7294],[87.9349,23.7283],[87.9368,23.7391],[87.9456,23.7402],[87.9482,23.7488],[87.9543,23.7498],[87.9554,23.7559],[87.9469,23.7566],[87.9473,23.7639],[87.9382,23.7644],[87.9386,23.7742],[87.9497,23.7766],[87.9555,23.7864],[87.9582,23.8038],[87.9665,23.805],[87.9662,23.8237],[87.9748,23.8319],[87.9665,23.8351],[87.9681,23.8441],[87.9718,23.8445],[87.9719,23.841],[87.9787,23.8447],[87.9871,23.8409]]]]}},{"type":"Feature","properties":{"district":"Purulia","slug":"purulia","lgd":321},"geometry":{"type":"Polygon","coordinates":[[[86.80535690146986,23.69618585720505],[86.80478838287938,23.696489965485515],[86.80464170865473,23.6960668062974],[86.80384556415775,23.69499667336345],[86.8036529222417,23.694737732324576],[86.80255627511255,23.693462772399396],[86.80173403545488,23.692332598624052],[86.80109775334924,23.691500863077664],[86.79992343967723,23.68969279765381],[86.79953342352022,23.68924808761186],[86.79934563520165,23.689034053675435],[86.799296843207,23.688978443540073],[86.79906437897438,23.688799550030076],[86.79853262214027,23.688390332477066],[86.79760102068161,23.688271622432957],[86.7964238800114,23.688378533539627],[86.79521730334596,23.688485359828267],[86.79340280169347,23.688537141672622],[86.79276532572682,23.68845493170233],[86.79154930776774,23.688372053707205],[86.79068685053483,23.68793733905471],[86.78940243574833,23.68766462139352],[86.78804986757784,23.687057597789572],[86.78702072794397,23.686595508770633],[86.78688354531862,23.686546930333268],[86.78583421425208,23.68617501166507],[86.78458271463589,23.685495233830526],[86.78458266433024,23.68549521573233],[86.78322624687878,23.6849941062761],[86.78165314230607,23.684412924567024],[86.78027718470054,23.68336772798221],[86.78027712810669,23.683367685203937],[86.77689134905474,23.682748029393508],[86.77477403430312,23.68218172218695],[86.7737193861084,23.6817894103035],[86.77270967344084,23.681544026181005],[86.77169824229615,23.68109700218582],[86.77115138568044,23.68085525956461],[86.77026887715205,23.680781689426027],[86.76921945984725,23.68078012963467],[86.76858134517843,23.681104402127314],[86.76558003428833,23.681226285972492],[86.76487395667837,23.68117105834616],[86.76410916338483,23.681070579578673],[86.7614126167346,23.68075031013855],[86.76060859670758,23.680676808222916],[86.75975565083688,23.68050387432902],[86.75908071961443,23.68043956322169],[86.75696094258062,23.68023755721486],[86.75617651031834,23.680146020247992],[86.75572164208603,23.680118256481812],[86.75504622128177,23.680019273358777],[86.7543725324294,23.679799915539302],[86.75328610633152,23.679761316166026],[86.75300993097551,23.67972083859959],[86.75179351955435,23.67933206180312],[86.75060585242562,23.679495136571596],[86.74940744234443,23.67954805070048],[86.74794011080317,23.678953679314024],[86.74640440668898,23.679353336406976],[86.74608049755373,23.67986985327363],[86.74531012392562,23.67997501072234],[86.74493561538537,23.680895717035384],[86.74430437103184,23.68271920823626],[86.74359496246882,23.684443260675017],[86.74328682505501,23.686538369134528],[86.74316007905662,23.68776408160754],[86.74305928359018,23.688346817977358],[86.74249551888417,23.689960353271342],[86.74196289876905,23.69149508097113],[86.74134324178438,23.692388233654302],[86.74013406808945,23.693786291167335],[86.73959313137146,23.694489931910237],[86.73864086955959,23.694939928954174],[86.73753190832448,23.695218071990467],[86.7365603569885,23.69545124962202],[86.73535322067264,23.695801461126944],[86.73534799876587,23.695803074206623],[86.73050476784418,23.69726540294142],[86.72940564405977,23.69752544532241],[86.72882599983448,23.697662983771714],[86.72509747667073,23.69854763584637],[86.72455846414407,23.698593652472052],[86.72364548565955,23.69867150717308],[86.71817116130127,23.699122325523096],[86.71667060646756,23.698993089887693],[86.71295390872618,23.698606878454875],[86.712349174555,23.69847467285559],[86.71195379455745,23.69838823540615],[86.71069946704473,23.69784398407125],[86.70959528215205,23.69738808687104],[86.70916093503405,23.69720875987196],[86.70778790054646,23.697097811408963],[86.70683640499752,23.697114108204214],[86.70589488613813,23.6970581478041],[86.704698396655,23.696992620037776],[86.70281302601141,23.696334551207652],[86.70251271202544,23.69622972691357],[86.70165979040924,23.695811527862542],[86.70119984310232,23.695585916979486],[86.70107338366651,23.695509963892963],[86.69988722570747,23.694797535198347],[86.69884845882868,23.694379995388964],[86.69435064630339,23.692528515131183],[86.69316471561811,23.692146882925492],[86.69294304015209,23.692065469040266],[86.68839217043116,23.69039400824338],[86.68616726625459,23.68973013959924],[86.68562844147581,23.689474252375508],[86.68427636827707,23.688832142399683],[86.68260995839074,23.6884222092636],[86.68152167098357,23.68825746830177],[86.68031549856,23.688182682374766],[86.67782490865501,23.687870471582194],[86.67734207047802,23.68780923827193],[86.67594242429844,23.68763169145358],[86.67465785500171,23.687484414807525],[86.6712939229775,23.687423173912556],[86.66946936917697,23.687500565551517],[86.66847687990834,23.687428703651054],[86.66839278232639,23.687422613699514],[86.66818479808362,23.68740753154622],[86.66451661385916,23.687399604654026],[86.66278115137526,23.68717905324581],[86.66140806388707,23.68716707239671],[86.65982020807905,23.686738999819873],[86.65805613964324,23.686220313663622],[86.65758693250235,23.68605413194686],[86.65590034106484,23.685456764472793],[86.65369608107181,23.68453056044535],[86.65049467404542,23.68325481065253],[86.64915982963551,23.6827228855379],[86.64908703555477,23.682693141347528],[86.6469554528615,23.68182369500557],[86.64160603924346,23.67979718670655],[86.64103618126491,23.679577849903975],[86.64016582514567,23.67924284581737],[86.63419898775479,23.677142330403715],[86.63175473474878,23.676494217432204],[86.62938711073141,23.675866343099095],[86.62887985903997,23.675787736012133],[86.62836388560535,23.675707774702627],[86.62784814393613,23.675627848720573],[86.62292792469964,23.674595301830394],[86.62159473408813,23.67439336988236],[86.6201482102238,23.674359223914866],[86.61923363363638,23.674337632575167],[86.61860378077324,23.674322758703617],[86.61694575935505,23.674535482302044],[86.61473770667489,23.675035819036406],[86.61038268226231,23.675250742222307],[86.60979401715494,23.67522245252711],[86.60799993780209,23.675136384715866],[86.60447984264891,23.67492870449524],[86.60231296963967,23.6747605914942],[86.59832578287806,23.67394061998781],[86.59826516635933,23.673928153343766],[86.59810139090662,23.673853604383513],[86.59720746299433,23.67344669546117],[86.59643509690295,23.673036303505967],[86.59640467904912,23.67302014192383],[86.59635613768442,23.672970089876323],[86.59588646880947,23.672485804865183],[86.59590569095992,23.6721987773129],[86.59592759098823,23.671871747138894],[86.59611614826468,23.67114964824884],[86.59685672567313,23.669480509832734],[86.59793177370962,23.667487102215993],[86.59888480088613,23.666096981868183],[86.59914330458383,23.665719912869495],[86.59888538568937,23.665589236424513],[86.59811566962806,23.665199249250836],[86.59640176491433,23.664330851570337],[86.59437762791555,23.66343980017326],[86.59429627558511,23.66340398849754],[86.59342465104471,23.66303136958944],[86.59187754371631,23.66234661277713],[86.59172069607106,23.662277232568787],[86.59126227140855,23.661981909416866],[86.59011572735692,23.661243274436572],[86.58837449319728,23.65987474067662],[86.58711296299265,23.658760407618093],[86.58689837882748,23.658600406521582],[86.5839530931667,23.65640353866073],[86.58300518998058,23.65601426710744],[86.58299760101306,23.65601115022487],[86.58276535417274,23.65590048438909],[86.58244512723186,23.65574005192102],[86.58136831041257,23.65519524935228],[86.57816036814248,23.652585174960617],[86.57770014864603,23.652048406780143],[86.57729095705095,23.651571148013723],[86.57647498583736,23.65054813986397],[86.57536078023763,23.648802993579597],[86.57446071773029,23.64762950458011],[86.57262367375404,23.646823555288194],[86.57116510258342,23.64663532599971],[86.57075759982108,23.64646792627442],[86.56966114942294,23.645932001973215],[86.56893782954944,23.6456334038213],[86.56886072804693,23.64560157420214],[86.56724390606257,23.64462578524835],[86.56521804250181,23.643622628956635],[86.56497274224213,23.643462088443787],[86.56376932135827,23.6426819176183],[86.56361482550246,23.642642058102215],[86.56221172619895,23.642280053284953],[86.56106404038857,23.64214627570893],[86.55967938439616,23.641862510276223],[86.5590134084788,23.641732334196384],[86.55818478449444,23.64147382746261],[86.55687254349368,23.64098228940696],[86.55589331066372,23.640627265830126],[86.5541292467195,23.64042342737098],[86.55328240579945,23.640280261562577],[86.5529337175354,23.640221281361384],[86.55101431062403,23.6395744946554],[86.5504441283536,23.63936179401186],[86.54942799902,23.638982732967502],[86.54776532971852,23.638291349853958],[86.54597195823811,23.637545537513567],[86.54544178243889,23.637290199915128],[86.54414164354168,23.636664027674776],[86.54308589760569,23.635766759662705],[86.54119874380628,23.634306903069174],[86.53950661245838,23.63318187415089],[86.53833194844341,23.632645487254177],[86.53719086345377,23.632340525142638],[86.53665709978333,23.6321978714415],[86.5350023114018,23.63162391952862],[86.53319758970783,23.631131043347104],[86.53319754030048,23.63113102935634],[86.53124641836797,23.630598240403067],[86.53088869754374,23.630500555513223],[86.52879288307014,23.629879936468956],[86.5270683701512,23.629630870792138],[86.52653672291154,23.62971935935085],[86.52472389212548,23.63002107920908],[86.52244804269252,23.630393481037924],[86.51814219565183,23.63095826614056],[86.51619213462972,23.631299987679682],[86.51543654816953,23.631388827348324],[86.51211417849854,23.63197289556165],[86.51211412998953,23.63197290379146],[86.51074949924143,23.632298091488906],[86.51069625878945,23.63230790058457],[86.50892438489214,23.632732989495263],[86.50545632375344,23.633564939289833],[86.50080682889579,23.635081704604087],[86.50054830992669,23.63516598414481],[86.49925195473345,23.63575797870074],[86.49687528108791,23.636825173165295],[86.49470772446078,23.637043955415997],[86.49419227743897,23.637151006347953],[86.49235288077497,23.63753300814794],[86.49057772802688,23.637689800008037],[86.48983879543371,23.637617476211233],[86.48904892566902,23.63754023362132],[86.48839638405676,23.637397171642746],[86.48796146111867,23.637301819123138],[86.48687408909481,23.637072447586146],[86.48481746811703,23.636496578163094],[86.48355430657186,23.636094982874695],[86.48218211919557,23.636018144281053],[86.48073152236972,23.635913921749125],[86.47984300321379,23.635577566423862],[86.4792630652394,23.635358022130053],[86.47747304716995,23.63431326460515],[86.47615338698331,23.63334230382573],[86.4741589123552,23.63196271033814],[86.47266135250459,23.63134336479855],[86.4709247841946,23.630708228917744],[86.47091014884197,23.630702874546174],[86.46996929653254,23.63035875571928],[86.46803875140992,23.630180525987683],[86.46767155156282,23.630185517440687],[86.46645043925778,23.630202109802724],[86.46350957959639,23.630155890510153],[86.46184447765711,23.629788818547993],[86.46117205902253,23.62879294734638],[86.46044055909003,23.62786004266539],[86.46029716102123,23.62773735849999],[86.45994240463743,23.627433844979013],[86.45994229953453,23.627433756916908],[86.45944414867522,23.627007557843342],[86.45828028240994,23.62634410560671],[86.45709854416212,23.625247052006205],[86.45705440454232,23.625187260115208],[86.4566667913787,23.623356090299986],[86.45639557562134,23.62288018863667],[86.45628214085887,23.621680051590907],[86.45622371622942,23.621061915048102],[86.45564030446981,23.619894773371968],[86.45490782357703,23.619223768087174],[86.4540473102984,23.618723905983106],[86.4535182124775,23.618649830928568],[86.45259611339793,23.618818189699493],[86.45163345987486,23.619293553020785],[86.45083667128584,23.61995004580141],[86.45050301722637,23.620048289184663],[86.4499050141316,23.62005518640009],[86.44916085154688,23.619844806351384],[86.44915764635796,23.619842729775975],[86.44816364881797,23.619190933673323],[86.44712846981044,23.618265899099402],[86.44676726082794,23.617912329207428],[86.44676610200122,23.617911179378364],[86.44640610843933,23.61754981321031],[86.44609913164886,23.616663195745907],[86.44603699338404,23.615905072852282],[86.4459762951186,23.61516022032794],[86.44598348972572,23.61450525178521],[86.4462344367953,23.611714229665655],[86.44623444038854,23.611714184394657],[86.44830674325623,23.606927839415523],[86.44797987686705,23.604670777364813],[86.4479997035837,23.604458387995027],[86.44870846805465,23.601362777936256],[86.44834043816422,23.600313731379387],[86.44790548917501,23.598839888890044],[86.44741596573564,23.598273081887044],[86.44719344944652,23.598015434421082],[86.44607851261816,23.59744238647871],[86.44499014705758,23.597546926086213],[86.44329245603642,23.598046607992686],[86.44190833903318,23.598556556489232],[86.43940719392356,23.59899917769066],[86.43828111618906,23.598733130991256],[86.43676413476202,23.59821281505497],[86.43558872245043,23.59805492555376],[86.43477650529638,23.597753971755306],[86.43414261360772,23.597010973673502],[86.43390069191183,23.596269443275304],[86.43363725646319,23.595509446537026],[86.43357153661529,23.59531985024414],[86.4330065034881,23.594522881448913],[86.43210804357524,23.593760871692794],[86.42965386059205,23.59241512023507],[86.42863639815856,23.59199593483921],[86.42736291227583,23.59185575466979],[86.42442579050432,23.59114940173927],[86.42384328065326,23.591047722727744],[86.42325623431005,23.590911457696432],[86.42088460470484,23.589674558939258],[86.41977988531454,23.588066424936603],[86.4197798547718,23.58806638048068],[86.41824192553067,23.584918687525064],[86.41795880529921,23.58412518413784],[86.41749677929072,23.58323848227472],[86.41699678059683,23.5822788882377],[86.41640843978129,23.57973655693825],[86.416352428925,23.57949451269449],[86.41576117666959,23.578001904210126],[86.41501172480449,23.576842987163847],[86.41368260535786,23.576025036307932],[86.41253744561008,23.575713614324574],[86.41159655377477,23.575737160057212],[86.41085054784706,23.576023339418498],[86.41059707022333,23.57628267426028],[86.4100236872556,23.57686929660532],[86.40940091132025,23.578077242969265],[86.40823165067171,23.578768314713464],[86.4070063369461,23.578844965397494],[86.40578235991359,23.578614503578034],[86.40455035194246,23.57802266341573],[86.40379452293712,23.577768228307722],[86.40370880928597,23.577739374980528],[86.40283785668541,23.57747409038393],[86.40123920582265,23.57775705664926],[86.40096711690285,23.577915180522567],[86.40024233996195,23.578336376980797],[86.39994228738568,23.578510747504364],[86.39892221175302,23.578705479232127],[86.39736420516529,23.57868140957927],[86.39686038863144,23.57847802557061],[86.3964094208841,23.57829597261591],[86.3954665024495,23.577915319663845],[86.39325864111048,23.57642541103889],[86.39310208002782,23.57635249686504],[86.39167069636926,23.575685858051614],[86.3914202613394,23.575569221043583],[86.38993194784803,23.575168381808897],[86.38992282545634,23.575165906030186],[86.3887296327903,23.574655370978594],[86.3879744460804,23.57417972317536],[86.38782162378597,23.574083468389052],[86.38779160837737,23.574064562734367],[86.38766704528513,23.573449878823613],[86.38776506944893,23.57293468186522],[86.38786796607482,23.572393880638437],[86.38853964809086,23.57123136375134],[86.38932748945966,23.570195623204416],[86.38959457476332,23.56984449264655],[86.3901652214627,23.568195954424205],[86.39042989209484,23.567547530323594],[86.39038671097747,23.567273902331774],[86.39045037907323,23.566993591139397],[86.39026640230641,23.566511529352073],[86.39018278083157,23.56598163225872],[86.38906706336722,23.564138662222817],[86.38877583584032,23.562618657853683],[86.38876783724102,23.562109520776712],[86.38863776567946,23.56189801357444],[86.38860277360419,23.561715376883985],[86.38852918361613,23.560220570324436],[86.38766060346622,23.559943492528525],[86.38711035301536,23.559942415477],[86.38700495008979,23.55982635653725],[86.38589806036975,23.559749763921346],[86.3858884412097,23.559749335735088],[86.38542380829021,23.559729038881958],[86.38464210421145,23.55935992364534],[86.3834919318644,23.558541528766316],[86.38205632971729,23.557103636029964],[86.38113373207268,23.55572725982185],[86.38038055938566,23.55433919323248],[86.37946276143965,23.55295799955046],[86.37946270754072,23.552957916379224],[86.37862865054552,23.551651656942944],[86.37873656336397,23.550388931705267],[86.37825848985125,23.549307423868445],[86.37825847098661,23.54930737939939],[86.37701862521465,23.54849268534422],[86.3756989731128,23.547681312400137],[86.37445240165427,23.546627218594175],[86.37336011225254,23.545253276557073],[86.3723838196085,23.544510508441583],[86.37173480747698,23.54350981206037],[86.3714149003363,23.542186591721237],[86.3714610970981,23.54190604913134],[86.3716088906236,23.541835583147872],[86.37181728809142,23.541276407333505],[86.37163279569164,23.54092341568581],[86.37153344830939,23.540864382568127],[86.37151945615054,23.54084109906446],[86.3712411329227,23.54037795397336],[86.37054617465935,23.540171892578297],[86.36887980250224,23.54095115377233],[86.3681038727941,23.5408268079391],[86.367354802713,23.539784203028212],[86.36751616798577,23.539271844666107],[86.36801262911409,23.537891904296675],[86.36843163390532,23.536312955743142],[86.36836658509895,23.535571986085554],[86.3682134160548,23.534803626197753],[86.367551410691,23.53393379556048],[86.36633842274938,23.533576575616575],[86.36576292604578,23.533041329051535],[86.36534635479066,23.532073230312733],[86.36513557768563,23.531087796424018],[86.36552007998344,23.530574475972937],[86.36663129239663,23.52968482817762],[86.36701129682979,23.529215909721156],[86.36739001487548,23.528748570961902],[86.36755640801896,23.528506277134206],[86.36775501564681,23.528217069581018],[86.36782628259154,23.527648316290946],[86.3673313225481,23.526679897011274],[86.36677151222597,23.525774762192963],[86.36648561530195,23.52531250219868],[86.36619419912886,23.5247964774018],[86.36584613609222,23.523828567574252],[86.36556504874824,23.523213206426504],[86.36489111914737,23.522804010394047],[86.36477599645043,23.52254130336509],[86.36471665553941,23.522405889789834],[86.36464125814099,23.522155674577515],[86.36459129564149,23.521989866305404],[86.3646950375821,23.52190860284578],[86.36493544471844,23.521720284922353],[86.36493834358185,23.52171822821027],[86.36535249926716,23.521427853419326],[86.36578065789118,23.521127659759063],[86.36732500020513,23.51977906554341],[86.36779663908547,23.519473833746687],[86.36779821203552,23.519472799195466],[86.36779828659571,23.519472750597927],[86.36826828066079,23.519168693495477],[86.36929927980732,23.518630887599688],[86.37042817376025,23.51821264550584],[86.3707221366572,23.518103734837027],[86.37170505886805,23.517385129900447],[86.37227662274732,23.516637690545135],[86.37247590321333,23.515756307561787],[86.37307832601927,23.51498027356775],[86.37369861272296,23.51376990883456],[86.37451671563873,23.513025994281318],[86.37506892351863,23.512058125593626],[86.37533850793537,23.510627343494523],[86.37533912148471,23.51054821722522],[86.37535163321999,23.510535062870677],[86.37533932091071,23.510522615286526],[86.37535011147392,23.50913359062265],[86.3747756684941,23.50781639887137],[86.37379558406126,23.50699085098909],[86.37280219198577,23.505893929517203],[86.37087521586982,23.505103678328627],[86.37054032842347,23.504789080746594],[86.36954412372283,23.504179874071028],[86.36950820189124,23.50415896728195],[86.36938427480624,23.504068572710008],[86.36848903625197,23.5032394541063],[86.36776720937847,23.502481448402705],[86.36698381736525,23.502514118403926],[86.36613470280926,23.502350591200987],[86.36496061641101,23.502101902269715],[86.36437515559426,23.501647910016423],[86.36446247722975,23.499769487952218],[86.36476294662431,23.49837975016801],[86.36500257492132,23.49696068180878],[86.36518668104551,23.496837221227004],[86.36517240501904,23.4965460303589],[86.36572128643742,23.496640332574685],[86.36571655860405,23.495565472962078],[86.36564413103598,23.495080864077245],[86.36533699344707,23.493025791953706],[86.3649633850187,23.491271943759735],[86.36481952880912,23.490639065023498],[86.36403921532239,23.489976581540947],[86.36360833120985,23.489535935479648],[86.36353891928617,23.489421163946542],[86.36288757422986,23.488263842418586],[86.36235862193605,23.48797248595967],[86.36264883436668,23.48685888057278],[86.36251380140979,23.485836739043545],[86.36181531725896,23.4855524479261],[86.36168242229245,23.485331174732167],[86.3619974614626,23.484517308218688],[86.36210054134482,23.48443905114647],[86.36274898484275,23.4837022659047],[86.36262388725292,23.483314176092634],[86.36279956089157,23.482989367623233],[86.363863297342,23.481720091840383],[86.36471929748467,23.480865508386948],[86.36545594027214,23.480407830876548],[86.3658209266704,23.48034658144104],[86.36628303083232,23.480877194166613],[86.366814643936,23.481325124654386],[86.36701266316734,23.481615978376585],[86.36729873526285,23.482086393633914],[86.36815432757035,23.48336339419603],[86.36904602855904,23.48339373561471],[86.36932154724657,23.483741585400516],[86.36980675428099,23.483676555761342],[86.37016709099935,23.484329036535485],[86.37040083982278,23.484591849431222],[86.37103670331351,23.484729941667982],[86.37156645870118,23.48452430812255],[86.37231429898867,23.483777616658028],[86.37274523879675,23.48351087372659],[86.37298276862924,23.483510437053123],[86.3749341995822,23.48386059759855],[86.37617075213034,23.484172511410378],[86.37852523918495,23.48534702658184],[86.37813684089377,23.484631920887185],[86.37811126226438,23.484538832757135],[86.3782405621731,23.48455367788942],[86.37856519894375,23.484143752074594],[86.37832899143139,23.482895404158846],[86.37722567700614,23.481286920857865],[86.37719575951394,23.4806777695166],[86.37746214592829,23.48024851373383],[86.37797345171663,23.47978986431054],[86.37838608206262,23.479511486737497],[86.37833898249396,23.47909579991874],[86.37816817862245,23.478805324595818],[86.3782640306599,23.478012733307672],[86.37838903123168,23.4770745713253],[86.37873230085795,23.476658610689544],[86.37907082198961,23.475449572397796],[86.37909309122553,23.475024648489523],[86.37913730720213,23.474939007172562],[86.37912047816357,23.47459642569341],[86.37929411082992,23.47377045387144],[86.37908260429289,23.473755020032687],[86.37906869477902,23.473754004897863],[86.3771993419953,23.47361758454836],[86.37438084185875,23.473290184692136],[86.37224831144285,23.472848007131127],[86.36852007304502,23.472336144778406],[86.36812293145118,23.472289879832665],[86.36446146393014,23.471863292010276],[86.36426294882875,23.4718401611045],[86.36395132595163,23.471667692684804],[86.36395050578979,23.471667266683994],[86.36362811211241,23.47150335926489],[86.3635719108133,23.471359081510627],[86.36317352954434,23.47033636502078],[86.36276786473508,23.469406898511057],[86.36276674184097,23.469404363886344],[86.36235995952751,23.46847236193757],[86.36186700272712,23.467133488673426],[86.36167487464745,23.4663649092328],[86.36177971702422,23.464911154983298],[86.35960174982125,23.463782143218808],[86.35942036738898,23.46364201840633],[86.3586262198469,23.463028500590852],[86.35786489405034,23.462537574522887],[86.35743682615622,23.461975800064092],[86.35692303652608,23.460907858518514],[86.35701527643778,23.460546332662027],[86.35704224655757,23.460440628543047],[86.35704274961411,23.46043867223362],[86.35716250492297,23.459978517617266],[86.35731108447432,23.4593743342415],[86.35740215657613,23.459004001521816],[86.35738431333964,23.458404716072515],[86.35743084876631,23.458358693464007],[86.35803323384302,23.457750392199692],[86.35822144347146,23.457634422828548],[86.35901633751355,23.457240252123643],[86.35936032669035,23.456970682521458],[86.35949888194143,23.456664138386934],[86.35944151283246,23.456365849190817],[86.35922807851085,23.455967506481603],[86.35904396969165,23.45557835772875],[86.3590191160027,23.45552366886173],[86.35910469041501,23.45509965981813],[86.35915925049208,23.454599326917585],[86.3594538817356,23.453800616369364],[86.35987861418508,23.45302559558714],[86.3600292472852,23.452231302626327],[86.35959653869429,23.45215538005879],[86.35960365335134,23.45212926984532],[86.35960366592776,23.452129224519375],[86.35870428164846,23.4514108508551],[86.35761686470882,23.45114204319653],[86.35706088390475,23.451004602298045],[86.3559662966125,23.45045754532725],[86.35580925942273,23.450281051166545],[86.35553194590129,23.450358520859],[86.3548127771427,23.450388466872106],[86.35452410083121,23.449695338999657],[86.35316314059935,23.449751997461565],[86.35183948290965,23.45067354825859],[86.35041670151827,23.451202853747652],[86.34997745858202,23.451460078385317],[86.34976390747941,23.451585135711518],[86.3497355135299,23.451470144916048],[86.34952244572094,23.45060725543382],[86.3494794047407,23.449387619257543],[86.34959267600985,23.448259095326684],[86.34970614670495,23.447067238175187],[86.35003353950687,23.44617434824484],[86.35050793621515,23.445264095662782],[86.35078599623664,23.444443310514146],[86.35112339896575,23.443514328467998],[86.35105790279842,23.44288177616479],[86.35077730683288,23.442212179344708],[86.35051551799614,23.4416962866907],[86.35051052875308,23.44169437460896],[86.34992922983103,23.441468027616473],[86.34918868027036,23.441365007401885],[86.34886478640647,23.440404464774264],[86.34801237593169,23.440439925166334],[86.34779636164858,23.44123240578344],[86.34480775922479,23.44119998763865],[86.34440684830001,23.44086638621942],[86.34427140032146,23.4407521888442],[86.34427135091411,23.44075218142659],[86.34255606189656,23.44050548133052],[86.34013395954881,23.439900980576525],[86.33843412604567,23.439971590903987],[86.33674837992285,23.440433343256757],[86.33661825086912,23.4405293941039],[86.33584196003825,23.441102381233026],[86.33566041950246,23.442603164161955],[86.33542929465798,23.44308746387863],[86.3352594735434,23.44325724742182],[86.33499078923855,23.443374159072377],[86.33436251561369,23.443732807816353],[86.33421343929398,23.444174801857052],[86.33426975647573,23.444257746710125],[86.3342105619901,23.444317901104945],[86.33407062782504,23.445033460951805],[86.33385474469596,23.445830523474942],[86.33391979080739,23.447164370415106],[86.33381767841072,23.447313640867815],[86.33264510028384,23.446525565507283],[86.33141451883738,23.445942176441058],[86.3303202998544,23.44550401483871],[86.32955681899948,23.44546461389796],[86.32832355248863,23.445414086097248],[86.32725745706225,23.44522886485526],[86.32622303982609,23.444574070220042],[86.325283379581,23.444551906212162],[86.32422641373287,23.444484177932583],[86.32316912628787,23.444479594802278],[86.32208275858049,23.444429660841376],[86.32047999612864,23.443880776677602],[86.31953271367841,23.44344308954953],[86.31920225492642,23.442962898776052],[86.31920075294325,23.44296074852888],[86.31886211143733,23.442482739224197],[86.31840702850768,23.441496225922613],[86.31827312652973,23.440881430769863],[86.3180106441936,23.4405189880013],[86.31788510822592,23.44043827103507],[86.31772767218415,23.440337042612754],[86.31719857705824,23.440443193868116],[86.3166979279841,23.440702926005017],[86.31614926036477,23.440790803275252],[86.31527864103914,23.440669582176685],[86.3146925999107,23.440414080496176],[86.3141374752011,23.439869711842572],[86.31337744567354,23.43917085259509],[86.31158234852947,23.437979726118918],[86.30934450591786,23.437238171516103],[86.30844584747729,23.43686394666049],[86.30767492947014,23.436408852961026],[86.30705108633624,23.435882232820706],[86.3067303814916,23.435447240749063],[86.30611443454906,23.43529092635354],[86.30565534153996,23.43510821796308],[86.3053642460654,23.43461015012655],[86.30534981912194,23.4336255825701],[86.30552490616071,23.431964363702544],[86.30580583989278,23.430637882901134],[86.30594332794531,23.43054813774057],[86.30608220120003,23.430000512245307],[86.30636622244174,23.42993719364551],[86.30825644578447,23.429515777176675],[86.30902405799141,23.429484041933577],[86.30959273288876,23.428309998259106],[86.30970428837567,23.428252466782418],[86.31039388100183,23.42740645247398],[86.31081474081412,23.42641789373954],[86.31162833149223,23.426855364414585],[86.31311582751668,23.42766027719954],[86.31457009306217,23.427678453794808],[86.3162583733324,23.427373535556466],[86.31629121484089,23.42725929108077],[86.31689386941218,23.42730859190083],[86.31740375316743,23.427139174450286],[86.31765010086276,23.426815119635833],[86.31734976801212,23.426199563812197],[86.31723456536513,23.425765487794564],[86.31730438871722,23.425512895018745],[86.3175591149992,23.425459764774693],[86.31768712223224,23.425306799965284],[86.31740506919931,23.42496231259286],[86.31709264233002,23.42479836287299],[86.3166540596555,23.42443519185355],[86.31619506995264,23.42422541305251],[86.31571674491163,23.423979470952634],[86.31557883824415,23.423862292389558],[86.31557800370928,23.42385756511872],[86.3158015656374,23.423216912435528],[86.31612528792307,23.422890117959888],[86.31582958588773,23.422018792315964],[86.3158541350478,23.42200197585545],[86.31594450646371,23.421559757651],[86.31611412635567,23.42091912598522],[86.31613634708255,23.42040442296226],[86.316207578993,23.419880868977845],[86.31626947920428,23.419622568975775],[86.31756532415444,23.419125066812303],[86.31747660563867,23.4188249453303],[86.31757391564182,23.418739681379357],[86.31749731899247,23.418405122303596],[86.31734240092847,23.418070304369422],[86.31726610431646,23.4176905682453],[86.31720920951793,23.417338049421495],[86.31722106907631,23.416922587315106],[86.317213269903,23.41653420726955],[86.31709751030057,23.41619942664121],[86.31686425375388,23.41588232301125],[86.31650261178345,23.41579037180991],[86.31606291429961,23.415643948461625],[86.3156225098417,23.415632959243712],[86.3150449047921,23.41565760357957],[86.3146242030833,23.415628651265628],[86.31413549351761,23.415490979719486],[86.31370641501877,23.415191008266056],[86.31319908158058,23.41488173757406],[86.31242739012399,23.414589301699667],[86.31186119637346,23.41429776288951],[86.31144152952385,23.414070030257257],[86.31102363325368,23.41349011438202],[86.31052955445753,23.412503447402642],[86.31014148405143,23.4118423813567],[86.30918197193687,23.41197010751735],[86.30893320328187,23.411776406220678],[86.30766493750923,23.411985537857998],[86.30554443194173,23.412229883220483],[86.30453118620015,23.412589711193007],[86.30451605946911,23.41259508268744],[86.30269767529792,23.41290228795044],[86.30197374277338,23.413001686706657],[86.30138834573702,23.412719584898287],[86.30013403439403,23.413319820259023],[86.29912014186546,23.41352298694243],[86.29868725810307,23.413855271626517],[86.29627643500203,23.414914841428295],[86.29525504243915,23.415569576885922],[86.29366515104871,23.416375324981914],[86.29253614121312,23.41702959406184],[86.290180914845,23.418202193926685],[86.29031789894267,23.41858775320779],[86.29007213784726,23.418698533977405],[86.29018259918615,23.420979902633274],[86.29034806975983,23.422117115936047],[86.28999006506795,23.4227988656827],[86.28970303716501,23.42321927896743],[86.28848196977573,23.42278287361242],[86.2881446038775,23.42468634832062],[86.28905793809484,23.425911495221456],[86.28908365147157,23.428196358773143],[86.28897562995697,23.42846492214724],[86.28855677608269,23.42950626863859],[86.2868505429815,23.429658255152916],[86.285382341871,23.429651540826683],[86.28392497264623,23.429437158624523],[86.28329953949428,23.429244551958504],[86.28278221948509,23.42898029606284],[86.28183386624302,23.42875913163621],[86.28112257031958,23.42897977431104],[86.28065734361371,23.4291240843518],[86.27951994081842,23.429480137464537],[86.27877901396535,23.429842257725564],[86.27861709083875,23.429885535635478],[86.27651157366175,23.430446847343546],[86.27633757448278,23.430521248468995],[86.27609849146319,23.430448798327465],[86.27596262666636,23.43023141716751],[86.27573910695904,23.429932288554593],[86.27523056259186,23.4298577098846],[86.27499619393086,23.42973922515236],[86.27482135303048,23.42949450412965],[86.27448016390244,23.42924906308307],[86.27420619750372,23.42922069319262],[86.27398112191433,23.42920155738114],[86.27356173084752,23.428937669840504],[86.27350444528184,23.42865741949888],[86.27324161350109,23.428394191925616],[86.27282147862921,23.428265827987506],[86.27264583373668,23.428165665899122],[86.27252915156443,23.42802058742769],[86.27254047033699,23.427731618590588],[86.2725412177353,23.427596092004915],[86.27186595413625,23.427574902723673],[86.27136877076245,23.427678340871097],[86.27135635245195,23.427680923279418],[86.2712167767147,23.428149925052168],[86.27009893922627,23.428506024473734],[86.2685787804581,23.429040868713006],[86.26856919273905,23.42904504190117],[86.26704822728374,23.429702124933076],[86.26554734007335,23.430291174066948],[86.26412493058447,23.430844540844223],[86.26333237036552,23.430777525102503],[86.26249187424635,23.430538725713085],[86.2616517922505,23.4302276404785],[86.26091878584327,23.430034471179827],[86.26011644476749,23.429967471512413],[86.2592062771115,23.429945079211375],[86.2578442146468,23.430200587941265],[86.25672877745683,23.430113963901174],[86.25601724707312,23.42958668483604],[86.25460203668294,23.428848319167408],[86.25388136773782,23.428176509006438],[86.25347432491289,23.42795031360781],[86.25347155361024,23.427948768122423],[86.25306167300738,23.427729970070114],[86.2523503986435,23.427157591802196],[86.25232197235465,23.426990355987297],[86.2522935460658,23.42682312078515],[86.25260923292126,23.42638204053109],[86.25305476496281,23.425471917051556],[86.25377549140012,23.424373355943402],[86.25433251514822,23.423323045291202],[86.254379891398,23.42327958059295],[86.25490946263103,23.422879388995465],[86.25544970674797,23.422538692816133],[86.25629429020167,23.422027899960433],[86.25699318847585,23.421308680973638],[86.25742795600537,23.420570057237995],[86.25765623229212,23.42001115839606],[86.25803075520543,23.41955226019384],[86.2586185624217,23.41917371203811],[86.25907762219313,23.419184979579835],[86.25973798633494,23.418588915495064],[86.26036608119506,23.418497493738307],[86.26054834128136,23.418290651636166],[86.26069109435979,23.418128645636248],[86.26097647026093,23.417840969154515],[86.26091894035352,23.417642023041548],[86.2603904237426,23.41763052620655],[86.26013596875187,23.41762925922179],[86.25995138652054,23.41738455288445],[86.25995516393631,23.41669807490831],[86.25978205229285,23.41614623825008],[86.25972534793716,23.415775723382282],[86.25950926358549,23.414157819712916],[86.25934738088309,23.413335177075144],[86.25871135120403,23.413314074539066],[86.25859525293671,23.413311217341647],[86.25780130032906,23.413291673648036],[86.25729270026633,23.413235013572102],[86.25705799743204,23.413197814747186],[86.25663881387607,23.412888710861644],[86.25637589495872,23.412661684748773],[86.25610350061173,23.4123623218505],[86.25571286012558,23.41219786354836],[86.25547822107168,23.41215153385047],[86.25480379470247,23.412106012831174],[86.25385214823656,23.411679730230397],[86.25230654558626,23.41141805082001],[86.25201866877535,23.4112408038261],[86.2516873602171,23.410995372597945],[86.25128662176887,23.410903119580272],[86.25098297413486,23.410937773411508],[86.25021953100918,23.41095218083586],[86.25016231102053,23.410996847386077],[86.24971998776117,23.410904267096473],[86.24845567727071,23.411555506499553],[86.24804312417984,23.411601087062227],[86.24747508618802,23.41167061692739],[86.24732967499467,23.411797645021313],[86.24679638293972,23.412263517799502],[86.24643937088626,23.412758720264133],[86.24631817647632,23.412854766484845],[86.24519886934411,23.41439839546375],[86.24546274137398,23.416355486630344],[86.24649440347719,23.418285759302375],[86.24660011721984,23.420484365773138],[86.24655534518608,23.420778235269246],[86.24640651769968,23.421755061071305],[86.246042000222,23.423106490718748],[86.24565048837005,23.423346550677554],[86.24541245997258,23.423348666623703],[86.24398450248853,23.423161094087867],[86.24241977201089,23.422918729901276],[86.24146339052511,23.422581584050416],[86.2409138847776,23.422293192698437],[86.2394331800167,23.42172236118601],[86.23855833232106,23.421288050384945],[86.23817771793179,23.421303610702598],[86.2374380523134,23.421151237880252],[86.23623334594035,23.421289886101913],[86.23598842746469,23.42132853012258],[86.23574842097696,23.421324557820146],[86.23496234749265,23.4213566791452],[86.23488888416702,23.421352024323213],[86.2347941514304,23.421346023419083],[86.2346041784091,23.421790486899624],[86.23380482063833,23.42297090663844],[86.23349827234425,23.423347511796855],[86.23376481955705,23.423735380564107],[86.23363356311762,23.42403197451178],[86.23250470779226,23.426293546195286],[86.2314766344586,23.428049850247326],[86.23117000172289,23.428608308760346],[86.23100874245131,23.428973556150396],[86.23050542897403,23.430113523754134],[86.23044337155756,23.43070024751766],[86.23039239845338,23.431043275049376],[86.23070254629683,23.431586689323858],[86.23124928433492,23.431833325292224],[86.2317965137515,23.431998550445346],[86.2320726998873,23.432089530146694],[86.23265934917517,23.43261624617163],[86.23281920976984,23.432879709310438],[86.2328175613613,23.433159704258177],[86.23281472897322,23.433656538752285],[86.23267477774014,23.434170679177804],[86.23248771346371,23.434350405191537],[86.23215426691507,23.434502189972925],[86.23215397136936,23.43450229382441],[86.2320248340557,23.434835886581514],[86.2320418095196,23.43528757675145],[86.23213619370986,23.43589316760657],[86.23206573794381,23.43623606957109],[86.23220918362337,23.436814863696725],[86.23265769358008,23.437133161678208],[86.23325512354968,23.437559403450685],[86.23340749578816,23.437900674951955],[86.23350173265474,23.43806845329746],[86.23352310627028,23.438130979247447],[86.2335111748467,23.438519328832154],[86.23322516563326,23.438879239401878],[86.23322213381918,23.439403088220924],[86.23349466291344,23.43968442101453],[86.23392268050195,23.4401561914884],[86.23410557300221,23.44069908285664],[86.23419133067082,23.441105933435242],[86.23441438055922,23.44145933751938],[86.234715503029,23.441876284337585],[86.23493442066707,23.44201863443077],[86.23542688159743,23.443551279757965],[86.23542689507215,23.443551325086847],[86.23567053165193,23.444048320786933],[86.23670097653792,23.44501550844011],[86.23672493640318,23.445018010566958],[86.23673243553918,23.445228142074743],[86.23717292803201,23.44523926729035],[86.23740817794028,23.445195272451187],[86.23787821692115,23.445170531425845],[86.23803243519755,23.445154551951706],[86.23837772872814,23.445118775526442],[86.2388671829972,23.445130106789218],[86.23912116457579,23.445230701063966],[86.23933565172293,23.44537632189201],[86.23952973543503,23.445675323247574],[86.23981244244143,23.445893459473883],[86.23999611198444,23.445991502434428],[86.24067885226161,23.446355944399727],[86.24076884458847,23.44640398210187],[86.24133472213202,23.446749901995638],[86.24219311179336,23.447287006369432],[86.24222403899192,23.448139301061154],[86.24224392230244,23.44868724780357],[86.24218753505204,23.44998762635189],[86.24247710339061,23.45062509592976],[86.24254527833418,23.450775176698873],[86.24295339464584,23.45132820470167],[86.24343939489266,23.45194468763846],[86.24480358995783,23.453062332422377],[86.24557140877728,23.45397522853486],[86.24558158309618,23.45398734769823],[86.24692328704161,23.455637734799428],[86.24697047913672,23.455710876547982],[86.24707335330477,23.4558703156128],[86.24740855246651,23.456389823371577],[86.24740874919758,23.45639184237116],[86.24745782685646,23.457019561042515],[86.24748065843772,23.45749212005417],[86.24747519308755,23.458458503039303],[86.24713895277839,23.45906208079812],[86.24600956385375,23.459670834197137],[86.2446171652819,23.46005243981698],[86.24395289526525,23.46018423062316],[86.24395061983265,23.46018469291958],[86.24357807411127,23.460264177390773],[86.24274507173818,23.46040470875236],[86.24254389942023,23.460446040944092],[86.24184328087226,23.460589986173144],[86.24077700039292,23.460542932608817],[86.24046317035517,23.460529081058112],[86.23958279083399,23.46038026558834],[86.2388095246307,23.46035841325417],[86.23806511590759,23.460409024335778],[86.23772119410441,23.460633141116517],[86.2374352136371,23.460984024093694],[86.23693436064538,23.461252527420154],[86.23658947494992,23.461828504944776],[86.23657844273991,23.461846930646495],[86.23638093015839,23.462153086158917],[86.23621463043973,23.462125132060024],[86.23607801015976,23.46204314937716],[86.23580496992409,23.46185216911584],[86.23573648955336,23.461748655538116],[86.23560114218614,23.461544066501073],[86.23535699087168,23.461434492618203],[86.23508232019377,23.46139479565165],[86.23469747204459,23.461339174720404],[86.23451568716709,23.461312901512716],[86.2340638965629,23.461554597026872],[86.23400013324573,23.461659889053628],[86.23374756920866,23.462076955044143],[86.23358563350565,23.462336893502926],[86.23354005298812,23.46241006202998],[86.23299236453246,23.462317118908782],[86.23287587370136,23.46225945885518],[86.2322747202149,23.459566044909703],[86.23253572751733,23.458304498542127],[86.23265944888814,23.45721217749346],[86.23238484738054,23.456307144074337],[86.23233284480705,23.456135754684826],[86.23202370756832,23.45496868143447],[86.23192610830765,23.45293462700361],[86.23134157006072,23.45252262922823],[86.23122994630181,23.452156064892456],[86.23108767831363,23.45136052311589],[86.23098326443319,23.45007738221105],[86.2311033988311,23.44953017552992],[86.23108222464155,23.44679812004149],[86.2312483959011,23.445680655487216],[86.22987440201281,23.444423286817866],[86.22883417447336,23.443355066518034],[86.22799551630725,23.44409441266647],[86.22769075296564,23.444613797791725],[86.22698610727025,23.44489239484077],[86.2268958445505,23.444899692717392],[86.22682228330851,23.44489543019708],[86.22668441347199,23.444147909588605],[86.22452985906027,23.44494552634005],[86.22298969840395,23.44480555296304],[86.2205494815285,23.446522657930615],[86.21978523800392,23.446989587714057],[86.21874643609083,23.44733405311914],[86.21716934299823,23.447497758139917],[86.21541371603115,23.44805796158466],[86.21449090368921,23.44849593505578],[86.21023390254214,23.449883485381562],[86.20941712553973,23.450043671542335],[86.2088421211129,23.450156437630593],[86.20771644492531,23.45012360302226],[86.20702043293812,23.450282701878063],[86.20689225143188,23.450428861055507],[86.20623180913671,23.45118192537468],[86.20590324044005,23.452110552701438],[86.20603354736025,23.45324026009886],[86.2058800216849,23.454359478651828],[86.20557504364595,23.454353927553473],[86.20381456847126,23.454321870285575],[86.20226857325719,23.454178512395778],[86.2009764832649,23.454144830793087],[86.20009543360055,23.45412218547101],[86.19923407590552,23.45409974946544],[86.1987331735065,23.453716272420923],[86.19847389456264,23.45351777339386],[86.19832844474175,23.45345609118694],[86.19795640297525,23.453298311418582],[86.19767108905785,23.453522629811566],[86.19728500931842,23.454225170190277],[86.19683092531534,23.45485516623574],[86.19670376339698,23.45485178086962],[86.19640998555298,23.454843958596822],[86.19566635297426,23.454767871888837],[86.19549972357389,23.45481214949939],[86.19530254247074,23.455036940820854],[86.19507546273995,23.455342859129605],[86.19506180295772,23.455361121742936],[86.1949274491272,23.45554076701543],[86.19480830018118,23.45582018240887],[86.19465994431035,23.45606326914212],[86.19451141686125,23.456342586188292],[86.19440216195976,23.456594869519346],[86.19436167039832,23.456820489301556],[86.19440783122754,23.45728140977787],[86.19461144426815,23.45761657833507],[86.19468661529112,23.457841788455642],[86.19470492115998,23.457896628815906],[86.19471716879056,23.457933322268364],[86.19470605483384,23.45815903947608],[86.19469473516295,23.458411865694167],[86.19458579557015,23.45861003103367],[86.1938554508711,23.459181094656103],[86.19382835678381,23.459202278869306],[86.19356393318836,23.45940675369445],[86.19337586908702,23.45955218089559],[86.19278609276364,23.459937514902933],[86.19261893784883,23.46006310643142],[86.19205979228002,23.460231790286606],[86.19167801187753,23.46022082372889],[86.19131591805449,23.460205031488584],[86.19120825766262,23.460200336831903],[86.19109041756198,23.460253875025934],[86.19086446881013,23.460370142876943],[86.19081226681068,23.460386928909685],[86.19081210601222,23.4603869800012],[86.19025976877495,23.460564591259423],[86.19025634529541,23.460565692197473],[86.19001157504171,23.460555433531137],[86.18989649456562,23.460617674427322],[86.18969726710021,23.460725423707625],[86.18939254058955,23.46092249205598],[86.1890294702978,23.461065147123673],[86.18880396980529,23.46110913173215],[86.18850001225249,23.46117979994316],[86.18888565091913,23.460658662921496],[86.18904524112091,23.460442995232448],[86.18907259392299,23.460406032186963],[86.18911350859094,23.46012619963585],[86.18914453550254,23.459846398629928],[86.18904942637181,23.459385250601756],[86.18897288990962,23.45909580152572],[86.1888955189125,23.45894187853031],[86.18869771258191,23.458633784780933],[86.18866273847294,23.458579313085174],[86.18841908931674,23.458397474154726],[86.18828326853735,23.458188958998267],[86.18826457459632,23.458167145856773],[86.18821085534232,23.45810446704783],[86.18812775848359,23.458007510140078],[86.1879127215675,23.457952261086312],[86.18744332847534,23.457859485409752],[86.18736518852036,23.457831959743498],[86.18735075708533,23.457836451762535],[86.1870512354134,23.45792966833369],[86.18654569950411,23.458171966668488],[86.18429210044242,23.459252062210197],[86.18325559282658,23.459660619960545],[86.1816913079133,23.460277190903067],[86.18054491118536,23.46078737528068],[86.18028733544732,23.46090200361981],[86.18068575534382,23.46224463511154],[86.18114100625846,23.463778758081588],[86.1815544855124,23.46532711145105],[86.18164825345835,23.465678237398535],[86.18183250960124,23.465968211776026],[86.18224996659524,23.466539450396407],[86.18226723041838,23.46691886570283],[86.18228385913258,23.467406700260078],[86.1821649886643,23.467631896150884],[86.18193838414231,23.467856570059148],[86.18168323744878,23.467945524370613],[86.18167911957153,23.467945503770366],[86.18135033707584,23.46794379724698],[86.18099780671734,23.467960007982164],[86.1806646530195,23.468003361574254],[86.18033136457436,23.468064876303036],[86.1801838854592,23.468163480432],[86.17990851140043,23.468360722253124],[86.1790530053312,23.468952345419467],[86.17837365080432,23.46924395566175],[86.17799276063225,23.4694074481192],[86.1770991201809,23.46983626290637],[86.17658325274752,23.469931769131286],[86.17562869933333,23.470108487518562],[86.1756212433165,23.47010298322619],[86.17476121422978,23.46947165255294],[86.17411717786662,23.469091336535186],[86.17372712218373,23.468860999704148],[86.1732495732871,23.468515223429904],[86.1732454356469,23.468512256185036],[86.17276213573585,23.468169476737998],[86.17091491474575,23.46763574098758],[86.16973043394137,23.467602325677717],[86.16840973620054,23.46741467340688],[86.16763644035284,23.467392460495574],[86.16653021538609,23.467359452186525],[86.16652680268632,23.46736016413378],[86.16555967106154,23.467562075182148],[86.16484471450332,23.4675943616064],[86.16368436065083,23.467208653599478],[86.16335156897405,23.467098029680102],[86.16333436354141,23.46709231101837],[86.16277327761156,23.46690579763625],[86.1619821160695,23.466787718585234],[86.161419917127,23.466703808950236],[86.16126689450829,23.466680969666193],[86.16038677909182,23.466504591128842],[86.15956557519168,23.466310528897203],[86.1595228818595,23.466870252884075],[86.15949898218135,23.467556597975978],[86.15968941154685,23.46799606579848],[86.15985598884492,23.468380484405763],[86.15960137934397,23.468442507370607],[86.15949319253936,23.46846886073578],[86.1588669607851,23.468402234059113],[86.1575757511418,23.468214588693662],[86.15638264920564,23.46798242020813],[86.1553666016187,23.46764273025112],[86.15457569070657,23.467295154435693],[86.15342173465551,23.467081201652014],[86.15259359665971,23.466426346443477],[86.15188046727476,23.466178576107207],[86.15139283748404,23.46587793522419],[86.15090501814878,23.465613339763284],[86.15063133202445,23.465530537694523],[86.15008347199054,23.46546431330665],[86.14952548614676,23.465452228981793],[86.14852105557307,23.465369532287223],[86.14846858677393,23.465365211921792],[86.14836953942903,23.465446282817833],[86.14798631094231,23.465759954960376],[86.14760986563428,23.466444364438107],[86.14741833583257,23.46730142764965],[86.1475485816673,23.46837697166543],[86.14750146143739,23.469623167905183],[86.14788711268044,23.470555517691324],[86.1483613979976,23.47293358223917],[86.1489491944341,23.474427124093122],[86.149391889596,23.47452093786012],[86.14942345459845,23.47452762683452],[86.14950824028993,23.474545594284933],[86.14978027351414,23.474603240731067],[86.15089069630822,23.474962384724748],[86.15096659586489,23.47498693230361],[86.15100172089082,23.474998292313796],[86.15191126781092,23.475174923990895],[86.15241389138205,23.475365277712264],[86.15241918245908,23.475367276646544],[86.15291731265718,23.475559745200346],[86.15321105367023,23.475700959818248],[86.15398132758536,23.476071261343407],[86.15458388064701,23.47679714628046],[86.1544412802822,23.477663400135874],[86.15375029257237,23.478535813046005],[86.15336188619635,23.478884088438928],[86.153149501107,23.479074526617495],[86.1525879130189,23.479622440535074],[86.15201696807881,23.480088973112696],[86.1516722234189,23.4805625947867],[86.1515168014,23.48077611621662],[86.15143416807194,23.480889638783424],[86.15077058526651,23.48206924454041],[86.15053910918074,23.483034469567986],[86.15054591391902,23.483060787885737],[86.1507589520836,23.483884734038323],[86.15147077801305,23.48435819872133],[86.15241833534776,23.48471561149592],[86.1532561724537,23.485397641261496],[86.15380961282214,23.486132238650338],[86.15453959729675,23.486840731071958],[86.15512352468933,23.487412888578874],[86.15552247279521,23.48780346105274],[86.15566365741515,23.4887073993791],[86.15615649473959,23.48973974786429],[86.15742148884793,23.49102014113241],[86.15826422177219,23.49246982286482],[86.15862611347427,23.494088583161375],[86.15861871944117,23.49525373439497],[86.15850257895302,23.49658079188958],[86.1580199626599,23.49702074133371],[86.15759696485722,23.497316524806013],[86.15699511697309,23.498017789872076],[86.15713980142937,23.499184773955736],[86.15717216952568,23.49944583958627],[86.15762953687111,23.50144445792261],[86.1581615084026,23.50250407471486],[86.15854454105657,23.503254730445455],[86.15856230344473,23.50362918308143],[86.15896174472567,23.504359653867436],[86.15931362290729,23.50556211446918],[86.15989263651528,23.507022705992068],[86.16046053796316,23.508344512128872],[86.16025694288884,23.509152993275094],[86.16025442221614,23.509163048813548],[86.15986056306635,23.509691283528994],[86.15968344224177,23.508722480085744],[86.15877960231866,23.50890425293223],[86.15869950762963,23.508793398742565],[86.15808160954629,23.508925514005853],[86.15737316487554,23.509445536062767],[86.1561453744947,23.509998937576256],[86.15594536998657,23.51013470988507],[86.15558255032477,23.51023815253551],[86.1544455149404,23.51102595771469],[86.15444156055655,23.511031372982227],[86.15412009663551,23.511189203962008],[86.15307821170434,23.511770664467097],[86.15133919818012,23.514145637175726],[86.15081287525517,23.515280902986408],[86.15047271110484,23.516389958552946],[86.1499372343471,23.51741673610297],[86.14883523325886,23.51820548100498],[86.14826194551252,23.519006298951876],[86.14803102099232,23.51965554974474],[86.14797626777744,23.519729371771522],[86.14799817858552,23.519747886577115],[86.14799264496338,23.51976344517297],[86.14831973503306,23.520686543777312],[86.14881413452777,23.521493130475374],[86.14830908550536,23.522348437221346],[86.14826126009795,23.523693932035517],[86.14851033418013,23.52457141375899],[86.14851076267652,23.52457204138441],[86.14927696273182,23.525686593954735],[86.149691821798,23.526150676186234],[86.15074553304989,23.527329383402762],[86.15353329463402,23.52949424817687],[86.15353333685485,23.529494292652615],[86.15353338716048,23.529494346188194],[86.15478853573335,23.53080170946188],[86.15536664114455,23.531401587449054],[86.15582981250503,23.531882196668057],[86.15638135114003,23.532960022176237],[86.1564488469572,23.533075148631564],[86.15709843850212,23.53418316066559],[86.15741921970354,23.535761867118076],[86.15734592705782,23.536670749703887],[86.15765839435132,23.538621389415706],[86.15765846801317,23.538621912381018],[86.15768083157218,23.538780524785235],[86.15775794834603,23.539327453300054],[86.15776823315774,23.54133128215999],[86.15698165482023,23.541769557696114],[86.15549806017903,23.542448006093228],[86.15418533857964,23.54398531395369],[86.1536778730891,23.545201949471235],[86.15361172833813,23.546366702754554],[86.15288310301452,23.546931750822907],[86.15213738724268,23.5471173735328],[86.15161185483515,23.548099049892446],[86.15187888534159,23.549229458934004],[86.15208653541107,23.55045903900269],[86.15254878150681,23.551716984057617],[86.15289755331419,23.55234213811618],[86.15303801658695,23.552396188960575],[86.15304508812487,23.552545346842997],[86.15337457849297,23.553274046597128],[86.15500038991838,23.55361409549263],[86.1566266199587,23.55543805860098],[86.15723364303722,23.556498358955587],[86.15750208479693,23.557000627126257],[86.1579909560594,23.55795774450141],[86.15802900330493,23.558759587730147],[86.1584805603471,23.55896959473626],[86.15862270526608,23.559499548932862],[86.15849510317325,23.559534925413768],[86.15836743370676,23.559579429675253],[86.15764012710999,23.55994581790575],[86.15692345836285,23.560167710911102],[86.15645164700597,23.560400009239856],[86.15587317867538,23.560460098280956],[86.15549197858458,23.56031351437079],[86.15514159789453,23.559950286681232],[86.1548287218676,23.559840214117575],[86.15436845745535,23.55980161232493],[86.1539351874174,23.56014249493615],[86.15332530589966,23.560518509967093],[86.15276549018763,23.560723188223413],[86.152138299931,23.560746881566995],[86.151415038448,23.560462904532518],[86.15110333023091,23.560181248140196],[86.15073175109679,23.560070857924863],[86.15035995277373,23.559987482005642],[86.15002681614386,23.559985686096944],[86.1493312811621,23.55996382228589],[86.14891010424451,23.559952480308958],[86.14781020970558,23.560343864407592],[86.14714172030207,23.56069244138136],[86.1470996099765,23.561143836248956],[86.14712570423889,23.5616588480752],[86.14733013654302,23.561905267095323],[86.14712597463178,23.562037581819045],[86.1475246325818,23.562792283470646],[86.1472148548443,23.563032195390342],[86.14671456599459,23.56311979596142],[86.14620561558888,23.563026627461245],[86.14574522631085,23.563015102127267],[86.14514687646638,23.563120191200095],[86.144478481386,23.563441654089356],[86.14391952626,23.56351086678608],[86.14338050205524,23.563525908043417],[86.14279291223129,23.56348658437821],[86.141746935474,23.563110465033994],[86.14173107302273,23.563098002662095],[86.14164213441968,23.562258155467607],[86.14157436731128,23.562068407394673],[86.14166771664236,23.561728145700293],[86.14140754746809,23.56105829622135],[86.14117606329748,23.56047900260016],[86.1410599156228,23.560270574878423],[86.14064899656745,23.560178056516243],[86.14032840041895,23.55995990603492],[86.14007344955816,23.559786424893254],[86.13962673892692,23.559169787664388],[86.13878470668863,23.559083898860234],[86.13771132592532,23.55991794301977],[86.13715723607491,23.560736740217],[86.13694644819012,23.56151234125746],[86.13699222094712,23.562000294028454],[86.1367652562007,23.562252004524794],[86.13645137585729,23.562304430804566],[86.13608006621773,23.562148830855936],[86.13571964236283,23.561821633785605],[86.13523321182299,23.56129506252869],[86.1348727960529,23.560967954732625],[86.13447293795362,23.56069478321395],[86.13398641578566,23.560168211558054],[86.13341207880705,23.559604980073264],[86.13280853670027,23.559005495890986],[86.13244738071839,23.55879574585584],[86.13187919450453,23.55878353010704],[86.13135621690569,23.55884824597752],[86.1313202528533,23.55885269585118],[86.13105288278369,23.559275703250975],[86.13084281175452,23.559933841883144],[86.13139275947314,23.561246575114804],[86.1313546655152,23.562565029509834],[86.13099854369217,23.56307787018568],[86.13038797765817,23.56355317695666],[86.12802884721185,23.564696079977647],[86.12736050064045,23.56501746408111],[86.12709257092045,23.565530813101113],[86.12717883434057,23.565820360989836],[86.1274814129794,23.56600270378486],[86.12755136389225,23.565988220250215],[86.12753071431881,23.56600009691343],[86.12718881192842,23.5664884858817],[86.12778524386974,23.56673185588188],[86.12895790464161,23.56668481305672],[86.1300507249477,23.56664096579873],[86.13058524230469,23.567017354986994],[86.13034274209372,23.567463829794658],[86.1298782232603,23.56805733384922],[86.12927750545678,23.56852366834472],[86.12822490182765,23.569159009944123],[86.12610645430047,23.56975860999794],[86.12516055435744,23.569435502645067],[86.12490910063804,23.569349608201776],[86.12349123482787,23.568862645258683],[86.12275434320708,23.56854324749855],[86.12209868713569,23.56798651218655],[86.12106659294284,23.567005246219903],[86.12067777154515,23.56653333937633],[86.1203176001168,23.566179090712385],[86.12013169287046,23.566150961073046],[86.11975940586389,23.566139791719813],[86.11894191559915,23.5667764334574],[86.11839063657725,23.567161661334776],[86.11791922317404,23.567321560839904],[86.11727357613158,23.567164366989807],[86.11716954583179,23.566924785385574],[86.11695513593976,23.566431004814056],[86.11662437715047,23.56607686044533],[86.11596905794735,23.565892489727446],[86.11562605601902,23.565908618418845],[86.11461461858612,23.56622801023469],[86.11372970796268,23.566692660802072],[86.11290295157578,23.567247885740766],[86.11234488757857,23.567442756856174],[86.11234311699913,23.567443380983406],[86.11179300848208,23.56764797763964],[86.11094895144112,23.567850966731015],[86.10980178306038,23.567961830441554],[86.10881383118225,23.567712295565467],[86.10816983434496,23.567320150376865],[86.1079687635366,23.566623555175898],[86.10798111177847,23.566244337322942],[86.10800382927371,23.56578377992436],[86.10770240227508,23.56542982730956],[86.10727353128708,23.565102168248576],[86.10652931839667,23.56502564705065],[86.10537294677584,23.5650551841247],[86.10439142144526,23.565311466873283],[86.10346037784038,23.565342215927885],[86.10240236635326,23.56531802937294],[86.10094151346182,23.565445043731252],[86.10030041638628,23.56606458361884],[86.0999752253551,23.56634264810539],[86.0988463035544,23.56665224709063],[86.09841714869877,23.566360705129462],[86.09799931531066,23.56585257392493],[86.09767087956472,23.565155152480372],[86.09748870930991,23.564941131393056],[86.09736958282177,23.564801175116454],[86.09675416049535,23.564526648832473],[86.09592305805909,23.56426892935481],[86.09566983555692,23.564050639099378],[86.09530908291862,23.563786683005688],[86.09502772518174,23.56336950836122],[86.09471608164336,23.56310580286369],[86.09439301692447,23.563058782619017],[86.0940697464914,23.563047806505256],[86.0936288147224,23.563054336181423],[86.09276733036491,23.562949890966458],[86.09212013642352,23.563018376847193],[86.09147230737321,23.563186242158185],[86.09085151491803,23.563706495218963],[86.09015357694287,23.56402751038626],[86.08968193536755,23.564223460825342],[86.08906472269881,23.564210827290353],[86.08861311624925,23.564343669142275],[86.0884636482641,23.564704108167266],[86.08843034232662,23.565272919385784],[86.08808386571478,23.56579466852942],[86.08774860007769,23.56609080382285],[86.08716936009431,23.566259051379763],[86.08640702908295,23.565983609232568],[86.08574146639062,23.565880351214343],[86.08532969303742,23.565913989434016],[86.08496388737564,23.56639060254963],[86.08467697535535,23.566786281213982],[86.08428436935536,23.566883303808275],[86.08363812493326,23.566825351110488],[86.08309110392582,23.566578277665048],[86.0824574044766,23.566113817720744],[86.08212630432753,23.565822844355264],[86.08154901368827,23.565702043722066],[86.08097123256888,23.56566255355846],[86.07804299423725,23.5668644621649],[86.07719734089004,23.56728401435853],[86.07636261464992,23.567559067610706],[86.07592844090682,23.567989988511492],[86.07579358222308,23.56809789122033],[86.07576342488069,23.568067721648976],[86.07497719598781,23.568573655740774],[86.07485656033,23.568757671935945],[86.07437361435518,23.568947142748936],[86.0736112950219,23.568671637074896],[86.07308183967153,23.56872273185919],[86.07267859133042,23.568928075796162],[86.07254802210215,23.569387840787112],[86.07258888915938,23.569548089162605],[86.07269105814991,23.56994871418612],[86.07293037742642,23.57009877678803],[86.07301947233631,23.570540944789627],[86.07318812564101,23.570939780905885],[86.07383971144586,23.57091387701871],[86.07408914665079,23.571790512572406],[86.07424505914979,23.573326935438708],[86.07464553888323,23.57490985822616],[86.07473112677026,23.57512443528928],[86.07472473256205,23.575676054599143],[86.07535276633678,23.576595808242562],[86.07582509961483,23.57728672229663],[86.07673811493028,23.5779923668632],[86.07763450422642,23.578810514584305],[86.07767269520242,23.579227101733927],[86.0758509243826,23.579098817982423],[86.0746854959471,23.57900156071224],[86.07313854492554,23.57881171744838],[86.07187504381717,23.578731978486328],[86.07100276530326,23.578744799163832],[86.0698949107926,23.578828541901334],[86.06844278772908,23.579081714460745],[86.06771658156856,23.579230929315933],[86.06727474519607,23.57923616970281],[86.06670726415973,23.579242898639162],[86.06517864865145,23.579224693543427],[86.06405883576774,23.579615420020335],[86.06323684135016,23.580120543944187],[86.06302543003454,23.580250456020924],[86.06205230395189,23.580669078748112],[86.06142342576081,23.580909149840092],[86.0609438197222,23.58083398066],[86.06055218480105,23.58077744114426],[86.05985447409965,23.581053230979716],[86.05924469139659,23.581374658205508],[86.05831067436812,23.581802488392665],[86.05743525893725,23.58226688461299],[86.05630340054387,23.582955455375664],[86.05359766053505,23.584474417537507],[86.05306354562333,23.585166652644926],[86.0523231865055,23.58591175622513],[86.05231339307227,23.585916200242217],[86.05183045069067,23.5862971798811],[86.05060540915458,23.586307723482044],[86.0497233003765,23.586329472589252],[86.04930218274771,23.586290753445983],[86.04870931981304,23.585609694435718],[86.04793526039734,23.585595912022587],[86.04719948628073,23.585699781870183],[86.04590599222163,23.585691891627445],[86.04509036775774,23.586002969686316],[86.0438345553299,23.586202974864097],[86.04201188888977,23.586191742178322],[86.04161647655286,23.58531326150425],[86.0415677204908,23.583931110020952],[86.04132701152051,23.582900338595504],[86.04155202332952,23.580627449201234],[86.04116334206903,23.578615134238696],[86.04114899866889,23.578555391063478],[86.04114906873747,23.578148025433766],[86.04094994996824,23.577234591807745],[86.04060584401046,23.5760312195391],[86.04003259848493,23.57535930973622],[86.03988774784028,23.575161016223053],[86.03976090302724,23.57498737155275],[86.03916227470506,23.57511914780798],[86.0385896094912,23.575720779809],[86.03787954425974,23.576339543397637],[86.03738793403397,23.57656229214171],[86.03680330505718,23.57611607797638],[86.03515537351623,23.575004021947812],[86.0351533217641,23.57500290549948],[86.03354505623287,23.574108901520926],[86.03151447112697,23.57307560843995],[86.03072506129969,23.572501693276763],[86.0299781390904,23.571458349946788],[86.02915199086294,23.570540989251455],[86.02909969813362,23.570454176652497],[86.02851307489689,23.569480289263385],[86.02724779242934,23.566997645510142],[86.02653321496017,23.565575126773314],[86.02534771187297,23.562903330131743],[86.02470892526433,23.56182454705301],[86.02418018048135,23.561785029374274],[86.02298508069197,23.561750492566773],[86.02199758425971,23.561473291189863],[86.02090220106014,23.561204482409245],[86.02001286803053,23.56090081820477],[86.01936051775944,23.560336747490084],[86.01855177798386,23.55973551931694],[86.01833409912253,23.558704545608737],[86.01792377834515,23.557229727830062],[86.01790442234572,23.55706863850585],[86.01843539944215,23.55557178219149],[86.01840344007933,23.555510418666834],[86.01856593722937,23.555183578918772],[86.01857878403624,23.554777170132265],[86.01834942348296,23.55398997686167],[86.018255869336,23.553393287466413],[86.01782495018917,23.552053845983615],[86.01761274296624,23.550282280987673],[86.0173148903641,23.5494945592864],[86.01703879765311,23.548464503331882],[86.01703843832698,23.548463227721406],[86.01677805265874,23.5475376681735],[86.01722853621415,23.54690034770655],[86.01812841366856,23.54571741905805],[86.02061726982504,23.5441999687002],[86.02346177978231,23.54388505361034],[86.02526587894386,23.54333923688412],[86.02817280744031,23.542754487441528],[86.02803514960617,23.54159076536303],[86.02815981151309,23.541515244264993],[86.02827350678704,23.540643665131636],[86.0282740044537,23.5406398512494],[86.02823929085619,23.54003448519318],[86.02723410659598,23.539504377577394],[86.02616900021475,23.539145477865812],[86.02499796539351,23.53853305024807],[86.02393487662839,23.537894145236077],[86.02372355514433,23.53739989404669],[86.02421633946815,23.536449677678768],[86.02620226213473,23.535085604629007],[86.0278990000434,23.533737525710478],[86.02844510656588,23.532904900894373],[86.0287500010615,23.532021155188218],[86.02875850181904,23.532008357954624],[86.02878679605554,23.53191450192828],[86.02911994616014,23.530809374859455],[86.02902357489646,23.529255278229826],[86.02919613677096,23.528408315278377],[86.0291961457541,23.52840826997865],[86.02919630295929,23.52840734174608],[86.02936902742884,23.527559406387578],[86.03011458689386,23.52741052244076],[86.03065527567684,23.527260228256328],[86.03144946094818,23.527039464932752],[86.03199692123178,23.525832665448355],[86.03270873548313,23.52494287769728],[86.03322471969747,23.524024877737748],[86.03381097821821,23.52288142348622],[86.03327529844124,23.521125879793185],[86.03309543685673,23.520266706152],[86.03326796549358,23.519436837003315],[86.03338172634453,23.518615649286417],[86.03344469285605,23.51839222493491],[86.03368335187086,23.517965119106396],[86.03587768458168,23.516362253179192],[86.03695948525414,23.515983079821726],[86.03856127033895,23.515716981967092],[86.03918947748848,23.51514835176399],[86.03918343362326,23.515128304202662],[86.03938200711512,23.51508514649947],[86.03974555710725,23.514924867987194],[86.03929914022511,23.513007284954437],[86.03904086919104,23.512147623403557],[86.03853823034855,23.511223338058958],[86.03858199447255,23.510591367354124],[86.03891053532139,23.509852741427398],[86.039375775502,23.50917820255049],[86.03931044372632,23.508760882693064],[86.03933035578291,23.508723322786633],[86.03929978611379,23.50869280679634],[86.03925405737428,23.50840069892783],[86.03924907172444,23.507741346881293],[86.03916677975621,23.506936938829654],[86.03962479658361,23.505901111987075],[86.03985481200871,23.505200294174898],[86.0398851211664,23.505107945494295],[86.03951766799439,23.504455372337798],[86.03924910047053,23.503676949502854],[86.0391282411322,23.502791024718704],[86.03896733310188,23.502223621358823],[86.03895306066866,23.5021160204838],[86.03891014994414,23.502021975092003],[86.03826872678015,23.499760084154772],[86.03854060998573,23.49873208234456],[86.03883949924368,23.497860871559716],[86.04237499780908,23.497049688988458],[86.04630303230586,23.49641952945063],[86.04991935050074,23.495534332751095],[86.05200475619515,23.495112283676992],[86.05272791976181,23.49503452143088],[86.05415779425066,23.495016079768476],[86.0550581370324,23.495102869661125],[86.05558086040803,23.495106048858485],[86.05645848928779,23.495111384867965],[86.05666590399868,23.49485974198556],[86.0567176451624,23.494722613544173],[86.05756344313838,23.494553821377206],[86.05873547688621,23.49450731789606],[86.05811627714401,23.49387288691166],[86.05693291474213,23.493812069660024],[86.0568487057691,23.493359965948198],[86.05724721998868,23.492487983124693],[86.05733526027646,23.49187593493397],[86.05735328137936,23.491838124704007],[86.05816388515912,23.490777277802312],[86.05801918543149,23.490460247736625],[86.05769023944241,23.490436569747743],[86.0577300860135,23.49030748920728],[86.05727554746287,23.48998911015777],[86.05621123519235,23.49022133053726],[86.05542667536928,23.49010133131588],[86.0548702346278,23.489854084939253],[86.05488581680471,23.48905031659872],[86.05487027325535,23.488481244217198],[86.05447034418918,23.487905903736674],[86.05444657746172,23.48739619496416],[86.05413046300818,23.486938676060632],[86.05314921705364,23.486977581822337],[86.05304293288079,23.48695653141901],[86.05258500318998,23.486797181816886],[86.05228310188089,23.486537255295083],[86.05182521171594,23.4867716123386],[86.05115312096646,23.486543873629195],[86.05077007663435,23.4862739618265],[86.05072821693875,23.486193347808285],[86.05042154916876,23.485938215176592],[86.05037419627519,23.485952623485968],[86.05020885595725,23.485770405383136],[86.0498361188947,23.48584941717925],[86.04915020576796,23.48591751805923],[86.04856307318647,23.485868796895378],[86.04832007441053,23.48560533072101],[86.04817257283752,23.48553618991864],[86.04813213966656,23.485485137801398],[86.04723556711411,23.485115115643517],[86.04611409414373,23.484790558781118],[86.04515791657555,23.48414086592423],[86.04404212634765,23.484079880225273],[86.0430705714184,23.484371984329865],[86.04252883789476,23.48481121982361],[86.0418710016122,23.485050991326602],[86.04162608044156,23.485076628698575],[86.04140499696527,23.48500476956372],[86.04131927343268,23.484908526146853],[86.04120878514428,23.484550183705636],[86.04083743508059,23.484448561496976],[86.04009251162282,23.484543288439163],[86.03949285383129,23.484873837337375],[86.0390089403709,23.48543077440976],[86.03891544012284,23.485489352872683],[86.03803090230025,23.485617676023754],[86.03685847688698,23.48554152301988],[86.03681488883274,23.485516623128454],[86.03630368185907,23.485224992831043],[86.03595182883026,23.484957980115365],[86.03595177762631,23.484957941391947],[86.03581264565679,23.48493164075477],[86.03541097296063,23.484667968379537],[86.034677158968,23.48459116723756],[86.03440304794051,23.48454827059673],[86.034393749479,23.484544869514153],[86.03362244878953,23.48435685987269],[86.03307484297883,23.484093562874357],[86.03255826857135,23.483765122879092],[86.03191420346208,23.483454069092254],[86.03115788397662,23.483774550887123],[86.0306151883573,23.48434014362558],[86.02992780738333,23.48460683544534],[86.02914331403561,23.484755514837836],[86.02833761685393,23.485129822295356],[86.02763773761944,23.48576677199282],[86.02657877661305,23.485967840860425],[86.02563631542094,23.486287163093337],[86.0249382867159,23.486395348673543],[86.02480314146963,23.486204755463124],[86.0239254092836,23.48623938954541],[86.02368619421168,23.486401407590684],[86.02354974640821,23.486400558979792],[86.02312025917594,23.486217225117947],[86.02259172639538,23.486177797606068],[86.0219573235653,23.485893786525075],[86.02103996848872,23.48547254284455],[86.0204417192556,23.485595305517],[86.0194856584684,23.48511060230766],[86.01865584511458,23.48477114759818],[86.01795266546975,23.484522827563836],[86.01686375373346,23.484365155790513],[86.01677888539699,23.48435286722005],[86.01612296252601,23.484330695884218],[86.01525164071784,23.484307147795807],[86.01404706909211,23.484326583764258],[86.0132040307407,23.484447716993042],[86.01277331551142,23.484435924421888],[86.01239505470822,23.48421663250034],[86.01200825811316,23.483948734511994],[86.0118430435594,23.48402632286114],[86.01149398518943,23.48396722138981],[86.01077891903675,23.48400781786565],[86.01009236271625,23.484157058191023],[86.00962050195201,23.484406970701606],[86.0090908094464,23.484530032619947],[86.00873166389414,23.484399424541447],[86.00871999747352,23.484147310533967],[86.00867160163594,23.484125329486396],[86.00867293204087,23.484093849594515],[86.00871510884176,23.483696703681805],[86.00844313670295,23.48339689861618],[86.00822946612445,23.48316069824599],[86.00782853274178,23.48309490784708],[86.00761289215782,23.483120628814692],[86.00733952673204,23.4830195871885],[86.00715413601695,23.48292807983863],[86.0069084908042,23.4830439206979],[86.00665335848372,23.483114512072778],[86.00640587891115,23.483353317738967],[86.00612738141012,23.48350738528256],[86.00576468032597,23.48373648786498],[86.00564128953518,23.483577739122765],[86.00549683055601,23.483260746948055],[86.00547975088753,23.482917362341762],[86.00527724007976,23.48250965766801],[86.00513253765718,23.48221977237512],[86.00497628649327,23.482155503288162],[86.00488812852625,23.482154915008834],[86.00457447635489,23.48219812716578],[86.00431950752778,23.482250643013586],[86.00408625816763,23.4820143779724],[86.00393010761508,23.481950103017876],[86.00345096959872,23.481856779000804],[86.00263502892786,23.482285084513233],[86.00206704393662,23.482299489102157],[86.00152045142559,23.482061159402004],[86.0012193630918,23.481734099360047],[86.00078880416937,23.48169517062929],[86.00041638151721,23.481738011347474],[86.00018362982372,23.48173274318238],[86.000148063725,23.481708715106677],[85.99996323805023,23.4815838511052],[85.99984456431302,23.481720597729296],[85.99948727827336,23.481596552719644],[85.99931232957515,23.481423795498245],[85.99900141187553,23.481214721848126],[85.99900058362884,23.48121410967075],[85.99882514265387,23.481095564722985],[85.99858083952414,23.481030692797088],[85.99777880207891,23.4812236795765],[85.99777652844291,23.481224229135425],[85.99777366191884,23.481224894867985],[85.99698191108193,23.481417841814807],[85.99537961395743,23.48129455535621],[85.99416344148813,23.481200967218765],[85.99327455761618,23.480915311569344],[85.99296386180043,23.48057008761094],[85.99265316778131,23.480224864396746],[85.99222405784147,23.47999626902499],[85.9910616719998,23.479627509391854],[85.9904664698521,23.47935270901548],[85.98986147337286,23.47907782896838],[85.98964696197122,23.478958964059487],[85.98963381063545,23.478951682072523],[85.98943245506115,23.47884019050097],[85.98907993817738,23.47883789088078],[85.98872733775026,23.478844626600935],[85.98825601867014,23.479022191595842],[85.98778461514836,23.4792087924911],[85.98740710713335,23.47919744108288],[85.98702108039454,23.479185834252533],[85.98674926366428,23.47913023894647],[85.98674732060833,23.47912984180763],[85.98574037654846,23.478924623859946],[85.98535919262734,23.478822794626907],[85.98496822874769,23.478729919917253],[85.98393037006564,23.478723137226538],[85.98329376726147,23.47875509299086],[85.98218523631938,23.47901881014529],[85.98206454676269,23.479014374051204],[85.98158811447195,23.478996860376643],[85.98087443980964,23.478856710523278],[85.98022057677561,23.47857246368292],[85.9800546345864,23.47849914839184],[85.97932389103538,23.478033762892004],[85.97899282861552,23.477787742169998],[85.97876902324394,23.477605633082472],[85.97819490365765,23.477141204334284],[85.9777764495337,23.476813351808172],[85.97765691521042,23.476774972850517],[85.9772880346154,23.476656531027267],[85.97626944749115,23.47668599400515],[85.97578914974979,23.476764148563575],[85.97516167921877,23.47686843229576],[85.97504398734014,23.47689469746297],[85.97467568975175,23.476904637637183],[85.97450530988506,23.476909235297097],[85.97427057291479,23.476871601221404],[85.9735076211676,23.476776203014122],[85.9729109197317,23.47670010340582],[85.97276409818332,23.47669911877998],[85.97213751788277,23.476685936328302],[85.97167265768955,23.476690676540002],[85.97106032916095,23.476696918820966],[85.97050190853258,23.476738389278424],[85.9697517137607,23.47677741752265],[85.969424492537,23.47679443876735],[85.96878771635795,23.476835465083028],[85.9678864078873,23.476892727390226],[85.96714198119788,23.47693288687655],[85.96548628282298,23.47704837540593],[85.96548408464548,23.477048369638272],[85.96437980632798,23.47705907278085],[85.96398813188097,23.477065526800143],[85.96380638024108,23.477046975510625],[85.96342064635303,23.477007602933895],[85.96341954052694,23.47700746121403],[85.96305357227004,23.47697006528878],[85.96285315813017,23.476949585111555],[85.9618653661522,23.476807611320712],[85.96077163944601,23.4764299547563],[85.95971867379582,23.475853925602507],[85.95895591249143,23.475740476154076],[85.95771197938491,23.47578635262847],[85.95769902657682,23.475784794519377],[85.95689342102328,23.475390293227097],[85.95618874748011,23.47440397221362],[85.95614233332603,23.47339196875729],[85.95597282392686,23.472854808251437],[85.95511964718912,23.472008808485135],[85.95511774186242,23.472002725835253],[85.95506437205309,23.471934236266033],[85.95485595302569,23.47166676652443],[85.95362403308947,23.47145076250759],[85.95133589111016,23.471074179923736],[85.95027974991545,23.470904475816237],[85.94772168844779,23.471239457345295],[85.946810299083,23.471350721327738],[85.94584800039445,23.471696495116074],[85.94342820132711,23.471878831540373],[85.94078170700789,23.472249211359795],[85.94013505834387,23.47229898236396],[85.93949829384296,23.472339886480334],[85.93885080615244,23.472498069488918],[85.93819362204678,23.47265616578997],[85.937449197154,23.4726871482559],[85.9363718790748,23.472724988696157],[85.936029100827,23.472740714344106],[85.93504827708064,23.47295082727787],[85.93416752296201,23.473139414305766],[85.93406744614781,23.473160842647765],[85.93313610879382,23.47331703806647],[85.93253614198187,23.47365620172895],[85.93157508925664,23.474198789760454],[85.93157216793534,23.474200470659863],[85.93061808523838,23.474744900490965],[85.92864422155616,23.47547197016828],[85.92727276720512,23.47624864303312],[85.92702120838288,23.47639110191204],[85.92626611599609,23.476530366984722],[85.9235200048001,23.4770984988991],[85.922939919502,23.47726580475732],[85.92220483978308,23.47747781051271],[85.9195488062539,23.477793624333827],[85.91802416579075,23.47865013429338],[85.91664453407573,23.479742386673568],[85.91541338758894,23.48182018695108],[85.91534405022541,23.481960294931213],[85.91524411983657,23.482162221536587],[85.91494049555874,23.48206434138561],[85.91355457563672,23.48161754795172],[85.91273296300314,23.481512506667844],[85.91108558302778,23.481808088469634],[85.91047676242037,23.482020594459815],[85.91047580391798,23.48213665280736],[85.9104714740383,23.482661798230414],[85.91050827352393,23.48307391037844],[85.90957979730413,23.483855654138793],[85.90906914279438,23.484261651634633],[85.90828448415662,23.484272215775455],[85.90666081251824,23.484053111432857],[85.90590792369882,23.483921411201813],[85.90225194218924,23.48318216697972],[85.90112861240117,23.482970335176283],[85.90112116626575,23.48296626420967],[85.90110943426816,23.482966718187146],[85.90056061303689,23.482863220348918],[85.8989359182174,23.48277043005214],[85.89848580027632,23.48273114075168],[85.89807171465958,23.483080401179564],[85.89708952906729,23.48344376936184],[85.89627595455886,23.483546432945566],[85.89519041060659,23.483385224594542],[85.893898650296,23.48329473173584],[85.89312704867092,23.483190054310015],[85.8923532865976,23.48308508019177],[85.89191349299405,23.482982609045088],[85.89052882622184,23.482295414819156],[85.88992349916258,23.482083384674254],[85.88851254319358,23.482199743697457],[85.88813804453478,23.482486067234596],[85.8869866414958,23.482355185238344],[85.88584902310483,23.482225861145263],[85.88616736807518,23.48278813272645],[85.88632135458627,23.48295538110893],[85.88625903037016,23.48298239400317],[85.88694751357696,23.483648518887584],[85.88705768565835,23.4837551115417],[85.88726390650822,23.48397908815467],[85.88733262044094,23.48407397939192],[85.88729417075014,23.48476731067598],[85.88699874988751,23.484778701976143],[85.88670192495805,23.48479014682906],[85.8862612015982,23.484441606903896],[85.88515790244433,23.48290732127902],[85.88453556309024,23.482388100812443],[85.88374165270338,23.48208439232969],[85.88350096978425,23.481992318296747],[85.88169438678098,23.481410425663764],[85.88011051679787,23.481137068402454],[85.87914254255337,23.4809675321378],[85.877498481853,23.480856368546014],[85.87608913835993,23.48078297213148],[85.87586916250642,23.48068766903316],[85.87495771834443,23.479759279001733],[85.87488102737198,23.479585696261093],[85.87471768580556,23.47876809067281],[85.87453145067414,23.477964224273624],[85.87340579694444,23.477265623488066],[85.87190592303365,23.476576801002253],[85.87083493178899,23.475539686672708],[85.87042201937203,23.474472654133475],[85.87073428274795,23.473313221410482],[85.86957002122395,23.471869562535115],[85.86905262755289,23.470709065411626],[85.86891962838183,23.47041075027231],[85.86900936109556,23.469190754834738],[85.86871677711257,23.4675799414036],[85.86815139903233,23.466454251838382],[85.86767600160083,23.46566149571187],[85.86763339630352,23.464718467362125],[85.86703663827376,23.464348148810032],[85.86692842451968,23.46421580264266],[85.86668070150367,23.464127269370515],[85.86635372821499,23.46392436257817],[85.86598499404536,23.46377907039099],[85.86557419626256,23.463447319105175],[85.86489146676517,23.463144346562174],[85.8638170017353,23.462847480293107],[85.86305060315235,23.4624869321196],[85.86417820442959,23.461100225377503],[85.86449127179768,23.460581433303208],[85.86510272177391,23.46018343870359],[85.864631773698,23.46010127681835],[85.86418092722322,23.459611697917882],[85.86440200890284,23.457981146445558],[85.86543188964683,23.456453154842606],[85.86528037440114,23.45582761895205],[85.86525384445585,23.455718088121955],[85.86504339703257,23.454375995145867],[85.86430590893036,23.45264407349678],[85.86430588916743,23.45264402899512],[85.86346828023359,23.45024312105627],[85.86317027132459,23.449402111498014],[85.8627127539605,23.448110935225515],[85.86264257757051,23.446556087641024],[85.86264241048386,23.445003159339166],[85.86252926138562,23.442496082507535],[85.86255837219072,23.441481179793776],[85.86211371690484,23.44113675517296],[85.86170747268224,23.44044359112335],[85.86170741968164,23.440443500463434],[85.86156330206231,23.44019759512726],[85.86144642944718,23.438986555584574],[85.86210634173638,23.43850362465833],[85.86265981803744,23.437884416844255],[85.86301797723954,23.437059042854443],[85.86319894465014,23.43664200418647],[85.86337028481589,23.43607424462819],[85.8635039801813,23.435307571336125],[85.8635285014936,23.433582641343605],[85.86361357644259,23.43164149442597],[85.8636136995118,23.431641483710912],[85.86477247143105,23.431604633768966],[85.86546418138636,23.431582634081707],[85.86724576158034,23.43155949694456],[85.86874339778771,23.43154320261474],[85.87101487961176,23.431460353635572],[85.87210264869101,23.431305605523082],[85.87362210587494,23.43102751146628],[85.87415110218619,23.43086673105395],[85.8743718820319,23.43069914962769],[85.87443975514148,23.43077899884582],[85.87498616619284,23.430612901768683],[85.87591537184464,23.430216727478573],[85.87619445594552,23.430097736157084],[85.87694887369756,23.430003804284144],[85.87791672846613,23.43013721586137],[85.8779214410281,23.43013947759028],[85.87828286291132,23.430312939883798],[85.8788720283803,23.43059570147985],[85.87952507215081,23.430925463135463],[85.87980499437988,23.43097924645413],[85.8803362463608,23.431401290448225],[85.88164922128514,23.43128157403911],[85.88232657885712,23.431019838618813],[85.88301365440388,23.430754344963912],[85.88451554682908,23.429954531669157],[85.8856945218591,23.428420638180082],[85.88654125947286,23.42771058346773],[85.88728277741738,23.426331793104833],[85.88716527508329,23.425391701947515],[85.8871652687951,23.425391656612398],[85.88662615925035,23.42473505579482],[85.88619856207343,23.424649245035063],[85.88605809341077,23.424532550093648],[85.88560924568749,23.424366825987843],[85.88453329394585,23.424295879260974],[85.88378993355664,23.424227402045194],[85.88374528369374,23.42422563725723],[85.88267455385885,23.42418330789242],[85.88183311989852,23.42415012063221],[85.88122826265817,23.423920076358627],[85.88116846719956,23.423862220676842],[85.88062633392563,23.423337671451602],[85.88042914653423,23.42305428271206],[85.88021579306098,23.422693559170906],[85.88021576790817,23.422693514659144],[85.88011476043931,23.422494095281692],[85.88035540922245,23.421800330657167],[85.88076285628924,23.421071658989497],[85.88103026768134,23.42080926370069],[85.8817496825783,23.42010333746986],[85.88304077633892,23.41902871932289],[85.88411452541152,23.41819647149971],[85.88474533138717,23.417668108744014],[85.8866571951451,23.416083083654033],[85.88801656715553,23.41503601607148],[85.88919970048701,23.41398771934619],[85.88969349631387,23.413449323939247],[85.89003991992507,23.412982142142948],[85.89097158067256,23.411570830546037],[85.89126260787516,23.410705796929268],[85.8913746053332,23.410182779974473],[85.89136745743846,23.409866568734063],[85.89121364879384,23.40953131947885],[85.89085435771449,23.40919460280993],[85.8905773298573,23.408999763932396],[85.89046517160082,23.408920880926523],[85.88954640796587,23.408787871680072],[85.88859757322682,23.40873601497869],[85.88799469856826,23.408561691764895],[85.88779698117088,23.408504520196875],[85.88715346583056,23.408219958738936],[85.8864151548716,23.407564411168845],[85.88603913805997,23.406893316477834],[85.88586949121856,23.40611546340663],[85.88591448244125,23.40541126256543],[85.88610383921832,23.405006184276584],[85.88639001372172,23.404719208863337],[85.88646789855517,23.404691090926125],[85.88688077773449,23.40454203286531],[85.88775145095902,23.4045753478804],[85.88795655071142,23.404633654701296],[85.8882753017203,23.40472426822827],[85.89016294330494,23.405260869787195],[85.89022131762873,23.40527273125741],[85.89080116936483,23.405468574792998],[85.89151125256265,23.405534838315393],[85.89177483353836,23.40558839618011],[85.89275257965654,23.405694689095725],[85.89389586012875,23.4059014923557],[85.89619492023202,23.40597192792869],[85.89644957105548,23.405934948824736],[85.89668146306124,23.405987964075173],[85.89835986725326,23.405784848478024],[85.89934487265724,23.40493573335047],[85.90002255092779,23.404167572046916],[85.900456023985,23.403676215461793],[85.90196163633381,23.40131851344412],[85.90248354403914,23.39994813343912],[85.90263848006946,23.398522826464312],[85.90212321181238,23.396851565215048],[85.90209820271485,23.396790551585557],[85.90207860417031,23.396742739899114],[85.90155051066594,23.39545440499954],[85.90063137423016,23.394563715840924],[85.89993069819,23.393646140415687],[85.89897880199246,23.393682947339318],[85.89880700188931,23.393720265425454],[85.89812688559108,23.393639018621467],[85.89700886574464,23.39393826391517],[85.89588943554324,23.39440897816245],[85.89473915539834,23.395069257339074],[85.89368672604239,23.395712107444567],[85.89305694863772,23.39614112095254],[85.8922999194832,23.396569331701055],[85.89159244409466,23.39692558042745],[85.89082765978425,23.39715750108742],[85.89075192192432,23.39718046863321],[85.89071935619866,23.397190343901663],[85.8902100132292,23.397249914559218],[85.88966186932765,23.397264162705614],[85.88924758608157,23.39723854209364],[85.88834151474326,23.397182502552724],[85.88753059565482,23.39703223481239],[85.88671094853508,23.396755391958646],[85.88634067644972,23.396563140873056],[85.88518057322719,23.396040078757782],[85.88415937380209,23.395292119584994],[85.88359592889628,23.394809442187444],[85.88300338216861,23.39429037429153],[85.88224444858562,23.393779194556007],[85.88130861426538,23.39334800750242],[85.88036185912617,23.393070317630276],[85.87981533129386,23.39289479808422],[85.87745469706773,23.39230513559431],[85.87668156291677,23.392112024709476],[85.87660560766456,23.39209305172568],[85.87624151778498,23.392002108830614],[85.87452260676015,23.391619380064082],[85.87312778004208,23.391094576067275],[85.87245438853206,23.390881979901167],[85.87156755551392,23.390460092759866],[85.87070138554394,23.38991197320206],[85.87054530056835,23.38978653599915],[85.87022510237354,23.38952920871436],[85.8697508916165,23.388911534453705],[85.86945056954568,23.38820639205135],[85.86920303158263,23.387963715677454],[85.8693912430077,23.387924352838247],[85.86938360732778,23.38775528897698],[85.86937067697758,23.387156523247537],[85.86940178383924,23.386907802908336],[85.86997529526607,23.386169227138716],[85.87037247009759,23.385960598905672],[85.87043023805857,23.385930255726908],[85.87210501754838,23.385514060990168],[85.87336711908154,23.38533520282753],[85.87395388245545,23.385105915615426],[85.87447657528838,23.38490166229746],[85.87560714370099,23.384310969843984],[85.87585340785296,23.384135864974958],[85.87630448968638,23.383815121733292],[85.8772595111228,23.383087875195777],[85.87764807650063,23.382629971194493],[85.87805422819679,23.38193689144278],[85.87804981297715,23.38183927594582],[85.87802952362814,23.381390687505846],[85.8779191125949,23.380821731919433],[85.87722636149218,23.379858331313237],[85.87675966604085,23.379524566979452],[85.87613095134316,23.379040712375488],[85.87567169753562,23.37867058676037],[85.87497391047744,23.37810821357703],[85.87459937588604,23.37762759272223],[85.87445022770108,23.376825630290075],[85.87436799322502,23.37594292813521],[85.87443604060778,23.375262878994644],[85.87462258206475,23.373457901095545],[85.87496525431133,23.37167296631427],[85.87539768442453,23.369376501083625],[85.87557839401862,23.368379451569822],[85.87556487347528,23.36808033987172],[85.87541744825906,23.36669207761904],[85.87531983282872,23.36622499065373],[85.8752553966734,23.365916669407927],[85.87516780644161,23.36559537574729],[85.87512980950171,23.365455992998907],[85.87486926393336,23.36441805073935],[85.87475648134775,23.363866380533562],[85.8747336515631,23.363098442088926],[85.87481073509935,23.362078463287453],[85.87490134726373,23.360606920793277],[85.8749362468125,23.360472388512317],[85.87524513252296,23.359281657288868],[85.87542699196065,23.358931909000283],[85.87555660897468,23.358682630168783],[85.87564279424134,23.358516876433974],[85.87606856963488,23.35791478376879],[85.87746968276332,23.35677508194696],[85.87746974205213,23.35677503493896],[85.87934852714635,23.35524683203466],[85.88110982517784,23.354012984613444],[85.88157127536626,23.353593480688875],[85.88157134273987,23.353593420484195],[85.88257852754823,23.352677778308255],[85.88272320571632,23.352475032945495],[85.88346963564882,23.3517257467097],[85.88355290498407,23.350367747923386],[85.88337665462703,23.350093404721548],[85.88245225855528,23.348654506615244],[85.87974225065055,23.346998704420837],[85.8793593213028,23.346753825557744],[85.87725484527321,23.345408007278554],[85.87550570773575,23.34391790542264],[85.87550565653176,23.343917862533992],[85.8742883521852,23.342932537400987],[85.87293947788716,23.342237972586677],[85.87179005922661,23.342194936569395],[85.8711851516806,23.341920372752135],[85.87070654187364,23.341844698684913],[85.86966825739017,23.342017837000746],[85.8685907425799,23.342199757481605],[85.86774017275314,23.342247284490913],[85.86767225293113,23.342251079359745],[85.86761616481975,23.342254212745196],[85.86754124891833,23.34225839196696],[85.86736876070565,23.342251274010707],[85.86705055587247,23.34219990017069],[85.86697699193552,23.342188022333485],[85.86645062319647,23.34196745199836],[85.8660800160395,23.341694546374708],[85.86568272712192,23.341401990217182],[85.86550508078291,23.341154206810817],[85.86536372458475,23.340957044239953],[85.86525752934514,23.3406550688675],[85.86514400385279,23.340332250010466],[85.86513370736299,23.339942524555397],[85.86499703048914,23.339994587157175],[85.86513169603509,23.339866209310692],[85.86512939904291,23.33977909976643],[85.8651292166849,23.339772197776828],[85.86520828190463,23.339563511399277],[85.86556944147975,23.33861024914917],[85.86607409883673,23.33792754984224],[85.86659830802583,23.337235895218342],[85.86679704950264,23.336876006992142],[85.8668490035671,23.336515097478692],[85.8668801769041,23.33629854866042],[85.86675184178597,23.335277078789883],[85.86669927596881,23.33458763990424],[85.86667260858128,23.33423786861224],[85.86673571792494,23.333714450101976],[85.8676365457969,23.3324474966855],[85.86775223173751,23.332127206679502],[85.86813273743063,23.33222539326441],[85.86871944421065,23.331446975020885],[85.86860090791565,23.330368634586335],[85.86790080410236,23.32945091605556],[85.86618556269548,23.328705882449672],[85.86507431704463,23.328407626643095],[85.86469586040869,23.32820473121004],[85.86319763490647,23.32740150080868],[85.86226617358498,23.32622077748648],[85.86163152281993,23.325093153137345],[85.86091926210585,23.3239039960859],[85.86066048801526,23.32303379813406],[85.85979280348569,23.321716976293743],[85.85835811851842,23.32066155501191],[85.85591684971581,23.320077937393314],[85.85402813823767,23.31880029391492],[85.85182683280361,23.317502713240106],[85.8515473830884,23.31733798465312],[85.8500807324701,23.315569466656946],[85.84930612687873,23.31465452917106],[85.84902013383497,23.31317709710501],[85.84857150080904,23.311300392281346],[85.84815431061467,23.310233500946605],[85.84716248250612,23.30925776572639],[85.84531330408701,23.30885403798241],[85.84319501825658,23.3082348067637],[85.8420992936972,23.308276793652286],[85.84068843384794,23.307856215489956],[85.84030315630405,23.307686071156983],[85.83942100800007,23.307296498274585],[85.83827076558443,23.306124022255744],[85.83762854830972,23.30493208844041],[85.83725770399751,23.303116894095034],[85.83665098634616,23.30104807199044],[85.83619039225222,23.298899925225353],[85.8349564681746,23.297527878429783],[85.83394667555697,23.29614724657243],[85.83362253824966,23.295482315123465],[85.83362251579176,23.29548227056902],[85.83288653326599,23.293754769407283],[85.8324351037846,23.29180901969807],[85.83183140447262,23.289804581467088],[85.8308369739447,23.28720682753646],[85.8302418427639,23.28618251989952],[85.8302388567639,23.286173818797007],[85.82997991378997,23.285602926212462],[85.82950993140301,23.28475129847186],[85.82885379563128,23.283562331902424],[85.82849072444122,23.28259323095308],[85.82770768187268,23.281160356081756],[85.82749951886514,23.28077943835124],[85.82735778267961,23.28054504181519],[85.82729942722044,23.28044853591057],[85.82678636163243,23.279600043071312],[85.82572404631678,23.278101843661695],[85.82525185137925,23.27732150359682],[85.82321626894546,23.274217445272132],[85.82294191806777,23.273764636250462],[85.822397203934,23.272865500664516],[85.8220119371699,23.272203299138162],[85.82060991494642,23.27044064201365],[85.82011068970199,23.26939820436691],[85.82002609624999,23.269136685910556],[85.81984616639353,23.26858043035855],[85.81983707993446,23.268575751195776],[85.81983703052711,23.268575725613047],[85.819663238859,23.268486225659128],[85.81982278773827,23.268257406818815],[85.81982283355235,23.26825734162397],[85.81982297458786,23.268257140262698],[85.81984378855299,23.268227288449456],[85.81984368614505,23.26814037129989],[85.81984304564625,23.267598861375955],[85.81996981769576,23.267201063004375],[85.82002393400512,23.26703125209666],[85.8212654731014,23.265239812937672],[85.82161804298582,23.264731071898915],[85.82226411942298,23.263516607839165],[85.8225671975251,23.262398924933233],[85.82272869664688,23.26181306860446],[85.8228879347091,23.261263180164487],[85.82324281056884,23.26003768652967],[85.82345291663232,23.25948831070784],[85.82418373564184,23.258716303721943],[85.82454808154127,23.25833141891426],[85.82555429886408,23.257291274193026],[85.82646047889848,23.25650322751915],[85.82725243814455,23.255830870729696],[85.82779975110446,23.255366193695654],[85.82904299699977,23.25403873052941],[85.82997966944824,23.253106369649124],[85.83099650036613,23.251948829872717],[85.8316865816758,23.25127656814262],[85.83182437066394,23.25116176185914],[85.83206647920943,23.250996057308058],[85.83401667138561,23.25044679361882],[85.83557121047637,23.24930439525221],[85.83597372669054,23.248972739494775],[85.83622388414098,23.248808463417973],[85.83710946400932,23.248128597352537],[85.83744483474926,23.247769782087328],[85.83745688115724,23.247750660554072],[85.83768271851797,23.24739221321708],[85.8379986272573,23.24702428127102],[85.83816170292242,23.246257710753657],[85.83819758432982,23.245499331148505],[85.83812711598733,23.24460466508218],[85.8380518524379,23.244269872675392],[85.83808366986696,23.24397208218226],[85.838078159601,23.24348640763323],[85.83807813624479,23.24348430532797],[85.83792604428065,23.242986474876933],[85.83754263702922,23.242116608000696],[85.83649092632547,23.24054629598228],[85.83616350567576,23.239974815838767],[85.83609915575872,23.23984088046217],[85.83574110615108,23.239095654776698],[85.8355995370522,23.238507472341166],[85.83567259523764,23.23797512164175],[85.83596202613397,23.237281867811333],[85.83625016255797,23.23674211044635],[85.83634435630542,23.236590900995196],[85.83721448964243,23.23519405137524],[85.8378854799557,23.23411686518827],[85.8382325314893,23.233541391145312],[85.83846285144332,23.233126088641153],[85.83924516727481,23.231715421413757],[85.8394405804935,23.23121522002501],[85.83949499504351,23.231075932516706],[85.83960870199556,23.230354291543705],[85.83965940560512,23.229008836309617],[85.83949192460187,23.22804121344665],[85.83932381028634,23.22731940582644],[85.83931281580558,23.22727218035705],[85.83899547515169,23.226673778852465],[85.83824257555251,23.225593387775017],[85.8372864330186,23.22427673907907],[85.83681778013825,23.22309909764847],[85.8365614207191,23.22223017104553],[85.8363711746099,23.221623579880077],[85.83635707734815,23.221204792010564],[85.8363556930443,23.221162819782492],[85.83651625162997,23.220676331621316],[85.83677446786682,23.22019955756868],[85.83711917749245,23.219886003144094],[85.83764859780855,23.219691169793816],[85.83825077267947,23.219652330885104],[85.83852852637541,23.219634416407796],[85.83972836747287,23.219887126718238],[85.8407905354648,23.220238188280113],[85.84265999694472,23.2210287672894],[85.84344628332974,23.22131537830866],[85.84397513860549,23.221508071139734],[85.84465719436643,23.221738853241877],[85.84528180286496,23.221842811676],[85.84605813232336,23.2219525347589],[85.84743891208537,23.222147674386235],[85.84919807571971,23.22213342397498],[85.84983363827479,23.222083866180785],[85.85169137763855,23.221971061474118],[85.85244561393091,23.221768832687115],[85.85343563732407,23.221423817283213],[85.85396364818344,23.22115475340594],[85.85415212820479,23.221058707268014],[85.85529020743151,23.22052505278774],[85.85632917373626,23.22016228652487],[85.85725834615042,23.220069707805852],[85.8583320547988,23.220213028043034],[85.85995679992394,23.22107381718434],[85.86152998714168,23.221867710735932],[85.86171804585314,23.221962609620302],[85.86213684852343,23.222137270975253],[85.86238857892391,23.222159057708105],[85.86262707624198,23.222179697767512],[85.86287372846614,23.2221891435532],[85.86382812647179,23.222059200788117],[85.86432737776735,23.221954461563836],[85.8643357671338,23.221949112079656],[85.8649857359711,23.221534674177178],[85.8658022785132,23.220881249209413],[85.86591055694598,23.220769595947697],[85.86649947717488,23.22043185020662],[85.86846584172113,23.218595857216442],[85.86846586777224,23.218595810159613],[85.87050073335048,23.215075258199015],[85.871711071262,23.21272920372876],[85.87440852700729,23.209312037676657],[85.87655411533414,23.20659349167787],[85.87716083927369,23.20484838112685],[85.87745855802683,23.203992041716297],[85.87745860114595,23.20399191704334],[85.87788739308222,23.2037726204496],[85.87921785910345,23.20243563703366],[85.88116673794266,23.2003328736208],[85.88254454068776,23.19839037702756],[85.88333290667268,23.196118632241422],[85.8833825242191,23.195975652770066],[85.88325535421589,23.194403100517984],[85.88322427160875,23.194018733769212],[85.88320915026759,23.193684224086663],[85.88321841908467,23.193593728462087],[85.88320197362677,23.19322332305687],[85.8831842615443,23.193133644578964],[85.88315107598109,23.192399525133816],[85.8827096573252,23.19079453826175],[85.88240526229286,23.188912383744107],[85.88227095697138,23.185940771096398],[85.88244561102216,23.183298224210066],[85.88191664974522,23.180378260047178],[85.88179006993515,23.18037860275187],[85.8817894842336,23.180373673584594],[85.88175307371847,23.180067880707583],[85.88157349600161,23.178559791293594],[85.8815199168848,23.178109828836075],[85.88141017689308,23.17719678875815],[85.88111743300996,23.1748102522649],[85.88104634393166,23.173951662532346],[85.88104010333537,23.17235300576572],[85.88123371183866,23.17103985618272],[85.88127822875089,23.17073791027911],[85.88148786499546,23.16992810517587],[85.88165163775324,23.169295460215736],[85.8819062418643,23.168662990653242],[85.8820505319602,23.16830471926684],[85.88257442584063,23.16756784391719],[85.88312779793714,23.166899983123063],[85.88396566199252,23.1658887573959],[85.885804817908,23.164384318899437],[85.88679801864232,23.163587541901475],[85.88781130390976,23.162694807547286],[85.8880082649257,23.16252127766338],[85.88931857185364,23.16116663112005],[85.89115415606753,23.158894470713022],[85.8920710422235,23.157862188485794],[85.89243485901525,23.157464201992966],[85.89339182979585,23.156417334993108],[85.89339171570983,23.156417321778004],[85.89375626373024,23.156031542584717],[85.89409221298521,23.1555641875975],[85.89416296070375,23.15526662645409],[85.89432957573108,23.15519557331519],[85.89507315351256,23.155047259904833],[85.89615710565013,23.155081883754445],[85.89822845091372,23.15501513206997],[85.9007574887129,23.155104989717792],[85.90388452242028,23.15494619653697],[85.90468793877946,23.15484784799691],[85.90535105446095,23.154766672589048],[85.90774885827858,23.154187157494274],[85.90976587792535,23.153586990075443],[85.91050155502391,23.153203712004828],[85.91057825497951,23.153137217910892],[85.91111142396525,23.152674996939343],[85.91231443791227,23.151256199025195],[85.91286800763812,23.1504471880029],[85.91352833135572,23.14971107673369],[85.91566720477584,23.14729613825219],[85.91639640502119,23.14649734080978],[85.91668177643075,23.146237325419182],[85.91758201141465,23.146026778225725],[85.91867737844453,23.145767999282093],[85.91977402108213,23.14550888530495],[85.92124162840621,23.145184743086627],[85.92184766693119,23.145125695640928],[85.92198349040552,23.14523497035905],[85.92201118816065,23.145442916039112],[85.92197830173642,23.145894311526803],[85.92224774332107,23.146392933936898],[85.92248127026065,23.146502924592813],[85.92346705001239,23.146599969217345],[85.92407241300427,23.14654121149622],[85.92449185527504,23.146559649537245],[85.92595428650644,23.146502747002053],[85.92660434248032,23.146705140806954],[85.92668668924581,23.147037347717408],[85.92710458012606,23.148530508850605],[85.92743921694245,23.149436060251976],[85.92766018184109,23.14989812967787],[85.9281506377317,23.150867935301125],[85.92839200786203,23.15123087217934],[85.92852827061253,23.151286026598108],[85.92866173600925,23.151267457051517],[85.92873671119948,23.15146795466075],[85.92977999031594,23.15108858234675],[85.93123785810573,23.150780537875157],[85.93220641356022,23.15058834940436],[85.93479714226319,23.1502898132914],[85.93536875195659,23.150249279140596],[85.93566294841551,23.15112903447221],[85.93627467956442,23.15164894582446],[85.93761247763499,23.15213594113813],[85.93916307491826,23.15248099075554],[85.94064221301731,23.152897933885267],[85.9422346987423,23.152865926951723],[85.94260012711169,23.152943563430917],[85.94338195785292,23.152885589027218],[85.94353550598609,23.15283976866408],[85.94429662696676,23.1528244594144],[85.94756422276159,23.15235588071967],[85.94991015156653,23.1519437017493],[85.95001178336452,23.15194544206778],[85.95085139643975,23.15199613513107],[85.9511244537434,23.152052190367247],[85.95123066964427,23.15220637477157],[85.95132547065286,23.152577402490923],[85.95136231415592,23.152866643888633],[85.9515058775147,23.153246917248442],[85.95197010259906,23.153837140002626],[85.95231917444373,23.15417362172634],[85.95243616383979,23.15420149030831],[85.95252980063178,23.154716982454644],[85.9525699220873,23.154799686730232],[85.95269663125477,23.1559432333797],[85.95374951066668,23.156930164870904],[85.95390747042623,23.157182854095275],[85.95411058041029,23.157446147034804],[85.95424497107172,23.157754154706616],[85.9543406910568,23.158007730254088],[85.95508391041051,23.159159734249855],[85.95548962911867,23.159740438634685],[85.9560207319793,23.160538811892458],[85.95614672788439,23.160660948421622],[85.95631162173964,23.160820789521704],[85.95636005081492,23.16086626687814],[85.9566042389603,23.160876900531274],[85.9568133523854,23.1608471362114],[85.95691413707205,23.160985518190788],[85.95757080554475,23.160959832259735],[85.9580782315094,23.16093998306081],[85.96118654791952,23.160145563392284],[85.96217301128922,23.15975625008032],[85.96295388981623,23.15956394564132],[85.96420711329944,23.159192856330513],[85.96745938563215,23.15797673630885],[85.96759692309206,23.157887386058412],[85.96760091251024,23.157882755050863],[85.96841790690495,23.157668292229427],[85.96851684645203,23.15764950056506],[85.96943752709178,23.157330382979303],[85.97137616064519,23.156737900975415],[85.97200313620446,23.15648908375297],[85.97239491216115,23.156312166896587],[85.97494283075093,23.15561583491256],[85.97705700499232,23.155532875922955],[85.97866060736895,23.155400807642845],[85.9801773318778,23.155004860544004],[85.98017749986275,23.15500480933504],[85.98219193325984,23.154381975599023],[85.98313275592488,23.154142256039652],[85.9846648892358,23.154082055375486],[85.98627163841088,23.154018906017622],[85.9878783866876,23.153955738458894],[85.98873209343135,23.153447527530147],[85.99128788665294,23.152674206490513],[85.9945708301644,23.150918326464804],[85.9967254169155,23.15009158206396],[85.99832278678066,23.149825911534062],[85.99919507876935,23.149722428225967],[86.00005334356483,23.14953503473082],[86.00259435141514,23.148980196533646],[86.00565529516875,23.1487903901119],[86.0076250867878,23.14871269505909],[86.00981374124774,23.148626336975262],[86.01112693266602,23.148574506900044],[86.01215161935106,23.148534055655446],[86.01284342183283,23.148299372446935],[86.01333426759226,23.14943204265937],[86.01382490943413,23.150560110858525],[86.01417767874455,23.151831871166763],[86.0147059528103,23.153774105337575],[86.01497585433236,23.15411590637928],[86.01563756145549,23.154953877058247],[86.01608147742785,23.155069980155254],[86.01667900800877,23.155382773881275],[86.01755153535605,23.1552837847251],[86.01861784368313,23.15463336297182],[86.01931227014383,23.15388602102462],[86.01959578204074,23.153580901926205],[86.01976147988819,23.152422297560488],[86.01958098319477,23.151752024570907],[86.01956803487826,23.151723895298513],[86.01935007035266,23.15094687385017],[86.01894692531776,23.149959783472372],[86.01872974502143,23.14893778699307],[86.01875623364421,23.14797150348308],[86.0190179622938,23.147519564877232],[86.0192409753513,23.14713447785894],[86.01985100329443,23.14652410744791],[86.02011396533095,23.1463254725161],[86.02047955539705,23.146049312502242],[86.02151902206346,23.14547771500639],[86.02238986956112,23.145266321610443],[86.02314462507971,23.144891590455586],[86.02372370516296,23.144506847769385],[86.02462274538756,23.14443109880547],[86.02552974468551,23.14462636062168],[86.02683419729273,23.145230580935454],[86.02789457763726,23.145815236188348],[86.02882197228543,23.145893175766997],[86.0299747955609,23.145846056181238],[86.03109031898917,23.145563910743256],[86.03195244204879,23.145198892663057],[86.03299783220618,23.145169184332982],[86.03346917464248,23.144810791460774],[86.03366684263257,23.144486835059837],[86.03420407649497,23.144490063129574],[86.03496362811882,23.14481083441348],[86.03559571958367,23.14519407206029],[86.03628613686327,23.145622829138535],[86.03704282196306,23.14635005853715],[86.03720501817749,23.14688399080072],[86.03747682951784,23.14712952433989],[86.03869963784216,23.146856986346094],[86.03972176792189,23.1459689949412],[86.040898002192,23.145388980058655],[86.04226757277584,23.145090222556348],[86.04368331496866,23.144936456187313],[86.04368492025809,23.144936281898566],[86.0445580521715,23.144390571142804],[86.04508436431671,23.143892389812272],[86.04535453443502,23.14363665641758],[86.04589904554955,23.142601223469644],[86.04574026203485,23.141570579302055],[86.04532050804869,23.14080841724366],[86.04517126015077,23.14053742017898],[86.04506044757058,23.139642566250455],[86.0452084081827,23.138394155155073],[86.04523695754075,23.138153271173135],[86.04607774740902,23.136658982517552],[86.04661264385504,23.135837635265062],[86.04733160240784,23.134733634801258],[86.04812951029773,23.133400984361746],[86.04843712399372,23.132887206973795],[86.04947619629972,23.131151707814833],[86.05068962351751,23.129415767362328],[86.05103391093499,23.12893645413311],[86.05346094054207,23.125557445747056],[86.0547810283268,23.12391243666401],[86.05460557477541,23.12317344599117],[86.05464092348183,23.12306742318789],[86.05437184481657,23.121995184873075],[86.05420941144692,23.12158563309971],[86.05325827252915,23.11823995843656],[86.0524818433577,23.114766903014818],[86.05245695283783,23.113162419396208],[86.05245493701834,23.113032509578705],[86.05214753622305,23.112299025200254],[86.05142786171295,23.11187915909492],[86.05053211111898,23.111512463002782],[86.05004633455266,23.111166335508816],[86.04986600314928,23.110424570416715],[86.0496327528908,23.108869620585153],[86.04922255787758,23.10714030177935],[86.04917276605799,23.106068404717988],[86.04968173263336,23.105979056234997],[86.05069485261079,23.10580515962652],[86.05069490111983,23.105805151363988],[86.0513595969379,23.10504587715393],[86.05138792441207,23.105050419923984],[86.05210218297928,23.1048378804196],[86.05277120059219,23.104119309966176],[86.05388768611611,23.103267287408386],[86.0540277271807,23.10316041517564],[86.05584804542467,23.102557052266572],[86.05755946449999,23.102178917362757],[86.0598507335148,23.10209695899097],[86.06037225943618,23.102078300006735],[86.06129231844173,23.101758538718936],[86.06368447724613,23.10036365289592],[86.06522186300651,23.099539908689124],[86.06641873157868,23.09889859755565],[86.07230947178353,23.095609282513994],[86.07406118658757,23.095023453259042],[86.07501993603242,23.09460500895595],[86.07665321066118,23.09509843932805],[86.07928068764579,23.095468178118537],[86.08162504709394,23.095641812946525],[86.08425975910986,23.095739290165245],[86.08623066374153,23.095595984598408],[86.08877187371279,23.095291593934892],[86.08949953873733,23.095193361135536],[86.0895741150756,23.09508269049695],[86.09024949276072,23.094080411885866],[86.09013629425512,23.093223506489807],[86.09044100549445,23.092654361277628],[86.09047078105284,23.09259874644918],[86.09077707153043,23.092058565891907],[86.0901316032527,23.090763198771974],[86.089871290348,23.09010860099976],[86.0902598359629,23.089614575509973],[86.09198475042874,23.08900638120449],[86.0921950720879,23.088850277258068],[86.09273287907546,23.08868260740594],[86.09418439667445,23.087697312451002],[86.09638942293043,23.086454452365075],[86.09803634476498,23.085452168902297],[86.09807588141727,23.085430597925054],[86.09868465890555,23.08571504647054],[86.09938184588914,23.086562685699963],[86.09991310505659,23.086951533817473],[86.10137283505391,23.086957542353264],[86.10209742784018,23.086794854809433],[86.10355789715102,23.08604225357061],[86.10482932319682,23.08577083272857],[86.10568468823058,23.085583330913934],[86.10728022193932,23.085568004899933],[86.10742755732399,23.085586783522704],[86.10867792146965,23.08548545545119],[86.10909684361587,23.0852974954239],[86.11035314113398,23.085247066393872],[86.1108652194735,23.085226508526336],[86.11271830466576,23.085760395583975],[86.11404334486265,23.08597445770395],[86.11469960460188,23.085948095481875],[86.1159375468438,23.08589835754665],[86.1162221025831,23.085752116109774],[86.11697602446507,23.085577266122968],[86.11864245321604,23.085233712085465],[86.1194155469428,23.08528851928272],[86.12068374264682,23.085776700006615],[86.12189012797114,23.086539247299136],[86.12292835047084,23.086903018455136],[86.1243945689995,23.08704679605915],[86.12512540687364,23.087017388049272],[86.12578816053404,23.087128967724823],[86.12613805882879,23.086754837791858],[86.12704346092218,23.08683456192609],[86.12791765015271,23.086017429247025],[86.12898185642206,23.084753051958536],[86.12914065880135,23.084699057704583],[86.13131862959757,23.084408571089064],[86.13269313732222,23.08408591258158],[86.13410350219976,23.081457628161367],[86.13406862690549,23.080717092354543],[86.13457115256027,23.08049407184697],[86.13502407414337,23.07932373268121],[86.13487158512388,23.078371679754746],[86.13553486879034,23.077909674792526],[86.13649680276288,23.077239636226697],[86.13769111113648,23.076722257213422],[86.13850225749867,23.07658668579802],[86.13850234104201,23.076586671748633],[86.13850238955105,23.076586663484306],[86.13931350087893,23.076451105981594],[86.14196247275171,23.07592357858535],[86.14446336184145,23.07565710173722],[86.14578917189452,23.075467146165575],[86.14586066162147,23.075456903261102],[86.14585391796862,23.075430515836437],[86.14609070848763,23.075296557159266],[86.14524517102308,23.073048712288866],[86.14452677930724,23.07023780147946],[86.14406362950629,23.067841638331117],[86.14326588061823,23.06431463979468],[86.14186336611796,23.0607301148295],[86.14168230887584,23.058489018322355],[86.14162164294976,23.057278278425965],[86.14256688263106,23.05597366596574],[86.14365784072953,23.054796344717534],[86.14528815361281,23.0532063558465],[86.1467554968322,23.05269943736707],[86.14842382641828,23.052825863604504],[86.15018058166937,23.05284427318432],[86.15140437275062,23.05225470993368],[86.15258541390578,23.05070740770664],[86.15352859464846,23.049718844771107],[86.1575801888193,23.047997232874817],[86.1574407172866,23.046834072080827],[86.15779502541108,23.04652816084531],[86.15763542892107,23.046101434193083],[86.15737289448265,23.04539315792752],[86.15715660890832,23.04453364266353],[86.15661098298453,23.04059425834274],[86.15624675835764,23.03795477780348],[86.15599518156907,23.032904179550645],[86.15644160114616,23.031732282395353],[86.15747398729148,23.030500264498322],[86.15884233796316,23.030155291748102],[86.16024132298266,23.02961173548783],[86.16222555681654,23.028926162898617],[86.16230291164396,23.028942342757457],[86.16284700504188,23.02960740925121],[86.16318325972411,23.03047637651964],[86.16336719876168,23.03085306369821],[86.16334660488378,23.031040554137924],[86.16341035292962,23.03238821491281],[86.16463720367271,23.033693363377395],[86.16632323725642,23.03375868234706],[86.16664448198856,23.03360280364781],[86.16699453659012,23.03343587263506],[86.16708811588992,23.033468778542375],[86.1670929101986,23.03338895913436],[86.16739433989218,23.03324521678743],[86.16747771433032,23.031956107899724],[86.16725609635647,23.030672493433762],[86.1672909860238,23.030091669939768],[86.16759404705795,23.029785470190895],[86.16843992498396,23.029142875788196],[86.1689943040919,23.02844297111721],[86.17010439181433,23.027176742543766],[86.17066990284528,23.026817398348218],[86.17017183642758,23.025551869641518],[86.16970245860679,23.02441678675348],[86.16977697745284,23.02306812857499],[86.17250835987144,23.02164616616491],[86.17338910860018,23.02122627750124],[86.17501126208575,23.020873435744946],[86.17664165312245,23.02075545150077],[86.1773142927426,23.020867312644324],[86.1774649572837,23.02176231171955],[86.17768758137069,23.022070602400373],[86.17885098500358,23.02171533380179],[86.17885960793198,23.021702623858438],[86.17995972615142,23.02008074489704],[86.18008521810168,23.019895731961146],[86.18024911931849,23.01965409158015],[86.18044251581942,23.01833626476626],[86.18061008934913,23.017105227396627],[86.18073862029996,23.016160980228072],[86.18146312864461,23.015767206548755],[86.18145236053931,23.015675695523814],[86.18132382869014,23.014583266707064],[86.18145886344367,23.011603088612603],[86.18150716405982,23.011352826859508],[86.18152338763387,23.01126877088743],[86.18159992679104,23.01087218656403],[86.1817354116005,23.010753386577306],[86.18253182289709,23.01005504261959],[86.18334724973163,23.009137833628817],[86.18422221420826,23.008040408105778],[86.18494483878575,23.00664686860563],[86.18507140871432,23.006402780124088],[86.1852209530563,23.006114387721748],[86.18526862844506,23.006022447620033],[86.18554644322649,23.00524708589143],[86.18748512439058,23.005771841460728],[86.18859516719728,23.00597714937507],[86.18944418653189,23.00613417462647],[86.18978241930431,23.00621115500185],[86.19053837407378,23.006383204936068],[86.19163665434016,23.006633159218822],[86.19293150665192,23.006886093873902],[86.1931083085746,23.006920628562224],[86.19343522167614,23.006062472922597],[86.1935444442383,23.00577575833542],[86.19405020652302,23.006037432097166],[86.1955192421684,23.00679747497555],[86.19679289423946,23.007562659105606],[86.1987853350818,23.00725659093544],[86.20056121187201,23.007247531866664],[86.20141899157724,23.00748938051636],[86.20271408643416,23.00785451955186],[86.2042066309905,23.007925266939647],[86.20506732213559,23.00757734326259],[86.20602301551185,23.007681492495543],[86.20688907049747,23.00809224855393],[86.20747390518846,23.008194560948134],[86.20770344181155,23.007137924196975],[86.20799528827769,23.005794435632843],[86.20807730356483,23.005668372920585],[86.20845802215862,23.005083186644292],[86.20685998574352,23.00471383131743],[86.20636953703944,23.003473912126825],[86.20634178987692,23.00154072354679],[86.20632778424333,23.00059224452119],[86.206494913107,23.00037629694561],[86.20667105117464,23.000286804698696],[86.2075505889744,23.00004731469983],[86.20869439765596,22.999664588585116],[86.20983796648738,22.99932711722436],[86.21134318267914,22.998873945409375],[86.21233981048627,22.998672548731683],[86.21265219603306,22.998609420623104],[86.21462609115633,22.99809532012398],[86.21546799493557,22.997862912086166],[86.21584759782179,22.9977581202035],[86.21632588423523,22.997733412738864],[86.21653025635229,22.997834426457683],[86.21704582644331,22.99808924973903],[86.21766852063195,22.998399470785905],[86.21808778413795,22.998437633660085],[86.21850982882812,22.998006176977103],[86.21957197346386,22.996539031851384],[86.21981432185954,22.996300969093596],[86.22037672921114,22.996101235663144],[86.22301970662602,22.99484563309043],[86.22439589959014,22.99458194388641],[86.22562438436876,22.994844223992917],[86.22571840923288,22.99489805084567],[86.22642973120745,22.995073177336675],[86.22666923913022,22.9950905561754],[86.22684722233743,22.995158997321756],[86.22764882948965,22.995467246255487],[86.22773889637668,22.995476000977327],[86.22801827961656,22.99550315739817],[86.23058441514202,22.995752562902688],[86.23262627859629,22.995668906544115],[86.23352087126186,22.995307377177845],[86.23436077089971,22.995283339079997],[86.23528829849855,22.995170385845753],[86.23709416823948,22.995025559174746],[86.23741574085669,22.995090254344625],[86.23742550105226,22.99509031553771],[86.23742543817016,22.995090393269486],[86.23768988152858,22.99559111803325],[86.23769297712303,22.995596977663247],[86.23769121462843,22.995617962678196],[86.23771595243473,22.995640483299386],[86.23844890584137,22.997028304991503],[86.23913111790917,22.99705847192171],[86.23911671881345,22.997112533564177],[86.2399310595848,22.997798042111615],[86.24072881565941,22.99876073222155],[86.24142528668571,22.9992713414615],[86.2426521787513,22.999423763681143],[86.24341950080236,22.999230974285567],[86.24470064212797,22.998957177230853],[86.24534831756637,22.99834531456373],[86.24543545684385,22.99798227828167],[86.24788166997381,22.997402538675573],[86.24972744108304,22.998004150206494],[86.25229559063136,22.998617522707594],[86.25487237298958,22.999410228038023],[86.25773137456902,22.99965209155969],[86.26027813882368,22.999934854978772],[86.26069913607823,22.999981594064227],[86.26340491740953,23.000142098456088],[86.26496139326801,23.000211642609752],[86.26707768933011,23.001156757187385],[86.26875387288676,23.002576220914435],[86.268840908858,23.002700297024937],[86.27025572488775,23.004717169410547],[86.27190638371391,23.006225215022482],[86.27397415188604,23.007296670444656],[86.27536276944885,23.008013615542772],[86.27821995283817,23.00924600344079],[86.28216309879467,23.009355109155962],[86.28526565071562,23.010305334065862],[86.28732346824933,23.01163856798967],[86.2876193418629,23.01183025651114],[86.28985839540348,23.013041897614457],[86.29159726879055,23.013688916170373],[86.29321501873456,23.013889291640684],[86.29439600239756,23.012674474868984],[86.29553424601598,23.011502894669096],[86.29663937324143,23.010779701510998],[86.29840689480123,23.0108862585015],[86.30015362485373,23.012210307231726],[86.30133901924478,23.013147431691667],[86.30237966360251,23.015311805469366],[86.30315440483952,23.016404187045328],[86.3035038872143,23.016499897732604],[86.30421860212567,23.01669562901843],[86.30457219698782,23.0167924622942],[86.3051958685435,23.015688216696294],[86.304752821242,23.01404289954175],[86.30408152729818,23.01200149146714],[86.3040691862428,23.01197511558631],[86.30393325497063,23.011312479834068],[86.30359217813198,23.01065282405971],[86.30404273355262,23.010067518010633],[86.30648950273974,23.009293251946414],[86.30893675701714,23.00842675440423],[86.3095968974784,23.007049073943104],[86.3095617383165,23.005294681429515],[86.30997887371363,23.00424506779469],[86.31183506438182,23.002997486513483],[86.31453181944117,23.001940808241404],[86.31685442528637,23.000765970300765],[86.31819253956391,23.000588610295853],[86.31819477726728,23.000589089070946],[86.3191302971772,23.000828029047916],[86.31965680695176,23.000902472219217],[86.3198159003852,23.000647738592384],[86.3198159461993,23.000647664998308],[86.32000685706177,23.00034202353727],[86.32050383561969,22.99954637575777],[86.32090598801618,22.998902535009158],[86.32143232531418,22.998229681380995],[86.32230037815302,22.997119972547683],[86.32394536860971,22.995943691832085],[86.3260774507663,22.99492299615945],[86.32694265774231,22.99474764454714],[86.32821640772976,22.994489481574053],[86.32830056010891,22.994451191062332],[86.32994719627924,22.993701935584763],[86.33147946703241,22.99324422728699],[86.33167669125473,22.993185313234378],[86.33410110766263,22.992228925256562],[86.33606683171007,22.991288749612284],[86.33722084076169,22.99085189153841],[86.3379378400889,22.990580457485677],[86.33831406261471,22.990918791727395],[86.33815047041834,22.99164915350291],[86.33911656718388,22.9923739120479],[86.34058723057656,22.994874972746434],[86.34176918082677,22.99676129416458],[86.34410134654325,22.997834613340892],[86.34618099852825,22.99801515314776],[86.34824116695307,22.9977955332452],[86.3510694102172,22.996686616343872],[86.35343573706727,22.99519138581178],[86.354798030399,22.994171225269998],[86.3548146231806,22.994301831997078],[86.35469035922735,22.99583698329192],[86.35464339979589,22.99750790058132],[86.35438398430816,22.99869918355527],[86.35430225917685,22.999493800214378],[86.35691682108263,22.99957663639254],[86.35781432608637,22.999608421008265],[86.35879293638385,22.999643074152615],[86.35941908369644,22.99998313458581],[86.36207011181286,23.000139569787564],[86.36397263938007,23.000871093915254],[86.36649105370269,23.000452316438984],[86.36875779421865,22.998914970085718],[86.36889546552753,22.998821597004554],[86.37003947543174,22.998003516788977],[86.370067167797,22.997994497617945],[86.37131316523207,22.997523860114104],[86.3720721922398,22.997775526811797],[86.3724258481874,22.99856394375772],[86.37322086799361,22.998271983835537],[86.37417568371583,22.998687968153483],[86.37678476230515,22.998495649047307],[86.37757673502594,22.998199752037],[86.38004070425579,22.99728068955291],[86.3817027923473,22.996353755092752],[86.3835072616147,22.996098295109036],[86.38583445156279,22.996046690689834],[86.3863026489973,22.99503617618059],[86.38637922857866,22.992332300729846],[86.38688366315341,22.98992845483534],[86.38858755883822,22.98670919450398],[86.39006299767496,22.985024969553915],[86.39286874622604,22.98306360035894],[86.39366741498893,22.9813847403042],[86.39376110028992,22.981772535731388],[86.39393407808441,22.98103709888449],[86.39652402794802,22.981172443899062],[86.3987613091126,22.981221193344812],[86.40101440242277,22.981591850156594],[86.40197626632671,22.982629785541736],[86.40310977582361,22.98462830646998],[86.40413785724206,22.986202655331578],[86.40485479817876,22.987320019112914],[86.40527323972631,22.988237954416505],[86.40598970275924,22.98798973166811],[86.40611424159698,22.988179206882865],[86.40677443595715,22.988931459350216],[86.40728154212158,22.988987521381762],[86.40800394301856,22.988890812874264],[86.40860902393942,22.9888478963483],[86.40903707027398,22.989138547708116],[86.40928908903369,22.989509893160275],[86.40978390265174,22.990162089687036],[86.41009431459986,22.99056074520836],[86.41065033133654,22.990598973974254],[86.41113863396542,22.990501333807906],[86.41172525001564,22.990214463777416],[86.41214514773225,22.990116661248088],[86.41220546151874,22.990131103348578],[86.41325635295892,22.99038273668929],[86.41388913612654,22.99069220885103],[86.41417227612092,22.990693255783132],[86.41483560200818,22.99069570606733],[86.41548921171734,22.99071625107407],[86.41552926400259,22.990740693541646],[86.4157422222171,22.99087066021244],[86.41571186455039,22.991105417270035],[86.41542793403858,22.99134828801764],[86.41506615911743,22.99151858390384],[86.41509455666021,22.991735469355966],[86.4154499706108,22.99190616499921],[86.41545481253016,22.991908492045354],[86.41604862408578,22.99220872283779],[86.41645144932045,22.992475329193336],[86.4168172756435,22.99271744578115],[86.41712683868367,22.993332824487],[86.41720191628184,22.99402860959214],[86.41721816770364,22.994805499440734],[86.41722346956044,22.995853383775366],[86.41722420438236,22.995903663528733],[86.41723100283244,22.996368315603473],[86.41755207778297,22.99656824213915],[86.4184219245574,22.996246259642607],[86.41903701810045,22.996131076164197],[86.41912129265052,22.996149398390678],[86.41929052986012,22.996186189202206],[86.41939592739581,22.996638185057616],[86.41908103914261,22.997269407879635],[86.41887356065133,22.997855817140945],[86.41885127524577,22.99851515426489],[86.41931624503349,22.999311729298075],[86.4194776058147,22.99962943682204],[86.41968395512366,23.000035719861433],[86.41948796428822,23.000224745702663],[86.41917149500019,23.00042807253202],[86.41899875166595,23.00053905747897],[86.41912545544353,23.000584682520916],[86.41927909969647,23.000591829417406],[86.4201789780492,23.00063368129825],[86.42086515438233,22.99989553072748],[86.4216096026313,22.999220727237606],[86.42293054201895,22.998340364658144],[86.42422126208044,22.99770368339895],[86.4248844541187,22.99776028507303],[86.42502150828498,22.997652366533924],[86.42511142515333,22.997173964704192],[86.42512214834288,22.996939113178566],[86.42556178653786,22.996805231079403],[86.42644980173897,22.99678135367136],[86.42787413991073,22.99681361607989],[86.42923106311369,22.996655886195292],[86.43086363256496,22.996009119220243],[86.43133236449708,22.99582338609638],[86.4329144135951,22.995494797951185],[86.43401832180672,22.995173516614653],[86.43514264333481,22.994626549675182],[86.43612260739346,22.994437938560207],[86.43629486294245,22.994404783318053],[86.43789561676128,22.994265967670316],[86.43888302785359,22.993781639554037],[86.43975212812805,22.993613125275708],[86.440679151772,22.993589264668916],[86.44136262687108,22.99345616236356],[86.44193864908917,22.99337692129084],[86.44244687814766,22.993170953328097],[86.44274072606025,22.992891937524256],[86.4431047889904,22.992456738536575],[86.44417221392341,22.991180724184595],[86.44517263890923,22.989883376951212],[86.44589816145184,22.98901872630287],[86.44675058719795,22.988145559707107],[86.44792132108356,22.988158606909717],[86.44825014669836,22.988183356648268],[86.44930633280885,22.988262845553304],[86.45006951003317,22.988382295490524],[86.45042766474371,22.9884383519612],[86.45104958997447,22.989045673144894],[86.45122793250782,22.990035618740688],[86.45139319197739,22.990952937695436],[86.45293558494717,22.990750439268336],[86.45319128590124,22.990734717926426],[86.45404815112148,22.990682029792758],[86.45497499959397,22.990685187955446],[86.45573651763,22.99055239455197],[86.45634239715318,22.99031052465202],[86.45702745328715,22.989797985289346],[86.45799438728257,22.989539305094837],[86.45963388813458,22.989454560731534],[86.46067738194837,22.98957559821916],[86.46080037568383,22.989601035734797],[86.46147676577026,22.989740919657066],[86.46222900600601,22.989481471099985],[86.4627772460273,22.989237970979076],[86.46285459007497,22.989203619488897],[86.46356819017709,22.9888537223651],[86.46438828286122,22.988711942929402],[86.46499289845477,22.988804318230958],[86.46591794850005,22.989259051256766],[86.46645050393647,22.98955861561504],[86.46667726296869,22.98968616702665],[86.46733092657676,22.989697454295346],[86.46811228480416,22.98950135223627],[86.46875602831652,22.989388642255836],[86.46881941883287,22.989931236746486],[86.46912492597951,22.99077086187668],[86.47033554596207,22.991793203151072],[86.47263841582047,22.992054698108344],[86.47404422264623,22.99199486231152],[86.47450979789845,22.991880783323673],[86.47578194439308,22.99180325808252],[86.47736252654222,22.991826558330345],[86.4787886137339,22.991397666412407],[86.4793264359928,22.991101269248365],[86.4801555145247,22.991158202819538],[86.48015561423772,22.991158208608223],[86.48069487290279,22.991195244732282],[86.48098469366795,22.991215149598016],[86.48152209192205,22.991290893084635],[86.48206960790117,22.991911117621576],[86.4821839481655,22.99191825257292],[86.48351772986841,22.99200147958615],[86.48472409003988,22.99200322776386],[86.48515737085759,22.992077848634445],[86.48664912938811,22.992344681005864],[86.48669585166435,22.992345598093937],[86.48730275347027,22.99253600247691],[86.48927842995275,22.992723635488144],[86.49026820181763,22.992425284670958],[86.49079448970829,22.992701243384364],[86.49148668924543,22.992866098732158],[86.49256954903164,22.99289665773832],[86.49278999470403,22.992891588552588],[86.49280152997058,22.99289588702364],[86.4928864189683,22.992889371507328],[86.49360390428407,22.992872869776292],[86.49463858292998,22.992749694275673],[86.49534973512297,22.993041017814384],[86.49608260768122,22.992763330647314],[86.49689269762465,22.99268457458674],[86.49766287362338,22.99284966646186],[86.49810976481598,22.993383998278688],[86.49903223939137,22.994298195121576],[86.49903334881076,22.994299294122833],[86.49947978365917,22.994942040463748],[86.50135399273535,22.994713072012775],[86.50125034781281,22.99420339568506],[86.50124696745239,22.994186773381468],[86.50153797040046,22.9941910544456],[86.50127595608662,22.992835829977647],[86.5012939466468,22.992445616888485],[86.50142399305554,22.991587797582923],[86.50208912904812,22.991120235530666],[86.5024917512635,22.990407829209637],[86.50259122620649,22.98989328895981],[86.5028069170961,22.989604865420183],[86.50268328286184,22.98871926990746],[86.50241258812738,22.98804090500366],[86.50252687808603,22.98760309945576],[86.50397921674525,22.98598699155423],[86.50443073965144,22.985770859355775],[86.50549673356817,22.98506961406024],[86.50599346419105,22.984702140806043],[86.50607016953653,22.984659793577407],[86.50608828496253,22.98463199405276],[86.5067977662891,22.984107124886833],[86.50826552902174,22.982919215558848],[86.5092346755677,22.982009897982543],[86.51106595774972,22.980100514019757],[86.51196289861143,22.978924377007548],[86.51219311256422,22.978622504796586],[86.51332839533548,22.97763239533592],[86.51284277956762,22.977016625032483],[86.51172367904792,22.976236347824617],[86.51068200881411,22.975618847581522],[86.51030905346097,22.9754415240226],[86.50963018402433,22.975118748464748],[86.5081407557237,22.97421990523053],[86.50758636942929,22.973579653959955],[86.50748980951937,22.973468138212347],[86.50749176694839,22.972935093106667],[86.50791200243155,22.972728701116278],[86.50863373857523,22.97276703583094],[86.50979427478572,22.972879034338646],[86.50996510201341,22.972881821563252],[86.51008297086014,22.973910852698516],[86.5106886554489,22.973580739896764],[86.51073048100854,22.973122678080735],[86.51089641241792,22.972740667999563],[86.51118043994781,22.972639390700277],[86.51311528261073,22.971723996887654],[86.51427779421654,22.97129397256087],[86.51723526552416,22.97085126769892],[86.51888487511803,22.97058532830523],[86.520582411629,22.970545268501866],[86.52289321450966,22.970886487328826],[86.52445237094096,22.97139699104185],[86.52538463984787,22.971969645887995],[86.52567897195239,22.972150440269704],[86.52635958142574,22.972784809570893],[86.52687050004022,22.973802493300372],[86.52708629154114,22.974232315286656],[86.52721002369175,22.975108858529623],[86.52676987255872,22.975459863115653],[86.5263991998247,22.975491959417223],[86.52586223276192,22.975538452229685],[86.52515006098109,22.975554449094776],[86.52463173935037,22.975905113432535],[86.5246256451795,22.975913684990022],[86.52396508969656,22.976842576753313],[86.5245199862341,22.977196602160323],[86.52507473454958,22.97755957191547],[86.526077238237,22.978240047121275],[86.52691366678457,22.979001385302332],[86.5274292692149,22.979409352209192],[86.52794498034143,22.979817403895048],[86.52859628407523,22.98048777474107],[86.52958071006589,22.980770801585972],[86.53057618892775,22.98067431545375],[86.53193829630823,22.98175327785405],[86.53313502833646,22.98271434149388],[86.53487962578852,22.983234386354898],[86.5366144872995,22.983772435550552],[86.53819352614296,22.98421060829789],[86.54015223794131,22.984893852695162],[86.54156233691751,22.986261951190812],[86.54350805728019,22.98793864762674],[86.54429558873024,22.988753896902644],[86.54481080488502,22.989342585060403],[86.5454919820936,22.989877488129437],[86.54589215190826,22.989842473575386],[86.54631345548833,22.98929266011454],[86.54653930362883,22.989111327157467],[86.54699778488524,22.989415670893923],[86.54755215770497,22.988658994337033],[86.54769773598494,22.98657700998747],[86.54771762558364,22.986505398788257],[86.54773767777743,22.98643321031437],[86.54777558847903,22.985332813237587],[86.54782938408985,22.98446681108612],[86.54764397990003,22.982658899596974],[86.54760308589334,22.98184489044488],[86.54788189870303,22.98100225736696],[86.5479511677946,22.980887383424815],[86.54824760465183,22.980176568911457],[86.54879167289693,22.979148219820903],[86.54918231428137,22.978403195749813],[86.54877184348534,22.977611379407083],[86.54877181653589,22.977610629281187],[86.54876941444081,22.9776066942216],[86.54859806080033,22.977276139709414],[86.54750408436252,22.97501881526025],[86.54659252431787,22.973122341463995],[86.54522602956551,22.97098734909261],[86.5445458620633,22.96983214908203],[86.54442817198131,22.969561621469776],[86.54427421511465,22.96887164309261],[86.5442229374816,22.967984381545755],[86.54421886901169,22.96791400114279],[86.54426084548828,22.96780107299559],[86.54436646580615,22.967516910671257],[86.54476841428507,22.96692193735684],[86.5449746027956,22.96653403066536],[86.5448835612365,22.96629073814899],[86.54477156827002,22.96599145883758],[86.5444704601733,22.96559312535646],[86.54408756226661,22.96550974560148],[86.54379786457062,22.96544665989285],[86.54313405628805,22.965580307566952],[86.54228407665443,22.965975264815217],[86.54202356522202,22.96618894238162],[86.54138412463986,22.96671342127177],[86.54069121273874,22.96681079327736],[86.53932589388111,22.966662303546176],[86.53788335494338,22.966305851101005],[86.53321482119156,22.96509076916385],[86.53197684840696,22.964825116201073],[86.53194458271857,22.964821641474483],[86.53169351796971,22.96479460957092],[86.53146002606442,22.964769427927767],[86.53166616067604,22.964399609999152],[86.53190775269024,22.96408665497937],[86.531989205632,22.963981141284222],[86.53214624012682,22.963777719064353],[86.53266565770221,22.96309274673378],[86.53268687411258,22.962234912287773],[86.53342762309923,22.962106540086214],[86.53292501300282,22.95982372185645],[86.53223003317989,22.958369538898108],[86.53184264100182,22.95818348355132],[86.53153465270836,22.957217795339233],[86.53136766847345,22.95665269127584],[86.53151286946101,22.956174286547782],[86.53109307505065,22.954252005820738],[86.53030642933952,22.952953847472706],[86.52900596345552,22.951133909684643],[86.5273348122611,22.94946353488],[86.52635075817302,22.948330071506412],[86.52581313174682,22.947544207126633],[86.52570021171896,22.947580737359246],[86.52546007497553,22.947304131449982],[86.52396199050884,22.948294792232705],[86.52281883220749,22.94891994161831],[86.5215268050973,22.94895693306602],[86.52074982615693,22.948446419918163],[86.51905290858521,22.948546843448355],[86.51782401507315,22.94875162122138],[86.5165765893168,22.948685265150147],[86.51553876477077,22.948729743806307],[86.51538251989507,22.948623888071474],[86.51406742045508,22.948159170274042],[86.51328254352673,22.948094439401967],[86.5115753671945,22.947092899940642],[86.51091151758942,22.94814908976072],[86.50980970963894,22.949268450651612],[86.50938011999872,22.94958370569159],[86.50743144058546,22.950510297550892],[86.50611834079534,22.951022762556704],[86.50521058152262,22.951181432467777],[86.50290205407457,22.951492191352315],[86.50226366182635,22.95064968838347],[86.50220024436052,22.94993807462513],[86.50263200612712,22.949225803624973],[86.50248475787899,22.948936786220166],[86.50268610806341,22.948759208457346],[86.50266936256823,22.94842348444038],[86.50236086223502,22.948224675393455],[86.50215956415289,22.948222637122328],[86.50206198016356,22.947742562200393],[86.50183146258018,22.947690440500306],[86.50198992000644,22.947272697683687],[86.50166528862569,22.94665057083198],[86.50089502549038,22.946782657897643],[86.50089893316186,22.94569733623173],[86.50074378153587,22.945462010584407],[86.4999540608915,22.945543885545117],[86.49971119147297,22.944886009810705],[86.4988457922575,22.94519492103794],[86.49778474087147,22.94557210424419],[86.49742270364227,22.94619593270821],[86.49733272299355,22.946679230213835],[86.49731574932626,22.94668874997485],[86.49657282641661,22.947129018335968],[86.49546537165624,22.947551586796916],[86.4953359244238,22.94755711762006],[86.49509080292884,22.946979783172342],[86.49485146299108,22.94575956172688],[86.49467163823752,22.944277509114606],[86.49459720383304,22.94331073060147],[86.4944713292005,22.94307543885808],[86.4936535182372,22.94265733186785],[86.49305097865026,22.942077292066372],[86.49287830538468,22.94129988819499],[86.49247152037626,22.94052169891844],[86.49214474561522,22.940277840920462],[86.49121159815599,22.938686287629615],[86.49061910892044,22.938726581888215],[86.49030511808425,22.938220327052704],[86.49004283337747,22.93793942247803],[86.4896830122921,22.937676322974408],[86.48902961278873,22.937665223292587],[86.48826706258843,22.938150533425354],[86.48826541328157,22.93815435464083],[86.487912820041,22.93897144368566],[86.4877213513247,22.93947026182909],[86.48739522065574,22.939890766168556],[86.48679806287569,22.941248934590977],[86.48640096799424,22.941595188410595],[86.48588244783583,22.942027119686827],[86.48538324145602,22.942495278414512],[86.48498234131104,22.942764938602398],[86.48443612070253,22.94277219940876],[86.48392782247373,22.94307768401971],[86.48362441918145,22.943356731509876],[86.48333019577309,22.943780378071384],[86.4828611952447,22.944013669962587],[86.48216802193382,22.94417402243642],[86.4815727820569,22.94424438127534],[86.48137509879547,22.944315762551685],[86.48092819053487,22.944477133831395],[86.48040031621942,22.944791552110807],[86.4798618175291,22.945322755865778],[86.47937295884306,22.945655325878732],[86.4787379164125,22.945924254286073],[86.47818134900857,22.946094067219953],[86.47789685525302,22.946499683160535],[86.47775283105847,22.946772111551677],[86.47768704204032,22.946803034206663],[86.47731713646755,22.94727045010994],[86.47709958606531,22.94810007195112],[86.4775487562838,22.949929037356146],[86.47769606202408,22.95089059608226],[86.47743283857784,22.951602338010122],[86.47723373777488,22.951742775778673],[86.47690097753913,22.95188013043427],[86.47687097291035,22.951879196527642],[86.47656933840086,22.951870015455867],[86.47639825605164,22.95068613009395],[86.47575704129677,22.950625963297636],[86.47470174272182,22.950526935153203],[86.47355178147886,22.950252185730704],[86.47311289247878,22.950085698431874],[86.47211033668911,22.94970538523003],[86.4706405231027,22.948941694093016],[86.46999893375036,22.948361384253044],[86.46970864136966,22.94776428012098],[86.469584646911,22.947217063398593],[86.46946894480071,22.94670654699584],[86.46921146877568,22.94520621284905],[86.46910495014255,22.944989065779613],[86.46796203708128,22.945436898966317],[86.46796123937733,22.945436870012976],[86.46743546532299,22.945417084145905],[86.46662510319003,22.945631110193407],[86.46607916644918,22.94554796051358],[86.46566773894733,22.945466041711736],[86.46548356724611,22.94542937027795],[86.46566247122651,22.945360783998684],[86.46498778344754,22.944900951433755],[86.46464388589891,22.944494237913386],[86.46441717357906,22.944051950773336],[86.46410924187946,22.942993980166573],[86.46352534502962,22.942648725939506],[86.46326932158038,22.942425458864456],[86.46247600318328,22.940809209643046],[86.46212764190601,22.939704102184923],[86.46283879140404,22.938189870678407],[86.46279578455984,22.937021088591372],[86.46176482853242,22.93670082482658],[86.46016596027737,22.936768775170897],[86.45983762154943,22.936462508595874],[86.45985604958918,22.935771069156424],[86.45954642187029,22.935137717578154],[86.45821305429071,22.934455686099987],[86.45711369963925,22.93375632982244],[86.4563843583584,22.93322993203878],[86.45544741641538,22.932770800369802],[86.45460709187444,22.93212890262034],[86.45294682197306,22.930955042212013],[86.45210449239241,22.931428620134422],[86.45024276540711,22.932115970799817],[86.44882849465469,22.931991624717625],[86.44748078457327,22.931200793372657],[86.44547335264554,22.930954095751126],[86.44404135453932,22.931074717340504],[86.44354456103437,22.931114426463427],[86.44297009739333,22.930930517786514],[86.44289618221512,22.93090682812875],[86.44277975875767,22.930743822421732],[86.4430554598032,22.930094391315105],[86.44315314440385,22.929711285127468],[86.44318433031725,22.929588980353195],[86.44321519732871,22.929182570797554],[86.44260308529411,22.92863842202963],[86.44231097472328,22.92847859471903],[86.44180673238802,22.928202696870727],[86.44084180343229,22.9276747254002],[86.44013086952994,22.92744639260622],[86.43988742608795,22.927402052570454],[86.4393220426178,22.927299075050435],[86.43870688259943,22.927096238055935],[86.43843570636797,22.92700682139914],[86.43812687096317,22.926998451925574],[86.43728512888073,22.926975635261954],[86.4370085941986,22.926807602801592],[86.43647767100107,22.926484992502292],[86.43579743073533,22.92590443747673],[86.43546838054169,22.925298043151685],[86.43546840659285,22.925296567967894],[86.43547111681005,22.924629674036602],[86.43556491979034,22.924331906020925],[86.43567861865753,22.923970977700368],[86.4357193653405,22.923546547693245],[86.43593535716572,22.923194980664974],[86.43620253319922,22.922926040208118],[86.43666431306931,22.92274602397435],[86.43764600728316,22.92267680070845],[86.43777866958601,22.92209222401671],[86.43826116730152,22.922028942663474],[86.43852528996139,22.921822072566215],[86.43847746455398,22.92158702893169],[86.43862637378703,22.92095523518778],[86.43868640819747,22.920585107232196],[86.43879050497262,22.920376866426565],[86.43886938783433,22.92034831152055],[86.43957406766572,22.920714805405385],[86.44001584385106,22.920391918314802],[86.44003804391669,22.91988020778511],[86.44014219189577,22.919912789713454],[86.44051244601485,22.919995359411995],[86.44079534526077,22.91995120475585],[86.44079648522285,22.919680167033857],[86.44075861853868,22.91939096576121],[86.44071167527689,22.918948220163834],[86.44085947688723,22.918578335774058],[86.44101656438262,22.918325945800316],[86.44116390156395,22.918073600036333],[86.44138194963286,22.91719811789479],[86.44144458286942,22.91685801225551],[86.44240958369033,22.91627634778679],[86.44307221338325,22.915792005136456],[86.4436280459653,22.91516010246009],[86.4441631759733,22.91471341939084],[86.44439835042313,22.91422682386061],[86.4445268939504,22.914116123036365],[86.44455404463153,22.914092740724364],[86.4453384930635,22.91302962939366],[86.44588778231703,22.912227566567243],[86.44608831952611,22.911922124079194],[86.44620711004431,22.911778604157856],[86.44621461906178,22.91172975522106],[86.44626059214308,22.91165973198205],[86.44666379017858,22.910839159296703],[86.44683230514272,22.91014412370347],[86.44704024446973,22.909359023240334],[86.44716127269136,22.90893940383629],[86.4472160600422,22.90874944941584],[86.4472380642751,22.908673159922763],[86.4473283719106,22.90839260946691],[86.44776110655263,22.908394460503224],[86.44829873836872,22.908703475644863],[86.44868796849988,22.90862704959466],[86.44892101214582,22.908050404794793],[86.44901559666037,22.907965720262784],[86.44908346977,22.907872166060532],[86.44970541835697,22.907371803353545],[86.45086852734244,22.906446798022753],[86.4509391654665,22.90627484269319],[86.45099207983,22.906256188885983],[86.45113442327663,22.906189333712444],[86.45141213475178,22.906058898424384],[86.45161855951923,22.905662180085713],[86.45161429252163,22.905015707014694],[86.45220247074214,22.90505366702536],[86.45264279704662,22.90470314927494],[86.45261276097678,22.90409608250093],[86.4529151392913,22.90357168373638],[86.45356248774291,22.90348428636555],[86.45424165721684,22.903939354988694],[86.45580004648691,22.904066733912124],[86.45644739583685,22.903979322793003],[86.45739847097423,22.90339509658593],[86.45783718300618,22.903012372524124],[86.45832567338294,22.90293170317147],[86.45911889206701,22.903077733150884],[86.45950969335159,22.903033472029524],[86.46037467754542,22.902720188142563],[86.46123858376087,22.902987636167516],[86.46202291810681,22.902954290528864],[86.4627347925453,22.90286410905874],[86.46351456704284,22.902738777063846],[86.4646395775788,22.90305501424216],[86.4656613824684,22.903195896239826],[86.46596697046341,22.90243629137241],[86.46663001158474,22.901478309368805],[86.46671956553374,22.90136851170269],[86.46683013377215,22.901273200288824],[86.46703270925863,22.90109857713268],[86.46729674837513,22.900891749568775],[86.46717239369204,22.900267957414044],[86.46704824382485,22.899608116568338],[86.46673871581896,22.89896574976244],[86.46617495740115,22.898503152188166],[86.46595245548508,22.89806880397366],[86.46563358230529,22.897336041987547],[86.46529515819168,22.896612222530905],[86.46489927423922,22.895608243527477],[86.46466812154696,22.89488474587076],[86.46430906402958,22.89444090401669],[86.46408476727953,22.89430284314576],[86.46388115513723,22.89417751399858],[86.46323797576684,22.894085044307616],[86.46251788264183,22.89373932284639],[86.46211973403656,22.89333151977943],[86.46188680537497,22.893059742797742],[86.46144925486468,22.892760164254387],[86.46084593464177,22.89245998258525],[86.46025222100252,22.892186949273],[86.45979547708787,22.891815089307357],[86.45951430350563,22.89143475155232],[86.45894155295184,22.890791392684154],[86.45861248299526,22.890185054812083],[86.45813700202044,22.88962337284177],[86.45765202585306,22.88898033641877],[86.45722460115266,22.888599480926565],[86.45679738126819,22.888146352847198],[86.45650097405533,22.88777145117648],[86.4563703994372,22.887506054545582],[86.45625492370237,22.887268317197826],[86.45620919855608,22.88650937212463],[86.45613311304817,22.88602132310248],[86.45606460303303,22.88599598529278],[86.45576314369504,22.885884494239352],[86.45522585144212,22.886153696032654],[86.45422082977699,22.886367087399478],[86.4536946460909,22.88630196203584],[86.45333468576666,22.886120090528077],[86.4532193492707,22.88579556268722],[86.45319970221712,22.885740263994677],[86.453308938254,22.885225725537943],[86.45358428805825,22.884630487516375],[86.45357707368818,22.883998119364293],[86.45402736859741,22.883538963298054],[86.45423405387628,22.88305190087568],[86.45415903916016,22.882301850691437],[86.45443372241449,22.881878264372283],[86.45498221845561,22.881238792271297],[86.45558794436685,22.880915620007553],[86.45572601542604,22.88050963230747],[86.45540673171618,22.879903241883092],[86.45484476723401,22.879034144425347],[86.45460042817166,22.878373741812222],[86.45451680849345,22.87814773279909],[86.4537877394021,22.877612297163104],[86.4535167185792,22.877132620157756],[86.4534330297307,22.876120616069706],[86.45325108225809,22.875297960380948],[86.45316709157568,22.874358233932668],[86.4527599391563,22.87379677285191],[86.45239036236693,22.873578624937448],[86.45185469336977,22.87344135810829],[86.45171911333888,22.87322405716541],[86.45177888633957,22.87289006791056],[86.45201516392054,22.87232174671182],[86.45205609565646,22.87183407543085],[86.45194671229588,22.870954854146415],[86.45187773605511,22.870400418546016],[86.45186721049492,22.870315812323273],[86.45198797101857,22.869358727606954],[86.45200235933449,22.86913227235777],[86.452060846846,22.868211773138583],[86.45234028308649,22.86657767423185],[86.45148304865862,22.864000250476916],[86.45093398488224,22.862372389290204],[86.44990018209373,22.862393498424037],[86.44909847612682,22.862409862925563],[86.44866260636446,22.862418757863214],[86.446124706685,22.862707559104155],[86.44488850447979,22.862848217275577],[86.44224639483753,22.862974458543324],[86.43976887003001,22.863372313157747],[86.43977924557153,22.86320974361818],[86.4395569466747,22.862748258357822],[86.43935295005346,22.862566845328367],[86.43905062923109,22.862620029469475],[86.43871801721735,22.86290787424173],[86.43844364118691,22.863259246552783],[86.4380239168451,22.86338422762118],[86.4377901473604,22.86334721696027],[86.43759668528249,22.862994284585813],[86.43718911604482,22.86254119936059],[86.43690885784586,22.861953033508165],[86.43648189937112,22.86148178149981],[86.43618582363663,22.86128352204888],[86.435898696919,22.861091252750924],[86.43567934180133,22.861001445755313],[86.43489935709799,22.860688376920884],[86.43489646542112,22.860689025880443],[86.43480872786563,22.86065379250274],[86.43471492039376,22.85976821533653],[86.4351634662831,22.85971557722903],[86.4355145243029,22.859680706158148],[86.4355722114155,22.859636161863822],[86.43575902775692,22.859491905398045],[86.43582862832683,22.859166909148566],[86.43554886330296,22.858443321602326],[86.43545315948752,22.858027441094336],[86.43542596029737,22.857530497104914],[86.43514462052677,22.857204327345936],[86.4348531594379,22.85697739407899],[86.43448361319125,22.85676833051548],[86.43425054978236,22.856541688726907],[86.43414563015043,22.855999368519683],[86.43415763882916,22.855448319623882],[86.43388715879205,22.854860197576752],[86.43345285928481,22.853801747966077],[86.43310369132037,22.85346396352438],[86.43290927433333,22.85327588259278],[86.43307831930349,22.85245448260089],[86.43320622592525,22.85210670318363],[86.43375847243269,22.8506051104159],[86.4338981523745,22.849837766715854],[86.43393178350213,22.848218970360904],[86.4339345574997,22.848085427990007],[86.4340567068188,22.847826333925898],[86.43440650180726,22.84708436763154],[86.43442220974835,22.84650052825033],[86.43444100699566,22.84580181543663],[86.43471184546054,22.84519061511171],[86.43508048351043,22.844358701375242],[86.43564212819237,22.842870214219648],[86.43582161967097,22.841886239117617],[86.43569339414732,22.839889433288437],[86.43572106764798,22.837902152865592],[86.4358556460573,22.83598758481779],[86.43602287732894,22.835187273245467],[86.43611405004204,22.834750944203044],[86.43656570050901,22.833930471363836],[86.43732017485489,22.832957617676115],[86.43823970475276,22.832093623897375],[86.43869143427149,22.831273140831833],[86.43744670525763,22.83060032304414],[86.4369024717225,22.830237096345133],[86.43581463616795,22.829365993944215],[86.43570613315636,22.829144013367138],[86.43529274463229,22.82829827324147],[86.43462382134248,22.827446745409866],[86.43323806491384,22.82555390436434],[86.43209393373708,22.82415868266386],[86.43059108370777,22.822319538133634],[86.42937889436844,22.820905982077523],[86.42922464195604,22.82069886186105],[86.42749767394145,22.818379933682646],[86.42743554106652,22.818296490743187],[86.42715974300295,22.817926099524236],[86.4269419877848,22.8175496329646],[86.42671470054319,22.817156686949527],[86.42501183971757,22.81426885558361],[86.4242077550118,22.813136819912852],[86.42295770797148,22.811488221686517],[86.42241104539183,22.810798737513423],[86.4226924731973,22.810297907159686],[86.42320189342189,22.809336227462992],[86.42420565654733,22.80882370517936],[86.42466845870024,22.80822806474562],[86.42473404200416,22.80740109892359],[86.42493578385404,22.806825167255074],[86.42468456010337,22.80631835014284],[86.42444094687978,22.805744725093717],[86.42448929690332,22.805295410794873],[86.42422828960089,22.80463821751251],[86.4241808468758,22.804570440357043],[86.4241663831014,22.80441953302926],[86.42378565552443,22.80400587067028],[86.42373638832098,22.803935487170122],[86.42344624685725,22.802989188519266],[86.42384012936324,22.801700580558286],[86.42496660505145,22.800652883033198],[86.42509567678808,22.800043708471556],[86.42489940298336,22.79990466232547],[86.42494642170364,22.79960760386419],[86.42452907340581,22.799235656296464],[86.4236155361692,22.79868136729812],[86.42305929395538,22.79823857445896],[86.42241215570951,22.79722152217129],[86.42236657159873,22.796912027444048],[86.42237320835206,22.796739351337962],[86.42334354875905,22.79524663591564],[86.42336932950938,22.794457491953782],[86.42327108615665,22.79354102336092],[86.42328734207003,22.79328726570106],[86.4232314533846,22.793171311850333],[86.42319474283222,22.792828858467374],[86.42287539803692,22.792298562852007],[86.42241613614455,22.792258076072663],[86.42240828307231,22.79226381943696],[86.4219860928551,22.792270822448668],[86.42155607741341,22.792594457099725],[86.42107634650897,22.792885536570797],[86.42106775681823,22.792890785493],[86.4208338606711,22.79289901581585],[86.42083127172644,22.792894884919292],[86.42065001865156,22.792609263099777],[86.42063209636332,22.79223885339912],[86.42057488086625,22.79192245696291],[86.42041047749116,22.79164183776516],[86.42009986881202,22.79136970348338],[86.41984729309684,22.79118811496771],[86.41938051410214,22.79099668579424],[86.42001670996954,22.79028533910732],[86.4215040191444,22.78876414355868],[86.4229387157897,22.788146026849663],[86.42463833729043,22.78708625349644],[86.42577219353699,22.786168932829163],[86.42584560206537,22.786007568873217],[86.42634247282543,22.78491534599331],[86.42702316314714,22.782876221419624],[86.42769228316799,22.781270689973113],[86.42875913587415,22.780064003048707],[86.43048158805779,22.77815514045345],[86.43158899520745,22.77656015442806],[86.4324918388989,22.774955391842056],[86.43430520867416,22.773728005764735],[86.43489481341932,22.773328902674777],[86.43638646954186,22.773036085138298],[86.43746853072574,22.772850208187485],[86.43854761848607,22.773377936351967],[86.43900393929421,22.773758971960355],[86.43974434602275,22.773743425913903],[86.44014637804499,22.77309445785851],[86.44033569170293,22.772056336792684],[86.44105930532552,22.771354184013425],[86.44165958834449,22.77120834390315],[86.44212217490171,22.771095995921936],[86.44319229747548,22.77143392420956],[86.4442238715438,22.771681404283527],[86.44564971439368,22.770783056646124],[86.44718592785263,22.76908107848048],[86.44989912028505,22.765332499216246],[86.45103495282524,22.76383689628644],[86.45135724499298,22.763532779641743],[86.45163450461553,22.763654180196937],[86.45306160600511,22.763773263766904],[86.45531788923287,22.763677351473373],[86.45653902669075,22.763951372455494],[86.45733796494827,22.764130646388303],[86.45865088327874,22.76455407072709],[86.45865093268607,22.76455408646554],[86.45995839015791,22.763479935352393],[86.46011214310698,22.763353616750745],[86.46208032314844,22.761352716006137],[86.46318147892202,22.760107628872667],[86.463652786324,22.759188903351642],[86.4640097759196,22.7581000833644],[86.46421192111306,22.75782933019651],[86.46455596688371,22.75786006391016],[86.46535940929404,22.757226743070593],[86.46735406987342,22.75576383996515],[86.46953318063177,22.754113315540515],[86.46979026049974,22.75312991730359],[86.46991329735434,22.752659258002566],[86.47065695328925,22.752023847811728],[86.47103409030004,22.75051000304565],[86.47114746128216,22.748887580247978],[86.47170979856516,22.74850414401647],[86.47200171150662,22.746574555623795],[86.47179278852438,22.74496587329482],[86.47221434363273,22.74434879349201],[86.47348194644867,22.742557334028564],[86.47441022414078,22.741738906944672],[86.4762608147115,22.73998246826158],[86.47727347744646,22.738261762519567],[86.47719933768941,22.73676715735648],[86.47763566828753,22.736448986103586],[86.47862832733773,22.735627783381606],[86.47984075113737,22.734529900535197],[86.48023849909404,22.73343452759775],[86.48177555157946,22.73187113424759],[86.4819243835574,22.730966118518385],[86.48216923825272,22.729393376567245],[86.4834998722589,22.728977081523876],[86.48477100814887,22.728563317284163],[86.4854095414326,22.72841621434148],[86.4861481551238,22.728983762159775],[86.48674303118307,22.729257894972704],[86.48758284548094,22.728863250497923],[86.48926745523494,22.728071599221686],[86.49129706477044,22.727325796138338],[86.4930867028525,22.726949696046372],[86.49358443689353,22.726568938361364],[86.49415340104841,22.72489445351346],[86.49430940517558,22.724828617895586],[86.4945339929798,22.7246396452355],[86.49455726114228,22.723896537058284],[86.4948327214393,22.72323457277342],[86.49503219863634,22.72318793229572],[86.49591317284222,22.722981836195654],[86.4968581178761,22.722867379565653],[86.4976468297124,22.722869839654216],[86.49763709466968,22.72288786069232],[86.49772968312769,22.722724255199303],[86.49788203201,22.722455050199915],[86.49846864536526,22.721806493943973],[86.49925025422262,22.721113362448083],[86.50038421557205,22.719888336461963],[86.50095142172393,22.71922161394323],[86.50215248003856,22.71797086056227],[86.50237845933313,22.717735526940903],[86.50288675396864,22.71717703988953],[86.50318054528738,22.71672627317786],[86.50369102552399,22.71555346502493],[86.50401479811532,22.714876976580822],[86.50459215882317,22.714083807507873],[86.50488679545658,22.713371052604245],[86.5049897531679,22.71310441376674],[86.50537819008666,22.712098866411047],[86.5056335083584,22.711494436974146],[86.50647666798237,22.70988908842927],[86.50741667228222,22.708401432508083],[86.5078958354514,22.707815696747573],[86.50929364637284,22.706293373176283],[86.50959661847376,22.705959993300368],[86.50999370527036,22.70549164779793],[86.51057438974476,22.70480675052565],[86.51076944184072,22.704707962703583],[86.51101304518284,22.704654467520182],[86.51124945571448,22.704713729637753],[86.51130488895403,22.7047276659109],[86.5120136255772,22.70530797779429],[86.51210912817002,22.70540089054786],[86.5124793894756,22.705761102452275],[86.51285733676679,22.706250070698545],[86.51300244882115,22.706512427782517],[86.5130893266889,22.706738573132725],[86.51311261371603,22.706944909980653],[86.51312706132074,22.707072915704988],[86.51296830655212,22.707921524468453],[86.51266380911186,22.708688455200836],[86.51217447072545,22.709382576078944],[86.5117637933169,22.709869161395037],[86.51150908859451,22.710301954513156],[86.51134211963097,22.710735038781856],[86.5112528612277,22.711186449207275],[86.51124019767717,22.712008510467616],[86.51121861026255,22.71261370745402],[86.51126598741064,22.71296616409064],[86.51144054983327,22.713183479455836],[86.51179962621529,22.71351878326499],[86.51201241644483,22.713916955626942],[86.51211638206593,22.71480249590914],[86.51211418209179,22.7154258500604],[86.51211234234209,22.715958768488136],[86.5122569324753,22.716383831942252],[86.51254902597813,22.716722858398427],[86.51255816992939,22.7168292725312],[86.51280650110483,22.717514064082263],[86.51300742728446,22.718068127409605],[86.51399790522517,22.718504910915527],[86.515896368814,22.717824308036015],[86.51740922248229,22.717316488476225],[86.5177383122018,22.717206020255688],[86.51946926334635,22.71695194425301],[86.52051225590024,22.717146784261427],[86.52054345528836,22.71718186829373],[86.52112740244387,22.717838537963953],[86.52157721136453,22.718697431071465],[86.5218363169335,22.719020065936643],[86.52221409354478,22.720189046871475],[86.52296476532203,22.7209955467558],[86.5241094651324,22.72123668658191],[86.5279680832139,22.721010866795407],[86.52856053202525,22.720939306974348],[86.52879434283244,22.71964483188926],[86.52919862782943,22.719605319560532],[86.5297346067454,22.719471379434403],[86.53027084347784,22.71926516338757],[86.53104136263299,22.718906091561372],[86.53180191408178,22.718592146968412],[86.53265049953009,22.718179104535558],[86.53306962200062,22.718062901298737],[86.53373236398296,22.717893166521886],[86.53417065739997,22.717858351974062],[86.53458649473151,22.717926721556108],[86.53461824927848,22.71793189878352],[86.53513364599465,22.718159216824706],[86.53627148896445,22.718569049252775],[86.53743851909614,22.71900600599761],[86.53857596590888,22.71956036489906],[86.53913586785917,22.719822108159846],[86.53931487694248,22.719905789466587],[86.54037376069375,22.72067662206959],[86.54088831389184,22.721120746122658],[86.54162653322265,22.72169201064417],[86.5422778621093,22.722028108117666],[86.5427738354524,22.72221024515686],[86.54323153966607,22.722211530308652],[86.54406994450727,22.721906794874613],[86.5446167544106,22.721465677877053],[86.54567055729059,22.72080019517832],[86.54627549088777,22.720440534098024],[86.54691979135563,22.71995455644595],[86.54766187434048,22.71932434874811],[86.54827039311394,22.71881649663837],[86.54802054109074,22.72087982318638],[86.5489128295776,22.720228414025293],[86.54962616377841,22.718999396964023],[86.55063023412765,22.71841685778909],[86.55269378740448,22.717069630846456],[86.55545854942241,22.714254204123648],[86.55763990327401,22.7127819953214],[86.55865441923339,22.7125934195233],[86.55878919796706,22.7125683660005],[86.55941658944633,22.712451744501248],[86.56058410646489,22.713839166476824],[86.56152993633931,22.715955110899934],[86.56292688038651,22.718051545879696],[86.56379955326085,22.7199955154252],[86.5652670303292,22.722208708111978],[86.56621600340883,22.724384409762976],[86.5666748125503,22.72580245582589],[86.5672487973893,22.725657797523947],[86.56722280463654,22.726820297861256],[86.56777249274205,22.727575374493878],[86.56781158113503,22.728352543784634],[86.56802897343377,22.728822435856518],[86.56906182041484,22.730095811302828],[86.57055784863786,22.731588783425074],[86.57202983974054,22.732603482031774],[86.57240022142037,22.73354604488582],[86.57393244456283,22.735756371232508],[86.57450522745597,22.736869903010728],[86.57493105764674,22.73763032350637],[86.57497922351564,22.738586840042547],[86.57577370163774,22.738971814441978],[86.57643928319467,22.73936236930607],[86.57685609879157,22.739943436531615],[86.57737170661183,22.739921097174243],[86.57825474604455,22.740781524329407],[86.57890408875612,22.742131376793406],[86.57959787651464,22.743179737374145],[86.58005411737273,22.744542565525784],[86.5809239767236,22.746422069743847],[86.58148364151864,22.748554671993755],[86.58296436424585,22.750131163334796],[86.58390593610585,22.750869198994494],[86.58518487835565,22.75189216207834],[86.58557048737788,22.75313360951909],[86.58674881382424,22.75344196756555],[86.58767423756872,22.755139294546627],[86.58895624666688,22.757600013779612],[86.58979614540638,22.758881650074628],[86.5917560393876,22.7605939666154],[86.59308948242568,22.762692946070548],[86.59380958902541,22.76415950828909],[86.59300780670175,22.764913287727424],[86.59365440146684,22.766203303513368],[86.5942809170887,22.765816613332316],[86.59470393734925,22.766517200894242],[86.59490255935015,22.767891192240054],[86.59449660887661,22.76880752667951],[86.59445630416477,22.769288585261112],[86.5950022265326,22.76986400868214],[86.59586444032207,22.77030586322826],[86.59699256531712,22.772174085280383],[86.59865761425581,22.77443836368765],[86.59925193335958,22.775970290195808],[86.60056821498247,22.777724313084963],[86.60124324501955,22.77967212258408],[86.60231612811621,22.781722459656255],[86.60265446150001,22.784579004000026],[86.60282780490877,22.78672836780859],[86.60410629261102,22.789009414886024],[86.60325410402012,22.791323204695395],[86.60158485186422,22.7940919096479],[86.60036050203088,22.79533880016319],[86.59866494001695,22.796311195471954],[86.59838788341365,22.79722194286673],[86.60075446897854,22.798017807711318],[86.60294179572847,22.797922718640983],[86.6050998544681,22.79842801339768],[86.60880543555781,22.798865940354016],[86.61061588311344,22.798690357496337],[86.61059193672293,22.79874273764543],[86.6101773237951,22.799649640368838],[86.61008404183767,22.799967098745668],[86.61021412417904,22.800376227804726],[86.61080611844284,22.800875860729803],[86.61082545288271,22.80125754826435],[86.61084138899584,22.80176843118687],[86.6108472001974,22.802570107647618],[86.61095700935942,22.80326586411493],[86.61072393966234,22.803865935046293],[86.6102902698741,22.804235080115575],[86.60982164394318,22.804601136215656],[86.60947082487527,22.805035804664666],[86.60941428580962,22.805489926884412],[86.60879870987128,22.80589924472965],[86.60818133101415,22.80623864938734],[86.60817972572475,22.806239532954933],[86.60817963589324,22.80623958181202],[86.60830459514253,22.806547542449074],[86.60892597689254,22.806939902975937],[86.60966674204884,22.807396475759674],[86.60967712837015,22.80740524097362],[86.60967717957415,22.807405284861797],[86.6102517725726,22.807891530185795],[86.6108439662624,22.808492550419526],[86.61135173358684,22.80958577765312],[86.61227122126391,22.81066107774736],[86.612723478992,22.811443319625972],[86.61272353378925,22.811443435553542],[86.61314141927961,22.812333056835566],[86.61340642228843,22.813049709664405],[86.61322321717446,22.813947186826738],[86.61316389153477,22.815032839331973],[86.61338921505917,22.81575122012718],[86.61416646618909,22.816275040414848],[86.61490014004454,22.816625621542222],[86.61515343890355,22.817209125413303],[86.61542236126192,22.81810074098288],[86.6155718939258,22.818794767913676],[86.61606015523219,22.819501694113406],[86.61684466744454,22.82016806032378],[86.61707423461036,22.82040688960062],[86.61751648959776,22.820866985084024],[86.61773240686284,22.82120219011763],[86.61784568352184,22.821378047837563],[86.61775411285504,22.82163019656057],[86.61764500707386,22.821930632400505],[86.6174363994003,22.822326862516068],[86.61686062421893,22.822835872183212],[86.61667632855021,22.823613574697546],[86.61681514610937,22.824096062756166],[86.61708670142984,22.82425475858605],[86.61735849121064,22.82441805363398],[86.61735986114144,22.824417994847764],[86.61736029233278,22.824418253176052],[86.61765620637051,22.82440536077162],[86.61765794640722,22.824405284597898],[86.61813175382072,22.82414037360933],[86.6187250227939,22.823976257702103],[86.61958821664537,22.823938641827745],[86.62007365185184,22.823917484498065],[86.62033900879688,22.823974774793484],[86.6209497751552,22.824155549599237],[86.62137226271477,22.824349139574114],[86.6217289729343,22.824716121941602],[86.62234511301465,22.825002660918116],[86.62234598887206,22.825002429913997],[86.62234691323847,22.82500285963135],[86.6228274122025,22.824875972898376],[86.62312707041833,22.82493169543908],[86.6231276624081,22.824931669771928],[86.62312887154049,22.824931894152403],[86.62339179944097,22.824920430048785],[86.62382560936642,22.824664851328016],[86.6238311034627,22.824661613122334],[86.62431417699831,22.823802245591544],[86.6243144698491,22.82380172562071],[86.62483087088175,22.82404866932807],[86.62484441208633,22.824055136660746],[86.62484479027708,22.824055302256248],[86.62484464205507,22.824059741043744],[86.62485296943771,22.824059378389585],[86.62485456304904,22.82405930883948],[86.62529620269048,22.824629977065978],[86.62569302268746,22.825101204426776],[86.6265636204535,22.82523806550887],[86.6265650954872,22.825238297340572],[86.62719822450616,22.825173804231714],[86.62766996759112,22.82477068704122],[86.6278430100643,22.824555738409536],[86.62782712605345,22.824243030300995],[86.62814858278796,22.82391560167524],[86.6286743981648,22.82392481541837],[86.62867606992953,22.8239248443976],[86.62903817183741,22.824397579458566],[86.6291303407822,22.824743829244476],[86.62978269554492,22.825166624069343],[86.62978327226331,22.82516699748416],[86.63015347158516,22.825113968429772],[86.63063945925556,22.824991359102977],[86.63120174443628,22.825035724310876],[86.63120354735507,22.82503586672197],[86.63192249333144,22.82440993699162],[86.63226339140536,22.824367398094058],[86.63229788311902,22.82436128349383],[86.63285392590682,22.824263366227605],[86.63331324529139,22.824418062741714],[86.63388457920198,22.82460511797117],[86.63440067301079,22.825172509285462],[86.63507944632771,22.82590793078045],[86.63543661648465,22.826380866773874],[86.6360145593008,22.82659988775303],[86.63666733717001,22.82692164005188],[86.63725932065401,22.827416574656834],[86.63827588926382,22.828243226031848],[86.6391992405949,22.82938734830594],[86.64052225598918,22.830666086121575],[86.6414882269906,22.831181527461045],[86.64195911847263,22.83154347331246],[86.6424126437236,22.831661908931405],[86.64296498006259,22.832158556669143],[86.64338815303674,22.833047997902078],[86.64395290948279,22.833788370847977],[86.64429772331303,22.834017559973887],[86.64480480881618,22.83430878192717],[86.64564968781562,22.834691229347154],[86.64575244879593,22.835244407289874],[86.64569934398958,22.835666139579917],[86.64542504611254,22.836235813675593],[86.64522122735772,22.836627267382465],[86.64523176639264,22.836834206888852],[86.64550900535394,22.837103219414814],[86.64564607029997,22.83754889364904],[86.64565497170615,22.83772364239595],[86.64588877263189,22.837920812751307],[86.64645830991189,22.838071033058466],[86.64741094991452,22.839006432201202],[86.64817526260939,22.840051464445157],[86.64817642502935,22.84005078972277],[86.64817706373152,22.840051663136418],[86.64857312195714,22.83982232025434],[86.64933757658581,22.839406322354836],[86.65036994206991,22.838978592856456],[86.6519833648292,22.838244268577455],[86.65304879999384,22.83778280951091],[86.65400836241405,22.837390503911717],[86.65486272223298,22.83717793720303],[86.65580092002077,22.837279435767755],[86.65580272293955,22.83727963115148],[86.65615764371503,22.838388651072815],[86.6562329952994,22.839085902666238],[86.65664568852743,22.839865158981556],[86.65701051412725,22.84107053067388],[86.65771832728234,22.842468272035873],[86.65776360596591,22.84257355165174],[86.6577747486687,22.84259945802453],[86.65781457457852,22.842687742316354],[86.65797659562145,22.84304689250009],[86.65883163546509,22.84440591553645],[86.65921338532486,22.845260266164225],[86.65956205292764,22.846148328651168],[86.66032673842336,22.84719789968999],[86.66092447561678,22.847996688583187],[86.66125951218348,22.848714816748522],[86.66172276259572,22.849703856726382],[86.66186790159955,22.850987990493824],[86.66258545428893,22.851795348121254],[86.6630008119201,22.851846264970956],[86.66361717029105,22.85213264333606],[86.6636672603513,22.85213965982524],[86.66425352605856,22.852205506032224],[86.66425565955733,22.852205748579454],[86.66520238235718,22.852339358922634],[86.66606529593427,22.853071189092343],[86.66697750186762,22.85330769575985],[86.66762816510261,22.853486543384037],[86.66762983596905,22.853486704804755],[86.66762996622477,22.853486741227883],[86.6688728168614,22.853607103894056],[86.66982288229241,22.853809618655085],[86.67039604247796,22.854028727924415],[86.67039719321984,22.85402867742889],[86.67039784270179,22.854028925767437],[86.671186790795,22.853994283364706],[86.67220443558654,22.854055598979418],[86.67329452770909,22.854108955321276],[86.6737956268392,22.85515610405846],[86.67417750695468,22.856010418596213],[86.6742567069217,22.856878030981974],[86.67459139045047,22.857490144781536],[86.67485915398217,22.858349471689607],[86.67559635911502,22.859538453750407],[86.67648950459467,22.860858848729055],[86.67676389769315,22.86175014597745],[86.67724251019507,22.862355930421263],[86.67762858544292,22.862514103181436],[86.67763006856147,22.862514168573195],[86.6776303874634,22.862514300184383],[86.6780441371102,22.862532986491452],[86.67849570133892,22.86251313803258],[86.67942860445642,22.862472126649134],[86.68017579975354,22.862301007912855],[86.68092509800677,22.86226806118465],[86.68152056605578,22.862241875470673],[86.68234925921045,22.86220542984865],[86.68283623412931,22.86221620874793],[86.68351922144322,22.86236109471856],[86.68457520812768,22.862489778282516],[86.68457527011145,22.86248976338312],[86.6845770083515,22.862489975285488],[86.68546761878545,22.862286985916082],[86.68546692528605,22.862289505571336],[86.68560362371947,22.862256003423425],[86.68560445286445,22.86225579979816],[86.68637166262613,22.862572319193568],[86.68692783387304,22.863137790712614],[86.68760237342998,22.86387779953374],[86.68810989731102,22.864270267101713],[86.68877691437578,22.86476632808993],[86.68936430387542,22.865261282251918],[86.6901109547935,22.865855228673777],[86.69065842765352,22.86625053706136],[86.69111861570894,22.866506463918395],[86.69111919512231,22.86650678590116],[86.6916825834342,22.866449749419576],[86.69168325447573,22.86644968154659],[86.69305260407403,22.866771911528225],[86.69346990925274,22.866859534503458],[86.6938108917683,22.86691364731781],[86.69428252256381,22.867381420643486],[86.69438362345747,22.867897769049986],[86.69487844785532,22.86794511491875],[86.69558852835817,22.867950621675682],[86.69558996206933,22.867950633263614],[86.69609044315854,22.868205117532455],[86.69642360583956,22.8687849933392],[86.69685154437627,22.869079544347326],[86.69728656792566,22.869512050992668],[86.69776483457618,22.870011785201314],[86.69862426987648,22.87066985630799],[86.6992769471344,22.87107893588421],[86.69981218583854,22.871331875617287],[86.69982234578438,22.871334064028925],[86.69996295099097,22.8713621003597],[86.70055930747382,22.87149270474064],[86.70061005869411,22.87150381977239],[86.70106708557803,22.871589670925836],[86.70152623697764,22.871813698611273],[86.70152628728331,22.871813733374125],[86.70254488878061,22.87253413845874],[86.70263326683488,22.873576484567195],[86.70285074537192,22.87389447236675],[86.703165687524,22.8743549654587],[86.70357097593914,22.875659870733877],[86.70362722215404,22.87607680964539],[86.70366291042363,22.876771196253628],[86.70364258873529,22.87705324228639],[86.70374184628598,22.877532809494436],[86.70420835129448,22.877899385146165],[86.70437094276764,22.878062744063044],[86.70442364692538,22.878410704513712],[86.70448485992546,22.87882742392969],[86.7049440427661,22.879051440503147],[86.70526639691761,22.879419764169782],[86.70609379470159,22.88022670126328],[86.70617298299052,22.88099291330173],[86.70633440216224,22.881230067402484],[86.70652384787253,22.882046195264977],[86.70652608647423,22.882055839572033],[86.70652465994954,22.882061996269552],[86.70643652803363,22.88244234125521],[86.70611346960295,22.882737749850495],[86.70620399283413,22.883047167726602],[86.70615437438943,22.883533305719624],[86.70593860714303,22.883787106145746],[86.70577483618189,22.88418149086431],[86.70578713142316,22.884420617382606],[86.70581219262299,22.884908067179644],[86.70585333276802,22.885708222555703],[86.70598758329231,22.886190854412135],[86.70657799023301,22.887418454823347],[86.70652506149646,22.88784021143396],[86.70593007135118,22.88793537256042],[86.70592806541315,22.887935693664783],[86.70592752013577,22.887935485112504],[86.70592716799618,22.88793535021556],[86.70535469681842,22.887716716050058],[86.70535354607655,22.887716767360626],[86.70535289479798,22.887716518256095],[86.70494095256151,22.88773469461076],[86.70461409605382,22.887956523238493],[86.70449584811803,22.887998934653954],[86.70405727622325,22.8881562325832],[86.70359428452583,22.888632950921004],[86.70327805868119,22.88906171254659],[86.70269192592461,22.889368717680416],[86.70247043820649,22.88941072065786],[86.70175024087689,22.889304518991725],[86.70122012346816,22.8891527547731],[86.70121963298804,22.889152932703063],[86.70121832234604,22.889152556981237],[86.7008862574063,22.889273207492494],[86.70090941238105,22.889723870593613],[86.701114553456,22.89013424502031],[86.70162198481054,22.890425282184015],[86.7018065643469,22.891113103947117],[86.70171958407117,22.891550188021007],[86.70155791606615,22.892082746689688],[86.70168625028595,22.892353628551565],[86.70199657689413,22.89258422176709],[86.7022102330996,22.89306335508518],[86.70215019958748,22.89334715313151],[86.7018197785647,22.89349999675564],[86.70183395757316,22.89377591227513],[86.70210434328715,22.89390686749256],[86.7021056206915,22.893906811218994],[86.702106143511,22.893907065277507],[86.70247839907654,22.893890647470467],[86.70265802799737,22.89370758204277],[86.70295479812958,22.893694491803828],[86.70314618420086,22.89375490980853],[86.70391527683134,22.89410353262353],[86.70391652189636,22.89410347800516],[86.70391707795349,22.894103730408176],[86.70425458937879,22.894088840284056],[86.70484806855777,22.893924385941784],[86.70519478771472,22.893314523441315],[86.70563250620994,22.89312007253653],[86.7058609127524,22.893146577526224],[86.70606370742777,22.89341417600835],[86.70615069039843,22.893654616965215],[86.70617764704349,22.89417885711297],[86.70586874695998,22.894750181009876],[86.70530032628587,22.895402090315145],[86.70468510158882,22.895917792602802],[86.70420317789677,22.89670415260162],[86.70440644867925,22.897077734503704],[86.70521527289647,22.89742460020795],[86.70550340303225,22.897900445214876],[86.70551948107924,22.898213150208548],[86.70554643682594,22.898737390119145],[86.70526682900723,22.899201412711214],[86.70484256547834,22.89965798937301],[86.70487117412517,22.900214421430906],[86.70470407041434,22.900641215874593],[86.70435685628568,22.90114509136213],[86.70422425955985,22.90156575437264],[86.70370638439182,22.902427443741402],[86.70367238136168,22.902842521303413],[86.70367336142367,22.90284247827356],[86.70367240381957,22.90285451422539],[86.70364491267692,22.903200022131962],[86.7036313813538,22.903355262663574],[86.70362517130023,22.903435212672033],[86.70361648189652,22.903547073260775],[86.70358740882065,22.903755762769798],[86.70342195172174,22.904214746161013],[86.70301350213506,22.90430189729694],[86.70216209148519,22.904482326118988],[86.70211397412534,22.904496792256086],[86.70205430622752,22.90451473383873],[86.70190804163465,22.9045619999098],[86.70178823961342,22.904599933567876],[86.70104768376456,22.904807731082197],[86.70064632008886,22.90503283345671],[86.7005501087253,22.905387362815492],[86.70050235158985,22.9059102882662],[86.70005180605067,22.9066307250354],[86.69972300289376,22.906815753993058],[86.69945068131034,22.90742232452181],[86.69897222870853,22.90827764905636],[86.69896842524162,22.908978390454006],[86.69934165008932,22.909657903985234],[86.69995481674609,22.909875154037724],[86.69995592167389,22.909875105217914],[86.69995661876654,22.90987535179941],[86.70036863196991,22.90985718834075],[86.70070499894153,22.909842358695386],[86.70131920674571,22.91009154401808],[86.70152225564429,22.91036374197104],[86.70160546030087,22.910530608258014],[86.70133313961576,22.911137182025758],[86.70100101898046,22.911257832841773],[86.70066866118998,22.911373884608242],[86.69978054178432,22.912390154353716],[86.69966398896949,22.91292993993817],[86.69972354637451,22.913411264410797],[86.69959068823893,22.913730534882966],[86.69914438364621,22.91385621499497],[86.69879002521608,22.914222120759174],[86.69881672045139,22.914741766145642],[86.69880559212164,22.91529995001401],[86.6987124440132,22.915617470182056],[86.69818873159245,22.915677380313685],[86.69765639534499,22.91555827905191],[86.6976560459003,22.915558405647197],[86.69765459332451,22.915558081298556],[86.69732245741787,22.915678724869945],[86.6971427907678,22.915861785462106],[86.69690637394794,22.916393023264547],[86.69674607767035,22.916856380598947],[86.69670018992898,22.91741609639335],[86.69672144586524,22.91782997300837],[86.69650131999308,22.918678517515634],[86.69651737917543,22.918991225062136],[86.69654406542757,22.919510870365652],[86.69659841889215,22.919891025955884],[86.69681044824866,22.92033797989206],[86.69689480274877,22.92120537308543],[86.69729737016694,22.92177759334422],[86.69713470143867,22.92229175567852],[86.69703256838076,22.922434527273186],[86.69678385721795,22.922726636896332],[86.69638597361565,22.92302070842182],[86.69621527035548,22.92337851594379],[86.69630934103371,22.923756923205996],[86.69659749632235,22.924232786661616],[86.69619063405881,22.92435211030711],[86.69570953771513,22.924479311194755],[86.69473859813188,22.92466034940266],[86.69384543827917,22.924805692429224],[86.6934078248868,22.925101506002576],[86.69284682429696,22.925126208538845],[86.6924839121087,22.925423339396396],[86.69246332272235,22.925700788410417],[86.69296779592469,22.92602886278205],[86.69308552373593,22.926092814907108],[86.69298738997765,22.926410550545047],[86.6923500254021,22.92640174170977],[86.69205260938122,22.926520844196286],[86.6920445272386,22.927042021003334],[86.69203690952497,22.927669186318692],[86.69201512987092,22.928020432309154],[86.69136234930677,22.9284870278064],[86.69103270892002,22.9293357752815],[86.69062270345133,22.92939067810445],[86.69024346078949,22.929338527827834],[86.69024338802596,22.929338567539947],[86.69024165787071,22.92933833009458],[86.6894768079833,22.92975454060069],[86.68924576039393,22.93039153857665],[86.68923882001002,22.93072834891938],[86.68923435448475,22.930945125055423],[86.68951188270356,22.931214063656245],[86.6900097730515,22.931316596408898],[86.69108368112587,22.931688707917612],[86.6910837961102,22.931688748456377],[86.69201807634506,22.93234358671069],[86.69279987834021,22.932935997673468],[86.69298093019245,22.933554857632263],[86.69284968812607,22.933906314213903],[86.6926335822148,22.9340587092118],[86.69265128800906,22.934403608921954],[86.69267630968297,22.934891066011687],[86.69298837273456,22.93515386896294],[86.69298986214133,22.93515380443354],[86.69299017655167,22.93515406834233],[86.6931440902992,22.935147291098072],[86.69344198961372,22.935134175077785],[86.6938923069808,22.9351143455125],[86.69412628577295,22.935315781463096],[86.69412778236622,22.93531571610645],[86.69412808869173,22.93531597918762],[86.69472885230938,22.93528952215303],[86.69507265283994,22.934716686375744],[86.69521663661033,22.934710344271007],[86.69559720428717,22.934693582283604],[86.6957852908464,22.935450123222864],[86.69573585026812,22.935940860908367],[86.69516719872696,22.936592738406425],[86.69491203945704,22.937438215282338],[86.69533070738005,22.938323152321452],[86.6958785009386,22.938718448913303],[86.69664240579836,22.938961342633394],[86.69773422987275,22.939678346707748],[86.69875040322383,22.940472422720607],[86.69877521289537,22.94095528153163],[86.69889269546654,22.941788953466293],[86.69840560376664,22.94257552216862],[86.69868031846201,22.943466793792215],[86.69912762377797,22.94490815835487],[86.69915621805178,22.945464596528197],[86.69916708856502,22.945676134174686],[86.69980003971759,22.946275075703728],[86.70013483643406,22.946882545791144],[86.70013644531676,22.946882474649478],[86.70013664294612,22.946882835321173],[86.70103437522363,22.946843268143056],[86.7014913392255,22.947034773144612],[86.70152348992951,22.94766019058112],[86.70126125822334,22.948367719927727],[86.70129695278115,22.94906211684151],[86.7013601321934,22.94915776192266],[86.70142856854667,22.949264092887958],[86.70161904911619,22.949549724640907],[86.7017880563571,22.94980557537967],[86.70199423588448,22.95091188417873],[86.70171615969333,22.951408095647224],[86.70220372839863,22.952082573776387],[86.70220499951475,22.952082120472515],[86.702205535809,22.95208286246806],[86.70287021905062,22.951846150787507],[86.70405581286765,22.951480457513487],[86.70472949812678,22.951450748603637],[86.70515330800647,22.952339679544092],[86.7055685452634,22.95315561008496],[86.706412239385,22.953399550759],[86.70641324819304,22.953399608662203],[86.70641404679533,22.95339983944787],[86.70689831778523,22.95342917734925],[86.70709087436133,22.953438924112227],[86.70709138819768,22.953438950582242],[86.70818525324441,22.954293848068087],[86.70946221650561,22.955703192352303],[86.71023070726488,22.95760136298863],[86.71023768986959,22.957618615955283],[86.71024259467104,22.957629182962005],[86.71125290112501,22.959804980301797],[86.71219161185081,22.961989739399396],[86.71312703833595,22.964110112197655],[86.71385974111261,22.965193164590456],[86.7128828340209,22.965167161694534],[86.71124474442223,22.965446883213957],[86.71088507694876,22.965808441210374],[86.71137653625756,22.966556469288722],[86.71201178350398,22.967293541547413],[86.71209358858532,22.9674462479829],[86.7125955087756,22.968383176945633],[86.71269865962472,22.96893632514822],[86.71259253714865,22.96977525945718],[86.71255380448852,22.970472945783968],[86.71295279571355,22.970874760135132],[86.71358451976744,22.971542845464967],[86.71444256178071,22.972062662040912],[86.7148472582061,22.97267163075493],[86.71564030441365,22.973475467671275],[86.7165996638146,22.974705211598433],[86.7166372196817,22.97475878512643],[86.71663727178397,22.97475886038872],[86.7170873969116,22.97537964465891],[86.71752790467576,22.976683004043117],[86.71788783984718,22.9780643413799],[86.71790419277862,22.978127104444397],[86.71791510371605,22.97816628203282],[86.71836454253081,22.979780248867378],[86.71867526888929,22.981365888437274],[86.71889586547866,22.982748100014778],[86.71901166101371,22.983268378788583],[86.71907149240492,22.983537209240538],[86.7191874128058,22.984058039892997],[86.71952263262881,22.984670069021256],[86.72016859497992,22.9848580040638],[86.72036159083221,22.984914152966677],[86.72075544638872,22.98531156942934],[86.72011220233965,22.985966839475015],[86.71926541891182,22.986765949644077],[86.7191800376373,22.98684652273255],[86.71918378990023,22.98691927746935],[86.71921583999296,22.98754092050647],[86.71998073749108,22.98924476784116],[86.72017290509667,22.990075139373584],[86.72021938303114,22.990976477908045],[86.7202272971888,22.99099218350957],[86.72097364178134,22.992473380899924],[86.72162850464032,22.993490713719197],[86.72277763853491,22.993859353028846],[86.72371608156278,22.994582984172848],[86.7249309739328,22.994874953726907],[86.72549029377478,22.995175415253144],[86.72727052739414,22.997524902031717],[86.72785047165675,22.998290269387205],[86.72785220360862,22.998294126114313],[86.72785189907974,22.99830847141812],[86.72785110586733,22.99834596534482],[86.72785091272956,22.99835506222225],[86.72785063604846,22.998355159798066],[86.72784126841665,22.998848754406254],[86.72791095791978,22.999060828701644],[86.7279771224337,22.99926217766627],[86.72811157238398,22.999744800888475],[86.72819594844364,23.000607590956516],[86.72828958613393,23.00164972799589],[86.7283506086912,23.00283158346953],[86.72857558007598,23.004102978731858],[86.72855663101338,23.005182360860914],[86.7284079095282,23.00539133518927],[86.72789280206958,23.00611512363259],[86.72787930757738,23.00730027637615],[86.72824741562123,23.008643697028823],[86.72805259888389,23.009210024845665],[86.72786705815015,23.01005249181208],[86.72804067913836,23.011197104158743],[86.72838528994936,23.012085257592304],[86.72848854230811,23.01263839962273],[86.72901265986904,23.013242060725684],[86.72908694964474,23.014040400899162],[86.72908932389203,23.01405070304533],[86.72933311408372,23.015108426654262],[86.729726236615,23.015971386372044],[86.7298525379473,23.016246643765903],[86.73005167288625,23.016680628362234],[86.73152865682522,23.019053527380876],[86.73181278676307,23.020119501881496],[86.7321450924513,23.020768517047177],[86.73251475637724,23.02117154591201],[86.73306326319812,23.021769553399558],[86.73450090092771,23.023379047021354],[86.73467509863433,23.023666322766008],[86.73511604028481,23.024393488825883],[86.73519548728852,23.025159706609543],[86.73465239102059,23.02563545208016],[86.7334925662758,23.0264150485802],[86.73215753771126,23.027755492749986],[86.73010600658789,23.028818809969646],[86.7272453089892,23.029775343685007],[86.72721600055472,23.029785143636122],[86.7272033693435,23.029802666813286],[86.72602170565584,23.031441950128908],[86.72597971750115,23.0318725045791],[86.72586980503289,23.032999529656976],[86.72586866417247,23.033011229133063],[86.72587143817007,23.033031169164815],[86.72618917587934,23.03531474210189],[86.72622497284507,23.035572009355704],[86.72788407134331,23.03703345987474],[86.72788412075066,23.037033503688594],[86.73103156507962,23.03828625257961],[86.73462767297723,23.039449941025943],[86.73708659726846,23.04038735808889],[86.73888048617846,23.041561611970724],[86.73986599463902,23.043186489407933],[86.73977559807027,23.044292464729548],[86.73977450032902,23.044305972722235],[86.73942207058178,23.044810161032007],[86.7378118170788,23.045646613385887],[86.7368400348758,23.045827924075372],[86.73548945198209,23.0458877227653],[86.73341267730095,23.045007478012145],[86.73341209429431,23.04500770864124],[86.73341086809396,23.045007189519094],[86.73282030304975,23.045240739720455],[86.73238941803889,23.04634758017681],[86.73215290779429,23.046878885427837],[86.73182206725829,23.047801537951624],[86.73133095469919,23.04841785481611],[86.73070061494914,23.048653155638913],[86.73052934575037,23.04890502036274],[86.73087297919429,23.049097232032643],[86.73114537893117,23.04926033052649],[86.7313920266638,23.04959971779573],[86.73181516999355,23.04978841047186],[86.7319387539221,23.050059493924284],[86.73219253427807,23.050536841038806],[86.73228323627401,23.050846252876617],[86.73209027455772,23.051449379992643],[86.73211000066306,23.051831070541017],[86.73241529311235,23.05195583863788],[86.73241560752271,23.051955517096296],[86.732417101421,23.05195612711601],[86.73262995363433,23.05173936495727],[86.73304614310545,23.051826519359985],[86.73316400296906,23.05189044170029],[86.73347096089489,23.05204739776875],[86.73360688857377,23.052460819929436],[86.7335485133517,23.052776830066453],[86.7333706091962,23.052996725767457],[86.73324125628685,23.053385014619906],[86.73326455229711,23.053835686342012],[86.73369508247345,23.054166932749286],[86.73369596641571,23.054166510371306],[86.73369689257875,23.05416722287586],[86.73409987232361,23.053974433230163],[86.73410032237959,23.05397421749472],[86.73452004043314,23.054130050302824],[86.73452182089405,23.054130711560077],[86.73453442156254,23.05437444168052],[86.73453393018406,23.0543986899389],[86.73452460028155,23.054858843952374],[86.73423049545079,23.05504701100127],[86.73382872663491,23.0552722078859],[86.7338448433094,23.05528049419566],[86.73384435642254,23.055280661161714],[86.73384411028414,23.05528074629786],[86.73393809562242,23.055327655480397],[86.73421705934906,23.055466890156392],[86.73421734411501,23.055467032325307],[86.73470741373005,23.055514406797958],[86.73500784988694,23.055569948520834],[86.73499113403612,23.055920989268536],[86.73474914855983,23.056346530099763],[86.73449836408534,23.05660191892012],[86.73421635866316,23.056927826418296],[86.73438161274281,23.057233938848487],[86.73473951592506,23.05760527202672],[86.73501716990803,23.057869534765054],[86.7350716931542,23.05824968626578],[86.73527861019842,23.05859082711781],[86.73562914809362,23.058819598657312],[86.7356308683674,23.058819830915816],[86.73563095640229,23.058819887947298],[86.73619775651566,23.058896198490277],[86.73657901769191,23.05894844918058],[86.736953733743,23.05900525161564],[86.73695554294997,23.059005533466344],[86.73735107566118,23.059333711435006],[86.73765120818747,23.05938919041803],[86.73765282156174,23.05938948879873],[86.73799024225717,23.059374546620276],[86.73799075789013,23.05937452430371],[86.73855568411783,23.05951082802073],[86.738684498038,23.059786285766332],[86.73904384750783,23.060185199971837],[86.73915379141712,23.060673518102185],[86.73919241268612,23.060842349437465],[86.7395212886066,23.061422371671963],[86.73978085770626,23.062106868038992],[86.74033811052477,23.062672164518272],[86.74051599940893,23.063222001952322],[86.74073198225099,23.06373788483284],[86.74106917477435,23.06438206721343],[86.74140592352995,23.06511384358108],[86.74160929672041,23.065385996245713],[86.74151831624673,23.065841731420566],[86.74120916463497,23.066413144811424],[86.74074377084247,23.06685320288597],[86.74065468940734,23.067345728450608],[86.74093214755754,23.067609761307313],[86.74093237752626,23.067609980326825],[86.74134633558222,23.06762847466584],[86.74134678743484,23.067628494501573],[86.74176453009306,23.06771139046658],[86.74189692918954,23.068055825674893],[86.74202924204775,23.068400029412395],[86.74202933008263,23.068400260827875],[86.74244170800202,23.068414113524877],[86.74244350463259,23.06841417468468],[86.74245612236906,23.068657904559366],[86.74216366594685,23.06887827846716],[86.74209050894676,23.069582123571042],[86.74231341240976,23.070231369042467],[86.74242869141355,23.070424042835228],[86.7426786620144,23.070841833462314],[86.74267878418527,23.070842035947212],[86.74339804547034,23.07087930142752],[86.74373243794494,23.07079534292218],[86.74421783721884,23.07074156621038],[86.74455455273679,23.07072664182189],[86.74455580229335,23.07072658644843],[86.74486969341656,23.07092008930621],[86.74525864417166,23.07121627710177],[86.74524361984851,23.071599509147113],[86.74495497138479,23.071893468130227],[86.74501616731689,23.07230558715755],[86.74529053616085,23.072505448170507],[86.74563027091646,23.072559161366314],[86.74563208102178,23.072559449800284],[86.74631706978211,23.072704233665295],[86.74656764494915,23.07321396855686],[86.74662959277114,23.073736676800706],[86.74691993186424,23.074244648271623],[86.7467612866901,23.0747402632981],[86.74667579582118,23.075301772005613],[86.74680631115046,23.075609414523935],[86.74686802271553,23.076127522603382],[86.74669535214488,23.076448607670073],[86.74675679241875,23.076865325056605],[86.74712359970206,23.07740678069311],[86.74741656996065,23.077965337846287],[86.7470235911598,23.079130465873384],[86.74724129337736,23.079678531970746],[86.74710816754383,23.08076299932654],[86.74720558803975,23.081874119292383],[86.74783417966825,23.0823717027775],[86.74864835425127,23.08289331929249],[86.74909141233253,23.083463655349913],[86.74926579149886,23.08394450354539],[86.74935417584136,23.084880871108],[86.74984712276026,23.084996916672562],[86.74984844508035,23.08499722821854],[86.75056285546289,23.0849655397719],[86.75056421102065,23.084965479446],[86.75099488762234,23.085296678133965],[86.75129242222087,23.085942604212438],[86.75132675223776,23.086604814981815],[86.75138681898757,23.087090731632138],[86.75149022675485,23.087643864781082],[86.75140614264764,23.088136177027735],[86.75164653541094,23.088482235782894],[86.75164842187301,23.08848495202996],[86.75164747684536,23.088500390096403],[86.75160795546444,23.089145871073974],[86.75132954689663,23.090310538609092],[86.75037295340844,23.09146380409773],[86.75036342587653,23.091952807737073],[86.75091969593812,23.092591868034532],[86.75064289804963,23.093018980225963],[86.75057362356819,23.09389320426803],[86.75058745942019,23.09483288052141],[86.75006391498442,23.09569037886464],[86.74956913280737,23.096237778364344],[86.74878401602882,23.097143745545225],[86.74794168465155,23.09829192765419],[86.74779890731861,23.09906829230489],[86.7477977790346,23.099068103083233],[86.74779755086253,23.099068064247362],[86.74779061676684,23.09910724138743],[86.74773407500622,23.099416204376027],[86.74739891447203,23.100929073613173],[86.74739890369226,23.100929119885077],[86.74709436492947,23.10222893020569],[86.74630892385913,23.10303349339238],[86.74603243768603,23.103082622633654],[86.74603238917702,23.103082630070084],[86.74473900920398,23.103315096185803],[86.74302825398364,23.103667451663327],[86.74062710214493,23.103773809554863],[86.73873722824685,23.103650077742877],[86.73627437562287,23.104104791674164],[86.73489935765512,23.104313553011025],[86.73486041838251,23.10431946822896],[86.73482325238426,23.10432511408486],[86.73366219694752,23.104501172458797],[86.73165170805287,23.104935796319023],[86.73165164427247,23.10493584424203],[86.73020430294122,23.106046102511975],[86.72919717831998,23.106998650954154],[86.72803071682186,23.109207340469084],[86.72644931451087,23.11206582278121],[86.72532526966384,23.113650367466203],[86.72394318464976,23.11554590133976],[86.72253145163803,23.117350545702045],[86.72088502208025,23.118953516105282],[86.72085112415301,23.11898262217958],[86.7203439946324,23.119418059203188],[86.71951551078521,23.120129410528378],[86.7184841945334,23.121019179923465],[86.71764053095453,23.12174703844452],[86.71698592231877,23.122195364401303],[86.71700371704624,23.122540271318545],[86.71753787687375,23.122654977378154],[86.7175382613527,23.122654960855133],[86.7175396851824,23.12265526735692],[86.71814130848776,23.12262871736254],[86.71865625694463,23.122467713761708],[86.71963219744906,23.122355498390714],[86.72136671400696,23.12248616254827],[86.72245275562591,23.12306487039131],[86.72385551626456,23.12398007706788],[86.72397308687064,23.12480915687531],[86.7245671364798,23.126179518709936],[86.72459587897563,23.126735968030776],[86.72454623627641,23.12722213106648],[86.72462274758578,23.1272552089939],[86.72577472015668,23.127753234041872],[86.72672127317493,23.12861482536739],[86.72713861428626,23.12936151927423],[86.72748020585958,23.130185308499154],[86.72835933223091,23.13118814781721],[86.72878025762022,23.132003819375928],[86.72943944856223,23.133090122768103],[86.7299264351592,23.133833732781326],[86.72992824436619,23.133834026866317],[86.73061006566685,23.133946393721466],[86.73124383787957,23.134540627810487],[86.73124384506609,23.134540672418673],[86.73135994692669,23.135305610187846],[86.7316877448688,23.135669075759143],[86.73168778349634,23.135669119540854],[86.73184098577816,23.135837451877727],[86.73225364576855,23.1365889512681],[86.73228598961035,23.13721438056884],[86.73173231837487,23.138073140525975],[86.73153234979937,23.13863970341909],[86.7315260094901,23.13996284359512],[86.73111795875543,23.140842816785543],[86.73131928917692,23.14107359763525],[86.73136860399107,23.141352582201996],[86.73126849753243,23.14163356436297],[86.73132278631832,23.141912328865995],[86.73153862542996,23.142423634062926],[86.73157106000158,23.143085564603805],[86.73165078997464,23.14337167521141],[86.73187314187206,23.14416958348831],[86.7319402100912,23.144406300146226],[86.73232872426506,23.14504951254429],[86.73247441034287,23.14529070545312],[86.73268066173549,23.146291015734853],[86.73269296865489,23.147299901501256],[86.73247078564071,23.14811173907574],[86.73282076298722,23.148999681591924],[86.73333851598436,23.150336520802842],[86.73427357146527,23.152451894429156],[86.7342735912282,23.152451939031348],[86.73480719859184,23.153963596617817],[86.73542764699226,23.15574298942549],[86.73604913115022,23.15686781801686],[86.73663786003799,23.15736248217709],[86.73663801724314,23.15736261432692],[86.7373982857226,23.157434829234333],[86.73739944634595,23.157434938257882],[86.73804675257674,23.157613713636827],[86.73806460749135,23.157958620300732],[86.73778429629176,23.15832132983629],[86.737751650616,23.158461053257263],[86.7378057211113,23.158735217852595],[86.73815653209437,23.1589639864925],[86.73802351855025,23.159283303363924],[86.7380468486965,23.159733981578075],[86.73829589223598,23.16021154606748],[86.7382393828147,23.16056435171698],[86.73795716179686,23.160890272090757],[86.73800626191364,23.161164657188007],[86.73816260919726,23.161296016934106],[86.738442396679,23.16159706736962],[86.73845858611706,23.161909783085157],[86.738280543621,23.162129688450086],[86.73815276366174,23.162550179366963],[86.73839702457065,23.16283897389182],[86.738813850049,23.162926172667596],[86.73881530891302,23.16292647742547],[86.73922667712603,23.162908271237622],[86.73922811712544,23.16290820846907],[86.73978389401194,23.16343672539844],[86.74028750213662,23.163727866037167],[86.74091455764598,23.164188694403347],[86.74139955267798,23.164794086806697],[86.74157567996585,23.16530713981034],[86.74171532487338,23.16578954310476],[86.74178444394627,23.166450222626633],[86.74207663895876,23.166990401000913],[86.7423909954093,23.167188510593714],[86.74281644381605,23.167413964599422],[86.74319951419929,23.16760405185855],[86.74320019781722,23.16760439046661],[86.74384181322068,23.167575977119235],[86.74406418308446,23.167566129403795],[86.744065632067,23.167566064985657],[86.74454350615373,23.16803348710787],[86.74466007962984,23.168166602522266],[86.74492987694734,23.16829244024655],[86.744930839043,23.168292889519314],[86.74541226596669,23.168202772311727],[86.74541469501122,23.168202316431703],[86.74560012345553,23.168124963811557],[86.74586142001549,23.16807657194609],[86.74586182695231,23.168076495966012],[86.74608922199178,23.168135562201766],[86.74643367649588,23.16826271391315],[86.74643482903438,23.1682631392358],[86.7466617156274,23.168216213338635],[86.74682953439718,23.167895345307382],[86.74666411143426,23.167589241472157],[86.74660235764836,23.16707112550473],[86.74673535861608,23.1667518007739],[86.74740272512548,23.166547076889625],[86.74755193619247,23.166540465721653],[86.74761659513003,23.16653759991857],[86.74815375622886,23.166513797232977],[86.74860138942988,23.166493958767823],[86.74897033021203,23.16630245519804],[86.74942293648648,23.166282394539476],[86.74998138765757,23.166188500872046],[86.75043232396388,23.16613624648094],[86.75060013105558,23.165815375116896],[86.75107474335955,23.165550124762582],[86.75107490954788,23.165550033089225],[86.75145839495276,23.165639044569943],[86.75154712155339,23.165911071950124],[86.75154731289454,23.165911660805218],[86.7518090101031,23.165863183899607],[86.75210755530631,23.165886601013096],[86.75216354190808,23.166197400576355],[86.75218883217829,23.16668486660501],[86.75225776619823,23.167340942411876],[86.75254308640383,23.16774773804113],[86.75301387727455,23.16797156909451],[86.75327911204872,23.168097672106448],[86.75391697429096,23.168765389832558],[86.75381697113858,23.169239974608683],[86.75345327921264,23.1695326643333],[86.75292247549105,23.169487063563224],[86.75237498825797,23.169792509804292],[86.75182182457063,23.170757336840193],[86.75122643916662,23.171581145800342],[86.7511392343121,23.172110473335483],[86.75145556256469,23.17244214816186],[86.75145709239561,23.172442142380948],[86.75145737266998,23.172442437207057],[86.7523644276635,23.17243909088941],[86.75300654971679,23.172548531619494],[86.75300663865,23.17254852831612],[86.75300835982208,23.172548821490324],[86.75413728521605,23.172498754762458],[86.75413744242123,23.172498748155707],[86.75584839257598,23.17280542711274],[86.75655731784536,23.173400843251564],[86.75715543053461,23.17407031337173],[86.75806794818334,23.174937858448516],[86.7585931365361,23.17564282469768],[86.75878546134689,23.176205690075996],[86.7590399504736,23.17695048121779],[86.75945390673293,23.178393266646818],[86.75955732528001,23.17974604269621],[86.75956277535883,23.179817327244038],[86.75956197495992,23.17983556416426],[86.75950343354951,23.181170496011184],[86.75949476390869,23.18138751911686],[86.75926486077296,23.182720602248562],[86.75921249977168,23.183151268953047],[86.75921245934751,23.183151595960886],[86.75921066990345,23.18315134987922],[86.75883082806536,23.18309939278391],[86.75883074542033,23.18309933993413],[86.75836665867658,23.182801947335378],[86.75836552410438,23.182802091846806],[86.75836484767296,23.182801658312545],[86.75791409552129,23.182858535515855],[86.7575794236706,23.18294252548782],[86.75755406153519,23.183224865513605],[86.75755402829753,23.183225237113188],[86.75753203214947,23.18347009212558],[86.75749156574086,23.184131022118397],[86.75763487218151,23.184682393437537],[86.75776178796148,23.185686205519872],[86.75796714463209,23.18676028679981],[86.75773677976228,23.18818096443896],[86.75799502474523,23.188833250407754],[86.75814001103542,23.18941681111185],[86.7583253128173,23.190104599290265],[86.75835063093527,23.190592065767948],[86.75822121604219,23.19098038274476],[86.75797738273137,23.191373776812714],[86.75751518244968,23.191882875097708],[86.75693856105534,23.19239704632159],[86.75647993427188,23.192975121928285],[86.75621802416256,23.193788765006413],[86.75624691488042,23.1943452126025],[86.75653947101563,23.1948899650767],[86.75685726082716,23.195152426675733],[86.75688090179051,23.195607702990497],[86.75678439218628,23.195957684750816],[86.75684042909371,23.196268633282006],[86.75722619891435,23.196495813536362],[86.75782083781839,23.197096302154183],[86.75793291881973,23.197718199802804],[86.75838022952556,23.198362097372737],[86.75895147270633,23.198511904337987],[86.7591150532246,23.198781205372878],[86.7588951186936,23.199279510268926],[86.75884737233795,23.19938768970135],[86.75912370579745,23.199619722105783],[86.75912455470537,23.19961920358144],[86.75912551769936,23.199620011917965],[86.75974330618821,23.19924276677727],[86.75974415419789,23.199242248251505],[86.76005698710566,23.199504924239424],[86.76064587499523,23.199898237082056],[86.76104074205477,23.200300161346863],[86.7615514280056,23.20062780142083],[86.76231340687738,23.200801395006437],[86.76312288147481,23.201217171228695],[86.76413839905574,23.20147168494793],[86.7648655601254,23.201646811519776],[86.76541993294514,23.202143045712084],[86.7659136191775,23.20226363744163],[86.76591490107342,23.20226395036652],[86.76659008112917,23.202233957461964],[86.76659150675553,23.202233894711856],[86.76746065733562,23.203029574648497],[86.76785364152634,23.20339469100327],[86.76824442753954,23.203621623011657],[86.7685334658721,23.20409737132626],[86.76915421071658,23.204451686142814],[86.76915531294945,23.20445231363362],[86.76996096880862,23.204067075820234],[86.76996299810287,23.20406610733488],[86.77030130453717,23.204051069803246],[86.77112717249027,23.204014358997835],[86.77152933656487,23.203789059966166],[86.77225520406053,23.203268196048743],[86.77325934627501,23.20301612638552],[86.7736974735037,23.20271547132168],[86.77417976101343,23.202592616873112],[86.77447826309749,23.202579341128587],[86.77494221868724,23.20229597108319],[86.77502913518254,23.202241401608028],[86.77545294685886,23.201766474826783],[86.77545318042084,23.20176621226613],[86.7757223650873,23.201860253530697],[86.77588885255388,23.20209651645549],[86.77588928284688,23.20209712496719],[86.77625881741541,23.202011545242406],[86.77657723874259,23.20161480055555],[86.77677572509789,23.201117377093876],[86.77721402570144,23.200821345629855],[86.7772140769054,23.2008213109518],[86.77751497928793,23.200876790067056],[86.77751616865736,23.200877009694715],[86.77816321078346,23.200949623864688],[86.77879641436262,23.200852301580326],[86.77964423803954,23.20098474775374],[86.77964604994149,23.200985035085953],[86.78005176325979,23.201593850997757],[86.78066811713916,23.201842976555717],[86.78136292807878,23.20216235294617],[86.78204491556778,23.202269905021552],[86.78204672746969,23.202270193176624],[86.78228858179197,23.202605128057748],[86.78222857792424,23.202888971373984],[86.78188085804406,23.20339304878074],[86.7822937803425,23.20413982036086],[86.78282833273377,23.20425429802396],[86.78285014832045,23.204672780701657],[86.78333189324776,23.205209063774046],[86.78402197365914,23.205454523358945],[86.78402289802558,23.205454851963523],[86.78447066058398,23.20543490946247],[86.78483438215433,23.20514214471675],[86.78554534839607,23.204345817664922],[86.78554581372335,23.204345295856342],[86.78632841252417,23.204817462430192],[86.78640046279983,23.204860346350102],[86.78678600714336,23.20498605956562],[86.78718456987201,23.20545689624722],[86.78803203422284,23.2058339768866],[86.78805386777582,23.20625245957179],[86.7876132998245,23.20641037284823],[86.78686924593592,23.206581808976168],[86.78681866809046,23.207141798937904],[86.78761718503812,23.20801426819454],[86.78779684809494,23.208494858825315],[86.78813159270915,23.20917595961168],[86.7887626349417,23.209705573471844],[86.78893733031502,23.210186383411305],[86.78971020125961,23.210566782033606],[86.78973349008336,23.210596370997006],[86.79025988756848,23.211265154622623],[86.79026113263345,23.211266736479345],[86.79025687282238,23.211275619149454],[86.79025584514972,23.211275354130677],[86.79001100123418,23.211839395457357],[86.78957401666253,23.2120662966135],[86.78886280787569,23.21286776321236],[86.7879515110374,23.214231271516045],[86.7865959972911,23.21568370528058],[86.78618442066895,23.216398058963325],[86.78607023760982,23.21717291466097],[86.78603542250269,23.21793962581778],[86.78538056413527,23.218388249750504],[86.78517105095989,23.218674145724393],[86.78469063913244,23.21959898371108],[86.78456319334646,23.22002411518614],[86.78377906022314,23.220897575997945],[86.7837790629181,23.220897621402884],[86.7837799136227,23.220913173829096],[86.78381708051924,23.22159227045743],[86.78384969385563,23.22221769554555],[86.78389309865355,23.22305006194818],[86.7833910796486,23.22356101258262],[86.78338972498914,23.22356026135241],[86.78246144370377,23.223044667929237],[86.7824602471478,23.223044720763223],[86.78171009549509,23.223078116786994],[86.78076245731197,23.223747176385814],[86.78041827140413,23.22432023259283],[86.78017231627257,23.225377141425877],[86.78017233962879,23.225377186003744],[86.7804234492934,23.225854928884452],[86.780594298979,23.226262168955806],[86.78023134097666,23.226510569946694],[86.77972265467564,23.226858698403586],[86.7795481623216,23.227912795298263],[86.78023928028713,23.228158601150227],[86.78031986096474,23.22820895907477],[86.78126522551187,23.228799737678454],[86.78130501998062,23.229563125518588],[86.7808477343819,23.230837233664747],[86.78075381731554,23.230952085505297],[86.78013976312332,23.231702997979657],[86.78013972539408,23.231703045031868],[86.77909580488048,23.231961531468013],[86.777680211808,23.232300707481073],[86.7776801345529,23.232300757009508],[86.77600607191866,23.23335273488146],[86.77465381815853,23.234874046544075],[86.77357855991626,23.23596818633691],[86.77257548400203,23.236916217576336],[86.77154228038978,23.237381595306434],[86.7706343746917,23.237283663149608],[86.76965402795078,23.237327225889857],[86.7693205257066,23.238107200005327],[86.76916866460951,23.2386113467295],[86.76912913424543,23.23874257839362],[86.76982411945826,23.23906201347975],[86.77029000013762,23.23948381262439],[86.77016264238657,23.240042228381146],[86.76969188655012,23.240556394203],[86.7690976815324,23.241205384463118],[86.76868095217375,23.241919914421274],[86.76872426624185,23.24275228837981],[86.76889534140454,23.243164142091036],[86.76928364177937,23.24335394417802],[86.76928433348213,23.243354281768784],[86.7697322280929,23.24333438207064],[86.77026158373023,23.243379773583996],[86.77026333903834,23.243379924633143],[86.7706994962616,23.24447610604629],[86.77087400568364,23.244956485382218],[86.77087417097364,23.244956938524304],[86.7720034601853,23.244906750347848],[86.77200387520696,23.244906732189147],[86.77284338946754,23.2451456592702],[86.77284436863121,23.245145937428028],[86.77367768182135,23.24524717446761],[86.77489305568837,23.24540517039145],[86.77592852125849,23.2450779538153],[86.7763452209727,23.24436340280358],[86.77666432232455,23.24330748870803],[86.77668817798524,23.24232923668846],[86.7770722787361,23.24098925667993],[86.77737270860479,23.241044632441657],[86.77737446301455,23.24104495600615],[86.7780874540589,23.24170925782415],[86.77912583106887,23.242778533908336],[86.77963532495531,23.243940479206298],[86.77963532405697,23.243940523778004],[86.77962946793967,23.24526363694194],[86.78009087590725,23.24684256656421],[86.78021994315232,23.24788315761047],[86.78015022759809,23.249416580941197],[86.78062849604521,23.251414216040814],[86.78063367662946,23.252948916022017],[86.78116258580414,23.254386559372936],[86.78126401009129,23.25633182413454],[86.78189163513254,23.25832281337935],[86.78247341465325,23.259338644781238],[86.78335767489642,23.26041476155159],[86.78286048792938,23.260925491525384],[86.78178490809026,23.261729305662165],[86.7807960965244,23.262188155434984],[86.78044364791256,23.262987436925894],[86.78044308107563,23.26402918857792],[86.78053859354988,23.26480853777604],[86.7805793528093,23.265590323558268],[86.78074250842445,23.266518774509084],[86.7807206640917,23.26724803253766],[86.78026684598993,23.26820854451454],[86.78013285418048,23.26889208863618],[86.77994464455203,23.26968406200897],[86.7797477437232,23.27021368496814],[86.7794363553064,23.27074840082739],[86.77952317747861,23.271265401750902],[86.77928284310582,23.272110395908157],[86.77944068877933,23.272937499666998],[86.77944072201699,23.272937676264547],[86.78074572169824,23.273087041391644],[86.78170771495957,23.27320065037568],[86.78170959962505,23.273200871534776],[86.78145560547003,23.273783741673903],[86.7811357648047,23.27406071059057],[86.78116550083722,23.27463095370501],[86.78141659972206,23.27514064471745],[86.78198570760738,23.27582051577096],[86.78225729886051,23.276144961775483],[86.78289578094028,23.276535610316042],[86.78289637921824,23.27653597670481],[86.78380000983388,23.2765464600435],[86.78486209158757,23.27634245976861],[86.7859882816115,23.276347548783487],[86.78598996505436,23.276347557035525],[86.78611639035417,23.276700275547373],[86.78611843581808,23.276705980972096],[86.78611692934336,23.27671060208536],[86.7858775921005,23.277444993146133],[86.78527665061648,23.2777851897625],[86.78478522095207,23.278120509461907],[86.78419242988261,23.278617059221702],[86.7842248195385,23.279237888843856],[86.7837578518976,23.280042276575884],[86.78300659082551,23.280753298500223],[86.78292472106548,23.28138382298598],[86.78253090683143,23.282443076903732],[86.7822521218695,23.28360322911918],[86.78155865121627,23.284274795549262],[86.78108877123725,23.28502399011993],[86.77986048408799,23.286382638499298],[86.77893565412994,23.288037484604857],[86.77893562897712,23.288037531637183],[86.77893559843443,23.28803788809275],[86.77890502157875,23.28839801167736],[86.77886452283082,23.288874998216247],[86.77846250158835,23.2897778856084],[86.77895131266368,23.290539746049234],[86.7787104024708,23.291278749101085],[86.77827630418614,23.291662197920584],[86.77788266153034,23.292726040945205],[86.77778914511264,23.2941867742766],[86.77785434932751,23.295437636076954],[86.7785748332197,23.296239902009674],[86.7792568296918,23.29672559551037],[86.77932962916245,23.296777440720867],[86.77948118752728,23.296811555893047],[86.78030428148278,23.29699682534929],[86.78030599097674,23.296997209008254],[86.78092211488743,23.296969801729084],[86.78092334288439,23.29696974727425],[86.7814519232757,23.297360430418163],[86.78145275152238,23.297361042620704],[86.7820098228812,23.297230240784288],[86.78287834733554,23.296671042383288],[86.78287887015506,23.296670706577743],[86.78340300478399,23.296960822457006],[86.78376866581699,23.297465414859367],[86.78406114739207,23.29771513447884],[86.78474778995081,23.29789161900863],[86.78474904579559,23.297891940784954],[86.78575079399985,23.297994605543852],[86.78575245947637,23.297994776332693],[86.78593541575705,23.298249368619338],[86.7864866875924,23.299059133898115],[86.78688347345337,23.29914241215413],[86.78688528805024,23.299142793331725],[86.78817447109427,23.298983979138082],[86.78969413399246,23.298966949058634],[86.78969561800929,23.29896693255742],[86.7901160385454,23.299469027327554],[86.79011607447801,23.299469070230554],[86.79029682988622,23.299963492572815],[86.79037602625999,23.30018011379461],[86.7903780654357,23.300185690329794],[86.79041889566197,23.300967476334684],[86.79041722210061,23.300968902018347],[86.78977389899978,23.30151707378029],[86.78856947290112,23.302248305040774],[86.78721705744424,23.303299557563797],[86.78631302348502,23.30443224351238],[86.78571521442638,23.3057909833279],[86.78548853714085,23.306898118077086],[86.78532952455578,23.308154352413183],[86.78486509914714,23.309009331673202],[86.78483744900272,23.309531427674152],[86.78475556936118,23.31016195441267],[86.78416527381158,23.31070909252603],[86.78430691208074,23.311223654692146],[86.78450332332771,23.311735779521324],[86.78476818709767,23.312507594614647],[86.78480610857909,23.313234198401883],[86.78490849226694,23.313396178319714],[86.7849673507827,23.31348929939997],[86.78508701715832,23.313674350108766],[86.78529504541855,23.31399604001373],[86.78504596774307,23.314578696853346],[86.78507860982558,23.315204126977505],[86.78511917415054,23.31598131549424],[86.78516549847309,23.316868874492943],[86.78504228195548,23.317759370966673],[86.7850938883719,23.31874810256575],[86.78514525403986,23.319732236063626],[86.78533722491439,23.320193394525848],[86.78592561244236,23.320997410104905],[86.78600365807421,23.321104057081087],[86.78690996656775,23.322211463578785],[86.78696422930248,23.323250781855414],[86.78703241772075,23.32455682765058],[86.78683570374153,23.325091061194154],[86.7867535833515,23.325716991232937],[86.78673698158674,23.326450631717123],[86.78617374868337,23.327517436610037],[86.78571454158823,23.328473592132227],[86.78548782477682,23.329580729346446],[86.78565925836735,23.33066553733756],[86.78570006793238,23.331447324761243],[86.78587966810713,23.332688490487143],[86.78626494834596,23.33366237266545],[86.78591762102958,23.334562845218358],[86.78567955041127,23.335357045741933],[86.78616569438853,23.336063700623274],[86.78706130215039,23.336964164318907],[86.78709011561313,23.337515969457183],[86.78709011830809,23.337516014822373],[86.78711028907948,23.33790231037752],[86.78715087226905,23.338679501405696],[86.78768917782159,23.339333126410974],[86.7880713058721,23.34015042594751],[86.78873731592543,23.340955084514636],[86.78873883317995,23.34095522555547],[86.78873903350427,23.34095546887154],[86.78987275230858,23.341061709696092],[86.79071706806434,23.341074813286095],[86.79184452111957,23.341079861883617],[86.79184550207987,23.341079866007615],[86.79277370072022,23.34155916517556],[86.79277409777558,23.341559369725058],[86.794406858568,23.34178140557425],[86.79440808925992,23.34178157300763],[86.79515943207872,23.342116848489518],[86.79542418086432,23.3428840481091],[86.79596407912986,23.343485941737775],[86.7959648813254,23.34348683662896],[86.79667302146726,23.343091125881934],[86.7968508339946,23.3429863358331],[86.7974430160063,23.3426373405201],[86.79880946943611,23.341848124057258],[86.79998980810872,23.341795488124887],[86.8014114136054,23.34198997711884],[86.80141271526428,23.341990156099108],[86.80286230418037,23.342708686466032],[86.80286306774836,23.342709064219545],[86.8038764877631,23.342714539170967],[86.80387672761326,23.34271454082054],[86.80439141196543,23.342847811032737],[86.80439300917001,23.34284822507656],[86.80483859331385,23.34277763553706],[86.80579217205593,23.342684372499082],[86.806846570519,23.34232386065083],[86.80839839130768,23.341835125292494],[86.80839843352851,23.341835112920585],[86.80879741936364,23.341923313968334],[86.8092339107602,23.342632121250325],[86.80944476152705,23.34351233566404],[86.80942804477793,23.3442413803341],[86.80943325320995,23.34538890884375],[86.80949035462096,23.346478807650517],[86.81050106891007,23.3474754114442],[86.81122571469695,23.348380959883595],[86.81122754995508,23.348383253524677],[86.81122758588766,23.348383296411885],[86.8112260533618,23.348387406161383],[86.81121118983711,23.34842727476612],[86.81110505837786,23.34871192998797],[86.81110301111734,23.34871217164032],[86.81099680150466,23.34899703243868],[86.81073116428524,23.34970949433857],[86.81055651831929,23.350759038644068],[86.8102338928766,23.3521286365646],[86.8103372790843,23.35295833707333],[86.8114110335468,23.354108844977446],[86.81247926157364,23.355153576108567],[86.81295710691431,23.355602396815428],[86.81298989362554,23.356227822643092],[86.81388302203722,23.357455528562348],[86.81451965179086,23.358837586867278],[86.81452553934925,23.358855716831226],[86.81485308576308,23.359864433806152],[86.81613966369278,23.360691957448477],[86.81678456872683,23.361184005357845],[86.81678529366725,23.361183631780285],[86.8167862854073,23.36118438800683],[86.81766614121068,23.36073020104073],[86.81871799833979,23.360319021232225],[86.81980105665365,23.360528373479557],[86.81992223040233,23.36056149916503],[86.8209454869694,23.360841229777915],[86.8220524647244,23.36157533015565],[86.82331182010772,23.361883139477438],[86.82331209948376,23.36188314277612],[86.82331363650121,23.361883518001036],[86.82421591515237,23.36189373896267],[86.82421786359821,23.361893761228767],[86.82482464592822,23.361659179487674],[86.82596698855927,23.360879747944402],[86.82852425052637,23.360138367556868],[86.83112539519507,23.359187548173765],[86.83277646994118,23.35947733954405],[86.83277824321554,23.35947765127501],[86.83357621578412,23.360695686640405],[86.83399147999053,23.361091935364453],[86.8339669173557,23.361669227285574],[86.83433329524432,23.36227509473286],[86.83437441023658,23.363056871664835],[86.83499193551906,23.364070949946733],[86.83528476294549,23.364148004184464],[86.83533621485172,23.364161538439472],[86.83533752729035,23.364187448303852],[86.83538350037163,23.365094692797744],[86.83500377621283,23.365374455082833],[86.83474824593868,23.366022022724],[86.83436050072272,23.36728858311293],[86.83450226655263,23.368844860252505],[86.83450537562184,23.370043199320133],[86.83516094186167,23.37064071556125],[86.83566393643702,23.371659926766934],[86.83611746617959,23.37278276290781],[86.83617480384753,23.373872652720735],[86.83657645228915,23.375053128643376],[86.83625972428628,23.37548679374571],[86.83556565805,23.37624620849214],[86.83476755163247,23.37711630251877],[86.83354067124496,23.37742941075643],[86.83236824493336,23.377638660955107],[86.83173184514844,23.378450788679434],[86.83083000038356,23.379532936267722],[86.83082990426384,23.37953298574135],[86.83028060243387,23.37981567442806],[86.83037035940214,23.380383235888175],[86.83055629898784,23.380503991104003],[86.83104688333755,23.380824541169364],[86.83142181498431,23.381069520396732],[86.83234261869326,23.38139242812844],[86.83326342779208,23.38171532930146],[86.83385902340189,23.38231093276105],[86.83480243770651,23.383158299815943],[86.83505603570447,23.383612499004848],[86.83621671654373,23.384237622873652],[86.83621750436625,23.384238048331692],[86.83683525871916,23.384210358924708],[86.83711690661185,23.384248439072483],[86.83779178124041,23.384167480816902],[86.83844463007652,23.383668038022687],[86.83932234160127,23.383264529105997],[86.84020783523137,23.3829159811158],[86.84124333583578,23.382191935470118],[86.84248380503857,23.382136291116534],[86.843440219762,23.382093381004893],[86.84344030959355,23.38209337688217],[86.84401124644876,23.382219873486562],[86.84441790209978,23.382463910156435],[86.84441861626044,23.382464338093808],[86.84475737903892,23.382449135184615],[86.84497889460482,23.382388489263516],[86.84513446754069,23.382118763779328],[86.8455719264228,23.381891700573124],[86.84618966730095,23.38186397357128],[86.84703777035395,23.381876519861],[86.84703923550619,23.381876542123734],[86.84733469499639,23.3821767267579],[86.84817600139596,23.38307469577528],[86.84883228898299,23.383778147161056],[86.84961383405994,23.384678792464175],[86.84990169380283,23.385153766132447],[86.8501060865811,23.38549101474074],[86.85102584195613,23.38667795362432],[86.85102771763843,23.386680374403088],[86.8510277275199,23.386713716998308],[86.85102789370822,23.387251952343046],[86.8505852668183,23.387949438497262],[86.85013584596986,23.38851815982553],[86.85013712067924,23.38901593533395],[86.85019189006381,23.3900547321011],[86.85019312884057,23.390078228555268],[86.85020942697477,23.3909897307767],[86.85058530993743,23.39167811225301],[86.85109415074865,23.39223606303879],[86.8513290700769,23.392428397082483],[86.85227372136171,23.393201792654345],[86.85285605693959,23.394111373802517],[86.85330860033194,23.395211167254075],[86.85387040760895,23.396204639580564],[86.85392394630156,23.396746163029118],[86.8536014762674,23.397544278379947],[86.85314912511448,23.3980578262287],[86.85282701440646,23.398532288587162],[86.85265496906322,23.398785704547084],[86.85265493762219,23.398785750715735],[86.8526618564465,23.398950990762327],[86.85268732278651,23.39943378497398],[86.8523311731157,23.400256457954686],[86.85173953997462,23.40078086701871],[86.85097825370396,23.401308283156425],[86.8503356402722,23.40162286352339],[86.85009702796978,23.401739670181854],[86.84961353941252,23.40223155581198],[86.84953263713803,23.40309792265507],[86.8494890472872,23.40356469993181],[86.84948800434314,23.4041132848312],[86.84948370051461,23.404505290790528],[86.84924461839334,23.404801819026666],[86.84885143657324,23.404819471144755],[86.84842093783796,23.404682534438866],[86.84842048957861,23.40468255422455],[86.84841921936082,23.404682150266677],[86.8477415797178,23.404712571589656],[86.8476774786341,23.40510726084903],[86.84781825901214,23.405598774528695],[86.8479205708348,23.405884628504808],[86.84798225814538,23.406056979169048],[86.84840061974285,23.40650837356596],[86.848881443897,23.407007667576245],[86.84904011332564,23.40736470023665],[86.84890634070511,23.408048312441036],[86.84883648052208,23.408807416038837],[86.84888757849208,23.40930295624031],[86.84896687727378,23.40976496160295],[86.84908043869876,23.410308401474676],[86.84909619514882,23.41060727110182],[86.84913790213085,23.411398289215217],[86.8493034266034,23.412358865325718],[86.84944397880938,23.412845779388714],[86.8499746603601,23.413342833637277],[86.8504200396881,23.413737695827287],[86.8506677986367,23.414173698241985],[86.85068283553625,23.41445881651841],[86.85069787153746,23.414743935004793],[86.85041632874766,23.41527745825327],[86.85013598341207,23.415752097122045],[86.85002197821937,23.415945114172004],[86.84965304911535,23.416431854293123],[86.84965050957803,23.416550399583127],[86.84964679414604,23.416653564432202],[86.84964596769598,23.41667647913543],[86.84964631354735,23.416696666130026],[86.84964678516286,23.416724269608284],[86.84964755232411,23.41676905950794],[86.84985838332804,23.417073045151646],[86.85029286249835,23.417260967591613],[86.85054316547587,23.417535902113922],[86.85067991421495,23.417686106185837],[86.8507961562127,23.418280130027078],[86.85059519589711,23.4187316731465],[86.85021122450367,23.41893329664476],[86.84966315875556,23.419243697066168],[86.84957594581618,23.41976849333453],[86.8499846568126,23.420035936278513],[86.85050652858531,23.420270640519483],[86.85120126047322,23.42058009232514],[86.8512021983144,23.420580510247657],[86.8515958760045,23.42056283220562],[86.8519264892667,23.4203912587963],[86.85228347437076,23.42024615695855],[86.8530611216577,23.420026845807396],[86.8533987166263,23.420011681007544],[86.85339998145422,23.42001162495458],[86.85375800950227,23.420359697765008],[86.85386747460956,23.42082495596321],[86.8539837345736,23.42141897807352],[86.85441833771142,23.421712549570252],[86.85441883268317,23.42171288341085],[86.8550145136329,23.421736825136783],[86.85554092998265,23.42158410413524],[86.8562537251943,23.42118820861039],[86.85625429831946,23.421187891254505],[86.85660529705041,23.42140259594267],[86.85674905624198,23.421760291238755],[86.85640198225047,23.422660928758127],[86.85644858864404,23.423543873433808],[86.85704205344997,23.424093400088648],[86.85774722915139,23.424582588012203],[86.85839526750912,23.42508037545446],[86.85843266078115,23.425109098199336],[86.85843698616924,23.42511242168247],[86.85851256951892,23.42517047958928],[86.8588762102409,23.425624309624244],[86.85954078478639,23.426479473170563],[86.8600907486747,23.427339787774013],[86.86066942631274,23.42762669186967],[86.86067040098482,23.427627174886553],[86.86123086528046,23.42755126703131],[86.86166492942912,23.427162980014636],[86.86208890639546,23.42667834334664],[86.86263244283789,23.426290007607587],[86.86263284348654,23.426289720761883],[86.86309994497638,23.426526847143382],[86.86317687490067,23.426942859365035],[86.86286253911139,23.42742256762445],[86.86300461665672,23.427937061173036],[86.86368016592006,23.428999145066527],[86.8638334265924,23.429725175849242],[86.86377080952552,23.430714445904904],[86.86359320450902,23.43160747738347],[86.86403649166067,23.432527892830628],[86.86509484899918,23.433365319735554],[86.86616914424746,23.434409454697995],[86.86672562720977,23.435422778130764],[86.86672745078981,23.435426099706227],[86.86672589760266,23.435427893192095],[86.86630370648713,23.43591534790253],[86.86567319246393,23.436178809411086],[86.86472041501908,23.437434000695408],[86.86471897142641,23.437433257267237],[86.8641195597733,23.437124531462793],[86.86411930285513,23.437124900705168],[86.86344647279218,23.438095165480128],[86.86275770122617,23.43886368115259],[86.86221005499131,23.439561310689836],[86.86188668304858,23.44024885349988],[86.86188514423453,23.440248089483017],[86.86151216103362,23.440062873362002],[86.86151141273696,23.44006297061563],[86.86071338357453,23.44016793361972],[86.86008865649839,23.440730732989323],[86.8577945146713,23.441373176626456],[86.85658117908167,23.441764201014028],[86.85578214290781,23.44186463713787],[86.85494041789335,23.442372215742704],[86.85493967318995,23.442372664090612],[86.85493925726998,23.442372266841193],[86.85493876229825,23.442371795416552],[86.85440314360672,23.441862054182455],[86.85326212778736,23.440972949138384],[86.85146118889901,23.43997979318203],[86.84864605025827,23.4385112583343],[86.84787935523127,23.43780352766001],[86.84787815238708,23.437802841927738],[86.8466793129112,23.43711984834883],[86.84556446321943,23.436630549389346],[86.84556415599558,23.436630784287686],[86.84472427522239,23.437276702905468],[86.84348541400394,23.43860446134525],[86.84348536818986,23.43860451162098],[86.84218320359167,23.438732050394556],[86.84066174136801,23.438869410102882],[86.83929246543157,23.439064051680496],[86.83928820202722,23.439064656635658],[86.83928610086777,23.439064336850098],[86.83826081500645,23.438907882499127],[86.83826076110756,23.438907753101198],[86.83792937349753,23.438116063782548],[86.83761832105064,23.436382982776383],[86.83710566239947,23.434995431613583],[86.83711336275807,23.433718240918022],[86.83666912249386,23.43353532594617],[86.836668718252,23.433535483372943],[86.83588101432545,23.433842599612323],[86.83587943239223,23.43384386973864],[86.83572326117842,23.433969329474486],[86.83555346880992,23.43410572897035],[86.83536320114115,23.434262643975025],[86.83518643784606,23.434408423600512],[86.83427484186879,23.43512225103405],[86.83356984762706,23.43549032313429],[86.83270831655722,23.435731723029054],[86.83197704210185,23.43569532507052],[86.83105976158548,23.43620656624643],[86.83089132567308,23.436282745241414],[86.83006432853765,23.436656766515675],[86.83006428092693,23.43665677310931],[86.82913178923783,23.436762624837904],[86.82912575525407,23.436763309751363],[86.82912513002663,23.436762922375525],[86.82912496653326,23.436762821822633],[86.8285216013946,23.436389317625803],[86.82852057731517,23.436389363781377],[86.82851988381579,23.4363889351941],[86.82750316698392,23.436434431371698],[86.82685032533435,23.436463641228208],[86.82685027592701,23.436463643700822],[86.82636294527526,23.43688647543147],[86.82636294797022,23.436886520762645],[86.82639122513872,23.437424525694848],[86.82622123783584,23.438372475695125],[86.82553722913747,23.439140599089356],[86.82556888936134,23.439743032143863],[86.82595319133482,23.441541998088685],[86.82672237918676,23.44372477472415],[86.82707842465297,23.444985687304325],[86.82734287699454,23.447260187258653],[86.82697064478519,23.44844766323699],[86.8255905270816,23.449850774323703],[86.82418799641164,23.450922988507234],[86.82389106548099,23.45221310633289],[86.82436136138001,23.452795925443326],[86.82468632064584,23.45306759925975],[86.82519927574107,23.453496438282546],[86.82567351434585,23.454281436088113],[86.82520738213817,23.455108952251415],[86.82425181003448,23.456225709089935],[86.82394447661284,23.4573180827994],[86.82394451344379,23.45731812565132],[86.824798344155,23.45835392127918],[86.82524966134703,23.458670234104613],[86.82660634469981,23.459480756148324],[86.82663825645197,23.460087788631057],[86.82684253244926,23.461217206935686],[86.82697590621783,23.462423549155925],[86.82746390252119,23.46334206476174],[86.82761806959363,23.465082139919847],[86.82763597301721,23.465284203601918],[86.82768712488614,23.465401763214093],[86.82805259457801,23.46627044610773],[86.82820780189954,23.46646632123919],[86.82820916733876,23.466466260261797],[86.82820951947836,23.46646670523184],[86.828498652134,23.46645376896348],[86.82920180123614,23.465952133463695],[86.82946263336709,23.465401146019214],[86.8301694008832,23.46496848673951],[86.83096618228568,23.464932826101652],[86.83148778366552,23.465176373991973],[86.83148918144411,23.465176607191502],[86.83148950124433,23.465176757164336],[86.8324472993733,23.465336702285793],[86.83295213908825,23.465244957711388],[86.83461170560876,23.464972437129372],[86.83701490919957,23.465063008478314],[86.8389148774665,23.465180696835652],[86.83994414196621,23.465401479749435],[86.83994586134169,23.465401855504922],[86.84161583484475,23.465327004327715],[86.84194603667855,23.46506408465801],[86.84256014207479,23.46457510922436],[86.84345932153822,23.465068728876016],[86.84442984160823,23.46556452787379],[86.8462797773071,23.466154550966724],[86.84834543443833,23.466665729466346],[86.84834548294737,23.466665700625736],[86.84834715291548,23.46666611263442],[86.84919479064114,23.466157899786143],[86.84997128538957,23.465722016936184],[86.85148601563853,23.46545120307075],[86.85273296708439,23.465598040110407],[86.85411380613516,23.465536033937344],[86.85549669963301,23.465607600436588],[86.85636542890325,23.4654994315927],[86.85796560330876,23.465427535424777],[86.85898253573625,23.465381836634435],[86.85982878286987,23.464942768001034],[86.86089205578959,23.46435564997137],[86.86258014921026,23.463205716876676],[86.86526578582134,23.46173892682663],[86.86591749020378,23.461709608840103],[86.86591882689692,23.461711042684126],[86.86645738397773,23.46228871656432],[86.86700839530165,23.46307060573447],[86.86842796791083,23.465159330647865],[86.86842802091147,23.46515940810638],[86.86842807481035,23.465159488036964],[86.8684283523898,23.46515989922634],[86.86972209887547,23.467079101238397],[86.87001135460032,23.467508188923098],[86.87176256005957,23.470384111368947],[86.87249009213348,23.47176189568704],[86.87234680096417,23.473114354693386],[86.87159727903044,23.474152936629153],[86.87159723321639,23.47415300007488],[86.87116492257915,23.475583464586606],[86.8709487636673,23.47700788554969],[86.87058244147423,23.478301237852442],[86.87092019005472,23.4804341134655],[86.87143704114332,23.48189053345214],[86.87177585782074,23.482815640828754],[86.8712278307002,23.48350870601372],[86.87040656571462,23.484421500292576],[86.87007789730498,23.485104686690157],[86.86975652411378,23.485925833652345],[86.87009253175927,23.48651457021708],[86.87097272892242,23.487281634955494],[86.87167211228689,23.488125978802948],[86.87177477535079,23.48872517211],[86.87183121290684,23.489054567806644],[86.87221566220404,23.490180445972072],[86.87234153503998,23.490386821241216],[86.87253332535315,23.49070546873476],[86.87253487225206,23.49070556759884],[86.87253504383025,23.490705851833013],[86.8728309165455,23.49072479748124],[86.87298557679304,23.490247653187637],[86.87356121902371,23.489415050792392],[86.87393184414702,23.488863645593234],[86.87436366340577,23.48880732276244],[86.87491040054557,23.48875043225469],[86.87591874148569,23.48853906829796],[86.87649709662854,23.488513014715522],[86.87711533786833,23.488485162595556],[86.87754987183588,23.4884977836288],[86.87755080877872,23.488497810816884],[86.87814991410632,23.488770406385257],[86.87814998597156,23.488770438516532],[86.87881214404895,23.488911157020862],[86.87958033656751,23.4889779488251],[86.88038342863491,23.489075147441007],[86.88038513723055,23.48907535423422],[86.88041535835337,23.489645586537257],[86.88015444806896,23.490192063368898],[86.88006620476199,23.490601688617108],[86.88022127553961,23.49079291232032],[86.88016495745947,23.491804959387665],[86.87998248716738,23.492417044981494],[86.88048138991661,23.492966153244964],[86.88057110825733,23.493344663746488],[86.88062300932116,23.49356363071858],[86.88076121961923,23.494096727703024],[86.88115518027864,23.494645955017173],[86.88110720215762,23.495155176056784],[86.88106225944396,23.495627384283253],[86.88107342550296,23.496498102353108],[86.88131066607791,23.496924733241705],[86.88131098587814,23.496925307450027],[86.88277482387127,23.49672563603309],[86.88474851328034,23.496903993362448],[86.88548356155819,23.497004520988977],[86.88703642798589,23.496127784867507],[86.88883013543618,23.49564581103107],[86.8906878783932,23.4949581011752],[86.89275000424702,23.494731324026088],[86.8940902286672,23.494463369137836],[86.89586976070231,23.49390358675692],[86.89711377016565,23.49361229219323],[86.8986876284249,23.493508906516446],[86.90026671398077,23.49340987645508],[86.90143611296986,23.49293753258692],[86.90331228127167,23.492410169898974],[86.90465857381156,23.492257086557746],[86.90569087371863,23.49224261055714],[86.90569237031191,23.492242589960718],[86.90586928632057,23.49256187228048],[86.90596394809027,23.493119968991092],[86.90582176454375,23.49345368880548],[86.90605102628234,23.493535509443053],[86.9062892891401,23.493817584496863],[86.90629105163467,23.49381966965541],[86.90628962600834,23.493823891051036],[86.90617878558038,23.49415203494377],[86.90595458944165,23.494729167207673],[86.90537775604489,23.495442103343123],[86.9053523202476,23.49618541034573],[86.90520360594896,23.497054145895294],[86.90491947151955,23.497726181462582],[86.90434702369798,23.498521886915018],[86.9038617241371,23.49917075016624],[86.90342397240423,23.499397981835344],[86.90333730474221,23.49955402095775],[86.90331805204907,23.49984990913469],[86.90291657249071,23.50019535117075],[86.90249944158514,23.500246479971864],[86.90181829222433,23.50078433952197],[86.90105789169253,23.501053808888162],[86.89952940464333,23.502012561569746],[86.89843744761825,23.50272109055721],[86.89836924572525,23.50331881872185],[86.8984530253036,23.50423696386447],[86.89839787323672,23.50498622083214],[86.89808137250763,23.505802603624907],[86.89766728150101,23.506507691943327],[86.89766726892458,23.506507737250583],[86.89745222212701,23.50731994896201],[86.89745218799106,23.50732024304547],[86.8973432340252,23.50827907204039],[86.89707771538338,23.50873820473524],[86.896223377124,23.50959270798257],[86.89545375897909,23.510254383607197],[86.89434900814771,23.5107237542963],[86.89440237616044,23.51116387151064],[86.89397726821515,23.511630204313764],[86.89382699354286,23.512471336941385],[86.89384445499535,23.513364821847603],[86.89377329135685,23.51503672936167],[86.89364159025135,23.516886537365746],[86.89367152481157,23.518673731137586],[86.8937308756041,23.519791196781096],[86.89348742138229,23.52123118108341],[86.89394590263869,23.52195724478988],[86.89420329601872,23.52256792513884],[86.89410685109321,23.523199193432013],[86.89405777253596,23.524063414256837],[86.8942426494147,23.52509694108927],[86.89466941295505,23.525884360849673],[86.89470846721204,23.52661954379199],[86.89477519137637,23.52787556471665],[86.89512356253515,23.529007084866947],[86.89579553021542,23.529484354798043],[86.89593915825294,23.530399800519252],[86.89601023295822,23.53107881984812],[86.89631392011812,23.53133707385508],[86.896436328152,23.531884150270084],[86.89643849309184,23.53189382603551],[86.89643699560024,23.531896688902332],[86.89591199499537,23.53289946099495],[86.89568440951311,23.53350899435759],[86.89556732220065,23.534316362301567],[86.89557367778129,23.53443597121385],[86.89558638085774,23.53467505529029],[86.89530638766176,23.534862865462593],[86.89453015971297,23.53549717064002],[86.89354204344316,23.53628393518475],[86.89280999374172,23.53709140304607],[86.89197671738249,23.53787577793218],[86.89106444946535,23.538490016342678],[86.89052457635263,23.53885351334111],[86.89052376697057,23.538854057718236],[86.89052247070164,23.5388536080512],[86.89052216257946,23.53885350098762],[86.89006534949458,23.538694966086677],[86.89006490213356,23.538694933143994],[86.8888006320673,23.538604516164877],[86.88743163101535,23.538338984542893],[86.88610354283468,23.538279028690816],[86.88471232285248,23.538254175829145],[86.88431223029292,23.53843946571297],[86.88386324333078,23.538647396849314],[86.88311372858357,23.53856133239352],[86.88227413616957,23.53916560577233],[86.8818266763434,23.539840893603138],[86.88189304926651,23.54043254587139],[86.88196248185143,23.5411761778669],[86.88216769748651,23.542028930502735],[86.88276367847354,23.54289633992794],[86.88328611708323,23.544168100458943],[86.88350232180917,23.54522779089831],[86.88341532177056,23.546038399932836],[86.88349438968521,23.546869180108207],[86.88359533696698,23.54754685691563],[86.8839241652767,23.548278796055758],[86.88396197716366,23.54899158551279],[86.88396197267207,23.548991630805432],[86.88391908710041,23.54940838581638],[86.88440583474554,23.55010093833532],[86.88484541724497,23.55103531835189],[86.88481665408791,23.552377974379382],[86.88481665318957,23.55237801967085],[86.88423147624047,23.553506103481883],[86.88404712218122,23.55417820165198],[86.88417361665132,23.55477175254772],[86.88485040558976,23.555275962455543],[86.88517120745244,23.55585614447023],[86.88527293537015,23.556579351539682],[86.88527558719689,23.55659820042229],[86.88527402592493,23.55659990909106],[86.88490698597793,23.557002026995175],[86.88379864458037,23.557378763297017],[86.88379692161168,23.557379348769935],[86.88273437992055,23.55742723649269],[86.88272469338685,23.557427165676025],[86.88211909323974,23.55742269681472],[86.88211835302796,23.55742222909531],[86.88115162295013,23.55681172126489],[86.88051122296723,23.556333513773282],[86.88050978386615,23.556333252737563],[86.87963273978963,23.556173689004673],[86.87959734706575,23.55616724956686],[86.87959644785215,23.55616692347768],[86.87893970212433,23.55592951386664],[86.878937977359,23.555929038730806],[86.87818874378449,23.555723634126124],[86.87763517585525,23.556255071284028],[86.87766688099492,23.55682118027493],[86.87771241120676,23.557114146566676],[86.87814411727778,23.557334405687794],[86.8790784774627,23.557886965154008],[86.87934873651423,23.558174418576165],[86.87937067876338,23.558588297007358],[86.87939749796618,23.559094149031786],[86.87976905374407,23.559971681137334],[86.87968348292506,23.56080987962217],[86.87961698333953,23.561347591295057],[86.87980977976582,23.561965817387268],[86.8799734662853,23.562632006267776],[86.87997557103805,23.562640574745075],[86.8799743116,23.562647952560916],[86.87965502968677,23.564517305653897],[86.87960900989306,23.56544130467454],[86.87941585593732,23.566136840671973],[86.87938708649203,23.566820361362492],[86.87885452117416,23.56705639105582],[86.87885347463684,23.567055614599692],[86.87824547419132,23.566604417074103],[86.87824404137841,23.56660415935236],[86.87824374852762,23.56660394197684],[86.87785497833391,23.566533866347566],[86.87697392327966,23.566799409359216],[86.87565992697088,23.567010683884796],[86.87447539136923,23.56721151091994],[86.87297473322924,23.56748647786836],[86.87169674499029,23.567811338061443],[86.87016784561438,23.56811981543135],[86.86878263805636,23.56821438336216],[86.86727063868592,23.568369953894923],[86.86642880407697,23.568320313888275],[86.86543681606828,23.56779838045798],[86.86443442467028,23.56718886938598],[86.86443354611795,23.56718890890861],[86.86443269900661,23.567188393467422],[86.86352971517799,23.56722897333833],[86.86316600708236,23.567632524338073],[86.86343599663934,23.56848238900055],[86.86412043742733,23.569226045916576],[86.86440740244822,23.56938792971158],[86.86507435124105,23.569765332833047],[86.86543086113626,23.5699670679514],[86.86558450359256,23.570054508280673],[86.86615056888401,23.570356346501324],[86.86615148516562,23.57035639013987],[86.86615229275104,23.570356819938286],[86.86679903483986,23.570387671556183],[86.86765446006072,23.570109511888543],[86.86849211840193,23.57007184599211],[86.86895583324315,23.570257874049272],[86.86963252426523,23.57085434935448],[86.87056694553554,23.57140696146314],[86.87202644915745,23.572147986836033],[86.8728850696858,23.57249656295068],[86.87476343796172,23.573214107625653],[86.87582761458664,23.57376084921841],[86.87735032636687,23.574466714453898],[86.87735141243006,23.574466893119293],[86.87735205113222,23.574467189522714],[86.87964246854416,23.574843448423845],[86.88030567046391,23.574541990197574],[86.88030660201684,23.57454156699961],[86.88082992906035,23.57413078356125],[86.88108501736336,23.57337714084087],[86.88098064929703,23.572635081684247],[86.88098082896008,23.572072698192944],[86.88128779766569,23.571731584711628],[86.8817869860792,23.571437283412717],[86.88178727354011,23.57143711380016],[86.88215096007613,23.571600480212638],[86.88215100768684,23.57160049750323],[86.88309807993133,23.571856903334737],[86.88309980649332,23.571857372649482],[86.88421444867426,23.572161531887485],[86.88421617523622,23.572162006141266],[86.88429689335607,23.572457994518004],[86.88445979384969,23.57307756389989],[86.88452267142803,23.57369703073343],[86.88489685926972,23.574066821993995],[86.88489739376733,23.574067350581686],[86.88517495073222,23.574054839848692],[86.88560584382793,23.57403541548218],[86.88644401061558,23.57399762967997],[86.8874149888264,23.57401377137288],[86.88741506608152,23.574013772196235],[86.88849525517638,23.5743241064576],[86.88849678410897,23.57432454612313],[86.88954065791017,23.57451226094823],[86.88954198023026,23.57451249807087],[86.89034215546789,23.574983466453144],[86.89068979090645,23.575502503647],[86.89101091256937,23.57608727203935],[86.8914234746434,23.576541444608896],[86.89142522635818,23.57654337367065],[86.89142398398815,23.576551036400986],[86.89137624481901,23.57684521097258],[86.89069918099611,23.576903413656925],[86.89005728531826,23.576964637102876],[86.88937397281425,23.57747025122418],[86.88886447174131,23.57823538374661],[86.88844083254152,23.57873389187291],[86.88834344707989,23.579254563335542],[86.88862486590219,23.579656741146792],[86.8887701091106,23.580037401399032],[86.88886183159266,23.58054032629876],[86.88891873357771,23.580952628434293],[86.88907702751054,23.58148481810384],[86.88926647950903,23.582038651698657],[86.88919536797285,23.582488994304114],[86.88844105622199,23.582882563764468],[86.88783980931079,23.583144767388635],[86.88746967556597,23.583521008828825],[86.88737960778062,23.584179639308303],[86.88634505759377,23.584853191684626],[86.8864763382877,23.585441917888193],[86.88652995423543,23.585886635753162],[86.88688112813789,23.586377865121975],[86.88724954699882,23.586628615065315],[86.88739807534624,23.586976861295234],[86.88773962649536,23.587380938583955],[86.88820930615007,23.58765477823563],[86.88871234564121,23.58799164761026],[86.88904901893831,23.588303750110757],[86.88914392235483,23.58886645675965],[86.88902039591844,23.589554255265366],[86.88916174493005,23.58986133718646],[86.88972648520648,23.590135496020093],[86.88967725034237,23.590432733891607],[86.8894589579317,23.590654621482166],[86.88964392643861,23.59103305590398],[86.88964413394943,23.591033481518494],[86.88999987039521,23.591045095772625],[86.8909154575873,23.591270655613044],[86.89091717965769,23.5912710795803],[86.89093134788635,23.59153780082632],[86.89038882564186,23.59168212303007],[86.8901975060459,23.59231766373241],[86.89102431184014,23.592722897673948],[86.8911224024793,23.593345385228186],[86.89087720732248,23.594190791166067],[86.89077264162678,23.59467025779336],[86.89077263264363,23.59467030307025],[86.89020650896167,23.594935538088983],[86.88943625121627,23.595030201951964],[86.8886769825617,23.59533180081248],[86.88839517117562,23.595676402642418],[86.88842374299155,23.59621444239727],[86.8888902812377,23.59642849729141],[86.8886164855189,23.597395040197007],[86.88849398316191,23.59780020988499],[86.88844857961253,23.597950377296016],[86.88839041639282,23.598142747244186],[86.88823183949067,23.598661045817206],[86.88756110250232,23.599405780529743],[86.88690923462651,23.600223416903543],[86.88690924540627,23.600223461355334],[86.88707535468208,23.600902764398228],[86.8871481307965,23.60161397832461],[86.88733198629077,23.602458428776142],[86.88735982418311,23.60258628963078],[86.88801943014678,23.60285618010105],[86.88801999428878,23.60285618010105],[86.88802115581043,23.602856655067082],[86.88863641464349,23.602856572750625],[86.88942737855619,23.60258581548693],[86.89019043720295,23.602371838142002],[86.89097100401455,23.60305036533713],[86.890978581304,23.60385210273064],[86.89098650803805,23.604566241789783],[86.8914293873546,23.604993401212667],[86.89238627010027,23.60539737279154],[86.89281276863763,23.605611183039045],[86.89281451586083,23.605612059691044],[86.89328048367682,23.60584565307967],[86.89460450159092,23.606380556920474],[86.894642390733,23.607093343785138],[86.89449054311063,23.60790688570144],[86.8939004353089,23.60838064974839],[86.89320584715145,23.609241726539903],[86.89358240924044,23.609644214932075],[86.89358312609605,23.609643612406703],[86.89358413490409,23.60964468987353],[86.89411084051139,23.60920144693016],[86.89446686082478,23.609245059371464],[86.89480824488727,23.609648827708238],[86.89498847208607,23.610027905328593],[86.89443940112318,23.610615060804452],[86.89417086683697,23.611554271484316],[86.8940723854307,23.612180464993024],[86.89409609466601,23.612626532630898],[86.8946156433954,23.612801303699197],[86.89478316392454,23.612941253234613],[86.89478426166579,23.61294120467164],[86.89478488958821,23.6129417289872],[86.89520409739866,23.61292281082347],[86.89537819269738,23.612527743727153],[86.89572855991267,23.61245213913448],[86.89593007269217,23.612589866663],[86.89594278654839,23.612828995326034],[86.89615013298733,23.613059339422872],[86.89634613190756,23.61317034437603],[86.8963649587993,23.613524438206007],[86.89626537875343,23.614003727138574],[86.89626051886776,23.61457093447615],[86.89629695184071,23.615256128912705],[86.89619873723409,23.61585520801876],[86.89621438588632,23.616149519978993],[86.8962020466276,23.616481971948794],[86.8961905850229,23.616925016601794],[86.89619865369076,23.617076770397183],[86.8961101876016,23.61720061520481],[86.89591941597796,23.6172642709591],[86.89575121542414,23.617097517657655],[86.89548680710006,23.617017257092343],[86.89548676487924,23.61701729330768],[86.8954850814364,23.617016781354515],[86.89533173452583,23.617143553073607],[86.89528592403961,23.61750517386843],[86.8954549187041,23.617672714330723],[86.89553251248338,23.617908915112302],[86.89555158281857,23.61826760778844],[86.8957871704934,23.618464409769665],[86.89599134587938,23.618634972125545],[86.89601481975608,23.61907643991817],[86.89602130649075,23.619762986126826],[86.89591208392858,23.620155126846164],[86.89543897450612,23.62038391236891],[86.89505956835092,23.62049322632612],[86.89500886653798,23.620762874163717],[86.89525081428502,23.621079242726726],[86.89546110629978,23.62136477007966],[86.89560739424884,23.62176381794506],[86.89557122088898,23.622212587110713],[86.89520711124645,23.622703812914125],[86.89515958677465,23.623033243342064],[86.89527994395473,23.623415023777635],[86.89560414055089,23.624054964494523],[86.89561978830483,23.62434927614272],[86.89545679618304,23.624388899257198],[86.89500442796215,23.624349387251744],[86.89461694235929,23.624306945247593],[86.89443500566648,23.624554855640362],[86.89446018544392,23.625028515059576],[86.89447118621287,23.625235452304103],[86.89447114039879,23.625235500039523],[86.89434777565916,23.62536087125062],[86.89403289189755,23.625554854424994],[86.89389200192501,23.62588511963255],[86.89389053407785,23.625888563148546],[86.8938925418125,23.625895263354693],[86.893969594806,23.626152355627124],[86.89397131238482,23.62615279841101],[86.893971321368,23.626152831331748],[86.8943669816399,23.626254831254585],[86.8948176448584,23.62626215528946],[86.89510616037144,23.626249136794584],[86.89530787796681,23.626386990556878],[86.89535053806132,23.62662476816234],[86.89507205673,23.626844768233756],[86.89469727779685,23.627041455276668],[86.89446145386508,23.627499231489143],[86.89454834071601,23.627910180283266],[86.89455002415885,23.627910452698714],[86.89455006637967,23.627910655981527],[86.89497396788751,23.62797911289247],[86.89545810951999,23.627957266994837],[86.89581181936649,23.627941305594888],[86.89627267217523,23.628159656620326],[86.89627391903683,23.62815990516808],[86.89627439783888,23.62816013231766],[86.89663341672872,23.628231512413233],[86.89758179512363,23.628202526161967],[86.89850957964062,23.628639505975762],[86.89851063785603,23.628639666461282],[86.89851130620261,23.628639980848376],[86.90000777190518,23.628867126124646],[86.90077949210787,23.630021326930283],[86.90106593610591,23.63155719361323],[86.90114352719024,23.631973214055613],[86.90129819192933,23.634879537178445],[86.90152436256506,23.637907093753004],[86.90152438592125,23.637907138191995],[86.90230370317633,23.639388476043024],[86.90133570198233,23.64122535248108],[86.90044807754845,23.642786622749583],[86.89955798454412,23.644301901206035],[86.89944572747294,23.64484586122739],[86.89936305821229,23.64524646193918],[86.89864633376959,23.646352868000275],[86.89728616764846,23.64815670845211],[86.89645473822542,23.649365080875388],[86.89605834582653,23.650097463311113],[86.8956169181875,23.650924068508886],[86.89557492464293,23.65098128049247],[86.89525869879827,23.651433463947953],[86.89457240658245,23.652266503653234],[86.89340456078048,23.653171966847832],[86.8914177397986,23.654109739277946],[86.88921241709862,23.655550565828722],[86.8876481294904,23.656247977958568],[86.88697162711455,23.65632455864854],[86.88455258353035,23.656475025955867],[86.88324705204649,23.65657992246489],[86.88179894085901,23.656732713962324],[86.8808732835526,23.656640709625474],[86.87893164693119,23.656640525312294],[86.8779655851999,23.65673009819802],[86.87634178959402,23.657250293617494],[86.87481746713449,23.65785358020247],[86.87324356755275,23.658371497713258],[86.87057999176844,23.659385515550742],[86.87058009148141,23.659387389910645],[86.86927041337418,23.65988690010859],[86.86862480945085,23.659980447390918],[86.86796946329825,23.66007904004719],[86.8663860119301,23.660417539151954],[86.86497801321502,23.661328950693466],[86.86397012682244,23.662236210658914],[86.86372670583832,23.662459182854064],[86.86275326354867,23.663355668020387],[86.86180098017724,23.664652231681718],[86.86079887803676,23.66585883250389],[86.86026656604379,23.66686456794574],[86.85941895347094,23.668248607386555],[86.85932187163988,23.66877845885503],[86.85911686261728,23.669917008723605],[86.85893822004664,23.672026998829445],[86.85888076919098,23.673684420464117],[86.85734887393356,23.675947312125484],[86.85676903746882,23.67643428112668],[86.85515663160243,23.678027759078393],[86.85407865865137,23.67874909352966],[86.85261801147414,23.6796166434844],[86.85150174603747,23.68056093515992],[86.85076084433719,23.68122104308394],[86.85046816333617,23.681460027436813],[86.84978231129483,23.68202547068102],[86.84879210284873,23.68260915485954],[86.84781149469806,23.68327998566681],[86.84682588382958,23.683951032677886],[86.84523504291988,23.6841559508945],[86.84272988503594,23.684581550822276],[86.84093724837744,23.6846617773528],[86.83938928854784,23.68473103708871],[86.83822582113454,23.684783083669437],[86.83694250858092,23.684840479917323],[86.83648311373787,23.684861025579714],[86.83498008943543,23.684928230233634],[86.83309256822504,23.685012607633748],[86.83095333817374,23.684974530537094],[86.82881629013029,23.68497781208137],[86.82715782763925,23.68513485473313],[86.82554079634747,23.68560347824859],[86.8248497520438,23.685941174984787],[86.8228520749217,23.6869173655521],[86.82191145347927,23.687302768363903],[86.8217440901553,23.687371341445893],[86.82046529253431,23.687895292798594],[86.81980939301947,23.688164021876283],[86.81805178167394,23.689196587386064],[86.81740014825843,23.68994012182829],[86.8148936123588,23.69148543260987],[86.81329313611937,23.692271240725344],[86.81121162641833,23.69371457338945],[86.81022791907995,23.69471256280936],[86.80956284507114,23.6952191380591],[86.80923163532758,23.69547141193686],[86.8074130095096,23.69568617482152],[86.80597319067051,23.695856189841216],[86.80535690146986,23.69618585720505]]]}}]}