{"type":"FeatureCollection","features":[{"type":"Feature","bbox":[96.2747,27.6154,97.4129,28.4578],"properties":{"kind":"district","district":"Anjaw"},"geometry":{"type":"Polygon","coordinates":[[[96.6411,28.4578],[96.6582,28.4527],[96.6818,28.4356],[96.7273,28.4221],[96.7408,28.4138],[96.7568,28.3999],[96.7615,28.3746],[96.7769,28.3648],[96.8345,28.3607],[96.8512,28.3633],[96.8636,28.3716],[96.8897,28.3785],[96.904,28.3692],[96.9258,28.3369],[96.9532,28.3284],[96.9632,28.3203],[96.9788,28.314],[96.9876,28.3033],[97.0118,28.3103],[97.0479,28.339],[97.0648,28.342],[97.0753,28.3496],[97.1057,28.347],[97.1405,28.3276],[97.1711,28.2857],[97.1837,28.2836],[97.2093,28.2876],[97.2267,28.2846],[97.2304,28.2739],[97.2395,28.2682],[97.2849,28.2653],[97.2953,28.2619],[97.3366,28.2364],[97.3784,28.2178],[97.401,28.1923],[97.4028,28.1819],[97.3776,28.1886],[97.3638,28.1891],[97.3598,28.185],[97.3566,28.1725],[97.3279,28.1502],[97.3244,28.1375],[97.3472,28.1105],[97.3226,28.0921],[97.3104,28.0745],[97.3175,28.0579],[97.3258,28.0527],[97.3809,28.0593],[97.3753,28.0471],[97.3757,28.0402],[97.3871,28.0295],[97.3974,28.029],[97.4038,28.0246],[97.4129,28.0148],[97.4101,28.0052],[97.3926,28.001],[97.3913,27.9889],[97.373,27.968],[97.3739,27.9618],[97.3824,27.951],[97.3764,27.9329],[97.3807,27.9248],[97.3773,27.9135],[97.3798,27.8971],[97.3736,27.8802],[97.3571,27.8789],[97.3392,27.8908],[97.3253,27.896],[97.3158,27.9034],[97.3132,27.9138],[97.309,27.915],[97.249,27.8993],[97.233,27.8762],[97.2196,27.8637],[97.1885,27.8436],[97.1841,27.8343],[97.1731,27.8262],[97.1646,27.8106],[97.1457,27.8046],[97.1325,27.7877],[97.1191,27.7834],[97.1134,27.7743],[97.104,27.7697],[97.0988,27.7468],[97.0938,27.7401],[97.0849,27.7386],[97.0644,27.7473],[97.056,27.7419],[97.0426,27.7466],[97.0362,27.7424],[96.9979,27.6918],[96.9831,27.6643],[96.9417,27.6607],[96.9168,27.6251],[96.9071,27.6164],[96.8963,27.6154],[96.8832,27.624],[96.8614,27.6309],[96.8489,27.624],[96.83,27.6288],[96.826,27.6327],[96.8074,27.6315],[96.7827,27.6425],[96.774,27.6311],[96.7733,27.6235],[96.7684,27.6161],[96.7565,27.6213],[96.727,27.6473],[96.7056,27.6507],[96.6992,27.6639],[96.7083,27.6749],[96.7069,27.6824],[96.7114,27.6888],[96.7118,27.6986],[96.7164,27.7041],[96.7112,27.7125],[96.7114,27.7226],[96.7007,27.7344],[96.6963,27.7449],[96.7105,27.7657],[96.7015,27.7768],[96.7191,27.7842],[96.7146,27.789],[96.7166,27.7931],[96.7106,27.8078],[96.7123,27.821],[96.7053,27.8272],[96.6811,27.8298],[96.6791,27.8476],[96.6727,27.8503],[96.6624,27.8665],[96.6351,27.88],[96.6181,27.8821],[96.6165,27.8934],[96.5986,27.9092],[96.5883,27.9119],[96.5825,27.9225],[96.5935,27.9336],[96.5958,27.9518],[96.5716,27.9539],[96.5692,27.9587],[96.5613,27.9616],[96.5413,27.9793],[96.5252,27.9863],[96.518,27.993],[96.4974,27.9821],[96.4897,27.9926],[96.4773,28.0005],[96.437,28.0008],[96.4277,27.998],[96.4035,27.9834],[96.4038,27.9777],[96.4098,27.972],[96.4077,27.9676],[96.3916,27.9788],[96.3934,27.9855],[96.3905,27.9897],[96.3763,27.992],[96.3714,27.9975],[96.3596,28.0004],[96.3436,28.0132],[96.3265,28.0137],[96.312,28.0398],[96.2747,28.0735],[96.2844,28.0905],[96.289,28.0948],[96.3037,28.0984],[96.3162,28.1202],[96.3293,28.1322],[96.3254,28.1384],[96.3273,28.1447],[96.324,28.1533],[96.3345,28.1648],[96.3389,28.1967],[96.3372,28.2044],[96.3124,28.2289],[96.3161,28.2389],[96.3074,28.2461],[96.306,28.2539],[96.3274,28.2655],[96.3714,28.2685],[96.3806,28.275],[96.3804,28.2931],[96.3841,28.297],[96.3893,28.2945],[96.3933,28.3031],[96.4246,28.3403],[96.4246,28.3638],[96.4277,28.3756],[96.4571,28.4138],[96.4713,28.4158],[96.4935,28.4105],[96.5054,28.411],[96.5707,28.4523],[96.5869,28.4557],[96.6218,28.4548],[96.6411,28.4578]]]}},{"type":"Feature","bbox":[95.606,26.8785,97.1659,27.6605],"properties":{"kind":"district","district":"Changlang"},"geometry":{"type":"Polygon","coordinates":[[[96.727,27.6473],[96.7565,27.6213],[96.7684,27.6161],[96.7733,27.6235],[96.774,27.6311],[96.7827,27.6425],[96.8024,27.6325],[96.826,27.6327],[96.83,27.6288],[96.8489,27.624],[96.8614,27.6309],[96.8832,27.624],[96.9002,27.6147],[96.8967,27.6093],[96.8967,27.5815],[96.9122,27.5805],[96.913,27.5439],[96.9247,27.5333],[96.9298,27.5242],[96.9283,27.5116],[96.9071,27.4776],[96.9032,27.4527],[96.9163,27.4464],[96.9326,27.4309],[96.9316,27.4194],[96.9344,27.4158],[96.9623,27.4016],[96.9603,27.3943],[96.9675,27.3815],[96.9621,27.3731],[96.9785,27.3566],[96.9807,27.3455],[96.9905,27.3438],[96.9981,27.319],[97.0092,27.3105],[97.0154,27.3126],[97.0222,27.307],[97.0283,27.3079],[97.0291,27.3013],[97.0411,27.2822],[97.0548,27.2751],[97.0549,27.2657],[97.0689,27.2572],[97.074,27.2468],[97.0885,27.2382],[97.0927,27.226],[97.0905,27.2136],[97.1221,27.1899],[97.1245,27.1743],[97.1386,27.1641],[97.1467,27.1649],[97.1509,27.1498],[97.1639,27.1422],[97.1659,27.1351],[97.1611,27.1289],[97.1618,27.1229],[97.1497,27.1168],[97.1485,27.1072],[97.1385,27.091],[97.1246,27.0957],[97.1193,27.1039],[97.1064,27.1039],[97.1003,27.1084],[97.0949,27.1035],[97.0979,27.0985],[97.0963,27.0959],[97.0872,27.0948],[97.0767,27.0987],[97.0712,27.0892],[97.0634,27.0915],[97.0622,27.0986],[97.0522,27.1062],[97.0446,27.1079],[97.0445,27.1128],[97.0406,27.1162],[97.0335,27.1183],[97.036,27.1243],[97.0303,27.1315],[97.026,27.1295],[97.0053,27.1409],[96.9933,27.14],[96.9848,27.1543],[96.965,27.158],[96.964,27.1613],[96.9558,27.164],[96.932,27.1616],[96.9009,27.1689],[96.8744,27.1807],[96.8575,27.1923],[96.8588,27.2032],[96.8549,27.2104],[96.8608,27.2107],[96.8852,27.2265],[96.8877,27.2357],[96.8821,27.2365],[96.8814,27.2393],[96.8877,27.2467],[96.8849,27.2594],[96.8626,27.2596],[96.847,27.2711],[96.8502,27.2783],[96.848,27.2903],[96.8349,27.3029],[96.8224,27.3082],[96.8051,27.3289],[96.7965,27.3457],[96.7891,27.3457],[96.7669,27.3571],[96.7517,27.3523],[96.7458,27.3582],[96.7299,27.3594],[96.7295,27.3621],[96.7045,27.3721],[96.7021,27.3597],[96.6978,27.3577],[96.6753,27.3613],[96.6724,27.357],[96.6702,27.3609],[96.6609,27.3643],[96.6452,27.3593],[96.6246,27.3666],[96.6061,27.3658],[96.6004,27.355],[96.5913,27.3484],[96.5957,27.3339],[96.5841,27.3341],[96.5641,27.3185],[96.5512,27.3185],[96.5505,27.3129],[96.5425,27.309],[96.5427,27.3021],[96.5314,27.2966],[96.5239,27.2865],[96.5178,27.2856],[96.5081,27.2991],[96.4906,27.3026],[96.4886,27.2963],[96.4574,27.3066],[96.4515,27.3015],[96.4441,27.3019],[96.4406,27.3063],[96.4355,27.3024],[96.4218,27.3017],[96.408,27.2877],[96.4029,27.2932],[96.3868,27.2846],[96.375,27.2853],[96.3702,27.29],[96.3672,27.2868],[96.3525,27.2951],[96.3459,27.2855],[96.3397,27.285],[96.3303,27.2897],[96.3063,27.2941],[96.2746,27.2834],[96.2714,27.2717],[96.2556,27.2747],[96.248,27.2726],[96.2454,27.2764],[96.2315,27.2761],[96.228,27.2787],[96.209,27.2611],[96.1936,27.2615],[96.1853,27.2489],[96.1556,27.2484],[96.1491,27.2429],[96.1368,27.2414],[96.1211,27.2316],[96.1119,27.2318],[96.0996,27.2243],[96.0906,27.2233],[96.0774,27.2084],[96.0717,27.2052],[96.0641,27.2059],[96.0543,27.196],[96.023,27.1801],[96.0105,27.1422],[95.9986,27.135],[95.9857,27.1131],[95.9686,27.0999],[95.9638,27.0924],[95.965,27.0869],[95.9559,27.0778],[95.946,27.0516],[95.911,27.0367],[95.9042,27.0387],[95.8949,27.026],[95.8791,27.0229],[95.8755,27.0144],[95.8701,27.0127],[95.8425,27.0139],[95.8301,27.0075],[95.8121,27.0146],[95.802,27.0145],[95.8022,27.0065],[95.7963,26.9977],[95.7834,26.9901],[95.7811,26.9778],[95.7681,26.9765],[95.7603,26.9639],[95.7591,26.9546],[95.755,26.9538],[95.7596,26.9454],[95.7601,26.9368],[95.7562,26.9351],[95.7555,26.9296],[95.7479,26.9258],[95.7499,26.9236],[95.7468,26.9226],[95.7467,26.9163],[95.7512,26.9088],[95.7449,26.8963],[95.7343,26.8938],[95.7241,26.8822],[95.7164,26.8785],[95.7062,26.8806],[95.6948,26.892],[95.6829,26.8958],[95.6951,26.8926],[95.6785,26.9213],[95.6803,26.9245],[95.6747,26.9493],[95.6666,26.9606],[95.6634,26.9745],[95.6581,26.9758],[95.6546,26.9669],[95.6475,26.9615],[95.6358,26.9766],[95.6142,26.9822],[95.6236,26.9895],[95.6275,26.9991],[95.6235,27.0061],[95.6277,27.0114],[95.6283,27.0198],[95.6367,27.0325],[95.6418,27.0351],[95.6418,27.0406],[95.6516,27.0543],[95.6392,27.0742],[95.643,27.0889],[95.6361,27.0909],[95.6348,27.0999],[95.6306,27.1049],[95.6141,27.1122],[95.606,27.1227],[95.6079,27.1333],[95.626,27.1427],[95.6402,27.1453],[95.6479,27.1595],[95.6477,27.1845],[95.6407,27.193],[95.641,27.2087],[95.6339,27.2303],[95.676,27.247],[95.6815,27.2517],[95.6924,27.2532],[95.7015,27.2486],[95.712,27.2528],[95.7202,27.2495],[95.7271,27.2596],[95.7347,27.2604],[95.7421,27.2667],[95.7796,27.2698],[95.7879,27.2786],[95.8009,27.2843],[95.7994,27.2766],[95.8055,27.2758],[95.8052,27.273],[95.8154,27.2785],[95.8593,27.2872],[95.8538,27.2792],[95.8564,27.2711],[95.8694,27.26],[95.8924,27.2553],[95.8936,27.2676],[95.8995,27.2687],[95.9001,27.2743],[95.9044,27.2739],[95.8972,27.2822],[95.9061,27.2822],[95.9072,27.289],[95.9134,27.2891],[95.9301,27.3003],[95.9376,27.3008],[95.9417,27.3052],[95.9466,27.3038],[95.96,27.311],[95.955,27.3177],[95.961,27.3164],[95.9628,27.3231],[95.9756,27.3245],[95.9653,27.3279],[95.9716,27.3365],[95.9869,27.3456],[95.9892,27.3565],[95.9965,27.3564],[96.0178,27.3649],[96.0179,27.3694],[95.9983,27.3878],[95.9901,27.4024],[95.9846,27.4045],[95.9833,27.4118],[95.9741,27.4114],[95.9702,27.4149],[95.9754,27.4194],[95.9696,27.4235],[95.9694,27.4279],[95.9655,27.427],[95.9646,27.4181],[95.9618,27.418],[95.9632,27.4272],[95.9603,27.429],[95.9547,27.4196],[95.9452,27.4266],[95.9474,27.433],[95.9413,27.4373],[95.9344,27.4356],[95.9279,27.4385],[95.908,27.4343],[95.9,27.422],[95.8987,27.4129],[95.8857,27.3982],[95.884,27.4025],[95.8883,27.409],[95.884,27.414],[95.8832,27.4353],[95.8757,27.4348],[95.8709,27.4264],[95.8571,27.4199],[95.857,27.4156],[95.8624,27.4115],[95.8601,27.408],[95.853,27.4111],[95.8445,27.4216],[95.8423,27.4277],[95.8468,27.4386],[95.8568,27.4449],[95.8533,27.4569],[95.8565,27.4613],[95.8707,27.4667],[95.8743,27.4932],[95.8869,27.4971],[95.8758,27.5124],[95.8785,27.5188],[95.8758,27.5465],[95.9987,27.5596],[96.0019,27.5567],[96.0535,27.5929],[96.0615,27.6063],[96.1258,27.6196],[96.1332,27.6151],[96.1349,27.6118],[96.1304,27.6093],[96.1328,27.6064],[96.1402,27.6071],[96.17,27.5979],[96.1818,27.5901],[96.1924,27.5883],[96.1969,27.5831],[96.2158,27.5772],[96.2248,27.5682],[96.2373,27.5672],[96.2427,27.5636],[96.2643,27.5633],[96.2685,27.5578],[96.276,27.559],[96.289,27.5554],[96.3277,27.5792],[96.3363,27.5984],[96.3484,27.6061],[96.3519,27.6245],[96.3684,27.6424],[96.3728,27.645],[96.3838,27.6388],[96.3938,27.6454],[96.3941,27.6487],[96.413,27.6512],[96.4227,27.6484],[96.4441,27.6521],[96.4525,27.6411],[96.4803,27.646],[96.5086,27.6431],[96.5192,27.6366],[96.5307,27.6467],[96.5496,27.6468],[96.5665,27.6568],[96.5821,27.6561],[96.5963,27.654],[96.6036,27.6467],[96.6089,27.6466],[96.6082,27.6431],[96.6139,27.6381],[96.6253,27.6316],[96.6408,27.6279],[96.6582,27.6337],[96.6692,27.6473],[96.6823,27.6547],[96.7,27.6605],[96.7056,27.6507],[96.727,27.6473]]]}},{"type":"Feature","bbox":[95.2436,28.2747,96.6101,29.4659],"properties":{"kind":"district","district":"Dibang Valley"},"geometry":{"type":"Polygon","coordinates":[[[96.1406,29.4021],[96.1535,29.3738],[96.1765,29.3452],[96.1785,29.3372],[96.1745,29.323],[96.1799,29.3075],[96.1865,29.3025],[96.1918,29.2901],[96.2237,29.2512],[96.2355,29.2419],[96.2541,29.2394],[96.2896,29.2446],[96.2953,29.2547],[96.3094,29.2643],[96.3405,29.274],[96.3465,29.2893],[96.3543,29.2921],[96.3638,29.2916],[96.3696,29.2873],[96.3791,29.2671],[96.3808,29.2546],[96.3791,29.2435],[96.3653,29.2252],[96.3502,29.1845],[96.342,29.1784],[96.3163,29.1706],[96.2741,29.1657],[96.245,29.1658],[96.2325,29.152],[96.2105,29.1481],[96.1916,29.1159],[96.1736,29.0992],[96.1561,29.0918],[96.1021,29.079],[96.1288,29.0705],[96.1409,29.0583],[96.1715,28.9992],[96.1718,28.9698],[96.1423,28.9567],[96.1404,28.9424],[96.1349,28.9352],[96.1554,28.9179],[96.1609,28.8978],[96.1683,28.8987],[96.2114,28.928],[96.2202,28.9298],[96.294,29.0081],[96.3269,29.028],[96.3565,29.037],[96.4231,29.0375],[96.4537,29.0491],[96.4623,29.0566],[96.4771,29.0631],[96.5136,29.074],[96.4659,28.9953],[96.4647,28.9831],[96.4694,28.9712],[96.4812,28.9585],[96.5094,28.9664],[96.508,28.9518],[96.5301,28.9102],[96.5261,28.8825],[96.5569,28.8414],[96.6032,28.793],[96.609,28.7798],[96.6101,28.7669],[96.6042,28.7444],[96.5925,28.7246],[96.5754,28.7091],[96.5557,28.7012],[96.525,28.7011],[96.5074,28.6956],[96.491,28.6844],[96.4706,28.6788],[96.4669,28.6752],[96.4825,28.6532],[96.4873,28.6334],[96.4297,28.591],[96.4248,28.5821],[96.402,28.5809],[96.3994,28.577],[96.4,28.5593],[96.3917,28.5558],[96.3448,28.554],[96.3186,28.526],[96.3277,28.5185],[96.3244,28.4899],[96.3103,28.4706],[96.302,28.4805],[96.3033,28.4921],[96.2939,28.498],[96.2894,28.4993],[96.2846,28.4957],[96.2564,28.4907],[96.24,28.4975],[96.2353,28.4962],[96.2341,28.5017],[96.2153,28.5204],[96.1994,28.5233],[96.1929,28.5291],[96.1868,28.527],[96.1707,28.5343],[96.1667,28.5344],[96.1635,28.5254],[96.1693,28.5186],[96.168,28.5133],[96.1618,28.5105],[96.1551,28.5137],[96.1275,28.5106],[96.1249,28.5055],[96.1205,28.506],[96.1175,28.5025],[96.1163,28.489],[96.1032,28.489],[96.0639,28.5026],[96.0361,28.499],[96.0086,28.5127],[95.9978,28.5078],[95.9903,28.5026],[95.9874,28.496],[95.9766,28.4933],[95.9725,28.4766],[95.9563,28.4725],[95.9512,28.4671],[95.9262,28.4583],[95.9253,28.4519],[95.9136,28.4451],[95.9157,28.4396],[95.9124,28.4369],[95.9098,28.4245],[95.8623,28.4033],[95.852,28.3838],[95.845,28.3802],[95.8402,28.366],[95.8433,28.3602],[95.8395,28.3515],[95.8411,28.3475],[95.8481,28.3411],[95.8632,28.3366],[95.8657,28.3293],[95.8756,28.3252],[95.8805,28.3148],[95.8742,28.3062],[95.8766,28.3019],[95.833,28.2747],[95.7959,28.3156],[95.7645,28.3175],[95.7597,28.3261],[95.7549,28.3278],[95.7476,28.3191],[95.744,28.3203],[95.7374,28.3282],[95.7356,28.341],[95.7233,28.3449],[95.7066,28.3474],[95.6944,28.343],[95.6907,28.3505],[95.6922,28.3597],[95.6835,28.3639],[95.679,28.3706],[95.6623,28.3669],[95.6389,28.3677],[95.6358,28.374],[95.6265,28.3793],[95.6085,28.3748],[95.6052,28.3783],[95.5906,28.3712],[95.5862,28.3733],[95.5875,28.3817],[95.5733,28.3904],[95.5685,28.4],[95.5642,28.3997],[95.5637,28.4061],[95.5759,28.4299],[95.5813,28.4323],[95.5767,28.4519],[95.59,28.4675],[95.587,28.4786],[95.5891,28.4846],[95.5606,28.5052],[95.5544,28.5047],[95.5393,28.496],[95.5233,28.5036],[95.5259,28.5128],[95.5216,28.5181],[95.5157,28.5216],[95.4999,28.5186],[95.4937,28.531],[95.4765,28.5373],[95.4675,28.5367],[95.4595,28.5416],[95.4586,28.5487],[95.4508,28.5547],[95.445,28.5555],[95.4268,28.5452],[95.4113,28.5508],[95.4081,28.5466],[95.4092,28.5537],[95.4009,28.5677],[95.3818,28.5703],[95.3752,28.6143],[95.3653,28.626],[95.3673,28.644],[95.3596,28.6595],[95.3568,28.6957],[95.3508,28.7044],[95.3671,28.7143],[95.3747,28.7272],[95.3846,28.7307],[95.3893,28.7413],[95.374,28.7646],[95.3772,28.7777],[95.3626,28.787],[95.3535,28.8182],[95.3553,28.8232],[95.3463,28.8261],[95.3385,28.8347],[95.3303,28.8339],[95.3241,28.8433],[95.323,28.8506],[95.3278,28.8538],[95.3218,28.8622],[95.3232,28.8743],[95.3162,28.886],[95.3259,28.8944],[95.323,28.9027],[95.3252,28.9065],[95.3182,28.9098],[95.328,28.9189],[95.3241,28.9297],[95.3125,28.9341],[95.3128,28.94],[95.306,28.9459],[95.307,28.9543],[95.2997,28.9567],[95.2834,28.9466],[95.2728,28.9452],[95.256,28.9511],[95.2557,28.9557],[95.2618,28.9637],[95.2555,28.9699],[95.2555,28.9806],[95.245,28.9875],[95.2436,29.0007],[95.2519,29.0033],[95.2655,29.0249],[95.2761,29.0288],[95.2779,29.0325],[95.2756,29.0439],[95.2688,29.048],[95.2714,29.0587],[95.2879,29.0626],[95.3046,29.0597],[95.3481,29.0411],[95.3987,29.0312],[95.4107,29.0305],[95.4212,29.0414],[95.4403,29.0366],[95.4665,29.0665],[95.4772,29.0871],[95.481,29.1431],[95.4967,29.1423],[95.5307,29.1305],[95.5367,29.1692],[95.527,29.2051],[95.5269,29.2157],[95.5637,29.2167],[95.5722,29.2228],[95.5781,29.2539],[95.583,29.2606],[95.5972,29.2598],[95.6193,29.2497],[95.6315,29.26],[95.6598,29.2716],[95.689,29.3046],[95.7056,29.3045],[95.721,29.3127],[95.7372,29.3319],[95.7595,29.3468],[95.7657,29.3564],[95.7769,29.3617],[95.7809,29.3558],[95.7821,29.3414],[95.8027,29.3494],[95.8111,29.3596],[95.831,29.3588],[95.8384,29.3712],[95.8617,29.3951],[95.9197,29.3871],[95.9418,29.3877],[95.9767,29.4135],[95.9986,29.4207],[96.0088,29.4277],[96.0306,29.4533],[96.0428,29.4607],[96.0673,29.4659],[96.0812,29.4611],[96.1208,29.4141],[96.1406,29.4021]]]}},{"type":"Feature","bbox":[92.4505,27.1503,93.3728,27.9791],"properties":{"kind":"district","district":"East Kameng"},"geometry":{"type":"Polygon","coordinates":[[[92.758,27.957],[92.788,27.9504],[92.8219,27.9589],[92.8597,27.9563],[92.8593,27.9488],[92.8702,27.9455],[92.8799,27.9382],[92.9307,27.9196],[92.9316,27.875],[92.938,27.8706],[92.9384,27.86],[92.9434,27.857],[92.945,27.845],[92.9473,27.8414],[92.9602,27.8424],[92.9669,27.826],[92.9829,27.8202],[93.0044,27.8252],[93.0124,27.8189],[93.0726,27.8288],[93.0955,27.8106],[93.109,27.8193],[93.125,27.819],[93.1307,27.8231],[93.1535,27.8214],[93.1597,27.8184],[93.1745,27.8212],[93.186,27.8321],[93.1884,27.8446],[93.1969,27.8461],[93.2069,27.836],[93.2218,27.8307],[93.2232,27.822],[93.2338,27.8082],[93.2369,27.7966],[93.2303,27.7749],[93.2207,27.7638],[93.2217,27.7593],[93.2031,27.7298],[93.2236,27.7133],[93.2115,27.6952],[93.2074,27.6954],[93.2098,27.6906],[93.2068,27.6859],[93.1948,27.6761],[93.2129,27.6565],[93.2283,27.6481],[93.228,27.638],[93.2349,27.6281],[93.2344,27.6221],[93.2389,27.6148],[93.23,27.6044],[93.2418,27.6045],[93.2451,27.5996],[93.2569,27.5952],[93.2693,27.5953],[93.2849,27.5872],[93.2814,27.5782],[93.2998,27.5784],[93.3116,27.567],[93.3216,27.5655],[93.3301,27.5545],[93.3291,27.5489],[93.3189,27.5441],[93.3162,27.5338],[93.2946,27.523],[93.3002,27.5195],[93.305,27.5058],[93.3123,27.5038],[93.3159,27.4918],[93.3199,27.4893],[93.3222,27.4682],[93.3268,27.4627],[93.3243,27.4516],[93.3151,27.4432],[93.3302,27.4437],[93.3382,27.433],[93.3681,27.4164],[93.3728,27.3869],[93.368,27.3794],[93.3719,27.3713],[93.3394,27.3551],[93.322,27.3524],[93.3068,27.3443],[93.3001,27.3343],[93.2895,27.3293],[93.2909,27.3238],[93.2523,27.3315],[93.2481,27.3406],[93.243,27.3437],[93.2285,27.3444],[93.2193,27.3502],[93.2108,27.3511],[93.2211,27.3779],[93.2045,27.39],[93.1993,27.3896],[93.2018,27.38],[93.1823,27.3827],[93.1669,27.3679],[93.134,27.374],[93.1181,27.3613],[93.1152,27.353],[93.1047,27.3418],[93.1031,27.332],[93.0833,27.312],[93.0643,27.3008],[93.0408,27.2932],[93.0341,27.2868],[93.0218,27.2853],[93.0081,27.2733],[92.9997,27.2774],[92.9861,27.2767],[92.968,27.261],[92.9731,27.2505],[92.9813,27.2469],[92.9871,27.2314],[92.9818,27.2201],[92.9818,27.2104],[92.9927,27.2055],[92.9927,27.2012],[93.0053,27.1916],[92.9984,27.1761],[92.9891,27.1702],[92.9671,27.1758],[92.9364,27.1776],[92.9147,27.168],[92.8928,27.1529],[92.873,27.1503],[92.8659,27.1556],[92.8595,27.1546],[92.8561,27.1592],[92.8456,27.162],[92.8303,27.1568],[92.8286,27.1616],[92.8089,27.1768],[92.8076,27.179],[92.8143,27.1779],[92.8148,27.1913],[92.8081,27.2003],[92.8156,27.2037],[92.8231,27.2142],[92.8334,27.2145],[92.8342,27.218],[92.8278,27.2247],[92.8363,27.2328],[92.8253,27.2394],[92.8174,27.2535],[92.8011,27.2561],[92.8002,27.2669],[92.8073,27.2729],[92.8026,27.2794],[92.8057,27.2951],[92.8119,27.2964],[92.8169,27.2893],[92.8239,27.2869],[92.8427,27.2892],[92.8442,27.2929],[92.84,27.3038],[92.8204,27.3129],[92.8043,27.3297],[92.8066,27.3319],[92.8051,27.3461],[92.8002,27.3502],[92.8055,27.3512],[92.8056,27.3579],[92.8145,27.3546],[92.8119,27.3789],[92.8202,27.3769],[92.8229,27.3794],[92.8205,27.4119],[92.8162,27.4168],[92.8148,27.4136],[92.8051,27.419],[92.8108,27.4256],[92.8047,27.4292],[92.8082,27.435],[92.8048,27.4368],[92.8039,27.4462],[92.786,27.453],[92.7773,27.4491],[92.774,27.4436],[92.7649,27.4468],[92.761,27.444],[92.7544,27.4457],[92.7425,27.463],[92.7364,27.4666],[92.7143,27.4504],[92.7021,27.4496],[92.6842,27.4635],[92.685,27.473],[92.6711,27.4755],[92.6606,27.4821],[92.6538,27.4908],[92.6546,27.4973],[92.6483,27.5114],[92.6535,27.5199],[92.6502,27.532],[92.6388,27.5437],[92.6191,27.5452],[92.6171,27.5531],[92.6222,27.5644],[92.6222,27.5717],[92.6099,27.5864],[92.6139,27.5893],[92.6128,27.5936],[92.5967,27.6048],[92.5884,27.6056],[92.5902,27.6097],[92.5873,27.6173],[92.5696,27.6135],[92.567,27.6097],[92.551,27.6039],[92.5391,27.6102],[92.5411,27.6296],[92.5308,27.6365],[92.5351,27.647],[92.5364,27.6663],[92.5263,27.6836],[92.512,27.6972],[92.5138,27.7055],[92.5095,27.7178],[92.5121,27.7216],[92.474,27.7397],[92.4561,27.7393],[92.4619,27.7423],[92.4648,27.7505],[92.4567,27.7555],[92.4686,27.7652],[92.4654,27.7714],[92.4705,27.7844],[92.4505,27.8144],[92.466,27.8178],[92.4838,27.8428],[92.4925,27.8506],[92.5034,27.854],[92.5277,27.8485],[92.5562,27.8244],[92.6153,27.8945],[92.6267,27.8986],[92.6577,27.9019],[92.6879,27.9267],[92.7326,27.9791],[92.758,27.957]]]}},{"type":"Feature","bbox":[95.0674,27.8156,95.5692,28.3227],"properties":{"kind":"district","district":"East Siang"},"geometry":{"type":"Polygon","coordinates":[[[95.3744,28.3227],[95.3852,28.308],[95.3971,28.3148],[95.4106,28.3161],[95.4147,28.3129],[95.435,28.3145],[95.4458,28.3045],[95.4497,28.2897],[95.4604,28.2788],[95.4612,28.2651],[95.4655,28.2592],[95.4858,28.2722],[95.4921,28.2706],[95.5116,28.274],[95.5354,28.2862],[95.5417,28.2753],[95.5485,28.2754],[95.552,28.2642],[95.5637,28.2549],[95.5596,28.168],[95.5692,28.1313],[95.5675,28.0785],[95.5582,28.0353],[95.5442,28.018],[95.5334,27.9902],[95.5067,27.9686],[95.5,27.9518],[95.4987,27.9462],[95.5147,27.912],[95.5183,27.8863],[95.5153,27.8797],[95.3796,27.8392],[95.3088,27.868],[95.1364,27.8156],[95.1228,27.8482],[95.1152,27.8568],[95.1207,27.9035],[95.0858,27.9099],[95.0719,27.916],[95.0753,27.9401],[95.0881,27.952],[95.0891,27.9677],[95.0857,27.981],[95.0738,27.9905],[95.0674,28.0234],[95.1151,28.0242],[95.177,28.0481],[95.2172,28.0563],[95.2239,28.0481],[95.2385,28.0474],[95.2421,28.0531],[95.2401,28.0569],[95.2339,28.0602],[95.2237,28.0597],[95.22,28.0673],[95.2194,28.0719],[95.2267,28.0823],[95.224,28.0874],[95.2252,28.1007],[95.2129,28.1124],[95.2243,28.1247],[95.2208,28.1347],[95.2223,28.1528],[95.1924,28.1646],[95.1851,28.1736],[95.2011,28.1632],[95.2005,28.1718],[95.2069,28.1782],[95.218,28.1737],[95.229,28.1734],[95.2464,28.1789],[95.255,28.1864],[95.2555,28.194],[95.2611,28.1993],[95.289,28.203],[95.2907,28.2166],[95.2827,28.2321],[95.2915,28.2392],[95.3094,28.2366],[95.3147,28.2386],[95.3129,28.2507],[95.3285,28.266],[95.3202,28.2883],[95.3334,28.3018],[95.356,28.301],[95.3634,28.304],[95.3687,28.3202],[95.3744,28.3227]]]}},{"type":"Feature","bbox":[93.4949,27.0196,93.8263,27.1906],"properties":{"kind":"district","district":"Itanagar capital complex"},"geometry":{"type":"Polygon","coordinates":[[[93.7959,27.1323],[93.7975,27.1288],[93.8032,27.1328],[93.8125,27.1309],[93.8094,27.1233],[93.8208,27.1224],[93.8263,27.1093],[93.7347,27.0915],[93.7059,27.0701],[93.6863,27.06],[93.5947,27.0356],[93.5745,27.0237],[93.5537,27.0196],[93.543,27.0273],[93.5388,27.038],[93.5491,27.0582],[93.5456,27.0804],[93.5345,27.0907],[93.5224,27.115],[93.5067,27.1328],[93.4949,27.1723],[93.5212,27.1785],[93.5326,27.1849],[93.5969,27.1807],[93.639,27.1906],[93.6732,27.1757],[93.6818,27.1749],[93.6913,27.1797],[93.7025,27.1425],[93.718,27.1324],[93.7378,27.1344],[93.7477,27.1222],[93.7632,27.1282],[93.7893,27.1246],[93.7959,27.1323]]]}},{"type":"Feature","bbox":[93.8809,27.4879,94.356,27.9773],"properties":{"kind":"district","district":"Kamle"},"geometry":{"type":"Polygon","coordinates":[[[93.9772,27.9773],[93.9897,27.9756],[94.0119,27.958],[94.0313,27.9612],[94.0502,27.9562],[94.0682,27.9391],[94.0477,27.9119],[94.0562,27.9062],[94.0602,27.8694],[94.0742,27.8493],[94.0965,27.8598],[94.122,27.8618],[94.1286,27.8578],[94.1415,27.8662],[94.1491,27.866],[94.1601,27.8438],[94.1704,27.8454],[94.1919,27.8365],[94.1934,27.8114],[94.2575,27.8077],[94.2941,27.7904],[94.3171,27.774],[94.3136,27.7687],[94.3101,27.7452],[94.3142,27.739],[94.3386,27.7252],[94.3491,27.7302],[94.356,27.7288],[94.3555,27.7192],[94.3517,27.7143],[94.322,27.703],[94.3024,27.6847],[94.2669,27.6658],[94.2311,27.6377],[94.2095,27.6087],[94.2122,27.6009],[94.2266,27.5977],[94.2228,27.5882],[94.225,27.5741],[94.2348,27.5692],[94.2467,27.5695],[94.2587,27.5555],[94.2575,27.537],[94.2682,27.5208],[94.2208,27.5053],[94.2076,27.4926],[94.2025,27.4945],[94.207,27.5353],[94.1919,27.544],[94.1697,27.5429],[94.0879,27.4952],[94.0492,27.4953],[94.0105,27.5016],[93.9801,27.503],[93.9448,27.4952],[93.9366,27.4879],[93.9261,27.4906],[93.9355,27.5068],[93.9273,27.5275],[93.9481,27.548],[93.9533,27.5667],[93.9638,27.5861],[93.9574,27.5904],[93.9515,27.6038],[93.9424,27.6034],[93.9348,27.6068],[93.9345,27.6315],[93.9301,27.6376],[93.9362,27.666],[93.9316,27.6742],[93.9344,27.6803],[93.929,27.6862],[93.9267,27.6958],[93.9359,27.7041],[93.9388,27.7131],[93.9261,27.7453],[93.9222,27.747],[93.9074,27.7429],[93.9054,27.7611],[93.9159,27.7808],[93.9088,27.7845],[93.8944,27.7853],[93.8809,27.7999],[93.902,27.7988],[93.9095,27.8055],[93.9185,27.8082],[93.9299,27.8267],[93.9373,27.8312],[93.9386,27.8431],[93.9523,27.8646],[93.9426,27.8759],[93.9151,27.8804],[93.9029,27.8922],[93.9068,27.9001],[93.9204,27.8983],[93.9352,27.9169],[93.9361,27.9349],[93.9482,27.9416],[93.9474,27.962],[93.9543,27.9654],[93.965,27.9645],[93.9772,27.9773]]]}},{"type":"Feature","bbox":[93.4469,27.5993,93.9772,28.3229],"properties":{"kind":"district","district":"Kra Daadi"},"geometry":{"type":"Polygon","coordinates":[[[93.6802,28.3229],[93.693,28.3155],[93.7008,28.3193],[93.7085,28.3143],[93.7342,28.2859],[93.7442,28.2879],[93.7535,28.2797],[93.7603,28.2815],[93.7663,28.2787],[93.7732,28.2601],[93.8098,28.247],[93.8305,28.2463],[93.8417,28.2419],[93.8385,28.2191],[93.85,28.2095],[93.8504,28.1916],[93.8452,28.1738],[93.8603,28.1671],[93.8719,28.1539],[93.8779,28.1367],[93.8751,28.1175],[93.8912,28.1032],[93.8843,28.0911],[93.8852,28.0821],[93.8765,28.0672],[93.8753,28.0535],[93.8855,28.0424],[93.8955,28.0445],[93.9131,28.0303],[93.9192,28.0173],[93.9183,28.0063],[93.9273,28.008],[93.9399,28.0027],[93.9461,27.9937],[93.9447,27.9865],[93.9501,27.9808],[93.9621,27.9819],[93.9772,27.9773],[93.965,27.9645],[93.9543,27.9654],[93.9474,27.962],[93.9479,27.9409],[93.9361,27.9349],[93.9352,27.9169],[93.9183,27.8973],[93.9071,27.9001],[93.9045,27.8956],[93.8838,27.9116],[93.8835,27.9156],[93.8375,27.8872],[93.7959,27.919],[93.7878,27.9119],[93.7768,27.9127],[93.7612,27.9001],[93.7411,27.8971],[93.7335,27.8992],[93.7225,27.897],[93.7116,27.8899],[93.6999,27.8906],[93.6913,27.8872],[93.6867,27.8698],[93.6796,27.8627],[93.6855,27.8352],[93.6804,27.8282],[93.6748,27.8267],[93.6748,27.8209],[93.6598,27.8109],[93.6577,27.7975],[93.6542,27.7953],[93.665,27.7798],[93.6735,27.7782],[93.6857,27.7673],[93.6893,27.76],[93.6864,27.755],[93.6993,27.7583],[93.7188,27.7543],[93.7404,27.7674],[93.7696,27.7686],[93.773,27.754],[93.7727,27.7357],[93.7676,27.7301],[93.7672,27.7234],[93.7709,27.7124],[93.7614,27.7031],[93.7413,27.7],[93.7355,27.6859],[93.7147,27.6811],[93.7064,27.6693],[93.6809,27.6686],[93.6616,27.6464],[93.645,27.6462],[93.6204,27.6282],[93.6125,27.6282],[93.6065,27.6178],[93.5987,27.6115],[93.5675,27.5993],[93.5584,27.6034],[93.5147,27.6502],[93.5376,27.6739],[93.5323,27.722],[93.5095,27.7429],[93.5485,27.7857],[93.5637,27.7953],[93.5799,27.8124],[93.5923,27.8333],[93.6018,27.8809],[93.6018,27.9076],[93.5847,27.9057],[93.6185,27.9536],[93.588,27.9775],[93.5702,28.0572],[93.5475,28.0656],[93.5059,28.0692],[93.5059,28.0767],[93.4859,28.1034],[93.4602,28.1129],[93.4469,28.2005],[93.4478,28.282],[93.453,28.2719],[93.4687,28.2737],[93.4798,28.2814],[93.5096,28.272],[93.5425,28.2678],[93.557,28.2605],[93.5644,28.262],[93.5716,28.2559],[93.5928,28.2711],[93.6134,28.2727],[93.6249,28.2927],[93.6277,28.3069],[93.6346,28.3082],[93.6465,28.3033],[93.655,28.3036],[93.663,28.3075],[93.6673,28.3157],[93.6802,28.3229]]]}},{"type":"Feature","bbox":[92.6653,27.5947,93.6185,28.367],"properties":{"kind":"district","district":"Kurung Kumey"},"geometry":{"type":"Polygon","coordinates":[[[93.2882,28.3481],[93.2942,28.3403],[93.2977,28.3404],[93.3369,28.3533],[93.3443,28.3454],[93.3605,28.3436],[93.3609,28.3298],[93.3786,28.3234],[93.3789,28.3115],[93.384,28.3127],[93.3863,28.3063],[93.4002,28.3091],[93.4086,28.3067],[93.4143,28.2884],[93.4317,28.2799],[93.4369,28.2827],[93.4478,28.282],[93.4469,28.2005],[93.4602,28.1129],[93.4859,28.1034],[93.5059,28.0767],[93.5059,28.0692],[93.5475,28.0656],[93.5702,28.0572],[93.588,27.9775],[93.6185,27.9536],[93.5847,27.9057],[93.6018,27.9076],[93.6018,27.8809],[93.5923,27.8333],[93.5799,27.8124],[93.5637,27.7953],[93.5485,27.7857],[93.5095,27.7429],[93.5323,27.722],[93.5376,27.6739],[93.5147,27.6502],[93.5584,27.6034],[93.5476,27.5979],[93.5328,27.5981],[93.5262,27.6096],[93.5092,27.6153],[93.4681,27.6043],[93.4619,27.6139],[93.4524,27.6167],[93.4466,27.6239],[93.4397,27.6233],[93.4304,27.6305],[93.4213,27.6276],[93.4134,27.6308],[93.4066,27.6297],[93.379,27.6208],[93.3589,27.631],[93.3502,27.6297],[93.3408,27.6332],[93.3036,27.6188],[93.2823,27.5993],[93.2788,27.6007],[93.2783,27.5968],[93.2719,27.5947],[93.2569,27.5952],[93.2451,27.5996],[93.2418,27.6045],[93.23,27.6044],[93.2389,27.6148],[93.2344,27.6221],[93.2349,27.6281],[93.228,27.638],[93.2283,27.6481],[93.2129,27.6565],[93.1948,27.6761],[93.2068,27.6859],[93.2098,27.6906],[93.2074,27.6954],[93.2115,27.6952],[93.2236,27.7133],[93.2031,27.7298],[93.2217,27.7593],[93.2207,27.7638],[93.2303,27.7749],[93.2369,27.7966],[93.2338,27.8082],[93.2232,27.822],[93.2218,27.8307],[93.2069,27.836],[93.1969,27.8461],[93.1912,27.8456],[93.1884,27.8446],[93.186,27.8321],[93.1745,27.8212],[93.1597,27.8184],[93.1535,27.8214],[93.1307,27.8231],[93.125,27.819],[93.109,27.8193],[93.0955,27.8106],[93.0726,27.8288],[93.0124,27.8189],[93.0044,27.8252],[92.9829,27.8202],[92.9669,27.826],[92.9602,27.8424],[92.9473,27.8414],[92.9434,27.857],[92.9384,27.86],[92.938,27.8706],[92.9316,27.875],[92.9307,27.9196],[92.8799,27.9382],[92.8702,27.9455],[92.8593,27.9488],[92.8597,27.9563],[92.8219,27.9589],[92.788,27.9504],[92.758,27.957],[92.7326,27.9791],[92.7424,27.9926],[92.7353,28.0114],[92.7207,28.0305],[92.7004,28.0486],[92.6665,28.0638],[92.6653,28.07],[92.6762,28.0985],[92.6797,28.1192],[92.7003,28.1358],[92.7461,28.1581],[92.7672,28.1725],[92.806,28.2069],[92.8185,28.2103],[92.8181,28.1912],[92.8256,28.1791],[92.8526,28.1826],[92.9057,28.2119],[92.9135,28.2318],[92.9228,28.24],[92.9627,28.2586],[92.9759,28.2588],[92.9841,28.2524],[92.9973,28.2294],[93.0283,28.2687],[93.0229,28.2901],[93.0223,28.3104],[93.0497,28.3027],[93.0719,28.3077],[93.0905,28.3059],[93.1104,28.3121],[93.1222,28.3284],[93.1608,28.3192],[93.1894,28.3183],[93.2065,28.3216],[93.218,28.3261],[93.2222,28.3342],[93.2265,28.3356],[93.2294,28.3444],[93.2395,28.3508],[93.2457,28.3608],[93.2598,28.367],[93.2829,28.3648],[93.2882,28.3481]]]}},{"type":"Feature","bbox":[94.4843,27.773,94.9252,28.0621],"properties":{"kind":"district","district":"Leparada"},"geometry":{"type":"Polygon","coordinates":[[[94.6254,28.0556],[94.6403,28.0435],[94.6689,28.0414],[94.6996,28.0192],[94.7381,28.0092],[94.7524,28.0114],[94.7909,27.9871],[94.8197,27.9859],[94.8975,28.0169],[94.9064,28.0163],[94.8945,28.008],[94.8913,28.0],[94.8807,28.0],[94.8998,27.9716],[94.8933,27.9588],[94.8942,27.9538],[94.8856,27.9508],[94.8838,27.9428],[94.8733,27.9347],[94.8659,27.9157],[94.8776,27.903],[94.8771,27.8957],[94.884,27.8949],[94.8877,27.8871],[94.8952,27.8851],[94.9017,27.8776],[94.9058,27.8611],[94.9252,27.8613],[94.9231,27.8518],[94.9018,27.841],[94.9015,27.8381],[94.9068,27.8354],[94.8984,27.8281],[94.8992,27.8226],[94.8388,27.8037],[94.809,27.7858],[94.7688,27.7739],[94.746,27.773],[94.7241,27.7949],[94.7174,27.8251],[94.6853,27.8405],[94.646,27.8501],[94.6318,27.8667],[94.5948,27.8708],[94.5929,27.89],[94.5581,27.9024],[94.5378,27.9333],[94.5358,27.9439],[94.5251,27.9582],[94.5228,27.9664],[94.5254,27.9771],[94.5321,27.9859],[94.513,28.0154],[94.5063,28.0193],[94.4843,28.022],[94.5061,28.0556],[94.5332,28.0492],[94.5675,28.0492],[94.5932,28.0528],[94.6032,28.0621],[94.6254,28.0556]]]}},{"type":"Feature","bbox":[95.7743,27.557,96.7191,28.3864],"properties":{"kind":"district","district":"Lohit"},"geometry":{"type":"Polygon","coordinates":[[[96.3689,28.3789],[96.37,28.3633],[96.3883,28.3472],[96.3955,28.3359],[96.4174,28.3409],[96.424,28.3563],[96.4246,28.3403],[96.3933,28.3031],[96.3893,28.2945],[96.3841,28.297],[96.3804,28.2931],[96.3806,28.275],[96.3721,28.2687],[96.3335,28.2671],[96.306,28.2539],[96.3074,28.2461],[96.3161,28.2389],[96.3124,28.2289],[96.3375,28.204],[96.337,28.1773],[96.3335,28.1703],[96.3345,28.1648],[96.324,28.1533],[96.3273,28.1447],[96.3254,28.1384],[96.3293,28.1321],[96.3162,28.1202],[96.3037,28.0984],[96.289,28.0948],[96.2844,28.0905],[96.2785,28.0831],[96.2752,28.0713],[96.3059,28.0467],[96.3265,28.0137],[96.3436,28.0132],[96.3596,28.0004],[96.3714,27.9975],[96.3763,27.992],[96.3905,27.9897],[96.3934,27.9855],[96.3916,27.9788],[96.4077,27.9676],[96.4098,27.972],[96.4038,27.9777],[96.4035,27.9834],[96.4277,27.998],[96.437,28.0008],[96.4773,28.0005],[96.4897,27.9926],[96.4974,27.9821],[96.518,27.993],[96.5252,27.9863],[96.5413,27.9793],[96.5613,27.9616],[96.5692,27.9587],[96.5716,27.9539],[96.5958,27.9518],[96.5935,27.9336],[96.5825,27.9225],[96.5883,27.9119],[96.5986,27.9092],[96.6165,27.8934],[96.6181,27.8821],[96.6351,27.88],[96.6624,27.8665],[96.6727,27.8503],[96.6791,27.8476],[96.6811,27.8298],[96.7053,27.8272],[96.7123,27.821],[96.7106,27.8078],[96.7166,27.7931],[96.7146,27.789],[96.7191,27.7842],[96.7015,27.7768],[96.7105,27.7657],[96.6963,27.7449],[96.7007,27.7344],[96.7114,27.7226],[96.7112,27.7125],[96.7165,27.7034],[96.7118,27.6986],[96.7114,27.6888],[96.7069,27.6824],[96.7083,27.6749],[96.6992,27.6639],[96.7015,27.661],[96.6823,27.6547],[96.6692,27.6473],[96.6582,27.6337],[96.6408,27.6279],[96.6253,27.6316],[96.6139,27.6381],[96.6082,27.6431],[96.6089,27.6466],[96.6036,27.6467],[96.5963,27.654],[96.5821,27.6561],[96.5665,27.6568],[96.5496,27.6468],[96.5307,27.6467],[96.5192,27.6366],[96.5086,27.6431],[96.4803,27.646],[96.4525,27.6411],[96.4441,27.6521],[96.4398,27.6524],[96.4227,27.6484],[96.413,27.6512],[96.3941,27.6487],[96.3938,27.6454],[96.3838,27.6388],[96.3728,27.645],[96.3519,27.6245],[96.3484,27.6061],[96.3363,27.5984],[96.3277,27.5792],[96.2926,27.557],[96.3019,27.5659],[96.3016,27.5728],[96.2704,27.6021],[96.2703,27.6048],[96.2786,27.609],[96.2811,27.6159],[96.277,27.6368],[96.2648,27.647],[96.2654,27.651],[96.2518,27.6609],[96.2458,27.6743],[96.2462,27.6817],[96.2405,27.6853],[96.2357,27.6953],[96.2241,27.6972],[96.2176,27.707],[96.2086,27.713],[96.2097,27.7347],[96.1957,27.7517],[96.2014,27.8063],[96.1932,27.8234],[96.1818,27.8366],[96.1569,27.8398],[96.1445,27.8369],[96.1407,27.8401],[96.1312,27.8388],[96.1096,27.8465],[96.1037,27.8421],[96.0868,27.8446],[96.0662,27.8402],[96.0232,27.8502],[95.8976,27.7903],[95.8291,27.7532],[95.8048,27.736],[95.7743,27.7309],[95.7805,27.7363],[95.776,27.7536],[95.7869,27.7597],[95.8003,27.7737],[95.8117,27.7976],[95.8249,27.8079],[95.8377,27.8098],[95.8378,27.8241],[95.8714,27.8335],[95.8837,27.8461],[95.8885,27.8566],[95.8911,27.8569],[95.8903,27.86],[95.8953,27.8574],[95.8948,27.862],[95.9049,27.8621],[95.9017,27.8685],[95.9066,27.866],[95.9073,27.8704],[95.9107,27.8702],[95.917,27.8805],[95.9156,27.8838],[95.9194,27.8806],[95.9251,27.8817],[95.9168,27.885],[95.9155,27.8894],[95.9237,27.8881],[95.9192,27.895],[95.926,27.8953],[95.9263,27.8989],[95.9285,27.8951],[95.9377,27.8982],[95.9298,27.9027],[95.941,27.9056],[95.9355,27.9075],[95.9382,27.9125],[95.9427,27.9107],[95.9529,27.9204],[95.9486,27.9244],[95.9548,27.9312],[95.9492,27.9312],[95.9483,27.9371],[95.9652,27.9517],[95.9718,27.9622],[95.9831,27.9667],[95.9913,27.9747],[95.9875,28.0004],[95.9902,28.04],[95.9753,28.0717],[95.9754,28.0923],[95.9616,28.1059],[95.96,28.1146],[95.9657,28.1357],[95.9707,28.1425],[95.9699,28.1523],[95.9822,28.1643],[95.9825,28.1793],[95.9909,28.1967],[96.0041,28.2014],[96.0101,28.1949],[96.019,28.1925],[96.0416,28.1913],[96.0517,28.1972],[96.0828,28.1893],[96.0974,28.1917],[96.1046,28.1896],[96.1177,28.1779],[96.142,28.1699],[96.1439,28.1752],[96.1684,28.187],[96.1747,28.1966],[96.1905,28.2066],[96.2034,28.222],[96.2155,28.2309],[96.2302,28.2387],[96.2679,28.2389],[96.2382,28.2995],[96.2553,28.3091],[96.2668,28.3303],[96.2905,28.3446],[96.2965,28.3666],[96.3072,28.3825],[96.3167,28.3776],[96.3626,28.3864],[96.3689,28.3789]]]}},{"type":"Feature","bbox":[95.1811,26.651,95.5057,27.1071],"properties":{"kind":"district","district":"Longding"},"geometry":{"type":"Polygon","coordinates":[[[95.364,27.1022],[95.3703,27.1016],[95.3704,27.0941],[95.387,27.0843],[95.3851,27.0644],[95.3888,27.0447],[95.3698,27.0395],[95.3602,27.0327],[95.3757,27.0179],[95.3772,27.0088],[95.3681,26.9355],[95.3767,26.9251],[95.3791,26.9127],[95.4066,26.8857],[95.414,26.8857],[95.4404,26.8672],[95.4718,26.8679],[95.5048,26.8767],[95.4965,26.8178],[95.5057,26.7996],[95.505,26.7925],[95.4842,26.7571],[95.4828,26.7471],[95.4735,26.7414],[95.4671,26.7447],[95.4591,26.7439],[95.4462,26.7268],[95.4321,26.7163],[95.4314,26.7007],[95.4175,26.6942],[95.403,26.695],[95.4011,26.6893],[95.3948,26.6853],[95.3738,26.6841],[95.3605,26.671],[95.3467,26.6753],[95.3358,26.6745],[95.3273,26.6686],[95.3266,26.6648],[95.3136,26.6627],[95.304,26.651],[95.2743,26.6586],[95.2595,26.6553],[95.2566,26.6614],[95.2571,26.6762],[95.2492,26.6837],[95.2322,26.6822],[95.23,26.6911],[95.2324,26.7062],[95.2125,26.7294],[95.2174,26.7415],[95.2165,26.754],[95.2296,26.7661],[95.2281,26.7718],[95.2414,26.7815],[95.2181,26.7877],[95.2116,26.7926],[95.2034,26.8059],[95.1956,26.8342],[95.2052,26.845],[95.1922,26.8439],[95.1824,26.854],[95.1811,26.8592],[95.2031,26.8722],[95.2095,26.8799],[95.2266,26.88],[95.2305,26.8852],[95.228,26.8927],[95.2306,26.9149],[95.2223,26.9288],[95.2138,26.9286],[95.2112,26.9314],[95.206,26.9511],[95.2102,26.9532],[95.2035,26.9571],[95.2118,26.9648],[95.202,26.9767],[95.2068,26.9771],[95.192,26.9845],[95.197,27.0008],[95.1925,27.0352],[95.1948,27.0312],[95.1967,27.037],[95.2047,27.0377],[95.2053,27.0324],[95.2107,27.0285],[95.2235,27.0361],[95.2303,27.0357],[95.2293,27.0415],[95.2322,27.0428],[95.233,27.0375],[95.2395,27.0364],[95.2464,27.0238],[95.259,27.0303],[95.2601,27.0355],[95.2771,27.0424],[95.2763,27.0522],[95.2918,27.0665],[95.3548,27.1039],[95.3687,27.1071],[95.364,27.1022]]]}},{"type":"Feature","bbox":[95.32,27.8797,96.3636,28.5556],"properties":{"kind":"district","district":"Lower Dibang Valley"},"geometry":{"type":"Polygon","coordinates":[[[95.4587,28.5473],[95.4595,28.5416],[95.4675,28.5367],[95.4765,28.5373],[95.4937,28.531],[95.4999,28.5186],[95.5157,28.5216],[95.5216,28.5181],[95.5259,28.5128],[95.5233,28.5036],[95.5393,28.496],[95.5544,28.5047],[95.5606,28.5052],[95.5891,28.4846],[95.587,28.4786],[95.59,28.4675],[95.5767,28.4519],[95.5813,28.4323],[95.5759,28.4299],[95.5637,28.4061],[95.5642,28.3997],[95.5685,28.4],[95.5733,28.3904],[95.5875,28.3817],[95.5885,28.377],[95.5854,28.3738],[95.5906,28.3712],[95.6052,28.3783],[95.6085,28.3748],[95.6265,28.3793],[95.6358,28.374],[95.6389,28.3677],[95.6623,28.3669],[95.679,28.3706],[95.6835,28.3639],[95.6922,28.3597],[95.6907,28.3505],[95.6944,28.343],[95.7066,28.3474],[95.7233,28.3449],[95.7356,28.341],[95.7374,28.3282],[95.744,28.3203],[95.7476,28.3191],[95.7549,28.3278],[95.7597,28.3261],[95.7645,28.3175],[95.7959,28.3156],[95.833,28.2747],[95.8766,28.3019],[95.8742,28.3062],[95.8805,28.3148],[95.8756,28.3252],[95.8657,28.3293],[95.8632,28.3366],[95.8481,28.3411],[95.8397,28.3506],[95.8433,28.3579],[95.8402,28.366],[95.8419,28.373],[95.845,28.3802],[95.852,28.3838],[95.8611,28.4021],[95.9083,28.4233],[95.9157,28.4396],[95.9136,28.4451],[95.9253,28.4519],[95.9262,28.4583],[95.9512,28.4671],[95.9563,28.4725],[95.9725,28.4766],[95.9719,28.4825],[95.9772,28.494],[95.9874,28.496],[95.9921,28.5043],[96.0086,28.5127],[96.0361,28.499],[96.0639,28.5026],[96.1032,28.489],[96.1163,28.489],[96.1175,28.5025],[96.1205,28.506],[96.1249,28.5055],[96.1275,28.5106],[96.1551,28.5137],[96.1618,28.5105],[96.168,28.5133],[96.1693,28.5186],[96.1635,28.5254],[96.1667,28.5344],[96.1707,28.5343],[96.1868,28.527],[96.1929,28.5291],[96.1994,28.5233],[96.2153,28.5204],[96.2341,28.5017],[96.2353,28.4962],[96.24,28.4975],[96.2564,28.4907],[96.2846,28.4957],[96.2894,28.4993],[96.2939,28.498],[96.3033,28.4921],[96.302,28.4805],[96.3103,28.4706],[96.3244,28.4899],[96.3277,28.5185],[96.3515,28.5038],[96.3636,28.4875],[96.3621,28.4803],[96.3495,28.4673],[96.3255,28.4547],[96.3157,28.4441],[96.2776,28.4239],[96.2534,28.407],[96.2906,28.3997],[96.301,28.3928],[96.3072,28.3825],[96.2965,28.3666],[96.2905,28.3446],[96.2668,28.3303],[96.2553,28.3091],[96.2382,28.2995],[96.2679,28.2389],[96.2302,28.2387],[96.2155,28.2309],[96.2034,28.222],[96.1905,28.2066],[96.1747,28.1966],[96.1684,28.187],[96.1439,28.1752],[96.142,28.1699],[96.1177,28.1779],[96.1046,28.1896],[96.0974,28.1917],[96.0828,28.1893],[96.0517,28.1972],[96.0416,28.1913],[96.019,28.1925],[96.0101,28.1949],[96.0041,28.2014],[95.999,28.2014],[95.9875,28.1927],[95.9825,28.1793],[95.9822,28.1643],[95.9699,28.1523],[95.9707,28.1425],[95.9657,28.1357],[95.96,28.1147],[95.9616,28.1059],[95.9754,28.0923],[95.9753,28.0717],[95.9904,28.0392],[95.9875,28.0004],[95.9913,27.9747],[95.9831,27.9667],[95.9718,27.9622],[95.8239,27.9715],[95.6053,27.9546],[95.5937,27.9468],[95.5861,27.9367],[95.576,27.9397],[95.5686,27.9359],[95.5635,27.9193],[95.5447,27.9108],[95.5422,27.9063],[95.5443,27.8998],[95.5399,27.8965],[95.534,27.8981],[95.5223,27.883],[95.5153,27.8797],[95.5183,27.8863],[95.5147,27.912],[95.4987,27.9462],[95.5,27.9518],[95.5067,27.9686],[95.5334,27.9902],[95.5442,28.018],[95.5582,28.0353],[95.5675,28.0785],[95.5692,28.1313],[95.5596,28.168],[95.5637,28.2549],[95.552,28.2642],[95.5485,28.2754],[95.5417,28.2753],[95.5354,28.2862],[95.5116,28.274],[95.4921,28.2706],[95.4858,28.2722],[95.4655,28.2592],[95.4612,28.2651],[95.4604,28.2788],[95.4497,28.2897],[95.4458,28.3045],[95.435,28.3145],[95.3971,28.3148],[95.3852,28.308],[95.3751,28.3196],[95.3766,28.3338],[95.3695,28.339],[95.3685,28.3566],[95.3575,28.3577],[95.3379,28.3658],[95.3379,28.4059],[95.3278,28.4183],[95.3233,28.4191],[95.32,28.4258],[95.3387,28.4389],[95.3346,28.4522],[95.3366,28.4769],[95.3531,28.4901],[95.366,28.492],[95.3768,28.5082],[95.3926,28.5122],[95.3926,28.5291],[95.4113,28.5508],[95.4268,28.5452],[95.4478,28.5556],[95.4587,28.5473]]]}},{"type":"Feature","bbox":[94.2104,27.5552,95.1364,28.0504],"properties":{"kind":"district","district":"Lower Siang"},"geometry":{"type":"Polygon","coordinates":[[[95.0674,28.0234],[95.0738,27.9905],[95.0857,27.981],[95.0891,27.9677],[95.0881,27.952],[95.0753,27.9401],[95.0719,27.916],[95.0858,27.9099],[95.1207,27.9035],[95.1152,27.8568],[95.1228,27.8482],[95.1364,27.8156],[94.8523,27.7276],[94.8478,27.7056],[94.841,27.7006],[94.8208,27.6921],[94.7937,27.6952],[94.789,27.6852],[94.7787,27.6797],[94.7692,27.6795],[94.7609,27.665],[94.7543,27.6605],[94.7414,27.6599],[94.729,27.6645],[94.7251,27.669],[94.7205,27.6669],[94.716,27.6575],[94.709,27.6566],[94.7005,27.6615],[94.6909,27.6617],[94.6879,27.6651],[94.6838,27.6602],[94.6867,27.651],[94.6827,27.6459],[94.6627,27.6453],[94.6467,27.6381],[94.6414,27.6294],[94.6332,27.6242],[94.6235,27.6278],[94.6066,27.6186],[94.6029,27.6212],[94.6,27.6182],[94.5875,27.6185],[94.5741,27.6038],[94.5622,27.6049],[94.5553,27.6008],[94.5446,27.601],[94.536,27.5925],[94.5321,27.5946],[94.5296,27.5914],[94.522,27.5914],[94.5215,27.5846],[94.5025,27.5774],[94.499,27.5722],[94.4778,27.5761],[94.4617,27.5552],[94.4564,27.5598],[94.4513,27.5718],[94.4333,27.5884],[94.4317,27.6003],[94.4185,27.5975],[94.4016,27.585],[94.3914,27.5886],[94.3819,27.5816],[94.3765,27.5824],[94.3668,27.5743],[94.3507,27.5771],[94.3449,27.5821],[94.337,27.5792],[94.3336,27.5866],[94.3243,27.5846],[94.3228,27.5886],[94.3093,27.5908],[94.2983,27.6019],[94.2898,27.5962],[94.2883,27.5893],[94.2776,27.5893],[94.2725,27.6029],[94.2564,27.6105],[94.2543,27.6142],[94.2609,27.6181],[94.2606,27.6219],[94.2656,27.6242],[94.2674,27.6295],[94.2617,27.6359],[94.2515,27.6376],[94.2485,27.634],[94.237,27.6324],[94.2184,27.608],[94.2104,27.6084],[94.2311,27.6377],[94.2669,27.6658],[94.3024,27.6847],[94.322,27.703],[94.3517,27.7143],[94.3555,27.7192],[94.356,27.7288],[94.3491,27.7302],[94.3386,27.7252],[94.3142,27.739],[94.3101,27.7452],[94.3136,27.7687],[94.3171,27.774],[94.3325,27.7578],[94.3467,27.7641],[94.3849,27.7942],[94.4023,27.7925],[94.418,27.8064],[94.44,27.811],[94.4435,27.8229],[94.4483,27.8252],[94.4612,27.8251],[94.4695,27.8328],[94.4832,27.8361],[94.5038,27.8363],[94.5336,27.8499],[94.5592,27.8562],[94.5772,27.856],[94.5891,27.8616],[94.5948,27.8708],[94.6318,27.8667],[94.646,27.8501],[94.6853,27.8405],[94.7174,27.8251],[94.7241,27.7949],[94.746,27.773],[94.7688,27.7739],[94.809,27.7858],[94.8388,27.8037],[94.8992,27.8226],[94.8984,27.8281],[94.9068,27.8354],[94.9015,27.8381],[94.9018,27.841],[94.923,27.8516],[94.9258,27.8566],[94.9237,27.8624],[94.9058,27.8611],[94.9017,27.8776],[94.8952,27.8851],[94.8877,27.8871],[94.884,27.8949],[94.8771,27.8957],[94.8776,27.903],[94.8718,27.9067],[94.8659,27.9179],[94.8733,27.9347],[94.8842,27.9434],[94.885,27.9501],[94.8942,27.9538],[94.8933,27.9588],[94.8998,27.9716],[94.8807,28.0],[94.8922,28.0007],[94.8945,28.008],[94.8999,28.0098],[94.9086,28.0198],[94.9039,28.0259],[94.9057,28.0288],[94.9235,28.0417],[94.9294,28.0504],[94.9622,28.0413],[95.0346,28.0331],[95.0674,28.0234]]]}},{"type":"Feature","bbox":[93.531,27.2915,93.9633,27.919],"properties":{"kind":"district","district":"Lower Subansiri"},"geometry":{"type":"Polygon","coordinates":[[[93.7959,27.919],[93.8392,27.887],[93.8835,27.9156],[93.8838,27.9116],[93.9045,27.8956],[93.9029,27.8922],[93.9151,27.8804],[93.9421,27.8762],[93.9523,27.8646],[93.9386,27.8431],[93.9373,27.8312],[93.9299,27.8267],[93.9185,27.8082],[93.9095,27.8055],[93.9002,27.7978],[93.8809,27.7999],[93.8944,27.7853],[93.9088,27.7845],[93.9159,27.7808],[93.9054,27.7611],[93.9074,27.7429],[93.9222,27.747],[93.9261,27.7453],[93.9388,27.7131],[93.9359,27.7041],[93.9267,27.6958],[93.929,27.6862],[93.9344,27.6803],[93.9316,27.6742],[93.9362,27.666],[93.9301,27.6376],[93.9345,27.6315],[93.9348,27.6068],[93.9424,27.6034],[93.9515,27.6038],[93.9633,27.5833],[93.9533,27.5667],[93.9481,27.548],[93.9273,27.5275],[93.9355,27.5068],[93.9261,27.4906],[93.9183,27.4874],[93.9149,27.4786],[93.9036,27.465],[93.8822,27.4575],[93.8747,27.4583],[93.8727,27.445],[93.8403,27.4255],[93.8344,27.4135],[93.815,27.3915],[93.8141,27.3825],[93.825,27.3775],[93.8301,27.3582],[93.8491,27.3486],[93.8462,27.3381],[93.8483,27.3334],[93.8295,27.3226],[93.8184,27.329],[93.7992,27.3179],[93.7755,27.2963],[93.7666,27.2959],[93.7597,27.3029],[93.7424,27.3104],[93.7177,27.2972],[93.7028,27.2984],[93.7034,27.3012],[93.6969,27.3068],[93.6926,27.3032],[93.6861,27.3062],[93.6477,27.2915],[93.6379,27.2931],[93.6224,27.3015],[93.6211,27.312],[93.6094,27.3226],[93.5886,27.3278],[93.5838,27.3367],[93.5908,27.3447],[93.5944,27.3442],[93.5966,27.3492],[93.5883,27.355],[93.5876,27.3641],[93.5758,27.3834],[93.5751,27.3935],[93.5631,27.3879],[93.5511,27.402],[93.5605,27.4155],[93.5602,27.4202],[93.575,27.436],[93.5729,27.4374],[93.5832,27.4391],[93.5869,27.4422],[93.5855,27.4457],[93.5963,27.4503],[93.606,27.4484],[93.6119,27.4507],[93.6234,27.4647],[93.6103,27.4669],[93.5881,27.4637],[93.5705,27.4736],[93.5736,27.4844],[93.5854,27.4965],[93.5821,27.5027],[93.5854,27.5138],[93.5779,27.5231],[93.5673,27.529],[93.5671,27.5369],[93.5546,27.5532],[93.5528,27.5622],[93.5449,27.5637],[93.5335,27.5742],[93.531,27.5851],[93.5328,27.5981],[93.5469,27.5977],[93.5564,27.6035],[93.5681,27.5994],[93.5987,27.6115],[93.6065,27.6178],[93.6125,27.6282],[93.6204,27.6282],[93.645,27.6462],[93.6616,27.6464],[93.6809,27.6686],[93.7064,27.6693],[93.7147,27.6811],[93.7355,27.6859],[93.7413,27.7],[93.7614,27.7031],[93.7687,27.7083],[93.7711,27.7138],[93.7673,27.729],[93.7727,27.7357],[93.7733,27.7511],[93.7696,27.7686],[93.7404,27.7674],[93.7188,27.7543],[93.6993,27.7583],[93.6864,27.755],[93.6893,27.76],[93.6857,27.7673],[93.6735,27.7782],[93.665,27.7798],[93.6542,27.7953],[93.6577,27.7975],[93.6598,27.8109],[93.6748,27.8209],[93.6748,27.8267],[93.6804,27.8282],[93.6855,27.8352],[93.6796,27.8627],[93.6846,27.8655],[93.6922,27.8879],[93.7116,27.8899],[93.7225,27.897],[93.7335,27.8992],[93.7411,27.8971],[93.7612,27.9001],[93.7768,27.9127],[93.7878,27.9119],[93.7959,27.919]]]}},{"type":"Feature","bbox":[95.7528,27.5431,96.3011,27.8502],"properties":{"kind":"district","district":"Namsai"},"geometry":{"type":"Polygon","coordinates":[[[96.0232,27.8502],[96.0662,27.8402],[96.0868,27.8446],[96.1037,27.8421],[96.1096,27.8465],[96.1312,27.8388],[96.1407,27.8401],[96.1445,27.8369],[96.1569,27.8398],[96.1818,27.8366],[96.1875,27.8308],[96.2014,27.8063],[96.1957,27.7517],[96.2097,27.7347],[96.2086,27.713],[96.2176,27.707],[96.2241,27.6972],[96.2357,27.6953],[96.2405,27.6853],[96.2462,27.6817],[96.2458,27.6743],[96.2518,27.6609],[96.2654,27.651],[96.2648,27.647],[96.277,27.6368],[96.2811,27.6159],[96.2786,27.609],[96.2703,27.6048],[96.2704,27.6021],[96.2972,27.5743],[96.3011,27.5735],[96.3008,27.5642],[96.289,27.5554],[96.276,27.559],[96.2685,27.5578],[96.2643,27.5633],[96.2427,27.5636],[96.2373,27.5672],[96.2248,27.5682],[96.2158,27.5772],[96.1969,27.5831],[96.1924,27.5883],[96.1818,27.5901],[96.17,27.5979],[96.1402,27.6071],[96.1328,27.6064],[96.1304,27.6093],[96.1349,27.6118],[96.1332,27.6151],[96.1258,27.6196],[96.0615,27.6063],[96.0535,27.5929],[96.0019,27.5567],[95.9987,27.5596],[95.8737,27.547],[95.8609,27.5431],[95.8418,27.5615],[95.8334,27.56],[95.8234,27.5745],[95.8143,27.5742],[95.8119,27.5832],[95.8185,27.5954],[95.8158,27.5987],[95.791,27.5992],[95.7903,27.6117],[95.78,27.6166],[95.7785,27.624],[95.7894,27.6265],[95.7883,27.6348],[95.7954,27.6384],[95.7958,27.6417],[95.7743,27.6508],[95.7704,27.6577],[95.7754,27.6744],[95.7905,27.6801],[95.7829,27.6872],[95.7733,27.6849],[95.7676,27.6873],[95.7638,27.6938],[95.7646,27.6997],[95.768,27.7021],[95.7629,27.709],[95.765,27.7148],[95.7537,27.7187],[95.7528,27.7247],[95.8048,27.736],[95.8291,27.7532],[95.8976,27.7903],[96.0232,27.8502]]]}},{"type":"Feature","bbox":[92.5903,26.9134,93.3896,27.3901],"properties":{"kind":"district","district":"Pakke Kessang"},"geometry":{"type":"Polygon","coordinates":[[[93.2207,27.3791],[93.2196,27.369],[93.2108,27.3511],[93.2193,27.3502],[93.2285,27.3444],[93.243,27.3437],[93.2481,27.3406],[93.2523,27.3315],[93.2909,27.3238],[93.2952,27.3084],[93.2928,27.3056],[93.2944,27.2905],[93.2694,27.2768],[93.2579,27.2746],[93.2513,27.2662],[93.2251,27.2506],[93.2334,27.2389],[93.2245,27.2369],[93.2224,27.2283],[93.2258,27.2229],[93.2199,27.2155],[93.2212,27.2035],[93.2287,27.1986],[93.273,27.2111],[93.2999,27.1869],[93.2997,27.1797],[93.3094,27.1723],[93.2943,27.1633],[93.2832,27.163],[93.2701,27.1538],[93.2449,27.1541],[93.2289,27.1406],[93.2161,27.1388],[93.2107,27.1309],[93.2129,27.1166],[93.2294,27.1096],[93.2424,27.1114],[93.272,27.1035],[93.2961,27.0763],[93.3125,27.0793],[93.3229,27.0619],[93.3292,27.0582],[93.3387,27.0401],[93.3428,27.0382],[93.3401,27.0322],[93.3428,27.0239],[93.3408,27.0166],[93.3441,27.0108],[93.3394,27.0068],[93.3397,27.0011],[93.3606,26.9818],[93.3852,26.9835],[93.386,26.9806],[93.3798,26.9784],[93.3803,26.9746],[93.3866,26.9723],[93.3896,26.9582],[93.3241,26.9601],[93.2617,26.9535],[93.1074,26.9258],[93.0882,26.9144],[93.0627,26.9223],[93.0219,26.9134],[92.9819,26.936],[92.9171,26.9629],[92.9155,26.9739],[92.9184,26.9823],[92.8891,26.9986],[92.8389,27.0048],[92.7935,27.0228],[92.7784,27.0228],[92.7632,27.0273],[92.7532,27.0228],[92.733,27.0227],[92.7229,27.0182],[92.7128,27.0227],[92.6977,27.0227],[92.6927,27.0272],[92.6725,27.0316],[92.6454,26.9879],[92.6445,27.0087],[92.6355,27.0239],[92.6239,27.0287],[92.5978,27.0529],[92.5903,27.079],[92.6003,27.0971],[92.5943,27.1046],[92.6019,27.1081],[92.6017,27.1198],[92.607,27.1255],[92.6081,27.1402],[92.6247,27.1488],[92.6324,27.1475],[92.65,27.1519],[92.6881,27.1657],[92.6973,27.1726],[92.7168,27.1759],[92.7466,27.1943],[92.7647,27.1957],[92.7817,27.181],[92.8076,27.179],[92.8286,27.1616],[92.8303,27.1568],[92.8456,27.162],[92.8561,27.1592],[92.8595,27.1546],[92.8659,27.1556],[92.873,27.1503],[92.8928,27.1529],[92.9147,27.168],[92.9364,27.1776],[92.9671,27.1758],[92.9891,27.1702],[92.9984,27.1761],[93.0053,27.1916],[92.9927,27.2012],[92.9927,27.2055],[92.9818,27.2104],[92.9818,27.2201],[92.9871,27.2314],[92.9813,27.2469],[92.9731,27.2505],[92.968,27.261],[92.9767,27.2705],[92.9879,27.2769],[92.9997,27.2774],[93.0096,27.2738],[93.0218,27.2853],[93.0341,27.2868],[93.0408,27.2932],[93.0643,27.3008],[93.0833,27.312],[93.1031,27.332],[93.1047,27.3418],[93.1152,27.353],[93.1181,27.3613],[93.134,27.374],[93.1669,27.3679],[93.1823,27.3827],[93.2018,27.38],[93.1993,27.3896],[93.2013,27.3901],[93.2207,27.3791]]]}},{"type":"Feature","bbox":[93.2107,26.9362,94.207,27.6332],"properties":{"kind":"district","district":"Papum Pare"},"geometry":{"type":"Polygon","coordinates":[[[93.7959,27.1323],[93.7893,27.1246],[93.7632,27.1282],[93.7477,27.1222],[93.7378,27.1344],[93.718,27.1324],[93.7025,27.1425],[93.6913,27.1797],[93.6818,27.1749],[93.6732,27.1757],[93.639,27.1906],[93.5969,27.1807],[93.5326,27.1849],[93.5212,27.1785],[93.4949,27.1723],[93.5067,27.1328],[93.5224,27.115],[93.5345,27.0907],[93.5456,27.0804],[93.5491,27.0582],[93.5388,27.038],[93.543,27.0273],[93.5537,27.0196],[93.5745,27.0237],[93.5947,27.0356],[93.6863,27.06],[93.7059,27.0701],[93.7347,27.0915],[93.7918,27.1043],[93.8263,27.1093],[93.8264,27.0979],[93.8315,27.0868],[93.8378,27.0854],[93.8332,27.0816],[93.8357,27.0743],[93.8292,27.0668],[93.822,27.0678],[93.815,27.0615],[93.8104,27.0673],[93.8084,27.0659],[93.8114,27.0589],[93.8034,27.0581],[93.7938,27.0723],[93.793,27.0683],[93.8002,27.0579],[93.7952,27.057],[93.7944,27.0619],[93.7938,27.0545],[93.7894,27.0506],[93.7835,27.0517],[93.7827,27.0647],[93.7783,27.0489],[93.7709,27.062],[93.7719,27.0541],[93.7667,27.0529],[93.7674,27.0394],[93.7234,27.0208],[93.6937,26.989],[93.6673,26.9695],[93.6147,26.9603],[93.5867,26.9505],[93.5449,26.9512],[93.5211,26.9477],[93.4891,26.9362],[93.4863,26.9423],[93.4706,26.9366],[93.4625,26.9379],[93.4488,26.9508],[93.3896,26.9582],[93.3866,26.9723],[93.3803,26.9746],[93.3798,26.9784],[93.386,26.9806],[93.3852,26.9835],[93.3606,26.9818],[93.3463,26.9924],[93.339,27.0035],[93.3441,27.0108],[93.3408,27.0166],[93.3428,27.0239],[93.3401,27.0322],[93.3428,27.0382],[93.3387,27.0401],[93.3292,27.0582],[93.3229,27.0619],[93.3125,27.0793],[93.2994,27.0761],[93.2931,27.0778],[93.2856,27.0854],[93.2843,27.0919],[93.272,27.1035],[93.2593,27.1081],[93.2424,27.1114],[93.2294,27.1096],[93.2155,27.1142],[93.2107,27.1309],[93.2161,27.1388],[93.2289,27.1406],[93.2449,27.1541],[93.2701,27.1538],[93.2832,27.163],[93.2943,27.1633],[93.3094,27.1723],[93.2997,27.1797],[93.2999,27.1869],[93.273,27.2111],[93.2287,27.1986],[93.2212,27.2035],[93.2199,27.2155],[93.2258,27.2229],[93.2224,27.2283],[93.2245,27.2369],[93.2334,27.2389],[93.2251,27.2506],[93.2513,27.2662],[93.2579,27.2746],[93.2694,27.2768],[93.2944,27.2905],[93.2947,27.3121],[93.2917,27.3138],[93.2895,27.3293],[93.3001,27.3343],[93.3068,27.3443],[93.322,27.3524],[93.3394,27.3551],[93.3719,27.3713],[93.368,27.3794],[93.3728,27.3869],[93.3681,27.4164],[93.3382,27.433],[93.3302,27.4437],[93.3151,27.4432],[93.3243,27.4516],[93.3268,27.4627],[93.3222,27.4682],[93.3199,27.4893],[93.3159,27.4918],[93.3123,27.5038],[93.305,27.5058],[93.3002,27.5195],[93.2946,27.523],[93.3162,27.5338],[93.3189,27.5441],[93.3291,27.5489],[93.3301,27.5545],[93.3216,27.5655],[93.3116,27.567],[93.2998,27.5784],[93.2814,27.5782],[93.2849,27.5872],[93.2695,27.5952],[93.2783,27.5968],[93.2788,27.6007],[93.2823,27.5993],[93.3036,27.6188],[93.3408,27.6332],[93.3502,27.6297],[93.3589,27.631],[93.379,27.6208],[93.4066,27.6297],[93.4134,27.6308],[93.4213,27.6276],[93.4304,27.6305],[93.4397,27.6233],[93.4466,27.6239],[93.4524,27.6167],[93.4619,27.6139],[93.4681,27.6043],[93.4966,27.6104],[93.5055,27.6153],[93.5262,27.6096],[93.534,27.5937],[93.531,27.5851],[93.5335,27.5742],[93.5449,27.5637],[93.5528,27.5622],[93.5546,27.5532],[93.5671,27.5369],[93.5673,27.529],[93.5779,27.5231],[93.5854,27.5138],[93.5821,27.5027],[93.5854,27.4965],[93.5736,27.4844],[93.5705,27.4736],[93.5881,27.4637],[93.6103,27.4669],[93.6234,27.4647],[93.6119,27.4507],[93.606,27.4484],[93.5963,27.4503],[93.5855,27.4457],[93.5869,27.4422],[93.5832,27.4391],[93.5729,27.4374],[93.575,27.436],[93.5602,27.4202],[93.5605,27.4155],[93.5511,27.402],[93.5631,27.3879],[93.5751,27.3935],[93.5758,27.3834],[93.5876,27.3641],[93.5883,27.355],[93.5966,27.3492],[93.5944,27.3442],[93.5908,27.3447],[93.5838,27.3367],[93.5886,27.3278],[93.6094,27.3226],[93.6211,27.312],[93.6224,27.3015],[93.6379,27.2931],[93.6477,27.2915],[93.6861,27.3062],[93.6926,27.3032],[93.698,27.3067],[93.7028,27.2984],[93.7177,27.2972],[93.7424,27.3104],[93.7597,27.3029],[93.7666,27.2959],[93.7755,27.2963],[93.7992,27.3179],[93.8184,27.329],[93.8295,27.3226],[93.8472,27.3326],[93.8491,27.3486],[93.8301,27.3582],[93.825,27.3775],[93.8141,27.3825],[93.815,27.3915],[93.8344,27.4135],[93.8403,27.4255],[93.8727,27.445],[93.8747,27.4583],[93.8822,27.4575],[93.9036,27.465],[93.9229,27.4912],[93.9366,27.4879],[93.9448,27.4952],[93.9801,27.503],[94.0105,27.5016],[94.0492,27.4953],[94.0879,27.4952],[94.1697,27.5429],[94.1919,27.544],[94.207,27.5353],[94.2025,27.4945],[94.1893,27.4924],[94.1762,27.4822],[94.1567,27.4749],[94.1594,27.4616],[94.1315,27.4409],[94.1277,27.4346],[94.1179,27.4297],[94.1049,27.414],[94.0896,27.407],[94.0758,27.3897],[94.0692,27.3735],[94.0598,27.3615],[94.0309,27.3484],[94.0303,27.3457],[94.0219,27.3456],[93.9913,27.3283],[93.9282,27.2642],[93.8994,27.2391],[93.8642,27.1962],[93.8387,27.1723],[93.8253,27.1685],[93.8053,27.1481],[93.8054,27.1371],[93.796,27.1376],[93.7959,27.1323]]]}},{"type":"Feature","bbox":[93.9677,28.3358,94.561,29.0372],"properties":{"kind":"district","district":"Shi Yomi"},"geometry":{"type":"Polygon","coordinates":[[[94.4504,28.6155],[94.4572,28.5913],[94.481,28.6002],[94.5134,28.5964],[94.5362,28.5888],[94.5419,28.5774],[94.5381,28.5336],[94.5438,28.5127],[94.56,28.4965],[94.561,28.4898],[94.5429,28.4813],[94.5448,28.4687],[94.5118,28.4664],[94.5004,28.4607],[94.4968,28.4128],[94.4854,28.3958],[94.4462,28.4036],[94.4347,28.3736],[94.4133,28.3579],[94.4016,28.3386],[94.3861,28.3358],[94.3728,28.3442],[94.3709,28.3517],[94.3297,28.3578],[94.3221,28.3686],[94.3086,28.3755],[94.3018,28.3959],[94.3085,28.4169],[94.2965,28.4227],[94.2928,28.4287],[94.2676,28.4322],[94.2418,28.4467],[94.2368,28.4418],[94.2368,28.4335],[94.2316,28.4281],[94.2192,28.4362],[94.1846,28.4294],[94.1733,28.435],[94.1626,28.4323],[94.1519,28.4361],[94.1392,28.4444],[94.1328,28.4514],[94.1264,28.467],[94.1149,28.4757],[94.1114,28.4891],[94.1056,28.4975],[94.1091,28.5031],[94.1088,28.5213],[94.0969,28.536],[94.0807,28.5343],[94.058,28.5495],[94.0497,28.5511],[94.0014,28.5777],[94.0062,28.6217],[94.0234,28.6512],[94.0156,28.6685],[94.0042,28.6746],[93.9677,28.7073],[93.9712,28.7153],[93.973,28.7432],[94.0103,28.7728],[94.0105,28.7788],[93.9867,28.8038],[94.0025,28.8227],[94.0072,28.8407],[94.0134,28.8451],[94.0366,28.8511],[94.0537,28.8726],[94.0747,28.8909],[94.1499,28.944],[94.1645,28.9575],[94.1701,28.9716],[94.1766,29.007],[94.1916,29.0372],[94.3428,28.9838],[94.3676,28.9565],[94.3957,28.9321],[94.3785,28.892],[94.3827,28.8784],[94.3946,28.854],[94.4124,28.8373],[94.4237,28.8129],[94.4362,28.8099],[94.4427,28.7772],[94.4338,28.7641],[94.4341,28.7548],[94.4436,28.7462],[94.4588,28.7186],[94.4769,28.7053],[94.4845,28.691],[94.4807,28.6653],[94.4675,28.6259],[94.4504,28.6155]]]}},{"type":"Feature","bbox":[94.3785,28.0234,95.2421,28.9321],"properties":{"kind":"district","district":"Siang"},"geometry":{"type":"Polygon","coordinates":[[[95.2223,28.1528],[95.2208,28.1347],[95.2243,28.1247],[95.2129,28.1124],[95.2252,28.1007],[95.224,28.0874],[95.2267,28.0823],[95.2194,28.0719],[95.22,28.0673],[95.2237,28.0597],[95.2339,28.0602],[95.2401,28.0569],[95.2421,28.0531],[95.2385,28.0474],[95.2239,28.0481],[95.2172,28.0563],[95.177,28.0481],[95.1151,28.0242],[95.0674,28.0234],[95.0346,28.0331],[94.9622,28.0413],[94.9294,28.0504],[94.9243,28.0532],[94.9214,28.0598],[94.9083,28.0672],[94.9031,28.0784],[94.9139,28.0868],[94.9145,28.0914],[94.9288,28.0927],[94.9331,28.1051],[94.9438,28.1163],[94.9434,28.1207],[94.934,28.1216],[94.9279,28.127],[94.918,28.127],[94.8981,28.1478],[94.8995,28.178],[94.8754,28.2053],[94.8687,28.2084],[94.8713,28.2168],[94.8366,28.2193],[94.8005,28.186],[94.7748,28.1869],[94.748,28.2067],[94.7563,28.2357],[94.7552,28.2576],[94.7325,28.2576],[94.7201,28.2804],[94.6859,28.2804],[94.6802,28.3014],[94.6716,28.3156],[94.6745,28.3537],[94.6811,28.3623],[94.6688,28.3985],[94.6583,28.4004],[94.625,28.3842],[94.6097,28.3823],[94.5831,28.3851],[94.4972,28.4178],[94.5004,28.4607],[94.5118,28.4664],[94.5448,28.4687],[94.5429,28.4813],[94.561,28.4898],[94.56,28.4965],[94.5438,28.5127],[94.5381,28.5336],[94.5419,28.5774],[94.5362,28.5888],[94.5134,28.5964],[94.481,28.6002],[94.4572,28.5913],[94.4504,28.6155],[94.4675,28.6259],[94.4807,28.6653],[94.4845,28.691],[94.4769,28.7053],[94.4588,28.7186],[94.4436,28.7462],[94.4341,28.7548],[94.4338,28.7641],[94.4427,28.7772],[94.4362,28.8099],[94.4237,28.8129],[94.4124,28.8373],[94.3946,28.854],[94.3827,28.8784],[94.3785,28.892],[94.3957,28.9321],[94.48,28.8584],[94.5171,28.8365],[94.5153,28.8208],[94.5254,28.8115],[94.5616,28.8102],[94.5923,28.7918],[94.6078,28.797],[94.6202,28.7938],[94.6333,28.7842],[94.634,28.7666],[94.6967,28.7283],[94.7456,28.6863],[94.7478,28.6651],[94.7445,28.6108],[94.7467,28.5879],[94.7602,28.5599],[94.7807,28.5566],[94.7659,28.5486],[94.789,28.557],[94.804,28.5729],[94.8265,28.5766],[94.8414,28.5745],[94.8488,28.5659],[94.8621,28.5614],[94.8636,28.5546],[94.8747,28.5473],[94.8834,28.555],[94.9014,28.5627],[94.9176,28.5625],[94.9254,28.5681],[94.9309,28.5799],[94.9437,28.5818],[94.95,28.5795],[94.9499,28.575],[94.9562,28.572],[94.9575,28.5663],[94.9652,28.5582],[94.9762,28.5567],[94.9838,28.5645],[94.9919,28.5629],[95.0011,28.5518],[95.0122,28.5511],[95.0167,28.5443],[95.0184,28.5313],[95.015,28.5219],[95.0479,28.5258],[95.0545,28.5343],[95.0784,28.5289],[95.0774,28.5153],[95.08,28.5081],[95.1007,28.4975],[95.1001,28.4886],[95.093,28.4761],[95.102,28.4576],[95.0899,28.4478],[95.0885,28.4324],[95.0657,28.4134],[95.0753,28.4034],[95.0773,28.3951],[95.0689,28.3718],[95.0697,28.3631],[95.0615,28.3553],[95.0737,28.3397],[95.0863,28.3307],[95.103,28.3278],[95.1052,28.3098],[95.0962,28.2989],[95.103,28.2867],[95.094,28.2777],[95.0962,28.27],[95.1093,28.2536],[95.1096,28.2445],[95.1203,28.2254],[95.1385,28.2238],[95.1519,28.2159],[95.1629,28.2159],[95.168,28.2016],[95.1671,28.1876],[95.1924,28.1646],[95.2223,28.1528]]]}},{"type":"Feature","bbox":[91.5536,27.4501,92.4705,27.8721],"properties":{"kind":"district","district":"Tawang"},"geometry":{"type":"Polygon","coordinates":[[[92.3128,27.7885],[92.3581,27.7983],[92.3851,27.8006],[92.3878,27.8059],[92.3854,27.8172],[92.3898,27.8214],[92.423,27.8307],[92.432,27.821],[92.4505,27.8144],[92.4705,27.7835],[92.4654,27.7714],[92.4686,27.7652],[92.4567,27.7555],[92.4646,27.751],[92.4619,27.7423],[92.4468,27.7342],[92.4409,27.7394],[92.4359,27.7387],[92.4232,27.746],[92.4145,27.7465],[92.4132,27.7335],[92.4099,27.7268],[92.4047,27.724],[92.4088,27.7025],[92.4,27.6934],[92.3955,27.6775],[92.3891,27.6723],[92.3612,27.6634],[92.3325,27.6653],[92.3207,27.6598],[92.289,27.6528],[92.2662,27.6553],[92.2441,27.6681],[92.2389,27.6548],[92.2396,27.6431],[92.2441,27.6397],[92.2327,27.6347],[92.2182,27.6182],[92.2313,27.6031],[92.2308,27.5926],[92.2346,27.5895],[92.2346,27.5808],[92.2308,27.5728],[92.2095,27.5609],[92.2064,27.5642],[92.1947,27.5666],[92.1906,27.5742],[92.1683,27.5728],[92.1614,27.5601],[92.1484,27.5597],[92.1408,27.5424],[92.1322,27.5424],[92.1343,27.5333],[92.127,27.5223],[92.118,27.5193],[92.1158,27.5149],[92.1078,27.5143],[92.1112,27.5081],[92.1088,27.5033],[92.104,27.5038],[92.1013,27.4982],[92.0834,27.4936],[92.0487,27.4748],[92.026,27.4698],[92.0252,27.4561],[92.0219,27.4501],[92.0234,27.462],[92.0198,27.4774],[92.0163,27.4808],[92.007,27.4766],[91.9947,27.4785],[91.9891,27.4675],[91.9789,27.4633],[91.9728,27.4672],[91.9615,27.4607],[91.9534,27.46],[91.9436,27.4597],[91.9231,27.474],[91.8979,27.4712],[91.8877,27.4762],[91.8716,27.4708],[91.8691,27.4791],[91.8644,27.4829],[91.8608,27.4848],[91.8551,27.4821],[91.8486,27.4865],[91.8416,27.4768],[91.8253,27.4679],[91.8137,27.4744],[91.7982,27.4743],[91.7958,27.4709],[91.7808,27.466],[91.767,27.4648],[91.7681,27.4737],[91.763,27.475],[91.7522,27.4757],[91.7327,27.4694],[91.7146,27.4745],[91.7178,27.4851],[91.7136,27.4935],[91.6951,27.5053],[91.6592,27.4835],[91.6525,27.483],[91.645,27.502],[91.624,27.5141],[91.6139,27.5318],[91.6123,27.5437],[91.602,27.5406],[91.5937,27.5421],[91.589,27.5517],[91.5822,27.5568],[91.5834,27.5655],[91.5728,27.5737],[91.5719,27.5796],[91.566,27.5839],[91.5702,27.5945],[91.5844,27.6082],[91.5647,27.6258],[91.5622,27.6319],[91.5641,27.6414],[91.5731,27.6607],[91.5825,27.6625],[91.5938,27.6701],[91.5962,27.6798],[91.6043,27.6835],[91.6072,27.6908],[91.6285,27.6994],[91.63,27.7086],[91.6268,27.7158],[91.6319,27.7168],[91.6389,27.7358],[91.635,27.7469],[91.6419,27.7523],[91.6454,27.7634],[91.6448,27.77],[91.6378,27.7803],[91.6373,27.7941],[91.6338,27.796],[91.6351,27.8029],[91.6146,27.8219],[91.6004,27.8227],[91.5977,27.818],[91.5858,27.8173],[91.581,27.812],[91.5763,27.8119],[91.5726,27.8167],[91.566,27.8186],[91.567,27.8259],[91.5623,27.83],[91.5536,27.8514],[91.5579,27.8563],[91.5699,27.848],[91.5755,27.8643],[91.5849,27.8622],[91.5928,27.8541],[91.6023,27.8641],[91.6173,27.8566],[91.6294,27.8598],[91.6404,27.8554],[91.6632,27.853],[91.7013,27.8131],[91.7098,27.808],[91.7613,27.8],[91.7878,27.8078],[91.8124,27.8048],[91.8207,27.816],[91.8241,27.8145],[91.8308,27.7931],[91.8363,27.7852],[91.8507,27.7762],[91.852,27.7597],[91.859,27.7426],[91.8713,27.7381],[91.8779,27.7285],[91.8883,27.7262],[91.9037,27.7322],[91.9125,27.7309],[91.9213,27.7236],[91.9277,27.7226],[91.95,27.7374],[91.9577,27.7485],[91.9698,27.75],[91.9715,27.7569],[91.9935,27.7712],[92.0027,27.7723],[92.0433,27.7629],[92.0514,27.7639],[92.1095,27.8095],[92.1587,27.8396],[92.2187,27.8695],[92.2685,27.8721],[92.2775,27.8691],[92.2822,27.8619],[92.2912,27.8249],[92.302,27.802],[92.3128,27.7885]]]}},{"type":"Feature","bbox":[95.3602,26.7996,95.6951,27.2646],"properties":{"kind":"district","district":"Tirap"},"geometry":{"type":"Polygon","coordinates":[[[95.535,27.2617],[95.5454,27.2599],[95.5543,27.2485],[95.5742,27.244],[95.5773,27.2381],[95.5746,27.2344],[95.587,27.2233],[95.6038,27.2242],[95.619,27.2325],[95.6339,27.2303],[95.641,27.2087],[95.6407,27.193],[95.6477,27.1845],[95.6479,27.1595],[95.6402,27.1453],[95.626,27.1427],[95.6079,27.1333],[95.606,27.1227],[95.6141,27.1122],[95.6306,27.1049],[95.6348,27.0999],[95.6361,27.0909],[95.643,27.0889],[95.6392,27.0742],[95.6516,27.0543],[95.6418,27.0406],[95.6418,27.0351],[95.6367,27.0325],[95.6283,27.0198],[95.6277,27.0114],[95.6235,27.0061],[95.6275,26.9991],[95.6236,26.9895],[95.6142,26.9822],[95.6358,26.9766],[95.6475,26.9615],[95.6546,26.9669],[95.6581,26.9758],[95.6634,26.9745],[95.6666,26.9606],[95.6747,26.9493],[95.6803,26.9245],[95.6785,26.9213],[95.6951,26.8926],[95.6795,26.8957],[95.6751,26.9009],[95.667,26.9029],[95.6467,26.8845],[95.6446,26.8764],[95.6323,26.8737],[95.6342,26.868],[95.6268,26.862],[95.6295,26.8577],[95.627,26.8427],[95.6205,26.8312],[95.6126,26.8251],[95.6085,26.8129],[95.6,26.8115],[95.5864,26.8172],[95.5705,26.8159],[95.5648,26.8194],[95.5563,26.8324],[95.5431,26.8354],[95.536,26.8272],[95.5245,26.8221],[95.5223,26.8135],[95.5074,26.8088],[95.5057,26.7996],[95.4965,26.8178],[95.5048,26.8767],[95.4718,26.8679],[95.4404,26.8672],[95.414,26.8857],[95.4066,26.8857],[95.3791,26.9127],[95.3767,26.9251],[95.3681,26.9355],[95.3772,27.0088],[95.3757,27.0179],[95.3602,27.0327],[95.3698,27.0395],[95.3888,27.0447],[95.3851,27.0644],[95.387,27.0843],[95.3753,27.0931],[95.383,27.0982],[95.3838,27.1048],[95.3985,27.1087],[95.4206,27.1258],[95.4396,27.1259],[95.4447,27.1288],[95.4424,27.1314],[95.4444,27.1352],[95.4493,27.1346],[95.4494,27.1297],[95.4527,27.1292],[95.4568,27.1355],[95.4575,27.1441],[95.4622,27.1497],[95.4533,27.1573],[95.4655,27.1664],[95.4647,27.1722],[95.4595,27.1757],[95.4666,27.1816],[95.4602,27.1913],[95.4625,27.1944],[95.4559,27.2025],[95.4581,27.2098],[95.4644,27.2111],[95.4675,27.2183],[95.4724,27.2189],[95.4715,27.2227],[95.4775,27.2268],[95.4843,27.2412],[95.5047,27.2494],[95.5088,27.2619],[95.517,27.2575],[95.5255,27.2638],[95.5301,27.2645],[95.5316,27.261],[95.5345,27.2646],[95.535,27.2617]]]}},{"type":"Feature","bbox":[94.1916,28.1634,95.4096,29.3412],"properties":{"kind":"district","district":"Upper Siang"},"geometry":{"type":"Polygon","coordinates":[[[94.793,29.2153],[94.7964,29.199],[94.7935,29.1885],[94.7956,29.1734],[94.8041,29.1624],[94.8106,29.162],[94.8435,29.1743],[94.8787,29.175],[94.8939,29.1693],[94.9158,29.1521],[94.9584,29.1564],[94.9883,29.1375],[95.0136,29.1302],[95.0224,29.1339],[95.0121,29.1469],[94.9816,29.1516],[94.9753,29.1565],[94.973,29.1659],[94.9798,29.1733],[94.9928,29.1708],[95.0164,29.1583],[95.0366,29.1521],[95.0674,29.1477],[95.0951,29.1396],[95.1064,29.1189],[95.1663,29.109],[95.2417,29.1106],[95.2456,29.0763],[95.242,29.0636],[95.2601,29.0541],[95.2714,29.0587],[95.2688,29.048],[95.2756,29.0439],[95.2779,29.0325],[95.2761,29.0288],[95.2655,29.0249],[95.2519,29.0033],[95.2436,29.0007],[95.245,28.9875],[95.2555,28.9806],[95.2555,28.9699],[95.2618,28.9637],[95.2557,28.9557],[95.256,28.9511],[95.2728,28.9452],[95.2834,28.9466],[95.2997,28.9567],[95.307,28.9543],[95.306,28.9459],[95.3128,28.94],[95.3125,28.9341],[95.3241,28.9297],[95.3278,28.9213],[95.3182,28.9098],[95.3252,28.9065],[95.323,28.9027],[95.3254,28.8919],[95.3162,28.886],[95.3232,28.8743],[95.3218,28.8622],[95.3278,28.8538],[95.323,28.8506],[95.3241,28.8433],[95.3303,28.8339],[95.3385,28.8347],[95.3463,28.8261],[95.3553,28.8232],[95.3535,28.8182],[95.3626,28.787],[95.3772,28.7777],[95.374,28.7646],[95.3893,28.7413],[95.3846,28.7307],[95.3747,28.7272],[95.3671,28.7143],[95.3508,28.7044],[95.3568,28.6957],[95.3596,28.6595],[95.3673,28.644],[95.3653,28.626],[95.3752,28.6143],[95.3818,28.5703],[95.4009,28.5677],[95.4096,28.5495],[95.3926,28.5291],[95.3926,28.5122],[95.3768,28.5082],[95.366,28.492],[95.3531,28.4901],[95.3366,28.4769],[95.3346,28.4522],[95.3387,28.4389],[95.32,28.4258],[95.3233,28.4191],[95.3278,28.4183],[95.3379,28.4059],[95.3379,28.3658],[95.3575,28.3577],[95.3685,28.3566],[95.3695,28.339],[95.3766,28.3338],[95.3742,28.3221],[95.3687,28.3202],[95.3634,28.304],[95.356,28.301],[95.3334,28.3018],[95.3202,28.2883],[95.3285,28.266],[95.3129,28.2507],[95.3147,28.2386],[95.3094,28.2366],[95.2915,28.2392],[95.2861,28.2365],[95.2825,28.2315],[95.2907,28.2166],[95.2899,28.2038],[95.2589,28.1982],[95.255,28.1864],[95.2464,28.1789],[95.2274,28.173],[95.2069,28.1782],[95.2005,28.1718],[95.2014,28.1634],[95.1981,28.1639],[95.1671,28.1876],[95.168,28.2016],[95.1629,28.2159],[95.1519,28.2159],[95.1385,28.2238],[95.1203,28.2254],[95.1096,28.2445],[95.1093,28.2536],[95.0962,28.27],[95.0941,28.2797],[95.103,28.2867],[95.0962,28.2989],[95.1052,28.3098],[95.103,28.3278],[95.0863,28.3307],[95.0737,28.3397],[95.0615,28.3553],[95.0697,28.3631],[95.0689,28.3718],[95.0773,28.3951],[95.0753,28.4034],[95.0657,28.4134],[95.0885,28.4324],[95.0899,28.4478],[95.102,28.4576],[95.093,28.4761],[95.1001,28.4886],[95.1007,28.4975],[95.08,28.5081],[95.0774,28.5153],[95.0784,28.5289],[95.0545,28.5343],[95.0479,28.5258],[95.015,28.5219],[95.0184,28.5313],[95.0167,28.5443],[95.0122,28.5511],[95.0011,28.5518],[94.9919,28.5629],[94.9838,28.5645],[94.9762,28.5567],[94.9652,28.5582],[94.9575,28.5663],[94.9562,28.572],[94.9499,28.575],[94.95,28.5795],[94.9437,28.5818],[94.9309,28.5799],[94.9254,28.5681],[94.9176,28.5625],[94.9014,28.5627],[94.8834,28.555],[94.8747,28.5473],[94.8636,28.5546],[94.8621,28.5614],[94.8488,28.5659],[94.8414,28.5745],[94.8265,28.5766],[94.804,28.5729],[94.789,28.557],[94.7659,28.5486],[94.7807,28.5566],[94.7602,28.5599],[94.7467,28.5879],[94.7445,28.6108],[94.7478,28.6651],[94.7456,28.6863],[94.6967,28.7283],[94.634,28.7666],[94.6333,28.7842],[94.6202,28.7938],[94.6078,28.797],[94.5923,28.7918],[94.5616,28.8102],[94.5254,28.8115],[94.5153,28.8208],[94.5171,28.8365],[94.48,28.8584],[94.3676,28.9565],[94.3428,28.9838],[94.1916,29.0372],[94.2241,29.0878],[94.2578,29.1086],[94.2931,29.1449],[94.3049,29.1476],[94.3528,29.1481],[94.3625,29.1526],[94.3679,29.1584],[94.3749,29.185],[94.4298,29.2196],[94.4381,29.2232],[94.4867,29.2134],[94.5131,29.2128],[94.5344,29.2146],[94.5507,29.2208],[94.5739,29.2496],[94.5787,29.2746],[94.6046,29.2891],[94.6225,29.3143],[94.631,29.3412],[94.6451,29.3394],[94.6886,29.3179],[94.7229,29.2913],[94.7413,29.2747],[94.793,29.2153]]]}},{"type":"Feature","bbox":[93.1805,27.7578,94.5948,28.7073],"properties":{"kind":"district","district":"Upper Subansiri"},"geometry":{"type":"Polygon","coordinates":[[[94.0156,28.6685],[94.0234,28.6512],[94.0062,28.6217],[94.0014,28.5777],[94.0497,28.5511],[94.058,28.5495],[94.0807,28.5343],[94.0969,28.536],[94.1088,28.5213],[94.1091,28.5031],[94.1056,28.4975],[94.1114,28.4891],[94.1149,28.4757],[94.1264,28.467],[94.1328,28.4514],[94.1392,28.4444],[94.1626,28.4323],[94.1733,28.435],[94.1846,28.4294],[94.1925,28.4298],[94.2192,28.4362],[94.2316,28.4281],[94.2368,28.4335],[94.2368,28.4418],[94.2418,28.4467],[94.2676,28.4322],[94.2928,28.4287],[94.2965,28.4227],[94.3085,28.4169],[94.3018,28.3959],[94.3086,28.3755],[94.3221,28.3686],[94.3297,28.3578],[94.368,28.3531],[94.3767,28.3405],[94.3861,28.3358],[94.4014,28.3403],[94.4033,28.3278],[94.3776,28.3089],[94.3749,28.295],[94.3899,28.2785],[94.3927,28.2736],[94.3916,28.2658],[94.417,28.2542],[94.4042,28.2529],[94.3835,28.258],[94.3693,28.2441],[94.3678,28.2114],[94.3565,28.1985],[94.3607,28.1905],[94.3745,28.1811],[94.3778,28.1586],[94.3915,28.1419],[94.3865,28.121],[94.3977,28.1047],[94.3948,28.0888],[94.3905,28.0841],[94.3993,28.0799],[94.4083,28.0691],[94.4393,28.0609],[94.4671,28.0487],[94.4754,28.0393],[94.4808,28.0233],[94.5063,28.0193],[94.513,28.0154],[94.5321,27.9859],[94.5254,27.9771],[94.5228,27.9664],[94.5426,27.9254],[94.5581,27.9024],[94.5929,27.89],[94.5948,27.8707],[94.5891,27.8616],[94.5772,27.856],[94.5592,27.8562],[94.5336,27.8499],[94.5038,27.8363],[94.4695,27.8328],[94.4612,27.8251],[94.4483,27.8252],[94.4435,27.8229],[94.44,27.811],[94.418,27.8064],[94.4023,27.7925],[94.3849,27.7942],[94.3467,27.7641],[94.3325,27.7578],[94.3054,27.7836],[94.2575,27.8077],[94.1934,27.8114],[94.1919,27.8365],[94.1704,27.8454],[94.1601,27.8438],[94.1491,27.866],[94.1415,27.8662],[94.1286,27.8578],[94.122,27.8618],[94.0965,27.8598],[94.0742,27.8493],[94.0602,27.8694],[94.0562,27.9062],[94.0477,27.9119],[94.0682,27.9391],[94.0493,27.9566],[94.0313,27.9612],[94.0119,27.958],[93.9888,27.976],[93.9621,27.9819],[93.9501,27.9808],[93.9447,27.9865],[93.9461,27.9937],[93.9399,28.0027],[93.9273,28.008],[93.9183,28.0063],[93.9192,28.0173],[93.9131,28.0303],[93.8955,28.0445],[93.8855,28.0424],[93.8764,28.0514],[93.8765,28.0672],[93.8852,28.0821],[93.8843,28.0911],[93.8912,28.1032],[93.8751,28.1175],[93.8779,28.1367],[93.8719,28.1539],[93.8603,28.1671],[93.8452,28.1738],[93.8504,28.1916],[93.85,28.2095],[93.8385,28.2191],[93.8424,28.2394],[93.8376,28.2447],[93.8098,28.247],[93.7732,28.2601],[93.7663,28.2787],[93.7603,28.2815],[93.7535,28.2797],[93.7442,28.2879],[93.7342,28.2859],[93.7085,28.3143],[93.7,28.3194],[93.6909,28.316],[93.6802,28.3229],[93.6673,28.3157],[93.6588,28.3046],[93.6465,28.3033],[93.6346,28.3082],[93.6277,28.3069],[93.6249,28.2927],[93.6134,28.2727],[93.5928,28.2711],[93.5716,28.2559],[93.5644,28.262],[93.557,28.2605],[93.5425,28.2678],[93.5096,28.272],[93.4798,28.2814],[93.4687,28.2737],[93.4553,28.2716],[93.4453,28.2831],[93.4317,28.2799],[93.4249,28.2826],[93.4143,28.2884],[93.4086,28.3067],[93.4002,28.3091],[93.3863,28.3063],[93.384,28.3127],[93.3789,28.3115],[93.3786,28.3234],[93.3609,28.3298],[93.3605,28.3436],[93.3443,28.3454],[93.3369,28.3533],[93.2942,28.3403],[93.2849,28.3551],[93.2829,28.3648],[93.2598,28.367],[93.2457,28.3608],[93.2395,28.3508],[93.2294,28.3444],[93.2265,28.3356],[93.2222,28.3342],[93.2242,28.4055],[93.2201,28.4137],[93.1934,28.4236],[93.1805,28.4349],[93.2096,28.4519],[93.2286,28.4742],[93.2777,28.5013],[93.2911,28.5536],[93.3046,28.5714],[93.3067,28.5793],[93.3016,28.599],[93.3146,28.6094],[93.3249,28.6092],[93.3279,28.6287],[93.3334,28.6391],[93.3392,28.6433],[93.3622,28.6423],[93.406,28.6513],[93.446,28.6747],[93.4528,28.675],[93.4705,28.6527],[93.478,28.6756],[93.4841,28.6831],[93.4961,28.686],[93.5142,28.6817],[93.5224,28.6591],[93.5357,28.6607],[93.6194,28.6534],[93.6562,28.6585],[93.6878,28.6744],[93.7399,28.6846],[93.7531,28.6828],[93.7841,28.6634],[93.8385,28.7016],[93.8506,28.707],[93.8617,28.7063],[93.9017,28.6794],[93.9356,28.6661],[93.9467,28.6739],[93.9618,28.6936],[93.9677,28.7073],[94.0042,28.6746],[94.0156,28.6685]]]}},{"type":"Feature","bbox":[92.0222,26.889,92.8442,27.7465],"properties":{"kind":"district","district":"West Kameng"},"geometry":{"type":"Polygon","coordinates":[[[92.4359,27.7387],[92.4409,27.7394],[92.4468,27.7342],[92.4561,27.7393],[92.4731,27.74],[92.5121,27.7216],[92.5095,27.7178],[92.5138,27.7055],[92.512,27.6972],[92.5263,27.6836],[92.5364,27.6663],[92.5351,27.647],[92.5308,27.6365],[92.5411,27.6296],[92.5391,27.6102],[92.551,27.6039],[92.567,27.6097],[92.5696,27.6135],[92.5873,27.6173],[92.5902,27.6097],[92.5884,27.6056],[92.5967,27.6048],[92.6128,27.5936],[92.6139,27.5893],[92.6099,27.5864],[92.6222,27.5717],[92.6222,27.5644],[92.6171,27.5531],[92.6191,27.5452],[92.6388,27.5437],[92.6502,27.532],[92.6535,27.5199],[92.6483,27.5114],[92.6546,27.4973],[92.6538,27.4908],[92.6711,27.4755],[92.685,27.473],[92.6842,27.4635],[92.6918,27.4585],[92.6924,27.455],[92.7021,27.4496],[92.7143,27.4504],[92.7364,27.4666],[92.7425,27.463],[92.7544,27.4457],[92.761,27.444],[92.7649,27.4468],[92.774,27.4436],[92.7773,27.4491],[92.7858,27.453],[92.8037,27.4464],[92.8048,27.4368],[92.8082,27.435],[92.8047,27.4292],[92.8108,27.4256],[92.8051,27.419],[92.8148,27.4136],[92.8162,27.4168],[92.8205,27.4119],[92.8229,27.3794],[92.8202,27.3769],[92.8119,27.3789],[92.8145,27.3546],[92.8056,27.3579],[92.8055,27.3512],[92.8002,27.3502],[92.8051,27.3461],[92.8066,27.3319],[92.8043,27.3297],[92.8204,27.3129],[92.84,27.3038],[92.8442,27.2929],[92.8427,27.2892],[92.8239,27.2869],[92.8169,27.2893],[92.8119,27.2964],[92.8057,27.2951],[92.8026,27.2794],[92.8073,27.2729],[92.8004,27.2673],[92.7994,27.2602],[92.8022,27.2555],[92.8174,27.2535],[92.8253,27.2394],[92.8363,27.2328],[92.8278,27.2247],[92.8342,27.218],[92.8334,27.2145],[92.8231,27.2142],[92.8156,27.2037],[92.8089,27.2018],[92.8084,27.1974],[92.8146,27.1927],[92.8143,27.1779],[92.7817,27.181],[92.7684,27.1941],[92.75,27.1953],[92.7168,27.1759],[92.6973,27.1726],[92.6881,27.1657],[92.65,27.1519],[92.6324,27.1475],[92.6247,27.1488],[92.6081,27.1402],[92.607,27.1255],[92.6017,27.1198],[92.6019,27.1081],[92.5943,27.1046],[92.6003,27.0971],[92.5903,27.079],[92.5978,27.0529],[92.6239,27.0287],[92.6355,27.0239],[92.6445,27.0087],[92.6448,26.9867],[92.6237,26.9769],[92.5793,26.9589],[92.5542,26.9574],[92.4969,26.9634],[92.4475,26.9588],[92.4258,26.941],[92.412,26.9428],[92.3983,26.9247],[92.3671,26.9287],[92.3632,26.9345],[92.3231,26.9275],[92.3027,26.9226],[92.303,26.9071],[92.2761,26.902],[92.2552,26.9096],[92.1948,26.89],[92.1699,26.8917],[92.12,26.889],[92.1144,26.8936],[92.1178,26.9089],[92.1152,26.9138],[92.1152,26.9342],[92.1186,26.9423],[92.1135,26.9505],[92.121,26.9604],[92.1181,26.9744],[92.1048,26.9799],[92.105,26.9866],[92.1082,26.9898],[92.1035,27.004],[92.0948,27.0092],[92.0951,27.0123],[92.0784,27.0174],[92.0789,27.0287],[92.0831,27.0341],[92.0817,27.0408],[92.0562,27.0514],[92.0441,27.0514],[92.0433,27.0566],[92.0368,27.0631],[92.0376,27.0703],[92.0308,27.0799],[92.0302,27.0998],[92.0231,27.1096],[92.0358,27.1349],[92.0267,27.1683],[92.0371,27.1793],[92.0584,27.1903],[92.0624,27.2089],[92.0693,27.2137],[92.0726,27.2331],[92.0592,27.2518],[92.0459,27.2556],[92.0384,27.2544],[92.038,27.2584],[92.0429,27.2616],[92.0452,27.2686],[92.0613,27.2725],[92.0671,27.2772],[92.0753,27.2782],[92.0869,27.2693],[92.0945,27.2713],[92.1035,27.2687],[92.1199,27.2718],[92.125,27.282],[92.1202,27.2903],[92.0998,27.3024],[92.0881,27.3051],[92.0648,27.3273],[92.0625,27.3422],[92.0528,27.3513],[92.055,27.3527],[92.0482,27.3631],[92.049,27.3768],[92.0544,27.3828],[92.0548,27.3961],[92.0585,27.3997],[92.0437,27.4148],[92.0425,27.4352],[92.0323,27.4406],[92.0268,27.4401],[92.0222,27.448],[92.0256,27.4693],[92.0487,27.4748],[92.0834,27.4936],[92.1013,27.4982],[92.104,27.5038],[92.1088,27.5033],[92.1112,27.5081],[92.1078,27.5143],[92.1158,27.5149],[92.118,27.5193],[92.127,27.5223],[92.1343,27.5333],[92.1322,27.5424],[92.1408,27.5424],[92.1484,27.5597],[92.1614,27.5601],[92.1683,27.5728],[92.1906,27.5742],[92.1947,27.5666],[92.2064,27.5642],[92.2095,27.5609],[92.2308,27.5728],[92.2346,27.5808],[92.2346,27.5895],[92.2308,27.5926],[92.2313,27.6031],[92.2182,27.6182],[92.2327,27.6347],[92.2441,27.6397],[92.2396,27.6431],[92.2389,27.6548],[92.2441,27.6681],[92.2662,27.6553],[92.289,27.6528],[92.3207,27.6598],[92.3325,27.6653],[92.3606,27.6634],[92.3823,27.6696],[92.3955,27.6775],[92.4,27.6934],[92.4088,27.7025],[92.4047,27.724],[92.4099,27.7268],[92.4132,27.7335],[92.4145,27.7465],[92.4232,27.746],[92.4359,27.7387]]]}},{"type":"Feature","bbox":[94.3565,27.9859,94.9438,28.4178],"properties":{"kind":"district","district":"West Siang"},"geometry":{"type":"Polygon","coordinates":[[[94.4972,28.4178],[94.5831,28.3851],[94.6097,28.3823],[94.625,28.3842],[94.6583,28.4004],[94.6688,28.3985],[94.6811,28.3623],[94.6745,28.3537],[94.6716,28.3156],[94.6802,28.3014],[94.6859,28.2804],[94.7201,28.2804],[94.7325,28.2576],[94.7552,28.2576],[94.7563,28.2357],[94.748,28.2067],[94.7748,28.1869],[94.8005,28.186],[94.8366,28.2193],[94.8713,28.2168],[94.8687,28.2084],[94.8754,28.2053],[94.8995,28.178],[94.8981,28.1478],[94.918,28.127],[94.9279,28.127],[94.934,28.1216],[94.9434,28.1207],[94.9438,28.1163],[94.9331,28.1051],[94.9288,28.0927],[94.9145,28.0914],[94.9139,28.0868],[94.9031,28.0784],[94.9083,28.0672],[94.9214,28.0598],[94.9302,28.0494],[94.9057,28.0288],[94.9039,28.0259],[94.9086,28.0198],[94.9065,28.0164],[94.8975,28.0169],[94.8197,27.9859],[94.7909,27.9871],[94.7524,28.0114],[94.7381,28.0092],[94.6996,28.0192],[94.6689,28.0414],[94.6403,28.0435],[94.6253,28.0556],[94.6032,28.0621],[94.5932,28.0528],[94.5675,28.0492],[94.5332,28.0492],[94.5061,28.0556],[94.4842,28.0217],[94.4808,28.0233],[94.4754,28.0393],[94.4671,28.0487],[94.4393,28.0609],[94.4083,28.0691],[94.3993,28.0799],[94.3918,28.0827],[94.3977,28.1047],[94.3865,28.121],[94.3915,28.1419],[94.3778,28.1586],[94.3745,28.1811],[94.3607,28.1905],[94.3565,28.1985],[94.3678,28.2114],[94.3693,28.2441],[94.3835,28.258],[94.4042,28.2529],[94.417,28.2542],[94.3916,28.2658],[94.3927,28.2736],[94.3899,28.2785],[94.3749,28.295],[94.3776,28.3089],[94.4033,28.3278],[94.4016,28.3386],[94.4133,28.3579],[94.4347,28.3736],[94.4462,28.4036],[94.4854,28.3958],[94.4968,28.4128],[94.4972,28.4178]]]}},{"type":"Feature","bbox":[91.5465,27.4643,91.8616,27.8621],"properties":{"kind":"ac","ac":1,"name":"Lumla","pc":"Arunachal West","mla":"Tsering Lhamu","mla_party":"BJP","mp":"Kiren Rijiju","mp_party":"BJP"},"geometry":{"type":"Polygon","coordinates":[[[91.7308,27.8084],[91.7328,27.7709],[91.7274,27.7442],[91.7275,27.7029],[91.7341,27.6881],[91.7397,27.6632],[91.7587,27.6332],[91.8043,27.5744],[91.8112,27.5572],[91.8177,27.5499],[91.8303,27.5462],[91.8488,27.5512],[91.8592,27.5497],[91.8562,27.5382],[91.8616,27.5307],[91.8205,27.5173],[91.8238,27.5084],[91.8206,27.4917],[91.8211,27.4695],[91.811,27.4723],[91.7754,27.4643],[91.7644,27.4662],[91.7583,27.4731],[91.7515,27.474],[91.7217,27.4701],[91.7155,27.4734],[91.7124,27.491],[91.6919,27.5026],[91.6854,27.5022],[91.655,27.4828],[91.6492,27.4846],[91.6459,27.4988],[91.6224,27.5132],[91.6112,27.5415],[91.6074,27.5436],[91.5964,27.5394],[91.5835,27.5622],[91.5688,27.5749],[91.5641,27.5841],[91.5789,27.5995],[91.5782,27.6082],[91.5653,27.6199],[91.5599,27.6334],[91.569,27.6524],[91.5919,27.6718],[91.594,27.6832],[91.6007,27.6865],[91.5986,27.6925],[91.6047,27.6949],[91.6123,27.6929],[91.6167,27.6959],[91.6183,27.7019],[91.626,27.7059],[91.6319,27.747],[91.6423,27.758],[91.6419,27.7652],[91.6335,27.7716],[91.6305,27.8008],[91.6013,27.8209],[91.5866,27.8188],[91.5754,27.8127],[91.5679,27.8154],[91.5484,27.8469],[91.5465,27.8556],[91.5551,27.8586],[91.5613,27.8518],[91.567,27.8528],[91.5723,27.8608],[91.5797,27.8621],[91.587,27.8563],[91.5966,27.8621],[91.6099,27.854],[91.6241,27.8577],[91.6443,27.8542],[91.6644,27.8583],[91.6718,27.8567],[91.6965,27.8221],[91.7119,27.8133],[91.7308,27.8084]]]}},{"type":"Feature","bbox":[91.7274,27.5307,92.0289,27.8103],"properties":{"kind":"ac","ac":2,"name":"Tawang","pc":"Arunachal West","mla":"Namgey Tsering","mla_party":"People's Party of Arunachal","mp":"Kiren Rijiju","mp_party":"BJP"},"geometry":{"type":"Polygon","coordinates":[[[91.7308,27.8084],[91.7604,27.8012],[91.7734,27.8012],[91.8063,27.8088],[91.8127,27.8029],[91.8175,27.8033],[91.8264,27.8103],[91.8301,27.8075],[91.8356,27.7798],[91.8473,27.7755],[91.8625,27.7368],[91.8724,27.7343],[91.8806,27.7217],[91.9103,27.7261],[91.9207,27.7149],[91.947,27.7285],[91.9575,27.7505],[91.9677,27.7512],[91.9858,27.7698],[91.9973,27.7682],[91.9937,27.7642],[91.9917,27.7467],[91.9971,27.6794],[91.9885,27.6616],[91.9668,27.6311],[91.9665,27.6266],[91.9905,27.6227],[91.9777,27.6167],[91.9784,27.6056],[92.0035,27.5983],[91.9972,27.5898],[92.0006,27.5836],[92.0172,27.5852],[92.0289,27.5811],[92.0253,27.568],[92.0142,27.5605],[91.9987,27.5614],[91.9806,27.5468],[91.9512,27.5385],[91.9315,27.5426],[91.9023,27.5425],[91.8616,27.5307],[91.8562,27.5382],[91.8598,27.5466],[91.8562,27.551],[91.8303,27.5462],[91.8177,27.5499],[91.8112,27.5572],[91.8043,27.5744],[91.7587,27.6332],[91.7397,27.6632],[91.7341,27.6881],[91.7275,27.7029],[91.7274,27.7442],[91.7328,27.7709],[91.7308,27.8084]]]}},{"type":"Feature","bbox":[91.8205,27.4603,92.4724,27.8624],"properties":{"kind":"ac","ac":3,"name":"Mukto","pc":"Arunachal West","mla":"Pema Khandu","mla_party":"BJP","mp":"Kiren Rijiju","mp_party":"BJP"},"geometry":{"type":"Polygon","coordinates":[[[92.4685,27.8147],[92.4724,27.8076],[92.4684,27.7939],[92.4583,27.7778],[92.4218,27.7667],[92.4128,27.7557],[92.4172,27.7408],[92.409,27.7175],[92.4134,27.709],[92.3934,27.6727],[92.3797,27.6662],[92.343,27.6726],[92.2699,27.6485],[92.2657,27.6512],[92.2448,27.6509],[92.2334,27.6439],[92.2222,27.6273],[92.2224,27.603],[92.2094,27.5803],[92.2028,27.5775],[92.1671,27.5808],[92.1521,27.5774],[92.1328,27.5626],[92.1244,27.5395],[92.1123,27.5252],[92.0932,27.5182],[92.0492,27.5167],[92.0196,27.5021],[92.0136,27.4914],[92.0126,27.4814],[91.9905,27.4739],[91.9805,27.4646],[91.9668,27.4664],[91.9561,27.4611],[91.9408,27.4603],[91.9242,27.471],[91.9,27.4679],[91.8925,27.4729],[91.8738,27.4725],[91.8646,27.4818],[91.8507,27.4823],[91.8301,27.4687],[91.8211,27.4695],[91.8206,27.4917],[91.8238,27.5084],[91.8205,27.5173],[91.8235,27.5203],[91.9023,27.5425],[91.9315,27.5426],[91.9512,27.5385],[91.9629,27.5403],[91.9806,27.5468],[91.9987,27.5614],[92.0142,27.5605],[92.0253,27.568],[92.0289,27.5811],[92.0172,27.5852],[92.0006,27.5836],[91.9972,27.5898],[92.0035,27.5983],[91.9784,27.6056],[91.9777,27.6167],[91.9905,27.6227],[91.9665,27.6266],[91.9668,27.6311],[91.9885,27.6616],[91.9971,27.6794],[91.9917,27.7467],[91.9937,27.7642],[91.9973,27.7682],[92.0396,27.757],[92.0572,27.7589],[92.158,27.8368],[92.2022,27.8568],[92.236,27.8624],[92.257,27.8619],[92.2658,27.8576],[92.2864,27.8072],[92.309,27.7788],[92.3176,27.7778],[92.3519,27.7902],[92.3814,27.7946],[92.3845,27.8151],[92.3996,27.82],[92.4154,27.8226],[92.4453,27.8003],[92.4564,27.8028],[92.4685,27.8147]]]}},{"type":"Feature","bbox":[92.0126,27.2572,92.4694,27.7821],"properties":{"kind":"ac","ac":4,"name":"Dirang","pc":"Arunachal West","mla":"Phurpa Tsering","mla_party":"BJP","mp":"Kiren Rijiju","mp_party":"BJP"},"geometry":{"type":"Polygon","coordinates":[[[92.461,27.7821],[92.4694,27.7773],[92.4174,27.6957],[92.4049,27.6385],[92.4023,27.5613],[92.3835,27.5316],[92.3741,27.4983],[92.3777,27.4752],[92.4012,27.4424],[92.4218,27.4031],[92.4372,27.3552],[92.4352,27.3417],[92.4412,27.3311],[92.4284,27.3177],[92.4258,27.3082],[92.4298,27.2934],[92.4422,27.2783],[92.4049,27.2625],[92.3845,27.2581],[92.3555,27.2572],[92.3122,27.2577],[92.2495,27.2659],[92.2155,27.2759],[92.1572,27.2654],[92.1309,27.2702],[92.1206,27.2796],[92.1215,27.287],[92.1183,27.2922],[92.079,27.3098],[92.0599,27.3267],[92.0613,27.3448],[92.0495,27.3578],[92.0475,27.3679],[92.0472,27.3788],[92.0557,27.3996],[92.0433,27.4124],[92.0452,27.4249],[92.04,27.4361],[92.0252,27.4412],[92.0205,27.4472],[92.0181,27.4576],[92.0212,27.4677],[92.0201,27.4793],[92.0126,27.4814],[92.0136,27.4914],[92.0196,27.5021],[92.0492,27.5167],[92.0932,27.5182],[92.1123,27.5252],[92.1244,27.5395],[92.1328,27.5626],[92.1521,27.5774],[92.1671,27.5808],[92.2028,27.5775],[92.2094,27.5803],[92.2224,27.603],[92.2222,27.6273],[92.2334,27.6439],[92.2448,27.6509],[92.2657,27.6512],[92.2699,27.6485],[92.343,27.6726],[92.3797,27.6662],[92.3934,27.6727],[92.4134,27.709],[92.409,27.7175],[92.4172,27.7408],[92.4128,27.7557],[92.4218,27.7667],[92.4583,27.7778],[92.461,27.7821]]]}},{"type":"Feature","bbox":[92.0229,26.889,92.4754,27.2796],"properties":{"kind":"ac","ac":5,"name":"Kalaktang","pc":"Arunachal West","mla":"Tseten Chombay Kee","mla_party":"BJP","mp":"Kiren Rijiju","mp_party":"BJP"},"geometry":{"type":"Polygon","coordinates":[[[92.4422,27.2783],[92.4539,27.275],[92.4727,27.26],[92.4754,27.2527],[92.4684,27.2076],[92.4479,27.1408],[92.4535,27.1272],[92.4651,27.1146],[92.4445,27.0831],[92.452,27.0621],[92.4554,27.0163],[92.4623,26.994],[92.4566,26.9763],[92.4643,26.9607],[92.4473,26.9591],[92.426,26.9413],[92.4119,26.943],[92.3983,26.9251],[92.3669,26.9291],[92.3632,26.9349],[92.3026,26.9231],[92.3028,26.9077],[92.2751,26.9022],[92.2546,26.9101],[92.195,26.8901],[92.1626,26.8918],[92.1245,26.889],[92.1082,26.8931],[92.1092,26.9067],[92.1174,26.9317],[92.1123,26.9486],[92.1178,26.9595],[92.1136,26.975],[92.1045,26.977],[92.1026,26.9823],[92.1038,27.007],[92.0803,27.0199],[92.0772,27.0392],[92.0646,27.0516],[92.0455,27.0513],[92.0425,27.0597],[92.0344,27.0642],[92.0369,27.0696],[92.0285,27.078],[92.0283,27.0966],[92.0229,27.1143],[92.0372,27.1378],[92.0251,27.1537],[92.0261,27.1712],[92.0571,27.189],[92.0581,27.2025],[92.0676,27.2143],[92.0705,27.2231],[92.0667,27.2444],[92.0409,27.2613],[92.0406,27.2661],[92.071,27.2768],[92.0841,27.2715],[92.096,27.2725],[92.1025,27.2685],[92.1108,27.2734],[92.1161,27.2727],[92.1206,27.2796],[92.1309,27.2702],[92.1456,27.2659],[92.1669,27.2665],[92.2155,27.2759],[92.2495,27.2659],[92.3122,27.2577],[92.3555,27.2572],[92.3845,27.2581],[92.4049,27.2625],[92.4422,27.2783]]]}},{"type":"Feature","bbox":[92.4445,26.9575,92.8446,27.442],"properties":{"kind":"ac","ac":6,"name":"Thrizino-Buragaon","pc":"Arunachal West","mla":"Tenzin Nyima Glow","mla_party":"IND","mp":"Kiren Rijiju","mp_party":"BJP"},"geometry":{"type":"Polygon","coordinates":[[[92.806,27.442],[92.8052,27.4366],[92.8085,27.4347],[92.8051,27.429],[92.8109,27.4251],[92.8038,27.4172],[92.8151,27.4136],[92.8165,27.4169],[92.8208,27.4125],[92.8231,27.3791],[92.8121,27.3789],[92.8146,27.3544],[92.8056,27.3578],[92.8054,27.3511],[92.8004,27.3502],[92.8052,27.3456],[92.8069,27.3317],[92.8046,27.3296],[92.8208,27.3129],[92.84,27.3039],[92.8446,27.2932],[92.8426,27.2892],[92.823,27.287],[92.817,27.2892],[92.8117,27.2965],[92.8059,27.2949],[92.8027,27.2795],[92.8075,27.2729],[92.8004,27.2669],[92.801,27.2563],[92.8178,27.2534],[92.8255,27.2394],[92.8366,27.2325],[92.8282,27.2246],[92.8343,27.2181],[92.8338,27.2141],[92.8229,27.2137],[92.816,27.2035],[92.8084,27.2],[92.815,27.1922],[92.8147,27.1764],[92.7827,27.1789],[92.7659,27.1934],[92.7495,27.1945],[92.7167,27.176],[92.6972,27.1726],[92.688,27.1658],[92.6499,27.152],[92.6323,27.1476],[92.6246,27.1489],[92.6135,27.1441],[92.608,27.1403],[92.607,27.1256],[92.6016,27.1199],[92.6018,27.1082],[92.5942,27.1047],[92.6002,27.0971],[92.5902,27.0791],[92.5977,27.053],[92.6051,27.0443],[92.6464,27.0146],[92.6446,26.9863],[92.5825,26.9596],[92.5534,26.9575],[92.4961,26.9636],[92.4643,26.9607],[92.4566,26.9763],[92.4623,26.994],[92.4554,27.0163],[92.452,27.0621],[92.4445,27.0831],[92.4701,27.121],[92.4841,27.1336],[92.4988,27.1618],[92.5601,27.2071],[92.5803,27.2308],[92.5805,27.2382],[92.567,27.2653],[92.5592,27.2922],[92.5421,27.3145],[92.5266,27.3239],[92.5384,27.3429],[92.5456,27.3481],[92.5563,27.3442],[92.5651,27.3464],[92.5803,27.3591],[92.5969,27.3661],[92.6121,27.3642],[92.6288,27.3556],[92.6468,27.3521],[92.6663,27.3595],[92.6792,27.3694],[92.6926,27.3953],[92.709,27.4403],[92.7245,27.4395],[92.7586,27.422],[92.7779,27.417],[92.7929,27.4254],[92.806,27.442]]]}},{"type":"Feature","bbox":[92.3739,27.1146,92.8151,27.7773],"properties":{"kind":"ac","ac":7,"name":"Bomdila","pc":"Arunachal West","mla":"Dongru Siongju","mla_party":"BJP","mp":"Kiren Rijiju","mp_party":"BJP"},"geometry":{"type":"Polygon","coordinates":[[[92.4694,27.7773],[92.4815,27.7705],[92.516,27.7345],[92.5119,27.7283],[92.5105,27.7143],[92.5145,27.7017],[92.5301,27.68],[92.5352,27.6462],[92.5309,27.6289],[92.5392,27.6195],[92.567,27.622],[92.5946,27.6304],[92.6102,27.6191],[92.6073,27.5976],[92.6119,27.5908],[92.6186,27.5915],[92.6201,27.5872],[92.6103,27.5746],[92.6064,27.5626],[92.6096,27.5553],[92.6436,27.5521],[92.6473,27.5351],[92.6578,27.5254],[92.666,27.5358],[92.679,27.5375],[92.7167,27.5552],[92.7719,27.5493],[92.7804,27.5549],[92.7905,27.554],[92.8151,27.5181],[92.8098,27.4769],[92.8032,27.4649],[92.806,27.442],[92.7861,27.4199],[92.7813,27.4172],[92.7695,27.418],[92.7245,27.4395],[92.709,27.4403],[92.6926,27.3953],[92.6792,27.3694],[92.6663,27.3595],[92.6468,27.3521],[92.6288,27.3556],[92.6121,27.3642],[92.5969,27.3661],[92.5803,27.3591],[92.5651,27.3464],[92.5563,27.3442],[92.5456,27.3481],[92.5384,27.3429],[92.5266,27.3239],[92.5421,27.3145],[92.5592,27.2922],[92.567,27.2653],[92.5805,27.2382],[92.5803,27.2308],[92.5601,27.2071],[92.4988,27.1618],[92.4841,27.1336],[92.4651,27.1146],[92.4535,27.1272],[92.4479,27.1408],[92.4684,27.2076],[92.4748,27.2571],[92.4539,27.275],[92.4422,27.2783],[92.4277,27.2977],[92.4258,27.3082],[92.4284,27.3177],[92.4412,27.3311],[92.4352,27.3417],[92.4372,27.3552],[92.4218,27.4031],[92.4012,27.4424],[92.3777,27.4752],[92.3739,27.4896],[92.3835,27.5316],[92.3989,27.5541],[92.4036,27.5671],[92.4049,27.6385],[92.4174,27.6957],[92.4694,27.7773]]]}},{"type":"Feature","bbox":[92.461,27.4503,93.1934,27.9767],"properties":{"kind":"ac","ac":8,"name":"Bameng","pc":"Arunachal West","mla":"Kumar Waii","mla_party":"INC","mp":"Kiren Rijiju","mp_party":"BJP"},"geometry":{"type":"Polygon","coordinates":[[[92.8373,27.9617],[92.8766,27.8765],[92.9005,27.8332],[92.9404,27.7818],[92.9793,27.7246],[93.0343,27.7036],[93.0551,27.6794],[93.0859,27.6585],[93.1493,27.6505],[93.1642,27.6427],[93.1692,27.6363],[93.1804,27.6169],[93.1934,27.58],[93.1335,27.5536],[93.1256,27.5449],[93.124,27.5201],[93.113,27.5113],[93.0567,27.4879],[93.0073,27.477],[92.978,27.4738],[92.9268,27.4503],[92.8853,27.4616],[92.8038,27.4667],[92.8098,27.4769],[92.8151,27.5181],[92.7905,27.554],[92.7804,27.5549],[92.7719,27.5493],[92.7167,27.5552],[92.679,27.5375],[92.666,27.5358],[92.6578,27.5254],[92.6473,27.5351],[92.6436,27.5521],[92.6096,27.5553],[92.6064,27.5626],[92.6103,27.5746],[92.6201,27.5872],[92.6186,27.5915],[92.6119,27.5908],[92.6073,27.5976],[92.6102,27.6191],[92.6056,27.6242],[92.5946,27.6304],[92.567,27.622],[92.5392,27.6195],[92.5309,27.6289],[92.5352,27.6462],[92.5301,27.68],[92.5145,27.7017],[92.5105,27.7143],[92.5119,27.7283],[92.516,27.7345],[92.4815,27.7705],[92.461,27.7821],[92.4724,27.8076],[92.4685,27.8147],[92.5028,27.841],[92.5166,27.8397],[92.5453,27.8169],[92.5621,27.8205],[92.5872,27.8563],[92.6065,27.877],[92.6706,27.8996],[92.7027,27.9333],[92.7342,27.9767],[92.7568,27.9578],[92.7812,27.956],[92.7861,27.952],[92.8169,27.9606],[92.8329,27.9572],[92.8373,27.9617]]]}},{"type":"Feature","bbox":[92.8378,27.3696,93.3704,27.9606],"properties":{"kind":"ac","ac":9,"name":"Chayangtajo","pc":"Arunachal West","mla":"Hayeng Mangfi","mla_party":"BJP","mp":"Kiren Rijiju","mp_party":"BJP"},"geometry":{"type":"Polygon","coordinates":[[[92.8378,27.9606],[92.8603,27.9582],[92.86,27.9501],[92.8656,27.9459],[92.8689,27.9493],[92.8889,27.9366],[92.9013,27.9349],[92.9083,27.9294],[92.9237,27.9249],[92.9315,27.925],[92.933,27.9173],[92.9272,27.9103],[92.9311,27.9021],[92.9314,27.8783],[92.9384,27.8713],[92.9376,27.8662],[92.9429,27.8594],[92.9442,27.8507],[92.9463,27.8466],[92.9605,27.8455],[92.9662,27.8309],[92.9789,27.8237],[93.0035,27.8283],[93.0078,27.8277],[93.0116,27.8225],[93.0747,27.827],[93.0908,27.8109],[93.096,27.8093],[93.1109,27.8177],[93.1228,27.8168],[93.1306,27.8224],[93.1529,27.8212],[93.1572,27.8176],[93.1638,27.8212],[93.1759,27.8214],[93.1867,27.8322],[93.1869,27.8409],[93.1915,27.8461],[93.1988,27.8445],[93.2045,27.8382],[93.2205,27.8297],[93.2232,27.8209],[93.2288,27.8189],[93.2293,27.8129],[93.2388,27.8008],[93.232,27.7775],[93.2232,27.7662],[93.2253,27.7605],[93.2145,27.751],[93.2014,27.7318],[93.2015,27.7272],[93.2072,27.7273],[93.2204,27.7181],[93.2236,27.7107],[93.2077,27.6945],[93.2096,27.6898],[93.2004,27.6837],[93.1953,27.6748],[93.2131,27.6551],[93.2295,27.6463],[93.228,27.6368],[93.2342,27.6286],[93.2335,27.6203],[93.2389,27.614],[93.2282,27.6026],[93.2404,27.6035],[93.2594,27.5934],[93.2718,27.5949],[93.2734,27.5909],[93.2841,27.588],[93.2821,27.5771],[93.3002,27.5789],[93.3107,27.5676],[93.3177,27.5671],[93.3306,27.5564],[93.3286,27.5496],[93.3183,27.5444],[93.3159,27.5333],[93.2942,27.5214],[93.3021,27.5171],[93.3061,27.5062],[93.3107,27.5047],[93.316,27.4909],[93.3208,27.4871],[93.3188,27.4821],[93.3222,27.4669],[93.3274,27.4607],[93.3235,27.4495],[93.3147,27.4413],[93.33,27.4424],[93.3346,27.4345],[93.345,27.4264],[93.3641,27.4202],[93.3704,27.4137],[93.3181,27.408],[93.3098,27.4055],[93.2936,27.3923],[93.2731,27.3843],[93.2238,27.3696],[93.1989,27.3699],[93.1615,27.3794],[93.1495,27.3856],[93.1486,27.3934],[93.138,27.4084],[93.096,27.4368],[93.0913,27.4555],[93.0695,27.4925],[93.119,27.5152],[93.124,27.5201],[93.1256,27.5449],[93.1335,27.5536],[93.1934,27.58],[93.1804,27.6169],[93.1642,27.6427],[93.156,27.6477],[93.0859,27.6585],[93.0551,27.6794],[93.0343,27.7036],[92.9793,27.7246],[92.9404,27.7818],[92.9005,27.8332],[92.8766,27.8765],[92.8378,27.9606]]]}},{"type":"Feature","bbox":[92.8035,27.2953,93.3739,27.4925],"properties":{"kind":"ac","ac":10,"name":"Seppa East","pc":"Arunachal West","mla":"Ealing Tallang","mla_party":"BJP","mp":"Kiren Rijiju","mp_party":"BJP"},"geometry":{"type":"Polygon","coordinates":[[[93.0695,27.4925],[93.0913,27.4555],[93.096,27.4368],[93.1284,27.4169],[93.1441,27.4009],[93.1495,27.3856],[93.1615,27.3794],[93.1989,27.3699],[93.2238,27.3696],[93.2801,27.3865],[93.3181,27.408],[93.3704,27.4137],[93.3681,27.4049],[93.3732,27.3904],[93.3675,27.3791],[93.3739,27.3701],[93.3183,27.3493],[93.2805,27.3553],[93.2708,27.3542],[93.2397,27.3346],[93.2136,27.3115],[93.0623,27.2953],[93.0517,27.3038],[93.0691,27.3091],[93.101,27.3116],[93.0856,27.3214],[93.0871,27.3274],[93.0837,27.339],[93.0081,27.3406],[92.9909,27.3379],[92.9804,27.3402],[92.9759,27.3444],[92.9865,27.3504],[93.0075,27.3515],[93.0147,27.3488],[93.0417,27.3621],[93.0293,27.3706],[93.0504,27.3969],[93.0563,27.4183],[93.0536,27.433],[93.0558,27.449],[93.0459,27.4593],[93.0344,27.4564],[93.0233,27.4452],[93.0283,27.4238],[93.0284,27.4044],[93.0168,27.3901],[93.0117,27.3771],[93.0068,27.3729],[92.9593,27.3666],[92.9306,27.3584],[92.8956,27.3598],[92.911,27.3736],[92.9133,27.3809],[92.8885,27.3851],[92.8636,27.3936],[92.8625,27.3993],[92.8665,27.4047],[92.883,27.4079],[92.8885,27.4126],[92.8841,27.4396],[92.8208,27.4126],[92.8165,27.4169],[92.8151,27.4136],[92.8038,27.4172],[92.811,27.4254],[92.8051,27.429],[92.8085,27.4349],[92.8052,27.4366],[92.8035,27.4473],[92.8038,27.4667],[92.8853,27.4616],[92.9268,27.4503],[92.978,27.4738],[93.0073,27.477],[93.0695,27.4925]]]}},{"type":"Feature","bbox":[92.8004,27.0561,93.2136,27.4593],"properties":{"kind":"ac","ac":11,"name":"Seppa West","pc":"Arunachal West","mla":"Mama Natung","mla_party":"BJP","mp":"Kiren Rijiju","mp_party":"BJP"},"geometry":{"type":"Polygon","coordinates":[[[92.8208,27.4126],[92.8841,27.4396],[92.8885,27.4126],[92.883,27.4079],[92.8665,27.4047],[92.8627,27.397],[92.8636,27.3936],[92.8728,27.3893],[92.9133,27.3809],[92.911,27.3736],[92.8956,27.3598],[92.9306,27.3584],[92.9593,27.3666],[93.0068,27.3729],[93.0284,27.4044],[93.0283,27.4238],[93.0233,27.4452],[93.0344,27.4564],[93.0459,27.4593],[93.0558,27.449],[93.0536,27.433],[93.0563,27.4183],[93.0504,27.3969],[93.0293,27.3706],[93.0417,27.3621],[93.0147,27.3488],[93.0075,27.3515],[92.9865,27.3504],[92.9759,27.3444],[92.9769,27.3421],[92.9909,27.3379],[93.0081,27.3406],[93.0837,27.339],[93.0871,27.3274],[93.0856,27.3214],[93.101,27.3116],[93.0691,27.3091],[93.0517,27.3038],[93.0623,27.2953],[93.2136,27.3115],[93.1931,27.2833],[93.1761,27.2348],[93.1563,27.2234],[93.1265,27.2165],[93.1125,27.2086],[93.0751,27.1614],[93.0641,27.1432],[93.053,27.1101],[93.0592,27.0787],[93.0699,27.0561],[93.057,27.0652],[93.0379,27.101],[93.0231,27.1199],[92.9577,27.1817],[92.8989,27.2292],[92.8952,27.2487],[92.8993,27.2529],[92.894,27.2586],[92.8961,27.2664],[92.888,27.2708],[92.8855,27.2756],[92.8901,27.2811],[92.8771,27.2903],[92.8431,27.2901],[92.8436,27.298],[92.84,27.3039],[92.8208,27.3129],[92.8048,27.329],[92.807,27.3329],[92.8052,27.3456],[92.8004,27.3502],[92.8054,27.3511],[92.8052,27.3577],[92.8148,27.3546],[92.8122,27.3791],[92.8231,27.3788],[92.8208,27.4126]]]}},{"type":"Feature","bbox":[92.5902,26.9135,93.3986,27.3553],"properties":{"kind":"ac","ac":12,"name":"Pakke-Kessang","pc":"Arunachal West","mla":"Biyuram Wahge","mla_party":"BJP","mp":"Kiren Rijiju","mp_party":"BJP"},"geometry":{"type":"Polygon","coordinates":[[[93.3183,27.3493],[93.3032,27.3412],[93.295,27.3303],[93.2883,27.3277],[93.2918,27.3244],[93.2908,27.3138],[93.294,27.3078],[93.2908,27.303],[93.2942,27.2898],[93.2686,27.277],[93.2536,27.2729],[93.2504,27.2694],[93.2529,27.2653],[93.2257,27.2519],[93.2338,27.2381],[93.2241,27.2352],[93.2225,27.2262],[93.226,27.2208],[93.2195,27.2157],[93.222,27.2039],[93.2195,27.1999],[93.2275,27.1964],[93.274,27.2109],[93.2818,27.1996],[93.3006,27.1866],[93.2988,27.1812],[93.3009,27.1788],[93.3117,27.1729],[93.2933,27.1628],[93.2764,27.1603],[93.2697,27.1536],[93.2468,27.1552],[93.235,27.1437],[93.2143,27.1379],[93.2112,27.1303],[93.212,27.1176],[93.2147,27.1138],[93.2308,27.1083],[93.251,27.11],[93.2719,27.1036],[93.293,27.0779],[93.2994,27.0762],[93.3125,27.0794],[93.3424,27.0367],[93.34,27.0323],[93.3427,27.024],[93.3408,27.0167],[93.3441,27.0109],[93.3393,27.0069],[93.3398,26.9929],[93.3647,26.9824],[93.3806,26.9849],[93.3783,26.9759],[93.3877,26.9736],[93.3925,26.9648],[93.3909,26.9584],[93.3963,26.9578],[93.3986,26.9572],[93.3235,26.9601],[93.2616,26.9536],[93.107,26.9256],[93.0882,26.9146],[93.0631,26.9222],[93.0223,26.9135],[92.9799,26.9373],[92.9177,26.9628],[92.9157,26.9747],[92.9183,26.9828],[92.887,26.9998],[92.832,27.0122],[92.805,27.0247],[92.7694,27.0332],[92.7127,27.0266],[92.661,27.0381],[92.6464,27.0146],[92.6355,27.024],[92.6238,27.0288],[92.5977,27.053],[92.5902,27.0791],[92.6002,27.0971],[92.5942,27.1047],[92.6018,27.1082],[92.6016,27.1199],[92.607,27.1256],[92.608,27.1403],[92.6172,27.1462],[92.6499,27.152],[92.688,27.1658],[92.6972,27.1726],[92.7167,27.176],[92.7495,27.1945],[92.7659,27.1934],[92.7827,27.1789],[92.8147,27.1764],[92.815,27.1922],[92.8084,27.2],[92.816,27.2035],[92.8229,27.2137],[92.8338,27.2141],[92.8343,27.2181],[92.8282,27.2246],[92.8366,27.2325],[92.8255,27.2394],[92.8178,27.2534],[92.8019,27.2558],[92.7995,27.2599],[92.8032,27.2718],[92.8075,27.2729],[92.8027,27.2795],[92.8059,27.2949],[92.8112,27.2966],[92.8211,27.2871],[92.8714,27.291],[92.8771,27.2903],[92.8901,27.2811],[92.8855,27.2756],[92.888,27.2708],[92.8961,27.2664],[92.894,27.2586],[92.8993,27.2529],[92.8952,27.2487],[92.8989,27.2292],[92.9577,27.1817],[93.0231,27.1199],[93.0379,27.101],[93.057,27.0652],[93.0699,27.0561],[93.0555,27.0916],[93.053,27.1101],[93.0563,27.1256],[93.0751,27.1614],[93.1125,27.2086],[93.1265,27.2165],[93.1563,27.2234],[93.1761,27.2348],[93.1889,27.2741],[93.2057,27.3027],[93.2239,27.322],[93.254,27.3449],[93.2708,27.3542],[93.2805,27.3553],[93.3183,27.3493]]]}},{"type":"Feature","bbox":[93.5219,27.0307,93.7759,27.2134],"properties":{"kind":"ac","ac":13,"name":"Itanagar","pc":"Arunachal West","mla":"Techi Kaso","mla_party":"BJP","mp":"Kiren Rijiju","mp_party":"BJP"},"geometry":{"type":"Polygon","coordinates":[[[93.7037,27.2112],[93.7215,27.1931],[93.737,27.1879],[93.7446,27.1539],[93.7759,27.1261],[93.7759,27.1084],[93.7635,27.0918],[93.7527,27.0912],[93.7296,27.0785],[93.7004,27.0715],[93.6766,27.0764],[93.6499,27.0694],[93.6198,27.0575],[93.6035,27.047],[93.591,27.0307],[93.5852,27.0328],[93.5774,27.0399],[93.5521,27.0813],[93.5533,27.0971],[93.5434,27.108],[93.5219,27.1493],[93.5429,27.1454],[93.5531,27.1488],[93.5664,27.1669],[93.5738,27.1939],[93.5847,27.1969],[93.6091,27.1956],[93.6553,27.2002],[93.6916,27.2134],[93.7037,27.2112]]]}},{"type":"Feature","bbox":[93.2112,26.9361,94.2213,27.5359],"properties":{"kind":"ac","ac":14,"name":"Doimukh","pc":"Arunachal West","mla":"Nabam Vivek","mla_party":"People's Party of Arunachal","mp":"Kiren Rijiju","mp_party":"BJP"},"geometry":{"type":"Polygon","coordinates":[[[94.2213,27.5036],[94.2092,27.4928],[94.2015,27.4947],[94.1879,27.4925],[94.1759,27.4822],[94.1564,27.4752],[94.1593,27.4626],[94.1551,27.457],[94.1171,27.4293],[94.1039,27.4133],[94.0893,27.4067],[94.0759,27.39],[94.0687,27.3727],[94.06,27.3619],[94.0301,27.3457],[94.022,27.3462],[93.9843,27.3228],[93.8963,27.2345],[93.8695,27.2026],[93.8322,27.1694],[93.825,27.1687],[93.806,27.1516],[93.8065,27.1401],[93.796,27.1386],[93.7944,27.1343],[93.7971,27.1287],[93.8024,27.1324],[93.8128,27.1297],[93.8102,27.1223],[93.82,27.1226],[93.8298,27.1097],[93.8372,27.1079],[93.8373,27.1047],[93.8306,27.1016],[93.8302,27.0982],[93.8351,27.0955],[93.831,27.0916],[93.8321,27.0872],[93.8383,27.0869],[93.8343,27.0825],[93.8375,27.0751],[93.8352,27.0769],[93.8366,27.074],[93.8298,27.0689],[93.8306,27.0661],[93.8245,27.0687],[93.8251,27.063],[93.8155,27.0611],[93.8078,27.0676],[93.8109,27.0597],[93.8031,27.0581],[93.8015,27.0628],[93.8,27.0578],[93.7965,27.0568],[93.7935,27.0603],[93.7947,27.0546],[93.786,27.0516],[93.7816,27.0606],[93.7791,27.0488],[93.7732,27.0591],[93.7712,27.058],[93.771,27.0524],[93.7674,27.0528],[93.7671,27.0397],[93.7226,27.0205],[93.6939,26.989],[93.6648,26.9685],[93.6147,26.9604],[93.5866,26.9504],[93.5605,26.9527],[93.5237,26.9485],[93.4886,26.9361],[93.486,26.9421],[93.4712,26.9367],[93.4622,26.9377],[93.4484,26.9506],[93.3911,26.9583],[93.3925,26.9648],[93.3877,26.9736],[93.3783,26.9759],[93.3806,26.9849],[93.3647,26.9824],[93.3398,26.9929],[93.3393,27.0069],[93.3441,27.0109],[93.3408,27.0167],[93.3427,27.024],[93.34,27.0323],[93.3424,27.0367],[93.3125,27.0794],[93.2994,27.0762],[93.293,27.0779],[93.2719,27.1036],[93.251,27.11],[93.2308,27.1083],[93.2147,27.1138],[93.2121,27.1175],[93.2112,27.1303],[93.2141,27.1377],[93.235,27.1437],[93.2423,27.1532],[93.2491,27.1559],[93.2694,27.1535],[93.2844,27.1635],[93.4421,27.1798],[93.4537,27.177],[93.4645,27.1653],[93.4731,27.1495],[93.5219,27.1493],[93.5434,27.108],[93.5533,27.0971],[93.5521,27.0813],[93.5774,27.0399],[93.591,27.0307],[93.6035,27.047],[93.6198,27.0575],[93.6499,27.0694],[93.6766,27.0764],[93.7004,27.0715],[93.7296,27.0785],[93.7527,27.0912],[93.7635,27.0918],[93.7759,27.1084],[93.7759,27.1261],[93.7446,27.1539],[93.737,27.1879],[93.7215,27.1931],[93.7104,27.202],[93.6985,27.2205],[93.7325,27.2476],[93.7658,27.2606],[93.785,27.2783],[93.8078,27.29],[93.8299,27.2919],[93.8532,27.3108],[93.8681,27.3066],[93.8838,27.3082],[93.933,27.3285],[93.9331,27.3433],[93.9418,27.3552],[93.9398,27.3647],[93.9092,27.3787],[93.831,27.4008],[93.8277,27.4073],[93.8273,27.4248],[93.8498,27.4403],[93.8526,27.465],[93.8888,27.4912],[93.9418,27.5113],[94.0452,27.4993],[94.0685,27.4825],[94.0939,27.4833],[94.1197,27.4974],[94.1388,27.5141],[94.1428,27.5259],[94.1505,27.5306],[94.1909,27.5359],[94.2054,27.5312],[94.2111,27.5124],[94.2213,27.5036]]]}},{"type":"Feature","bbox":[93.2195,27.1455,93.9418,27.6697],"properties":{"kind":"ac","ac":15,"name":"Sagalee","pc":"Arunachal West","mla":"Ratu Techi","mla_party":"BJP","mp":"Kiren Rijiju","mp_party":"BJP"},"geometry":{"type":"Polygon","coordinates":[[[93.5147,27.6502],[93.5624,27.602],[93.6177,27.5322],[93.6074,27.4937],[93.5679,27.472],[93.5554,27.4525],[93.5573,27.438],[93.5694,27.4329],[93.5786,27.4348],[93.5959,27.4009],[93.6003,27.3676],[93.613,27.3573],[93.631,27.3603],[93.6557,27.3484],[93.6658,27.3362],[93.6853,27.3356],[93.7118,27.3466],[93.7407,27.3528],[93.7671,27.3462],[93.7847,27.3505],[93.8065,27.3712],[93.8269,27.3581],[93.8355,27.3635],[93.8352,27.3925],[93.831,27.4008],[93.9092,27.3787],[93.9398,27.3647],[93.9418,27.3552],[93.9331,27.3433],[93.933,27.3285],[93.8838,27.3082],[93.8681,27.3066],[93.8532,27.3108],[93.8299,27.2919],[93.8078,27.29],[93.785,27.2783],[93.7658,27.2606],[93.7325,27.2476],[93.6985,27.2205],[93.7037,27.2112],[93.6916,27.2134],[93.6553,27.2002],[93.6091,27.1956],[93.5847,27.1969],[93.5738,27.1939],[93.5664,27.1669],[93.5478,27.1455],[93.5193,27.1495],[93.4731,27.1495],[93.4645,27.1653],[93.4537,27.177],[93.4421,27.1798],[93.2958,27.1647],[93.3117,27.173],[93.3009,27.1788],[93.2988,27.1812],[93.3006,27.1866],[93.2818,27.1996],[93.274,27.2109],[93.2279,27.1965],[93.2196,27.1996],[93.222,27.2039],[93.2195,27.2157],[93.226,27.2208],[93.2225,27.2262],[93.224,27.235],[93.2338,27.2381],[93.2264,27.2475],[93.2263,27.2526],[93.2529,27.2653],[93.2504,27.2694],[93.2536,27.2729],[93.2686,27.277],[93.2943,27.29],[93.2908,27.303],[93.294,27.3078],[93.2908,27.3138],[93.2918,27.3244],[93.2883,27.3278],[93.295,27.3303],[93.3032,27.3412],[93.3226,27.3525],[93.3396,27.3558],[93.3739,27.3701],[93.3675,27.3791],[93.3732,27.3904],[93.3681,27.4049],[93.3701,27.4154],[93.3635,27.4204],[93.3462,27.4256],[93.3346,27.4345],[93.33,27.4424],[93.3147,27.4413],[93.3235,27.4495],[93.3274,27.4607],[93.3222,27.4669],[93.3188,27.4821],[93.3208,27.4871],[93.316,27.4909],[93.3107,27.5047],[93.3061,27.5062],[93.3021,27.5171],[93.2942,27.5214],[93.3159,27.5333],[93.3183,27.5444],[93.3286,27.5496],[93.3306,27.5564],[93.3177,27.5671],[93.3107,27.5676],[93.3002,27.5789],[93.2821,27.5771],[93.2841,27.588],[93.2734,27.5909],[93.2718,27.5949],[93.2594,27.5934],[93.2404,27.6035],[93.2282,27.6026],[93.2291,27.6044],[93.2913,27.6577],[93.3293,27.6697],[93.3992,27.6653],[93.5147,27.6502]]]}},{"type":"Feature","bbox":[93.5147,27.3356,93.9991,27.7289],"properties":{"kind":"ac","ac":16,"name":"Yachuli","pc":"Arunachal West","mla":"Toko Tatung","mla_party":"NCP","mp":"Kiren Rijiju","mp_party":"BJP"},"geometry":{"type":"Polygon","coordinates":[[[93.9837,27.6334],[93.9224,27.6244],[93.9032,27.6166],[93.834,27.6268],[93.8221,27.6255],[93.7952,27.6118],[93.7905,27.6001],[93.7987,27.5812],[93.8496,27.52],[93.8628,27.5137],[93.8892,27.4914],[93.8526,27.465],[93.8498,27.4403],[93.8273,27.4248],[93.8277,27.4073],[93.8352,27.3925],[93.8355,27.3635],[93.8269,27.3581],[93.8065,27.3712],[93.7847,27.3505],[93.7671,27.3462],[93.7407,27.3528],[93.7118,27.3466],[93.6853,27.3356],[93.6658,27.3362],[93.6557,27.3484],[93.631,27.3603],[93.613,27.3573],[93.6003,27.3676],[93.5959,27.4009],[93.5786,27.4348],[93.5694,27.4329],[93.5573,27.438],[93.5554,27.4525],[93.5679,27.472],[93.6074,27.4937],[93.6177,27.5322],[93.5624,27.602],[93.5147,27.6502],[93.6119,27.668],[93.6311,27.6472],[93.6621,27.643],[93.6858,27.6484],[93.7233,27.6731],[93.7751,27.6627],[93.8131,27.6918],[93.8702,27.7],[93.8891,27.7057],[93.913,27.7272],[93.9238,27.7289],[93.9434,27.7175],[93.9803,27.7227],[93.9922,27.7189],[93.9987,27.7112],[93.9991,27.7027],[93.9791,27.6593],[93.9776,27.6441],[93.9837,27.6334]]]}},{"type":"Feature","bbox":[93.7905,27.4914,94.0599,27.6334],"properties":{"kind":"ac","ac":17,"name":"Ziro\u2013Hapoli","pc":"Arunachal West","mla":"Hage Appa","mla_party":"BJP","mp":"Kiren Rijiju","mp_party":"BJP"},"geometry":{"type":"Polygon","coordinates":[[[94.0435,27.4995],[93.9418,27.5113],[93.8892,27.4914],[93.8628,27.5137],[93.8496,27.52],[93.7987,27.5812],[93.7905,27.6001],[93.792,27.6064],[93.7952,27.6118],[93.8107,27.6204],[93.834,27.6268],[93.9032,27.6166],[93.9224,27.6244],[93.9837,27.6334],[94.0474,27.6267],[94.0586,27.6148],[94.0599,27.6028],[94.0515,27.5769],[94.0435,27.4995]]]}},{"type":"Feature","bbox":[93.5324,27.643,93.9843,27.9794],"properties":{"kind":"ac","ac":18,"name":"Palin","pc":"Arunachal West","mla":"Balo Raja","mla_party":"BJP","mp":"Kiren Rijiju","mp_party":"BJP"},"geometry":{"type":"Polygon","coordinates":[[[93.9257,27.8711],[93.9106,27.8377],[93.9112,27.8259],[93.9167,27.8183],[93.9446,27.8033],[93.9565,27.7838],[93.9745,27.773],[93.9827,27.7637],[93.9843,27.7513],[93.9788,27.7423],[93.968,27.7369],[93.913,27.7272],[93.8891,27.7057],[93.8702,27.7],[93.8131,27.6918],[93.7751,27.6627],[93.7233,27.6731],[93.6858,27.6484],[93.6621,27.643],[93.6311,27.6472],[93.6119,27.668],[93.5387,27.6546],[93.5324,27.6738],[93.5421,27.7086],[93.567,27.7632],[93.5978,27.8083],[93.5958,27.8407],[93.5847,27.8771],[93.6015,27.9291],[93.6081,27.9649],[93.6311,27.9794],[93.673,27.9745],[93.7109,27.9745],[93.7241,27.9519],[93.7495,27.9356],[93.784,27.9408],[93.819,27.9396],[93.8287,27.9367],[93.8399,27.9201],[93.8542,27.9076],[93.8773,27.9016],[93.8932,27.8896],[93.9139,27.8812],[93.9257,27.8711]]]}},{"type":"Feature","bbox":[93.1953,27.6148,93.6081,28.0172],"properties":{"kind":"ac","ac":19,"name":"Nyapin","pc":"Arunachal West","mla":"Tai Nikio","mla_party":"BJP","mp":"Kiren Rijiju","mp_party":"BJP"},"geometry":{"type":"Polygon","coordinates":[[[93.6081,27.9649],[93.6015,27.9291],[93.5847,27.8771],[93.5958,27.8407],[93.5978,27.8083],[93.567,27.7632],[93.5421,27.7086],[93.5324,27.6738],[93.5387,27.6546],[93.5147,27.6502],[93.3992,27.6653],[93.3293,27.6697],[93.2913,27.6577],[93.2486,27.6208],[93.2387,27.6148],[93.2346,27.6189],[93.2342,27.6286],[93.2279,27.6375],[93.2295,27.6463],[93.2131,27.6551],[93.1953,27.6749],[93.2004,27.6837],[93.2096,27.6898],[93.2077,27.6945],[93.2238,27.7113],[93.2204,27.7181],[93.2072,27.7273],[93.2016,27.7271],[93.2011,27.7299],[93.2145,27.751],[93.2248,27.7598],[93.2234,27.7667],[93.2327,27.7791],[93.2332,27.7886],[93.2388,27.8009],[93.2293,27.8129],[93.2288,27.8188],[93.2936,27.823],[93.3475,27.8388],[93.4115,27.8421],[93.4519,27.8565],[93.4815,27.8622],[93.5065,27.8611],[93.4993,27.9039],[93.4904,27.9084],[93.4884,27.9214],[93.5,27.9369],[93.5249,27.9539],[93.5526,27.9835],[93.5711,28.0148],[93.5758,28.0172],[93.6059,28.0129],[93.6081,27.9649]]]}},{"type":"Feature","bbox":[93.464,27.8711,94.0155,28.322],"properties":{"kind":"ac","ac":20,"name":"Tali","pc":"Arunachal West","mla":"Jikke Tako","mla_party":"BJP","mp":"Kiren Rijiju","mp_party":"BJP"},"geometry":{"type":"Polygon","coordinates":[[[93.497,28.2768],[93.5124,28.2681],[93.5318,28.2702],[93.5453,28.2673],[93.5543,28.2592],[93.5651,28.2638],[93.5668,28.259],[93.5767,28.2665],[93.5907,28.2706],[93.6133,28.2725],[93.6249,28.2927],[93.6277,28.3069],[93.6346,28.3082],[93.6471,28.3033],[93.6602,28.3047],[93.6677,28.3154],[93.6799,28.322],[93.722,28.2913],[93.7461,28.2846],[93.7656,28.2629],[93.8181,28.249],[93.8395,28.2392],[93.8465,28.2078],[93.8761,28.161],[93.8926,28.1288],[93.8805,28.1257],[93.8764,28.1209],[93.8762,28.1152],[93.8808,28.1078],[93.8627,28.0924],[93.8546,28.0813],[93.8747,28.0732],[93.874,28.0534],[93.888,28.0379],[93.9097,28.0294],[93.9124,28.0128],[93.941,28.0004],[93.9451,27.9931],[93.9439,27.986],[93.949,27.9807],[93.9611,27.9813],[93.9878,27.975],[94.0155,27.9553],[94.0103,27.9501],[93.9804,27.9426],[93.9611,27.923],[93.938,27.9189],[93.911,27.9207],[93.8909,27.9163],[93.8826,27.9097],[93.8835,27.9007],[93.8907,27.8973],[93.9096,27.8967],[93.9218,27.8928],[93.9272,27.8851],[93.9257,27.8711],[93.9139,27.8812],[93.8932,27.8896],[93.8773,27.9016],[93.8542,27.9076],[93.8399,27.9201],[93.8287,27.9367],[93.819,27.9396],[93.784,27.9408],[93.7495,27.9356],[93.744,27.9379],[93.7241,27.9519],[93.7109,27.9745],[93.673,27.9745],[93.6311,27.9794],[93.6081,27.9649],[93.6059,28.0129],[93.576,28.0845],[93.5355,28.1302],[93.5058,28.1778],[93.464,28.2731],[93.4717,28.2758],[93.4761,28.2812],[93.497,28.2768]]]}},{"type":"Feature","bbox":[92.6629,27.8093,93.6059,28.3671],"properties":{"kind":"ac","ac":21,"name":"Koloriang","pc":"Arunachal West","mla":"Pani Taram","mla_party":"BJP","mp":"Kiren Rijiju","mp_party":"BJP"},"geometry":{"type":"Polygon","coordinates":[[[93.464,28.2731],[93.5058,28.1778],[93.5355,28.1302],[93.576,28.0845],[93.6059,28.0129],[93.5837,28.0177],[93.5711,28.0148],[93.5526,27.9835],[93.5249,27.9539],[93.5111,27.9465],[93.4926,27.9286],[93.4879,27.9144],[93.4904,27.9084],[93.4993,27.9039],[93.5065,27.8611],[93.4815,27.8622],[93.4519,27.8565],[93.4115,27.8421],[93.3475,27.8388],[93.2936,27.823],[93.2288,27.8188],[93.2233,27.8207],[93.2173,27.8322],[93.1919,27.8461],[93.1872,27.8417],[93.1867,27.8322],[93.1759,27.8214],[93.1638,27.8212],[93.1572,27.8176],[93.1529,27.8212],[93.1306,27.8224],[93.1228,27.8168],[93.1109,27.8177],[93.096,27.8093],[93.0908,27.8109],[93.0747,27.827],[93.0116,27.8225],[93.0078,27.8277],[93.0035,27.8283],[92.9789,27.8237],[92.9662,27.8309],[92.9605,27.8455],[92.9463,27.8466],[92.9442,27.8507],[92.9429,27.8594],[92.9376,27.8662],[92.9384,27.8713],[92.9314,27.8783],[92.9311,27.9021],[92.9272,27.9103],[92.933,27.9173],[92.9315,27.925],[92.9237,27.9249],[92.9083,27.9294],[92.9013,27.9349],[92.8889,27.9366],[92.8689,27.9493],[92.8656,27.9459],[92.86,27.9501],[92.8599,27.9583],[92.8404,27.9591],[92.8372,27.9617],[92.8329,27.9572],[92.8174,27.9606],[92.7865,27.952],[92.7812,27.956],[92.7568,27.9578],[92.7342,27.9767],[92.741,27.9889],[92.7294,28.001],[92.7112,28.0328],[92.683,28.0582],[92.6647,28.0624],[92.6629,28.0673],[92.682,28.1176],[92.6889,28.1254],[92.7384,28.1512],[92.7849,28.1834],[92.8015,28.2019],[92.8094,28.2037],[92.818,28.2012],[92.8212,28.197],[92.8195,28.1839],[92.8231,28.1735],[92.8298,28.1711],[92.897,28.2042],[92.9071,28.2148],[92.9148,28.2346],[92.9247,28.2422],[92.9436,28.2482],[92.9664,28.2614],[92.9763,28.2592],[92.9878,28.2509],[92.9917,28.234],[92.9964,28.2298],[93.0021,28.2303],[93.0355,28.2627],[93.0238,28.2995],[93.0255,28.3028],[93.0481,28.302],[93.0739,28.3088],[93.0972,28.3066],[93.1139,28.315],[93.1266,28.3263],[93.1567,28.318],[93.1955,28.3175],[93.2086,28.3227],[93.2216,28.335],[93.2265,28.3357],[93.2293,28.3445],[93.2394,28.3509],[93.2457,28.3609],[93.2597,28.3671],[93.2828,28.3649],[93.2848,28.3552],[93.2942,28.3404],[93.3369,28.3534],[93.3442,28.3455],[93.3604,28.3437],[93.3608,28.3299],[93.3785,28.3235],[93.3788,28.3116],[93.3839,28.3128],[93.3862,28.3064],[93.4001,28.3092],[93.4085,28.3068],[93.4143,28.2885],[93.4317,28.28],[93.4452,28.2832],[93.453,28.272],[93.464,28.2731]]]}},{"type":"Feature","bbox":[93.183,28.2465,94.0592,28.7124],"properties":{"kind":"ac","ac":22,"name":"Nacho","pc":"Arunachal West","mla":"Nakap Nalo","mla_party":"BJP","mp":"Kiren Rijiju","mp_party":"BJP"},"geometry":{"type":"Polygon","coordinates":[[[93.9621,28.7124],[94.0041,28.6747],[94.0156,28.6686],[94.0233,28.6513],[94.0061,28.6218],[94.0014,28.5778],[94.0497,28.5512],[94.0592,28.5488],[94.0286,28.519],[94.0111,28.4853],[94.0144,28.4416],[94.0046,28.4065],[93.9871,28.3733],[93.9318,28.3183],[93.9087,28.3083],[93.9003,28.3007],[93.8903,28.29],[93.8785,28.26],[93.8682,28.2523],[93.8235,28.2465],[93.7656,28.2629],[93.7461,28.2846],[93.722,28.2913],[93.6799,28.322],[93.6677,28.3154],[93.6602,28.3047],[93.6471,28.3033],[93.6346,28.3082],[93.6277,28.3069],[93.6249,28.2927],[93.6116,28.2714],[93.5907,28.2706],[93.5767,28.2665],[93.5671,28.2591],[93.5651,28.2638],[93.5547,28.2591],[93.5453,28.2673],[93.5314,28.2703],[93.5124,28.2681],[93.5018,28.2753],[93.4797,28.2815],[93.4687,28.2738],[93.4552,28.2717],[93.4452,28.2832],[93.4317,28.28],[93.4248,28.2827],[93.4143,28.2885],[93.4085,28.3068],[93.4001,28.3092],[93.3862,28.3064],[93.3839,28.3128],[93.3788,28.3116],[93.3785,28.3235],[93.3608,28.3299],[93.3604,28.3437],[93.3442,28.3455],[93.3369,28.3534],[93.2942,28.3404],[93.2848,28.3552],[93.2828,28.3649],[93.2597,28.3671],[93.2457,28.3609],[93.2394,28.3509],[93.2293,28.3445],[93.2265,28.3357],[93.2216,28.335],[93.2245,28.3405],[93.2211,28.361],[93.2241,28.3775],[93.2334,28.4002],[93.2277,28.4079],[93.183,28.4324],[93.1846,28.4396],[93.2095,28.4519],[93.2373,28.4824],[93.2779,28.5045],[93.291,28.5431],[93.3074,28.566],[93.2997,28.5918],[93.3021,28.5993],[93.3299,28.608],[93.3346,28.6335],[93.3392,28.6399],[93.3531,28.6386],[93.4141,28.6526],[93.432,28.662],[93.4479,28.6758],[93.459,28.6681],[93.4689,28.6518],[93.4764,28.6533],[93.4814,28.6747],[93.4933,28.6837],[93.5114,28.6795],[93.5206,28.6735],[93.5266,28.6609],[93.5359,28.6585],[93.609,28.6555],[93.6221,28.6573],[93.6875,28.6789],[93.7016,28.6795],[93.7335,28.6888],[93.7771,28.668],[93.7872,28.6708],[93.8207,28.6943],[93.8459,28.7068],[93.8671,28.7031],[93.9059,28.676],[93.9213,28.6697],[93.9363,28.6764],[93.9587,28.704],[93.9621,28.7124]]]}},{"type":"Feature","bbox":[93.8682,28.0457,94.4169,28.5488],"properties":{"kind":"ac","ac":23,"name":"Taliha","pc":"Arunachal West","mla":"Nyato Dukam","mla_party":"BJP","mp":"Kiren Rijiju","mp_party":"BJP"},"geometry":{"type":"Polygon","coordinates":[[[94.0592,28.5488],[94.0715,28.5393],[94.0851,28.5338],[94.0968,28.5361],[94.1031,28.5254],[94.1073,28.5244],[94.109,28.5032],[94.1056,28.4976],[94.1114,28.4892],[94.1148,28.4758],[94.1264,28.4671],[94.1327,28.4515],[94.1391,28.4445],[94.1518,28.4362],[94.1626,28.4324],[94.1733,28.4351],[94.1845,28.4295],[94.2192,28.4363],[94.2316,28.4282],[94.2367,28.4336],[94.2367,28.4419],[94.2417,28.4468],[94.2675,28.4323],[94.2928,28.4288],[94.2964,28.4228],[94.3085,28.417],[94.3017,28.396],[94.3085,28.3756],[94.3221,28.3687],[94.3296,28.3579],[94.3679,28.3532],[94.3766,28.3406],[94.3861,28.3359],[94.4013,28.3404],[94.4032,28.3279],[94.3776,28.309],[94.3748,28.295],[94.3898,28.2786],[94.3941,28.2636],[94.4169,28.2543],[94.4041,28.253],[94.3834,28.2581],[94.3692,28.2442],[94.3677,28.2115],[94.3649,28.2073],[94.1833,28.1505],[94.1854,28.1346],[94.1821,28.1196],[94.1673,28.104],[94.1342,28.0794],[94.108,28.0491],[94.0978,28.0457],[94.0909,28.0473],[94.0623,28.0665],[94.0243,28.0827],[94.0182,28.0958],[94.0062,28.1608],[93.9934,28.1812],[93.9588,28.2045],[93.8682,28.2523],[93.8785,28.26],[93.8903,28.29],[93.9003,28.3007],[93.9087,28.3083],[93.9318,28.3183],[93.9871,28.3733],[94.0046,28.4065],[94.0144,28.4416],[94.0111,28.4853],[94.0286,28.519],[94.0592,28.5488]]]}},{"type":"Feature","bbox":[93.8235,27.9548,94.2447,28.2523],"properties":{"kind":"ac","ac":24,"name":"Daporijo","pc":"Arunachal West","mla":"Taniya Soki","mla_party":"BJP","mp":"Kiren Rijiju","mp_party":"BJP"},"geometry":{"type":"Polygon","coordinates":[[[93.8682,28.2523],[93.9588,28.2045],[93.9934,28.1812],[94.0062,28.1608],[94.0182,28.0958],[94.0243,28.0827],[94.0723,28.0614],[94.0909,28.0473],[94.0978,28.0457],[94.108,28.0491],[94.1342,28.0794],[94.1673,28.104],[94.1821,28.1196],[94.1854,28.1346],[94.1901,28.1103],[94.2139,28.0906],[94.2164,28.0639],[94.2308,28.0418],[94.2433,28.0136],[94.2447,28.0055],[94.2369,27.9806],[94.242,27.9694],[94.2088,27.9704],[94.1684,27.9613],[94.1411,27.9598],[94.0914,27.9882],[94.084,27.9946],[94.079,28.0061],[94.0642,28.0235],[94.0515,28.0292],[94.0296,28.0317],[94.0178,28.0256],[94.0118,28.0115],[94.0129,28.0073],[94.0159,28.0039],[94.0498,28.0028],[94.0534,27.9991],[94.054,27.9865],[94.0516,27.98],[94.0255,27.9657],[94.018,27.9548],[94.011,27.9563],[93.9878,27.975],[93.9611,27.9813],[93.949,27.9807],[93.9439,27.986],[93.9451,27.9931],[93.941,28.0004],[93.9124,28.0128],[93.9097,28.0294],[93.888,28.0379],[93.874,28.0534],[93.8747,28.0732],[93.8538,28.0834],[93.8808,28.1078],[93.8762,28.1152],[93.8805,28.1257],[93.8926,28.1288],[93.8761,28.161],[93.8465,28.2078],[93.8408,28.2298],[93.8418,28.2363],[93.8235,28.2465],[93.8682,28.2523]]]}},{"type":"Feature","bbox":[93.8826,27.4825,94.3563,28.0317],"properties":{"kind":"ac","ac":25,"name":"Raga","pc":"Arunachal West","mla":"Rotom Tebin","mla_party":"BJP","mp":"Kiren Rijiju","mp_party":"BJP"},"geometry":{"type":"Polygon","coordinates":[[[94.2527,27.8082],[94.2607,27.8123],[94.2731,27.81],[94.3182,27.7763],[94.3121,27.7562],[94.3128,27.7404],[94.3346,27.7253],[94.3391,27.7254],[94.3472,27.732],[94.3537,27.7305],[94.3563,27.7249],[94.3538,27.717],[94.3172,27.702],[94.3071,27.6886],[94.2794,27.6697],[94.2639,27.6628],[94.2578,27.655],[94.2445,27.6492],[94.2281,27.6355],[94.2095,27.6088],[94.2125,27.6014],[94.2264,27.5986],[94.222,27.5881],[94.2259,27.5745],[94.237,27.5688],[94.2476,27.5684],[94.2582,27.5559],[94.2569,27.5374],[94.2677,27.5208],[94.2344,27.5121],[94.2213,27.5036],[94.2111,27.5124],[94.2054,27.5312],[94.1909,27.5359],[94.1505,27.5306],[94.1428,27.5259],[94.1388,27.5141],[94.1197,27.4974],[94.0939,27.4833],[94.0685,27.4825],[94.0435,27.4995],[94.0515,27.5769],[94.0599,27.6028],[94.0586,27.6148],[94.0474,27.6267],[94.0349,27.6298],[93.9837,27.6334],[93.9776,27.6441],[93.9791,27.6593],[93.9991,27.7027],[93.9987,27.7112],[93.9922,27.7189],[93.9803,27.7227],[93.9434,27.7175],[93.9238,27.7289],[93.968,27.7369],[93.9788,27.7423],[93.9843,27.7513],[93.9827,27.7637],[93.9745,27.773],[93.9565,27.7838],[93.9446,27.8033],[93.9167,27.8183],[93.9112,27.8259],[93.9106,27.8377],[93.9274,27.875],[93.9272,27.8851],[93.9218,27.8928],[93.8835,27.9007],[93.8826,27.9097],[93.8909,27.9163],[93.911,27.9207],[93.938,27.9189],[93.9611,27.923],[93.9804,27.9426],[94.0103,27.9501],[94.018,27.9548],[94.0255,27.9657],[94.0516,27.98],[94.0545,27.9931],[94.0498,28.0028],[94.0159,28.0039],[94.0118,28.0115],[94.0178,28.0256],[94.0296,28.0317],[94.0515,28.0292],[94.0642,28.0235],[94.079,28.0061],[94.084,27.9946],[94.0914,27.9882],[94.1411,27.9598],[94.1684,27.9613],[94.2088,27.9704],[94.2328,27.9684],[94.2614,27.9563],[94.2867,27.934],[94.2998,27.9164],[94.3048,27.9022],[94.2376,27.8162],[94.239,27.8094],[94.2527,27.8082]]]}},{"type":"Feature","bbox":[94.1833,27.7602,94.5948,28.2073],"properties":{"kind":"ac","ac":26,"name":"Dumporijo","pc":"Arunachal West","mla":"Rode Bui","mla_party":"BJP","mp":"Kiren Rijiju","mp_party":"BJP"},"geometry":{"type":"Polygon","coordinates":[[[94.3649,28.2073],[94.3564,28.1986],[94.3607,28.1906],[94.3744,28.1811],[94.3777,28.1587],[94.3914,28.142],[94.3865,28.1211],[94.3976,28.1048],[94.3918,28.0828],[94.3993,28.08],[94.4083,28.0692],[94.4393,28.061],[94.467,28.0488],[94.4842,28.0218],[94.5062,28.0194],[94.5129,28.0155],[94.532,27.986],[94.5253,27.9772],[94.5227,27.9665],[94.5251,27.9583],[94.5358,27.944],[94.5377,27.9334],[94.558,27.9025],[94.5929,27.8901],[94.5948,27.8708],[94.5891,27.8617],[94.5771,27.8561],[94.5592,27.8563],[94.5335,27.85],[94.5037,27.8364],[94.4924,27.8405],[94.48,27.8389],[94.4772,27.8353],[94.4699,27.8382],[94.4562,27.8284],[94.4441,27.8287],[94.4385,27.8129],[94.4139,27.8098],[94.4114,27.806],[94.4048,27.8055],[94.406,27.8014],[94.3947,27.7966],[94.3868,27.7994],[94.382,27.7974],[94.38,27.7918],[94.3736,27.7897],[94.366,27.7797],[94.3348,27.7602],[94.3293,27.7607],[94.3202,27.7752],[94.2731,27.81],[94.2612,27.8123],[94.2527,27.8082],[94.239,27.8094],[94.2376,27.8162],[94.2984,27.8911],[94.3048,27.9022],[94.3041,27.908],[94.2944,27.925],[94.2755,27.9447],[94.2473,27.9642],[94.2328,27.9684],[94.242,27.9694],[94.2369,27.9806],[94.2447,28.0055],[94.2433,28.0136],[94.2308,28.0418],[94.2164,28.0639],[94.2139,28.0906],[94.1901,28.1103],[94.1833,28.1505],[94.3649,28.2073]]]}},{"type":"Feature","bbox":[94.3564,28.0544,94.7314,28.4152],"properties":{"kind":"ac","ac":27,"name":"Liromoba","pc":"Arunachal West","mla":"Pesi Jilen","mla_party":"People's Party of Arunachal","mp":"Kiren Rijiju","mp_party":"BJP"},"geometry":{"type":"Polygon","coordinates":[[[94.4471,28.4152],[94.49,28.373],[94.5498,28.3348],[94.5595,28.3252],[94.5989,28.3203],[94.6399,28.2991],[94.6752,28.3039],[94.6981,28.3013],[94.711,28.2954],[94.7245,28.2815],[94.7314,28.2677],[94.731,28.2481],[94.695,28.1946],[94.7055,28.1761],[94.7114,28.1572],[94.7105,28.1482],[94.6962,28.1288],[94.6774,28.1205],[94.6304,28.1082],[94.5615,28.0714],[94.5194,28.0562],[94.4543,28.0544],[94.4083,28.0692],[94.3993,28.08],[94.3918,28.0828],[94.3976,28.1048],[94.3865,28.1211],[94.3914,28.142],[94.3777,28.1587],[94.3744,28.1811],[94.3607,28.1906],[94.3564,28.1986],[94.3677,28.2115],[94.3692,28.2442],[94.3834,28.2581],[94.4041,28.253],[94.4169,28.2543],[94.3941,28.2636],[94.3926,28.2737],[94.3748,28.295],[94.3747,28.2998],[94.3776,28.309],[94.4032,28.3279],[94.4016,28.3385],[94.44,28.3863],[94.4471,28.4152]]]}},{"type":"Feature","bbox":[94.2093,27.5555,94.8956,27.8901],"properties":{"kind":"ac","ac":28,"name":"Likabali","pc":"Arunachal West","mla":"Kardo Nyigyor","mla_party":"BJP","mp":"Kiren Rijiju","mp_party":"BJP"},"geometry":{"type":"Polygon","coordinates":[[[94.5929,27.8901],[94.6581,27.884],[94.6598,27.8763],[94.6705,27.8609],[94.6824,27.851],[94.7096,27.8322],[94.7353,27.8218],[94.8096,27.808],[94.8956,27.808],[94.8956,27.8013],[94.8842,27.7847],[94.873,27.7802],[94.8591,27.7575],[94.8591,27.7507],[94.8702,27.7333],[94.8521,27.7273],[94.8478,27.7059],[94.8416,27.7012],[94.8212,27.6922],[94.794,27.6956],[94.7899,27.6861],[94.7795,27.6803],[94.7691,27.6797],[94.7611,27.6654],[94.7542,27.6609],[94.7419,27.6599],[94.7296,27.6644],[94.7252,27.6693],[94.7199,27.6664],[94.7168,27.6584],[94.7099,27.6569],[94.699,27.662],[94.691,27.662],[94.6881,27.6654],[94.6839,27.6598],[94.6868,27.6509],[94.6825,27.6461],[94.6644,27.6464],[94.6468,27.6385],[94.6423,27.6307],[94.6331,27.6243],[94.6235,27.6276],[94.6068,27.6188],[94.6029,27.6213],[94.5998,27.6184],[94.5871,27.6186],[94.5742,27.6041],[94.5694,27.6024],[94.5619,27.6051],[94.5545,27.6008],[94.545,27.6012],[94.5356,27.5927],[94.5318,27.5946],[94.5292,27.5915],[94.522,27.5916],[94.5211,27.5845],[94.5023,27.5776],[94.4987,27.5724],[94.4771,27.5763],[94.4619,27.5555],[94.4555,27.5612],[94.4517,27.5716],[94.4321,27.5892],[94.4324,27.6009],[94.4181,27.5978],[94.4023,27.5852],[94.3915,27.5887],[94.3877,27.5837],[94.38,27.5805],[94.3763,27.582],[94.3661,27.5743],[94.35,27.5773],[94.3451,27.5824],[94.3363,27.5791],[94.3332,27.5865],[94.3243,27.5847],[94.3214,27.5889],[94.3089,27.591],[94.2988,27.6021],[94.2899,27.5966],[94.2873,27.5891],[94.2775,27.5893],[94.2709,27.6043],[94.256,27.6107],[94.254,27.6146],[94.2607,27.6182],[94.2606,27.6227],[94.2654,27.6238],[94.2669,27.6295],[94.2615,27.6359],[94.2512,27.6379],[94.247,27.6332],[94.236,27.632],[94.2193,27.6098],[94.2093,27.6077],[94.2281,27.6355],[94.2445,27.6492],[94.2578,27.655],[94.2639,27.6628],[94.2794,27.6697],[94.3071,27.6886],[94.3172,27.702],[94.354,27.7173],[94.3563,27.7249],[94.3529,27.731],[94.3468,27.7319],[94.3355,27.725],[94.3124,27.741],[94.3121,27.7562],[94.3182,27.7763],[94.3293,27.7607],[94.335,27.7602],[94.366,27.7797],[94.3736,27.7897],[94.38,27.7918],[94.382,27.7974],[94.3868,27.7994],[94.3947,27.7966],[94.406,27.8014],[94.4048,27.8055],[94.4114,27.806],[94.4139,27.8098],[94.4385,27.8129],[94.4441,27.8287],[94.4562,27.8284],[94.4699,27.8382],[94.4772,27.8353],[94.48,27.8389],[94.4924,27.8405],[94.5037,27.8364],[94.5335,27.85],[94.5592,27.8563],[94.5771,27.8561],[94.5891,27.8617],[94.5948,27.8708],[94.5929,27.8901]]]}},{"type":"Feature","bbox":[94.4543,27.8064,94.957,28.1205],"properties":{"kind":"ac","ac":29,"name":"Basar","pc":"Arunachal West","mla":"Nyabi Jini Dirchi","mla_party":"BJP","mp":"Kiren Rijiju","mp_party":"BJP"},"geometry":{"type":"Polygon","coordinates":[[[94.9174,28.0607],[94.9304,28.0479],[94.9095,28.035],[94.9017,28.0204],[94.8864,28.0123],[94.8803,28.0004],[94.9001,27.9958],[94.9215,27.9975],[94.9277,27.9924],[94.9469,27.987],[94.9505,27.9821],[94.957,27.9809],[94.9554,27.9656],[94.9534,27.9557],[94.9461,27.9493],[94.9468,27.9373],[94.9409,27.9234],[94.9268,27.906],[94.9228,27.8944],[94.9242,27.8895],[94.9055,27.8804],[94.9091,27.8599],[94.9209,27.8606],[94.9289,27.8571],[94.9163,27.8467],[94.9051,27.8424],[94.9089,27.8339],[94.9008,27.8291],[94.9004,27.8229],[94.8907,27.81],[94.8949,27.8083],[94.871,27.8064],[94.8096,27.808],[94.7353,27.8218],[94.7096,27.8322],[94.6824,27.851],[94.6705,27.8609],[94.6598,27.8763],[94.6581,27.884],[94.5929,27.8901],[94.558,27.9025],[94.5377,27.9334],[94.5309,27.9524],[94.5251,27.9583],[94.5227,27.9665],[94.5253,27.9772],[94.532,27.986],[94.5129,28.0155],[94.5062,28.0194],[94.4842,28.0218],[94.467,28.0488],[94.4543,28.0544],[94.5194,28.0562],[94.5615,28.0714],[94.6304,28.1082],[94.6774,28.1205],[94.6764,28.1071],[94.6976,28.0646],[94.7289,28.0481],[94.7908,28.0515],[94.832,28.0442],[94.8714,28.0431],[94.903,28.0522],[94.9174,28.0607]]]}},{"type":"Feature","bbox":[94.6764,28.0481,94.7765,28.2481],"properties":{"kind":"ac","ac":30,"name":"Along West","pc":"Arunachal West","mla":"Topin Ete","mla_party":"BJP","mp":"Kiren Rijiju","mp_party":"BJP"},"geometry":{"type":"Polygon","coordinates":[[[94.7562,28.2207],[94.7531,28.2125],[94.7589,28.1963],[94.754,28.1845],[94.7527,28.1669],[94.7564,28.1472],[94.7705,28.1262],[94.758,28.0871],[94.763,28.0674],[94.7765,28.0508],[94.7289,28.0481],[94.6976,28.0646],[94.6764,28.1071],[94.6774,28.1205],[94.6962,28.1288],[94.7105,28.1482],[94.7093,28.1653],[94.695,28.1946],[94.731,28.2481],[94.7434,28.2315],[94.7562,28.2207]]]}},{"type":"Feature","bbox":[94.7527,28.0431,94.9489,28.2207],"properties":{"kind":"ac","ac":31,"name":"Along East","pc":"Arunachal West","mla":"Kento Jini","mla_party":"BJP","mp":"Kiren Rijiju","mp_party":"BJP"},"geometry":{"type":"Polygon","coordinates":[[[94.8989,28.2145],[94.9092,28.2058],[94.9141,28.1962],[94.9081,28.1589],[94.9169,28.1465],[94.9312,28.1449],[94.9489,28.129],[94.9431,28.1149],[94.928,28.0967],[94.9154,28.0914],[94.9,28.0768],[94.9174,28.0607],[94.903,28.0522],[94.8714,28.0431],[94.832,28.0442],[94.7908,28.0515],[94.7765,28.0508],[94.763,28.0674],[94.758,28.0871],[94.7705,28.1262],[94.7564,28.1472],[94.7527,28.1669],[94.754,28.1845],[94.7589,28.1963],[94.7531,28.2125],[94.7562,28.2207],[94.7986,28.2122],[94.8251,28.2135],[94.8346,28.2088],[94.8481,28.2074],[94.8989,28.2145]]]}},{"type":"Feature","bbox":[94.4471,28.2074,94.9358,28.8107],"properties":{"kind":"ac","ac":32,"name":"Rumgong","pc":"Arunachal West","mla":"Talem Taboh","mla_party":"BJP","mp":"Kiren Rijiju","mp_party":"BJP"},"geometry":{"type":"Polygon","coordinates":[[[94.5351,28.8107],[94.5615,28.8103],[94.5922,28.7919],[94.6078,28.7971],[94.6201,28.7939],[94.6333,28.7843],[94.6339,28.7667],[94.6966,28.7284],[94.7455,28.6864],[94.7477,28.6652],[94.7445,28.6109],[94.7466,28.588],[94.7601,28.56],[94.7775,28.5593],[94.7707,28.5512],[94.762,28.5472],[94.7588,28.534],[94.7483,28.5214],[94.7469,28.5043],[94.7418,28.4983],[94.7517,28.472],[94.7521,28.4669],[94.7462,28.4578],[94.7634,28.4237],[94.7756,28.4249],[94.8063,28.4202],[94.8105,28.4239],[94.8402,28.4153],[94.8698,28.4134],[94.8789,28.4057],[94.8893,28.3639],[94.8894,28.3512],[94.8921,28.3459],[94.898,28.3442],[94.8985,28.3381],[94.9132,28.3104],[94.9128,28.3028],[94.92,28.2958],[94.9224,28.2851],[94.9204,28.2726],[94.9358,28.2513],[94.9349,28.2445],[94.9059,28.2381],[94.8989,28.2323],[94.8924,28.2354],[94.8811,28.2326],[94.8905,28.2274],[94.8989,28.2145],[94.8481,28.2074],[94.8346,28.2088],[94.8251,28.2135],[94.7986,28.2122],[94.7562,28.2207],[94.7434,28.2315],[94.731,28.2481],[94.7298,28.2744],[94.711,28.2954],[94.6981,28.3013],[94.6752,28.3039],[94.6399,28.2991],[94.5989,28.3203],[94.5595,28.3252],[94.5498,28.3348],[94.49,28.373],[94.4471,28.4152],[94.4761,28.4637],[94.4809,28.4898],[94.482,28.5124],[94.4745,28.5894],[94.4792,28.7101],[94.4862,28.7318],[94.5108,28.76],[94.5225,28.7669],[94.5302,28.7815],[94.5351,28.8107]]]}},{"type":"Feature","bbox":[93.9621,28.3359,94.5351,29.0388],"properties":{"kind":"ac","ac":33,"name":"Mechuka","pc":"Arunachal West","mla":"Pasang Dorjee Sona","mla_party":"BJP","mp":"Kiren Rijiju","mp_party":"BJP"},"geometry":{"type":"Polygon","coordinates":[[[94.1873,29.0388],[94.3427,28.9839],[94.3676,28.9566],[94.4799,28.8585],[94.517,28.8366],[94.5153,28.8209],[94.5253,28.8116],[94.5351,28.8107],[94.5302,28.7815],[94.5225,28.7669],[94.5108,28.76],[94.4862,28.7318],[94.4792,28.7101],[94.4745,28.5894],[94.482,28.5124],[94.4761,28.4637],[94.4471,28.4152],[94.44,28.3863],[94.4016,28.3385],[94.3861,28.3359],[94.3766,28.3406],[94.3679,28.3532],[94.3296,28.3579],[94.3221,28.3687],[94.3085,28.3756],[94.3017,28.396],[94.3085,28.417],[94.2964,28.4228],[94.2928,28.4288],[94.2675,28.4323],[94.2417,28.4468],[94.2367,28.4419],[94.2367,28.4336],[94.2316,28.4282],[94.2192,28.4363],[94.1845,28.4295],[94.1733,28.4351],[94.1626,28.4324],[94.1518,28.4362],[94.1391,28.4445],[94.1327,28.4515],[94.1264,28.4671],[94.1148,28.4758],[94.1114,28.4892],[94.1056,28.4976],[94.109,28.5032],[94.1088,28.5213],[94.0968,28.5361],[94.0851,28.5338],[94.0715,28.5393],[94.058,28.5496],[94.0497,28.5512],[94.0014,28.5778],[94.0061,28.6218],[94.0233,28.6513],[94.0156,28.6686],[94.0041,28.6747],[93.9621,28.7124],[93.9673,28.7226],[93.9669,28.7424],[93.9704,28.7508],[94.0033,28.7749],[94.0035,28.7837],[93.9872,28.7978],[93.9875,28.8062],[94.002,28.8193],[93.997,28.8409],[94.0169,28.8507],[94.0321,28.853],[94.0461,28.8734],[94.0686,28.8956],[94.1573,28.9543],[94.1605,28.9737],[94.169,28.9808],[94.1752,28.9914],[94.1742,29.0074],[94.1873,29.0388]]]}},{"type":"Feature","bbox":[94.1873,28.4601,95.3929,29.3485],"properties":{"kind":"ac","ac":34,"name":"Tuting\u2013Yingkiong","pc":"Arunachal East","mla":"Alo Libang","mla_party":"BJP","mp":"Tapir Gao","mp_party":"BJP"},"geometry":{"type":"Polygon","coordinates":[[[95.2678,29.0561],[95.2688,29.0481],[95.2756,29.044],[95.276,29.0289],[95.2654,29.025],[95.2557,29.007],[95.2453,28.9996],[95.2453,28.9886],[95.258,28.9813],[95.2569,28.9703],[95.2633,28.9655],[95.2578,28.9584],[95.257,28.9516],[95.2692,28.9452],[95.2811,28.9459],[95.3014,28.9585],[95.3094,28.9555],[95.3071,28.9465],[95.3149,28.9417],[95.3148,28.9345],[95.3248,28.9322],[95.3274,28.9288],[95.3304,28.9202],[95.3189,28.9115],[95.3266,28.9076],[95.3244,28.9014],[95.3281,28.8952],[95.3255,28.8901],[95.3174,28.8868],[95.3247,28.8776],[95.3222,28.8643],[95.328,28.8579],[95.3277,28.8533],[95.323,28.8508],[95.3238,28.8443],[95.3311,28.8349],[95.3394,28.8351],[95.3463,28.8274],[95.3561,28.8258],[95.3538,28.8181],[95.3607,28.7909],[95.3776,28.779],[95.3731,28.7652],[95.3834,28.7484],[95.3888,28.7479],[95.3929,28.7418],[95.3871,28.7322],[95.3763,28.7283],[95.37,28.7169],[95.3579,28.7114],[95.3495,28.7034],[95.2941,28.6842],[95.2672,28.667],[95.2083,28.6411],[95.1962,28.6229],[95.1878,28.5977],[95.1859,28.5349],[95.1693,28.5111],[95.1097,28.4601],[95.1016,28.4835],[95.1105,28.5008],[95.0841,28.5267],[95.0382,28.5155],[94.9888,28.5292],[94.9724,28.5654],[94.9578,28.5729],[94.9396,28.5692],[94.9016,28.5488],[94.8781,28.5524],[94.8578,28.5639],[94.8368,28.5692],[94.8196,28.5681],[94.8089,28.5623],[94.8037,28.5518],[94.7956,28.5463],[94.7738,28.5353],[94.7588,28.534],[94.762,28.5472],[94.7707,28.5512],[94.7775,28.5593],[94.7601,28.56],[94.7466,28.588],[94.7445,28.6109],[94.7477,28.6652],[94.7455,28.6864],[94.7298,28.7012],[94.6966,28.7284],[94.6339,28.7667],[94.6333,28.7843],[94.6201,28.7939],[94.6078,28.7971],[94.5922,28.7919],[94.5615,28.8103],[94.5253,28.8116],[94.5153,28.8209],[94.517,28.8366],[94.4799,28.8585],[94.3676,28.9566],[94.3427,28.9839],[94.1873,29.0388],[94.2171,29.0838],[94.2601,29.1166],[94.2902,29.148],[94.3594,29.1523],[94.3661,29.157],[94.3701,29.1661],[94.3748,29.19],[94.4164,29.2125],[94.4337,29.2267],[94.4969,29.2164],[94.5355,29.2184],[94.5603,29.2286],[94.5746,29.2503],[94.5764,29.275],[94.5803,29.2806],[94.6079,29.2968],[94.6216,29.3126],[94.6262,29.3455],[94.6308,29.3485],[94.6441,29.3468],[94.6798,29.3276],[94.7135,29.3041],[94.7796,29.2406],[94.793,29.2256],[94.8,29.2094],[94.7949,29.1797],[94.7949,29.1691],[94.8,29.1639],[94.8115,29.166],[94.8486,29.1823],[94.8738,29.1836],[94.9207,29.1615],[94.9695,29.1589],[94.9968,29.14],[95.0245,29.1296],[95.0274,29.1326],[95.02,29.142],[94.9885,29.1727],[94.9993,29.1721],[95.0414,29.1514],[95.1,29.1427],[95.1151,29.12],[95.1233,29.1151],[95.1474,29.1144],[95.179,29.1073],[95.1981,29.1063],[95.2521,29.1085],[95.2492,29.0924],[95.2527,29.0843],[95.2514,29.0671],[95.2678,29.0561]]]}},{"type":"Feature","bbox":[94.7418,28.0016,95.139,28.5729],"properties":{"kind":"ac","ac":35,"name":"Pangin","pc":"Arunachal East","mla":"Ojing Tasing","mla_party":"BJP","mp":"Tapir Gao","mp_party":"BJP"},"geometry":{"type":"Polygon","coordinates":[[[95.1097,28.4601],[95.1045,28.4443],[95.0817,28.4151],[95.0824,28.3952],[95.1043,28.3788],[95.1174,28.3765],[95.1065,28.2634],[95.139,28.2288],[95.1308,28.2169],[95.1368,28.2045],[95.1309,28.1926],[95.1237,28.1324],[95.1022,28.0847],[95.0998,28.0545],[95.093,28.0376],[95.0853,28.0246],[95.0546,28.0016],[95.0424,28.0276],[95.0227,28.0488],[94.9963,28.0593],[94.9241,28.0655],[94.9174,28.0607],[94.9,28.0768],[94.9154,28.0914],[94.928,28.0967],[94.9431,28.1149],[94.9489,28.129],[94.9312,28.1449],[94.9169,28.1465],[94.9081,28.1589],[94.9141,28.1962],[94.9125,28.2011],[94.8905,28.2274],[94.8811,28.2326],[94.8924,28.2354],[94.8989,28.2323],[94.9059,28.2381],[94.9349,28.2445],[94.9358,28.2513],[94.9204,28.2726],[94.9224,28.2851],[94.92,28.2958],[94.9128,28.3028],[94.9132,28.3104],[94.8985,28.3381],[94.898,28.3442],[94.8921,28.3459],[94.8894,28.3512],[94.8893,28.3639],[94.8789,28.4057],[94.8698,28.4134],[94.8402,28.4153],[94.8105,28.4239],[94.8063,28.4202],[94.7756,28.4249],[94.7634,28.4237],[94.7462,28.4578],[94.7521,28.4669],[94.7517,28.472],[94.7418,28.4983],[94.7469,28.5043],[94.7483,28.5214],[94.7588,28.534],[94.7738,28.5353],[94.7956,28.5463],[94.8037,28.5518],[94.8089,28.5623],[94.8196,28.5681],[94.8368,28.5692],[94.8578,28.5639],[94.8781,28.5524],[94.9016,28.5488],[94.9396,28.5692],[94.9578,28.5729],[94.9724,28.5654],[94.9888,28.5292],[95.0382,28.5155],[95.0841,28.5267],[95.1105,28.5008],[95.1016,28.4835],[95.1097,28.4601]]]}},{"type":"Feature","bbox":[94.8591,27.7333,95.1024,28.0655],"properties":{"kind":"ac","ac":36,"name":"Nari-Koyu","pc":"Arunachal East","mla":"Tojir Kadu","mla_party":"BJP","mp":"Tapir Gao","mp_party":"BJP"},"geometry":{"type":"Polygon","coordinates":[[[94.9241,28.0655],[95.0043,28.0568],[95.0227,28.0488],[95.0424,28.0276],[95.0625,27.982],[95.0699,27.9492],[95.0794,27.8427],[95.0891,27.82],[95.1024,27.8049],[94.8702,27.7333],[94.8591,27.7507],[94.8591,27.7575],[94.873,27.7802],[94.8842,27.7847],[94.8956,27.8013],[94.8956,27.808],[94.8907,27.81],[94.9004,27.8229],[94.9008,27.8291],[94.9089,27.8339],[94.9051,27.8424],[94.9163,27.8467],[94.9289,27.8571],[94.9209,27.8606],[94.9091,27.8599],[94.9055,27.8804],[94.9242,27.8895],[94.9228,27.8944],[94.9268,27.906],[94.9409,27.9234],[94.9468,27.9373],[94.9461,27.9493],[94.9534,27.9557],[94.9554,27.9656],[94.957,27.9809],[94.9505,27.9821],[94.9469,27.987],[94.9277,27.9924],[94.9215,27.9975],[94.9001,27.9958],[94.8803,28.0004],[94.8864,28.0123],[94.9017,28.0204],[94.9095,28.035],[94.9304,28.0479],[94.9174,28.0607],[94.9241,28.0655]]]}},{"type":"Feature","bbox":[95.0546,27.8049,95.4776,28.0698],"properties":{"kind":"ac","ac":37,"name":"Pasighat West","pc":"Arunachal East","mla":"Ninong Ering","mla_party":"BJP","mp":"Tapir Gao","mp_party":"BJP"},"geometry":{"type":"Polygon","coordinates":[[[95.4592,27.9961],[95.4677,27.9742],[95.4776,27.8808],[95.4718,27.8672],[95.3795,27.8393],[95.309,27.868],[95.1024,27.8049],[95.0848,27.8277],[95.0766,27.8555],[95.0745,27.9149],[95.0699,27.9492],[95.0625,27.982],[95.0546,28.0016],[95.0853,28.0246],[95.0998,28.0545],[95.0999,28.0688],[95.1394,28.0698],[95.1615,28.062],[95.1794,28.0543],[95.2377,28.0189],[95.2635,28.0103],[95.3353,28.0057],[95.4163,28.0088],[95.4516,28.0015],[95.4592,27.9961]]]}},{"type":"Feature","bbox":[95.0999,27.9874,95.4709,28.2045],"properties":{"kind":"ac","ac":38,"name":"Pasighat East","pc":"Arunachal East","mla":"Tapi Darang","mla_party":"People's Party of Arunachal","mp":"Tapir Gao","mp_party":"BJP"},"geometry":{"type":"Polygon","coordinates":[[[95.2695,28.1964],[95.2817,28.1805],[95.2917,28.1753],[95.3359,28.1722],[95.3593,28.1618],[95.3663,28.153],[95.3675,28.1275],[95.3722,28.1171],[95.3944,28.1044],[95.436,28.0913],[95.4518,28.0747],[95.4631,28.0683],[95.4695,28.0602],[95.4709,28.0471],[95.4649,28.0243],[95.4638,27.9874],[95.4592,27.9961],[95.4516,28.0015],[95.4163,28.0088],[95.3353,28.0057],[95.2635,28.0103],[95.2377,28.0189],[95.1794,28.0543],[95.1615,28.062],[95.1394,28.0698],[95.0999,28.0688],[95.1022,28.0847],[95.1237,28.1324],[95.1309,28.1926],[95.1368,28.2045],[95.1687,28.2005],[95.1782,28.195],[95.1824,28.1898],[95.1836,28.1742],[95.1924,28.1646],[95.2117,28.1544],[95.2239,28.1521],[95.2357,28.1571],[95.2473,28.1703],[95.2596,28.1785],[95.2695,28.1964]]]}},{"type":"Feature","bbox":[95.2695,27.8672,95.5679,28.315],"properties":{"kind":"ac","ac":39,"name":"Mebo","pc":"Arunachal East","mla":"Oken Tayeng","mla_party":"People's Party of Arunachal","mp":"Tapir Gao","mp_party":"BJP"},"geometry":{"type":"Polygon","coordinates":[[[95.3832,28.3121],[95.3893,28.3076],[95.3984,28.315],[95.4366,28.3143],[95.4492,28.3002],[95.4509,28.2881],[95.4625,28.2773],[95.4603,28.2648],[95.4653,28.2575],[95.4726,28.264],[95.4778,28.2642],[95.4819,28.2698],[95.4926,28.2683],[95.5142,28.2739],[95.5165,28.2775],[95.5358,28.2848],[95.543,28.2798],[95.5408,28.2753],[95.5498,28.2757],[95.549,28.2683],[95.5638,28.2554],[95.5597,28.1691],[95.5621,28.1465],[95.5679,28.1342],[95.5677,28.0889],[95.5594,28.0416],[95.5422,28.0162],[95.5397,28.0047],[95.5673,27.9348],[95.563,27.9191],[95.5446,27.9111],[95.542,27.9069],[95.5443,27.9002],[95.5398,27.8967],[95.5337,27.8981],[95.5208,27.8818],[95.4718,27.8672],[95.4776,27.8808],[95.4677,27.9742],[95.4625,27.992],[95.4649,28.0243],[95.4709,28.0471],[95.4695,28.0602],[95.436,28.0913],[95.3944,28.1044],[95.3722,28.1171],[95.3675,28.1275],[95.3663,28.153],[95.3593,28.1618],[95.3359,28.1722],[95.2917,28.1753],[95.2817,28.1805],[95.2695,28.1964],[95.2787,28.2021],[95.2957,28.1988],[95.3031,28.2025],[95.2982,28.2141],[95.3051,28.2239],[95.342,28.2446],[95.3422,28.2673],[95.3462,28.284],[95.3528,28.2922],[95.3832,28.3121]]]}},{"type":"Feature","bbox":[95.0817,28.1521,95.4118,28.7169],"properties":{"kind":"ac","ac":40,"name":"Mariyang-Geku","pc":"Arunachal East","mla":"Oni Panyang","mla_party":"People's Party of Arunachal","mp":"Tapir Gao","mp_party":"BJP"},"geometry":{"type":"Polygon","coordinates":[[[95.3773,28.6162],[95.3837,28.5723],[95.4028,28.5699],[95.4118,28.5505],[95.3953,28.5315],[95.3948,28.5132],[95.3766,28.509],[95.3665,28.4923],[95.353,28.4904],[95.3388,28.4803],[95.3345,28.4682],[95.3367,28.4603],[95.3346,28.4526],[95.3394,28.4409],[95.3346,28.4343],[95.3199,28.4263],[95.3392,28.4069],[95.3379,28.3658],[95.3582,28.3583],[95.3692,28.3583],[95.3687,28.3442],[95.3714,28.3366],[95.3774,28.3337],[95.3743,28.3214],[95.3832,28.3121],[95.3528,28.2922],[95.3462,28.284],[95.3422,28.2673],[95.342,28.2446],[95.3051,28.2239],[95.2982,28.2141],[95.3031,28.2025],[95.2957,28.1988],[95.2787,28.2021],[95.27,28.1974],[95.2596,28.1785],[95.2473,28.1703],[95.2357,28.1571],[95.2239,28.1521],[95.2117,28.1544],[95.1924,28.1646],[95.1836,28.1742],[95.1824,28.1898],[95.1782,28.195],[95.1687,28.2005],[95.1373,28.2035],[95.1308,28.2169],[95.139,28.2288],[95.1065,28.2634],[95.1174,28.3765],[95.1043,28.3788],[95.0824,28.3952],[95.0817,28.4151],[95.1045,28.4443],[95.1097,28.4601],[95.1693,28.5111],[95.1859,28.5349],[95.1878,28.5977],[95.1962,28.6229],[95.2083,28.6411],[95.2672,28.667],[95.2941,28.6842],[95.3495,28.7034],[95.3579,28.7114],[95.37,28.7169],[95.3539,28.7067],[95.3611,28.6867],[95.3606,28.6603],[95.3687,28.6463],[95.3669,28.6273],[95.3773,28.6162]]]}},{"type":"Feature","bbox":[95.2453,28.3783,96.6151,29.4617],"properties":{"kind":"ac","ac":41,"name":"Anini","pc":"Arunachal East","mla":"Mopi Mihu","mla_party":"BJP","mp":"Tapir Gao","mp_party":"BJP"},"geometry":{"type":"Polygon","coordinates":[[[95.2678,29.0561],[95.304,29.0614],[95.3466,29.0445],[95.401,29.0336],[95.4111,29.0324],[95.4226,29.0394],[95.4553,29.0352],[95.4659,29.0528],[95.4869,29.0745],[95.4975,29.1387],[95.5047,29.1414],[95.5479,29.1269],[95.5466,29.179],[95.5391,29.2125],[95.5871,29.2164],[95.589,29.2409],[95.6001,29.2604],[95.6065,29.261],[95.6326,29.2475],[95.6394,29.2483],[95.6443,29.2545],[95.6845,29.2757],[95.7033,29.2989],[95.7166,29.2968],[95.7285,29.3009],[95.7449,29.3147],[95.7469,29.3276],[95.7791,29.3549],[95.7846,29.3549],[95.7925,29.3364],[95.7979,29.3348],[95.8282,29.3542],[95.8417,29.3522],[95.8497,29.3571],[95.8823,29.39],[95.9585,29.381],[95.9886,29.4052],[96.0039,29.4104],[96.0362,29.4414],[96.0571,29.4568],[96.0821,29.4617],[96.0943,29.4548],[96.1145,29.4257],[96.1512,29.3973],[96.159,29.3811],[96.1764,29.3625],[96.1868,29.3424],[96.184,29.307],[96.2041,29.2913],[96.2109,29.2725],[96.227,29.2574],[96.2349,29.241],[96.2442,29.2326],[96.2936,29.2332],[96.3133,29.2565],[96.346,29.2647],[96.3638,29.283],[96.3757,29.2811],[96.3934,29.2538],[96.3882,29.2309],[96.3719,29.2152],[96.3589,29.1787],[96.3467,29.1681],[96.308,29.1656],[96.291,29.1593],[96.2607,29.1574],[96.2493,29.1474],[96.2282,29.1436],[96.2179,29.1353],[96.2007,29.1031],[96.186,29.0918],[96.1699,29.0848],[96.1149,29.0748],[96.1507,29.0503],[96.161,29.0336],[96.169,29.0099],[96.1803,28.9963],[96.1849,28.985],[96.1805,28.9654],[96.1552,28.9524],[96.1541,28.9433],[96.1452,28.9343],[96.1629,28.9188],[96.1664,28.9026],[96.1746,28.9009],[96.1859,28.9087],[96.228,28.926],[96.2482,28.9395],[96.2556,28.9559],[96.2937,28.9954],[96.3215,29.0095],[96.3467,29.029],[96.4357,29.0342],[96.4588,29.0424],[96.4771,29.0567],[96.5251,29.0758],[96.4772,28.9904],[96.4872,28.9616],[96.4929,28.9586],[96.5185,28.9672],[96.5233,28.9441],[96.5382,28.917],[96.5369,28.88],[96.5462,28.8704],[96.5751,28.8262],[96.5943,28.8108],[96.6075,28.7936],[96.6151,28.7741],[96.6145,28.7603],[96.5849,28.717],[96.5589,28.7073],[96.5213,28.7045],[96.4895,28.684],[96.4717,28.6837],[96.4695,28.6801],[96.494,28.6391],[96.4929,28.6335],[96.4432,28.6013],[96.4268,28.5825],[96.4213,28.5804],[96.4062,28.5898],[96.3997,28.5897],[96.3988,28.5858],[96.4049,28.5732],[96.4053,28.5593],[96.3696,28.5595],[96.3534,28.556],[96.342,28.5465],[96.3336,28.5339],[96.3244,28.5294],[96.3231,28.5257],[96.326,28.5241],[96.3244,28.49],[96.3153,28.4755],[96.2991,28.4604],[96.2706,28.4542],[96.2397,28.4539],[96.2214,28.4411],[96.1985,28.4169],[96.1829,28.4066],[96.1527,28.4118],[96.1061,28.4305],[96.0664,28.4352],[96.0375,28.4318],[95.951,28.3804],[95.9373,28.3783],[95.9221,28.3826],[95.9084,28.3994],[95.8842,28.42],[95.864,28.429],[95.8416,28.4333],[95.8333,28.4426],[95.8305,28.4645],[95.8094,28.4911],[95.7809,28.5093],[95.7617,28.514],[95.7461,28.5281],[95.7287,28.5347],[95.6961,28.5268],[95.6661,28.5339],[95.6036,28.5589],[95.5725,28.5634],[95.5522,28.5717],[95.5165,28.5968],[95.4892,28.5939],[95.474,28.5988],[95.4538,28.6141],[95.439,28.6414],[95.4313,28.6435],[95.4192,28.6349],[95.3991,28.5942],[95.3902,28.593],[95.3781,28.6032],[95.3773,28.6162],[95.3669,28.6273],[95.3687,28.6463],[95.3606,28.6603],[95.3611,28.6867],[95.3539,28.7067],[95.3695,28.7164],[95.3777,28.7296],[95.3871,28.7322],[95.3929,28.7423],[95.3888,28.7479],[95.3834,28.7484],[95.3731,28.7652],[95.3776,28.779],[95.3607,28.7909],[95.3538,28.8181],[95.3561,28.8258],[95.3463,28.8274],[95.3394,28.8351],[95.3311,28.8349],[95.3238,28.8443],[95.323,28.8508],[95.3277,28.8533],[95.328,28.8579],[95.3222,28.8643],[95.3247,28.8776],[95.3174,28.8868],[95.3255,28.8901],[95.3281,28.8952],[95.3244,28.9014],[95.3266,28.9076],[95.3189,28.9115],[95.3304,28.9202],[95.3274,28.9288],[95.3248,28.9322],[95.3148,28.9345],[95.3149,28.9417],[95.3071,28.9465],[95.3094,28.9555],[95.3014,28.9585],[95.2811,28.9459],[95.2692,28.9452],[95.257,28.9516],[95.2578,28.9584],[95.2633,28.9655],[95.2569,28.9703],[95.258,28.9813],[95.2453,28.9886],[95.2453,28.9996],[95.2557,29.007],[95.2654,29.025],[95.276,29.0289],[95.2756,29.044],[95.2688,29.0481],[95.2678,29.0561]]]}},{"type":"Feature","bbox":[95.32,27.9348,96.0261,28.6435],"properties":{"kind":"ac","ac":42,"name":"Dambuk","pc":"Arunachal East","mla":"Puinnyo Apum","mla_party":"BJP","mp":"Tapir Gao","mp_party":"BJP"},"geometry":{"type":"Polygon","coordinates":[[[95.3661,28.492],[95.3766,28.509],[95.3955,28.5141],[95.3953,28.5315],[95.4118,28.5507],[95.4028,28.5699],[95.3837,28.5723],[95.3781,28.6032],[95.3902,28.593],[95.3991,28.5942],[95.4192,28.6349],[95.4313,28.6435],[95.439,28.6414],[95.4538,28.6141],[95.474,28.5988],[95.4892,28.5939],[95.5165,28.5968],[95.5522,28.5717],[95.5725,28.5634],[95.6036,28.5589],[95.6661,28.5339],[95.6961,28.5268],[95.7287,28.5347],[95.7461,28.5281],[95.7617,28.514],[95.7928,28.5032],[95.8094,28.4911],[95.8305,28.4645],[95.8333,28.4426],[95.8395,28.4356],[95.7541,28.3046],[95.6981,28.2336],[95.7066,28.1975],[95.7259,28.1585],[95.7273,28.1429],[95.7311,28.1382],[95.7429,28.1339],[95.7448,28.1295],[95.7388,28.1049],[95.7456,28.0985],[95.7574,28.097],[95.7645,28.1066],[95.7734,28.111],[95.7819,28.1041],[95.7889,28.0836],[95.7984,28.0806],[95.8322,28.091],[95.862,28.0907],[95.8724,28.0937],[95.9047,28.1066],[95.9571,28.1339],[96.0261,28.1356],[96.0253,28.13],[96.005,28.1111],[96.0016,28.0956],[95.9799,28.0722],[95.9933,28.0524],[95.9874,28.0005],[95.9912,27.9748],[95.983,27.9668],[95.971,27.9613],[95.8234,27.9714],[95.6048,27.9548],[95.5938,27.9472],[95.5864,27.9373],[95.5747,27.9398],[95.5673,27.9348],[95.5397,28.0047],[95.5422,28.0162],[95.5594,28.0416],[95.5677,28.0889],[95.5679,28.1342],[95.5621,28.1465],[95.5597,28.1691],[95.5638,28.2554],[95.549,28.2683],[95.5498,28.2757],[95.5408,28.2753],[95.543,28.2798],[95.5358,28.2848],[95.5165,28.2775],[95.5142,28.2739],[95.4926,28.2683],[95.4819,28.2698],[95.4778,28.2642],[95.4726,28.264],[95.4653,28.2575],[95.4603,28.2648],[95.4625,28.2773],[95.4509,28.2881],[95.4492,28.3002],[95.4369,28.3141],[95.3984,28.315],[95.3891,28.3076],[95.3744,28.3211],[95.3774,28.3337],[95.3714,28.3366],[95.3687,28.3442],[95.3692,28.3583],[95.3582,28.3583],[95.3379,28.3658],[95.3392,28.4069],[95.3289,28.4185],[95.3235,28.4201],[95.32,28.4269],[95.3346,28.4343],[95.3394,28.4409],[95.3346,28.4526],[95.3367,28.4603],[95.3345,28.4682],[95.3388,28.4803],[95.353,28.4904],[95.3661,28.492]]]}},{"type":"Feature","bbox":[95.6981,28.0809,96.3715,28.5241],"properties":{"kind":"ac","ac":43,"name":"Roing","pc":"Arunachal East","mla":"Mutchu Mithi","mla_party":"BJP","mp":"Tapir Gao","mp_party":"BJP"},"geometry":{"type":"Polygon","coordinates":[[[96.326,28.5241],[96.3652,28.5],[96.3703,28.492],[96.3715,28.4822],[96.3655,28.4747],[96.34,28.4652],[96.3224,28.4502],[96.273,28.4192],[96.2623,28.4086],[96.2659,28.4054],[96.3031,28.3998],[96.3137,28.3835],[96.2965,28.3667],[96.2904,28.3447],[96.2667,28.3304],[96.2552,28.3092],[96.2382,28.2996],[96.2678,28.239],[96.2301,28.2388],[96.2154,28.231],[96.2033,28.2221],[96.1904,28.2067],[96.1746,28.1967],[96.1684,28.1871],[96.1438,28.1753],[96.1419,28.17],[96.1176,28.1779],[96.1045,28.1897],[96.0973,28.1918],[96.0827,28.1894],[96.0517,28.1973],[96.0466,28.1716],[96.0383,28.1626],[96.0302,28.1602],[96.0327,28.1471],[96.0261,28.1356],[95.9571,28.1339],[95.9047,28.1066],[95.862,28.0907],[95.8322,28.091],[95.7916,28.0809],[95.7819,28.1041],[95.7734,28.111],[95.7645,28.1066],[95.7574,28.097],[95.7456,28.0985],[95.7388,28.1049],[95.7448,28.1295],[95.7429,28.1339],[95.7311,28.1382],[95.7273,28.1429],[95.7259,28.1585],[95.7066,28.1975],[95.6981,28.2336],[95.7541,28.3046],[95.8395,28.4356],[95.8842,28.42],[95.9084,28.3994],[95.9221,28.3826],[95.9373,28.3783],[95.951,28.3804],[96.0375,28.4318],[96.0664,28.4352],[96.1061,28.4305],[96.1527,28.4118],[96.1829,28.4066],[96.1985,28.4169],[96.2214,28.4411],[96.2397,28.4539],[96.2706,28.4542],[96.2991,28.4604],[96.3153,28.4755],[96.3244,28.49],[96.326,28.5241]]]}},{"type":"Feature","bbox":[95.887,27.7859,96.6346,28.374],"properties":{"kind":"ac","ac":44,"name":"Tezu","pc":"Arunachal East","mla":"Mahesh Chai","mla_party":"BJP","mp":"Tapir Gao","mp_party":"BJP"},"geometry":{"type":"Polygon","coordinates":[[[96.0253,28.13],[96.0327,28.1471],[96.0302,28.1602],[96.0383,28.1626],[96.0466,28.1716],[96.0517,28.1973],[96.0827,28.1894],[96.0973,28.1918],[96.1045,28.1897],[96.1176,28.1779],[96.1419,28.17],[96.1438,28.1753],[96.1684,28.1871],[96.1746,28.1967],[96.1904,28.2067],[96.2033,28.2221],[96.2154,28.231],[96.2301,28.2388],[96.2678,28.239],[96.2382,28.2996],[96.2552,28.3092],[96.2667,28.3304],[96.2904,28.3447],[96.2965,28.3667],[96.304,28.374],[96.3113,28.3655],[96.3285,28.3544],[96.3371,28.3396],[96.3344,28.328],[96.3017,28.2838],[96.295,28.2679],[96.2954,28.2493],[96.2978,28.2366],[96.3355,28.1851],[96.3355,28.1722],[96.3259,28.1479],[96.3272,28.1312],[96.3023,28.1058],[96.273,28.0913],[96.2733,28.0804],[96.2878,28.0618],[96.334,28.0229],[96.3709,27.9979],[96.3918,27.975],[96.3965,27.9575],[96.4164,27.9233],[96.4309,27.914],[96.5102,27.9058],[96.5288,27.9007],[96.5507,27.886],[96.5859,27.8533],[96.6083,27.8598],[96.6139,27.8576],[96.6202,27.8482],[96.6191,27.8359],[96.6302,27.8275],[96.6346,27.8037],[96.6285,27.7955],[96.5348,27.7859],[96.5114,27.7874],[96.425,27.8054],[96.3195,27.8144],[96.2968,27.8224],[96.283,27.834],[96.2616,27.845],[96.2317,27.8543],[96.1836,27.8615],[96.1344,27.8595],[96.0716,27.8473],[96.0444,27.8505],[96.0171,27.8489],[95.9609,27.8385],[95.9416,27.8412],[95.9186,27.85],[95.887,27.8532],[95.8901,27.8601],[95.8951,27.8574],[95.895,27.8622],[95.9046,27.862],[95.901,27.8678],[95.9064,27.866],[95.9073,27.8709],[95.9106,27.8704],[95.9167,27.8806],[95.9153,27.8836],[95.9197,27.8807],[95.9249,27.8819],[95.9163,27.885],[95.9153,27.8892],[95.9232,27.8879],[95.919,27.895],[95.9254,27.8954],[95.926,27.8988],[95.9283,27.8952],[95.9374,27.8984],[95.9297,27.9031],[95.9407,27.9057],[95.9351,27.9092],[95.9385,27.913],[95.9428,27.9111],[95.9457,27.9167],[95.9525,27.9204],[95.9482,27.924],[95.9544,27.9315],[95.9484,27.9318],[95.9478,27.9371],[95.9652,27.9519],[95.971,27.9613],[95.983,27.9668],[95.9912,27.9748],[95.9874,28.0005],[95.9933,28.0524],[95.9799,28.0722],[96.0016,28.0956],[96.005,28.1111],[96.0253,28.13]]]}},{"type":"Feature","bbox":[96.273,27.6138,97.4115,28.4609],"properties":{"kind":"ac","ac":45,"name":"Hayuliang","pc":"Arunachal East","mla":"Dasanglu Pul","mla_party":"BJP","mp":"Tapir Gao","mp_party":"BJP"},"geometry":{"type":"Polygon","coordinates":[[[96.304,28.374],[96.3137,28.3835],[96.3183,28.3812],[96.3693,28.3893],[96.3783,28.3589],[96.3904,28.3575],[96.3976,28.3393],[96.4109,28.3415],[96.4211,28.3457],[96.4303,28.3865],[96.4566,28.414],[96.4783,28.4194],[96.495,28.4183],[96.5085,28.413],[96.5321,28.4293],[96.5494,28.4369],[96.5578,28.4477],[96.5779,28.4578],[96.5969,28.4609],[96.6374,28.4587],[96.6583,28.4609],[96.7043,28.4318],[96.7321,28.425],[96.7491,28.4159],[96.7611,28.3983],[96.7722,28.3681],[96.7804,28.3643],[96.85,28.3621],[96.8603,28.3721],[96.8964,28.3796],[96.9176,28.357],[96.9186,28.3458],[96.9235,28.3386],[96.9504,28.3334],[96.9716,28.3171],[96.9845,28.3155],[96.994,28.3095],[97.0202,28.3195],[97.0339,28.3319],[97.0428,28.3474],[97.0493,28.3513],[97.0636,28.3528],[97.0901,28.3629],[97.1103,28.352],[97.1234,28.3493],[97.1561,28.3198],[97.1666,28.2951],[97.1711,28.2919],[97.1898,28.2871],[97.2214,28.2926],[97.2313,28.2734],[97.2384,28.2677],[97.2652,28.2707],[97.2791,28.2687],[97.3033,28.2563],[97.31,28.2441],[97.3244,28.2431],[97.3483,28.2264],[97.3619,28.2237],[97.3715,28.2176],[97.3973,28.1924],[97.3972,28.1854],[97.389,28.1831],[97.3688,28.1924],[97.3604,28.1884],[97.356,28.1804],[97.3275,28.1549],[97.3214,28.1402],[97.3367,28.1164],[97.3357,28.1114],[97.3068,28.0851],[97.3043,28.0689],[97.3083,28.0617],[97.3282,28.057],[97.37,28.0618],[97.3704,28.0541],[97.3644,28.044],[97.3735,28.0306],[97.3786,28.0316],[97.3949,28.0255],[97.4115,28.0154],[97.4079,28.0064],[97.3875,28.0033],[97.3744,27.9775],[97.3718,27.9356],[97.3838,27.9219],[97.3838,27.9177],[97.3747,27.9091],[97.3851,27.8874],[97.3609,27.8762],[97.3396,27.8852],[97.3173,27.8807],[97.3201,27.9031],[97.3049,27.9213],[97.2527,27.901],[97.2435,27.8954],[97.233,27.8814],[97.1988,27.8559],[97.1832,27.8374],[97.164,27.8277],[97.1651,27.8209],[97.1565,27.8141],[97.1335,27.8066],[97.1301,27.798],[97.1204,27.79],[97.0986,27.785],[97.0946,27.7801],[97.1009,27.7667],[97.0976,27.7505],[97.0877,27.7342],[97.0719,27.7387],[97.0615,27.7486],[97.0475,27.7393],[97.0403,27.7481],[97.0315,27.7495],[97.0315,27.7429],[97.0193,27.7395],[97.0165,27.7339],[97.0181,27.7278],[97.0091,27.7173],[97.0084,27.7103],[96.9933,27.6973],[96.9854,27.6859],[96.9814,27.6701],[96.983,27.6665],[96.9773,27.6637],[96.9696,27.6678],[96.9663,27.6626],[96.9509,27.6644],[96.9351,27.6617],[96.9301,27.645],[96.9234,27.6393],[96.9214,27.6329],[96.9126,27.6288],[96.9117,27.6224],[96.9035,27.6138],[96.8613,27.631],[96.8488,27.6241],[96.8299,27.6289],[96.8259,27.6328],[96.8023,27.6326],[96.7826,27.6426],[96.7739,27.6312],[96.7732,27.6236],[96.7683,27.6162],[96.7648,27.6171],[96.7269,27.6474],[96.7055,27.6508],[96.6999,27.6605],[96.6924,27.6656],[96.6487,27.6739],[96.6292,27.6847],[96.6189,27.6987],[96.6162,27.7094],[96.6206,27.7203],[96.6346,27.7297],[96.6398,27.7379],[96.631,27.7503],[96.6133,27.7661],[96.6126,27.7739],[96.6346,27.8037],[96.6302,27.8275],[96.6191,27.8359],[96.6202,27.8482],[96.6139,27.8576],[96.6083,27.8598],[96.5859,27.8533],[96.5507,27.886],[96.5288,27.9007],[96.5102,27.9058],[96.4309,27.914],[96.4164,27.9233],[96.3965,27.9575],[96.3918,27.975],[96.3709,27.9979],[96.334,28.0229],[96.2878,28.0618],[96.2733,28.0804],[96.273,28.0913],[96.3023,28.1058],[96.3272,28.1312],[96.3259,28.1479],[96.3355,28.1722],[96.3355,28.1851],[96.2978,28.2366],[96.2954,28.2493],[96.295,28.2679],[96.3017,28.2838],[96.3344,28.328],[96.3371,28.3396],[96.3285,28.3544],[96.3113,28.3655],[96.304,28.374]]]}},{"type":"Feature","bbox":[95.9599,27.5555,96.6999,27.8622],"properties":{"kind":"ac","ac":46,"name":"Chowkham","pc":"Arunachal East","mla":"Chowna Mein","mla_party":"BJP","mp":"Tapir Gao","mp_party":"BJP"},"geometry":{"type":"Polygon","coordinates":[[[96.6285,27.7955],[96.6126,27.7739],[96.6133,27.7661],[96.631,27.7503],[96.6398,27.7379],[96.6346,27.7297],[96.6206,27.7203],[96.6162,27.7094],[96.6189,27.6987],[96.6292,27.6847],[96.6487,27.6739],[96.68,27.669],[96.6999,27.6605],[96.6822,27.6548],[96.6691,27.6474],[96.6581,27.6338],[96.6407,27.628],[96.6252,27.6317],[96.6138,27.6382],[96.6081,27.6432],[96.6088,27.6467],[96.6035,27.6468],[96.5962,27.6541],[96.582,27.6562],[96.5664,27.6569],[96.5495,27.6469],[96.5306,27.6468],[96.5191,27.6367],[96.5085,27.6432],[96.4802,27.6461],[96.4524,27.6412],[96.444,27.6522],[96.4397,27.6525],[96.4226,27.6485],[96.4129,27.6513],[96.3941,27.6488],[96.3937,27.6455],[96.3837,27.6389],[96.3727,27.645],[96.3518,27.6246],[96.3483,27.6062],[96.3362,27.5985],[96.3276,27.5793],[96.2889,27.5555],[96.2759,27.5591],[96.2684,27.5579],[96.2642,27.5634],[96.2426,27.5637],[96.2372,27.5673],[96.2247,27.5683],[96.2158,27.5773],[96.1968,27.5832],[96.1923,27.5884],[96.1817,27.5902],[96.1699,27.598],[96.1401,27.6072],[96.1327,27.6065],[96.1304,27.6094],[96.1348,27.6119],[96.1331,27.6152],[96.1257,27.6197],[96.0965,27.6136],[96.087,27.6195],[96.1215,27.6763],[96.1254,27.693],[96.0756,27.699],[96.0411,27.7089],[96.0187,27.7116],[96.0026,27.7188],[95.9703,27.7493],[95.9614,27.7667],[95.9599,27.7792],[95.9693,27.7974],[95.9907,27.81],[95.9976,27.8318],[95.9948,27.8445],[96.0444,27.8505],[96.0716,27.8473],[96.1344,27.8595],[96.1673,27.8622],[96.2134,27.858],[96.2481,27.8495],[96.273,27.84],[96.2968,27.8224],[96.3195,27.8144],[96.425,27.8054],[96.4765,27.7928],[96.5348,27.7859],[96.6285,27.7955]]]}},{"type":"Feature","bbox":[95.7524,27.6195,96.1254,27.8532],"properties":{"kind":"ac","ac":47,"name":"Namsai","pc":"Arunachal East","mla":"Chau Zingnu Namchoom","mla_party":"BJP","mp":"Tapir Gao","mp_party":"BJP"},"geometry":{"type":"Polygon","coordinates":[[[95.9948,27.8445],[95.9976,27.8318],[95.9907,27.81],[95.9693,27.7974],[95.9606,27.7834],[95.9614,27.7667],[95.9758,27.7422],[96.0026,27.7188],[96.0187,27.7116],[96.0411,27.7089],[96.0756,27.699],[96.1254,27.693],[96.1215,27.6763],[96.087,27.6195],[96.057,27.6359],[96.0278,27.6453],[95.9956,27.651],[95.9739,27.659],[95.9358,27.6608],[95.9117,27.6609],[95.8346,27.6365],[95.8027,27.632],[95.7884,27.6337],[95.7965,27.6377],[95.7957,27.6416],[95.7748,27.6506],[95.7705,27.6582],[95.7741,27.6728],[95.7905,27.6802],[95.7832,27.6871],[95.768,27.6868],[95.7638,27.6935],[95.7681,27.7021],[95.7627,27.7091],[95.7654,27.7147],[95.7544,27.7183],[95.7524,27.7237],[95.7654,27.7263],[95.7799,27.7344],[95.7758,27.7535],[95.7859,27.759],[95.7995,27.7732],[95.8137,27.8],[95.8259,27.8086],[95.838,27.8103],[95.8377,27.8241],[95.8706,27.8328],[95.887,27.8532],[95.9186,27.85],[95.9416,27.8412],[95.9609,27.8385],[95.9948,27.8445]]]}},{"type":"Feature","bbox":[95.7785,27.5431,96.0965,27.6609],"properties":{"kind":"ac","ac":48,"name":"Lekang","pc":"Arunachal East","mla":"Lekhiya Soni","mla_party":"NCP","mp":"Tapir Gao","mp_party":"BJP"},"geometry":{"type":"Polygon","coordinates":[[[96.0965,27.6136],[96.0614,27.6064],[96.0534,27.593],[96.0018,27.5568],[95.9986,27.5597],[95.8739,27.5469],[95.8614,27.5431],[95.8414,27.5621],[95.8333,27.5602],[95.8235,27.5743],[95.8145,27.5741],[95.8123,27.5836],[95.8181,27.5968],[95.8056,27.6011],[95.7925,27.5978],[95.7904,27.6119],[95.7785,27.6196],[95.7791,27.6249],[95.7894,27.6259],[95.7884,27.6337],[95.8027,27.632],[95.8346,27.6365],[95.9117,27.6609],[95.9358,27.6608],[95.9739,27.659],[95.9956,27.651],[96.0451,27.6402],[96.0965,27.6136]]]}},{"type":"Feature","bbox":[95.842,27.3978,96.7288,27.6605],"properties":{"kind":"ac","ac":49,"name":"Bordumsa-Diyun","pc":"Arunachal East","mla":"Nikh Kamin","mla_party":"NCP","mp":"Tapir Gao","mp_party":"BJP"},"geometry":{"type":"Polygon","coordinates":[[[96.6999,27.6605],[96.7055,27.6508],[96.7288,27.6454],[96.678,27.5926],[96.618,27.5204],[96.6087,27.5055],[96.6045,27.4915],[96.6054,27.4648],[96.5794,27.4695],[96.4763,27.5068],[96.446,27.5124],[96.3962,27.5149],[96.3373,27.5289],[96.2939,27.5335],[96.1635,27.5295],[96.1438,27.527],[96.1451,27.5164],[96.1534,27.4644],[96.1787,27.4155],[96.1594,27.4134],[96.1348,27.4156],[96.1018,27.4292],[96.0927,27.4294],[96.0662,27.4239],[96.0365,27.4128],[96.02,27.4109],[95.9929,27.3978],[95.9839,27.405],[95.9826,27.4122],[95.9735,27.4116],[95.9702,27.4152],[95.9753,27.4193],[95.9696,27.4236],[95.969,27.428],[95.9652,27.4266],[95.9655,27.419],[95.9621,27.4175],[95.9623,27.4284],[95.9577,27.4278],[95.9548,27.4197],[95.9448,27.4272],[95.9476,27.4307],[95.9461,27.4348],[95.9279,27.4385],[95.9059,27.4326],[95.8987,27.413],[95.886,27.3982],[95.8839,27.4024],[95.8882,27.4089],[95.8837,27.414],[95.8836,27.4349],[95.8754,27.4347],[95.8708,27.4263],[95.857,27.4199],[95.8566,27.4161],[95.8623,27.4114],[95.8597,27.408],[95.8529,27.4109],[95.842,27.4266],[95.8468,27.4387],[95.8569,27.4453],[95.8532,27.4571],[95.8567,27.4614],[95.8706,27.4666],[95.8737,27.4926],[95.8791,27.4969],[95.8866,27.4975],[95.8762,27.5118],[95.8786,27.5192],[95.877,27.5435],[95.8741,27.5469],[95.9986,27.5597],[96.0018,27.5568],[96.0534,27.593],[96.0614,27.6064],[96.1257,27.6197],[96.1331,27.6152],[96.1348,27.6119],[96.1304,27.6094],[96.1327,27.6065],[96.1401,27.6072],[96.1699,27.598],[96.1817,27.5902],[96.1923,27.5884],[96.1968,27.5832],[96.2158,27.5773],[96.2247,27.5683],[96.2372,27.5673],[96.2426,27.5637],[96.2642,27.5634],[96.2684,27.5579],[96.2759,27.5591],[96.2889,27.5555],[96.3276,27.5793],[96.3362,27.5985],[96.3483,27.6062],[96.3518,27.6246],[96.3727,27.645],[96.3837,27.6389],[96.3937,27.6455],[96.3941,27.6488],[96.4129,27.6513],[96.4226,27.6485],[96.4397,27.6525],[96.444,27.6522],[96.4524,27.6412],[96.4802,27.6461],[96.5085,27.6432],[96.5191,27.6367],[96.5306,27.6468],[96.5495,27.6469],[96.5664,27.6569],[96.582,27.6562],[96.5962,27.6541],[96.6035,27.6468],[96.6088,27.6467],[96.6081,27.6432],[96.6138,27.6382],[96.6252,27.6317],[96.6407,27.628],[96.6581,27.6338],[96.6691,27.6474],[96.6822,27.6548],[96.6999,27.6605]]]}},{"type":"Feature","bbox":[96.1438,27.0898,97.1657,27.6454],"properties":{"kind":"ac","ac":50,"name":"Miao","pc":"Arunachal East","mla":"Kamlung Mossang","mla_party":"BJP","mp":"Tapir Gao","mp_party":"BJP"},"geometry":{"type":"Polygon","coordinates":[[[96.7288,27.6454],[96.7466,27.6327],[96.7564,27.6214],[96.7683,27.6162],[96.7732,27.6236],[96.7739,27.6312],[96.7826,27.6426],[96.8023,27.6326],[96.8259,27.6328],[96.8299,27.6289],[96.8488,27.6241],[96.8613,27.631],[96.8831,27.6241],[96.8965,27.616],[96.8929,27.6159],[96.8895,27.6045],[96.8925,27.591],[96.8902,27.5794],[96.9052,27.5817],[96.9084,27.5794],[96.9068,27.5682],[96.9097,27.5587],[96.9067,27.5443],[96.9196,27.5367],[96.9265,27.527],[96.9277,27.5121],[96.9353,27.5083],[96.926,27.508],[96.9105,27.4867],[96.9045,27.4707],[96.9034,27.4528],[96.9164,27.4464],[96.9324,27.4314],[96.9316,27.4196],[96.9347,27.4153],[96.9624,27.4016],[96.9604,27.3946],[96.9676,27.3812],[96.9621,27.3729],[96.9786,27.3564],[96.981,27.3458],[96.9902,27.3441],[96.9984,27.3188],[97.0087,27.3105],[97.0149,27.313],[97.0243,27.3062],[97.0281,27.3085],[97.0288,27.3016],[97.0405,27.2822],[97.0547,27.2752],[97.0549,27.2654],[97.0683,27.2574],[97.0738,27.2472],[97.0882,27.2388],[97.0925,27.2256],[97.0905,27.2136],[97.1219,27.1904],[97.1246,27.1747],[97.1363,27.1655],[97.147,27.1653],[97.151,27.1493],[97.1636,27.1422],[97.1657,27.1351],[97.1608,27.1289],[97.1616,27.1232],[97.1495,27.1176],[97.1481,27.1074],[97.1382,27.0915],[97.125,27.0958],[97.1191,27.1043],[97.1054,27.1046],[97.1004,27.109],[97.0948,27.104],[97.0968,27.0968],[97.088,27.0953],[97.0766,27.0992],[97.0709,27.0898],[97.0634,27.0918],[97.062,27.0992],[97.0521,27.1063],[97.0484,27.1056],[97.0415,27.1158],[97.0339,27.1185],[97.0362,27.1242],[97.0306,27.1314],[97.0272,27.1295],[97.0087,27.1402],[96.9929,27.1402],[96.9842,27.1544],[96.9653,27.158],[96.964,27.1613],[96.9559,27.1642],[96.9313,27.1616],[96.9013,27.1686],[96.8599,27.1898],[96.8562,27.1936],[96.8582,27.204],[96.8547,27.2108],[96.8601,27.2107],[96.8671,27.2178],[96.8856,27.2269],[96.8878,27.2355],[96.8815,27.2398],[96.8879,27.2478],[96.885,27.2593],[96.8681,27.2587],[96.8582,27.262],[96.8469,27.2716],[96.8501,27.2782],[96.8481,27.2904],[96.8355,27.3027],[96.8222,27.3091],[96.805,27.3293],[96.7985,27.344],[96.7668,27.3574],[96.7513,27.3526],[96.7452,27.3584],[96.7295,27.3594],[96.7296,27.362],[96.7037,27.3723],[96.7023,27.36],[96.6977,27.3577],[96.6756,27.3614],[96.6725,27.3577],[96.6603,27.3644],[96.647,27.3594],[96.6257,27.3664],[96.6057,27.3658],[96.6005,27.3549],[96.5912,27.348],[96.5962,27.3336],[96.5885,27.3357],[96.5643,27.3186],[96.5509,27.3183],[96.5511,27.3136],[96.5425,27.3089],[96.5413,27.3002],[96.5315,27.2963],[96.5239,27.2864],[96.5176,27.2855],[96.5076,27.299],[96.4902,27.3025],[96.4882,27.2962],[96.4577,27.3066],[96.4509,27.3012],[96.4442,27.302],[96.4406,27.3063],[96.4358,27.3024],[96.4214,27.3014],[96.407,27.2876],[96.4026,27.2932],[96.3987,27.2901],[96.4004,27.3075],[96.4114,27.3236],[96.4195,27.3526],[96.4199,27.3842],[96.4144,27.3985],[96.3955,27.4174],[96.3718,27.4253],[96.264,27.4288],[96.1787,27.4155],[96.1534,27.4644],[96.1438,27.527],[96.2939,27.5335],[96.3564,27.5257],[96.3962,27.5149],[96.446,27.5124],[96.4763,27.5068],[96.5794,27.4695],[96.6054,27.4648],[96.6045,27.4915],[96.6087,27.5055],[96.618,27.5204],[96.678,27.5926],[96.7288,27.6454]]]}},{"type":"Feature","bbox":[95.8216,27.1057,96.4212,27.4294],"properties":{"kind":"ac","ac":51,"name":"Nampong","pc":"Arunachal East","mla":"Laisam Simai","mla_party":"IND","mp":"Tapir Gao","mp_party":"BJP"},"geometry":{"type":"Polygon","coordinates":[[[96.1594,27.4134],[96.264,27.4288],[96.3718,27.4253],[96.3955,27.4174],[96.4144,27.3985],[96.4199,27.3842],[96.4212,27.365],[96.4114,27.3236],[96.4004,27.3075],[96.3987,27.2901],[96.3862,27.2847],[96.3748,27.285],[96.3701,27.2898],[96.3669,27.2868],[96.3522,27.2949],[96.3459,27.2854],[96.3402,27.2849],[96.3308,27.2872],[96.3301,27.2898],[96.3062,27.2941],[96.2742,27.2834],[96.2754,27.2796],[96.2707,27.2713],[96.2555,27.2747],[96.248,27.2728],[96.2454,27.2766],[96.2319,27.2763],[96.2286,27.2788],[96.2095,27.2614],[96.1939,27.2615],[96.1853,27.2492],[96.1551,27.2484],[96.1481,27.2426],[96.1363,27.2413],[96.1203,27.2315],[96.1119,27.2317],[96.099,27.2241],[96.0899,27.2232],[96.0772,27.2082],[96.0716,27.205],[96.064,27.2058],[96.0537,27.1957],[96.0422,27.2283],[96.0418,27.2372],[96.035,27.2421],[96.0232,27.241],[96.0083,27.2234],[95.9778,27.1691],[95.949,27.129],[95.9225,27.1095],[95.9058,27.1057],[95.9058,27.1632],[95.886,27.1743],[95.8387,27.1916],[95.8293,27.2001],[95.8235,27.2107],[95.8216,27.2392],[95.8239,27.2793],[95.8591,27.2873],[95.8538,27.2789],[95.8565,27.2709],[95.8692,27.2601],[95.8919,27.2553],[95.8933,27.2675],[95.8993,27.2688],[95.9005,27.2747],[95.9043,27.274],[95.897,27.2823],[95.9062,27.2823],[95.9078,27.2895],[95.9129,27.289],[95.9298,27.3001],[95.938,27.3011],[95.9421,27.3054],[95.9467,27.304],[95.96,27.3109],[95.955,27.3176],[95.962,27.3169],[95.9624,27.3231],[95.9757,27.3245],[95.9653,27.328],[95.9713,27.3365],[95.987,27.346],[95.9889,27.3563],[96.0081,27.3572],[96.0168,27.3621],[96.004,27.3737],[96.0033,27.3808],[95.9969,27.3852],[95.9964,27.3946],[95.9929,27.3978],[96.02,27.4109],[96.0365,27.4128],[96.0662,27.4239],[96.0927,27.4294],[96.1018,27.4292],[96.1348,27.4156],[96.1594,27.4134]]]}},{"type":"Feature","bbox":[95.6289,26.8789,96.0537,27.2421],"properties":{"kind":"ac","ac":52,"name":"Changlang South","pc":"Arunachal East","mla":"Hamjong Tangha","mla_party":"BJP","mp":"Tapir Gao","mp_party":"BJP"},"geometry":{"type":"Polygon","coordinates":[[[96.0537,27.1957],[96.0223,27.1797],[96.0179,27.1694],[96.0184,27.1612],[96.0101,27.1423],[95.9988,27.1354],[95.9847,27.1124],[95.9674,27.0985],[95.9635,27.0928],[95.9646,27.0867],[95.9558,27.078],[95.9457,27.0514],[95.9101,27.0366],[95.904,27.0391],[95.894,27.0258],[95.8892,27.0239],[95.8858,27.0262],[95.879,27.0227],[95.8755,27.0149],[95.8702,27.0131],[95.8426,27.0142],[95.831,27.0075],[95.8125,27.0145],[95.8023,27.0151],[95.802,27.0065],[95.7961,26.9981],[95.7834,26.9901],[95.7812,26.9777],[95.7684,26.977],[95.7603,26.9638],[95.7591,26.9555],[95.7552,26.954],[95.7598,26.9367],[95.7559,26.9344],[95.7553,26.9293],[95.7479,26.9261],[95.7465,26.9155],[95.7506,26.909],[95.745,26.8963],[95.7345,26.894],[95.7241,26.8822],[95.7166,26.8789],[95.7058,26.8806],[95.6945,26.8921],[95.6792,26.896],[95.6778,26.8986],[95.6872,26.9037],[95.694,26.9177],[95.6933,26.9444],[95.6819,26.9619],[95.681,26.985],[95.6595,26.9853],[95.6428,26.9907],[95.631,27.0111],[95.6289,27.0269],[95.6498,27.0633],[95.6493,27.0739],[95.6621,27.0879],[95.6876,27.0952],[95.6946,27.0884],[95.7266,27.0388],[95.7358,27.0155],[95.743,26.9846],[95.75,27.0021],[95.7462,27.0369],[95.7586,27.1011],[95.7714,27.1227],[95.7814,27.1317],[95.7895,27.1355],[95.8013,27.1338],[95.834,27.1114],[95.8677,27.1028],[95.8848,27.1025],[95.9225,27.1095],[95.949,27.129],[95.9778,27.1691],[96.0083,27.2234],[96.0232,27.241],[96.035,27.2421],[96.0418,27.2372],[96.0422,27.2283],[96.0537,27.1957]]]}},{"type":"Feature","bbox":[95.6338,26.9846,95.9058,27.2844],"properties":{"kind":"ac","ac":53,"name":"Changlang North","pc":"Arunachal East","mla":"Tesam Pongte","mla_party":"BJP","mp":"Tapir Gao","mp_party":"BJP"},"geometry":{"type":"Polygon","coordinates":[[[95.6338,27.2305],[95.6816,27.251],[95.6922,27.2526],[95.7018,27.2489],[95.7106,27.2529],[95.72,27.2497],[95.7272,27.2594],[95.734,27.2597],[95.7423,27.2663],[95.7457,27.2668],[95.7456,27.2643],[95.7568,27.2691],[95.7796,27.2697],[95.788,27.2788],[95.8009,27.2844],[95.7993,27.2765],[95.8051,27.2761],[95.805,27.2732],[95.8149,27.2787],[95.8239,27.2793],[95.8216,27.2392],[95.8235,27.2107],[95.8293,27.2001],[95.8387,27.1916],[95.886,27.1743],[95.9058,27.1632],[95.9058,27.1057],[95.8848,27.1025],[95.8542,27.1052],[95.834,27.1114],[95.8091,27.1295],[95.7952,27.1352],[95.7895,27.1355],[95.7749,27.127],[95.7572,27.0956],[95.7462,27.0369],[95.75,27.0021],[95.743,26.9846],[95.7358,27.0155],[95.7266,27.0388],[95.6919,27.0914],[95.6876,27.0952],[95.6701,27.0913],[95.6621,27.0879],[95.6493,27.0739],[95.6489,27.0808],[95.639,27.1001],[95.6445,27.1115],[95.6637,27.1251],[95.6709,27.1501],[95.6721,27.1683],[95.6683,27.1787],[95.6406,27.1931],[95.6409,27.2088],[95.6338,27.2305]]]}},{"type":"Feature","bbox":[95.3435,27.0512,95.6721,27.2644],"properties":{"kind":"ac","ac":54,"name":"Namsang","pc":"Arunachal East","mla":"Wangki Lowang","mla_party":"BJP","mp":"Tapir Gao","mp_party":"BJP"},"geometry":{"type":"Polygon","coordinates":[[[95.5956,27.2232],[95.6184,27.2326],[95.6338,27.2305],[95.6409,27.2088],[95.6406,27.1931],[95.6683,27.1787],[95.6721,27.1683],[95.6709,27.1501],[95.6637,27.1251],[95.6602,27.1226],[95.5613,27.1009],[95.5379,27.0771],[95.5123,27.0678],[95.4466,27.0625],[95.4232,27.0512],[95.4152,27.0519],[95.3733,27.0712],[95.3435,27.0966],[95.3652,27.1079],[95.368,27.1071],[95.3633,27.1023],[95.3704,27.1012],[95.3698,27.0944],[95.3749,27.0929],[95.3828,27.0986],[95.384,27.1055],[95.4003,27.1098],[95.42,27.1257],[95.4396,27.126],[95.4448,27.129],[95.4424,27.1328],[95.4455,27.1353],[95.4498,27.1339],[95.4494,27.1296],[95.4532,27.1294],[95.4579,27.1379],[95.4573,27.1442],[95.462,27.1495],[95.4534,27.1579],[95.4634,27.1628],[95.4649,27.1715],[95.4594,27.1767],[95.4665,27.1818],[95.4601,27.1915],[95.4626,27.1944],[95.4557,27.2028],[95.4574,27.2087],[95.4676,27.2139],[95.4674,27.2186],[95.472,27.2189],[95.4714,27.2231],[95.4774,27.2268],[95.4836,27.2412],[95.5043,27.2492],[95.5086,27.2618],[95.5179,27.2575],[95.5248,27.2636],[95.5296,27.2644],[95.531,27.2609],[95.5344,27.2643],[95.5347,27.2615],[95.5478,27.2575],[95.5478,27.2539],[95.5542,27.2485],[95.5744,27.2438],[95.577,27.2381],[95.5744,27.2345],[95.5789,27.2291],[95.5871,27.2233],[95.5956,27.2232]]]}},{"type":"Feature","bbox":[95.5044,26.8863,95.694,27.1226],"properties":{"kind":"ac","ac":55,"name":"Khonsa East","pc":"Arunachal East","mla":"Wanglam Sawin","mla_party":"IND","mp":"Tapir Gao","mp_party":"BJP"},"geometry":{"type":"Polygon","coordinates":[[[95.6489,27.0808],[95.6498,27.0633],[95.6289,27.0269],[95.631,27.0111],[95.6428,26.9907],[95.6595,26.9853],[95.681,26.985],[95.6819,26.9619],[95.6933,26.9444],[95.694,26.9177],[95.6872,26.9037],[95.6778,26.8986],[95.6672,26.9029],[95.6493,26.8863],[95.598,26.9219],[95.5923,26.9194],[95.59,26.9561],[95.583,26.9701],[95.5699,26.9775],[95.5212,26.9822],[95.5049,26.9874],[95.5044,27.0014],[95.5453,27.0393],[95.549,27.0566],[95.5454,27.068],[95.5379,27.0771],[95.5613,27.1009],[95.6602,27.1226],[95.6445,27.1115],[95.639,27.1001],[95.6489,27.0808]]]}},{"type":"Feature","bbox":[95.4042,26.8111,95.6493,26.9885],"properties":{"kind":"ac","ac":56,"name":"Khonsa West","pc":"Arunachal East","mla":"Chakat Aboh","mla_party":"BJP","mp":"Tapir Gao","mp_party":"BJP"},"geometry":{"type":"Polygon","coordinates":[[[95.4965,26.9885],[95.5212,26.9822],[95.5636,26.9786],[95.5776,26.9739],[95.5869,26.9645],[95.59,26.9561],[95.5923,26.9194],[95.598,26.9219],[95.6493,26.8863],[95.6461,26.8845],[95.6439,26.8761],[95.6315,26.8737],[95.6342,26.8684],[95.6263,26.8619],[95.6291,26.8579],[95.6266,26.8428],[95.6207,26.832],[95.612,26.8243],[95.608,26.8132],[95.6007,26.8111],[95.5858,26.8171],[95.5696,26.8163],[95.5566,26.8326],[95.5432,26.8354],[95.5361,26.827],[95.53,26.8263],[95.5135,26.8451],[95.488,26.864],[95.4545,26.8702],[95.4449,26.8862],[95.4212,26.8913],[95.4089,26.896],[95.4065,26.8998],[95.4042,26.9091],[95.4248,26.914],[95.441,26.9262],[95.4537,26.9522],[95.4785,26.9787],[95.4965,26.9885]]]}},{"type":"Feature","bbox":[95.3733,26.9091,95.5488,27.0771],"properties":{"kind":"ac","ac":57,"name":"Borduria\u2013Bagapani","pc":"Arunachal East","mla":"Wanglin Lowangdong","mla_party":"BJP","mp":"Tapir Gao","mp_party":"BJP"},"geometry":{"type":"Polygon","coordinates":[[[95.5379,27.0771],[95.5468,27.0648],[95.5488,27.0483],[95.5453,27.0393],[95.5044,27.0014],[95.5049,26.9874],[95.4965,26.9885],[95.4785,26.9787],[95.4537,26.9522],[95.441,26.9262],[95.4248,26.914],[95.4042,26.9091],[95.3924,26.9272],[95.3802,26.9662],[95.3829,26.979],[95.382,27.0384],[95.3733,27.0712],[95.4152,27.0519],[95.4232,27.0512],[95.4466,27.0625],[95.4973,27.0646],[95.5379,27.0771]]]}},{"type":"Feature","bbox":[95.1905,26.8921,95.3924,27.0966],"properties":{"kind":"ac","ac":58,"name":"Kanubari","pc":"Arunachal East","mla":"Gabriel Denwang Wangsu","mla_party":"BJP","mp":"Tapir Gao","mp_party":"BJP"},"geometry":{"type":"Polygon","coordinates":[[[95.3733,27.0712],[95.382,27.0384],[95.3829,26.979],[95.3802,26.9662],[95.3924,26.9272],[95.3608,26.9331],[95.3443,26.9327],[95.2581,26.8992],[95.2285,26.8921],[95.2267,26.8948],[95.2322,26.9028],[95.2286,26.9129],[95.2324,26.916],[95.2319,26.9197],[95.2261,26.9266],[95.2122,26.9301],[95.2066,26.9421],[95.209,26.9525],[95.202,26.9576],[95.2113,26.9663],[95.2016,26.9739],[95.2047,26.9791],[95.2024,26.982],[95.1915,26.9849],[95.1905,26.9929],[95.197,26.9968],[95.1962,27.0372],[95.2047,27.0382],[95.2052,27.0326],[95.211,27.0286],[95.2227,27.0365],[95.2302,27.036],[95.229,27.0417],[95.2321,27.0431],[95.2322,27.0385],[95.2385,27.0372],[95.2467,27.0242],[95.2587,27.0304],[95.26,27.0357],[95.2764,27.0421],[95.2763,27.0528],[95.2908,27.0662],[95.3435,27.0966],[95.3733,27.0712]]]}},{"type":"Feature","bbox":[95.1809,26.7522,95.4545,26.9331],"properties":{"kind":"ac","ac":59,"name":"Longding\u2013Pumao","pc":"Arunachal East","mla":"Thangwang Wangham","mla_party":"NPP","mp":"Tapir Gao","mp_party":"BJP"},"geometry":{"type":"Polygon","coordinates":[[[95.3924,26.9272],[95.4089,26.896],[95.4449,26.8862],[95.4545,26.8702],[95.3989,26.7994],[95.3836,26.7689],[95.3754,26.7632],[95.2687,26.7539],[95.2405,26.7522],[95.2176,26.7559],[95.2311,26.7651],[95.2325,26.7682],[95.2278,26.7712],[95.2288,26.7753],[95.2425,26.7825],[95.2378,26.7827],[95.2383,26.7858],[95.2148,26.7901],[95.2083,26.7951],[95.2075,26.7979],[95.212,26.7995],[95.2047,26.8047],[95.1973,26.8226],[95.1993,26.8279],[95.197,26.8361],[95.2036,26.8447],[95.1867,26.8481],[95.1851,26.8544],[95.1809,26.856],[95.186,26.8657],[95.1995,26.871],[95.2087,26.8823],[95.2281,26.8808],[95.2303,26.8841],[95.2285,26.8921],[95.2581,26.8992],[95.3443,26.9327],[95.3608,26.9331],[95.3924,26.9272]]]}},{"type":"Feature","bbox":[95.2099,26.6508,95.53,26.8702],"properties":{"kind":"ac","ac":60,"name":"Pongchau-Wakka","pc":"Arunachal East","mla":"Honchun Ngandam","mla_party":"BJP","mp":"Tapir Gao","mp_party":"BJP"},"geometry":{"type":"Polygon","coordinates":[[[95.53,26.8263],[95.5246,26.8227],[95.5224,26.8135],[95.5065,26.8081],[95.5047,26.7925],[95.4846,26.7584],[95.4824,26.7465],[95.4739,26.7404],[95.4673,26.7437],[95.4593,26.7429],[95.4454,26.7249],[95.4322,26.7152],[95.4306,26.7],[95.418,26.6935],[95.4033,26.6944],[95.401,26.6888],[95.3945,26.6849],[95.374,26.684],[95.3602,26.6709],[95.3445,26.6753],[95.3351,26.6736],[95.327,26.6684],[95.3262,26.6645],[95.3137,26.6627],[95.3034,26.6508],[95.2743,26.6588],[95.2589,26.6559],[95.2573,26.6761],[95.2492,26.6839],[95.2328,26.6833],[95.2302,26.694],[95.2328,26.7058],[95.2258,26.7103],[95.227,26.7161],[95.2221,26.7224],[95.2099,26.7285],[95.2194,26.7458],[95.2149,26.7482],[95.217,26.7558],[95.2405,26.7522],[95.3754,26.7632],[95.3836,26.7689],[95.3989,26.7994],[95.4545,26.8702],[95.488,26.864],[95.5135,26.8451],[95.53,26.8263]]]}}]}