{"type":"FeatureCollection","features":[{"type":"Feature","bbox":[90.3158,25.416,90.9747,25.8144],"properties":{"kind":"district","district":"East Garo Hills"},"geometry":{"type":"Polygon","coordinates":[[[90.835,25.7981],[90.8542,25.7783],[90.8732,25.748],[90.893,25.7341],[90.9264,25.7344],[90.9451,25.7413],[90.9575,25.7414],[90.9747,25.7356],[90.9701,25.7262],[90.9548,25.7108],[90.9516,25.6948],[90.9313,25.677],[90.9177,25.6572],[90.9123,25.6543],[90.9083,25.6408],[90.8942,25.6358],[90.8886,25.6294],[90.8801,25.6195],[90.8798,25.611],[90.8722,25.6037],[90.8624,25.6006],[90.8492,25.5907],[90.8378,25.5882],[90.83,25.5901],[90.8175,25.5861],[90.8167,25.5792],[90.8125,25.5771],[90.8085,25.584],[90.8017,25.5864],[90.793,25.5727],[90.7897,25.5724],[90.7842,25.5829],[90.7791,25.5856],[90.7666,25.562],[90.7666,25.5543],[90.7448,25.544],[90.7297,25.5314],[90.7109,25.5067],[90.7062,25.4926],[90.6887,25.4914],[90.6817,25.4845],[90.6734,25.4649],[90.6655,25.4555],[90.6614,25.4552],[90.6446,25.416],[90.5647,25.4277],[90.5536,25.4284],[90.5497,25.4251],[90.5343,25.4313],[90.5167,25.4299],[90.4993,25.4434],[90.4415,25.461],[90.4169,25.4597],[90.4095,25.4547],[90.4036,25.4604],[90.3866,25.456],[90.3801,25.4591],[90.3602,25.457],[90.349,25.4608],[90.3437,25.4571],[90.332,25.4567],[90.3199,25.4628],[90.3158,25.471],[90.3255,25.4859],[90.3343,25.4924],[90.3466,25.5127],[90.3566,25.5211],[90.3609,25.5171],[90.3754,25.5237],[90.3744,25.5309],[90.3878,25.5386],[90.3905,25.5489],[90.3876,25.5524],[90.3913,25.5564],[90.3835,25.5654],[90.3862,25.5789],[90.3819,25.5878],[90.3911,25.6143],[90.3876,25.6208],[90.3981,25.6309],[90.392,25.642],[90.4037,25.6539],[90.4126,25.654],[90.4138,25.657],[90.4074,25.6738],[90.4137,25.696],[90.4055,25.709],[90.4057,25.725],[90.3988,25.7304],[90.3999,25.7363],[90.3966,25.7401],[90.4014,25.7412],[90.4089,25.7536],[90.436,25.7295],[90.4459,25.7292],[90.4459,25.7241],[90.45,25.7198],[90.4513,25.7237],[90.4593,25.7241],[90.4598,25.719],[90.4691,25.72],[90.479,25.7071],[90.4857,25.7049],[90.4934,25.7155],[90.499,25.7158],[90.5014,25.7127],[90.5333,25.7692],[90.5445,25.7793],[90.5473,25.7791],[90.5457,25.7711],[90.5497,25.7689],[90.5568,25.77],[90.5643,25.7792],[90.5764,25.7506],[90.5863,25.7454],[90.5866,25.7402],[90.5994,25.7411],[90.6047,25.7296],[90.6215,25.7357],[90.6325,25.7458],[90.6446,25.764],[90.6476,25.7766],[90.6594,25.7863],[90.73,25.7909],[90.7792,25.8127],[90.7916,25.8144],[90.8119,25.8111],[90.835,25.7981]]]}},{"type":"Feature","bbox":[92.1715,25.0289,92.8015,25.4721],"properties":{"kind":"district","district":"East Jaintia Hills"},"geometry":{"type":"Polygon","coordinates":[[[92.5841,25.4656],[92.5919,25.4704],[92.6002,25.4656],[92.5976,25.4507],[92.6046,25.4476],[92.6031,25.4351],[92.607,25.4276],[92.6045,25.4209],[92.6066,25.4132],[92.6186,25.423],[92.6276,25.422],[92.6256,25.4349],[92.6358,25.4273],[92.6396,25.4176],[92.6536,25.4335],[92.6519,25.4192],[92.6616,25.4064],[92.6675,25.4148],[92.6735,25.414],[92.6778,25.407],[92.6928,25.3977],[92.6983,25.3863],[92.7099,25.3845],[92.7179,25.3726],[92.7237,25.3788],[92.738,25.3793],[92.7324,25.3689],[92.7388,25.367],[92.7395,25.3613],[92.7464,25.3583],[92.7499,25.3441],[92.7611,25.3335],[92.7699,25.3382],[92.7818,25.3332],[92.7869,25.3144],[92.7814,25.3045],[92.7925,25.2826],[92.7875,25.2741],[92.7686,25.2681],[92.7777,25.2582],[92.775,25.252],[92.7665,25.2521],[92.7619,25.2465],[92.7702,25.2373],[92.7717,25.23],[92.782,25.2302],[92.8015,25.2202],[92.8009,25.214],[92.795,25.2098],[92.786,25.2093],[92.7762,25.1996],[92.7675,25.2035],[92.7548,25.2018],[92.7429,25.2067],[92.7372,25.2005],[92.7161,25.1958],[92.7026,25.1884],[92.6939,25.1792],[92.6772,25.1825],[92.668,25.1741],[92.6635,25.1767],[92.6584,25.1719],[92.6558,25.155],[92.6387,25.1477],[92.6283,25.1381],[92.6289,25.1262],[92.6214,25.115],[92.6089,25.1226],[92.595,25.1222],[92.5881,25.1288],[92.5606,25.1303],[92.5554,25.127],[92.5249,25.1352],[92.5216,25.139],[92.5231,25.126],[92.5394,25.0991],[92.5199,25.1059],[92.5089,25.1042],[92.497,25.1095],[92.481,25.1086],[92.4774,25.1002],[92.4794,25.0866],[92.4741,25.082],[92.4753,25.0778],[92.4706,25.0764],[92.472,25.0673],[92.4684,25.0659],[92.4637,25.0549],[92.4602,25.0573],[92.457,25.0541],[92.457,25.0467],[92.4624,25.0481],[92.4643,25.0374],[92.4491,25.0406],[92.4425,25.0452],[92.4383,25.0439],[92.4382,25.0346],[92.4322,25.0351],[92.429,25.0291],[92.4123,25.0289],[92.3986,25.033],[92.3928,25.0398],[92.3838,25.0424],[92.3833,25.0385],[92.3749,25.0436],[92.3697,25.0409],[92.3684,25.0461],[92.3629,25.0499],[92.3608,25.0467],[92.3581,25.0501],[92.3563,25.0474],[92.3395,25.05],[92.3424,25.0542],[92.3392,25.0505],[92.3382,25.0515],[92.3491,25.0611],[92.3486,25.0735],[92.3349,25.0784],[92.3218,25.0782],[92.3191,25.0699],[92.3141,25.072],[92.3104,25.0693],[92.2553,25.0853],[92.2314,25.0969],[92.2276,25.0937],[92.2231,25.0982],[92.2232,25.1031],[92.2139,25.107],[92.1962,25.108],[92.2004,25.12],[92.2197,25.1151],[92.213,25.121],[92.1936,25.1263],[92.1952,25.1302],[92.2034,25.1287],[92.2068,25.1314],[92.2068,25.1417],[92.2128,25.1478],[92.2082,25.1576],[92.2152,25.1585],[92.2253,25.1539],[92.2258,25.1686],[92.2338,25.1761],[92.2309,25.1849],[92.2386,25.1896],[92.2371,25.1988],[92.2319,25.2037],[92.236,25.2114],[92.2284,25.2124],[92.2264,25.2219],[92.2145,25.23],[92.2061,25.2284],[92.2053,25.246],[92.2002,25.2538],[92.2016,25.2583],[92.1981,25.2664],[92.1975,25.2745],[92.2014,25.2839],[92.1986,25.2867],[92.1993,25.292],[92.1896,25.2997],[92.193,25.3055],[92.1872,25.309],[92.177,25.3261],[92.1777,25.3327],[92.1715,25.3365],[92.1742,25.3541],[92.1869,25.3587],[92.1911,25.3633],[92.2038,25.3653],[92.2247,25.3741],[92.2288,25.3727],[92.2343,25.3793],[92.2442,25.3807],[92.2457,25.3856],[92.2543,25.3925],[92.2798,25.4043],[92.3049,25.405],[92.3288,25.4008],[92.3592,25.406],[92.3638,25.4094],[92.3671,25.4062],[92.3774,25.4067],[92.4149,25.4178],[92.4408,25.421],[92.4433,25.4238],[92.4512,25.4215],[92.4566,25.4263],[92.4724,25.4293],[92.4917,25.4423],[92.5047,25.4439],[92.5146,25.4391],[92.5199,25.4416],[92.5266,25.4341],[92.5344,25.4347],[92.5479,25.4598],[92.5622,25.4552],[92.5679,25.4563],[92.5665,25.4634],[92.5804,25.4721],[92.5841,25.4656]]]}},{"type":"Feature","bbox":[91.3544,25.1225,92.1582,25.6906],"properties":{"kind":"district","district":"East Khasi Hills"},"geometry":{"type":"Polygon","coordinates":[[[91.9675,25.6906],[91.9767,25.6749],[91.9767,25.669],[91.984,25.665],[91.9898,25.6551],[91.9843,25.6513],[91.9889,25.6475],[91.9949,25.6502],[91.9952,25.6373],[92.0033,25.6346],[92.0135,25.6366],[92.0203,25.6344],[92.0284,25.6389],[92.0398,25.6334],[92.0533,25.6379],[92.057,25.6341],[92.0788,25.6402],[92.085,25.6375],[92.1138,25.6461],[92.1198,25.6519],[92.1196,25.6562],[92.139,25.6735],[92.1435,25.6702],[92.1501,25.6696],[92.1537,25.673],[92.1582,25.6708],[92.1524,25.6698],[92.1505,25.6641],[92.1556,25.6476],[92.1538,25.6457],[92.1496,25.6492],[92.1472,25.6425],[92.1412,25.6396],[92.1331,25.6411],[92.1357,25.6288],[92.1393,25.6259],[92.121,25.6036],[92.1249,25.5966],[92.1209,25.5909],[92.1205,25.5823],[92.1067,25.5616],[92.1069,25.5509],[92.1134,25.5428],[92.1054,25.5195],[92.0998,25.5131],[92.1011,25.5027],[92.0962,25.4928],[92.0982,25.4862],[92.1059,25.4812],[92.1101,25.4705],[92.1096,25.466],[92.0965,25.4508],[92.1032,25.441],[92.1028,25.4325],[92.1127,25.4108],[92.1106,25.4032],[92.1021,25.3954],[92.1116,25.379],[92.1088,25.3518],[92.1131,25.3461],[92.1124,25.3377],[92.12,25.3291],[92.1132,25.3075],[92.1087,25.3038],[92.0995,25.3062],[92.0938,25.3126],[92.0852,25.3085],[92.0673,25.3179],[92.0562,25.3145],[92.0479,25.3198],[92.0308,25.3109],[92.0206,25.3093],[92.0043,25.297],[91.9859,25.2753],[91.9821,25.2561],[91.985,25.2456],[92.0075,25.2085],[92.0212,25.2019],[92.0212,25.1931],[92.0164,25.1872],[92.0015,25.1855],[91.9834,25.1709],[91.9717,25.1676],[91.9668,25.1764],[91.9146,25.1813],[91.8985,25.1801],[91.8941,25.1762],[91.8845,25.1771],[91.8806,25.1729],[91.876,25.1774],[91.8556,25.1725],[91.8277,25.1778],[91.8177,25.1712],[91.8042,25.1718],[91.8066,25.1683],[91.7884,25.1674],[91.7746,25.1631],[91.759,25.1683],[91.755,25.1716],[91.7553,25.1774],[91.7447,25.1698],[91.7498,25.1592],[91.7425,25.1446],[91.7476,25.1402],[91.7376,25.1426],[91.7355,25.1497],[91.7327,25.1478],[91.733,25.1502],[91.7165,25.1523],[91.7143,25.1576],[91.7055,25.1569],[91.7038,25.16],[91.7005,25.1557],[91.7036,25.1495],[91.701,25.1506],[91.6988,25.1462],[91.6944,25.1455],[91.6918,25.1371],[91.6807,25.135],[91.6699,25.1379],[91.664,25.1352],[91.665,25.1284],[91.66,25.127],[91.6589,25.1315],[91.6528,25.1312],[91.6518,25.1275],[91.6379,25.1225],[91.6232,25.1279],[91.6215,25.1434],[91.6154,25.1451],[91.6123,25.141],[91.6111,25.1463],[91.6038,25.1402],[91.6023,25.1423],[91.5994,25.1511],[91.6036,25.159],[91.6,25.1596],[91.6041,25.1674],[91.6154,25.1699],[91.6152,25.1747],[91.6097,25.177],[91.6055,25.1736],[91.577,25.1717],[91.5716,25.1653],[91.5766,25.1598],[91.5632,25.1606],[91.5581,25.1555],[91.5572,25.1498],[91.5265,25.1445],[91.5096,25.1474],[91.501,25.1431],[91.4996,25.1354],[91.4919,25.1389],[91.4896,25.1354],[91.4801,25.1369],[91.4745,25.1334],[91.4642,25.1348],[91.4704,25.1397],[91.4672,25.1437],[91.4686,25.1518],[91.457,25.1482],[91.4531,25.1526],[91.4496,25.1492],[91.4406,25.1496],[91.4327,25.1568],[91.4251,25.157],[91.4146,25.1711],[91.4109,25.1637],[91.4068,25.1661],[91.3982,25.1647],[91.3882,25.1677],[91.3798,25.1767],[91.363,25.2052],[91.3544,25.2341],[91.3651,25.2346],[91.3711,25.2427],[91.3755,25.2437],[91.3855,25.2395],[91.3874,25.2458],[91.4026,25.2636],[91.4122,25.2649],[91.4228,25.2619],[91.4383,25.2729],[91.4622,25.2685],[91.4674,25.2712],[91.4789,25.2634],[91.4845,25.2649],[91.489,25.2789],[91.4959,25.2833],[91.5276,25.2801],[91.5326,25.2764],[91.5437,25.2794],[91.5479,25.2869],[91.5525,25.3046],[91.5491,25.3122],[91.5523,25.3204],[91.5484,25.3263],[91.5498,25.3302],[91.5251,25.3443],[91.5244,25.3489],[91.5252,25.3539],[91.5297,25.3563],[91.5377,25.3698],[91.5401,25.387],[91.5554,25.3946],[91.5561,25.4044],[91.534,25.4082],[91.5437,25.4346],[91.5411,25.4376],[91.5422,25.4512],[91.5312,25.4639],[91.5336,25.4722],[91.5275,25.4881],[91.5275,25.5144],[91.5358,25.5177],[91.5472,25.5105],[91.5488,25.5145],[91.5817,25.5206],[91.613,25.5419],[91.6228,25.5381],[91.6292,25.5413],[91.6339,25.5489],[91.6538,25.5519],[91.6586,25.528],[91.6702,25.522],[91.6891,25.5259],[91.7002,25.5334],[91.6961,25.5427],[91.6987,25.5461],[91.7132,25.5532],[91.7148,25.5588],[91.7233,25.5643],[91.7295,25.5633],[91.7332,25.5751],[91.7435,25.5752],[91.7465,25.5859],[91.7356,25.6104],[91.7336,25.6199],[91.7365,25.6247],[91.7515,25.6211],[91.782,25.591],[91.7998,25.6095],[91.799,25.6277],[91.8074,25.6353],[91.8113,25.6532],[91.8082,25.6587],[91.8135,25.6647],[91.8279,25.6692],[91.8299,25.6517],[91.8357,25.6447],[91.8477,25.6505],[91.8591,25.6465],[91.8613,25.6416],[91.8539,25.6318],[91.8576,25.6294],[91.8704,25.6388],[91.8863,25.6415],[91.8985,25.6586],[91.9185,25.6638],[91.9208,25.6697],[91.9279,25.6692],[91.9406,25.6741],[91.9523,25.6872],[91.9545,25.6871],[91.9507,25.6819],[91.956,25.6799],[91.9597,25.6883],[91.9635,25.6868],[91.9675,25.6906]]]}},{"type":"Feature","bbox":[91.2889,25.4068,91.8281,25.8289],"properties":{"kind":"district","district":"Eastern West Khasi Hills"},"geometry":{"type":"Polygon","coordinates":[[[91.7703,25.8087],[91.7792,25.7947],[91.7878,25.7907],[91.7884,25.7822],[91.7791,25.7633],[91.7654,25.7497],[91.7683,25.7433],[91.7724,25.7444],[91.7735,25.7398],[91.7841,25.7389],[91.7848,25.7318],[91.8083,25.7333],[91.8152,25.7208],[91.8133,25.7054],[91.82,25.7024],[91.8281,25.6887],[91.8273,25.6693],[91.8135,25.6647],[91.8082,25.6587],[91.8113,25.6532],[91.8074,25.6353],[91.7981,25.6242],[91.7998,25.6095],[91.782,25.591],[91.7515,25.6211],[91.7374,25.6252],[91.7338,25.6181],[91.7464,25.5871],[91.7435,25.5752],[91.7332,25.5751],[91.7295,25.5633],[91.7233,25.5643],[91.7148,25.5588],[91.7132,25.5532],[91.6987,25.5461],[91.6961,25.5427],[91.7002,25.5334],[91.6891,25.5259],[91.6702,25.522],[91.6586,25.528],[91.6538,25.5519],[91.6339,25.5489],[91.6292,25.5413],[91.6228,25.5381],[91.613,25.5419],[91.5817,25.5206],[91.5488,25.5145],[91.5472,25.5105],[91.5358,25.5177],[91.531,25.5171],[91.5267,25.5124],[91.5275,25.4881],[91.5336,25.4722],[91.5313,25.4635],[91.5422,25.4511],[91.5416,25.4398],[91.5237,25.4355],[91.4928,25.4201],[91.4626,25.4121],[91.4368,25.4101],[91.4329,25.4144],[91.4282,25.4337],[91.4154,25.4371],[91.3718,25.4239],[91.2905,25.4068],[91.2889,25.4137],[91.3105,25.4219],[91.3068,25.4302],[91.3264,25.4328],[91.3314,25.4402],[91.3359,25.4381],[91.3543,25.4548],[91.3776,25.4629],[91.3601,25.4817],[91.3339,25.5027],[91.3435,25.5274],[91.343,25.5609],[91.3477,25.5755],[91.372,25.6015],[91.3928,25.614],[91.4013,25.6242],[91.4124,25.6288],[91.433,25.6536],[91.4386,25.7006],[91.4445,25.7197],[91.4375,25.7923],[91.4416,25.7952],[91.4457,25.7924],[91.4574,25.795],[91.4585,25.7884],[91.4672,25.7889],[91.48,25.7966],[91.5314,25.8016],[91.5374,25.7988],[91.557,25.8082],[91.587,25.8119],[91.5967,25.8053],[91.6,25.8099],[91.6317,25.8099],[91.6424,25.8028],[91.6594,25.8144],[91.6979,25.8047],[91.7074,25.8199],[91.7239,25.8269],[91.738,25.8289],[91.7496,25.8271],[91.7703,25.8087]]]}},{"type":"Feature","bbox":[90.331,25.705,91.0305,26.0096],"properties":{"kind":"district","district":"North Garo Hills"},"geometry":{"type":"Polygon","coordinates":[[[90.5025,25.9915],[90.535,25.9496],[90.5342,25.939],[90.5207,25.926],[90.518,25.9157],[90.5086,25.9015],[90.515,25.8961],[90.5381,25.9137],[90.5491,25.9154],[90.5438,25.9236],[90.5524,25.9227],[90.5767,25.9367],[90.5798,25.9513],[90.5879,25.9581],[90.5997,25.9551],[90.6049,25.9471],[90.6241,25.9392],[90.6063,25.9166],[90.6136,25.8993],[90.6219,25.8978],[90.6308,25.9063],[90.6307,25.9095],[90.6261,25.9097],[90.6262,25.9134],[90.6316,25.9198],[90.6727,25.9346],[90.6883,25.9489],[90.7138,25.9517],[90.7176,25.9549],[90.7199,25.9488],[90.7245,25.9468],[90.7383,25.9527],[90.7378,25.9557],[90.7428,25.958],[90.7444,25.9551],[90.7481,25.9567],[90.7457,25.9519],[90.7478,25.9483],[90.7404,25.9394],[90.7467,25.9281],[90.7528,25.9343],[90.7542,25.9294],[90.747,25.9248],[90.7478,25.9189],[90.739,25.9162],[90.7453,25.9118],[90.7511,25.9183],[90.7605,25.9219],[90.7607,25.9157],[90.7567,25.911],[90.7664,25.9076],[90.7812,25.9113],[90.7845,25.9251],[90.7964,25.9405],[90.8091,25.9474],[90.8091,25.9524],[90.8193,25.9503],[90.8244,25.9454],[90.8259,25.9487],[90.8329,25.9459],[90.8362,25.9484],[90.8355,25.9366],[90.8444,25.946],[90.8748,25.9426],[90.8717,25.9476],[90.8767,25.9494],[90.8811,25.9428],[90.8805,25.9505],[90.8845,25.9503],[90.89,25.9381],[90.8975,25.9375],[90.8944,25.9312],[90.9053,25.9289],[90.9168,25.9141],[90.9195,25.9152],[90.9142,25.9257],[90.9173,25.9444],[90.9339,25.9398],[90.94,25.9473],[90.9474,25.9481],[90.9461,25.941],[90.957,25.935],[90.9666,25.9141],[90.969,25.9038],[90.966,25.8884],[90.9689,25.8852],[90.9761,25.8897],[91.0007,25.8879],[91.0106,25.8842],[91.0252,25.8888],[91.0305,25.8858],[91.0279,25.8693],[91.014,25.8569],[91.0153,25.8484],[91.0115,25.8459],[91.0122,25.8418],[91.0023,25.8238],[90.9702,25.794],[90.9659,25.7814],[90.944,25.7703],[90.9408,25.7638],[90.9436,25.753],[90.9524,25.755],[90.9617,25.7499],[90.9714,25.7529],[90.9825,25.7444],[90.9747,25.7356],[90.9518,25.7416],[90.9264,25.7344],[90.893,25.7341],[90.8732,25.748],[90.8542,25.7783],[90.835,25.7981],[90.8119,25.8111],[90.7916,25.8144],[90.7792,25.8127],[90.73,25.7909],[90.6594,25.7863],[90.6476,25.7766],[90.6446,25.764],[90.6325,25.7458],[90.6215,25.7357],[90.6047,25.7296],[90.5994,25.7411],[90.5866,25.7402],[90.5863,25.7454],[90.5764,25.7506],[90.5643,25.7792],[90.5568,25.77],[90.5497,25.7689],[90.5457,25.7711],[90.5473,25.7791],[90.5445,25.7793],[90.5333,25.7692],[90.5011,25.7125],[90.499,25.7158],[90.4934,25.7155],[90.4856,25.705],[90.479,25.7071],[90.4691,25.72],[90.4598,25.719],[90.4593,25.7241],[90.4513,25.7237],[90.45,25.7198],[90.4457,25.7293],[90.436,25.7295],[90.4094,25.7533],[90.3889,25.7603],[90.3908,25.7709],[90.3879,25.7763],[90.3558,25.7849],[90.35,25.7894],[90.3373,25.7878],[90.331,25.8132],[90.3334,25.8176],[90.3444,25.8211],[90.3454,25.8278],[90.3522,25.835],[90.3895,25.8419],[90.3911,25.8446],[90.3856,25.8673],[90.3884,25.8909],[90.4001,25.9245],[90.4081,25.9281],[90.4068,25.9343],[90.4127,25.9375],[90.4109,25.9483],[90.4135,25.9521],[90.4104,25.9541],[90.4107,25.96],[90.42,25.9643],[90.4184,25.9673],[90.4256,25.9809],[90.4238,25.989],[90.4375,25.9917],[90.4761,26.0096],[90.5025,25.9915]]]}},{"type":"Feature","bbox":[91.3419,25.6294,92.2749,26.1194],"properties":{"kind":"district","district":"Ri Bhoi"},"geometry":{"type":"Polygon","coordinates":[[[91.8254,26.1194],[91.8658,26.1004],[91.8792,26.098],[91.8703,26.0545],[91.8719,26.051],[91.8673,26.042],[91.8748,26.043],[91.8731,26.0388],[91.8792,26.0344],[91.883,26.0261],[91.8887,26.0279],[91.9147,26.0205],[91.9148,26.014],[91.9098,26.0127],[91.9133,26.0094],[91.9098,26.0088],[91.9142,26.0072],[91.9144,25.9988],[91.919,25.9978],[91.9283,26.0024],[91.9311,26.0124],[91.934,26.0103],[91.9472,26.0132],[91.9732,26.0221],[91.979,26.0275],[91.9836,26.0258],[91.9891,26.0385],[92.0041,26.0356],[92.0062,26.0386],[92.0306,26.0396],[92.0517,26.0328],[92.064,26.0342],[92.0973,26.0492],[92.1088,26.0507],[92.1214,26.0439],[92.1326,26.0442],[92.1342,26.0524],[92.1434,26.056],[92.1522,26.0668],[92.1694,26.0776],[92.1788,26.0782],[92.1761,26.0702],[92.1873,26.0693],[92.1872,26.0666],[92.2082,26.0705],[92.2208,26.0703],[92.2386,26.062],[92.2583,26.0635],[92.2689,26.0682],[92.2749,26.0657],[92.2639,26.0574],[92.27,26.0475],[92.269,26.0428],[92.2611,26.0416],[92.2651,26.0361],[92.2635,26.0331],[92.2437,26.0215],[92.2445,26.0182],[92.2339,26.0091],[92.2191,26.0039],[92.2119,26.0046],[92.2092,25.9979],[92.2039,26.0012],[92.201,25.9952],[92.1975,25.9946],[92.1985,25.9882],[92.1809,25.985],[92.1787,25.9774],[92.1642,25.9703],[92.1615,25.9602],[92.1641,25.9578],[92.1524,25.9443],[92.1525,25.9396],[92.1602,25.9353],[92.1609,25.9282],[92.1547,25.911],[92.1755,25.9074],[92.1861,25.9166],[92.1895,25.9146],[92.1945,25.9185],[92.194,25.9117],[92.2023,25.9063],[92.2173,25.9115],[92.2256,25.9092],[92.2209,25.9003],[92.2157,25.8999],[92.215,25.8953],[92.199,25.889],[92.1875,25.8772],[92.1772,25.8727],[92.1801,25.8582],[92.1776,25.8581],[92.1775,25.8515],[92.1726,25.8499],[92.1698,25.8389],[92.162,25.8355],[92.1642,25.833],[92.1608,25.8306],[92.1613,25.8206],[92.157,25.8216],[92.1511,25.8166],[92.1526,25.8118],[92.1487,25.8059],[92.15,25.7949],[92.1464,25.7841],[92.1527,25.778],[92.1478,25.773],[92.1556,25.7511],[92.1627,25.7413],[92.1544,25.725],[92.1482,25.7253],[92.1442,25.7168],[92.1477,25.7095],[92.1548,25.7062],[92.156,25.6917],[92.1605,25.6841],[92.1562,25.6722],[92.1501,25.6696],[92.1386,25.6733],[92.1196,25.6562],[92.1198,25.6519],[92.1141,25.6463],[92.1032,25.6449],[92.0927,25.6393],[92.0814,25.6372],[92.0768,25.64],[92.057,25.6341],[92.0533,25.6379],[92.0398,25.6334],[92.0284,25.6389],[92.0203,25.6344],[92.0135,25.6366],[92.0033,25.6346],[91.9952,25.6373],[91.9949,25.6502],[91.9889,25.6475],[91.9843,25.6513],[91.9898,25.6537],[91.9875,25.6606],[91.9767,25.669],[91.9743,25.681],[91.9675,25.6906],[91.9635,25.6868],[91.9588,25.6878],[91.957,25.6802],[91.9507,25.6819],[91.9545,25.6871],[91.9523,25.6872],[91.9406,25.6741],[91.9279,25.6692],[91.9208,25.6697],[91.9185,25.6638],[91.8985,25.6586],[91.886,25.6412],[91.8704,25.6388],[91.8571,25.6294],[91.8539,25.6318],[91.8613,25.6416],[91.8591,25.6465],[91.8484,25.6505],[91.838,25.6443],[91.8318,25.647],[91.8262,25.6776],[91.8281,25.6887],[91.82,25.7024],[91.8133,25.7054],[91.8152,25.7208],[91.8114,25.7293],[91.8083,25.7333],[91.7848,25.7318],[91.7841,25.7389],[91.7735,25.7398],[91.7724,25.7444],[91.7683,25.7433],[91.7654,25.7497],[91.7791,25.7633],[91.7884,25.7822],[91.7878,25.7907],[91.7792,25.7947],[91.7703,25.8087],[91.7496,25.8271],[91.7239,25.8269],[91.7074,25.8199],[91.6979,25.8047],[91.6594,25.8144],[91.6424,25.8028],[91.6317,25.8099],[91.6,25.8099],[91.5967,25.8053],[91.587,25.8119],[91.557,25.8082],[91.5374,25.7988],[91.5314,25.8016],[91.48,25.7966],[91.4748,25.7916],[91.4585,25.7884],[91.4574,25.795],[91.4227,25.7931],[91.4182,25.8031],[91.3948,25.8051],[91.3803,25.8009],[91.3716,25.8025],[91.3595,25.8065],[91.3419,25.8246],[91.3423,25.8357],[91.3464,25.84],[91.3658,25.84],[91.3729,25.8467],[91.3811,25.8456],[91.4225,25.8545],[91.4451,25.8397],[91.4631,25.857],[91.4695,25.8592],[91.4779,25.8573],[91.4837,25.8642],[91.4958,25.8638],[91.4974,25.8611],[91.5034,25.8642],[91.5137,25.864],[91.5224,25.8729],[91.5304,25.8713],[91.5304,25.8816],[91.5352,25.8839],[91.5266,25.8911],[91.5213,25.8835],[91.5213,25.8751],[91.5131,25.8657],[91.4816,25.8678],[91.475,25.8702],[91.4748,25.874],[91.4787,25.8878],[91.484,25.893],[91.4919,25.8959],[91.5039,25.8912],[91.4987,25.896],[91.5049,25.9078],[91.537,25.9312],[91.5366,25.9358],[91.5176,25.9194],[91.5096,25.9172],[91.5047,25.9114],[91.5033,25.9137],[91.5029,25.9265],[91.508,25.9323],[91.5138,25.9329],[91.5151,25.9412],[91.5198,25.9399],[91.5181,25.9597],[91.5356,25.9623],[91.5384,25.9714],[91.5512,25.9766],[91.5517,25.985],[91.5606,26.0009],[91.5651,26.002],[91.5636,26.0075],[91.5722,26.0154],[91.5692,26.0184],[91.5707,26.0257],[91.5801,26.0333],[91.5887,26.0296],[91.5975,26.0181],[91.6002,26.0216],[91.6195,26.026],[91.6311,26.022],[91.6316,26.0147],[91.6349,26.0121],[91.6282,26.0007],[91.6302,25.9901],[91.6261,25.9867],[91.6283,25.9761],[91.6407,25.9638],[91.6344,25.9605],[91.6298,25.9433],[91.6119,25.945],[91.6095,25.9374],[91.6365,25.9213],[91.6515,25.9063],[91.6634,25.9078],[91.6706,25.9042],[91.6788,25.9163],[91.6881,25.9202],[91.7011,25.9356],[91.7024,25.9413],[91.7135,25.944],[91.7201,25.9536],[91.7225,25.9657],[91.7198,25.9658],[91.7196,25.9929],[91.725,26.0202],[91.7231,26.0355],[91.7253,26.0462],[91.7337,26.0492],[91.7369,26.0562],[91.7311,26.0589],[91.7627,26.0724],[91.7773,26.0893],[91.7833,26.0881],[91.7859,26.084],[91.7914,26.0852],[91.8004,26.1],[91.8029,26.0953],[91.8056,26.0991],[91.809,26.0978],[91.8213,26.1175],[91.8254,26.1194]]]}},{"type":"Feature","bbox":[90.2343,25.1446,90.9715,25.5543],"properties":{"kind":"district","district":"South Garo Hills"},"geometry":{"type":"Polygon","coordinates":[[[90.7894,25.4964],[90.7925,25.4907],[90.7871,25.4794],[90.7745,25.4757],[90.7721,25.4721],[90.7739,25.4687],[90.7852,25.4683],[90.7772,25.4532],[90.7655,25.4561],[90.7593,25.4551],[90.7575,25.4514],[90.7618,25.4463],[90.7578,25.4399],[90.7575,25.4319],[90.7637,25.4209],[90.7628,25.3979],[90.7509,25.392],[90.7493,25.3807],[90.7649,25.368],[90.7833,25.3653],[90.7904,25.3699],[90.806,25.3682],[90.8143,25.3606],[90.8372,25.3579],[90.8417,25.3515],[90.838,25.3407],[90.8398,25.3126],[90.8572,25.2934],[90.8762,25.2925],[90.9006,25.2967],[90.9145,25.2858],[90.9256,25.2671],[90.9519,25.2562],[90.9588,25.2465],[90.9595,25.2346],[90.9529,25.2281],[90.9498,25.2147],[90.9556,25.212],[90.9593,25.2038],[90.9686,25.2011],[90.9715,25.1915],[90.9685,25.1724],[90.9488,25.1708],[90.9465,25.1676],[90.928,25.1622],[90.9046,25.1619],[90.8973,25.1663],[90.884,25.1667],[90.8719,25.1597],[90.8462,25.1579],[90.842,25.1643],[90.8366,25.1609],[90.8196,25.1626],[90.8179,25.1676],[90.8138,25.1675],[90.814,25.1637],[90.8049,25.1664],[90.8055,25.1736],[90.7988,25.1743],[90.7947,25.1813],[90.7873,25.1787],[90.7819,25.1805],[90.7804,25.1861],[90.7638,25.1783],[90.7589,25.1725],[90.7604,25.1682],[90.7567,25.1698],[90.7476,25.164],[90.7421,25.1659],[90.7419,25.1702],[90.7397,25.1667],[90.7342,25.1668],[90.7332,25.162],[90.7379,25.1643],[90.7419,25.1612],[90.7333,25.1549],[90.7266,25.1581],[90.7257,25.1631],[90.71,25.1681],[90.7064,25.1611],[90.7006,25.1648],[90.6981,25.1568],[90.6899,25.1642],[90.6822,25.1643],[90.6805,25.1693],[90.6857,25.1745],[90.6752,25.1725],[90.6746,25.1765],[90.6699,25.1663],[90.666,25.1658],[90.6634,25.1979],[90.6569,25.1848],[90.6524,25.1922],[90.648,25.1942],[90.6526,25.1886],[90.6511,25.1822],[90.646,25.1808],[90.6403,25.1836],[90.6409,25.1745],[90.6346,25.176],[90.627,25.1722],[90.6183,25.1725],[90.6163,25.1773],[90.6139,25.1737],[90.6092,25.1784],[90.6046,25.1749],[90.5879,25.1765],[90.576,25.1716],[90.555,25.1717],[90.5513,25.1752],[90.5187,25.1722],[90.5086,25.1754],[90.5099,25.1694],[90.4991,25.1722],[90.499,25.1685],[90.4859,25.1611],[90.4508,25.1524],[90.4494,25.1466],[90.441,25.1446],[90.4187,25.1506],[90.4045,25.16],[90.3705,25.1628],[90.3468,25.1783],[90.3302,25.1938],[90.3166,25.1929],[90.3104,25.1888],[90.2866,25.1957],[90.2681,25.1984],[90.2641,25.1963],[90.2485,25.2003],[90.2514,25.2017],[90.253,25.2117],[90.2429,25.2264],[90.2343,25.2241],[90.2366,25.2313],[90.2592,25.2336],[90.255,25.2402],[90.2673,25.2375],[90.2666,25.2432],[90.2723,25.2485],[90.2716,25.2626],[90.2782,25.2686],[90.2823,25.2651],[90.2851,25.2667],[90.2727,25.2734],[90.2769,25.2761],[90.2754,25.2781],[90.2666,25.281],[90.2703,25.3125],[90.2856,25.3133],[90.2868,25.3154],[90.281,25.3196],[90.2933,25.321],[90.2878,25.3265],[90.2951,25.3367],[90.3046,25.3376],[90.3082,25.334],[90.3086,25.3432],[90.3155,25.3462],[90.316,25.3519],[90.3249,25.3502],[90.3287,25.3526],[90.3315,25.3644],[90.3266,25.3642],[90.3259,25.3615],[90.3168,25.3638],[90.3196,25.3698],[90.3156,25.3738],[90.3146,25.3692],[90.311,25.3712],[90.3104,25.364],[90.3066,25.3629],[90.3058,25.3657],[90.3037,25.3626],[90.3011,25.3654],[90.3043,25.3764],[90.3009,25.3759],[90.3075,25.378],[90.3091,25.3816],[90.3085,25.3891],[90.3059,25.39],[90.3069,25.3996],[90.3191,25.4034],[90.3183,25.4076],[90.3251,25.4115],[90.3213,25.4166],[90.33,25.422],[90.3348,25.4504],[90.3378,25.4531],[90.3345,25.457],[90.3437,25.4571],[90.349,25.4608],[90.3602,25.457],[90.3801,25.4591],[90.3866,25.456],[90.4036,25.4604],[90.4095,25.4547],[90.4169,25.4597],[90.4415,25.461],[90.4993,25.4434],[90.5167,25.4299],[90.5343,25.4313],[90.5497,25.4251],[90.5536,25.4284],[90.5897,25.4252],[90.5984,25.4209],[90.6083,25.4232],[90.6397,25.4154],[90.6446,25.416],[90.6614,25.4552],[90.6655,25.4555],[90.6734,25.4649],[90.6817,25.4845],[90.6887,25.4914],[90.7062,25.4926],[90.7109,25.5067],[90.7297,25.5314],[90.7448,25.544],[90.7666,25.5543],[90.7646,25.5509],[90.7686,25.5438],[90.7775,25.5408],[90.7806,25.5359],[90.7812,25.527],[90.7903,25.5078],[90.7894,25.4964]]]}},{"type":"Feature","bbox":[89.8196,25.2853,90.1638,25.5912],"properties":{"kind":"district","district":"South West Garo Hills"},"geometry":{"type":"Polygon","coordinates":[[[89.9835,25.5912],[90.0143,25.5828],[90.0173,25.578],[90.0245,25.5771],[90.028,25.573],[90.0238,25.5665],[90.0258,25.5623],[90.0329,25.5649],[90.0328,25.5778],[90.0425,25.576],[90.0455,25.5719],[90.0575,25.5736],[90.0615,25.5699],[90.0647,25.5733],[90.0739,25.5671],[90.0766,25.5682],[90.0799,25.5634],[90.0867,25.5656],[90.0945,25.5609],[90.1003,25.5469],[90.1163,25.5427],[90.1128,25.5299],[90.1089,25.528],[90.1105,25.5257],[90.13,25.5342],[90.1252,25.537],[90.1266,25.5391],[90.139,25.5373],[90.1371,25.5452],[90.1411,25.5537],[90.1481,25.5449],[90.1556,25.5499],[90.1604,25.5484],[90.1633,25.5396],[90.1589,25.5408],[90.1597,25.5367],[90.1561,25.5351],[90.1622,25.5336],[90.1576,25.5185],[90.1614,25.5112],[90.1575,25.4905],[90.1517,25.4879],[90.1602,25.4849],[90.1638,25.4759],[90.152,25.4406],[90.1577,25.4387],[90.1468,25.4209],[90.151,25.4172],[90.1511,25.4104],[90.1466,25.4046],[90.1477,25.3982],[90.1557,25.389],[90.1515,25.3798],[90.1468,25.3761],[90.1067,25.366],[90.0555,25.3551],[90.0187,25.3507],[90.0151,25.3476],[90.0166,25.3397],[90.0099,25.3369],[90.0098,25.3308],[89.9803,25.3246],[89.9772,25.3205],[89.9806,25.317],[89.964,25.3019],[89.9545,25.301],[89.9492,25.2927],[89.9439,25.3044],[89.939,25.299],[89.9092,25.3081],[89.8996,25.305],[89.8901,25.292],[89.8766,25.2853],[89.8632,25.2879],[89.8593,25.286],[89.8312,25.296],[89.8416,25.3082],[89.8414,25.3148],[89.8214,25.3555],[89.8196,25.3804],[89.8271,25.4015],[89.8255,25.4135],[89.8327,25.4384],[89.843,25.4564],[89.8515,25.4655],[89.8717,25.4773],[89.8767,25.4955],[89.8729,25.5074],[89.8859,25.5079],[89.8807,25.5167],[89.8835,25.5191],[89.8733,25.5169],[89.8679,25.5242],[89.8681,25.5299],[89.8788,25.5377],[89.8749,25.5437],[89.8772,25.549],[89.8987,25.5605],[89.9369,25.5644],[89.9605,25.5744],[89.9722,25.5735],[89.9835,25.5912]]]}},{"type":"Feature","bbox":[90.8571,25.168,91.556,25.4513],"properties":{"kind":"district","district":"South West Khasi Hills"},"geometry":{"type":"Polygon","coordinates":[[[91.1803,25.4453],[91.1787,25.4342],[91.183,25.433],[91.1892,25.4433],[91.1973,25.445],[91.2006,25.4426],[91.2097,25.4469],[91.2147,25.4432],[91.2175,25.4339],[91.2235,25.4334],[91.2284,25.4385],[91.2237,25.4432],[91.2306,25.4453],[91.2315,25.4505],[91.2725,25.3969],[91.2891,25.3997],[91.2905,25.4068],[91.3718,25.4239],[91.4154,25.4371],[91.4282,25.4337],[91.4329,25.4144],[91.4368,25.4101],[91.4626,25.4121],[91.4892,25.4188],[91.5237,25.4355],[91.5419,25.4397],[91.5433,25.4315],[91.534,25.4082],[91.5548,25.4061],[91.556,25.3956],[91.5401,25.387],[91.5377,25.3698],[91.5297,25.3563],[91.5252,25.3539],[91.5244,25.3489],[91.5251,25.3443],[91.5498,25.3302],[91.5484,25.3263],[91.5523,25.3204],[91.5491,25.3122],[91.5525,25.3046],[91.5479,25.2869],[91.5437,25.2794],[91.5326,25.2764],[91.5276,25.2801],[91.4959,25.2833],[91.489,25.2789],[91.4845,25.2649],[91.4789,25.2634],[91.4674,25.2712],[91.4622,25.2685],[91.4383,25.2729],[91.4228,25.2619],[91.4122,25.2649],[91.4026,25.2636],[91.3874,25.2458],[91.3855,25.2395],[91.3755,25.2437],[91.3711,25.2427],[91.3651,25.2346],[91.3544,25.2341],[91.363,25.2052],[91.3798,25.1767],[91.3882,25.1702],[91.3764,25.168],[91.3678,25.1712],[91.3638,25.1781],[91.3538,25.1713],[91.3516,25.1758],[91.3375,25.1735],[91.332,25.1774],[91.327,25.1762],[91.3178,25.1837],[91.2866,25.1854],[91.2922,25.1933],[91.2767,25.1988],[91.268,25.2072],[91.2515,25.1991],[91.2516,25.1952],[91.2473,25.1978],[91.2333,25.1991],[91.2304,25.1969],[91.2245,25.2002],[91.1947,25.2018],[91.1648,25.1958],[91.1603,25.1978],[91.1252,25.194],[91.0696,25.1984],[91.0702,25.1922],[91.0552,25.1924],[91.0304,25.1851],[91.0191,25.187],[91.0188,25.1838],[91.0061,25.1803],[90.9698,25.1732],[90.9715,25.1915],[90.9686,25.2011],[90.9593,25.2038],[90.9556,25.212],[90.9498,25.2147],[90.9529,25.2281],[90.9595,25.2346],[90.9588,25.2465],[90.9519,25.2562],[90.9256,25.2671],[90.9145,25.2858],[90.9006,25.2967],[90.8762,25.2925],[90.8571,25.2936],[90.8754,25.3182],[90.8835,25.3199],[90.8917,25.3136],[90.8966,25.3137],[90.9026,25.3182],[90.9066,25.3281],[90.9221,25.3279],[90.9289,25.335],[90.936,25.3327],[90.9362,25.322],[90.9475,25.335],[90.9538,25.3287],[90.9698,25.3241],[90.972,25.3198],[90.9777,25.3209],[90.9825,25.3236],[90.984,25.3345],[90.9772,25.3403],[90.9786,25.3439],[90.9862,25.343],[90.993,25.3487],[90.9913,25.3611],[90.9946,25.3658],[91.0097,25.3545],[91.0127,25.3414],[91.021,25.3385],[91.0183,25.3314],[91.0261,25.3235],[91.0448,25.3233],[91.0594,25.3308],[91.0698,25.3262],[91.0869,25.3071],[91.0932,25.3067],[91.1042,25.3132],[91.0953,25.3319],[91.0986,25.339],[91.0975,25.3487],[91.1085,25.3605],[91.117,25.3619],[91.1279,25.3726],[91.1365,25.3723],[91.1379,25.3767],[91.1421,25.377],[91.1412,25.3875],[91.1207,25.3955],[91.1185,25.401],[91.1205,25.4047],[91.1102,25.4125],[91.1133,25.4218],[91.1487,25.4372],[91.1711,25.4513],[91.1768,25.4504],[91.1803,25.4453]]]}},{"type":"Feature","bbox":[89.8944,25.2005,90.4256,26.0125],"properties":{"kind":"district","district":"West Garo Hills"},"geometry":{"type":"Polygon","coordinates":[[[90.3997,26.0125],[90.4162,25.998],[90.4168,25.9915],[90.4238,25.989],[90.4256,25.9809],[90.4184,25.9673],[90.42,25.9643],[90.4107,25.96],[90.4104,25.9541],[90.4135,25.9521],[90.4109,25.9483],[90.4127,25.9375],[90.4068,25.9343],[90.4081,25.9281],[90.4001,25.9245],[90.3884,25.8909],[90.3856,25.8673],[90.3912,25.8449],[90.3895,25.8419],[90.3522,25.835],[90.3454,25.8278],[90.3444,25.8211],[90.332,25.8163],[90.331,25.8102],[90.3373,25.7953],[90.3348,25.7917],[90.3373,25.7878],[90.35,25.7894],[90.3558,25.7849],[90.3879,25.7763],[90.3908,25.7709],[90.3889,25.7603],[90.4089,25.7536],[90.4014,25.7412],[90.3966,25.7401],[90.3999,25.7363],[90.3988,25.7304],[90.4057,25.725],[90.4055,25.709],[90.4137,25.696],[90.4074,25.6738],[90.4138,25.657],[90.4126,25.654],[90.4037,25.6539],[90.392,25.642],[90.3981,25.6309],[90.3876,25.6208],[90.3911,25.6143],[90.3819,25.5878],[90.3862,25.5789],[90.3835,25.5654],[90.3913,25.5564],[90.3876,25.5524],[90.3905,25.5489],[90.3877,25.5382],[90.3744,25.5309],[90.3754,25.5237],[90.3609,25.5171],[90.3566,25.5211],[90.3493,25.5157],[90.3158,25.471],[90.3204,25.4621],[90.3377,25.4556],[90.3378,25.4531],[90.3348,25.4504],[90.33,25.422],[90.3213,25.4166],[90.3251,25.4113],[90.3183,25.4076],[90.3191,25.4034],[90.3069,25.3996],[90.3059,25.39],[90.3085,25.3891],[90.3091,25.3816],[90.3075,25.378],[90.3021,25.3776],[90.3009,25.3761],[90.3043,25.3764],[90.3011,25.3654],[90.3037,25.3626],[90.3058,25.3657],[90.3066,25.3629],[90.3104,25.364],[90.3112,25.3715],[90.3146,25.3692],[90.3173,25.3738],[90.3196,25.3694],[90.3166,25.364],[90.3259,25.3615],[90.3312,25.3645],[90.332,25.3603],[90.3259,25.3504],[90.316,25.3519],[90.3155,25.3462],[90.3086,25.3432],[90.3082,25.334],[90.3046,25.3376],[90.2951,25.3367],[90.2878,25.3265],[90.2933,25.321],[90.281,25.3196],[90.2866,25.314],[90.2701,25.3123],[90.2666,25.281],[90.2754,25.2781],[90.2769,25.2761],[90.2727,25.2734],[90.2851,25.2667],[90.2823,25.2651],[90.2782,25.2686],[90.2716,25.2626],[90.2723,25.2485],[90.2666,25.2432],[90.2673,25.2375],[90.2559,25.2406],[90.2543,25.2384],[90.2599,25.2347],[90.2578,25.2327],[90.2345,25.2293],[90.2346,25.2236],[90.2429,25.2264],[90.253,25.2117],[90.2509,25.2009],[90.234,25.2049],[90.2255,25.2005],[90.2194,25.2067],[90.2152,25.2054],[90.2079,25.2102],[90.1959,25.211],[90.1715,25.2231],[90.1281,25.2256],[90.1181,25.2235],[90.0943,25.2373],[90.0741,25.244],[90.0545,25.2614],[90.0338,25.2623],[90.0042,25.2806],[89.996,25.2766],[89.9808,25.2809],[89.9771,25.2968],[89.9665,25.304],[89.9806,25.317],[89.9772,25.3205],[89.9803,25.3246],[90.01,25.3309],[90.0099,25.3369],[90.0166,25.3397],[90.0151,25.3476],[90.0187,25.3507],[90.0555,25.3551],[90.1067,25.366],[90.1468,25.3761],[90.1515,25.3798],[90.1557,25.389],[90.1477,25.3982],[90.1466,25.4046],[90.1511,25.4104],[90.151,25.4172],[90.1468,25.4209],[90.1577,25.4387],[90.152,25.4406],[90.1638,25.4759],[90.1602,25.4849],[90.1517,25.4879],[90.1575,25.4905],[90.1614,25.5112],[90.1576,25.5185],[90.1622,25.5336],[90.1561,25.5351],[90.1597,25.5367],[90.1589,25.5408],[90.1633,25.5398],[90.1588,25.5495],[90.1481,25.5449],[90.1411,25.5537],[90.1371,25.5452],[90.139,25.5373],[90.1266,25.5391],[90.1252,25.537],[90.13,25.5342],[90.1111,25.5256],[90.1088,25.5277],[90.1128,25.5299],[90.1163,25.5427],[90.1003,25.5469],[90.0945,25.5609],[90.0867,25.5656],[90.0799,25.5634],[90.0766,25.5682],[90.0739,25.5671],[90.0647,25.5733],[90.0615,25.5699],[90.0575,25.5736],[90.0455,25.5719],[90.0425,25.576],[90.0328,25.5778],[90.0326,25.5644],[90.0241,25.5628],[90.028,25.5725],[90.0245,25.5771],[90.0173,25.578],[90.0143,25.5828],[90.0,25.5856],[90.003,25.5854],[90.0095,25.5942],[90.011,25.6016],[90.0177,25.6026],[90.0203,25.6075],[90.0176,25.6079],[90.0186,25.6113],[90.0164,25.6098],[90.0092,25.6192],[90.0042,25.6202],[90.007,25.6233],[90.0041,25.6267],[89.9988,25.6224],[89.9832,25.6268],[89.9792,25.6388],[89.9505,25.6556],[89.9454,25.6679],[89.9474,25.671],[89.9429,25.6722],[89.9444,25.6793],[89.9363,25.6897],[89.9236,25.6945],[89.9187,25.7051],[89.8991,25.7264],[89.8944,25.7349],[89.8947,25.745],[89.9001,25.7471],[89.9243,25.7383],[89.9373,25.7451],[89.9352,25.7545],[89.942,25.7558],[89.9548,25.7672],[89.9576,25.7754],[89.9554,25.7778],[89.9594,25.7799],[89.9544,25.788],[89.9584,25.8013],[89.9545,25.8039],[89.9558,25.8112],[89.9485,25.8151],[89.9511,25.8211],[89.9483,25.8255],[89.9577,25.8291],[89.9587,25.8259],[89.954,25.825],[89.9542,25.8213],[89.962,25.8202],[89.9676,25.8225],[89.964,25.8331],[89.9711,25.8264],[89.9778,25.8279],[89.9815,25.8355],[89.9913,25.835],[90.0036,25.8392],[89.9989,25.8428],[90.0007,25.8462],[90.0078,25.8452],[90.0158,25.8507],[90.0238,25.8672],[90.0195,25.8732],[90.0142,25.8719],[90.0056,25.8785],[90.0111,25.8846],[90.0255,25.8957],[90.0339,25.8944],[90.0425,25.8877],[90.0414,25.8941],[90.0464,25.8959],[90.0477,25.8998],[90.0554,25.9006],[90.0556,25.9057],[90.0624,25.9102],[90.0606,25.9135],[90.0671,25.913],[90.0705,25.9184],[90.0759,25.9149],[90.0862,25.9195],[90.0854,25.9255],[90.0941,25.9278],[90.0921,25.9381],[90.098,25.9374],[90.1011,25.9432],[90.1067,25.9423],[90.1049,25.9445],[90.1076,25.9491],[90.1168,25.9572],[90.1205,25.9578],[90.1198,25.9541],[90.1317,25.9587],[90.1405,25.9573],[90.1394,25.9596],[90.1514,25.9667],[90.1585,25.9572],[90.1658,25.9558],[90.1769,25.959],[90.1869,25.9441],[90.1874,25.9499],[90.1924,25.9553],[90.1998,25.957],[90.2029,25.9609],[90.2099,25.9597],[90.2115,25.9526],[90.2706,25.9603],[90.3248,25.9734],[90.3279,25.975],[90.3315,25.9876],[90.3404,25.9883],[90.3497,26.0041],[90.3722,26.0113],[90.3997,26.0125]]]}},{"type":"Feature","bbox":[91.9821,25.1179,92.6615,25.7545],"properties":{"kind":"district","district":"West Jaintia Hills"},"geometry":{"type":"Polygon","coordinates":[[[92.384,25.7545],[92.3821,25.7419],[92.3878,25.7442],[92.3977,25.7405],[92.4062,25.7447],[92.4072,25.7419],[92.4138,25.7419],[92.4091,25.7338],[92.4116,25.73],[92.4312,25.7322],[92.4329,25.727],[92.4443,25.7197],[92.4477,25.709],[92.4379,25.7058],[92.4406,25.6916],[92.4703,25.6752],[92.4972,25.6244],[92.5061,25.6214],[92.5056,25.6163],[92.5151,25.6183],[92.5164,25.6151],[92.5334,25.6149],[92.5392,25.6116],[92.5542,25.6148],[92.5567,25.6114],[92.5555,25.6018],[92.5522,25.6025],[92.5533,25.5974],[92.5566,25.5965],[92.5543,25.5883],[92.5588,25.5801],[92.5567,25.571],[92.5725,25.5574],[92.5824,25.5576],[92.5841,25.5505],[92.5973,25.5531],[92.6025,25.5622],[92.622,25.5652],[92.6302,25.5717],[92.6343,25.5813],[92.6417,25.5885],[92.6495,25.5922],[92.6534,25.5906],[92.6583,25.5741],[92.6615,25.5722],[92.6575,25.5698],[92.6568,25.5608],[92.6454,25.5557],[92.6428,25.5348],[92.6202,25.5161],[92.5737,25.4905],[92.5644,25.4736],[92.5679,25.4563],[92.5471,25.4593],[92.5344,25.4347],[92.5266,25.4341],[92.5199,25.4416],[92.5146,25.4391],[92.5047,25.4439],[92.4917,25.4423],[92.4724,25.4293],[92.4566,25.4263],[92.4512,25.4215],[92.4433,25.4238],[92.4408,25.421],[92.4149,25.4178],[92.3774,25.4067],[92.3671,25.4062],[92.3638,25.4094],[92.3592,25.406],[92.3288,25.4008],[92.3049,25.405],[92.2798,25.4043],[92.2543,25.3925],[92.2457,25.3856],[92.2442,25.3807],[92.2343,25.3793],[92.2288,25.3727],[92.2247,25.3741],[92.2038,25.3653],[92.1911,25.3633],[92.1869,25.3587],[92.1742,25.3541],[92.1715,25.3365],[92.1777,25.3327],[92.177,25.3261],[92.1872,25.309],[92.193,25.3055],[92.1896,25.2997],[92.1993,25.292],[92.1986,25.2867],[92.2014,25.2839],[92.1975,25.2745],[92.1981,25.2664],[92.2016,25.2583],[92.2002,25.2538],[92.2053,25.246],[92.2065,25.2276],[92.2145,25.23],[92.2264,25.2219],[92.2284,25.2124],[92.2362,25.2109],[92.2319,25.2037],[92.2371,25.1988],[92.2385,25.1889],[92.2309,25.1849],[92.2338,25.1761],[92.2258,25.1686],[92.2255,25.1542],[92.2152,25.1585],[92.2079,25.1573],[92.2127,25.1473],[92.2068,25.1417],[92.2044,25.129],[92.1947,25.1301],[92.1893,25.1363],[92.1839,25.1179],[92.1767,25.1229],[92.1789,25.1261],[92.1768,25.1239],[92.1709,25.1286],[92.1596,25.1266],[92.1649,25.1305],[92.1599,25.1299],[92.1589,25.133],[92.1657,25.1359],[92.1556,25.1332],[92.1508,25.1382],[92.1472,25.1353],[92.1358,25.1387],[92.1446,25.1397],[92.1344,25.1429],[92.1341,25.1527],[92.1397,25.1538],[92.1329,25.1563],[92.1329,25.1601],[92.0832,25.1823],[92.0497,25.1868],[92.0406,25.1864],[92.0374,25.182],[92.028,25.1835],[92.0262,25.1792],[92.0185,25.1827],[92.016,25.1883],[92.0212,25.1931],[92.0212,25.2019],[92.0075,25.2085],[91.985,25.2456],[91.9821,25.2561],[91.9859,25.2753],[92.0043,25.297],[92.0206,25.3093],[92.0308,25.3109],[92.0479,25.3198],[92.0562,25.3145],[92.0673,25.3179],[92.0852,25.3085],[92.0938,25.3126],[92.0995,25.3062],[92.1087,25.3038],[92.1132,25.3075],[92.12,25.3291],[92.1124,25.3377],[92.1131,25.3461],[92.1088,25.3518],[92.1116,25.379],[92.1021,25.3954],[92.1106,25.4032],[92.1127,25.4108],[92.1028,25.4325],[92.1032,25.441],[92.0965,25.4508],[92.1096,25.466],[92.1101,25.4705],[92.1059,25.4812],[92.0982,25.4862],[92.0962,25.4928],[92.1011,25.5027],[92.0998,25.5131],[92.1054,25.5195],[92.1134,25.5428],[92.1069,25.5509],[92.1067,25.5616],[92.1205,25.5823],[92.1209,25.5909],[92.1249,25.5966],[92.121,25.6036],[92.1393,25.6259],[92.1357,25.6288],[92.1331,25.6411],[92.1412,25.6396],[92.1472,25.6425],[92.1496,25.6492],[92.1538,25.6457],[92.1556,25.6476],[92.1505,25.6641],[92.1524,25.6698],[92.1702,25.6671],[92.1734,25.6741],[92.2081,25.6956],[92.2245,25.7159],[92.2317,25.7159],[92.2345,25.7076],[92.2473,25.7131],[92.2651,25.7091],[92.2772,25.7155],[92.293,25.7165],[92.3113,25.7279],[92.3169,25.7224],[92.3335,25.7241],[92.3458,25.7292],[92.3532,25.7398],[92.3643,25.7374],[92.3731,25.7502],[92.3787,25.7484],[92.384,25.7545]]]}},{"type":"Feature","bbox":[90.7493,25.2936,91.4445,25.8612],"properties":{"kind":"district","district":"West Khasi Hills"},"geometry":{"type":"Polygon","coordinates":[[[91.2034,25.8441],[91.1947,25.8349],[91.1945,25.8273],[91.1863,25.8184],[91.1904,25.8114],[91.1783,25.7774],[91.1851,25.772],[91.1842,25.7664],[91.1893,25.764],[91.1905,25.7478],[91.2101,25.7255],[91.2225,25.7226],[91.2745,25.7504],[91.2886,25.7655],[91.29,25.7726],[91.3018,25.7865],[91.3223,25.8215],[91.3343,25.8331],[91.3357,25.8407],[91.3432,25.8373],[91.3419,25.8246],[91.3595,25.8065],[91.3803,25.8009],[91.3948,25.8051],[91.4182,25.8031],[91.4227,25.7931],[91.4375,25.7923],[91.4445,25.7197],[91.4386,25.7006],[91.433,25.6536],[91.4124,25.6288],[91.4013,25.6242],[91.3928,25.614],[91.372,25.6015],[91.3477,25.5755],[91.343,25.5609],[91.3435,25.5274],[91.3339,25.5027],[91.3601,25.4817],[91.3776,25.4629],[91.3543,25.4548],[91.3359,25.4381],[91.3314,25.4402],[91.3264,25.4328],[91.3068,25.4302],[91.3101,25.4214],[91.2883,25.4132],[91.2917,25.4037],[91.2891,25.3997],[91.2813,25.3972],[91.2718,25.397],[91.2314,25.4505],[91.2306,25.4453],[91.2237,25.4432],[91.2284,25.4385],[91.2235,25.4334],[91.2175,25.4339],[91.2147,25.4432],[91.2092,25.4469],[91.2006,25.4426],[91.1973,25.445],[91.1892,25.4433],[91.1887,25.4386],[91.1805,25.4331],[91.1811,25.4438],[91.1728,25.4516],[91.1487,25.4372],[91.1146,25.4231],[91.111,25.4108],[91.1205,25.4047],[91.1185,25.4007],[91.1216,25.3945],[91.1415,25.3872],[91.1421,25.377],[91.1379,25.3767],[91.1365,25.3723],[91.1279,25.3726],[91.117,25.3619],[91.1085,25.3605],[91.0975,25.3487],[91.0986,25.339],[91.0953,25.3319],[91.1042,25.3132],[91.0932,25.3067],[91.0869,25.3071],[91.0698,25.3262],[91.0594,25.3308],[91.0448,25.3233],[91.0261,25.3235],[91.0183,25.3314],[91.021,25.3385],[91.0127,25.3414],[91.0097,25.3545],[90.9946,25.3658],[90.9913,25.3611],[90.993,25.3487],[90.9862,25.343],[90.9786,25.3439],[90.9772,25.3403],[90.984,25.3345],[90.9825,25.3236],[90.9777,25.3209],[90.972,25.3198],[90.9698,25.3241],[90.9538,25.3287],[90.9475,25.335],[90.9362,25.322],[90.936,25.3327],[90.9289,25.335],[90.9221,25.3279],[90.9066,25.3281],[90.9026,25.3182],[90.8966,25.3137],[90.8917,25.3136],[90.8835,25.3199],[90.8754,25.3182],[90.8571,25.2936],[90.8398,25.3126],[90.838,25.3407],[90.8417,25.3515],[90.8372,25.3579],[90.8143,25.3606],[90.806,25.3682],[90.7904,25.3699],[90.7833,25.3653],[90.7649,25.368],[90.7493,25.3807],[90.7509,25.392],[90.7628,25.3979],[90.7637,25.4209],[90.7575,25.4319],[90.7578,25.4399],[90.7618,25.4463],[90.7575,25.4514],[90.7593,25.4551],[90.7655,25.4561],[90.7772,25.4532],[90.7852,25.4683],[90.7739,25.4687],[90.7721,25.4721],[90.7745,25.4757],[90.7871,25.4794],[90.7919,25.4862],[90.7903,25.5078],[90.7812,25.527],[90.7806,25.5359],[90.7775,25.5408],[90.7686,25.5438],[90.7646,25.5509],[90.7666,25.562],[90.7791,25.5856],[90.7842,25.5829],[90.7897,25.5724],[90.793,25.5727],[90.8017,25.5864],[90.8085,25.584],[90.8125,25.5771],[90.8167,25.5792],[90.8175,25.5861],[90.83,25.5901],[90.8378,25.5882],[90.8492,25.5907],[90.8798,25.611],[90.8801,25.6195],[90.8942,25.6358],[90.9083,25.6408],[90.9123,25.6543],[90.9177,25.6572],[90.9313,25.677],[90.9516,25.6948],[90.9548,25.7108],[90.9701,25.7262],[90.9825,25.7444],[90.9714,25.7529],[90.9617,25.7499],[90.9524,25.755],[90.9436,25.753],[90.9408,25.7638],[90.944,25.7703],[90.9659,25.7814],[90.9702,25.794],[91.0023,25.8238],[91.0106,25.8204],[91.0225,25.8238],[91.0325,25.835],[91.0392,25.8369],[91.0477,25.8491],[91.0672,25.8466],[91.0783,25.8528],[91.0719,25.8388],[91.0594,25.8367],[91.0577,25.8318],[91.0489,25.8293],[91.0621,25.8208],[91.067,25.8257],[91.0771,25.8289],[91.1196,25.8327],[91.1295,25.8426],[91.1361,25.8426],[91.152,25.851],[91.1802,25.844],[91.1959,25.8612],[91.1976,25.8495],[91.2034,25.8441]]]}},{"type":"Feature","bbox":[92.0974,25.5014,92.4855,25.7548],"properties":{"kind":"ac","ac":1,"name":"Nartiang","pc":"Shillong","mla":"Sniawbhalang Dhar","mla_party":"NPP","mp_vacant":true},"geometry":{"type":"Polygon","coordinates":[[[92.4855,25.6466],[92.4735,25.6431],[92.469,25.6513],[92.4645,25.6511],[92.462,25.6491],[92.4649,25.6431],[92.4587,25.6378],[92.4511,25.6478],[92.4458,25.6484],[92.4412,25.6386],[92.4198,25.6291],[92.4176,25.617],[92.3373,25.6245],[92.2873,25.6118],[92.2636,25.5951],[92.269,25.5885],[92.2788,25.584],[92.2236,25.5756],[92.2256,25.5707],[92.2215,25.563],[92.1945,25.5587],[92.1775,25.5525],[92.1644,25.5379],[92.1535,25.5081],[92.1292,25.5014],[92.0987,25.5029],[92.1008,25.5095],[92.0974,25.5146],[92.1064,25.5222],[92.108,25.5374],[92.1139,25.5448],[92.1062,25.5529],[92.1053,25.5624],[92.1117,25.5756],[92.1229,25.5844],[92.1204,25.592],[92.1248,25.5969],[92.1212,25.6066],[92.1302,25.6131],[92.1381,25.6252],[92.1311,25.6445],[92.1371,25.641],[92.1457,25.6441],[92.1488,25.6463],[92.1494,25.6535],[92.1541,25.6452],[92.155,25.6567],[92.1495,25.6664],[92.1519,25.6716],[92.1551,25.6731],[92.1642,25.667],[92.1705,25.6674],[92.1736,25.6744],[92.2081,25.6959],[92.2242,25.7159],[92.2315,25.7163],[92.2338,25.708],[92.2466,25.7133],[92.2643,25.7091],[92.2778,25.7157],[92.2925,25.7165],[92.3106,25.7279],[92.3171,25.7224],[92.3332,25.7242],[92.3459,25.7295],[92.3532,25.7396],[92.364,25.7373],[92.3686,25.747],[92.3736,25.7503],[92.3787,25.7484],[92.3841,25.7548],[92.3853,25.7503],[92.3789,25.7428],[92.3883,25.7444],[92.3977,25.7405],[92.4062,25.745],[92.4072,25.7419],[92.4143,25.7416],[92.4091,25.7339],[92.4116,25.7301],[92.4308,25.7324],[92.4327,25.7272],[92.4443,25.7198],[92.4478,25.709],[92.438,25.7061],[92.4382,25.6946],[92.4427,25.6895],[92.4629,25.6812],[92.4703,25.6751],[92.4855,25.6466]]]}},{"type":"Feature","bbox":[92.0948,25.4335,92.3113,25.5587],"properties":{"kind":"ac","ac":2,"name":"Jowai","pc":"Shillong","mla":"Wailadmiki Shylla","mla_party":"NPP","mp_vacant":true},"geometry":{"type":"Polygon","coordinates":[[[92.1945,25.5587],[92.2054,25.5292],[92.2796,25.5317],[92.2955,25.5032],[92.3062,25.4727],[92.3113,25.4404],[92.2799,25.4335],[92.2353,25.4473],[92.1978,25.4467],[92.1743,25.4523],[92.1422,25.4443],[92.11,25.4437],[92.0974,25.4471],[92.0951,25.4531],[92.109,25.471],[92.107,25.4812],[92.0956,25.4884],[92.0948,25.4943],[92.0987,25.5029],[92.1292,25.5014],[92.1535,25.5081],[92.1644,25.5379],[92.1775,25.5525],[92.1945,25.5587]]]}},{"type":"Feature","bbox":[92.1945,25.4345,92.4842,25.6233],"properties":{"kind":"ac","ac":3,"name":"Raliang","pc":"Shillong","mla":"Comingone Ymbon","mla_party":"NPP","mp_vacant":true},"geometry":{"type":"Polygon","coordinates":[[[92.4176,25.617],[92.4147,25.5923],[92.4174,25.5787],[92.4437,25.5177],[92.4535,25.5051],[92.4756,25.4885],[92.4842,25.4539],[92.463,25.4526],[92.4577,25.4574],[92.451,25.4579],[92.4459,25.4539],[92.4344,25.4542],[92.4283,25.4456],[92.4218,25.4426],[92.4157,25.4447],[92.404,25.4385],[92.3916,25.4426],[92.3829,25.4365],[92.3719,25.4401],[92.3591,25.4345],[92.3113,25.4404],[92.3062,25.4727],[92.2955,25.5032],[92.2796,25.5317],[92.2054,25.5292],[92.1945,25.5587],[92.2215,25.563],[92.2256,25.5707],[92.2236,25.5756],[92.2788,25.584],[92.269,25.5885],[92.2636,25.5951],[92.2873,25.6118],[92.3295,25.6233],[92.4176,25.617]]]}},{"type":"Feature","bbox":[92.4148,25.4453,92.6615,25.6513],"properties":{"kind":"ac","ac":4,"name":"Mowkaiaw","pc":"Shillong","mla":"Nujorki Sungoh","mla_party":"UDP","mp_vacant":true},"geometry":{"type":"Polygon","coordinates":[[[92.4855,25.6466],[92.4976,25.6238],[92.5061,25.6208],[92.5051,25.6161],[92.5144,25.6185],[92.5163,25.6151],[92.5335,25.615],[92.5382,25.6116],[92.5538,25.6149],[92.5552,25.6024],[92.5517,25.6028],[92.5558,25.597],[92.5544,25.5858],[92.5585,25.5801],[92.5559,25.5771],[92.5569,25.5709],[92.5722,25.5576],[92.5821,25.558],[92.5838,25.5507],[92.5993,25.5547],[92.602,25.5624],[92.6223,25.5655],[92.6417,25.5888],[92.6495,25.5925],[92.6536,25.5907],[92.6583,25.574],[92.6615,25.5724],[92.6572,25.5699],[92.6569,25.5611],[92.6456,25.5563],[92.6418,25.5421],[92.6429,25.5349],[92.6197,25.5159],[92.5736,25.4907],[92.5675,25.4813],[92.5643,25.4658],[92.5671,25.4633],[92.5724,25.4657],[92.5728,25.4523],[92.5586,25.4524],[92.5428,25.4453],[92.5368,25.4486],[92.5354,25.458],[92.5326,25.4586],[92.5128,25.4534],[92.5033,25.4556],[92.494,25.4526],[92.4842,25.4539],[92.4756,25.4885],[92.4535,25.5051],[92.4407,25.5236],[92.4148,25.59],[92.4198,25.6291],[92.4412,25.6386],[92.4458,25.6484],[92.4511,25.6478],[92.4587,25.6378],[92.4649,25.6431],[92.462,25.6491],[92.4645,25.6511],[92.469,25.6513],[92.4735,25.6431],[92.4855,25.6466]]]}},{"type":"Feature","bbox":[92.1918,25.0301,92.8029,25.472],"properties":{"kind":"ac","ac":5,"name":"Sutnga Saipung","pc":"Shillong","mla":"Santa Mary Shylla","mla_party":"NPP","mp_vacant":true},"geometry":{"type":"Polygon","coordinates":[[[92.4554,25.4576],[92.463,25.4526],[92.494,25.4526],[92.4985,25.4554],[92.5128,25.4534],[92.5326,25.4586],[92.5354,25.458],[92.5368,25.4486],[92.5428,25.4453],[92.5586,25.4524],[92.5728,25.4523],[92.5724,25.4657],[92.58,25.472],[92.5843,25.4654],[92.59,25.4698],[92.5961,25.47],[92.6002,25.4649],[92.5975,25.4505],[92.6045,25.4476],[92.6029,25.4349],[92.6069,25.427],[92.6042,25.4205],[92.606,25.4136],[92.6184,25.4231],[92.6278,25.4224],[92.6257,25.4349],[92.6359,25.4271],[92.6398,25.4178],[92.6537,25.4335],[92.6518,25.4193],[92.6618,25.4064],[92.6673,25.4149],[92.6734,25.4141],[92.6776,25.4071],[92.6921,25.3984],[92.6971,25.3875],[92.7092,25.3851],[92.718,25.3727],[92.7222,25.3785],[92.7374,25.3797],[92.7322,25.3691],[92.7384,25.3673],[92.7395,25.3611],[92.7461,25.3585],[92.7502,25.3438],[92.7548,25.3422],[92.761,25.3336],[92.7702,25.3382],[92.7818,25.3331],[92.7869,25.3145],[92.7813,25.3051],[92.7926,25.2827],[92.7875,25.2741],[92.7686,25.2681],[92.7777,25.2582],[92.7748,25.2519],[92.7656,25.2516],[92.7622,25.2461],[92.7702,25.2374],[92.772,25.23],[92.7825,25.2301],[92.8017,25.2203],[92.8029,25.2166],[92.7953,25.2099],[92.7862,25.2095],[92.7765,25.1997],[92.7678,25.2035],[92.7556,25.2018],[92.7428,25.2067],[92.7372,25.2003],[92.7158,25.1956],[92.7023,25.1882],[92.6932,25.1791],[92.6766,25.1825],[92.6679,25.1739],[92.6629,25.1762],[92.6586,25.172],[92.6583,25.1596],[92.6552,25.1541],[92.6386,25.1476],[92.6281,25.1379],[92.6288,25.1264],[92.6202,25.1146],[92.6079,25.1228],[92.595,25.1221],[92.5889,25.1285],[92.5601,25.1304],[92.5541,25.1271],[92.5247,25.1353],[92.5212,25.139],[92.5229,25.1261],[92.5393,25.0988],[92.5238,25.1042],[92.4817,25.1065],[92.472,25.0692],[92.4633,25.0556],[92.4572,25.0531],[92.4575,25.048],[92.462,25.0457],[92.4606,25.0356],[92.4542,25.0335],[92.4439,25.0405],[92.4353,25.0322],[92.4222,25.0301],[92.4152,25.0345],[92.4016,25.0336],[92.3892,25.042],[92.3696,25.0452],[92.3648,25.0495],[92.3448,25.0506],[92.3409,25.0781],[92.3334,25.0825],[92.3236,25.081],[92.3084,25.0719],[92.2972,25.0721],[92.2293,25.0972],[92.2092,25.1117],[92.2226,25.1151],[92.2247,25.1185],[92.1996,25.1254],[92.1918,25.1347],[92.1986,25.1373],[92.2026,25.1463],[92.2096,25.1477],[92.2121,25.1517],[92.2058,25.1549],[92.2035,25.162],[92.2189,25.1571],[92.2203,25.171],[92.2256,25.1715],[92.2279,25.1758],[92.2258,25.1843],[92.2344,25.1887],[92.2365,25.1931],[92.2316,25.2102],[92.2334,25.2149],[92.2167,25.2299],[92.2077,25.2318],[92.2129,25.2362],[92.2846,25.2397],[92.2989,25.2469],[92.3221,25.2652],[92.3355,25.27],[92.3392,25.27],[92.3458,25.2423],[92.3787,25.2359],[92.41,25.2373],[92.3774,25.2676],[92.3892,25.2892],[92.4105,25.3],[92.4161,25.3103],[92.4128,25.3651],[92.4331,25.4043],[92.4497,25.4273],[92.4553,25.444],[92.4554,25.4576]]]}},{"type":"Feature","bbox":[92.1705,25.2325,92.4554,25.4576],"properties":{"kind":"ac","ac":6,"name":"Khliehriat","pc":"Shillong","mla":"Kyrmen Shylla","mla_party":"BJP","mp_vacant":true},"geometry":{"type":"Polygon","coordinates":[[[92.3113,25.4404],[92.3591,25.4345],[92.3719,25.4401],[92.3829,25.4365],[92.3916,25.4426],[92.404,25.4385],[92.4157,25.4447],[92.4253,25.444],[92.4344,25.4542],[92.439,25.4525],[92.4554,25.4576],[92.4553,25.444],[92.4497,25.4273],[92.4331,25.4043],[92.4128,25.3651],[92.4161,25.3103],[92.4105,25.3],[92.3892,25.2892],[92.3774,25.2676],[92.41,25.2373],[92.3787,25.2359],[92.3458,25.2423],[92.3392,25.27],[92.3355,25.27],[92.3221,25.2652],[92.2989,25.2469],[92.2846,25.2397],[92.2282,25.2376],[92.2024,25.2325],[92.1983,25.2387],[92.2024,25.2493],[92.1974,25.2609],[92.1999,25.2668],[92.1967,25.2799],[92.1989,25.2956],[92.1962,25.3],[92.1894,25.2986],[92.1861,25.3016],[92.1927,25.3077],[92.1809,25.3156],[92.1779,25.3303],[92.1705,25.3373],[92.1742,25.3547],[92.1813,25.3594],[92.1851,25.3572],[92.1911,25.3598],[92.2003,25.368],[92.2116,25.3652],[92.2177,25.3711],[92.2317,25.3717],[92.2437,25.3858],[92.2474,25.3839],[92.2514,25.3897],[92.2508,25.4018],[92.2611,25.4056],[92.2561,25.4146],[92.2625,25.4193],[92.267,25.4289],[92.2861,25.4365],[92.3113,25.4404]]]}},{"type":"Feature","bbox":[91.9814,25.1223,92.2799,25.4523],"properties":{"kind":"ac","ac":7,"name":"Amlarem","pc":"Shillong","mla":"Lahkmen Rymbui","mla_party":"BJP","mp_vacant":true},"geometry":{"type":"Polygon","coordinates":[[[92.1021,25.4451],[92.1422,25.4443],[92.1743,25.4523],[92.1978,25.4467],[92.2353,25.4473],[92.2799,25.4335],[92.2648,25.4262],[92.2625,25.4193],[92.2561,25.4146],[92.2611,25.4056],[92.2508,25.4018],[92.2514,25.3897],[92.2474,25.3839],[92.2437,25.3858],[92.2317,25.3717],[92.2177,25.3711],[92.2116,25.3652],[92.2003,25.368],[92.1911,25.3598],[92.1851,25.3572],[92.1813,25.3594],[92.1742,25.3547],[92.1705,25.3373],[92.1779,25.3303],[92.1809,25.3156],[92.1927,25.3077],[92.1861,25.3016],[92.1894,25.2986],[92.1962,25.3],[92.1989,25.2956],[92.1967,25.2799],[92.1999,25.2668],[92.1974,25.2609],[92.2024,25.2493],[92.1983,25.2387],[92.2024,25.2325],[92.2132,25.2315],[92.229,25.2213],[92.2334,25.2149],[92.2316,25.2102],[92.2367,25.1954],[92.2344,25.1887],[92.2258,25.1843],[92.2279,25.1758],[92.2256,25.1715],[92.2203,25.171],[92.2189,25.1571],[92.2035,25.162],[92.2058,25.1549],[92.2121,25.1517],[92.2096,25.1477],[92.2026,25.1463],[92.1986,25.1373],[92.1842,25.1332],[92.1897,25.1223],[92.1759,25.1233],[92.1355,25.1433],[92.1345,25.1568],[92.1224,25.1659],[92.0814,25.1839],[92.0621,25.1879],[92.0465,25.1823],[92.0353,25.1852],[92.0301,25.1832],[92.0161,25.1877],[92.0197,25.1908],[92.0211,25.202],[92.0074,25.2086],[91.9969,25.2233],[91.9814,25.2582],[91.9845,25.2747],[91.9904,25.2839],[92.0008,25.2914],[92.0036,25.2991],[92.0133,25.3018],[92.018,25.3091],[92.0359,25.3175],[92.0507,25.3215],[92.054,25.3139],[92.0672,25.3187],[92.0851,25.3106],[92.0943,25.3159],[92.0931,25.3107],[92.1009,25.3056],[92.1128,25.3071],[92.1143,25.3229],[92.1194,25.3315],[92.1112,25.3355],[92.1134,25.3447],[92.1068,25.3541],[92.1109,25.3638],[92.1116,25.3797],[92.1015,25.399],[92.1132,25.4102],[92.1099,25.4257],[92.1028,25.433],[92.1021,25.4451]]]}},{"type":"Feature","bbox":[91.9081,25.7009,92.2735,26.0784],"properties":{"kind":"ac","ac":8,"name":"Mawhati","pc":"Shillong","mla":"Charles Marngar","mla_party":"NPP","mp_vacant":true},"geometry":{"type":"Polygon","coordinates":[[[92.2383,26.0621],[92.2675,26.0689],[92.2735,26.0659],[92.2651,26.0585],[92.2642,26.0528],[92.2703,26.0476],[92.2687,26.0432],[92.261,26.0419],[92.2648,26.0367],[92.2635,26.0336],[92.2431,26.0215],[92.2444,26.0188],[92.2335,26.0094],[92.219,26.0041],[92.2116,26.0046],[92.2092,25.9979],[92.2036,26.0012],[92.2007,25.9949],[92.1976,25.9946],[92.1986,25.9884],[92.1811,25.9852],[92.1756,25.9746],[92.1647,25.9709],[92.1616,25.9605],[92.1642,25.958],[92.1525,25.9448],[92.1525,25.9398],[92.16,25.9358],[92.161,25.9283],[92.1547,25.9111],[92.1761,25.9074],[92.1855,25.9164],[92.1897,25.9148],[92.195,25.9187],[92.1942,25.9117],[92.2021,25.9063],[92.2171,25.9115],[92.2255,25.909],[92.2214,25.9006],[92.2158,25.8998],[92.2154,25.8943],[92.1997,25.8892],[92.1882,25.8775],[92.1774,25.8729],[92.1801,25.8583],[92.1776,25.8582],[92.1777,25.8522],[92.1726,25.8501],[92.171,25.8403],[92.1669,25.8357],[92.1621,25.836],[92.1644,25.8335],[92.1609,25.8307],[92.1613,25.8202],[92.1571,25.8216],[92.1513,25.8169],[92.1526,25.8117],[92.1487,25.8057],[92.1504,25.794],[92.147,25.7845],[92.1532,25.7777],[92.1486,25.7725],[92.1567,25.7503],[92.1627,25.7436],[92.1586,25.7312],[92.1537,25.7249],[92.1481,25.7257],[92.144,25.7175],[92.1483,25.7091],[92.1539,25.7074],[92.1509,25.7034],[92.0992,25.7049],[92.0774,25.7009],[92.0855,25.7278],[92.1129,25.747],[92.1072,25.755],[92.107,25.7683],[92.0995,25.7789],[92.0848,25.7849],[92.0649,25.7754],[92.0418,25.7505],[92.0096,25.7064],[91.9895,25.7261],[91.9777,25.7464],[91.9748,25.768],[91.9293,25.7818],[91.9081,25.8046],[91.9293,25.8111],[91.9695,25.8354],[92.0177,25.8737],[92.0512,25.8805],[92.0705,25.8908],[92.0798,25.9324],[92.0911,25.9478],[92.1055,25.9548],[92.1153,25.9643],[92.135,26.0018],[92.1282,26.0271],[92.1279,26.0456],[92.1324,26.0442],[92.1343,26.0526],[92.1433,26.0561],[92.152,26.0667],[92.1691,26.0775],[92.1777,26.0784],[92.1778,26.0684],[92.1801,26.0712],[92.1873,26.0691],[92.1872,26.0667],[92.2207,26.0705],[92.2383,26.0621]]]}},{"type":"Feature","bbox":[91.7749,25.8196,92.135,26.0507],"properties":{"kind":"ac","ac":9,"name":"Nongpoh","pc":"Shillong","mla":"Mayralborn Syiem","mla_party":"BJP","mp_vacant":true},"geometry":{"type":"Polygon","coordinates":[[[91.9886,26.0385],[92.0038,26.0356],[92.0059,26.0385],[92.0306,26.0395],[92.0515,26.0328],[92.0667,26.0351],[92.0961,26.0492],[92.1092,26.0507],[92.1214,26.0438],[92.1279,26.0456],[92.1282,26.0271],[92.135,26.0018],[92.1153,25.9643],[92.1055,25.9548],[92.0911,25.9478],[92.0798,25.9324],[92.0705,25.8908],[92.0512,25.8805],[92.0232,25.8765],[92.0003,25.8613],[91.9955,25.8736],[91.9539,25.9029],[91.9133,25.8779],[91.8975,25.8874],[91.8631,25.8682],[91.8442,25.8371],[91.8276,25.8363],[91.7895,25.8196],[91.7895,25.8649],[91.7939,25.8917],[91.7872,25.9094],[91.7854,25.9336],[91.7786,25.9469],[91.7749,25.9673],[91.7932,25.9903],[91.7963,26.0005],[91.8337,26.0021],[91.8608,25.9987],[91.8788,26.0076],[91.8983,26.0234],[91.9046,26.0239],[91.9148,26.0204],[91.9148,26.0139],[91.9097,26.0127],[91.9133,26.0094],[91.9098,26.0087],[91.9143,26.0071],[91.9133,26.0012],[91.9178,25.9992],[91.9174,25.9965],[91.9274,26.0013],[91.9309,26.0126],[91.9341,26.0105],[91.9475,26.0132],[91.9615,26.0203],[91.9734,26.0223],[91.979,26.0275],[91.9836,26.0259],[91.9886,26.0385]]]}},{"type":"Feature","bbox":[91.7653,25.6441,92.0003,25.9029],"properties":{"kind":"ac","ac":11,"name":"Umsning","pc":"Shillong","mla":"Celestine Lyngdoh","mla_party":"NPP","mp_vacant":true},"geometry":{"type":"Polygon","coordinates":[[[91.7702,25.8088],[91.8276,25.8363],[91.8442,25.8371],[91.8631,25.8682],[91.8975,25.8874],[91.9133,25.8779],[91.9539,25.9029],[91.9955,25.8736],[92.0003,25.8613],[91.9695,25.8354],[91.9293,25.8111],[91.9081,25.8046],[91.9293,25.7818],[91.9748,25.768],[91.9777,25.7464],[91.9979,25.717],[91.9645,25.7159],[91.9479,25.7117],[91.9304,25.7024],[91.9145,25.6893],[91.905,25.6768],[91.9059,25.646],[91.8341,25.6441],[91.8262,25.6777],[91.828,25.6888],[91.8199,25.7025],[91.8132,25.7055],[91.8151,25.7209],[91.8113,25.7294],[91.8082,25.7334],[91.7974,25.7315],[91.783,25.7337],[91.784,25.739],[91.7735,25.7399],[91.7723,25.7445],[91.7682,25.7434],[91.7653,25.7498],[91.7791,25.7634],[91.7883,25.7823],[91.7878,25.7908],[91.7791,25.7948],[91.7702,25.8088]]]}},{"type":"Feature","bbox":[91.905,25.6406,92.1605,25.7849],"properties":{"kind":"ac","ac":12,"name":"Umroi","pc":"Shillong","mla":"Damanbait Lamare","mla_party":"NPP","mp_vacant":true},"geometry":{"type":"Polygon","coordinates":[[[92.1539,25.7074],[92.1563,25.6907],[92.1605,25.684],[92.1597,25.6763],[92.1527,25.6723],[92.1495,25.6664],[92.156,25.6493],[92.153,25.6453],[92.149,25.6534],[92.1486,25.646],[92.1384,25.6412],[92.1319,25.6449],[92.1326,25.6412],[92.0832,25.6406],[91.9808,25.6467],[91.9059,25.646],[91.905,25.6768],[91.9145,25.6893],[91.9304,25.7024],[91.9479,25.7117],[91.9645,25.7159],[91.9979,25.717],[92.0096,25.7064],[92.0418,25.7505],[92.0649,25.7754],[92.0848,25.7849],[92.0995,25.7789],[92.107,25.7683],[92.1072,25.755],[92.1129,25.747],[92.0855,25.7278],[92.0774,25.7009],[92.0992,25.7049],[92.1509,25.7034],[92.1539,25.7074]]]}},{"type":"Feature","bbox":[91.928,25.5173,92.1381,25.6469],"properties":{"kind":"ac","ac":13,"name":"Mawrengkneng","pc":"Shillong","mla":"Heaving Stone Kharpran","mla_party":"VPP","mp_vacant":true},"geometry":{"type":"Polygon","coordinates":[[[92.1326,25.6412],[92.1381,25.6252],[92.1302,25.6131],[92.1212,25.6066],[92.1248,25.5969],[92.1204,25.592],[92.1229,25.5844],[92.1117,25.5756],[92.1053,25.5624],[92.1062,25.5529],[92.1139,25.5448],[92.108,25.5374],[92.1064,25.5222],[92.1004,25.5173],[92.0787,25.528],[92.0644,25.5389],[92.0227,25.5283],[91.9965,25.5285],[91.9834,25.5346],[91.9645,25.5339],[91.9351,25.5574],[91.9466,25.5721],[91.9288,25.5848],[91.9326,25.5964],[91.928,25.6071],[91.945,25.607],[91.948,25.6137],[91.98,25.5973],[91.9891,25.6039],[91.9893,25.6147],[91.9518,25.6246],[91.9486,25.6353],[91.9315,25.6423],[91.9738,25.6469],[92.0832,25.6406],[92.1326,25.6412]]]}},{"type":"Feature","bbox":[91.9034,25.5973,91.9893,25.6423],"properties":{"kind":"ac","ac":14,"name":"Pynthorumkhrah","pc":"Shillong","mla":"Alexander Laloo Hek","mla_party":"BJP","mp_vacant":true},"geometry":{"type":"Polygon","coordinates":[[[91.9058,25.6151],[91.9034,25.6199],[91.9148,25.6263],[91.9234,25.64],[91.9315,25.6423],[91.9486,25.6353],[91.9518,25.6246],[91.9893,25.6147],[91.9891,25.6039],[91.98,25.5973],[91.948,25.6137],[91.945,25.607],[91.9359,25.606],[91.9058,25.6151]]]}},{"type":"Feature","bbox":[91.8291,25.5843,91.9569,25.6467],"properties":{"kind":"ac","ac":15,"name":"Mawlai","pc":"Shillong","mla":"Brightstarwell Marbaniang","mla_party":"VPP","mp_vacant":true},"geometry":{"type":"Polygon","coordinates":[[[91.9569,25.6467],[91.9234,25.64],[91.9148,25.6263],[91.9034,25.6199],[91.9058,25.6151],[91.8902,25.6156],[91.882,25.6062],[91.8551,25.5977],[91.8309,25.5843],[91.8291,25.6011],[91.8373,25.627],[91.8341,25.6441],[91.9569,25.6467]]]}},{"type":"Feature","bbox":[91.8949,25.5714,91.9326,25.6129],"properties":{"kind":"ac","ac":16,"name":"East Shillong","pc":"Shillong","mla":"Ampareen Lyngdoh","mla_party":"NPP","mp_vacant":true},"geometry":{"type":"Polygon","coordinates":[[[91.928,25.6071],[91.9326,25.5964],[91.9314,25.5899],[91.9155,25.5714],[91.8949,25.5954],[91.9169,25.6129],[91.928,25.6071]]]}},{"type":"Feature","bbox":[91.8653,25.5889,91.9169,25.6156],"properties":{"kind":"ac","ac":17,"name":"North Shillong","pc":"Shillong","mla":"Adelbert Nongrum","mla_party":"VPP","mp_vacant":true},"geometry":{"type":"Polygon","coordinates":[[[91.9169,25.6129],[91.8868,25.5889],[91.8653,25.5999],[91.882,25.6062],[91.8902,25.6156],[91.9169,25.6129]]]}},{"type":"Feature","bbox":[91.8424,25.5636,91.8809,25.5999],"properties":{"kind":"ac","ac":18,"name":"West Shillong","pc":"Shillong","mla":"Paul Lyngdoh","mla_party":"UDP","mp_vacant":true},"geometry":{"type":"Polygon","coordinates":[[[91.8653,25.5999],[91.8809,25.5919],[91.8523,25.5636],[91.8424,25.5903],[91.8653,25.5999]]]}},{"type":"Feature","bbox":[91.8523,25.553,91.9155,25.5954],"properties":{"kind":"ac","ac":19,"name":"South Shillong","pc":"Shillong","mla":"Sanbor Shullai","mla_party":"BJP","mp_vacant":true},"geometry":{"type":"Polygon","coordinates":[[[91.8809,25.5919],[91.8868,25.5889],[91.8949,25.5954],[91.9155,25.5714],[91.8988,25.5783],[91.889,25.5764],[91.8801,25.5692],[91.8688,25.553],[91.8553,25.5539],[91.8523,25.5636],[91.8809,25.5919]]]}},{"type":"Feature","bbox":[91.7812,25.4558,91.8728,25.6011],"properties":{"kind":"ac","ac":20,"name":"Mylliem","pc":"Shillong","mla":"Ronnie V. Lyngdoh","mla_party":"NPP","mp_vacant":true},"geometry":{"type":"Polygon","coordinates":[[[91.8424,25.5903],[91.8553,25.5539],[91.8388,25.5227],[91.8345,25.4918],[91.8462,25.4826],[91.8728,25.4781],[91.8692,25.4708],[91.8482,25.4617],[91.7812,25.4558],[91.787,25.4658],[91.7922,25.5214],[91.8077,25.5217],[91.8143,25.5169],[91.8281,25.541],[91.8225,25.5549],[91.7951,25.5558],[91.7978,25.5909],[91.8291,25.6011],[91.8309,25.5843],[91.8424,25.5903]]]}},{"type":"Feature","bbox":[91.8688,25.5317,91.9466,25.5848],"properties":{"kind":"ac","ac":21,"name":"Nongthymmai","pc":"Shillong","mla":"Charles Pyngrope","mla_party":"Trinamool Congress","mp_vacant":true},"geometry":{"type":"Polygon","coordinates":[[[91.8896,25.5765],[91.8988,25.5783],[91.9163,25.5711],[91.9288,25.5848],[91.9466,25.5721],[91.9383,25.5594],[91.9188,25.5511],[91.9011,25.5317],[91.882,25.5528],[91.8688,25.553],[91.8801,25.5692],[91.8896,25.5765]]]}},{"type":"Feature","bbox":[91.8345,25.4708,91.9695,25.5574],"properties":{"kind":"ac","ac":22,"name":"Nongkrem","pc":"Shillong","mla":"Ardent Miller Basaiawmoit","mla_party":"VPP","mp_vacant":true},"geometry":{"type":"Polygon","coordinates":[[[91.8553,25.5539],[91.882,25.5528],[91.9011,25.5317],[91.9188,25.5511],[91.9351,25.5574],[91.9386,25.5553],[91.9507,25.5457],[91.9336,25.5212],[91.9198,25.5137],[91.9322,25.5146],[91.9366,25.5189],[91.9511,25.5231],[91.9695,25.4845],[91.9429,25.4784],[91.9258,25.4848],[91.9072,25.4841],[91.8936,25.479],[91.8861,25.4797],[91.8811,25.4743],[91.8692,25.4708],[91.872,25.4793],[91.8412,25.4851],[91.8345,25.4918],[91.8388,25.5227],[91.8553,25.5539]]]}},{"type":"Feature","bbox":[91.6534,25.4736,91.8373,25.6739],"properties":{"kind":"ac","ac":23,"name":"Sohiong","pc":"Shillong","mla":"Synshar Lyngdoh Thabah","mla_party":"BJP","mp_vacant":true},"geometry":{"type":"Polygon","coordinates":[[[91.8285,25.6739],[91.8373,25.627],[91.8291,25.6011],[91.7978,25.5909],[91.7959,25.5688],[91.786,25.5675],[91.7855,25.5489],[91.7791,25.5464],[91.774,25.5342],[91.7737,25.5145],[91.751,25.5225],[91.7446,25.5001],[91.7198,25.4825],[91.7185,25.4785],[91.698,25.4736],[91.6827,25.4945],[91.6534,25.4959],[91.6577,25.5099],[91.6585,25.5281],[91.6701,25.5221],[91.689,25.526],[91.7001,25.5335],[91.696,25.5428],[91.6986,25.5462],[91.7131,25.5533],[91.7148,25.5589],[91.7233,25.5643],[91.7294,25.5634],[91.7331,25.5752],[91.7395,25.5738],[91.7809,25.5897],[91.7998,25.6096],[91.7989,25.6278],[91.8073,25.6354],[91.8112,25.6533],[91.8082,25.6588],[91.8134,25.6648],[91.8271,25.6693],[91.8285,25.6739]]]}},{"type":"Feature","bbox":[91.6105,25.3763,91.8281,25.5688],"properties":{"kind":"ac","ac":24,"name":"Mawphlang","pc":"Shillong","mla":"Matthew Beyondstar Kurbah","mla_party":"BJP","mp_vacant":true},"geometry":{"type":"Polygon","coordinates":[[[91.6338,25.549],[91.6537,25.552],[91.6575,25.5411],[91.6577,25.5099],[91.6534,25.4959],[91.6827,25.4945],[91.698,25.4736],[91.7185,25.4785],[91.7198,25.4825],[91.7446,25.5001],[91.751,25.5225],[91.7737,25.5145],[91.774,25.5342],[91.7791,25.5464],[91.7855,25.5489],[91.7878,25.5686],[91.7959,25.5688],[91.7951,25.5558],[91.8225,25.5549],[91.8281,25.541],[91.8143,25.5169],[91.8077,25.5217],[91.7922,25.5214],[91.787,25.4658],[91.7812,25.4558],[91.7627,25.4419],[91.7254,25.4288],[91.7031,25.4172],[91.6841,25.3961],[91.6785,25.3787],[91.6612,25.3763],[91.6706,25.3941],[91.6463,25.3943],[91.634,25.3985],[91.619,25.4088],[91.6118,25.4205],[91.6105,25.4533],[91.6144,25.4708],[91.6271,25.4936],[91.6227,25.5382],[91.6291,25.5414],[91.6338,25.549]]]}},{"type":"Feature","bbox":[91.3543,25.1243,91.6706,25.5417],"properties":{"kind":"ac","ac":25,"name":"Mawsynram","pc":"Shillong","mla":"Ollan Singh Suin","mla_party":"BJP","mp_vacant":true},"geometry":{"type":"Polygon","coordinates":[[[91.6227,25.5382],[91.6271,25.4936],[91.6144,25.4708],[91.6105,25.4533],[91.6118,25.4205],[91.619,25.4088],[91.634,25.3985],[91.6463,25.3943],[91.6706,25.3941],[91.6612,25.3763],[91.6463,25.3313],[91.6417,25.2861],[91.6439,25.2585],[91.6415,25.2424],[91.6193,25.2152],[91.6186,25.1775],[91.6219,25.162],[91.6316,25.1548],[91.633,25.1483],[91.6429,25.1472],[91.6479,25.1402],[91.6606,25.1327],[91.6608,25.1294],[91.6506,25.1309],[91.642,25.1243],[91.6347,25.126],[91.6281,25.1308],[91.624,25.1436],[91.6186,25.1466],[91.605,25.1431],[91.6009,25.147],[91.6038,25.1529],[91.6015,25.1666],[91.6082,25.1723],[91.6029,25.1737],[91.5796,25.1702],[91.5744,25.1635],[91.5475,25.149],[91.528,25.1448],[91.5078,25.1451],[91.5003,25.1372],[91.4931,25.1347],[91.4709,25.1361],[91.4668,25.1495],[91.4393,25.1522],[91.4139,25.1725],[91.4039,25.1661],[91.3881,25.1703],[91.3797,25.1768],[91.363,25.2053],[91.3543,25.2342],[91.365,25.2347],[91.371,25.2428],[91.3754,25.2438],[91.3854,25.2396],[91.3873,25.2459],[91.4026,25.2637],[91.4121,25.265],[91.4227,25.262],[91.4382,25.273],[91.4621,25.2686],[91.4674,25.2713],[91.4788,25.2635],[91.4844,25.265],[91.4889,25.279],[91.4958,25.2834],[91.5275,25.2802],[91.5325,25.2765],[91.5436,25.2795],[91.5524,25.3047],[91.549,25.3123],[91.5523,25.3205],[91.5483,25.3264],[91.5497,25.3303],[91.525,25.3444],[91.5243,25.349],[91.5391,25.3739],[91.5407,25.401],[91.5464,25.4194],[91.5559,25.4289],[91.5561,25.4529],[91.5491,25.4892],[91.5411,25.4986],[91.5435,25.503],[91.5416,25.5112],[91.5816,25.5207],[91.6149,25.5417],[91.6227,25.5382]]]}},{"type":"Feature","bbox":[91.6186,25.1294,91.8258,25.3632],"properties":{"kind":"ac","ac":26,"name":"Shella","pc":"Shillong","mla":"Balajied Kupar Synrem","mla_party":"BJP","mp_vacant":true},"geometry":{"type":"Polygon","coordinates":[[[91.6559,25.3545],[91.6798,25.3384],[91.6937,25.3335],[91.7103,25.3327],[91.7225,25.337],[91.7481,25.3632],[91.7488,25.3395],[91.7419,25.3175],[91.7463,25.3033],[91.7593,25.3041],[91.7816,25.2998],[91.8011,25.333],[91.8113,25.3426],[91.7996,25.2736],[91.7904,25.2439],[91.7963,25.2427],[91.8024,25.2195],[91.8206,25.2238],[91.8258,25.1866],[91.8218,25.1742],[91.8064,25.1694],[91.7719,25.1671],[91.7466,25.1717],[91.7438,25.1671],[91.7476,25.1539],[91.744,25.1486],[91.7161,25.1574],[91.7048,25.1568],[91.6941,25.1404],[91.6718,25.1372],[91.6608,25.1294],[91.6606,25.1327],[91.6479,25.1402],[91.6429,25.1472],[91.633,25.1483],[91.6316,25.1548],[91.6219,25.162],[91.6186,25.1775],[91.6193,25.2152],[91.6415,25.2424],[91.6439,25.2585],[91.6417,25.2861],[91.6463,25.3313],[91.6559,25.3545]]]}},{"type":"Feature","bbox":[91.7904,25.1716,92.0211,25.4305],"properties":{"kind":"ac","ac":27,"name":"Pynursla","pc":"Shillong","mla":"Prestone Tysong","mla_party":"NPP","mp_vacant":true},"geometry":{"type":"Polygon","coordinates":[[[91.7996,25.2736],[91.8161,25.3885],[91.8206,25.4035],[91.831,25.4094],[91.8807,25.4233],[91.8938,25.4305],[91.8939,25.4199],[91.8997,25.4023],[91.8986,25.3801],[91.9091,25.3638],[91.9234,25.3585],[91.9291,25.3458],[91.9342,25.3465],[91.9388,25.3429],[91.9396,25.3358],[91.9491,25.3343],[91.9501,25.3288],[91.9548,25.325],[91.9596,25.3252],[91.9643,25.3186],[92.0035,25.2991],[92.0008,25.2914],[91.9904,25.2839],[91.9845,25.2747],[91.9814,25.2582],[91.9969,25.2233],[92.0074,25.2086],[92.0211,25.202],[92.0197,25.1908],[92.0161,25.1877],[92.0108,25.1891],[91.9956,25.1846],[91.9832,25.1716],[91.9471,25.1833],[91.9133,25.1828],[91.8716,25.1751],[91.8411,25.1787],[91.8301,25.1739],[91.8218,25.1742],[91.8258,25.1866],[91.8206,25.2238],[91.8024,25.2195],[91.7963,25.2427],[91.7904,25.2439],[91.7996,25.2736]]]}},{"type":"Feature","bbox":[91.6559,25.2998,91.8938,25.479],"properties":{"kind":"ac","ac":28,"name":"Sohra","pc":"Shillong","mla":"Gavin Miguel Mylleim","mla_party":"NPP","mp_vacant":true},"geometry":{"type":"Polygon","coordinates":[[[91.8936,25.479],[91.8889,25.4726],[91.8928,25.4581],[91.8938,25.4305],[91.8807,25.4233],[91.831,25.4094],[91.8206,25.4035],[91.8161,25.3885],[91.8113,25.3426],[91.8011,25.333],[91.7816,25.2998],[91.7593,25.3041],[91.7463,25.3033],[91.7419,25.3175],[91.7488,25.3395],[91.7481,25.3632],[91.7225,25.337],[91.7103,25.3327],[91.6937,25.3335],[91.6798,25.3384],[91.6559,25.3545],[91.6612,25.3763],[91.6785,25.3787],[91.6841,25.3961],[91.7031,25.4172],[91.7254,25.4288],[91.7627,25.4419],[91.7812,25.4558],[91.8482,25.4617],[91.8811,25.4743],[91.8841,25.4789],[91.8936,25.479]]]}},{"type":"Feature","bbox":[91.8889,25.2991,92.1194,25.5457],"properties":{"kind":"ac","ac":29,"name":"Mawkynrew","pc":"Shillong","mla":"Banteidor Lyngdoh","mla_party":"NPP","mp_vacant":true},"geometry":{"type":"Polygon","coordinates":[[[91.9507,25.5457],[91.9645,25.5339],[91.9834,25.5346],[91.9965,25.5285],[92.0227,25.5283],[92.0644,25.5389],[92.0787,25.528],[92.1004,25.5173],[92.0973,25.5142],[92.1008,25.506],[92.0968,25.5005],[92.0953,25.4895],[92.107,25.4812],[92.109,25.4704],[92.0945,25.451],[92.1029,25.4443],[92.1028,25.433],[92.1099,25.4257],[92.1132,25.4105],[92.1015,25.3988],[92.1116,25.3797],[92.1109,25.3638],[92.1067,25.3548],[92.1134,25.3447],[92.1108,25.3365],[92.1194,25.3315],[92.1143,25.3229],[92.1123,25.3067],[92.1009,25.3056],[92.0931,25.3107],[92.0943,25.3159],[92.0853,25.3106],[92.0672,25.3187],[92.0545,25.3138],[92.0507,25.3215],[92.0187,25.3096],[92.0133,25.3018],[92.0035,25.2991],[91.9643,25.3186],[91.9596,25.3252],[91.9501,25.3288],[91.9491,25.3343],[91.9396,25.3358],[91.9388,25.3429],[91.9342,25.3465],[91.9291,25.3458],[91.925,25.3521],[91.9261,25.3559],[91.9091,25.3638],[91.9013,25.3738],[91.8982,25.3835],[91.8997,25.4023],[91.8939,25.4199],[91.8928,25.4581],[91.8889,25.4726],[91.8936,25.479],[91.9072,25.4841],[91.9258,25.4848],[91.9429,25.4784],[91.9695,25.4845],[91.9511,25.5231],[91.9366,25.5189],[91.9322,25.5146],[91.9198,25.5137],[91.9336,25.5212],[91.9507,25.5457]]]}},{"type":"Feature","bbox":[91.5749,25.5221,91.828,25.8272],"properties":{"kind":"ac","ac":30,"name":"Mairang","pc":"Shillong","mla":"Metbah Lyngdoh","mla_party":"UDP","mp_vacant":true},"geometry":{"type":"Polygon","coordinates":[[[91.6105,25.8096],[91.6316,25.81],[91.6446,25.8042],[91.6593,25.8145],[91.6979,25.8048],[91.7073,25.82],[91.7238,25.827],[91.7495,25.8272],[91.7702,25.8088],[91.7791,25.7948],[91.7878,25.7908],[91.7883,25.7823],[91.7791,25.7634],[91.7653,25.7498],[91.7682,25.7434],[91.7723,25.7445],[91.7735,25.7399],[91.784,25.739],[91.783,25.7337],[91.7974,25.7315],[91.8082,25.7334],[91.8151,25.7209],[91.8132,25.7055],[91.8199,25.7025],[91.828,25.6888],[91.8271,25.6693],[91.8134,25.6648],[91.8082,25.6588],[91.8112,25.6533],[91.8073,25.6354],[91.7989,25.6278],[91.7998,25.6096],[91.7809,25.5897],[91.7395,25.5738],[91.7331,25.5752],[91.7294,25.5634],[91.7233,25.5643],[91.7148,25.5589],[91.7131,25.5533],[91.6986,25.5462],[91.696,25.5428],[91.7001,25.5335],[91.6809,25.5233],[91.6701,25.5221],[91.6585,25.5281],[91.6537,25.552],[91.6482,25.5508],[91.6517,25.5622],[91.6524,25.602],[91.6199,25.6081],[91.6258,25.6323],[91.6488,25.629],[91.6686,25.6314],[91.6718,25.665],[91.6218,25.6672],[91.5991,25.6617],[91.5921,25.6747],[91.5911,25.6868],[91.5749,25.7181],[91.5782,25.7564],[91.6069,25.7993],[91.6105,25.8096]]]}},{"type":"Feature","bbox":[91.4111,25.4783,91.6718,25.812],"properties":{"kind":"ac","ac":31,"name":"Mawthadraishan","pc":"Shillong","mla":"Shakliar Warjri","mla_party":"Hill State People's Democratic Party","mp_vacant":true},"geometry":{"type":"Polygon","coordinates":[[[91.4708,25.7903],[91.4799,25.7967],[91.4965,25.7989],[91.5313,25.8017],[91.5373,25.7989],[91.5569,25.8083],[91.5869,25.812],[91.5966,25.8054],[91.5999,25.8099],[91.6105,25.8096],[91.6069,25.7993],[91.5766,25.7516],[91.5771,25.7213],[91.5749,25.7181],[91.5911,25.6868],[91.5921,25.6747],[91.5991,25.6617],[91.6218,25.6672],[91.6718,25.665],[91.6686,25.6314],[91.6488,25.629],[91.6258,25.6323],[91.6199,25.6081],[91.6524,25.602],[91.6517,25.5622],[91.6482,25.5508],[91.6338,25.549],[91.6291,25.5414],[91.6227,25.5382],[91.6149,25.5417],[91.5816,25.5207],[91.5416,25.5112],[91.5435,25.503],[91.5411,25.4986],[91.5466,25.4929],[91.5282,25.4914],[91.4947,25.4807],[91.4768,25.4783],[91.4782,25.511],[91.4841,25.5384],[91.4331,25.5357],[91.4111,25.5559],[91.4213,25.5573],[91.4177,25.5694],[91.433,25.6015],[91.4335,25.6108],[91.4287,25.6273],[91.4315,25.6416],[91.4372,25.6461],[91.4384,25.6566],[91.4432,25.6628],[91.4429,25.6745],[91.5071,25.6938],[91.4992,25.6982],[91.4855,25.7227],[91.4784,25.7458],[91.4782,25.7635],[91.4708,25.7903]]]}},{"type":"Feature","bbox":[91.0898,25.4398,91.4841,25.6764],"properties":{"kind":"ac","ac":32,"name":"Nongstoin","pc":"Shillong","mla":"Gabriel Wahlang","mla_party":"NPP","mp_vacant":true},"geometry":{"type":"Polygon","coordinates":[[[91.227,25.6764],[91.2348,25.667],[91.243,25.647],[91.2575,25.6456],[91.2641,25.642],[91.2586,25.5966],[91.3105,25.5868],[91.3469,25.5696],[91.3498,25.5705],[91.3532,25.5832],[91.3602,25.593],[91.3675,25.6203],[91.3721,25.6238],[91.4139,25.6158],[91.4337,25.6089],[91.4286,25.5889],[91.4219,25.5826],[91.4177,25.5694],[91.4213,25.5573],[91.4111,25.5559],[91.4331,25.5357],[91.4841,25.5384],[91.4782,25.511],[91.4768,25.4783],[91.4121,25.481],[91.4024,25.4771],[91.375,25.4743],[91.3568,25.4624],[91.3292,25.4571],[91.3024,25.4477],[91.293,25.44],[91.2508,25.4398],[91.2143,25.4595],[91.1896,25.4684],[91.1968,25.487],[91.2028,25.5216],[91.1379,25.5327],[91.0898,25.5345],[91.1172,25.5631],[91.1243,25.5781],[91.132,25.5859],[91.1313,25.591],[91.1414,25.5931],[91.227,25.6764]]]}},{"type":"Feature","bbox":[90.9385,25.5696,91.5071,25.861],"properties":{"kind":"ac","ac":33,"name":"Rambrai-Jyrngam","pc":"Shillong","mla":"Remington Gabil Momin","mla_party":"IND","mp_vacant":true},"geometry":{"type":"Polygon","coordinates":[[[91.1956,25.861],[91.1971,25.8497],[91.204,25.8436],[91.195,25.8351],[91.1947,25.8272],[91.1861,25.8183],[91.1906,25.8112],[91.178,25.778],[91.1851,25.7723],[91.1834,25.767],[91.189,25.7644],[91.1865,25.7391],[91.1929,25.7368],[91.1919,25.7306],[91.2037,25.7296],[91.2077,25.726],[91.22,25.7272],[91.2207,25.7221],[91.2567,25.7479],[91.265,25.7496],[91.2735,25.7458],[91.3221,25.8207],[91.3339,25.8319],[91.3354,25.8397],[91.3422,25.8366],[91.3418,25.8247],[91.3595,25.8066],[91.3802,25.801],[91.3948,25.8052],[91.4181,25.8032],[91.4226,25.7932],[91.4574,25.7951],[91.4584,25.7885],[91.4708,25.7903],[91.4782,25.7635],[91.4784,25.7458],[91.4855,25.7227],[91.4992,25.6982],[91.5071,25.6938],[91.4429,25.6745],[91.4432,25.6628],[91.4384,25.6566],[91.4372,25.6461],[91.4315,25.6416],[91.4287,25.6273],[91.4337,25.6089],[91.4139,25.6158],[91.3721,25.6238],[91.3675,25.6203],[91.3602,25.593],[91.3532,25.5832],[91.3498,25.5705],[91.3469,25.5696],[91.3105,25.5868],[91.2586,25.5966],[91.2641,25.642],[91.2415,25.6486],[91.2348,25.667],[91.227,25.6764],[91.2375,25.6895],[91.1882,25.6994],[91.1457,25.6981],[91.1477,25.7197],[91.1278,25.7209],[91.121,25.733],[91.1155,25.7563],[91.1064,25.7704],[91.1036,25.7848],[91.0947,25.79],[91.0721,25.7769],[91.0665,25.7767],[91.067,25.7414],[91.0724,25.7212],[90.9594,25.7144],[90.9639,25.7245],[90.9699,25.7267],[90.9734,25.735],[90.9833,25.7449],[90.9753,25.7506],[90.959,25.7495],[90.9535,25.7579],[90.9428,25.7539],[90.9385,25.7599],[90.9447,25.7722],[90.9634,25.7796],[90.9774,25.7974],[90.9813,25.7979],[90.9847,25.8065],[90.9979,25.8177],[91.0013,25.8249],[91.0058,25.8205],[91.0222,25.8236],[91.0331,25.8353],[91.0394,25.837],[91.048,25.8493],[91.067,25.8467],[91.0786,25.8527],[91.0717,25.8386],[91.0612,25.8374],[91.0591,25.8328],[91.049,25.8292],[91.062,25.8209],[91.0672,25.8259],[91.0782,25.8292],[91.1137,25.8323],[91.1477,25.8506],[91.1802,25.8441],[91.1956,25.861]]]}},{"type":"Feature","bbox":[90.747,25.2936,91.2508,25.79],"properties":{"kind":"ac","ac":34,"name":"Mawshynrut","pc":"Shillong","mla":"Methodius Dkhar","mla_party":"Hill State People's Democratic Party","mp_vacant":true},"geometry":{"type":"Polygon","coordinates":[[[90.959,25.7144],[91.0724,25.7212],[91.067,25.7414],[91.0665,25.7767],[91.0721,25.7769],[91.0947,25.79],[91.1036,25.7848],[91.1064,25.7704],[91.1155,25.7563],[91.121,25.733],[91.1278,25.7209],[91.1477,25.7197],[91.1457,25.6981],[91.1882,25.6994],[91.2375,25.6895],[91.2198,25.6689],[91.1414,25.5931],[91.1313,25.591],[91.132,25.5859],[91.1243,25.5781],[91.1172,25.5631],[91.0898,25.5345],[91.1379,25.5327],[91.2028,25.5216],[91.1968,25.487],[91.1896,25.4684],[91.2143,25.4595],[91.2508,25.4398],[91.2419,25.4341],[91.1826,25.4242],[91.1759,25.3494],[91.1801,25.3434],[91.1505,25.3244],[91.1347,25.3196],[91.1109,25.3288],[91.0924,25.3274],[91.0561,25.315],[91.0384,25.3056],[91.0107,25.2987],[90.9577,25.298],[90.8838,25.3062],[90.8604,25.2936],[90.8557,25.294],[90.8466,25.3062],[90.8402,25.3055],[90.8385,25.3082],[90.8404,25.3135],[90.8373,25.3228],[90.8399,25.3241],[90.8406,25.3354],[90.8377,25.3365],[90.8411,25.3458],[90.8451,25.3461],[90.8383,25.3552],[90.83,25.3569],[90.8262,25.3542],[90.8201,25.3596],[90.8161,25.3585],[90.8146,25.3659],[90.8078,25.3684],[90.7905,25.3681],[90.7763,25.3636],[90.7749,25.3673],[90.7637,25.3675],[90.7644,25.3731],[90.757,25.3788],[90.7478,25.3794],[90.747,25.3892],[90.7623,25.3975],[90.7604,25.4066],[90.7638,25.4169],[90.7605,25.4183],[90.7597,25.4261],[90.7554,25.43],[90.7616,25.4449],[90.7515,25.4511],[90.76,25.4585],[90.7735,25.4515],[90.7728,25.4563],[90.7869,25.4625],[90.7898,25.4675],[90.7735,25.4689],[90.7746,25.4767],[90.7834,25.4776],[90.7839,25.4815],[90.7897,25.4858],[90.7892,25.4912],[90.7843,25.494],[90.7902,25.5067],[90.7804,25.5144],[90.7852,25.517],[90.7785,25.5232],[90.7781,25.5353],[90.7693,25.5404],[90.7666,25.548],[90.7613,25.5505],[90.7704,25.5575],[90.7652,25.5621],[90.7695,25.567],[90.7718,25.5776],[90.7819,25.5839],[90.7868,25.5687],[90.793,25.5728],[90.7923,25.5802],[90.7969,25.5789],[90.801,25.5831],[90.8002,25.5885],[90.8133,25.5759],[90.8198,25.5822],[90.8184,25.5866],[90.8241,25.59],[90.8297,25.5915],[90.8334,25.5875],[90.8437,25.5944],[90.8494,25.5942],[90.8606,25.6036],[90.8717,25.6041],[90.8729,25.6101],[90.8769,25.6085],[90.8789,25.6184],[90.8949,25.6369],[90.9065,25.6384],[90.9094,25.6528],[90.9248,25.6637],[90.9358,25.6842],[90.9474,25.689],[90.9482,25.697],[90.959,25.7144]]]}},{"type":"Feature","bbox":[90.8604,25.1672,91.4521,25.4417],"properties":{"kind":"ac","ac":35,"name":"Ranikor","pc":"Shillong","mla":"Pius Marwein","mla_party":"BJP","mp_vacant":true},"geometry":{"type":"Polygon","coordinates":[[[91.2912,25.4396],[91.2851,25.4375],[91.2866,25.4354],[91.2718,25.4313],[91.2633,25.4243],[91.2199,25.379],[91.2374,25.3749],[91.2954,25.3367],[91.3048,25.3377],[91.3319,25.351],[91.3889,25.3571],[91.398,25.3538],[91.4013,25.3563],[91.4138,25.3548],[91.4521,25.3372],[91.4302,25.3166],[91.3977,25.3116],[91.4023,25.3038],[91.4155,25.296],[91.4299,25.2759],[91.4382,25.273],[91.4227,25.262],[91.4121,25.265],[91.4026,25.2637],[91.3873,25.2459],[91.3854,25.2396],[91.3754,25.2438],[91.371,25.2428],[91.365,25.2347],[91.3543,25.2342],[91.363,25.2053],[91.3797,25.1768],[91.3881,25.1703],[91.3831,25.1678],[91.3763,25.1672],[91.3565,25.1773],[91.3453,25.1725],[91.3335,25.175],[91.3209,25.185],[91.2955,25.1853],[91.2915,25.1869],[91.2905,25.1936],[91.2857,25.1973],[91.2646,25.2068],[91.2521,25.1975],[91.1932,25.1998],[91.1739,25.1949],[91.1588,25.1972],[91.1347,25.193],[91.0815,25.2019],[91.0638,25.1922],[91.0356,25.1886],[90.9696,25.1726],[90.9714,25.1916],[90.9685,25.2012],[90.9592,25.2039],[90.9555,25.2121],[90.9497,25.2148],[90.9528,25.2282],[90.9594,25.2347],[90.9587,25.2466],[90.9536,25.2556],[90.9415,25.2622],[90.9296,25.2796],[90.9158,25.2771],[90.9144,25.2858],[90.9018,25.2973],[90.8864,25.2966],[90.8704,25.2902],[90.8604,25.2936],[90.8838,25.3062],[90.9577,25.298],[91.0107,25.2987],[91.05,25.3096],[91.0728,25.3213],[91.1052,25.3291],[91.1347,25.3196],[91.142,25.3212],[91.1801,25.3434],[91.1759,25.3494],[91.1826,25.4242],[91.2419,25.4341],[91.2508,25.4398],[91.2869,25.4417],[91.2912,25.4396]]]}},{"type":"Feature","bbox":[91.2199,25.2635,91.5561,25.4929],"properties":{"kind":"ac","ac":36,"name":"Mawkyrwat","pc":"Shillong","mla":"Renikton Lyngdoh Tongkhar","mla_party":"UDP","mp_vacant":true},"geometry":{"type":"Polygon","coordinates":[[[91.5466,25.4929],[91.5561,25.4529],[91.5559,25.4289],[91.5464,25.4194],[91.5407,25.401],[91.5391,25.3739],[91.5243,25.349],[91.525,25.3444],[91.5497,25.3303],[91.5483,25.3264],[91.5523,25.3205],[91.549,25.3123],[91.5524,25.3047],[91.5436,25.2795],[91.5325,25.2765],[91.5275,25.2802],[91.4958,25.2834],[91.4889,25.279],[91.4844,25.265],[91.4788,25.2635],[91.4674,25.2713],[91.4621,25.2686],[91.4339,25.2742],[91.4228,25.2838],[91.4104,25.3013],[91.4023,25.3038],[91.3977,25.3116],[91.4302,25.3166],[91.4521,25.3372],[91.4138,25.3548],[91.4013,25.3563],[91.398,25.3538],[91.3889,25.3571],[91.3319,25.351],[91.3048,25.3377],[91.2954,25.3367],[91.2374,25.3749],[91.2199,25.379],[91.2718,25.4313],[91.2866,25.4354],[91.2851,25.4375],[91.3024,25.4477],[91.3292,25.4571],[91.3568,25.4624],[91.375,25.4743],[91.4024,25.4771],[91.4121,25.481],[91.4872,25.4788],[91.5282,25.4914],[91.5466,25.4929]]]}},{"type":"Feature","bbox":[90.7762,25.7233,91.0303,25.9524],"properties":{"kind":"ac","ac":37,"name":"Kharkutta","pc":"Tura","mla":"Rupert Momin","mla_party":"NPP","mp":"Saleng A. Sangma","mp_party":"INC"},"geometry":{"type":"Polygon","coordinates":[[[91.0303,25.886],[91.0279,25.8692],[91.0138,25.8565],[91.0151,25.8482],[91.0113,25.8459],[91.01,25.8375],[91.0079,25.8381],[90.9979,25.8177],[90.9847,25.8065],[90.9813,25.7979],[90.9774,25.7974],[90.9634,25.7796],[90.9447,25.7722],[90.9385,25.7599],[90.9447,25.7533],[90.9528,25.758],[90.9599,25.7492],[90.9753,25.7506],[90.9819,25.7474],[90.9831,25.742],[90.9734,25.735],[90.9699,25.7267],[90.9224,25.7245],[90.9112,25.7297],[90.8852,25.7233],[90.8754,25.7285],[90.8685,25.7447],[90.8602,25.7504],[90.832,25.7537],[90.809,25.7682],[90.7881,25.7707],[90.787,25.7964],[90.7762,25.8201],[90.7767,25.8267],[90.7955,25.8619],[90.8009,25.8883],[90.8021,25.9044],[90.795,25.9392],[90.8084,25.9475],[90.8087,25.9524],[90.8202,25.9503],[90.8247,25.9458],[90.8264,25.9489],[90.8331,25.9464],[90.8364,25.9484],[90.8356,25.937],[90.8444,25.9461],[90.8747,25.9432],[90.8718,25.9478],[90.8765,25.9498],[90.8813,25.9437],[90.8806,25.9507],[90.8843,25.9507],[90.8898,25.9389],[90.8974,25.9378],[90.8948,25.9317],[90.9055,25.9291],[90.9176,25.9144],[90.9144,25.9274],[90.9172,25.9443],[90.9349,25.9405],[90.9406,25.9478],[90.9472,25.9484],[90.9466,25.9408],[90.9567,25.9363],[90.967,25.9142],[90.9692,25.9045],[90.9665,25.8891],[90.969,25.8857],[90.9773,25.8901],[91.0101,25.8843],[91.0251,25.8888],[91.0303,25.886]]]}},{"type":"Feature","bbox":[90.6003,25.7707,90.8021,25.9569],"properties":{"kind":"ac","ac":38,"name":"Mendipathar","pc":"Tura","mla":"Marthon J. Sangma","mla_party":"NPP","mp":"Saleng A. Sangma","mp_party":"INC"},"geometry":{"type":"Polygon","coordinates":[[[90.7477,25.9565],[90.7451,25.9535],[90.7477,25.9492],[90.7397,25.939],[90.7461,25.9283],[90.7524,25.9346],[90.7535,25.9294],[90.747,25.9246],[90.7474,25.9192],[90.7383,25.9159],[90.742,25.9124],[90.7599,25.9222],[90.7601,25.9158],[90.7564,25.9111],[90.764,25.9079],[90.7774,25.9093],[90.7806,25.9115],[90.7849,25.9264],[90.795,25.9392],[90.7974,25.932],[90.8021,25.9044],[90.7992,25.8782],[90.7955,25.8619],[90.7767,25.8267],[90.7762,25.8201],[90.787,25.7964],[90.7881,25.7707],[90.7292,25.7819],[90.7139,25.7818],[90.7209,25.8206],[90.6922,25.8268],[90.6003,25.858],[90.6299,25.9057],[90.6301,25.9093],[90.6256,25.9099],[90.6254,25.9129],[90.63,25.9189],[90.6726,25.9348],[90.6875,25.9488],[90.7136,25.9517],[90.7177,25.9551],[90.7195,25.9488],[90.724,25.9468],[90.737,25.9523],[90.7396,25.9569],[90.7477,25.9565]]]}},{"type":"Feature","bbox":[90.4781,25.7425,90.7209,25.9582],"properties":{"kind":"ac","ac":39,"name":"Resubelpara","pc":"Tura","mla":"Timothy J. Shira","mla_party":"NPP","mp":"Saleng A. Sangma","mp_party":"INC"},"geometry":{"type":"Polygon","coordinates":[[[90.6006,25.9516],[90.6031,25.9533],[90.6066,25.9461],[90.6259,25.9366],[90.6068,25.9187],[90.6067,25.9107],[90.6113,25.9072],[90.613,25.8994],[90.6238,25.898],[90.6003,25.858],[90.6922,25.8268],[90.7209,25.8206],[90.7132,25.7828],[90.7001,25.7817],[90.6513,25.7896],[90.6319,25.7968],[90.6242,25.7894],[90.607,25.7555],[90.5969,25.7425],[90.568,25.7605],[90.55,25.7809],[90.4891,25.777],[90.4946,25.8158],[90.4781,25.8159],[90.4931,25.859],[90.5137,25.8973],[90.5181,25.8971],[90.5385,25.9135],[90.5491,25.9147],[90.5459,25.9182],[90.5479,25.9247],[90.5729,25.9377],[90.5719,25.9485],[90.5812,25.9582],[90.6006,25.9516]]]}},{"type":"Feature","bbox":[90.1128,25.6805,90.5365,26.013],"properties":{"kind":"ac","ac":40,"name":"Bajengdoba","pc":"Tura","mla":"Pongseng Marak","mla_party":"NPP","mp":"Saleng A. Sangma","mp_party":"INC"},"geometry":{"type":"Polygon","coordinates":[[[90.4772,26.013],[90.502,26.0003],[90.5163,25.9759],[90.5337,25.9596],[90.5365,25.9502],[90.5355,25.9353],[90.5335,25.9316],[90.5249,25.9328],[90.5173,25.9072],[90.5117,25.9005],[90.5137,25.8973],[90.4931,25.859],[90.4781,25.8159],[90.4946,25.8158],[90.4843,25.7598],[90.5129,25.7243],[90.488,25.6805],[90.4595,25.6891],[90.4409,25.7185],[90.4311,25.7145],[90.4072,25.7503],[90.3996,25.7674],[90.3918,25.799],[90.3754,25.8031],[90.3408,25.8026],[90.339,25.8049],[90.3425,25.8284],[90.3495,25.8322],[90.3679,25.8313],[90.38,25.8346],[90.384,25.8411],[90.3825,25.8679],[90.4146,25.9227],[90.4228,25.9532],[90.3814,25.9467],[90.3291,25.9308],[90.2933,25.9327],[90.2255,25.9258],[90.1821,25.9014],[90.1598,25.9141],[90.1519,25.9241],[90.1128,25.9541],[90.1191,25.9581],[90.12,25.9547],[90.14,25.9565],[90.1395,25.9589],[90.1518,25.9658],[90.1578,25.9573],[90.1665,25.9554],[90.1773,25.9589],[90.1809,25.9443],[90.1852,25.9436],[90.1919,25.9549],[90.2002,25.957],[90.2023,25.9604],[90.2093,25.9598],[90.2118,25.9529],[90.2164,25.9528],[90.2711,25.9604],[90.3256,25.9735],[90.3315,25.9872],[90.3403,25.9882],[90.3495,26.0036],[90.3655,26.0098],[90.3978,26.0119],[90.4121,26.0035],[90.4164,25.9913],[90.4287,25.9884],[90.4564,26.0001],[90.4715,26.0121],[90.4772,26.013]]]}},{"type":"Feature","bbox":[90.3849,25.536,90.7704,25.7968],"properties":{"kind":"ac","ac":41,"name":"Songsak","pc":"Tura","mla":"Mukul Sangma","mla_party":"Trinamool Congress","mp":"Saleng A. Sangma","mp_party":"INC"},"geometry":{"type":"Polygon","coordinates":[[[90.4025,25.761],[90.4311,25.7145],[90.4409,25.7185],[90.4595,25.6891],[90.488,25.6805],[90.5129,25.7243],[90.4843,25.7598],[90.4891,25.777],[90.55,25.7809],[90.568,25.7605],[90.5969,25.7425],[90.607,25.7555],[90.6242,25.7894],[90.6319,25.7968],[90.6513,25.7896],[90.7001,25.7817],[90.6957,25.7777],[90.6996,25.7659],[90.7241,25.7431],[90.7173,25.7364],[90.7197,25.7183],[90.7392,25.6988],[90.7447,25.6892],[90.7572,25.6798],[90.756,25.6593],[90.7353,25.656],[90.7335,25.6293],[90.72,25.6024],[90.7187,25.5932],[90.7243,25.5845],[90.7364,25.579],[90.758,25.576],[90.7695,25.568],[90.7652,25.5621],[90.7704,25.5575],[90.7428,25.5426],[90.7046,25.5666],[90.6902,25.5687],[90.6629,25.5662],[90.6292,25.5598],[90.5929,25.5474],[90.5787,25.5487],[90.5759,25.536],[90.5562,25.5411],[90.5133,25.5644],[90.4488,25.589],[90.4338,25.5934],[90.3849,25.5967],[90.391,25.6149],[90.3878,25.6215],[90.398,25.6307],[90.392,25.6423],[90.404,25.654],[90.4121,25.6541],[90.4133,25.6576],[90.4075,25.6738],[90.4136,25.6958],[90.4057,25.7085],[90.4065,25.7225],[90.399,25.7306],[90.3996,25.7366],[90.3963,25.7413],[90.3871,25.7433],[90.3879,25.7505],[90.3965,25.7563],[90.3969,25.7607],[90.4025,25.761]]]}},{"type":"Feature","bbox":[90.6957,25.568,90.9686,25.7828],"properties":{"kind":"ac","ac":42,"name":"Rongjeng","pc":"Tura","mla":"Jim M. Sangma","mla_party":"NPP","mp":"Saleng A. Sangma","mp_party":"INC"},"geometry":{"type":"Polygon","coordinates":[[[90.7132,25.7828],[90.809,25.7682],[90.832,25.7537],[90.8602,25.7504],[90.8685,25.7447],[90.8754,25.7285],[90.8852,25.7233],[90.9112,25.7297],[90.9224,25.7245],[90.9686,25.7263],[90.9639,25.7245],[90.9606,25.7149],[90.9562,25.7134],[90.9474,25.689],[90.9358,25.6842],[90.9248,25.6637],[90.9094,25.6528],[90.9065,25.6384],[90.8949,25.6369],[90.8789,25.6184],[90.8769,25.6085],[90.8729,25.6101],[90.8717,25.6041],[90.8606,25.6036],[90.8494,25.5942],[90.8437,25.5944],[90.8334,25.5875],[90.8297,25.5915],[90.8241,25.59],[90.8184,25.5866],[90.8198,25.5822],[90.8133,25.5759],[90.8002,25.5885],[90.801,25.5831],[90.7969,25.5789],[90.7923,25.5802],[90.793,25.5728],[90.7868,25.5687],[90.7823,25.5833],[90.7788,25.5837],[90.7696,25.5739],[90.7694,25.568],[90.758,25.576],[90.7364,25.579],[90.7243,25.5845],[90.7187,25.5932],[90.72,25.6024],[90.7335,25.6293],[90.7353,25.656],[90.756,25.6593],[90.7572,25.6798],[90.7447,25.6892],[90.7169,25.7246],[90.7173,25.7364],[90.7241,25.7431],[90.6996,25.7659],[90.6957,25.7777],[90.7001,25.7817],[90.7132,25.7828]]]}},{"type":"Feature","bbox":[90.316,25.4161,90.7428,25.5967],"properties":{"kind":"ac","ac":43,"name":"Williamnagar","pc":"Tura","mla":"Marcuise N. Marak","mla_party":"NPP","mp":"Saleng A. Sangma","mp_party":"INC"},"geometry":{"type":"Polygon","coordinates":[[[90.7428,25.5426],[90.7018,25.5073],[90.6791,25.4817],[90.6589,25.4524],[90.6445,25.4161],[90.605,25.425],[90.5799,25.4215],[90.5713,25.4278],[90.5518,25.4337],[90.5189,25.4334],[90.5019,25.4388],[90.4969,25.4443],[90.442,25.4607],[90.4172,25.4596],[90.4099,25.4546],[90.4041,25.4605],[90.3872,25.4561],[90.3805,25.4592],[90.3603,25.4572],[90.3493,25.461],[90.3447,25.4574],[90.3324,25.4569],[90.3212,25.4619],[90.316,25.4703],[90.3496,25.516],[90.3563,25.521],[90.3609,25.5175],[90.3756,25.5236],[90.3743,25.5307],[90.3878,25.5383],[90.3901,25.5493],[90.3876,25.5524],[90.3911,25.5569],[90.3834,25.5663],[90.3863,25.5795],[90.3819,25.5868],[90.3849,25.5967],[90.4338,25.5934],[90.4488,25.589],[90.5133,25.5644],[90.5562,25.5411],[90.5759,25.536],[90.5787,25.5487],[90.5929,25.5474],[90.6292,25.5598],[90.684,25.5685],[90.7046,25.5666],[90.7428,25.5426]]]}},{"type":"Feature","bbox":[90.1916,25.7922,90.4228,25.9532],"properties":{"kind":"ac","ac":44,"name":"Raksamgre","pc":"Tura","mla":"Limison D. Sangma","mla_party":"NPP","mp":"Saleng A. Sangma","mp_party":"INC"},"geometry":{"type":"Polygon","coordinates":[[[90.3394,25.8076],[90.3294,25.8052],[90.3169,25.8068],[90.3211,25.7969],[90.3156,25.7922],[90.3029,25.7967],[90.2948,25.8117],[90.2902,25.8293],[90.2668,25.8537],[90.2656,25.8655],[90.2699,25.877],[90.2546,25.8951],[90.244,25.9024],[90.1916,25.9068],[90.2255,25.9258],[90.2933,25.9327],[90.3291,25.9308],[90.3814,25.9467],[90.4228,25.9532],[90.4146,25.9227],[90.3825,25.8679],[90.384,25.8411],[90.38,25.8346],[90.3679,25.8313],[90.3495,25.8322],[90.3425,25.8284],[90.3394,25.8076]]]}},{"type":"Feature","bbox":[90.0601,25.7834,90.2971,25.9541],"properties":{"kind":"ac","ac":45,"name":"Tikrikilla","pc":"Tura","mla":"Jimmy D. Sangma","mla_party":"NPP","mp":"Saleng A. Sangma","mp_party":"INC"},"geometry":{"type":"Polygon","coordinates":[[[90.0669,25.9031],[90.0601,25.9138],[90.067,25.9136],[90.0717,25.919],[90.0759,25.9156],[90.0865,25.9199],[90.0855,25.9255],[90.0943,25.9282],[90.0923,25.9385],[90.0984,25.9379],[90.1007,25.944],[90.1063,25.9427],[90.1047,25.9452],[90.1128,25.9541],[90.1519,25.9241],[90.1598,25.9141],[90.1821,25.9014],[90.1916,25.9068],[90.244,25.9024],[90.2546,25.8951],[90.2699,25.877],[90.2656,25.8655],[90.2668,25.8537],[90.2902,25.8293],[90.2971,25.8066],[90.2912,25.8005],[90.2644,25.7917],[90.2586,25.787],[90.2486,25.787],[90.2428,25.7834],[90.2339,25.7851],[90.2184,25.7956],[90.2333,25.8109],[90.2364,25.819],[90.2339,25.8208],[90.2238,25.824],[90.2175,25.8326],[90.2082,25.8231],[90.1901,25.8193],[90.179,25.812],[90.1729,25.8135],[90.1779,25.8206],[90.1756,25.8251],[90.1608,25.8317],[90.1521,25.8322],[90.1387,25.8405],[90.1342,25.8466],[90.1323,25.8578],[90.1179,25.8756],[90.1035,25.8778],[90.0922,25.8834],[90.0841,25.8987],[90.0669,25.9031]]]}},{"type":"Feature","bbox":[90.0056,25.7024,90.2364,25.9109],"properties":{"kind":"ac","ac":46,"name":"Phulbari","pc":"Tura","mla":"Abu Taher Mondal","mla_party":"NPP","mp":"Saleng A. Sangma","mp_party":"INC"},"geometry":{"type":"Polygon","coordinates":[[[90.0235,25.8687],[90.0056,25.879],[90.0245,25.8959],[90.0334,25.8949],[90.0336,25.8921],[90.0423,25.8882],[90.0413,25.8947],[90.048,25.9004],[90.0547,25.9006],[90.0555,25.9063],[90.0625,25.9109],[90.0669,25.9031],[90.0841,25.8987],[90.0922,25.8834],[90.1035,25.8778],[90.1179,25.8756],[90.1323,25.8578],[90.1342,25.8466],[90.1387,25.8405],[90.1521,25.8322],[90.1608,25.8317],[90.1756,25.8251],[90.1779,25.8206],[90.1729,25.8135],[90.179,25.812],[90.1901,25.8193],[90.2082,25.8231],[90.2175,25.8326],[90.2238,25.824],[90.2364,25.819],[90.2333,25.8109],[90.2185,25.7979],[90.2185,25.7932],[90.2069,25.7941],[90.2028,25.7903],[90.2055,25.7763],[90.1987,25.7615],[90.1885,25.7591],[90.1833,25.7538],[90.1337,25.7479],[90.1296,25.739],[90.1363,25.7228],[90.1346,25.7156],[90.1247,25.7026],[90.1185,25.7024],[90.1114,25.7071],[90.0919,25.7102],[90.0787,25.722],[90.0815,25.731],[90.0771,25.7426],[90.0789,25.7507],[90.075,25.7706],[90.0607,25.7901],[90.0668,25.8106],[90.06,25.8256],[90.0598,25.8382],[90.0656,25.8417],[90.0658,25.8455],[90.0447,25.8653],[90.0235,25.8687]]]}},{"type":"Feature","bbox":[89.9487,25.7045,90.0753,25.8687],"properties":{"kind":"ac","ac":47,"name":"Rajabala","pc":"Tura","mla":"Mizanur Rahman Kazi","mla_party":"Trinamool Congress","mp":"Saleng A. Sangma","mp_party":"INC"},"geometry":{"type":"Polygon","coordinates":[[[89.997,25.8363],[90.0004,25.845],[90.0166,25.8524],[90.0235,25.8687],[90.0447,25.8653],[90.0658,25.8455],[90.0656,25.8417],[90.0598,25.8382],[90.06,25.8256],[90.0668,25.8106],[90.0607,25.7901],[90.0739,25.7736],[90.0753,25.7609],[90.068,25.7422],[90.0607,25.7332],[90.0621,25.7103],[90.0543,25.7045],[90.0468,25.7184],[90.0388,25.7259],[90.0124,25.7217],[89.9919,25.7259],[89.9881,25.732],[89.983,25.7337],[89.9754,25.7458],[89.9778,25.7486],[89.9754,25.7511],[89.9658,25.7525],[89.9515,25.763],[89.956,25.769],[89.9558,25.7781],[89.9601,25.7821],[89.9551,25.7859],[89.9551,25.7967],[89.9586,25.8011],[89.9554,25.8018],[89.9555,25.8118],[89.9498,25.8154],[89.9519,25.8214],[89.9487,25.8255],[89.9588,25.8284],[89.9539,25.8231],[89.9616,25.8194],[89.9672,25.8218],[89.9639,25.8321],[89.9733,25.8265],[89.9802,25.8347],[89.997,25.8363]]]}},{"type":"Feature","bbox":[89.8938,25.5939,90.1334,25.763],"properties":{"kind":"ac","ac":48,"name":"Selsella","pc":"Tura","mla":"Arbinstone B. Marak","mla_party":"NPP","mp":"Saleng A. Sangma","mp_party":"INC"},"geometry":{"type":"Polygon","coordinates":[[[89.9515,25.763],[89.9658,25.7525],[89.9754,25.7511],[89.9778,25.7486],[89.9754,25.7458],[89.983,25.7337],[89.9881,25.732],[89.9919,25.7259],[90.0124,25.7217],[90.0388,25.7259],[90.0468,25.7184],[90.0543,25.7045],[90.0621,25.7103],[90.0607,25.7332],[90.068,25.7422],[90.0753,25.7609],[90.0815,25.731],[90.0787,25.722],[90.0919,25.7102],[90.1114,25.7071],[90.1185,25.7024],[90.123,25.6957],[90.1222,25.6881],[90.1133,25.6754],[90.1334,25.6518],[90.1316,25.6437],[90.126,25.6425],[90.1191,25.6305],[90.1093,25.6287],[90.0957,25.6335],[90.0905,25.6282],[90.0967,25.6179],[90.0935,25.5974],[90.0713,25.5939],[90.0197,25.6069],[90.0139,25.6157],[90.0069,25.6195],[90.0063,25.6235],[89.9832,25.6265],[89.979,25.6386],[89.949,25.6574],[89.9434,25.681],[89.9356,25.6901],[89.9237,25.6942],[89.9193,25.7042],[89.8959,25.7302],[89.8938,25.7386],[89.8957,25.7449],[89.8992,25.7465],[89.9256,25.7383],[89.937,25.7452],[89.9365,25.7551],[89.942,25.7552],[89.9515,25.763]]]}},{"type":"Feature","bbox":[90.1133,25.5132,90.4136,25.8076],"properties":{"kind":"ac","ac":49,"name":"Dadenggre","pc":"Tura","mla":"Rupa M. Marak","mla_party":"Trinamool Congress","mp":"Saleng A. Sangma","mp_party":"INC"},"geometry":{"type":"Polygon","coordinates":[[[90.2971,25.8066],[90.3029,25.7967],[90.3156,25.7922],[90.3211,25.7969],[90.3169,25.8068],[90.3294,25.8052],[90.3394,25.8076],[90.3408,25.8026],[90.3754,25.8031],[90.3918,25.799],[90.4025,25.761],[90.3969,25.7607],[90.3965,25.7563],[90.3879,25.7505],[90.3871,25.7433],[90.3963,25.7413],[90.3996,25.7366],[90.399,25.7306],[90.4065,25.7225],[90.4057,25.7085],[90.4136,25.6958],[90.4075,25.6738],[90.4133,25.6576],[90.4121,25.6541],[90.404,25.654],[90.392,25.6423],[90.398,25.6307],[90.3878,25.6215],[90.391,25.6143],[90.3819,25.5868],[90.3863,25.5795],[90.3837,25.5651],[90.3911,25.5572],[90.3876,25.5524],[90.3898,25.5462],[90.3873,25.5376],[90.3743,25.5307],[90.3756,25.5236],[90.3609,25.5175],[90.3563,25.521],[90.3473,25.5132],[90.3421,25.5155],[90.3372,25.524],[90.3241,25.5256],[90.3134,25.5408],[90.293,25.5448],[90.2859,25.5496],[90.2827,25.5598],[90.2859,25.5696],[90.281,25.5833],[90.2619,25.5934],[90.2491,25.6152],[90.2367,25.6194],[90.2326,25.6055],[90.2203,25.5906],[90.2171,25.5908],[90.1924,25.6085],[90.1849,25.618],[90.1694,25.6124],[90.1587,25.6018],[90.1485,25.6094],[90.1336,25.6084],[90.121,25.6143],[90.1139,25.6288],[90.1191,25.6305],[90.126,25.6425],[90.1327,25.6459],[90.1334,25.6518],[90.1133,25.6754],[90.1222,25.6881],[90.123,25.6957],[90.1185,25.7024],[90.1247,25.7026],[90.1346,25.7156],[90.1363,25.7228],[90.1296,25.739],[90.1337,25.7479],[90.1833,25.7538],[90.1885,25.7591],[90.1987,25.7615],[90.2055,25.7763],[90.2028,25.7903],[90.2069,25.7941],[90.2265,25.7911],[90.2339,25.7851],[90.2428,25.7834],[90.2912,25.8005],[90.2971,25.8066]]]}},{"type":"Feature","bbox":[90.0905,25.4772,90.3473,25.6335],"properties":{"kind":"ac","ac":50,"name":"North Tura","pc":"Tura","mla":"Thomas A. Sangma","mla_party":"NPP","mp":"Saleng A. Sangma","mp_party":"INC"},"geometry":{"type":"Polygon","coordinates":[[[90.0935,25.5974],[90.0967,25.6179],[90.0905,25.6282],[90.0957,25.6335],[90.1139,25.6288],[90.1186,25.6171],[90.1245,25.6124],[90.1336,25.6084],[90.1485,25.6094],[90.1587,25.6018],[90.1694,25.6124],[90.1849,25.618],[90.1924,25.6085],[90.2171,25.5908],[90.2203,25.5906],[90.2326,25.6055],[90.2367,25.6194],[90.2412,25.6182],[90.2521,25.6124],[90.2649,25.5906],[90.281,25.5833],[90.2859,25.5696],[90.2827,25.5598],[90.2859,25.5496],[90.293,25.5448],[90.3134,25.5408],[90.3241,25.5256],[90.3372,25.524],[90.3421,25.5155],[90.3473,25.5132],[90.3211,25.4772],[90.3042,25.4853],[90.2597,25.49],[90.2591,25.5056],[90.2616,25.509],[90.2403,25.5093],[90.2379,25.512],[90.2427,25.5314],[90.2361,25.5338],[90.222,25.5214],[90.2163,25.493],[90.1996,25.4968],[90.1747,25.4922],[90.1693,25.5038],[90.1571,25.5103],[90.1551,25.5189],[90.1459,25.532],[90.1403,25.5291],[90.1349,25.5206],[90.13,25.5199],[90.1221,25.5233],[90.1189,25.5293],[90.1016,25.5261],[90.0998,25.5282],[90.1003,25.5356],[90.1089,25.5486],[90.1063,25.5546],[90.1098,25.5685],[90.0949,25.5833],[90.0935,25.5974]]]}},{"type":"Feature","bbox":[90.2163,25.49,90.2616,25.5338],"properties":{"kind":"ac","ac":51,"name":"South Tura","pc":"Tura","mla":"Conrad Sangma","mla_party":"NPP","mp":"Saleng A. Sangma","mp_party":"INC"},"geometry":{"type":"Polygon","coordinates":[[[90.2163,25.493],[90.222,25.5214],[90.2361,25.5338],[90.2427,25.5314],[90.2379,25.512],[90.2403,25.5093],[90.2616,25.509],[90.2591,25.5056],[90.2597,25.49],[90.2163,25.493]]]}},{"type":"Feature","bbox":[89.9746,25.4658,90.1747,25.6052],"properties":{"kind":"ac","ac":52,"name":"Rangsakona","pc":"Tura","mla":"Subir Marak","mla_party":"NPP","mp":"Saleng A. Sangma","mp_party":"INC"},"geometry":{"type":"Polygon","coordinates":[[[90.0283,25.6052],[90.0713,25.5939],[90.0935,25.5974],[90.0949,25.5833],[90.1098,25.5685],[90.1063,25.5546],[90.1089,25.5486],[90.1003,25.5356],[90.0998,25.5282],[90.1016,25.5261],[90.1189,25.5293],[90.1221,25.5233],[90.13,25.5199],[90.1349,25.5206],[90.1403,25.5291],[90.1459,25.532],[90.1551,25.5189],[90.1571,25.5103],[90.1693,25.5038],[90.1747,25.4922],[90.0892,25.4658],[90.0875,25.472],[90.0671,25.4916],[90.0323,25.4869],[90.019,25.4908],[90.0084,25.5019],[89.9943,25.5094],[89.9916,25.5227],[90.0044,25.5367],[89.9992,25.5417],[90.0006,25.5527],[89.9958,25.5589],[89.986,25.5626],[89.9844,25.5735],[89.9746,25.5752],[89.9782,25.5855],[89.9859,25.5916],[90.003,25.5848],[90.0122,25.5991],[90.0194,25.6044],[90.0283,25.6052]]]}},{"type":"Feature","bbox":[89.8673,25.4113,90.0903,25.5748],"properties":{"kind":"ac","ac":53,"name":"Ampati","pc":"Tura","mla":"Miani D Shira","mla_party":"Trinamool Congress","mp":"Saleng A. Sangma","mp_party":"INC"},"geometry":{"type":"Polygon","coordinates":[[[89.8729,25.5074],[89.8863,25.5079],[89.8845,25.5156],[89.8778,25.5202],[89.8717,25.5189],[89.8673,25.5274],[89.8782,25.5377],[89.875,25.5452],[89.8834,25.5541],[89.8991,25.561],[89.9014,25.5587],[89.9141,25.5637],[89.9374,25.5647],[89.942,25.569],[89.9603,25.5748],[89.9844,25.5735],[89.986,25.5626],[89.9958,25.5589],[90.0006,25.5527],[89.9992,25.5417],[90.0044,25.5367],[89.9916,25.5227],[89.9943,25.5094],[90.0084,25.5019],[90.019,25.4908],[90.0323,25.4869],[90.0671,25.4916],[90.0875,25.472],[90.0903,25.4409],[90.074,25.4368],[90.0721,25.4317],[90.0548,25.4276],[90.031,25.4365],[90.0119,25.4343],[89.9828,25.4439],[89.9646,25.4374],[89.9545,25.4433],[89.9487,25.4357],[89.9478,25.4216],[89.9401,25.4161],[89.9238,25.4113],[89.9197,25.4331],[89.9224,25.4376],[89.9199,25.459],[89.9073,25.4744],[89.883,25.4739],[89.8702,25.4844],[89.8766,25.492],[89.8774,25.5013],[89.8729,25.5074]]]}},{"type":"Feature","bbox":[89.814,25.2872,89.9238,25.4844],"properties":{"kind":"ac","ac":54,"name":"Mahendraganj","pc":"Tura","mla":"Sanjay A. Sangma","mla_party":"NPP","mp":"Saleng A. Sangma","mp_party":"INC"},"geometry":{"type":"Polygon","coordinates":[[[89.8702,25.4844],[89.883,25.4739],[89.8948,25.4757],[89.9101,25.4729],[89.9199,25.459],[89.9224,25.4376],[89.9197,25.4331],[89.9238,25.4113],[89.9092,25.3925],[89.8833,25.3996],[89.8787,25.3975],[89.8714,25.3862],[89.8743,25.3777],[89.8679,25.3696],[89.8667,25.3566],[89.871,25.3537],[89.8854,25.3529],[89.8934,25.3452],[89.8959,25.3377],[89.8842,25.3304],[89.8828,25.3231],[89.87,25.3086],[89.8716,25.2985],[89.8839,25.291],[89.8694,25.2872],[89.8349,25.296],[89.8401,25.3185],[89.8266,25.3337],[89.814,25.3699],[89.8158,25.3886],[89.8261,25.4038],[89.8342,25.4349],[89.853,25.4633],[89.8533,25.4772],[89.8607,25.4763],[89.8702,25.4844]]]}},{"type":"Feature","bbox":[89.8667,25.2389,90.0988,25.4439],"properties":{"kind":"ac","ac":55,"name":"Salmanpara","pc":"Tura","mla":"Ian Botham K. Sangma","mla_party":"NPP","mp":"Saleng A. Sangma","mp_party":"INC"},"geometry":{"type":"Polygon","coordinates":[[[89.9238,25.4113],[89.9401,25.4161],[89.9478,25.4216],[89.9487,25.4357],[89.9545,25.4433],[89.9646,25.4374],[89.9828,25.4439],[90.0119,25.4343],[90.031,25.4365],[90.0548,25.4276],[90.0721,25.4317],[90.074,25.4368],[90.0903,25.4409],[90.0843,25.4147],[90.0698,25.4057],[90.031,25.3985],[90.022,25.3917],[90.0218,25.3876],[90.006,25.3779],[90.0042,25.3725],[90.011,25.3529],[90.0105,25.3442],[90.0156,25.338],[90.0376,25.3345],[90.055,25.3474],[90.0572,25.3422],[90.0539,25.3218],[90.0594,25.3055],[90.0875,25.2797],[90.0988,25.2746],[90.0931,25.2648],[90.0874,25.2389],[90.0779,25.2403],[90.0599,25.256],[90.0096,25.2719],[89.9809,25.2853],[89.9765,25.2983],[89.9722,25.301],[89.9293,25.2996],[89.9081,25.3078],[89.8998,25.3052],[89.8839,25.291],[89.8716,25.2985],[89.87,25.3086],[89.8828,25.3231],[89.8842,25.3304],[89.8959,25.3377],[89.8934,25.3452],[89.8854,25.3529],[89.871,25.3537],[89.8667,25.3566],[89.8679,25.3696],[89.8743,25.3777],[89.8714,25.3862],[89.8787,25.3975],[89.8833,25.3996],[89.9092,25.3925],[89.9238,25.4113]]]}},{"type":"Feature","bbox":[90.0044,25.2718,90.3211,25.4968],"properties":{"kind":"ac","ac":56,"name":"Gambegre","pc":"Tura","mla":"Mehtab Chandee Agitok Sangma","mla_party":"NPP","mp":"Saleng A. Sangma","mp_party":"INC"},"geometry":{"type":"Polygon","coordinates":[[[90.1996,25.4968],[90.3042,25.4853],[90.3211,25.4772],[90.316,25.4708],[90.3194,25.4644],[90.3036,25.4185],[90.3136,25.3844],[90.3086,25.3653],[90.2614,25.3212],[90.2558,25.3079],[90.2461,25.3172],[90.2392,25.3185],[90.237,25.3314],[90.202,25.3442],[90.1905,25.3375],[90.1796,25.3248],[90.1618,25.3226],[90.1525,25.2951],[90.1426,25.2897],[90.1371,25.2748],[90.1243,25.2718],[90.0988,25.2746],[90.0875,25.2797],[90.0594,25.3055],[90.0539,25.3218],[90.0572,25.3422],[90.055,25.3474],[90.0376,25.3345],[90.0156,25.338],[90.0128,25.3409],[90.0082,25.3645],[90.0044,25.3679],[90.006,25.3779],[90.0218,25.3876],[90.022,25.3917],[90.031,25.3985],[90.0698,25.4057],[90.0843,25.4147],[90.0907,25.4435],[90.0892,25.4658],[90.1438,25.4809],[90.1712,25.4924],[90.1996,25.4968]]]}},{"type":"Feature","bbox":[90.0874,25.2032,90.2558,25.3442],"properties":{"kind":"ac","ac":57,"name":"Dalu","pc":"Tura","mla":"Brening A. Sangma","mla_party":"NPP","mp":"Saleng A. Sangma","mp_party":"INC"},"geometry":{"type":"Polygon","coordinates":[[[90.0988,25.2746],[90.1243,25.2718],[90.1371,25.2748],[90.1426,25.2897],[90.1525,25.2951],[90.1618,25.3226],[90.1796,25.3248],[90.1905,25.3375],[90.202,25.3442],[90.237,25.3314],[90.2392,25.3185],[90.2461,25.3172],[90.2558,25.3079],[90.2557,25.2774],[90.2476,25.2535],[90.2292,25.2352],[90.2279,25.2183],[90.2336,25.2038],[90.2145,25.2032],[90.1878,25.2163],[90.1597,25.2235],[90.1124,25.2242],[90.1007,25.2348],[90.0874,25.2389],[90.0931,25.2648],[90.0988,25.2746]]]}},{"type":"Feature","bbox":[90.602,25.1537,90.9714,25.5534],"properties":{"kind":"ac","ac":58,"name":"Rongara Siju","pc":"Tura","mla":"Rakkam A Sangma","mla_party":"NPP","mp":"Saleng A. Sangma","mp_party":"INC"},"geometry":{"type":"Polygon","coordinates":[[[90.7632,25.5534],[90.7613,25.5505],[90.7666,25.548],[90.7662,25.5438],[90.7794,25.5331],[90.7785,25.5232],[90.7852,25.517],[90.7805,25.514],[90.7902,25.5067],[90.7843,25.494],[90.7892,25.4912],[90.7897,25.4858],[90.7839,25.4815],[90.7834,25.4776],[90.7746,25.4767],[90.7735,25.4689],[90.7898,25.4675],[90.7869,25.4625],[90.7728,25.4563],[90.7735,25.4515],[90.76,25.4585],[90.7515,25.4511],[90.7616,25.4449],[90.7554,25.43],[90.7597,25.4261],[90.7605,25.4183],[90.7638,25.4169],[90.7604,25.4066],[90.7623,25.3975],[90.747,25.3892],[90.7478,25.3794],[90.757,25.3788],[90.7644,25.3731],[90.7637,25.3675],[90.7749,25.3673],[90.7763,25.3636],[90.7905,25.3681],[90.8078,25.3684],[90.8146,25.3659],[90.8161,25.3585],[90.8201,25.3596],[90.8262,25.3542],[90.83,25.3569],[90.8383,25.3552],[90.8451,25.3461],[90.8411,25.3458],[90.8377,25.3365],[90.8406,25.3354],[90.8399,25.3241],[90.8373,25.3228],[90.8404,25.3135],[90.8385,25.3082],[90.8402,25.3055],[90.8466,25.3062],[90.8551,25.2941],[90.8653,25.2938],[90.8704,25.2902],[90.8864,25.2966],[90.9018,25.2973],[90.9144,25.2858],[90.9158,25.2771],[90.9315,25.2779],[90.9415,25.2622],[90.9528,25.2563],[90.9587,25.2466],[90.9594,25.2347],[90.9528,25.2282],[90.9497,25.2148],[90.9555,25.2121],[90.9592,25.2039],[90.9685,25.2012],[90.9714,25.1916],[90.9696,25.1726],[90.9085,25.1621],[90.8868,25.1665],[90.8694,25.1597],[90.8548,25.1597],[90.8195,25.1635],[90.8088,25.1674],[90.7901,25.1824],[90.7801,25.1838],[90.7751,25.1823],[90.7605,25.1652],[90.7414,25.1652],[90.7373,25.1537],[90.7321,25.1547],[90.7207,25.1648],[90.6935,25.1598],[90.6799,25.17],[90.6749,25.1675],[90.6685,25.1724],[90.665,25.1846],[90.6551,25.1932],[90.6498,25.1815],[90.6369,25.1783],[90.6389,25.2211],[90.6444,25.2328],[90.652,25.2333],[90.6628,25.2224],[90.6745,25.2218],[90.6741,25.2453],[90.6961,25.2483],[90.6989,25.256],[90.6481,25.2653],[90.6171,25.2664],[90.6172,25.3346],[90.6213,25.3451],[90.6125,25.3687],[90.6072,25.3747],[90.602,25.3961],[90.6122,25.4021],[90.6187,25.4218],[90.6445,25.4161],[90.6589,25.4524],[90.6791,25.4817],[90.7303,25.5333],[90.75,25.5479],[90.7632,25.5534]]]}},{"type":"Feature","bbox":[90.245,25.249,90.6213,25.4644],"properties":{"kind":"ac","ac":59,"name":"Chokpot","pc":"Tura","mla":"Sengchim N. Sangma","mla_party":"NPP","mp":"Saleng A. Sangma","mp_party":"INC"},"geometry":{"type":"Polygon","coordinates":[[[90.3194,25.4644],[90.3324,25.4569],[90.3447,25.4574],[90.3493,25.461],[90.3603,25.4572],[90.3805,25.4592],[90.3872,25.4561],[90.4041,25.4605],[90.4099,25.4546],[90.4172,25.4596],[90.442,25.4607],[90.4969,25.4443],[90.5019,25.4388],[90.5189,25.4334],[90.5518,25.4337],[90.5713,25.4278],[90.5799,25.4215],[90.605,25.425],[90.6187,25.4218],[90.6122,25.4021],[90.602,25.3961],[90.6072,25.3747],[90.6125,25.3687],[90.6213,25.3451],[90.6167,25.3316],[90.6064,25.3161],[90.5836,25.306],[90.5765,25.2974],[90.567,25.2956],[90.5467,25.2713],[90.5412,25.2689],[90.5216,25.2757],[90.5142,25.2753],[90.5027,25.2525],[90.4871,25.2637],[90.4751,25.2648],[90.4611,25.2789],[90.4461,25.2777],[90.4375,25.2869],[90.4152,25.29],[90.4148,25.2544],[90.3495,25.2553],[90.2606,25.249],[90.245,25.251],[90.2557,25.2774],[90.2558,25.3082],[90.2614,25.3212],[90.3086,25.3653],[90.3136,25.3844],[90.3036,25.4185],[90.3194,25.4644]]]}},{"type":"Feature","bbox":[90.2279,25.1438,90.6989,25.3346],"properties":{"kind":"ac","ac":60,"name":"Baghmara","pc":"Tura","mla":"Kartush R. Marak","mla_party":"IND","mp":"Saleng A. Sangma","mp_party":"INC"},"geometry":{"type":"Polygon","coordinates":[[[90.6172,25.3346],[90.6171,25.2664],[90.6481,25.2653],[90.6989,25.256],[90.6961,25.2483],[90.6741,25.2453],[90.6745,25.2218],[90.6628,25.2224],[90.652,25.2333],[90.6444,25.2328],[90.6389,25.2211],[90.6363,25.1732],[90.5966,25.1737],[90.5104,25.1685],[90.4725,25.1542],[90.4528,25.1507],[90.4446,25.1438],[90.4251,25.1476],[90.4094,25.1561],[90.3774,25.1618],[90.3521,25.1742],[90.3317,25.1917],[90.3049,25.187],[90.2914,25.1894],[90.2754,25.198],[90.2548,25.1962],[90.2336,25.2038],[90.2279,25.2183],[90.2292,25.2352],[90.245,25.251],[90.2606,25.249],[90.3495,25.2553],[90.4148,25.2544],[90.4152,25.29],[90.4375,25.2869],[90.4461,25.2777],[90.4611,25.2789],[90.4751,25.2648],[90.4871,25.2637],[90.5027,25.2525],[90.5142,25.2753],[90.5216,25.2757],[90.5412,25.2689],[90.5467,25.2713],[90.567,25.2956],[90.5765,25.2974],[90.5836,25.306],[90.6064,25.3161],[90.6172,25.3346]]]}}]}