{"type":"FeatureCollection","features":[{"type":"Feature","bbox":[92.5995,23.3196,93.0406,24.4129],"properties":{"kind":"district","district":"Aizawl"},"geometry":{"type":"Polygon","coordinates":[[[92.921,24.4031],[92.9242,24.3961],[92.934,24.3923],[92.9391,24.4006],[92.9512,24.403],[92.9573,24.3921],[92.9602,24.3919],[92.9745,24.4084],[92.9845,24.4057],[92.9924,24.3989],[92.9983,24.3998],[93.0204,24.3879],[93.0131,24.3774],[93.0181,24.3716],[93.0153,24.3562],[93.0175,24.3442],[93.0393,24.3407],[93.0312,24.3158],[93.0141,24.2906],[93.007,24.2855],[93.0041,24.2779],[93.0098,24.2691],[93.0027,24.2602],[93.0026,24.2514],[93.0139,24.2338],[93.0225,24.23],[93.0153,24.2263],[93.0195,24.215],[93.0181,24.2075],[93.0138,24.205],[93.0125,24.1974],[92.9989,24.195],[93.0067,24.1796],[92.9991,24.1715],[93.0013,24.1581],[92.987,24.1478],[92.9887,24.1379],[92.9852,24.1293],[92.9694,24.1214],[92.9727,24.1123],[92.9674,24.1074],[92.9703,24.0965],[92.9665,24.0948],[92.9925,24.0875],[92.9947,24.0527],[92.9919,24.0484],[92.9945,24.0412],[92.9918,24.035],[92.9941,24.0224],[92.9921,24.0104],[92.9976,23.9998],[92.9954,23.9946],[92.9979,23.9864],[92.9906,23.9721],[92.9924,23.9616],[92.9833,23.9574],[92.9872,23.9536],[92.9852,23.9509],[92.9873,23.946],[92.9959,23.9384],[92.9968,23.9323],[92.9903,23.9236],[92.9791,23.9179],[92.9857,23.8897],[92.9771,23.8852],[93.0022,23.8685],[93.0032,23.818],[93.0003,23.8028],[93.0032,23.7942],[93.0238,23.7757],[93.0243,23.7626],[93.0289,23.7558],[93.0258,23.7522],[93.0305,23.7508],[93.0289,23.7463],[93.0318,23.7464],[93.0302,23.7438],[93.0332,23.7392],[93.024,23.7326],[93.0274,23.7214],[93.0247,23.715],[93.0307,23.7082],[93.0312,23.6938],[93.0283,23.6863],[93.024,23.6847],[93.0245,23.6773],[93.028,23.6798],[93.0276,23.6599],[93.0326,23.6472],[93.0313,23.6328],[93.0276,23.6308],[93.0301,23.6267],[93.0285,23.5903],[93.0313,23.5783],[93.0351,23.5752],[93.0314,23.5654],[93.0328,23.5617],[93.0368,23.562],[93.0338,23.5601],[93.0333,23.5531],[93.037,23.5517],[93.0406,23.5218],[93.033,23.5138],[93.0251,23.5143],[93.018,23.5082],[93.0107,23.5132],[92.9987,23.5145],[92.9899,23.5122],[92.9856,23.5077],[92.9724,23.5258],[92.9613,23.5326],[92.9519,23.5511],[92.9443,23.5588],[92.9117,23.5602],[92.8969,23.5717],[92.899,23.5779],[92.8967,23.578],[92.8805,23.5643],[92.8823,23.5581],[92.8692,23.5548],[92.8592,23.5617],[92.8526,23.5742],[92.8339,23.5766],[92.8223,23.588],[92.8231,23.5919],[92.807,23.5837],[92.8019,23.5857],[92.7937,23.5821],[92.7878,23.5985],[92.7765,23.5994],[92.7692,23.5942],[92.7742,23.5827],[92.7718,23.5759],[92.7743,23.5738],[92.772,23.5656],[92.774,23.5586],[92.7972,23.5506],[92.799,23.5388],[92.802,23.5389],[92.796,23.5359],[92.7985,23.5339],[92.7957,23.5323],[92.7964,23.5253],[92.7815,23.5176],[92.7774,23.5049],[92.7816,23.4943],[92.782,23.4761],[92.7867,23.4761],[92.7884,23.4826],[92.7982,23.4858],[92.8,23.4792],[92.8245,23.4726],[92.8359,23.4657],[92.8317,23.4603],[92.8362,23.4537],[92.8365,23.441],[92.8342,23.431],[92.8313,23.4301],[92.8323,23.4248],[92.8296,23.4241],[92.8313,23.4213],[92.8269,23.4193],[92.8302,23.4116],[92.8212,23.3861],[92.8309,23.3842],[92.8279,23.3758],[92.8224,23.3709],[92.833,23.3625],[92.8403,23.3363],[92.8385,23.3333],[92.8259,23.3343],[92.8135,23.3255],[92.8098,23.3281],[92.7793,23.327],[92.7696,23.3357],[92.7517,23.3417],[92.7405,23.3391],[92.7314,23.3449],[92.733,23.3494],[92.7213,23.351],[92.7151,23.3489],[92.7192,23.3465],[92.7134,23.3217],[92.7006,23.3196],[92.6944,23.3274],[92.6938,23.3237],[92.6831,23.3227],[92.6809,23.3275],[92.6861,23.3287],[92.684,23.3348],[92.6871,23.3551],[92.682,23.3683],[92.6712,23.3678],[92.6757,23.3717],[92.6739,23.3757],[92.6761,23.3794],[92.6643,23.3921],[92.6676,23.4032],[92.6567,23.4247],[92.6547,23.4531],[92.6572,23.4713],[92.6527,23.4875],[92.6588,23.5018],[92.6544,23.5075],[92.6538,23.5202],[92.6437,23.5205],[92.6393,23.5236],[92.6334,23.538],[92.6425,23.546],[92.6439,23.5549],[92.6533,23.5575],[92.659,23.5675],[92.6589,23.5717],[92.6508,23.579],[92.6496,23.5911],[92.6531,23.5951],[92.6648,23.5969],[92.6734,23.6099],[92.6726,23.6236],[92.6513,23.63],[92.6505,23.638],[92.637,23.6478],[92.6353,23.6574],[92.6456,23.6685],[92.6665,23.7086],[92.6621,23.714],[92.6487,23.7178],[92.6375,23.7408],[92.6346,23.7581],[92.6258,23.7636],[92.6372,23.7722],[92.6395,23.794],[92.6139,23.7948],[92.6043,23.7986],[92.6048,23.805],[92.5995,23.8074],[92.6038,23.8147],[92.6015,23.8218],[92.6046,23.8308],[92.6044,23.8522],[92.6071,23.8572],[92.6193,23.8588],[92.6138,23.8654],[92.6135,23.8751],[92.617,23.8796],[92.6135,23.8935],[92.6393,23.8922],[92.6416,23.8978],[92.648,23.8997],[92.6519,23.8996],[92.6501,23.8916],[92.6618,23.8814],[92.6625,23.8679],[92.6703,23.8654],[92.6799,23.8672],[92.6866,23.8598],[92.6958,23.8559],[92.7084,23.8618],[92.7262,23.8511],[92.7435,23.8501],[92.7492,23.8459],[92.7768,23.8522],[92.7877,23.8514],[92.793,23.8478],[92.7989,23.8499],[92.806,23.886],[92.8103,23.8869],[92.8101,23.8943],[92.8174,23.8962],[92.8185,23.9098],[92.8219,23.9121],[92.8197,23.9163],[92.8153,23.9139],[92.8163,23.9186],[92.8117,23.9161],[92.8066,23.9196],[92.8111,23.9218],[92.8125,23.9291],[92.8186,23.935],[92.815,23.9388],[92.8225,23.9534],[92.8161,23.9664],[92.8205,23.9719],[92.8205,23.9817],[92.8267,23.9861],[92.8216,23.9869],[92.8252,23.9906],[92.8208,23.9941],[92.827,24.0005],[92.8313,24.0237],[92.8389,24.0151],[92.841,24.0264],[92.8458,24.0268],[92.8417,24.0331],[92.8433,24.0362],[92.8475,24.0349],[92.8446,24.0547],[92.8476,24.0683],[92.8543,24.0731],[92.8577,24.0884],[92.8546,24.0933],[92.8554,24.0998],[92.8587,24.0993],[92.8586,24.1072],[92.8676,24.1097],[92.8661,24.1186],[92.8707,24.1279],[92.8765,24.1303],[92.8714,24.1357],[92.8715,24.1401],[92.8819,24.1547],[92.8799,24.1581],[92.8838,24.1607],[92.8857,24.1687],[92.8819,24.1704],[92.8908,24.1738],[92.8918,24.2001],[92.8928,24.2047],[92.8971,24.2058],[92.8982,24.2122],[92.8946,24.2122],[92.9003,24.226],[92.8967,24.239],[92.8899,24.2413],[92.8881,24.2456],[92.8796,24.2332],[92.8709,24.243],[92.8591,24.2436],[92.8615,24.2464],[92.8588,24.2503],[92.8645,24.2523],[92.8621,24.2585],[92.8585,24.2587],[92.8652,24.2624],[92.8602,24.268],[92.866,24.2767],[92.8722,24.2776],[92.8689,24.2831],[92.8724,24.2866],[92.8703,24.2966],[92.8626,24.3015],[92.8621,24.3086],[92.8573,24.3065],[92.8569,24.3099],[92.8698,24.3174],[92.8694,24.3204],[92.8664,24.3194],[92.8608,24.3242],[92.8615,24.3268],[92.8652,24.3246],[92.8666,24.3289],[92.8717,24.3281],[92.8864,24.3502],[92.8924,24.3541],[92.885,24.3623],[92.8887,24.3634],[92.8867,24.3681],[92.8924,24.3667],[92.895,24.3741],[92.8939,24.3779],[92.8854,24.3788],[92.8902,24.385],[92.8895,24.389],[92.8934,24.3844],[92.8961,24.392],[92.9039,24.3919],[92.9093,24.4129],[92.9093,24.4101],[92.921,24.4031]]]}},{"type":"Feature","bbox":[93.1449,23.0039,93.4369,23.8599],"properties":{"kind":"district","district":"Champhai"},"geometry":{"type":"MultiPolygon","coordinates":[[[[93.2464,23.3894],[93.2601,23.3892],[93.2689,23.3829],[93.2712,23.3772],[93.2674,23.3658],[93.2751,23.364],[93.2751,23.3557],[93.2881,23.3411],[93.2983,23.3482],[93.3208,23.3381],[93.3366,23.3375],[93.3396,23.3513],[93.3451,23.3571],[93.357,23.3538],[93.3581,23.3423],[93.3729,23.3294],[93.3669,23.3222],[93.3716,23.3135],[93.3638,23.3132],[93.3716,23.3096],[93.3651,23.3063],[93.3685,23.3018],[93.366,23.294],[93.3699,23.2872],[93.3626,23.2791],[93.3692,23.2761],[93.3657,23.2692],[93.3736,23.2613],[93.3702,23.2586],[93.3695,23.2504],[93.3766,23.2479],[93.3788,23.2343],[93.3821,23.2322],[93.3813,23.2243],[93.3886,23.2169],[93.3783,23.2124],[93.3755,23.2042],[93.3803,23.1999],[93.377,23.1903],[93.3806,23.1866],[93.3743,23.1772],[93.3686,23.1753],[93.3726,23.1712],[93.3682,23.1441],[93.3783,23.1407],[93.3865,23.1441],[93.3856,23.1338],[93.3775,23.1326],[93.3776,23.1268],[93.3662,23.1214],[93.3632,23.1149],[93.3557,23.1161],[93.3585,23.1096],[93.3543,23.0968],[93.3506,23.0913],[93.3446,23.0918],[93.3464,23.0879],[93.3393,23.0738],[93.3452,23.0751],[93.3521,23.0704],[93.3459,23.071],[93.3408,23.0677],[93.3424,23.0575],[93.3346,23.0595],[93.3336,23.0486],[93.3274,23.0475],[93.328,23.0396],[93.3204,23.0367],[93.3203,23.0289],[93.3137,23.0268],[93.3134,23.0189],[93.3065,23.0213],[93.2935,23.0064],[93.2832,23.0084],[93.275,23.0039],[93.2712,23.0107],[93.2469,23.0066],[93.2295,23.0116],[93.2298,23.0199],[93.215,23.0273],[93.2174,23.0339],[93.2113,23.0392],[93.2099,23.0485],[93.202,23.0508],[93.2015,23.0549],[93.1882,23.0522],[93.1855,23.0592],[93.1798,23.057],[93.1767,23.0603],[93.1746,23.0656],[93.177,23.0705],[93.1704,23.0772],[93.1752,23.0812],[93.1699,23.086],[93.1703,23.0906],[93.1628,23.1015],[93.1673,23.1223],[93.1655,23.1282],[93.1677,23.1361],[93.1728,23.1408],[93.1689,23.1435],[93.1713,23.1464],[93.1619,23.1622],[93.1611,23.1757],[93.147,23.1813],[93.1449,23.1889],[93.158,23.1957],[93.1618,23.1938],[93.1598,23.2041],[93.1627,23.2096],[93.1671,23.2099],[93.1592,23.2181],[93.1675,23.2344],[93.1759,23.2405],[93.1835,23.2573],[93.1781,23.2692],[93.1974,23.2796],[93.1932,23.2815],[93.1927,23.2874],[93.2049,23.3036],[93.2008,23.3215],[93.2106,23.3302],[93.211,23.3373],[93.2083,23.3391],[93.2101,23.3503],[93.2143,23.3488],[93.2214,23.3574],[93.2146,23.3647],[93.2182,23.3697],[93.2163,23.3734],[93.2195,23.3776],[93.2266,23.3777],[93.2262,23.3853],[93.23,23.3838],[93.2319,23.3881],[93.2396,23.3889],[93.2461,23.3852],[93.2464,23.3894]]],[[[93.3687,23.8584],[93.3809,23.8208],[93.3985,23.8153],[93.4033,23.807],[93.4028,23.7971],[93.3963,23.7865],[93.3958,23.7689],[93.3916,23.7567],[93.3952,23.7539],[93.395,23.7494],[93.4038,23.7453],[93.404,23.7377],[93.411,23.7294],[93.4093,23.721],[93.4123,23.7174],[93.4061,23.7153],[93.4073,23.7072],[93.4194,23.7015],[93.4273,23.6881],[93.4369,23.687],[93.4361,23.678],[93.4224,23.66],[93.4241,23.6561],[93.4202,23.6488],[93.4165,23.6476],[93.4171,23.6377],[93.4234,23.6339],[93.4246,23.6295],[93.4199,23.6235],[93.4224,23.6155],[93.4205,23.6116],[93.4286,23.5888],[93.4232,23.5844],[93.4221,23.5714],[93.4181,23.5687],[93.4147,23.5712],[93.4136,23.5651],[93.4098,23.5636],[93.4138,23.5603],[93.4091,23.5574],[93.4124,23.5564],[93.4185,23.54],[93.4092,23.5234],[93.4088,23.5173],[93.4038,23.5167],[93.4043,23.5126],[93.398,23.5106],[93.3947,23.5038],[93.3938,23.4867],[93.396,23.4839],[93.3925,23.4788],[93.3993,23.4719],[93.3922,23.4574],[93.396,23.4537],[93.393,23.4508],[93.3948,23.4481],[93.3905,23.4507],[93.388,23.4464],[93.3911,23.442],[93.39,23.4292],[93.3761,23.4342],[93.3697,23.4265],[93.3519,23.419],[93.32,23.4313],[93.3063,23.4231],[93.2906,23.4267],[93.2745,23.4215],[93.2607,23.4422],[93.2626,23.4699],[93.2569,23.474],[93.2594,23.4838],[93.2623,23.4831],[93.2688,23.493],[93.2744,23.4958],[93.2726,23.5041],[93.2767,23.5049],[93.2758,23.5127],[93.2786,23.5157],[93.2766,23.5287],[93.2814,23.5309],[93.284,23.5433],[93.275,23.561],[93.2629,23.5735],[93.2738,23.5878],[93.2731,23.5907],[93.2764,23.5907],[93.2737,23.5981],[93.2589,23.6088],[93.2501,23.6261],[93.2441,23.6302],[93.2495,23.6681],[93.2469,23.6747],[93.248,23.6866],[93.2565,23.7001],[93.2498,23.7032],[93.2438,23.7],[93.2414,23.7079],[93.2459,23.7188],[93.2592,23.7259],[93.2606,23.7306],[93.2552,23.7333],[93.2542,23.7383],[93.2675,23.7459],[93.2823,23.7493],[93.2928,23.7689],[93.3245,23.7871],[93.3234,23.79],[93.3326,23.8024],[93.3591,23.7999],[93.3609,23.8045],[93.3582,23.8056],[93.3626,23.8091],[93.3596,23.8188],[93.3624,23.8203],[93.3576,23.8211],[93.3592,23.8266],[93.3569,23.8289],[93.3546,23.8271],[93.3527,23.8329],[93.3618,23.8417],[93.3561,23.8456],[93.3648,23.8488],[93.3562,23.8519],[93.3623,23.8523],[93.3597,23.8559],[93.3658,23.8599],[93.3687,23.8584]]]]}},{"type":"Feature","bbox":[92.8508,22.7237,93.1645,23.1891],"properties":{"kind":"district","district":"Hnahthial"},"geometry":{"type":"Polygon","coordinates":[[[92.9169,23.1891],[92.9325,23.1875],[92.9348,23.1848],[92.9324,23.1746],[92.9361,23.1695],[92.9412,23.1706],[92.9538,23.1651],[92.957,23.1484],[92.9556,23.1361],[92.9595,23.1337],[92.9576,23.116],[93.0164,23.0811],[93.0247,23.0792],[93.0372,23.0815],[93.043,23.074],[93.0378,23.0661],[93.0385,23.0498],[93.0683,23.0427],[93.0812,23.035],[93.0797,23.0299],[93.1171,23.0124],[93.1223,23.0064],[93.1202,23.0024],[93.126,23.0026],[93.1319,22.9912],[93.1402,22.9908],[93.1392,22.9816],[93.1438,22.9749],[93.1424,22.9715],[93.1358,22.9704],[93.1372,22.9618],[93.1413,22.9576],[93.138,22.9506],[93.1461,22.9437],[93.1451,22.9323],[93.1481,22.9251],[93.1544,22.9173],[93.1617,22.9166],[93.1645,22.9105],[93.1503,22.9079],[93.1398,22.9135],[93.1299,22.9039],[93.1343,22.8913],[93.126,22.8764],[93.1267,22.8706],[93.1173,22.8631],[93.1181,22.8425],[93.1153,22.836],[93.1101,22.833],[93.1131,22.829],[93.1036,22.8243],[93.1105,22.8181],[93.0949,22.8067],[93.0965,22.7867],[93.0817,22.7978],[93.083,22.8085],[93.0749,22.8077],[93.0683,22.8029],[93.0613,22.804],[93.06,22.7943],[93.0539,22.7931],[93.0328,22.798],[93.0288,22.7934],[93.0282,22.7822],[93.0201,22.7856],[93.0124,22.7751],[93.009,22.7655],[93.0097,22.7532],[92.9927,22.7524],[92.9785,22.7549],[92.961,22.776],[92.9608,22.7802],[92.9538,22.7857],[92.9468,22.7857],[92.943,22.7913],[92.9264,22.7921],[92.9232,22.7898],[92.9223,22.7814],[92.9314,22.7805],[92.9329,22.7762],[92.9254,22.7739],[92.918,22.7649],[92.9202,22.7509],[92.9163,22.7434],[92.9162,22.7346],[92.9126,22.7263],[92.9067,22.7237],[92.9059,22.7295],[92.8983,22.73],[92.8977,22.7355],[92.8919,22.7324],[92.8797,22.7422],[92.8742,22.743],[92.8671,22.7494],[92.869,22.7597],[92.8598,22.7622],[92.8615,22.7716],[92.8675,22.7744],[92.8685,22.7808],[92.8793,22.7849],[92.8918,22.7987],[92.89,22.828],[92.887,22.8354],[92.8739,22.8424],[92.8681,22.8506],[92.8703,22.8584],[92.8783,22.8604],[92.8784,22.8632],[92.8657,22.8753],[92.855,22.8705],[92.8508,22.8775],[92.8602,22.8835],[92.8635,22.8943],[92.8708,22.8974],[92.8653,22.9089],[92.86,22.9127],[92.8604,22.9164],[92.886,22.9425],[92.8903,22.9525],[92.8839,22.9653],[92.8904,22.9886],[92.8858,22.9921],[92.8814,23.0045],[92.8834,23.0432],[92.8748,23.0606],[92.8781,23.0748],[92.8739,23.0786],[92.8745,23.0828],[92.8718,23.0816],[92.8627,23.0908],[92.8646,23.1019],[92.8675,23.1017],[92.8704,23.1073],[92.8686,23.1176],[92.8589,23.1221],[92.8596,23.1315],[92.8634,23.1322],[92.8653,23.1364],[92.8622,23.1435],[92.8654,23.1491],[92.8637,23.1564],[92.868,23.1643],[92.8638,23.1694],[92.8687,23.1758],[92.8746,23.1702],[92.8832,23.1703],[92.8912,23.177],[92.9053,23.1775],[92.9146,23.1834],[92.9169,23.1891]]]}},{"type":"Feature","bbox":[93.0051,23.199,93.4025,23.7992],"properties":{"kind":"district","district":"Khawzawl"},"geometry":{"type":"Polygon","coordinates":[[[93.1724,23.7992],[93.1797,23.7953],[93.1796,23.7888],[93.184,23.792],[93.1832,23.7875],[93.1884,23.7894],[93.1859,23.7808],[93.1889,23.7735],[93.2049,23.7537],[93.2126,23.7534],[93.2235,23.7463],[93.2428,23.7399],[93.2514,23.7402],[93.2552,23.7333],[93.2606,23.7306],[93.2582,23.725],[93.2459,23.7188],[93.2414,23.7079],[93.2438,23.7],[93.2498,23.7032],[93.2565,23.7001],[93.248,23.6866],[93.2469,23.6747],[93.2495,23.6681],[93.2441,23.6302],[93.2501,23.6261],[93.2589,23.6088],[93.2737,23.5981],[93.2764,23.5907],[93.2731,23.5907],[93.2738,23.5878],[93.2629,23.5735],[93.275,23.561],[93.284,23.5433],[93.2814,23.5309],[93.2766,23.5287],[93.2786,23.5157],[93.2758,23.5127],[93.2767,23.5049],[93.2726,23.5041],[93.2744,23.4958],[93.2688,23.493],[93.2623,23.4831],[93.2594,23.4838],[93.2569,23.474],[93.2626,23.4699],[93.2604,23.4434],[93.264,23.4356],[93.2745,23.4215],[93.2906,23.4267],[93.3063,23.4231],[93.32,23.4313],[93.3441,23.424],[93.351,23.419],[93.3635,23.4232],[93.3738,23.4332],[93.3798,23.4344],[93.39,23.4292],[93.3883,23.4208],[93.3942,23.3977],[93.3981,23.3966],[93.4025,23.3888],[93.4013,23.3832],[93.3962,23.3827],[93.395,23.3768],[93.3865,23.3741],[93.3912,23.37],[93.388,23.3674],[93.3876,23.3594],[93.3833,23.3619],[93.3814,23.3582],[93.3786,23.3608],[93.357,23.3538],[93.3457,23.3576],[93.3396,23.3513],[93.34,23.3443],[93.3363,23.3375],[93.3208,23.3381],[93.2983,23.3482],[93.2891,23.341],[93.2844,23.3433],[93.2751,23.3557],[93.2753,23.3637],[93.2674,23.3658],[93.2712,23.3772],[93.269,23.3826],[93.2601,23.3892],[93.2464,23.3894],[93.2461,23.3852],[93.2342,23.3888],[93.23,23.3838],[93.2263,23.3855],[93.2268,23.378],[93.2195,23.3776],[93.2162,23.373],[93.2182,23.3697],[93.2146,23.3647],[93.2214,23.3574],[93.2143,23.3488],[93.2101,23.3503],[93.2083,23.3391],[93.211,23.3373],[93.2106,23.3302],[93.2051,23.3279],[93.2007,23.3213],[93.2049,23.3036],[93.1927,23.2874],[93.1932,23.2815],[93.1974,23.2796],[93.1783,23.2699],[93.1835,23.2573],[93.1759,23.2405],[93.1675,23.2344],[93.1593,23.2185],[93.1671,23.2096],[93.1627,23.2096],[93.1579,23.199],[93.1461,23.2022],[93.1366,23.2165],[93.1133,23.2314],[93.1054,23.2404],[93.0994,23.2405],[93.092,23.231],[93.0827,23.2261],[93.0691,23.2298],[93.0669,23.2348],[93.0543,23.2435],[93.0498,23.2384],[93.041,23.2397],[93.0384,23.2369],[93.038,23.243],[93.0342,23.2449],[93.0431,23.2494],[93.0323,23.2544],[93.0316,23.26],[93.0277,23.262],[93.0306,23.266],[93.0195,23.268],[93.011,23.274],[93.0051,23.2934],[93.006,23.3051],[93.0189,23.3188],[93.0321,23.3271],[93.0372,23.3434],[93.0358,23.347],[93.0397,23.3489],[93.0409,23.3574],[93.0486,23.3697],[93.0375,23.3843],[93.0325,23.3977],[93.0533,23.4029],[93.0665,23.3971],[93.0741,23.4011],[93.0823,23.4138],[93.0857,23.4333],[93.0989,23.4465],[93.0978,23.451],[93.0779,23.4561],[93.07,23.465],[93.0706,23.4689],[93.0817,23.4693],[93.0775,23.4781],[93.0675,23.4761],[93.0619,23.4703],[93.0521,23.4717],[93.0456,23.4664],[93.0322,23.478],[93.028,23.4933],[93.0144,23.4984],[93.0195,23.5034],[93.0177,23.51],[93.0238,23.511],[93.0251,23.5143],[93.033,23.5138],[93.0409,23.5239],[93.0382,23.5274],[93.037,23.5517],[93.0333,23.5531],[93.0338,23.5601],[93.0368,23.562],[93.0328,23.5617],[93.0314,23.5654],[93.0351,23.5752],[93.0313,23.5783],[93.0285,23.5903],[93.0301,23.6267],[93.0276,23.6308],[93.0313,23.6328],[93.0326,23.6472],[93.031,23.6547],[93.0288,23.6542],[93.026,23.6752],[93.0309,23.6786],[93.0313,23.6761],[93.0361,23.6761],[93.0413,23.6828],[93.0586,23.6758],[93.0653,23.6793],[93.0688,23.6773],[93.069,23.666],[93.0756,23.6639],[93.0782,23.6582],[93.1076,23.6429],[93.1202,23.6417],[93.1155,23.6575],[93.1194,23.6702],[93.1172,23.682],[93.1271,23.6869],[93.1261,23.6997],[93.1381,23.6963],[93.1484,23.6992],[93.158,23.7121],[93.1618,23.7242],[93.1613,23.7353],[93.1658,23.742],[93.1617,23.7542],[93.1514,23.7617],[93.1613,23.7709],[93.1586,23.7883],[93.1673,23.798],[93.1724,23.7992]]]}},{"type":"Feature","bbox":[92.5268,23.8459,92.9003,24.5211],"properties":{"kind":"district","district":"Kolasib"},"geometry":{"type":"Polygon","coordinates":[[[92.763,24.5211],[92.7967,24.4328],[92.8013,24.4297],[92.8027,24.4244],[92.7994,24.4191],[92.8068,24.4188],[92.8124,24.4093],[92.8189,24.4101],[92.8202,24.4037],[92.8299,24.4003],[92.8231,24.3865],[92.8262,24.3764],[92.8299,24.3736],[92.8362,24.3783],[92.843,24.3776],[92.8462,24.386],[92.8609,24.3985],[92.8733,24.3949],[92.8837,24.4024],[92.8886,24.3983],[92.8915,24.4004],[92.8927,24.3929],[92.8961,24.392],[92.8958,24.3858],[92.893,24.3845],[92.8899,24.3894],[92.8902,24.385],[92.8854,24.3802],[92.8949,24.3764],[92.8924,24.3667],[92.8867,24.3681],[92.8887,24.3634],[92.885,24.3623],[92.8924,24.3541],[92.8864,24.3502],[92.8717,24.3281],[92.8666,24.3289],[92.8652,24.3246],[92.8615,24.3268],[92.8608,24.3242],[92.8664,24.3194],[92.8694,24.3204],[92.8698,24.3174],[92.8616,24.3144],[92.8569,24.3088],[92.8573,24.3065],[92.8621,24.3086],[92.8622,24.3023],[92.8703,24.2966],[92.8724,24.2866],[92.8689,24.2831],[92.8722,24.2776],[92.866,24.2767],[92.8602,24.268],[92.8652,24.2624],[92.8585,24.2587],[92.8621,24.2585],[92.8645,24.2523],[92.8588,24.2503],[92.8615,24.2464],[92.8591,24.2436],[92.8709,24.243],[92.8796,24.2332],[92.8881,24.2456],[92.8899,24.2413],[92.8967,24.239],[92.9003,24.226],[92.8946,24.2122],[92.8982,24.2122],[92.8971,24.2058],[92.8928,24.2047],[92.8918,24.2001],[92.8908,24.1738],[92.8819,24.1704],[92.8857,24.1687],[92.8838,24.1607],[92.8799,24.1581],[92.8819,24.1547],[92.8715,24.1401],[92.8714,24.1357],[92.8765,24.1303],[92.8707,24.1279],[92.8661,24.1186],[92.8676,24.1097],[92.8586,24.1072],[92.8587,24.0993],[92.8554,24.0998],[92.8546,24.0933],[92.8577,24.0884],[92.8543,24.0731],[92.8476,24.0683],[92.8446,24.0547],[92.8475,24.0349],[92.8433,24.0362],[92.8417,24.0331],[92.8458,24.0268],[92.841,24.0264],[92.8389,24.0151],[92.8313,24.0237],[92.827,24.0005],[92.8208,23.9941],[92.8252,23.9906],[92.8216,23.9869],[92.8267,23.9861],[92.8205,23.9817],[92.8205,23.9719],[92.8161,23.9664],[92.8225,23.9534],[92.815,23.9388],[92.8186,23.935],[92.8125,23.9291],[92.8111,23.9218],[92.8066,23.9196],[92.8117,23.9161],[92.8163,23.9186],[92.8153,23.9139],[92.8197,23.9163],[92.8219,23.9121],[92.8185,23.9098],[92.8174,23.8962],[92.8101,23.8943],[92.8103,23.8869],[92.806,23.886],[92.8006,23.8655],[92.801,23.8541],[92.7971,23.848],[92.7768,23.8522],[92.7492,23.8459],[92.7435,23.8501],[92.7262,23.8511],[92.7087,23.8618],[92.6974,23.8556],[92.6866,23.8598],[92.6799,23.8672],[92.6703,23.8654],[92.6623,23.8681],[92.6618,23.8814],[92.65,23.8918],[92.6519,23.8996],[92.661,23.9053],[92.6591,23.9167],[92.6533,23.9223],[92.6441,23.9223],[92.6419,23.9305],[92.6213,23.9373],[92.6244,23.9442],[92.6291,23.9455],[92.6204,23.9612],[92.6258,23.9819],[92.6318,23.9852],[92.6295,23.9936],[92.6329,23.9983],[92.6214,24.0055],[92.6186,24.0124],[92.6287,24.0326],[92.6355,24.0317],[92.6361,24.0353],[92.6302,24.0367],[92.6245,24.043],[92.6243,24.0329],[92.622,24.032],[92.6117,24.0519],[92.6011,24.0523],[92.5932,24.0628],[92.5856,24.0637],[92.5862,24.0757],[92.5808,24.0775],[92.5716,24.0759],[92.5754,24.0667],[92.5708,24.0618],[92.5737,24.0533],[92.5661,24.0411],[92.5638,24.0432],[92.5588,24.0409],[92.5636,24.0544],[92.5577,24.0547],[92.5576,24.062],[92.552,24.0634],[92.5498,24.0424],[92.5382,24.0357],[92.534,24.0474],[92.5379,24.0563],[92.5357,24.0645],[92.5392,24.0795],[92.5359,24.0926],[92.5401,24.0994],[92.5366,24.1097],[92.5437,24.1248],[92.536,24.1271],[92.5452,24.1418],[92.5374,24.1564],[92.5268,24.1652],[92.5364,24.1754],[92.5311,24.1851],[92.5471,24.2202],[92.5471,24.2365],[92.5507,24.247],[92.5721,24.2519],[92.606,24.2485],[92.6142,24.256],[92.6197,24.2871],[92.6159,24.2896],[92.6183,24.3074],[92.6239,24.3223],[92.6215,24.3234],[92.6224,24.3313],[92.6354,24.3368],[92.6387,24.3344],[92.6354,24.3336],[92.6363,24.3313],[92.6404,24.3336],[92.6387,24.3284],[92.6458,24.3278],[92.6464,24.331],[92.6495,24.3287],[92.6612,24.3481],[92.6643,24.3461],[92.6656,24.3496],[92.6689,24.3461],[92.6772,24.3502],[92.6845,24.3464],[92.6839,24.3507],[92.6898,24.3536],[92.6912,24.3625],[92.6948,24.3654],[92.6928,24.3685],[92.6976,24.3743],[92.7036,24.3754],[92.7065,24.3922],[92.7133,24.4033],[92.7114,24.4072],[92.7151,24.4095],[92.7129,24.4112],[92.7218,24.4252],[92.7275,24.4464],[92.7508,24.4921],[92.7494,24.4952],[92.7542,24.502],[92.7522,24.5062],[92.763,24.5211]]]}},{"type":"Feature","bbox":[92.5041,21.9749,93.1403,22.8085],"properties":{"kind":"district","district":"Lawngtlai"},"geometry":{"type":"MultiPolygon","coordinates":[[[[92.5441,22.7566],[92.5528,22.7483],[92.5582,22.7475],[92.5661,22.7319],[92.5783,22.7401],[92.5755,22.7504],[92.5783,22.7554],[92.5857,22.746],[92.5908,22.7444],[92.5859,22.7381],[92.5904,22.7313],[92.5955,22.7317],[92.594,22.7246],[92.6021,22.7205],[92.5937,22.7099],[92.5966,22.6962],[92.6038,22.6928],[92.6089,22.6812],[92.6138,22.679],[92.6171,22.6845],[92.6177,22.6714],[92.6264,22.6711],[92.6297,22.6664],[92.6255,22.6626],[92.6263,22.6596],[92.6384,22.657],[92.6445,22.6479],[92.6461,22.6325],[92.6415,22.6321],[92.6407,22.6218],[92.6468,22.6194],[92.6546,22.6216],[92.6616,22.6172],[92.6689,22.6244],[92.677,22.6247],[92.6981,22.6197],[92.6944,22.6115],[92.6904,22.6103],[92.6939,22.6038],[92.6933,22.5914],[92.7003,22.5847],[92.7056,22.5857],[92.7063,22.5824],[92.7099,22.5853],[92.7091,22.5785],[92.7193,22.568],[92.7197,22.5641],[92.7351,22.5595],[92.7481,22.5455],[92.7522,22.5449],[92.7547,22.535],[92.751,22.5279],[92.7554,22.517],[92.7535,22.5123],[92.7548,22.506],[92.7573,22.5056],[92.7565,22.4995],[92.7604,22.4969],[92.769,22.5031],[92.7769,22.497],[92.7747,22.5032],[92.7774,22.5078],[92.7748,22.512],[92.7778,22.5159],[92.7735,22.517],[92.7749,22.5243],[92.7725,22.5277],[92.7763,22.5338],[92.7812,22.5333],[92.7765,22.5366],[92.7824,22.5457],[92.7959,22.5521],[92.7947,22.558],[92.8004,22.562],[92.8031,22.5695],[92.7996,22.5801],[92.8005,22.5892],[92.7959,22.5933],[92.7959,22.5978],[92.7965,22.6062],[92.8027,22.6131],[92.7992,22.6214],[92.8065,22.6294],[92.8114,22.6306],[92.819,22.6262],[92.8231,22.6278],[92.8283,22.6238],[92.8372,22.6254],[92.8493,22.6096],[92.8625,22.6041],[92.8619,22.599],[92.875,22.5951],[92.8724,22.5897],[92.8771,22.5841],[92.8947,22.5849],[92.9018,22.5762],[92.9052,22.5575],[92.9111,22.5477],[92.9312,22.5556],[92.9312,22.5486],[92.9389,22.5361],[92.9342,22.5205],[92.9362,22.5122],[92.9309,22.4825],[92.9443,22.4663],[92.9433,22.4626],[92.9347,22.4587],[92.9372,22.441],[92.9501,22.4036],[92.9626,22.3979],[92.9654,22.3931],[92.9578,22.3748],[92.9536,22.3722],[92.9412,22.3738],[92.9328,22.3813],[92.9318,22.3854],[92.938,22.3915],[92.9358,22.3947],[92.9292,22.396],[92.9195,22.3909],[92.9047,22.374],[92.8765,22.3554],[92.8599,22.3198],[92.8553,22.3223],[92.8491,22.3193],[92.8432,22.3303],[92.8377,22.3292],[92.8253,22.3339],[92.8214,22.3293],[92.8208,22.3241],[92.8264,22.3168],[92.8224,22.307],[92.8369,22.2911],[92.8325,22.2883],[92.8306,22.2743],[92.8351,22.267],[92.8296,22.2559],[92.8362,22.2322],[92.837,22.1871],[92.8438,22.1365],[92.8401,22.1205],[92.8502,22.0626],[92.8417,22.0591],[92.8367,22.0717],[92.8185,22.0747],[92.8177,22.0869],[92.8099,22.0959],[92.8039,22.098],[92.7984,22.0935],[92.7903,22.1048],[92.7737,22.107],[92.76,22.1255],[92.7536,22.1242],[92.7462,22.1312],[92.7354,22.1344],[92.7268,22.1491],[92.7128,22.1474],[92.7104,22.1511],[92.7008,22.1516],[92.6998,22.1551],[92.6947,22.1535],[92.697,22.1424],[92.6959,22.1375],[92.692,22.1391],[92.6925,22.0751],[92.6896,22.0719],[92.688,22.1037],[92.6818,22.1035],[92.6852,22.043],[92.6799,22.0119],[92.6698,22.0097],[92.6668,22.0135],[92.6516,22.0159],[92.6514,22.01],[92.6434,22.0025],[92.6419,21.9922],[92.6368,21.9901],[92.6349,21.9832],[92.6246,21.983],[92.6073,21.9749],[92.6033,21.9774],[92.604,21.9826],[92.6106,21.9838],[92.6126,21.9908],[92.61,21.9977],[92.6035,22.001],[92.5981,22.009],[92.6001,22.0284],[92.5936,22.0315],[92.5926,22.0374],[92.5936,22.041],[92.5991,22.0423],[92.598,22.0494],[92.6027,22.0611],[92.5956,22.0617],[92.5922,22.0656],[92.5906,22.081],[92.5849,22.0825],[92.5751,22.1162],[92.5626,22.128],[92.5657,22.1348],[92.5774,22.1364],[92.5791,22.1429],[92.5926,22.1388],[92.589,22.1314],[92.5945,22.1251],[92.6057,22.1234],[92.6109,22.1384],[92.6092,22.164],[92.6067,22.1659],[92.6071,22.1725],[92.5952,22.1754],[92.5948,22.2042],[92.5918,22.2142],[92.588,22.216],[92.5904,22.2229],[92.5881,22.2304],[92.5916,22.2347],[92.5908,22.2555],[92.5851,22.2586],[92.5869,22.2639],[92.581,22.2692],[92.5832,22.2726],[92.5807,22.2761],[92.5863,22.2765],[92.5844,22.2791],[92.5866,22.2802],[92.5818,22.2818],[92.5841,22.2847],[92.5809,22.2864],[92.5833,22.2989],[92.5802,22.3026],[92.5834,22.3039],[92.5803,22.3038],[92.5814,22.3084],[92.5773,22.3112],[92.5802,22.3118],[92.578,22.3165],[92.5812,22.3218],[92.5743,22.3317],[92.576,22.3371],[92.5725,22.3427],[92.5719,22.3586],[92.568,22.3605],[92.5674,22.3707],[92.5625,22.3717],[92.5634,22.3801],[92.5593,22.3819],[92.5598,22.3955],[92.5559,22.3985],[92.5598,22.4018],[92.5548,22.4055],[92.5569,22.4093],[92.5521,22.409],[92.5546,22.4169],[92.5507,22.4226],[92.5563,22.4249],[92.5512,22.4274],[92.5554,22.4292],[92.5495,22.4435],[92.551,22.4544],[92.5463,22.4625],[92.5475,22.4759],[92.5433,22.4933],[92.5499,22.4973],[92.5426,22.4988],[92.5493,22.5014],[92.5472,22.5035],[92.5508,22.5096],[92.5466,22.5099],[92.5513,22.5133],[92.547,22.5168],[92.5434,22.5142],[92.5457,22.5178],[92.5392,22.5289],[92.5415,22.5304],[92.5386,22.5347],[92.54,22.5406],[92.5372,22.5452],[92.5316,22.5451],[92.5319,22.5522],[92.5217,22.5599],[92.528,22.5656],[92.5273,22.573],[92.5326,22.5715],[92.5381,22.5751],[92.5385,22.5859],[92.5344,22.5852],[92.533,22.5878],[92.5394,22.5891],[92.535,22.591],[92.5378,22.5941],[92.5304,22.6035],[92.5299,22.6091],[92.5337,22.6075],[92.5354,22.6117],[92.5291,22.6148],[92.53,22.6206],[92.5274,22.6208],[92.5326,22.6275],[92.5325,22.6327],[92.5262,22.6336],[92.5279,22.6357],[92.5249,22.6401],[92.5246,22.6505],[92.5273,22.6508],[92.5235,22.6562],[92.5287,22.6595],[92.5265,22.6605],[92.5287,22.6652],[92.5261,22.6652],[92.5259,22.6731],[92.5225,22.6741],[92.5139,22.708],[92.5175,22.7156],[92.5167,22.7222],[92.5099,22.7286],[92.5132,22.7328],[92.5091,22.7317],[92.5074,22.7377],[92.5041,22.7385],[92.5052,22.7463],[92.5152,22.753],[92.5167,22.76],[92.5233,22.7617],[92.5275,22.7567],[92.5425,22.7627],[92.5441,22.7566]]],[[[93.083,22.8085],[93.0817,22.7978],[93.096,22.7864],[93.1023,22.7674],[93.1002,22.7639],[93.1074,22.7526],[93.106,22.7428],[93.0986,22.7282],[93.0979,22.7179],[93.0928,22.7128],[93.091,22.7048],[93.0988,22.6937],[93.0966,22.6867],[93.1009,22.6861],[93.1019,22.6827],[93.0948,22.6805],[93.0956,22.6718],[93.1016,22.6651],[93.1015,22.6607],[93.1096,22.6555],[93.1083,22.6357],[93.128,22.6239],[93.1273,22.6171],[93.1337,22.6141],[93.1403,22.5898],[93.138,22.5828],[93.1286,22.5782],[93.1228,22.5673],[93.1149,22.5629],[93.1095,22.5408],[93.106,22.5394],[93.0891,22.5464],[93.0805,22.5538],[93.0738,22.5385],[93.077,22.5359],[93.0724,22.5233],[93.0741,22.5114],[93.0632,22.4891],[93.056,22.4902],[93.0482,22.4818],[93.0475,22.4674],[93.0424,22.4608],[93.0284,22.4725],[93.026,22.4824],[93.0244,22.4986],[93.028,22.5047],[93.0227,22.5154],[93.0267,22.5201],[93.0257,22.5376],[93.0332,22.5596],[93.0285,22.5823],[93.0098,22.5912],[92.9997,22.5922],[92.9954,22.6001],[92.9809,22.6052],[92.9793,22.617],[92.9876,22.6275],[92.9887,22.6342],[92.9752,22.6297],[92.9622,22.6336],[92.9588,22.6271],[92.9549,22.6266],[92.9383,22.6438],[92.9312,22.6624],[92.9333,22.6735],[92.9299,22.6821],[92.9357,22.7082],[92.9237,22.7192],[92.9144,22.7223],[92.9126,22.7277],[92.9202,22.7509],[92.918,22.7649],[92.9254,22.7739],[92.9332,22.7773],[92.9302,22.781],[92.9226,22.7808],[92.9251,22.7916],[92.943,22.7913],[92.9468,22.7857],[92.9579,22.783],[92.9787,22.7547],[93.003,22.7523],[93.0097,22.7532],[93.009,22.7655],[93.0187,22.7845],[93.0287,22.7828],[93.0301,22.7962],[93.0365,22.7981],[93.0539,22.7931],[93.06,22.7943],[93.0613,22.804],[93.0683,22.8029],[93.0749,22.8077],[93.083,22.8085]]]]}},{"type":"Feature","bbox":[92.3468,22.497,92.9517,23.4071],"properties":{"kind":"district","district":"Lunglei"},"geometry":{"type":"Polygon","coordinates":[[[92.5894,23.4071],[92.5999,23.3979],[92.6136,23.3935],[92.6161,23.3863],[92.6345,23.3932],[92.6435,23.384],[92.6719,23.3842],[92.6761,23.3794],[92.6739,23.3757],[92.6757,23.3717],[92.6712,23.3678],[92.6831,23.3668],[92.6871,23.3548],[92.6848,23.3515],[92.6868,23.3405],[92.6841,23.3356],[92.6858,23.3279],[92.6809,23.3271],[92.6842,23.3119],[92.6884,23.3074],[92.6841,23.3037],[92.687,23.299],[92.6834,23.29],[92.6905,23.2548],[92.6866,23.2461],[92.6899,23.2403],[92.6919,23.2186],[92.7022,23.2054],[92.7,23.196],[92.713,23.1904],[92.7197,23.1939],[92.7218,23.2401],[92.7311,23.2397],[92.7311,23.237],[92.7382,23.2367],[92.7409,23.2331],[92.7532,23.2327],[92.755,23.2273],[92.7692,23.2343],[92.7798,23.2274],[92.7873,23.2326],[92.8123,23.2262],[92.8166,23.2282],[92.815,23.2375],[92.8179,23.2414],[92.8333,23.2459],[92.8458,23.2368],[92.8453,23.2276],[92.8586,23.2141],[92.8547,23.1907],[92.8588,23.1894],[92.8583,23.183],[92.8626,23.1745],[92.8662,23.174],[92.8637,23.1673],[92.868,23.1643],[92.8637,23.1564],[92.8654,23.1491],[92.8622,23.1435],[92.8653,23.1364],[92.8634,23.1322],[92.8596,23.1315],[92.8589,23.1221],[92.8686,23.1176],[92.8704,23.1077],[92.8675,23.1017],[92.8646,23.1019],[92.8629,23.0904],[92.8692,23.087],[92.8718,23.0816],[92.8745,23.0828],[92.8739,23.0786],[92.8781,23.0748],[92.8748,23.0606],[92.8834,23.0432],[92.8814,23.0045],[92.8858,22.9921],[92.8904,22.9886],[92.8839,22.9653],[92.8903,22.9525],[92.886,22.9425],[92.8604,22.9164],[92.86,22.9127],[92.8653,22.9089],[92.8708,22.8974],[92.8635,22.8943],[92.8602,22.8835],[92.8508,22.8767],[92.8552,22.8705],[92.8657,22.8753],[92.8786,22.8629],[92.8783,22.8604],[92.8703,22.8584],[92.8681,22.8506],[92.8739,22.8424],[92.8884,22.8338],[92.892,22.7997],[92.8793,22.7849],[92.8685,22.7808],[92.8675,22.7744],[92.8615,22.7716],[92.8596,22.763],[92.8618,22.7598],[92.869,22.7597],[92.8671,22.7494],[92.8742,22.743],[92.8797,22.7422],[92.8919,22.7324],[92.8971,22.7358],[92.8983,22.73],[92.9059,22.7295],[92.9064,22.7238],[92.9126,22.7263],[92.9151,22.7218],[92.9237,22.7192],[92.9356,22.7087],[92.9299,22.6821],[92.9333,22.6735],[92.931,22.6635],[92.9383,22.6438],[92.9517,22.6317],[92.9489,22.6165],[92.9509,22.6023],[92.9404,22.5656],[92.928,22.5536],[92.9121,22.5474],[92.9052,22.5575],[92.9018,22.5762],[92.8947,22.5849],[92.8771,22.5841],[92.8724,22.5897],[92.875,22.5951],[92.8619,22.599],[92.8625,22.6041],[92.8493,22.6096],[92.8372,22.6254],[92.8283,22.6238],[92.8274,22.6267],[92.8187,22.6262],[92.8114,22.6306],[92.8057,22.6291],[92.7992,22.6214],[92.8027,22.6131],[92.7965,22.6062],[92.7959,22.5978],[92.7959,22.5933],[92.8005,22.5892],[92.7996,22.5801],[92.8031,22.5695],[92.8004,22.562],[92.7947,22.558],[92.7959,22.5521],[92.7824,22.5457],[92.7765,22.5366],[92.7812,22.5333],[92.7763,22.5338],[92.7725,22.5277],[92.7749,22.5243],[92.7735,22.517],[92.7778,22.5159],[92.7748,22.512],[92.7774,22.5078],[92.7747,22.5032],[92.7769,22.497],[92.769,22.5031],[92.7612,22.497],[92.7565,22.4995],[92.7573,22.5056],[92.7548,22.506],[92.7535,22.5123],[92.7554,22.517],[92.751,22.5279],[92.7547,22.5345],[92.7522,22.5449],[92.7481,22.5455],[92.7351,22.5595],[92.7197,22.5641],[92.7193,22.568],[92.7091,22.5785],[92.7099,22.5853],[92.7063,22.5824],[92.7056,22.5857],[92.7003,22.5847],[92.6933,22.5914],[92.6939,22.6038],[92.6904,22.6103],[92.6944,22.6115],[92.6964,22.6215],[92.6693,22.6245],[92.6611,22.6172],[92.6546,22.6216],[92.6468,22.6194],[92.6407,22.6218],[92.6415,22.6321],[92.6461,22.6325],[92.6445,22.6479],[92.6384,22.657],[92.6263,22.6596],[92.6255,22.6626],[92.6297,22.6664],[92.6264,22.6711],[92.6177,22.6714],[92.6171,22.6845],[92.6138,22.679],[92.6089,22.6812],[92.6038,22.6928],[92.5968,22.6958],[92.5936,22.7096],[92.602,22.721],[92.5936,22.7252],[92.5955,22.7317],[92.5904,22.7313],[92.5856,22.7392],[92.591,22.7441],[92.5857,22.746],[92.5798,22.7553],[92.5755,22.7504],[92.5783,22.7401],[92.5669,22.7317],[92.5582,22.7475],[92.5528,22.7483],[92.5443,22.7557],[92.5425,22.7627],[92.5275,22.7567],[92.5233,22.7617],[92.5167,22.76],[92.5152,22.753],[92.5054,22.7466],[92.5065,22.7423],[92.5025,22.7374],[92.4945,22.7399],[92.494,22.7426],[92.491,22.7411],[92.4887,22.7463],[92.4738,22.7462],[92.4794,22.7528],[92.476,22.756],[92.4769,22.7594],[92.4737,22.7597],[92.4764,22.7642],[92.4729,22.7649],[92.4758,22.7712],[92.473,22.7828],[92.4691,22.7825],[92.4723,22.7959],[92.4655,22.8022],[92.4656,22.8096],[92.4626,22.8113],[92.4612,22.8074],[92.4591,22.8185],[92.4542,22.8189],[92.4581,22.823],[92.4553,22.8259],[92.4619,22.8308],[92.4529,22.843],[92.4632,22.8417],[92.4585,22.8447],[92.4601,22.8503],[92.4565,22.851],[92.4645,22.8547],[92.4598,22.858],[92.4616,22.8615],[92.4527,22.8622],[92.4547,22.8695],[92.4605,22.8709],[92.4485,22.8764],[92.4502,22.8932],[92.446,22.8971],[92.4373,22.886],[92.4337,22.8858],[92.4332,22.8917],[92.4265,22.8972],[92.4202,22.9096],[92.4203,22.9183],[92.4131,22.9135],[92.4041,22.9178],[92.4011,22.912],[92.3973,22.917],[92.4013,22.924],[92.3976,22.9297],[92.3764,22.9286],[92.3761,22.935],[92.3718,22.9362],[92.3759,22.9368],[92.3727,22.9399],[92.3782,22.9521],[92.3772,22.9555],[92.3745,22.9531],[92.3728,22.9582],[92.3773,22.9597],[92.3741,22.9613],[92.3743,22.9706],[92.3783,22.9768],[92.3804,22.9758],[92.3794,22.9807],[92.3842,22.9816],[92.385,22.9861],[92.382,22.9881],[92.3853,22.9922],[92.3821,23.0009],[92.3847,23.0096],[92.3798,23.0121],[92.385,23.0273],[92.3829,23.0339],[92.3882,23.0397],[92.3921,23.0571],[92.3831,23.0719],[92.3855,23.077],[92.3808,23.0805],[92.3801,23.0863],[92.3751,23.0844],[92.3702,23.0965],[92.3626,23.098],[92.358,23.1033],[92.3682,23.1273],[92.357,23.1342],[92.361,23.1453],[92.3583,23.1464],[92.3644,23.1566],[92.3573,23.178],[92.3545,23.1785],[92.3613,23.1826],[92.3533,23.1857],[92.3538,23.2197],[92.351,23.2338],[92.3468,23.2357],[92.4014,23.2366],[92.404,23.2411],[92.3995,23.2419],[92.3955,23.2487],[92.3985,23.2558],[92.3896,23.2594],[92.3887,23.2661],[92.3934,23.2638],[92.394,23.2669],[92.3989,23.2671],[92.4063,23.2634],[92.4087,23.2657],[92.417,23.2566],[92.4158,23.2628],[92.4226,23.2637],[92.4295,23.2735],[92.4376,23.2766],[92.4332,23.285],[92.4514,23.2861],[92.4609,23.3187],[92.4689,23.3195],[92.4713,23.3244],[92.4673,23.3437],[92.4599,23.3494],[92.4602,23.3576],[92.4643,23.3553],[92.4652,23.3588],[92.4585,23.3604],[92.4553,23.3647],[92.46,23.3747],[92.4564,23.3807],[92.4634,23.3913],[92.4754,23.3936],[92.4815,23.3846],[92.4899,23.3818],[92.4943,23.3874],[92.4919,23.392],[92.4952,23.3926],[92.5094,23.3797],[92.5414,23.3824],[92.5508,23.3774],[92.5542,23.3707],[92.5615,23.3708],[92.5656,23.3797],[92.5752,23.3784],[92.5845,23.3821],[92.588,23.392],[92.5844,23.4036],[92.5894,23.4071]]]}},{"type":"Feature","bbox":[92.2571,23.2566,92.6744,24.2549],"properties":{"kind":"district","district":"Mamit"},"geometry":{"type":"Polygon","coordinates":[[[92.4225,24.2549],[92.4189,24.1927],[92.4338,24.1831],[92.434,24.1751],[92.4379,24.1695],[92.4362,24.1535],[92.4428,24.1545],[92.4491,24.144],[92.4506,24.1471],[92.4567,24.1444],[92.461,24.1376],[92.4638,24.1389],[92.4655,24.1363],[92.4746,24.1436],[92.479,24.1423],[92.4806,24.1454],[92.477,24.1474],[92.4807,24.15],[92.4818,24.156],[92.4794,24.1566],[92.4834,24.1583],[92.4839,24.1632],[92.5015,24.1604],[92.5062,24.1641],[92.5033,24.1678],[92.5114,24.1654],[92.5069,24.1699],[92.5144,24.1695],[92.51,24.1725],[92.5158,24.179],[92.525,24.1718],[92.5342,24.1801],[92.5319,24.1835],[92.5312,24.1847],[92.5311,24.1851],[92.5363,24.1769],[92.5268,24.1652],[92.5374,24.1564],[92.5452,24.1418],[92.536,24.1271],[92.5437,24.1248],[92.5366,24.1097],[92.5401,24.0994],[92.5359,24.0926],[92.5392,24.0795],[92.5357,24.0645],[92.5379,24.0563],[92.534,24.0474],[92.5382,24.0357],[92.5498,24.0424],[92.552,24.0634],[92.5576,24.062],[92.5577,24.0547],[92.5636,24.0544],[92.5588,24.0409],[92.5638,24.0432],[92.5661,24.0411],[92.5737,24.0533],[92.5708,24.0618],[92.5754,24.0667],[92.5716,24.0759],[92.5808,24.0775],[92.5862,24.0757],[92.5856,24.0637],[92.5932,24.0628],[92.6011,24.0523],[92.6117,24.0519],[92.622,24.032],[92.6243,24.0329],[92.6245,24.043],[92.6302,24.0367],[92.6363,24.0351],[92.6355,24.0317],[92.6287,24.0326],[92.6186,24.0124],[92.6214,24.0055],[92.6329,23.9983],[92.6295,23.9936],[92.6318,23.9852],[92.6258,23.9819],[92.6204,23.9612],[92.6291,23.9455],[92.6244,23.9442],[92.6213,23.9373],[92.6419,23.9305],[92.6444,23.9222],[92.6561,23.9202],[92.6611,23.906],[92.6549,23.8999],[92.6416,23.8978],[92.6396,23.8923],[92.6135,23.8934],[92.617,23.8796],[92.6135,23.8751],[92.6138,23.8654],[92.6193,23.8591],[92.6071,23.8572],[92.6044,23.8522],[92.6046,23.8308],[92.6015,23.8218],[92.6038,23.8147],[92.5994,23.8077],[92.6048,23.805],[92.6043,23.7986],[92.6139,23.7948],[92.6399,23.7932],[92.6372,23.7722],[92.6258,23.7636],[92.6346,23.7581],[92.6375,23.7408],[92.6487,23.7178],[92.6621,23.714],[92.6666,23.7078],[92.6456,23.6685],[92.6355,23.6598],[92.6364,23.6491],[92.6505,23.638],[92.6513,23.63],[92.6698,23.6254],[92.6744,23.6202],[92.6696,23.6022],[92.6648,23.5969],[92.6531,23.5951],[92.6493,23.5904],[92.6512,23.578],[92.6591,23.5713],[92.6566,23.5619],[92.6523,23.5567],[92.6442,23.5552],[92.6425,23.546],[92.6334,23.5391],[92.6393,23.5236],[92.6437,23.5205],[92.6538,23.5202],[92.6544,23.5075],[92.6588,23.5018],[92.6527,23.4875],[92.6572,23.4713],[92.655,23.4389],[92.6571,23.4227],[92.6676,23.4032],[92.6643,23.3921],[92.6693,23.3851],[92.665,23.3822],[92.6435,23.384],[92.6345,23.3932],[92.6161,23.3863],[92.6136,23.3935],[92.5999,23.3979],[92.5981,23.403],[92.5904,23.4071],[92.5844,23.4036],[92.588,23.392],[92.5845,23.3821],[92.5752,23.3784],[92.5656,23.3797],[92.5615,23.3708],[92.5542,23.3707],[92.5508,23.3774],[92.5414,23.3824],[92.5094,23.3797],[92.4952,23.3926],[92.4919,23.392],[92.4943,23.3874],[92.4899,23.3818],[92.4815,23.3846],[92.4754,23.3936],[92.4636,23.3915],[92.4564,23.3807],[92.46,23.3747],[92.4553,23.3647],[92.4585,23.3604],[92.4652,23.3588],[92.4643,23.3553],[92.4602,23.3576],[92.4599,23.3494],[92.4673,23.3437],[92.4712,23.3237],[92.4689,23.3195],[92.4609,23.3187],[92.4514,23.2861],[92.4332,23.285],[92.4376,23.2766],[92.4295,23.2735],[92.4226,23.2637],[92.4158,23.2628],[92.4167,23.2566],[92.409,23.2655],[92.4063,23.2634],[92.3939,23.2669],[92.3881,23.2813],[92.3812,23.2851],[92.3857,23.3062],[92.3763,23.313],[92.3761,23.3199],[92.3714,23.318],[92.3674,23.3229],[92.368,23.3171],[92.3644,23.3229],[92.3721,23.3317],[92.3762,23.347],[92.3807,23.3512],[92.3805,23.3556],[92.3764,23.3567],[92.3791,23.3618],[92.3693,23.367],[92.3705,23.3736],[92.3639,23.3662],[92.3564,23.3723],[92.3651,23.3796],[92.3527,23.3809],[92.3588,23.3907],[92.3545,23.3891],[92.3529,23.3994],[92.3534,23.4058],[92.3554,23.4008],[92.3581,23.4048],[92.3574,23.4107],[92.3478,23.4128],[92.3465,23.4332],[92.3414,23.4355],[92.3381,23.4318],[92.3357,23.4335],[92.3339,23.4288],[92.3304,23.4462],[92.3271,23.4485],[92.3333,23.4559],[92.3299,23.454],[92.3255,23.4591],[92.3307,23.4594],[92.3318,23.4661],[92.3171,23.4717],[92.3237,23.4752],[92.3229,23.4789],[92.3262,23.4788],[92.3161,23.4868],[92.3219,23.4901],[92.3174,23.4943],[92.3205,23.4944],[92.3193,23.5006],[92.3228,23.501],[92.3189,23.5033],[92.3198,23.5124],[92.3156,23.5129],[92.3177,23.5172],[92.3136,23.5155],[92.3133,23.5208],[92.3179,23.5263],[92.314,23.5333],[92.309,23.5323],[92.3063,23.535],[92.3101,23.5421],[92.3092,23.5523],[92.3135,23.555],[92.3067,23.5645],[92.309,23.5711],[92.3068,23.5717],[92.3077,23.569],[92.3051,23.5734],[92.3082,23.5777],[92.3014,23.5929],[92.2965,23.588],[92.2936,23.5952],[92.289,23.5981],[92.2873,23.596],[92.2873,23.6167],[92.2958,23.6216],[92.2895,23.6285],[92.2807,23.6306],[92.2786,23.6249],[92.2766,23.6317],[92.2818,23.6386],[92.273,23.6419],[92.2915,23.6812],[92.2909,23.6908],[92.2894,23.7018],[92.2785,23.7102],[92.2797,23.7158],[92.2655,23.725],[92.2673,23.7686],[92.2571,23.8125],[92.2663,23.8159],[92.2823,23.8146],[92.2687,23.8422],[92.2696,23.8477],[92.2793,23.8563],[92.2851,23.8671],[92.2897,23.8682],[92.2993,23.8597],[92.3077,23.8569],[92.315,23.8605],[92.3166,23.8653],[92.311,23.8698],[92.3132,23.8775],[92.3112,23.8801],[92.3166,23.8891],[92.3169,23.8996],[92.324,23.9049],[92.322,23.9101],[92.3252,23.9141],[92.3193,23.9157],[92.3163,23.9281],[92.309,23.9312],[92.3109,23.9482],[92.308,23.9606],[92.3104,23.9723],[92.3201,23.979],[92.3236,23.9885],[92.3222,23.9939],[92.3262,23.9978],[92.314,24.0212],[92.3198,24.0244],[92.3148,24.026],[92.3169,24.0301],[92.3121,24.0324],[92.3157,24.0349],[92.312,24.0385],[92.3164,24.0456],[92.3122,24.0521],[92.3127,24.0549],[92.3176,24.055],[92.3163,24.0595],[92.3199,24.0637],[92.3166,24.07],[92.3213,24.0727],[92.3193,24.0782],[92.3242,24.0793],[92.3222,24.0815],[92.3277,24.1015],[92.3269,24.1044],[92.3226,24.1044],[92.3279,24.1119],[92.3243,24.1151],[92.3271,24.117],[92.3247,24.1197],[92.3246,24.1394],[92.3307,24.1397],[92.3287,24.1431],[92.3317,24.1518],[92.3287,24.1551],[92.3286,24.1663],[92.3239,24.1712],[92.3265,24.1777],[92.3321,24.1796],[92.3263,24.1817],[92.3224,24.1887],[92.3264,24.1914],[92.3218,24.1942],[92.3261,24.1971],[92.3191,24.1979],[92.3215,24.2037],[92.3147,24.2064],[92.3163,24.2118],[92.3104,24.2213],[92.3043,24.2235],[92.2974,24.2315],[92.2896,24.2524],[92.4225,24.2549]]]}},{"type":"Feature","bbox":[92.8206,21.94,93.2019,22.6344],"properties":{"kind":"district","district":"Saiha"},"geometry":{"type":"Polygon","coordinates":[[[92.9889,22.631],[92.9793,22.617],[92.9812,22.6048],[92.9954,22.6001],[92.9997,22.5922],[93.0098,22.5912],[93.0285,22.5823],[93.0332,22.5583],[93.0257,22.5376],[93.0267,22.5201],[93.0227,22.5154],[93.028,22.5047],[93.0244,22.4986],[93.0284,22.4725],[93.0424,22.4608],[93.0475,22.4674],[93.0482,22.4818],[93.056,22.4902],[93.0632,22.4891],[93.0741,22.5114],[93.0724,22.5233],[93.077,22.5359],[93.0738,22.5385],[93.0811,22.5543],[93.0891,22.5464],[93.106,22.5394],[93.1095,22.5408],[93.1125,22.5328],[93.1067,22.5278],[93.108,22.5251],[93.1282,22.5237],[93.1238,22.5084],[93.1346,22.4918],[93.1309,22.4682],[93.1387,22.4545],[93.1635,22.4513],[93.1683,22.4433],[93.1769,22.4403],[93.1781,22.4328],[93.1853,22.4282],[93.1815,22.4189],[93.1875,22.4034],[93.1816,22.3953],[93.1898,22.3827],[93.1835,22.3744],[93.188,22.3655],[93.1858,22.3399],[93.1967,22.3288],[93.189,22.3227],[93.1957,22.3143],[93.1905,22.3095],[93.1954,22.3017],[93.1896,22.3008],[93.1992,22.2942],[93.1936,22.2881],[93.2019,22.2631],[93.1981,22.2602],[93.199,22.2557],[93.1776,22.2457],[93.1676,22.2461],[93.1639,22.25],[93.1545,22.2472],[93.1483,22.2495],[93.1421,22.2455],[93.1436,22.2379],[93.1399,22.2347],[93.1474,22.2293],[93.1523,22.2166],[93.1486,22.2117],[93.1615,22.1971],[93.1558,22.1814],[93.1508,22.1763],[93.1236,22.1735],[93.1234,22.1796],[93.1145,22.1907],[93.111,22.204],[93.0893,22.1967],[93.0633,22.2073],[93.0568,22.2008],[93.0464,22.2024],[93.043,22.1956],[93.0382,22.195],[93.0491,22.1689],[93.0476,22.1623],[93.0421,22.1594],[93.0445,22.1572],[93.0412,22.1507],[93.0369,22.1489],[93.0372,22.1444],[93.0441,22.1432],[93.0395,22.1385],[93.045,22.1373],[93.0544,22.1211],[93.0571,22.1214],[93.0596,22.1013],[93.0474,22.0981],[93.0045,22.1036],[93.0116,22.0884],[93.0085,22.0808],[93.0052,22.08],[93.0036,22.0746],[93.0066,22.071],[93.0014,22.0668],[93.0019,22.0579],[92.9975,22.0543],[92.9947,22.0422],[92.9974,22.0356],[92.9948,22.0322],[93.0043,22.017],[93.0018,22.0068],[93.0074,21.9823],[92.9938,21.9778],[92.9806,21.9801],[92.9779,21.9975],[92.9735,22.0004],[92.9724,22.0061],[92.965,22.0108],[92.961,22.0257],[92.9522,22.0297],[92.9421,22.0201],[92.94,22.0136],[92.9308,22.0176],[92.9272,22.0156],[92.929,22.0085],[92.9346,22.0107],[92.9358,22.0057],[92.93,21.9959],[92.9207,21.9918],[92.9116,21.966],[92.9136,21.9651],[92.9115,21.9508],[92.9039,21.94],[92.8988,21.956],[92.9005,21.9644],[92.8913,22.0113],[92.8786,22.0151],[92.8797,22.0222],[92.8651,22.0237],[92.8635,22.0624],[92.8588,22.067],[92.8524,22.0663],[92.8502,22.0626],[92.8475,22.0689],[92.8401,22.1205],[92.8438,22.1365],[92.837,22.1871],[92.8368,22.2258],[92.8296,22.2559],[92.8351,22.267],[92.8306,22.2743],[92.8325,22.2883],[92.8369,22.2911],[92.8226,22.3065],[92.8264,22.3168],[92.8206,22.3258],[92.8229,22.3326],[92.8268,22.3338],[92.8377,22.3292],[92.844,22.33],[92.8495,22.3191],[92.8548,22.3222],[92.8604,22.3201],[92.8765,22.3554],[92.9047,22.374],[92.9123,22.3844],[92.928,22.3957],[92.9319,22.3965],[92.9377,22.3925],[92.9316,22.3836],[92.9399,22.3746],[92.9536,22.3722],[92.9583,22.3756],[92.9653,22.3936],[92.9626,22.3979],[92.9501,22.4036],[92.9346,22.4574],[92.9433,22.4626],[92.9443,22.4663],[92.9309,22.4825],[92.9362,22.5122],[92.9342,22.5205],[92.9389,22.5361],[92.9312,22.5486],[92.9312,22.5556],[92.945,22.5749],[92.9479,22.588],[92.946,22.5921],[92.9509,22.6023],[92.9489,22.6165],[92.9513,22.6289],[92.9586,22.6269],[92.9622,22.6336],[92.9758,22.6297],[92.9872,22.6344],[92.9889,22.631]]]}},{"type":"Feature","bbox":[92.9667,23.6417,93.3953,24.1127],"properties":{"kind":"district","district":"Saitual"},"geometry":{"type":"Polygon","coordinates":[[[92.9965,24.1127],[93.0099,24.102],[93.0172,24.0989],[93.023,24.101],[93.0334,24.0926],[93.0494,24.088],[93.0752,24.1003],[93.0852,24.0813],[93.0979,24.0713],[93.0965,24.0537],[93.0994,24.0499],[93.0951,24.0461],[93.0965,24.0423],[93.1065,24.0474],[93.1079,24.0524],[93.115,24.0537],[93.1164,24.0575],[93.1249,24.0613],[93.1306,24.0701],[93.1307,24.0764],[93.1378,24.084],[93.1435,24.0852],[93.154,24.081],[93.1569,24.0747],[93.1654,24.0722],[93.1625,24.0583],[93.1653,24.0521],[93.1895,24.0533],[93.1937,24.0496],[93.2122,24.0471],[93.2207,24.0709],[93.2193,24.081],[93.2221,24.0835],[93.2434,24.0823],[93.2591,24.0697],[93.262,24.0572],[93.2577,24.0546],[93.2478,24.0308],[93.2521,24.0257],[93.2506,24.0207],[93.2693,24.0308],[93.2835,24.0484],[93.3258,24.0504],[93.3276,24.0424],[93.3379,24.0398],[93.3324,24.038],[93.3353,24.0356],[93.3287,24.0338],[93.3259,24.0293],[93.3318,24.03],[93.3307,24.0271],[93.3378,24.0256],[93.339,24.0215],[93.3351,24.019],[93.3296,24.0204],[93.3304,24.0153],[93.3335,24.0144],[93.3322,23.9994],[93.3375,23.9897],[93.3286,23.9854],[93.3342,23.9851],[93.3333,23.9791],[93.3395,23.9806],[93.3367,23.9759],[93.3433,23.9751],[93.344,23.9712],[93.341,23.9698],[93.3475,23.9613],[93.3511,23.9617],[93.3502,23.9546],[93.3536,23.9511],[93.3486,23.9481],[93.3532,23.9469],[93.3545,23.9433],[93.3508,23.9416],[93.3603,23.9451],[93.3593,23.9409],[93.3689,23.9302],[93.3807,23.9345],[93.3849,23.9301],[93.3931,23.9288],[93.3907,23.9238],[93.394,23.9253],[93.3916,23.9185],[93.3953,23.9154],[93.3914,23.9142],[93.3892,23.8888],[93.3846,23.8748],[93.3888,23.8651],[93.385,23.8481],[93.3902,23.8338],[93.3885,23.8256],[93.3924,23.8234],[93.3907,23.8171],[93.3802,23.8218],[93.3688,23.8582],[93.3657,23.8598],[93.3597,23.8559],[93.3623,23.8523],[93.3562,23.8519],[93.3648,23.8488],[93.3561,23.8456],[93.3618,23.8417],[93.3527,23.8328],[93.3546,23.8271],[93.3569,23.8289],[93.3592,23.8266],[93.3576,23.8211],[93.3624,23.8203],[93.3596,23.8188],[93.3626,23.8091],[93.3582,23.8056],[93.3609,23.8045],[93.3591,23.7999],[93.3329,23.8025],[93.3234,23.79],[93.3245,23.7871],[93.2928,23.7689],[93.2823,23.7493],[93.2675,23.7459],[93.2539,23.738],[93.2235,23.7463],[93.2126,23.7534],[93.2049,23.7537],[93.1889,23.7735],[93.1859,23.7808],[93.1884,23.7894],[93.1832,23.7875],[93.184,23.792],[93.1796,23.7888],[93.1812,23.7927],[93.1756,23.799],[93.1677,23.7983],[93.1583,23.7878],[93.1612,23.7708],[93.1514,23.7616],[93.1614,23.7546],[93.1643,23.7473],[93.1658,23.7419],[93.1613,23.7353],[93.1618,23.7242],[93.1549,23.7059],[93.1484,23.6992],[93.1388,23.6963],[93.1257,23.6993],[93.1271,23.6869],[93.1172,23.6815],[93.1194,23.6702],[93.1155,23.6575],[93.1202,23.6417],[93.1076,23.6429],[93.0782,23.6582],[93.0756,23.6639],[93.069,23.666],[93.0688,23.6773],[93.0653,23.6793],[93.0586,23.6758],[93.0413,23.6828],[93.0361,23.6761],[93.0313,23.6761],[93.0311,23.6787],[93.0263,23.6757],[93.028,23.6798],[93.0245,23.6773],[93.024,23.6851],[93.0286,23.687],[93.0312,23.7027],[93.0294,23.7114],[93.026,23.7112],[93.0247,23.715],[93.0274,23.7214],[93.024,23.7326],[93.0332,23.7388],[93.0302,23.7438],[93.0318,23.7462],[93.0289,23.7463],[93.0298,23.7519],[93.0258,23.7522],[93.0289,23.7558],[93.0243,23.7626],[93.0238,23.7757],[93.0032,23.7942],[93.0003,23.8028],[93.0032,23.818],[93.0022,23.8685],[92.9771,23.8852],[92.9857,23.8897],[92.9791,23.9179],[92.9903,23.9236],[92.9966,23.9316],[92.9959,23.9384],[92.9873,23.946],[92.9852,23.9509],[92.9872,23.9536],[92.9833,23.9574],[92.9924,23.9616],[92.9905,23.9718],[92.9977,23.9849],[92.9954,23.9946],[92.9976,23.9998],[92.9921,24.0104],[92.9941,24.0224],[92.9918,24.035],[92.9945,24.0412],[92.9919,24.0484],[92.9947,24.0527],[92.9923,24.0885],[92.9667,24.094],[92.9703,24.0965],[92.9672,24.1068],[92.9727,24.1123],[92.9965,24.1127]]]}},{"type":"Feature","bbox":[92.6831,23.0064,93.1798,23.6001],"properties":{"kind":"district","district":"Serchhip"},"geometry":{"type":"Polygon","coordinates":[[[92.7856,23.6001],[92.7937,23.5821],[92.8019,23.5857],[92.807,23.5837],[92.8231,23.5919],[92.8223,23.588],[92.8339,23.5766],[92.8526,23.5742],[92.8592,23.5617],[92.8692,23.5548],[92.8823,23.5581],[92.8805,23.5643],[92.8967,23.578],[92.899,23.5779],[92.8969,23.5717],[92.9117,23.5602],[92.9443,23.5588],[92.9519,23.5511],[92.9613,23.5326],[92.9724,23.5258],[92.9856,23.5077],[92.9899,23.5122],[92.9987,23.5145],[93.0107,23.5132],[93.0176,23.5078],[93.0195,23.5034],[93.0146,23.4979],[93.028,23.4933],[93.0299,23.4823],[93.0375,23.4712],[93.0456,23.4664],[93.0521,23.4717],[93.0619,23.4703],[93.0675,23.4761],[93.0775,23.4781],[93.0817,23.4693],[93.0705,23.4688],[93.0704,23.4645],[93.0786,23.4557],[93.0982,23.4505],[93.0979,23.4431],[93.0857,23.4333],[93.0823,23.4138],[93.0766,23.4029],[93.0672,23.3971],[93.0539,23.4029],[93.0325,23.3977],[93.0375,23.3843],[93.0486,23.3697],[93.0409,23.3574],[93.0397,23.3489],[93.0358,23.347],[93.0372,23.3434],[93.0319,23.3268],[93.0189,23.3188],[93.0058,23.3048],[93.0051,23.2905],[93.011,23.274],[93.0195,23.268],[93.0306,23.266],[93.0277,23.262],[93.0316,23.26],[93.0323,23.2544],[93.0431,23.2494],[93.0342,23.2449],[93.038,23.243],[93.0384,23.2369],[93.041,23.2397],[93.0498,23.2384],[93.0543,23.2435],[93.0669,23.2348],[93.0691,23.2298],[93.0827,23.2261],[93.092,23.231],[93.0994,23.2405],[93.1054,23.2404],[93.1133,23.2314],[93.1366,23.2165],[93.1461,23.2022],[93.1543,23.1992],[93.1593,23.2011],[93.1627,23.1979],[93.1612,23.1931],[93.158,23.1957],[93.1455,23.1903],[93.1453,23.1847],[93.1477,23.1808],[93.1611,23.1757],[93.1619,23.1622],[93.1713,23.1464],[93.1689,23.1435],[93.1728,23.1408],[93.1677,23.1361],[93.1655,23.1282],[93.1673,23.1223],[93.1628,23.1015],[93.1703,23.0906],[93.1699,23.086],[93.1752,23.0812],[93.1704,23.0772],[93.1767,23.0711],[93.1747,23.0635],[93.1798,23.057],[93.169,23.0467],[93.1604,23.0479],[93.1599,23.0443],[93.1561,23.0432],[93.1528,23.0442],[93.1514,23.0537],[93.1402,23.0533],[93.1403,23.059],[93.1351,23.06],[93.1354,23.0484],[93.1258,23.0407],[93.1283,23.0308],[93.1223,23.0064],[93.1158,23.0133],[93.0797,23.0299],[93.0812,23.035],[93.068,23.0429],[93.0385,23.0498],[93.0378,23.0661],[93.043,23.074],[93.0372,23.0815],[93.0247,23.0792],[93.0164,23.0811],[92.9576,23.116],[92.9595,23.1337],[92.9556,23.1361],[92.957,23.1484],[92.9541,23.1644],[92.9473,23.1691],[92.9361,23.1695],[92.9324,23.1746],[92.9348,23.1848],[92.9325,23.1875],[92.923,23.1861],[92.9169,23.1891],[92.9146,23.1834],[92.9053,23.1775],[92.8912,23.177],[92.8804,23.1697],[92.8746,23.1702],[92.8696,23.1758],[92.8626,23.1745],[92.858,23.1837],[92.8588,23.1894],[92.855,23.1904],[92.8542,23.1945],[92.8585,23.2144],[92.8453,23.2276],[92.8458,23.2368],[92.8333,23.2459],[92.8179,23.2414],[92.815,23.2375],[92.8166,23.2282],[92.8123,23.2262],[92.7873,23.2326],[92.7798,23.2274],[92.7692,23.2343],[92.755,23.2273],[92.7532,23.2327],[92.7409,23.2331],[92.7382,23.2367],[92.7311,23.237],[92.7311,23.2397],[92.7218,23.2401],[92.7197,23.1939],[92.713,23.1904],[92.6999,23.1962],[92.7022,23.2054],[92.6919,23.2186],[92.6899,23.2403],[92.6866,23.2461],[92.6905,23.2548],[92.6834,23.29],[92.687,23.299],[92.6841,23.3037],[92.6884,23.3074],[92.6842,23.3119],[92.6831,23.3227],[92.6938,23.3237],[92.6944,23.3274],[92.7006,23.3196],[92.7134,23.3217],[92.7192,23.3465],[92.7151,23.3489],[92.7213,23.351],[92.733,23.3494],[92.7314,23.3449],[92.7405,23.3391],[92.7517,23.3417],[92.7696,23.3357],[92.7793,23.327],[92.8098,23.3281],[92.8135,23.3255],[92.8259,23.3343],[92.8385,23.3333],[92.8403,23.3363],[92.833,23.3625],[92.8224,23.3709],[92.8279,23.3758],[92.8309,23.3842],[92.8212,23.3861],[92.8302,23.4116],[92.8269,23.4193],[92.8313,23.4213],[92.8296,23.4241],[92.8323,23.4248],[92.8313,23.4301],[92.8342,23.431],[92.8365,23.441],[92.8362,23.4537],[92.8317,23.46],[92.8354,23.4676],[92.8,23.4792],[92.7982,23.4858],[92.7884,23.4826],[92.7867,23.4761],[92.782,23.4761],[92.781,23.4791],[92.7816,23.4943],[92.7771,23.5031],[92.7815,23.5176],[92.7964,23.5253],[92.7957,23.5323],[92.7985,23.5339],[92.796,23.5359],[92.802,23.5389],[92.799,23.5388],[92.7973,23.5505],[92.7773,23.5564],[92.7725,23.5622],[92.7742,23.5825],[92.7693,23.5946],[92.7766,23.5995],[92.7856,23.6001]]]}},{"type":"Feature","bbox":[92.2603,23.7325,92.5417,24.2549],"properties":{"kind":"ac","ac":1,"name":"Hachhek","pc":"Mizoram","mla":"Robert Romawia Royte","mla_party":"MNF","mp":"Richard Vanlalhmangaiha","mp_party":"ZPM"},"geometry":{"type":"Polygon","coordinates":[[[92.4227,24.2549],[92.4189,24.1928],[92.4329,24.1844],[92.4357,24.1792],[92.4366,24.1527],[92.443,24.1541],[92.4493,24.1437],[92.4504,24.147],[92.4568,24.1442],[92.4654,24.1361],[92.4655,24.1386],[92.4805,24.1444],[92.4771,24.1476],[92.4806,24.15],[92.4818,24.156],[92.4794,24.1565],[92.4834,24.1583],[92.4839,24.1632],[92.5016,24.1608],[92.5061,24.1642],[92.5033,24.1679],[92.5113,24.1656],[92.5068,24.1701],[92.5142,24.1697],[92.5099,24.1725],[92.5156,24.1791],[92.5237,24.1716],[92.5296,24.1788],[92.5329,24.1766],[92.5329,24.1716],[92.5263,24.1622],[92.5373,24.1535],[92.5417,24.1435],[92.5008,24.1411],[92.4969,24.1349],[92.4738,24.0305],[92.4456,24.0017],[92.4214,23.962],[92.4182,23.8507],[92.4005,23.8235],[92.4018,23.8064],[92.408,23.797],[92.3936,23.7844],[92.3924,23.7759],[92.3962,23.772],[92.3906,23.7665],[92.3862,23.7476],[92.3809,23.7416],[92.3786,23.7325],[92.267,23.7359],[92.2685,23.7684],[92.2633,23.7851],[92.2603,23.8132],[92.2713,23.818],[92.2759,23.815],[92.2857,23.8155],[92.2822,23.8303],[92.2742,23.8402],[92.2752,23.8511],[92.2855,23.8584],[92.2924,23.8702],[92.3089,23.8607],[92.3236,23.8674],[92.3253,23.8742],[92.3175,23.8755],[92.3155,23.8811],[92.3208,23.883],[92.3166,23.8853],[92.3179,23.8889],[92.3216,23.889],[92.3241,23.8987],[92.322,23.9022],[92.3297,23.9039],[92.332,23.9096],[92.3287,23.9128],[92.3309,23.9209],[92.3125,23.9315],[92.3147,23.9326],[92.3121,23.9387],[92.3141,23.9518],[92.3114,23.9531],[92.3134,23.954],[92.3114,23.9581],[92.3143,23.959],[92.3135,23.968],[92.3235,23.973],[92.3229,23.9779],[92.326,23.9779],[92.3264,23.9826],[92.3298,23.9834],[92.3274,23.9867],[92.3309,23.9904],[92.3295,24.0048],[92.3252,24.0067],[92.3214,24.0163],[92.3173,24.0173],[92.3184,24.022],[92.3216,24.0171],[92.3238,24.0199],[92.3181,24.0232],[92.3213,24.0278],[92.3169,24.0288],[92.3195,24.0339],[92.3148,24.0339],[92.3181,24.0413],[92.3143,24.0471],[92.3209,24.0516],[92.3186,24.0577],[92.3226,24.0586],[92.3152,24.0665],[92.3164,24.0716],[92.3232,24.0681],[92.3219,24.0745],[92.3272,24.0765],[92.3214,24.0766],[92.3269,24.0826],[92.3252,24.0856],[92.3287,24.0911],[92.3257,24.095],[92.3296,24.0985],[92.3264,24.0982],[92.3264,24.1008],[92.3314,24.1069],[92.3274,24.1104],[92.3322,24.114],[92.3267,24.1163],[92.3283,24.1217],[92.3253,24.1228],[92.3309,24.128],[92.3258,24.1296],[92.3271,24.1399],[92.3336,24.1392],[92.3299,24.1446],[92.3353,24.1429],[92.3365,24.148],[92.3331,24.1519],[92.3321,24.1627],[92.3271,24.1663],[92.3319,24.1827],[92.3255,24.1866],[92.3301,24.1896],[92.3232,24.1951],[92.325,24.1992],[92.3192,24.2023],[92.321,24.2063],[92.3244,24.206],[92.3157,24.2138],[92.3099,24.2126],[92.3093,24.2173],[92.3141,24.224],[92.3,24.2217],[92.3025,24.2268],[92.2956,24.2277],[92.2992,24.2336],[92.2952,24.2349],[92.2964,24.2405],[92.2927,24.2473],[92.2996,24.2525],[92.4227,24.2549]]]}},{"type":"Feature","bbox":[92.2873,23.2624,92.6721,23.7847],"properties":{"kind":"ac","ac":2,"name":"Dampa","pc":"Mizoram","mla":"R. Lalthangliana","mla_party":"MNF","mp":"Richard Vanlalhmangaiha","mp_party":"ZPM"},"geometry":{"type":"Polygon","coordinates":[[[92.6645,23.7081],[92.6446,23.6687],[92.6339,23.6591],[92.634,23.6482],[92.6493,23.6359],[92.6492,23.631],[92.6721,23.6238],[92.6717,23.6099],[92.6687,23.6008],[92.6486,23.5906],[92.6509,23.5775],[92.6573,23.5711],[92.6556,23.5605],[92.6536,23.555],[92.645,23.5539],[92.6406,23.5419],[92.6349,23.5403],[92.6319,23.5343],[92.6372,23.5225],[92.6514,23.5188],[92.6579,23.498],[92.6544,23.49],[92.6549,23.4323],[92.6562,23.4225],[92.6665,23.4023],[92.6643,23.3915],[92.6695,23.3835],[92.644,23.3825],[92.634,23.3917],[92.6184,23.3871],[92.6107,23.3948],[92.6005,23.3975],[92.5987,23.4017],[92.5889,23.4053],[92.5849,23.4017],[92.5873,23.3909],[92.5856,23.3848],[92.5758,23.3774],[92.5655,23.3783],[92.5624,23.372],[92.5549,23.3701],[92.5404,23.3799],[92.5085,23.3793],[92.494,23.3906],[92.4926,23.3847],[92.4877,23.382],[92.475,23.3904],[92.4637,23.3894],[92.4571,23.3803],[92.4568,23.3658],[92.4622,23.363],[92.4595,23.3498],[92.4674,23.3425],[92.472,23.3223],[92.469,23.318],[92.4627,23.319],[92.4507,23.2871],[92.4334,23.2849],[92.4377,23.28],[92.423,23.2643],[92.4103,23.2624],[92.4055,23.2668],[92.401,23.2646],[92.3934,23.2664],[92.3879,23.2819],[92.3809,23.2857],[92.3855,23.3065],[92.3756,23.3136],[92.3758,23.3204],[92.371,23.3186],[92.367,23.3235],[92.3676,23.3176],[92.3639,23.3232],[92.3715,23.3319],[92.3749,23.3469],[92.3795,23.3519],[92.3789,23.3563],[92.3754,23.3573],[92.3778,23.3623],[92.3687,23.3673],[92.3697,23.374],[92.3626,23.3667],[92.3563,23.3712],[92.3565,23.3751],[92.3644,23.3799],[92.3519,23.3814],[92.3582,23.3899],[92.354,23.3891],[92.353,23.3926],[92.3524,23.4052],[92.3554,23.4015],[92.3569,23.4107],[92.3474,23.4134],[92.3461,23.4337],[92.3409,23.4358],[92.3352,23.4336],[92.3338,23.4288],[92.3298,23.4472],[92.327,23.4492],[92.3333,23.456],[92.3299,23.4541],[92.3258,23.4584],[92.3308,23.4598],[92.3312,23.4658],[92.3174,23.4713],[92.3262,23.4782],[92.3159,23.4865],[92.3218,23.4914],[92.3176,23.494],[92.3207,23.4964],[92.32,23.5119],[92.3155,23.5131],[92.3184,23.5166],[92.313,23.5161],[92.3174,23.5277],[92.3139,23.5334],[92.309,23.5326],[92.3064,23.5361],[92.3097,23.5434],[92.3096,23.5554],[92.312,23.5537],[92.3131,23.5558],[92.3065,23.5642],[92.3092,23.5706],[92.3054,23.5735],[92.3083,23.5784],[92.3012,23.5931],[92.2966,23.5886],[92.2895,23.5987],[92.2873,23.5963],[92.288,23.6184],[92.296,23.6217],[92.2915,23.6276],[92.4475,23.6846],[92.4751,23.724],[92.4908,23.726],[92.5026,23.74],[92.5239,23.7439],[92.5243,23.738],[92.5155,23.7235],[92.5139,23.7149],[92.5175,23.7102],[92.5231,23.7123],[92.5314,23.7171],[92.5379,23.7256],[92.5426,23.7429],[92.5526,23.7534],[92.5534,23.7704],[92.5585,23.7807],[92.5658,23.7847],[92.5951,23.7751],[92.6016,23.769],[92.6046,23.7573],[92.6325,23.7591],[92.636,23.7394],[92.6453,23.7205],[92.6489,23.7148],[92.6645,23.7081]]]}},{"type":"Feature","bbox":[92.267,23.6248,92.6599,24.1435],"properties":{"kind":"ac","ac":3,"name":"Mamit","pc":"Mizoram","mla":"H. Lalzirliana","mla_party":"MNF","mp":"Richard Vanlalhmangaiha","mp_party":"ZPM"},"geometry":{"type":"Polygon","coordinates":[[[92.5417,24.1435],[92.5349,24.1247],[92.541,24.123],[92.5352,24.1105],[92.5376,24.0799],[92.5334,24.064],[92.5336,24.048],[92.5362,24.0338],[92.5471,24.0409],[92.5473,24.0555],[92.5508,24.0613],[92.5548,24.0601],[92.5553,24.0536],[92.5611,24.0531],[92.5564,24.0408],[92.5647,24.039],[92.5705,24.0498],[92.5697,24.062],[92.5737,24.0668],[92.5711,24.0749],[92.5804,24.0749],[92.5839,24.063],[92.5893,24.0612],[92.5982,24.0506],[92.6114,24.05],[92.6192,24.0321],[92.6232,24.0313],[92.6219,24.0378],[92.6243,24.0397],[92.6352,24.0334],[92.6266,24.0266],[92.6199,24.0085],[92.6296,23.9977],[92.629,23.9862],[92.6223,23.9787],[92.6171,23.9618],[92.6171,23.958],[92.6244,23.9544],[92.627,23.9456],[92.6198,23.9359],[92.6416,23.9301],[92.6432,23.9229],[92.6548,23.9206],[92.6599,23.909],[92.6562,23.902],[92.6381,23.8927],[92.64,23.873],[92.651,23.8485],[92.6593,23.8378],[92.6581,23.8328],[92.6434,23.8283],[92.643,23.8206],[92.653,23.8191],[92.6479,23.8119],[92.6397,23.8125],[92.635,23.8163],[92.6221,23.7972],[92.6268,23.7936],[92.6364,23.7937],[92.6393,23.786],[92.6372,23.7727],[92.6265,23.7631],[92.6299,23.7608],[92.6046,23.7573],[92.6016,23.769],[92.5951,23.7751],[92.5658,23.7847],[92.5585,23.7807],[92.5534,23.7704],[92.5526,23.7534],[92.5426,23.7429],[92.5379,23.7256],[92.5314,23.7171],[92.5231,23.7123],[92.5175,23.7102],[92.5139,23.7149],[92.5155,23.7235],[92.5243,23.738],[92.5239,23.7439],[92.5026,23.74],[92.4908,23.726],[92.4751,23.724],[92.4475,23.6846],[92.2915,23.6276],[92.2802,23.6307],[92.2794,23.6248],[92.2771,23.6323],[92.2823,23.6382],[92.273,23.643],[92.2917,23.6819],[92.29,23.6994],[92.285,23.707],[92.2787,23.7101],[92.2798,23.719],[92.2674,23.7222],[92.267,23.7359],[92.3786,23.7325],[92.3809,23.7416],[92.3862,23.7476],[92.3906,23.7665],[92.3962,23.772],[92.3924,23.7759],[92.3936,23.7844],[92.408,23.797],[92.4018,23.8064],[92.4005,23.8235],[92.4182,23.8507],[92.4214,23.962],[92.4456,24.0017],[92.4738,24.0305],[92.4969,24.1349],[92.5008,24.1411],[92.5417,24.1435]]]}},{"type":"Feature","bbox":[92.5334,23.8613,92.8854,24.2226],"properties":{"kind":"ac","ac":4,"name":"Tuirial","pc":"Mizoram","mla":"K. Laldawngliana","mla_party":"MNF","mp":"Richard Vanlalhmangaiha","mp_party":"ZPM"},"geometry":{"type":"Polygon","coordinates":[[[92.8821,24.1687],[92.8854,24.1659],[92.8817,24.1584],[92.8827,24.1537],[92.8715,24.1396],[92.8756,24.1297],[92.8665,24.1207],[92.8671,24.1114],[92.8578,24.106],[92.8533,24.0946],[92.8566,24.0881],[92.8534,24.072],[92.849,24.071],[92.8454,24.0632],[92.847,24.0366],[92.8421,24.0348],[92.8442,24.0276],[92.8406,24.0254],[92.8377,24.0146],[92.8329,24.0227],[92.8296,24.0211],[92.8253,23.9993],[92.8152,23.9935],[92.8114,23.9852],[92.8044,23.9794],[92.8095,23.9723],[92.8078,23.962],[92.8048,23.9604],[92.8008,23.9273],[92.8067,23.9232],[92.8109,23.9128],[92.8061,23.9058],[92.8188,23.8948],[92.8054,23.8799],[92.7831,23.8812],[92.7599,23.8667],[92.7325,23.8715],[92.7306,23.868],[92.6995,23.8613],[92.6958,23.8678],[92.6618,23.8715],[92.6547,23.874],[92.6509,23.88],[92.64,23.8812],[92.6381,23.8927],[92.6562,23.902],[92.6599,23.909],[92.6548,23.9206],[92.6432,23.9229],[92.6416,23.9301],[92.6198,23.9359],[92.627,23.9456],[92.6244,23.9544],[92.6171,23.958],[92.6171,23.9618],[92.6223,23.9787],[92.629,23.9862],[92.6296,23.9977],[92.6199,24.0085],[92.6266,24.0266],[92.6352,24.0334],[92.6243,24.0397],[92.6219,24.0378],[92.6232,24.0313],[92.6192,24.0321],[92.6114,24.05],[92.5982,24.0506],[92.5893,24.0612],[92.5839,24.063],[92.5804,24.0749],[92.5711,24.0749],[92.5737,24.0668],[92.5697,24.062],[92.5705,24.0498],[92.5647,24.039],[92.5564,24.0408],[92.5611,24.0531],[92.5553,24.0536],[92.5548,24.0601],[92.5508,24.0613],[92.5473,24.0555],[92.5471,24.0409],[92.5362,24.0338],[92.5336,24.048],[92.5334,24.064],[92.5376,24.0799],[92.5352,24.1105],[92.541,24.123],[92.5349,24.1247],[92.5363,24.1318],[92.6461,24.1381],[92.6499,24.1594],[92.6625,24.1866],[92.6748,24.1861],[92.683,24.1818],[92.6988,24.1821],[92.7065,24.1862],[92.7066,24.2017],[92.6957,24.2124],[92.739,24.2208],[92.7803,24.2226],[92.7948,24.1648],[92.8821,24.1687]]]}},{"type":"Feature","bbox":[92.5261,24.1318,92.7066,24.2726],"properties":{"kind":"ac","ac":5,"name":"Kolasib","pc":"Mizoram","mla":"Lalfamkima","mla_party":"ZPM","mp":"Richard Vanlalhmangaiha","mp_party":"ZPM"},"geometry":{"type":"Polygon","coordinates":[[[92.612,24.2537],[92.6258,24.2566],[92.6441,24.2691],[92.6566,24.2726],[92.6821,24.2724],[92.6948,24.2669],[92.7016,24.2572],[92.6974,24.2501],[92.6926,24.2222],[92.6957,24.2124],[92.7066,24.2017],[92.7065,24.1862],[92.6988,24.1821],[92.683,24.1818],[92.6748,24.1861],[92.6625,24.1866],[92.6499,24.1594],[92.6461,24.1381],[92.5363,24.1318],[92.5416,24.1388],[92.5407,24.1477],[92.5261,24.1651],[92.5329,24.1716],[92.5329,24.1766],[92.5296,24.1788],[92.5341,24.1804],[92.5311,24.1857],[92.5471,24.2206],[92.547,24.2365],[92.5505,24.247],[92.572,24.2519],[92.6063,24.2487],[92.612,24.2537]]]}},{"type":"Feature","bbox":[92.612,24.1648,92.8994,24.5212],"properties":{"kind":"ac","ac":6,"name":"Serlui","pc":"Mizoram","mla":"Lalrinsanga Ralte","mla_party":"MNF","mp":"Richard Vanlalhmangaiha","mp_party":"ZPM"},"geometry":{"type":"Polygon","coordinates":[[[92.7627,24.5212],[92.7967,24.4327],[92.8011,24.4299],[92.8026,24.4244],[92.7991,24.4195],[92.8068,24.4192],[92.8125,24.4096],[92.8188,24.4104],[92.82,24.404],[92.8297,24.4007],[92.8229,24.3868],[92.826,24.3767],[92.8295,24.3738],[92.8353,24.3788],[92.8427,24.378],[92.846,24.3865],[92.8605,24.3986],[92.8731,24.3953],[92.8839,24.4019],[92.894,24.3897],[92.8909,24.3876],[92.889,24.3912],[92.884,24.381],[92.8917,24.3779],[92.8904,24.3696],[92.8857,24.3684],[92.8836,24.3635],[92.8904,24.3561],[92.871,24.3305],[92.861,24.328],[92.8597,24.3248],[92.8668,24.3208],[92.866,24.3174],[92.8579,24.3145],[92.8544,24.3085],[92.8615,24.3082],[92.8727,24.2867],[92.8704,24.2825],[92.8732,24.277],[92.8667,24.2767],[92.8611,24.2698],[92.8642,24.262],[92.8588,24.2584],[92.8627,24.2576],[92.8642,24.2509],[92.8601,24.2491],[92.8602,24.2419],[92.8723,24.2413],[92.8805,24.233],[92.89,24.2427],[92.8985,24.2318],[92.8994,24.2222],[92.895,24.2108],[92.8975,24.211],[92.8973,24.2052],[92.8917,24.1997],[92.8917,24.1739],[92.8838,24.169],[92.7948,24.1648],[92.7803,24.2226],[92.739,24.2208],[92.6962,24.2125],[92.6929,24.2314],[92.7016,24.2572],[92.6948,24.2669],[92.6821,24.2724],[92.6566,24.2726],[92.6441,24.2691],[92.6258,24.2566],[92.612,24.2537],[92.6191,24.2871],[92.6154,24.2898],[92.619,24.3131],[92.6232,24.3203],[92.6219,24.3315],[92.6352,24.337],[92.6381,24.3347],[92.6351,24.3342],[92.6357,24.3315],[92.6398,24.3338],[92.6381,24.3285],[92.6452,24.3279],[92.6462,24.3312],[92.6491,24.3288],[92.6605,24.3484],[92.664,24.3462],[92.6653,24.3497],[92.6685,24.3462],[92.6769,24.3503],[92.6846,24.3467],[92.6835,24.3507],[92.6887,24.3529],[92.6909,24.3627],[92.6944,24.3656],[92.6925,24.3687],[92.6974,24.3745],[92.703,24.3751],[92.7062,24.3927],[92.7133,24.404],[92.7112,24.4077],[92.715,24.4102],[92.7124,24.4116],[92.717,24.4157],[92.7268,24.4456],[92.7511,24.4925],[92.7498,24.4953],[92.7539,24.502],[92.752,24.5065],[92.7627,24.5212]]]}},{"type":"Feature","bbox":[92.8008,23.824,93.0404,24.4129],"properties":{"kind":"ac","ac":7,"name":"Tuivawl","pc":"Mizoram","mla":"Lalchhandama Ralte","mla_party":"MNF","mp":"Richard Vanlalhmangaiha","mp_party":"ZPM"},"geometry":{"type":"Polygon","coordinates":[[[93.0087,24.4118],[93.0091,24.4066],[93.0249,24.3914],[93.0184,24.3835],[93.0215,24.3733],[93.0177,24.3644],[93.0177,24.3499],[93.0404,24.3421],[93.0342,24.3224],[93.0231,24.3022],[93.0068,24.2826],[93.0122,24.271],[93.0042,24.2576],[93.0093,24.2434],[93.0165,24.2359],[93.024,24.2338],[93.016,24.2248],[93.0219,24.2179],[93.0149,24.2],[92.9992,24.1963],[93.0077,24.1821],[93.0031,24.1738],[93.006,24.1618],[92.9883,24.1494],[92.9906,24.1371],[92.984,24.126],[92.9746,24.1254],[92.9705,24.1196],[92.9749,24.1029],[92.9796,24.1019],[92.9914,24.0888],[92.99,24.0839],[92.9992,24.0553],[92.9978,24.0507],[92.9929,24.0501],[92.9924,24.0354],[92.9985,24.0268],[92.9973,23.9977],[93.0029,23.9786],[93.0013,23.9675],[92.992,23.9593],[92.9934,23.9348],[92.9885,23.9298],[92.987,23.9198],[92.9934,23.9107],[92.992,23.9033],[92.9849,23.8994],[92.9799,23.8885],[92.9839,23.8838],[92.9829,23.8682],[92.986,23.8601],[92.9934,23.8546],[92.9988,23.8388],[92.9955,23.8359],[92.9955,23.824],[92.8298,23.858],[92.8253,23.8655],[92.8054,23.8799],[92.8188,23.8948],[92.8061,23.9058],[92.8109,23.9128],[92.8067,23.9232],[92.8008,23.9273],[92.8048,23.9604],[92.8078,23.962],[92.8095,23.9723],[92.8044,23.9794],[92.8114,23.9852],[92.8152,23.9935],[92.8253,23.9993],[92.8296,24.0211],[92.8329,24.0227],[92.8377,24.0146],[92.8406,24.0254],[92.8442,24.0276],[92.8421,24.0348],[92.847,24.0366],[92.8454,24.0632],[92.849,24.071],[92.8534,24.072],[92.8566,24.0881],[92.8533,24.0946],[92.8578,24.106],[92.8671,24.1114],[92.8665,24.1207],[92.8756,24.1297],[92.8715,24.1396],[92.8827,24.1537],[92.8817,24.1584],[92.8854,24.1659],[92.8821,24.1687],[92.8917,24.1739],[92.8917,24.1997],[92.8973,24.2052],[92.8975,24.211],[92.895,24.2108],[92.8994,24.2222],[92.8985,24.2318],[92.89,24.2427],[92.8805,24.233],[92.8723,24.2413],[92.8602,24.2419],[92.8601,24.2491],[92.8642,24.2509],[92.8627,24.2576],[92.8588,24.2584],[92.8642,24.262],[92.8611,24.2698],[92.8667,24.2767],[92.8732,24.277],[92.8704,24.2825],[92.8727,24.2867],[92.8615,24.3082],[92.8544,24.3085],[92.8579,24.3145],[92.866,24.3174],[92.8668,24.3208],[92.8597,24.3248],[92.861,24.328],[92.871,24.3305],[92.8904,24.3561],[92.8836,24.3635],[92.8857,24.3684],[92.8904,24.3696],[92.8917,24.3779],[92.884,24.381],[92.889,24.3912],[92.8909,24.3876],[92.894,24.3897],[92.8883,24.3983],[92.8909,24.4003],[92.8925,24.3931],[92.9033,24.3917],[92.9095,24.4129],[92.9094,24.4099],[92.9219,24.403],[92.9198,24.4011],[92.9235,24.3966],[92.9306,24.3931],[92.934,24.3927],[92.939,24.4004],[92.9506,24.4028],[92.9567,24.3921],[92.9596,24.3917],[92.9738,24.4081],[92.9963,24.3992],[93.0087,24.4118]]]}},{"type":"Feature","bbox":[92.8018,23.6626,93.2045,24.1163],"properties":{"kind":"ac","ac":8,"name":"Chalfilh","pc":"Mizoram","mla":"Lalbiakzama","mla_party":"ZPM","mp":"Richard Vanlalhmangaiha","mp_party":"ZPM"},"geometry":{"type":"Polygon","coordinates":[[[92.9715,24.1163],[92.9746,24.1122],[92.991,24.1156],[93.0096,24.1068],[93.0128,24.1014],[93.0269,24.1008],[93.0381,24.092],[93.0467,24.09],[93.0606,24.0919],[93.0697,24.0993],[93.0784,24.1018],[93.0877,24.0814],[93.0976,24.0731],[93.0995,24.0632],[93.0971,24.0564],[93.1009,24.0528],[93.0973,24.0498],[93.0971,24.0438],[93.126,24.0622],[93.1405,24.0879],[93.151,24.084],[93.1612,24.0733],[93.1659,24.0737],[93.1628,24.0599],[93.1675,24.0514],[93.1874,24.0538],[93.2045,24.0496],[93.1683,23.9407],[93.1858,23.9079],[93.1582,23.8834],[93.1619,23.8407],[93.1466,23.8112],[93.072,23.7751],[93.0412,23.7664],[93.0425,23.6626],[92.9989,23.6628],[92.9703,23.6687],[92.9564,23.6814],[92.9369,23.6869],[92.8081,23.7149],[92.812,23.742],[92.8089,23.7446],[92.8018,23.7694],[92.8073,23.7812],[92.8071,23.8117],[92.8155,23.8175],[92.8193,23.8167],[92.8268,23.8244],[92.824,23.8305],[92.8281,23.8302],[92.8258,23.8464],[92.829,23.8593],[92.9955,23.824],[92.9955,23.8359],[92.9988,23.8388],[92.9934,23.8546],[92.986,23.8601],[92.9829,23.8682],[92.9839,23.8838],[92.9799,23.8885],[92.9849,23.8994],[92.992,23.9033],[92.9934,23.9107],[92.987,23.9198],[92.9885,23.9298],[92.9934,23.9348],[92.992,23.9593],[93.0013,23.9675],[93.0029,23.9786],[92.9973,23.9977],[92.9985,24.0268],[92.9924,24.0354],[92.9929,24.0501],[92.9978,24.0507],[92.9992,24.0553],[92.99,24.0839],[92.9914,24.0888],[92.9796,24.1019],[92.9749,24.1029],[92.9715,24.1163]]]}},{"type":"Feature","bbox":[92.7916,23.4114,93.0563,23.7149],"properties":{"kind":"ac","ac":9,"name":"Tawi","pc":"Mizoram","mla":"Lalnilawma","mla_party":"ZPM","mp":"Richard Vanlalhmangaiha","mp_party":"ZPM"},"geometry":{"type":"Polygon","coordinates":[[[93.0425,23.6626],[93.0537,23.5564],[93.0417,23.4764],[93.0563,23.4172],[93.0414,23.4114],[92.9687,23.4783],[92.9444,23.5149],[92.9167,23.5234],[92.8777,23.5194],[92.8703,23.5094],[92.8671,23.5522],[92.8707,23.558],[92.8702,23.5802],[92.8261,23.5897],[92.8127,23.5883],[92.7916,23.5919],[92.7969,23.6148],[92.7936,23.6166],[92.7935,23.6308],[92.7964,23.6342],[92.7924,23.6599],[92.8035,23.6765],[92.8015,23.6961],[92.8075,23.6975],[92.8081,23.7149],[92.9369,23.6869],[92.9564,23.6814],[92.9703,23.6687],[92.9989,23.6628],[93.0425,23.6626]]]}},{"type":"Feature","bbox":[92.7132,23.7366,92.7517,23.8042],"properties":{"kind":"ac","ac":10,"name":"Aizawl North 1","pc":"Mizoram","mla":"Vanlalhlana","mla_party":"ZPM","mp":"Richard Vanlalhmangaiha","mp_party":"ZPM"},"geometry":{"type":"Polygon","coordinates":[[[92.7234,23.8042],[92.7515,23.7784],[92.7517,23.7587],[92.7488,23.7424],[92.7442,23.7366],[92.7398,23.7395],[92.7361,23.751],[92.7312,23.7515],[92.7277,23.7456],[92.7145,23.7489],[92.7169,23.7569],[92.7132,23.7814],[92.7234,23.8042]]]}},{"type":"Feature","bbox":[92.7134,23.7145,92.7488,23.7515],"properties":{"kind":"ac","ac":11,"name":"Aizawl North 2","pc":"Mizoram","mla":"Vanlalthlana","mla_party":"ZPM","mp":"Richard Vanlalhmangaiha","mp_party":"ZPM"},"geometry":{"type":"Polygon","coordinates":[[[92.7398,23.7395],[92.7488,23.727],[92.7427,23.7145],[92.7134,23.7153],[92.7135,23.7424],[92.722,23.743],[92.7228,23.7465],[92.7302,23.7468],[92.7312,23.7515],[92.7361,23.751],[92.7398,23.7395]]]}},{"type":"Feature","bbox":[92.6637,23.7096,92.7228,23.7706],"properties":{"kind":"ac","ac":12,"name":"Aizawl North 3","pc":"Mizoram","mla":"K. Sapdanga","mla_party":"ZPM","mp":"Richard Vanlalhmangaiha","mp_party":"ZPM"},"geometry":{"type":"Polygon","coordinates":[[[92.7228,23.7465],[92.722,23.743],[92.7135,23.7424],[92.7142,23.7213],[92.7112,23.7146],[92.6868,23.7096],[92.687,23.7159],[92.6985,23.7206],[92.6979,23.7271],[92.6768,23.7266],[92.6637,23.731],[92.6641,23.7563],[92.6723,23.7614],[92.6693,23.766],[92.6748,23.7706],[92.6897,23.757],[92.6979,23.7611],[92.7163,23.7611],[92.7145,23.7489],[92.7228,23.7465]]]}},{"type":"Feature","bbox":[92.6882,23.6127,92.829,23.8812],"properties":{"kind":"ac","ac":13,"name":"Aizawl East 1","pc":"Mizoram","mla":"Lalthansanga","mla_party":"ZPM","mp":"Richard Vanlalhmangaiha","mp_party":"ZPM"},"geometry":{"type":"Polygon","coordinates":[[[92.829,23.8593],[92.8258,23.8464],[92.8281,23.8302],[92.824,23.8305],[92.8268,23.8244],[92.8193,23.8167],[92.8155,23.8175],[92.8071,23.8117],[92.8073,23.7812],[92.8018,23.7694],[92.8089,23.7446],[92.812,23.742],[92.8123,23.7339],[92.8086,23.7262],[92.8075,23.6975],[92.8015,23.6961],[92.8035,23.6765],[92.7924,23.6599],[92.7964,23.6342],[92.7935,23.6308],[92.7936,23.6163],[92.7875,23.6179],[92.7804,23.6127],[92.772,23.6157],[92.7658,23.6236],[92.7543,23.6273],[92.7412,23.623],[92.729,23.6239],[92.7428,23.6521],[92.7486,23.654],[92.7602,23.6513],[92.7655,23.6542],[92.7614,23.6602],[92.7617,23.6882],[92.7547,23.715],[92.7441,23.7158],[92.7488,23.727],[92.744,23.7333],[92.7517,23.7587],[92.7515,23.7784],[92.7387,23.7876],[92.7325,23.7984],[92.6882,23.8293],[92.693,23.8681],[92.6995,23.8613],[92.7306,23.868],[92.7325,23.8715],[92.7599,23.8667],[92.7831,23.8812],[92.7969,23.8805],[92.8054,23.8799],[92.8253,23.8655],[92.829,23.8593]]]}},{"type":"Feature","bbox":[92.6868,23.6952,92.7605,23.7168],"properties":{"kind":"ac","ac":14,"name":"Aizawl East 2","pc":"Mizoram","mla":"B. Lalchhanzova","mla_party":"ZPM","mp":"Richard Vanlalhmangaiha","mp_party":"ZPM"},"geometry":{"type":"Polygon","coordinates":[[[92.7134,23.7153],[92.7533,23.7168],[92.7605,23.6967],[92.7272,23.6952],[92.7138,23.701],[92.7042,23.6964],[92.699,23.7036],[92.6868,23.7096],[92.7134,23.7153]]]}},{"type":"Feature","bbox":[92.6221,23.6957,92.7234,23.8812],"properties":{"kind":"ac","ac":15,"name":"Aizawl West 1","pc":"Mizoram","mla":"T. B. C. Lalvenchhunga","mla_party":"ZPM","mp":"Richard Vanlalhmangaiha","mp_party":"ZPM"},"geometry":{"type":"Polygon","coordinates":[[[92.693,23.8681],[92.6882,23.8293],[92.7234,23.8042],[92.7132,23.7814],[92.7163,23.7611],[92.6979,23.7611],[92.6897,23.757],[92.6748,23.7706],[92.6693,23.766],[92.6723,23.7614],[92.6641,23.7563],[92.6635,23.7281],[92.6721,23.7049],[92.6713,23.6957],[92.6614,23.7006],[92.6645,23.7081],[92.6489,23.7148],[92.6407,23.7289],[92.6325,23.7591],[92.6265,23.7631],[92.6372,23.7727],[92.6393,23.786],[92.6364,23.7937],[92.6268,23.7936],[92.6221,23.7972],[92.635,23.8163],[92.6397,23.8125],[92.6479,23.8119],[92.653,23.8191],[92.643,23.8206],[92.6434,23.8283],[92.6581,23.8328],[92.6593,23.8378],[92.6479,23.8547],[92.64,23.873],[92.64,23.8812],[92.6509,23.88],[92.6547,23.874],[92.6618,23.8715],[92.693,23.8681]]]}},{"type":"Feature","bbox":[92.6637,23.6882,92.7048,23.731],"properties":{"kind":"ac","ac":16,"name":"Aizawl West 2","pc":"Mizoram","mla":"Lalnghinglova Hmar","mla_party":"ZPM","mp":"Richard Vanlalhmangaiha","mp_party":"ZPM"},"geometry":{"type":"Polygon","coordinates":[[[92.6868,23.7096],[92.699,23.7036],[92.7041,23.6969],[92.7048,23.6896],[92.6884,23.6882],[92.6713,23.6957],[92.6721,23.7049],[92.6637,23.731],[92.6768,23.7266],[92.6979,23.7271],[92.6985,23.7206],[92.687,23.7159],[92.6868,23.7096]]]}},{"type":"Feature","bbox":[92.6575,23.6697,92.7264,23.7006],"properties":{"kind":"ac","ac":17,"name":"Aizawl West 3","pc":"Mizoram","mla":"V. L. Zaithanzama","mla_party":"ZPM","mp":"Richard Vanlalhmangaiha","mp_party":"ZPM"},"geometry":{"type":"Polygon","coordinates":[[[92.6614,23.7006],[92.6884,23.6882],[92.7013,23.6889],[92.7087,23.6814],[92.7221,23.6814],[92.7264,23.6697],[92.7075,23.6728],[92.6892,23.6713],[92.6819,23.6806],[92.6739,23.6775],[92.6722,23.6882],[92.6575,23.6908],[92.6614,23.7006]]]}},{"type":"Feature","bbox":[92.7013,23.6765,92.7609,23.701],"properties":{"kind":"ac","ac":18,"name":"Aizawl South 1","pc":"Mizoram","mla":"C. Lalsawivunga","mla_party":"ZPM","mp":"Richard Vanlalhmangaiha","mp_party":"ZPM"},"geometry":{"type":"Polygon","coordinates":[[[92.7605,23.6967],[92.7609,23.6765],[92.719,23.6824],[92.7087,23.6814],[92.7013,23.6889],[92.7048,23.6896],[92.7042,23.6964],[92.7138,23.701],[92.7272,23.6952],[92.7605,23.6967]]]}},{"type":"Feature","bbox":[92.6738,23.6464,92.7648,23.6814],"properties":{"kind":"ac","ac":19,"name":"Aizawl South 2","pc":"Mizoram","mla":"Lalchhuanthanga","mla_party":"ZPM","mp":"Richard Vanlalhmangaiha","mp_party":"ZPM"},"geometry":{"type":"Polygon","coordinates":[[[92.7609,23.6765],[92.7614,23.6602],[92.7648,23.6519],[92.7486,23.654],[92.7387,23.6464],[92.7154,23.662],[92.7092,23.653],[92.698,23.65],[92.687,23.6523],[92.6738,23.674],[92.6739,23.6775],[92.6819,23.6806],[92.6892,23.6713],[92.7075,23.6728],[92.722,23.6688],[92.7264,23.6697],[92.7221,23.6814],[92.7609,23.6765]]]}},{"type":"Feature","bbox":[92.6319,23.2736,92.8615,23.6908],"properties":{"kind":"ac","ac":20,"name":"Aizawl South 3","pc":"Mizoram","mla":"Baryl Vanneihsangi","mla_party":"ZPM","mp":"Richard Vanlalhmangaiha","mp_party":"ZPM"},"geometry":{"type":"Polygon","coordinates":[[[92.6722,23.6882],[92.6775,23.6652],[92.6845,23.6597],[92.687,23.6523],[92.698,23.65],[92.7092,23.653],[92.7154,23.662],[92.7387,23.6464],[92.729,23.6239],[92.7412,23.623],[92.7543,23.6273],[92.7658,23.6236],[92.772,23.6157],[92.7804,23.6127],[92.7875,23.6179],[92.7969,23.6148],[92.795,23.6008],[92.7918,23.5982],[92.7942,23.5698],[92.7912,23.5502],[92.7755,23.5457],[92.7743,23.5398],[92.7816,23.533],[92.7838,23.5194],[92.7802,23.5121],[92.7836,23.5005],[92.7918,23.5044],[92.8615,23.4977],[92.8492,23.481],[92.836,23.4284],[92.8088,23.3687],[92.828,23.3357],[92.8504,23.3234],[92.8243,23.2994],[92.8094,23.2736],[92.7881,23.2765],[92.778,23.3003],[92.7534,23.3054],[92.733,23.3144],[92.709,23.2987],[92.6989,23.2977],[92.6862,23.3288],[92.6875,23.3556],[92.6815,23.3679],[92.6718,23.3693],[92.6756,23.372],[92.6753,23.3796],[92.6643,23.3915],[92.6665,23.4023],[92.6562,23.4225],[92.6549,23.4323],[92.6544,23.49],[92.6579,23.498],[92.6514,23.5188],[92.6372,23.5225],[92.6319,23.5343],[92.6349,23.5403],[92.6406,23.5419],[92.645,23.5539],[92.6536,23.555],[92.6573,23.5711],[92.6509,23.5775],[92.6486,23.5906],[92.6687,23.6008],[92.6721,23.6238],[92.6492,23.631],[92.6493,23.6359],[92.634,23.6482],[92.6339,23.6591],[92.6446,23.6687],[92.6575,23.6908],[92.6722,23.6882]]]}},{"type":"Feature","bbox":[93.0109,23.2651,93.369,24.0847],"properties":{"kind":"ac","ac":21,"name":"Lengteng","pc":"Mizoram","mla":"F. Rodingliana","mla_party":"ZPM","mp":"Richard Vanlalhmangaiha","mp_party":"ZPM"},"geometry":{"type":"Polygon","coordinates":[[[93.2239,24.0847],[93.2503,24.0802],[93.2612,24.0695],[93.263,24.0578],[93.2591,24.0554],[93.2508,24.033],[93.2552,24.028],[93.2531,24.0213],[93.2713,24.0339],[93.2738,24.0394],[93.2822,24.043],[93.2867,24.0526],[93.2938,24.0489],[93.3029,24.0528],[93.3181,24.0532],[93.3262,24.0485],[93.3279,24.0422],[93.3375,24.0413],[93.3324,24.0383],[93.335,24.0357],[93.3288,24.0341],[93.3259,24.0299],[93.3315,24.0304],[93.3308,24.0273],[93.3375,24.0257],[93.3389,24.0219],[93.3348,24.0192],[93.3298,24.0207],[93.3304,24.0155],[93.3333,24.0147],[93.3322,23.9995],[93.3372,23.9897],[93.3287,23.985],[93.3343,23.985],[93.333,23.9789],[93.3394,23.9803],[93.3366,23.9758],[93.343,23.9749],[93.3437,23.9705],[93.3411,23.9694],[93.3474,23.9612],[93.3513,23.9614],[93.3503,23.9547],[93.3538,23.9516],[93.3488,23.9483],[93.3547,23.9434],[93.351,23.9419],[93.3612,23.9447],[93.3596,23.9409],[93.369,23.933],[93.2838,23.8234],[93.2512,23.7957],[93.1835,23.749],[93.1626,23.7414],[93.1582,23.7339],[93.1572,23.7284],[93.1672,23.7181],[93.1694,23.7054],[93.1638,23.6901],[93.1654,23.6484],[93.1624,23.6414],[93.1636,23.6223],[93.1537,23.5239],[93.152,23.5205],[93.1037,23.5171],[93.0941,23.3879],[93.0865,23.3425],[93.0778,23.3184],[93.0535,23.275],[93.0404,23.2651],[93.0109,23.2705],[93.0433,23.3156],[93.0376,23.3732],[93.0414,23.4114],[93.0563,23.4172],[93.0417,23.4764],[93.0537,23.5564],[93.0426,23.6542],[93.0412,23.7664],[93.072,23.7751],[93.1466,23.8112],[93.1619,23.8407],[93.1582,23.8834],[93.1858,23.9079],[93.1683,23.9407],[93.1915,24.0148],[93.2045,24.0496],[93.2119,24.0486],[93.2201,24.0603],[93.2226,24.0709],[93.2191,24.082],[93.2239,24.0847]]]}},{"type":"Feature","bbox":[93.0096,23.1734,93.2708,23.5227],"properties":{"kind":"ac","ac":22,"name":"Tuichang","pc":"Mizoram","mla":"W. Chhuanawma","mla_party":"ZPM","mp":"Richard Vanlalhmangaiha","mp_party":"ZPM"},"geometry":{"type":"Polygon","coordinates":[[[93.1532,23.5227],[93.2023,23.5073],[93.209,23.5085],[93.2065,23.4905],[93.2098,23.485],[93.2369,23.4726],[93.2575,23.4546],[93.26,23.4406],[93.2658,23.431],[93.2708,23.3912],[93.2693,23.3798],[93.2607,23.3718],[93.2487,23.3725],[93.2417,23.3694],[93.2329,23.3545],[93.2256,23.3483],[93.2239,23.3286],[93.2177,23.3236],[93.2161,23.3096],[93.2077,23.2901],[93.2081,23.2693],[93.1976,23.2584],[93.1945,23.2443],[93.1884,23.2386],[93.1771,23.2045],[93.1661,23.1988],[93.1658,23.1955],[93.1719,23.1901],[93.1699,23.1809],[93.1642,23.1734],[93.1622,23.1799],[93.1276,23.1954],[93.0474,23.214],[93.0348,23.2453],[93.023,23.2503],[93.0096,23.2628],[93.0109,23.2705],[93.0404,23.2651],[93.0535,23.275],[93.0778,23.3184],[93.0865,23.3425],[93.0941,23.3879],[93.1037,23.5171],[93.152,23.5205],[93.1532,23.5227]]]}},{"type":"Feature","bbox":[93.1532,23.4472,93.4362,23.9346],"properties":{"kind":"ac","ac":23,"name":"Champhai North","pc":"Mizoram","mla":"H. Ginzalala","mla_party":"ZPM","mp":"Richard Vanlalhmangaiha","mp_party":"ZPM"},"geometry":{"type":"Polygon","coordinates":[[[93.369,23.933],[93.3698,23.9298],[93.3811,23.9346],[93.3856,23.9301],[93.3936,23.9291],[93.3917,23.9237],[93.3952,23.9239],[93.3846,23.8758],[93.3888,23.8653],[93.3849,23.8482],[93.3903,23.8339],[93.3887,23.8255],[93.3928,23.8233],[93.3903,23.8177],[93.3988,23.8153],[93.4038,23.8064],[93.403,23.7974],[93.3977,23.7923],[93.3918,23.7562],[93.3953,23.754],[93.3949,23.7494],[93.4038,23.7451],[93.4058,23.7334],[93.4109,23.7293],[93.4092,23.7208],[93.4122,23.7174],[93.4061,23.7149],[93.4073,23.7072],[93.4193,23.7017],[93.4253,23.6891],[93.4362,23.6867],[93.4355,23.6782],[93.4223,23.6596],[93.4217,23.6517],[93.4159,23.647],[93.4181,23.6457],[93.4168,23.6375],[93.4241,23.6294],[93.4192,23.6233],[93.4221,23.6153],[93.4198,23.612],[93.428,23.5887],[93.4229,23.5851],[93.4217,23.5711],[93.4183,23.5687],[93.4145,23.5711],[93.413,23.5651],[93.4094,23.5633],[93.4133,23.5601],[93.4088,23.5571],[93.4122,23.5558],[93.4183,23.5401],[93.4087,23.5174],[93.4042,23.5172],[93.4029,23.5109],[93.3973,23.5098],[93.3952,23.4918],[93.3735,23.4907],[93.3736,23.4976],[93.3638,23.5092],[93.3592,23.5104],[93.3524,23.5027],[93.3582,23.4988],[93.362,23.4825],[93.3575,23.4798],[93.3478,23.4818],[93.3211,23.4564],[93.3155,23.4677],[93.3086,23.4695],[93.3045,23.4598],[93.3107,23.4498],[93.2596,23.4472],[93.2575,23.4546],[93.2369,23.4726],[93.2098,23.485],[93.2065,23.4905],[93.209,23.5085],[93.2023,23.5073],[93.1532,23.5227],[93.1636,23.6223],[93.1624,23.6414],[93.1654,23.6484],[93.1638,23.6901],[93.1694,23.7054],[93.1672,23.7181],[93.1572,23.7284],[93.1582,23.7339],[93.1626,23.7414],[93.1835,23.749],[93.2512,23.7957],[93.2838,23.8234],[93.369,23.933]]]}},{"type":"Feature","bbox":[93.2587,23.3173,93.4019,23.5104],"properties":{"kind":"ac","ac":24,"name":"Champhai South","pc":"Mizoram","mla":"C. Lalhmingthanga","mla_party":"ZPM","mp":"Richard Vanlalhmangaiha","mp_party":"ZPM"},"geometry":{"type":"Polygon","coordinates":[[[93.3952,23.4918],[93.3956,23.482],[93.3925,23.4787],[93.3991,23.472],[93.3921,23.4579],[93.3955,23.4538],[93.3925,23.4503],[93.3946,23.4479],[93.3901,23.4504],[93.3878,23.4466],[93.3906,23.4421],[93.388,23.4213],[93.3941,23.3981],[93.4019,23.3897],[93.4014,23.3842],[93.396,23.3829],[93.3929,23.3752],[93.3864,23.3744],[93.3911,23.3697],[93.3879,23.3677],[93.3877,23.3595],[93.3838,23.362],[93.3814,23.3581],[93.3791,23.3607],[93.3702,23.3589],[93.3554,23.3526],[93.362,23.3367],[93.3725,23.3294],[93.3666,23.3221],[93.3688,23.3182],[93.3492,23.3275],[93.3449,23.3393],[93.3314,23.3385],[93.3234,23.3316],[93.3126,23.3298],[93.3008,23.3173],[93.2888,23.3186],[93.2734,23.3598],[93.2754,23.3742],[93.2693,23.3798],[93.27,23.4042],[93.2658,23.431],[93.2587,23.4472],[93.3107,23.4498],[93.3045,23.4598],[93.3086,23.4695],[93.3155,23.4677],[93.3211,23.4564],[93.3478,23.4818],[93.3575,23.4798],[93.362,23.4825],[93.3582,23.4988],[93.3524,23.5027],[93.3592,23.5104],[93.3638,23.5092],[93.3736,23.4976],[93.3735,23.4907],[93.3952,23.4918]]]}},{"type":"Feature","bbox":[93.1642,23.0042,93.388,23.3798],"properties":{"kind":"ac","ac":25,"name":"East Tuipui","pc":"Mizoram","mla":"Ramthanmawia","mla_party":"MNF","mp":"Richard Vanlalhmangaiha","mp_party":"ZPM"},"geometry":{"type":"Polygon","coordinates":[[[93.3688,23.3182],[93.3711,23.3136],[93.3633,23.3129],[93.3713,23.3094],[93.3646,23.3059],[93.3684,23.3013],[93.3658,23.2938],[93.3698,23.288],[93.3664,23.2812],[93.3621,23.2799],[93.3688,23.276],[93.3653,23.2687],[93.3735,23.2607],[93.3701,23.2583],[93.3689,23.2501],[93.3759,23.2479],[93.3781,23.2345],[93.3813,23.2324],[93.3802,23.2252],[93.388,23.2165],[93.3794,23.215],[93.3747,23.2045],[93.3798,23.1997],[93.3764,23.1906],[93.3804,23.1869],[93.3739,23.1773],[93.3681,23.1754],[93.3721,23.1703],[93.3675,23.1442],[93.3778,23.1409],[93.3856,23.1445],[93.3851,23.134],[93.3766,23.1327],[93.3769,23.1268],[93.3656,23.1218],[93.3626,23.1154],[93.3553,23.1166],[93.3577,23.1093],[93.3534,23.0967],[93.3498,23.0917],[93.3441,23.0926],[93.3456,23.0881],[93.3385,23.0742],[93.3438,23.0755],[93.3514,23.0705],[93.3449,23.071],[93.34,23.0676],[93.343,23.0588],[93.3341,23.0595],[93.3334,23.0496],[93.3268,23.0476],[93.3274,23.0399],[93.3231,23.036],[93.3201,23.0371],[93.3196,23.0288],[93.3133,23.027],[93.3132,23.0191],[93.3062,23.0212],[93.2944,23.007],[93.2832,23.0087],[93.276,23.0042],[93.271,23.0112],[93.2413,23.0067],[93.2288,23.0116],[93.2292,23.0199],[93.2148,23.0269],[93.217,23.0344],[93.212,23.0373],[93.2099,23.0479],[93.2023,23.0502],[93.2013,23.0547],[93.1936,23.054],[93.1804,23.1219],[93.1642,23.1734],[93.1699,23.1809],[93.1719,23.1901],[93.1658,23.1955],[93.1661,23.1988],[93.1771,23.2045],[93.1884,23.2386],[93.1945,23.2443],[93.1976,23.2584],[93.2081,23.2693],[93.2077,23.2901],[93.2161,23.3096],[93.2177,23.3236],[93.2239,23.3286],[93.2262,23.3394],[93.2244,23.3456],[93.2417,23.3694],[93.2487,23.3725],[93.2607,23.3718],[93.2693,23.3798],[93.2754,23.3742],[93.2734,23.3598],[93.2888,23.3186],[93.3008,23.3173],[93.3126,23.3298],[93.3234,23.3316],[93.3314,23.3385],[93.3449,23.3393],[93.3492,23.3275],[93.3688,23.3182]]]}},{"type":"Feature","bbox":[92.681,23.17,92.9178,23.3349],"properties":{"kind":"ac","ac":26,"name":"Serchhip","pc":"Mizoram","mla":"Lalduhoma","mla_party":"ZPM","mp":"Richard Vanlalhmangaiha","mp_party":"ZPM"},"geometry":{"type":"Polygon","coordinates":[[[92.684,23.3123],[92.6849,23.3181],[92.681,23.3271],[92.6862,23.3288],[92.6989,23.2977],[92.709,23.2987],[92.733,23.3144],[92.7534,23.3054],[92.778,23.3003],[92.7881,23.2765],[92.8094,23.2736],[92.8243,23.2994],[92.8504,23.3234],[92.8309,23.3341],[92.8436,23.3349],[92.8589,23.3311],[92.8863,23.2748],[92.8878,23.25],[92.9056,23.2532],[92.9077,23.2303],[92.9178,23.1892],[92.9144,23.1827],[92.9051,23.1783],[92.8943,23.1789],[92.8841,23.17],[92.8751,23.1702],[92.8697,23.1756],[92.865,23.1736],[92.8555,23.1966],[92.8574,23.2159],[92.8482,23.2243],[92.846,23.2373],[92.8323,23.2463],[92.8183,23.2421],[92.8135,23.2263],[92.7875,23.2314],[92.7765,23.2293],[92.7702,23.2341],[92.7554,23.2276],[92.7518,23.2337],[92.7377,23.2332],[92.7331,23.24],[92.7219,23.2415],[92.7242,23.2112],[92.7191,23.1927],[92.7062,23.1932],[92.7002,23.1986],[92.7044,23.2085],[92.6937,23.2173],[92.6916,23.2228],[92.6883,23.2435],[92.6902,23.2614],[92.6861,23.2744],[92.6876,23.2801],[92.6835,23.2811],[92.6887,23.308],[92.684,23.3123]]]}},{"type":"Feature","bbox":[92.7743,23.25,93.0433,23.5919],"properties":{"kind":"ac","ac":27,"name":"Tuikum","pc":"Mizoram","mla":"P. C. Vanlalruata","mla_party":"ZPM","mp":"Richard Vanlalhmangaiha","mp_party":"ZPM"},"geometry":{"type":"Polygon","coordinates":[[[92.8703,23.5094],[92.8777,23.5194],[92.9167,23.5234],[92.9444,23.5149],[92.9687,23.4783],[93.0414,23.4114],[93.0376,23.3732],[93.0433,23.3156],[93.0148,23.2787],[92.9273,23.2779],[92.9077,23.2668],[92.9056,23.2532],[92.8878,23.25],[92.8863,23.2748],[92.8589,23.3311],[92.828,23.3357],[92.8088,23.3687],[92.836,23.4284],[92.8492,23.481],[92.8615,23.4977],[92.7918,23.5044],[92.7836,23.5005],[92.7802,23.5121],[92.7838,23.5194],[92.7816,23.533],[92.7743,23.5398],[92.7755,23.5457],[92.7912,23.5502],[92.7942,23.5698],[92.7916,23.5919],[92.8127,23.5883],[92.8261,23.5897],[92.8702,23.5802],[92.8707,23.558],[92.8671,23.5522],[92.8703,23.5094]]]}},{"type":"Feature","bbox":[92.9053,23.0061,93.1936,23.2787],"properties":{"kind":"ac","ac":28,"name":"Hrangturzo","pc":"Mizoram","mla":"Lalmuanpuia Punte","mla_party":"ZPM","mp":"Richard Vanlalhmangaiha","mp_party":"ZPM"},"geometry":{"type":"Polygon","coordinates":[[[93.0148,23.2787],[93.0096,23.2628],[93.023,23.2503],[93.0348,23.2453],[93.0474,23.214],[93.1276,23.1954],[93.1622,23.1799],[93.1804,23.1219],[93.1936,23.054],[93.1879,23.0523],[93.1865,23.0582],[93.1831,23.0597],[93.1686,23.0466],[93.1606,23.0482],[93.1595,23.0445],[93.1552,23.0435],[93.1524,23.0445],[93.1512,23.054],[93.1405,23.0533],[93.1401,23.0593],[93.1345,23.0599],[93.1349,23.0482],[93.1256,23.0408],[93.1278,23.031],[93.1218,23.0061],[93.0928,23.0263],[93.0804,23.0292],[93.0774,23.0367],[93.0386,23.0503],[93.0413,23.075],[93.0365,23.0817],[93.0186,23.0797],[92.992,23.0952],[92.9816,23.1051],[92.9645,23.1121],[92.964,23.1158],[92.9573,23.1169],[92.9599,23.1336],[92.9569,23.1354],[92.9578,23.1486],[92.9546,23.1524],[92.9569,23.1583],[92.9538,23.1662],[92.9345,23.1721],[92.9352,23.1874],[92.9178,23.1892],[92.9077,23.2303],[92.9053,23.2599],[92.9077,23.2668],[92.9273,23.2779],[93.0148,23.2787]]]}},{"type":"Feature","bbox":[92.8939,22.7543,93.1641,23.1322],"properties":{"kind":"ac","ac":29,"name":"South Tuipui","pc":"Mizoram","mla":"Jeje Lalpekhlua","mla_party":"ZPM","mp":"Richard Vanlalhmangaiha","mp_party":"ZPM"},"geometry":{"type":"Polygon","coordinates":[[[93.1218,23.0061],[93.1197,23.0024],[93.1253,23.0026],[93.1321,22.991],[93.1403,22.9897],[93.1386,22.9819],[93.1433,22.9756],[93.1415,22.9716],[93.1354,22.9708],[93.1368,22.9624],[93.141,22.9584],[93.1377,22.951],[93.145,22.946],[93.1477,22.9257],[93.1542,22.9178],[93.1628,22.9158],[93.1641,22.9104],[93.1497,22.9084],[93.1397,22.9142],[93.1294,22.9042],[93.1336,22.8911],[93.1256,22.8769],[93.126,22.871],[93.1171,22.8638],[93.1177,22.8425],[93.1095,22.8332],[93.1128,22.8298],[93.1031,22.8241],[93.11,22.8182],[93.0942,22.8062],[93.0975,22.7926],[93.0959,22.7865],[93.0788,22.7979],[93.0832,22.8048],[93.0754,22.8071],[93.06,22.8009],[93.0601,22.7948],[93.0526,22.7926],[93.0283,22.7966],[93.0255,22.7843],[93.016,22.785],[93.0099,22.7773],[93.0028,22.7543],[92.9878,22.7545],[92.977,22.7583],[92.9572,22.7812],[92.9388,22.7905],[92.9226,22.7903],[92.9223,22.7814],[92.9268,22.7808],[92.9264,22.7758],[92.9115,22.7823],[92.9028,22.7936],[92.9024,22.8085],[92.9237,22.8238],[92.937,22.8831],[92.946,22.9074],[92.937,22.9162],[92.8939,22.9302],[92.9017,22.9458],[92.9011,22.9785],[92.8984,22.986],[92.9295,23.0023],[92.9285,23.0183],[92.9216,23.0291],[92.9141,23.0842],[92.9232,23.1322],[92.958,23.131],[92.9573,23.1169],[92.964,23.1158],[92.9645,23.1121],[92.9816,23.1051],[92.992,23.0952],[93.0186,23.0797],[93.0365,23.0817],[93.0413,23.075],[93.0386,23.0503],[93.0774,23.0367],[93.0804,23.0292],[93.0928,23.0263],[93.1218,23.0061]]]}},{"type":"Feature","bbox":[92.7019,22.8929,92.9599,23.2463],"properties":{"kind":"ac","ac":30,"name":"Lunglei North","pc":"Mizoram","mla":"V. Malsawmtluanga","mla_party":"ZPM","mp":"Richard Vanlalhmangaiha","mp_party":"ZPM"},"geometry":{"type":"Polygon","coordinates":[[[92.9178,23.1892],[92.9352,23.1874],[92.9345,23.1721],[92.9538,23.1662],[92.9569,23.1583],[92.9546,23.1524],[92.9578,23.1486],[92.9569,23.1354],[92.9599,23.1336],[92.958,23.131],[92.9232,23.1322],[92.9207,23.1242],[92.9141,23.0842],[92.9216,23.0291],[92.9285,23.0183],[92.9295,23.0023],[92.8984,22.986],[92.9018,22.9542],[92.8303,22.9487],[92.8085,22.9317],[92.7946,22.9116],[92.7783,22.8974],[92.7675,22.8929],[92.7602,22.9073],[92.7461,22.9144],[92.7482,22.9481],[92.7363,22.9513],[92.7346,22.9556],[92.7352,22.972],[92.7401,22.9848],[92.739,22.9885],[92.7241,22.997],[92.7246,23.0104],[92.7342,23.0181],[92.7357,23.0245],[92.7348,23.0532],[92.73,23.0602],[92.7265,23.0907],[92.722,23.0939],[92.7175,23.1242],[92.7114,23.1385],[92.7123,23.1447],[92.7019,23.1634],[92.7099,23.1775],[92.711,23.1861],[92.7081,23.1929],[92.7191,23.1927],[92.7242,23.2112],[92.7219,23.2415],[92.7331,23.24],[92.7377,23.2332],[92.7518,23.2337],[92.7554,23.2276],[92.7702,23.2341],[92.7765,23.2293],[92.7875,23.2314],[92.8135,23.2263],[92.8183,23.2421],[92.8323,23.2463],[92.846,23.2373],[92.8482,23.2243],[92.8574,23.2159],[92.8555,23.1966],[92.865,23.1736],[92.8697,23.1756],[92.8751,23.1702],[92.8841,23.17],[92.8943,23.1789],[92.9051,23.1783],[92.9144,23.1827],[92.9178,23.1892]]]}},{"type":"Feature","bbox":[92.7533,22.8063,92.946,22.9542],"properties":{"kind":"ac","ac":31,"name":"Lunglei East","pc":"Mizoram","mla":"Lalrinpuii","mla_party":"ZPM","mp":"Richard Vanlalhmangaiha","mp_party":"ZPM"},"geometry":{"type":"Polygon","coordinates":[[[92.9018,22.9542],[92.9017,22.9458],[92.8939,22.9302],[92.937,22.9162],[92.946,22.9074],[92.937,22.8831],[92.9237,22.8238],[92.9024,22.8085],[92.8659,22.8063],[92.8625,22.8098],[92.8643,22.8225],[92.8614,22.8318],[92.8595,22.8348],[92.8443,22.8366],[92.839,22.8411],[92.8323,22.8594],[92.8298,22.8577],[92.8221,22.8664],[92.8175,22.8936],[92.8097,22.8985],[92.7968,22.8913],[92.7867,22.8902],[92.7563,22.8641],[92.7533,22.8665],[92.7606,22.8892],[92.7783,22.8974],[92.7946,22.9116],[92.8027,22.9251],[92.8199,22.9429],[92.8349,22.9503],[92.9018,22.9542]]]}},{"type":"Feature","bbox":[92.6152,22.8303,92.7675,23.3123],"properties":{"kind":"ac","ac":32,"name":"Lunglei West","pc":"Mizoram","mla":"T. Lalhlimpuia","mla_party":"ZPM","mp":"Richard Vanlalhmangaiha","mp_party":"ZPM"},"geometry":{"type":"Polygon","coordinates":[[[92.7081,23.1929],[92.711,23.1861],[92.7099,23.1775],[92.7019,23.1634],[92.7123,23.1447],[92.7114,23.1385],[92.7175,23.1242],[92.722,23.0939],[92.7265,23.0907],[92.73,23.0602],[92.7348,23.0532],[92.7357,23.0245],[92.7342,23.0181],[92.7246,23.0104],[92.7241,22.997],[92.739,22.9885],[92.7401,22.9848],[92.7352,22.972],[92.7346,22.9556],[92.7363,22.9513],[92.7482,22.9481],[92.7461,22.9144],[92.7602,22.9073],[92.7675,22.8929],[92.7583,22.8865],[92.7533,22.8665],[92.7391,22.8507],[92.7225,22.8511],[92.7211,22.8371],[92.6881,22.8303],[92.6685,22.8741],[92.686,22.8881],[92.6886,22.9196],[92.6782,22.9644],[92.6734,22.9694],[92.6755,22.9853],[92.6708,22.9982],[92.6708,23.0171],[92.661,23.0477],[92.663,23.1072],[92.6598,23.1443],[92.6479,23.1716],[92.6358,23.2189],[92.6152,23.2679],[92.616,23.2843],[92.6219,23.2984],[92.6318,23.3042],[92.6717,23.3118],[92.684,23.3123],[92.6887,23.308],[92.6835,23.2811],[92.6876,23.2801],[92.6861,23.2744],[92.6902,23.2614],[92.6883,23.2435],[92.6916,23.2228],[92.6937,23.2173],[92.7044,23.2085],[92.7002,23.1986],[92.7081,23.1929]]]}},{"type":"Feature","bbox":[92.6287,22.4983,92.9026,22.8985],"properties":{"kind":"ac","ac":33,"name":"Lunglei South","pc":"Mizoram","mla":"Lalramliana Papuia","mla_party":"ZPM","mp":"Richard Vanlalhmangaiha","mp_party":"ZPM"},"geometry":{"type":"Polygon","coordinates":[[[92.7533,22.8665],[92.7563,22.8641],[92.7867,22.8902],[92.7968,22.8913],[92.8097,22.8985],[92.8175,22.8936],[92.8221,22.8664],[92.8298,22.8577],[92.8323,22.8594],[92.839,22.8411],[92.8443,22.8366],[92.8595,22.8348],[92.8614,22.8318],[92.8643,22.8225],[92.8625,22.8098],[92.8659,22.8063],[92.9024,22.8085],[92.9026,22.7963],[92.8999,22.8003],[92.8933,22.8015],[92.8852,22.7941],[92.8904,22.775],[92.8901,22.7625],[92.8836,22.7564],[92.86,22.7737],[92.853,22.7711],[92.847,22.7569],[92.838,22.7572],[92.822,22.767],[92.8051,22.7925],[92.7949,22.7919],[92.792,22.7876],[92.7931,22.7833],[92.7975,22.782],[92.7935,22.7746],[92.7947,22.7658],[92.7914,22.7539],[92.7935,22.7392],[92.8098,22.7173],[92.806,22.7024],[92.8123,22.6921],[92.8158,22.6776],[92.8245,22.6686],[92.8326,22.6729],[92.8515,22.6526],[92.8531,22.6461],[92.8658,22.6452],[92.8678,22.6413],[92.8638,22.6341],[92.8652,22.6305],[92.8717,22.6181],[92.8854,22.6047],[92.8913,22.5829],[92.8806,22.5824],[92.8418,22.6214],[92.8049,22.628],[92.8,22.6221],[92.8005,22.6079],[92.7933,22.6056],[92.8008,22.5678],[92.7952,22.5527],[92.7796,22.5391],[92.7747,22.5191],[92.7787,22.499],[92.7761,22.4985],[92.7727,22.5025],[92.7664,22.4983],[92.7597,22.5016],[92.7537,22.5211],[92.7523,22.5424],[92.7204,22.5647],[92.7098,22.5811],[92.6953,22.5907],[92.691,22.6078],[92.6941,22.6174],[92.681,22.6253],[92.6718,22.6254],[92.6442,22.6177],[92.6459,22.6362],[92.6395,22.6512],[92.629,22.6575],[92.6287,22.6606],[92.6392,22.6658],[92.6521,22.6848],[92.657,22.7115],[92.6636,22.7177],[92.6607,22.7235],[92.6633,22.7324],[92.6741,22.7327],[92.6742,22.7467],[92.6696,22.753],[92.6692,22.7624],[92.6591,22.7704],[92.6597,22.7916],[92.6647,22.7932],[92.6694,22.8147],[92.6567,22.8385],[92.6458,22.8466],[92.6406,22.8671],[92.6421,22.8773],[92.6516,22.8863],[92.6678,22.876],[92.6881,22.8303],[92.7211,22.8371],[92.7225,22.8511],[92.7391,22.8507],[92.7533,22.8665]]]}},{"type":"Feature","bbox":[92.3463,22.7324,92.6886,23.4053],"properties":{"kind":"ac","ac":34,"name":"Thorang","pc":"Mizoram","mla":"R. Rohmingliana","mla_party":"MNF","mp":"Richard Vanlalhmangaiha","mp_party":"ZPM"},"geometry":{"type":"Polygon","coordinates":[[[92.6862,23.3288],[92.681,23.3271],[92.6849,23.3181],[92.684,23.3123],[92.644,23.307],[92.6219,23.2984],[92.616,23.2843],[92.6152,23.2679],[92.6358,23.2189],[92.6479,23.1716],[92.6598,23.1443],[92.663,23.1072],[92.661,23.0477],[92.6708,23.0171],[92.6708,22.9982],[92.6755,22.9853],[92.6734,22.9694],[92.6782,22.9644],[92.6886,22.9196],[92.686,22.8881],[92.6685,22.8741],[92.6516,22.8863],[92.64,22.8733],[92.6458,22.8466],[92.6567,22.8385],[92.6694,22.8147],[92.6647,22.7932],[92.6597,22.7916],[92.6591,22.7704],[92.6692,22.7624],[92.6696,22.753],[92.6742,22.7467],[92.6741,22.7327],[92.6633,22.7324],[92.6382,22.737],[92.6148,22.7497],[92.5897,22.7811],[92.585,22.7956],[92.5788,22.844],[92.5632,22.8587],[92.5441,22.8672],[92.5346,22.8805],[92.5429,22.9088],[92.5708,22.9287],[92.5887,22.9512],[92.5895,22.9632],[92.5729,22.9771],[92.5078,23.0185],[92.4917,23.0327],[92.4889,23.0387],[92.4643,23.0532],[92.4621,23.0698],[92.4644,23.1321],[92.4476,23.1523],[92.4347,23.1604],[92.4294,23.1748],[92.4305,23.1843],[92.4249,23.1945],[92.4121,23.1939],[92.4088,23.1898],[92.3973,23.159],[92.364,23.1566],[92.3617,23.1678],[92.3583,23.1688],[92.3573,23.1779],[92.3545,23.1788],[92.3613,23.182],[92.3534,23.1862],[92.3542,23.2201],[92.3512,23.2324],[92.3463,23.2367],[92.4005,23.2364],[92.4035,23.2409],[92.3987,23.2421],[92.3951,23.2487],[92.3979,23.256],[92.389,23.2596],[92.388,23.266],[92.3922,23.2642],[92.4055,23.2668],[92.4103,23.2624],[92.423,23.2643],[92.4377,23.28],[92.4334,23.2849],[92.4507,23.2871],[92.4627,23.319],[92.469,23.318],[92.472,23.3223],[92.4674,23.3425],[92.4595,23.3498],[92.4622,23.363],[92.4568,23.3658],[92.4571,23.3803],[92.4649,23.3898],[92.475,23.3904],[92.4877,23.382],[92.4926,23.3847],[92.494,23.3906],[92.5085,23.3793],[92.5404,23.3799],[92.5549,23.3701],[92.5624,23.372],[92.5655,23.3783],[92.5758,23.3774],[92.5856,23.3848],[92.5873,23.3909],[92.5849,23.4017],[92.5889,23.4053],[92.5987,23.4017],[92.6005,23.3975],[92.6107,23.3948],[92.6184,23.3871],[92.634,23.3917],[92.644,23.3825],[92.6695,23.3835],[92.6753,23.3796],[92.6756,23.372],[92.6718,23.3693],[92.6815,23.3679],[92.6875,23.3556],[92.6862,23.3288]]]}},{"type":"Feature","bbox":[92.3569,22.6635,92.6636,23.1945],"properties":{"kind":"ac","ac":35,"name":"West Tuipui","pc":"Mizoram","mla":"Prova Chakma","mla_party":"MNF","mp":"Richard Vanlalhmangaiha","mp_party":"ZPM"},"geometry":{"type":"Polygon","coordinates":[[[92.3724,22.9402],[92.3776,22.9541],[92.3747,22.954],[92.3728,22.9582],[92.3767,22.9593],[92.3739,22.9608],[92.3742,22.9711],[92.3799,22.9756],[92.3791,22.9811],[92.3839,22.9818],[92.3814,23.0],[92.3843,23.0097],[92.3795,23.0121],[92.3844,23.0285],[92.382,23.0337],[92.3874,23.0398],[92.3918,23.0574],[92.3825,23.0726],[92.3856,23.0778],[92.3802,23.081],[92.3797,23.0865],[92.372,23.0873],[92.3696,23.0965],[92.3627,23.0974],[92.3577,23.103],[92.3676,23.1269],[92.3569,23.1345],[92.3614,23.1453],[92.3581,23.1462],[92.3621,23.1568],[92.3973,23.159],[92.4088,23.1898],[92.4121,23.1939],[92.4249,23.1945],[92.4305,23.1843],[92.4294,23.1748],[92.4347,23.1604],[92.4476,23.1523],[92.4644,23.1321],[92.4621,23.0698],[92.4643,23.0532],[92.4889,23.0387],[92.4917,23.0327],[92.5078,23.0185],[92.5729,22.9771],[92.5895,22.9632],[92.5887,22.9512],[92.5708,22.9287],[92.5429,22.9088],[92.5346,22.8805],[92.5441,22.8672],[92.5632,22.8587],[92.5788,22.844],[92.585,22.7956],[92.5897,22.7811],[92.6148,22.7497],[92.6382,22.737],[92.6633,22.7324],[92.6607,22.7235],[92.6636,22.7177],[92.657,22.7115],[92.6521,22.6848],[92.6392,22.6658],[92.6309,22.6635],[92.6087,22.6803],[92.597,22.7049],[92.5987,22.7212],[92.5908,22.7303],[92.5849,22.7477],[92.5777,22.7453],[92.5775,22.738],[92.5671,22.7315],[92.5574,22.7451],[92.5369,22.7601],[92.5254,22.7586],[92.5208,22.7614],[92.5145,22.7564],[92.5055,22.7442],[92.5095,22.7403],[92.5079,22.737],[92.4995,22.7385],[92.4972,22.7401],[92.5002,22.7432],[92.4939,22.7463],[92.4825,22.747],[92.4781,22.7509],[92.4772,22.7588],[92.4735,22.7599],[92.4758,22.7716],[92.473,22.7822],[92.4693,22.7825],[92.4718,22.7966],[92.4651,22.803],[92.4653,22.8099],[92.4625,22.8113],[92.4612,22.8078],[92.4588,22.8188],[92.4545,22.8192],[92.458,22.8231],[92.4554,22.8254],[92.4616,22.8303],[92.4528,22.8425],[92.4627,22.8418],[92.4584,22.8455],[92.4602,22.8497],[92.4566,22.8514],[92.4641,22.8543],[92.46,22.858],[92.4612,22.8613],[92.4527,22.8621],[92.4548,22.8694],[92.4601,22.8706],[92.4484,22.8762],[92.4499,22.8931],[92.4455,22.8966],[92.4337,22.8859],[92.4327,22.8921],[92.4264,22.8971],[92.4199,22.9093],[92.4194,22.9185],[92.4137,22.9134],[92.4045,22.9177],[92.4009,22.9121],[92.3973,22.9168],[92.4004,22.9243],[92.3964,22.9298],[92.3762,22.9291],[92.3762,22.934],[92.3711,22.9361],[92.3754,22.937],[92.3724,22.9402]]]}},{"type":"Feature","bbox":[92.5055,21.9746,92.6809,22.7614],"properties":{"kind":"ac","ac":36,"name":"Tuichawng","pc":"Mizoram","mla":"Rasik Mohan Chakma","mla_party":"MNF","mp":"Richard Vanlalhmangaiha","mp_party":"ZPM"},"geometry":{"type":"Polygon","coordinates":[[[92.5085,22.7327],[92.5095,22.7403],[92.5055,22.7442],[92.5208,22.7614],[92.5434,22.7573],[92.5574,22.7451],[92.5671,22.7315],[92.5775,22.738],[92.5777,22.7453],[92.5849,22.7477],[92.5908,22.7303],[92.5987,22.7212],[92.597,22.7049],[92.5993,22.6957],[92.6087,22.6803],[92.6309,22.6635],[92.629,22.6575],[92.6395,22.6512],[92.6459,22.6362],[92.6444,22.6118],[92.6316,22.607],[92.6313,22.5987],[92.6279,22.5978],[92.6319,22.584],[92.6251,22.5867],[92.6209,22.5841],[92.6227,22.5619],[92.6172,22.5524],[92.6161,22.5397],[92.6159,22.5293],[92.6216,22.5124],[92.6179,22.5035],[92.6207,22.4921],[92.6251,22.488],[92.6195,22.4673],[92.6314,22.4457],[92.625,22.4269],[92.6333,22.4179],[92.6349,22.4063],[92.6294,22.4014],[92.6266,22.393],[92.6266,22.381],[92.6316,22.3757],[92.6336,22.3666],[92.6334,22.3547],[92.6253,22.3435],[92.6287,22.3259],[92.6364,22.3099],[92.6393,22.2819],[92.6365,22.277],[92.6286,22.2803],[92.6268,22.2702],[92.6303,22.2582],[92.6272,22.2373],[92.6317,22.2252],[92.6265,22.209],[92.6336,22.1783],[92.6295,22.1663],[92.6327,22.1455],[92.6301,22.1284],[92.6396,22.1132],[92.6517,22.0703],[92.6563,22.0627],[92.6558,22.0463],[92.6645,22.0306],[92.6809,22.0154],[92.6796,22.0115],[92.67,22.0096],[92.6671,22.0133],[92.6518,22.0163],[92.6512,22.01],[92.6435,22.0025],[92.6419,21.9928],[92.6363,21.9897],[92.6346,21.9835],[92.6244,21.9826],[92.6075,21.9746],[92.6037,21.9762],[92.603,21.9806],[92.611,21.9837],[92.6124,21.9913],[92.5976,22.0093],[92.5993,22.0288],[92.5946,22.0312],[92.5923,22.0371],[92.5933,22.0413],[92.5988,22.0421],[92.5972,22.047],[92.6019,22.0609],[92.5918,22.0654],[92.5895,22.0796],[92.5849,22.0822],[92.5748,22.1153],[92.5621,22.1282],[92.5636,22.1338],[92.5751,22.138],[92.5781,22.1438],[92.5926,22.1386],[92.5891,22.1317],[92.5937,22.1259],[92.6054,22.1239],[92.6105,22.1382],[92.6086,22.1647],[92.6058,22.1677],[92.6074,22.1721],[92.5958,22.1752],[92.5941,22.1813],[92.5968,22.1897],[92.5944,22.2039],[92.5914,22.2144],[92.5878,22.2156],[92.59,22.2227],[92.5881,22.2301],[92.5917,22.2349],[92.5911,22.249],[92.5804,22.2735],[92.5837,22.2846],[92.5811,22.2856],[92.5835,22.2992],[92.5807,22.3028],[92.5822,22.3027],[92.5837,22.3041],[92.5779,22.311],[92.5804,22.3115],[92.5781,22.3168],[92.5809,22.3218],[92.5741,22.332],[92.5759,22.3377],[92.5724,22.3427],[92.5719,22.3582],[92.568,22.3611],[92.5669,22.3703],[92.5626,22.3716],[92.5626,22.3799],[92.5593,22.382],[92.56,22.3959],[92.5564,22.399],[92.5601,22.4016],[92.5545,22.4058],[92.5572,22.4092],[92.5524,22.4097],[92.5544,22.4178],[92.5513,22.4231],[92.5564,22.4243],[92.5553,22.4277],[92.5514,22.4277],[92.5557,22.4296],[92.5469,22.4624],[92.547,22.4888],[92.5437,22.4907],[92.5445,22.4944],[92.5509,22.4979],[92.5435,22.4993],[92.5491,22.5015],[92.5481,22.5073],[92.5507,22.5097],[92.5463,22.5105],[92.5512,22.5131],[92.5465,22.5168],[92.5431,22.5139],[92.5451,22.518],[92.5389,22.5293],[92.5398,22.5408],[92.5369,22.545],[92.5322,22.5444],[92.5305,22.5537],[92.522,22.5597],[92.5281,22.5654],[92.5272,22.5728],[92.5375,22.5748],[92.5383,22.5862],[92.5325,22.5878],[92.5388,22.5896],[92.5354,22.5905],[92.5349,22.6002],[92.5298,22.6044],[92.5295,22.6097],[92.5339,22.6084],[92.5346,22.612],[92.528,22.6165],[92.5295,22.6206],[92.5272,22.6217],[92.5322,22.6331],[92.5261,22.6346],[92.5244,22.648],[92.5271,22.6518],[92.5237,22.6583],[92.5283,22.6599],[92.529,22.6659],[92.5259,22.666],[92.5259,22.6735],[92.5227,22.6748],[92.5138,22.709],[92.5178,22.7172],[92.5167,22.7219],[92.5102,22.7292],[92.5124,22.7334],[92.5085,22.7327]]]}},{"type":"Feature","bbox":[92.6159,22.0154,92.9636,22.628],"properties":{"kind":"ac","ac":37,"name":"Lawngtlai West","pc":"Mizoram","mla":"C. Ngunlianchunga","mla_party":"INC","mp":"Richard Vanlalhmangaiha","mp_party":"ZPM"},"geometry":{"type":"Polygon","coordinates":[[[92.8806,22.5824],[92.8965,22.5832],[92.9007,22.5755],[92.9057,22.5523],[92.9099,22.5456],[92.9315,22.5554],[92.9379,22.5305],[92.9333,22.4828],[92.943,22.4679],[92.9431,22.463],[92.9387,22.4588],[92.9397,22.4394],[92.9496,22.4017],[92.9614,22.3979],[92.9636,22.3936],[92.9596,22.3783],[92.9537,22.3731],[92.9376,22.3799],[92.9357,22.3851],[92.9401,22.3896],[92.9363,22.3929],[92.929,22.3956],[92.9197,22.3894],[92.8967,22.3676],[92.88,22.3577],[92.8625,22.3246],[92.8492,22.3238],[92.8388,22.332],[92.8227,22.3312],[92.8271,22.3012],[92.8371,22.2882],[92.8311,22.2755],[92.8339,22.265],[92.8316,22.2561],[92.8369,22.2335],[92.8381,22.1888],[92.8451,22.1353],[92.842,22.1156],[92.8451,22.0817],[92.8511,22.0654],[92.8409,22.0595],[92.8365,22.0722],[92.8183,22.0752],[92.8178,22.0869],[92.81,22.0963],[92.8039,22.0983],[92.7978,22.0939],[92.7901,22.1054],[92.771,22.1095],[92.76,22.1258],[92.7533,22.1248],[92.7466,22.1307],[92.7351,22.1342],[92.727,22.1491],[92.7129,22.1473],[92.7091,22.1517],[92.7006,22.1516],[92.6992,22.1551],[92.6947,22.1535],[92.6968,22.1417],[92.696,22.1372],[92.6922,22.1393],[92.6915,22.1341],[92.6903,22.0723],[92.6878,22.1038],[92.6816,22.1035],[92.6854,22.0417],[92.6809,22.0154],[92.6645,22.0306],[92.6558,22.0463],[92.6563,22.0627],[92.6517,22.0703],[92.6396,22.1132],[92.6301,22.1284],[92.6327,22.1455],[92.6295,22.1663],[92.6336,22.1783],[92.6265,22.209],[92.6317,22.2252],[92.6272,22.2373],[92.6303,22.2582],[92.6268,22.2702],[92.6286,22.2803],[92.6365,22.277],[92.6393,22.2819],[92.6364,22.3099],[92.6287,22.3259],[92.6253,22.3435],[92.6334,22.3547],[92.6336,22.3666],[92.6316,22.3757],[92.6266,22.381],[92.6266,22.393],[92.6294,22.4014],[92.6349,22.4063],[92.6333,22.4179],[92.625,22.4269],[92.6314,22.4457],[92.6305,22.4506],[92.6216,22.4599],[92.6195,22.4673],[92.6251,22.488],[92.6207,22.4921],[92.6179,22.5035],[92.6216,22.5124],[92.6159,22.5293],[92.6172,22.5524],[92.6227,22.5619],[92.6209,22.5841],[92.6251,22.5867],[92.6319,22.584],[92.6279,22.5978],[92.6313,22.5987],[92.6316,22.607],[92.6444,22.6118],[92.6442,22.6177],[92.681,22.6253],[92.6941,22.6174],[92.691,22.6078],[92.6953,22.5907],[92.7098,22.5811],[92.7204,22.5647],[92.7523,22.5424],[92.7537,22.5211],[92.7597,22.5016],[92.7664,22.4983],[92.7727,22.5025],[92.7787,22.499],[92.7747,22.5191],[92.7771,22.5316],[92.7796,22.5391],[92.7952,22.5527],[92.8008,22.5678],[92.7933,22.6056],[92.8005,22.6079],[92.8,22.6221],[92.8049,22.628],[92.8418,22.6214],[92.8806,22.5824]]]}},{"type":"Feature","bbox":[92.7916,22.4988,93.14,22.8071],"properties":{"kind":"ac","ac":38,"name":"Lawngtlai East","pc":"Mizoram","mla":"L. Lalpekliana Chinzah","mla_party":"ZPM","mp":"Richard Vanlalhmangaiha","mp_party":"ZPM"},"geometry":{"type":"Polygon","coordinates":[[[92.9274,22.7785],[92.9223,22.7814],[92.9226,22.7903],[92.9388,22.7905],[92.9572,22.7812],[92.977,22.7583],[92.9878,22.7545],[93.0028,22.7543],[93.0099,22.7773],[93.016,22.785],[93.0255,22.7843],[93.0283,22.7966],[93.0526,22.7926],[93.0601,22.7948],[93.06,22.8009],[93.0754,22.8071],[93.0832,22.8048],[93.0788,22.7979],[93.0959,22.7865],[93.102,22.7673],[93.0997,22.7642],[93.1071,22.7509],[93.0986,22.7289],[93.0982,22.7188],[93.0925,22.7125],[93.0909,22.7048],[93.0987,22.6943],[93.0966,22.6869],[93.1008,22.6869],[93.102,22.6831],[93.0945,22.6806],[93.0954,22.6723],[93.1013,22.6658],[93.1013,22.6612],[93.1096,22.6558],[93.1081,22.6363],[93.1216,22.626],[93.1268,22.6258],[93.1276,22.6169],[93.1337,22.6144],[93.14,22.5882],[93.1131,22.5594],[93.1094,22.5639],[93.0925,22.5701],[93.0827,22.5715],[93.0762,22.5679],[93.0711,22.5568],[93.0762,22.5523],[93.0737,22.5386],[93.0693,22.5379],[93.0643,22.531],[93.0624,22.5167],[93.0572,22.5072],[93.0466,22.4988],[93.026,22.5078],[93.0223,22.5127],[93.0233,22.5547],[93.0207,22.5656],[93.0128,22.5808],[93.0005,22.5886],[92.9967,22.6014],[92.9925,22.6034],[92.9928,22.6103],[92.9985,22.6171],[92.9964,22.6227],[92.9907,22.6201],[92.9798,22.6224],[92.9778,22.6291],[92.9528,22.6533],[92.941,22.6429],[92.952,22.6282],[92.9486,22.6199],[92.9508,22.6027],[92.9458,22.5957],[92.9462,22.576],[92.9378,22.5602],[92.9256,22.5508],[92.9099,22.5456],[92.9057,22.5523],[92.9007,22.5755],[92.8965,22.5832],[92.8913,22.5829],[92.8854,22.6047],[92.8717,22.6181],[92.8652,22.6305],[92.8638,22.6341],[92.8678,22.6413],[92.8658,22.6452],[92.8531,22.6461],[92.8515,22.6526],[92.8326,22.6729],[92.8245,22.6686],[92.8158,22.6776],[92.8123,22.6921],[92.806,22.7024],[92.8098,22.7173],[92.7935,22.7392],[92.7916,22.7494],[92.7935,22.7746],[92.7975,22.782],[92.7931,22.7833],[92.792,22.7876],[92.7949,22.7919],[92.8051,22.7925],[92.822,22.767],[92.838,22.7572],[92.847,22.7569],[92.853,22.7711],[92.86,22.7737],[92.8836,22.7564],[92.8901,22.7625],[92.8904,22.775],[92.8852,22.7941],[92.8933,22.8015],[92.8999,22.8003],[92.9059,22.7882],[92.9164,22.7787],[92.9264,22.7758],[92.9274,22.7785]]]}},{"type":"Feature","bbox":[92.9315,22.4261,93.1786,22.6533],"properties":{"kind":"ac","ac":39,"name":"Saiha","pc":"Mizoram","mla":"K. Beichhua","mla_party":"BJP","mp":"Richard Vanlalhmangaiha","mp_party":"ZPM"},"geometry":{"type":"Polygon","coordinates":[[[92.9315,22.5554],[92.9419,22.5647],[92.9462,22.576],[92.9458,22.5957],[92.9508,22.6027],[92.9486,22.6199],[92.952,22.6282],[92.941,22.6429],[92.9528,22.6533],[92.9778,22.6291],[92.9798,22.6224],[92.9907,22.6201],[92.9964,22.6227],[92.9985,22.6171],[92.9928,22.6103],[92.9925,22.6034],[92.9967,22.6014],[93.0005,22.5886],[93.0128,22.5808],[93.0207,22.5656],[93.0233,22.5547],[93.0223,22.5127],[93.026,22.5078],[93.0466,22.4988],[93.0572,22.5072],[93.0624,22.5167],[93.0643,22.531],[93.0693,22.5379],[93.0737,22.5386],[93.0766,22.5462],[93.0762,22.5523],[93.0711,22.5568],[93.0762,22.5679],[93.0827,22.5715],[93.1094,22.5639],[93.1131,22.5594],[93.1091,22.5467],[93.1091,22.5367],[93.1123,22.533],[93.1064,22.5269],[93.1284,22.5236],[93.1236,22.5094],[93.1262,22.5008],[93.1352,22.4908],[93.1321,22.4652],[93.1395,22.4537],[93.1632,22.4512],[93.1682,22.4432],[93.1769,22.4401],[93.1786,22.4325],[93.1328,22.4261],[93.118,22.427],[93.0795,22.4529],[93.0664,22.4568],[93.0242,22.4583],[93.002,22.4662],[92.9809,22.4788],[92.9487,22.4771],[92.943,22.4679],[92.9333,22.4828],[92.9379,22.5305],[92.9315,22.5554]]]}},{"type":"Feature","bbox":[92.8227,21.9414,93.202,22.4788],"properties":{"kind":"ac","ac":40,"name":"Palak","pc":"Mizoram","mla":"Pushpa K. Hrahmo","mla_party":"BJP","mp":"Richard Vanlalhmangaiha","mp_party":"ZPM"},"geometry":{"type":"Polygon","coordinates":[[[93.1786,22.4325],[93.1856,22.425],[93.1817,22.4176],[93.1874,22.4032],[93.1818,22.3949],[93.1898,22.3826],[93.186,22.3809],[93.1834,22.3737],[93.1881,22.3652],[93.1857,22.3399],[93.1966,22.329],[93.1889,22.3216],[93.1957,22.3144],[93.1906,22.3091],[93.1954,22.3016],[93.1898,22.3005],[93.1992,22.2941],[93.1937,22.2882],[93.202,22.2648],[93.1983,22.2601],[93.1993,22.256],[93.1771,22.246],[93.1672,22.2463],[93.1628,22.2502],[93.1537,22.2474],[93.1474,22.2497],[93.1417,22.2457],[93.1433,22.2386],[93.1394,22.2355],[93.1473,22.2294],[93.1519,22.2173],[93.1483,22.2118],[93.1529,22.2094],[93.1612,22.1965],[93.1507,22.1763],[93.1236,22.174],[93.1109,22.2043],[93.0885,22.1968],[93.0627,22.2078],[93.0572,22.2017],[93.0458,22.203],[93.0424,22.196],[93.0378,22.1954],[93.0488,22.1694],[93.0473,22.1628],[93.0413,22.1596],[93.0439,22.1572],[93.0406,22.1507],[93.0366,22.1493],[93.0366,22.1448],[93.0436,22.1432],[93.0391,22.1392],[93.0446,22.1379],[93.0447,22.134],[93.0567,22.122],[93.0592,22.1012],[93.0473,22.0987],[93.0045,22.1047],[93.0119,22.0889],[93.0091,22.0819],[93.0053,22.0805],[93.0039,22.0745],[93.0069,22.0714],[93.0018,22.0676],[93.0018,22.058],[92.9976,22.0547],[92.9941,22.0422],[92.9975,22.0361],[92.9945,22.0314],[93.0044,22.0171],[93.0015,22.0067],[93.0034,21.9825],[93.0008,21.9784],[92.9814,21.9807],[92.978,21.9982],[92.9643,22.0112],[92.9599,22.0262],[92.9512,22.03],[92.9417,22.0205],[92.9398,22.0141],[92.9304,22.0175],[92.9266,22.0154],[92.9285,22.0087],[92.9343,22.0106],[92.935,22.0061],[92.9295,21.9962],[92.9214,21.9929],[92.9119,21.9664],[92.912,21.9518],[92.9065,21.9417],[92.9035,21.9414],[92.8992,21.9572],[92.8982,21.984],[92.8913,22.0115],[92.8784,22.0151],[92.8797,22.0223],[92.8645,22.0242],[92.8653,22.0494],[92.8627,22.0627],[92.8579,22.0676],[92.8511,22.0654],[92.8451,22.0817],[92.842,22.1156],[92.8451,22.1353],[92.8381,22.1888],[92.8369,22.2335],[92.8316,22.2561],[92.8339,22.265],[92.8311,22.2755],[92.8371,22.2882],[92.8271,22.3012],[92.8227,22.3312],[92.8388,22.332],[92.8492,22.3238],[92.8625,22.3246],[92.88,22.3577],[92.8967,22.3676],[92.929,22.3956],[92.9401,22.3896],[92.9357,22.3851],[92.9376,22.3799],[92.9537,22.3731],[92.9596,22.3783],[92.9636,22.3936],[92.9614,22.3979],[92.9496,22.4017],[92.9397,22.4394],[92.9387,22.4588],[92.9487,22.4771],[92.9809,22.4788],[93.002,22.4662],[93.0242,22.4583],[93.0664,22.4568],[93.0795,22.4529],[93.118,22.427],[93.1328,22.4261],[93.1786,22.4325]]]}}]}