{"type":"FeatureCollection","features":[{"type":"Feature","bbox":[78.9462,10.8866,79.5102,11.4192],"properties":{"kind":"district","district":"Ariyalur"},"geometry":{"type":"Polygon","coordinates":[[[79.3227,11.4192],[79.3461,11.4158],[79.3532,11.4189],[79.37,11.417],[79.3777,11.4113],[79.3774,11.4053],[79.3736,11.403],[79.3753,11.3977],[79.384,11.3971],[79.3854,11.4019],[79.3796,11.4001],[79.3777,11.4029],[79.3798,11.4105],[79.3851,11.4092],[79.3846,11.4066],[79.3941,11.4017],[79.3897,11.3905],[79.3913,11.3782],[79.3941,11.3772],[79.3891,11.3688],[79.3936,11.3667],[79.3952,11.3535],[79.4003,11.3499],[79.4054,11.3541],[79.4085,11.3649],[79.4247,11.3604],[79.4258,11.3667],[79.4284,11.3574],[79.4373,11.3573],[79.4366,11.3489],[79.4308,11.3455],[79.4375,11.3338],[79.4487,11.3352],[79.452,11.3286],[79.4553,11.3259],[79.4581,11.3276],[79.4608,11.3208],[79.4641,11.3212],[79.4632,11.3183],[79.4709,11.3181],[79.4736,11.3141],[79.4874,11.3168],[79.4983,11.3139],[79.4951,11.3038],[79.4975,11.293],[79.5016,11.2911],[79.5012,11.2727],[79.5039,11.2724],[79.5052,11.2646],[79.504,11.2578],[79.4949,11.2585],[79.4952,11.2484],[79.5102,11.2281],[79.5055,11.2224],[79.5018,11.2033],[79.4956,11.199],[79.4818,11.1776],[79.4724,11.1772],[79.4639,11.1705],[79.4601,11.1594],[79.4558,11.1559],[79.4587,11.1506],[79.4311,11.1215],[79.4227,11.0975],[79.4134,11.082],[79.3989,11.0669],[79.358,11.0492],[79.3118,11.0176],[79.3088,11.0209],[79.291,11.0144],[79.2802,11.0009],[79.2733,10.9971],[79.2747,10.9933],[79.2689,10.9864],[79.2397,10.9647],[79.2222,10.9465],[79.2083,10.9403],[79.2048,10.9405],[79.2029,10.949],[79.1892,10.9465],[79.1786,10.9397],[79.1436,10.9407],[79.1099,10.925],[79.0842,10.9267],[79.0716,10.917],[79.0632,10.8981],[79.048,10.8878],[79.0325,10.8866],[79.0057,10.8936],[79.0069,10.9013],[79.0019,10.9222],[78.9903,10.9284],[78.9861,10.9276],[78.9827,10.9217],[78.9778,10.9432],[78.972,10.9484],[78.9609,10.9498],[78.9503,10.9555],[78.9462,10.975],[78.9874,10.9668],[78.9823,10.9755],[78.9896,10.9785],[78.9919,11.0014],[79.0123,11.0101],[79.0064,11.0589],[79.0244,11.0677],[79.0244,11.0731],[79.0304,11.0761],[79.0323,11.0839],[79.0544,11.085],[79.0694,11.1089],[79.0654,11.1269],[79.0612,11.1281],[79.0592,11.1255],[79.0551,11.1299],[79.0561,11.1405],[79.0606,11.1413],[79.0595,11.1523],[79.0708,11.1545],[79.0725,11.1592],[79.073,11.1702],[79.0694,11.1771],[79.0784,11.1808],[79.0758,11.1893],[79.0672,11.1889],[79.0659,11.2044],[79.0731,11.2081],[79.0746,11.2046],[79.0855,11.2048],[79.0891,11.1998],[79.0934,11.1998],[79.0989,11.2307],[79.1112,11.2306],[79.1094,11.2444],[79.1222,11.2487],[79.12,11.2589],[79.1224,11.2591],[79.122,11.2641],[79.1152,11.2704],[79.109,11.2702],[79.1093,11.2805],[79.113,11.2828],[79.1134,11.287],[79.1109,11.2875],[79.1141,11.2937],[79.1301,11.2976],[79.1393,11.29],[79.1427,11.2991],[79.1409,11.3093],[79.125,11.3108],[79.1308,11.3324],[79.1471,11.3338],[79.1503,11.3397],[79.1575,11.3384],[79.1596,11.3488],[79.1506,11.3578],[79.1508,11.3634],[79.1628,11.3697],[79.1632,11.3753],[79.1681,11.3784],[79.1723,11.3747],[79.1806,11.3744],[79.226,11.392],[79.2378,11.3886],[79.2382,11.3727],[79.2416,11.3696],[79.2494,11.3728],[79.2586,11.3885],[79.2729,11.3858],[79.2736,11.3803],[79.296,11.38],[79.29,11.4023],[79.2926,11.4123],[79.3227,11.4192]]]}},{"type":"Feature","bbox":[79.6404,12.2288,80.2553,13.0451],"properties":{"kind":"district","district":"Chengalpattu"},"geometry":{"type":"Polygon","coordinates":[[[80.1396,13.0447],[80.1388,13.0414],[80.1464,13.0346],[80.1448,13.0171],[80.1582,13.0154],[80.1605,13.0123],[80.1597,13.008],[80.1652,13.0042],[80.1607,12.998],[80.169,12.9802],[80.18,12.9791],[80.1817,12.9712],[80.186,12.9682],[80.1959,12.9685],[80.1958,12.9599],[80.201,12.9585],[80.2023,12.9531],[80.1988,12.9462],[80.1879,12.9379],[80.1992,12.9334],[80.2014,12.9239],[80.1988,12.9111],[80.2174,12.9106],[80.2165,12.8902],[80.2089,12.8728],[80.2129,12.8609],[80.22,12.8525],[80.2329,12.8522],[80.2364,12.8583],[80.2491,12.8567],[80.2482,12.809],[80.25,12.7943],[80.2553,12.7839],[80.2083,12.6546],[80.1991,12.6253],[80.2007,12.6171],[80.1919,12.6014],[80.1855,12.5743],[80.168,12.5351],[80.1613,12.5122],[80.1574,12.469],[80.1504,12.4544],[80.1134,12.4019],[80.0517,12.3266],[80.0257,12.2885],[80.0086,12.2548],[80.004,12.2541],[80.0038,12.2568],[79.9881,12.2515],[79.9832,12.2411],[79.9731,12.2334],[79.9697,12.2368],[79.964,12.2332],[79.9598,12.2342],[79.9553,12.2288],[79.9442,12.2423],[79.9214,12.2501],[79.9245,12.2316],[79.9143,12.2355],[79.9087,12.2304],[79.9009,12.2294],[79.8734,12.2429],[79.8655,12.2518],[79.8624,12.2619],[79.8492,12.2763],[79.8412,12.2798],[79.8442,12.2802],[79.8416,12.2878],[79.8322,12.2989],[79.8274,12.3129],[79.8214,12.3143],[79.8199,12.3118],[79.8095,12.3262],[79.8028,12.328],[79.7992,12.3374],[79.7883,12.336],[79.7788,12.339],[79.7604,12.3297],[79.759,12.3254],[79.7543,12.3273],[79.7503,12.3248],[79.7219,12.3312],[79.716,12.3355],[79.7062,12.3346],[79.7001,12.3333],[79.6975,12.3249],[79.6855,12.3238],[79.6811,12.3158],[79.6606,12.3231],[79.6605,12.3272],[79.6532,12.3299],[79.6491,12.3409],[79.6404,12.3447],[79.6471,12.3589],[79.6637,12.3681],[79.6676,12.377],[79.6601,12.379],[79.6642,12.3877],[79.6695,12.3938],[79.6824,12.3967],[79.6889,12.4034],[79.6978,12.4022],[79.6988,12.4103],[79.6912,12.4137],[79.6915,12.4209],[79.7073,12.4151],[79.7086,12.4279],[79.7059,12.4314],[79.7167,12.4316],[79.7178,12.4392],[79.7363,12.4284],[79.7385,12.439],[79.7334,12.4541],[79.7495,12.4567],[79.7441,12.4725],[79.7473,12.4841],[79.7413,12.485],[79.7399,12.4888],[79.7274,12.4944],[79.722,12.494],[79.7207,12.5005],[79.7325,12.4985],[79.7498,12.5029],[79.7497,12.5068],[79.7558,12.5119],[79.7538,12.5241],[79.7487,12.5236],[79.7439,12.5319],[79.7458,12.5376],[79.7483,12.5367],[79.755,12.5431],[79.7523,12.5489],[79.7537,12.5617],[79.763,12.5565],[79.7637,12.5502],[79.7733,12.5511],[79.7769,12.5519],[79.7763,12.5562],[79.7801,12.5605],[79.7928,12.5606],[79.7959,12.5682],[79.8193,12.5655],[79.8213,12.5693],[79.8176,12.5885],[79.8148,12.5875],[79.8113,12.5955],[79.8153,12.6061],[79.8053,12.6291],[79.8235,12.6207],[79.8407,12.6239],[79.8478,12.6315],[79.8631,12.6266],[79.8705,12.6266],[79.8736,12.631],[79.888,12.6304],[79.8954,12.6363],[79.897,12.6416],[79.9091,12.6402],[79.9245,12.6326],[79.9285,12.6372],[79.9231,12.6513],[79.9213,12.6802],[79.917,12.6825],[79.9171,12.6962],[79.9322,12.6953],[79.9311,12.7024],[79.9528,12.6994],[79.9517,12.7108],[79.9413,12.7302],[79.9266,12.7458],[79.9185,12.7524],[79.9036,12.7556],[79.8825,12.767],[79.891,12.7733],[79.8769,12.7797],[79.9013,12.7845],[79.9103,12.7999],[79.9252,12.7947],[79.9267,12.7984],[79.9326,12.7871],[79.9393,12.7834],[79.9403,12.7906],[79.956,12.7908],[79.9637,12.8094],[79.9583,12.8108],[79.957,12.8252],[79.9678,12.814],[79.9783,12.8146],[79.9921,12.8096],[80.0061,12.813],[80.0068,12.8092],[80.0094,12.8094],[80.0089,12.8149],[80.0223,12.8222],[80.0304,12.8226],[80.0319,12.8304],[80.0403,12.8343],[80.0402,12.8397],[80.0506,12.839],[80.0537,12.8514],[80.0613,12.8637],[80.0591,12.8728],[80.0519,12.882],[80.0602,12.9001],[80.0703,12.9175],[80.084,12.9261],[80.0912,12.9468],[80.0998,12.9457],[80.1042,12.9534],[80.0845,12.9616],[80.0857,12.9695],[80.0805,12.973],[80.0798,12.9695],[80.0725,12.9697],[80.0667,12.9592],[80.0614,12.9616],[80.0619,12.9579],[80.0541,12.9583],[80.0476,12.9647],[80.0529,12.9828],[80.0624,12.982],[80.0642,12.9875],[80.0607,13.0013],[80.0572,13.0024],[80.0577,13.0075],[80.0731,13.0126],[80.076,13.0172],[80.0803,13.0162],[80.0838,13.0285],[80.082,13.0411],[80.0886,13.0411],[80.0995,13.0349],[80.1087,13.0418],[80.1165,13.0399],[80.1231,13.0332],[80.1287,13.035],[80.1294,13.0451],[80.1396,13.0447]]]}},{"type":"Feature","bbox":[80.1344,12.9651,80.3319,13.2354],"properties":{"kind":"district","district":"Chennai"},"geometry":{"type":"Polygon","coordinates":[[[80.3319,13.2354],[80.3128,13.1675],[80.2984,13.1375],[80.298,13.1348],[80.3042,13.1304],[80.2978,13.1327],[80.2969,13.1239],[80.2996,13.1229],[80.3055,13.1304],[80.3004,13.1214],[80.305,13.1101],[80.3034,13.1061],[80.3015,13.1121],[80.2983,13.1018],[80.3017,13.0987],[80.2969,13.0993],[80.2949,13.0929],[80.3008,13.0912],[80.3038,13.1026],[80.3108,13.1082],[80.2869,13.0646],[80.2678,12.9751],[80.253,12.9767],[80.253,12.9803],[80.2434,12.9839],[80.2437,12.9799],[80.2288,12.9726],[80.2212,12.9651],[80.2163,12.9674],[80.2042,12.983],[80.2108,13.0089],[80.1987,13.0161],[80.2005,13.0283],[80.1959,13.0296],[80.1886,13.023],[80.1834,13.0253],[80.1797,13.0224],[80.1675,13.0253],[80.1656,13.0219],[80.1645,13.0252],[80.1446,13.0243],[80.1456,13.0375],[80.1388,13.0414],[80.1399,13.0457],[80.1344,13.0447],[80.1355,13.0483],[80.1463,13.054],[80.1485,13.0644],[80.1541,13.0629],[80.1528,13.0543],[80.1493,13.0534],[80.1534,13.0495],[80.1495,13.0489],[80.1457,13.0399],[80.158,13.0413],[80.1603,13.0449],[80.159,13.0522],[80.1634,13.0734],[80.1614,13.0811],[80.1461,13.0882],[80.1404,13.0986],[80.1441,13.125],[80.148,13.1305],[80.1458,13.1394],[80.1581,13.1421],[80.1659,13.1357],[80.1697,13.143],[80.1771,13.1396],[80.176,13.1473],[80.1845,13.1476],[80.1946,13.154],[80.1908,13.1687],[80.1947,13.1752],[80.1991,13.1754],[80.1996,13.1812],[80.2159,13.1723],[80.224,13.1843],[80.2228,13.1998],[80.2345,13.1963],[80.2359,13.2039],[80.2385,13.1995],[80.2489,13.1986],[80.25,13.2061],[80.2704,13.2033],[80.2727,13.2181],[80.2705,13.2235],[80.2753,13.2293],[80.2828,13.2299],[80.2847,13.2199],[80.3033,13.2128],[80.3102,13.2161],[80.3177,13.2296],[80.3319,13.2354]]]}},{"type":"Feature","bbox":[76.6558,10.2201,77.299,11.4064],"properties":{"kind":"district","district":"Coimbatore"},"geometry":{"type":"Polygon","coordinates":[[[77.11,11.4064],[77.1135,11.3805],[77.1284,11.3784],[77.1295,11.3666],[77.1331,11.3632],[77.1293,11.3542],[77.1322,11.3546],[77.1381,11.34],[77.1471,11.3362],[77.1479,11.331],[77.1519,11.3297],[77.1489,11.3249],[77.1506,11.3063],[77.1263,11.308],[77.1259,11.3028],[77.119,11.3026],[77.1168,11.2985],[77.1184,11.2918],[77.1345,11.283],[77.1387,11.2861],[77.1392,11.2797],[77.1438,11.2873],[77.1534,11.2782],[77.1551,11.2812],[77.1624,11.281],[77.1626,11.2835],[77.1701,11.2833],[77.165,11.2702],[77.1628,11.2521],[77.1659,11.2443],[77.1595,11.2433],[77.1592,11.2315],[77.1562,11.2307],[77.1537,11.2229],[77.1492,11.223],[77.1489,11.2187],[77.1465,11.2187],[77.1483,11.2145],[77.145,11.2072],[77.1502,11.2006],[77.1589,11.1974],[77.161,11.168],[77.1735,11.1682],[77.1823,11.1619],[77.1765,11.1567],[77.1787,11.1496],[77.1732,11.1382],[77.1839,11.1395],[77.1855,11.1491],[77.1896,11.1505],[77.2056,11.1383],[77.2087,11.1406],[77.2123,11.1379],[77.2096,11.1348],[77.2125,11.135],[77.2135,11.1267],[77.2248,11.1253],[77.2316,11.1267],[77.2357,11.1398],[77.2422,11.138],[77.2646,11.1106],[77.264,11.1064],[77.2513,11.1097],[77.2464,11.1055],[77.2341,11.1034],[77.2168,11.0901],[77.2054,11.0888],[77.1952,11.0788],[77.1684,11.0673],[77.1661,11.0602],[77.1766,11.0472],[77.1789,11.0368],[77.1753,11.0158],[77.165,11.0022],[77.1538,10.9983],[77.1699,10.9687],[77.1697,10.9568],[77.1779,10.942],[77.1737,10.9395],[77.1818,10.9206],[77.1989,10.9202],[77.211,10.9023],[77.2209,10.9009],[77.2368,10.9072],[77.2481,10.9047],[77.256,10.8887],[77.2578,10.8698],[77.2668,10.8593],[77.2884,10.8481],[77.2922,10.8351],[77.2902,10.8316],[77.2955,10.8269],[77.299,10.8146],[77.2984,10.8115],[77.2906,10.8116],[77.2859,10.8055],[77.2782,10.8027],[77.2759,10.7914],[77.2839,10.7866],[77.2541,10.7764],[77.2301,10.7774],[77.2144,10.7856],[77.2103,10.7909],[77.2153,10.8035],[77.1965,10.8027],[77.1766,10.7973],[77.1718,10.8022],[77.1649,10.793],[77.1612,10.7932],[77.1602,10.7792],[77.1567,10.7778],[77.1528,10.7657],[77.1453,10.7654],[77.1404,10.7552],[77.1341,10.7501],[77.1424,10.7185],[77.1413,10.6788],[77.1451,10.6599],[77.1525,10.6546],[77.1523,10.6506],[77.1811,10.6439],[77.1727,10.6083],[77.1693,10.6061],[77.1707,10.5997],[77.1663,10.5872],[77.158,10.5842],[77.1022,10.586],[77.1007,10.5829],[77.0906,10.5841],[77.0854,10.5782],[77.0806,10.5705],[77.0829,10.5626],[77.077,10.5597],[77.0727,10.5452],[77.0766,10.53],[77.0734,10.5164],[77.0786,10.5149],[77.0783,10.5022],[77.0744,10.5021],[77.0741,10.495],[77.0585,10.4791],[77.0658,10.4657],[77.0732,10.4647],[77.0732,10.4595],[77.0644,10.449],[77.0563,10.4447],[77.0481,10.431],[77.0418,10.4264],[77.0448,10.4148],[77.0605,10.4048],[77.0871,10.3774],[77.0916,10.3648],[77.0884,10.3612],[77.09,10.3509],[77.0782,10.3374],[77.0842,10.3295],[77.0812,10.322],[77.0884,10.3246],[77.0914,10.3139],[77.0796,10.303],[77.0662,10.2977],[77.0565,10.287],[77.0429,10.2838],[77.0526,10.2723],[77.0511,10.2621],[77.0406,10.2527],[77.0144,10.2458],[76.999,10.2304],[76.993,10.23],[76.9824,10.2201],[76.9685,10.2308],[76.9589,10.2341],[76.9506,10.2325],[76.9475,10.2369],[76.9394,10.2389],[76.9216,10.2322],[76.9116,10.2353],[76.9083,10.2409],[76.903,10.2403],[76.9055,10.2479],[76.8974,10.2624],[76.8914,10.2631],[76.8734,10.2763],[76.8731,10.2985],[76.8624,10.292],[76.8551,10.2928],[76.8513,10.2899],[76.8522,10.2851],[76.8487,10.2853],[76.8422,10.2909],[76.8447,10.2952],[76.8381,10.3017],[76.8303,10.3036],[76.8287,10.3079],[76.8377,10.3363],[76.8363,10.346],[76.846,10.3573],[76.8452,10.3629],[76.8488,10.3682],[76.8439,10.3775],[76.8237,10.3951],[76.834,10.4033],[76.8336,10.4078],[76.8304,10.4113],[76.8246,10.4101],[76.8232,10.417],[76.8164,10.4235],[76.8283,10.4502],[76.831,10.5],[76.8431,10.5373],[76.8352,10.5464],[76.8392,10.5648],[76.8336,10.5744],[76.8375,10.5819],[76.8383,10.5967],[76.8323,10.5993],[76.826,10.5961],[76.8173,10.6032],[76.8157,10.6079],[76.8183,10.6111],[76.8101,10.6242],[76.815,10.6296],[76.8145,10.6357],[76.8211,10.6344],[76.8307,10.6376],[76.8607,10.6323],[76.8825,10.6397],[76.8837,10.65],[76.8784,10.675],[76.8696,10.6768],[76.866,10.6853],[76.8708,10.6929],[76.8676,10.6948],[76.8822,10.7173],[76.8903,10.7169],[76.8929,10.7214],[76.8885,10.7331],[76.8962,10.7453],[76.8963,10.752],[76.9025,10.7584],[76.9026,10.7708],[76.9075,10.778],[76.9009,10.8072],[76.8701,10.8083],[76.864,10.8173],[76.8499,10.8172],[76.8451,10.8261],[76.8532,10.8329],[76.8538,10.839],[76.8484,10.8494],[76.8319,10.8601],[76.8283,10.8719],[76.8167,10.8727],[76.8115,10.8779],[76.7918,10.8811],[76.7814,10.8904],[76.7679,10.887],[76.7613,10.8935],[76.7524,10.8951],[76.7408,10.891],[76.7386,10.8952],[76.7149,10.9086],[76.6952,10.9102],[76.6768,10.9181],[76.6591,10.9305],[76.6558,10.939],[76.6647,10.9435],[76.6668,10.9683],[76.686,10.9892],[76.6942,11.0216],[76.7091,11.0329],[76.7109,11.0387],[76.7154,11.041],[76.7376,11.0397],[76.7666,11.0291],[76.7736,11.0335],[76.7918,11.0374],[76.8009,11.054],[76.7962,11.0559],[76.7876,11.0446],[76.7782,11.0421],[76.7689,11.0434],[76.7607,11.0523],[76.7461,11.0548],[76.741,11.0723],[76.748,11.0743],[76.7501,11.0789],[76.7542,11.0778],[76.7545,11.0842],[76.7517,11.0932],[76.7466,11.0925],[76.739,11.1043],[76.7407,11.1092],[76.7474,11.1112],[76.7453,11.1302],[76.7483,11.1358],[76.7462,11.1377],[76.7393,11.132],[76.735,11.1364],[76.7288,11.1305],[76.7287,11.1339],[76.7174,11.1441],[76.7185,11.1476],[76.71,11.148],[76.7127,11.1427],[76.7066,11.1416],[76.6897,11.1592],[76.693,11.1724],[76.7008,11.1761],[76.7002,11.1818],[76.7066,11.1794],[76.7103,11.1878],[76.7184,11.1864],[76.7236,11.1924],[76.729,11.191],[76.7224,11.2033],[76.7318,11.2137],[76.7258,11.2187],[76.7257,11.2255],[76.7217,11.2249],[76.7111,11.2322],[76.7009,11.2457],[76.7019,11.2605],[76.706,11.2634],[76.7115,11.2573],[76.7229,11.2538],[76.7298,11.2454],[76.7371,11.2446],[76.743,11.2532],[76.749,11.2487],[76.7549,11.2487],[76.7558,11.2526],[76.7519,11.2547],[76.7677,11.2641],[76.7698,11.2767],[76.7652,11.2837],[76.7691,11.2896],[76.7903,11.2791],[76.7979,11.2955],[76.807,11.2992],[76.8178,11.2899],[76.83,11.2933],[76.8427,11.2874],[76.8459,11.2927],[76.8544,11.2961],[76.854,11.3058],[76.86,11.3036],[76.8596,11.3125],[76.8546,11.3181],[76.8603,11.3246],[76.8511,11.3272],[76.8549,11.333],[76.8482,11.3348],[76.8498,11.3426],[76.8541,11.3408],[76.8546,11.3453],[76.8592,11.3434],[76.8617,11.3475],[76.8683,11.3446],[76.8625,11.3513],[76.8679,11.355],[76.8736,11.3519],[76.8767,11.3584],[76.8842,11.3517],[76.8903,11.3612],[76.8892,11.3654],[76.9024,11.363],[76.9001,11.3579],[76.9027,11.3508],[76.9129,11.3527],[76.9207,11.359],[76.9253,11.3573],[76.9253,11.3602],[76.9329,11.3627],[76.9326,11.3561],[76.9335,11.3594],[76.9377,11.3597],[76.9376,11.3635],[76.9501,11.3658],[76.9375,11.3666],[76.9346,11.3704],[76.9291,11.368],[76.9334,11.3764],[76.9489,11.3768],[76.9661,11.3861],[76.9718,11.3861],[76.9813,11.3781],[76.9815,11.383],[76.9876,11.3822],[76.9925,11.3771],[77.0134,11.3688],[77.025,11.3727],[77.0234,11.3877],[77.0325,11.3848],[77.037,11.3929],[77.0456,11.3992],[77.0454,11.4025],[77.0704,11.4025],[77.0705,11.3861],[77.0757,11.3917],[77.0812,11.3878],[77.0913,11.3936],[77.0885,11.397],[77.0932,11.399],[77.0915,11.4033],[77.11,11.4064]]]}},{"type":"Feature","bbox":[78.8776,11.1506,79.8129,11.905],"properties":{"kind":"district","district":"Cuddalore"},"geometry":{"type":"MultiPolygon","coordinates":[[[[79.7101,11.8891],[79.7083,11.8691],[79.7127,11.8666],[79.7189,11.8533],[79.7211,11.8625],[79.7394,11.8647],[79.7436,11.8586],[79.7431,11.8483],[79.7519,11.8483],[79.7539,11.8659],[79.7587,11.8685],[79.7574,11.8761],[79.764,11.877],[79.7701,11.8746],[79.7709,11.8613],[79.7622,11.8484],[79.7682,11.8388],[79.7759,11.8384],[79.7823,11.8559],[79.8007,11.8553],[79.8082,11.8453],[79.8071,11.8339],[79.8023,11.8339],[79.7983,11.8387],[79.7981,11.8346],[79.7938,11.8336],[79.8007,11.8306],[79.7975,11.8246],[79.7958,11.8285],[79.7784,11.8317],[79.773,11.8227],[79.7701,11.8226],[79.7651,11.8241],[79.7645,11.8334],[79.7367,11.8442],[79.7382,11.8369],[79.7294,11.837],[79.7324,11.8334],[79.7357,11.8093],[79.7245,11.8104],[79.7228,11.7968],[79.7139,11.7963],[79.7124,11.7915],[79.7262,11.7825],[79.7551,11.7752],[79.762,11.7908],[79.7659,11.7918],[79.7707,11.7895],[79.7719,11.7822],[79.7805,11.7811],[79.7844,11.7873],[79.7959,11.7857],[79.7866,11.7337],[79.773,11.6856],[79.7607,11.6244],[79.757,11.557],[79.7629,11.5295],[79.774,11.5047],[79.7674,11.5139],[79.7679,11.5107],[79.7727,11.5011],[79.7743,11.5037],[79.7746,11.5009],[79.7782,11.5015],[79.7707,11.5137],[79.7786,11.5064],[79.7792,11.5015],[79.7756,11.494],[79.7771,11.4886],[79.7975,11.4584],[79.7948,11.4662],[79.7977,11.4637],[79.8107,11.4327],[79.8129,11.4227],[79.8044,11.3832],[79.7916,11.3724],[79.7644,11.382],[79.7569,11.3729],[79.7593,11.3526],[79.7245,11.3458],[79.6838,11.312],[79.651,11.2999],[79.6424,11.2836],[79.6491,11.2619],[79.647,11.2493],[79.6336,11.2463],[79.6231,11.2552],[79.6164,11.2555],[79.6115,11.2491],[79.6086,11.2293],[79.5983,11.2182],[79.5619,11.2083],[79.5267,11.1837],[79.4996,11.1755],[79.4587,11.1506],[79.4558,11.1559],[79.4601,11.1594],[79.4639,11.1705],[79.4724,11.1772],[79.4818,11.1776],[79.4956,11.199],[79.5018,11.2033],[79.5055,11.2224],[79.5102,11.2281],[79.4952,11.2484],[79.4949,11.2585],[79.504,11.2578],[79.5052,11.2646],[79.5039,11.2724],[79.5012,11.2727],[79.5016,11.2911],[79.4975,11.293],[79.4951,11.3038],[79.4983,11.3139],[79.4874,11.3168],[79.4736,11.3141],[79.4709,11.3181],[79.4632,11.3183],[79.4641,11.3212],[79.4608,11.3208],[79.4581,11.3276],[79.4553,11.3259],[79.452,11.3286],[79.4487,11.3352],[79.4375,11.3338],[79.4308,11.3455],[79.4366,11.3489],[79.4373,11.3573],[79.4284,11.3574],[79.4258,11.3667],[79.4247,11.3604],[79.4085,11.3649],[79.4054,11.3541],[79.4003,11.3499],[79.3952,11.3535],[79.3936,11.3667],[79.3891,11.3688],[79.3941,11.3772],[79.3913,11.3782],[79.3897,11.3905],[79.3941,11.4017],[79.3846,11.4066],[79.3851,11.4092],[79.3798,11.4105],[79.3777,11.4029],[79.3796,11.4001],[79.3854,11.4019],[79.384,11.3971],[79.3772,11.3974],[79.3732,11.4008],[79.3774,11.4053],[79.3777,11.4113],[79.3684,11.4176],[79.3532,11.4189],[79.3461,11.4158],[79.3309,11.4194],[79.3127,11.4185],[79.308,11.4149],[79.2926,11.4123],[79.29,11.4023],[79.296,11.38],[79.2736,11.3803],[79.2729,11.3858],[79.2586,11.3885],[79.2494,11.3728],[79.2416,11.3696],[79.2382,11.3727],[79.2378,11.3886],[79.2302,11.392],[79.1766,11.374],[79.1614,11.3818],[79.1425,11.3843],[79.1284,11.3942],[79.1059,11.4017],[79.0831,11.3968],[79.053,11.4028],[79.0324,11.3936],[79.0107,11.3974],[78.997,11.4076],[78.9838,11.4029],[78.9621,11.4055],[78.9116,11.4654],[78.9087,11.4759],[78.8916,11.4891],[78.8776,11.5075],[78.8786,11.5099],[78.8857,11.5061],[78.9049,11.5053],[78.9175,11.5316],[78.9153,11.5385],[78.9238,11.5671],[78.9306,11.5658],[78.9464,11.5712],[78.9618,11.5698],[78.9743,11.5746],[78.9737,11.5695],[78.981,11.567],[78.9918,11.5707],[78.9963,11.5758],[79.0044,11.5746],[79.0189,11.5929],[79.0145,11.5953],[79.0121,11.6027],[79.0184,11.6067],[79.0335,11.598],[79.0418,11.5991],[79.0498,11.5956],[79.0432,11.5872],[79.0492,11.5857],[79.0647,11.5928],[79.0682,11.5988],[79.0779,11.5969],[79.077,11.608],[79.0656,11.6113],[79.0693,11.6209],[79.0675,11.6302],[79.0782,11.6296],[79.0841,11.6343],[79.0913,11.6233],[79.0986,11.6212],[79.0982,11.6142],[79.1029,11.6107],[79.1062,11.6149],[79.1129,11.6133],[79.1181,11.6055],[79.1165,11.5992],[79.1336,11.5939],[79.1358,11.589],[79.1477,11.5895],[79.1502,11.5975],[79.1565,11.5982],[79.1769,11.5917],[79.1837,11.586],[79.1925,11.593],[79.195,11.6034],[79.2055,11.6163],[79.2124,11.6201],[79.21,11.6337],[79.2189,11.6389],[79.2246,11.632],[79.2356,11.6293],[79.2487,11.6524],[79.263,11.6492],[79.2709,11.6437],[79.2796,11.6492],[79.2915,11.6473],[79.2967,11.6427],[79.2963,11.6364],[79.3087,11.6327],[79.3116,11.6439],[79.3185,11.6421],[79.32,11.648],[79.3264,11.6478],[79.3323,11.661],[79.3512,11.6576],[79.3598,11.6599],[79.3632,11.6626],[79.3605,11.6647],[79.3616,11.6727],[79.3743,11.6751],[79.3769,11.6791],[79.3955,11.6803],[79.3952,11.6773],[79.4184,11.6715],[79.4178,11.6679],[79.4317,11.6678],[79.4334,11.6639],[79.4443,11.666],[79.4427,11.6862],[79.4372,11.6918],[79.4345,11.7033],[79.4359,11.7239],[79.4285,11.7312],[79.4377,11.7337],[79.4398,11.7376],[79.4465,11.7353],[79.4569,11.7378],[79.4628,11.7432],[79.4631,11.7542],[79.4603,11.7553],[79.4638,11.7672],[79.4538,11.7697],[79.447,11.7639],[79.442,11.7684],[79.4388,11.7666],[79.4306,11.7785],[79.4394,11.7907],[79.4383,11.7952],[79.4435,11.81],[79.4495,11.8082],[79.4537,11.8111],[79.4664,11.8073],[79.4639,11.8006],[79.4683,11.7992],[79.4827,11.8119],[79.477,11.823],[79.4809,11.8284],[79.4805,11.8372],[79.4716,11.8354],[79.4688,11.8436],[79.4722,11.8469],[79.4515,11.8491],[79.4512,11.8628],[79.4551,11.8715],[79.471,11.8712],[79.51,11.8576],[79.5292,11.8571],[79.5427,11.8479],[79.565,11.8399],[79.58,11.8436],[79.5908,11.8415],[79.6038,11.829],[79.6168,11.8247],[79.6243,11.8118],[79.6368,11.8005],[79.6474,11.7994],[79.6682,11.8106],[79.6748,11.8068],[79.6814,11.7962],[79.6839,11.8022],[79.6897,11.8021],[79.6906,11.807],[79.6857,11.8125],[79.6875,11.8207],[79.6908,11.8204],[79.69,11.8276],[79.6853,11.832],[79.7031,11.8319],[79.6947,11.8444],[79.6946,11.8597],[79.6894,11.8642],[79.6898,11.8808],[79.6851,11.881],[79.6847,11.8859],[79.7101,11.8891]],[[79.6946,11.823],[79.693,11.8137],[79.7042,11.8135],[79.702,11.8229],[79.6946,11.823]],[[79.6991,11.8613],[79.6972,11.8741],[79.696,11.8604],[79.6991,11.8613]]],[[[79.7754,11.905],[79.7877,11.8968],[79.7965,11.8999],[79.7968,11.8943],[79.7924,11.8768],[79.7872,11.8733],[79.7852,11.8631],[79.7807,11.8627],[79.7778,11.8667],[79.7792,11.8778],[79.7728,11.8752],[79.7705,11.8909],[79.7729,11.9004],[79.7692,11.9007],[79.7752,11.9018],[79.7754,11.905]],[[79.7912,11.8839],[79.7933,11.8846],[79.7916,11.885],[79.7912,11.8839]],[[79.789,11.895],[79.791,11.8953],[79.7893,11.8958],[79.789,11.895]]]]}},{"type":"Feature","bbox":[77.6747,11.776,78.7452,12.5137],"properties":{"kind":"district","district":"Dharmapuri"},"geometry":{"type":"Polygon","coordinates":[[[77.9424,12.5137],[77.9535,12.5017],[77.946,12.4993],[77.9537,12.4921],[77.9534,12.486],[77.9589,12.4839],[77.9658,12.4862],[77.9683,12.4953],[77.9818,12.4991],[77.9858,12.5098],[77.9901,12.509],[77.9938,12.5004],[78.0118,12.5028],[78.0147,12.4907],[78.0127,12.4845],[78.0239,12.4711],[78.0211,12.4663],[78.0271,12.4597],[78.0382,12.4615],[78.0416,12.4735],[78.0491,12.4756],[78.0597,12.4647],[78.0684,12.4674],[78.0778,12.4636],[78.0774,12.4517],[78.0801,12.4489],[78.0981,12.4454],[78.1083,12.4553],[78.1181,12.4547],[78.1146,12.4453],[78.1274,12.4419],[78.1376,12.4351],[78.1425,12.4272],[78.1317,12.412],[78.1353,12.4099],[78.1346,12.4064],[78.1278,12.4023],[78.1349,12.3819],[78.142,12.3753],[78.1428,12.3707],[78.1667,12.3629],[78.1636,12.3509],[78.1736,12.3372],[78.1948,12.3324],[78.2008,12.3358],[78.2052,12.3291],[78.216,12.3341],[78.2271,12.3489],[78.2362,12.3479],[78.2355,12.3412],[78.239,12.3401],[78.2397,12.3341],[78.2473,12.3328],[78.2461,12.3281],[78.2294,12.3174],[78.2356,12.3071],[78.232,12.3022],[78.2582,12.2945],[78.263,12.2892],[78.2596,12.2787],[78.2675,12.2634],[78.2771,12.2602],[78.2824,12.2683],[78.3022,12.274],[78.3076,12.2659],[78.3169,12.2601],[78.3235,12.2591],[78.3284,12.2651],[78.3343,12.2635],[78.3526,12.2473],[78.3588,12.2352],[78.3549,12.2262],[78.3628,12.2235],[78.3698,12.2267],[78.375,12.2215],[78.3844,12.2284],[78.4031,12.2239],[78.4,12.2172],[78.4017,12.2133],[78.3919,12.2045],[78.3797,12.2057],[78.3744,12.1953],[78.3827,12.195],[78.3909,12.1861],[78.3953,12.189],[78.3996,12.1879],[78.4086,12.1965],[78.4212,12.1897],[78.4464,12.1911],[78.4475,12.1853],[78.4719,12.1728],[78.4679,12.1666],[78.4704,12.1625],[78.4653,12.1467],[78.4693,12.1491],[78.4973,12.1392],[78.502,12.1444],[78.5064,12.1429],[78.5083,12.1562],[78.5176,12.1719],[78.5165,12.1772],[78.5546,12.1805],[78.566,12.1915],[78.5733,12.1937],[78.5825,12.1623],[78.5966,12.1681],[78.6112,12.1821],[78.621,12.1842],[78.6473,12.164],[78.6419,12.1497],[78.6355,12.1465],[78.6303,12.1308],[78.6314,12.1278],[78.6488,12.1294],[78.6572,12.125],[78.6644,12.1154],[78.6612,12.1025],[78.6841,12.1059],[78.691,12.1151],[78.7283,12.1274],[78.7379,12.1339],[78.7452,12.1239],[78.7341,12.1134],[78.7362,12.1111],[78.7228,12.0885],[78.7199,12.0672],[78.704,12.0301],[78.7,12.0047],[78.7024,12.0001],[78.6977,11.9925],[78.7029,11.9861],[78.7171,11.9841],[78.7099,11.9666],[78.7133,11.9507],[78.7083,11.9511],[78.7044,11.94],[78.7108,11.9318],[78.719,11.9276],[78.7239,11.9197],[78.7113,11.909],[78.7082,11.8979],[78.6947,11.8945],[78.6899,11.904],[78.6608,11.8953],[78.656,11.8914],[78.6551,11.8854],[78.6346,11.8883],[78.6362,11.8789],[78.6337,11.8742],[78.6277,11.873],[78.6253,11.8672],[78.6099,11.8527],[78.6016,11.8366],[78.6031,11.833],[78.5958,11.8228],[78.5743,11.8194],[78.5468,11.807],[78.535,11.8072],[78.5219,11.8153],[78.512,11.8115],[78.4908,11.8177],[78.4779,11.8176],[78.4688,11.8237],[78.4554,11.8264],[78.4407,11.8397],[78.4351,11.8547],[78.4331,11.8622],[78.4415,11.8683],[78.4353,11.8739],[78.4144,11.8801],[78.4031,11.8735],[78.4004,11.8633],[78.3949,11.8597],[78.3932,11.8525],[78.3873,11.8463],[78.3806,11.8257],[78.3512,11.7929],[78.345,11.7935],[78.3283,11.776],[78.3129,11.7827],[78.3272,11.7955],[78.3456,11.8242],[78.3508,11.8339],[78.3471,11.8404],[78.3515,11.8454],[78.348,11.8485],[78.3514,11.8487],[78.3538,11.8607],[78.3676,11.8806],[78.3657,11.8918],[78.3547,11.8917],[78.3531,11.8942],[78.3585,11.9017],[78.3589,11.9117],[78.3543,11.9123],[78.34,11.8972],[78.3363,11.9005],[78.3091,11.8812],[78.3077,11.883],[78.3264,11.8996],[78.3227,11.9052],[78.3315,11.9222],[78.3244,11.9301],[78.3171,11.9317],[78.3099,11.9241],[78.3023,11.9227],[78.2991,11.9176],[78.2916,11.9145],[78.2927,11.9068],[78.2801,11.8996],[78.269,11.9003],[78.28,11.9149],[78.2802,11.9236],[78.2916,11.9275],[78.2937,11.9297],[78.2908,11.9321],[78.2845,11.9292],[78.2806,11.9324],[78.275,11.9314],[78.2619,11.912],[78.2579,11.9124],[78.2626,11.9274],[78.2728,11.9379],[78.257,11.9402],[78.2559,11.9332],[78.242,11.9267],[78.2358,11.918],[78.2501,11.9382],[78.2531,11.9508],[78.2479,11.9566],[78.245,11.9682],[78.238,11.9725],[78.2349,11.9793],[78.1828,11.9704],[78.1791,11.9728],[78.1685,11.9674],[78.1449,11.9683],[78.1352,11.9632],[78.129,11.9645],[78.1221,11.9593],[78.1006,11.9558],[78.0957,11.9533],[78.095,11.9491],[78.0809,11.9445],[78.0793,11.9401],[78.0769,11.9414],[78.0737,11.9376],[78.039,11.9363],[78.0299,11.9289],[78.0269,11.9205],[78.0113,11.9213],[78.0064,11.9144],[78.001,11.9142],[77.9984,11.9098],[77.9842,11.9024],[77.98,11.903],[77.9788,11.8972],[77.9703,11.8956],[77.961,11.9009],[77.9507,11.8992],[77.9485,11.8949],[77.9329,11.9013],[77.9172,11.8983],[77.9051,11.9003],[77.892,11.9089],[77.8869,11.9079],[77.8832,11.9122],[77.8731,11.9111],[77.8671,11.9157],[77.8501,11.9049],[77.8514,11.8991],[77.8477,11.8943],[77.8346,11.9016],[77.8074,11.9091],[77.7627,11.9099],[77.7506,11.9281],[77.7455,11.9273],[77.7407,11.9313],[77.7367,11.9406],[77.7012,11.9436],[77.6913,11.9418],[77.6757,11.952],[77.6747,11.9659],[77.6964,12.0158],[77.7089,12.036],[77.7275,12.062],[77.7557,12.0797],[77.7678,12.1066],[77.7764,12.1123],[77.7738,12.1205],[77.7498,12.1385],[77.7467,12.1558],[77.761,12.1693],[77.7724,12.172],[77.7768,12.1574],[77.7939,12.1477],[77.7948,12.1688],[77.7964,12.173],[77.8035,12.1762],[77.8092,12.2005],[77.8106,12.2268],[77.8145,12.2342],[77.8335,12.2465],[77.8453,12.2622],[77.8538,12.2619],[77.8617,12.2545],[77.8677,12.2658],[77.875,12.3032],[77.8719,12.3244],[77.8684,12.3248],[77.8672,12.3302],[77.8792,12.3359],[77.8948,12.3335],[77.9093,12.3268],[77.9183,12.3281],[77.9267,12.3251],[77.9485,12.3366],[77.9498,12.3487],[77.9546,12.3513],[77.9495,12.3751],[77.968,12.3948],[77.9709,12.4127],[77.9631,12.4303],[77.9467,12.4439],[77.9451,12.4494],[77.9403,12.4499],[77.9381,12.445],[77.9304,12.4418],[77.9238,12.4561],[77.9259,12.4637],[77.9345,12.4694],[77.9222,12.4907],[77.9058,12.4894],[77.8999,12.4997],[77.9049,12.5013],[77.9004,12.5033],[77.9089,12.5127],[77.9131,12.5065],[77.9215,12.5042],[77.9424,12.5137]]]}},{"type":"Feature","bbox":[77.2666,10.0181,78.3399,10.8351],"properties":{"kind":"district","district":"Dindigul"},"geometry":{"type":"Polygon","coordinates":[[[78.176,10.8351],[78.177,10.8228],[78.1799,10.8228],[78.1826,10.8238],[78.1819,10.8328],[78.1866,10.833],[78.1863,10.8263],[78.1808,10.8212],[78.1861,10.8193],[78.1699,10.799],[78.1682,10.7759],[78.1516,10.7405],[78.1547,10.7201],[78.1451,10.6767],[78.1485,10.6605],[78.1455,10.6496],[78.1631,10.6489],[78.1603,10.6331],[78.1654,10.6137],[78.1449,10.6055],[78.1362,10.5968],[78.1327,10.5751],[78.1378,10.5704],[78.1392,10.5626],[78.161,10.5625],[78.17,10.5542],[78.18,10.5598],[78.1888,10.5591],[78.1904,10.5534],[78.2,10.5467],[78.1901,10.5385],[78.1849,10.5214],[78.1766,10.5174],[78.1734,10.5037],[78.1917,10.5009],[78.2026,10.4865],[78.1999,10.4815],[78.2036,10.4803],[78.2065,10.474],[78.2144,10.473],[78.2189,10.4662],[78.234,10.4703],[78.2464,10.4679],[78.253,10.4624],[78.2955,10.4509],[78.3151,10.4395],[78.3065,10.4232],[78.3068,10.4122],[78.3033,10.4074],[78.2878,10.4021],[78.2876,10.3933],[78.2772,10.3832],[78.2793,10.3726],[78.2858,10.37],[78.3048,10.3522],[78.3178,10.3487],[78.324,10.3372],[78.3308,10.3376],[78.331,10.3328],[78.3378,10.3255],[78.337,10.3108],[78.333,10.2989],[78.3294,10.2978],[78.3387,10.2983],[78.3353,10.2937],[78.3399,10.2887],[78.3288,10.2893],[78.3294,10.2858],[78.326,10.2851],[78.3298,10.2806],[78.3282,10.2768],[78.3301,10.2779],[78.3271,10.2725],[78.3305,10.2685],[78.3277,10.2557],[78.332,10.2549],[78.3297,10.2485],[78.3217,10.2477],[78.3227,10.2389],[78.3287,10.2284],[78.3202,10.2141],[78.309,10.2147],[78.3148,10.2105],[78.3135,10.2088],[78.3038,10.2109],[78.2914,10.2039],[78.2823,10.1907],[78.2689,10.1824],[78.2728,10.1811],[78.2722,10.1719],[78.2597,10.1614],[78.2598,10.1542],[78.2697,10.1513],[78.2669,10.1575],[78.2619,10.159],[78.2814,10.1669],[78.2843,10.1486],[78.2805,10.1422],[78.2808,10.1296],[78.2705,10.1294],[78.2744,10.1208],[78.2734,10.1148],[78.2689,10.107],[78.2659,10.1085],[78.2613,10.1024],[78.2645,10.0936],[78.2604,10.0859],[78.2441,10.0845],[78.2364,10.0777],[78.2302,10.0791],[78.2126,10.0753],[78.2029,10.0669],[78.2006,10.0741],[78.204,10.0793],[78.1786,10.0926],[78.1702,10.0925],[78.1699,10.0968],[78.1747,10.0983],[78.1707,10.098],[78.1692,10.1022],[78.1563,10.1073],[78.1654,10.1239],[78.1643,10.1411],[78.1586,10.1444],[78.1612,10.1545],[78.1522,10.1632],[78.1513,10.1715],[78.1461,10.1794],[78.1306,10.1875],[78.1242,10.1856],[78.12,10.1894],[78.1074,10.1893],[78.1036,10.1923],[78.0968,10.1903],[78.0915,10.182],[78.0708,10.1881],[78.0632,10.1833],[78.02,10.1845],[78.0127,10.1707],[78.0137,10.1634],[77.9971,10.1607],[77.9841,10.1366],[77.9727,10.1312],[77.965,10.1328],[77.9661,10.1351],[77.9622,10.1373],[77.9599,10.1312],[77.954,10.1299],[77.9336,10.1136],[77.9338,10.1048],[77.9293,10.101],[77.9313,10.0903],[77.9367,10.0925],[77.9467,10.0906],[77.9465,10.0836],[77.9254,10.091],[77.9196,10.0719],[77.909,10.0758],[77.9029,10.0747],[77.9043,10.0723],[77.9015,10.0711],[77.891,10.0781],[77.8839,10.0746],[77.8826,10.0685],[77.8748,10.0616],[77.8636,10.0742],[77.8476,10.0754],[77.8355,10.0741],[77.8229,10.0655],[77.8056,10.0676],[77.7887,10.0539],[77.7805,10.0509],[77.7636,10.0559],[77.76,10.0466],[77.7554,10.0486],[77.7172,10.0181],[77.7104,10.0203],[77.7117,10.034],[77.7063,10.038],[77.7126,10.0479],[77.7077,10.0646],[77.7085,10.0815],[77.6969,10.0867],[77.7025,10.1027],[77.6942,10.1111],[77.6686,10.1224],[77.6691,10.1261],[77.6755,10.1266],[77.6764,10.1446],[77.6921,10.1454],[77.6972,10.1352],[77.7036,10.1341],[77.7079,10.1289],[77.7157,10.1287],[77.7217,10.134],[77.7295,10.1314],[77.7243,10.1361],[77.7239,10.1462],[77.7246,10.1539],[77.7274,10.1539],[77.7289,10.1592],[77.7219,10.1668],[77.7122,10.17],[77.7123,10.175],[77.7013,10.1952],[77.7048,10.1961],[77.7043,10.2006],[77.71,10.2063],[77.7065,10.2159],[77.7062,10.2126],[77.7025,10.2142],[77.7024,10.2077],[77.6967,10.2063],[77.6979,10.2019],[77.6932,10.1969],[77.6815,10.2015],[77.6644,10.1888],[77.662,10.1931],[77.6601,10.1911],[77.6529,10.1947],[77.6538,10.1985],[77.6497,10.1987],[77.6453,10.2045],[77.632,10.2063],[77.63,10.2103],[77.6256,10.211],[77.6233,10.2187],[77.6154,10.2125],[77.6101,10.2135],[77.6038,10.2059],[77.5957,10.2056],[77.5962,10.2022],[77.603,10.2],[77.5983,10.1943],[77.5919,10.1913],[77.589,10.1968],[77.5697,10.1813],[77.5674,10.1827],[77.5668,10.1954],[77.5557,10.2021],[77.5498,10.1999],[77.5482,10.2039],[77.5464,10.1987],[77.5513,10.1918],[77.5445,10.1925],[77.5431,10.1879],[77.5472,10.1861],[77.5463,10.1829],[77.5438,10.1817],[77.5381,10.1877],[77.5368,10.1796],[77.5232,10.1761],[77.5276,10.1739],[77.5118,10.1609],[77.5,10.161],[77.4878,10.1477],[77.4826,10.1539],[77.4807,10.147],[77.4758,10.1477],[77.4721,10.1457],[77.4724,10.1426],[77.468,10.1423],[77.4656,10.1288],[77.4521,10.1361],[77.4448,10.1363],[77.4382,10.1324],[77.4276,10.1361],[77.4114,10.145],[77.4087,10.1584],[77.3954,10.1628],[77.3847,10.1467],[77.3721,10.1393],[77.3603,10.151],[77.3415,10.136],[77.3293,10.1427],[77.3237,10.1276],[77.313,10.1354],[77.3025,10.136],[77.2927,10.1311],[77.2895,10.125],[77.2841,10.1254],[77.283,10.1178],[77.2666,10.1193],[77.2682,10.1268],[77.2748,10.1325],[77.2718,10.142],[77.2753,10.1844],[77.2786,10.1942],[77.2848,10.2006],[77.2831,10.2086],[77.2873,10.2093],[77.295,10.2179],[77.2881,10.2319],[77.2968,10.2527],[77.3041,10.2442],[77.3105,10.2463],[77.3247,10.2648],[77.3251,10.2701],[77.3478,10.2636],[77.3513,10.2733],[77.3474,10.2901],[77.3413,10.2963],[77.342,10.3001],[77.3299,10.3096],[77.3313,10.3148],[77.3265,10.3211],[77.3349,10.3321],[77.3298,10.3349],[77.33,10.3411],[77.3361,10.3486],[77.3366,10.3541],[77.3157,10.3557],[77.3138,10.372],[77.3168,10.4027],[77.3201,10.4067],[77.3195,10.4184],[77.3229,10.4254],[77.32,10.434],[77.3272,10.4347],[77.3234,10.4397],[77.3255,10.4444],[77.3229,10.4485],[77.3323,10.4546],[77.3446,10.4539],[77.3445,10.4483],[77.3571,10.4448],[77.3713,10.4494],[77.3851,10.449],[77.3853,10.4709],[77.3796,10.485],[77.3767,10.486],[77.3785,10.4936],[77.3926,10.495],[77.395,10.5001],[77.4017,10.4988],[77.4057,10.5221],[77.378,10.5259],[77.3779,10.5293],[77.373,10.53],[77.368,10.5467],[77.3708,10.5545],[77.3776,10.5611],[77.3811,10.5778],[77.3852,10.5827],[77.385,10.5914],[77.3883,10.5911],[77.3887,10.5967],[77.3962,10.5979],[77.3945,10.6053],[77.4017,10.6134],[77.4096,10.6187],[77.4128,10.6174],[77.4177,10.6256],[77.4277,10.6273],[77.4326,10.6314],[77.4451,10.6297],[77.4582,10.6424],[77.4657,10.6446],[77.4729,10.6426],[77.4825,10.65],[77.4854,10.6464],[77.5046,10.6426],[77.5067,10.627],[77.5106,10.6266],[77.5098,10.6227],[77.5161,10.613],[77.5073,10.6134],[77.5083,10.607],[77.5147,10.6056],[77.5285,10.6094],[77.5323,10.6069],[77.5428,10.6098],[77.5492,10.639],[77.5643,10.6491],[77.5715,10.6579],[77.5748,10.6634],[77.573,10.6657],[77.5818,10.6772],[77.5801,10.6791],[77.586,10.6835],[77.5962,10.6759],[77.6368,10.6687],[77.6557,10.6734],[77.6647,10.7163],[77.6741,10.7202],[77.6729,10.724],[77.6896,10.7322],[77.6886,10.7347],[77.6936,10.7352],[77.702,10.7337],[77.7087,10.6863],[77.6989,10.6621],[77.7141,10.6415],[77.7231,10.6408],[77.7205,10.6312],[77.7307,10.6305],[77.7342,10.6352],[77.7405,10.6354],[77.7467,10.6407],[77.7547,10.6518],[77.7557,10.6716],[77.7623,10.672],[77.7676,10.6768],[77.7658,10.6788],[77.7707,10.681],[77.7888,10.6852],[77.8138,10.6775],[77.8177,10.6794],[77.813,10.6482],[77.8307,10.6328],[77.846,10.639],[77.847,10.6365],[77.8723,10.6312],[77.8764,10.6448],[77.8819,10.649],[77.8856,10.6503],[77.8959,10.6455],[77.8996,10.6504],[77.9027,10.6487],[77.909,10.657],[77.914,10.6482],[77.9319,10.6467],[77.9351,10.6436],[77.9501,10.644],[77.9518,10.6402],[77.9778,10.6398],[77.9795,10.6434],[77.9727,10.6555],[77.9698,10.6725],[77.9781,10.6749],[77.9926,10.6711],[78.0008,10.6761],[78.0055,10.6755],[78.0091,10.7094],[78.0152,10.7196],[78.0087,10.7221],[78.0106,10.7311],[77.9987,10.7302],[77.996,10.7378],[77.9982,10.7428],[77.9579,10.7438],[77.9313,10.7366],[77.9322,10.7532],[77.9392,10.7683],[77.9833,10.7595],[77.9948,10.7618],[77.9989,10.7742],[78.019,10.7743],[78.0246,10.7716],[78.0226,10.7766],[78.0267,10.7752],[78.0278,10.7815],[78.0339,10.7799],[78.0341,10.7745],[78.0471,10.7776],[78.0478,10.7735],[78.0557,10.7739],[78.0569,10.7636],[78.0609,10.768],[78.066,10.7677],[78.0699,10.7757],[78.079,10.7756],[78.0833,10.7712],[78.0981,10.7669],[78.1001,10.7792],[78.0969,10.7803],[78.0964,10.7889],[78.1051,10.805],[78.1491,10.8039],[78.1523,10.8264],[78.1585,10.8277],[78.1586,10.8328],[78.1706,10.832],[78.176,10.8351]]]}},{"type":"Feature","bbox":[76.8304,11.0234,77.9331,11.8485],"properties":{"kind":"district","district":"Erode"},"geometry":{"type":"MultiPolygon","coordinates":[[[[77.014,11.8062],[77.0169,11.8107],[77.0299,11.8047],[77.0342,11.7999],[77.0327,11.7959],[77.0387,11.7938],[77.0355,11.7831],[77.0289,11.7747],[77.0351,11.7698],[77.0465,11.7876],[77.0629,11.7904],[77.0669,11.788],[77.0698,11.7821],[77.0564,11.7698],[77.0828,11.7398],[77.0802,11.736],[77.105,11.7328],[77.1177,11.7211],[77.1174,11.7285],[77.1154,11.7282],[77.1175,11.7318],[77.1142,11.7345],[77.1114,11.7504],[77.1085,11.7526],[77.1125,11.7569],[77.1107,11.7735],[77.1381,11.7726],[77.1471,11.7819],[77.182,11.7863],[77.1892,11.7925],[77.2386,11.7947],[77.2496,11.8042],[77.2499,11.813],[77.288,11.8004],[77.2939,11.809],[77.3351,11.7712],[77.3604,11.7795],[77.3648,11.7904],[77.3703,11.7867],[77.3945,11.7876],[77.4137,11.7747],[77.4222,11.7724],[77.4226,11.7617],[77.4272,11.7609],[77.4269,11.7544],[77.4155,11.741],[77.419,11.7292],[77.4232,11.728],[77.4268,11.7331],[77.4338,11.7322],[77.4344,11.7153],[77.4385,11.7143],[77.4394,11.7186],[77.4432,11.7166],[77.4391,11.7105],[77.4416,11.7069],[77.4371,11.7068],[77.4356,11.7028],[77.442,11.6816],[77.4397,11.6737],[77.454,11.6661],[77.4509,11.6574],[77.438,11.6467],[77.4385,11.6359],[77.445,11.6184],[77.4586,11.6066],[77.4497,11.5954],[77.4518,11.5806],[77.4447,11.5614],[77.4856,11.5498],[77.4962,11.5518],[77.4972,11.5561],[77.4933,11.5588],[77.504,11.5645],[77.5163,11.5793],[77.5128,11.5919],[77.5202,11.587],[77.5287,11.5863],[77.5355,11.6018],[77.5373,11.6192],[77.5601,11.6499],[77.5643,11.6609],[77.5767,11.6525],[77.5718,11.665],[77.5818,11.6759],[77.5784,11.6853],[77.589,11.685],[77.5887,11.6795],[77.5922,11.6795],[77.5926,11.6735],[77.5985,11.6718],[77.6063,11.6593],[77.6063,11.6542],[77.6107,11.6522],[77.6191,11.6569],[77.6228,11.6649],[77.6161,11.6715],[77.6184,11.6762],[77.6253,11.673],[77.625,11.6637],[77.6343,11.664],[77.6348,11.6747],[77.6374,11.6748],[77.6492,11.7048],[77.6587,11.7178],[77.6708,11.7207],[77.6755,11.7253],[77.6717,11.7286],[77.6727,11.7328],[77.6754,11.7318],[77.6863,11.7425],[77.6973,11.7606],[77.7057,11.7762],[77.7098,11.7976],[77.7222,11.7951],[77.7152,11.7756],[77.7079,11.7661],[77.7067,11.7555],[77.6973,11.7357],[77.6964,11.7226],[77.691,11.7185],[77.6951,11.7068],[77.6899,11.6948],[77.6963,11.6959],[77.6982,11.6935],[77.6896,11.6637],[77.6895,11.6524],[77.6955,11.6396],[77.7,11.635],[77.7055,11.6344],[77.7163,11.6422],[77.7182,11.6462],[77.715,11.6493],[77.7218,11.6524],[77.7242,11.6497],[77.7342,11.6579],[77.7456,11.6546],[77.7489,11.6642],[77.7706,11.6971],[77.7765,11.6957],[77.7676,11.6772],[77.7613,11.6482],[77.751,11.6338],[77.7492,11.623],[77.7359,11.6013],[77.7462,11.5706],[77.7241,11.5367],[77.7324,11.5117],[77.721,11.5034],[77.6991,11.477],[77.6957,11.4597],[77.6864,11.4416],[77.6837,11.4195],[77.6951,11.409],[77.7175,11.3783],[77.7389,11.3679],[77.7508,11.3542],[77.7576,11.3343],[77.7724,11.3221],[77.7829,11.3014],[77.8077,11.2676],[77.8257,11.2611],[77.8408,11.2606],[77.8648,11.2424],[77.8708,11.2148],[77.8642,11.2024],[77.8615,11.1857],[77.8667,11.1736],[77.8795,11.1637],[77.8843,11.1559],[77.8817,11.1254],[77.8874,11.0882],[77.8953,11.0767],[77.9331,11.0702],[77.9215,11.0487],[77.9173,11.0454],[77.9073,11.046],[77.9007,11.0346],[77.8873,11.0318],[77.8811,11.0243],[77.8691,11.0234],[77.8615,11.0304],[77.8543,11.0317],[77.8516,11.0461],[77.844,11.0481],[77.8399,11.0445],[77.8305,11.0478],[77.8281,11.0632],[77.8178,11.0703],[77.811,11.0711],[77.8045,11.063],[77.7939,11.0674],[77.7796,11.063],[77.7752,11.0583],[77.7382,11.0854],[77.7316,11.0825],[77.7301,11.0767],[77.7134,11.0782],[77.7083,11.0905],[77.7027,11.094],[77.6614,11.1038],[77.6545,11.1162],[77.6469,11.1155],[77.6389,11.1239],[77.6231,11.1271],[77.6136,11.1255],[77.6074,11.1167],[77.5987,11.1116],[77.5842,11.1214],[77.5751,11.1193],[77.5562,11.1082],[77.5385,11.108],[77.5315,11.1039],[77.5033,11.1069],[77.5046,11.1254],[77.4989,11.1466],[77.4937,11.1406],[77.4853,11.1431],[77.4832,11.14],[77.4813,11.1432],[77.4841,11.1499],[77.4818,11.1516],[77.4851,11.1608],[77.4791,11.1596],[77.4781,11.1634],[77.4759,11.1639],[77.4758,11.16],[77.4715,11.16],[77.473,11.1631],[77.4697,11.1648],[77.4763,11.1849],[77.4879,11.179],[77.4901,11.1816],[77.5123,11.183],[77.5169,11.2056],[77.5142,11.206],[77.5136,11.1998],[77.5107,11.1985],[77.499,11.2056],[77.502,11.2193],[77.4945,11.2225],[77.5002,11.2268],[77.494,11.2322],[77.489,11.2302],[77.4862,11.2368],[77.4801,11.2365],[77.47,11.247],[77.4701,11.2532],[77.4653,11.2523],[77.4658,11.2571],[77.4632,11.2585],[77.4691,11.2701],[77.4673,11.2769],[77.4628,11.279],[77.4648,11.2839],[77.4609,11.2834],[77.4564,11.2936],[77.4574,11.2992],[77.4602,11.2969],[77.4617,11.2992],[77.4526,11.3132],[77.4545,11.3068],[77.4495,11.3061],[77.4482,11.3115],[77.444,11.3057],[77.4257,11.3197],[77.4209,11.3105],[77.4027,11.3151],[77.3941,11.3219],[77.3868,11.3221],[77.3841,11.3294],[77.3804,11.3307],[77.3786,11.3394],[77.3632,11.3415],[77.3661,11.3171],[77.3338,11.3151],[77.3333,11.3069],[77.3453,11.3],[77.3486,11.2866],[77.3448,11.2812],[77.3443,11.272],[77.335,11.263],[77.3364,11.2571],[77.3313,11.2568],[77.3032,11.2664],[77.2956,11.2728],[77.3077,11.2745],[77.3144,11.282],[77.2919,11.2865],[77.2863,11.2924],[77.2882,11.3223],[77.293,11.33],[77.2889,11.3437],[77.2877,11.3332],[77.2817,11.3344],[77.2626,11.3154],[77.254,11.3142],[77.2539,11.3108],[77.2505,11.3118],[77.254,11.3212],[77.249,11.3296],[77.2478,11.3249],[77.2383,11.3224],[77.2407,11.3205],[77.2375,11.3119],[77.2415,11.3051],[77.2191,11.3038],[77.2163,11.2978],[77.2034,11.3],[77.2043,11.3099],[77.2181,11.3059],[77.2213,11.3074],[77.2192,11.3115],[77.2265,11.3176],[77.2365,11.3141],[77.2345,11.3311],[77.2215,11.3402],[77.2348,11.3482],[77.2341,11.352],[77.2108,11.3496],[77.2084,11.3444],[77.1995,11.3436],[77.1966,11.3387],[77.1787,11.3421],[77.1745,11.3325],[77.1791,11.3307],[77.1831,11.3222],[77.1825,11.3138],[77.1776,11.3172],[77.1677,11.3172],[77.1586,11.3327],[77.1381,11.34],[77.1322,11.3546],[77.1293,11.3542],[77.1331,11.363],[77.1295,11.3666],[77.1304,11.3753],[77.1284,11.3784],[77.1135,11.3805],[77.1103,11.4064],[77.0915,11.4033],[77.0932,11.399],[77.0885,11.397],[77.0913,11.3936],[77.0812,11.3878],[77.0757,11.3917],[77.0705,11.3861],[77.0704,11.4025],[77.0454,11.4025],[77.0456,11.3992],[77.037,11.3929],[77.0325,11.3848],[77.0234,11.3877],[77.025,11.3727],[77.0134,11.3688],[76.9925,11.3771],[76.9876,11.3822],[76.9815,11.383],[76.9808,11.3782],[76.9716,11.3862],[76.9575,11.3811],[76.9704,11.3972],[76.9758,11.3957],[76.981,11.4013],[76.9763,11.4131],[76.9829,11.4404],[76.9971,11.4407],[77.0001,11.4349],[77.0074,11.4344],[77.0117,11.4421],[77.0122,11.452],[76.9993,11.4752],[76.9912,11.481],[76.9718,11.4677],[76.9559,11.4791],[76.9353,11.4822],[76.939,11.498],[76.9333,11.5035],[76.9338,11.5067],[76.9397,11.5167],[76.9451,11.5193],[76.9397,11.519],[76.9432,11.5224],[76.9384,11.5235],[76.938,11.5271],[76.9264,11.5251],[76.9274,11.5333],[76.9144,11.5242],[76.9083,11.5279],[76.8955,11.5274],[76.8663,11.5196],[76.8636,11.5293],[76.8666,11.5334],[76.8631,11.5441],[76.848,11.5614],[76.8395,11.5663],[76.8395,11.5695],[76.8304,11.5719],[76.8422,11.5854],[76.8467,11.5821],[76.8469,11.5945],[76.8565,11.5993],[76.8581,11.614],[76.8505,11.616],[76.8488,11.6186],[76.8521,11.6217],[76.8429,11.6268],[76.8453,11.6338],[76.8359,11.6375],[76.8346,11.6397],[76.8379,11.6419],[76.8337,11.649],[76.8418,11.6621],[76.8528,11.6924],[76.8637,11.7054],[76.8612,11.7072],[76.8626,11.711],[76.8742,11.7241],[76.8883,11.7336],[76.8881,11.7417],[76.8962,11.7598],[76.8966,11.7765],[76.908,11.7952],[76.9222,11.7918],[76.9321,11.7928],[76.9424,11.788],[76.9539,11.7921],[76.9612,11.7816],[76.9699,11.7769],[76.9836,11.8017],[76.9821,11.8115],[76.9935,11.8092],[77.0129,11.8146],[77.014,11.8062]],[[77.0005,11.5171],[77.004,11.5135],[77.0046,11.517],[77.0005,11.5171]],[[76.9536,11.547],[76.9548,11.5529],[76.9497,11.5545],[76.9487,11.5516],[76.9536,11.547]]],[[[77.5407,11.6398],[77.5438,11.6444],[77.549,11.641],[77.5458,11.6364],[77.5407,11.6398]]],[[[77.5523,11.6638],[77.5553,11.6694],[77.5603,11.6662],[77.5564,11.661],[77.5523,11.6638]]],[[[77.542,11.8427],[77.5449,11.8325],[77.5425,11.8247],[77.5474,11.8196],[77.5462,11.8147],[77.5495,11.8084],[77.5421,11.8016],[77.5735,11.8012],[77.5719,11.7855],[77.5934,11.7856],[77.606,11.7916],[77.6163,11.7863],[77.6171,11.7768],[77.6209,11.7757],[77.6354,11.7539],[77.6338,11.7422],[77.636,11.7415],[77.6315,11.7292],[77.627,11.727],[77.6208,11.7372],[77.6134,11.7663],[77.5929,11.7705],[77.5907,11.7733],[77.5852,11.758],[77.596,11.7498],[77.5779,11.7252],[77.5832,11.7224],[77.5716,11.7114],[77.5633,11.7311],[77.5601,11.7623],[77.5571,11.7665],[77.5399,11.7524],[77.5475,11.7485],[77.5477,11.7444],[77.5388,11.7393],[77.5285,11.7476],[77.5284,11.7513],[77.5098,11.7533],[77.4764,11.7138],[77.472,11.7181],[77.4694,11.7071],[77.4717,11.694],[77.4574,11.678],[77.4534,11.6937],[77.45,11.6969],[77.4629,11.7396],[77.4669,11.7436],[77.4804,11.7392],[77.4996,11.7507],[77.5084,11.7622],[77.5294,11.7763],[77.533,11.7913],[77.5272,11.7999],[77.5266,11.8113],[77.532,11.8147],[77.5353,11.8257],[77.5338,11.8372],[77.525,11.8446],[77.5321,11.8485],[77.542,11.8427]]],[[[77.5575,11.8198],[77.5515,11.8161],[77.5486,11.8195],[77.5556,11.8221],[77.5575,11.8198]]]]}},{"type":"Feature","bbox":[78.6271,11.5046,79.4827,12.0811],"properties":{"kind":"district","district":"Kallakurichi"},"geometry":{"type":"Polygon","coordinates":[[[79.0852,12.0811],[79.0985,12.0661],[79.0901,12.0448],[79.0846,12.0426],[79.0806,12.0471],[79.0769,12.0442],[79.0811,12.0389],[79.0789,12.0315],[79.0945,12.03],[79.096,12.0248],[79.1071,12.0198],[79.1125,12.0265],[79.1254,12.0188],[79.1364,12.0261],[79.14,12.0387],[79.1475,12.0441],[79.1586,12.0356],[79.1726,12.0305],[79.1706,12.0103],[79.1674,12.0058],[79.1708,12.0025],[79.1684,11.9922],[79.1712,11.9889],[79.1864,11.9858],[79.1847,11.9728],[79.209,11.9746],[79.218,11.9691],[79.2272,11.9575],[79.2371,11.9522],[79.271,11.9488],[79.2739,11.9445],[79.2845,11.9417],[79.2857,11.9456],[79.2926,11.9441],[79.3055,11.9339],[79.3081,11.9204],[79.3488,11.926],[79.364,11.9181],[79.3749,11.9195],[79.4146,11.8989],[79.441,11.8728],[79.4551,11.8715],[79.4512,11.8628],[79.4515,11.8491],[79.4722,11.8469],[79.4688,11.8436],[79.4716,11.8354],[79.4805,11.8372],[79.4809,11.8284],[79.477,11.823],[79.4827,11.8119],[79.4683,11.7992],[79.4639,11.8006],[79.4664,11.8073],[79.4537,11.8111],[79.4495,11.8082],[79.4435,11.81],[79.4383,11.7952],[79.4394,11.7907],[79.4306,11.7785],[79.4388,11.7666],[79.442,11.7684],[79.447,11.7639],[79.4538,11.7697],[79.4638,11.7672],[79.4603,11.7553],[79.4631,11.7542],[79.4628,11.7432],[79.4569,11.7378],[79.4465,11.7353],[79.4398,11.7376],[79.4377,11.7337],[79.4285,11.7312],[79.4359,11.7239],[79.4345,11.7033],[79.4372,11.6918],[79.4427,11.6862],[79.4443,11.666],[79.4334,11.6639],[79.4317,11.6678],[79.4178,11.6679],[79.4184,11.6715],[79.3952,11.6773],[79.3955,11.6803],[79.3769,11.6791],[79.3743,11.6751],[79.3616,11.6727],[79.3605,11.6647],[79.3632,11.6626],[79.3598,11.6599],[79.3512,11.6576],[79.3323,11.661],[79.3264,11.6478],[79.32,11.648],[79.3185,11.6421],[79.3116,11.6439],[79.3087,11.6327],[79.2963,11.6364],[79.2967,11.6427],[79.2915,11.6473],[79.2796,11.6492],[79.2709,11.6437],[79.263,11.6492],[79.2487,11.6524],[79.2356,11.6293],[79.2246,11.632],[79.2189,11.6389],[79.21,11.6337],[79.2124,11.6201],[79.2055,11.6163],[79.195,11.6034],[79.1925,11.593],[79.1837,11.586],[79.1769,11.5917],[79.1565,11.5982],[79.1502,11.5975],[79.1477,11.5895],[79.1358,11.589],[79.1336,11.5939],[79.1165,11.5992],[79.1181,11.6055],[79.1129,11.6133],[79.1062,11.6149],[79.1029,11.6107],[79.0982,11.6142],[79.0986,11.6212],[79.0913,11.6233],[79.0841,11.6343],[79.0782,11.6296],[79.0675,11.6302],[79.0693,11.6209],[79.0656,11.6113],[79.077,11.608],[79.0779,11.5969],[79.0682,11.5988],[79.055,11.5864],[79.0432,11.5872],[79.0498,11.5956],[79.0418,11.5991],[79.0335,11.598],[79.0184,11.6067],[79.0121,11.6027],[79.0145,11.5953],[79.0189,11.5929],[79.0044,11.5746],[78.9963,11.5758],[78.9918,11.5707],[78.981,11.567],[78.9737,11.5695],[78.9743,11.5746],[78.9618,11.5698],[78.9464,11.5712],[78.9306,11.5658],[78.9238,11.5671],[78.9153,11.5385],[78.9165,11.5284],[78.9114,11.5233],[78.9049,11.5053],[78.8996,11.5046],[78.8786,11.5099],[78.8776,11.5075],[78.8726,11.5116],[78.8719,11.5171],[78.8579,11.5231],[78.8448,11.522],[78.8345,11.5312],[78.8347,11.54],[78.8266,11.5443],[78.816,11.5425],[78.8162,11.5617],[78.8293,11.5782],[78.8243,11.5792],[78.8217,11.5858],[78.8173,11.5859],[78.8176,11.5909],[78.7956,11.5959],[78.7943,11.5995],[78.7862,11.5997],[78.7831,11.6041],[78.7753,11.606],[78.7767,11.6134],[78.7864,11.6135],[78.7898,11.6289],[78.7863,11.6334],[78.7863,11.6413],[78.7811,11.6371],[78.7736,11.6366],[78.7975,11.6554],[78.797,11.6586],[78.8065,11.6613],[78.8042,11.6763],[78.8061,11.6865],[78.7914,11.6934],[78.7806,11.7033],[78.7538,11.694],[78.725,11.689],[78.7179,11.6832],[78.7096,11.6902],[78.6932,11.6893],[78.6824,11.6821],[78.6779,11.6718],[78.6781,11.6676],[78.683,11.6672],[78.6785,11.665],[78.6801,11.6436],[78.6591,11.6479],[78.66,11.6616],[78.6459,11.6604],[78.6502,11.6721],[78.6527,11.7153],[78.6379,11.7212],[78.6432,11.7683],[78.6622,11.7799],[78.6653,11.7967],[78.6922,11.8039],[78.6901,11.8162],[78.6952,11.8512],[78.6776,11.8583],[78.6586,11.8568],[78.6553,11.8652],[78.6356,11.865],[78.6277,11.867],[78.6271,11.8711],[78.6362,11.8786],[78.6346,11.8883],[78.6551,11.8854],[78.656,11.8914],[78.6608,11.8953],[78.6899,11.904],[78.6947,11.8945],[78.7082,11.8979],[78.7113,11.909],[78.7239,11.9197],[78.719,11.9276],[78.7108,11.9318],[78.7044,11.94],[78.7083,11.9511],[78.7133,11.9507],[78.7099,11.9666],[78.7181,11.9875],[78.7365,11.988],[78.7348,11.9912],[78.7431,11.9954],[78.7575,12.0116],[78.7714,12.0067],[78.7803,12.0077],[78.8043,12.0196],[78.8178,12.0092],[78.842,12.0067],[78.8614,12.0123],[78.8608,12.0072],[78.8657,12.0043],[78.8673,12.0073],[78.8688,12.0037],[78.8711,12.0061],[78.8821,12.0022],[78.912,12.0054],[78.9137,12.0097],[78.9156,12.0073],[78.9273,12.0128],[78.9313,12.0197],[78.9363,12.0237],[78.9363,12.0209],[78.9433,12.029],[78.9489,12.0409],[78.9456,12.0417],[78.9476,12.0453],[78.9415,12.0506],[78.9597,12.0687],[78.9645,12.0645],[78.981,12.0656],[78.9863,12.062],[78.9885,12.0551],[78.995,12.0676],[79.0315,12.0644],[79.0209,12.0554],[79.0229,12.0501],[79.0258,12.0464],[79.0293,12.0476],[79.0427,12.041],[79.0435,12.038],[79.0525,12.0365],[79.0605,12.0522],[79.0677,12.0504],[79.0688,12.0525],[79.0611,12.0606],[79.063,12.0699],[79.0788,12.0712],[79.0852,12.0811]]]}},{"type":"Feature","bbox":[79.5563,12.5319,80.2678,13.0562],"properties":{"kind":"district","district":"Kanchipuram"},"geometry":{"type":"MultiPolygon","coordinates":[[[[79.9916,13.0534],[79.9789,13.0492],[79.9782,13.0401],[79.9742,13.0389],[79.9795,13.0331],[79.9876,13.0305],[79.9946,13.0467],[80.0222,13.0409],[80.0252,13.0386],[80.0223,13.0243],[80.0279,13.0198],[80.0435,13.0192],[80.0422,13.0298],[80.0466,13.0232],[80.0524,13.0228],[80.0604,13.0273],[80.0623,13.0345],[80.0711,13.0374],[80.0798,13.0162],[80.076,13.0172],[80.0731,13.0126],[80.0585,13.0089],[80.0572,13.0024],[80.0607,13.0013],[80.0635,12.9846],[80.0621,12.9819],[80.0529,12.9828],[80.0476,12.9647],[80.0541,12.9583],[80.0619,12.9579],[80.0614,12.9616],[80.0667,12.9592],[80.0725,12.9697],[80.0798,12.9695],[80.0805,12.973],[80.0857,12.9695],[80.0845,12.9616],[80.1042,12.9549],[80.0998,12.9457],[80.0912,12.9468],[80.084,12.9261],[80.0676,12.9144],[80.0523,12.8831],[80.0613,12.8637],[80.0537,12.8514],[80.0512,12.8399],[80.0402,12.8397],[80.0403,12.8343],[80.0319,12.8304],[80.0304,12.8226],[80.0223,12.8222],[80.0089,12.8149],[80.0094,12.8094],[80.0068,12.8092],[80.0061,12.813],[79.9921,12.8096],[79.9783,12.8146],[79.9678,12.814],[79.957,12.8252],[79.9583,12.8108],[79.9637,12.8094],[79.96,12.7975],[79.956,12.7908],[79.9403,12.7906],[79.9393,12.7834],[79.9326,12.7871],[79.9267,12.7984],[79.9252,12.7947],[79.9103,12.7999],[79.9013,12.7845],[79.8769,12.7797],[79.891,12.7733],[79.8825,12.767],[79.9036,12.7556],[79.9185,12.7524],[79.9266,12.7458],[79.9413,12.7302],[79.9517,12.7108],[79.9528,12.6994],[79.9311,12.7024],[79.9322,12.6953],[79.9171,12.6962],[79.917,12.6825],[79.9213,12.6802],[79.9231,12.6513],[79.9285,12.6372],[79.9245,12.6326],[79.9091,12.6402],[79.897,12.6416],[79.8954,12.6363],[79.888,12.6304],[79.8736,12.631],[79.8705,12.6266],[79.8631,12.6266],[79.8478,12.6315],[79.8407,12.6239],[79.8235,12.6207],[79.8053,12.6291],[79.8153,12.6061],[79.8113,12.5955],[79.8148,12.5875],[79.8176,12.5885],[79.8171,12.5824],[79.8206,12.5789],[79.8193,12.5655],[79.7959,12.5682],[79.7928,12.5606],[79.7801,12.5605],[79.7763,12.5562],[79.7769,12.5519],[79.7637,12.5502],[79.763,12.5565],[79.7537,12.5617],[79.7523,12.5489],[79.755,12.5431],[79.7483,12.5367],[79.7458,12.5376],[79.7439,12.5319],[79.7415,12.5328],[79.7146,12.5496],[79.7192,12.5646],[79.7169,12.5681],[79.7057,12.5695],[79.7066,12.5751],[79.7158,12.5812],[79.7249,12.579],[79.7246,12.5874],[79.7011,12.596],[79.6973,12.5945],[79.6884,12.6016],[79.6775,12.5985],[79.6724,12.5933],[79.6658,12.5934],[79.6585,12.6009],[79.6457,12.6031],[79.6454,12.6252],[79.6303,12.631],[79.6376,12.6542],[79.6431,12.6574],[79.6466,12.6704],[79.6595,12.6709],[79.6732,12.6663],[79.6825,12.668],[79.7419,12.6949],[79.7438,12.7029],[79.7357,12.7034],[79.7365,12.7189],[79.7263,12.7236],[79.7145,12.7243],[79.7135,12.7275],[79.7415,12.7346],[79.7448,12.7439],[79.7323,12.7521],[79.7311,12.756],[79.7093,12.7587],[79.7075,12.7778],[79.704,12.7801],[79.7033,12.7761],[79.6969,12.7763],[79.6773,12.7902],[79.6733,12.7909],[79.6705,12.7876],[79.6704,12.7777],[79.6573,12.7747],[79.6595,12.7675],[79.6545,12.7642],[79.6462,12.7725],[79.6502,12.7825],[79.6353,12.7864],[79.6429,12.8026],[79.6383,12.8148],[79.608,12.8294],[79.5964,12.8289],[79.5945,12.8323],[79.5854,12.8348],[79.5768,12.8442],[79.5563,12.8523],[79.5671,12.8594],[79.564,12.8691],[79.5584,12.8729],[79.557,12.8849],[79.5641,12.886],[79.5683,12.8938],[79.5663,12.8959],[79.5696,12.897],[79.5683,12.8996],[79.5898,12.9029],[79.6198,12.9135],[79.6354,12.9237],[79.6631,12.9304],[79.6589,12.9506],[79.6753,12.9564],[79.701,12.9763],[79.7341,12.9868],[79.7453,12.9958],[79.7476,13.0029],[79.7687,13.017],[79.7967,13.0277],[79.8011,13.0149],[79.8106,13.0182],[79.8181,13.0266],[79.8266,13.0304],[79.8245,13.0114],[79.8278,13.0099],[79.8305,12.997],[79.8236,12.9969],[79.8216,12.9928],[79.813,12.9903],[79.8148,12.9866],[79.82,12.9879],[79.818,12.9833],[79.8216,12.9783],[79.8212,12.962],[79.8319,12.9639],[79.8348,12.9624],[79.8324,12.9582],[79.8482,12.9564],[79.8526,12.9484],[79.8816,12.9481],[79.8907,12.9451],[79.8951,12.9486],[79.8962,12.959],[79.9035,12.9664],[79.9102,12.9659],[79.914,12.9789],[79.8892,12.9937],[79.9002,12.9958],[79.9084,13.0042],[79.9286,12.9901],[79.9358,12.9925],[79.9423,13.0013],[79.9418,13.0086],[79.931,13.0139],[79.9201,13.0143],[79.92,13.0195],[79.9114,13.0177],[79.911,13.0146],[79.9004,13.017],[79.9005,13.0299],[79.8971,13.0318],[79.9007,13.0495],[79.9119,13.0462],[79.9178,13.0476],[79.9182,13.035],[79.9487,13.0328],[79.9556,13.0378],[79.9688,13.0375],[79.9714,13.05],[79.9838,13.052],[79.9865,13.0562],[79.9916,13.0534]]],[[[80.1886,13.023],[80.2005,13.0283],[80.1987,13.0161],[80.2108,13.0089],[80.2042,12.983],[80.2163,12.9674],[80.2212,12.9651],[80.2288,12.9726],[80.2437,12.9799],[80.2434,12.9839],[80.253,12.9803],[80.253,12.9767],[80.2678,12.9751],[80.2592,12.9335],[80.2494,12.8572],[80.2364,12.8583],[80.2327,12.8522],[80.22,12.8525],[80.2129,12.8609],[80.2089,12.8728],[80.2165,12.8902],[80.2174,12.9106],[80.1988,12.9111],[80.2014,12.9239],[80.1992,12.9334],[80.1879,12.9379],[80.1982,12.9455],[80.2023,12.9531],[80.2008,12.9589],[80.1956,12.9602],[80.1959,12.9685],[80.186,12.9682],[80.1817,12.9712],[80.18,12.9791],[80.169,12.9802],[80.1607,12.998],[80.1652,13.0042],[80.1597,13.008],[80.1605,13.0123],[80.1582,13.0154],[80.1448,13.0171],[80.144,13.0236],[80.1502,13.026],[80.1617,13.0232],[80.1645,13.0252],[80.1652,13.0219],[80.1675,13.0253],[80.1803,13.0225],[80.1834,13.0253],[80.1886,13.023]]]]}},{"type":"Feature","bbox":[77.0961,8.0777,77.5886,8.5788],"properties":{"kind":"district","district":"Kanniyakumari"},"geometry":{"type":"Polygon","coordinates":[[[77.2691,8.5788],[77.2871,8.5668],[77.2885,8.5703],[77.3016,8.5663],[77.311,8.5596],[77.3167,8.5607],[77.3371,8.5527],[77.3469,8.5447],[77.3508,8.5464],[77.3499,8.5427],[77.3533,8.5394],[77.3578,8.5377],[77.358,8.5405],[77.3609,8.5403],[77.3626,8.5319],[77.3678,8.5287],[77.3668,8.5247],[77.3744,8.5181],[77.3776,8.524],[77.3814,8.5214],[77.3891,8.524],[77.4032,8.5172],[77.4283,8.5122],[77.4332,8.5061],[77.4387,8.5072],[77.447,8.4982],[77.446,8.4904],[77.4495,8.4872],[77.4449,8.4853],[77.4451,8.4748],[77.4581,8.4676],[77.4663,8.4688],[77.4677,8.4662],[77.4644,8.4618],[77.4723,8.4553],[77.4725,8.4512],[77.4636,8.4418],[77.4616,8.4285],[77.4691,8.4153],[77.4729,8.4163],[77.4732,8.3974],[77.4893,8.3884],[77.4915,8.3791],[77.5003,8.3807],[77.5073,8.387],[77.5198,8.3822],[77.524,8.387],[77.5234,8.3904],[77.5314,8.3929],[77.5417,8.3788],[77.5337,8.3675],[77.5356,8.3512],[77.5398,8.3458],[77.538,8.3404],[77.542,8.3353],[77.5327,8.3353],[77.5324,8.3258],[77.5347,8.3244],[77.5309,8.3187],[77.542,8.3107],[77.5483,8.2954],[77.5643,8.2786],[77.5564,8.2808],[77.5537,8.2769],[77.5631,8.2756],[77.5584,8.2697],[77.5635,8.2697],[77.5635,8.2604],[77.5743,8.2558],[77.5767,8.244],[77.572,8.2441],[77.5722,8.2486],[77.5698,8.2484],[77.5697,8.2434],[77.5488,8.2444],[77.5453,8.2402],[77.5417,8.2317],[77.5455,8.2273],[77.5406,8.2215],[77.5499,8.22],[77.5441,8.2161],[77.5438,8.2055],[77.5498,8.2056],[77.5455,8.1956],[77.5529,8.1918],[77.5417,8.1852],[77.5469,8.1794],[77.5385,8.1742],[77.5377,8.1694],[77.5398,8.1609],[77.5462,8.1581],[77.5627,8.1564],[77.5719,8.1519],[77.5838,8.1546],[77.5818,8.1506],[77.5881,8.1471],[77.5886,8.1421],[77.5771,8.1367],[77.5588,8.1193],[77.5582,8.0977],[77.5643,8.0923],[77.5531,8.0858],[77.5513,8.078],[77.5325,8.0777],[77.5263,8.0816],[77.4447,8.0946],[77.3342,8.1259],[77.3236,8.1264],[77.3223,8.1229],[77.3159,8.1219],[77.3043,8.1323],[77.2982,8.1474],[77.2622,8.1697],[77.24,8.1768],[77.2238,8.1963],[77.1859,8.2185],[77.1677,8.24],[77.1494,8.2556],[77.0961,8.2932],[77.1016,8.3009],[77.1018,8.3065],[77.1131,8.3042],[77.1166,8.3103],[77.1228,8.309],[77.1245,8.3121],[77.119,8.3168],[77.1192,8.3211],[77.1296,8.322],[77.1292,8.326],[77.1398,8.3299],[77.1484,8.332],[77.1536,8.328],[77.1693,8.3329],[77.1733,8.3198],[77.1806,8.3235],[77.1697,8.3347],[77.1669,8.3427],[77.1755,8.3499],[77.1743,8.3586],[77.1675,8.3634],[77.1666,8.3602],[77.1574,8.3599],[77.153,8.3551],[77.1535,8.3613],[77.1613,8.374],[77.16,8.3812],[77.152,8.3818],[77.1513,8.3849],[77.161,8.3902],[77.1682,8.3839],[77.1817,8.3958],[77.1826,8.4048],[77.1975,8.4199],[77.1966,8.4292],[77.2038,8.4353],[77.2066,8.4447],[77.2281,8.4473],[77.2274,8.4585],[77.2141,8.4697],[77.2119,8.4921],[77.2041,8.4964],[77.2024,8.5012],[77.2143,8.5128],[77.2297,8.509],[77.2401,8.4971],[77.2442,8.4976],[77.2513,8.5054],[77.2622,8.5065],[77.2747,8.5376],[77.2838,8.5467],[77.2743,8.5596],[77.275,8.5656],[77.2691,8.5788]]]}},{"type":"Feature","bbox":[77.7502,10.5467,78.5878,11.0962],"properties":{"kind":"district","district":"Karur"},"geometry":{"type":"Polygon","coordinates":[[[77.9906,11.0962],[78.0275,11.0906],[78.0548,11.074],[78.071,11.079],[78.1017,11.0755],[78.1352,11.0422],[78.1443,11.0379],[78.16,11.0224],[78.1708,10.995],[78.1825,10.9789],[78.1873,10.9794],[78.197,10.9725],[78.195,10.9632],[78.1987,10.9611],[78.2182,10.9589],[78.2503,10.9688],[78.3415,10.9611],[78.3773,10.9638],[78.3841,10.9605],[78.4012,10.9613],[78.4263,10.9489],[78.4527,10.9263],[78.4688,10.9213],[78.4638,10.9141],[78.4894,10.9065],[78.486,10.9033],[78.476,10.9064],[78.4782,10.9015],[78.4716,10.8982],[78.4712,10.8863],[78.4845,10.8857],[78.4906,10.8951],[78.5087,10.8847],[78.5506,10.8776],[78.5581,10.8694],[78.5582,10.8638],[78.5673,10.8614],[78.5701,10.8563],[78.5779,10.8527],[78.5729,10.8357],[78.5878,10.8286],[78.5765,10.8081],[78.5546,10.8134],[78.545,10.7961],[78.5466,10.7914],[78.5573,10.7893],[78.5575,10.7808],[78.5651,10.7825],[78.5717,10.775],[78.5622,10.7645],[78.5643,10.7561],[78.5672,10.7575],[78.5689,10.7475],[78.5654,10.7345],[78.5578,10.7312],[78.5518,10.7226],[78.5445,10.7234],[78.5436,10.7195],[78.5339,10.7162],[78.5295,10.7112],[78.5203,10.7106],[78.5135,10.6949],[78.4706,10.7037],[78.4674,10.6984],[78.4708,10.6901],[78.4561,10.6868],[78.4511,10.6873],[78.4512,10.6903],[78.4382,10.69],[78.4336,10.6871],[78.4265,10.6728],[78.4223,10.6711],[78.4038,10.6765],[78.3998,10.6904],[78.3968,10.6899],[78.3992,10.6963],[78.3879,10.7082],[78.3844,10.7167],[78.3743,10.7185],[78.3778,10.726],[78.3591,10.7255],[78.3582,10.7221],[78.345,10.7215],[78.3418,10.7053],[78.3346,10.7069],[78.3344,10.7096],[78.329,10.7092],[78.3279,10.7061],[78.3205,10.7091],[78.3162,10.7017],[78.2925,10.7018],[78.2894,10.7141],[78.2923,10.7353],[78.288,10.7352],[78.286,10.7466],[78.2835,10.7459],[78.2658,10.6282],[78.2631,10.6151],[78.2558,10.6014],[78.2601,10.5958],[78.2625,10.5787],[78.2566,10.5701],[78.2502,10.5692],[78.2431,10.5543],[78.2307,10.55],[78.2087,10.5501],[78.2,10.5467],[78.1904,10.5534],[78.19,10.5585],[78.1809,10.5598],[78.17,10.5542],[78.161,10.5625],[78.1392,10.5626],[78.1378,10.5704],[78.1327,10.5751],[78.1362,10.5968],[78.1449,10.6055],[78.1654,10.6137],[78.1603,10.6331],[78.1631,10.6489],[78.1455,10.6496],[78.1485,10.6605],[78.1451,10.6767],[78.1547,10.7201],[78.1516,10.7405],[78.1682,10.7759],[78.1699,10.799],[78.1861,10.8193],[78.1808,10.8212],[78.1863,10.8263],[78.1866,10.833],[78.1819,10.8328],[78.1826,10.8238],[78.1771,10.8227],[78.1744,10.8351],[78.1706,10.832],[78.1586,10.8328],[78.1585,10.8277],[78.1523,10.8264],[78.1491,10.8039],[78.1051,10.805],[78.0964,10.7889],[78.0969,10.7803],[78.1001,10.7792],[78.0981,10.7669],[78.0833,10.7712],[78.079,10.7756],[78.0699,10.7757],[78.066,10.7677],[78.0609,10.768],[78.0569,10.7636],[78.0557,10.7739],[78.0478,10.7735],[78.0471,10.7776],[78.0341,10.7745],[78.0339,10.7799],[78.0278,10.7815],[78.0267,10.7752],[78.0226,10.7766],[78.0246,10.7716],[78.019,10.7743],[77.9989,10.7742],[77.9948,10.7618],[77.9833,10.7595],[77.9392,10.7683],[77.9322,10.7532],[77.9313,10.7366],[77.9579,10.7438],[77.9982,10.7428],[77.996,10.7378],[77.9987,10.7302],[78.0106,10.7311],[78.0087,10.7221],[78.0152,10.7196],[78.0091,10.7094],[78.0055,10.6755],[78.0008,10.6761],[77.9926,10.6711],[77.9781,10.6749],[77.9698,10.6725],[77.9727,10.6555],[77.9795,10.6434],[77.9778,10.6398],[77.9518,10.6402],[77.9501,10.644],[77.9351,10.6436],[77.9319,10.6467],[77.914,10.6482],[77.9092,10.657],[77.9031,10.6524],[77.9027,10.6487],[77.8996,10.6504],[77.8959,10.6455],[77.8856,10.6503],[77.8819,10.649],[77.8764,10.6448],[77.8723,10.6312],[77.847,10.6365],[77.846,10.639],[77.8292,10.6336],[77.813,10.6482],[77.8177,10.6794],[77.8138,10.6775],[77.808,10.6808],[77.8099,10.6986],[77.8246,10.7151],[77.8219,10.7334],[77.827,10.7498],[77.8128,10.7584],[77.797,10.7524],[77.7956,10.7554],[77.7834,10.7578],[77.7817,10.7638],[77.7711,10.7672],[77.7778,10.7896],[77.7936,10.7903],[77.7985,10.8058],[77.8186,10.7971],[77.8278,10.7975],[77.8285,10.7916],[77.8363,10.7902],[77.8359,10.7868],[77.8549,10.7839],[77.8711,10.7717],[77.8729,10.7757],[77.892,10.7738],[77.8929,10.7815],[77.8898,10.7936],[77.8814,10.7888],[77.8714,10.7954],[77.8704,10.8006],[77.8755,10.808],[77.8718,10.8243],[77.8734,10.8339],[77.8669,10.8441],[77.8564,10.8493],[77.8455,10.8369],[77.8362,10.8354],[77.8207,10.8577],[77.8076,10.8583],[77.7964,10.8659],[77.7954,10.878],[77.7889,10.8861],[77.7862,10.8853],[77.7837,10.8731],[77.7772,10.8695],[77.7749,10.8712],[77.7717,10.8935],[77.7608,10.9016],[77.77,10.9618],[77.7685,10.9665],[77.7532,10.9656],[77.7502,10.9765],[77.7511,10.9814],[77.7592,10.9797],[77.7619,10.9854],[77.7813,10.9984],[77.7897,11.0188],[77.7919,11.0331],[77.7824,11.039],[77.7818,11.0509],[77.7766,11.0583],[77.7796,11.063],[77.7928,11.0671],[77.8045,11.063],[77.811,11.0711],[77.8178,11.0703],[77.8281,11.0632],[77.8305,11.0478],[77.8399,11.0445],[77.844,11.0481],[77.8516,11.0461],[77.855,11.0309],[77.8615,11.0304],[77.8691,11.0234],[77.8811,11.0243],[77.8873,11.0318],[77.9007,11.0346],[77.9073,11.046],[77.9198,11.0469],[77.9331,11.0702],[77.9449,11.0654],[77.9519,11.0667],[77.9906,11.0962]]]}},{"type":"Feature","bbox":[77.4711,12.1392,78.6886,12.8909],"properties":{"kind":"district","district":"Krishnagiri"},"geometry":{"type":"Polygon","coordinates":[[[77.9361,12.8845],[77.9346,12.8807],[77.9271,12.8815],[77.9277,12.8749],[77.9416,12.8727],[77.9412,12.8682],[77.9228,12.8556],[77.924,12.8506],[77.9172,12.8389],[77.9206,12.8282],[77.9265,12.8303],[77.9343,12.8231],[77.9407,12.8233],[77.9466,12.8387],[77.9406,12.8453],[77.94,12.8531],[77.9436,12.8578],[77.9523,12.8571],[77.9528,12.8501],[77.9653,12.8478],[77.9626,12.8374],[77.9643,12.8328],[77.9804,12.8351],[77.9793,12.827],[77.9898,12.8215],[77.9885,12.8082],[77.9956,12.8059],[78.0065,12.8086],[78.0098,12.8058],[78.0153,12.8138],[78.0039,12.8256],[78.0106,12.8309],[78.0183,12.8311],[78.0191,12.8439],[78.0246,12.842],[78.029,12.8452],[78.0297,12.8489],[78.0241,12.8525],[78.0239,12.8565],[78.0307,12.858],[78.0307,12.8524],[78.05,12.8488],[78.0526,12.8538],[78.0578,12.8521],[78.0605,12.8437],[78.0772,12.8388],[78.0739,12.8305],[78.0862,12.8319],[78.0902,12.8174],[78.1094,12.8045],[78.125,12.7982],[78.126,12.7917],[78.1342,12.782],[78.1451,12.7809],[78.1677,12.7701],[78.1774,12.7759],[78.1841,12.776],[78.1888,12.7721],[78.1952,12.7738],[78.2129,12.765],[78.2239,12.7659],[78.231,12.7607],[78.2408,12.7295],[78.2312,12.7126],[78.2271,12.7148],[78.2181,12.7088],[78.2135,12.711],[78.2122,12.7076],[78.2072,12.7082],[78.2054,12.7057],[78.2099,12.7005],[78.1994,12.6955],[78.201,12.6917],[78.2099,12.6904],[78.2123,12.6885],[78.2106,12.6861],[78.2377,12.6858],[78.2393,12.701],[78.2445,12.7063],[78.2711,12.7051],[78.2865,12.689],[78.3012,12.6659],[78.3184,12.6619],[78.3322,12.6494],[78.3436,12.6487],[78.3556,12.6365],[78.3703,12.6276],[78.3794,12.625],[78.4119,12.6276],[78.4067,12.62],[78.4105,12.613],[78.4073,12.6023],[78.4103,12.5991],[78.4098,12.5879],[78.4213,12.5675],[78.4179,12.564],[78.4145,12.5307],[78.417,12.5242],[78.4131,12.5171],[78.4193,12.5137],[78.4199,12.5082],[78.4155,12.4882],[78.4186,12.4823],[78.4245,12.4806],[78.4252,12.4746],[78.4351,12.4608],[78.4502,12.4494],[78.4479,12.4413],[78.4556,12.4285],[78.4358,12.3938],[78.4588,12.385],[78.4631,12.3866],[78.4648,12.3919],[78.4869,12.3899],[78.4901,12.3869],[78.4926,12.3998],[78.4901,12.4031],[78.4961,12.4121],[78.5086,12.3988],[78.5126,12.4011],[78.5141,12.4071],[78.5257,12.3986],[78.5435,12.3979],[78.5558,12.3902],[78.5675,12.389],[78.5696,12.3801],[78.5845,12.3606],[78.612,12.3521],[78.6172,12.3473],[78.6112,12.33],[78.6046,12.3318],[78.5991,12.3233],[78.5936,12.3223],[78.5883,12.3128],[78.5928,12.3074],[78.5984,12.3132],[78.6095,12.3098],[78.6097,12.2976],[78.6131,12.2941],[78.6042,12.2792],[78.6013,12.2672],[78.6036,12.2628],[78.6098,12.2613],[78.6168,12.2676],[78.6237,12.2648],[78.6403,12.2816],[78.6439,12.2809],[78.6405,12.2675],[78.6352,12.2612],[78.648,12.2584],[78.6525,12.2527],[78.6508,12.2402],[78.6654,12.2333],[78.6687,12.2384],[78.68,12.2227],[78.6886,12.2219],[78.6804,12.2074],[78.6697,12.1975],[78.6547,12.1964],[78.6506,12.1882],[78.6477,12.1943],[78.6407,12.1977],[78.6329,12.1766],[78.621,12.1842],[78.6123,12.1825],[78.5966,12.1681],[78.5825,12.1623],[78.5754,12.192],[78.5727,12.1937],[78.566,12.1915],[78.5546,12.1805],[78.5165,12.1772],[78.5176,12.1719],[78.5083,12.1562],[78.5064,12.1429],[78.502,12.1444],[78.4973,12.1392],[78.4693,12.1491],[78.4653,12.1467],[78.4704,12.1625],[78.4679,12.1666],[78.4719,12.1728],[78.4475,12.1853],[78.4464,12.1911],[78.4212,12.1897],[78.4086,12.1965],[78.3996,12.1879],[78.3953,12.189],[78.3909,12.1861],[78.3827,12.195],[78.3744,12.1953],[78.3797,12.2057],[78.3919,12.2045],[78.4017,12.2133],[78.4,12.2172],[78.4031,12.2239],[78.3844,12.2284],[78.375,12.2215],[78.3698,12.2267],[78.3628,12.2235],[78.3549,12.2262],[78.3588,12.2352],[78.3526,12.2473],[78.3343,12.2635],[78.3284,12.2651],[78.3235,12.2591],[78.3169,12.2601],[78.3076,12.2659],[78.3022,12.274],[78.2824,12.2683],[78.2771,12.2602],[78.2675,12.2634],[78.2596,12.2787],[78.263,12.2892],[78.2582,12.2945],[78.232,12.3022],[78.2356,12.3071],[78.2294,12.3174],[78.2461,12.3281],[78.2473,12.3328],[78.2397,12.3341],[78.239,12.3401],[78.2355,12.3412],[78.2362,12.3479],[78.2271,12.3489],[78.216,12.3341],[78.2052,12.3291],[78.2008,12.3358],[78.1948,12.3324],[78.1736,12.3372],[78.1636,12.3509],[78.1667,12.3629],[78.1428,12.3707],[78.142,12.3753],[78.1349,12.3819],[78.1278,12.4023],[78.1346,12.4064],[78.1353,12.4099],[78.1317,12.412],[78.1425,12.4272],[78.1376,12.4351],[78.1274,12.4419],[78.1146,12.4453],[78.1181,12.4547],[78.1083,12.4553],[78.0981,12.4454],[78.0801,12.4489],[78.0774,12.4517],[78.0778,12.4636],[78.0684,12.4674],[78.0597,12.4647],[78.0491,12.4756],[78.0416,12.4735],[78.0382,12.4615],[78.0271,12.4597],[78.0211,12.4663],[78.0239,12.4711],[78.0127,12.4845],[78.0147,12.4907],[78.0118,12.5028],[77.9938,12.5004],[77.9901,12.509],[77.9858,12.5098],[77.9818,12.4991],[77.9683,12.4953],[77.9658,12.4862],[77.9589,12.4839],[77.9534,12.486],[77.9537,12.4921],[77.946,12.4993],[77.9535,12.5022],[77.9424,12.5137],[77.9215,12.5042],[77.9131,12.5065],[77.9089,12.5127],[77.9004,12.5033],[77.9049,12.5013],[77.8999,12.4997],[77.9058,12.4894],[77.9222,12.4907],[77.9345,12.4694],[77.9259,12.4637],[77.9238,12.4561],[77.9304,12.4418],[77.9381,12.445],[77.9403,12.4499],[77.9451,12.4494],[77.9467,12.4439],[77.9631,12.4303],[77.9704,12.4142],[77.968,12.3948],[77.9495,12.3751],[77.9546,12.3513],[77.9498,12.3487],[77.9485,12.3366],[77.9267,12.3251],[77.9183,12.3281],[77.9093,12.3268],[77.8948,12.3335],[77.8792,12.3359],[77.8672,12.3302],[77.8684,12.3248],[77.8719,12.3244],[77.875,12.3032],[77.8677,12.2658],[77.8617,12.2545],[77.8538,12.2619],[77.8453,12.2622],[77.8335,12.2465],[77.8145,12.2342],[77.8106,12.2268],[77.8092,12.2005],[77.8035,12.1762],[77.7964,12.173],[77.7948,12.1688],[77.7939,12.1477],[77.7768,12.1574],[77.7724,12.172],[77.761,12.1693],[77.7467,12.1558],[77.7354,12.1696],[77.7313,12.1801],[77.6986,12.1851],[77.6652,12.1982],[77.6376,12.1967],[77.6298,12.2022],[77.621,12.1999],[77.6093,12.2061],[77.5967,12.1993],[77.5804,12.1981],[77.5739,12.2009],[77.5653,12.1963],[77.5463,12.2047],[77.5359,12.1986],[77.5282,12.1989],[77.5187,12.1945],[77.4927,12.1973],[77.4864,12.2038],[77.4723,12.2075],[77.4826,12.2294],[77.4785,12.2401],[77.4711,12.2435],[77.4735,12.2556],[77.4782,12.2592],[77.4791,12.2713],[77.4876,12.2805],[77.4933,12.2789],[77.5,12.2826],[77.5084,12.276],[77.5142,12.2754],[77.5272,12.2788],[77.5328,12.2915],[77.5513,12.2912],[77.5579,12.3054],[77.566,12.3062],[77.5786,12.3357],[77.5915,12.3401],[77.6008,12.3584],[77.613,12.3611],[77.6168,12.3682],[77.6233,12.4122],[77.6296,12.4183],[77.6261,12.4308],[77.6291,12.4464],[77.6272,12.4585],[77.6308,12.4703],[77.6331,12.4705],[77.6346,12.4876],[77.6261,12.4963],[77.6074,12.4751],[77.5957,12.4748],[77.5837,12.4788],[77.6024,12.4971],[77.6151,12.5042],[77.6163,12.5092],[77.6125,12.5146],[77.5872,12.5148],[77.5864,12.5457],[77.5803,12.5516],[77.5793,12.5731],[77.5838,12.5759],[77.5893,12.5927],[77.5914,12.5921],[77.591,12.6152],[77.5941,12.6211],[77.6062,12.6289],[77.6047,12.6376],[77.5961,12.6503],[77.5989,12.6672],[77.6379,12.6757],[77.6599,12.6838],[77.6764,12.6795],[77.6751,12.6731],[77.6787,12.6604],[77.7042,12.6614],[77.711,12.6671],[77.7116,12.6831],[77.7228,12.6796],[77.7246,12.6712],[77.7392,12.6725],[77.741,12.6858],[77.735,12.692],[77.7375,12.6977],[77.7407,12.6999],[77.7618,12.6976],[77.7647,12.7011],[77.7657,12.7137],[77.7696,12.7125],[77.7745,12.7242],[77.7611,12.7275],[77.7633,12.7369],[77.7695,12.7403],[77.7836,12.7412],[77.7934,12.7494],[77.7943,12.7578],[77.7788,12.7678],[77.7986,12.7951],[77.8076,12.7953],[77.8034,12.8048],[77.7997,12.8052],[77.8022,12.817],[77.8099,12.8155],[77.8099,12.8315],[77.7959,12.8345],[77.7925,12.8421],[77.7991,12.8515],[77.8079,12.8477],[77.8155,12.8558],[77.8231,12.8558],[77.8325,12.862],[77.8322,12.8675],[77.836,12.8703],[77.8474,12.8693],[77.8509,12.8661],[77.8578,12.8694],[77.8759,12.8668],[77.8903,12.8697],[77.8949,12.8786],[77.9084,12.8788],[77.9088,12.8848],[77.9219,12.8847],[77.9251,12.8901],[77.9293,12.8909],[77.9361,12.8845]]]}},{"type":"Feature","bbox":[77.4641,9.5631,78.4736,10.3102],"properties":{"kind":"district","district":"Madurai"},"geometry":{"type":"Polygon","coordinates":[[[78.3768,10.3102],[78.3801,10.3058],[78.3906,10.3022],[78.3909,10.2963],[78.3864,10.2937],[78.3857,10.2893],[78.3813,10.2939],[78.3843,10.2897],[78.3841,10.2739],[78.3867,10.2703],[78.4062,10.2757],[78.4096,10.272],[78.4176,10.2749],[78.4242,10.2707],[78.4251,10.2586],[78.4106,10.2571],[78.4057,10.2503],[78.3951,10.2483],[78.3924,10.2416],[78.3977,10.2261],[78.4079,10.2232],[78.408,10.2163],[78.4125,10.2131],[78.3946,10.1741],[78.3988,10.1657],[78.413,10.1607],[78.4017,10.1386],[78.4157,10.1355],[78.417,10.1319],[78.4253,10.1333],[78.4259,10.122],[78.4327,10.1351],[78.4348,10.1314],[78.4413,10.131],[78.4516,10.119],[78.4581,10.1245],[78.4643,10.1209],[78.4736,10.1219],[78.4707,10.1103],[78.4564,10.0992],[78.459,10.0949],[78.4587,10.081],[78.4628,10.079],[78.4619,10.0716],[78.4542,10.0702],[78.4529,10.0589],[78.4374,10.0611],[78.4277,10.053],[78.4307,10.036],[78.4435,10.0343],[78.4473,10.0282],[78.4445,10.0244],[78.4485,10.0252],[78.4561,10.0181],[78.4565,9.9921],[78.4496,9.9918],[78.4477,9.9862],[78.4542,9.9802],[78.4566,9.9685],[78.3889,9.9522],[78.372,9.9623],[78.3687,9.9479],[78.3703,9.9346],[78.3572,9.9353],[78.3521,9.9405],[78.3491,9.9368],[78.3453,9.94],[78.3452,9.9372],[78.3388,9.9387],[78.3346,9.9356],[78.3339,9.9309],[78.3171,9.9262],[78.3104,9.8994],[78.315,9.8826],[78.3123,9.8821],[78.3133,9.875],[78.31,9.8742],[78.3096,9.8653],[78.2945,9.8614],[78.2873,9.8702],[78.2642,9.8695],[78.2503,9.8737],[78.2552,9.8639],[78.267,9.8562],[78.2664,9.8481],[78.261,9.8481],[78.2584,9.8342],[78.2467,9.8375],[78.2392,9.8453],[78.2397,9.8507],[78.2487,9.8602],[78.2394,9.8599],[78.2296,9.8648],[78.2252,9.861],[78.2087,9.8755],[78.2025,9.8751],[78.1979,9.8687],[78.1879,9.8716],[78.181,9.8678],[78.161,9.876],[78.1549,9.8731],[78.1513,9.8747],[78.1536,9.8592],[78.1508,9.8522],[78.1335,9.8529],[78.1318,9.8564],[78.1292,9.8519],[78.125,9.8546],[78.1232,9.849],[78.1324,9.8332],[78.1322,9.8197],[78.1278,9.8141],[78.1348,9.8112],[78.1423,9.8123],[78.153,9.8217],[78.1517,9.8277],[78.1691,9.8309],[78.1882,9.8153],[78.1862,9.8135],[78.1934,9.8066],[78.1877,9.7949],[78.1831,9.7927],[78.1759,9.7722],[78.1737,9.7763],[78.1599,9.7746],[78.1616,9.7816],[78.1685,9.7825],[78.1723,9.797],[78.1631,9.7993],[78.1593,9.8046],[78.1409,9.8092],[78.1389,9.8002],[78.1406,9.7953],[78.1455,9.7942],[78.1455,9.7892],[78.1444,9.7835],[78.1394,9.7802],[78.137,9.7617],[78.1253,9.7656],[78.1256,9.7711],[78.1045,9.7864],[78.0985,9.7794],[78.088,9.7789],[78.0887,9.7755],[78.1043,9.7682],[78.1011,9.7551],[78.0843,9.7582],[78.0782,9.749],[78.0671,9.7529],[78.0614,9.7415],[78.0713,9.7356],[78.0726,9.7318],[78.0685,9.7294],[78.068,9.7234],[78.0739,9.7187],[78.075,9.7098],[78.0799,9.7083],[78.0763,9.6968],[78.085,9.6925],[78.082,9.6881],[78.0878,9.6834],[78.0852,9.6755],[78.08,9.6765],[78.0823,9.6661],[78.0781,9.6609],[78.0593,9.6618],[78.0615,9.6706],[78.0406,9.6785],[78.0307,9.6597],[78.0258,9.6605],[78.0168,9.6478],[78.0146,9.6395],[78.0045,9.6424],[78.0066,9.6481],[78.0007,9.6503],[77.9963,9.6401],[77.991,9.6416],[77.9855,9.6335],[77.9753,9.6296],[77.964,9.6332],[77.9623,9.6462],[77.9526,9.6496],[77.9495,9.6458],[77.9344,9.6491],[77.9312,9.6466],[77.9232,9.6476],[77.9214,9.6378],[77.9106,9.6382],[77.9007,9.6265],[77.8974,9.6279],[77.8914,9.6423],[77.8489,9.6504],[77.8459,9.6506],[77.8419,9.6353],[77.829,9.6363],[77.8219,9.6407],[77.8086,9.6399],[77.7947,9.6487],[77.791,9.6391],[77.7763,9.6404],[77.7668,9.6516],[77.7639,9.6606],[77.7695,9.6642],[77.7665,9.6649],[77.7667,9.6703],[77.76,9.6827],[77.7546,9.6822],[77.734,9.6929],[77.7258,9.6927],[77.7101,9.7054],[77.7077,9.691],[77.6995,9.6922],[77.698,9.6991],[77.6937,9.6974],[77.6941,9.6928],[77.6843,9.6841],[77.6847,9.6793],[77.6812,9.6767],[77.6777,9.6828],[77.6684,9.6772],[77.6599,9.6815],[77.6566,9.6798],[77.6508,9.6832],[77.6492,9.6987],[77.6452,9.6978],[77.6471,9.7008],[77.6447,9.7006],[77.644,9.7064],[77.6368,9.702],[77.6327,9.7034],[77.6321,9.7008],[77.6288,9.7047],[77.6158,9.6986],[77.6165,9.6955],[77.6122,9.6976],[77.6055,9.6951],[77.6009,9.691],[77.6019,9.6864],[77.5902,9.6786],[77.586,9.6669],[77.5761,9.6689],[77.5751,9.6645],[77.5626,9.6595],[77.5519,9.6444],[77.5433,9.6452],[77.5474,9.6586],[77.5439,9.6617],[77.5373,9.6598],[77.5203,9.6381],[77.5141,9.6108],[77.4998,9.5963],[77.4983,9.5754],[77.4754,9.5631],[77.4736,9.5716],[77.4641,9.579],[77.4701,9.5904],[77.4844,9.6052],[77.4864,9.6144],[77.5063,9.6385],[77.5036,9.6502],[77.5232,9.6603],[77.5353,9.675],[77.5407,9.6953],[77.5442,9.6936],[77.5459,9.6958],[77.5466,9.7055],[77.554,9.7151],[77.5536,9.722],[77.5663,9.7478],[77.5736,9.7515],[77.5986,9.7766],[77.6035,9.7913],[77.6121,9.7991],[77.6231,9.8216],[77.6256,9.835],[77.6202,9.8353],[77.6173,9.8389],[77.6185,9.8584],[77.6448,9.8883],[77.648,9.8959],[77.6463,9.9028],[77.6529,9.9103],[77.6541,9.9186],[77.6565,9.9207],[77.6674,9.9133],[77.679,9.9328],[77.6732,9.9618],[77.6773,9.9623],[77.6819,9.9688],[77.6924,9.9691],[77.6968,9.9828],[77.6979,10.0173],[77.7015,10.014],[77.7087,10.0184],[77.7126,10.0259],[77.7104,10.0203],[77.7172,10.0181],[77.7554,10.0486],[77.76,10.0466],[77.7636,10.0559],[77.7805,10.0509],[77.7887,10.0539],[77.8056,10.0676],[77.8229,10.0655],[77.8355,10.0741],[77.8606,10.0751],[77.8748,10.0616],[77.8826,10.0685],[77.8839,10.0746],[77.891,10.0781],[77.9015,10.0711],[77.9043,10.0723],[77.9029,10.0747],[77.909,10.0758],[77.9196,10.0719],[77.9254,10.091],[77.9465,10.0836],[77.9467,10.0906],[77.9367,10.0925],[77.9313,10.0903],[77.9293,10.101],[77.9338,10.1048],[77.9336,10.1136],[77.954,10.1299],[77.9599,10.1312],[77.9622,10.1373],[77.9661,10.1351],[77.965,10.1328],[77.9727,10.1312],[77.9841,10.1366],[77.9971,10.1607],[78.0137,10.1634],[78.0127,10.1707],[78.02,10.1845],[78.0632,10.1833],[78.0708,10.1881],[78.0915,10.182],[78.0968,10.1903],[78.1036,10.1923],[78.1074,10.1893],[78.12,10.1894],[78.1242,10.1856],[78.1306,10.1875],[78.1461,10.1794],[78.1513,10.1715],[78.1522,10.1632],[78.1612,10.1545],[78.1586,10.1444],[78.1643,10.1411],[78.1654,10.1239],[78.1563,10.1073],[78.1692,10.1022],[78.1707,10.098],[78.1747,10.0983],[78.1699,10.0968],[78.1702,10.0925],[78.1786,10.0926],[78.204,10.0793],[78.2006,10.0741],[78.2029,10.0669],[78.2126,10.0753],[78.2302,10.0791],[78.2364,10.0777],[78.2441,10.0845],[78.2604,10.0859],[78.2645,10.0936],[78.2613,10.1024],[78.2659,10.1085],[78.2689,10.107],[78.2734,10.1148],[78.2744,10.1208],[78.2705,10.1294],[78.2808,10.1296],[78.2805,10.1422],[78.2843,10.1486],[78.2814,10.1669],[78.2619,10.159],[78.2669,10.1575],[78.2697,10.1513],[78.2598,10.1542],[78.2614,10.1642],[78.2722,10.1719],[78.2728,10.1811],[78.2689,10.1824],[78.2823,10.1907],[78.2914,10.2039],[78.3038,10.2109],[78.3135,10.2088],[78.3148,10.2105],[78.309,10.2147],[78.3202,10.2141],[78.3287,10.2284],[78.3216,10.2434],[78.3219,10.2496],[78.3297,10.2485],[78.332,10.2549],[78.3277,10.2557],[78.3305,10.2685],[78.3271,10.2725],[78.3301,10.2779],[78.3282,10.2768],[78.3298,10.2806],[78.3255,10.2833],[78.3297,10.2863],[78.3288,10.2893],[78.3399,10.2887],[78.3353,10.2937],[78.3387,10.2983],[78.3294,10.2984],[78.3502,10.2994],[78.3633,10.2937],[78.3671,10.3011],[78.3748,10.3003],[78.3713,10.3076],[78.3768,10.3102]]]}},{"type":"Feature","bbox":[79.5086,10.9597,79.8583,11.4227],"properties":{"kind":"district","district":"Mayiladuthurai"},"geometry":{"type":"Polygon","coordinates":[[[79.8129,11.4227],[79.8322,11.3565],[79.8426,11.3507],[79.8354,11.3316],[79.8349,11.311],[79.8563,11.1761],[79.8583,11.1192],[79.8538,10.9832],[79.8507,10.9874],[79.8515,10.9939],[79.8394,10.9958],[79.8401,11.0016],[79.832,11.0028],[79.8279,10.9981],[79.823,11.0008],[79.8207,10.9982],[79.8155,11.0039],[79.8132,10.9991],[79.8043,10.9976],[79.8063,10.993],[79.8038,10.9921],[79.8041,10.987],[79.8018,10.9881],[79.7978,10.9825],[79.7864,10.9896],[79.7891,10.9919],[79.7861,10.9974],[79.7836,10.9948],[79.7799,10.9986],[79.7667,10.9973],[79.7558,11.0038],[79.7468,11.0026],[79.7481,10.9965],[79.7318,10.9948],[79.73,10.9986],[79.7211,10.9991],[79.7161,11.0088],[79.711,11.0064],[79.7003,11.0154],[79.671,11.0173],[79.6515,11.0134],[79.641,11.008],[79.6409,11.0004],[79.6339,11.0003],[79.6356,10.9952],[79.6315,10.9924],[79.6354,10.9919],[79.6306,10.9867],[79.6327,10.9809],[79.6262,10.9791],[79.6254,10.9825],[79.6042,10.9822],[79.6044,10.9779],[79.6084,10.9762],[79.6049,10.9765],[79.604,10.9718],[79.5969,10.9741],[79.5963,10.9777],[79.5912,10.9766],[79.5907,10.9829],[79.5782,10.9828],[79.5746,10.9785],[79.5777,10.9737],[79.5748,10.9706],[79.5696,10.971],[79.5681,10.9769],[79.5638,10.9765],[79.545,10.9656],[79.5325,10.9685],[79.5327,10.961],[79.5273,10.9597],[79.5302,10.9691],[79.5159,10.9698],[79.5145,10.9809],[79.5086,10.984],[79.5121,10.9882],[79.5254,10.9895],[79.523,10.9972],[79.5459,11.0001],[79.5469,11.0029],[79.5412,11.0037],[79.5422,11.0084],[79.5311,11.0109],[79.5231,11.0088],[79.5246,11.0162],[79.5322,11.014],[79.5301,11.0268],[79.5118,11.0275],[79.5138,11.0301],[79.5109,11.0421],[79.5186,11.0471],[79.5217,11.0536],[79.5311,11.0569],[79.537,11.0658],[79.5367,11.0704],[79.5524,11.0778],[79.552,11.0838],[79.5438,11.087],[79.5411,11.0847],[79.5485,11.1013],[79.5471,11.1047],[79.5417,11.1047],[79.5415,11.0953],[79.5361,11.0986],[79.5361,11.1029],[79.538,11.1095],[79.5419,11.1089],[79.5414,11.1118],[79.5453,11.1128],[79.5436,11.1166],[79.5501,11.1147],[79.552,11.1234],[79.5485,11.1228],[79.5489,11.1264],[79.5533,11.1277],[79.551,11.1302],[79.5553,11.1322],[79.5564,11.1285],[79.5613,11.1318],[79.5609,11.1355],[79.5728,11.148],[79.5664,11.1492],[79.5656,11.155],[79.5584,11.1546],[79.5569,11.1629],[79.5395,11.1626],[79.5378,11.1806],[79.5308,11.1778],[79.5267,11.1837],[79.5619,11.2083],[79.6026,11.2214],[79.6086,11.2293],[79.6115,11.2491],[79.6164,11.2555],[79.6231,11.2552],[79.6336,11.2463],[79.647,11.2493],[79.6491,11.2619],[79.6424,11.2836],[79.6503,11.2993],[79.6838,11.312],[79.7245,11.3458],[79.7593,11.3526],[79.7569,11.3729],[79.7644,11.382],[79.7916,11.3724],[79.8034,11.3811],[79.8129,11.4227]]]}},{"type":"Feature","bbox":[79.6274,10.2725,79.8816,10.9309],"properties":{"kind":"district","district":"Nagapattinam"},"geometry":{"type":"Polygon","coordinates":[[[79.7157,10.9309],[79.736,10.9276],[79.7356,10.9249],[79.7395,10.9265],[79.7388,10.9235],[79.7431,10.925],[79.7421,10.9182],[79.7456,10.9195],[79.7434,10.9148],[79.759,10.9166],[79.7624,10.9144],[79.7576,10.9079],[79.7595,10.9019],[79.757,10.8965],[79.7614,10.9018],[79.7636,10.8997],[79.7559,10.8946],[79.7563,10.8918],[79.7679,10.8925],[79.7652,10.8963],[79.777,10.8966],[79.7774,10.9089],[79.7821,10.9062],[79.7893,10.9084],[79.7954,10.9027],[79.7914,10.9048],[79.7939,10.8987],[79.7826,10.8953],[79.7837,10.8885],[79.79,10.8903],[79.7904,10.8949],[79.7953,10.8909],[79.7947,10.8875],[79.8043,10.8911],[79.8071,10.8875],[79.8277,10.8845],[79.8286,10.8821],[79.8245,10.8806],[79.8113,10.8803],[79.8111,10.8756],[79.8224,10.8742],[79.8249,10.8648],[79.8117,10.8597],[79.8075,10.8654],[79.8079,10.8556],[79.8211,10.8456],[79.8281,10.8497],[79.8311,10.8274],[79.8525,10.8272],[79.8491,10.8248],[79.8533,10.6794],[79.841,10.6763],[79.8533,10.6765],[79.8536,10.6167],[79.8572,10.5739],[79.8528,10.5757],[79.8581,10.5678],[79.8626,10.473],[79.8585,10.4723],[79.8624,10.4713],[79.8633,10.4667],[79.8678,10.3801],[79.8816,10.3217],[79.8804,10.3047],[79.877,10.2976],[79.8748,10.2994],[79.8761,10.2951],[79.8685,10.2867],[79.8584,10.2819],[79.8168,10.2758],[79.8192,10.2793],[79.8133,10.2887],[79.8147,10.2829],[79.8101,10.2845],[79.8159,10.2777],[79.8139,10.2756],[79.8021,10.2742],[79.8019,10.2785],[79.7997,10.2739],[79.7797,10.2726],[79.7875,10.2813],[79.7834,10.2961],[79.7794,10.2922],[79.7607,10.307],[79.7608,10.3099],[79.7642,10.3086],[79.7629,10.313],[79.7512,10.3147],[79.7487,10.3144],[79.7487,10.3007],[79.756,10.2938],[79.7679,10.2886],[79.7735,10.291],[79.7777,10.2841],[79.7778,10.2725],[79.7506,10.2734],[79.7525,10.2776],[79.747,10.2746],[79.7118,10.2794],[79.7088,10.2809],[79.7184,10.2816],[79.7209,10.288],[79.7051,10.2928],[79.6696,10.3231],[79.6388,10.3423],[79.6371,10.3787],[79.6343,10.3789],[79.6274,10.3962],[79.6333,10.4157],[79.6307,10.4212],[79.6308,10.4455],[79.6589,10.4467],[79.6602,10.4411],[79.6636,10.4403],[79.6722,10.4473],[79.6902,10.4499],[79.6772,10.4807],[79.6994,10.4834],[79.6884,10.5104],[79.6944,10.5053],[79.7003,10.5061],[79.7006,10.512],[79.7074,10.5152],[79.7267,10.5361],[79.715,10.5417],[79.7158,10.5465],[79.7103,10.5537],[79.6998,10.549],[79.6882,10.5514],[79.6872,10.5567],[79.6783,10.5558],[79.6757,10.5616],[79.6596,10.5592],[79.6689,10.5755],[79.6797,10.5727],[79.6812,10.5785],[79.6859,10.5788],[79.6872,10.5836],[79.6693,10.5852],[79.6674,10.6026],[79.659,10.604],[79.6556,10.6135],[79.6727,10.6164],[79.6736,10.6244],[79.6691,10.6295],[79.67,10.6329],[79.6494,10.6428],[79.6501,10.6521],[79.6542,10.6573],[79.6667,10.6504],[79.6718,10.6643],[79.6708,10.6695],[79.675,10.6715],[79.6779,10.6811],[79.6723,10.6932],[79.6619,10.6974],[79.6603,10.7016],[79.6522,10.7023],[79.6523,10.7068],[79.6558,10.7132],[79.6643,10.7131],[79.6652,10.7086],[79.6689,10.7081],[79.6714,10.7118],[79.6765,10.7119],[79.6778,10.7165],[79.6872,10.7159],[79.6893,10.7226],[79.6841,10.7234],[79.6813,10.7287],[79.687,10.7383],[79.6982,10.7455],[79.6949,10.7628],[79.7004,10.7675],[79.7037,10.7834],[79.724,10.7944],[79.7246,10.7975],[79.7289,10.7971],[79.7319,10.8022],[79.7316,10.81],[79.7255,10.8061],[79.7236,10.8076],[79.7278,10.8121],[79.7259,10.8221],[79.7284,10.8283],[79.7133,10.8297],[79.7098,10.8291],[79.7088,10.8247],[79.7036,10.8244],[79.6982,10.8307],[79.6861,10.8297],[79.6866,10.8161],[79.6751,10.8188],[79.659,10.8174],[79.6572,10.8058],[79.6425,10.8158],[79.6313,10.8154],[79.6312,10.8185],[79.6313,10.8227],[79.6412,10.8262],[79.6434,10.8231],[79.6528,10.8246],[79.6542,10.8291],[79.6483,10.8293],[79.6482,10.8349],[79.6545,10.8361],[79.655,10.844],[79.6522,10.852],[79.6439,10.8534],[79.642,10.8571],[79.651,10.8564],[79.6524,10.8672],[79.6462,10.8744],[79.6556,10.8757],[79.6521,10.8804],[79.6526,10.8861],[79.6576,10.8872],[79.6563,10.8933],[79.6676,10.901],[79.6686,10.9143],[79.6717,10.9169],[79.6789,10.9154],[79.6808,10.928],[79.6848,10.9283],[79.6887,10.9274],[79.6906,10.9203],[79.701,10.9194],[79.7041,10.9214],[79.7032,10.9256],[79.7066,10.9254],[79.705,10.9196],[79.7144,10.9137],[79.7155,10.9244],[79.7188,10.925],[79.7157,10.9309]],[[79.8061,10.8796],[79.81,10.8784],[79.8098,10.8804],[79.8061,10.8796]],[[79.739,10.9212],[79.7398,10.9201],[79.7395,10.9214],[79.739,10.9212]]]}},{"type":"Feature","bbox":[77.6837,11.0127,78.4899,11.5981],"properties":{"kind":"district","district":"Namakkal"},"geometry":{"type":"Polygon","coordinates":[[[78.4391,11.5981],[78.4516,11.5971],[78.4517,11.5916],[78.4488,11.5655],[78.4536,11.5663],[78.4606,11.5613],[78.4543,11.5423],[78.4665,11.5375],[78.4598,11.5344],[78.4616,11.5292],[78.4702,11.5293],[78.4734,11.52],[78.465,11.5055],[78.4653,11.497],[78.4618,11.4949],[78.4577,11.5024],[78.4525,11.4981],[78.4423,11.4987],[78.4399,11.4951],[78.4342,11.4989],[78.4329,11.4954],[78.436,11.4859],[78.4328,11.4762],[78.4259,11.4709],[78.4332,11.4628],[78.4377,11.4648],[78.4454,11.4397],[78.458,11.4388],[78.4486,11.4309],[78.4431,11.4087],[78.4449,11.4031],[78.4352,11.3965],[78.427,11.3849],[78.4378,11.3899],[78.4391,11.3949],[78.4474,11.4002],[78.4712,11.408],[78.4741,11.4043],[78.4807,11.407],[78.4839,11.4142],[78.4899,11.414],[78.4791,11.3879],[78.4699,11.3856],[78.4646,11.3771],[78.4547,11.3493],[78.4596,11.3426],[78.4574,11.3404],[78.4469,11.3448],[78.4473,11.3321],[78.4558,11.3322],[78.4548,11.3283],[78.4625,11.3224],[78.4654,11.3133],[78.4609,11.3058],[78.4567,11.306],[78.4525,11.298],[78.447,11.2748],[78.4381,11.2685],[78.4396,11.2589],[78.4202,11.2207],[78.4219,11.2117],[78.4152,11.2092],[78.4107,11.1975],[78.3812,11.187],[78.3874,11.1772],[78.3769,11.1762],[78.3806,11.1374],[78.3776,11.138],[78.3758,11.1345],[78.3644,11.1379],[78.3461,11.138],[78.3475,11.1227],[78.3434,11.1122],[78.3366,11.1049],[78.3273,11.1037],[78.324,11.0972],[78.3382,11.0949],[78.3418,11.0901],[78.3381,11.0835],[78.3419,11.0833],[78.3497,11.0754],[78.3507,11.0692],[78.3634,11.0651],[78.3601,11.0466],[78.3501,11.0483],[78.3491,11.0326],[78.3446,11.0262],[78.3347,11.028],[78.3284,11.0331],[78.3239,11.0579],[78.2969,11.0706],[78.2909,11.0772],[78.2779,11.0794],[78.2721,11.0777],[78.27,11.0709],[78.2655,11.0703],[78.2603,11.0757],[78.2564,11.075],[78.2507,11.0862],[78.2517,11.0902],[78.2387,11.0945],[78.2299,11.0948],[78.2292,11.0845],[78.2349,11.0785],[78.2364,11.0738],[78.2338,11.0713],[78.2367,11.0666],[78.2302,11.0612],[78.2289,11.0546],[78.2215,11.0576],[78.2189,11.0669],[78.2042,11.0709],[78.2018,11.0755],[78.1958,11.0647],[78.1833,11.0696],[78.1633,11.0491],[78.1638,11.0456],[78.1821,11.0419],[78.1968,11.0455],[78.1967,11.0297],[78.1988,11.0291],[78.1948,11.0221],[78.182,11.0208],[78.1801,11.0166],[78.1702,11.0127],[78.1649,11.0132],[78.16,11.0224],[78.145,11.0373],[78.1352,11.0422],[78.1017,11.0755],[78.071,11.079],[78.0548,11.074],[78.0275,11.0906],[77.9951,11.0969],[77.9875,11.0943],[77.956,11.0692],[77.9474,11.0656],[77.894,11.0774],[77.8874,11.0882],[77.882,11.1225],[77.8843,11.1559],[77.8795,11.1637],[77.8667,11.1736],[77.8615,11.1857],[77.8642,11.2024],[77.8708,11.2148],[77.8648,11.2424],[77.8408,11.2606],[77.8257,11.2611],[77.8077,11.2676],[77.7829,11.3014],[77.7724,11.3221],[77.7576,11.3343],[77.7508,11.3542],[77.7389,11.3679],[77.7175,11.3783],[77.6951,11.409],[77.6837,11.4195],[77.6864,11.4416],[77.6966,11.4644],[77.7063,11.4609],[77.7092,11.4656],[77.712,11.4638],[77.7085,11.4574],[77.7087,11.4492],[77.7194,11.4533],[77.7314,11.4447],[77.7421,11.4458],[77.7539,11.4517],[77.761,11.451],[77.7655,11.4777],[77.7727,11.4828],[77.7849,11.4778],[77.7915,11.4656],[77.787,11.4624],[77.7843,11.4508],[77.7959,11.4473],[77.7978,11.4519],[77.8043,11.4486],[77.8058,11.4591],[77.8143,11.4576],[77.8158,11.4674],[77.8082,11.4688],[77.8142,11.4703],[77.8184,11.4674],[77.8229,11.4713],[77.8312,11.4689],[77.83,11.464],[77.8343,11.4625],[77.8345,11.457],[77.82,11.4461],[77.8328,11.4392],[77.8391,11.4413],[77.8499,11.4346],[77.8466,11.4302],[77.8472,11.4212],[77.852,11.4223],[77.8523,11.4157],[77.8575,11.416],[77.8646,11.4237],[77.865,11.4171],[77.8767,11.4136],[77.8801,11.4235],[77.89,11.4245],[77.89,11.4198],[77.8993,11.4197],[77.903,11.425],[77.9078,11.4257],[77.9109,11.4222],[77.9085,11.428],[77.9121,11.4353],[77.91,11.4421],[77.9133,11.4445],[77.9136,11.451],[77.9113,11.4517],[77.9157,11.4587],[77.9188,11.4522],[77.9241,11.4515],[77.9233,11.461],[77.9283,11.4581],[77.9411,11.4598],[77.9485,11.474],[77.9548,11.4691],[77.9719,11.4682],[77.977,11.5014],[77.9721,11.5086],[77.9718,11.5155],[77.9777,11.5306],[78.0076,11.5249],[78.0166,11.5303],[78.0249,11.5268],[78.029,11.5299],[78.0344,11.5284],[78.0353,11.5226],[78.0463,11.5198],[78.0437,11.5151],[78.054,11.5134],[78.0551,11.5222],[78.0588,11.5216],[78.0587,11.5157],[78.063,11.523],[78.0676,11.5228],[78.0708,11.5279],[78.0703,11.5227],[78.0789,11.524],[78.0751,11.5317],[78.0762,11.5402],[78.0833,11.554],[78.0867,11.5529],[78.0868,11.5459],[78.0903,11.5454],[78.0969,11.5477],[78.0978,11.5537],[78.1051,11.5575],[78.1101,11.5559],[78.11,11.55],[78.1192,11.5391],[78.1259,11.5419],[78.1322,11.5381],[78.1329,11.5416],[78.1387,11.544],[78.1483,11.5375],[78.1606,11.5388],[78.1668,11.5487],[78.1768,11.5459],[78.1768,11.5484],[78.1833,11.5508],[78.2015,11.5531],[78.2038,11.5632],[78.2074,11.5645],[78.2396,11.5575],[78.2436,11.5527],[78.2662,11.5598],[78.2771,11.5658],[78.2643,11.567],[78.2719,11.5787],[78.3032,11.5888],[78.3119,11.5877],[78.3193,11.5785],[78.3178,11.5733],[78.3103,11.5749],[78.3073,11.5646],[78.3295,11.5585],[78.324,11.5544],[78.3232,11.5426],[78.3101,11.5412],[78.3263,11.5364],[78.3285,11.5313],[78.3452,11.5416],[78.3435,11.5465],[78.3492,11.5491],[78.3492,11.5525],[78.3565,11.5589],[78.3614,11.5712],[78.3657,11.5779],[78.3711,11.579],[78.3745,11.5885],[78.373,11.583],[78.3758,11.5773],[78.3829,11.5752],[78.3859,11.5865],[78.4181,11.5899],[78.4391,11.5981]]]}},{"type":"Feature","bbox":[78.6342,11.0556,79.1681,11.523],"properties":{"kind":"district","district":"Perambalur"},"geometry":{"type":"Polygon","coordinates":[[[78.86,11.5219],[78.8719,11.5171],[78.8726,11.5116],[78.8916,11.4891],[78.9087,11.4759],[78.9116,11.4654],[78.9607,11.4061],[78.9838,11.4029],[78.997,11.4076],[79.0107,11.3974],[79.0324,11.3936],[79.053,11.4028],[79.0831,11.3968],[79.1091,11.401],[79.1284,11.3942],[79.1425,11.3843],[79.1681,11.3784],[79.1632,11.3753],[79.1628,11.3697],[79.1508,11.3634],[79.1506,11.3578],[79.1596,11.3488],[79.1575,11.3384],[79.1503,11.3397],[79.1471,11.3338],[79.13,11.331],[79.125,11.3108],[79.1409,11.3093],[79.1427,11.2991],[79.1393,11.29],[79.1301,11.2976],[79.1141,11.2937],[79.111,11.289],[79.113,11.2828],[79.1096,11.2829],[79.109,11.2702],[79.1152,11.2704],[79.122,11.2641],[79.1224,11.2591],[79.12,11.2589],[79.1222,11.2487],[79.1094,11.2444],[79.1112,11.2306],[79.0989,11.2307],[79.0934,11.1998],[79.0891,11.1998],[79.0855,11.2048],[79.0746,11.2046],[79.0731,11.2081],[79.0659,11.2044],[79.0672,11.1889],[79.0758,11.1893],[79.0784,11.1808],[79.0694,11.1771],[79.073,11.1702],[79.0708,11.1545],[79.0595,11.1523],[79.0606,11.1413],[79.0561,11.1405],[79.0551,11.1299],[79.0592,11.1255],[79.0612,11.1281],[79.0654,11.1269],[79.0694,11.1089],[79.0544,11.085],[79.0323,11.0839],[79.0304,11.0761],[79.0244,11.0731],[79.0244,11.0677],[79.0064,11.0589],[79.0017,11.0606],[78.9983,11.0762],[78.9847,11.0789],[78.9841,11.0888],[78.974,11.0943],[78.9382,11.0947],[78.9294,11.0936],[78.9264,11.0894],[78.9175,11.0926],[78.9166,11.0962],[78.9035,11.0957],[78.8865,11.1017],[78.8856,11.0989],[78.8732,11.0967],[78.8725,11.0842],[78.8639,11.0856],[78.8621,11.0901],[78.8475,11.0902],[78.84,11.0764],[78.8073,11.0789],[78.806,11.0903],[78.8109,11.1117],[78.7873,11.1158],[78.7768,11.1128],[78.7767,11.1169],[78.7597,11.1216],[78.7353,11.1056],[78.7344,11.0988],[78.7389,11.0867],[78.7455,11.0831],[78.7427,11.0755],[78.7202,11.074],[78.7177,11.0556],[78.7117,11.0556],[78.7098,11.0622],[78.701,11.0686],[78.7003,11.0845],[78.6943,11.104],[78.687,11.1142],[78.6869,11.1291],[78.681,11.1303],[78.6809,11.1454],[78.6758,11.1616],[78.6715,11.1664],[78.652,11.1636],[78.6512,11.1683],[78.6632,11.1747],[78.6729,11.1857],[78.6759,11.1953],[78.6853,11.1958],[78.6988,11.1911],[78.7066,11.2082],[78.7126,11.2127],[78.7088,11.2277],[78.7027,11.2287],[78.7134,11.24],[78.7101,11.249],[78.7166,11.2584],[78.7261,11.261],[78.7293,11.2651],[78.7287,11.2725],[78.7378,11.2744],[78.7512,11.2848],[78.7488,11.2895],[78.7389,11.2941],[78.736,11.3101],[78.738,11.3168],[78.7331,11.3234],[78.7057,11.3252],[78.6858,11.323],[78.6784,11.3275],[78.6659,11.3173],[78.66,11.3194],[78.6612,11.3314],[78.6563,11.3338],[78.6397,11.3286],[78.6342,11.3339],[78.6552,11.3447],[78.6596,11.3579],[78.6721,11.36],[78.6739,11.3676],[78.6901,11.3802],[78.6632,11.3738],[78.6588,11.3796],[78.6567,11.4006],[78.6508,11.4075],[78.6513,11.4224],[78.6758,11.4282],[78.6884,11.4355],[78.6886,11.4432],[78.7032,11.457],[78.7413,11.4496],[78.7432,11.4433],[78.756,11.4371],[78.7725,11.4154],[78.7732,11.4083],[78.781,11.4027],[78.7892,11.3865],[78.7929,11.3899],[78.7988,11.3842],[78.8014,11.4022],[78.806,11.4015],[78.8127,11.4166],[78.8228,11.4271],[78.8189,11.4321],[78.8193,11.4396],[78.7896,11.4538],[78.7927,11.4602],[78.7962,11.4609],[78.7984,11.4819],[78.8097,11.4819],[78.8103,11.5079],[78.8221,11.5096],[78.8339,11.5066],[78.8352,11.5147],[78.843,11.523],[78.86,11.5219]]]}},{"type":"Feature","bbox":[78.4456,9.8491,79.2661,10.7346],"properties":{"kind":"district","district":"Pudukkottai"},"geometry":{"type":"MultiPolygon","coordinates":[[[[78.6892,10.7346],[78.7091,10.7331],[78.7099,10.7221],[78.7178,10.7208],[78.723,10.7159],[78.7359,10.7147],[78.7428,10.7074],[78.7466,10.6868],[78.7438,10.6832],[78.7381,10.6828],[78.7358,10.6717],[78.7433,10.6553],[78.7441,10.6434],[78.7502,10.6418],[78.7578,10.644],[78.7586,10.6534],[78.7653,10.6551],[78.7734,10.6538],[78.7738,10.6512],[78.7907,10.6498],[78.802,10.6716],[78.7985,10.6754],[78.7997,10.6799],[78.805,10.6797],[78.8067,10.6778],[78.8036,10.676],[78.8127,10.6724],[78.8123,10.6796],[78.8177,10.6877],[78.8208,10.6871],[78.8204,10.6946],[78.8627,10.6925],[78.8648,10.6881],[78.8721,10.6881],[78.8735,10.7056],[78.8822,10.6953],[78.8938,10.6942],[78.8939,10.6852],[78.9057,10.6805],[78.9082,10.6717],[78.9185,10.6708],[78.9335,10.6836],[78.9447,10.6807],[78.9487,10.6751],[78.9396,10.6787],[78.9376,10.6751],[78.9456,10.6691],[78.9548,10.6682],[78.9582,10.6614],[78.9613,10.6618],[78.9639,10.6515],[78.9712,10.6622],[78.9697,10.6754],[78.9871,10.6792],[78.9834,10.6963],[78.9914,10.7056],[78.9935,10.7217],[79.0035,10.7223],[79.0098,10.7195],[79.0071,10.7118],[79.0105,10.7079],[79.0292,10.704],[79.0211,10.6989],[79.0207,10.6837],[79.0167,10.6801],[79.046,10.681],[79.0549,10.6796],[79.063,10.6738],[79.0689,10.6774],[79.0655,10.6491],[79.07,10.6407],[79.1008,10.6296],[79.1043,10.6152],[79.1192,10.6348],[79.1276,10.6362],[79.1328,10.6293],[79.1357,10.6161],[79.1434,10.6084],[79.1428,10.5864],[79.1547,10.589],[79.1694,10.587],[79.1692,10.5847],[79.1774,10.5869],[79.1788,10.5713],[79.1823,10.5711],[79.1801,10.5745],[79.1908,10.5782],[79.1901,10.5655],[79.1872,10.5664],[79.1913,10.5643],[79.1906,10.5595],[79.1875,10.5558],[79.1834,10.5568],[79.183,10.5501],[79.1788,10.5505],[79.1834,10.548],[79.1846,10.5377],[79.1777,10.5383],[79.1738,10.5323],[79.1684,10.5337],[79.1679,10.5301],[79.1581,10.5336],[79.1527,10.5296],[79.1517,10.5325],[79.1491,10.5238],[79.1549,10.5218],[79.1405,10.5123],[79.1392,10.4982],[79.1305,10.499],[79.1288,10.4954],[79.1293,10.4917],[79.1329,10.4943],[79.1299,10.4879],[79.1344,10.485],[79.1473,10.4859],[79.1518,10.4758],[79.1601,10.4735],[79.1709,10.4817],[79.1723,10.4747],[79.175,10.4742],[79.1735,10.4784],[79.1768,10.4776],[79.178,10.4723],[79.1854,10.4694],[79.1903,10.4711],[79.1947,10.4659],[79.1907,10.4596],[79.1732,10.4587],[79.1728,10.4533],[79.1665,10.4554],[79.1656,10.4529],[79.1737,10.4487],[79.1768,10.4519],[79.1761,10.448],[79.1666,10.4502],[79.1579,10.4462],[79.1564,10.4524],[79.1512,10.4472],[79.1404,10.4495],[79.1397,10.4465],[79.1435,10.4457],[79.1375,10.4399],[79.1314,10.4364],[79.1258,10.4379],[79.1316,10.4244],[79.1474,10.4109],[79.1527,10.4007],[79.1442,10.3829],[79.1447,10.3769],[79.1487,10.3732],[79.1457,10.365],[79.151,10.3634],[79.153,10.3501],[79.1464,10.3495],[79.1392,10.3418],[79.1208,10.3374],[79.1144,10.3282],[79.1253,10.3281],[79.1312,10.3255],[79.1349,10.319],[79.1329,10.3091],[79.1216,10.3057],[79.1264,10.3012],[79.1186,10.2888],[79.1279,10.2819],[79.1263,10.2779],[79.1312,10.2733],[79.1289,10.2676],[79.1326,10.2651],[79.1291,10.2536],[79.1176,10.2534],[79.116,10.2339],[79.1336,10.2304],[79.1367,10.2364],[79.1442,10.2363],[79.1506,10.2162],[79.1616,10.2154],[79.1628,10.218],[79.1731,10.2136],[79.1783,10.2164],[79.1831,10.2146],[79.1824,10.2074],[79.1893,10.201],[79.1825,10.1933],[79.1737,10.2034],[79.1609,10.1951],[79.1526,10.1968],[79.1502,10.1932],[79.1504,10.1853],[79.1602,10.1846],[79.1615,10.1799],[79.1571,10.1764],[79.157,10.1693],[79.1511,10.1666],[79.1514,10.1596],[79.16,10.1568],[79.1665,10.1592],[79.164,10.162],[79.178,10.1582],[79.1963,10.1609],[79.1966,10.1569],[79.203,10.1584],[79.2092,10.1473],[79.2104,10.1397],[79.2065,10.1368],[79.226,10.1371],[79.2334,10.1271],[79.2304,10.1247],[79.2307,10.1193],[79.2272,10.1191],[79.2303,10.1183],[79.2273,10.1113],[79.2294,10.1075],[79.2272,10.1093],[79.2285,10.1065],[79.2231,10.106],[79.2195,10.1131],[79.2191,10.1093],[79.2231,10.1053],[79.2289,10.1054],[79.226,10.0993],[79.2314,10.083],[79.2275,10.0844],[79.2232,10.0812],[79.2303,10.0829],[79.2272,10.0735],[79.232,10.0818],[79.2367,10.0733],[79.2341,10.0706],[79.2368,10.0728],[79.2371,10.074],[79.2383,10.0708],[79.2481,10.0709],[79.2503,10.0674],[79.2467,10.0647],[79.2382,10.0647],[79.2385,10.0625],[79.2441,10.063],[79.2453,10.0579],[79.2393,10.0578],[79.2448,10.0549],[79.2456,10.0569],[79.2551,10.0454],[79.2518,10.045],[79.2496,10.0438],[79.2505,10.0421],[79.2556,10.0451],[79.2661,10.0392],[79.2444,10.0272],[79.2166,9.9975],[79.2149,10.0001],[79.2162,9.9967],[79.1985,9.9733],[79.1552,9.9315],[79.1505,9.9196],[79.1449,9.9187],[79.1453,9.9242],[79.1437,9.9187],[79.1389,9.9209],[79.147,9.9114],[79.1399,9.9047],[79.1393,9.9075],[79.1367,9.9096],[79.1397,9.9044],[79.1351,9.9004],[79.1334,9.9037],[79.1346,9.8997],[79.1315,9.8971],[79.1281,9.9028],[79.1269,9.9037],[79.1255,9.9037],[79.1298,9.8958],[79.124,9.8836],[79.1184,9.8907],[79.1113,9.8928],[79.1144,9.8892],[79.1186,9.8896],[79.1216,9.8801],[79.1197,9.8776],[79.1177,9.8802],[79.1158,9.8795],[79.1186,9.8784],[79.1175,9.8723],[79.1148,9.8734],[79.1174,9.8711],[79.1168,9.8628],[79.113,9.8602],[79.1222,9.8603],[79.1208,9.8553],[79.1193,9.8528],[79.1102,9.8578],[79.1164,9.8514],[79.1155,9.8491],[79.0901,9.8574],[79.0695,9.85],[79.0599,9.8585],[79.0473,9.8581],[79.043,9.8612],[79.0413,9.8718],[79.0311,9.8932],[79.0224,9.9027],[79.0161,9.9027],[79.0109,9.9123],[79.006,9.9143],[79.0063,9.9187],[78.9982,9.9294],[78.997,9.9382],[78.988,9.9502],[79.0033,9.9562],[79.0023,9.9642],[78.9966,9.9672],[79.0029,9.9788],[79.0139,9.9809],[79.01,9.9899],[79.0031,9.9872],[78.9938,9.9959],[78.9815,9.9904],[78.974,9.9915],[78.9748,9.9996],[78.9649,10.0075],[78.9517,10.008],[78.9302,10.0218],[78.932,10.0374],[78.9236,10.0427],[78.9246,10.047],[78.9312,10.0472],[78.9381,10.0575],[78.942,10.0538],[78.9444,10.0594],[78.9404,10.061],[78.9342,10.0719],[78.9459,10.0789],[78.9498,10.0895],[78.9599,10.0952],[78.9734,10.0818],[78.977,10.0812],[78.9781,10.0866],[78.9824,10.0846],[78.987,10.0894],[78.9822,10.0951],[78.9823,10.1003],[78.977,10.1018],[78.977,10.1095],[78.9667,10.1276],[78.9643,10.1191],[78.9586,10.1141],[78.9501,10.1142],[78.9479,10.1056],[78.9446,10.1123],[78.941,10.1143],[78.9416,10.1102],[78.9375,10.1156],[78.9286,10.1143],[78.9281,10.1208],[78.9135,10.1278],[78.9102,10.1359],[78.9135,10.1446],[78.9001,10.1567],[78.9018,10.1518],[78.8965,10.1473],[78.8868,10.1481],[78.8819,10.1545],[78.8724,10.1381],[78.8655,10.1357],[78.8623,10.1264],[78.8479,10.1261],[78.8484,10.1375],[78.8331,10.1392],[78.8295,10.1545],[78.8188,10.1593],[78.8136,10.1666],[78.8232,10.1981],[78.8099,10.213],[78.7689,10.1991],[78.7653,10.193],[78.7652,10.1806],[78.7672,10.1806],[78.7648,10.1743],[78.7702,10.1672],[78.7671,10.1635],[78.747,10.1643],[78.7381,10.1621],[78.7372,10.1586],[78.7277,10.1614],[78.7266,10.1698],[78.7085,10.1756],[78.6913,10.1478],[78.6776,10.1472],[78.668,10.1543],[78.6701,10.1762],[78.6642,10.179],[78.6732,10.2047],[78.652,10.2196],[78.6473,10.226],[78.6506,10.2366],[78.6414,10.241],[78.6483,10.2455],[78.6517,10.2543],[78.6362,10.2692],[78.6116,10.2704],[78.6096,10.2739],[78.5916,10.2791],[78.5779,10.2872],[78.5695,10.2811],[78.571,10.2752],[78.5741,10.2773],[78.5744,10.2673],[78.5768,10.2663],[78.5706,10.2568],[78.5652,10.258],[78.5618,10.2532],[78.5551,10.2548],[78.5535,10.2495],[78.5406,10.2531],[78.5385,10.2577],[78.53,10.2504],[78.5276,10.2385],[78.5189,10.2366],[78.5146,10.2166],[78.5174,10.2095],[78.5138,10.2006],[78.516,10.1903],[78.4991,10.188],[78.4958,10.1917],[78.4878,10.1905],[78.476,10.2028],[78.4695,10.2043],[78.4728,10.2077],[78.4751,10.2196],[78.4727,10.2199],[78.4785,10.2226],[78.4877,10.2344],[78.4793,10.2406],[78.4822,10.2501],[78.4858,10.2514],[78.4833,10.2545],[78.4751,10.245],[78.4646,10.2404],[78.4478,10.2455],[78.4529,10.2672],[78.4726,10.2699],[78.4923,10.2632],[78.5145,10.2676],[78.5115,10.27],[78.517,10.28],[78.5127,10.2857],[78.5189,10.3002],[78.515,10.3035],[78.5154,10.3091],[78.5194,10.3142],[78.5214,10.3263],[78.5095,10.347],[78.4977,10.3521],[78.497,10.3586],[78.5056,10.3759],[78.5139,10.3715],[78.5157,10.3755],[78.5249,10.3782],[78.5303,10.3905],[78.5311,10.3967],[78.5271,10.4028],[78.5165,10.4078],[78.5191,10.4314],[78.5249,10.437],[78.5331,10.4339],[78.5523,10.4337],[78.5533,10.4266],[78.5646,10.427],[78.5652,10.4297],[78.5614,10.4317],[78.5651,10.443],[78.571,10.4456],[78.5851,10.4409],[78.5833,10.4518],[78.5873,10.4577],[78.5894,10.4745],[78.585,10.4811],[78.5708,10.4891],[78.5791,10.5067],[78.5818,10.5219],[78.5694,10.5196],[78.5646,10.512],[78.55,10.5141],[78.5447,10.5289],[78.5408,10.5304],[78.5365,10.5306],[78.5328,10.5139],[78.5394,10.5126],[78.5405,10.5029],[78.5274,10.4863],[78.5193,10.4828],[78.4961,10.4851],[78.4927,10.4888],[78.4964,10.4938],[78.498,10.5067],[78.4881,10.5204],[78.4913,10.5268],[78.4862,10.5388],[78.4639,10.5408],[78.4665,10.5457],[78.463,10.5617],[78.4661,10.5783],[78.4584,10.5813],[78.4596,10.5901],[78.4524,10.5921],[78.4531,10.5982],[78.4456,10.6074],[78.4595,10.6114],[78.459,10.6168],[78.4669,10.6185],[78.4692,10.6278],[78.478,10.6314],[78.4825,10.6384],[78.4924,10.6351],[78.5066,10.6357],[78.527,10.6291],[78.5291,10.6448],[78.5198,10.6517],[78.518,10.6598],[78.5207,10.6628],[78.5172,10.6648],[78.5178,10.6698],[78.5208,10.6691],[78.5231,10.6741],[78.5301,10.6713],[78.5339,10.6765],[78.5444,10.6752],[78.5508,10.6864],[78.5684,10.6813],[78.5649,10.6712],[78.5656,10.6606],[78.5749,10.6598],[78.5795,10.6641],[78.593,10.6591],[78.6092,10.6811],[78.616,10.6816],[78.6213,10.6758],[78.6261,10.7025],[78.6352,10.7074],[78.6411,10.708],[78.6476,10.7036],[78.6585,10.7047],[78.6556,10.6879],[78.6513,10.6814],[78.6564,10.672],[78.6525,10.6586],[78.6589,10.654],[78.6652,10.6548],[78.6658,10.6715],[78.6829,10.6711],[78.6821,10.6866],[78.6931,10.6913],[78.6976,10.7023],[78.6925,10.7081],[78.6879,10.7286],[78.6892,10.7346]],[[79.1828,10.5666],[79.1848,10.5673],[79.1831,10.5675],[79.1828,10.5666]],[[79.1798,10.4681],[79.1789,10.4669],[79.1796,10.4673],[79.1798,10.4681]],[[79.1755,10.4706],[79.1755,10.4683],[79.1768,10.4699],[79.1755,10.4706]],[[79.1752,10.4679],[79.1738,10.467],[79.1748,10.4665],[79.1752,10.4679]],[[79.1732,10.465],[79.1743,10.4635],[79.1742,10.4651],[79.1732,10.465]],[[79.1709,10.4654],[79.1718,10.4646],[79.1717,10.4653],[79.1709,10.4654]],[[79.1696,10.542],[79.1713,10.5428],[79.1696,10.5425],[79.1696,10.542]],[[79.1683,10.4634],[79.1668,10.463],[79.1679,10.4623],[79.1683,10.4634]],[[79.1627,10.4557],[79.1633,10.4544],[79.1635,10.4555],[79.1627,10.4557]],[[79.1589,10.4554],[79.1607,10.4558],[79.1595,10.4567],[79.1589,10.4554]],[[79.158,10.4721],[79.1593,10.4729],[79.1584,10.4734],[79.158,10.4721]],[[79.1584,10.4692],[79.1566,10.469],[79.1575,10.4683],[79.1584,10.4692]],[[79.1568,10.4667],[79.1553,10.4658],[79.1559,10.4654],[79.1568,10.4667]],[[79.1537,10.4648],[79.152,10.466],[79.1522,10.4644],[79.1537,10.4648]],[[79.1527,10.4529],[79.153,10.4521],[79.1533,10.4525],[79.1527,10.4529]],[[79.1486,10.5284],[79.1486,10.5299],[79.1477,10.5291],[79.1486,10.5284]],[[79.1487,10.5239],[79.1482,10.5248],[79.1478,10.524],[79.1487,10.5239]],[[79.1465,10.5261],[79.1448,10.5262],[79.1463,10.5252],[79.1465,10.5261]],[[79.1437,10.5159],[79.1453,10.5182],[79.1446,10.5184],[79.1437,10.5159]],[[79.1381,10.5076],[79.1374,10.5053],[79.1384,10.5075],[79.1381,10.5076]],[[79.135,10.5062],[79.1361,10.5081],[79.1346,10.5083],[79.135,10.5062]],[[79.1332,10.5095],[79.1349,10.509],[79.134,10.5101],[79.1332,10.5095]]],[[[78.575,10.6849],[78.5698,10.6846],[78.5646,10.6942],[78.5583,10.6969],[78.5578,10.7027],[78.5694,10.7091],[78.5745,10.709],[78.58,10.7],[78.575,10.6849]]]]}},{"type":"Feature","bbox":[78.215,9.0867,79.4966,9.944],"properties":{"kind":"district","district":"Ramanathapuram"},"geometry":{"type":"MultiPolygon","coordinates":[[[[78.4934,9.0867],[78.4872,9.0891],[78.4899,9.0934],[78.4955,9.0907],[78.4934,9.0867]]],[[[78.5793,9.1128],[78.5878,9.1068],[78.5801,9.1012],[78.571,9.1011],[78.5793,9.1128]]],[[[78.9369,9.1823],[78.9308,9.1815],[78.9206,9.1831],[78.8973,9.1797],[78.9062,9.1852],[78.9088,9.1815],[78.9252,9.1849],[78.9329,9.1824],[78.9434,9.1877],[78.9369,9.1823]]],[[[79.082,9.2032],[79.0836,9.1998],[79.091,9.1976],[79.0875,9.192],[79.0665,9.2005],[79.0589,9.196],[79.0568,9.198],[79.0689,9.2105],[79.0734,9.2036],[79.082,9.2032]]],[[[78.9976,9.9312],[79.0063,9.9187],[79.006,9.9143],[79.0109,9.9123],[79.0156,9.9032],[79.0224,9.9027],[79.0311,9.8932],[79.0452,9.8592],[79.0599,9.8585],[79.0695,9.85],[79.0885,9.8572],[79.103,9.8552],[79.1091,9.8482],[79.1087,9.8423],[79.1053,9.8389],[79.0988,9.8433],[79.1048,9.8379],[79.0992,9.8342],[79.095,9.8382],[79.0987,9.8338],[79.0942,9.83],[79.0897,9.8341],[79.085,9.8347],[79.0939,9.8294],[79.0827,9.8155],[79.0785,9.8],[79.0758,9.8122],[79.077,9.7997],[79.0612,9.7809],[79.0586,9.7725],[79.0412,9.7662],[79.0323,9.7553],[79.0313,9.7594],[79.0299,9.7615],[79.0318,9.7548],[79.0269,9.7483],[79.0254,9.7518],[79.0224,9.7528],[79.0262,9.7477],[79.0159,9.7323],[79.016,9.7404],[79.0132,9.7448],[79.015,9.7315],[79.0045,9.7186],[79.0045,9.7243],[79.0039,9.7251],[79.0032,9.7253],[79.004,9.7181],[79.0004,9.7144],[79.0,9.7177],[78.9991,9.7184],[79.0002,9.7149],[78.9804,9.6896],[78.9743,9.6761],[78.971,9.6557],[78.964,9.6406],[78.9593,9.6417],[78.9598,9.6309],[78.9336,9.6062],[78.9252,9.585],[78.9201,9.5592],[78.9178,9.5377],[78.9202,9.5272],[78.9132,9.5055],[78.9152,9.499],[78.9128,9.4958],[78.9098,9.4985],[78.9042,9.4968],[78.8983,9.4899],[78.9003,9.4688],[78.9118,9.4458],[78.9377,9.4068],[78.9861,9.3559],[79.0226,9.3253],[79.0711,9.295],[79.122,9.2913],[79.1321,9.288],[79.1398,9.2919],[79.1608,9.2843],[79.2112,9.2833],[79.2211,9.2913],[79.2659,9.2927],[79.2713,9.2963],[79.2815,9.3127],[79.2907,9.3199],[79.3099,9.3276],[79.3275,9.3211],[79.335,9.3093],[79.3147,9.2812],[79.324,9.2636],[79.3736,9.2182],[79.4164,9.1871],[79.4153,9.1851],[79.4358,9.1642],[79.4355,9.1578],[79.4182,9.176],[79.3109,9.2415],[79.2911,9.2502],[79.2574,9.2592],[79.2202,9.2576],[79.2215,9.2659],[79.2185,9.2708],[79.205,9.2735],[79.2092,9.2824],[79.1887,9.2825],[79.1527,9.2779],[79.1547,9.2761],[79.1462,9.2771],[79.1403,9.2731],[79.0892,9.2615],[79.0629,9.2615],[78.9794,9.2749],[78.9265,9.2677],[78.9162,9.2588],[78.8957,9.2515],[78.8749,9.2573],[78.8677,9.254],[78.8611,9.2554],[78.8227,9.2394],[78.8056,9.2367],[78.7943,9.23],[78.7643,9.2214],[78.7545,9.2155],[78.7326,9.2119],[78.7165,9.2],[78.7173,9.1895],[78.6789,9.196],[78.6638,9.1936],[78.6492,9.1852],[78.6493,9.1876],[78.6436,9.1792],[78.6423,9.1698],[78.6507,9.1598],[78.6576,9.1581],[78.6054,9.148],[78.5782,9.131],[78.5611,9.1365],[78.5369,9.1385],[78.5039,9.1341],[78.4882,9.129],[78.4673,9.1278],[78.4153,9.1146],[78.3849,9.0947],[78.3835,9.0981],[78.3702,9.0991],[78.3654,9.1031],[78.3568,9.0986],[78.3564,9.1181],[78.3503,9.1176],[78.3152,9.1331],[78.2956,9.1342],[78.2739,9.1415],[78.275,9.1487],[78.2908,9.1776],[78.2961,9.2051],[78.2694,9.2021],[78.2722,9.2563],[78.281,9.2842],[78.3047,9.2812],[78.3058,9.2838],[78.312,9.2831],[78.3286,9.2753],[78.3468,9.2979],[78.3461,9.3094],[78.3533,9.3086],[78.355,9.3192],[78.3588,9.3205],[78.3647,9.3395],[78.3627,9.3492],[78.3563,9.3575],[78.3534,9.3572],[78.353,9.3527],[78.3331,9.3541],[78.3326,9.3458],[78.3294,9.3459],[78.3291,9.3389],[78.3244,9.3324],[78.3114,9.335],[78.3048,9.3235],[78.2978,9.3261],[78.2939,9.332],[78.2954,9.3426],[78.3105,9.3452],[78.3058,9.3503],[78.3083,9.365],[78.3012,9.3672],[78.3065,9.3695],[78.3081,9.3749],[78.3041,9.3769],[78.3042,9.3843],[78.2967,9.3866],[78.295,9.3817],[78.2962,9.389],[78.2915,9.391],[78.2802,9.39],[78.2787,9.385],[78.2632,9.3866],[78.26,9.3764],[78.2552,9.3736],[78.2476,9.3808],[78.2431,9.381],[78.2432,9.4067],[78.2225,9.4101],[78.221,9.4299],[78.215,9.4335],[78.2186,9.4472],[78.2282,9.445],[78.2719,9.4485],[78.3012,9.4422],[78.3054,9.4475],[78.3036,9.4532],[78.2985,9.4546],[78.2994,9.4615],[78.3087,9.4605],[78.311,9.4679],[78.3304,9.4628],[78.3313,9.469],[78.3394,9.4685],[78.3471,9.4602],[78.3519,9.461],[78.3519,9.4666],[78.3469,9.4713],[78.3386,9.4697],[78.3371,9.4726],[78.3301,9.4728],[78.3308,9.4808],[78.327,9.4837],[78.3303,9.4853],[78.327,9.4875],[78.3285,9.4952],[78.3395,9.4959],[78.3473,9.5114],[78.3653,9.512],[78.3673,9.5071],[78.3749,9.5074],[78.3774,9.5158],[78.3823,9.5159],[78.3874,9.5361],[78.3724,9.5432],[78.3765,9.5518],[78.3753,9.566],[78.3736,9.5696],[78.3684,9.5705],[78.3827,9.5798],[78.3939,9.5814],[78.3977,9.5847],[78.3978,9.5952],[78.4118,9.5879],[78.4169,9.5994],[78.4256,9.6003],[78.4295,9.6088],[78.4391,9.6093],[78.4402,9.6153],[78.447,9.6147],[78.4486,9.6189],[78.4549,9.6161],[78.4612,9.6364],[78.4723,9.6271],[78.4771,9.6132],[78.4861,9.6093],[78.503,9.6109],[78.4943,9.5998],[78.5068,9.5932],[78.5201,9.5789],[78.5576,9.5748],[78.5714,9.5667],[78.5758,9.5761],[78.5871,9.5723],[78.5903,9.5651],[78.5976,9.5609],[78.6168,9.5581],[78.6144,9.5429],[78.6168,9.5362],[78.6556,9.5201],[78.6618,9.5361],[78.6562,9.5365],[78.6542,9.5432],[78.6838,9.563],[78.6862,9.5703],[78.6938,9.5768],[78.6935,9.5803],[78.6789,9.5939],[78.6844,9.6056],[78.6886,9.6053],[78.6892,9.6011],[78.701,9.5935],[78.746,9.5889],[78.7467,9.5853],[78.7538,9.5933],[78.7632,9.5931],[78.7739,9.5883],[78.7813,9.5908],[78.7822,9.5959],[78.8213,9.5997],[78.8266,9.6179],[78.8198,9.6203],[78.8187,9.6245],[78.8075,9.6262],[78.8027,9.6211],[78.7947,9.6257],[78.7937,9.632],[78.7878,9.6341],[78.7876,9.6369],[78.7948,9.6374],[78.7948,9.6435],[78.7855,9.6527],[78.7891,9.6623],[78.7953,9.6662],[78.7954,9.6708],[78.7919,9.6724],[78.7992,9.6963],[78.7952,9.6977],[78.7943,9.7056],[78.7877,9.7075],[78.7781,9.7196],[78.7552,9.7171],[78.7474,9.7058],[78.7449,9.7076],[78.7429,9.7435],[78.7328,9.749],[78.7335,9.7584],[78.7443,9.7603],[78.7433,9.7716],[78.7374,9.7805],[78.7436,9.7791],[78.7463,9.7825],[78.7529,9.7804],[78.7742,9.7868],[78.7822,9.7954],[78.7845,9.7828],[78.7804,9.7604],[78.792,9.7755],[78.7897,9.7817],[78.8001,9.7839],[78.796,9.7949],[78.8011,9.7887],[78.8099,9.7873],[78.8146,9.7798],[78.8283,9.7929],[78.8312,9.7808],[78.8286,9.7767],[78.8204,9.7748],[78.8264,9.7694],[78.8217,9.7609],[78.8132,9.7627],[78.8054,9.7595],[78.8083,9.7394],[78.814,9.7388],[78.8153,9.7316],[78.8263,9.7318],[78.8166,9.7439],[78.8231,9.7498],[78.8334,9.7502],[78.8451,9.743],[78.8511,9.747],[78.8539,9.7569],[78.8504,9.7612],[78.8553,9.7653],[78.8675,9.7592],[78.8694,9.7548],[78.8736,9.7553],[78.8823,9.7446],[78.895,9.764],[78.8933,9.7729],[78.8875,9.7864],[78.8726,9.7853],[78.8665,9.7893],[78.8659,9.798],[78.8721,9.8029],[78.8641,9.8116],[78.874,9.8247],[78.8661,9.8341],[78.8724,9.8445],[78.8695,9.8456],[78.8688,9.8534],[78.8731,9.8563],[78.8803,9.8729],[78.8725,9.8755],[78.874,9.8834],[78.8773,9.8863],[78.8835,9.8802],[78.8921,9.879],[78.9016,9.8944],[78.8922,9.9078],[78.8932,9.9115],[78.8986,9.9142],[78.8993,9.9179],[78.9133,9.9193],[78.916,9.9271],[78.9297,9.926],[78.9347,9.9342],[78.9378,9.9313],[78.9368,9.9212],[78.944,9.9168],[78.9561,9.9199],[78.9629,9.9239],[78.9657,9.9404],[78.9636,9.9426],[78.9659,9.9431],[78.9891,9.9399],[78.9911,9.944],[78.997,9.9382],[78.9976,9.9312]]],[[[79.4888,9.1194],[79.4921,9.1242],[79.4965,9.1248],[79.4966,9.1232],[79.4888,9.1194]]],[[[79.2027,9.2486],[79.2177,9.2504],[79.2087,9.2489],[79.2023,9.2415],[79.2221,9.2478],[79.2179,9.2504],[79.2236,9.2472],[79.2129,9.2404],[79.2038,9.2397],[79.1993,9.2302],[79.1899,9.2309],[79.1793,9.2382],[79.1811,9.2499],[79.197,9.2528],[79.2027,9.2486]]]]}},{"type":"Feature","bbox":[79.1779,12.6288,79.792,13.2105],"properties":{"kind":"district","district":"Ranipet"},"geometry":{"type":"Polygon","coordinates":[[[79.654,13.2105],[79.6612,13.2104],[79.6627,13.2061],[79.6715,13.2038],[79.6701,13.1832],[79.692,13.1918],[79.7008,13.1916],[79.7008,13.1812],[79.6918,13.1772],[79.6949,13.159],[79.7015,13.1588],[79.7062,13.1633],[79.7365,13.1669],[79.739,13.1434],[79.7361,13.1179],[79.7314,13.1148],[79.7266,13.1182],[79.7241,13.1167],[79.7189,13.1049],[79.7022,13.1108],[79.7048,13.101],[79.7017,13.1043],[79.7015,13.0994],[79.7228,13.0994],[79.7363,13.0951],[79.7355,13.0869],[79.7416,13.076],[79.7381,13.0655],[79.7258,13.068],[79.7244,13.0595],[79.7187,13.0584],[79.7186,13.0538],[79.73,13.0545],[79.7372,13.061],[79.7426,13.0554],[79.7458,13.0559],[79.7477,13.0496],[79.7621,13.0518],[79.7759,13.0628],[79.7789,13.0606],[79.7791,13.0537],[79.7886,13.0566],[79.7916,13.0537],[79.792,13.046],[79.7861,13.0391],[79.7899,13.0246],[79.7688,13.0171],[79.7487,13.0037],[79.7453,12.9958],[79.7341,12.9868],[79.701,12.9763],[79.6753,12.9564],[79.6589,12.9506],[79.6631,12.9304],[79.6354,12.9237],[79.6198,12.9135],[79.5898,12.9029],[79.5683,12.8996],[79.5696,12.897],[79.5663,12.8959],[79.5683,12.8938],[79.5641,12.886],[79.557,12.8849],[79.5584,12.8729],[79.564,12.8691],[79.5664,12.8625],[79.5644,12.8558],[79.5596,12.8536],[79.5392,12.8629],[79.5086,12.8572],[79.5006,12.872],[79.4987,12.8685],[79.4899,12.8743],[79.4726,12.8743],[79.4718,12.8665],[79.4742,12.8654],[79.4696,12.8612],[79.4744,12.8588],[79.4729,12.8513],[79.4619,12.8493],[79.4602,12.8432],[79.457,12.8442],[79.4605,12.8286],[79.4574,12.8105],[79.4771,12.8071],[79.4765,12.7995],[79.4623,12.7985],[79.4598,12.7834],[79.4692,12.7708],[79.4664,12.7647],[79.4675,12.7567],[79.4624,12.7572],[79.459,12.7537],[79.4534,12.7403],[79.4556,12.7361],[79.4594,12.7372],[79.4669,12.7322],[79.4753,12.7314],[79.4626,12.717],[79.4667,12.7115],[79.4655,12.7005],[79.455,12.6991],[79.459,12.6869],[79.4539,12.6852],[79.451,12.6712],[79.4357,12.6662],[79.4268,12.6581],[79.4099,12.6561],[79.4052,12.6458],[79.3841,12.6288],[79.3693,12.6322],[79.3518,12.6464],[79.3624,12.6518],[79.3606,12.6671],[79.3536,12.6694],[79.37,12.6806],[79.3828,12.6828],[79.3949,12.6898],[79.3928,12.6962],[79.3835,12.7004],[79.3802,12.7082],[79.381,12.7111],[79.3924,12.7139],[79.3955,12.7294],[79.3905,12.7262],[79.3872,12.7322],[79.3798,12.7335],[79.3799,12.7262],[79.3764,12.7217],[79.3655,12.7195],[79.3669,12.7142],[79.3556,12.7189],[79.3537,12.711],[79.3577,12.6968],[79.3478,12.6939],[79.3389,12.7012],[79.3478,12.713],[79.3451,12.7152],[79.3442,12.7303],[79.3302,12.7352],[79.323,12.7416],[79.296,12.7472],[79.2947,12.7513],[79.2895,12.7529],[79.2836,12.7634],[79.2878,12.7791],[79.2778,12.7844],[79.2793,12.7869],[79.2766,12.7886],[79.2617,12.7947],[79.2642,12.8053],[79.2601,12.8071],[79.2588,12.8141],[79.2618,12.8187],[79.2502,12.8239],[79.2503,12.8125],[79.2542,12.8118],[79.2523,12.8081],[79.2402,12.8086],[79.2381,12.7976],[79.2236,12.7908],[79.2194,12.7924],[79.2087,12.7847],[79.1955,12.7925],[79.1908,12.8099],[79.1782,12.8201],[79.1779,12.825],[79.1819,12.8348],[79.184,12.8607],[79.194,12.8752],[79.1916,12.8837],[79.1947,12.8929],[79.1978,12.8939],[79.1996,12.8891],[79.2109,12.8952],[79.2058,12.9049],[79.1913,12.9081],[79.1862,12.9178],[79.1881,12.9259],[79.1944,12.9335],[79.21,12.9385],[79.2155,12.9465],[79.2167,12.955],[79.2233,12.9564],[79.2332,12.957],[79.2518,12.9518],[79.2679,12.9401],[79.2688,12.9465],[79.2636,12.9471],[79.2692,12.9567],[79.2701,12.9666],[79.266,12.9874],[79.2682,12.9876],[79.2695,12.9976],[79.2781,13.0073],[79.2848,13.0377],[79.2945,13.0472],[79.2725,13.087],[79.2905,13.1001],[79.2934,13.1014],[79.2988,13.0918],[79.2976,13.0879],[79.3016,13.0845],[79.3247,13.0777],[79.3301,13.0729],[79.3349,13.0606],[79.3515,13.0625],[79.3553,13.0668],[79.3793,13.0755],[79.3795,13.0801],[79.4012,13.08],[79.4168,13.0846],[79.4152,13.0897],[79.4226,13.0969],[79.4203,13.1038],[79.4041,13.0999],[79.4016,13.1042],[79.4041,13.1153],[79.4133,13.1188],[79.4115,13.1367],[79.4154,13.1381],[79.4188,13.15],[79.4341,13.1365],[79.4386,13.1251],[79.4477,13.1285],[79.4535,13.1265],[79.4517,13.1211],[79.429,13.1165],[79.4332,13.116],[79.4343,13.1115],[79.4437,13.114],[79.4509,13.0932],[79.4624,13.0954],[79.4645,13.1073],[79.4753,13.1077],[79.4742,13.1271],[79.4752,13.1304],[79.4817,13.1282],[79.4827,13.1399],[79.5003,13.1361],[79.5226,13.1442],[79.5225,13.1392],[79.5326,13.1365],[79.5531,13.1349],[79.5531,13.1375],[79.5685,13.1375],[79.5709,13.1219],[79.5944,13.122],[79.5993,13.1317],[79.5892,13.1475],[79.6155,13.1446],[79.6311,13.1456],[79.6359,13.1489],[79.6301,13.1729],[79.6351,13.1718],[79.6449,13.1791],[79.6443,13.1916],[79.6481,13.1995],[79.6561,13.2055],[79.654,13.2105]]]}},{"type":"Feature","bbox":[77.4154,11.3157,78.843,11.9793],"properties":{"kind":"district","district":"Salem"},"geometry":{"type":"Polygon","coordinates":[[[78.2349,11.9793],[78.238,11.9725],[78.245,11.9682],[78.2479,11.9566],[78.2531,11.9508],[78.2501,11.9382],[78.2344,11.919],[78.2358,11.918],[78.242,11.9267],[78.2559,11.9332],[78.257,11.9402],[78.2728,11.9379],[78.2626,11.9274],[78.2579,11.9124],[78.2619,11.912],[78.275,11.9314],[78.2806,11.9324],[78.2845,11.9292],[78.2908,11.9321],[78.2937,11.9297],[78.2916,11.9275],[78.2802,11.9236],[78.28,11.9149],[78.269,11.9003],[78.2801,11.8996],[78.2927,11.9068],[78.2916,11.9145],[78.2991,11.9176],[78.3023,11.9227],[78.3099,11.9241],[78.3171,11.9317],[78.3244,11.9301],[78.3315,11.9222],[78.3227,11.9052],[78.3264,11.8996],[78.3077,11.883],[78.3091,11.8812],[78.3363,11.9005],[78.34,11.8972],[78.3543,11.9123],[78.3589,11.9117],[78.3585,11.9017],[78.3531,11.8942],[78.3547,11.8917],[78.3657,11.8918],[78.3676,11.8806],[78.3538,11.8607],[78.3514,11.8487],[78.348,11.8485],[78.3515,11.8454],[78.3471,11.8404],[78.3508,11.8339],[78.3456,11.8242],[78.3272,11.7955],[78.3129,11.7827],[78.3283,11.776],[78.345,11.7935],[78.3512,11.7929],[78.3806,11.8257],[78.3873,11.8463],[78.3932,11.8525],[78.3949,11.8597],[78.4004,11.8633],[78.4031,11.8735],[78.4144,11.8801],[78.4353,11.8739],[78.4415,11.8683],[78.4331,11.8622],[78.4351,11.8547],[78.4407,11.8397],[78.4554,11.8264],[78.4688,11.8237],[78.4779,11.8176],[78.4908,11.8177],[78.512,11.8115],[78.5219,11.8153],[78.5394,11.8066],[78.5553,11.8098],[78.5743,11.8194],[78.5958,11.8228],[78.6031,11.833],[78.6016,11.8366],[78.6085,11.8505],[78.6268,11.8692],[78.6356,11.865],[78.6553,11.8652],[78.6586,11.8568],[78.6776,11.8583],[78.6952,11.8512],[78.6901,11.8162],[78.6922,11.8039],[78.6653,11.7967],[78.6622,11.7799],[78.6432,11.7683],[78.6379,11.7212],[78.6527,11.7153],[78.6502,11.6721],[78.6459,11.6604],[78.66,11.6616],[78.6591,11.6479],[78.6786,11.6433],[78.6785,11.665],[78.683,11.6672],[78.6781,11.6676],[78.6779,11.6718],[78.6824,11.6821],[78.6952,11.69],[78.7096,11.6902],[78.7179,11.6832],[78.725,11.689],[78.7538,11.694],[78.7806,11.7033],[78.7914,11.6934],[78.8061,11.6865],[78.8042,11.6763],[78.8065,11.6613],[78.797,11.6586],[78.7975,11.6554],[78.7736,11.6366],[78.7811,11.6371],[78.7863,11.6413],[78.7863,11.6334],[78.7898,11.6289],[78.7864,11.6135],[78.7767,11.6134],[78.7753,11.606],[78.7831,11.6041],[78.7862,11.5997],[78.7943,11.5995],[78.7956,11.5959],[78.8176,11.5909],[78.8173,11.5859],[78.8217,11.5858],[78.8243,11.5792],[78.8293,11.5782],[78.8162,11.5617],[78.8147,11.5447],[78.818,11.5419],[78.8292,11.5439],[78.8347,11.54],[78.8345,11.5312],[78.843,11.523],[78.8352,11.5147],[78.8339,11.5066],[78.8221,11.5096],[78.8103,11.5079],[78.8097,11.4819],[78.7984,11.4819],[78.7962,11.4609],[78.7904,11.4572],[78.7896,11.4538],[78.8193,11.4396],[78.8189,11.4321],[78.8228,11.4271],[78.8127,11.4166],[78.806,11.4015],[78.8014,11.4022],[78.7988,11.3842],[78.7929,11.3899],[78.7892,11.3865],[78.781,11.4027],[78.7732,11.4083],[78.7725,11.4154],[78.756,11.4371],[78.7432,11.4433],[78.7413,11.4496],[78.7082,11.457],[78.6997,11.4557],[78.6886,11.4432],[78.6884,11.4355],[78.6758,11.4282],[78.6513,11.4224],[78.6508,11.4075],[78.6567,11.4006],[78.6588,11.3796],[78.6632,11.3738],[78.6431,11.3483],[78.6421,11.3428],[78.6219,11.3365],[78.6045,11.3388],[78.5931,11.3269],[78.5837,11.3298],[78.5793,11.3245],[78.5796,11.3189],[78.5753,11.3157],[78.5613,11.3164],[78.5529,11.3201],[78.5522,11.3252],[78.5556,11.3283],[78.5521,11.346],[78.555,11.3516],[78.5534,11.3587],[78.5424,11.3695],[78.5353,11.3679],[78.5235,11.3707],[78.5153,11.3845],[78.5035,11.3805],[78.5098,11.3968],[78.4963,11.4089],[78.4862,11.4074],[78.4898,11.4141],[78.483,11.4136],[78.4807,11.407],[78.4741,11.4043],[78.4712,11.408],[78.4474,11.4002],[78.4391,11.3949],[78.4378,11.3899],[78.427,11.3849],[78.4352,11.3965],[78.4449,11.4031],[78.4431,11.4087],[78.4486,11.4309],[78.458,11.4388],[78.4454,11.4397],[78.4377,11.4648],[78.4332,11.4628],[78.4259,11.4709],[78.4328,11.4762],[78.436,11.4859],[78.4329,11.4954],[78.4342,11.4989],[78.4399,11.4951],[78.4423,11.4987],[78.4525,11.4981],[78.4577,11.5024],[78.4618,11.4949],[78.4653,11.497],[78.465,11.5055],[78.4734,11.52],[78.4702,11.5293],[78.4616,11.5292],[78.4598,11.5344],[78.4665,11.5375],[78.4543,11.5423],[78.4606,11.5613],[78.4536,11.5663],[78.4488,11.5655],[78.4516,11.5971],[78.4404,11.598],[78.4181,11.5899],[78.3859,11.5865],[78.3829,11.5752],[78.3758,11.5773],[78.373,11.583],[78.3747,11.5857],[78.3745,11.5885],[78.3711,11.579],[78.3657,11.5779],[78.3614,11.5712],[78.3565,11.5589],[78.3492,11.5525],[78.3492,11.5491],[78.3435,11.5465],[78.3452,11.5416],[78.3285,11.5313],[78.3263,11.5364],[78.3101,11.5412],[78.3232,11.5426],[78.324,11.5544],[78.3295,11.5585],[78.3073,11.5646],[78.3103,11.5749],[78.3178,11.5733],[78.3193,11.5785],[78.3119,11.5877],[78.3032,11.5888],[78.2719,11.5787],[78.2643,11.567],[78.2771,11.5658],[78.2662,11.5598],[78.2436,11.5527],[78.2396,11.5575],[78.2074,11.5645],[78.2038,11.5632],[78.2015,11.5531],[78.1833,11.5508],[78.1768,11.5484],[78.1768,11.5459],[78.1668,11.5487],[78.1606,11.5388],[78.1483,11.5375],[78.1387,11.544],[78.1329,11.5416],[78.1322,11.5381],[78.1259,11.5419],[78.1192,11.5391],[78.11,11.55],[78.1101,11.5559],[78.1051,11.5575],[78.0978,11.5537],[78.0969,11.5477],[78.0903,11.5454],[78.0868,11.5459],[78.0867,11.5529],[78.0833,11.554],[78.0762,11.5402],[78.0751,11.5317],[78.0789,11.524],[78.0703,11.5227],[78.0708,11.5279],[78.0676,11.5228],[78.063,11.523],[78.0587,11.5157],[78.0588,11.5216],[78.0551,11.5222],[78.054,11.5134],[78.0437,11.5151],[78.0463,11.5198],[78.0353,11.5226],[78.0344,11.5284],[78.029,11.5299],[78.0249,11.5268],[78.0166,11.5303],[78.0076,11.5249],[77.9777,11.5306],[77.9718,11.5155],[77.9721,11.5086],[77.977,11.5014],[77.9719,11.4682],[77.9548,11.4691],[77.9485,11.474],[77.9411,11.4598],[77.9283,11.4581],[77.9233,11.461],[77.9241,11.4515],[77.9188,11.4522],[77.9157,11.4587],[77.9113,11.4517],[77.9136,11.451],[77.9133,11.4445],[77.91,11.4421],[77.9121,11.4353],[77.9085,11.428],[77.9109,11.4222],[77.9078,11.4257],[77.903,11.425],[77.8993,11.4197],[77.89,11.4198],[77.89,11.4245],[77.8801,11.4235],[77.8767,11.4136],[77.865,11.4171],[77.8646,11.4237],[77.8575,11.416],[77.8523,11.4157],[77.852,11.4223],[77.8472,11.4212],[77.8466,11.4302],[77.8499,11.4346],[77.8391,11.4413],[77.8328,11.4392],[77.82,11.4461],[77.8345,11.457],[77.8298,11.4699],[77.8082,11.4688],[77.8158,11.4674],[77.8146,11.4583],[77.8058,11.4591],[77.8041,11.4484],[77.7991,11.4518],[77.7962,11.4473],[77.7843,11.4508],[77.787,11.4624],[77.7915,11.4656],[77.7849,11.4778],[77.774,11.4825],[77.7655,11.4777],[77.761,11.451],[77.7539,11.4517],[77.7438,11.4462],[77.732,11.4447],[77.7208,11.4531],[77.7087,11.4492],[77.7085,11.4574],[77.712,11.4638],[77.7092,11.4656],[77.7063,11.4609],[77.6966,11.4644],[77.6976,11.4733],[77.721,11.5034],[77.7324,11.5117],[77.7241,11.5367],[77.7462,11.5706],[77.7359,11.6013],[77.7492,11.623],[77.751,11.6338],[77.7613,11.6482],[77.7676,11.6772],[77.7765,11.6957],[77.7706,11.6971],[77.7489,11.6642],[77.7456,11.6546],[77.7342,11.6579],[77.7242,11.6497],[77.7218,11.6524],[77.715,11.6493],[77.7182,11.6462],[77.7163,11.6422],[77.7055,11.6344],[77.7,11.635],[77.6955,11.6396],[77.6895,11.6524],[77.6896,11.6637],[77.6982,11.6935],[77.6963,11.6959],[77.6899,11.6948],[77.6951,11.7068],[77.691,11.7185],[77.6964,11.7226],[77.6973,11.7357],[77.7067,11.7555],[77.7079,11.7661],[77.7215,11.7914],[77.7222,11.7951],[77.7145,11.7971],[77.7098,11.7976],[77.7057,11.7762],[77.6863,11.7425],[77.6754,11.7318],[77.6727,11.7328],[77.6717,11.7286],[77.6755,11.7253],[77.6708,11.7207],[77.6587,11.7178],[77.6492,11.7048],[77.6374,11.6748],[77.6348,11.6747],[77.6343,11.664],[77.625,11.6637],[77.6253,11.673],[77.6184,11.6762],[77.6161,11.6715],[77.6228,11.6649],[77.6191,11.6569],[77.6107,11.6522],[77.6063,11.6542],[77.6063,11.6593],[77.5985,11.6718],[77.5926,11.6735],[77.5922,11.6795],[77.5887,11.6795],[77.589,11.685],[77.5784,11.6853],[77.5818,11.6759],[77.5718,11.665],[77.5767,11.6525],[77.5643,11.6609],[77.5601,11.6499],[77.5373,11.6192],[77.5355,11.6018],[77.5287,11.5863],[77.5123,11.5914],[77.5163,11.5793],[77.504,11.5645],[77.4933,11.5588],[77.4972,11.5561],[77.4962,11.5518],[77.4856,11.5498],[77.4447,11.5614],[77.4518,11.5806],[77.4497,11.5954],[77.4586,11.6066],[77.445,11.6184],[77.4376,11.645],[77.4509,11.6574],[77.454,11.6661],[77.4397,11.6737],[77.442,11.6816],[77.4356,11.7028],[77.4371,11.7068],[77.4416,11.7069],[77.4391,11.7105],[77.4432,11.7166],[77.4394,11.7186],[77.4385,11.7143],[77.4344,11.7153],[77.4351,11.7315],[77.4268,11.7331],[77.4232,11.728],[77.4194,11.7288],[77.4154,11.7401],[77.4266,11.7533],[77.4254,11.7591],[77.4338,11.7781],[77.4417,11.7827],[77.4405,11.7888],[77.4466,11.7903],[77.4498,11.796],[77.4566,11.828],[77.4664,11.8463],[77.4614,11.8537],[77.4631,11.8588],[77.4599,11.8634],[77.4659,11.8742],[77.4605,11.8812],[77.464,11.894],[77.4616,11.9],[77.4735,11.8992],[77.4772,11.8905],[77.4806,11.8934],[77.4862,11.8874],[77.4831,11.8996],[77.4906,11.9085],[77.4886,11.9123],[77.4948,11.9438],[77.5004,11.94],[77.5049,11.9411],[77.538,11.9324],[77.5425,11.9382],[77.5611,11.9419],[77.5753,11.9365],[77.5936,11.9402],[77.6035,11.9377],[77.607,11.942],[77.624,11.9473],[77.6394,11.948],[77.6535,11.9547],[77.6574,11.9498],[77.6771,11.9519],[77.6913,11.9418],[77.7012,11.9436],[77.7367,11.9406],[77.7407,11.9313],[77.7455,11.9273],[77.7506,11.9281],[77.7627,11.9099],[77.8074,11.9091],[77.8346,11.9016],[77.8477,11.8943],[77.8514,11.8991],[77.8501,11.9049],[77.8671,11.9157],[77.8731,11.9111],[77.8832,11.9122],[77.8869,11.9079],[77.892,11.9089],[77.9051,11.9003],[77.9172,11.8983],[77.9329,11.9013],[77.9485,11.8949],[77.9507,11.8992],[77.961,11.9009],[77.9703,11.8956],[77.9788,11.8972],[77.98,11.903],[77.9842,11.9024],[77.9984,11.9098],[78.001,11.9142],[78.0064,11.9144],[78.0113,11.9213],[78.0269,11.9205],[78.0299,11.9289],[78.039,11.9363],[78.0737,11.9376],[78.0769,11.9414],[78.0793,11.9401],[78.0809,11.9445],[78.095,11.9491],[78.0957,11.9533],[78.1006,11.9558],[78.1221,11.9593],[78.129,11.9645],[78.1352,11.9632],[78.1449,11.9683],[78.1685,11.9674],[78.1791,11.9728],[78.1828,11.9704],[78.2349,11.9793]],[[77.5303,11.8479],[77.525,11.8446],[77.5338,11.8372],[77.5353,11.8257],[77.532,11.8147],[77.5266,11.8113],[77.5272,11.7999],[77.533,11.7914],[77.5307,11.7784],[77.5084,11.7622],[77.4996,11.7507],[77.4804,11.7392],[77.4646,11.7422],[77.45,11.6969],[77.4534,11.6937],[77.4574,11.678],[77.4717,11.694],[77.4694,11.7071],[77.472,11.7181],[77.4764,11.7138],[77.5098,11.7533],[77.5284,11.7513],[77.5285,11.7476],[77.5388,11.7393],[77.5477,11.7444],[77.5475,11.7485],[77.5399,11.7524],[77.5571,11.7665],[77.5601,11.7623],[77.5633,11.7311],[77.5716,11.7114],[77.5832,11.7224],[77.5779,11.7252],[77.596,11.7498],[77.5852,11.758],[77.5907,11.7733],[77.5929,11.7705],[77.6134,11.7663],[77.6208,11.7372],[77.627,11.727],[77.6315,11.7292],[77.636,11.7415],[77.6338,11.7422],[77.6354,11.7539],[77.6209,11.7757],[77.6171,11.7768],[77.6171,11.7857],[77.606,11.7916],[77.5934,11.7856],[77.5719,11.7855],[77.5735,11.8012],[77.5421,11.8016],[77.5495,11.8084],[77.5462,11.8147],[77.5474,11.8196],[77.5425,11.8247],[77.5447,11.8371],[77.5391,11.8454],[77.5303,11.8479]],[[77.5523,11.6638],[77.5564,11.661],[77.5603,11.6662],[77.5553,11.6694],[77.5523,11.6638]],[[77.5575,11.8198],[77.5518,11.8215],[77.5486,11.8195],[77.5521,11.8162],[77.5575,11.8198]],[[77.5407,11.6398],[77.5458,11.6364],[77.549,11.641],[77.5438,11.6444],[77.5407,11.6398]]]}},{"type":"Feature","bbox":[78.1232,9.5201,79.0138,10.4082],"properties":{"kind":"district","district":"Sivaganga"},"geometry":{"type":"Polygon","coordinates":[[[78.4729,10.4011],[78.4901,10.3959],[78.492,10.388],[78.5077,10.389],[78.5068,10.378],[78.4976,10.3641],[78.4977,10.3521],[78.5095,10.347],[78.5214,10.3263],[78.5194,10.3142],[78.5154,10.3091],[78.515,10.3035],[78.5189,10.3002],[78.5127,10.2857],[78.517,10.28],[78.5115,10.27],[78.5145,10.2676],[78.4923,10.2632],[78.4726,10.2699],[78.4527,10.267],[78.4478,10.2455],[78.4576,10.2406],[78.4727,10.2434],[78.4823,10.2551],[78.4857,10.2521],[78.4789,10.2428],[78.4877,10.2344],[78.4785,10.2226],[78.4727,10.2199],[78.4751,10.2196],[78.4705,10.2029],[78.476,10.2028],[78.4878,10.1905],[78.4958,10.1917],[78.4991,10.188],[78.5162,10.1905],[78.5138,10.2006],[78.5174,10.2095],[78.5146,10.2166],[78.5189,10.2366],[78.5276,10.2385],[78.53,10.2504],[78.5385,10.2577],[78.5406,10.2531],[78.5535,10.2495],[78.5551,10.2548],[78.5618,10.2532],[78.5652,10.258],[78.5706,10.2568],[78.5768,10.2663],[78.5744,10.2673],[78.5741,10.2773],[78.571,10.2752],[78.5695,10.2811],[78.5779,10.2872],[78.5916,10.2791],[78.6096,10.2739],[78.6116,10.2704],[78.6362,10.2692],[78.6517,10.2543],[78.6483,10.2455],[78.6414,10.241],[78.6506,10.2366],[78.6473,10.226],[78.652,10.2196],[78.6732,10.2047],[78.6642,10.179],[78.6701,10.1762],[78.668,10.1543],[78.6783,10.147],[78.6913,10.1478],[78.7085,10.1756],[78.7266,10.1698],[78.7277,10.1614],[78.7372,10.1586],[78.7381,10.1621],[78.747,10.1643],[78.7671,10.1635],[78.7702,10.1672],[78.7648,10.1743],[78.7672,10.1806],[78.7652,10.1806],[78.7653,10.193],[78.7689,10.1991],[78.8099,10.213],[78.8232,10.1981],[78.8136,10.1666],[78.8188,10.1593],[78.8295,10.1545],[78.8331,10.1392],[78.8484,10.1375],[78.8479,10.1261],[78.8623,10.1264],[78.8655,10.1357],[78.8724,10.1381],[78.8819,10.1545],[78.8868,10.1481],[78.8965,10.1473],[78.9018,10.1518],[78.9001,10.1567],[78.9135,10.1446],[78.9102,10.1359],[78.9135,10.1278],[78.9281,10.1208],[78.9286,10.1143],[78.9375,10.1156],[78.9416,10.1102],[78.941,10.1143],[78.9446,10.1123],[78.9479,10.1056],[78.9501,10.1142],[78.9586,10.1141],[78.9677,10.1266],[78.977,10.1095],[78.977,10.1018],[78.9823,10.1003],[78.9822,10.0951],[78.987,10.0894],[78.9824,10.0846],[78.9781,10.0866],[78.977,10.0812],[78.9734,10.0818],[78.9599,10.0952],[78.9498,10.0895],[78.9459,10.0789],[78.9342,10.0719],[78.9404,10.061],[78.9444,10.0594],[78.942,10.0538],[78.9381,10.0575],[78.9312,10.0472],[78.9246,10.047],[78.9236,10.0427],[78.932,10.0374],[78.9302,10.0218],[78.9517,10.008],[78.9649,10.0075],[78.9748,9.9996],[78.974,9.9915],[78.9815,9.9904],[78.9938,9.9959],[79.0031,9.9872],[79.0097,9.9902],[79.0138,9.9817],[79.0029,9.9788],[78.9964,9.966],[79.0023,9.9642],[79.0033,9.9562],[78.9887,9.9515],[78.9897,9.9401],[78.9639,9.9429],[78.9629,9.9239],[78.944,9.9168],[78.9368,9.9212],[78.9378,9.9313],[78.9355,9.934],[78.9313,9.932],[78.9297,9.926],[78.916,9.9271],[78.9133,9.9193],[78.8993,9.9179],[78.8986,9.9142],[78.8932,9.9115],[78.8922,9.9078],[78.9016,9.8944],[78.8921,9.879],[78.8835,9.8802],[78.8773,9.8863],[78.874,9.8834],[78.8725,9.8755],[78.8803,9.8729],[78.8731,9.8563],[78.8688,9.8534],[78.8695,9.8456],[78.8724,9.8445],[78.8661,9.8341],[78.874,9.8247],[78.8641,9.8116],[78.8721,9.8029],[78.8659,9.798],[78.8665,9.7893],[78.8726,9.7853],[78.8875,9.7864],[78.8933,9.7729],[78.895,9.764],[78.8823,9.7446],[78.8736,9.7553],[78.8694,9.7548],[78.8675,9.7592],[78.8553,9.7653],[78.8504,9.7612],[78.8539,9.7569],[78.8511,9.747],[78.8451,9.743],[78.8334,9.7502],[78.8231,9.7498],[78.8166,9.7439],[78.8263,9.7318],[78.8153,9.7316],[78.814,9.7388],[78.8083,9.7394],[78.8054,9.7595],[78.8132,9.7627],[78.8217,9.7609],[78.8264,9.7694],[78.8204,9.7748],[78.8286,9.7767],[78.8312,9.7808],[78.8283,9.7929],[78.8146,9.7798],[78.8099,9.7873],[78.8011,9.7887],[78.796,9.7949],[78.8001,9.7839],[78.7897,9.7817],[78.792,9.7755],[78.7804,9.7604],[78.7845,9.7828],[78.7822,9.7954],[78.7742,9.7868],[78.7529,9.7804],[78.7376,9.7808],[78.7433,9.7716],[78.7443,9.7603],[78.7335,9.7584],[78.7328,9.749],[78.7429,9.7435],[78.7449,9.7076],[78.7474,9.7058],[78.7552,9.7171],[78.7781,9.7196],[78.7877,9.7075],[78.7943,9.7056],[78.7952,9.6977],[78.7992,9.6963],[78.7919,9.6724],[78.7954,9.6708],[78.7953,9.6662],[78.7891,9.6623],[78.7855,9.6527],[78.7948,9.6435],[78.7948,9.6374],[78.7876,9.6369],[78.7878,9.6341],[78.7937,9.632],[78.7947,9.6257],[78.8027,9.6211],[78.8074,9.6262],[78.8187,9.6245],[78.8198,9.6203],[78.8266,9.6179],[78.8268,9.6143],[78.8213,9.5997],[78.7822,9.5959],[78.7813,9.5908],[78.7739,9.5883],[78.7632,9.5931],[78.7538,9.5933],[78.7467,9.5853],[78.746,9.5889],[78.701,9.5935],[78.6892,9.6011],[78.6886,9.6053],[78.6844,9.6056],[78.6789,9.5939],[78.6935,9.5803],[78.6938,9.5768],[78.6862,9.5703],[78.6838,9.563],[78.6542,9.5432],[78.6562,9.5365],[78.6618,9.5361],[78.6575,9.5201],[78.6168,9.5362],[78.6144,9.5429],[78.6168,9.5581],[78.5976,9.5609],[78.5903,9.5651],[78.5871,9.5723],[78.5758,9.5761],[78.5714,9.5667],[78.5576,9.5748],[78.5201,9.5789],[78.5068,9.5932],[78.4943,9.5998],[78.503,9.6109],[78.4861,9.6093],[78.4771,9.6132],[78.4723,9.6271],[78.4615,9.6364],[78.4557,9.6169],[78.4486,9.6189],[78.447,9.6147],[78.4402,9.6153],[78.4391,9.6093],[78.4295,9.6088],[78.4262,9.6172],[78.4234,9.6082],[78.4165,9.6089],[78.409,9.6196],[78.406,9.6124],[78.4,9.6119],[78.394,9.6187],[78.3941,9.628],[78.3897,9.6314],[78.3939,9.6459],[78.3897,9.6529],[78.3762,9.6571],[78.3635,9.6541],[78.3608,9.6506],[78.3561,9.6515],[78.3543,9.6577],[78.351,9.6565],[78.3497,9.666],[78.3446,9.657],[78.3393,9.6581],[78.336,9.6684],[78.3422,9.6723],[78.3428,9.6809],[78.327,9.6935],[78.321,9.7072],[78.3282,9.7256],[78.3248,9.7427],[78.3227,9.7426],[78.3215,9.7319],[78.3117,9.7227],[78.3052,9.7056],[78.2999,9.7036],[78.2955,9.6935],[78.3028,9.687],[78.3023,9.679],[78.2913,9.677],[78.2917,9.6746],[78.2735,9.6862],[78.2712,9.6918],[78.2779,9.6961],[78.2743,9.7026],[78.2784,9.7148],[78.277,9.7205],[78.2723,9.7225],[78.2719,9.7291],[78.2775,9.7266],[78.2801,9.7299],[78.2806,9.7324],[78.2762,9.7328],[78.2769,9.7406],[78.2575,9.7515],[78.2378,9.7574],[78.2102,9.7825],[78.2043,9.7636],[78.1965,9.7676],[78.183,9.7568],[78.1745,9.757],[78.1733,9.7602],[78.1749,9.7535],[78.1722,9.7481],[78.1636,9.7498],[78.163,9.7575],[78.1474,9.75],[78.1461,9.7429],[78.1339,9.7481],[78.1384,9.7771],[78.1455,9.7892],[78.1455,9.7942],[78.1406,9.7953],[78.1389,9.8002],[78.1409,9.8092],[78.1593,9.8046],[78.1631,9.7993],[78.1723,9.797],[78.1685,9.7825],[78.1616,9.7816],[78.1599,9.7746],[78.1737,9.7763],[78.1754,9.7721],[78.1831,9.7927],[78.1877,9.7949],[78.1934,9.8066],[78.1862,9.8135],[78.1882,9.8153],[78.1691,9.8309],[78.1517,9.8277],[78.153,9.8217],[78.1423,9.8123],[78.1348,9.8112],[78.1278,9.8141],[78.1322,9.8197],[78.1324,9.8332],[78.1232,9.849],[78.125,9.8546],[78.1292,9.8519],[78.1318,9.8564],[78.1335,9.8529],[78.1508,9.8522],[78.1536,9.8592],[78.1513,9.8747],[78.1549,9.8731],[78.161,9.876],[78.181,9.8678],[78.1879,9.8716],[78.1979,9.8687],[78.2025,9.8751],[78.2087,9.8755],[78.2252,9.861],[78.2296,9.8648],[78.2394,9.8599],[78.2487,9.8602],[78.2397,9.8507],[78.2392,9.8453],[78.2467,9.8375],[78.2584,9.8342],[78.261,9.8481],[78.2664,9.8481],[78.267,9.8562],[78.2552,9.8639],[78.2503,9.8737],[78.2642,9.8695],[78.2873,9.8702],[78.2945,9.8614],[78.3096,9.8653],[78.31,9.8742],[78.3133,9.875],[78.3123,9.8821],[78.315,9.8826],[78.3104,9.8994],[78.3171,9.9262],[78.3339,9.9309],[78.3346,9.9356],[78.3388,9.9387],[78.3452,9.9372],[78.3453,9.94],[78.3491,9.9368],[78.3521,9.9405],[78.3572,9.9353],[78.3703,9.9346],[78.3687,9.9479],[78.372,9.9623],[78.3889,9.9522],[78.4566,9.9685],[78.4542,9.9802],[78.4477,9.9862],[78.4496,9.9918],[78.4565,9.9921],[78.4561,10.0181],[78.4485,10.0252],[78.4445,10.0244],[78.4473,10.0282],[78.4435,10.0343],[78.4307,10.036],[78.4277,10.053],[78.4374,10.0611],[78.4529,10.0589],[78.4542,10.0702],[78.4619,10.0716],[78.4628,10.079],[78.4587,10.081],[78.459,10.0949],[78.4564,10.0992],[78.4707,10.1103],[78.4736,10.1219],[78.4643,10.1209],[78.4581,10.1245],[78.4516,10.119],[78.4413,10.131],[78.4348,10.1314],[78.4327,10.1351],[78.4259,10.122],[78.4253,10.1333],[78.417,10.1319],[78.4157,10.1355],[78.4017,10.1386],[78.413,10.1607],[78.3988,10.1657],[78.3946,10.1741],[78.4125,10.2131],[78.408,10.2163],[78.4079,10.2232],[78.3977,10.2261],[78.3924,10.2416],[78.3951,10.2483],[78.4057,10.2503],[78.4106,10.2571],[78.4251,10.2586],[78.4242,10.2707],[78.4176,10.2749],[78.4096,10.272],[78.4062,10.2757],[78.3867,10.2703],[78.3841,10.2739],[78.3843,10.2897],[78.3818,10.2917],[78.3813,10.2939],[78.3857,10.2893],[78.3864,10.2937],[78.3909,10.2963],[78.3906,10.3022],[78.3801,10.3058],[78.3787,10.3101],[78.392,10.3178],[78.4043,10.3436],[78.3919,10.3508],[78.3925,10.3543],[78.4087,10.3578],[78.4148,10.3631],[78.4366,10.3627],[78.4489,10.3749],[78.4481,10.3786],[78.4398,10.3805],[78.4386,10.3837],[78.4402,10.4006],[78.4463,10.4081],[78.462,10.4082],[78.4729,10.4011]]]}},{"type":"Feature","bbox":[77.1466,8.7639,77.7449,9.4201],"properties":{"kind":"district","district":"Tenkasi"},"geometry":{"type":"Polygon","coordinates":[[[77.3394,9.4201],[77.3503,9.4127],[77.3644,9.4091],[77.3722,9.4021],[77.379,9.4019],[77.3891,9.3922],[77.3972,9.3962],[77.406,9.3935],[77.4197,9.3993],[77.4233,9.3937],[77.434,9.3909],[77.438,9.3819],[77.4505,9.3699],[77.4471,9.3658],[77.4385,9.3681],[77.4371,9.3621],[77.4434,9.362],[77.4414,9.3543],[77.468,9.3467],[77.4629,9.3459],[77.4591,9.3363],[77.4648,9.3291],[77.4715,9.3284],[77.4747,9.3407],[77.487,9.337],[77.4958,9.3385],[77.497,9.3338],[77.5066,9.3319],[77.5221,9.335],[77.5276,9.3489],[77.5191,9.3567],[77.5202,9.3593],[77.5271,9.3581],[77.5293,9.3603],[77.5309,9.3759],[77.5331,9.3761],[77.5547,9.3703],[77.5497,9.3667],[77.5498,9.3632],[77.5604,9.3535],[77.5749,9.3541],[77.573,9.343],[77.589,9.3476],[77.5915,9.3439],[77.591,9.3154],[77.5856,9.3086],[77.6042,9.307],[77.6034,9.3012],[77.6134,9.301],[77.6249,9.2955],[77.6249,9.2928],[77.644,9.2916],[77.6447,9.2887],[77.653,9.2881],[77.6551,9.2835],[77.6609,9.287],[77.6824,9.2862],[77.684,9.2886],[77.7119,9.2914],[77.7122,9.2873],[77.7168,9.2874],[77.7219,9.2801],[77.7386,9.2805],[77.7415,9.275],[77.7416,9.2645],[77.7385,9.2639],[77.7377,9.2597],[77.742,9.2534],[77.742,9.2321],[77.7447,9.2256],[77.7423,9.2194],[77.7329,9.2199],[77.7348,9.1969],[77.7273,9.1899],[77.7058,9.1884],[77.7046,9.1656],[77.6901,9.1589],[77.6934,9.1446],[77.7005,9.1381],[77.6965,9.1339],[77.6883,9.1328],[77.6828,9.1341],[77.6829,9.1376],[77.6741,9.1381],[77.6732,9.1265],[77.6763,9.1244],[77.6765,9.1104],[77.6799,9.1058],[77.6863,9.1051],[77.6863,9.1023],[77.72,9.1047],[77.7217,9.1085],[77.7258,9.1059],[77.74,9.1068],[77.7416,9.086],[77.7449,9.0799],[77.7416,9.0753],[77.7379,9.0755],[77.7392,9.073],[77.7131,9.0728],[77.7072,9.0756],[77.7038,9.0729],[77.7017,9.063],[77.7136,9.0456],[77.7084,9.0414],[77.7084,9.0378],[77.7071,9.041],[77.7022,9.0403],[77.7024,9.0352],[77.694,9.032],[77.6967,9.0206],[77.6932,9.0147],[77.6882,9.0144],[77.6891,8.9997],[77.7225,9.0024],[77.7293,8.9896],[77.7292,8.9831],[77.7217,8.9788],[77.7199,8.9666],[77.7105,8.9672],[77.703,8.9689],[77.7001,8.9769],[77.6942,8.9807],[77.6906,8.9939],[77.6862,8.9946],[77.676,8.9893],[77.681,8.9641],[77.6913,8.955],[77.6919,8.9362],[77.6961,8.9263],[77.6948,8.9188],[77.6848,8.919],[77.6791,8.9246],[77.6569,8.9343],[77.6547,8.9565],[77.645,8.957],[77.6345,8.9552],[77.6297,8.9469],[77.6217,8.9492],[77.6183,8.9341],[77.6143,8.9362],[77.6141,8.9424],[77.5932,8.9447],[77.5929,8.9107],[77.582,8.9069],[77.5616,8.9114],[77.5708,8.9052],[77.5646,8.8953],[77.5709,8.8898],[77.5647,8.8872],[77.5667,8.8841],[77.5638,8.8779],[77.5725,8.8819],[77.5773,8.8732],[77.5824,8.8764],[77.5899,8.8754],[77.5943,8.8681],[77.5853,8.8266],[77.5746,8.8131],[77.57,8.8114],[77.5663,8.7997],[77.5704,8.7921],[77.5684,8.7887],[77.5563,8.7893],[77.5538,8.7853],[77.5377,8.79],[77.5306,8.7854],[77.5262,8.7877],[77.5201,8.7818],[77.5196,8.7876],[77.5135,8.792],[77.5187,8.7946],[77.52,8.8012],[77.5136,8.8029],[77.511,8.8088],[77.5066,8.8062],[77.5112,8.7971],[77.5064,8.7951],[77.499,8.8013],[77.4902,8.7969],[77.4863,8.8012],[77.4867,8.806],[77.4801,8.8041],[77.4759,8.8067],[77.4761,8.8105],[77.4628,8.8139],[77.4628,8.7901],[77.4559,8.7863],[77.4613,8.7779],[77.4609,8.7712],[77.4575,8.766],[77.4504,8.7666],[77.4501,8.7639],[77.4418,8.7678],[77.4204,8.7872],[77.4125,8.8232],[77.415,8.8256],[77.4103,8.8297],[77.4009,8.8281],[77.4019,8.8336],[77.4068,8.8334],[77.4073,8.8386],[77.3939,8.8486],[77.3844,8.8486],[77.3827,8.8624],[77.3865,8.8714],[77.357,8.873],[77.3414,8.8713],[77.3417,8.868],[77.3314,8.8756],[77.3186,8.8755],[77.3131,8.8725],[77.2949,8.8824],[77.2733,8.8761],[77.2617,8.8814],[77.2561,8.8788],[77.245,8.8801],[77.2377,8.8857],[77.2385,8.8977],[77.2212,8.9039],[77.2182,8.9187],[77.21,8.9185],[77.1928,8.9262],[77.1971,8.9354],[77.1939,8.9433],[77.197,8.9517],[77.1907,8.9656],[77.1849,8.9705],[77.1782,8.9691],[77.1736,8.9912],[77.1617,8.995],[77.1569,9.0075],[77.1493,9.0096],[77.1507,9.0149],[77.1466,9.0218],[77.1539,9.0224],[77.1611,9.0294],[77.1604,9.0358],[77.1675,9.0453],[77.1823,9.0474],[77.1876,9.0431],[77.1975,9.047],[77.1953,9.0493],[77.1969,9.0568],[77.2089,9.074],[77.2057,9.085],[77.2124,9.1005],[77.2188,9.1014],[77.2265,9.1082],[77.2284,9.1169],[77.2421,9.125],[77.2473,9.1246],[77.2527,9.1392],[77.2668,9.1525],[77.2652,9.1813],[77.2515,9.1891],[77.2561,9.1992],[77.2703,9.2006],[77.2707,9.2053],[77.2817,9.2166],[77.2741,9.2358],[77.2788,9.2394],[77.2774,9.2471],[77.2825,9.256],[77.2818,9.2723],[77.2885,9.2742],[77.283,9.3013],[77.2885,9.3017],[77.2995,9.3109],[77.3025,9.3195],[77.297,9.3295],[77.301,9.3301],[77.3,9.3367],[77.3156,9.3349],[77.3253,9.3371],[77.326,9.3465],[77.3373,9.365],[77.3346,9.3812],[77.3366,9.3873],[77.3414,9.3898],[77.3398,9.3937],[77.3436,9.4008],[77.3364,9.4119],[77.3394,9.4201]]]}},{"type":"Feature","bbox":[78.7758,10.1367,79.5728,11.1837],"properties":{"kind":"district","district":"Thanjavur"},"geometry":{"type":"Polygon","coordinates":[[[79.5298,11.1784],[79.5378,11.1806],[79.5395,11.1626],[79.5569,11.1629],[79.5584,11.1546],[79.5656,11.155],[79.5664,11.1492],[79.5728,11.148],[79.5609,11.1355],[79.5613,11.1318],[79.5564,11.1285],[79.5553,11.1322],[79.551,11.1302],[79.5533,11.1277],[79.5489,11.1264],[79.5485,11.1228],[79.552,11.1234],[79.5501,11.1147],[79.5436,11.1166],[79.5453,11.1128],[79.5414,11.1118],[79.5419,11.1089],[79.538,11.1095],[79.5361,11.1029],[79.5361,11.0986],[79.5415,11.0953],[79.5417,11.1047],[79.5471,11.1047],[79.5485,11.1013],[79.5411,11.0847],[79.5438,11.087],[79.552,11.0838],[79.5524,11.0778],[79.5367,11.0704],[79.537,11.0658],[79.5311,11.0569],[79.5217,11.0536],[79.5186,11.0471],[79.5109,11.0421],[79.5138,11.0301],[79.5118,11.0275],[79.5301,11.0268],[79.5322,11.014],[79.5246,11.0162],[79.5231,11.0088],[79.5311,11.0109],[79.5422,11.0084],[79.5412,11.0037],[79.5473,11.0007],[79.523,10.9972],[79.5254,10.9895],[79.5121,10.9882],[79.5086,10.984],[79.5153,10.9787],[79.5159,10.9563],[79.5198,10.9553],[79.5197,10.9503],[79.5144,10.9419],[79.5012,10.9417],[79.4987,10.9318],[79.4843,10.9209],[79.4935,10.9164],[79.4927,10.9057],[79.5068,10.9041],[79.5078,10.8988],[79.4964,10.8901],[79.4883,10.8894],[79.4881,10.8835],[79.484,10.879],[79.4865,10.8773],[79.4857,10.8692],[79.4778,10.8673],[79.476,10.8726],[79.472,10.8723],[79.472,10.8699],[79.4648,10.869],[79.4663,10.8647],[79.4562,10.8638],[79.4464,10.872],[79.4094,10.8876],[79.4051,10.8931],[79.3901,10.8961],[79.3702,10.8945],[79.3682,10.8992],[79.3587,10.8999],[79.3481,10.9107],[79.3289,10.9163],[79.3266,10.9186],[79.3323,10.9206],[79.328,10.925],[79.3094,10.928],[79.301,10.9358],[79.2952,10.9348],[79.2919,10.938],[79.2875,10.9372],[79.2885,10.9348],[79.2821,10.9275],[79.2753,10.9263],[79.2754,10.9231],[79.2869,10.9179],[79.2869,10.9072],[79.2953,10.9081],[79.2957,10.9035],[79.2787,10.9025],[79.2784,10.9066],[79.2682,10.9053],[79.2724,10.8978],[79.2679,10.8881],[79.2754,10.884],[79.2726,10.8818],[79.2736,10.8729],[79.2886,10.8715],[79.2902,10.8641],[79.2953,10.8642],[79.2952,10.857],[79.2926,10.8569],[79.2948,10.8428],[79.2919,10.8422],[79.2894,10.833],[79.2985,10.8357],[79.3061,10.8239],[79.3258,10.8174],[79.3236,10.812],[79.3264,10.8104],[79.332,10.8137],[79.3393,10.8107],[79.3435,10.8127],[79.3529,10.8113],[79.3583,10.8066],[79.3698,10.8092],[79.3766,10.804],[79.3702,10.7963],[79.3485,10.7957],[79.3513,10.7911],[79.3451,10.7808],[79.3454,10.7662],[79.3614,10.7651],[79.3611,10.7522],[79.3537,10.7479],[79.3501,10.7502],[79.3491,10.7465],[79.345,10.7457],[79.3491,10.7433],[79.3415,10.7395],[79.3204,10.7373],[79.3131,10.7404],[79.3147,10.7451],[79.312,10.7468],[79.3016,10.7395],[79.3084,10.7209],[79.3069,10.7102],[79.3201,10.6849],[79.3167,10.672],[79.3179,10.6608],[79.3429,10.6584],[79.3498,10.6483],[79.3574,10.6459],[79.3543,10.6317],[79.3481,10.6269],[79.3542,10.6108],[79.3538,10.6067],[79.3486,10.6068],[79.3467,10.5956],[79.3519,10.5831],[79.3611,10.5787],[79.3834,10.5821],[79.3966,10.5802],[79.4016,10.5725],[79.3985,10.5589],[79.4003,10.5538],[79.405,10.5521],[79.4207,10.5491],[79.4259,10.5579],[79.4525,10.5595],[79.4521,10.551],[79.4285,10.5457],[79.4234,10.5416],[79.4232,10.5354],[79.4376,10.5307],[79.4408,10.5226],[79.4568,10.5197],[79.4578,10.5138],[79.4692,10.5114],[79.4691,10.5052],[79.4609,10.5031],[79.4536,10.4923],[79.4554,10.4886],[79.4617,10.4874],[79.468,10.4927],[79.4765,10.4934],[79.4831,10.4896],[79.4793,10.4635],[79.4719,10.4645],[79.4697,10.4618],[79.4761,10.4497],[79.473,10.4353],[79.4547,10.434],[79.4511,10.4297],[79.4563,10.4269],[79.4592,10.4188],[79.4651,10.416],[79.4616,10.4066],[79.4738,10.4065],[79.476,10.4001],[79.4772,10.3935],[79.4614,10.3926],[79.461,10.3884],[79.47,10.3831],[79.4676,10.3731],[79.4755,10.372],[79.4857,10.3806],[79.4923,10.3698],[79.5048,10.3663],[79.5025,10.3491],[79.4988,10.3489],[79.4988,10.3148],[79.3881,10.3175],[79.3732,10.3079],[79.3603,10.2912],[79.3293,10.2844],[79.2985,10.2633],[79.2701,10.2358],[79.267,10.2289],[79.2773,10.2233],[79.2787,10.2155],[79.2651,10.1974],[79.2638,10.2],[79.26,10.1937],[79.2574,10.197],[79.2518,10.1947],[79.2415,10.1849],[79.2361,10.1716],[79.2391,10.1608],[79.2275,10.1514],[79.226,10.1371],[79.2066,10.1367],[79.2104,10.1397],[79.2092,10.1473],[79.203,10.1584],[79.1966,10.1569],[79.1963,10.1609],[79.1909,10.1618],[79.1786,10.1582],[79.164,10.162],[79.1665,10.1592],[79.16,10.1568],[79.1514,10.1596],[79.1511,10.1666],[79.157,10.1693],[79.1571,10.1764],[79.1615,10.1799],[79.1602,10.1846],[79.1504,10.1853],[79.1502,10.1932],[79.1526,10.1968],[79.1609,10.1951],[79.1737,10.2034],[79.1825,10.1933],[79.1893,10.201],[79.1824,10.2074],[79.1831,10.2146],[79.1783,10.2164],[79.1731,10.2136],[79.1628,10.218],[79.1616,10.2154],[79.1506,10.2162],[79.1442,10.2363],[79.1367,10.2364],[79.1336,10.2304],[79.116,10.2343],[79.1176,10.2534],[79.1255,10.2526],[79.1313,10.2564],[79.1326,10.2651],[79.1289,10.2676],[79.1312,10.2733],[79.1263,10.2779],[79.1279,10.2819],[79.1186,10.2903],[79.1264,10.3012],[79.1219,10.3063],[79.1329,10.3091],[79.1349,10.319],[79.1312,10.3255],[79.1253,10.3281],[79.1144,10.3282],[79.1208,10.3374],[79.1392,10.3418],[79.1464,10.3495],[79.153,10.3501],[79.151,10.3634],[79.1457,10.365],[79.1487,10.3732],[79.1447,10.3769],[79.1442,10.3829],[79.1527,10.4007],[79.1474,10.4109],[79.1316,10.4244],[79.1258,10.4379],[79.1314,10.4364],[79.1375,10.4399],[79.1435,10.4457],[79.1397,10.4465],[79.1404,10.4495],[79.1512,10.4472],[79.1564,10.4524],[79.1579,10.4462],[79.1666,10.4502],[79.1761,10.448],[79.1768,10.4519],[79.1737,10.4487],[79.1656,10.4529],[79.1665,10.4554],[79.1728,10.4533],[79.1732,10.4587],[79.1907,10.4596],[79.1947,10.4659],[79.1903,10.4711],[79.1854,10.4694],[79.178,10.4723],[79.1768,10.4776],[79.1735,10.4784],[79.175,10.4742],[79.1723,10.4747],[79.1709,10.4817],[79.1601,10.4735],[79.1518,10.4758],[79.1473,10.4859],[79.1344,10.485],[79.1299,10.4879],[79.1329,10.4943],[79.1293,10.4917],[79.1288,10.4954],[79.1305,10.499],[79.1392,10.4982],[79.1405,10.5123],[79.1549,10.5218],[79.1491,10.5238],[79.1517,10.5325],[79.1527,10.5296],[79.1581,10.5336],[79.1679,10.5301],[79.1684,10.5337],[79.1738,10.5323],[79.1777,10.5383],[79.1846,10.5377],[79.1834,10.548],[79.1788,10.5505],[79.183,10.5501],[79.1834,10.5568],[79.1875,10.5558],[79.1906,10.5595],[79.1913,10.5643],[79.1872,10.5664],[79.1901,10.5655],[79.1908,10.5782],[79.1801,10.5745],[79.1823,10.5711],[79.1788,10.5713],[79.1774,10.5869],[79.1692,10.5847],[79.1694,10.587],[79.1547,10.589],[79.1428,10.5864],[79.1434,10.6084],[79.1357,10.6161],[79.1328,10.6293],[79.1276,10.6362],[79.1192,10.6348],[79.1043,10.6152],[79.1008,10.6296],[79.07,10.6407],[79.0655,10.6491],[79.0689,10.6774],[79.063,10.6738],[79.0549,10.6796],[79.046,10.681],[79.0167,10.6801],[79.0207,10.6837],[79.0211,10.6989],[79.0292,10.704],[79.0105,10.7079],[79.0071,10.7118],[79.0098,10.7195],[79.0035,10.7223],[78.9935,10.7217],[78.9914,10.7056],[78.9834,10.6963],[78.9871,10.6792],[78.9697,10.6754],[78.9712,10.6622],[78.9639,10.6515],[78.9613,10.6618],[78.9582,10.6614],[78.9548,10.6682],[78.9456,10.6691],[78.9376,10.6751],[78.9396,10.6787],[78.9487,10.6754],[78.9398,10.6826],[78.9335,10.6836],[78.9267,10.6801],[78.9185,10.6708],[78.9082,10.6717],[78.9057,10.6805],[78.8939,10.6852],[78.8938,10.6942],[78.8822,10.6953],[78.8684,10.7113],[78.8652,10.7208],[78.8684,10.7607],[78.8733,10.7616],[78.8745,10.773],[78.881,10.7775],[78.8803,10.7885],[78.8672,10.7849],[78.8656,10.8002],[78.8605,10.8032],[78.8617,10.8119],[78.8679,10.8155],[78.8688,10.8256],[78.7971,10.8239],[78.787,10.8288],[78.7758,10.827],[78.7765,10.8331],[78.8033,10.8384],[78.8161,10.8354],[78.8295,10.8401],[78.8492,10.8418],[78.896,10.8595],[78.9234,10.8661],[78.9406,10.8785],[78.9377,10.8811],[78.9397,10.8877],[78.9602,10.8946],[78.9663,10.8872],[78.9991,10.8948],[79.0325,10.8866],[79.05,10.8883],[79.0632,10.8981],[79.0747,10.9207],[79.0852,10.927],[79.1099,10.925],[79.1413,10.9403],[79.157,10.9422],[79.1786,10.9397],[79.1892,10.9465],[79.2029,10.949],[79.2049,10.9402],[79.213,10.9413],[79.2689,10.9864],[79.2747,10.9933],[79.2733,10.9971],[79.2802,11.0009],[79.291,11.0144],[79.3088,11.0209],[79.3118,11.0176],[79.358,11.0492],[79.3989,11.0669],[79.4134,11.082],[79.4227,11.0975],[79.4311,11.1215],[79.4479,11.1407],[79.4727,11.161],[79.479,11.1617],[79.4996,11.1755],[79.5267,11.1837],[79.5298,11.1784]]]}},{"type":"Feature","bbox":[76.233,11.1877,77.0122,11.7049],"properties":{"kind":"district","district":"The Nilgiris"},"geometry":{"type":"Polygon","coordinates":[[[76.5107,11.7049],[76.5388,11.6895],[76.5505,11.6742],[76.5493,11.665],[76.5544,11.6556],[76.5539,11.6457],[76.5614,11.6327],[76.56,11.6225],[76.5676,11.6185],[76.5752,11.6192],[76.5767,11.6145],[76.5838,11.6138],[76.5923,11.6187],[76.5982,11.6107],[76.6106,11.6108],[76.614,11.6076],[76.6305,11.6138],[76.6715,11.6159],[76.7471,11.6138],[76.7569,11.6184],[76.7648,11.6141],[76.7915,11.6127],[76.7963,11.6084],[76.8092,11.6084],[76.8176,11.6047],[76.8252,11.6073],[76.848,11.5927],[76.8467,11.5821],[76.8422,11.5854],[76.8304,11.5719],[76.8395,11.5695],[76.8395,11.5663],[76.848,11.5614],[76.8631,11.5441],[76.8666,11.5334],[76.8636,11.5293],[76.8663,11.5196],[76.8955,11.5274],[76.9083,11.5279],[76.9144,11.5242],[76.9274,11.5333],[76.9264,11.5251],[76.938,11.5271],[76.9384,11.5235],[76.9432,11.5224],[76.9397,11.519],[76.9451,11.5193],[76.9397,11.5167],[76.9338,11.5067],[76.9333,11.5035],[76.939,11.498],[76.9353,11.4822],[76.9559,11.4791],[76.9718,11.4677],[76.993,11.4801],[76.9993,11.4752],[77.0122,11.452],[77.0101,11.4384],[77.0074,11.4344],[77.0007,11.4347],[76.9977,11.4406],[76.9829,11.4404],[76.9763,11.4131],[76.981,11.4013],[76.9758,11.3957],[76.9704,11.3972],[76.9556,11.3795],[76.9334,11.3764],[76.9284,11.3687],[76.9354,11.3703],[76.9342,11.3681],[76.9375,11.3666],[76.9501,11.3658],[76.9376,11.3635],[76.9377,11.3597],[76.9335,11.3594],[76.9326,11.3561],[76.9329,11.3627],[76.9063,11.3504],[76.9015,11.3512],[76.9024,11.363],[76.8898,11.3655],[76.8903,11.3612],[76.8842,11.3517],[76.8767,11.3584],[76.8736,11.3519],[76.8679,11.355],[76.8625,11.3513],[76.8683,11.3446],[76.8617,11.3475],[76.8592,11.3434],[76.8546,11.3453],[76.8541,11.3408],[76.8498,11.3426],[76.8482,11.3348],[76.8549,11.333],[76.8511,11.3272],[76.8603,11.3246],[76.8546,11.3181],[76.8596,11.3125],[76.86,11.3036],[76.854,11.3058],[76.8544,11.2961],[76.8459,11.2927],[76.8427,11.2874],[76.83,11.2933],[76.8178,11.2899],[76.807,11.2992],[76.7979,11.2955],[76.7903,11.2791],[76.7691,11.2896],[76.7652,11.2837],[76.7698,11.2767],[76.7677,11.2641],[76.7519,11.2547],[76.7558,11.2526],[76.7549,11.2487],[76.749,11.2487],[76.743,11.2532],[76.7371,11.2446],[76.7298,11.2454],[76.7229,11.2538],[76.7115,11.2573],[76.7057,11.2633],[76.7002,11.2586],[76.6999,11.252],[76.7009,11.2457],[76.7071,11.2384],[76.6983,11.2396],[76.6846,11.2339],[76.6848,11.2277],[76.6782,11.2211],[76.6534,11.2101],[76.6297,11.1942],[76.6007,11.2066],[76.5338,11.1968],[76.5161,11.2043],[76.5105,11.2116],[76.5034,11.2116],[76.4724,11.2088],[76.4735,11.1949],[76.4584,11.1877],[76.4519,11.1992],[76.4386,11.199],[76.4394,11.203],[76.449,11.2055],[76.4531,11.2394],[76.4871,11.2583],[76.5222,11.2713],[76.5263,11.2883],[76.5458,11.3003],[76.5394,11.3046],[76.5373,11.314],[76.55,11.331],[76.5479,11.3589],[76.5082,11.3541],[76.5151,11.3597],[76.5177,11.3713],[76.4621,11.3875],[76.4151,11.4226],[76.4187,11.4418],[76.3977,11.435],[76.3715,11.4541],[76.3422,11.4676],[76.3255,11.4533],[76.3052,11.4678],[76.2935,11.4657],[76.2905,11.4696],[76.2942,11.4729],[76.2844,11.4829],[76.2753,11.4769],[76.2646,11.4809],[76.2476,11.4685],[76.2498,11.4983],[76.2523,11.5],[76.2485,11.5065],[76.2482,11.5165],[76.2442,11.5174],[76.2385,11.5263],[76.2505,11.5276],[76.2515,11.5378],[76.2445,11.543],[76.2463,11.5463],[76.2424,11.5505],[76.2444,11.5541],[76.2404,11.5559],[76.233,11.5695],[76.2646,11.5909],[76.2649,11.5939],[76.2743,11.5937],[76.2789,11.6009],[76.2861,11.5902],[76.2959,11.5904],[76.3024,11.5712],[76.3105,11.5774],[76.3159,11.5766],[76.3212,11.5862],[76.3359,11.5957],[76.34,11.5931],[76.3404,11.5872],[76.3546,11.5893],[76.3671,11.5983],[76.378,11.6019],[76.3783,11.6085],[76.3839,11.612],[76.3833,11.624],[76.3881,11.6297],[76.4069,11.6343],[76.4325,11.6313],[76.4439,11.6477],[76.4364,11.6535],[76.4314,11.6664],[76.4579,11.6644],[76.4826,11.6861],[76.4817,11.6925],[76.4936,11.693],[76.5107,11.7049]]]}},{"type":"Feature","bbox":[77.1672,9.5192,77.7295,10.2187],"properties":{"kind":"district","district":"Theni"},"geometry":{"type":"Polygon","coordinates":[[[77.6233,10.2187],[77.6256,10.211],[77.63,10.2103],[77.632,10.2063],[77.6453,10.2045],[77.6497,10.1987],[77.6538,10.1985],[77.6529,10.1947],[77.6601,10.1911],[77.662,10.1931],[77.6644,10.1888],[77.6815,10.2015],[77.6932,10.1969],[77.6979,10.2019],[77.6967,10.2063],[77.7024,10.2077],[77.7025,10.2142],[77.7062,10.2126],[77.7065,10.2159],[77.71,10.2063],[77.7043,10.2006],[77.7048,10.1961],[77.7013,10.1952],[77.7123,10.175],[77.7122,10.17],[77.7219,10.1668],[77.7289,10.1592],[77.7274,10.1539],[77.7246,10.1539],[77.7239,10.1462],[77.7243,10.1361],[77.7295,10.1314],[77.7217,10.134],[77.7157,10.1287],[77.7079,10.1289],[77.7036,10.1341],[77.6972,10.1352],[77.6921,10.1454],[77.6764,10.1446],[77.6755,10.1266],[77.6691,10.1261],[77.6686,10.1224],[77.6942,10.1111],[77.7025,10.1027],[77.6969,10.0867],[77.7089,10.0802],[77.7077,10.0646],[77.7126,10.0479],[77.7063,10.0382],[77.7117,10.034],[77.7126,10.0259],[77.7087,10.0184],[77.7015,10.014],[77.6979,10.0173],[77.6968,9.9828],[77.6919,9.9681],[77.6819,9.9688],[77.6773,9.9623],[77.6732,9.9618],[77.679,9.9328],[77.6686,9.9143],[77.6565,9.9207],[77.6541,9.9186],[77.6529,9.9103],[77.6463,9.9028],[77.648,9.8959],[77.6448,9.8883],[77.632,9.8713],[77.62,9.8622],[77.617,9.8404],[77.6194,9.8357],[77.6256,9.835],[77.6231,9.8216],[77.6121,9.7991],[77.6035,9.7913],[77.5986,9.7766],[77.5736,9.7515],[77.5663,9.7478],[77.5536,9.722],[77.554,9.7151],[77.5466,9.7055],[77.5459,9.6958],[77.5442,9.6936],[77.5407,9.6953],[77.5353,9.675],[77.5232,9.6603],[77.5036,9.6502],[77.5063,9.6385],[77.4864,9.6144],[77.4855,9.6069],[77.4741,9.5959],[77.4643,9.5798],[77.4736,9.5716],[77.4773,9.5522],[77.4559,9.5416],[77.4481,9.5455],[77.4446,9.5434],[77.4411,9.5467],[77.4279,9.5465],[77.4025,9.5251],[77.4005,9.5274],[77.3852,9.5192],[77.3656,9.535],[77.3651,9.5527],[77.3613,9.5579],[77.3529,9.5596],[77.3503,9.5671],[77.3599,9.5774],[77.355,9.5867],[77.3575,9.5944],[77.3609,9.5978],[77.3661,9.596],[77.3658,9.5997],[77.3611,9.6023],[77.3546,9.6041],[77.3395,9.5733],[77.3254,9.58],[77.3245,9.5933],[77.3299,9.599],[77.3224,9.5983],[77.3178,9.6025],[77.3038,9.5987],[77.2946,9.5892],[77.2901,9.5887],[77.2903,9.5848],[77.2769,9.5757],[77.272,9.5765],[77.2697,9.5728],[77.2583,9.5765],[77.2531,9.583],[77.2428,9.5852],[77.2343,9.5815],[77.2225,9.5928],[77.2222,9.5977],[77.2098,9.605],[77.209,9.6134],[77.1982,9.6144],[77.1887,9.6061],[77.1672,9.6117],[77.1694,9.6242],[77.1761,9.6297],[77.174,9.6373],[77.1793,9.6449],[77.18,9.6569],[77.1875,9.6614],[77.187,9.6666],[77.1941,9.6706],[77.2067,9.6947],[77.2019,9.7039],[77.2061,9.7176],[77.2035,9.7219],[77.2239,9.7304],[77.2202,9.745],[77.2275,9.7642],[77.2324,9.7686],[77.225,9.7756],[77.2227,9.7878],[77.236,9.7901],[77.2402,9.7969],[77.2467,9.7979],[77.2468,9.808],[77.2412,9.8156],[77.2326,9.8174],[77.2327,9.8215],[77.2218,9.8225],[77.2275,9.8381],[77.2229,9.8449],[77.2372,9.8514],[77.2363,9.8596],[77.2213,9.8631],[77.2125,9.8769],[77.2153,9.8774],[77.2175,9.8843],[77.2207,9.8845],[77.2183,9.9043],[77.2301,9.9125],[77.2306,9.9214],[77.2356,9.9264],[77.2349,9.9321],[77.2479,9.9468],[77.2465,9.9514],[77.261,9.9525],[77.2729,9.9642],[77.2727,9.9763],[77.2644,9.9872],[77.2668,9.9903],[77.2609,9.9927],[77.2661,10.0019],[77.2532,10.0128],[77.2616,10.0212],[77.2619,10.0297],[77.2314,10.0663],[77.2235,10.0692],[77.2199,10.077],[77.2033,10.0888],[77.2013,10.1062],[77.2079,10.1177],[77.2164,10.1159],[77.2304,10.1205],[77.2343,10.1285],[77.2443,10.1306],[77.2527,10.1244],[77.2666,10.1217],[77.2666,10.1193],[77.283,10.1178],[77.2841,10.1254],[77.2895,10.125],[77.2927,10.1311],[77.3025,10.136],[77.313,10.1354],[77.3237,10.1276],[77.3293,10.1427],[77.3415,10.136],[77.3603,10.151],[77.3721,10.1393],[77.3847,10.1467],[77.3954,10.1628],[77.4087,10.1584],[77.4114,10.145],[77.4276,10.1361],[77.4382,10.1324],[77.4448,10.1363],[77.4521,10.1361],[77.4656,10.1288],[77.468,10.1423],[77.4724,10.1426],[77.4721,10.1457],[77.4758,10.1477],[77.4807,10.147],[77.4826,10.1539],[77.4878,10.1477],[77.5,10.161],[77.5118,10.1609],[77.5276,10.1739],[77.5232,10.1761],[77.5368,10.1796],[77.5381,10.1877],[77.5438,10.1817],[77.5463,10.1829],[77.5472,10.1861],[77.5431,10.1879],[77.5445,10.1925],[77.5513,10.1918],[77.5464,10.1987],[77.5482,10.2039],[77.5498,10.1999],[77.5557,10.2021],[77.5668,10.1954],[77.5674,10.1827],[77.5697,10.1813],[77.589,10.1968],[77.5919,10.1913],[77.5983,10.1943],[77.603,10.2],[77.5962,10.2022],[77.5957,10.2056],[77.6038,10.2059],[77.6101,10.2135],[77.6154,10.2125],[77.6233,10.2187]]]}},{"type":"Feature","bbox":[79.284,12.9451,80.3465,13.5646],"properties":{"kind":"district","district":"Thiruvallur"},"geometry":{"type":"MultiPolygon","coordinates":[[[[80.3058,13.4686],[80.3171,13.457],[80.326,13.4417],[80.3296,13.4038],[80.3465,13.3133],[80.3451,13.2786],[80.3382,13.262],[80.3342,13.2379],[80.3177,13.2296],[80.3102,13.2161],[80.3033,13.2128],[80.2847,13.2199],[80.2828,13.2299],[80.2753,13.2293],[80.2705,13.2235],[80.2727,13.2181],[80.2704,13.2033],[80.25,13.2061],[80.2489,13.1986],[80.2385,13.1995],[80.2359,13.2039],[80.2345,13.1963],[80.2228,13.1998],[80.224,13.1843],[80.2159,13.1723],[80.1996,13.1812],[80.1991,13.1754],[80.1947,13.1752],[80.1908,13.1687],[80.1946,13.154],[80.1845,13.1476],[80.176,13.1473],[80.1771,13.1396],[80.1697,13.143],[80.1659,13.1357],[80.1581,13.1421],[80.1458,13.1394],[80.148,13.1305],[80.1441,13.125],[80.1404,13.0986],[80.1461,13.0882],[80.1614,13.0811],[80.1634,13.0734],[80.158,13.0413],[80.1457,13.0399],[80.1495,13.0489],[80.1534,13.0495],[80.1493,13.0534],[80.1528,13.0543],[80.1541,13.0629],[80.1485,13.0644],[80.1463,13.054],[80.1355,13.0483],[80.1344,13.0447],[80.1294,13.0451],[80.1279,13.0342],[80.1222,13.0334],[80.1165,13.0399],[80.1087,13.0418],[80.0995,13.0349],[80.0886,13.0411],[80.0818,13.041],[80.0838,13.0285],[80.08,13.0161],[80.0711,13.0374],[80.0623,13.0345],[80.0604,13.0273],[80.0524,13.0228],[80.0466,13.0232],[80.042,13.0297],[80.0427,13.019],[80.0279,13.0198],[80.0225,13.0239],[80.0238,13.0404],[79.9946,13.0467],[79.9885,13.0314],[79.9819,13.0317],[79.9742,13.0389],[79.9782,13.0401],[79.9789,13.0492],[79.9831,13.0501],[79.9868,13.0538],[79.9909,13.0516],[79.9865,13.0562],[79.9838,13.052],[79.9699,13.049],[79.9688,13.0375],[79.9556,13.0378],[79.9487,13.0328],[79.9182,13.035],[79.9178,13.0476],[79.9119,13.0462],[79.9007,13.0495],[79.8971,13.0318],[79.9005,13.0299],[79.9004,13.017],[79.911,13.0146],[79.9114,13.0177],[79.92,13.0195],[79.9201,13.0143],[79.931,13.0139],[79.9418,13.0086],[79.9423,13.0013],[79.9358,12.9925],[79.9286,12.9901],[79.9084,13.0042],[79.9002,12.9958],[79.8892,12.9937],[79.914,12.9789],[79.9102,12.9659],[79.9035,12.9664],[79.8962,12.959],[79.8951,12.9486],[79.8907,12.9451],[79.8816,12.9481],[79.8526,12.9484],[79.8482,12.9564],[79.8324,12.9582],[79.8348,12.9624],[79.8319,12.9639],[79.8212,12.962],[79.8216,12.9783],[79.818,12.9833],[79.82,12.9879],[79.8148,12.9866],[79.813,12.9903],[79.8216,12.9928],[79.8236,12.9969],[79.8305,12.997],[79.8278,13.0099],[79.8245,13.0114],[79.8266,13.0304],[79.8181,13.0266],[79.8106,13.0182],[79.8011,13.0149],[79.7967,13.0277],[79.7899,13.0246],[79.787,13.0289],[79.7864,13.0402],[79.792,13.046],[79.7888,13.0566],[79.7791,13.0537],[79.7789,13.0606],[79.7759,13.0628],[79.7621,13.0518],[79.7477,13.0496],[79.7458,13.0559],[79.7426,13.0554],[79.7372,13.061],[79.73,13.0545],[79.7186,13.0538],[79.7187,13.0584],[79.7244,13.0595],[79.7258,13.068],[79.7381,13.0655],[79.7416,13.076],[79.7355,13.0869],[79.7363,13.0951],[79.7228,13.0994],[79.7015,13.0994],[79.7017,13.1043],[79.7037,13.1007],[79.7048,13.101],[79.7022,13.1108],[79.7189,13.1049],[79.7241,13.1167],[79.7266,13.1182],[79.7314,13.1148],[79.7361,13.1179],[79.739,13.1434],[79.7365,13.1669],[79.7062,13.1633],[79.7015,13.1588],[79.6949,13.159],[79.6918,13.1772],[79.7008,13.1812],[79.7008,13.1916],[79.692,13.1918],[79.6701,13.1832],[79.6715,13.2038],[79.6627,13.2061],[79.6612,13.2104],[79.654,13.2105],[79.6561,13.2055],[79.6481,13.1995],[79.6443,13.1916],[79.6449,13.1791],[79.6351,13.1718],[79.6301,13.1729],[79.6323,13.1574],[79.6368,13.1515],[79.6346,13.1476],[79.6155,13.1446],[79.589,13.1473],[79.5993,13.1317],[79.5969,13.1232],[79.5709,13.1219],[79.5685,13.1375],[79.5531,13.1375],[79.5531,13.1349],[79.5326,13.1365],[79.5225,13.1392],[79.5226,13.1442],[79.5003,13.1361],[79.4827,13.1399],[79.4817,13.1282],[79.4752,13.1304],[79.4742,13.1271],[79.4753,13.1077],[79.4645,13.1073],[79.4624,13.0954],[79.4509,13.0932],[79.4437,13.114],[79.4343,13.1115],[79.4332,13.116],[79.429,13.1165],[79.4517,13.1211],[79.4535,13.1265],[79.4477,13.1285],[79.4386,13.1251],[79.4341,13.1365],[79.4188,13.15],[79.4154,13.1381],[79.4115,13.1367],[79.4133,13.1188],[79.4041,13.1153],[79.4016,13.1042],[79.4041,13.0999],[79.4203,13.1038],[79.4226,13.0969],[79.4152,13.0897],[79.4168,13.0846],[79.4012,13.08],[79.3795,13.0801],[79.3793,13.0755],[79.3553,13.0668],[79.3515,13.0625],[79.3349,13.0606],[79.3301,13.0729],[79.3247,13.0777],[79.2987,13.0867],[79.284,13.1228],[79.3125,13.1261],[79.2993,13.1187],[79.3015,13.1137],[79.2943,13.1096],[79.3072,13.1055],[79.3099,13.112],[79.3189,13.1136],[79.3119,13.1166],[79.3242,13.1185],[79.3187,13.1235],[79.3268,13.1261],[79.329,13.1305],[79.3396,13.1305],[79.3413,13.1368],[79.3446,13.1367],[79.3454,13.1214],[79.3581,13.1217],[79.3655,13.1339],[79.3611,13.1386],[79.3561,13.1646],[79.38,13.1629],[79.3792,13.1715],[79.3695,13.1729],[79.3727,13.1788],[79.3877,13.1775],[79.3856,13.183],[79.3781,13.1847],[79.374,13.1893],[79.3874,13.1891],[79.392,13.1924],[79.3991,13.1878],[79.4008,13.1917],[79.4092,13.194],[79.4102,13.1905],[79.4384,13.1882],[79.4324,13.197],[79.4357,13.1972],[79.4396,13.2059],[79.4439,13.2078],[79.4362,13.2127],[79.4374,13.2196],[79.4485,13.2157],[79.4537,13.2169],[79.4532,13.2384],[79.4415,13.238],[79.44,13.2306],[79.4309,13.2298],[79.4398,13.2359],[79.4315,13.2361],[79.4381,13.24],[79.4377,13.2429],[79.4185,13.243],[79.4197,13.2457],[79.417,13.2459],[79.4226,13.2513],[79.4169,13.2517],[79.4162,13.2604],[79.4084,13.2653],[79.4137,13.2662],[79.4176,13.2717],[79.4337,13.275],[79.4347,13.2891],[79.4463,13.2916],[79.4454,13.3013],[79.4305,13.3002],[79.42,13.2895],[79.4158,13.2996],[79.4053,13.2976],[79.3941,13.2999],[79.3898,13.2974],[79.3887,13.3098],[79.3819,13.3075],[79.3878,13.318],[79.402,13.3174],[79.3984,13.3302],[79.4025,13.3302],[79.4054,13.335],[79.4147,13.33],[79.421,13.3363],[79.4317,13.3367],[79.4354,13.3517],[79.4563,13.3386],[79.4641,13.3417],[79.4654,13.3387],[79.4805,13.34],[79.4997,13.3478],[79.4974,13.332],[79.5101,13.3342],[79.5111,13.342],[79.5259,13.3444],[79.5373,13.3386],[79.5418,13.3273],[79.5394,13.3219],[79.5441,13.3168],[79.5349,13.3014],[79.5371,13.2944],[79.5412,13.2924],[79.5352,13.2851],[79.5345,13.2756],[79.54,13.2724],[79.5584,13.2727],[79.574,13.259],[79.5826,13.2573],[79.591,13.261],[79.5961,13.2849],[79.6081,13.2875],[79.6061,13.2795],[79.6141,13.2827],[79.6314,13.2697],[79.6341,13.2716],[79.6316,13.2772],[79.6344,13.2774],[79.6333,13.2824],[79.638,13.2843],[79.6385,13.2875],[79.6413,13.2756],[79.6425,13.2901],[79.6518,13.2918],[79.6578,13.2838],[79.6639,13.2898],[79.6666,13.286],[79.6654,13.2787],[79.6749,13.2829],[79.6783,13.2974],[79.6829,13.2956],[79.6813,13.288],[79.6939,13.2798],[79.6937,13.2735],[79.6888,13.2709],[79.6903,13.2681],[79.6954,13.2691],[79.6911,13.261],[79.6874,13.2666],[79.6783,13.2617],[79.6843,13.2444],[79.6959,13.2386],[79.6931,13.2433],[79.6963,13.2433],[79.701,13.253],[79.7091,13.251],[79.7125,13.2447],[79.7141,13.2357],[79.7061,13.2342],[79.7027,13.2224],[79.7183,13.2165],[79.7216,13.2235],[79.7314,13.2224],[79.7303,13.2325],[79.7326,13.2369],[79.7373,13.2365],[79.7391,13.2295],[79.751,13.2164],[79.7501,13.208],[79.755,13.2065],[79.7598,13.2074],[79.7643,13.2191],[79.7736,13.219],[79.7755,13.2153],[79.778,13.2236],[79.7848,13.2279],[79.7931,13.2293],[79.7945,13.2263],[79.7947,13.2421],[79.7816,13.2516],[79.7612,13.2575],[79.7481,13.271],[79.7417,13.271],[79.735,13.2759],[79.7306,13.2829],[79.7336,13.2886],[79.7392,13.2913],[79.7442,13.2886],[79.7567,13.2953],[79.7603,13.3016],[79.7608,13.3185],[79.7752,13.306],[79.7802,13.3061],[79.7856,13.2967],[79.7917,13.2935],[79.8016,13.3005],[79.8036,13.311],[79.809,13.3172],[79.8292,13.3175],[79.8361,13.3142],[79.8533,13.316],[79.8535,13.3207],[79.8628,13.3169],[79.8681,13.3311],[79.8829,13.3233],[79.8835,13.3329],[79.9038,13.3404],[79.9149,13.3481],[79.916,13.3599],[79.9253,13.3584],[79.9313,13.3515],[79.938,13.3555],[79.9422,13.3636],[79.9456,13.3637],[79.9495,13.3755],[79.945,13.3818],[79.9482,13.3832],[79.9539,13.3771],[79.958,13.3792],[79.9628,13.3914],[79.9615,13.3956],[79.9444,13.3969],[79.9413,13.4006],[79.9457,13.4077],[79.9346,13.4165],[79.9418,13.4167],[79.9396,13.425],[79.9526,13.4258],[79.9567,13.4222],[79.9733,13.4297],[79.9724,13.4691],[79.9824,13.4705],[79.9841,13.4796],[80.0075,13.4786],[80.0158,13.489],[80.0159,13.498],[80.03,13.4982],[80.0466,13.4937],[80.048,13.5125],[80.0355,13.5183],[80.0272,13.5137],[80.0195,13.5193],[80.0177,13.5296],[80.0005,13.5257],[79.9986,13.5427],[80.0043,13.5449],[80.0187,13.5469],[80.0239,13.546],[80.0284,13.5388],[80.0569,13.5366],[80.0628,13.5454],[80.0684,13.5446],[80.0813,13.5498],[80.0886,13.5354],[80.0771,13.5268],[80.0782,13.4888],[80.1031,13.4869],[80.1009,13.4898],[80.1052,13.4934],[80.1082,13.4889],[80.1115,13.4933],[80.1128,13.5059],[80.1317,13.5014],[80.1392,13.5043],[80.1455,13.4995],[80.1451,13.4914],[80.163,13.4882],[80.1865,13.4907],[80.2099,13.4863],[80.2106,13.4905],[80.2146,13.4903],[80.2138,13.4861],[80.2259,13.4851],[80.2418,13.4706],[80.264,13.5626],[80.2687,13.5646],[80.2929,13.496],[80.3058,13.4686]]],[[[79.8457,13.3276],[79.85,13.3235],[79.8427,13.3226],[79.8457,13.3276]]]]}},{"type":"Feature","bbox":[79.2679,10.2808,79.764,11.0164],"properties":{"kind":"district","district":"Thiruvarur"},"geometry":{"type":"Polygon","coordinates":[[[79.6739,11.0164],[79.7003,11.0154],[79.711,11.0064],[79.7161,11.0088],[79.7211,10.9991],[79.73,10.9986],[79.7309,10.9951],[79.7481,10.9965],[79.7477,10.9886],[79.7526,10.988],[79.7529,10.9829],[79.7586,10.9835],[79.7584,10.9798],[79.7528,10.9769],[79.7548,10.9719],[79.7594,10.9722],[79.764,10.9602],[79.7461,10.9563],[79.7448,10.9662],[79.7401,10.9644],[79.7312,10.9705],[79.7197,10.9685],[79.7209,10.9519],[79.7327,10.9514],[79.7336,10.9572],[79.7367,10.9574],[79.7372,10.9491],[79.7241,10.9413],[79.7274,10.9379],[79.7234,10.9362],[79.7233,10.9352],[79.7295,10.9366],[79.7296,10.9341],[79.7259,10.9343],[79.7241,10.9291],[79.7157,10.9309],[79.7188,10.925],[79.7155,10.9244],[79.7144,10.9137],[79.705,10.9196],[79.7066,10.9254],[79.7032,10.9256],[79.7041,10.9214],[79.701,10.9194],[79.6906,10.9203],[79.6887,10.9274],[79.6848,10.9283],[79.6808,10.928],[79.6789,10.9154],[79.6717,10.9169],[79.6686,10.9143],[79.6676,10.901],[79.6563,10.8933],[79.6576,10.8872],[79.6526,10.8861],[79.6521,10.8804],[79.6556,10.8757],[79.6462,10.8744],[79.6524,10.8672],[79.651,10.8564],[79.642,10.8571],[79.6439,10.8534],[79.6522,10.852],[79.655,10.844],[79.6545,10.8361],[79.6482,10.8349],[79.6483,10.8293],[79.6542,10.8291],[79.6528,10.8246],[79.6434,10.8231],[79.6417,10.8263],[79.6313,10.8227],[79.6313,10.8154],[79.6425,10.8158],[79.6572,10.8058],[79.659,10.8174],[79.6751,10.8188],[79.6866,10.8161],[79.6861,10.8297],[79.6982,10.8307],[79.7036,10.8244],[79.7088,10.8247],[79.71,10.8292],[79.7276,10.8292],[79.7278,10.8121],[79.7236,10.8076],[79.7317,10.8099],[79.7289,10.7971],[79.7246,10.7975],[79.724,10.7944],[79.7037,10.7834],[79.7004,10.7675],[79.6949,10.7628],[79.6982,10.7455],[79.687,10.7383],[79.6813,10.7287],[79.6841,10.7234],[79.6893,10.7226],[79.6872,10.7159],[79.6778,10.7165],[79.6765,10.7119],[79.6714,10.7118],[79.6689,10.7081],[79.6652,10.7086],[79.6643,10.7131],[79.6553,10.7129],[79.6522,10.7023],[79.6603,10.7016],[79.6619,10.6974],[79.6723,10.6932],[79.6778,10.6804],[79.675,10.6715],[79.6708,10.6695],[79.6718,10.6643],[79.6667,10.6504],[79.6542,10.6573],[79.6501,10.6521],[79.6494,10.6428],[79.67,10.6329],[79.6691,10.6295],[79.6736,10.6244],[79.6727,10.6164],[79.6556,10.6135],[79.659,10.604],[79.6674,10.6026],[79.6693,10.5852],[79.6872,10.5836],[79.6859,10.5788],[79.6812,10.5785],[79.6797,10.5727],[79.6689,10.5755],[79.6596,10.5592],[79.6757,10.5616],[79.6783,10.5558],[79.6872,10.5567],[79.6882,10.5514],[79.6998,10.549],[79.7103,10.5537],[79.7158,10.5465],[79.715,10.5417],[79.7267,10.5361],[79.7074,10.5152],[79.7006,10.512],[79.7003,10.5061],[79.6944,10.5053],[79.6884,10.5104],[79.6994,10.4834],[79.6772,10.4807],[79.6902,10.4499],[79.6722,10.4473],[79.6636,10.4403],[79.6602,10.4411],[79.6589,10.4467],[79.6308,10.4455],[79.6307,10.4212],[79.6333,10.4157],[79.6274,10.3962],[79.6343,10.3789],[79.6371,10.3787],[79.6388,10.3423],[79.6696,10.3231],[79.7051,10.2928],[79.7209,10.288],[79.7212,10.2841],[79.7151,10.2808],[79.5955,10.3024],[79.5307,10.3092],[79.5492,10.3178],[79.5441,10.3249],[79.5139,10.3133],[79.4988,10.3148],[79.4988,10.3489],[79.5025,10.3491],[79.5048,10.3663],[79.4923,10.3698],[79.4857,10.3806],[79.4755,10.372],[79.4676,10.3731],[79.47,10.3831],[79.461,10.3884],[79.4614,10.3926],[79.4772,10.3935],[79.476,10.4001],[79.4738,10.4065],[79.4616,10.4066],[79.4651,10.416],[79.4592,10.4188],[79.4563,10.4269],[79.4511,10.4297],[79.4547,10.434],[79.473,10.4353],[79.4761,10.4497],[79.4697,10.4618],[79.4719,10.4645],[79.4793,10.4635],[79.4831,10.4896],[79.4765,10.4934],[79.468,10.4927],[79.4617,10.4874],[79.4554,10.4886],[79.4536,10.4923],[79.4609,10.5031],[79.4691,10.5052],[79.4692,10.5114],[79.4578,10.5138],[79.4568,10.5197],[79.4408,10.5226],[79.4376,10.5307],[79.4232,10.5354],[79.4234,10.5416],[79.4285,10.5457],[79.4521,10.551],[79.4525,10.5595],[79.4259,10.5579],[79.4207,10.5491],[79.405,10.5521],[79.4003,10.5538],[79.3985,10.5589],[79.4016,10.5725],[79.3966,10.5802],[79.3834,10.5821],[79.3611,10.5787],[79.3519,10.5831],[79.3467,10.5956],[79.3486,10.6068],[79.3538,10.6067],[79.3542,10.6108],[79.3481,10.6269],[79.3543,10.6317],[79.3574,10.6459],[79.3498,10.6483],[79.3429,10.6584],[79.3179,10.6608],[79.3167,10.672],[79.3201,10.6849],[79.3069,10.7102],[79.3084,10.7209],[79.3016,10.7395],[79.312,10.7468],[79.3147,10.7451],[79.3131,10.7404],[79.3204,10.7373],[79.3415,10.7395],[79.3491,10.7433],[79.345,10.7457],[79.3491,10.7465],[79.3501,10.7502],[79.3537,10.7479],[79.3611,10.7522],[79.3614,10.7651],[79.3454,10.7662],[79.3451,10.7808],[79.3513,10.7911],[79.3485,10.7957],[79.3702,10.7963],[79.3766,10.804],[79.3698,10.8092],[79.3583,10.8066],[79.3529,10.8113],[79.3435,10.8127],[79.3393,10.8107],[79.332,10.8137],[79.3264,10.8104],[79.3236,10.812],[79.3258,10.8174],[79.3061,10.8239],[79.2985,10.8357],[79.2894,10.833],[79.2919,10.8422],[79.2948,10.8428],[79.2926,10.8569],[79.2952,10.857],[79.2953,10.8642],[79.2902,10.8641],[79.2886,10.8715],[79.2736,10.8729],[79.2726,10.8818],[79.2754,10.884],[79.2679,10.8881],[79.2724,10.8978],[79.2683,10.9047],[79.27,10.9072],[79.2784,10.9066],[79.2787,10.9025],[79.2957,10.9035],[79.2953,10.9081],[79.2869,10.9072],[79.2869,10.9179],[79.2754,10.9231],[79.2753,10.9263],[79.2821,10.9275],[79.2885,10.9348],[79.2875,10.9372],[79.2919,10.938],[79.2952,10.9348],[79.301,10.9358],[79.3094,10.928],[79.328,10.925],[79.3323,10.9206],[79.3266,10.9186],[79.3289,10.9163],[79.3481,10.9107],[79.3587,10.8999],[79.3682,10.8992],[79.3702,10.8945],[79.3901,10.8961],[79.4051,10.8931],[79.4094,10.8876],[79.4464,10.872],[79.4562,10.8638],[79.4663,10.8647],[79.4648,10.869],[79.472,10.8699],[79.472,10.8723],[79.476,10.8726],[79.4778,10.8673],[79.4857,10.8692],[79.4865,10.8773],[79.484,10.879],[79.4881,10.8835],[79.4883,10.8894],[79.4964,10.8901],[79.5078,10.8988],[79.5068,10.9041],[79.4927,10.9057],[79.4935,10.9164],[79.4843,10.9209],[79.4987,10.9318],[79.5012,10.9417],[79.5144,10.9419],[79.5158,10.947],[79.5189,10.9466],[79.5198,10.9553],[79.5159,10.9563],[79.5159,10.9698],[79.5302,10.9691],[79.5265,10.9631],[79.5285,10.9596],[79.5327,10.961],[79.5325,10.9685],[79.545,10.9656],[79.5638,10.9765],[79.5681,10.9769],[79.5696,10.971],[79.5748,10.9706],[79.5777,10.9737],[79.5744,10.9753],[79.5775,10.9826],[79.5855,10.9832],[79.5907,10.9829],[79.5912,10.9766],[79.5963,10.9777],[79.5969,10.9741],[79.604,10.9718],[79.6049,10.9765],[79.6084,10.9762],[79.6044,10.9779],[79.6042,10.9822],[79.6254,10.9825],[79.6262,10.9791],[79.6327,10.9809],[79.6306,10.9867],[79.6354,10.9894],[79.6347,10.9933],[79.6315,10.992],[79.6356,10.9952],[79.6339,11.0003],[79.6405,11.0],[79.6404,11.0072],[79.6434,11.0098],[79.6739,11.0164]],[[79.7204,10.9372],[79.723,10.937],[79.7225,10.9383],[79.7204,10.9372]],[[79.7184,10.9559],[79.7197,10.9548],[79.7197,10.9559],[79.7184,10.9559]]]}},{"type":"Feature","bbox":[78.1627,10.2937,79.0123,11.4089],"properties":{"kind":"district","district":"Tiruchirappalli"},"geometry":{"type":"Polygon","coordinates":[[[78.5046,11.3804],[78.5153,11.3845],[78.5235,11.3707],[78.5353,11.3679],[78.5424,11.3695],[78.5534,11.3587],[78.555,11.3516],[78.5521,11.346],[78.5556,11.3283],[78.5522,11.3252],[78.5529,11.3201],[78.5716,11.3152],[78.5796,11.3189],[78.5793,11.3245],[78.5837,11.3298],[78.5931,11.3269],[78.6045,11.3388],[78.6219,11.3365],[78.6413,11.3421],[78.6632,11.3738],[78.6891,11.3817],[78.6885,11.3772],[78.681,11.3751],[78.6739,11.3676],[78.6721,11.36],[78.6596,11.3579],[78.6552,11.3447],[78.6342,11.3339],[78.6397,11.3286],[78.6563,11.3338],[78.6612,11.3314],[78.66,11.3194],[78.6659,11.3173],[78.6784,11.3275],[78.6858,11.323],[78.7057,11.3252],[78.7331,11.3234],[78.738,11.3168],[78.736,11.3101],[78.7389,11.2941],[78.7488,11.2895],[78.7512,11.2848],[78.7378,11.2744],[78.7287,11.2725],[78.7293,11.2651],[78.7261,11.261],[78.7166,11.2584],[78.7101,11.249],[78.7134,11.24],[78.7027,11.2287],[78.7088,11.2277],[78.7126,11.2127],[78.7066,11.2082],[78.6988,11.1911],[78.6853,11.1958],[78.6759,11.1953],[78.6729,11.1857],[78.6632,11.1747],[78.6512,11.1683],[78.652,11.1636],[78.6715,11.1664],[78.6758,11.1616],[78.6809,11.1454],[78.681,11.1303],[78.6869,11.1291],[78.687,11.1142],[78.6943,11.104],[78.7003,11.0845],[78.701,11.0686],[78.7098,11.0622],[78.7105,11.0564],[78.7177,11.0556],[78.7202,11.074],[78.7427,11.0755],[78.7455,11.0831],[78.7389,11.0867],[78.7344,11.0988],[78.7353,11.1056],[78.7597,11.1216],[78.7767,11.1169],[78.7768,11.1128],[78.7873,11.1158],[78.8109,11.1117],[78.806,11.0903],[78.8073,11.0789],[78.84,11.0764],[78.8475,11.0902],[78.8621,11.0901],[78.8639,11.0856],[78.8725,11.0842],[78.8732,11.0967],[78.8856,11.0989],[78.8865,11.1017],[78.9035,11.0957],[78.9166,11.0962],[78.9175,11.0926],[78.9264,11.0894],[78.9294,11.0936],[78.9393,11.0948],[78.974,11.0943],[78.9804,11.091],[78.9855,11.0858],[78.9847,11.0789],[78.9983,11.0762],[79.0017,11.0606],[79.006,11.0603],[79.0123,11.0101],[78.9919,11.0014],[78.9896,10.9785],[78.9823,10.9755],[78.9874,10.9668],[78.9468,10.9766],[78.9473,10.9625],[78.9503,10.9555],[78.9609,10.9498],[78.972,10.9484],[78.9776,10.9436],[78.9827,10.9217],[78.9861,10.9276],[78.9903,10.9284],[79.0019,10.9222],[79.0068,10.8994],[79.0057,10.8936],[78.9975,10.8948],[78.9663,10.8872],[78.9602,10.8946],[78.9397,10.8877],[78.9377,10.8811],[78.9406,10.8785],[78.9234,10.8661],[78.896,10.8595],[78.851,10.8423],[78.8161,10.8354],[78.8033,10.8384],[78.7765,10.8331],[78.7758,10.827],[78.787,10.8288],[78.7971,10.8239],[78.8688,10.8256],[78.8679,10.8155],[78.8617,10.8119],[78.8605,10.8032],[78.8656,10.8002],[78.8672,10.7849],[78.8803,10.7885],[78.881,10.7775],[78.8745,10.773],[78.8733,10.7616],[78.8684,10.7607],[78.8689,10.7441],[78.8645,10.7328],[78.8652,10.7208],[78.8735,10.7056],[78.8721,10.6881],[78.8648,10.6881],[78.8627,10.6925],[78.8204,10.6946],[78.8208,10.6871],[78.8177,10.6877],[78.8123,10.6796],[78.8127,10.6724],[78.8036,10.676],[78.8067,10.6778],[78.805,10.6797],[78.7997,10.6799],[78.7985,10.6754],[78.802,10.6716],[78.7907,10.6498],[78.7738,10.6512],[78.7734,10.6538],[78.7653,10.6551],[78.7586,10.6534],[78.7578,10.644],[78.7488,10.642],[78.7441,10.6434],[78.7433,10.6553],[78.7358,10.6717],[78.7381,10.6828],[78.7438,10.6832],[78.7466,10.6868],[78.7428,10.7074],[78.7359,10.7147],[78.723,10.7159],[78.7178,10.7208],[78.7099,10.7221],[78.7091,10.7331],[78.6892,10.7346],[78.6879,10.7286],[78.6925,10.7081],[78.6976,10.7023],[78.6931,10.6913],[78.6821,10.6866],[78.6829,10.6711],[78.6658,10.6715],[78.6652,10.6548],[78.6589,10.654],[78.6525,10.6586],[78.6564,10.672],[78.6513,10.6814],[78.6556,10.6879],[78.6585,10.7047],[78.6476,10.7036],[78.6411,10.708],[78.6352,10.7074],[78.6261,10.7025],[78.6213,10.6758],[78.616,10.6816],[78.6092,10.6811],[78.593,10.6591],[78.5795,10.6641],[78.5749,10.6598],[78.5656,10.6606],[78.5649,10.6712],[78.5684,10.6813],[78.5508,10.6864],[78.5444,10.6752],[78.5339,10.6765],[78.5301,10.6713],[78.5231,10.6741],[78.5208,10.6691],[78.5178,10.6698],[78.5172,10.6648],[78.5207,10.6628],[78.518,10.6598],[78.5198,10.6517],[78.5291,10.6448],[78.527,10.6291],[78.5066,10.6357],[78.4924,10.6351],[78.4825,10.6384],[78.478,10.6314],[78.4692,10.6278],[78.4669,10.6185],[78.459,10.6168],[78.4595,10.6114],[78.4468,10.6085],[78.4531,10.5982],[78.4523,10.5923],[78.4596,10.5901],[78.4584,10.5813],[78.4661,10.5783],[78.463,10.5617],[78.4665,10.5457],[78.4639,10.5408],[78.4862,10.5388],[78.4913,10.5268],[78.4881,10.5204],[78.498,10.5067],[78.4964,10.4938],[78.4927,10.4888],[78.4961,10.4851],[78.5193,10.4828],[78.5274,10.4863],[78.5409,10.505],[78.5394,10.5126],[78.5328,10.5139],[78.5365,10.5306],[78.5422,10.5281],[78.5439,10.53],[78.55,10.5141],[78.5646,10.512],[78.5694,10.5196],[78.5818,10.5219],[78.5791,10.5067],[78.5708,10.4891],[78.585,10.4811],[78.5894,10.4745],[78.5873,10.4577],[78.5833,10.4518],[78.5851,10.4409],[78.571,10.4456],[78.5651,10.443],[78.5614,10.4317],[78.5657,10.4281],[78.5625,10.4268],[78.5533,10.4266],[78.5523,10.4337],[78.5231,10.4366],[78.5191,10.4314],[78.5165,10.4078],[78.5271,10.4028],[78.5311,10.3967],[78.5303,10.3905],[78.5249,10.3782],[78.5157,10.3755],[78.5139,10.3715],[78.5056,10.3759],[78.5077,10.389],[78.492,10.388],[78.4901,10.3959],[78.4702,10.4018],[78.4628,10.4079],[78.4475,10.409],[78.4402,10.4006],[78.4386,10.3837],[78.4398,10.3805],[78.4481,10.3786],[78.4489,10.3749],[78.4366,10.3627],[78.4148,10.3631],[78.4087,10.3578],[78.3925,10.3543],[78.3938,10.3491],[78.4047,10.3452],[78.3965,10.3239],[78.3939,10.3242],[78.3904,10.3159],[78.3718,10.3086],[78.3748,10.3003],[78.3671,10.3011],[78.3633,10.2937],[78.3502,10.2994],[78.3332,10.3004],[78.3378,10.3255],[78.331,10.3328],[78.3308,10.3376],[78.324,10.3372],[78.3178,10.3487],[78.3048,10.3522],[78.2858,10.37],[78.2793,10.3726],[78.2791,10.3876],[78.2876,10.3933],[78.2878,10.4021],[78.3033,10.4074],[78.3068,10.4122],[78.3065,10.4232],[78.3151,10.4395],[78.2955,10.4509],[78.253,10.4624],[78.2464,10.4679],[78.234,10.4703],[78.224,10.4657],[78.2176,10.4667],[78.2144,10.473],[78.2065,10.474],[78.2036,10.4803],[78.1999,10.4815],[78.2026,10.4865],[78.1917,10.5009],[78.1734,10.5037],[78.1766,10.5174],[78.1849,10.5214],[78.1901,10.5385],[78.2,10.5467],[78.2087,10.5501],[78.2307,10.55],[78.2431,10.5543],[78.2502,10.5692],[78.2566,10.5701],[78.2625,10.5787],[78.2601,10.5958],[78.2558,10.6014],[78.2631,10.6151],[78.2658,10.6282],[78.2835,10.7459],[78.286,10.7466],[78.288,10.7352],[78.2923,10.7353],[78.2894,10.7141],[78.2925,10.7018],[78.3162,10.7017],[78.3205,10.7091],[78.3279,10.7061],[78.329,10.7092],[78.3344,10.7096],[78.3346,10.7069],[78.3418,10.7053],[78.345,10.7215],[78.3582,10.7221],[78.3591,10.7255],[78.3778,10.726],[78.3743,10.7185],[78.3844,10.7167],[78.3879,10.7082],[78.3992,10.6963],[78.3968,10.6899],[78.3998,10.6904],[78.4005,10.6814],[78.4074,10.6739],[78.425,10.6718],[78.4336,10.6871],[78.4382,10.69],[78.4512,10.6903],[78.4511,10.6873],[78.4561,10.6868],[78.4679,10.6885],[78.4708,10.6901],[78.4674,10.6984],[78.4706,10.7037],[78.5135,10.6949],[78.5203,10.7106],[78.5295,10.7112],[78.5339,10.7162],[78.5436,10.7195],[78.5445,10.7234],[78.5518,10.7226],[78.5578,10.7312],[78.5654,10.7345],[78.5689,10.7475],[78.5672,10.7575],[78.5643,10.7561],[78.5622,10.7645],[78.5717,10.775],[78.5651,10.7825],[78.5575,10.7808],[78.5573,10.7893],[78.5466,10.7914],[78.545,10.7961],[78.5546,10.8134],[78.5765,10.8081],[78.5878,10.8286],[78.5729,10.8357],[78.5779,10.8527],[78.5701,10.8563],[78.5673,10.8614],[78.5582,10.8638],[78.5581,10.8694],[78.5506,10.8776],[78.5087,10.8847],[78.4906,10.8951],[78.4845,10.8857],[78.4712,10.8863],[78.4716,10.8982],[78.4782,10.9015],[78.476,10.9064],[78.486,10.9033],[78.4894,10.9065],[78.4638,10.9141],[78.4688,10.9213],[78.4527,10.9263],[78.4263,10.9489],[78.4012,10.9613],[78.3841,10.9605],[78.3773,10.9638],[78.3415,10.9611],[78.2503,10.9688],[78.2182,10.9589],[78.1979,10.9615],[78.195,10.9632],[78.1979,10.9713],[78.1873,10.9794],[78.1825,10.9789],[78.1708,10.995],[78.1649,11.0132],[78.1729,11.013],[78.182,11.0208],[78.1948,11.0221],[78.1988,11.0291],[78.1967,11.0297],[78.1966,11.046],[78.1821,11.0419],[78.1627,11.0467],[78.1818,11.0685],[78.1958,11.0647],[78.2018,11.0755],[78.2042,11.0709],[78.2189,11.0669],[78.2215,11.0576],[78.2289,11.0546],[78.2302,11.0612],[78.2367,11.0666],[78.2338,11.0713],[78.2364,11.0738],[78.2349,11.0785],[78.2292,11.0845],[78.2299,11.0948],[78.2387,11.0945],[78.2517,11.0902],[78.2507,11.0862],[78.2564,11.075],[78.2603,11.0757],[78.2655,11.0703],[78.27,11.0709],[78.2721,11.0777],[78.2779,11.0794],[78.2909,11.0772],[78.2969,11.0706],[78.3239,11.0579],[78.3284,11.0331],[78.3347,11.028],[78.3446,11.0262],[78.3491,11.0326],[78.3501,11.0483],[78.3601,11.0466],[78.3634,11.0651],[78.3507,11.0692],[78.3497,11.0754],[78.3419,11.0833],[78.3381,11.0835],[78.3418,11.0901],[78.3382,11.0949],[78.324,11.0972],[78.3273,11.1037],[78.3366,11.1049],[78.3434,11.1122],[78.3475,11.1227],[78.3461,11.138],[78.3644,11.1379],[78.3758,11.1345],[78.3776,11.138],[78.3806,11.1374],[78.3769,11.1762],[78.3874,11.1772],[78.3812,11.187],[78.4107,11.1975],[78.4152,11.2092],[78.4219,11.2117],[78.4202,11.2207],[78.4396,11.2589],[78.4381,11.2685],[78.447,11.2748],[78.4525,11.298],[78.4567,11.306],[78.4609,11.3058],[78.4654,11.3133],[78.4625,11.3224],[78.4548,11.3283],[78.4558,11.3322],[78.4473,11.3321],[78.4469,11.3448],[78.4574,11.3404],[78.4596,11.3426],[78.4547,11.3493],[78.4618,11.3703],[78.4699,11.3856],[78.4791,11.3879],[78.4862,11.4074],[78.4963,11.4089],[78.5098,11.3968],[78.5046,11.3804]],[[78.5745,10.709],[78.5578,10.7027],[78.5583,10.6969],[78.5646,10.6942],[78.5698,10.6846],[78.575,10.6849],[78.58,10.7],[78.5745,10.709]]]}},{"type":"Feature","bbox":[77.1698,8.1421,77.9736,8.9565],"properties":{"kind":"district","district":"Tirunelveli"},"geometry":{"type":"Polygon","coordinates":[[[77.6345,8.9552],[77.6547,8.9565],[77.6569,8.9343],[77.6791,8.9246],[77.6848,8.919],[77.6948,8.9188],[77.6972,8.9266],[77.7363,8.9239],[77.7372,8.9316],[77.7451,8.9331],[77.7475,8.9292],[77.76,8.9276],[77.7643,8.9119],[77.762,8.8868],[77.7698,8.8824],[77.7861,8.8834],[77.8013,8.8796],[77.8099,8.8711],[77.8122,8.8719],[77.8077,8.8665],[77.8175,8.8531],[77.8176,8.8467],[77.8199,8.8463],[77.8182,8.8376],[77.8313,8.8334],[77.8346,8.8233],[77.848,8.8094],[77.8517,8.8021],[77.8511,8.7987],[77.8466,8.7986],[77.846,8.7888],[77.8358,8.7809],[77.8181,8.7759],[77.8208,8.7656],[77.8205,8.7574],[77.8181,8.7572],[77.8281,8.7344],[77.8103,8.6833],[77.8125,8.6808],[77.824,8.6818],[77.8243,8.6748],[77.8166,8.6722],[77.8161,8.6648],[77.8085,8.6583],[77.8092,8.6508],[77.8061,8.6473],[77.8191,8.6503],[77.8189,8.6311],[77.8156,8.6307],[77.8118,8.621],[77.8077,8.6213],[77.8057,8.6119],[77.7927,8.6147],[77.7916,8.6217],[77.7869,8.6207],[77.7811,8.5835],[77.8031,8.5761],[77.7989,8.573],[77.797,8.5654],[77.8077,8.5716],[77.8121,8.5704],[77.8114,8.5648],[77.8156,8.5632],[77.8132,8.5534],[77.8204,8.5516],[77.8203,8.5408],[77.818,8.5341],[77.8082,8.5354],[77.8073,8.5317],[77.814,8.5282],[77.8138,8.5196],[77.8258,8.5155],[77.826,8.5028],[77.8301,8.4998],[77.8268,8.4899],[77.8394,8.4844],[77.8383,8.4728],[77.8436,8.4712],[77.8404,8.4661],[77.8368,8.4663],[77.8329,8.457],[77.8326,8.4534],[77.8405,8.4514],[77.8321,8.4323],[77.838,8.4262],[77.8479,8.4238],[77.8533,8.415],[77.8516,8.4027],[77.857,8.4018],[77.8599,8.3963],[77.8571,8.3848],[77.8437,8.3865],[77.8428,8.382],[77.8356,8.3823],[77.835,8.3783],[77.8384,8.3804],[77.8549,8.3757],[77.8532,8.367],[77.8419,8.3664],[77.8413,8.3631],[77.8465,8.3632],[77.8468,8.3584],[77.8498,8.3589],[77.8467,8.3544],[77.8604,8.3563],[77.8587,8.3405],[77.8696,8.3438],[77.8684,8.3477],[77.8723,8.3502],[77.8738,8.3453],[77.8836,8.3466],[77.8895,8.3421],[77.8867,8.3334],[77.8927,8.3221],[77.9006,8.325],[77.9015,8.3211],[77.9122,8.3217],[77.9127,8.326],[77.9258,8.3309],[77.967,8.3338],[77.9701,8.3408],[77.9736,8.338],[77.9717,8.3333],[77.9545,8.3203],[77.9527,8.3139],[77.8997,8.2849],[77.8881,8.2733],[77.8494,8.2559],[77.8029,8.2402],[77.7838,8.2216],[77.7813,8.201],[77.7597,8.1894],[77.7456,8.1774],[77.7141,8.1665],[77.6743,8.16],[77.6492,8.1593],[77.5886,8.1421],[77.5881,8.1471],[77.5818,8.1506],[77.5838,8.1546],[77.5719,8.1519],[77.5627,8.1564],[77.5462,8.1581],[77.5398,8.1609],[77.5377,8.1694],[77.5385,8.1742],[77.5469,8.1794],[77.5417,8.1852],[77.5529,8.1918],[77.5455,8.1956],[77.5498,8.2056],[77.5438,8.2055],[77.5441,8.2161],[77.5499,8.22],[77.5406,8.2215],[77.5455,8.2273],[77.5417,8.2317],[77.5453,8.2402],[77.5488,8.2444],[77.5697,8.2434],[77.5698,8.2484],[77.5722,8.2486],[77.572,8.2441],[77.5767,8.2442],[77.5743,8.2558],[77.5635,8.2604],[77.5635,8.2697],[77.5584,8.2697],[77.5631,8.2756],[77.5537,8.2769],[77.5564,8.2808],[77.5643,8.2786],[77.5483,8.2954],[77.542,8.3107],[77.5309,8.3187],[77.5347,8.3244],[77.5324,8.3258],[77.5327,8.3353],[77.542,8.3353],[77.538,8.3404],[77.5398,8.3458],[77.5356,8.3512],[77.5337,8.3675],[77.5417,8.3788],[77.538,8.3854],[77.5314,8.3929],[77.5234,8.3904],[77.524,8.387],[77.5198,8.3822],[77.5073,8.387],[77.5003,8.3807],[77.4915,8.3791],[77.4893,8.3884],[77.4732,8.3974],[77.4729,8.4163],[77.4691,8.4153],[77.4616,8.4285],[77.4636,8.4418],[77.4725,8.4512],[77.4723,8.4553],[77.4644,8.4618],[77.4677,8.4662],[77.4663,8.4688],[77.4581,8.4676],[77.4451,8.4748],[77.4449,8.4853],[77.4495,8.4872],[77.446,8.4904],[77.447,8.4982],[77.4387,8.5072],[77.4332,8.5061],[77.4283,8.5122],[77.4032,8.5172],[77.3891,8.524],[77.3814,8.5214],[77.3776,8.524],[77.3744,8.5181],[77.3668,8.5247],[77.3678,8.5287],[77.3626,8.5319],[77.3609,8.5403],[77.358,8.5405],[77.3578,8.5377],[77.3533,8.5394],[77.3499,8.5427],[77.3508,8.5464],[77.3469,8.5447],[77.3371,8.5527],[77.3167,8.5607],[77.311,8.5596],[77.3016,8.5663],[77.2885,8.5703],[77.2871,8.5668],[77.2677,8.5792],[77.2636,8.5886],[77.2586,8.5892],[77.2552,8.5974],[77.2452,8.6034],[77.2441,8.6218],[77.2347,8.6268],[77.2289,8.6403],[77.2248,8.6391],[77.2143,8.6491],[77.2084,8.6636],[77.2007,8.6691],[77.2067,8.6842],[77.195,8.7078],[77.1808,8.7183],[77.1768,8.7261],[77.1791,8.7306],[77.17,8.7418],[77.1698,8.7474],[77.1716,8.7506],[77.1827,8.7428],[77.1925,8.7444],[77.1998,8.7608],[77.1973,8.7689],[77.205,8.7691],[77.2093,8.7653],[77.218,8.7682],[77.2131,8.7786],[77.2297,8.7846],[77.232,8.8077],[77.2425,8.8098],[77.2471,8.8148],[77.2471,8.8237],[77.2628,8.842],[77.2585,8.8503],[77.2615,8.8565],[77.2555,8.8624],[77.2586,8.8652],[77.2561,8.8788],[77.2617,8.8814],[77.2733,8.8761],[77.2949,8.8824],[77.3131,8.8725],[77.3186,8.8755],[77.3314,8.8756],[77.3417,8.868],[77.3414,8.8713],[77.357,8.873],[77.3865,8.8714],[77.3827,8.8624],[77.3844,8.8486],[77.3915,8.8495],[77.4045,8.8421],[77.4068,8.8334],[77.4019,8.8336],[77.4009,8.8281],[77.4103,8.8297],[77.415,8.8256],[77.4125,8.8232],[77.4204,8.7872],[77.4418,8.7678],[77.4501,8.7639],[77.4504,8.7666],[77.4575,8.766],[77.4615,8.7729],[77.4559,8.7863],[77.4628,8.7901],[77.4628,8.8139],[77.4761,8.8105],[77.4759,8.8067],[77.4801,8.8041],[77.4867,8.806],[77.4863,8.8012],[77.4902,8.7969],[77.499,8.8013],[77.5064,8.7951],[77.5112,8.7971],[77.5066,8.8062],[77.511,8.8088],[77.5136,8.8029],[77.52,8.8012],[77.5187,8.7946],[77.5135,8.792],[77.5196,8.7876],[77.5201,8.7818],[77.5262,8.7877],[77.5306,8.7854],[77.5377,8.79],[77.5538,8.7853],[77.5563,8.7893],[77.5684,8.7887],[77.5704,8.7921],[77.5663,8.7997],[77.57,8.8114],[77.5746,8.8131],[77.5853,8.8266],[77.5943,8.8681],[77.5899,8.8754],[77.5824,8.8764],[77.5773,8.8732],[77.5725,8.8819],[77.5638,8.8779],[77.5667,8.8841],[77.5647,8.8872],[77.5709,8.8898],[77.5646,8.8953],[77.5708,8.9052],[77.5612,8.9108],[77.582,8.9069],[77.5929,8.9107],[77.5932,8.9447],[77.6141,8.9424],[77.6143,8.9362],[77.6183,8.9341],[77.6217,8.9492],[77.6297,8.9469],[77.6345,8.9552]]]}},{"type":"Feature","bbox":[78.4069,12.259,78.9179,12.9107],"properties":{"kind":"district","district":"Tirupathur"},"geometry":{"type":"MultiPolygon","coordinates":[[[[78.9131,12.8947],[78.906,12.8861],[78.9096,12.8858],[78.9104,12.8811],[78.9082,12.8755],[78.9022,12.8719],[78.9006,12.8654],[78.9006,12.8616],[78.9049,12.8622],[78.9037,12.8492],[78.9006,12.8494],[78.8997,12.8569],[78.8909,12.8541],[78.8896,12.8569],[78.8779,12.8558],[78.8762,12.8534],[78.8768,12.8498],[78.881,12.849],[78.877,12.8458],[78.8775,12.8416],[78.8931,12.8425],[78.8983,12.8376],[78.8975,12.8342],[78.881,12.8321],[78.8749,12.836],[78.865,12.8262],[78.8653,12.8186],[78.8743,12.8202],[78.8847,12.8105],[78.8795,12.803],[78.8781,12.7905],[78.8725,12.7883],[78.8753,12.7824],[78.8718,12.7744],[78.8611,12.775],[78.8506,12.7631],[78.8489,12.7565],[78.8472,12.7373],[78.8537,12.7166],[78.8449,12.6968],[78.8564,12.6827],[78.8415,12.6784],[78.8399,12.6648],[78.8358,12.658],[78.8086,12.6362],[78.8387,12.6432],[78.8582,12.6335],[78.8572,12.6247],[78.8479,12.6111],[78.8492,12.6084],[78.8241,12.5538],[78.8243,12.5453],[78.8177,12.5293],[78.7982,12.4973],[78.7898,12.4999],[78.7821,12.4844],[78.7747,12.4853],[78.7755,12.4722],[78.7797,12.4655],[78.7776,12.4598],[78.7725,12.4609],[78.7586,12.4427],[78.7641,12.4423],[78.7694,12.435],[78.7687,12.4225],[78.7646,12.4185],[78.7607,12.4021],[78.7479,12.3816],[78.7425,12.3777],[78.732,12.3773],[78.7292,12.3738],[78.7287,12.3591],[78.7127,12.3187],[78.71,12.3041],[78.7035,12.296],[78.6939,12.2941],[78.6876,12.2809],[78.6858,12.2832],[78.6784,12.2718],[78.6519,12.259],[78.6352,12.2612],[78.6406,12.2678],[78.6439,12.2808],[78.6414,12.2822],[78.6237,12.2648],[78.6168,12.2676],[78.6098,12.2613],[78.6038,12.2626],[78.6013,12.2672],[78.6042,12.2792],[78.6131,12.2941],[78.6097,12.2976],[78.6095,12.3098],[78.5984,12.3132],[78.5928,12.3074],[78.5883,12.3128],[78.5936,12.3223],[78.5991,12.3233],[78.6046,12.3318],[78.6112,12.33],[78.6172,12.3473],[78.612,12.3521],[78.5845,12.3606],[78.5696,12.3801],[78.5675,12.389],[78.5558,12.3902],[78.5435,12.3979],[78.5257,12.3986],[78.5141,12.4071],[78.5126,12.4011],[78.5086,12.3988],[78.4961,12.4121],[78.4901,12.4031],[78.4926,12.3998],[78.4901,12.3869],[78.4869,12.3899],[78.4648,12.3919],[78.4631,12.3866],[78.4588,12.385],[78.4358,12.3938],[78.4556,12.4285],[78.4479,12.4413],[78.4502,12.4494],[78.4351,12.4608],[78.4252,12.4746],[78.4245,12.4806],[78.4186,12.4823],[78.4155,12.4882],[78.4199,12.5082],[78.4193,12.5137],[78.4131,12.5171],[78.417,12.5242],[78.4145,12.5307],[78.4169,12.5346],[78.4161,12.5502],[78.4212,12.5702],[78.4097,12.5882],[78.4103,12.5991],[78.4073,12.6027],[78.4104,12.6135],[78.4069,12.6203],[78.4154,12.6293],[78.4271,12.6352],[78.4348,12.6296],[78.4585,12.6296],[78.465,12.624],[78.4717,12.632],[78.4706,12.6446],[78.4748,12.6476],[78.4705,12.6506],[78.4679,12.6759],[78.4844,12.6717],[78.4998,12.6761],[78.5039,12.6819],[78.5034,12.6899],[78.5074,12.6914],[78.5029,12.6919],[78.504,12.6986],[78.4966,12.7033],[78.5019,12.7044],[78.5032,12.7164],[78.512,12.7077],[78.5191,12.7104],[78.5175,12.7147],[78.5269,12.7216],[78.5251,12.7154],[78.5332,12.714],[78.5377,12.7169],[78.537,12.7133],[78.5442,12.7102],[78.54,12.7082],[78.5377,12.7105],[78.5351,12.7073],[78.5313,12.7117],[78.5293,12.7064],[78.5364,12.6904],[78.5559,12.7002],[78.5549,12.7075],[78.5616,12.71],[78.5544,12.7193],[78.5639,12.7376],[78.5556,12.7392],[78.5632,12.7513],[78.5583,12.7499],[78.5556,12.7558],[78.5615,12.7615],[78.5656,12.7594],[78.5684,12.7669],[78.5766,12.7674],[78.576,12.7719],[78.5925,12.7827],[78.5931,12.7982],[78.6012,12.8037],[78.6004,12.8184],[78.6078,12.8219],[78.6029,12.8447],[78.6534,12.8653],[78.7121,12.8598],[78.7168,12.857],[78.7163,12.8502],[78.7201,12.8517],[78.717,12.8591],[78.7201,12.8601],[78.7187,12.8647],[78.7304,12.8657],[78.7374,12.8425],[78.7341,12.8304],[78.7453,12.8243],[78.7492,12.8177],[78.7593,12.8268],[78.7732,12.8336],[78.7826,12.8473],[78.7941,12.8486],[78.7996,12.8529],[78.8109,12.8541],[78.8241,12.8602],[78.8393,12.8695],[78.8453,12.8772],[78.8874,12.8938],[78.8999,12.9073],[78.9179,12.9107],[78.9133,12.9024],[78.9131,12.8947]]],[[[78.4932,12.7471],[78.5053,12.743],[78.5071,12.7371],[78.5138,12.7345],[78.5069,12.7223],[78.5017,12.7311],[78.497,12.7313],[78.4891,12.742],[78.4932,12.7471]]]]}},{"type":"Feature","bbox":[77.0418,10.2303,77.893,11.3522],"properties":{"kind":"district","district":"Tiruppur"},"geometry":{"type":"Polygon","coordinates":[[[77.2346,11.351],[77.2348,11.3482],[77.2215,11.3402],[77.2345,11.3311],[77.2365,11.3141],[77.2265,11.3176],[77.2192,11.3115],[77.2213,11.3074],[77.2181,11.3059],[77.2043,11.3099],[77.2034,11.3],[77.2163,11.2978],[77.2191,11.3038],[77.2415,11.3051],[77.2375,11.3119],[77.2407,11.3205],[77.2383,11.3224],[77.2478,11.3249],[77.249,11.3296],[77.254,11.3212],[77.2505,11.3118],[77.2539,11.3108],[77.254,11.3142],[77.2626,11.3154],[77.2817,11.3344],[77.2877,11.3332],[77.2889,11.3437],[77.293,11.33],[77.2882,11.3223],[77.2863,11.2924],[77.2919,11.2865],[77.3144,11.282],[77.3077,11.2745],[77.2956,11.2728],[77.3032,11.2664],[77.3313,11.2568],[77.3364,11.2571],[77.335,11.263],[77.3443,11.272],[77.3448,11.2812],[77.3486,11.2866],[77.3453,11.3],[77.3333,11.3069],[77.3338,11.3151],[77.3661,11.3171],[77.3632,11.3415],[77.3786,11.3394],[77.3804,11.3307],[77.3841,11.3294],[77.3868,11.3221],[77.3941,11.3219],[77.4013,11.3157],[77.4175,11.3103],[77.4232,11.3121],[77.4257,11.3197],[77.444,11.3057],[77.4482,11.3115],[77.4495,11.3061],[77.4545,11.3068],[77.4526,11.3132],[77.4617,11.2992],[77.4602,11.2969],[77.4574,11.2992],[77.4564,11.2936],[77.4609,11.2834],[77.4648,11.2839],[77.4628,11.279],[77.4673,11.2769],[77.4691,11.2701],[77.4632,11.2585],[77.4658,11.2571],[77.4653,11.2523],[77.4701,11.2532],[77.47,11.247],[77.4801,11.2365],[77.4862,11.2368],[77.489,11.2302],[77.494,11.2322],[77.5002,11.2268],[77.4945,11.2225],[77.502,11.2193],[77.499,11.2056],[77.5107,11.1985],[77.5136,11.1998],[77.5142,11.206],[77.5169,11.2056],[77.5123,11.183],[77.4901,11.1816],[77.4879,11.179],[77.4763,11.1849],[77.4697,11.1648],[77.473,11.1631],[77.4715,11.16],[77.4758,11.16],[77.4759,11.1639],[77.4791,11.1596],[77.4851,11.1608],[77.4818,11.1516],[77.4841,11.1499],[77.4813,11.1432],[77.4832,11.14],[77.4853,11.1431],[77.4937,11.1406],[77.4989,11.1466],[77.5046,11.1254],[77.5033,11.1069],[77.5315,11.1039],[77.5385,11.108],[77.5562,11.1082],[77.5751,11.1193],[77.5842,11.1214],[77.5987,11.1116],[77.6074,11.1167],[77.6136,11.1255],[77.6324,11.1255],[77.6399,11.1234],[77.6469,11.1155],[77.6545,11.1162],[77.6614,11.1038],[77.707,11.0915],[77.7134,11.0782],[77.7301,11.0767],[77.7316,11.0825],[77.7372,11.0857],[77.7766,11.0583],[77.7818,11.0509],[77.7824,11.039],[77.7919,11.0331],[77.7897,11.0188],[77.7813,10.9984],[77.7619,10.9854],[77.7592,10.9797],[77.7511,10.9814],[77.7502,10.9765],[77.7532,10.9656],[77.7685,10.9665],[77.77,10.9618],[77.7608,10.9016],[77.7717,10.8935],[77.7749,10.8712],[77.7772,10.8695],[77.7837,10.8731],[77.7862,10.8853],[77.7889,10.8861],[77.7954,10.878],[77.7964,10.8659],[77.8076,10.8583],[77.8207,10.8577],[77.8362,10.8354],[77.8455,10.8369],[77.8564,10.8493],[77.8669,10.8441],[77.8734,10.8339],[77.8718,10.8243],[77.8755,10.808],[77.8704,10.8006],[77.8714,10.7954],[77.8814,10.7888],[77.8914,10.7925],[77.893,10.7805],[77.892,10.7738],[77.8729,10.7757],[77.8711,10.7717],[77.8549,10.7839],[77.8359,10.7868],[77.8363,10.7902],[77.8285,10.7916],[77.8278,10.7975],[77.8186,10.7971],[77.7985,10.8058],[77.7936,10.7903],[77.778,10.7898],[77.7711,10.7672],[77.7817,10.7638],[77.7834,10.7578],[77.7956,10.7554],[77.797,10.7524],[77.8128,10.7584],[77.8258,10.7527],[77.8268,10.7472],[77.8219,10.7334],[77.8246,10.7151],[77.8099,10.6986],[77.808,10.6808],[77.7888,10.6852],[77.7662,10.6791],[77.7653,10.6743],[77.756,10.6718],[77.7536,10.668],[77.753,10.6489],[77.7434,10.6369],[77.7342,10.6352],[77.7303,10.6304],[77.7205,10.6312],[77.7231,10.6408],[77.7141,10.6415],[77.6989,10.6621],[77.7087,10.6863],[77.702,10.7337],[77.6936,10.7352],[77.6886,10.7347],[77.6896,10.7322],[77.6729,10.724],[77.6741,10.7202],[77.6647,10.7163],[77.6557,10.6734],[77.6368,10.6687],[77.5962,10.6759],[77.586,10.6835],[77.5801,10.6791],[77.5818,10.6772],[77.573,10.6657],[77.5748,10.6634],[77.5715,10.6579],[77.5643,10.6491],[77.5492,10.639],[77.5428,10.6098],[77.5323,10.6069],[77.5285,10.6094],[77.5147,10.6056],[77.5083,10.607],[77.5073,10.6134],[77.5161,10.613],[77.5098,10.6227],[77.5106,10.6266],[77.5067,10.627],[77.5046,10.6426],[77.4854,10.6464],[77.4825,10.65],[77.4729,10.6426],[77.4657,10.6446],[77.4582,10.6424],[77.4451,10.6297],[77.4326,10.6314],[77.4277,10.6273],[77.4177,10.6256],[77.4128,10.6174],[77.4096,10.6187],[77.4017,10.6134],[77.3945,10.6053],[77.3962,10.5979],[77.3887,10.5967],[77.3883,10.5911],[77.385,10.5914],[77.3852,10.5827],[77.3811,10.5778],[77.3776,10.5611],[77.3708,10.5545],[77.368,10.5467],[77.373,10.53],[77.3779,10.5293],[77.378,10.5259],[77.4057,10.5221],[77.4017,10.4988],[77.395,10.5001],[77.3926,10.495],[77.3785,10.4936],[77.3767,10.486],[77.3796,10.485],[77.3853,10.4709],[77.3851,10.449],[77.3713,10.4494],[77.3571,10.4448],[77.3445,10.4483],[77.3446,10.4539],[77.3323,10.4546],[77.3229,10.4485],[77.3255,10.4444],[77.3234,10.4397],[77.3272,10.4347],[77.32,10.434],[77.3229,10.4254],[77.3195,10.4184],[77.3201,10.4067],[77.3168,10.4027],[77.3138,10.372],[77.3157,10.3557],[77.3366,10.3541],[77.3361,10.3486],[77.33,10.3411],[77.3298,10.3349],[77.3349,10.3321],[77.3265,10.3211],[77.3313,10.3148],[77.3299,10.3096],[77.342,10.3001],[77.3413,10.2963],[77.3474,10.2901],[77.3514,10.274],[77.3481,10.2639],[77.34,10.2639],[77.3286,10.271],[77.3254,10.2702],[77.3247,10.2648],[77.3105,10.2463],[77.3041,10.2442],[77.2968,10.2527],[77.2881,10.2319],[77.2809,10.2368],[77.2693,10.237],[77.2597,10.2303],[77.2572,10.2594],[77.2629,10.2633],[77.2277,10.3154],[77.2292,10.3307],[77.2364,10.3389],[77.2356,10.3523],[77.1766,10.3584],[77.1514,10.3376],[77.1287,10.3261],[77.1204,10.318],[77.1017,10.3156],[77.0955,10.309],[77.0887,10.3191],[77.0884,10.3246],[77.0812,10.322],[77.0842,10.3295],[77.0782,10.3374],[77.09,10.3509],[77.0884,10.3612],[77.0916,10.3648],[77.0871,10.3774],[77.0605,10.4048],[77.0448,10.4148],[77.0418,10.4264],[77.0481,10.431],[77.0563,10.4447],[77.0644,10.449],[77.0732,10.4595],[77.0732,10.4647],[77.0658,10.4657],[77.0585,10.4791],[77.0741,10.495],[77.0744,10.5021],[77.0783,10.5022],[77.0786,10.5149],[77.0734,10.5164],[77.0766,10.53],[77.0727,10.5452],[77.077,10.5597],[77.0829,10.5626],[77.0806,10.5705],[77.0854,10.5782],[77.0906,10.5841],[77.1007,10.5829],[77.1022,10.586],[77.158,10.5842],[77.1663,10.5872],[77.1707,10.5997],[77.1693,10.6061],[77.1727,10.6083],[77.1811,10.6439],[77.1523,10.6506],[77.1525,10.6546],[77.1451,10.6599],[77.1413,10.6788],[77.1424,10.7185],[77.1341,10.7501],[77.1404,10.7552],[77.1453,10.7654],[77.1528,10.7657],[77.1567,10.7778],[77.1602,10.7792],[77.1612,10.7932],[77.1649,10.793],[77.1718,10.8022],[77.1766,10.7973],[77.1965,10.8027],[77.2153,10.8035],[77.2103,10.7909],[77.2144,10.7856],[77.2301,10.7774],[77.2541,10.7764],[77.2839,10.7866],[77.2759,10.7914],[77.2782,10.8027],[77.2859,10.8055],[77.2906,10.8116],[77.2984,10.8115],[77.299,10.8146],[77.2955,10.8269],[77.2902,10.8316],[77.2922,10.8351],[77.2884,10.8481],[77.2668,10.8593],[77.2578,10.8698],[77.256,10.8887],[77.2481,10.9047],[77.2368,10.9072],[77.2209,10.9009],[77.211,10.9023],[77.1989,10.9202],[77.1818,10.9206],[77.1737,10.9395],[77.1779,10.942],[77.1697,10.9568],[77.1699,10.9687],[77.1538,10.9983],[77.165,11.0022],[77.1675,11.0081],[77.174,11.0121],[77.178,11.0289],[77.1772,11.0459],[77.1661,11.0602],[77.1662,11.0649],[77.1952,11.0788],[77.2054,11.0888],[77.2168,11.0901],[77.2341,11.1034],[77.2464,11.1055],[77.2513,11.1097],[77.264,11.1064],[77.2646,11.1106],[77.2422,11.138],[77.2357,11.1398],[77.2316,11.1267],[77.2248,11.1253],[77.2135,11.1267],[77.2125,11.135],[77.2096,11.1348],[77.2123,11.1379],[77.2087,11.1406],[77.2056,11.1383],[77.1896,11.1505],[77.1855,11.1491],[77.1839,11.1395],[77.1732,11.1382],[77.1787,11.1496],[77.1765,11.1567],[77.1823,11.1619],[77.1735,11.1682],[77.161,11.168],[77.1589,11.1974],[77.1502,11.2006],[77.145,11.2072],[77.1483,11.2145],[77.1465,11.2187],[77.1489,11.2187],[77.1492,11.223],[77.1537,11.2229],[77.1562,11.2307],[77.1592,11.2315],[77.1595,11.2433],[77.1659,11.2443],[77.1628,11.2521],[77.165,11.2702],[77.1701,11.2833],[77.1626,11.2835],[77.1624,11.281],[77.1551,11.2812],[77.1534,11.2782],[77.1438,11.2873],[77.1392,11.2797],[77.1387,11.2861],[77.1372,11.2831],[77.1272,11.2853],[77.1171,11.2946],[77.119,11.3026],[77.1259,11.3028],[77.1263,11.308],[77.1506,11.3063],[77.1489,11.3249],[77.1519,11.3297],[77.1479,11.331],[77.1471,11.3362],[77.159,11.3323],[77.1677,11.3172],[77.1776,11.3172],[77.1825,11.3138],[77.1831,11.3222],[77.1791,11.3307],[77.1745,11.3325],[77.1787,11.3421],[77.1966,11.3387],[77.1989,11.3433],[77.2084,11.3444],[77.2106,11.3495],[77.2181,11.3522],[77.2346,11.351]]]}},{"type":"Feature","bbox":[78.6305,11.9841,79.7562,12.8743],"properties":{"kind":"district","district":"Tiruvannamalai"},"geometry":{"type":"Polygon","coordinates":[[[79.4899,12.8743],[79.4987,12.8685],[79.5006,12.872],[79.5086,12.8572],[79.5392,12.8629],[79.5792,12.8428],[79.5854,12.8348],[79.5945,12.8323],[79.5964,12.8289],[79.608,12.8294],[79.6351,12.8173],[79.6429,12.8026],[79.6353,12.7864],[79.6502,12.7825],[79.6462,12.7725],[79.6545,12.7642],[79.6595,12.7675],[79.6573,12.7747],[79.6704,12.7777],[79.6705,12.7876],[79.6733,12.7909],[79.6773,12.7902],[79.6969,12.7763],[79.7033,12.7761],[79.704,12.7801],[79.7075,12.7778],[79.7093,12.7587],[79.7311,12.756],[79.7323,12.7521],[79.7448,12.7439],[79.7415,12.7346],[79.7135,12.7275],[79.7145,12.7243],[79.7263,12.7236],[79.7365,12.7189],[79.7357,12.7034],[79.7438,12.7029],[79.7419,12.6949],[79.6825,12.668],[79.6732,12.6663],[79.6595,12.6709],[79.6466,12.6704],[79.6431,12.6574],[79.6376,12.6542],[79.6303,12.631],[79.6454,12.6252],[79.6457,12.6031],[79.6585,12.6009],[79.6658,12.5934],[79.6724,12.5933],[79.6775,12.5985],[79.6884,12.6016],[79.6973,12.5945],[79.7011,12.596],[79.7246,12.5874],[79.7249,12.579],[79.7158,12.5812],[79.7066,12.5751],[79.7057,12.5695],[79.7169,12.5681],[79.7192,12.5646],[79.7146,12.5496],[79.7358,12.5385],[79.7487,12.5236],[79.7538,12.5241],[79.7528,12.5194],[79.7562,12.515],[79.7498,12.5029],[79.7325,12.4985],[79.7207,12.5005],[79.722,12.494],[79.7274,12.4944],[79.7399,12.4888],[79.7413,12.485],[79.7473,12.4841],[79.7441,12.4725],[79.7495,12.4567],[79.7334,12.4541],[79.7385,12.439],[79.7363,12.4284],[79.7178,12.4392],[79.7167,12.4316],[79.7059,12.4314],[79.7086,12.4279],[79.7073,12.4151],[79.6915,12.4209],[79.6912,12.4137],[79.6988,12.4103],[79.6978,12.4022],[79.6889,12.4034],[79.6824,12.3967],[79.6695,12.3938],[79.6601,12.379],[79.6676,12.377],[79.6637,12.3681],[79.6471,12.3589],[79.6383,12.343],[79.6217,12.3495],[79.6189,12.3544],[79.6235,12.3648],[79.621,12.3744],[79.6082,12.3781],[79.6026,12.3717],[79.5982,12.3482],[79.577,12.3537],[79.575,12.3584],[79.5708,12.3565],[79.5589,12.3644],[79.546,12.3639],[79.5295,12.3701],[79.5179,12.3533],[79.5112,12.3542],[79.5105,12.3484],[79.507,12.346],[79.5038,12.3479],[79.4966,12.3449],[79.4889,12.3494],[79.4883,12.3587],[79.4933,12.3703],[79.4859,12.3746],[79.4844,12.3696],[79.4729,12.365],[79.4656,12.3721],[79.4511,12.3742],[79.4478,12.3827],[79.4482,12.3958],[79.4419,12.3942],[79.4391,12.3891],[79.4362,12.3944],[79.4384,12.4073],[79.4331,12.41],[79.4284,12.4009],[79.4201,12.4108],[79.4113,12.4068],[79.4082,12.4113],[79.4104,12.4176],[79.4017,12.4281],[79.4016,12.4357],[79.3675,12.4439],[79.3618,12.4397],[79.3565,12.4441],[79.3386,12.4446],[79.3253,12.4508],[79.3194,12.4491],[79.309,12.4387],[79.2695,12.4477],[79.2318,12.443],[79.2301,12.4411],[79.2345,12.4374],[79.2266,12.4113],[79.2272,12.4019],[79.2427,12.3972],[79.2485,12.383],[79.2456,12.3749],[79.2371,12.3685],[79.2274,12.3727],[79.2247,12.3677],[79.2327,12.3619],[79.2392,12.3465],[79.227,12.3425],[79.2214,12.3497],[79.2108,12.3444],[79.2048,12.3458],[79.1982,12.343],[79.2169,12.3396],[79.2171,12.3348],[79.2211,12.3325],[79.2346,12.3299],[79.232,12.3191],[79.2343,12.3157],[79.2465,12.3164],[79.2535,12.3231],[79.2893,12.3179],[79.2852,12.3064],[79.2738,12.3055],[79.2801,12.2918],[79.2678,12.2885],[79.261,12.2768],[79.2586,12.2785],[79.2563,12.2746],[79.245,12.274],[79.2438,12.2647],[79.2413,12.2635],[79.2432,12.2566],[79.2403,12.2539],[79.2424,12.2439],[79.2484,12.241],[79.2251,12.222],[79.2274,12.2179],[79.2367,12.2179],[79.2359,12.2122],[79.2192,12.2154],[79.2157,12.2123],[79.2161,12.2087],[79.2286,12.2034],[79.2331,12.1978],[79.2311,12.1923],[79.2346,12.1841],[79.2223,12.1838],[79.2223,12.1939],[79.2189,12.1978],[79.2109,12.194],[79.2128,12.1923],[79.2099,12.1872],[79.2142,12.1841],[79.2106,12.1661],[79.238,12.1534],[79.2368,12.15],[79.2427,12.1492],[79.2451,12.1432],[79.2542,12.1379],[79.2524,12.1367],[79.259,12.1349],[79.2588,12.1307],[79.2649,12.1273],[79.2737,12.1278],[79.2786,12.1234],[79.2788,12.1067],[79.2716,12.1036],[79.2686,12.0945],[79.2572,12.0799],[79.2529,12.081],[79.2487,12.0779],[79.2427,12.0804],[79.2379,12.0766],[79.24,12.0703],[79.2336,12.0592],[79.2156,12.0638],[79.2092,12.0707],[79.2007,12.0699],[79.1901,12.0482],[79.1762,12.0474],[79.1751,12.0324],[79.1726,12.0305],[79.1586,12.0356],[79.1475,12.0441],[79.14,12.0387],[79.1364,12.0261],[79.1254,12.0188],[79.1125,12.0265],[79.1071,12.0198],[79.096,12.0248],[79.0945,12.03],[79.0789,12.0315],[79.0811,12.0389],[79.0769,12.0442],[79.0806,12.0471],[79.088,12.0424],[79.0985,12.0661],[79.0865,12.0811],[79.0788,12.0712],[79.063,12.0699],[79.0611,12.0606],[79.0688,12.0525],[79.0677,12.0504],[79.0605,12.0522],[79.0525,12.0365],[79.0435,12.038],[79.0427,12.041],[79.0293,12.0476],[79.0258,12.0464],[79.0229,12.0501],[79.0209,12.0554],[79.0315,12.0644],[78.995,12.0676],[78.9885,12.0551],[78.9863,12.062],[78.981,12.0656],[78.9645,12.0645],[78.9597,12.0687],[78.9415,12.0506],[78.9476,12.0453],[78.9456,12.0417],[78.9489,12.0409],[78.9433,12.029],[78.9363,12.0209],[78.9363,12.0237],[78.9313,12.0197],[78.9273,12.0128],[78.9156,12.0073],[78.9137,12.0097],[78.912,12.0054],[78.8821,12.0022],[78.8711,12.0061],[78.8688,12.0037],[78.8673,12.0073],[78.8657,12.0043],[78.8608,12.0072],[78.8614,12.0123],[78.842,12.0067],[78.8178,12.0092],[78.8043,12.0196],[78.7803,12.0077],[78.7714,12.0067],[78.7575,12.0116],[78.7431,11.9954],[78.7348,11.9912],[78.7365,11.988],[78.7181,11.9875],[78.7171,11.9841],[78.7027,11.9863],[78.6977,11.9925],[78.7024,12.0001],[78.7,12.0047],[78.704,12.0301],[78.7199,12.0672],[78.7271,12.0994],[78.7362,12.1111],[78.7341,12.1134],[78.7452,12.1239],[78.7376,12.1339],[78.7283,12.1274],[78.691,12.1151],[78.6841,12.1059],[78.6612,12.1025],[78.6644,12.1154],[78.6572,12.125],[78.6488,12.1294],[78.6314,12.1279],[78.6305,12.1351],[78.6354,12.1461],[78.6416,12.1493],[78.6479,12.1622],[78.6328,12.1768],[78.6407,12.1977],[78.6477,12.1943],[78.65,12.1882],[78.655,12.1966],[78.6697,12.1975],[78.6804,12.2074],[78.6886,12.2219],[78.68,12.2227],[78.6687,12.2384],[78.6654,12.2333],[78.6508,12.2402],[78.6529,12.2512],[78.648,12.2584],[78.6784,12.2718],[78.6858,12.2832],[78.6876,12.2809],[78.6939,12.2941],[78.7035,12.296],[78.71,12.3041],[78.7127,12.3187],[78.7287,12.3591],[78.7292,12.3738],[78.732,12.3773],[78.7429,12.3779],[78.751,12.3853],[78.7618,12.4045],[78.7646,12.4185],[78.7687,12.4225],[78.7688,12.4375],[78.7641,12.4423],[78.7586,12.4427],[78.7725,12.4609],[78.7776,12.4598],[78.7797,12.4655],[78.7755,12.4722],[78.7747,12.4853],[78.7821,12.4844],[78.7898,12.4999],[78.7982,12.4973],[78.8177,12.5293],[78.8243,12.5453],[78.8241,12.5538],[78.8492,12.6084],[78.8479,12.6111],[78.8572,12.6247],[78.8583,12.6334],[78.8658,12.6317],[78.8762,12.6538],[78.882,12.6563],[78.8963,12.6899],[78.8987,12.6882],[78.8973,12.6791],[78.9072,12.6874],[78.9119,12.6873],[78.9276,12.6759],[78.9442,12.6806],[78.9433,12.6852],[78.9499,12.6864],[78.9479,12.6799],[78.9715,12.6714],[78.9715,12.6669],[78.9811,12.6737],[78.979,12.6801],[78.9841,12.6839],[78.9881,12.6928],[78.9869,12.697],[78.994,12.6971],[78.9926,12.7029],[78.9954,12.706],[79.0238,12.6926],[79.0086,12.6581],[79.0122,12.6573],[79.0132,12.6661],[79.0168,12.667],[79.0165,12.6698],[79.0232,12.6736],[79.0266,12.6798],[79.0239,12.689],[79.0298,12.6892],[79.0427,12.7115],[79.0511,12.7187],[79.0571,12.718],[79.057,12.7303],[79.0647,12.7387],[79.0607,12.7362],[79.0598,12.7384],[79.0652,12.7466],[79.0711,12.7495],[79.0735,12.7559],[79.078,12.7491],[79.0898,12.7585],[79.119,12.7591],[79.132,12.7624],[79.1423,12.7598],[79.1499,12.7533],[79.1592,12.7528],[79.1611,12.7729],[79.163,12.7664],[79.1717,12.7605],[79.174,12.7415],[79.1759,12.7446],[79.1891,12.7483],[79.1974,12.748],[79.2072,12.7418],[79.2062,12.7459],[79.2139,12.7608],[79.2087,12.7847],[79.2194,12.7924],[79.2236,12.7908],[79.2381,12.7976],[79.2402,12.8086],[79.2523,12.8081],[79.2542,12.8118],[79.2503,12.8125],[79.2502,12.8239],[79.2618,12.8187],[79.2588,12.8141],[79.2601,12.8071],[79.2642,12.8053],[79.2611,12.7998],[79.262,12.7941],[79.2746,12.7897],[79.2793,12.7869],[79.2778,12.7844],[79.2878,12.7791],[79.2836,12.7634],[79.2895,12.7529],[79.2947,12.7513],[79.296,12.7472],[79.323,12.7416],[79.3302,12.7352],[79.3442,12.7303],[79.3451,12.7152],[79.3478,12.713],[79.3389,12.7012],[79.3451,12.6949],[79.3577,12.6968],[79.3537,12.711],[79.3556,12.7189],[79.3669,12.7142],[79.3655,12.7195],[79.3764,12.7217],[79.3799,12.7262],[79.3798,12.7335],[79.3872,12.7322],[79.3905,12.7262],[79.3955,12.7294],[79.3924,12.7139],[79.381,12.7111],[79.3802,12.7082],[79.3835,12.7004],[79.3928,12.6962],[79.3949,12.6898],[79.3828,12.6828],[79.37,12.6806],[79.3534,12.6682],[79.3606,12.6671],[79.3624,12.6518],[79.3518,12.6464],[79.3693,12.6322],[79.3829,12.6283],[79.4052,12.6458],[79.4099,12.6561],[79.4268,12.6581],[79.4357,12.6662],[79.451,12.6712],[79.4539,12.6852],[79.459,12.6869],[79.455,12.6991],[79.4655,12.7005],[79.4667,12.7115],[79.4626,12.717],[79.4753,12.7314],[79.4669,12.7322],[79.4594,12.7372],[79.4556,12.7361],[79.4534,12.7403],[79.459,12.7537],[79.4624,12.7572],[79.4675,12.7567],[79.4664,12.7647],[79.4692,12.7708],[79.4598,12.7834],[79.4623,12.7985],[79.4765,12.7995],[79.4771,12.8071],[79.4574,12.8105],[79.4605,12.8286],[79.457,12.8442],[79.4602,12.8432],[79.4619,12.8493],[79.4729,12.8513],[79.4744,12.8588],[79.4696,12.8612],[79.4742,12.8654],[79.4718,12.8665],[79.4726,12.8743],[79.4899,12.8743]]]}},{"type":"Feature","bbox":[77.6732,8.3211,78.3849,9.372],"properties":{"kind":"district","district":"Tuticorin"},"geometry":{"type":"MultiPolygon","coordinates":[[[[78.2102,8.8392],[78.2158,8.842],[78.2192,8.8339],[78.2133,8.8323],[78.2053,8.8418],[78.2102,8.8392]]],[[[78.1489,9.372],[78.1686,9.3686],[78.1658,9.359],[78.1724,9.3458],[78.1713,9.3423],[78.189,9.3317],[78.2088,9.3272],[78.2116,9.3053],[78.2179,9.2999],[78.2331,9.2962],[78.2599,9.2954],[78.2805,9.2899],[78.2722,9.2563],[78.2694,9.2021],[78.2961,9.2051],[78.2908,9.1776],[78.275,9.1487],[78.2739,9.1415],[78.2956,9.1342],[78.3152,9.1331],[78.3503,9.1176],[78.3564,9.1181],[78.3568,9.0986],[78.3654,9.1031],[78.3702,9.0991],[78.3835,9.0981],[78.3849,9.0947],[78.3557,9.068],[78.2926,9.0196],[78.215,8.966],[78.1866,8.9236],[78.18,8.9061],[78.18,8.8927],[78.1716,8.8859],[78.1669,8.8729],[78.1648,8.8328],[78.168,8.8259],[78.1633,8.8156],[78.1666,8.8117],[78.1612,8.8051],[78.1635,8.8024],[78.1597,8.8042],[78.1581,8.797],[78.1616,8.7929],[78.161,8.7979],[78.1619,8.7976],[78.1639,8.7839],[78.1615,8.787],[78.1617,8.778],[78.1689,8.7767],[78.1697,8.7704],[78.179,8.7667],[78.1813,8.7685],[78.1871,8.7641],[78.1951,8.767],[78.1984,8.7755],[78.1966,8.7788],[78.1955,8.7749],[78.1925,8.7868],[78.1991,8.7875],[78.1983,8.7611],[78.1916,8.7479],[78.1811,8.7503],[78.163,8.7413],[78.1555,8.7249],[78.1546,8.7134],[78.1364,8.6941],[78.1256,8.6651],[78.1314,8.6629],[78.1273,8.615],[78.138,8.586],[78.1321,8.5542],[78.1251,8.5403],[78.1219,8.5157],[78.1306,8.4969],[78.0964,8.4603],[78.0639,8.418],[78.0569,8.3908],[78.0569,8.3794],[78.0608,8.3747],[78.0675,8.3734],[78.0143,8.3547],[77.9717,8.3333],[77.9736,8.338],[77.9701,8.3408],[77.967,8.3338],[77.9258,8.3309],[77.9127,8.326],[77.9122,8.3217],[77.9015,8.3211],[77.9006,8.325],[77.8927,8.3221],[77.8867,8.3334],[77.8895,8.3421],[77.8836,8.3466],[77.8738,8.3453],[77.8723,8.3502],[77.8684,8.3477],[77.8696,8.3438],[77.8587,8.3405],[77.8604,8.3563],[77.8467,8.3544],[77.8498,8.3589],[77.8468,8.3584],[77.8465,8.3632],[77.8413,8.3631],[77.8419,8.3664],[77.8532,8.367],[77.8549,8.3757],[77.8384,8.3804],[77.835,8.3783],[77.8356,8.3823],[77.8428,8.382],[77.8437,8.3865],[77.8571,8.3848],[77.8599,8.3963],[77.857,8.4018],[77.8516,8.4027],[77.8533,8.415],[77.8479,8.4238],[77.838,8.4262],[77.8321,8.4323],[77.8405,8.4514],[77.8326,8.4534],[77.8329,8.457],[77.8368,8.4663],[77.8404,8.4661],[77.8436,8.4712],[77.8383,8.4728],[77.8394,8.4844],[77.8268,8.4899],[77.8301,8.4998],[77.826,8.5028],[77.8258,8.5155],[77.8138,8.5196],[77.814,8.5282],[77.8073,8.5317],[77.8082,8.5354],[77.818,8.5341],[77.8203,8.5408],[77.8204,8.5516],[77.8132,8.5534],[77.8156,8.5632],[77.8114,8.5648],[77.8121,8.5704],[77.8077,8.5716],[77.797,8.5654],[77.7989,8.573],[77.8031,8.5761],[77.7811,8.5835],[77.7869,8.6207],[77.7916,8.6217],[77.7927,8.6147],[77.8057,8.6119],[77.8077,8.6213],[77.8118,8.621],[77.8156,8.6307],[77.8189,8.6311],[77.8191,8.6503],[77.8061,8.6473],[77.8092,8.6508],[77.8085,8.6583],[77.8161,8.6648],[77.8166,8.6722],[77.8243,8.6748],[77.824,8.6818],[77.8125,8.6808],[77.8103,8.6833],[77.8281,8.7344],[77.8181,8.7572],[77.8205,8.7574],[77.8208,8.7656],[77.8181,8.7759],[77.8211,8.7785],[77.8284,8.7776],[77.8439,8.7868],[77.8466,8.7986],[77.8511,8.7987],[77.8517,8.8021],[77.8435,8.8159],[77.8346,8.8233],[77.8313,8.8334],[77.8182,8.8376],[77.8199,8.8463],[77.8176,8.8467],[77.8175,8.8531],[77.8077,8.8665],[77.8122,8.8719],[77.8099,8.8711],[77.8013,8.8796],[77.7861,8.8834],[77.7698,8.8824],[77.762,8.8868],[77.7643,8.9119],[77.76,8.9276],[77.7475,8.9292],[77.7451,8.9331],[77.7372,8.9316],[77.7363,8.9239],[77.6951,8.9274],[77.6913,8.955],[77.681,8.9641],[77.676,8.9893],[77.6862,8.9946],[77.6906,8.9939],[77.6942,8.9807],[77.7001,8.9769],[77.703,8.9689],[77.7199,8.9666],[77.7217,8.9788],[77.7292,8.9831],[77.7268,8.9967],[77.722,9.0025],[77.6891,8.9997],[77.6883,9.0147],[77.6932,9.0147],[77.6967,9.0206],[77.694,9.032],[77.7024,9.0352],[77.7022,9.0403],[77.7071,9.041],[77.7084,9.0378],[77.7084,9.0414],[77.7136,9.0456],[77.7017,9.063],[77.7038,9.0729],[77.7072,9.0756],[77.7131,9.0728],[77.7392,9.073],[77.7379,9.0755],[77.7416,9.0753],[77.7449,9.0799],[77.7416,9.086],[77.74,9.1068],[77.7258,9.1059],[77.7217,9.1085],[77.72,9.1047],[77.6933,9.1013],[77.6799,9.1058],[77.6765,9.1104],[77.6763,9.1244],[77.6732,9.1262],[77.6741,9.1381],[77.6829,9.1376],[77.6828,9.1341],[77.6883,9.1328],[77.6965,9.1339],[77.7005,9.1402],[77.6934,9.1446],[77.6901,9.1589],[77.7046,9.1656],[77.7058,9.1884],[77.7273,9.1899],[77.7345,9.1963],[77.7329,9.2199],[77.7423,9.2194],[77.7448,9.226],[77.742,9.2321],[77.742,9.2534],[77.7378,9.2603],[77.7385,9.2639],[77.7435,9.2642],[77.7457,9.2677],[77.7585,9.2666],[77.7611,9.2491],[77.7692,9.242],[77.7703,9.2359],[77.78,9.2377],[77.7831,9.2493],[77.7897,9.2515],[77.7879,9.2627],[77.7742,9.2693],[77.7735,9.2764],[77.7967,9.273],[77.7964,9.2562],[77.8067,9.2523],[77.8075,9.2452],[77.8257,9.2427],[77.8385,9.2433],[77.8388,9.2458],[77.8528,9.2446],[77.8585,9.2478],[77.8802,9.2452],[77.8811,9.234],[77.8864,9.2326],[77.8749,9.2264],[77.8783,9.2212],[77.8782,9.2079],[77.9152,9.2006],[77.9226,9.2054],[77.9321,9.2229],[77.9448,9.22],[77.9478,9.2306],[77.9561,9.2306],[77.9568,9.2486],[77.9668,9.2523],[77.9839,9.2516],[77.9877,9.2682],[78.0084,9.2738],[78.0112,9.2942],[78.0073,9.3036],[78.0106,9.3083],[78.0498,9.3066],[78.0482,9.314],[78.041,9.3172],[78.0403,9.3233],[78.036,9.3234],[78.034,9.3337],[78.0423,9.3372],[78.0449,9.345],[78.0501,9.3452],[78.0534,9.3602],[78.057,9.3625],[78.0693,9.3606],[78.0728,9.3632],[78.0803,9.3578],[78.0813,9.3608],[78.1333,9.3652],[78.1381,9.3703],[78.1479,9.3694],[78.1489,9.372]]]]}},{"type":"Feature","bbox":[78.5093,12.6317,79.2945,13.1712],"properties":{"kind":"district","district":"Vellore"},"geometry":{"type":"MultiPolygon","coordinates":[[[[78.5224,12.7237],[78.5205,12.7181],[78.5093,12.7242],[78.5117,12.7267],[78.518,12.7248],[78.5192,12.7363],[78.5224,12.7237]]],[[[79.2427,13.171],[79.2442,13.1527],[79.2421,13.1496],[79.245,13.1488],[79.2402,13.1444],[79.2453,13.1383],[79.2541,13.1461],[79.2533,13.1603],[79.2604,13.1596],[79.2621,13.149],[79.2774,13.1562],[79.2805,13.1526],[79.284,13.1228],[79.2934,13.1014],[79.2725,13.087],[79.2945,13.0472],[79.2848,13.0377],[79.2781,13.0073],[79.2695,12.9976],[79.2682,12.9876],[79.266,12.9874],[79.2701,12.9666],[79.2692,12.9567],[79.2636,12.9471],[79.2688,12.9465],[79.2679,12.9401],[79.2518,12.9518],[79.2332,12.957],[79.2233,12.9564],[79.2167,12.955],[79.2155,12.9465],[79.21,12.9385],[79.1944,12.9335],[79.1881,12.9259],[79.1862,12.9178],[79.1913,12.9081],[79.2058,12.9049],[79.2109,12.8952],[79.1996,12.8891],[79.1955,12.8944],[79.1926,12.8883],[79.194,12.8752],[79.184,12.8607],[79.1782,12.8201],[79.1908,12.8099],[79.1955,12.7925],[79.2087,12.7847],[79.2139,12.7608],[79.2062,12.7459],[79.2076,12.7419],[79.1974,12.748],[79.1891,12.7483],[79.1759,12.7446],[79.174,12.7415],[79.1717,12.7605],[79.163,12.7664],[79.1611,12.7729],[79.1592,12.7528],[79.1499,12.7533],[79.1423,12.7598],[79.132,12.7624],[79.119,12.7591],[79.0898,12.7585],[79.078,12.7491],[79.0735,12.7559],[79.0711,12.7495],[79.0652,12.7466],[79.0598,12.7384],[79.0607,12.7362],[79.0647,12.7387],[79.057,12.7303],[79.0571,12.718],[79.0511,12.7187],[79.0427,12.7115],[79.0298,12.6892],[79.0239,12.689],[79.0266,12.6798],[79.0232,12.6736],[79.0165,12.6698],[79.0168,12.667],[79.0132,12.6661],[79.0122,12.6573],[79.0086,12.6581],[79.0238,12.6926],[78.9953,12.706],[78.9926,12.7029],[78.994,12.6971],[78.9869,12.697],[78.9881,12.6926],[78.979,12.6801],[78.9811,12.6739],[78.9763,12.6681],[78.9715,12.6669],[78.9715,12.6714],[78.9496,12.6786],[78.9499,12.6864],[78.9433,12.6852],[78.9442,12.6806],[78.9276,12.6759],[78.9119,12.6873],[78.9072,12.6874],[78.8973,12.6791],[78.8987,12.6882],[78.8963,12.6899],[78.882,12.6563],[78.8762,12.6538],[78.8658,12.6317],[78.8377,12.6434],[78.8086,12.6362],[78.8358,12.658],[78.8399,12.6648],[78.8415,12.6784],[78.8564,12.6827],[78.8449,12.6968],[78.8537,12.7166],[78.8472,12.7373],[78.8489,12.7565],[78.8506,12.7631],[78.8611,12.775],[78.8718,12.7744],[78.8753,12.7824],[78.8725,12.7883],[78.8781,12.7905],[78.8795,12.803],[78.8847,12.8105],[78.8743,12.8202],[78.8653,12.8186],[78.865,12.8262],[78.8749,12.836],[78.881,12.8321],[78.8975,12.8342],[78.8983,12.8376],[78.8931,12.8425],[78.8775,12.8416],[78.877,12.8458],[78.881,12.849],[78.8768,12.8498],[78.8762,12.8534],[78.8779,12.8558],[78.8896,12.8569],[78.8909,12.8541],[78.8997,12.8569],[78.9006,12.8494],[78.9037,12.8492],[78.9054,12.8583],[78.9049,12.8622],[78.9006,12.8616],[78.9018,12.8709],[78.9082,12.8755],[78.9108,12.8828],[78.906,12.8889],[78.9131,12.8947],[78.9133,12.9024],[78.9179,12.9107],[78.8999,12.9073],[78.8874,12.8938],[78.8453,12.8772],[78.8393,12.8695],[78.8241,12.8602],[78.8109,12.8541],[78.7996,12.8529],[78.7941,12.8486],[78.7826,12.8473],[78.7732,12.8336],[78.7593,12.8268],[78.7492,12.8177],[78.7453,12.8243],[78.7341,12.8304],[78.7374,12.8425],[78.7304,12.8657],[78.7187,12.8647],[78.7201,12.8601],[78.717,12.8591],[78.7201,12.8517],[78.7163,12.8502],[78.7168,12.857],[78.7121,12.8598],[78.6534,12.8653],[78.6029,12.8447],[78.6016,12.8508],[78.6131,12.8679],[78.6167,12.8886],[78.6229,12.9042],[78.6269,12.9073],[78.6335,12.9313],[78.6523,12.9291],[78.657,12.9321],[78.6461,12.9459],[78.6381,12.9648],[78.6472,12.9662],[78.6209,12.9912],[78.63,12.9945],[78.6555,13.0152],[78.6562,13.0312],[78.7053,13.0152],[78.7145,13.0687],[78.7403,13.064],[78.7518,13.0549],[78.7943,13.0666],[78.7976,13.0748],[78.8131,13.0891],[78.842,13.0786],[78.8611,13.0837],[78.8709,13.0819],[78.8698,13.0895],[78.8751,13.0968],[78.8912,13.0972],[78.8957,13.0951],[78.889,13.0734],[78.8913,13.0688],[78.8916,13.0331],[78.9291,13.0365],[78.9357,13.0348],[78.9371,13.0304],[78.9403,13.0366],[78.9337,13.0393],[78.9289,13.0458],[78.9218,13.047],[78.9164,13.0439],[78.9037,13.0477],[78.9126,13.0659],[78.9217,13.0661],[78.9239,13.0808],[78.9415,13.0785],[78.9492,13.084],[78.9496,13.0802],[78.9554,13.0758],[78.9621,13.0787],[78.9688,13.0779],[78.9703,13.0747],[78.9723,13.0838],[78.995,13.0866],[79.0039,13.0846],[79.0095,13.0772],[79.0369,13.0706],[79.0387,13.0611],[79.0634,13.0531],[79.0629,13.0406],[79.0809,13.0257],[79.0868,13.028],[79.0983,13.0261],[79.1075,13.0383],[79.1145,13.0393],[79.1373,13.0348],[79.1483,13.0247],[79.1631,13.0203],[79.1822,13.0319],[79.1848,13.0299],[79.193,13.0467],[79.1804,13.0488],[79.1797,13.0545],[79.1921,13.0561],[79.1913,13.0586],[79.1847,13.0568],[79.1783,13.0592],[79.1801,13.0643],[79.1873,13.0607],[79.1881,13.0657],[79.1921,13.0674],[79.1908,13.0734],[79.184,13.0727],[79.1853,13.0797],[79.1832,13.0819],[79.1814,13.0799],[79.1807,13.0842],[79.1877,13.0835],[79.1907,13.0887],[79.1931,13.0823],[79.1983,13.0813],[79.2009,13.0888],[79.2344,13.1052],[79.2343,13.1147],[79.2384,13.1186],[79.2304,13.1264],[79.2329,13.1394],[79.222,13.1462],[79.21,13.1485],[79.2114,13.1518],[79.2147,13.157],[79.2273,13.1556],[79.2256,13.1589],[79.2356,13.1712],[79.2427,13.171]]]]}},{"type":"Feature","bbox":[79.1674,11.7985,80.0086,12.4508],"properties":{"kind":"district","district":"Villupuram"},"geometry":{"type":"Polygon","coordinates":[[[79.3386,12.4446],[79.3565,12.4441],[79.3618,12.4397],[79.3675,12.4439],[79.3825,12.4423],[79.4016,12.4357],[79.4017,12.4281],[79.4104,12.4176],[79.4082,12.4113],[79.4113,12.4068],[79.4201,12.4108],[79.4284,12.4009],[79.4331,12.41],[79.4384,12.4073],[79.4362,12.3944],[79.4391,12.3891],[79.4419,12.3942],[79.4482,12.3958],[79.4478,12.3827],[79.4511,12.3742],[79.4656,12.3721],[79.4729,12.365],[79.4844,12.3696],[79.4859,12.3746],[79.4933,12.3703],[79.4883,12.3587],[79.4889,12.3494],[79.4966,12.3449],[79.5038,12.3479],[79.507,12.346],[79.5105,12.3484],[79.5112,12.3542],[79.5179,12.3533],[79.5295,12.3701],[79.546,12.3639],[79.5589,12.3644],[79.5708,12.3565],[79.575,12.3584],[79.577,12.3537],[79.5982,12.3482],[79.6026,12.3717],[79.6082,12.3781],[79.621,12.3744],[79.6235,12.3648],[79.6189,12.3544],[79.6217,12.3495],[79.6368,12.3426],[79.6456,12.3435],[79.6532,12.3299],[79.6577,12.3297],[79.6606,12.3231],[79.6737,12.3164],[79.6828,12.3161],[79.6855,12.3238],[79.6975,12.3249],[79.7001,12.3333],[79.7062,12.3346],[79.716,12.3355],[79.7219,12.3312],[79.7503,12.3248],[79.7543,12.3273],[79.759,12.3254],[79.7604,12.3297],[79.7788,12.339],[79.7883,12.336],[79.7992,12.3374],[79.8028,12.328],[79.8095,12.3262],[79.8199,12.3118],[79.8214,12.3143],[79.8274,12.3129],[79.8322,12.2989],[79.8416,12.2878],[79.8442,12.2802],[79.8412,12.2798],[79.8492,12.2763],[79.8624,12.2619],[79.8676,12.2489],[79.885,12.236],[79.9003,12.2296],[79.9087,12.2304],[79.9143,12.2355],[79.9245,12.2316],[79.9214,12.2501],[79.9442,12.2423],[79.9553,12.2288],[79.9598,12.2342],[79.964,12.2332],[79.9697,12.2368],[79.9731,12.2334],[79.9832,12.2411],[79.9877,12.2511],[79.9925,12.2537],[80.0038,12.2568],[80.004,12.2541],[80.0086,12.2548],[79.8967,12.0835],[79.8736,12.042],[79.8498,12.0513],[79.8409,12.0128],[79.8568,12.0061],[79.8406,11.9558],[79.8289,11.9583],[79.8223,11.9658],[79.8185,11.9779],[79.8126,11.9779],[79.8063,11.9673],[79.8051,11.9533],[79.7847,11.9599],[79.7835,11.9563],[79.7768,11.9537],[79.7715,11.9439],[79.7599,11.9436],[79.7622,11.9285],[79.7551,11.926],[79.7563,11.9204],[79.7503,11.9199],[79.7445,11.965],[79.7245,11.9714],[79.7235,11.977],[79.7265,11.9858],[79.7419,11.9777],[79.7481,11.9848],[79.7604,11.9892],[79.7624,12.0027],[79.7465,12.0077],[79.7377,12.001],[79.7334,11.9933],[79.7206,11.9927],[79.7159,11.9848],[79.7124,11.9866],[79.7093,11.9758],[79.716,11.9711],[79.715,11.9676],[79.7026,11.967],[79.698,11.9605],[79.6957,11.9639],[79.6917,11.9513],[79.6973,11.9418],[79.7043,11.9402],[79.7112,11.9331],[79.708,11.9419],[79.7097,11.95],[79.7209,11.9449],[79.7175,11.929],[79.7407,11.9054],[79.7313,11.9032],[79.7288,11.8902],[79.7228,11.8917],[79.7237,11.8886],[79.7169,11.8928],[79.7112,11.8907],[79.7053,11.8939],[79.709,11.9043],[79.7066,11.9052],[79.7066,11.9136],[79.718,11.9134],[79.7187,11.919],[79.6962,11.9192],[79.6979,11.9047],[79.6954,11.8948],[79.6872,11.8945],[79.6868,11.8889],[79.6826,11.8888],[79.6828,11.892],[79.6738,11.8916],[79.674,11.8807],[79.6898,11.8808],[79.6894,11.8642],[79.6946,11.8597],[79.6947,11.8444],[79.7031,11.8319],[79.6856,11.8325],[79.6908,11.8221],[79.6875,11.8207],[79.6857,11.8125],[79.6759,11.8143],[79.6748,11.8068],[79.665,11.8105],[79.6498,11.8005],[79.6411,11.7985],[79.6243,11.8118],[79.6168,11.8247],[79.6038,11.829],[79.5908,11.8415],[79.58,11.8436],[79.565,11.8399],[79.5427,11.8479],[79.5292,11.8571],[79.51,11.8576],[79.4679,11.8718],[79.441,11.8728],[79.4146,11.8989],[79.3788,11.918],[79.364,11.9181],[79.3488,11.926],[79.3081,11.9204],[79.3055,11.9339],[79.2926,11.9441],[79.2857,11.9456],[79.2845,11.9417],[79.2739,11.9445],[79.271,11.9488],[79.2371,11.9522],[79.2272,11.9575],[79.2105,11.974],[79.1847,11.9728],[79.1864,11.9858],[79.1712,11.9889],[79.1684,11.9922],[79.1708,12.0025],[79.1674,12.0058],[79.1706,12.0103],[79.1699,12.0194],[79.1751,12.0324],[79.1762,12.0474],[79.1901,12.0482],[79.2007,12.0699],[79.2092,12.0707],[79.2156,12.0638],[79.2336,12.0592],[79.24,12.0703],[79.2379,12.0766],[79.2427,12.0804],[79.2487,12.0779],[79.2529,12.081],[79.2572,12.0799],[79.2686,12.0945],[79.2716,12.1036],[79.2792,12.1079],[79.2767,12.126],[79.2588,12.1307],[79.259,12.1349],[79.2524,12.1367],[79.2542,12.1379],[79.2451,12.1432],[79.2427,12.1492],[79.2368,12.15],[79.238,12.1534],[79.2106,12.1661],[79.2142,12.1841],[79.2099,12.1872],[79.2128,12.1923],[79.2109,12.194],[79.2151,12.1977],[79.2223,12.1939],[79.2223,12.1838],[79.2346,12.1841],[79.2311,12.1923],[79.2331,12.1978],[79.2286,12.2034],[79.2161,12.2087],[79.2157,12.2123],[79.2192,12.2154],[79.2359,12.2122],[79.2367,12.2179],[79.2274,12.2179],[79.2251,12.222],[79.2484,12.241],[79.2424,12.2439],[79.2403,12.2539],[79.2432,12.2566],[79.2413,12.2635],[79.2438,12.2647],[79.245,12.274],[79.2563,12.2746],[79.2586,12.2785],[79.261,12.2768],[79.2678,12.2885],[79.2801,12.2918],[79.2738,12.3055],[79.2852,12.3064],[79.2893,12.3179],[79.2535,12.3231],[79.2465,12.3164],[79.2343,12.3157],[79.232,12.3191],[79.2346,12.3299],[79.2211,12.3325],[79.2171,12.3348],[79.2169,12.3396],[79.1982,12.343],[79.2048,12.3458],[79.2108,12.3444],[79.2214,12.3497],[79.227,12.3425],[79.2392,12.3465],[79.2327,12.3619],[79.2247,12.3677],[79.2274,12.3727],[79.2371,12.3685],[79.2456,12.3749],[79.2485,12.383],[79.2427,12.3972],[79.2272,12.4019],[79.2266,12.4113],[79.2345,12.4374],[79.23,12.4416],[79.2509,12.4471],[79.2695,12.4477],[79.309,12.4387],[79.3194,12.4491],[79.3253,12.4508],[79.3386,12.4446]],[[79.7891,12.0182],[79.8019,12.0171],[79.8057,12.0245],[79.7888,12.0264],[79.7891,12.0182]],[[79.694,12.0348],[79.6834,12.0216],[79.6755,12.0214],[79.6711,12.0101],[79.6605,12.0114],[79.657,11.9914],[79.6625,11.9895],[79.6739,11.9951],[79.6809,11.9834],[79.6855,11.9916],[79.6927,11.9899],[79.7056,11.9946],[79.7146,11.9907],[79.7196,11.9922],[79.7151,12.0002],[79.703,12.0082],[79.7036,12.0314],[79.694,12.0348]],[[79.6784,11.9718],[79.6767,11.9681],[79.6622,11.9692],[79.66,11.9584],[79.6538,11.9607],[79.6546,11.9535],[79.6588,11.9501],[79.6732,11.9479],[79.6847,11.9534],[79.6839,11.9604],[79.6878,11.9696],[79.6865,11.9733],[79.6784,11.9718]],[[79.6473,11.8442],[79.6409,11.8234],[79.6471,11.8197],[79.6463,11.8162],[79.6596,11.8129],[79.6713,11.8149],[79.6713,11.8236],[79.6595,11.8294],[79.6618,11.8394],[79.6473,11.8442]],[[79.6364,11.9778],[79.6415,11.9916],[79.6364,11.9981],[79.6423,11.9992],[79.651,12.0218],[79.6438,12.0274],[79.6375,12.0265],[79.6255,12.0322],[79.629,12.0188],[79.6207,12.0135],[79.6192,12.0014],[79.6263,12.0004],[79.6236,11.9893],[79.6172,11.9896],[79.618,11.985],[79.6244,11.9818],[79.6246,11.976],[79.6186,11.97],[79.6275,11.9681],[79.6284,11.9451],[79.6189,11.9432],[79.6179,11.936],[79.6185,11.9261],[79.6284,11.9195],[79.6253,11.903],[79.6321,11.9013],[79.6407,11.9022],[79.6411,11.9078],[79.6559,11.9079],[79.656,11.9129],[79.6627,11.9131],[79.6627,11.9182],[79.6689,11.9183],[79.6707,11.9316],[79.6693,11.9375],[79.6607,11.9372],[79.6575,11.9481],[79.6529,11.9482],[79.652,11.9436],[79.6426,11.9421],[79.6422,11.954],[79.6473,11.9534],[79.6485,11.9674],[79.6413,11.9705],[79.6403,11.9763],[79.6364,11.9778]],[[79.6212,11.8906],[79.6082,11.8769],[79.5994,11.883],[79.6031,11.8687],[79.602,11.8579],[79.6195,11.8627],[79.6192,11.8702],[79.6285,11.8698],[79.6263,11.8547],[79.6471,11.8502],[79.6578,11.8526],[79.6634,11.8612],[79.6627,11.8673],[79.6486,11.8705],[79.6484,11.8804],[79.6405,11.8806],[79.6412,11.8866],[79.6351,11.8886],[79.6345,11.881],[79.6304,11.8813],[79.6298,11.8887],[79.6212,11.8906]]]}},{"type":"Feature","bbox":[77.3394,9.2001,78.4289,9.7864],"properties":{"kind":"district","district":"Virudhunagar"},"geometry":{"type":"Polygon","coordinates":[[[78.1045,9.7864],[78.1256,9.7711],[78.1253,9.7656],[78.137,9.7617],[78.1339,9.7481],[78.1461,9.7429],[78.1474,9.75],[78.163,9.7575],[78.1636,9.7498],[78.1722,9.7481],[78.1749,9.7535],[78.1733,9.7602],[78.1745,9.757],[78.183,9.7568],[78.1965,9.7676],[78.2043,9.7636],[78.2102,9.7825],[78.2378,9.7574],[78.2575,9.7515],[78.2769,9.7406],[78.2762,9.7328],[78.2806,9.7324],[78.2801,9.7299],[78.2775,9.7266],[78.2719,9.7291],[78.2723,9.7225],[78.277,9.7205],[78.2784,9.7148],[78.2743,9.7026],[78.2779,9.6961],[78.2712,9.6918],[78.2735,9.6862],[78.2917,9.6746],[78.2913,9.677],[78.3023,9.679],[78.3028,9.687],[78.2955,9.6935],[78.2999,9.7036],[78.3052,9.7056],[78.3117,9.7227],[78.3215,9.7319],[78.3227,9.7426],[78.3248,9.7427],[78.3282,9.7256],[78.321,9.7072],[78.327,9.6935],[78.3428,9.6809],[78.3422,9.6723],[78.336,9.6684],[78.3393,9.6581],[78.3446,9.657],[78.3497,9.666],[78.351,9.6565],[78.3543,9.6577],[78.3561,9.6515],[78.3608,9.6506],[78.3635,9.6541],[78.3762,9.6571],[78.3885,9.6536],[78.3939,9.6459],[78.3897,9.6314],[78.3941,9.628],[78.394,9.6187],[78.3999,9.612],[78.406,9.6124],[78.409,9.6196],[78.4126,9.6175],[78.4146,9.6098],[78.4225,9.6079],[78.4232,9.6138],[78.4273,9.6163],[78.4289,9.6056],[78.4256,9.6003],[78.4169,9.5994],[78.4122,9.588],[78.3978,9.5952],[78.3977,9.5847],[78.3939,9.5814],[78.3827,9.5798],[78.3684,9.5705],[78.3736,9.5696],[78.3753,9.566],[78.3765,9.5518],[78.3724,9.5432],[78.3874,9.5361],[78.3823,9.5159],[78.3774,9.5158],[78.3749,9.5074],[78.3673,9.5071],[78.3653,9.512],[78.3473,9.5114],[78.3395,9.4959],[78.3285,9.4952],[78.327,9.4875],[78.3303,9.4853],[78.327,9.4837],[78.3308,9.4808],[78.3301,9.4728],[78.3371,9.4726],[78.3386,9.4697],[78.3469,9.4713],[78.3519,9.4666],[78.3519,9.461],[78.3471,9.4602],[78.3394,9.4685],[78.3313,9.469],[78.3304,9.4628],[78.311,9.4679],[78.3087,9.4605],[78.2994,9.4615],[78.2985,9.4546],[78.3036,9.4532],[78.3054,9.4475],[78.3012,9.4422],[78.2719,9.4485],[78.2282,9.445],[78.2186,9.4472],[78.215,9.4335],[78.221,9.4299],[78.2225,9.4101],[78.2432,9.4067],[78.2431,9.381],[78.2476,9.3808],[78.2552,9.3736],[78.26,9.3764],[78.2632,9.3866],[78.2787,9.385],[78.2802,9.39],[78.2915,9.391],[78.2962,9.389],[78.295,9.3817],[78.2967,9.3866],[78.3042,9.3843],[78.3041,9.3769],[78.3081,9.3749],[78.3065,9.3695],[78.3012,9.3672],[78.3083,9.365],[78.3058,9.3503],[78.3105,9.3452],[78.2954,9.3426],[78.2939,9.332],[78.2978,9.3261],[78.3048,9.3235],[78.3114,9.335],[78.3244,9.3324],[78.3291,9.3389],[78.3294,9.3459],[78.3326,9.3458],[78.3331,9.3541],[78.353,9.3527],[78.3553,9.358],[78.3627,9.3492],[78.3648,9.3374],[78.3609,9.3251],[78.355,9.3192],[78.3533,9.3086],[78.3461,9.3094],[78.3468,9.2979],[78.3286,9.2753],[78.312,9.2831],[78.3058,9.2838],[78.3047,9.2812],[78.281,9.2842],[78.2805,9.2899],[78.2624,9.295],[78.2331,9.2962],[78.2179,9.2999],[78.2116,9.3053],[78.2088,9.3272],[78.189,9.3317],[78.1713,9.3423],[78.1724,9.3458],[78.1658,9.359],[78.1684,9.3689],[78.1489,9.372],[78.1479,9.3694],[78.1381,9.3703],[78.1333,9.3652],[78.0813,9.3608],[78.0803,9.3578],[78.0728,9.3632],[78.069,9.3606],[78.057,9.3625],[78.0524,9.3583],[78.0501,9.3452],[78.0449,9.345],[78.0423,9.3372],[78.034,9.3337],[78.036,9.3234],[78.0403,9.3233],[78.041,9.3172],[78.0482,9.314],[78.0498,9.3066],[78.0106,9.3083],[78.0073,9.3036],[78.0112,9.2942],[78.0084,9.2738],[77.9877,9.2682],[77.9839,9.2516],[77.9668,9.2523],[77.9568,9.2486],[77.9557,9.2301],[77.9478,9.2306],[77.9448,9.22],[77.9321,9.2229],[77.9196,9.2024],[77.9092,9.2001],[77.9089,9.2026],[77.8782,9.2079],[77.8783,9.2212],[77.8749,9.2264],[77.8864,9.2326],[77.8811,9.234],[77.8802,9.2452],[77.8585,9.2478],[77.8528,9.2446],[77.8388,9.2458],[77.8385,9.2433],[77.8257,9.2427],[77.8075,9.2452],[77.8067,9.2523],[77.7964,9.2562],[77.7967,9.273],[77.7735,9.2764],[77.7742,9.2693],[77.7879,9.2627],[77.7897,9.2515],[77.7831,9.2493],[77.78,9.2377],[77.7703,9.2359],[77.7692,9.242],[77.7611,9.2491],[77.7585,9.2666],[77.7461,9.2678],[77.7416,9.2645],[77.7392,9.2803],[77.7219,9.2801],[77.7168,9.2874],[77.7122,9.2873],[77.7119,9.2914],[77.684,9.2886],[77.6824,9.2862],[77.6609,9.287],[77.6557,9.2834],[77.653,9.2881],[77.6447,9.2887],[77.644,9.2916],[77.6249,9.2928],[77.6249,9.2955],[77.6134,9.301],[77.6034,9.3012],[77.6042,9.307],[77.5856,9.3086],[77.591,9.3154],[77.5915,9.3439],[77.5866,9.348],[77.573,9.343],[77.5749,9.3541],[77.5604,9.3535],[77.5498,9.3632],[77.5497,9.3667],[77.5547,9.3703],[77.5309,9.3759],[77.5293,9.3603],[77.5271,9.3581],[77.5202,9.3593],[77.5191,9.3567],[77.5276,9.3489],[77.5221,9.335],[77.5066,9.3319],[77.497,9.3338],[77.4958,9.3385],[77.487,9.337],[77.4747,9.3407],[77.4715,9.3284],[77.4648,9.3291],[77.4591,9.3363],[77.4629,9.3459],[77.468,9.3467],[77.4414,9.3543],[77.4434,9.362],[77.4371,9.3621],[77.4385,9.3681],[77.4471,9.3658],[77.4505,9.3699],[77.438,9.3819],[77.434,9.3909],[77.4233,9.3937],[77.4197,9.3993],[77.406,9.3935],[77.3972,9.3962],[77.3891,9.3922],[77.379,9.4019],[77.3722,9.4021],[77.3644,9.4091],[77.3503,9.4127],[77.3394,9.4201],[77.3446,9.4244],[77.3494,9.4412],[77.362,9.4572],[77.366,9.4601],[77.3772,9.4528],[77.3926,9.4594],[77.3915,9.4687],[77.4017,9.4769],[77.3986,9.4816],[77.3993,9.4966],[77.4124,9.509],[77.4083,9.5148],[77.4004,9.5179],[77.4035,9.5264],[77.4279,9.5465],[77.4411,9.5467],[77.4446,9.5434],[77.4481,9.5455],[77.4559,9.5416],[77.475,9.55],[77.4776,9.5529],[77.4754,9.5631],[77.4983,9.5754],[77.4998,9.5963],[77.5141,9.6108],[77.5197,9.6368],[77.5282,9.6505],[77.5358,9.6549],[77.5373,9.6598],[77.5439,9.6617],[77.5474,9.6586],[77.5433,9.6452],[77.5519,9.6444],[77.5626,9.6595],[77.5751,9.6645],[77.5761,9.6689],[77.586,9.6669],[77.5902,9.6786],[77.6019,9.6864],[77.6009,9.691],[77.6082,9.6966],[77.6165,9.6955],[77.6158,9.6986],[77.6288,9.7047],[77.6321,9.7008],[77.6327,9.7034],[77.6368,9.702],[77.644,9.7064],[77.6447,9.7006],[77.6471,9.7008],[77.6452,9.6978],[77.6492,9.6987],[77.6509,9.6831],[77.6684,9.6772],[77.6777,9.6828],[77.6812,9.6767],[77.6847,9.6793],[77.6843,9.6841],[77.6941,9.6928],[77.6937,9.6974],[77.698,9.6991],[77.6995,9.6922],[77.7077,9.691],[77.7103,9.6946],[77.7099,9.7054],[77.7258,9.6927],[77.734,9.6929],[77.7546,9.6822],[77.76,9.6827],[77.7667,9.6703],[77.7665,9.6649],[77.7695,9.6642],[77.7639,9.6606],[77.7668,9.6516],[77.7763,9.6404],[77.791,9.6391],[77.7947,9.6487],[77.8086,9.6399],[77.8219,9.6407],[77.829,9.6363],[77.8419,9.6353],[77.8459,9.6506],[77.8489,9.6504],[77.8914,9.6423],[77.8974,9.6279],[77.9007,9.6265],[77.9106,9.6382],[77.9214,9.6378],[77.9232,9.6476],[77.9402,9.6492],[77.9495,9.6458],[77.9526,9.6496],[77.9646,9.6442],[77.964,9.6332],[77.9753,9.6296],[77.9855,9.6335],[77.991,9.6416],[77.9963,9.6401],[78.0007,9.6503],[78.0066,9.6481],[78.0045,9.6424],[78.0146,9.6395],[78.0168,9.6478],[78.0258,9.6605],[78.0307,9.6597],[78.0406,9.6785],[78.0615,9.6706],[78.0593,9.6618],[78.0762,9.6605],[78.0818,9.6632],[78.08,9.6765],[78.0852,9.6755],[78.0878,9.6834],[78.082,9.6881],[78.085,9.6925],[78.0763,9.6968],[78.0799,9.7083],[78.075,9.7098],[78.0739,9.7187],[78.068,9.7234],[78.0685,9.7294],[78.0726,9.7318],[78.0713,9.7356],[78.0614,9.7415],[78.0671,9.7529],[78.0782,9.749],[78.0843,9.7582],[78.1011,9.7551],[78.1043,9.7682],[78.0887,9.7755],[78.0881,9.7794],[78.0985,9.7794],[78.1045,9.7864]]]}},{"type":"Feature","bbox":[79.7985,13.2021,80.1989,13.5498],"properties":{"kind":"ac","ac":1,"name":"Gummidipoondi","pc":"Thiruvallur","mla":"S. Vijayakumar","mla_party":"TVK","mp":"Sasikanth Senthil","mp_party":"INC"},"geometry":{"type":"Polygon","coordinates":[[[80.0812,13.5498],[80.0886,13.5354],[80.0771,13.5268],[80.0786,13.4889],[80.0986,13.488],[80.1045,13.4924],[80.1069,13.4994],[80.1119,13.5001],[80.1131,13.5054],[80.1321,13.5015],[80.1399,13.5041],[80.1452,13.5003],[80.1456,13.4907],[80.163,13.4875],[80.1822,13.4899],[80.175,13.4887],[80.1736,13.4826],[80.1822,13.4739],[80.179,13.4697],[80.1725,13.4695],[80.1682,13.4572],[80.1627,13.4548],[80.1696,13.4474],[80.1689,13.4416],[80.1856,13.4422],[80.1895,13.4387],[80.1923,13.4327],[80.187,13.4232],[80.1966,13.4172],[80.1989,13.4042],[80.1975,13.3935],[80.192,13.3904],[80.1769,13.3906],[80.1814,13.3943],[80.1807,13.3974],[80.1633,13.3988],[80.15,13.3958],[80.1545,13.3831],[80.1446,13.377],[80.1507,13.3692],[80.1481,13.363],[80.163,13.3607],[80.1595,13.3484],[80.1679,13.3437],[80.1664,13.3306],[80.1694,13.3275],[80.1621,13.3245],[80.1518,13.3262],[80.1315,13.3442],[80.0995,13.359],[80.0929,13.3588],[80.0789,13.3455],[80.0802,13.3327],[80.073,13.3301],[80.0724,13.3179],[80.0903,13.3148],[80.0941,13.3084],[80.1082,13.3035],[80.1103,13.3149],[80.1234,13.3065],[80.1275,13.2861],[80.1249,13.2638],[80.1323,13.2614],[80.1323,13.2533],[80.1208,13.2497],[80.1171,13.233],[80.1103,13.2414],[80.0929,13.2319],[80.0855,13.2243],[80.0814,13.226],[80.0852,13.2297],[80.0825,13.2392],[80.0731,13.2393],[80.0484,13.2512],[80.0455,13.2368],[80.0195,13.2393],[80.0062,13.2349],[80.0029,13.236],[80.0054,13.2529],[80.0093,13.2549],[80.0135,13.2462],[80.0239,13.2608],[80.032,13.2563],[80.0249,13.2529],[80.0285,13.251],[80.0372,13.2529],[80.0403,13.2613],[80.0291,13.2618],[80.0182,13.2753],[80.0147,13.2728],[80.0058,13.2785],[79.9903,13.2761],[79.9847,13.2729],[79.984,13.2677],[79.9713,13.2629],[79.9701,13.2345],[79.9599,13.2315],[79.9516,13.2215],[79.9366,13.2229],[79.9318,13.2263],[79.9308,13.2333],[79.9156,13.2375],[79.9161,13.2334],[79.9242,13.2265],[79.9233,13.2225],[79.9086,13.2149],[79.8921,13.2203],[79.891,13.2256],[79.8871,13.2272],[79.8671,13.2295],[79.8586,13.2182],[79.8675,13.2193],[79.8697,13.2136],[79.8411,13.2021],[79.8392,13.2074],[79.8485,13.2096],[79.8559,13.2157],[79.8452,13.2186],[79.8416,13.2162],[79.8393,13.2213],[79.8415,13.2275],[79.8378,13.2308],[79.8317,13.2193],[79.8254,13.2254],[79.8396,13.2399],[79.8268,13.2471],[79.8143,13.2424],[79.8024,13.2472],[79.8002,13.2536],[79.8009,13.2899],[79.7985,13.2988],[79.8047,13.3073],[79.8041,13.3126],[79.8164,13.319],[79.8346,13.3153],[79.8523,13.3166],[79.8554,13.3207],[79.8623,13.3172],[79.8682,13.3321],[79.8829,13.3233],[79.8823,13.3342],[79.8931,13.3355],[79.9145,13.3482],[79.9152,13.3605],[79.9286,13.3564],[79.9327,13.3512],[79.9422,13.364],[79.9457,13.3642],[79.9491,13.377],[79.946,13.3809],[79.9486,13.3832],[79.9535,13.3775],[79.9582,13.3791],[79.9627,13.3891],[79.962,13.3955],[79.9441,13.3967],[79.9416,13.4002],[79.9458,13.4073],[79.9345,13.4164],[79.9417,13.4167],[79.9398,13.4243],[79.9549,13.4254],[79.9578,13.4221],[79.9732,13.4294],[79.9724,13.469],[79.9823,13.4707],[79.9839,13.4795],[79.9874,13.4786],[79.9892,13.4855],[80.005,13.4951],[80.0116,13.4968],[80.0124,13.4858],[80.0156,13.4999],[80.0465,13.4958],[80.0484,13.5123],[80.0355,13.5183],[80.0272,13.5137],[80.0195,13.5193],[80.0176,13.5296],[80.0005,13.5257],[79.9941,13.5455],[80.0005,13.5422],[80.0169,13.5472],[80.0239,13.546],[80.0284,13.5388],[80.0569,13.5367],[80.0627,13.5454],[80.0684,13.5446],[80.0812,13.5498]]]}},{"type":"Feature","bbox":[80.0724,13.1982,80.3468,13.5645],"properties":{"kind":"ac","ac":2,"name":"Ponneri","pc":"Thiruvallur","mla":"M. S. Ravi","mla_party":"TVK","mp":"Sasikanth Senthil","mp_party":"INC"},"geometry":{"type":"Polygon","coordinates":[[[80.2683,13.5645],[80.301,13.4787],[80.3259,13.4454],[80.3295,13.4038],[80.3398,13.3611],[80.3468,13.3138],[80.3447,13.2762],[80.3382,13.262],[80.3348,13.2376],[80.3142,13.2263],[80.303,13.1982],[80.2834,13.2041],[80.254,13.2062],[80.2491,13.2063],[80.2496,13.1994],[80.2394,13.1995],[80.2347,13.2071],[80.2353,13.2163],[80.2308,13.2167],[80.2385,13.2292],[80.2149,13.2288],[80.2093,13.2326],[80.2131,13.2378],[80.2134,13.2472],[80.2026,13.2471],[80.1976,13.2505],[80.1963,13.2707],[80.1814,13.2714],[80.1706,13.2599],[80.1323,13.2595],[80.1249,13.2638],[80.1275,13.2861],[80.1234,13.3065],[80.1103,13.3149],[80.1082,13.3035],[80.0941,13.3084],[80.0903,13.3148],[80.0724,13.3179],[80.073,13.3301],[80.0802,13.3327],[80.0789,13.3455],[80.0929,13.3588],[80.0995,13.359],[80.1315,13.3442],[80.1518,13.3262],[80.1621,13.3245],[80.1694,13.3275],[80.1664,13.3306],[80.1679,13.3437],[80.1595,13.3484],[80.163,13.3607],[80.1481,13.363],[80.1507,13.3692],[80.1446,13.377],[80.1545,13.3831],[80.15,13.3958],[80.1633,13.3988],[80.1807,13.3974],[80.1814,13.3943],[80.1769,13.3906],[80.192,13.3904],[80.1975,13.3935],[80.1989,13.4042],[80.1966,13.4172],[80.187,13.4232],[80.1923,13.4327],[80.1895,13.4387],[80.1856,13.4422],[80.1689,13.4416],[80.1696,13.4474],[80.1627,13.4548],[80.1682,13.4572],[80.1725,13.4695],[80.179,13.4697],[80.1822,13.4739],[80.1736,13.4826],[80.175,13.4887],[80.2096,13.4865],[80.2151,13.4897],[80.2153,13.4857],[80.2265,13.4849],[80.2353,13.4739],[80.2426,13.4709],[80.2638,13.5625],[80.2683,13.5645]]]}},{"type":"Feature","bbox":[79.2838,13.0604,79.6954,13.3517],"properties":{"kind":"ac","ac":3,"name":"Tiruttani","pc":"Arakkonam","mla":"G. Hari","mla_party":"AIADMK","mp":"S. Jagathrakshakan","mp_party":"DMK"},"geometry":{"type":"Polygon","coordinates":[[[79.5373,13.3387],[79.5418,13.3273],[79.5393,13.3219],[79.5441,13.3168],[79.5348,13.3014],[79.5371,13.2945],[79.5412,13.2925],[79.5351,13.2851],[79.5345,13.2756],[79.54,13.2724],[79.5584,13.2727],[79.574,13.259],[79.5825,13.2574],[79.5909,13.261],[79.5956,13.2847],[79.6058,13.2882],[79.6087,13.2875],[79.6061,13.2796],[79.6141,13.2827],[79.6287,13.2698],[79.634,13.2715],[79.6315,13.2772],[79.6343,13.2775],[79.6332,13.2824],[79.6385,13.2874],[79.6412,13.2756],[79.6424,13.2902],[79.6496,13.2923],[79.6577,13.2839],[79.6645,13.2893],[79.6653,13.2788],[79.6734,13.2814],[79.6782,13.2975],[79.6829,13.2956],[79.6812,13.288],[79.6939,13.2798],[79.6936,13.2735],[79.6888,13.271],[79.6908,13.2677],[79.6954,13.2692],[79.6933,13.2631],[79.6891,13.261],[79.6876,13.2667],[79.6783,13.2617],[79.6841,13.2433],[79.6649,13.2449],[79.6474,13.2371],[79.636,13.2484],[79.6209,13.2478],[79.6184,13.2427],[79.616,13.2206],[79.6398,13.2205],[79.6565,13.2064],[79.6449,13.1916],[79.645,13.1796],[79.6353,13.1717],[79.6312,13.1729],[79.6359,13.1487],[79.6178,13.1443],[79.589,13.1474],[79.5995,13.1308],[79.5943,13.1215],[79.5701,13.1218],[79.5673,13.1304],[79.569,13.1373],[79.5325,13.1362],[79.5225,13.1387],[79.5231,13.1436],[79.4986,13.1361],[79.4835,13.1401],[79.4821,13.1281],[79.4754,13.1305],[79.474,13.1263],[79.4752,13.1077],[79.4645,13.1072],[79.4625,13.0954],[79.451,13.0933],[79.4436,13.1138],[79.4345,13.1115],[79.4333,13.1158],[79.4293,13.1163],[79.4518,13.1212],[79.4534,13.1264],[79.4477,13.1284],[79.4392,13.1248],[79.4339,13.1365],[79.4187,13.1502],[79.4153,13.1382],[79.4113,13.136],[79.4134,13.119],[79.4042,13.115],[79.4017,13.1041],[79.4043,13.0998],[79.4203,13.1037],[79.4229,13.0972],[79.4153,13.0894],[79.4171,13.0846],[79.4013,13.08],[79.3793,13.08],[79.3792,13.0754],[79.3554,13.0668],[79.3515,13.0625],[79.3349,13.0604],[79.33,13.0726],[79.3246,13.0776],[79.3039,13.083],[79.2974,13.0876],[79.2987,13.0915],[79.2838,13.1229],[79.3131,13.1257],[79.2994,13.1188],[79.3021,13.1137],[79.2945,13.1098],[79.3072,13.1059],[79.3104,13.1122],[79.319,13.1137],[79.3116,13.1159],[79.3243,13.1186],[79.3186,13.1228],[79.3266,13.1259],[79.329,13.1308],[79.3398,13.1305],[79.3409,13.1369],[79.3448,13.1372],[79.3453,13.1216],[79.3575,13.1219],[79.3656,13.1341],[79.3637,13.1389],[79.3611,13.1387],[79.3568,13.1651],[79.3802,13.1631],[79.3807,13.1707],[79.3703,13.1746],[79.3728,13.1787],[79.388,13.1771],[79.3888,13.1797],[79.3847,13.1839],[79.3725,13.1874],[79.3742,13.1894],[79.3857,13.1885],[79.3918,13.192],[79.3991,13.1882],[79.4014,13.1924],[79.4104,13.1945],[79.4103,13.1908],[79.439,13.1879],[79.4323,13.1945],[79.4396,13.2063],[79.4437,13.2077],[79.4364,13.2115],[79.4371,13.2193],[79.4532,13.2168],[79.4528,13.2386],[79.4418,13.2387],[79.4394,13.2307],[79.4305,13.2298],[79.4398,13.2362],[79.4308,13.2366],[79.4383,13.2404],[79.438,13.2432],[79.4184,13.2429],[79.4196,13.2457],[79.4165,13.2465],[79.4223,13.2513],[79.4168,13.2517],[79.4161,13.2604],[79.4084,13.2639],[79.4176,13.2718],[79.4337,13.275],[79.4347,13.2891],[79.4463,13.2916],[79.4454,13.3013],[79.4305,13.3003],[79.42,13.2896],[79.4185,13.2974],[79.4138,13.3002],[79.4053,13.2976],[79.3941,13.3],[79.3898,13.2975],[79.3886,13.3098],[79.3818,13.3075],[79.3825,13.3109],[79.3878,13.3181],[79.402,13.3174],[79.3983,13.3302],[79.4024,13.3303],[79.4053,13.3351],[79.4147,13.3301],[79.4209,13.3363],[79.4316,13.3367],[79.4354,13.3517],[79.4562,13.3386],[79.464,13.3417],[79.4654,13.3387],[79.4805,13.34],[79.4999,13.3482],[79.4975,13.3325],[79.5101,13.3342],[79.5111,13.342],[79.5259,13.3444],[79.5373,13.3387]]]}},{"type":"Feature","bbox":[79.6147,12.9446,80.0067,13.319],"properties":{"kind":"ac","ac":4,"name":"Thiruvallur","pc":"Thiruvallur","mla":"T. Arunkumar","mla_party":"TVK","mp":"Sasikanth Senthil","mp_party":"INC"},"geometry":{"type":"Polygon","coordinates":[[[79.7763,13.3062],[79.781,13.3063],[79.7846,13.2975],[79.7915,13.294],[79.7985,13.2988],[79.8024,13.2472],[79.8143,13.2424],[79.8268,13.2471],[79.8396,13.2399],[79.8254,13.2254],[79.8317,13.2193],[79.8378,13.2308],[79.8415,13.2275],[79.8393,13.2213],[79.8416,13.2162],[79.8452,13.2186],[79.8559,13.2159],[79.8485,13.2096],[79.8392,13.2074],[79.8411,13.2021],[79.8697,13.2136],[79.8675,13.2193],[79.8586,13.2182],[79.8671,13.2295],[79.8871,13.2272],[79.891,13.2256],[79.8921,13.2203],[79.8995,13.2172],[79.9086,13.2149],[79.9141,13.2169],[79.9233,13.2225],[79.9242,13.2265],[79.9161,13.2334],[79.9156,13.2375],[79.9308,13.2333],[79.9318,13.2263],[79.9366,13.2229],[79.9507,13.2215],[79.9545,13.218],[79.9558,13.2109],[79.9497,13.2085],[79.9482,13.1923],[79.9152,13.1882],[79.9111,13.1852],[79.8951,13.1942],[79.894,13.1663],[79.886,13.167],[79.8845,13.1641],[79.9072,13.1578],[79.9149,13.1525],[79.9128,13.1361],[79.9195,13.1348],[79.9218,13.1271],[79.9327,13.1218],[79.9292,13.1116],[79.9394,13.1092],[79.9396,13.0911],[79.9308,13.0835],[79.9345,13.0797],[79.947,13.0888],[79.9541,13.0815],[79.9572,13.0901],[79.9723,13.0911],[79.9774,13.1009],[79.9829,13.1019],[79.991,13.1005],[79.9932,13.0984],[79.9908,13.0997],[79.9888,13.0907],[79.9849,13.0885],[79.9837,13.0826],[79.9807,13.0845],[79.9793,13.0787],[79.9864,13.079],[80.0015,13.0715],[80.0067,13.0728],[80.0056,13.0591],[79.9927,13.0578],[79.9952,13.054],[79.9865,13.0562],[79.9837,13.052],[79.9714,13.0501],[79.9688,13.0375],[79.9556,13.0378],[79.9489,13.0327],[79.9182,13.035],[79.9177,13.0477],[79.9119,13.0463],[79.9006,13.0495],[79.8971,13.0318],[79.9004,13.0299],[79.9004,13.017],[79.911,13.0147],[79.9113,13.0177],[79.92,13.0195],[79.92,13.0143],[79.9309,13.014],[79.9418,13.0086],[79.9424,13.0014],[79.9299,12.9899],[79.9244,12.9905],[79.9084,13.0042],[79.8989,12.9952],[79.8893,12.9937],[79.9137,12.9782],[79.9094,12.9656],[79.9014,12.9656],[79.8958,12.9584],[79.8947,12.9481],[79.8896,12.9446],[79.8807,12.9483],[79.852,12.9476],[79.8482,12.9564],[79.8313,12.9575],[79.8344,12.9625],[79.8324,12.9637],[79.8211,12.9618],[79.8207,12.9792],[79.8179,12.984],[79.8203,12.9878],[79.8139,12.9867],[79.8121,12.9892],[79.8181,12.9915],[79.8181,13.0045],[79.8106,13.0182],[79.801,13.015],[79.7966,13.0277],[79.7895,13.0249],[79.7869,13.0284],[79.7862,13.04],[79.7917,13.0458],[79.7885,13.0563],[79.7788,13.0538],[79.7789,13.0608],[79.7757,13.0629],[79.7694,13.0607],[79.7619,13.0517],[79.7481,13.0501],[79.7451,13.0567],[79.7375,13.0612],[79.7303,13.0542],[79.7188,13.0538],[79.7189,13.0582],[79.7245,13.0595],[79.7259,13.0678],[79.7384,13.0653],[79.7418,13.0763],[79.7358,13.0871],[79.7356,13.0957],[79.7228,13.0999],[79.7087,13.0972],[79.7013,13.0996],[79.7019,13.1041],[79.7036,13.1007],[79.705,13.1009],[79.702,13.1106],[79.7191,13.1051],[79.7244,13.1167],[79.7309,13.1152],[79.736,13.1187],[79.7393,13.1436],[79.7368,13.1675],[79.7069,13.1634],[79.7012,13.1586],[79.6954,13.1589],[79.6925,13.1759],[79.7001,13.1813],[79.7009,13.1916],[79.6924,13.1915],[79.6705,13.1834],[79.6705,13.2046],[79.6622,13.2068],[79.6623,13.2099],[79.655,13.2102],[79.6555,13.208],[79.6398,13.2205],[79.6161,13.2205],[79.6147,13.2235],[79.6209,13.2478],[79.6362,13.2484],[79.6469,13.2371],[79.6652,13.2449],[79.6841,13.2433],[79.6898,13.2377],[79.6964,13.2382],[79.6934,13.2427],[79.7014,13.2531],[79.7078,13.2505],[79.7137,13.236],[79.7066,13.2347],[79.7014,13.2252],[79.7125,13.2176],[79.7176,13.218],[79.7218,13.2237],[79.7319,13.2226],[79.7304,13.2324],[79.7345,13.2369],[79.7494,13.2197],[79.7516,13.2068],[79.7598,13.2075],[79.7642,13.2191],[79.7739,13.2192],[79.7729,13.2155],[79.7754,13.2153],[79.7779,13.2236],[79.7847,13.2279],[79.7931,13.2293],[79.7945,13.2263],[79.7947,13.2421],[79.7817,13.2513],[79.7612,13.2583],[79.7481,13.271],[79.7417,13.271],[79.735,13.276],[79.7306,13.283],[79.734,13.289],[79.7392,13.2914],[79.7442,13.2886],[79.7563,13.2952],[79.7618,13.3099],[79.7603,13.319],[79.7763,13.3062]]]}},{"type":"Feature","bbox":[79.8845,13.0191,80.1299,13.2781],"properties":{"kind":"ac","ac":5,"name":"Poonamallee","pc":"Thiruvallur","mla":"R. Prakasam","mla_party":"TVK","mp":"Sasikanth Senthil","mp_party":"INC"},"geometry":{"type":"Polygon","coordinates":[[[80.0065,13.2781],[80.0147,13.2728],[80.0182,13.2753],[80.0291,13.2618],[80.0404,13.2607],[80.0372,13.2529],[80.0285,13.251],[80.0249,13.2529],[80.032,13.2563],[80.0239,13.2608],[80.0135,13.2462],[80.0093,13.2549],[80.0054,13.2529],[80.0029,13.236],[80.0195,13.2393],[80.0455,13.2368],[80.0484,13.2512],[80.0731,13.2393],[80.0825,13.2392],[80.0852,13.2297],[80.0814,13.226],[80.0855,13.2243],[80.0929,13.2319],[80.1103,13.2414],[80.1171,13.233],[80.1137,13.2216],[80.1089,13.2168],[80.1079,13.2049],[80.0854,13.2128],[80.075,13.2072],[80.0699,13.2106],[80.0624,13.2098],[80.0318,13.1927],[80.0282,13.1808],[80.0384,13.1614],[80.0376,13.1472],[80.0413,13.1345],[80.0281,13.1314],[80.0121,13.1328],[80.0147,13.1216],[80.0081,13.1201],[80.0101,13.1121],[80.0365,13.1121],[80.0378,13.0953],[80.0448,13.0987],[80.057,13.1139],[80.0659,13.1106],[80.0698,13.1142],[80.0794,13.1135],[80.0967,13.1041],[80.1075,13.0899],[80.0986,13.0783],[80.1068,13.0718],[80.1233,13.0725],[80.1222,13.0615],[80.1293,13.0593],[80.1299,13.0406],[80.1266,13.0372],[80.1294,13.0339],[80.1248,13.0283],[80.1192,13.0285],[80.1187,13.0235],[80.1086,13.0239],[80.0993,13.0346],[80.1025,13.0392],[80.0943,13.0454],[80.0815,13.0453],[80.0825,13.0238],[80.0788,13.0191],[80.0699,13.04],[80.0607,13.0386],[80.0576,13.0301],[80.0492,13.027],[80.0413,13.0322],[80.045,13.0407],[80.0232,13.037],[80.0212,13.0449],[80.0018,13.0448],[79.9941,13.0501],[79.9884,13.0314],[79.9802,13.0325],[79.9742,13.0389],[79.9782,13.0401],[79.9788,13.0492],[79.9868,13.0538],[79.9908,13.0516],[79.9952,13.054],[79.9927,13.0578],[80.0067,13.0611],[80.0063,13.0735],[80.0015,13.0715],[79.9864,13.079],[79.9793,13.0787],[79.9807,13.0845],[79.9837,13.0826],[79.9849,13.0885],[79.9888,13.0907],[79.9908,13.0997],[79.9932,13.0984],[79.9903,13.1006],[79.9785,13.1017],[79.9723,13.0911],[79.9572,13.0901],[79.9541,13.0815],[79.947,13.0888],[79.9345,13.0797],[79.9308,13.0835],[79.9396,13.0911],[79.9394,13.1092],[79.9292,13.1116],[79.9327,13.1218],[79.9218,13.1271],[79.9195,13.1348],[79.9128,13.1361],[79.9149,13.1525],[79.9072,13.1578],[79.8845,13.1641],[79.886,13.167],[79.894,13.1663],[79.8951,13.1942],[79.9111,13.1852],[79.9152,13.1882],[79.9484,13.1924],[79.9497,13.2085],[79.9558,13.2114],[79.9507,13.2215],[79.9599,13.2315],[79.9701,13.2345],[79.9713,13.2629],[79.984,13.2677],[79.9847,13.2729],[79.9903,13.2761],[80.0065,13.2781]]]}},{"type":"Feature","bbox":[80.0081,13.0718,80.147,13.1689],"properties":{"kind":"ac","ac":6,"name":"Avadi","pc":"Thiruvallur","mla":"R. Ramesh Kumar","mla_party":"TVK","mp":"Sasikanth Senthil","mp_party":"INC"},"geometry":{"type":"Polygon","coordinates":[[[80.0734,13.1689],[80.0957,13.1585],[80.1206,13.1517],[80.1353,13.1564],[80.1379,13.1549],[80.1349,13.1501],[80.1446,13.1433],[80.147,13.1303],[80.1432,13.1246],[80.1403,13.1067],[80.1237,13.1097],[80.1245,13.096],[80.1204,13.0931],[80.1233,13.0725],[80.1068,13.0718],[80.0986,13.0783],[80.1075,13.0899],[80.0967,13.1041],[80.0812,13.113],[80.0698,13.1142],[80.0659,13.1106],[80.057,13.1139],[80.0448,13.0987],[80.0378,13.0953],[80.0365,13.1121],[80.0101,13.1121],[80.0081,13.1201],[80.0147,13.1216],[80.0121,13.1328],[80.036,13.1323],[80.0413,13.1345],[80.0395,13.1398],[80.0562,13.1373],[80.0574,13.1447],[80.0541,13.1503],[80.056,13.1531],[80.0651,13.1525],[80.0628,13.16],[80.0672,13.1686],[80.0734,13.1689]]]}},{"type":"Feature","bbox":[80.1204,13.0249,80.1884,13.1097],"properties":{"kind":"ac","ac":7,"name":"Maduravoyal","pc":"Sriperumbudur","mla":"P. Rhevanth Charan","mla_party":"TVK","mp":"T.R. Baalu","mp_party":"DMK"},"geometry":{"type":"Polygon","coordinates":[[[80.1403,13.1067],[80.1474,13.0873],[80.1603,13.0808],[80.1634,13.0837],[80.1719,13.0827],[80.177,13.0724],[80.1857,13.0734],[80.1816,13.0489],[80.1884,13.0267],[80.1832,13.0249],[80.1819,13.0276],[80.1647,13.0322],[80.1638,13.0281],[80.1591,13.0322],[80.1458,13.0316],[80.1442,13.0383],[80.1482,13.0387],[80.1388,13.0532],[80.1281,13.0521],[80.1293,13.0593],[80.1222,13.0615],[80.1234,13.0793],[80.1204,13.0931],[80.1245,13.096],[80.1237,13.1097],[80.1403,13.1067]]]}},{"type":"Feature","bbox":[80.1403,13.0724,80.2014,13.1425],"properties":{"kind":"ac","ac":8,"name":"Ambattur","pc":"Sriperumbudur","mla":"G. Balamurugan","mla_party":"TVK","mp":"T.R. Baalu","mp_party":"DMK"},"geometry":{"type":"Polygon","coordinates":[[[80.1454,13.1406],[80.1594,13.1425],[80.1654,13.1361],[80.1691,13.1416],[80.1826,13.1362],[80.1876,13.1391],[80.1946,13.129],[80.201,13.1293],[80.2014,13.1196],[80.192,13.1056],[80.1953,13.0897],[80.1857,13.0734],[80.177,13.0724],[80.1724,13.0826],[80.1634,13.0837],[80.16,13.0809],[80.147,13.0877],[80.1403,13.1067],[80.1432,13.1246],[80.147,13.13],[80.1454,13.1406]]]}},{"type":"Feature","bbox":[80.0282,13.1271,80.3029,13.2707],"properties":{"kind":"ac","ac":9,"name":"Madavaram","pc":"Thiruvallur","mla":"M. L. Vijayprabhu","mla_party":"TVK","mp":"Sasikanth Senthil","mp_party":"INC"},"geometry":{"type":"Polygon","coordinates":[[[80.1771,13.2691],[80.1963,13.2707],[80.1959,13.258],[80.2005,13.2477],[80.2134,13.2472],[80.2131,13.2378],[80.2093,13.2326],[80.2128,13.2296],[80.2385,13.2292],[80.2308,13.2167],[80.2353,13.2163],[80.2347,13.2071],[80.2394,13.1995],[80.2496,13.1994],[80.2491,13.2063],[80.254,13.2062],[80.2834,13.2041],[80.3029,13.1982],[80.2929,13.1804],[80.2737,13.1829],[80.2677,13.1882],[80.2687,13.1917],[80.2489,13.1891],[80.2483,13.1831],[80.2523,13.1805],[80.2505,13.1665],[80.2551,13.1646],[80.2561,13.1594],[80.255,13.15],[80.241,13.1426],[80.2419,13.1286],[80.2232,13.1276],[80.2232,13.1307],[80.2015,13.1271],[80.1946,13.129],[80.1876,13.1391],[80.1826,13.1362],[80.1691,13.1416],[80.1654,13.1361],[80.1594,13.1425],[80.146,13.1404],[80.1349,13.1501],[80.1379,13.1549],[80.1353,13.1564],[80.12,13.1519],[80.0957,13.1585],[80.0701,13.1701],[80.0626,13.1597],[80.0651,13.1525],[80.056,13.1531],[80.054,13.1502],[80.0574,13.1447],[80.0562,13.1373],[80.0395,13.1398],[80.0384,13.1614],[80.0282,13.1808],[80.0318,13.1927],[80.0624,13.2098],[80.0699,13.2106],[80.075,13.2072],[80.0854,13.2128],[80.1079,13.2049],[80.1073,13.2114],[80.1163,13.227],[80.1208,13.2497],[80.1323,13.2533],[80.1347,13.2613],[80.1706,13.2599],[80.1771,13.2691]]]}},{"type":"Feature","bbox":[80.2483,13.1393,80.3337,13.2343],"properties":{"kind":"ac","ac":10,"name":"Thiruvottiyur","pc":"Chennai North","mla":"N. Senthil Kumar","mla_party":"TVK","mp":"Kalanidhi Veeraswamy","mp_party":"DMK"},"geometry":{"type":"Polygon","coordinates":[[[80.3142,13.2263],[80.3337,13.2343],[80.3201,13.1886],[80.3036,13.145],[80.301,13.143],[80.2863,13.146],[80.2742,13.1393],[80.2652,13.1409],[80.2682,13.1483],[80.255,13.15],[80.2561,13.1599],[80.2551,13.1646],[80.2505,13.1665],[80.2523,13.1805],[80.2483,13.1831],[80.2488,13.1889],[80.2687,13.1917],[80.2677,13.1882],[80.2737,13.1829],[80.2934,13.1806],[80.3064,13.2024],[80.3142,13.2263]]]}},{"type":"Feature","bbox":[80.2681,13.1094,80.3063,13.146],"properties":{"kind":"ac","ac":11,"name":"Dr. Radhakrishnan Nagar","pc":"Chennai North","mla":"N. Marie Wilson","mla_party":"TVK","mp":"Kalanidhi Veeraswamy","mp_party":"DMK"},"geometry":{"type":"Polygon","coordinates":[[[80.301,13.143],[80.2979,13.135],[80.3063,13.1303],[80.3008,13.1212],[80.2947,13.1174],[80.2859,13.1218],[80.2819,13.1145],[80.2744,13.1138],[80.2732,13.1094],[80.2697,13.1094],[80.2719,13.1235],[80.2681,13.1266],[80.2734,13.1393],[80.2863,13.146],[80.301,13.143]]]}},{"type":"Feature","bbox":[80.241,13.1075,80.2734,13.15],"properties":{"kind":"ac","ac":12,"name":"Perambur","pc":"Chennai North","mla":"C. Joseph Vijay","mla_party":"TVK","mp":"Kalanidhi Veeraswamy","mp_party":"DMK"},"geometry":{"type":"Polygon","coordinates":[[[80.2734,13.1393],[80.2681,13.1266],[80.2719,13.1235],[80.2697,13.1094],[80.2541,13.1075],[80.2493,13.112],[80.243,13.1127],[80.2456,13.1227],[80.2418,13.1272],[80.241,13.1426],[80.2514,13.1498],[80.2631,13.15],[80.2682,13.1483],[80.2652,13.1409],[80.2734,13.1393]]]}},{"type":"Feature","bbox":[80.2007,13.0963,80.2456,13.1292],"properties":{"kind":"ac","ac":13,"name":"Kolathur","pc":"Chennai North","mla":"V. S. Babu","mla_party":"TVK","mp":"Kalanidhi Veeraswamy","mp_party":"DMK"},"geometry":{"type":"Polygon","coordinates":[[[80.2419,13.1286],[80.2456,13.1227],[80.2414,13.0963],[80.2364,13.0975],[80.2366,13.1072],[80.2178,13.1123],[80.2036,13.1112],[80.2065,13.1189],[80.2007,13.1184],[80.2015,13.1271],[80.2087,13.1292],[80.2419,13.1286]]]}},{"type":"Feature","bbox":[80.1902,13.0778,80.2441,13.1185],"properties":{"kind":"ac","ac":14,"name":"Villivakkam","pc":"Chennai Central","mla":"Aadhav Arjuna","mla_party":"TVK","mp":"Dayanidhi Maran","mp_party":"DMK"},"geometry":{"type":"Polygon","coordinates":[[[80.2064,13.1185],[80.2036,13.1112],[80.2178,13.1123],[80.2366,13.1072],[80.2364,13.0975],[80.2414,13.0963],[80.2402,13.0867],[80.2441,13.0847],[80.2348,13.0851],[80.2086,13.101],[80.2066,13.0845],[80.1993,13.0778],[80.1902,13.0819],[80.1953,13.0897],[80.192,13.1056],[80.2007,13.1184],[80.2064,13.1185]]]}},{"type":"Feature","bbox":[80.2402,13.0847,80.273,13.1127],"properties":{"kind":"ac","ac":15,"name":"Thiru-Vi-Ka-Nagar","pc":"Chennai North","mla":"M. R. Pallavi","mla_party":"TVK","mp":"Kalanidhi Veeraswamy","mp_party":"DMK"},"geometry":{"type":"Polygon","coordinates":[[[80.2527,13.1093],[80.2697,13.1094],[80.273,13.0963],[80.2592,13.0986],[80.2621,13.0929],[80.2484,13.0897],[80.2441,13.0847],[80.2402,13.0867],[80.243,13.1127],[80.2527,13.1093]]]}},{"type":"Feature","bbox":[80.2285,13.0604,80.2745,13.0986],"properties":{"kind":"ac","ac":16,"name":"Egmore","pc":"Chennai Central","mla":"A. Rajmohan","mla_party":"TVK","mp":"Dayanidhi Maran","mp_party":"DMK"},"geometry":{"type":"Polygon","coordinates":[[[80.273,13.0963],[80.2745,13.0798],[80.265,13.0789],[80.2675,13.0703],[80.2592,13.0604],[80.2479,13.0701],[80.2285,13.0662],[80.2297,13.0731],[80.2541,13.0771],[80.254,13.0844],[80.2441,13.0847],[80.2484,13.0897],[80.2621,13.0929],[80.2592,13.0986],[80.273,13.0963]]]}},{"type":"Feature","bbox":[80.2697,13.0994,80.3055,13.1218],"properties":{"kind":"ac","ac":17,"name":"Royapuram","pc":"Chennai North","mla":"K. V. Vijay Damu","mla_party":"TVK","mp":"Kalanidhi Veeraswamy","mp_party":"DMK"},"geometry":{"type":"Polygon","coordinates":[[[80.3008,13.1212],[80.3055,13.1105],[80.3044,13.106],[80.3017,13.1122],[80.2955,13.0994],[80.2789,13.1041],[80.2727,13.0997],[80.2697,13.1094],[80.2732,13.1094],[80.2744,13.1138],[80.2819,13.1145],[80.2859,13.1218],[80.2947,13.1174],[80.3008,13.1212]]]}},{"type":"Feature","bbox":[80.2682,13.0603,80.311,13.1088],"properties":{"kind":"ac","ac":18,"name":"Harbour","pc":"Chennai Central","mla":"P. K. Sekar Babu","mla_party":"DMK","mp":"Dayanidhi Maran","mp_party":"DMK"},"geometry":{"type":"Polygon","coordinates":[[[80.2929,13.1],[80.2982,13.1019],[80.3015,13.0993],[80.2969,13.0993],[80.2948,13.0931],[80.3006,13.0911],[80.3038,13.1026],[80.311,13.1088],[80.2863,13.0603],[80.2727,13.0663],[80.2746,13.0717],[80.2682,13.0793],[80.2745,13.0798],[80.2727,13.0997],[80.276,13.0996],[80.2755,13.1032],[80.2929,13.1]]]}},{"type":"Feature","bbox":[80.2578,13.0379,80.2864,13.0793],"properties":{"kind":"ac","ac":19,"name":"Chepauk-Thiruvallikeni","pc":"Chennai Central","mla":"Udhayanidhi Stalin","mla_party":"DMK","mp":"Dayanidhi Maran","mp_party":"DMK"},"geometry":{"type":"Polygon","coordinates":[[[80.2682,13.0793],[80.2746,13.0717],[80.2717,13.0674],[80.2864,13.0586],[80.283,13.0458],[80.2659,13.0471],[80.2674,13.0393],[80.2591,13.0379],[80.2641,13.0527],[80.2578,13.0554],[80.2652,13.0573],[80.2652,13.0632],[80.2621,13.0649],[80.2675,13.0703],[80.265,13.0789],[80.2682,13.0793]]]}},{"type":"Feature","bbox":[80.2159,13.026,80.2652,13.0689],"properties":{"kind":"ac","ac":20,"name":"Thousand Lights","pc":"Chennai Central","mla":"J. C. D. Prabhakar","mla_party":"TVK","mp":"Dayanidhi Maran","mp_party":"DMK"},"geometry":{"type":"Polygon","coordinates":[[[80.2513,13.0689],[80.2583,13.06],[80.2621,13.0649],[80.2652,13.0632],[80.2652,13.0573],[80.2578,13.0554],[80.2641,13.0527],[80.2573,13.0384],[80.2468,13.0389],[80.2461,13.0344],[80.2304,13.026],[80.2308,13.0358],[80.2398,13.0356],[80.2445,13.0432],[80.2306,13.0477],[80.231,13.0536],[80.2159,13.0513],[80.2189,13.0584],[80.2224,13.0585],[80.2219,13.0663],[80.2513,13.0689]]]}},{"type":"Feature","bbox":[80.1816,13.0266,80.2099,13.0819],"properties":{"kind":"ac","ac":22,"name":"Virugampakkam","pc":"Chennai South","mla":"R. Sabarinathan","mla_party":"TVK","mp":"Tamizhachi Thangapandian","mp_party":"DMK"},"geometry":{"type":"Polygon","coordinates":[[[80.1993,13.0778],[80.2009,13.0732],[80.2078,13.0721],[80.2039,13.0446],[80.2094,13.0383],[80.2077,13.0305],[80.2099,13.0271],[80.2001,13.0299],[80.1884,13.0266],[80.1816,13.0489],[80.1861,13.0651],[80.185,13.076],[80.1902,13.0819],[80.1993,13.0778]]]}},{"type":"Feature","bbox":[80.1992,12.9863,80.2502,13.0359],"properties":{"kind":"ac","ac":23,"name":"Saidapet","pc":"Chennai South","mla":"M. Arul Prakasam","mla_party":"TVK","mp":"Tamizhachi Thangapandian","mp_party":"DMK"},"geometry":{"type":"Polygon","coordinates":[[[80.2092,13.0353],[80.2272,13.0359],[80.226,13.0312],[80.2309,13.0314],[80.2304,13.026],[80.24,13.0311],[80.2496,13.0189],[80.2502,12.9935],[80.242,12.9952],[80.2333,12.9863],[80.218,12.9876],[80.2161,12.993],[80.2069,12.9962],[80.2134,13.0066],[80.1992,13.0168],[80.1997,13.0224],[80.2099,13.0271],[80.2092,13.0353]]]}},{"type":"Feature","bbox":[80.2039,13.0312,80.2445,13.059],"properties":{"kind":"ac","ac":24,"name":"Thiyagarayanagar","pc":"Chennai South","mla":"Bussy N. Anand","mla_party":"TVK","mp":"Tamizhachi Thangapandian","mp_party":"DMK"},"geometry":{"type":"Polygon","coordinates":[[[80.2189,13.0584],[80.2159,13.0513],[80.231,13.0536],[80.2306,13.0477],[80.2403,13.046],[80.2445,13.0432],[80.2439,13.04],[80.2405,13.0405],[80.2379,13.0348],[80.2308,13.0358],[80.2309,13.0314],[80.226,13.0312],[80.2272,13.0359],[80.2092,13.0353],[80.2039,13.0446],[80.2051,13.0545],[80.2077,13.059],[80.2189,13.0584]]]}},{"type":"Feature","bbox":[80.24,13.0133,80.283,13.0471],"properties":{"kind":"ac","ac":25,"name":"Mylapore","pc":"Chennai South","mla":"P. Venkataramanan","mla_party":"TVK","mp":"Tamizhachi Thangapandian","mp_party":"DMK"},"geometry":{"type":"Polygon","coordinates":[[[80.283,13.0458],[80.2776,13.0133],[80.2539,13.0148],[80.24,13.0311],[80.2461,13.0344],[80.2468,13.0389],[80.2674,13.0393],[80.2659,13.0471],[80.283,13.0458]]]}},{"type":"Feature","bbox":[80.2036,12.9657,80.2776,13.0189],"properties":{"kind":"ac","ac":26,"name":"Velachery","pc":"Chennai South","mla":"R. Kumar","mla_party":"TVK","mp":"Tamizhachi Thangapandian","mp_party":"DMK"},"geometry":{"type":"Polygon","coordinates":[[[80.2555,13.0143],[80.2776,13.0133],[80.2669,12.9753],[80.2528,12.977],[80.2529,12.9804],[80.2433,12.9839],[80.2435,12.9801],[80.2211,12.9657],[80.216,12.9675],[80.2036,12.9835],[80.2069,12.9962],[80.2161,12.993],[80.218,12.9876],[80.2342,12.9864],[80.2365,12.9923],[80.2405,12.992],[80.242,12.9952],[80.2502,12.9935],[80.2496,13.0189],[80.2555,13.0143]]]}},{"type":"Feature","bbox":[80.1633,12.8517,80.2669,12.9839],"properties":{"kind":"ac","ac":27,"name":"Sholinganallur","pc":"Chennai South","mla":"P. Saravanan","mla_party":"TVK","mp":"Tamizhachi Thangapandian","mp_party":"DMK"},"geometry":{"type":"Polygon","coordinates":[[[80.2089,12.9787],[80.216,12.9675],[80.2211,12.9657],[80.2435,12.9801],[80.2433,12.9839],[80.2529,12.9804],[80.2528,12.977],[80.2669,12.9753],[80.2495,12.8573],[80.2402,12.8582],[80.2217,12.8525],[80.2167,12.8552],[80.2066,12.877],[80.1982,12.8669],[80.1959,12.8517],[80.1784,12.8657],[80.1733,12.8762],[80.1742,12.8953],[80.1681,12.9002],[80.1633,12.9101],[80.1647,12.9139],[80.17,12.9151],[80.1704,12.9219],[80.1637,12.9408],[80.1717,12.9463],[80.1828,12.9461],[80.1838,12.949],[80.1914,12.9512],[80.1915,12.9559],[80.186,12.9612],[80.1934,12.9681],[80.1962,12.9757],[80.2089,12.9787]]]}},{"type":"Feature","bbox":[80.1034,12.9589,80.2134,13.0532],"properties":{"kind":"ac","ac":28,"name":"Alandur","pc":"Sriperumbudur","mla":"M. Harish","mla_party":"TVK","mp":"T.R. Baalu","mp_party":"DMK"},"geometry":{"type":"Polygon","coordinates":[[[80.1832,13.0249],[80.2001,13.0299],[80.2099,13.0271],[80.1997,13.0224],[80.1992,13.0168],[80.2134,13.0066],[80.2032,12.9879],[80.2036,12.9835],[80.2089,12.9787],[80.1962,12.9757],[80.1933,12.968],[80.1827,12.9589],[80.1809,12.9668],[80.1676,12.9672],[80.1615,12.9721],[80.152,12.9706],[80.1477,12.9668],[80.1445,12.9715],[80.1486,12.9931],[80.1254,12.9862],[80.1105,13.0049],[80.1112,13.0105],[80.1034,13.0129],[80.1129,13.0187],[80.1128,13.024],[80.1187,13.0235],[80.1192,13.0285],[80.1248,13.0283],[80.1294,13.0339],[80.1266,13.0372],[80.1299,13.0406],[80.1294,13.0522],[80.1388,13.0532],[80.1482,13.0387],[80.1442,13.0383],[80.1458,13.0316],[80.1591,13.0322],[80.1638,13.0281],[80.1647,13.0322],[80.1819,13.0276],[80.1832,13.0249]]]}},{"type":"Feature","bbox":[79.7419,12.7858,80.1254,13.0562],"properties":{"kind":"ac","ac":29,"name":"Sriperumbudur","pc":"Sriperumbudur","mla":"Thennarasu. K.","mla_party":"TVK","mp":"T.R. Baalu","mp_party":"DMK"},"geometry":{"type":"Polygon","coordinates":[[[79.9916,13.0534],[79.9788,13.0492],[79.9782,13.0401],[79.9742,13.0389],[79.9802,13.0325],[79.9884,13.0314],[79.9941,13.0501],[80.0018,13.0448],[80.0212,13.0449],[80.0232,13.037],[80.045,13.0407],[80.0413,13.0322],[80.0492,13.027],[80.0576,13.0301],[80.0607,13.0386],[80.0699,13.04],[80.0788,13.0191],[80.0825,13.0238],[80.0815,13.0453],[80.0955,13.0453],[80.1029,13.0383],[80.0993,13.0346],[80.1088,13.0238],[80.1128,13.024],[80.1129,13.0187],[80.1036,13.0124],[80.1112,13.0105],[80.1105,13.0049],[80.1254,12.9862],[80.1176,12.9721],[80.104,12.9576],[80.1004,12.9469],[80.092,12.9438],[80.0873,12.9294],[80.0715,12.9144],[80.0553,12.889],[80.0592,12.8627],[80.0488,12.841],[80.0302,12.8243],[80.0104,12.8144],[80.0098,12.8081],[79.9909,12.8089],[79.9627,12.8162],[79.9577,12.8251],[79.9594,12.8101],[79.9647,12.8087],[79.9606,12.7959],[79.9579,12.7916],[79.9415,12.7918],[79.9383,12.7858],[79.9276,12.799],[79.9234,12.7957],[79.9088,12.7987],[79.9043,12.8048],[79.9018,12.822],[79.9069,12.8257],[79.9039,12.8271],[79.9102,12.8357],[79.9049,12.8453],[79.909,12.8671],[79.8688,12.8814],[79.8581,12.8785],[79.8428,12.8899],[79.8311,12.8915],[79.8321,12.8951],[79.8279,12.8952],[79.8259,12.8992],[79.8115,12.8995],[79.8104,12.9083],[79.8065,12.9101],[79.8096,12.9157],[79.7965,12.9231],[79.7861,12.9223],[79.7854,12.9167],[79.7766,12.9178],[79.7781,12.9371],[79.7828,12.939],[79.7885,12.9505],[79.7861,12.9555],[79.7735,12.9508],[79.7633,12.9542],[79.7637,12.9819],[79.77,12.9835],[79.7684,12.989],[79.7521,12.9948],[79.7419,12.9935],[79.7486,13.0037],[79.7677,13.0168],[79.7966,13.0277],[79.801,13.015],[79.8106,13.0182],[79.8181,13.0045],[79.8181,12.9915],[79.8121,12.9892],[79.8139,12.9867],[79.8203,12.9878],[79.8179,12.984],[79.8207,12.9792],[79.8211,12.9618],[79.8324,12.9637],[79.8344,12.9625],[79.8313,12.9575],[79.8482,12.9564],[79.852,12.9476],[79.8807,12.9483],[79.8896,12.9446],[79.8947,12.9481],[79.8958,12.9584],[79.9014,12.9656],[79.9094,12.9656],[79.9137,12.9782],[79.8893,12.9937],[79.8989,12.9952],[79.9084,13.0042],[79.9244,12.9905],[79.9299,12.9899],[79.9424,13.0014],[79.9418,13.0086],[79.9309,13.014],[79.92,13.0143],[79.92,13.0195],[79.9113,13.0177],[79.911,13.0147],[79.9004,13.017],[79.9004,13.0299],[79.8971,13.0318],[79.9006,13.0495],[79.9119,13.0463],[79.9177,13.0477],[79.9182,13.035],[79.9489,13.0327],[79.9556,13.0378],[79.9688,13.0375],[79.9714,13.0501],[79.9837,13.052],[79.9865,13.0562],[79.9916,13.0534]]]}},{"type":"Feature","bbox":[80.1018,12.9345,80.192,12.9931],"properties":{"kind":"ac","ac":30,"name":"Pallavaram","pc":"Sriperumbudur","mla":"J. Kamatchi","mla_party":"TVK","mp":"T.R. Baalu","mp_party":"DMK"},"geometry":{"type":"Polygon","coordinates":[[[80.1479,12.9667],[80.1602,12.9723],[80.1676,12.9672],[80.1809,12.9668],[80.1819,12.9591],[80.1884,12.9635],[80.1857,12.9597],[80.1914,12.9561],[80.192,12.9519],[80.1828,12.9461],[80.1715,12.9462],[80.1628,12.9373],[80.1511,12.9345],[80.1269,12.9487],[80.1172,12.945],[80.1018,12.951],[80.1229,12.9837],[80.1299,12.9894],[80.1486,12.9931],[80.1445,12.9715],[80.1479,12.9667]]]}},{"type":"Feature","bbox":[80.0626,12.8599,80.1784,12.951],"properties":{"kind":"ac","ac":31,"name":"Tambaram","pc":"Sriperumbudur","mla":"D. Sarathkumar","mla_party":"TVK","mp":"T.R. Baalu","mp_party":"DMK"},"geometry":{"type":"Polygon","coordinates":[[[80.1018,12.951],[80.1174,12.945],[80.1267,12.9488],[80.1469,12.935],[80.1632,12.9376],[80.1671,12.9352],[80.1702,12.9157],[80.1647,12.9139],[80.1633,12.9101],[80.1681,12.9002],[80.1742,12.8956],[80.1721,12.8835],[80.1784,12.8657],[80.1708,12.8599],[80.1679,12.8695],[80.1626,12.8709],[80.1653,12.8749],[80.1614,12.8763],[80.1295,12.861],[80.1231,12.8637],[80.1229,12.8712],[80.1355,12.8827],[80.1353,12.8902],[80.1224,12.8898],[80.1124,12.9034],[80.1067,12.9031],[80.0963,12.8912],[80.0626,12.8994],[80.0715,12.9144],[80.0873,12.9294],[80.092,12.9438],[80.1004,12.9469],[80.1018,12.951]]]}},{"type":"Feature","bbox":[79.8747,12.6274,80.1708,12.9031],"properties":{"kind":"ac","ac":32,"name":"Chengalpattu","pc":"Kancheepuram","mla":"S. Thiyagarajan","mla_party":"TVK","mp":"G. Selvam","mp_party":"DMK"},"geometry":{"type":"Polygon","coordinates":[[[80.1136,12.9017],[80.1224,12.8898],[80.1353,12.8902],[80.1355,12.8827],[80.1229,12.8712],[80.1231,12.8637],[80.1295,12.861],[80.1614,12.8763],[80.1653,12.8749],[80.1626,12.8709],[80.1679,12.8695],[80.1708,12.8603],[80.1679,12.8547],[80.1561,12.8521],[80.1423,12.8553],[80.1338,12.8329],[80.1465,12.8249],[80.1482,12.8121],[80.146,12.8107],[80.1347,12.8178],[80.1368,12.8036],[80.1307,12.7986],[80.137,12.7929],[80.1292,12.7829],[80.1078,12.7895],[80.1046,12.7816],[80.0959,12.7844],[80.0887,12.7793],[80.088,12.7705],[80.0771,12.7544],[80.0697,12.7547],[80.0629,12.7485],[80.0583,12.7506],[80.0491,12.7374],[80.0318,12.7403],[80.0364,12.7361],[80.0324,12.7317],[80.0302,12.7194],[80.0373,12.7179],[80.052,12.7064],[80.047,12.7039],[80.0407,12.7065],[80.0397,12.7001],[80.0423,12.6974],[80.0377,12.6961],[80.0372,12.6913],[80.0418,12.688],[80.0425,12.6787],[80.0456,12.6769],[80.0372,12.6702],[80.0442,12.6631],[80.0419,12.6599],[80.0339,12.6581],[80.0321,12.6629],[80.0241,12.6654],[80.0238,12.6739],[80.0058,12.6768],[79.9992,12.6632],[79.9888,12.6654],[79.9757,12.6582],[79.9716,12.651],[79.9726,12.6448],[79.9676,12.6292],[79.9615,12.6274],[79.9459,12.6319],[79.9472,12.6427],[79.9536,12.6441],[79.9539,12.6501],[79.9482,12.6581],[79.9527,12.6623],[79.9564,12.6785],[79.9582,12.6989],[79.9526,12.6991],[79.9535,12.709],[79.9194,12.7549],[79.9043,12.755],[79.8871,12.7653],[79.8877,12.7708],[79.8839,12.7765],[79.8769,12.7775],[79.8747,12.7807],[79.8984,12.7836],[79.9033,12.7867],[79.9088,12.7987],[79.9234,12.7957],[79.9276,12.799],[79.9383,12.7858],[79.9415,12.7918],[79.9579,12.7916],[79.9647,12.8087],[79.9594,12.8101],[79.9577,12.8251],[79.9627,12.8162],[79.9909,12.8089],[80.0098,12.8081],[80.0104,12.8144],[80.0302,12.8243],[80.0488,12.841],[80.056,12.853],[80.0592,12.8627],[80.0553,12.889],[80.0626,12.8994],[80.0963,12.8912],[80.1067,12.9031],[80.1136,12.9017]]]}},{"type":"Feature","bbox":[79.9442,12.5259,80.2555,12.877],"properties":{"kind":"ac","ac":33,"name":"Thiruporur","pc":"Kancheepuram","mla":"B. Vijayaraj","mla_party":"TVK","mp":"G. Selvam","mp_party":"DMK"},"geometry":{"type":"Polygon","coordinates":[[[80.1784,12.8657],[80.1959,12.8517],[80.1982,12.8669],[80.2066,12.877],[80.2167,12.8552],[80.2217,12.8525],[80.2402,12.8582],[80.2495,12.8573],[80.2478,12.8103],[80.2501,12.7946],[80.2555,12.7849],[80.2009,12.6321],[80.1986,12.6211],[80.2007,12.6172],[80.1918,12.6014],[80.1854,12.5744],[80.1652,12.5259],[80.1541,12.5297],[80.1523,12.5452],[80.1417,12.5538],[80.1404,12.5588],[80.135,12.559],[80.1352,12.5454],[80.1312,12.5474],[80.1261,12.5407],[80.1192,12.5489],[80.1003,12.5419],[80.0812,12.5567],[80.0812,12.5634],[80.0764,12.567],[80.0719,12.5635],[80.0566,12.5616],[80.0635,12.5521],[80.0598,12.5424],[80.0477,12.5462],[80.0451,12.5544],[80.0381,12.5611],[80.028,12.5646],[80.0261,12.5503],[80.0195,12.5546],[80.0096,12.553],[80.0065,12.5562],[80.0076,12.5629],[79.9952,12.5719],[79.9813,12.5694],[79.9744,12.5721],[79.9727,12.5774],[79.9646,12.5768],[79.9617,12.5883],[79.9442,12.6143],[79.9487,12.6135],[79.9459,12.6319],[79.9615,12.6274],[79.9676,12.6292],[79.9726,12.6448],[79.9716,12.651],[79.9757,12.6582],[79.9888,12.6654],[79.9992,12.6632],[80.0058,12.6768],[80.0238,12.6739],[80.0241,12.6654],[80.0321,12.6629],[80.0339,12.6581],[80.0428,12.6607],[80.0442,12.6631],[80.0372,12.6702],[80.0456,12.6769],[80.0425,12.6787],[80.0418,12.688],[80.0372,12.6913],[80.0377,12.6961],[80.0423,12.6974],[80.0397,12.7001],[80.0407,12.7065],[80.047,12.7039],[80.052,12.7064],[80.0373,12.7179],[80.0302,12.7194],[80.0324,12.7317],[80.0364,12.7361],[80.0318,12.7403],[80.0491,12.7374],[80.0583,12.7506],[80.0629,12.7485],[80.0697,12.7547],[80.0771,12.7544],[80.088,12.7705],[80.0887,12.7793],[80.0961,12.7845],[80.1046,12.7816],[80.1078,12.7895],[80.1292,12.7829],[80.1371,12.7931],[80.1307,12.7986],[80.1368,12.8036],[80.1347,12.8178],[80.146,12.8107],[80.1481,12.812],[80.1465,12.8249],[80.1338,12.8329],[80.1423,12.8553],[80.1539,12.8519],[80.1662,12.854],[80.1784,12.8657]]]}},{"type":"Feature","bbox":[79.7839,12.2277,80.1652,12.5774],"properties":{"kind":"ac","ac":34,"name":"Cheyyur","pc":"Kancheepuram","mla":"E. Rajasekar","mla_party":"AIADMK","mp":"G. Selvam","mp_party":"DMK"},"geometry":{"type":"MultiPolygon","coordinates":[[[[79.9822,12.5693],[79.9949,12.572],[80.0076,12.5629],[80.0084,12.5535],[80.0172,12.5523],[80.0195,12.5546],[80.0261,12.5503],[80.028,12.5646],[80.0318,12.5633],[80.0451,12.5544],[80.0477,12.5462],[80.0598,12.5424],[80.0635,12.5521],[80.0566,12.5616],[80.0719,12.5635],[80.0764,12.567],[80.0812,12.5634],[80.0812,12.5567],[80.1003,12.5419],[80.1192,12.5489],[80.1261,12.5407],[80.1312,12.5474],[80.1352,12.5454],[80.135,12.559],[80.1407,12.5586],[80.1417,12.5538],[80.1523,12.5452],[80.1541,12.5297],[80.1652,12.5259],[80.1539,12.4483],[80.1377,12.4106],[80.117,12.3851],[80.0568,12.3262],[80.0043,12.2478],[79.9869,12.2498],[79.985,12.2424],[79.9774,12.2354],[79.9726,12.2323],[79.9697,12.2361],[79.9601,12.2333],[79.956,12.2277],[79.9445,12.2409],[79.9253,12.2475],[79.9244,12.2307],[79.9141,12.2351],[79.9079,12.23],[79.9008,12.2289],[79.8727,12.2425],[79.8652,12.2502],[79.8655,12.2553],[79.8586,12.2658],[79.8408,12.2792],[79.8445,12.2801],[79.8413,12.2887],[79.8322,12.298],[79.8276,12.3121],[79.819,12.3116],[79.8087,12.3264],[79.8024,12.3272],[79.7977,12.3369],[79.7997,12.3489],[79.8062,12.3486],[79.8025,12.3545],[79.8049,12.3665],[79.7877,12.3743],[79.7909,12.3813],[79.7877,12.3841],[79.7839,12.3812],[79.7839,12.3863],[79.7949,12.3965],[79.7988,12.3964],[79.8087,12.3863],[79.8231,12.3896],[79.8277,12.388],[79.841,12.4076],[79.8445,12.4183],[79.8344,12.4238],[79.8302,12.417],[79.8221,12.4267],[79.8141,12.4273],[79.8155,12.435],[79.8192,12.4358],[79.8238,12.444],[79.8217,12.4469],[79.8293,12.4523],[79.8387,12.4478],[79.8466,12.4536],[79.8511,12.4532],[79.8584,12.4605],[79.8612,12.4493],[79.8758,12.447],[79.8931,12.4394],[79.8866,12.4322],[79.8956,12.4288],[79.8974,12.4247],[79.8867,12.4144],[79.8897,12.4071],[79.9004,12.4083],[79.9038,12.3868],[79.9024,12.3672],[79.91,12.3624],[79.9118,12.3658],[79.9223,12.3683],[79.9244,12.3558],[79.9447,12.3524],[79.9439,12.3395],[79.9571,12.3437],[79.9841,12.3341],[79.982,12.3421],[79.9887,12.3522],[79.9861,12.3615],[79.9906,12.3667],[79.9959,12.3895],[79.9945,12.4151],[79.9911,12.4161],[79.9957,12.4325],[79.9675,12.4558],[79.9807,12.4788],[79.9805,12.4935],[79.9931,12.5121],[79.9847,12.5237],[79.9848,12.5284],[80.0101,12.5264],[80.0036,12.5399],[79.9856,12.5464],[79.9723,12.5559],[79.9646,12.5768],[79.9727,12.5774],[79.9744,12.5721],[79.9822,12.5693]]],[[[79.9811,12.4314],[79.9798,12.4216],[79.9727,12.4174],[79.9695,12.4329],[79.9585,12.442],[79.9631,12.4536],[79.9735,12.4453],[79.9811,12.4314]]]]}},{"type":"Feature","bbox":[79.6423,12.3157,80.0101,12.7017],"properties":{"kind":"ac","ac":35,"name":"Madurantakam","pc":"Kancheepuram","mla_vacant":true,"mp":"G. Selvam","mp_party":"DMK"},"geometry":{"type":"Polygon","coordinates":[[[79.9439,12.7017],[79.9466,12.6988],[79.9582,12.6989],[79.9527,12.6623],[79.9482,12.6581],[79.9539,12.6501],[79.9536,12.6441],[79.9472,12.6427],[79.9454,12.6283],[79.9487,12.6135],[79.9442,12.6143],[79.9472,12.6064],[79.9557,12.5993],[79.9617,12.5883],[79.9723,12.5559],[79.9856,12.5464],[80.0036,12.5399],[80.0101,12.5264],[79.9848,12.5284],[79.9847,12.5237],[79.9931,12.5121],[79.9805,12.4935],[79.9807,12.4788],[79.9675,12.4558],[79.9957,12.4325],[79.9911,12.4161],[79.9945,12.4151],[79.9959,12.3895],[79.9906,12.3667],[79.9861,12.3615],[79.9887,12.3522],[79.982,12.3421],[79.9841,12.3341],[79.9571,12.3437],[79.9439,12.3395],[79.9447,12.3524],[79.9244,12.3558],[79.9223,12.3683],[79.9118,12.3658],[79.91,12.3624],[79.9024,12.3672],[79.9038,12.3868],[79.9004,12.4083],[79.8897,12.4071],[79.8867,12.4144],[79.8974,12.4247],[79.8956,12.4288],[79.8866,12.4322],[79.8931,12.4394],[79.8758,12.447],[79.8612,12.4493],[79.8584,12.4605],[79.8511,12.4532],[79.8466,12.4536],[79.8387,12.4478],[79.8293,12.4523],[79.8217,12.4469],[79.8238,12.444],[79.8192,12.4358],[79.8155,12.435],[79.8141,12.4273],[79.8221,12.4267],[79.8302,12.417],[79.8344,12.4238],[79.8445,12.4183],[79.841,12.4076],[79.8277,12.388],[79.8231,12.3896],[79.8087,12.3863],[79.7988,12.3964],[79.7949,12.3965],[79.7839,12.3863],[79.7839,12.3812],[79.7877,12.3841],[79.7909,12.3813],[79.7877,12.3743],[79.8049,12.3665],[79.8025,12.3545],[79.8062,12.3486],[79.7997,12.3489],[79.7977,12.3369],[79.786,12.3357],[79.7783,12.3383],[79.7606,12.3293],[79.7595,12.3248],[79.7542,12.3265],[79.7508,12.3234],[79.7337,12.3313],[79.7263,12.331],[79.7183,12.3363],[79.7091,12.3372],[79.7011,12.3352],[79.6987,12.3248],[79.6873,12.323],[79.685,12.3157],[79.6565,12.3262],[79.6528,12.334],[79.6493,12.3345],[79.6463,12.3441],[79.6423,12.3449],[79.6443,12.359],[79.6639,12.3666],[79.6667,12.375],[79.66,12.3773],[79.6668,12.3882],[79.6804,12.3929],[79.6856,12.4],[79.6954,12.398],[79.6957,12.4094],[79.6866,12.4147],[79.6892,12.4183],[79.7053,12.4136],[79.7034,12.4301],[79.714,12.4276],[79.7157,12.4363],[79.7353,12.4283],[79.7384,12.4392],[79.7316,12.447],[79.7326,12.4529],[79.7494,12.4557],[79.7454,12.4633],[79.7442,12.4834],[79.7388,12.4837],[79.7347,12.4926],[79.7234,12.4937],[79.723,12.4978],[79.7237,12.501],[79.7272,12.501],[79.7382,12.496],[79.7403,12.5018],[79.7492,12.5036],[79.7489,12.5079],[79.7571,12.5138],[79.7533,12.5201],[79.7557,12.5247],[79.7486,12.5248],[79.7435,12.5324],[79.7558,12.5438],[79.752,12.551],[79.7533,12.5564],[79.7576,12.5608],[79.7637,12.5597],[79.7627,12.555],[79.775,12.5503],[79.7771,12.5573],[79.7818,12.5562],[79.7828,12.5599],[79.7946,12.5608],[79.7979,12.5686],[79.8182,12.5661],[79.8204,12.5703],[79.8251,12.5692],[79.8216,12.5827],[79.8128,12.5896],[79.8179,12.6016],[79.806,12.629],[79.8239,12.6248],[79.8263,12.6202],[79.8329,12.6237],[79.8449,12.6242],[79.8463,12.6308],[79.8671,12.6262],[79.8731,12.6265],[79.8744,12.6327],[79.8785,12.6302],[79.8808,12.633],[79.8895,12.6311],[79.8984,12.6407],[79.9137,12.64],[79.9218,12.6344],[79.9268,12.6365],[79.9292,12.6417],[79.9199,12.6831],[79.9166,12.6866],[79.9184,12.6959],[79.9309,12.6975],[79.9334,12.7017],[79.9439,12.7017]],[[79.965,12.4536],[79.9585,12.442],[79.9693,12.4333],[79.9736,12.4173],[79.9798,12.4216],[79.9821,12.4336],[79.965,12.4536]]]}},{"type":"Feature","bbox":[79.6302,12.5324,79.9535,12.8516],"properties":{"kind":"ac","ac":36,"name":"Uthiramerur","pc":"Kancheepuram","mla":"J. Munirathinam","mla_party":"TVK","mp":"G. Selvam","mp_party":"DMK"},"geometry":{"type":"Polygon","coordinates":[[[79.7876,12.8377],[79.8096,12.8364],[79.8157,12.8316],[79.8306,12.8315],[79.8335,12.8363],[79.828,12.8366],[79.8262,12.8421],[79.8373,12.8423],[79.8401,12.8396],[79.8408,12.8425],[79.8502,12.8437],[79.859,12.8361],[79.8634,12.836],[79.8638,12.8404],[79.872,12.8397],[79.8813,12.8448],[79.8914,12.8403],[79.9017,12.8514],[79.9061,12.8516],[79.9049,12.8453],[79.9102,12.8357],[79.9039,12.8271],[79.9069,12.8257],[79.9018,12.822],[79.9043,12.8048],[79.9088,12.7987],[79.9076,12.7943],[79.8984,12.7836],[79.8747,12.7807],[79.8769,12.7775],[79.8839,12.7765],[79.8877,12.7708],[79.8871,12.7653],[79.9043,12.755],[79.9194,12.7549],[79.9535,12.709],[79.9526,12.6991],[79.9334,12.7017],[79.9309,12.6975],[79.9184,12.6959],[79.9166,12.6866],[79.9199,12.6831],[79.9292,12.6417],[79.9268,12.6365],[79.9218,12.6344],[79.9137,12.64],[79.8984,12.6407],[79.8895,12.6311],[79.8808,12.633],[79.8785,12.6302],[79.8744,12.6327],[79.8731,12.6265],[79.8671,12.6262],[79.8463,12.6308],[79.8449,12.6242],[79.8329,12.6237],[79.8263,12.6202],[79.8239,12.6248],[79.806,12.629],[79.8179,12.6016],[79.8128,12.5896],[79.8216,12.5827],[79.8251,12.5692],[79.8204,12.5703],[79.8182,12.5661],[79.7979,12.5686],[79.7946,12.5608],[79.7828,12.5599],[79.7818,12.5562],[79.7771,12.5573],[79.775,12.5503],[79.7627,12.555],[79.7637,12.5597],[79.7576,12.5608],[79.752,12.551],[79.7558,12.5438],[79.7435,12.5324],[79.715,12.5495],[79.7198,12.5645],[79.7063,12.5695],[79.7082,12.5761],[79.7164,12.5815],[79.7251,12.5786],[79.7252,12.5879],[79.7014,12.5957],[79.6979,12.594],[79.6888,12.6021],[79.6731,12.5929],[79.6666,12.5932],[79.659,12.6008],[79.6566,12.5991],[79.6535,12.6032],[79.6458,12.603],[79.643,12.613],[79.6463,12.6251],[79.6367,12.6267],[79.6302,12.6327],[79.6381,12.6555],[79.6433,12.6577],[79.6463,12.6698],[79.6587,12.6705],[79.673,12.6659],[79.6824,12.6677],[79.7422,12.6933],[79.7441,12.7019],[79.7345,12.7017],[79.7373,12.7042],[79.7367,12.718],[79.7269,12.7233],[79.7154,12.7244],[79.7138,12.7282],[79.7414,12.7336],[79.7447,12.7439],[79.7346,12.7499],[79.7318,12.7559],[79.709,12.7583],[79.7086,12.777],[79.7042,12.7805],[79.7032,12.7769],[79.6967,12.777],[79.6899,12.7841],[79.6733,12.7913],[79.6699,12.7869],[79.6693,12.7778],[79.6574,12.7766],[79.6582,12.7675],[79.6535,12.7646],[79.6466,12.7728],[79.6497,12.7826],[79.6352,12.7862],[79.6357,12.7888],[79.6404,12.7936],[79.6425,12.8022],[79.6401,12.81],[79.6753,12.799],[79.698,12.7996],[79.7053,12.8205],[79.7213,12.8152],[79.7204,12.8119],[79.7243,12.8093],[79.7437,12.8101],[79.7521,12.816],[79.7585,12.8149],[79.7556,12.8184],[79.7656,12.8273],[79.7804,12.8272],[79.7795,12.8353],[79.7836,12.8344],[79.7876,12.8377]]]}},{"type":"Feature","bbox":[79.5569,12.7989,79.909,12.9935],"properties":{"kind":"ac","ac":37,"name":"Kancheepuram","pc":"Kancheepuram","mla":"R. V. Ranjithkumar","mla_party":"TVK","mp":"G. Selvam","mp_party":"DMK"},"geometry":{"type":"Polygon","coordinates":[[[79.7633,12.9542],[79.7735,12.9508],[79.7861,12.9555],[79.7885,12.9505],[79.7828,12.939],[79.7781,12.9371],[79.7766,12.9178],[79.7854,12.9167],[79.7861,12.9223],[79.7965,12.9231],[79.8096,12.9157],[79.8065,12.9101],[79.8104,12.9083],[79.8115,12.8995],[79.8259,12.8992],[79.8279,12.8952],[79.8321,12.8951],[79.8311,12.8915],[79.8428,12.8899],[79.8581,12.8785],[79.8688,12.8814],[79.909,12.8671],[79.9061,12.8516],[79.9017,12.8514],[79.8914,12.8403],[79.8813,12.8448],[79.872,12.8397],[79.8638,12.8404],[79.8634,12.836],[79.859,12.8361],[79.8502,12.8437],[79.8408,12.8425],[79.8401,12.8396],[79.8373,12.8423],[79.8262,12.8421],[79.828,12.8366],[79.8335,12.8363],[79.8306,12.8315],[79.8157,12.8316],[79.8096,12.8364],[79.7867,12.8375],[79.7791,12.8349],[79.7804,12.8272],[79.7656,12.8273],[79.7556,12.8184],[79.7585,12.8149],[79.7521,12.816],[79.7437,12.8101],[79.7243,12.8093],[79.7204,12.8119],[79.7213,12.8152],[79.7057,12.8206],[79.6983,12.7997],[79.6772,12.7989],[79.6401,12.81],[79.6321,12.8216],[79.6078,12.8286],[79.5951,12.8287],[79.5795,12.8427],[79.5569,12.8517],[79.566,12.8587],[79.563,12.8696],[79.5585,12.8725],[79.558,12.884],[79.5648,12.8871],[79.5703,12.8967],[79.5683,12.8991],[79.6039,12.9075],[79.6368,12.9245],[79.6394,12.9228],[79.662,12.9304],[79.6589,12.9497],[79.6734,12.9559],[79.7005,12.9749],[79.7207,12.9804],[79.7419,12.9935],[79.7604,12.9931],[79.7684,12.989],[79.77,12.9835],[79.7637,12.9819],[79.7633,12.9542]]]}},{"type":"Feature","bbox":[79.5479,12.9493,79.7917,13.2102],"properties":{"kind":"ac","ac":38,"name":"Arakkonam","pc":"Arakkonam","mla":"V. Gandhiraj","mla_party":"TVK","mp":"S. Jagathrakshakan","mp_party":"DMK"},"geometry":{"type":"Polygon","coordinates":[[[79.6564,13.2051],[79.655,13.2102],[79.6623,13.2099],[79.6622,13.2068],[79.6715,13.2031],[79.6705,13.1834],[79.6924,13.1915],[79.7009,13.1916],[79.7001,13.1813],[79.6925,13.1759],[79.6954,13.1589],[79.7012,13.1586],[79.7069,13.1634],[79.7368,13.1675],[79.7393,13.1436],[79.736,13.1187],[79.7309,13.1152],[79.7244,13.1167],[79.7191,13.1051],[79.702,13.1106],[79.705,13.1009],[79.7019,13.1041],[79.7013,13.0996],[79.7087,13.0972],[79.7228,13.0999],[79.7356,13.0957],[79.7358,13.0871],[79.7418,13.0763],[79.7384,13.0653],[79.7259,13.0678],[79.7245,13.0595],[79.7189,13.0582],[79.7188,13.0538],[79.7303,13.0542],[79.7375,13.0612],[79.7451,13.0567],[79.7481,13.0501],[79.7619,13.0517],[79.7694,13.0607],[79.7757,13.0629],[79.7789,13.0608],[79.7788,13.0538],[79.7895,13.0555],[79.7917,13.0465],[79.7862,13.04],[79.7895,13.025],[79.7873,13.0228],[79.7782,13.0218],[79.7516,13.0061],[79.7356,12.9874],[79.7005,12.9749],[79.6971,12.9703],[79.6589,12.9493],[79.6487,12.9494],[79.6496,12.9575],[79.6363,12.9594],[79.6316,12.9701],[79.625,12.9715],[79.6223,12.9776],[79.6185,12.9787],[79.6211,12.9835],[79.6112,12.9874],[79.6052,12.9886],[79.6043,12.9838],[79.6095,12.9687],[79.6077,12.9662],[79.6022,12.9714],[79.5971,12.9718],[79.5954,12.9678],[79.5922,12.9695],[79.5876,12.9853],[79.5963,12.991],[79.598,12.996],[79.6083,13.0007],[79.6097,13.0108],[79.6053,13.0104],[79.6,13.0158],[79.5991,13.0217],[79.5939,13.0253],[79.5943,13.0338],[79.5838,13.0314],[79.5817,13.0275],[79.5781,13.0295],[79.5741,13.0159],[79.5699,13.0263],[79.5591,13.03],[79.5595,13.0358],[79.551,13.0372],[79.5479,13.0445],[79.5567,13.0547],[79.5718,13.047],[79.5842,13.0479],[79.5773,13.0537],[79.5698,13.0723],[79.5716,13.0833],[79.5752,13.0887],[79.5795,13.0895],[79.5807,13.0962],[79.5774,13.0956],[79.574,13.1013],[79.5628,13.0979],[79.5531,13.1008],[79.5519,13.1078],[79.5588,13.1173],[79.5505,13.1349],[79.5691,13.1373],[79.5673,13.1304],[79.5701,13.1218],[79.5943,13.1215],[79.5995,13.1308],[79.589,13.1474],[79.6159,13.1442],[79.6335,13.1466],[79.6368,13.1507],[79.6326,13.1581],[79.6312,13.1729],[79.6353,13.1717],[79.645,13.1796],[79.6449,13.1916],[79.6564,13.2051]]]}},{"type":"Feature","bbox":[79.3075,12.8528,79.662,13.1502],"properties":{"kind":"ac","ac":39,"name":"Sholinghur","pc":"Arakkonam","mla":"G. Kapil","mla_party":"TVK","mp":"S. Jagathrakshakan","mp_party":"DMK"},"geometry":{"type":"Polygon","coordinates":[[[79.5505,13.1349],[79.5588,13.1173],[79.5519,13.1078],[79.5531,13.1008],[79.5628,13.0979],[79.574,13.1013],[79.5774,13.0956],[79.5807,13.0962],[79.5795,13.0895],[79.5752,13.0887],[79.5716,13.0833],[79.5698,13.0723],[79.5773,13.0537],[79.5842,13.0479],[79.5718,13.047],[79.5563,13.0546],[79.5479,13.0445],[79.551,13.0372],[79.5593,13.0361],[79.5591,13.03],[79.5696,13.0266],[79.5741,13.0159],[79.5781,13.0295],[79.5817,13.0275],[79.5841,13.0316],[79.5947,13.0335],[79.5943,13.0245],[79.6098,13.0084],[79.6083,13.0007],[79.598,12.996],[79.5963,12.991],[79.5877,12.9855],[79.5912,12.9708],[79.5954,12.9678],[79.5971,12.9718],[79.6025,12.9714],[79.6077,12.9662],[79.6095,12.9687],[79.6046,12.9812],[79.6052,12.9886],[79.6202,12.9841],[79.6185,12.9787],[79.6223,12.9776],[79.625,12.9715],[79.6316,12.9701],[79.6363,12.9594],[79.6496,12.9575],[79.6487,12.9494],[79.6589,12.9493],[79.662,12.9304],[79.6394,12.9228],[79.6368,12.9245],[79.6039,12.9075],[79.5683,12.8991],[79.5703,12.8967],[79.5648,12.8871],[79.558,12.884],[79.5585,12.8725],[79.563,12.8696],[79.566,12.8587],[79.5599,12.8528],[79.5365,12.8629],[79.509,12.8572],[79.4998,12.8727],[79.4977,12.8691],[79.4898,12.8711],[79.4887,12.876],[79.4787,12.8716],[79.4716,12.8754],[79.4548,12.8774],[79.4563,12.9033],[79.4512,12.9034],[79.4444,12.9101],[79.4387,12.928],[79.4398,12.9377],[79.4464,12.9492],[79.4439,12.9638],[79.4222,12.9696],[79.421,12.9854],[79.4127,12.9891],[79.4114,12.9957],[79.4058,12.9991],[79.394,12.993],[79.3923,12.9674],[79.3801,12.9661],[79.3746,12.9749],[79.3607,12.9847],[79.3601,12.9736],[79.3574,12.9728],[79.3517,12.9792],[79.3518,12.9888],[79.3359,13.0034],[79.334,13.0143],[79.3296,13.0205],[79.3288,13.0327],[79.3214,13.0336],[79.3206,13.0413],[79.31,13.039],[79.3075,13.0432],[79.3113,13.0751],[79.3234,13.0716],[79.3224,13.0781],[79.3246,13.0776],[79.33,13.0726],[79.3349,13.0604],[79.3515,13.0625],[79.3554,13.0668],[79.3792,13.0754],[79.3793,13.08],[79.4013,13.08],[79.4171,13.0846],[79.4153,13.0894],[79.4229,13.0972],[79.4203,13.1037],[79.4043,13.0998],[79.4017,13.1041],[79.4042,13.115],[79.4134,13.119],[79.4113,13.136],[79.4153,13.1382],[79.4187,13.1502],[79.4339,13.1365],[79.4392,13.1248],[79.4477,13.1284],[79.4534,13.1264],[79.4518,13.1212],[79.4293,13.1163],[79.4333,13.1158],[79.4345,13.1115],[79.4436,13.1138],[79.451,13.0933],[79.4625,13.0954],[79.4645,13.1072],[79.4752,13.1077],[79.4737,13.1253],[79.4754,13.1305],[79.4821,13.1281],[79.4819,13.1395],[79.4972,13.1384],[79.4986,13.1361],[79.5231,13.1436],[79.5225,13.1387],[79.5505,13.1349]]]}},{"type":"Feature","bbox":[79.0614,12.9246,79.3241,13.1717],"properties":{"kind":"ac","ac":40,"name":"Katpadi","pc":"Arakkonam","mla":"M. Sudhakar","mla_party":"TVK","mp":"S. Jagathrakshakan","mp_party":"DMK"},"geometry":{"type":"Polygon","coordinates":[[[79.2549,13.1607],[79.2613,13.1598],[79.2631,13.1488],[79.2753,13.1563],[79.2812,13.1537],[79.2838,13.1229],[79.2987,13.0915],[79.2974,13.0876],[79.3241,13.0757],[79.3239,13.072],[79.3208,13.0712],[79.3184,13.0748],[79.3109,13.0748],[79.3075,13.0435],[79.31,13.039],[79.3206,13.0413],[79.3216,13.0334],[79.3019,13.0287],[79.2987,13.0136],[79.2902,13.0039],[79.289,12.9749],[79.2827,12.9721],[79.2803,12.9672],[79.2703,12.9636],[79.2653,12.9469],[79.2704,12.9449],[79.2707,12.9399],[79.2623,12.9417],[79.2555,12.9508],[79.2404,12.955],[79.1991,12.9512],[79.1751,12.9553],[79.1486,12.9398],[79.11,12.9358],[79.1091,12.9253],[79.1007,12.9246],[79.0928,12.9324],[79.0939,12.9355],[79.0821,12.9375],[79.0777,12.9368],[79.0778,12.9332],[79.0638,12.9294],[79.0667,12.9425],[79.0707,12.9441],[79.0614,12.9515],[79.0716,12.952],[79.0747,12.9596],[79.0816,12.9622],[79.0823,12.9716],[79.0898,12.9732],[79.0866,12.9846],[79.0927,12.9932],[79.0931,13.0],[79.0816,12.9988],[79.0752,13.0033],[79.0849,13.0274],[79.0983,13.0261],[79.1074,13.0383],[79.1144,13.0393],[79.1373,13.0348],[79.1471,13.0254],[79.16,13.0203],[79.1822,13.0319],[79.1848,13.0299],[79.193,13.0467],[79.1815,13.0477],[79.1795,13.0543],[79.1921,13.0562],[79.1913,13.0586],[79.1829,13.057],[79.1784,13.0598],[79.1803,13.0645],[79.1873,13.0607],[79.1881,13.0657],[79.1921,13.0675],[79.1908,13.0734],[79.184,13.0728],[79.1853,13.0797],[79.1832,13.082],[79.1813,13.0799],[79.1806,13.0843],[79.1876,13.0835],[79.1907,13.0888],[79.1931,13.0823],[79.1983,13.0814],[79.2008,13.0889],[79.2344,13.1053],[79.2342,13.1147],[79.2384,13.1186],[79.2304,13.1264],[79.2328,13.1394],[79.2219,13.1463],[79.21,13.1485],[79.2114,13.1518],[79.2147,13.157],[79.2273,13.1556],[79.2256,13.1589],[79.2321,13.1679],[79.241,13.1717],[79.2442,13.1528],[79.2421,13.1497],[79.2449,13.1488],[79.2402,13.1444],[79.2461,13.1384],[79.2546,13.147],[79.2528,13.1563],[79.2549,13.1607]]]}},{"type":"Feature","bbox":[79.1893,12.843,79.4563,13.0334],"properties":{"kind":"ac","ac":41,"name":"Ranipet","pc":"Arakkonam","mla":"I. Thahira","mla_party":"TVK","mp":"S. Jagathrakshakan","mp_party":"DMK"},"geometry":{"type":"Polygon","coordinates":[[[79.3271,13.0334],[79.3359,13.0034],[79.3518,12.9888],[79.3517,12.9792],[79.3574,12.9728],[79.3601,12.9736],[79.3607,12.9847],[79.3746,12.9749],[79.3801,12.9661],[79.3923,12.9674],[79.394,12.993],[79.4058,12.9991],[79.4114,12.9957],[79.4127,12.9891],[79.421,12.9854],[79.4222,12.9696],[79.4439,12.9638],[79.4464,12.9492],[79.4398,12.9377],[79.4387,12.928],[79.4444,12.9101],[79.4512,12.9034],[79.4563,12.9033],[79.4547,12.8772],[79.4248,12.8789],[79.3948,12.8721],[79.3901,12.8681],[79.3783,12.8702],[79.3684,12.8796],[79.3671,12.8866],[79.3622,12.8916],[79.3311,12.9176],[79.3203,12.9203],[79.3183,12.9097],[79.3131,12.9104],[79.3074,12.9019],[79.3014,12.9023],[79.3054,12.8963],[79.3145,12.8978],[79.309,12.8847],[79.3188,12.885],[79.3166,12.8537],[79.3107,12.8595],[79.3069,12.8705],[79.3017,12.872],[79.2773,12.8698],[79.2701,12.8568],[79.2714,12.843],[79.2657,12.8493],[79.2348,12.8532],[79.2411,12.8565],[79.2426,12.87],[79.2348,12.8789],[79.2256,12.8832],[79.2236,12.89],[79.2366,12.8918],[79.2322,12.8988],[79.2359,12.9012],[79.2411,12.8951],[79.2483,12.8981],[79.259,12.8924],[79.2624,12.8954],[79.265,12.892],[79.2686,12.893],[79.2767,12.912],[79.2742,12.9169],[79.2462,12.9214],[79.2395,12.917],[79.2276,12.9197],[79.2152,12.9183],[79.2064,12.9147],[79.1989,12.904],[79.1939,12.9081],[79.1946,12.9151],[79.1914,12.9122],[79.1893,12.9166],[79.1909,12.9277],[79.2165,12.9427],[79.218,12.954],[79.2293,12.9559],[79.2555,12.9508],[79.2623,12.9417],[79.2707,12.9399],[79.2704,12.9449],[79.2653,12.9469],[79.2703,12.9636],[79.2803,12.9672],[79.2827,12.9721],[79.289,12.9749],[79.2902,13.0039],[79.2987,13.0136],[79.3019,13.0287],[79.3271,13.0334]]]}},{"type":"Feature","bbox":[79.0902,12.6278,79.4768,12.9214],"properties":{"kind":"ac","ac":42,"name":"Arcot","pc":"Arakkonam","mla":"S. M. Sukumar","mla_party":"AIADMK","mp":"S. Jagathrakshakan","mp_party":"DMK"},"geometry":{"type":"Polygon","coordinates":[[[79.128,12.8928],[79.1304,12.8818],[79.1429,12.879],[79.1469,12.8826],[79.1487,12.8791],[79.1546,12.8841],[79.1775,12.8848],[79.1792,12.8795],[79.1812,12.8824],[79.1929,12.883],[79.1965,12.8938],[79.2044,12.8894],[79.2098,12.8949],[79.2061,12.9034],[79.201,12.9038],[79.2004,12.9084],[79.2064,12.9147],[79.2276,12.9197],[79.2395,12.917],[79.2462,12.9214],[79.268,12.9198],[79.2742,12.9169],[79.2767,12.912],[79.2686,12.893],[79.265,12.892],[79.2624,12.8954],[79.259,12.8924],[79.2483,12.8981],[79.2411,12.8951],[79.2359,12.9012],[79.2322,12.8988],[79.2366,12.8918],[79.2236,12.89],[79.2256,12.8832],[79.2348,12.8789],[79.2426,12.87],[79.2411,12.8565],[79.2348,12.8532],[79.2657,12.8493],[79.2714,12.843],[79.2701,12.8568],[79.2773,12.8698],[79.3069,12.8705],[79.3107,12.8595],[79.3166,12.8537],[79.3188,12.885],[79.309,12.8847],[79.3145,12.8978],[79.3054,12.8963],[79.3014,12.9023],[79.3074,12.9019],[79.3131,12.9104],[79.3183,12.9097],[79.3203,12.9203],[79.3311,12.9176],[79.3622,12.8916],[79.3671,12.8866],[79.3684,12.8796],[79.3783,12.8702],[79.3901,12.8681],[79.3948,12.8721],[79.4353,12.8797],[79.4716,12.8754],[79.4735,12.8653],[79.4703,12.861],[79.4742,12.8596],[79.4731,12.8518],[79.4633,12.8502],[79.4606,12.8425],[79.4574,12.8438],[79.4576,12.835],[79.4612,12.8294],[79.4569,12.8106],[79.4768,12.8068],[79.4749,12.7997],[79.4623,12.7987],[79.4607,12.7849],[79.4736,12.7734],[79.4685,12.7703],[79.466,12.7638],[79.4673,12.7562],[79.4618,12.7569],[79.4548,12.7449],[79.4559,12.7377],[79.4678,12.7322],[79.4724,12.7349],[79.4762,12.7287],[79.4655,12.7159],[79.4679,12.712],[79.4647,12.6996],[79.4573,12.698],[79.4607,12.6851],[79.4533,12.6824],[79.4544,12.6776],[79.4511,12.6717],[79.4358,12.6673],[79.4254,12.6586],[79.4097,12.6563],[79.4076,12.6489],[79.3852,12.6301],[79.3806,12.6278],[79.3675,12.6335],[79.3543,12.6437],[79.3543,12.6495],[79.3571,12.6493],[79.3579,12.6538],[79.3631,12.6575],[79.3591,12.6672],[79.3544,12.668],[79.3559,12.6733],[79.3688,12.6818],[79.3768,12.682],[79.3947,12.6902],[79.3928,12.6947],[79.3862,12.6974],[79.381,12.7092],[79.3927,12.7136],[79.3954,12.7268],[79.3896,12.7286],[79.3898,12.7331],[79.3792,12.7339],[79.379,12.7264],[79.3758,12.7223],[79.3665,12.7206],[79.3658,12.7152],[79.3577,12.7196],[79.3545,12.7129],[79.3583,12.7064],[79.3571,12.6981],[79.3448,12.6944],[79.3442,12.6999],[79.3387,12.701],[79.3463,12.7101],[79.3436,12.7295],[79.3223,12.7438],[79.3154,12.7449],[79.311,12.7421],[79.3098,12.7468],[79.2971,12.7476],[79.2892,12.7528],[79.2834,12.7639],[79.2873,12.779],[79.2771,12.7845],[79.2796,12.7875],[79.2616,12.7949],[79.2646,12.8058],[79.2602,12.8078],[79.259,12.8141],[79.2619,12.8188],[79.2564,12.8224],[79.2505,12.8229],[79.25,12.8132],[79.2551,12.8123],[79.251,12.807],[79.2406,12.8083],[79.2385,12.7973],[79.2245,12.791],[79.2196,12.7925],[79.2094,12.7852],[79.2081,12.7791],[79.2141,12.7601],[79.2073,12.7493],[79.2068,12.7416],[79.1974,12.7484],[79.1907,12.7486],[79.1737,12.7424],[79.1728,12.7597],[79.1679,12.7652],[79.1634,12.7656],[79.1614,12.7725],[79.1595,12.7522],[79.1503,12.7533],[79.1417,12.7604],[79.1327,12.7617],[79.0935,12.7579],[79.0997,12.7789],[79.0939,12.773],[79.0902,12.7785],[79.1093,12.7903],[79.0978,12.7901],[79.096,12.7953],[79.0988,12.8003],[79.1068,12.8043],[79.1136,12.7947],[79.1244,12.7911],[79.1249,12.7938],[79.1164,12.7992],[79.1226,12.809],[79.1241,12.8192],[79.1193,12.8249],[79.1256,12.8297],[79.1228,12.8326],[79.1246,12.8411],[79.1368,12.8413],[79.139,12.846],[79.132,12.8521],[79.1183,12.8478],[79.1112,12.8487],[79.1072,12.8561],[79.1085,12.8609],[79.1195,12.8649],[79.1177,12.879],[79.1259,12.8783],[79.1249,12.888],[79.128,12.8928]]]}},{"type":"Feature","bbox":[79.0697,12.879,79.218,12.954],"properties":{"kind":"ac","ac":43,"name":"Vellore","pc":"Vellore","mla":"M. M. Vinoth Kannan","mla_party":"TVK","mp":"D.M.K. Anand","mp_party":"DMK"},"geometry":{"type":"Polygon","coordinates":[[[79.218,12.954],[79.2165,12.9427],[79.1909,12.9277],[79.1893,12.9166],[79.1914,12.9122],[79.1946,12.9151],[79.1939,12.9081],[79.1989,12.904],[79.2061,12.9034],[79.2106,12.8968],[79.2044,12.8894],[79.1965,12.8938],[79.1929,12.883],[79.1812,12.8824],[79.1791,12.8795],[79.1775,12.8848],[79.1546,12.8841],[79.1487,12.8791],[79.1469,12.8826],[79.1429,12.879],[79.1304,12.8818],[79.1293,12.8938],[79.1226,12.8966],[79.1218,12.9022],[79.1163,12.9028],[79.1085,12.9015],[79.1,12.8853],[79.0943,12.8857],[79.0921,12.9069],[79.0781,12.9047],[79.0771,12.9091],[79.0697,12.91],[79.071,12.9135],[79.0902,12.9141],[79.0925,12.9185],[79.0925,12.9255],[79.0853,12.9279],[79.0813,12.9374],[79.0939,12.9355],[79.0928,12.9324],[79.1007,12.9246],[79.1091,12.9253],[79.11,12.9358],[79.1486,12.9398],[79.1679,12.9503],[79.1695,12.9539],[79.1991,12.9512],[79.218,12.954]]]}},{"type":"Feature","bbox":[78.8451,12.654,79.139,12.9374],"properties":{"kind":"ac","ac":44,"name":"Anaicut","pc":"Vellore","mla":"D. Velazhagan","mla_party":"AIADMK","mp":"D.M.K. Anand","mp_party":"DMK"},"geometry":{"type":"Polygon","coordinates":[[[79.0813,12.9374],[79.0853,12.9279],[79.0925,12.9255],[79.0925,12.9185],[79.0902,12.9141],[79.071,12.9135],[79.0697,12.91],[79.0771,12.9091],[79.0781,12.9047],[79.0921,12.9069],[79.0948,12.9002],[79.0938,12.886],[79.1,12.8853],[79.1083,12.9012],[79.1128,12.9026],[79.1218,12.9022],[79.1226,12.8966],[79.1293,12.8938],[79.125,12.8884],[79.1259,12.8783],[79.1177,12.879],[79.1195,12.8649],[79.1085,12.8609],[79.1071,12.8565],[79.1112,12.8487],[79.1183,12.8478],[79.132,12.8521],[79.139,12.846],[79.1368,12.8413],[79.1246,12.8411],[79.1228,12.8326],[79.1256,12.8297],[79.1193,12.8249],[79.1241,12.8192],[79.1226,12.809],[79.1164,12.7992],[79.1249,12.7938],[79.1244,12.7911],[79.1136,12.7947],[79.1068,12.8043],[79.0988,12.8003],[79.0964,12.791],[79.1093,12.7903],[79.0902,12.7785],[79.0939,12.773],[79.0969,12.7778],[79.0997,12.7789],[79.0935,12.7579],[79.0904,12.7586],[79.0813,12.7498],[79.074,12.7517],[79.0721,12.7552],[79.058,12.7356],[79.0639,12.7386],[79.0567,12.7303],[79.0576,12.7167],[79.0506,12.7173],[79.0415,12.7112],[79.0295,12.687],[79.0244,12.6878],[79.0267,12.6791],[79.0139,12.6662],[79.0128,12.6578],[79.009,12.6584],[79.024,12.6931],[79.0066,12.7039],[78.9987,12.7025],[78.9953,12.7061],[78.9926,12.7029],[78.994,12.6972],[78.9869,12.6971],[78.988,12.6927],[78.979,12.6801],[78.9811,12.6739],[78.9763,12.6681],[78.9714,12.6669],[78.9715,12.6714],[78.9496,12.6787],[78.9499,12.6864],[78.9433,12.6853],[78.9442,12.6806],[78.9275,12.6759],[78.9118,12.6873],[78.9072,12.6875],[78.8972,12.6792],[78.8988,12.6882],[78.8922,12.6891],[78.8869,12.6957],[78.8811,12.6851],[78.8831,12.6755],[78.8732,12.6623],[78.8711,12.6634],[78.8746,12.6847],[78.86,12.6715],[78.8514,12.6574],[78.8451,12.654],[78.8587,12.6824],[78.8582,12.6914],[78.8746,12.7064],[78.8731,12.711],[78.868,12.7096],[78.8658,12.7045],[78.8632,12.7054],[78.8628,12.7161],[78.8698,12.718],[78.8726,12.7233],[78.8838,12.7271],[78.8856,12.7307],[78.8516,12.7291],[78.8467,12.7422],[78.8502,12.7645],[78.8621,12.777],[78.8866,12.7786],[78.9127,12.7743],[78.9135,12.7805],[78.9189,12.7837],[78.9192,12.7894],[78.9006,12.7893],[78.8937,12.7969],[78.8996,12.7979],[78.8996,12.8084],[78.8937,12.8128],[78.9026,12.8279],[78.8995,12.8324],[78.9018,12.8392],[78.8993,12.8353],[78.8924,12.8459],[78.879,12.8469],[78.8765,12.8527],[78.8803,12.8571],[78.8888,12.8588],[78.8989,12.8562],[78.9031,12.8493],[78.907,12.8558],[78.9002,12.8658],[78.9082,12.876],[78.9162,12.9077],[78.9692,12.9243],[78.9715,12.9293],[78.9986,12.9296],[79.0245,12.9258],[79.0412,12.9195],[79.0778,12.9332],[79.0777,12.9368],[79.0813,12.9374]]]}},{"type":"Feature","bbox":[78.7943,12.8859,79.0931,13.097],"properties":{"kind":"ac","ac":45,"name":"Kilvaithinankuppam","pc":"Vellore","mla":"E. Thenral Kumar","mla_party":"TVK","mp":"D.M.K. Anand","mp_party":"DMK"},"geometry":{"type":"Polygon","coordinates":[[[79.0063,13.0825],[79.0095,13.0773],[79.0369,13.0706],[79.0387,13.0612],[79.0634,13.0531],[79.0631,13.0403],[79.0809,13.0258],[79.0849,13.0274],[79.0752,13.0033],[79.0816,12.9988],[79.0931,13.0],[79.0927,12.9932],[79.0866,12.9846],[79.0898,12.9732],[79.0823,12.9716],[79.0816,12.9622],[79.0747,12.9596],[79.0716,12.952],[79.0614,12.9515],[79.0707,12.9441],[79.0667,12.9425],[79.0638,12.9294],[79.0412,12.9195],[79.0245,12.9258],[78.9986,12.9296],[78.9715,12.9293],[78.9692,12.9243],[78.9162,12.9077],[78.9137,12.9105],[78.9031,12.9092],[78.8872,12.8946],[78.8647,12.8859],[78.8487,12.9073],[78.826,12.9075],[78.8229,12.9136],[78.8166,12.9147],[78.8208,12.9256],[78.8175,12.9318],[78.8212,12.9326],[78.824,12.9438],[78.8342,12.9444],[78.8455,12.9497],[78.8467,12.9531],[78.8506,12.9536],[78.8518,12.9657],[78.8623,12.9651],[78.8627,12.9698],[78.8536,12.9737],[78.8498,12.9693],[78.839,12.97],[78.8355,12.9638],[78.8322,12.9656],[78.8338,12.9749],[78.8292,12.9755],[78.826,12.9804],[78.8321,12.9849],[78.8362,12.9946],[78.8296,13.0022],[78.8311,13.0067],[78.8515,13.0036],[78.8532,13.0139],[78.8584,13.0178],[78.8527,13.0175],[78.8405,13.0247],[78.8141,13.0333],[78.8068,13.0495],[78.8071,13.0578],[78.8034,13.063],[78.7943,13.0667],[78.7976,13.0749],[78.8128,13.089],[78.842,13.0787],[78.8611,13.0837],[78.8709,13.0819],[78.8698,13.0896],[78.8751,13.0969],[78.892,13.097],[78.8957,13.0952],[78.8889,13.0734],[78.8913,13.0689],[78.8916,13.0331],[78.9291,13.0365],[78.9357,13.0348],[78.937,13.0305],[78.9408,13.0365],[78.9337,13.0393],[78.9291,13.0458],[78.9217,13.0471],[78.9175,13.0437],[78.9036,13.0477],[78.9126,13.066],[78.9217,13.0661],[78.9239,13.0808],[78.9415,13.0786],[78.9492,13.084],[78.9495,13.0802],[78.9554,13.0759],[78.9621,13.0788],[78.9688,13.0779],[78.9703,13.0747],[78.9723,13.0838],[78.9825,13.0864],[78.9953,13.0866],[79.0063,13.0825]]]}},{"type":"Feature","bbox":[78.6015,12.7661,78.8647,13.0691],"properties":{"kind":"ac","ac":46,"name":"Gudiyatham","pc":"Vellore","mla":"K. Sindhu","mla_party":"TVK","mp":"D.M.K. Anand","mp_party":"DMK"},"geometry":{"type":"Polygon","coordinates":[[[78.7943,13.0667],[78.8034,13.063],[78.8071,13.0578],[78.8068,13.0495],[78.8141,13.0333],[78.8405,13.0247],[78.8527,13.0175],[78.8584,13.0178],[78.8532,13.0139],[78.8515,13.0036],[78.8311,13.0067],[78.8296,13.0022],[78.8362,12.9945],[78.832,12.9848],[78.8257,12.9815],[78.8291,12.9755],[78.8338,12.9749],[78.8322,12.9656],[78.8355,12.9638],[78.839,12.97],[78.8498,12.9693],[78.8538,12.9737],[78.8625,12.9703],[78.8623,12.9651],[78.8523,12.966],[78.8506,12.9536],[78.8342,12.9445],[78.824,12.9438],[78.8212,12.9326],[78.8175,12.9318],[78.8208,12.9256],[78.8163,12.9153],[78.8229,12.9136],[78.826,12.9075],[78.8487,12.9073],[78.8647,12.8859],[78.8446,12.8765],[78.8224,12.8607],[78.7832,12.8471],[78.7711,12.8336],[78.7536,12.824],[78.7456,12.8254],[78.7447,12.8151],[78.7386,12.8047],[78.718,12.7988],[78.7097,12.7893],[78.708,12.7778],[78.6994,12.7716],[78.6993,12.7661],[78.697,12.7724],[78.6917,12.7753],[78.6932,12.7893],[78.6984,12.7961],[78.6901,12.7991],[78.6895,12.7953],[78.6837,12.7939],[78.6758,12.7991],[78.673,12.8215],[78.6754,12.8228],[78.6711,12.824],[78.6698,12.8319],[78.6641,12.8392],[78.6603,12.8401],[78.6579,12.8311],[78.6512,12.8297],[78.6505,12.8097],[78.6446,12.8075],[78.6201,12.8135],[78.6197,12.8219],[78.6033,12.8428],[78.6015,12.8509],[78.6131,12.868],[78.6167,12.8886],[78.6228,12.9043],[78.6268,12.9074],[78.6334,12.9318],[78.6522,12.9292],[78.657,12.9322],[78.6461,12.946],[78.638,12.9648],[78.6471,12.9663],[78.6209,12.9913],[78.6309,12.9952],[78.6554,13.016],[78.6562,13.0312],[78.7046,13.0164],[78.7133,13.0691],[78.7405,13.0641],[78.7518,13.055],[78.7943,13.0667]]]}},{"type":"Feature","bbox":[78.4679,12.4491,78.8323,12.7472],"properties":{"kind":"ac","ac":47,"name":"Vaniyambadi","pc":"Vellore","mla":"Syed Farooq Basha","mla_party":"IUML","mp":"D.M.K. Anand","mp_party":"DMK"},"geometry":{"type":"Polygon","coordinates":[[[78.525,12.7155],[78.5332,12.714],[78.5375,12.717],[78.5369,12.7134],[78.5442,12.711],[78.535,12.7074],[78.5327,12.7116],[78.5293,12.7092],[78.5347,12.6914],[78.5409,12.6907],[78.555,12.6994],[78.5548,12.7076],[78.5616,12.7099],[78.5543,12.7184],[78.5634,12.7354],[78.5757,12.7372],[78.5793,12.7353],[78.5844,12.7096],[78.5985,12.6962],[78.6147,12.6922],[78.6172,12.7085],[78.6262,12.7108],[78.6265,12.7194],[78.6342,12.7226],[78.6398,12.72],[78.6336,12.7086],[78.6358,12.7018],[78.6326,12.6971],[78.6416,12.6916],[78.6548,12.6897],[78.6573,12.6995],[78.6628,12.6994],[78.6748,12.693],[78.6788,12.6864],[78.6783,12.6795],[78.6947,12.6684],[78.7184,12.6656],[78.7321,12.6591],[78.7454,12.6781],[78.7699,12.6801],[78.7778,12.6657],[78.8013,12.6438],[78.8116,12.6388],[78.8276,12.6428],[78.8323,12.641],[78.8311,12.6092],[78.8087,12.5569],[78.8064,12.5362],[78.8021,12.5311],[78.7791,12.5317],[78.7688,12.5281],[78.7617,12.5006],[78.7568,12.4969],[78.741,12.4959],[78.7274,12.4786],[78.7227,12.4664],[78.7043,12.4853],[78.6974,12.4803],[78.6792,12.4525],[78.6751,12.4491],[78.6657,12.4512],[78.6595,12.4631],[78.6699,12.4954],[78.6403,12.5018],[78.6438,12.5108],[78.6264,12.5181],[78.6227,12.5396],[78.6247,12.5416],[78.6348,12.5372],[78.6427,12.5418],[78.6532,12.5429],[78.6549,12.5518],[78.6622,12.5515],[78.6662,12.543],[78.6756,12.5403],[78.6923,12.5466],[78.6993,12.5568],[78.6995,12.5656],[78.6912,12.5709],[78.7004,12.5929],[78.6739,12.6232],[78.6709,12.6183],[78.6393,12.6162],[78.6327,12.6307],[78.621,12.6292],[78.6218,12.6434],[78.6165,12.649],[78.6176,12.6531],[78.6103,12.6639],[78.6046,12.6656],[78.5921,12.6562],[78.5844,12.6591],[78.5746,12.6569],[78.5714,12.6456],[78.5637,12.6368],[78.5492,12.6318],[78.5396,12.6057],[78.5003,12.6265],[78.4881,12.6454],[78.4742,12.6474],[78.4705,12.6506],[78.4679,12.6759],[78.4845,12.6717],[78.4988,12.6751],[78.5038,12.682],[78.5033,12.6899],[78.5074,12.6914],[78.5029,12.6919],[78.504,12.6987],[78.4963,12.703],[78.5019,12.7045],[78.503,12.7168],[78.5118,12.7077],[78.52,12.7121],[78.5175,12.7147],[78.5202,12.7187],[78.5092,12.7243],[78.5059,12.7226],[78.5016,12.7312],[78.4927,12.7357],[78.4891,12.742],[78.4931,12.7472],[78.5052,12.743],[78.5071,12.7371],[78.5138,12.7345],[78.5116,12.7269],[78.5139,12.7253],[78.518,12.7249],[78.5209,12.7362],[78.5227,12.7193],[78.527,12.7215],[78.525,12.7155]]]}},{"type":"Feature","bbox":[78.5553,12.6317,78.9192,12.9105],"properties":{"kind":"ac","ac":48,"name":"Ambur","pc":"Vellore","mla":"A. C. Vilwanathan","mla_party":"DMK","mp":"D.M.K. Anand","mp_party":"DMK"},"geometry":{"type":"Polygon","coordinates":[[[78.9162,12.9077],[78.9082,12.876],[78.9002,12.8658],[78.907,12.8558],[78.9031,12.8493],[78.8989,12.8562],[78.8888,12.8588],[78.8803,12.8571],[78.8765,12.8527],[78.879,12.8469],[78.8924,12.8459],[78.8993,12.8353],[78.9018,12.8392],[78.8995,12.8324],[78.9026,12.8279],[78.8937,12.8128],[78.8996,12.8084],[78.8996,12.7979],[78.8934,12.7973],[78.9006,12.7893],[78.9192,12.7894],[78.9185,12.7827],[78.9136,12.7807],[78.9127,12.7743],[78.8866,12.7786],[78.8614,12.7767],[78.8502,12.7645],[78.8478,12.7549],[78.8468,12.742],[78.8516,12.7291],[78.8856,12.7307],[78.8838,12.7271],[78.8726,12.7233],[78.8698,12.718],[78.8628,12.7161],[78.8632,12.7054],[78.8658,12.7045],[78.868,12.7096],[78.8731,12.711],[78.8746,12.7064],[78.8582,12.6914],[78.8587,12.6824],[78.845,12.6541],[78.8514,12.6574],[78.86,12.6715],[78.8746,12.6847],[78.8711,12.6634],[78.8732,12.6623],[78.8831,12.6755],[78.8811,12.6851],[78.8861,12.6953],[78.8922,12.6891],[78.896,12.6891],[78.8819,12.6563],[78.8761,12.6539],[78.8657,12.6317],[78.8453,12.6406],[78.8276,12.6428],[78.8116,12.6388],[78.8013,12.6438],[78.7778,12.6657],[78.7699,12.6801],[78.7454,12.6781],[78.7321,12.6591],[78.7184,12.6656],[78.6957,12.668],[78.6784,12.6794],[78.6788,12.6864],[78.675,12.6928],[78.6628,12.6994],[78.6573,12.6995],[78.6548,12.6897],[78.6416,12.6916],[78.6326,12.6971],[78.6358,12.7018],[78.6336,12.7086],[78.6398,12.72],[78.6342,12.7226],[78.6265,12.7194],[78.6262,12.7108],[78.6172,12.7085],[78.6147,12.6922],[78.5999,12.6957],[78.5844,12.7096],[78.5787,12.7362],[78.5638,12.7353],[78.5638,12.7377],[78.5553,12.7393],[78.5628,12.7522],[78.5583,12.75],[78.5562,12.7569],[78.5615,12.7615],[78.5655,12.7594],[78.5684,12.767],[78.5765,12.7675],[78.576,12.772],[78.5925,12.7827],[78.593,12.7983],[78.6011,12.8038],[78.6004,12.8185],[78.6077,12.822],[78.6033,12.8428],[78.6197,12.8219],[78.6201,12.8135],[78.6446,12.8075],[78.6505,12.8097],[78.6512,12.8297],[78.6579,12.8311],[78.6603,12.8401],[78.6641,12.8392],[78.6698,12.8319],[78.6711,12.824],[78.6754,12.8228],[78.673,12.8215],[78.6758,12.7991],[78.6837,12.7939],[78.6895,12.7953],[78.6901,12.7991],[78.6984,12.7961],[78.6932,12.7893],[78.6917,12.7753],[78.697,12.7724],[78.6993,12.7661],[78.6994,12.7716],[78.708,12.7778],[78.7097,12.7893],[78.718,12.7988],[78.7386,12.8047],[78.7447,12.8151],[78.7456,12.8254],[78.7536,12.824],[78.7711,12.8336],[78.7832,12.8471],[78.8224,12.8607],[78.8446,12.8765],[78.8872,12.8946],[78.9031,12.9092],[78.9137,12.9105],[78.9162,12.9077]]]}},{"type":"Feature","bbox":[78.4067,12.4638,78.7004,12.6654],"properties":{"kind":"ac","ac":49,"name":"Jolarpet","pc":"Tiruvannamalai","mla":"K. C. Veeramani","mla_party":"AIADMK","mp":"C.N. Annadurai","mp_party":"DMK"},"geometry":{"type":"Polygon","coordinates":[[[78.4742,12.6474],[78.4881,12.6454],[78.5003,12.6265],[78.5368,12.6053],[78.5396,12.6057],[78.5492,12.6318],[78.5637,12.6368],[78.5714,12.6456],[78.5746,12.6569],[78.5844,12.6591],[78.5916,12.6561],[78.6001,12.6604],[78.6015,12.6654],[78.6103,12.6639],[78.6218,12.6434],[78.621,12.6292],[78.6327,12.6307],[78.6393,12.6162],[78.6709,12.6183],[78.6739,12.6232],[78.6893,12.6081],[78.7004,12.5929],[78.6912,12.5709],[78.6976,12.5691],[78.6993,12.5568],[78.6923,12.5466],[78.6756,12.5403],[78.6662,12.543],[78.6622,12.5515],[78.6549,12.5518],[78.6532,12.5429],[78.6427,12.5418],[78.6348,12.5372],[78.6247,12.5416],[78.6227,12.5362],[78.6264,12.5181],[78.6438,12.5108],[78.6407,12.5074],[78.6416,12.5016],[78.6318,12.4921],[78.6073,12.491],[78.5987,12.4825],[78.5838,12.4853],[78.5698,12.4754],[78.5631,12.4836],[78.5271,12.492],[78.5277,12.5105],[78.5152,12.4955],[78.5099,12.4988],[78.4995,12.4922],[78.4845,12.4979],[78.468,12.4933],[78.4657,12.4783],[78.4617,12.4752],[78.4602,12.4644],[78.4569,12.4638],[78.4573,12.4755],[78.4481,12.4787],[78.442,12.4874],[78.436,12.4871],[78.4333,12.4822],[78.4255,12.4833],[78.4179,12.4797],[78.4152,12.4823],[78.4197,12.508],[78.4192,12.5137],[78.413,12.5173],[78.4168,12.5243],[78.4144,12.5307],[78.4168,12.5349],[78.416,12.5503],[78.4212,12.5702],[78.4098,12.5876],[78.4102,12.5992],[78.4073,12.6029],[78.4104,12.6136],[78.4067,12.6201],[78.4153,12.6293],[78.427,12.6353],[78.4348,12.6296],[78.4584,12.6297],[78.4649,12.6241],[78.4717,12.6321],[78.4705,12.6446],[78.4742,12.6474]]]}},{"type":"Feature","bbox":[78.4179,12.2589,78.8589,12.6411],"properties":{"kind":"ac","ac":50,"name":"Tirupattur","pc":"Tiruvannamalai","mla":"N. Thirupathi","mla_party":"TVK","mp":"C.N. Annadurai","mp_party":"DMK"},"geometry":{"type":"Polygon","coordinates":[[[78.832,12.6411],[78.8453,12.6406],[78.8589,12.6319],[78.824,12.5538],[78.822,12.5395],[78.7965,12.4971],[78.7905,12.4991],[78.7844,12.4887],[78.7758,12.4836],[78.7755,12.4722],[78.7797,12.4656],[78.7775,12.4598],[78.7725,12.4609],[78.7585,12.4428],[78.7641,12.4423],[78.7694,12.435],[78.7687,12.4225],[78.7645,12.4186],[78.7617,12.4046],[78.7478,12.3817],[78.7425,12.3778],[78.732,12.3773],[78.7291,12.3739],[78.7286,12.3592],[78.7126,12.3187],[78.71,12.3042],[78.7035,12.2961],[78.6939,12.2941],[78.6876,12.281],[78.6857,12.2832],[78.6756,12.2698],[78.6512,12.2589],[78.6352,12.2612],[78.6405,12.2675],[78.6437,12.2805],[78.6414,12.2821],[78.6237,12.2651],[78.6168,12.2676],[78.6098,12.2613],[78.6037,12.2625],[78.6015,12.2675],[78.6044,12.2795],[78.613,12.2944],[78.6098,12.2974],[78.6096,12.3094],[78.5984,12.3133],[78.593,12.3073],[78.5885,12.3134],[78.6046,12.3319],[78.6111,12.33],[78.6172,12.3474],[78.612,12.3522],[78.5844,12.3606],[78.5696,12.3801],[78.5673,12.3891],[78.5564,12.3901],[78.5434,12.3982],[78.5256,12.3986],[78.5141,12.4074],[78.5087,12.3988],[78.5005,12.4074],[78.4956,12.4067],[78.4913,12.3961],[78.4886,12.3962],[78.4916,12.3948],[78.4887,12.3813],[78.4848,12.3843],[78.4636,12.3859],[78.4602,12.3796],[78.4345,12.3888],[78.4552,12.4224],[78.4467,12.4377],[78.4499,12.4442],[78.434,12.4556],[78.4246,12.4698],[78.425,12.4736],[78.4184,12.4767],[78.4179,12.4797],[78.4252,12.4832],[78.4337,12.4823],[78.436,12.4871],[78.442,12.4874],[78.4481,12.4787],[78.4572,12.4756],[78.4569,12.4638],[78.4595,12.4638],[78.4617,12.4752],[78.4673,12.4837],[78.468,12.4933],[78.4845,12.4979],[78.4995,12.4922],[78.5099,12.4988],[78.5152,12.4955],[78.5277,12.5105],[78.5271,12.492],[78.5631,12.4836],[78.5698,12.4754],[78.5838,12.4853],[78.5987,12.4825],[78.6073,12.491],[78.6318,12.4921],[78.6416,12.5016],[78.6638,12.4983],[78.6699,12.4954],[78.6595,12.4631],[78.6627,12.4538],[78.6702,12.4494],[78.6792,12.4525],[78.6974,12.4803],[78.7043,12.4853],[78.7227,12.4664],[78.7274,12.4786],[78.741,12.4959],[78.7568,12.4969],[78.7617,12.5006],[78.7688,12.5281],[78.7791,12.5317],[78.8021,12.5311],[78.8064,12.5362],[78.8087,12.5569],[78.8311,12.6092],[78.832,12.6411]]]}},{"type":"Feature","bbox":[78.3253,12.141,78.6714,12.452],"properties":{"kind":"ac","ac":51,"name":"Uthangarai","pc":"Krishnagiri","mla":"N. Elaiyaraja","mla_party":"TVK","mp":"K. Gopinath","mp_party":"INC"},"geometry":{"type":"Polygon","coordinates":[[[78.4109,12.4436],[78.4099,12.4365],[78.416,12.4263],[78.4261,12.4447],[78.436,12.4447],[78.4422,12.4505],[78.4499,12.4442],[78.4467,12.4377],[78.4552,12.4224],[78.4345,12.3888],[78.4406,12.3847],[78.4449,12.3863],[78.4602,12.3796],[78.4636,12.3859],[78.4848,12.3843],[78.4887,12.3813],[78.4916,12.3948],[78.4886,12.3962],[78.4913,12.3961],[78.4956,12.4067],[78.5005,12.4074],[78.5087,12.3988],[78.5141,12.4074],[78.5256,12.3986],[78.5434,12.3982],[78.5564,12.3901],[78.5673,12.3891],[78.5696,12.3801],[78.5844,12.3606],[78.612,12.3522],[78.6172,12.3474],[78.6111,12.33],[78.6046,12.3319],[78.5885,12.3134],[78.593,12.3073],[78.5984,12.3133],[78.6096,12.3094],[78.6098,12.2974],[78.6128,12.2928],[78.6044,12.2795],[78.6015,12.2667],[78.6037,12.2625],[78.6098,12.2613],[78.6168,12.2676],[78.6237,12.2651],[78.6401,12.2813],[78.6437,12.2808],[78.6405,12.2675],[78.6352,12.2612],[78.6481,12.2583],[78.6528,12.2521],[78.6506,12.2405],[78.6672,12.231],[78.6714,12.2218],[78.6667,12.2077],[78.6568,12.1977],[78.644,12.2053],[78.6334,12.1773],[78.6133,12.1837],[78.59,12.1645],[78.5815,12.1659],[78.5727,12.1941],[78.5537,12.1805],[78.5154,12.1778],[78.5158,12.1704],[78.5067,12.1549],[78.5088,12.1497],[78.5067,12.1442],[78.5036,12.1459],[78.4964,12.141],[78.4664,12.1508],[78.4735,12.1716],[78.4467,12.1838],[78.4435,12.1912],[78.4197,12.1908],[78.4116,12.1958],[78.4042,12.1931],[78.4031,12.1878],[78.3994,12.186],[78.3977,12.1907],[78.3908,12.1856],[78.3822,12.1944],[78.3749,12.1946],[78.3786,12.2061],[78.3924,12.2063],[78.4026,12.2234],[78.3969,12.2229],[78.3835,12.229],[78.3788,12.2217],[78.3694,12.2264],[78.3632,12.2223],[78.3546,12.2256],[78.3583,12.2354],[78.3489,12.2504],[78.3535,12.2574],[78.3522,12.2664],[78.3554,12.2713],[78.3489,12.2728],[78.3456,12.2794],[78.3362,12.2811],[78.3253,12.2918],[78.3355,12.318],[78.3472,12.3158],[78.3506,12.3121],[78.3648,12.3179],[78.3827,12.3183],[78.3859,12.333],[78.3839,12.3378],[78.389,12.3503],[78.3864,12.3639],[78.4037,12.3808],[78.3861,12.401],[78.3772,12.4015],[78.363,12.4116],[78.3684,12.4191],[78.3686,12.4277],[78.376,12.4287],[78.3767,12.4423],[78.3901,12.4436],[78.3916,12.452],[78.4109,12.4436]]]}},{"type":"Feature","bbox":[78.2255,12.2504,78.4422,12.6665],"properties":{"kind":"ac","ac":52,"name":"Bargur","pc":"Krishnagiri","mla":"E. C. Govindarasan","mla_party":"AIADMK","mp":"K. Gopinath","mp_party":"INC"},"geometry":{"type":"Polygon","coordinates":[[[78.4126,12.6269],[78.4067,12.6201],[78.4104,12.6136],[78.4073,12.6022],[78.4102,12.5992],[78.4098,12.5876],[78.4212,12.5702],[78.416,12.5503],[78.4168,12.5349],[78.4144,12.5307],[78.4168,12.5243],[78.413,12.5173],[78.4192,12.5137],[78.4197,12.508],[78.4152,12.4823],[78.4184,12.4767],[78.425,12.4736],[78.4246,12.4698],[78.434,12.4556],[78.4422,12.4505],[78.436,12.4447],[78.4261,12.4447],[78.416,12.4263],[78.4099,12.4365],[78.4109,12.4436],[78.3916,12.452],[78.3901,12.4436],[78.3767,12.4423],[78.376,12.4287],[78.3686,12.4277],[78.3684,12.4191],[78.363,12.4116],[78.3772,12.4015],[78.3861,12.401],[78.3991,12.3885],[78.4037,12.3781],[78.3864,12.3639],[78.389,12.3503],[78.3839,12.3378],[78.3859,12.333],[78.3827,12.3183],[78.3648,12.3179],[78.3506,12.3121],[78.3472,12.3158],[78.3355,12.318],[78.3306,12.3082],[78.3255,12.2909],[78.3364,12.2809],[78.346,12.2792],[78.349,12.2726],[78.3554,12.2713],[78.3522,12.2664],[78.3535,12.2574],[78.3489,12.2504],[78.3296,12.2654],[78.3196,12.2594],[78.2999,12.2735],[78.2797,12.2658],[78.2764,12.2615],[78.2681,12.2615],[78.2603,12.2782],[78.2611,12.2918],[78.2364,12.3023],[78.2341,12.3126],[78.2255,12.318],[78.2371,12.3224],[78.2486,12.317],[78.2481,12.3202],[78.2564,12.3279],[78.2585,12.3377],[78.2493,12.3475],[78.2476,12.3617],[78.2499,12.3709],[78.2478,12.3738],[78.2425,12.3721],[78.2358,12.3754],[78.2321,12.3922],[78.2269,12.3976],[78.2391,12.4094],[78.2428,12.4172],[78.245,12.413],[78.2628,12.4146],[78.2598,12.4268],[78.252,12.4289],[78.2561,12.4407],[78.2476,12.4534],[78.2599,12.4604],[78.2632,12.4704],[78.2602,12.4813],[78.2525,12.4849],[78.2481,12.4927],[78.2619,12.5247],[78.2595,12.5435],[78.2643,12.5441],[78.2856,12.5722],[78.2825,12.5877],[78.2881,12.6056],[78.2914,12.6449],[78.3002,12.6494],[78.2984,12.6608],[78.3052,12.6665],[78.3192,12.6614],[78.3322,12.6493],[78.3436,12.6488],[78.3556,12.6365],[78.3714,12.6272],[78.3794,12.6251],[78.4126,12.6269]]]}},{"type":"Feature","bbox":[78.0478,12.3169,78.2881,12.6173],"properties":{"kind":"ac","ac":53,"name":"Krishnagiri","pc":"Krishnagiri","mla":"P. Mukundhan","mla_party":"TVK","mp":"K. Gopinath","mp_party":"INC"},"geometry":{"type":"Polygon","coordinates":[[[78.2738,12.6103],[78.2872,12.6154],[78.2881,12.6056],[78.2825,12.5877],[78.2856,12.5722],[78.2643,12.5441],[78.2595,12.5435],[78.2619,12.5247],[78.2481,12.4927],[78.2525,12.4849],[78.2602,12.4813],[78.2632,12.4704],[78.2599,12.4604],[78.2476,12.4534],[78.2561,12.4407],[78.252,12.4289],[78.2598,12.4268],[78.2628,12.4146],[78.245,12.413],[78.2428,12.4172],[78.2391,12.4094],[78.2269,12.3976],[78.2321,12.3922],[78.2358,12.3754],[78.2425,12.3721],[78.2478,12.3738],[78.25,12.3705],[78.2476,12.3617],[78.2493,12.3475],[78.2585,12.3377],[78.2564,12.3279],[78.2481,12.3202],[78.2483,12.3169],[78.2371,12.3224],[78.2413,12.3311],[78.2368,12.336],[78.239,12.3437],[78.2349,12.3446],[78.2246,12.3422],[78.2161,12.3336],[78.2033,12.3277],[78.2013,12.3331],[78.1877,12.3353],[78.1865,12.3317],[78.1788,12.3357],[78.1761,12.3328],[78.1639,12.3508],[78.1657,12.3635],[78.143,12.3701],[78.1299,12.3936],[78.128,12.4101],[78.1317,12.4249],[78.1262,12.434],[78.1133,12.4349],[78.1098,12.4381],[78.1167,12.4475],[78.1151,12.4508],[78.1065,12.4505],[78.0961,12.4428],[78.0798,12.4489],[78.0759,12.4606],[78.0581,12.4647],[78.0538,12.472],[78.0478,12.4752],[78.049,12.4957],[78.061,12.5202],[78.0625,12.5324],[78.0656,12.5308],[78.0715,12.5345],[78.0818,12.5583],[78.0918,12.5601],[78.0987,12.5716],[78.0998,12.5914],[78.1017,12.5954],[78.1072,12.5963],[78.1125,12.6113],[78.134,12.6054],[78.1414,12.5994],[78.1422,12.5935],[78.1358,12.5957],[78.1313,12.5882],[78.1328,12.5804],[78.1394,12.5761],[78.1452,12.5794],[78.1626,12.5745],[78.1655,12.5792],[78.1705,12.5785],[78.1703,12.5712],[78.1775,12.5628],[78.1958,12.5645],[78.2007,12.5686],[78.205,12.5791],[78.198,12.6049],[78.2042,12.6146],[78.2187,12.6129],[78.2165,12.6083],[78.2231,12.5993],[78.2396,12.589],[78.2485,12.5994],[78.2513,12.593],[78.2628,12.5917],[78.2606,12.5964],[78.2644,12.601],[78.267,12.6173],[78.2738,12.6103]]]}},{"type":"Feature","bbox":[77.862,12.4475,78.3026,12.8581],"properties":{"kind":"ac","ac":54,"name":"Veppanahalli","pc":"Krishnagiri","mla":"P. S. Srinivasan","mla_party":"DMK","mp":"K. Gopinath","mp_party":"INC"},"geometry":{"type":"Polygon","coordinates":[[[78.0859,12.8321],[78.0901,12.8174],[78.1093,12.8045],[78.125,12.7982],[78.1259,12.7917],[78.1342,12.782],[78.1451,12.781],[78.1676,12.7701],[78.1774,12.776],[78.1842,12.7763],[78.1889,12.772],[78.1952,12.7739],[78.2129,12.7651],[78.2239,12.7659],[78.2307,12.7609],[78.2408,12.7296],[78.2312,12.7126],[78.2271,12.7149],[78.2181,12.7089],[78.2134,12.711],[78.2121,12.7077],[78.2072,12.7082],[78.2054,12.7058],[78.2099,12.7006],[78.1993,12.6955],[78.201,12.6918],[78.2098,12.6905],[78.2123,12.6885],[78.2106,12.6861],[78.2377,12.6858],[78.2393,12.7011],[78.2445,12.7064],[78.2711,12.7051],[78.3026,12.6663],[78.2983,12.6599],[78.3002,12.6494],[78.2942,12.648],[78.2908,12.6427],[78.2888,12.6161],[78.2742,12.6102],[78.267,12.6173],[78.2644,12.601],[78.2606,12.5964],[78.2628,12.5917],[78.2513,12.593],[78.2485,12.5994],[78.2393,12.5891],[78.2231,12.5993],[78.2165,12.6083],[78.2187,12.6129],[78.2042,12.6146],[78.2005,12.6122],[78.1979,12.6019],[78.2025,12.5939],[78.205,12.5785],[78.1958,12.5645],[78.1769,12.563],[78.1703,12.5712],[78.1712,12.5779],[78.1668,12.5794],[78.1626,12.5745],[78.1452,12.5794],[78.1391,12.5763],[78.1326,12.5807],[78.1311,12.5876],[78.1357,12.5957],[78.1422,12.5935],[78.1414,12.5994],[78.134,12.6054],[78.1125,12.6113],[78.1072,12.5963],[78.1017,12.5954],[78.0998,12.5914],[78.0987,12.5716],[78.0918,12.5601],[78.0818,12.5583],[78.0715,12.5345],[78.0656,12.5308],[78.0625,12.5324],[78.061,12.5202],[78.0513,12.5048],[78.0478,12.4752],[78.04,12.473],[78.0379,12.4543],[78.032,12.4475],[78.0218,12.4534],[78.019,12.4591],[78.0218,12.4733],[78.0125,12.4898],[78.0155,12.5046],[78.0053,12.5046],[77.9989,12.4993],[77.994,12.5006],[77.992,12.5106],[77.9878,12.5125],[77.9845,12.5106],[77.9823,12.5027],[77.9665,12.4935],[77.9561,12.483],[77.9454,12.4994],[77.9388,12.5182],[77.9196,12.5053],[77.9087,12.5115],[77.8958,12.5326],[77.8986,12.5501],[77.8934,12.56],[77.9126,12.576],[77.9156,12.5864],[77.9116,12.5892],[77.9052,12.6063],[77.8985,12.6038],[77.8852,12.6078],[77.8748,12.6165],[77.862,12.6218],[77.8623,12.6308],[77.8759,12.6457],[77.8717,12.6514],[77.8738,12.6612],[77.8781,12.6652],[77.8918,12.6674],[77.8989,12.6727],[77.9086,12.6718],[77.9111,12.6827],[77.9089,12.6944],[77.8944,12.7026],[77.895,12.7068],[77.9002,12.7086],[77.9019,12.7143],[77.9118,12.7105],[77.9318,12.7645],[77.9398,12.764],[77.9447,12.7573],[77.956,12.7515],[77.991,12.7622],[77.9949,12.777],[77.9911,12.7881],[78.0023,12.7916],[78.0085,12.8067],[78.0153,12.8138],[78.0039,12.8256],[78.0106,12.831],[78.0183,12.8311],[78.0191,12.844],[78.0243,12.8418],[78.029,12.8452],[78.0297,12.849],[78.024,12.8526],[78.0238,12.8566],[78.0306,12.8581],[78.0307,12.8525],[78.0504,12.8488],[78.0535,12.8538],[78.059,12.8512],[78.0602,12.8439],[78.077,12.8392],[78.0738,12.8306],[78.0859,12.8321]]]}},{"type":"Feature","bbox":[77.7559,12.5772,78.0085,12.8911],"properties":{"kind":"ac","ac":55,"name":"Hosur","pc":"Krishnagiri","mla":"P. Balakrishna Reddy","mla_party":"AIADMK","mp":"K. Gopinath","mp_party":"INC"},"geometry":{"type":"Polygon","coordinates":[[[77.8356,12.8714],[77.8504,12.8659],[77.8575,12.8688],[77.8758,12.8671],[77.8764,12.8693],[77.8903,12.8697],[77.8947,12.8785],[77.9084,12.8789],[77.9086,12.8849],[77.9219,12.8842],[77.9251,12.8901],[77.9294,12.8911],[77.9359,12.8872],[77.936,12.8835],[77.9339,12.8806],[77.9273,12.8816],[77.9276,12.8743],[77.9416,12.8723],[77.9411,12.8679],[77.9234,12.8563],[77.9243,12.8507],[77.9176,12.8389],[77.9208,12.8282],[77.9265,12.8303],[77.9308,12.8252],[77.941,12.8232],[77.9469,12.8383],[77.9408,12.8453],[77.9409,12.8547],[77.9442,12.8581],[77.9506,12.8572],[77.9517,12.8526],[77.9548,12.8524],[77.953,12.8502],[77.9655,12.8486],[77.9641,12.834],[77.9805,12.8353],[77.9793,12.8277],[77.99,12.8218],[77.9884,12.8086],[78.0085,12.8067],[78.0023,12.7916],[77.9911,12.7881],[77.9949,12.777],[77.991,12.7622],[77.956,12.7515],[77.9447,12.7573],[77.9398,12.764],[77.9318,12.7645],[77.9118,12.7105],[77.9019,12.7143],[77.9002,12.7086],[77.895,12.7068],[77.8944,12.7026],[77.9089,12.6944],[77.9111,12.6827],[77.9086,12.6718],[77.8984,12.6725],[77.8738,12.6612],[77.8602,12.6634],[77.8554,12.6758],[77.8514,12.6762],[77.8463,12.6679],[77.8377,12.6635],[77.8301,12.6517],[77.817,12.6496],[77.8167,12.6401],[77.8081,12.6298],[77.817,12.6252],[77.8164,12.621],[77.8075,12.6106],[77.8006,12.6078],[77.7938,12.5865],[77.788,12.593],[77.7795,12.5942],[77.7766,12.5879],[77.7684,12.5882],[77.7668,12.5814],[77.7613,12.5772],[77.7566,12.5799],[77.762,12.5968],[77.7655,12.5945],[77.7727,12.6015],[77.7624,12.6191],[77.7633,12.6275],[77.7559,12.6377],[77.7568,12.6413],[77.7726,12.6474],[77.7746,12.6534],[77.7813,12.657],[77.7776,12.6696],[77.7705,12.6721],[77.7654,12.6804],[77.7651,12.6929],[77.76,12.6932],[77.7592,12.6971],[77.7645,12.7006],[77.7661,12.7133],[77.7695,12.7124],[77.7746,12.7239],[77.7612,12.7269],[77.762,12.7333],[77.7677,12.7393],[77.7841,12.7408],[77.7918,12.747],[77.7947,12.7581],[77.7788,12.7679],[77.7982,12.7957],[77.8061,12.794],[77.8084,12.7967],[77.8032,12.8048],[77.7996,12.8054],[77.8019,12.8173],[77.8097,12.8156],[77.8077,12.823],[77.8098,12.8315],[77.7956,12.8348],[77.7922,12.8431],[77.7971,12.8451],[77.7988,12.852],[77.8077,12.8477],[77.8151,12.8557],[77.8223,12.8559],[77.8248,12.8604],[77.8309,12.862],[77.8313,12.8678],[77.8356,12.8714]]]}},{"type":"Feature","bbox":[77.4711,12.1476,77.9716,12.701],"properties":{"kind":"ac","ac":56,"name":"Thalli","pc":"Krishnagiri","mla":"T. Ramachandran","mla_party":"CPI","mp":"K. Gopinath","mp_party":"INC"},"geometry":{"type":"Polygon","coordinates":[[[77.7592,12.6971],[77.76,12.6932],[77.7651,12.6929],[77.7654,12.6804],[77.7705,12.6721],[77.7776,12.6696],[77.7813,12.657],[77.7746,12.6534],[77.7726,12.6474],[77.7568,12.6413],[77.7559,12.6377],[77.7633,12.6275],[77.7624,12.6191],[77.7727,12.6015],[77.7655,12.5945],[77.762,12.5968],[77.7566,12.5799],[77.7643,12.5777],[77.7684,12.5882],[77.7766,12.5879],[77.7795,12.5942],[77.788,12.593],[77.7938,12.5865],[77.8006,12.6078],[77.8075,12.6106],[77.8164,12.621],[77.817,12.6252],[77.8081,12.6298],[77.8167,12.6401],[77.817,12.6496],[77.8301,12.6517],[77.8377,12.6635],[77.8463,12.6679],[77.8514,12.6762],[77.8554,12.6758],[77.8602,12.6634],[77.875,12.6609],[77.8717,12.6514],[77.8759,12.6457],[77.8623,12.6308],[77.862,12.6218],[77.8748,12.6165],[77.8852,12.6078],[77.8985,12.6038],[77.9052,12.6063],[77.9159,12.5819],[77.9023,12.5653],[77.8934,12.56],[77.8986,12.5501],[77.8958,12.5326],[77.9087,12.5115],[77.891,12.5019],[77.8915,12.4992],[77.8957,12.4932],[77.9189,12.4935],[77.9304,12.4746],[77.9263,12.4609],[77.9276,12.4533],[77.9301,12.45],[77.9431,12.4508],[77.9466,12.4485],[77.9637,12.4279],[77.9661,12.4187],[77.9716,12.4124],[77.9698,12.3972],[77.9496,12.3739],[77.9554,12.3546],[77.9498,12.3449],[77.9515,12.3371],[77.9302,12.3238],[77.8781,12.3347],[77.8691,12.3285],[77.8754,12.3246],[77.8729,12.3119],[77.8752,12.2945],[77.8673,12.2659],[77.863,12.258],[77.8593,12.2576],[77.8469,12.2636],[77.8335,12.2449],[77.8149,12.2341],[77.811,12.2218],[77.8097,12.1986],[77.8034,12.1792],[77.7947,12.1655],[77.7975,12.151],[77.7954,12.1476],[77.7779,12.1587],[77.775,12.1703],[77.761,12.1682],[77.7461,12.1574],[77.7354,12.1697],[77.7313,12.1802],[77.7023,12.1842],[77.6652,12.1983],[77.6376,12.1968],[77.6298,12.2023],[77.6209,12.2],[77.6093,12.2062],[77.5967,12.1994],[77.5804,12.1982],[77.5738,12.201],[77.5653,12.1964],[77.5462,12.2048],[77.5358,12.1987],[77.5281,12.199],[77.5187,12.1946],[77.4927,12.1974],[77.4864,12.2039],[77.4754,12.2056],[77.4719,12.209],[77.4823,12.2332],[77.4785,12.2401],[77.4711,12.2436],[77.4735,12.2555],[77.4779,12.2588],[77.4789,12.2712],[77.4872,12.2799],[77.4933,12.2786],[77.5,12.2826],[77.5084,12.2761],[77.5142,12.2754],[77.5272,12.2788],[77.5328,12.2915],[77.5513,12.2913],[77.5579,12.3058],[77.566,12.3063],[77.5786,12.3357],[77.5915,12.3402],[77.6008,12.3585],[77.613,12.3612],[77.6168,12.3683],[77.6233,12.4123],[77.6296,12.4184],[77.6261,12.4308],[77.6291,12.4464],[77.6272,12.4585],[77.6307,12.4703],[77.6331,12.4705],[77.6346,12.4877],[77.6261,12.4964],[77.6074,12.4752],[77.5957,12.4749],[77.5837,12.4789],[77.6024,12.4972],[77.6148,12.5045],[77.6162,12.5099],[77.6124,12.515],[77.5873,12.5152],[77.5864,12.5458],[77.5803,12.5518],[77.5793,12.5732],[77.5914,12.5923],[77.5909,12.6154],[77.5931,12.6205],[77.6058,12.6292],[77.6045,12.6384],[77.5963,12.6494],[77.5986,12.6676],[77.6595,12.6842],[77.6769,12.6794],[77.6781,12.6607],[77.7002,12.6608],[77.7108,12.667],[77.7116,12.683],[77.7227,12.6795],[77.725,12.6712],[77.7404,12.6736],[77.7414,12.6845],[77.7354,12.6933],[77.74,12.701],[77.7592,12.6971]]]}},{"type":"Feature","bbox":[77.891,12.1867,78.2764,12.518],"properties":{"kind":"ac","ac":57,"name":"Palacode","pc":"Dharmapuri","mla":"K. P. Anbalagan","mla_party":"AIADMK","mp":"A. Mani","mp_party":"DMK"},"geometry":{"type":"Polygon","coordinates":[[[77.9389,12.518],[77.9454,12.4994],[77.9561,12.483],[77.9665,12.4935],[77.9823,12.5027],[77.9845,12.5106],[77.9878,12.5125],[77.992,12.5106],[77.994,12.5006],[77.9989,12.4993],[78.0053,12.5046],[78.0155,12.5046],[78.0125,12.4898],[78.0218,12.4733],[78.019,12.4591],[78.0218,12.4534],[78.032,12.4475],[78.0379,12.4543],[78.04,12.473],[78.0478,12.4752],[78.0538,12.472],[78.0581,12.4647],[78.0759,12.4606],[78.0798,12.4489],[78.0961,12.4428],[78.1065,12.4505],[78.1151,12.4508],[78.1167,12.4475],[78.1098,12.4381],[78.1133,12.4349],[78.1262,12.434],[78.1317,12.4249],[78.128,12.4101],[78.1299,12.3936],[78.143,12.3701],[78.1657,12.3635],[78.1639,12.3508],[78.1761,12.3328],[78.1788,12.3357],[78.1865,12.3317],[78.1877,12.3353],[78.2013,12.3331],[78.2033,12.3277],[78.2161,12.3336],[78.2246,12.3422],[78.239,12.3437],[78.2368,12.336],[78.2413,12.3311],[78.2371,12.3221],[78.2255,12.318],[78.2341,12.3126],[78.2364,12.3023],[78.2611,12.2918],[78.2603,12.2782],[78.2681,12.2615],[78.2764,12.2615],[78.2705,12.2503],[78.2619,12.2453],[78.2535,12.2255],[78.2475,12.2271],[78.2358,12.218],[78.2232,12.2172],[78.2029,12.201],[78.2021,12.2074],[78.1907,12.2033],[78.1811,12.2072],[78.1694,12.1998],[78.1727,12.1963],[78.1708,12.1933],[78.1508,12.1921],[78.1453,12.1867],[78.1404,12.2017],[78.1433,12.212],[78.1398,12.2165],[78.1399,12.2294],[78.1304,12.2376],[78.1333,12.2412],[78.1303,12.2449],[78.125,12.2443],[78.1161,12.2307],[78.1047,12.2397],[78.1025,12.2476],[78.0986,12.2494],[78.0924,12.2468],[78.0936,12.2391],[78.0897,12.2372],[78.0899,12.2423],[78.0835,12.2453],[78.079,12.2397],[78.0745,12.2407],[78.072,12.2681],[78.0662,12.2675],[78.0504,12.2755],[78.0384,12.2747],[77.9988,12.2599],[77.987,12.2586],[77.9783,12.2586],[77.9679,12.268],[77.9581,12.2692],[77.9532,12.281],[77.9401,12.2937],[77.9345,12.3051],[77.9276,12.3092],[77.9254,12.3239],[77.9341,12.3253],[77.9515,12.3371],[77.9498,12.3449],[77.9554,12.3546],[77.9496,12.3739],[77.9698,12.3972],[77.9716,12.4124],[77.9661,12.4187],[77.9637,12.4279],[77.9466,12.4485],[77.9431,12.4508],[77.9301,12.45],[77.9276,12.4533],[77.9263,12.4609],[77.9304,12.4746],[77.9189,12.4935],[77.8957,12.4932],[77.891,12.5019],[77.9062,12.5115],[77.9196,12.5053],[77.9389,12.518]]]}},{"type":"Feature","bbox":[77.6747,11.8946,78.1453,12.3347],"properties":{"kind":"ac","ac":58,"name":"Pennagaram","pc":"Dharmapuri","mla":"S. Gajendran","mla_party":"TVK","mp":"A. Mani","mp_party":"DMK"},"geometry":{"type":"Polygon","coordinates":[[[77.9679,12.268],[77.9783,12.2586],[77.9988,12.2599],[78.0206,12.2699],[78.0504,12.2755],[78.0662,12.2675],[78.072,12.2681],[78.0745,12.2407],[78.079,12.2397],[78.0835,12.2453],[78.0899,12.2423],[78.0897,12.2372],[78.0936,12.2391],[78.0924,12.2468],[78.0986,12.2494],[78.1025,12.2476],[78.1047,12.2397],[78.1161,12.2307],[78.125,12.2443],[78.1303,12.2449],[78.1333,12.2412],[78.1304,12.2376],[78.1399,12.2294],[78.1398,12.2165],[78.1433,12.212],[78.1404,12.2017],[78.1453,12.1867],[78.1391,12.1818],[78.1135,12.1783],[78.1048,12.1824],[78.1042,12.1882],[78.0989,12.1888],[78.0949,12.1938],[78.0838,12.1885],[78.0765,12.1905],[78.073,12.1867],[78.067,12.1935],[78.0638,12.1928],[78.0552,12.1821],[78.0493,12.1848],[78.0393,12.1807],[78.0243,12.1596],[78.0192,12.1575],[78.0125,12.1371],[77.9851,12.1327],[77.9797,12.1365],[77.9715,12.1368],[77.9523,12.1242],[77.9505,12.1203],[77.9556,12.113],[77.9567,12.1007],[77.9507,12.0888],[77.9382,12.0878],[77.9365,12.0956],[77.9277,12.0831],[77.9292,12.0791],[77.9468,12.0799],[77.9532,12.0767],[77.9756,12.0552],[77.987,12.0623],[77.9987,12.0651],[78.0057,12.0633],[78.012,12.0704],[78.0394,12.053],[78.0096,12.0152],[78.0013,12.0195],[78.001,12.0244],[77.9926,12.0196],[77.9876,12.0215],[77.9872,12.0172],[77.982,12.0188],[77.9794,12.0096],[77.9649,11.9905],[77.9696,11.9816],[77.9593,11.9747],[77.958,11.9796],[77.954,11.9791],[77.9549,11.9736],[77.9657,11.9678],[77.9642,11.9641],[77.948,11.9663],[77.9371,11.953],[77.9388,11.9475],[77.9291,11.9077],[77.9345,11.9003],[77.9214,11.901],[77.9176,11.8984],[77.9051,11.9004],[77.8951,11.9078],[77.887,11.908],[77.8828,11.9123],[77.8734,11.9108],[77.8673,11.9159],[77.8501,11.9051],[77.8512,11.8993],[77.8476,11.8946],[77.835,11.9014],[77.8074,11.9092],[77.7624,11.9101],[77.7505,11.9281],[77.7453,11.9274],[77.7404,11.9317],[77.7376,11.9402],[77.7012,11.9436],[77.6913,11.9419],[77.6756,11.952],[77.6747,11.966],[77.6963,12.0159],[77.7089,12.0361],[77.7275,12.0621],[77.7557,12.0798],[77.7677,12.1067],[77.7764,12.1123],[77.7738,12.1206],[77.7509,12.1371],[77.7468,12.1446],[77.7461,12.1574],[77.761,12.1682],[77.775,12.1703],[77.7779,12.1587],[77.7954,12.1476],[77.7975,12.151],[77.7947,12.1655],[77.8034,12.1792],[77.8097,12.1986],[77.811,12.2218],[77.8149,12.2341],[77.8335,12.2449],[77.8469,12.2636],[77.8593,12.2576],[77.863,12.258],[77.8673,12.2659],[77.8752,12.2945],[77.8729,12.3119],[77.8754,12.3246],[77.8691,12.3285],[77.8781,12.3347],[77.9208,12.3268],[77.9254,12.3239],[77.9276,12.3092],[77.9345,12.3051],[77.9401,12.2937],[77.9532,12.281],[77.9581,12.2692],[77.9679,12.268]]]}},{"type":"Feature","bbox":[77.9277,11.8949,78.2092,12.1938],"properties":{"kind":"ac","ac":59,"name":"Dharmapuri","pc":"Dharmapuri","mla":"Sowmiya Anbumani","mla_party":"PMK","mp":"A. Mani","mp_party":"DMK"},"geometry":{"type":"Polygon","coordinates":[[[78.1135,12.1783],[78.1039,12.1517],[78.1135,12.1314],[78.1211,12.1254],[78.1325,12.1241],[78.144,12.1419],[78.1557,12.1418],[78.1584,12.1497],[78.1691,12.1429],[78.1775,12.1522],[78.1859,12.149],[78.1898,12.1431],[78.2092,12.1356],[78.2058,12.1225],[78.1984,12.1233],[78.1958,12.1285],[78.1917,12.1208],[78.1719,12.1269],[78.1609,12.1036],[78.1486,12.1018],[78.1467,12.0949],[78.1478,12.0874],[78.1575,12.0862],[78.1597,12.0783],[78.1643,12.0742],[78.1645,12.0647],[78.1693,12.0556],[78.1747,12.0593],[78.1885,12.0544],[78.1813,12.0455],[78.183,12.0412],[78.1922,12.0406],[78.1918,12.0361],[78.1859,12.0368],[78.173,12.0285],[78.1613,12.0345],[78.1593,12.0329],[78.1408,12.0048],[78.1529,11.9925],[78.1533,11.988],[78.1268,11.9867],[78.1154,11.9731],[78.1162,11.9657],[78.1194,11.963],[78.1166,11.9587],[78.1006,11.9556],[78.0962,11.9533],[78.0953,11.9489],[78.0915,11.9499],[78.0802,11.9444],[78.0738,11.9371],[78.0525,11.9386],[78.0347,11.935],[78.0269,11.9209],[78.011,11.9216],[77.9982,11.9093],[77.9798,11.9027],[77.9781,11.8966],[77.9702,11.8955],[77.9556,11.9009],[77.9481,11.8949],[77.9348,11.9001],[77.9291,11.9077],[77.9388,11.9475],[77.9371,11.953],[77.948,11.9663],[77.9642,11.9641],[77.9657,11.9678],[77.9549,11.9736],[77.954,11.9791],[77.958,11.9796],[77.9593,11.9747],[77.9696,11.9816],[77.9649,11.9905],[77.9794,12.0096],[77.982,12.0188],[77.9872,12.0172],[77.9876,12.0215],[77.9926,12.0196],[78.001,12.0244],[78.0013,12.0195],[78.0096,12.0152],[78.0394,12.053],[78.012,12.0704],[78.0057,12.0633],[77.9987,12.0651],[77.987,12.0623],[77.9756,12.0552],[77.9532,12.0767],[77.9468,12.0799],[77.9292,12.0791],[77.9277,12.0831],[77.9365,12.0956],[77.9382,12.0878],[77.9507,12.0888],[77.9567,12.1007],[77.9556,12.113],[77.9505,12.1203],[77.9523,12.1242],[77.9715,12.1368],[77.9797,12.1365],[77.9851,12.1327],[78.0125,12.1371],[78.0192,12.1575],[78.0243,12.1596],[78.0393,12.1807],[78.0493,12.1848],[78.0552,12.1821],[78.0638,12.1928],[78.067,12.1935],[78.073,12.1867],[78.0765,12.1905],[78.0838,12.1885],[78.0949,12.1938],[78.0989,12.1888],[78.1042,12.1882],[78.1048,12.1824],[78.1135,12.1783]]]}},{"type":"Feature","bbox":[78.1039,11.8815,78.4819,12.2271],"properties":{"kind":"ac","ac":60,"name":"Pappireddipatti","pc":"Dharmapuri","mla":"Maragatham Vetrivel","mla_party":"AIADMK","mp":"A. Mani","mp_party":"DMK"},"geometry":{"type":"Polygon","coordinates":[[[78.2475,12.2271],[78.269,12.2241],[78.2791,12.2172],[78.2767,12.2049],[78.2818,12.2035],[78.2807,12.1953],[78.2694,12.1785],[78.2752,12.1658],[78.2874,12.1617],[78.2909,12.1557],[78.2869,12.1481],[78.294,12.1413],[78.3197,12.1395],[78.3184,12.1192],[78.3248,12.1144],[78.322,12.1092],[78.3308,12.1087],[78.3512,12.1226],[78.3629,12.1205],[78.3694,12.1148],[78.3676,12.1105],[78.3613,12.1096],[78.3557,12.0935],[78.3613,12.0888],[78.3675,12.0943],[78.3727,12.0919],[78.3746,12.0841],[78.3803,12.0864],[78.391,12.0836],[78.385,12.0617],[78.3949,12.0465],[78.4024,12.0516],[78.4056,12.0594],[78.4095,12.0613],[78.4127,12.0588],[78.4221,12.0633],[78.4307,12.0719],[78.4359,12.072],[78.4438,12.0646],[78.445,12.0587],[78.4357,12.0486],[78.4313,12.0291],[78.4433,12.0275],[78.4482,12.0225],[78.4446,12.0187],[78.4408,12.02],[78.4404,12.0066],[78.4314,12.0061],[78.4236,12.0009],[78.4209,11.9875],[78.4309,11.9808],[78.4458,11.989],[78.4482,11.9819],[78.4552,11.981],[78.4622,11.9756],[78.4665,11.9667],[78.4715,11.9742],[78.4819,11.9616],[78.4773,11.9557],[78.4777,11.9504],[78.4623,11.935],[78.4585,11.9403],[78.4505,11.9439],[78.4416,11.9283],[78.4246,11.91],[78.4203,11.8999],[78.4069,11.9018],[78.3942,11.8965],[78.387,11.8896],[78.3559,11.8908],[78.3534,11.8936],[78.3605,11.9083],[78.3572,11.9135],[78.3401,11.8967],[78.3352,11.9005],[78.3081,11.8815],[78.307,11.8836],[78.3266,11.8988],[78.3234,11.9043],[78.3316,11.9193],[78.3295,11.9255],[78.3178,11.9319],[78.308,11.9224],[78.3001,11.921],[78.292,11.9139],[78.2927,11.9062],[78.2801,11.8991],[78.2692,11.899],[78.2798,11.9131],[78.2798,11.9232],[78.2883,11.924],[78.2931,11.929],[78.2902,11.9317],[78.2853,11.929],[78.2767,11.9315],[78.2597,11.9111],[78.258,11.9135],[78.2634,11.9275],[78.2733,11.9387],[78.2562,11.9399],[78.2548,11.9336],[78.2422,11.9266],[78.2359,11.9182],[78.2352,11.9188],[78.2496,11.9377],[78.2521,11.9496],[78.2449,11.9686],[78.2379,11.9725],[78.2343,11.9791],[78.1905,11.9739],[78.1855,11.9707],[78.1753,11.9721],[78.1627,11.967],[78.1449,11.9685],[78.1355,11.9635],[78.1289,11.9644],[78.1221,11.9588],[78.1187,11.9599],[78.1153,11.9729],[78.1268,11.9867],[78.1533,11.988],[78.1529,11.9925],[78.1408,12.0048],[78.1593,12.0329],[78.1613,12.0345],[78.173,12.0285],[78.1859,12.0368],[78.1922,12.0372],[78.1922,12.0406],[78.183,12.0412],[78.1813,12.0455],[78.1885,12.0544],[78.1747,12.0593],[78.1693,12.0556],[78.1645,12.0647],[78.1643,12.0742],[78.1597,12.0783],[78.1575,12.0862],[78.1467,12.0891],[78.1482,12.1014],[78.1609,12.1036],[78.1719,12.1269],[78.1917,12.1208],[78.1958,12.1285],[78.1984,12.1233],[78.2058,12.1225],[78.2092,12.1354],[78.1898,12.1431],[78.1859,12.149],[78.1775,12.1522],[78.1691,12.1429],[78.1584,12.1497],[78.1557,12.1418],[78.144,12.1419],[78.1325,12.1241],[78.1211,12.1254],[78.1135,12.1314],[78.1039,12.1517],[78.1133,12.1783],[78.1391,12.1818],[78.1508,12.1921],[78.1708,12.1933],[78.1727,12.1963],[78.1694,12.1998],[78.1811,12.2072],[78.1907,12.2033],[78.2021,12.2074],[78.2029,12.201],[78.2232,12.2172],[78.2358,12.218],[78.2475,12.2271]]]}},{"type":"Feature","bbox":[78.2535,11.7762,78.7454,12.2735],"properties":{"kind":"ac","ac":61,"name":"Harur","pc":"Dharmapuri","mla":"V. Sampathkumar","mla_party":"AIADMK","mp":"A. Mani","mp_party":"DMK"},"geometry":{"type":"Polygon","coordinates":[[[78.3489,12.2504],[78.3583,12.2354],[78.3546,12.2256],[78.3632,12.2223],[78.3694,12.2264],[78.3788,12.2217],[78.3835,12.229],[78.3969,12.2229],[78.4026,12.2234],[78.3924,12.2063],[78.3786,12.2061],[78.3749,12.1946],[78.3822,12.1944],[78.3908,12.1856],[78.3977,12.1907],[78.3994,12.186],[78.4031,12.1878],[78.4042,12.1931],[78.4116,12.1958],[78.4197,12.1908],[78.4435,12.1912],[78.4467,12.1838],[78.4735,12.1716],[78.4664,12.1508],[78.4912,12.1412],[78.5016,12.1424],[78.5036,12.1459],[78.5067,12.1442],[78.5088,12.1497],[78.5067,12.1549],[78.5158,12.1704],[78.5154,12.1778],[78.5537,12.1805],[78.5727,12.1941],[78.5815,12.1659],[78.5843,12.1643],[78.5963,12.1681],[78.6087,12.1809],[78.6183,12.1838],[78.6334,12.1773],[78.6473,12.164],[78.642,12.1499],[78.6359,12.1472],[78.6303,12.135],[78.6314,12.128],[78.6489,12.1293],[78.657,12.125],[78.6645,12.1149],[78.6611,12.1023],[78.6842,12.1063],[78.6907,12.1152],[78.7284,12.1273],[78.7378,12.1341],[78.7454,12.1238],[78.734,12.1135],[78.7363,12.1113],[78.7228,12.0879],[78.7203,12.0685],[78.7037,12.0294],[78.6999,12.0052],[78.7017,11.9991],[78.6973,11.9922],[78.7027,11.9866],[78.7169,11.9836],[78.7102,11.9674],[78.7127,11.9508],[78.7087,11.9515],[78.7042,11.9393],[78.7106,11.9314],[78.7186,11.9282],[78.7239,11.9197],[78.7111,11.9082],[78.7084,11.8975],[78.6938,11.8941],[78.6901,11.9041],[78.6597,11.8951],[78.6517,11.8846],[78.6345,11.889],[78.6331,11.8735],[78.6275,11.872],[78.6121,11.8546],[78.5973,11.8239],[78.5726,11.8198],[78.5611,11.8119],[78.5401,11.8054],[78.5222,11.8155],[78.5125,11.8115],[78.4856,11.8185],[78.4738,11.8177],[78.4751,11.8199],[78.4688,11.8237],[78.449,11.8301],[78.4406,11.84],[78.4328,11.8624],[78.4413,11.8688],[78.4352,11.8742],[78.4143,11.8802],[78.4029,11.8736],[78.4006,11.8637],[78.3877,11.8467],[78.3819,11.8282],[78.3517,11.7932],[78.346,11.7932],[78.3293,11.7762],[78.3129,11.7831],[78.3286,11.797],[78.3508,11.8338],[78.3467,11.8398],[78.3514,11.8455],[78.3478,11.8482],[78.3513,11.8483],[78.3556,11.8644],[78.3672,11.8796],[78.3676,11.8887],[78.3779,11.8914],[78.387,11.8896],[78.3942,11.8965],[78.4071,11.9019],[78.4203,11.8999],[78.4246,11.91],[78.4416,11.9283],[78.4505,11.9439],[78.4585,11.9403],[78.4623,11.935],[78.4777,11.9504],[78.4773,11.9557],[78.4819,11.9616],[78.4715,11.9742],[78.4665,11.9667],[78.4622,11.9756],[78.4552,11.981],[78.4482,11.9819],[78.4458,11.989],[78.4309,11.9808],[78.4209,11.9875],[78.4236,12.0009],[78.4314,12.0061],[78.4404,12.0066],[78.4408,12.02],[78.4446,12.0187],[78.4482,12.0225],[78.4433,12.0275],[78.4314,12.028],[78.4357,12.0486],[78.445,12.0587],[78.4418,12.067],[78.4354,12.0722],[78.4268,12.0703],[78.4221,12.0633],[78.4127,12.0588],[78.4095,12.0613],[78.4055,12.0593],[78.4024,12.0516],[78.3949,12.0465],[78.385,12.0617],[78.391,12.0836],[78.3803,12.0864],[78.3746,12.0841],[78.3727,12.0919],[78.3675,12.0943],[78.3613,12.0888],[78.3557,12.0935],[78.3613,12.1096],[78.3676,12.1105],[78.3677,12.1166],[78.3629,12.1205],[78.3512,12.1226],[78.3308,12.1087],[78.322,12.1092],[78.3248,12.1144],[78.3184,12.1192],[78.3194,12.1399],[78.2941,12.1412],[78.2869,12.1481],[78.2909,12.1557],[78.2874,12.1617],[78.2752,12.1658],[78.2732,12.1694],[78.2694,12.1785],[78.2807,12.1953],[78.2818,12.2035],[78.2767,12.2049],[78.2791,12.2172],[78.269,12.2241],[78.2535,12.2255],[78.2619,12.2453],[78.2705,12.2503],[78.2797,12.2658],[78.2999,12.2735],[78.3196,12.2594],[78.3296,12.2654],[78.3489,12.2504]]]}},{"type":"Feature","bbox":[78.6303,11.9836,79.0233,12.5851],"properties":{"kind":"ac","ac":62,"name":"Chengam","pc":"Tiruvannamalai","mla":"T. S. Velu","mla_party":"AIADMK","mp":"C.N. Annadurai","mp_party":"DMK"},"geometry":{"type":"Polygon","coordinates":[[[78.8366,12.5816],[78.8495,12.5794],[78.8615,12.5851],[78.8718,12.5825],[78.8959,12.5555],[78.8925,12.5351],[78.8965,12.5202],[78.8819,12.503],[78.8747,12.4694],[78.8758,12.4636],[78.894,12.4406],[78.894,12.4369],[78.8761,12.4234],[78.877,12.4171],[78.8941,12.3967],[78.8954,12.3773],[78.8926,12.3729],[78.8771,12.3665],[78.8673,12.3729],[78.8675,12.3584],[78.8512,12.3465],[78.8492,12.3311],[78.834,12.3266],[78.833,12.3078],[78.84,12.3033],[78.8359,12.2979],[78.8359,12.2913],[78.8398,12.2853],[78.8567,12.279],[78.8677,12.2812],[78.8731,12.2792],[78.8753,12.2726],[78.8721,12.268],[78.8743,12.2667],[78.8823,12.2762],[78.8913,12.2798],[78.9007,12.2685],[78.9141,12.2759],[78.9256,12.2746],[78.9319,12.2701],[78.9375,12.2741],[78.939,12.2825],[78.9436,12.2867],[78.9458,12.2811],[78.9563,12.283],[78.9639,12.2754],[78.9763,12.2733],[79.01,12.2831],[79.0223,12.2759],[79.0233,12.2703],[78.9961,12.2459],[79.0045,12.2421],[79.0072,12.2365],[78.9988,12.2346],[78.9968,12.229],[78.9988,12.2241],[79.0071,12.2242],[79.008,12.2094],[78.9955,12.2082],[78.994,12.2033],[78.9806,12.2061],[78.9773,12.2026],[78.9699,12.2135],[78.9828,12.2389],[78.9766,12.2452],[78.9611,12.247],[78.9578,12.2379],[78.9591,12.2243],[78.949,12.2132],[78.969,12.198],[78.9773,12.183],[78.9744,12.177],[78.9698,12.1771],[78.9662,12.1815],[78.9568,12.179],[78.9538,12.1495],[78.9613,12.1302],[78.961,12.1139],[78.9663,12.1131],[78.9721,12.1408],[78.9842,12.1473],[78.9917,12.137],[78.9892,12.1309],[78.9844,12.1286],[78.9882,12.1209],[78.9837,12.0998],[79.0024,12.0911],[79.0044,12.0845],[79.0006,12.0762],[78.9969,12.0762],[78.9957,12.0675],[78.9915,12.0644],[78.9886,12.055],[78.9856,12.0626],[78.9776,12.0667],[78.9637,12.0647],[78.9598,12.0686],[78.9547,12.066],[78.9427,12.0527],[78.9404,12.0426],[78.9335,12.0396],[78.9281,12.029],[78.9147,12.0146],[78.8968,12.0177],[78.8925,12.0228],[78.8831,12.0234],[78.8795,12.0268],[78.8737,12.0263],[78.8645,12.0165],[78.8344,12.007],[78.8171,12.0094],[78.8042,12.0195],[78.7921,12.0118],[78.7757,12.007],[78.7574,12.0116],[78.7458,11.9972],[78.7373,11.9935],[78.7352,11.9906],[78.7375,11.9874],[78.718,11.9882],[78.7169,11.9836],[78.7043,11.9862],[78.6973,11.9922],[78.7017,11.9991],[78.6999,12.0052],[78.7037,12.0294],[78.7203,12.0685],[78.7275,12.1002],[78.7363,12.1113],[78.734,12.1135],[78.7454,12.1238],[78.7378,12.1341],[78.7284,12.1273],[78.6907,12.1152],[78.6842,12.1063],[78.6611,12.1023],[78.6645,12.1149],[78.657,12.125],[78.6489,12.1293],[78.6314,12.128],[78.6303,12.135],[78.6359,12.1472],[78.642,12.1499],[78.6475,12.1626],[78.6328,12.1766],[78.6425,12.2026],[78.644,12.2053],[78.6568,12.1977],[78.6667,12.2077],[78.6713,12.2204],[78.6645,12.234],[78.6506,12.2405],[78.6528,12.2521],[78.6481,12.2583],[78.6756,12.2698],[78.6857,12.2832],[78.6876,12.281],[78.6939,12.2941],[78.7035,12.2961],[78.7087,12.302],[78.7286,12.3592],[78.7291,12.3739],[78.732,12.3773],[78.7429,12.3779],[78.7509,12.3853],[78.7617,12.4046],[78.7645,12.4186],[78.7687,12.4225],[78.7688,12.4375],[78.7641,12.4423],[78.7585,12.4428],[78.7725,12.4609],[78.7775,12.4598],[78.7797,12.4656],[78.7755,12.4722],[78.7758,12.4836],[78.7844,12.4887],[78.7905,12.4991],[78.7965,12.4971],[78.8059,12.5099],[78.8208,12.5367],[78.8255,12.5504],[78.824,12.5538],[78.8366,12.5816]]]}},{"type":"Feature","bbox":[78.949,12.0363,79.1458,12.3026],"properties":{"kind":"ac","ac":63,"name":"Tiruvannamalai","pc":"Tiruvannamalai","mla":"E. V. Velu","mla_party":"DMK","mp":"C.N. Annadurai","mp_party":"DMK"},"geometry":{"type":"Polygon","coordinates":[[[79.0412,12.3026],[79.0547,12.2803],[79.072,12.2804],[79.073,12.2902],[79.0808,12.2888],[79.0876,12.2812],[79.0887,12.2862],[79.0948,12.288],[79.098,12.2839],[79.1144,12.2805],[79.1106,12.275],[79.1121,12.2706],[79.1165,12.2701],[79.1302,12.2575],[79.1314,12.2511],[79.1276,12.2431],[79.1356,12.2375],[79.1342,12.2299],[79.1278,12.2303],[79.1265,12.2267],[79.1301,12.2177],[79.1345,12.2136],[79.1458,12.2128],[79.1398,12.208],[79.1318,12.2108],[79.1365,12.2008],[79.1266,12.1999],[79.1231,12.1974],[79.1245,12.1915],[79.1154,12.1902],[79.1245,12.1876],[79.123,12.1814],[79.1279,12.1782],[79.1231,12.1781],[79.1233,12.1746],[79.1264,12.1752],[79.1289,12.1671],[79.1417,12.1664],[79.1371,12.155],[79.1291,12.1574],[79.1324,12.142],[79.1316,12.1393],[79.1277,12.1398],[79.1295,12.1322],[79.1257,12.1358],[79.1129,12.1334],[79.1086,12.1271],[79.1087,12.118],[79.0931,12.1249],[79.087,12.1063],[79.101,12.0981],[79.0906,12.0781],[79.0851,12.0813],[79.0787,12.071],[79.0626,12.0697],[79.0607,12.0604],[79.0683,12.0524],[79.0601,12.0523],[79.0524,12.0363],[79.0434,12.0378],[79.0419,12.0412],[79.029,12.0474],[79.0251,12.0462],[79.0224,12.0496],[79.0215,12.0573],[79.0313,12.0639],[78.9957,12.0675],[78.9969,12.0762],[79.002,12.0778],[79.0048,12.0889],[78.9837,12.0998],[78.9882,12.1209],[78.9844,12.1286],[78.9892,12.1309],[78.9917,12.137],[78.9842,12.1473],[78.9721,12.1408],[78.9663,12.1131],[78.961,12.1139],[78.9613,12.1302],[78.9538,12.1495],[78.9568,12.179],[78.9662,12.1815],[78.9698,12.1771],[78.9744,12.177],[78.9773,12.183],[78.969,12.198],[78.949,12.2132],[78.9591,12.2243],[78.9578,12.2379],[78.9611,12.247],[78.9766,12.2452],[78.9828,12.2389],[78.9699,12.2135],[78.9773,12.2026],[78.9806,12.2061],[78.994,12.2033],[78.9955,12.2082],[79.008,12.2094],[79.0071,12.2242],[78.9988,12.2241],[78.9968,12.229],[78.9988,12.2346],[79.0072,12.2365],[79.0045,12.2421],[78.9961,12.2459],[79.0233,12.2703],[79.0223,12.2759],[79.0089,12.2817],[79.0167,12.2925],[79.0293,12.2936],[79.0412,12.3026]]]}},{"type":"Feature","bbox":[79.0073,12.0188,79.2892,12.4352],"properties":{"kind":"ac","ac":64,"name":"Kilpennathur","pc":"Tiruvannamalai","mla":"S. Ramachandran","mla_party":"AIADMK","mp":"C.N. Annadurai","mp_party":"DMK"},"geometry":{"type":"Polygon","coordinates":[[[79.1919,12.3813],[79.2166,12.4012],[79.2269,12.4023],[79.2423,12.3973],[79.2483,12.3826],[79.2453,12.3746],[79.237,12.3685],[79.2272,12.3727],[79.2246,12.3678],[79.2324,12.3619],[79.2378,12.3444],[79.2268,12.3425],[79.2213,12.3496],[79.211,12.3443],[79.2039,12.3457],[79.198,12.343],[79.2169,12.3394],[79.2169,12.3348],[79.2209,12.3325],[79.2343,12.33],[79.2319,12.3192],[79.234,12.3157],[79.2464,12.3163],[79.2515,12.3232],[79.2892,12.3181],[79.2851,12.3064],[79.2735,12.3053],[79.2796,12.2917],[79.2674,12.2885],[79.2607,12.2767],[79.2581,12.2785],[79.2561,12.2743],[79.2452,12.2752],[79.2438,12.2725],[79.2415,12.2621],[79.2441,12.2585],[79.2408,12.2556],[79.2408,12.2484],[79.242,12.2431],[79.2479,12.2406],[79.225,12.2213],[79.2267,12.218],[79.2372,12.2171],[79.2358,12.2115],[79.2187,12.215],[79.2155,12.2115],[79.216,12.208],[79.2334,12.198],[79.231,12.1897],[79.2347,12.1835],[79.223,12.1836],[79.2218,12.1937],[79.2181,12.1978],[79.2125,12.1947],[79.2092,12.1869],[79.2145,12.1838],[79.2111,12.1657],[79.2377,12.1541],[79.2363,12.1499],[79.2458,12.1467],[79.2493,12.1396],[79.2587,12.1352],[79.2586,12.1301],[79.277,12.1254],[79.2784,12.1106],[79.2748,12.1044],[79.2701,12.1038],[79.26,12.0822],[79.2492,12.0785],[79.243,12.0812],[79.2381,12.0772],[79.2402,12.0716],[79.234,12.06],[79.2152,12.0646],[79.2094,12.0718],[79.2008,12.0706],[79.1965,12.0575],[79.1898,12.0485],[79.1764,12.0474],[79.1727,12.0304],[79.1578,12.0356],[79.1471,12.0443],[79.1392,12.0385],[79.1357,12.0257],[79.1251,12.0188],[79.1122,12.0265],[79.1066,12.0197],[79.0954,12.0247],[79.093,12.0308],[79.0788,12.0315],[79.0808,12.039],[79.0765,12.0443],[79.08,12.0473],[79.0876,12.0425],[79.0981,12.0664],[79.0906,12.0781],[79.101,12.0981],[79.087,12.1063],[79.0876,12.1119],[79.091,12.1139],[79.0931,12.1249],[79.1087,12.118],[79.1086,12.1271],[79.1129,12.1334],[79.1257,12.1358],[79.1295,12.1322],[79.1277,12.1398],[79.1316,12.1393],[79.1324,12.142],[79.1291,12.1574],[79.1371,12.155],[79.1417,12.1664],[79.1289,12.1671],[79.1264,12.1752],[79.1233,12.1746],[79.1231,12.1781],[79.1279,12.1782],[79.123,12.1814],[79.1245,12.1876],[79.1154,12.1902],[79.1245,12.1915],[79.1231,12.1974],[79.1266,12.1999],[79.1365,12.2008],[79.1318,12.2108],[79.1398,12.208],[79.1458,12.2128],[79.1345,12.2136],[79.1301,12.2177],[79.1265,12.2267],[79.1278,12.2303],[79.1342,12.2299],[79.1356,12.2375],[79.1276,12.2431],[79.1314,12.2511],[79.1302,12.2575],[79.1165,12.2701],[79.1121,12.2706],[79.1106,12.275],[79.1144,12.2805],[79.098,12.2839],[79.0948,12.288],[79.0887,12.2862],[79.0876,12.2812],[79.0808,12.2888],[79.073,12.2902],[79.072,12.2804],[79.0537,12.2815],[79.0412,12.3026],[79.0445,12.306],[79.0427,12.3105],[79.0282,12.3296],[79.0327,12.3319],[79.0264,12.3374],[79.03,12.3397],[79.0309,12.3431],[79.0273,12.3431],[79.0273,12.3464],[79.0318,12.3465],[79.0326,12.3609],[79.0299,12.3671],[79.0257,12.3681],[79.026,12.3734],[79.0169,12.3888],[79.0097,12.3907],[79.0073,12.415],[79.0175,12.4187],[79.0357,12.419],[79.0356,12.4145],[79.0314,12.413],[79.0328,12.4035],[79.029,12.3959],[79.0447,12.3967],[79.0462,12.4126],[79.056,12.4123],[79.0585,12.4218],[79.0788,12.4228],[79.0826,12.4211],[79.087,12.409],[79.0937,12.4109],[79.1215,12.4008],[79.1191,12.425],[79.122,12.433],[79.1364,12.4352],[79.1435,12.4172],[79.1386,12.4035],[79.1538,12.4048],[79.1546,12.4085],[79.1648,12.4068],[79.1744,12.4114],[79.1778,12.3993],[79.173,12.3957],[79.1769,12.3817],[79.1919,12.3813]]]}},{"type":"Feature","bbox":[78.8323,12.2673,79.2001,12.7591],"properties":{"kind":"ac","ac":65,"name":"Kalasapakkam","pc":"Tiruvannamalai","mla":"Agri S. S. Krishnamurthy","mla_party":"AIADMK","mp":"C.N. Annadurai","mp_party":"DMK"},"geometry":{"type":"Polygon","coordinates":[[[79.0904,12.7586],[79.1096,12.7591],[79.1113,12.745],[79.1193,12.7441],[79.1271,12.7373],[79.129,12.7288],[79.1426,12.7236],[79.1418,12.6974],[79.1329,12.6871],[79.1307,12.6773],[79.1617,12.6806],[79.161,12.6778],[79.1423,12.6718],[79.1332,12.6592],[79.1339,12.6555],[79.1394,12.6559],[79.1383,12.6521],[79.1311,12.6516],[79.1301,12.6485],[79.1436,12.6353],[79.151,12.6446],[79.1573,12.6445],[79.1614,12.6278],[79.145,12.622],[79.1431,12.6252],[79.13,12.6249],[79.1279,12.62],[79.0936,12.6064],[79.0877,12.6086],[79.082,12.6059],[79.0879,12.5936],[79.0997,12.5936],[79.107,12.5871],[79.1041,12.5766],[79.0929,12.5639],[79.0942,12.5531],[79.0797,12.5475],[79.0726,12.5537],[79.0658,12.553],[79.0531,12.5501],[79.0427,12.5412],[79.0328,12.5435],[79.0422,12.5356],[79.0524,12.5375],[79.0602,12.5208],[79.0593,12.5045],[79.0441,12.4781],[79.0509,12.4805],[79.0556,12.4763],[79.0782,12.478],[79.0914,12.4671],[79.0982,12.4681],[79.1086,12.4642],[79.1079,12.453],[79.1128,12.4502],[79.1206,12.4738],[79.128,12.4809],[79.1304,12.4797],[79.1361,12.476],[79.1358,12.465],[79.141,12.4574],[79.1499,12.449],[79.1689,12.4393],[79.1754,12.4274],[79.1964,12.4355],[79.1951,12.4313],[79.1993,12.428],[79.1977,12.4182],[79.1942,12.412],[79.1891,12.4107],[79.1844,12.4137],[79.1807,12.4003],[79.1833,12.3972],[79.1886,12.3975],[79.1908,12.3924],[79.2001,12.3869],[79.1919,12.3813],[79.1769,12.3817],[79.173,12.3957],[79.1778,12.3993],[79.1744,12.4114],[79.1648,12.4068],[79.1546,12.4085],[79.1538,12.4048],[79.1386,12.4035],[79.1435,12.4172],[79.1364,12.4352],[79.122,12.433],[79.1191,12.425],[79.1215,12.4008],[79.0937,12.4109],[79.087,12.409],[79.0826,12.4211],[79.0788,12.4228],[79.0642,12.4228],[79.0585,12.4218],[79.056,12.4123],[79.0462,12.4126],[79.0447,12.3967],[79.029,12.3959],[79.0328,12.4035],[79.0314,12.413],[79.0356,12.4145],[79.0357,12.419],[79.0175,12.4187],[79.0073,12.415],[79.0097,12.3907],[79.0169,12.3888],[79.026,12.3734],[79.0257,12.3681],[79.0299,12.3671],[79.0325,12.3611],[79.0318,12.3465],[79.0273,12.3464],[79.0273,12.3431],[79.0309,12.3431],[79.0264,12.3374],[79.0327,12.3319],[79.0282,12.3296],[79.0445,12.306],[79.0391,12.3004],[79.023,12.2914],[79.0167,12.2925],[79.006,12.2811],[78.9794,12.2736],[78.9639,12.2754],[78.9563,12.283],[78.9458,12.2811],[78.9436,12.2867],[78.939,12.2825],[78.9375,12.2741],[78.9319,12.2701],[78.9256,12.2746],[78.9141,12.2759],[78.9007,12.2685],[78.8913,12.2798],[78.8824,12.2763],[78.8788,12.2693],[78.8727,12.2673],[78.8753,12.2739],[78.873,12.2793],[78.8677,12.2812],[78.8589,12.2784],[78.8394,12.2857],[78.8356,12.2958],[78.8399,12.3041],[78.8331,12.3078],[78.8323,12.3214],[78.8348,12.3272],[78.8492,12.3311],[78.8512,12.3465],[78.8675,12.3584],[78.8673,12.3729],[78.8771,12.3665],[78.8926,12.3729],[78.8954,12.3773],[78.8941,12.3967],[78.877,12.4171],[78.8761,12.4234],[78.894,12.4369],[78.894,12.4406],[78.8758,12.4636],[78.8747,12.4694],[78.8819,12.503],[78.8965,12.5202],[78.8925,12.5351],[78.8959,12.5555],[78.8718,12.5825],[78.8615,12.5851],[78.8495,12.5794],[78.8366,12.5816],[78.8493,12.6087],[78.8479,12.6111],[78.8571,12.6247],[78.8583,12.6334],[78.8657,12.6317],[78.8761,12.6539],[78.8819,12.6563],[78.8962,12.69],[78.8988,12.6882],[78.8972,12.6792],[78.9072,12.6875],[78.9118,12.6873],[78.9275,12.6759],[78.9442,12.6806],[78.9433,12.6853],[78.9499,12.6864],[78.9479,12.6799],[78.9715,12.6714],[78.9714,12.6669],[78.981,12.6737],[78.979,12.6801],[78.984,12.6839],[78.9881,12.6928],[78.9869,12.6971],[78.994,12.6972],[78.9943,12.7058],[78.9987,12.7025],[79.0066,12.7039],[79.024,12.6931],[79.009,12.6584],[79.0128,12.6578],[79.0139,12.6662],[79.0267,12.6791],[79.0244,12.6878],[79.0295,12.687],[79.0415,12.7112],[79.0506,12.7173],[79.0576,12.7167],[79.0567,12.7303],[79.0639,12.7386],[79.058,12.7356],[79.0721,12.7552],[79.074,12.7517],[79.0813,12.7498],[79.0904,12.7586]]]}},{"type":"Feature","bbox":[79.0327,12.3869,79.4214,12.6933],"properties":{"kind":"ac","ac":66,"name":"Polur","pc":"Arani","mla":"R. Abhishek","mla_party":"TVK","mp":"M.S. Tharanivendhan","mp_party":"DMK"},"geometry":{"type":"Polygon","coordinates":[[[79.161,12.6778],[79.1646,12.6806],[79.1662,12.675],[79.1616,12.6678],[79.1669,12.668],[79.1895,12.6768],[79.1893,12.6851],[79.2007,12.687],[79.2069,12.6933],[79.2175,12.6847],[79.2181,12.6814],[79.2086,12.675],[79.1968,12.6737],[79.1902,12.6633],[79.1992,12.6665],[79.21,12.6655],[79.212,12.6626],[79.2062,12.6563],[79.2225,12.6566],[79.2415,12.6475],[79.2435,12.643],[79.2293,12.6291],[79.2264,12.6225],[79.2365,12.6069],[79.2359,12.599],[79.2438,12.5951],[79.2501,12.5729],[79.2593,12.5586],[79.2707,12.5609],[79.2837,12.5587],[79.2908,12.5511],[79.2885,12.5428],[79.2935,12.5351],[79.292,12.527],[79.2772,12.531],[79.2638,12.5104],[79.2513,12.5148],[79.2489,12.5221],[79.2395,12.5198],[79.2393,12.5004],[79.2455,12.4863],[79.2627,12.4912],[79.2649,12.5071],[79.2865,12.5098],[79.2936,12.5048],[79.2888,12.4896],[79.2932,12.4863],[79.3158,12.4869],[79.3255,12.4988],[79.3239,12.5084],[79.3174,12.5032],[79.3193,12.5012],[79.3136,12.4989],[79.3066,12.5018],[79.3135,12.5411],[79.301,12.5439],[79.301,12.5496],[79.3185,12.5665],[79.3285,12.5828],[79.3286,12.5936],[79.3386,12.6124],[79.3471,12.6091],[79.3439,12.6047],[79.3509,12.599],[79.362,12.6008],[79.381,12.6131],[79.3811,12.6031],[79.3877,12.5912],[79.4034,12.5874],[79.4028,12.5743],[79.396,12.5555],[79.4137,12.549],[79.4107,12.5427],[79.4145,12.5347],[79.4214,12.5315],[79.4099,12.5043],[79.4184,12.4895],[79.4145,12.4818],[79.4156,12.4759],[79.41,12.4729],[79.4119,12.4632],[79.4042,12.4553],[79.4051,12.452],[79.4102,12.4553],[79.412,12.4513],[79.4175,12.4517],[79.4117,12.4397],[79.4009,12.4323],[79.4018,12.4359],[79.3825,12.4426],[79.3676,12.4439],[79.3624,12.4392],[79.3568,12.4441],[79.3469,12.4427],[79.3249,12.4508],[79.3081,12.4385],[79.2693,12.4482],[79.25,12.4477],[79.23,12.4417],[79.2343,12.4374],[79.2264,12.4113],[79.2269,12.4023],[79.2166,12.4012],[79.2001,12.3869],[79.1908,12.3924],[79.1886,12.3975],[79.1833,12.3972],[79.1807,12.4003],[79.1844,12.4137],[79.1891,12.4107],[79.1942,12.412],[79.1977,12.4182],[79.1993,12.428],[79.1951,12.4313],[79.1964,12.4355],[79.1754,12.4274],[79.1689,12.4393],[79.1499,12.449],[79.141,12.4574],[79.1358,12.465],[79.1361,12.476],[79.1304,12.4797],[79.128,12.4809],[79.1206,12.4738],[79.1128,12.4502],[79.1079,12.453],[79.1086,12.4642],[79.0982,12.4681],[79.0914,12.4671],[79.0782,12.478],[79.0556,12.4763],[79.0509,12.4805],[79.0441,12.4781],[79.0593,12.5045],[79.0602,12.5208],[79.0524,12.5375],[79.0422,12.5356],[79.0327,12.5432],[79.0427,12.5412],[79.0531,12.5501],[79.0658,12.553],[79.0726,12.5537],[79.0797,12.5475],[79.0944,12.5532],[79.0929,12.5639],[79.1041,12.5766],[79.107,12.5871],[79.0997,12.5936],[79.0879,12.5936],[79.0817,12.6055],[79.0877,12.6086],[79.0934,12.6063],[79.1277,12.6199],[79.13,12.6249],[79.1431,12.6252],[79.1449,12.622],[79.1514,12.6259],[79.1593,12.6251],[79.1613,12.6336],[79.1575,12.6443],[79.151,12.6446],[79.1436,12.6353],[79.13,12.6488],[79.1311,12.6516],[79.1383,12.6521],[79.1394,12.6559],[79.1339,12.6555],[79.1332,12.6592],[79.1423,12.6718],[79.161,12.6778]]]}},{"type":"Feature","bbox":[79.1096,12.4863,79.4621,12.8229],"properties":{"kind":"ac","ac":67,"name":"Arani","pc":"Arani","mla":"L. Jaya Sudha","mla_party":"AIADMK","mp":"M.S. Tharanivendhan","mp_party":"DMK"},"geometry":{"type":"Polygon","coordinates":[[[79.1096,12.7591],[79.1327,12.7617],[79.1417,12.7604],[79.1503,12.7533],[79.1595,12.7522],[79.1614,12.7725],[79.1634,12.7656],[79.1679,12.7652],[79.1728,12.7597],[79.1737,12.7424],[79.1907,12.7486],[79.1974,12.7484],[79.2068,12.7416],[79.2073,12.7493],[79.2141,12.7601],[79.2081,12.7791],[79.2094,12.7852],[79.2196,12.7925],[79.2245,12.791],[79.2385,12.7973],[79.2406,12.8083],[79.251,12.807],[79.2551,12.8123],[79.25,12.8132],[79.2505,12.8229],[79.2564,12.8224],[79.2619,12.8188],[79.259,12.8141],[79.2602,12.8078],[79.2646,12.8058],[79.2616,12.7949],[79.2796,12.7875],[79.2771,12.7845],[79.2873,12.779],[79.2834,12.7639],[79.2892,12.7528],[79.2971,12.7476],[79.3098,12.7468],[79.311,12.7421],[79.3154,12.7449],[79.3223,12.7438],[79.3436,12.7295],[79.3463,12.7101],[79.3387,12.701],[79.3442,12.6999],[79.3448,12.6944],[79.3571,12.6981],[79.3583,12.7064],[79.3545,12.7129],[79.3577,12.7196],[79.3658,12.7152],[79.3665,12.7206],[79.3758,12.7223],[79.379,12.7264],[79.3792,12.7339],[79.3898,12.7331],[79.3896,12.7286],[79.3954,12.7268],[79.3927,12.7136],[79.381,12.7092],[79.3862,12.6974],[79.3928,12.6947],[79.3947,12.6902],[79.3768,12.682],[79.3688,12.6818],[79.3559,12.6733],[79.3544,12.668],[79.3591,12.6672],[79.3631,12.6575],[79.3579,12.6538],[79.3571,12.6493],[79.3543,12.6495],[79.3543,12.6437],[79.3806,12.6278],[79.4076,12.6489],[79.4097,12.6563],[79.4269,12.6595],[79.4335,12.6401],[79.4403,12.6441],[79.4384,12.6351],[79.451,12.6255],[79.4446,12.6211],[79.4435,12.6103],[79.4579,12.6027],[79.4621,12.5959],[79.4581,12.5868],[79.4503,12.5838],[79.4484,12.5789],[79.4309,12.5804],[79.4209,12.587],[79.4238,12.5943],[79.4191,12.5966],[79.4088,12.5946],[79.4035,12.5874],[79.3917,12.5882],[79.3835,12.5963],[79.381,12.6131],[79.362,12.6008],[79.3509,12.599],[79.3439,12.6047],[79.3471,12.6091],[79.3386,12.6124],[79.3286,12.5936],[79.3285,12.5828],[79.3185,12.5665],[79.301,12.5496],[79.301,12.5439],[79.3135,12.5411],[79.3066,12.5018],[79.3136,12.4989],[79.3193,12.5012],[79.3174,12.5032],[79.3239,12.5084],[79.3255,12.4988],[79.3158,12.4869],[79.2932,12.4863],[79.2888,12.4896],[79.2936,12.5048],[79.2865,12.5098],[79.27,12.509],[79.2649,12.5071],[79.2627,12.4912],[79.2455,12.4863],[79.2393,12.5004],[79.2395,12.5198],[79.2489,12.5221],[79.2513,12.5148],[79.2638,12.5104],[79.2772,12.531],[79.292,12.527],[79.2935,12.5351],[79.2885,12.5428],[79.2908,12.5511],[79.2837,12.5587],[79.2707,12.5609],[79.2593,12.5586],[79.2501,12.5729],[79.2438,12.5951],[79.2359,12.599],[79.2365,12.6069],[79.2264,12.6225],[79.2293,12.6291],[79.2435,12.643],[79.2415,12.6475],[79.2225,12.6566],[79.2062,12.6563],[79.212,12.6626],[79.21,12.6655],[79.1992,12.6665],[79.1902,12.6633],[79.1968,12.6737],[79.2086,12.675],[79.2181,12.6814],[79.2069,12.6933],[79.2007,12.687],[79.1893,12.6851],[79.1895,12.6768],[79.1669,12.668],[79.1616,12.6678],[79.1662,12.675],[79.1646,12.6806],[79.1307,12.6773],[79.1329,12.6871],[79.1418,12.6974],[79.1426,12.7236],[79.129,12.7288],[79.1271,12.7373],[79.1193,12.7441],[79.1113,12.745],[79.1096,12.7591]]]}},{"type":"Feature","bbox":[79.4269,12.5402,79.7445,12.876],"properties":{"kind":"ac","ac":68,"name":"Cheyyar","pc":"Arani","mla":"Mukkur N. Subramanian","mla_party":"AIADMK","mp":"M.S. Tharanivendhan","mp_party":"DMK"},"geometry":{"type":"Polygon","coordinates":[[[79.4729,12.8743],[79.4787,12.8716],[79.4887,12.876],[79.4898,12.8711],[79.4977,12.8691],[79.4998,12.8727],[79.507,12.8586],[79.5114,12.8567],[79.5392,12.8626],[79.5599,12.8528],[79.5569,12.8517],[79.5628,12.8486],[79.5795,12.8427],[79.5951,12.8287],[79.6078,12.8286],[79.6321,12.8216],[79.6427,12.8033],[79.6352,12.7862],[79.6497,12.7826],[79.6466,12.7728],[79.6535,12.7646],[79.6582,12.7675],[79.6574,12.7766],[79.6693,12.7778],[79.6699,12.7869],[79.6733,12.7913],[79.6775,12.7909],[79.6967,12.777],[79.7032,12.7769],[79.7042,12.7805],[79.7086,12.777],[79.709,12.7583],[79.7318,12.7559],[79.7346,12.7499],[79.7423,12.7476],[79.7445,12.7394],[79.7414,12.7336],[79.7138,12.7282],[79.7154,12.7244],[79.7269,12.7233],[79.7367,12.718],[79.7373,12.7042],[79.7345,12.7017],[79.7441,12.7019],[79.7422,12.6933],[79.6824,12.6677],[79.673,12.6659],[79.6587,12.6705],[79.6463,12.6698],[79.6433,12.6577],[79.6381,12.6555],[79.6302,12.6327],[79.6367,12.6267],[79.6463,12.6251],[79.643,12.613],[79.6458,12.603],[79.6535,12.6032],[79.6666,12.5932],[79.6731,12.5929],[79.6888,12.6021],[79.6979,12.594],[79.7014,12.5957],[79.7252,12.5879],[79.7251,12.5786],[79.7164,12.5815],[79.7065,12.5723],[79.6979,12.5751],[79.6935,12.573],[79.6907,12.5694],[79.6929,12.5581],[79.6896,12.5557],[79.6801,12.5574],[79.6759,12.5508],[79.6632,12.5474],[79.6628,12.5423],[79.6583,12.5421],[79.6582,12.5466],[79.6497,12.5469],[79.6274,12.5678],[79.623,12.5676],[79.6191,12.5623],[79.6041,12.5646],[79.5866,12.5402],[79.5722,12.5486],[79.5703,12.5649],[79.5496,12.5616],[79.5365,12.5699],[79.5153,12.5635],[79.5105,12.5755],[79.4995,12.5837],[79.4964,12.5799],[79.4921,12.5822],[79.4864,12.5703],[79.4911,12.564],[79.4847,12.5527],[79.4835,12.5439],[79.4795,12.5436],[79.4767,12.5554],[79.4676,12.5659],[79.4623,12.5904],[79.4598,12.5915],[79.4621,12.5959],[79.4577,12.603],[79.4436,12.61],[79.4446,12.6211],[79.451,12.6255],[79.4384,12.6351],[79.4403,12.6441],[79.4335,12.6401],[79.4269,12.6595],[79.4415,12.6701],[79.4511,12.6717],[79.4544,12.6776],[79.4533,12.6824],[79.4607,12.6851],[79.4573,12.698],[79.4647,12.6996],[79.4679,12.712],[79.4655,12.7159],[79.4762,12.7287],[79.4724,12.7349],[79.4678,12.7322],[79.4559,12.7377],[79.4548,12.7449],[79.4618,12.7569],[79.4673,12.7562],[79.466,12.7638],[79.4685,12.7703],[79.4736,12.7734],[79.4607,12.7849],[79.4623,12.7987],[79.4749,12.7997],[79.4768,12.8068],[79.4569,12.8106],[79.4612,12.8294],[79.4576,12.835],[79.4574,12.8438],[79.4606,12.8425],[79.4633,12.8502],[79.4731,12.8518],[79.4742,12.8596],[79.4703,12.861],[79.4735,12.8653],[79.4714,12.8662],[79.4729,12.8743]]]}},{"type":"Feature","bbox":[79.396,12.3442,79.7571,12.5966],"properties":{"kind":"ac","ac":69,"name":"Vandavasi","pc":"Arani","mla":"S. Ambethkumar","mla_party":"DMK","mp":"M.S. Tharanivendhan","mp_party":"DMK"},"geometry":{"type":"Polygon","coordinates":[[[79.4238,12.5943],[79.4209,12.587],[79.4247,12.5823],[79.4393,12.5817],[79.4431,12.5783],[79.4484,12.5789],[79.4598,12.5915],[79.4623,12.5904],[79.4676,12.5659],[79.4767,12.5554],[79.4795,12.5436],[79.4835,12.5439],[79.4847,12.5527],[79.4911,12.564],[79.4864,12.5703],[79.4921,12.5822],[79.4964,12.5799],[79.4995,12.5837],[79.5105,12.5755],[79.5153,12.5635],[79.5365,12.5699],[79.5496,12.5616],[79.5703,12.5649],[79.5722,12.5486],[79.5866,12.5402],[79.6041,12.5646],[79.6191,12.5623],[79.623,12.5676],[79.6274,12.5678],[79.6497,12.5469],[79.6582,12.5466],[79.6583,12.5421],[79.6628,12.5423],[79.6632,12.5474],[79.6759,12.5508],[79.6801,12.5574],[79.6896,12.5557],[79.6929,12.5581],[79.6907,12.5694],[79.6935,12.573],[79.6979,12.5751],[79.7065,12.5723],[79.7064,12.5692],[79.7198,12.5645],[79.715,12.5495],[79.7362,12.5389],[79.7486,12.5248],[79.7557,12.5247],[79.7533,12.5201],[79.7571,12.5138],[79.7489,12.5079],[79.7492,12.5036],[79.7412,12.5025],[79.7382,12.496],[79.7272,12.501],[79.7237,12.501],[79.723,12.4978],[79.7234,12.4937],[79.7347,12.4926],[79.7388,12.4837],[79.7442,12.4834],[79.7454,12.4633],[79.7494,12.4557],[79.7326,12.4529],[79.7316,12.447],[79.7384,12.4392],[79.7353,12.4283],[79.7157,12.4363],[79.714,12.4276],[79.7034,12.4301],[79.7053,12.4136],[79.6884,12.4176],[79.6866,12.4147],[79.6957,12.4094],[79.6954,12.398],[79.6856,12.4],[79.6804,12.3929],[79.6668,12.3882],[79.66,12.3773],[79.6667,12.375],[79.6639,12.3666],[79.6553,12.3618],[79.6459,12.3612],[79.6423,12.3449],[79.6343,12.3442],[79.6214,12.3495],[79.6185,12.3538],[79.6234,12.3652],[79.6208,12.3742],[79.6097,12.3782],[79.6023,12.3724],[79.5976,12.3479],[79.5769,12.3539],[79.5751,12.3582],[79.571,12.3565],[79.5582,12.3646],[79.5464,12.3634],[79.5308,12.3701],[79.5223,12.3622],[79.5183,12.353],[79.5115,12.3541],[79.5072,12.3459],[79.5037,12.3478],[79.4969,12.3457],[79.4887,12.3504],[79.4882,12.3588],[79.4935,12.371],[79.4859,12.3755],[79.4849,12.3706],[79.4727,12.3659],[79.4621,12.3746],[79.4502,12.3755],[79.4486,12.3958],[79.4425,12.3943],[79.4407,12.389],[79.4363,12.3942],[79.4388,12.408],[79.4333,12.4103],[79.4272,12.401],[79.4214,12.411],[79.4113,12.4068],[79.4081,12.4106],[79.4106,12.4178],[79.4005,12.4308],[79.4117,12.4397],[79.4177,12.4504],[79.4147,12.4534],[79.4118,12.4514],[79.4103,12.4553],[79.4051,12.452],[79.4042,12.4553],[79.4119,12.4632],[79.41,12.4729],[79.4156,12.4759],[79.4145,12.4818],[79.4184,12.4895],[79.4099,12.5043],[79.4214,12.5315],[79.4145,12.5347],[79.4107,12.5427],[79.4137,12.549],[79.396,12.5555],[79.4028,12.5743],[79.4034,12.5874],[79.4088,12.5946],[79.4191,12.5966],[79.4238,12.5943]]]}},{"type":"Feature","bbox":[79.1979,12.0749,79.4418,12.4508],"properties":{"kind":"ac","ac":70,"name":"Gingee","pc":"Arani","mla":"A. Ganeshkumar","mla_party":"PMK","mp":"M.S. Tharanivendhan","mp_party":"DMK"},"geometry":{"type":"Polygon","coordinates":[[[79.2337,12.4356],[79.2312,12.4428],[79.2566,12.4482],[79.2693,12.4482],[79.3081,12.4385],[79.3249,12.4508],[79.3469,12.4427],[79.3568,12.4441],[79.3624,12.4392],[79.3676,12.4439],[79.3825,12.4426],[79.4018,12.4359],[79.4012,12.4293],[79.4106,12.4178],[79.4081,12.4106],[79.4113,12.4068],[79.417,12.4083],[79.4165,12.3952],[79.4124,12.3901],[79.4109,12.379],[79.4113,12.3736],[79.419,12.3672],[79.4151,12.3547],[79.4095,12.3491],[79.4122,12.3418],[79.4028,12.3277],[79.4022,12.3215],[79.3974,12.3193],[79.3932,12.3116],[79.3995,12.3071],[79.3975,12.3034],[79.4006,12.292],[79.4065,12.2892],[79.4154,12.2917],[79.4263,12.2779],[79.4277,12.2553],[79.4324,12.2391],[79.4261,12.2385],[79.4104,12.2275],[79.4131,12.2225],[79.4087,12.2205],[79.4071,12.2135],[79.4128,12.2113],[79.4138,12.207],[79.4077,12.2011],[79.4193,12.2003],[79.4256,12.1792],[79.4215,12.1779],[79.4257,12.1648],[79.4418,12.1509],[79.4327,12.142],[79.43,12.1325],[79.4184,12.1257],[79.4059,12.1293],[79.4059,12.1178],[79.3907,12.1169],[79.3865,12.1196],[79.3693,12.1141],[79.3667,12.1051],[79.3589,12.107],[79.3528,12.0999],[79.3388,12.101],[79.3402,12.09],[79.3376,12.0855],[79.3129,12.0842],[79.2996,12.0873],[79.2907,12.0749],[79.282,12.078],[79.2664,12.0777],[79.2601,12.0825],[79.2701,12.1038],[79.2775,12.1071],[79.277,12.1254],[79.2586,12.1301],[79.2587,12.1352],[79.2493,12.1396],[79.2458,12.1467],[79.2363,12.1499],[79.2377,12.1541],[79.2111,12.1657],[79.2145,12.1838],[79.2092,12.1869],[79.2158,12.1981],[79.2217,12.194],[79.223,12.1836],[79.2347,12.1835],[79.231,12.1897],[79.2334,12.198],[79.216,12.208],[79.2155,12.2115],[79.2187,12.215],[79.2358,12.2115],[79.2372,12.2171],[79.2267,12.218],[79.225,12.2213],[79.2479,12.2406],[79.242,12.2431],[79.2408,12.2484],[79.2442,12.2734],[79.2556,12.2742],[79.2581,12.2785],[79.2607,12.2767],[79.2674,12.2885],[79.2796,12.2917],[79.2735,12.3053],[79.2851,12.3064],[79.2892,12.3181],[79.2515,12.3232],[79.2464,12.3163],[79.234,12.3157],[79.2319,12.3192],[79.2343,12.33],[79.2209,12.3325],[79.2169,12.3348],[79.2169,12.3394],[79.1979,12.3431],[79.2045,12.3458],[79.211,12.3443],[79.2213,12.3496],[79.2272,12.3424],[79.2389,12.3463],[79.2324,12.3619],[79.2246,12.3675],[79.2272,12.3727],[79.237,12.3685],[79.245,12.3742],[79.2483,12.3819],[79.2423,12.3973],[79.227,12.4018],[79.2264,12.4113],[79.2337,12.4356]]]}},{"type":"Feature","bbox":[79.3932,12.0445,79.7084,12.4106],"properties":{"kind":"ac","ac":71,"name":"Mailam","pc":"Arani","mla":"C. Ve. Shanmugam","mla_party":"AIADMK","mp":"M.S. Tharanivendhan","mp_party":"DMK"},"geometry":{"type":"Polygon","coordinates":[[[79.4207,12.4106],[79.4272,12.401],[79.4333,12.4103],[79.4388,12.408],[79.4363,12.3942],[79.4407,12.389],[79.4425,12.3943],[79.4486,12.3958],[79.4475,12.3843],[79.4508,12.3751],[79.4621,12.3746],[79.4727,12.3659],[79.4849,12.3706],[79.4859,12.3755],[79.4935,12.371],[79.4882,12.3588],[79.4887,12.3504],[79.4969,12.3457],[79.5037,12.3478],[79.5072,12.3459],[79.5115,12.3541],[79.5183,12.353],[79.5223,12.3622],[79.5308,12.3701],[79.5464,12.3634],[79.5582,12.3646],[79.571,12.3565],[79.5751,12.3582],[79.5769,12.3539],[79.5976,12.3479],[79.6032,12.3741],[79.6072,12.378],[79.6168,12.3772],[79.6233,12.3676],[79.6185,12.3538],[79.6214,12.3495],[79.6343,12.3442],[79.6463,12.3441],[79.6493,12.3345],[79.6528,12.334],[79.6565,12.3262],[79.6829,12.316],[79.6859,12.3062],[79.692,12.3082],[79.7073,12.3057],[79.7084,12.2984],[79.7051,12.2953],[79.6911,12.297],[79.6859,12.2886],[79.6847,12.2818],[79.6915,12.2773],[79.6929,12.2714],[79.6812,12.269],[79.6796,12.2612],[79.6576,12.2637],[79.6527,12.2697],[79.6413,12.2707],[79.6402,12.2621],[79.6318,12.2528],[79.6329,12.2401],[79.621,12.2355],[79.6185,12.2286],[79.6122,12.2254],[79.6133,12.2155],[79.6071,12.1877],[79.6177,12.1866],[79.6183,12.1778],[79.6114,12.1534],[79.6242,12.1491],[79.6296,12.1593],[79.6383,12.1597],[79.6457,12.1486],[79.666,12.1504],[79.6723,12.1634],[79.6826,12.1669],[79.6906,12.1424],[79.6812,12.1368],[79.672,12.1211],[79.6546,12.1194],[79.6478,12.1143],[79.6511,12.0939],[79.6448,12.091],[79.6462,12.0834],[79.633,12.057],[79.6027,12.0632],[79.6002,12.0598],[79.5877,12.0602],[79.5844,12.0445],[79.5724,12.0467],[79.5777,12.0665],[79.5675,12.0721],[79.568,12.081],[79.5439,12.0834],[79.5444,12.0879],[79.5403,12.0885],[79.5367,12.0874],[79.5362,12.0835],[79.5321,12.0835],[79.5246,12.0905],[79.5204,12.0895],[79.5159,12.118],[79.5259,12.1283],[79.5184,12.1394],[79.5087,12.1391],[79.4982,12.1472],[79.491,12.1371],[79.4782,12.1367],[79.4784,12.1497],[79.474,12.1508],[79.4714,12.1393],[79.4599,12.1445],[79.4496,12.1377],[79.4327,12.142],[79.4417,12.1519],[79.4257,12.1648],[79.4215,12.1779],[79.4256,12.1792],[79.4194,12.2002],[79.4077,12.2011],[79.4138,12.2077],[79.4128,12.2113],[79.4071,12.2135],[79.4087,12.2205],[79.4131,12.2225],[79.4104,12.2275],[79.4261,12.2385],[79.4324,12.2391],[79.4277,12.2553],[79.4263,12.2779],[79.4154,12.2917],[79.4065,12.2892],[79.4006,12.292],[79.3975,12.3034],[79.3995,12.3071],[79.3932,12.3116],[79.3974,12.3193],[79.4022,12.3215],[79.4028,12.3277],[79.4122,12.342],[79.4095,12.3491],[79.4151,12.3547],[79.4192,12.3694],[79.4113,12.3737],[79.4113,12.3864],[79.4165,12.3952],[79.417,12.4083],[79.4207,12.4106]]]}},{"type":"Feature","bbox":[79.6071,12.0426,80.0043,12.3383],"properties":{"kind":"ac","ac":72,"name":"Tindivanam","pc":"Viluppuram","mla":"Vanni Arasu","mla_party":"VCK","mp":"Durai Ravikumar","mp_party":"VCK"},"geometry":{"type":"Polygon","coordinates":[[[79.7486,12.3239],[79.7547,12.3266],[79.7595,12.3248],[79.7606,12.3293],[79.7783,12.3383],[79.7994,12.3364],[79.8024,12.3272],[79.8087,12.3264],[79.8186,12.312],[79.8276,12.3121],[79.8322,12.298],[79.8413,12.2887],[79.8445,12.2801],[79.8408,12.2792],[79.8586,12.2658],[79.8662,12.2492],[79.8846,12.2354],[79.9008,12.2289],[79.9079,12.23],[79.9141,12.2351],[79.9244,12.2307],[79.9253,12.2475],[79.9445,12.2409],[79.956,12.2277],[79.9601,12.2333],[79.9697,12.2361],[79.9726,12.2323],[79.9774,12.2354],[79.985,12.2424],[79.9869,12.2498],[80.0043,12.2478],[79.8966,12.0835],[79.8738,12.0426],[79.8498,12.0518],[79.8488,12.0492],[79.8535,12.0839],[79.8503,12.0987],[79.8513,12.1186],[79.8561,12.1204],[79.8632,12.1615],[79.8423,12.1691],[79.8396,12.1657],[79.8332,12.1689],[79.8259,12.1581],[79.8147,12.1609],[79.8065,12.1679],[79.8036,12.1647],[79.7963,12.1676],[79.7909,12.1643],[79.7703,12.1857],[79.7616,12.187],[79.7537,12.1794],[79.7265,12.1821],[79.7223,12.1808],[79.7196,12.1743],[79.7091,12.1766],[79.6999,12.1578],[79.7031,12.1499],[79.6979,12.1461],[79.6956,12.1394],[79.6906,12.1424],[79.6826,12.1669],[79.6723,12.1634],[79.666,12.1504],[79.6457,12.1486],[79.6383,12.1597],[79.6296,12.1593],[79.6242,12.1491],[79.6113,12.1536],[79.6183,12.1778],[79.6177,12.1866],[79.6071,12.1877],[79.6133,12.2155],[79.6122,12.2254],[79.6185,12.2286],[79.621,12.2355],[79.6329,12.2401],[79.6318,12.2528],[79.6402,12.2621],[79.6408,12.2703],[79.6527,12.2697],[79.6576,12.2637],[79.6796,12.2612],[79.6812,12.269],[79.6929,12.2714],[79.6915,12.2773],[79.6847,12.2818],[79.686,12.2888],[79.6911,12.297],[79.705,12.2953],[79.7088,12.3029],[79.7065,12.3064],[79.6993,12.3079],[79.686,12.3061],[79.6827,12.315],[79.6897,12.3248],[79.6987,12.3248],[79.7011,12.3352],[79.7183,12.3363],[79.7254,12.3312],[79.7473,12.3266],[79.7486,12.3239]]]}},{"type":"Feature","bbox":[79.5767,11.7986,79.864,12.187],"properties":{"kind":"ac","ac":73,"name":"Vanur","pc":"Viluppuram","mla":"D. Gowtham","mla_party":"DMK","mp":"Durai Ravikumar","mp_party":"VCK"},"geometry":{"type":"MultiPolygon","coordinates":[[[[79.6032,11.9754],[79.612,11.9671],[79.6185,11.9705],[79.6275,11.9681],[79.6287,11.9571],[79.616,11.9645],[79.6099,11.9568],[79.5972,11.9593],[79.5928,11.9726],[79.5961,11.9761],[79.6032,11.9754]]],[[[79.7699,12.186],[79.7909,12.1643],[79.7963,12.1676],[79.8036,12.1647],[79.8065,12.1679],[79.8147,12.1609],[79.8259,12.1581],[79.8332,12.1689],[79.8396,12.1657],[79.8423,12.1691],[79.864,12.1606],[79.8561,12.1204],[79.8513,12.1186],[79.8503,12.0987],[79.8535,12.0839],[79.8405,12.0133],[79.8571,12.0068],[79.8406,11.9559],[79.8288,11.9584],[79.8223,11.9658],[79.8184,11.9779],[79.8125,11.9779],[79.8064,11.9681],[79.805,11.9533],[79.7847,11.9599],[79.7834,11.9563],[79.7767,11.9537],[79.7715,11.9439],[79.7599,11.9436],[79.7621,11.9286],[79.755,11.9261],[79.7562,11.9204],[79.7502,11.92],[79.7445,11.9649],[79.7245,11.9713],[79.7236,11.9781],[79.7288,11.986],[79.7356,11.9792],[79.7428,11.9778],[79.7481,11.9847],[79.7604,11.9892],[79.7624,12.0027],[79.7476,12.0078],[79.7426,12.0012],[79.7377,12.0009],[79.7334,11.9933],[79.7206,11.9927],[79.7158,11.9848],[79.7124,11.9865],[79.7093,11.9757],[79.716,11.971],[79.715,11.9676],[79.7034,11.9671],[79.698,11.9604],[79.6957,11.9639],[79.6916,11.9514],[79.6972,11.9418],[79.7041,11.9402],[79.7111,11.9331],[79.7079,11.9423],[79.7096,11.9498],[79.7208,11.9449],[79.7175,11.929],[79.7407,11.9055],[79.7313,11.9032],[79.7289,11.8903],[79.7228,11.8918],[79.7236,11.8887],[79.7168,11.8928],[79.7111,11.8908],[79.7053,11.8939],[79.709,11.9033],[79.7066,11.9135],[79.7179,11.9134],[79.7186,11.919],[79.6962,11.9192],[79.6979,11.9047],[79.6954,11.8948],[79.6871,11.8945],[79.6868,11.8889],[79.6826,11.8888],[79.6827,11.8919],[79.6738,11.8916],[79.674,11.8807],[79.6897,11.8809],[79.6893,11.864],[79.6945,11.8595],[79.6948,11.844],[79.7025,11.8317],[79.6853,11.8326],[79.69,11.8279],[79.6908,11.8205],[79.6851,11.8206],[79.6842,11.8127],[79.676,11.8143],[79.6748,11.8067],[79.6652,11.8104],[79.6494,11.8003],[79.6404,11.7986],[79.6235,11.8127],[79.6162,11.8251],[79.6037,11.8293],[79.5908,11.8412],[79.5772,11.8424],[79.5767,11.8503],[79.5863,11.848],[79.594,11.8517],[79.6009,11.8509],[79.6037,11.8533],[79.6003,11.8559],[79.6024,11.8622],[79.602,11.8578],[79.6194,11.8627],[79.6191,11.8701],[79.6285,11.8698],[79.6269,11.8543],[79.6471,11.85],[79.6578,11.8526],[79.6634,11.8612],[79.6627,11.8672],[79.6485,11.8705],[79.6484,11.8803],[79.6405,11.8806],[79.6411,11.8866],[79.6348,11.8888],[79.6345,11.881],[79.6297,11.8813],[79.6297,11.8886],[79.627,11.889],[79.6316,11.8997],[79.6232,11.9014],[79.6234,11.9042],[79.6259,11.9059],[79.6253,11.903],[79.6369,11.9014],[79.6406,11.9022],[79.6411,11.9077],[79.6559,11.9079],[79.656,11.9129],[79.6626,11.9131],[79.661,11.9163],[79.6689,11.9184],[79.6703,11.9355],[79.6607,11.9371],[79.6574,11.9481],[79.6529,11.9482],[79.652,11.9436],[79.6427,11.9421],[79.6422,11.9539],[79.6473,11.9534],[79.6483,11.9673],[79.6413,11.9704],[79.6403,11.9762],[79.6364,11.9778],[79.64,11.9927],[79.636,11.996],[79.6419,11.9987],[79.646,12.0057],[79.6508,12.0235],[79.6264,12.0319],[79.6291,12.0183],[79.621,12.0143],[79.6211,12.0103],[79.6112,12.0127],[79.5885,12.0289],[79.591,12.0336],[79.5844,12.0445],[79.5875,12.0599],[79.6002,12.0598],[79.6029,12.0632],[79.6333,12.0572],[79.6462,12.0834],[79.6448,12.091],[79.6511,12.0939],[79.6478,12.1143],[79.6546,12.1194],[79.672,12.1211],[79.6812,12.1368],[79.6896,12.1423],[79.6961,12.1396],[79.6979,12.1461],[79.7031,12.1499],[79.6999,12.1578],[79.7091,12.1766],[79.7196,12.1743],[79.7223,12.1808],[79.7265,12.1821],[79.7537,12.1794],[79.7616,12.187],[79.7699,12.186]],[[79.8009,12.017],[79.8053,12.0245],[79.7893,12.0277],[79.7883,12.0192],[79.8009,12.017]],[[79.695,12.0356],[79.6842,12.0217],[79.6765,12.0216],[79.6722,12.0097],[79.6614,12.0123],[79.6569,11.9916],[79.6625,11.9895],[79.6739,11.9951],[79.6808,11.9833],[79.6854,11.9916],[79.6935,11.9899],[79.7056,11.9946],[79.7158,11.9905],[79.7196,11.9922],[79.7175,11.9977],[79.7028,12.0111],[79.7048,12.032],[79.695,12.0356]],[[79.6865,11.9732],[79.6767,11.9681],[79.6622,11.9691],[79.66,11.9584],[79.6538,11.9606],[79.6547,11.9535],[79.6588,11.95],[79.6733,11.9479],[79.6846,11.9534],[79.6838,11.9604],[79.6878,11.9696],[79.6865,11.9732]],[[79.6472,11.8423],[79.641,11.8241],[79.647,11.8197],[79.6463,11.8163],[79.6596,11.8128],[79.6712,11.8149],[79.6713,11.8236],[79.6636,11.8251],[79.6594,11.8295],[79.6617,11.8393],[79.6515,11.8438],[79.6472,11.8423]]]]}},{"type":"Feature","bbox":[79.3839,11.8397,79.6313,11.9752],"properties":{"kind":"ac","ac":74,"name":"Villupuram","pc":"Viluppuram","mla":"R. Lakshmanan","mla_party":"DMK","mp":"Durai Ravikumar","mp_party":"VCK"},"geometry":{"type":"Polygon","coordinates":[[[79.4914,11.9588],[79.4904,11.9751],[79.5127,11.9752],[79.5171,11.9744],[79.5175,11.9685],[79.5216,11.9664],[79.5476,11.9651],[79.5487,11.9597],[79.5581,11.9593],[79.5736,11.974],[79.5781,11.9685],[79.5921,11.9689],[79.5972,11.9593],[79.6099,11.9568],[79.616,11.9645],[79.6287,11.9571],[79.6285,11.9452],[79.6189,11.9432],[79.6179,11.9361],[79.6184,11.9261],[79.6283,11.9196],[79.6232,11.9014],[79.6306,11.901],[79.6313,11.8965],[79.627,11.889],[79.6212,11.8906],[79.6085,11.877],[79.5993,11.8829],[79.6031,11.8686],[79.6003,11.8559],[79.6035,11.8528],[79.5863,11.848],[79.577,11.8513],[79.5772,11.8424],[79.5663,11.8397],[79.543,11.8483],[79.5281,11.8575],[79.5094,11.8578],[79.4707,11.8715],[79.4385,11.8748],[79.4159,11.8964],[79.3839,11.9154],[79.3896,11.9367],[79.4017,11.9332],[79.405,11.9481],[79.452,11.9544],[79.4534,11.9464],[79.4616,11.9461],[79.4618,11.9541],[79.4678,11.9565],[79.4751,11.9383],[79.4827,11.9481],[79.4828,11.9579],[79.4981,11.9561],[79.4982,11.9602],[79.4914,11.9588]]]}},{"type":"Feature","bbox":[79.293,11.9154,79.6261,12.1508],"properties":{"kind":"ac","ac":75,"name":"Vikravandi","pc":"Viluppuram","mla":"C. Sivakumar","mla_party":"PMK","mp":"Durai Ravikumar","mp_party":"VCK"},"geometry":{"type":"Polygon","coordinates":[[[79.4784,12.1497],[79.4782,12.1367],[79.491,12.1371],[79.4982,12.1472],[79.5087,12.1391],[79.5184,12.1394],[79.5259,12.1283],[79.5159,12.118],[79.5204,12.0895],[79.5246,12.0905],[79.5321,12.0835],[79.5362,12.0835],[79.5367,12.0874],[79.5403,12.0885],[79.5444,12.0879],[79.5439,12.0834],[79.568,12.081],[79.5675,12.0721],[79.5777,12.0665],[79.5724,12.0467],[79.5844,12.0446],[79.591,12.0336],[79.5885,12.0289],[79.6112,12.0127],[79.6211,12.0103],[79.6189,12.0013],[79.6261,11.9996],[79.6236,11.9893],[79.6171,11.9896],[79.6174,11.9857],[79.6244,11.9818],[79.6245,11.976],[79.6125,11.967],[79.6041,11.9754],[79.596,11.976],[79.5921,11.9689],[79.5875,11.9679],[79.5779,11.9686],[79.5734,11.974],[79.5579,11.9593],[79.5487,11.9597],[79.5476,11.9651],[79.5216,11.9664],[79.5175,11.9685],[79.5169,11.9745],[79.4904,11.9751],[79.4882,11.9717],[79.4899,11.9617],[79.4925,11.9581],[79.4982,11.9602],[79.4981,11.9561],[79.4828,11.9579],[79.4827,11.9481],[79.4751,11.9383],[79.4678,11.9565],[79.4618,11.9541],[79.4616,11.9461],[79.4534,11.9464],[79.4526,11.9544],[79.4412,11.9513],[79.4418,11.9548],[79.4391,11.9544],[79.426,11.949],[79.405,11.9481],[79.4017,11.9332],[79.3896,11.9367],[79.3839,11.9154],[79.3791,11.9183],[79.3599,11.919],[79.3522,11.9266],[79.3477,11.9505],[79.3499,11.9571],[79.3627,11.9575],[79.3641,11.9654],[79.3605,11.967],[79.3628,11.9771],[79.3566,11.9834],[79.3583,11.9882],[79.3558,11.9923],[79.3621,11.9993],[79.3573,11.9993],[79.3555,12.0124],[79.3627,12.0191],[79.3634,12.0348],[79.3527,12.0363],[79.3293,12.0331],[79.3258,12.0415],[79.3177,12.0427],[79.3213,12.0452],[79.3224,12.0637],[79.3191,12.0649],[79.3072,12.0554],[79.3039,12.0471],[79.2954,12.0482],[79.293,12.0595],[79.3009,12.0872],[79.3129,12.0842],[79.3376,12.0855],[79.3402,12.09],[79.3388,12.101],[79.3528,12.0999],[79.3589,12.107],[79.3667,12.1051],[79.3693,12.1141],[79.3865,12.1196],[79.3907,12.1169],[79.4059,12.1178],[79.4059,12.1293],[79.4184,12.1257],[79.43,12.1325],[79.4341,12.1405],[79.4496,12.1377],[79.4599,12.1445],[79.4714,12.1393],[79.474,12.1508],[79.4784,12.1497]]]}},{"type":"Feature","bbox":[79.121,11.8253,79.432,12.0872],"properties":{"kind":"ac","ac":76,"name":"Tirukkoyilur","pc":"Viluppuram","mla":"S. Palaniswamy","mla_party":"AIADMK","mp":"Durai Ravikumar","mp_party":"VCK"},"geometry":{"type":"Polygon","coordinates":[[[79.2487,12.0787],[79.2601,12.0825],[79.2664,12.0777],[79.282,12.078],[79.2907,12.0749],[79.3009,12.0872],[79.293,12.0595],[79.2954,12.0482],[79.3039,12.0471],[79.3072,12.0554],[79.3191,12.0649],[79.3224,12.0637],[79.3213,12.0452],[79.3177,12.0427],[79.3258,12.0415],[79.3293,12.0331],[79.3527,12.0363],[79.3634,12.0348],[79.3627,12.0191],[79.3555,12.0124],[79.3573,11.9993],[79.3621,11.9993],[79.3558,11.9923],[79.3583,11.9882],[79.3566,11.9834],[79.3628,11.9771],[79.3605,11.967],[79.3641,11.9654],[79.3627,11.9575],[79.3499,11.9571],[79.3477,11.9505],[79.3522,11.9266],[79.3599,11.919],[79.3791,11.9183],[79.4159,11.8964],[79.4182,11.8943],[79.4145,11.8821],[79.4169,11.8754],[79.431,11.8643],[79.432,11.8595],[79.4262,11.8602],[79.4263,11.8635],[79.4198,11.8665],[79.419,11.8618],[79.4075,11.8578],[79.4015,11.8766],[79.398,11.873],[79.3834,11.8708],[79.3824,11.8648],[79.3895,11.8634],[79.3907,11.8568],[79.3852,11.8512],[79.3925,11.8413],[79.3889,11.8254],[79.3771,11.8275],[79.3715,11.8253],[79.3702,11.844],[79.3576,11.8531],[79.359,11.8607],[79.3471,11.8708],[79.3433,11.8682],[79.3401,11.8533],[79.3325,11.8541],[79.3308,11.848],[79.3189,11.8563],[79.3189,11.8608],[79.3102,11.8654],[79.3071,11.8729],[79.2897,11.8663],[79.2881,11.8592],[79.2771,11.854],[79.2737,11.8441],[79.2677,11.8391],[79.262,11.8428],[79.26,11.8494],[79.2424,11.848],[79.2368,11.854],[79.2372,11.8649],[79.2462,11.8737],[79.2182,11.8763],[79.2171,11.8949],[79.2229,11.9036],[79.2131,11.9122],[79.2179,11.9184],[79.2195,11.9307],[79.2144,11.9374],[79.2214,11.9458],[79.2209,11.9547],[79.2054,11.9519],[79.2029,11.946],[79.1953,11.947],[79.1861,11.9552],[79.1882,11.9615],[79.1835,11.9736],[79.1689,11.9658],[79.1498,11.9651],[79.1298,11.9681],[79.1216,11.9763],[79.121,11.9939],[79.1306,12.0038],[79.1273,12.0114],[79.1426,12.0157],[79.1429,12.0194],[79.1357,12.0257],[79.1422,12.0414],[79.1471,12.0443],[79.1578,12.0356],[79.1727,12.0304],[79.1764,12.0474],[79.1898,12.0485],[79.1965,12.0575],[79.2008,12.0706],[79.2094,12.0718],[79.2152,12.0646],[79.234,12.06],[79.2402,12.0716],[79.2381,12.0772],[79.243,12.0812],[79.2487,12.0787]]]}},{"type":"Feature","bbox":[79.1186,11.6023,79.4821,11.8943],"properties":{"kind":"ac","ac":77,"name":"Ulundurpet","pc":"Viluppuram","mla":"G. R. Vasanthavel","mla_party":"DMK","mp":"Durai Ravikumar","mp_party":"VCK"},"geometry":{"type":"Polygon","coordinates":[[[79.4385,11.8748],[79.4551,11.8712],[79.451,11.8627],[79.4512,11.8489],[79.4722,11.8472],[79.4688,11.8443],[79.4705,11.8349],[79.4799,11.8375],[79.481,11.8294],[79.4765,11.8234],[79.4821,11.8125],[79.4776,11.8057],[79.4723,11.8058],[79.47,11.7996],[79.4643,11.8005],[79.4655,11.8075],[79.4531,11.8112],[79.4513,11.8089],[79.4423,11.8099],[79.4377,11.7944],[79.4388,11.7888],[79.4306,11.7782],[79.4353,11.7754],[79.4361,11.7681],[79.442,11.7682],[79.4463,11.7639],[79.4502,11.7644],[79.453,11.7696],[79.4638,11.7675],[79.4606,11.7577],[79.4627,11.7428],[79.457,11.7374],[79.4393,11.7364],[79.4284,11.7307],[79.4346,11.7254],[79.4371,11.718],[79.4345,11.7033],[79.4372,11.6916],[79.4417,11.689],[79.4442,11.6659],[79.4334,11.664],[79.4317,11.6677],[79.4185,11.6677],[79.4184,11.6714],[79.395,11.6772],[79.3953,11.6801],[79.3772,11.6791],[79.3741,11.6752],[79.3616,11.6726],[79.3622,11.6611],[79.3591,11.6597],[79.3511,11.6577],[79.3327,11.6611],[79.3263,11.6477],[79.3207,11.6486],[79.3184,11.6422],[79.3115,11.6437],[79.3085,11.6328],[79.2964,11.6369],[79.297,11.6415],[79.2923,11.6469],[79.2793,11.6494],[79.2709,11.6463],[79.2711,11.6439],[79.2487,11.6527],[79.2355,11.6294],[79.2246,11.632],[79.2217,11.6375],[79.2158,11.6392],[79.2099,11.6338],[79.2123,11.6201],[79.2055,11.6164],[79.1944,11.6023],[79.1824,11.6064],[79.1811,11.6102],[79.1907,11.6191],[79.192,11.6394],[79.1862,11.6433],[79.1833,11.6397],[79.178,11.6437],[79.1768,11.6473],[79.1822,11.6572],[79.1515,11.6693],[79.1584,11.6734],[79.1661,11.6888],[79.1671,11.6995],[79.1507,11.7038],[79.1296,11.7004],[79.1269,11.7074],[79.1268,11.7134],[79.1368,11.7252],[79.144,11.7517],[79.1325,11.7616],[79.1249,11.7594],[79.1277,11.7759],[79.1195,11.7793],[79.1186,11.7883],[79.1237,11.8076],[79.1305,11.81],[79.1388,11.8215],[79.1342,11.8529],[79.1256,11.8537],[79.1345,11.8651],[79.1393,11.8683],[79.1407,11.8606],[79.1488,11.8624],[79.1617,11.851],[79.1747,11.8548],[79.1911,11.8477],[79.1967,11.8481],[79.2175,11.8543],[79.2239,11.8584],[79.231,11.8738],[79.2393,11.8733],[79.2418,11.8713],[79.2373,11.865],[79.2371,11.8534],[79.2427,11.8479],[79.2602,11.8493],[79.262,11.8428],[79.2672,11.8391],[79.2737,11.8441],[79.2771,11.854],[79.2881,11.8592],[79.2895,11.8661],[79.3039,11.872],[79.3079,11.8725],[79.3102,11.8654],[79.3156,11.8639],[79.3189,11.8563],[79.3303,11.848],[79.3325,11.8541],[79.3399,11.8531],[79.3433,11.8682],[79.3471,11.8708],[79.359,11.8607],[79.3576,11.8531],[79.3702,11.844],[79.3715,11.8253],[79.3771,11.8275],[79.3883,11.8252],[79.3925,11.8413],[79.3852,11.851],[79.3907,11.8568],[79.3895,11.8634],[79.3824,11.8648],[79.3834,11.8708],[79.398,11.873],[79.4015,11.8766],[79.4075,11.8578],[79.419,11.8618],[79.4198,11.8665],[79.4317,11.8588],[79.431,11.8643],[79.4168,11.8756],[79.4145,11.8821],[79.4182,11.8943],[79.4385,11.8748]]]}},{"type":"Feature","bbox":[78.8301,11.7533,79.2472,12.0813],"properties":{"kind":"ac","ac":78,"name":"Rishivandiyam","pc":"Kallakurichi","mla":"K. Karthikeyan","mla_party":"DMK","mp":"Malaiyarasan D","mp_party":"DMK"},"geometry":{"type":"Polygon","coordinates":[[[78.9957,12.0675],[79.0313,12.0639],[79.0215,12.0573],[79.0224,12.0496],[79.0251,12.0462],[79.029,12.0474],[79.0419,12.0412],[79.0434,12.0378],[79.0524,12.0363],[79.0601,12.0523],[79.0683,12.0524],[79.0607,12.0604],[79.0626,12.0697],[79.0787,12.071],[79.0851,12.0813],[79.0902,12.0785],[79.0981,12.066],[79.0876,12.0425],[79.08,12.0473],[79.0765,12.0443],[79.0808,12.039],[79.0788,12.0315],[79.093,12.0308],[79.0954,12.0247],[79.1066,12.0197],[79.1122,12.0265],[79.1222,12.0195],[79.1357,12.0257],[79.1429,12.0194],[79.1422,12.0153],[79.1278,12.0122],[79.1267,12.0094],[79.1308,12.0067],[79.1294,11.9999],[79.1235,11.9989],[79.121,11.9939],[79.1215,11.9766],[79.1295,11.9683],[79.1643,11.9652],[79.1835,11.9736],[79.1882,11.9615],[79.1861,11.9552],[79.1953,11.947],[79.2029,11.946],[79.2054,11.9519],[79.2209,11.9547],[79.2214,11.9458],[79.2144,11.9374],[79.2195,11.9307],[79.2179,11.9184],[79.2131,11.9122],[79.2229,11.9036],[79.2171,11.8949],[79.2182,11.8763],[79.2318,11.8769],[79.2472,11.8721],[79.2314,11.8741],[79.2237,11.8582],[79.1912,11.8477],[79.1802,11.8543],[79.1779,11.8519],[79.1745,11.8548],[79.1615,11.8511],[79.1488,11.8624],[79.1407,11.8606],[79.14,11.8676],[79.1365,11.8672],[79.1256,11.8537],[79.1342,11.8529],[79.1385,11.8257],[79.1373,11.8178],[79.1305,11.81],[79.1204,11.8081],[79.12,11.8047],[79.0973,11.7949],[79.0879,11.7863],[79.078,11.7917],[79.0563,11.7703],[79.0555,11.7626],[79.0471,11.7587],[79.0461,11.7638],[79.0375,11.7658],[79.0285,11.7533],[79.0268,11.7645],[79.0174,11.7759],[79.023,11.7885],[79.0206,11.8027],[79.015,11.8021],[79.0074,11.8046],[79.0055,11.8088],[78.9801,11.8142],[78.9822,11.8196],[78.9799,11.836],[78.9907,11.8536],[78.9851,11.8609],[78.986,11.8697],[78.9935,11.8864],[78.9891,11.8889],[78.9851,11.8984],[78.9795,11.9014],[78.979,11.9089],[78.9741,11.9111],[78.9536,11.8891],[78.9493,11.9009],[78.952,11.9159],[78.9392,11.9209],[78.9416,11.9323],[78.9373,11.9372],[78.938,11.9559],[78.9346,11.9602],[78.9128,11.9509],[78.904,11.9611],[78.8945,11.9631],[78.8523,11.9576],[78.8492,11.9626],[78.8578,11.9749],[78.8564,11.9838],[78.8632,11.9874],[78.8552,11.9933],[78.8508,11.992],[78.8502,11.9983],[78.8359,12.0018],[78.8301,12.0078],[78.8559,12.0127],[78.8645,12.0165],[78.8737,12.0263],[78.8795,12.0268],[78.8831,12.0234],[78.8925,12.0228],[78.8968,12.0177],[78.9147,12.0146],[78.9281,12.029],[78.9335,12.0396],[78.9393,12.0412],[78.9427,12.0527],[78.958,12.0683],[78.9637,12.0647],[78.9802,12.0658],[78.9867,12.0614],[78.9886,12.055],[78.9915,12.0644],[78.9957,12.0675]]]}},{"type":"Feature","bbox":[78.6269,11.6435,79.0228,12.0195],"properties":{"kind":"ac","ac":79,"name":"Sankarapuram","pc":"Kallakurichi","mla":"R. Rakesh","mla_party":"AIADMK","mp":"Malaiyarasan D","mp_party":"DMK"},"geometry":{"type":"Polygon","coordinates":[[[78.7102,11.9674],[78.718,11.9882],[78.7375,11.9874],[78.7352,11.9906],[78.7373,11.9935],[78.7458,11.9972],[78.7574,12.0116],[78.7757,12.007],[78.7921,12.0118],[78.8042,12.0195],[78.8161,12.0099],[78.8301,12.0078],[78.8359,12.0018],[78.8502,11.9983],[78.8504,11.9923],[78.8552,11.9933],[78.8632,11.9874],[78.8564,11.9838],[78.8578,11.9749],[78.8492,11.9626],[78.8523,11.9576],[78.8945,11.9631],[78.904,11.9611],[78.9128,11.9509],[78.9346,11.9602],[78.938,11.9559],[78.9373,11.9372],[78.9416,11.9323],[78.9392,11.9209],[78.952,11.9159],[78.9493,11.9009],[78.9536,11.8891],[78.9741,11.9111],[78.979,11.9089],[78.9795,11.9014],[78.9851,11.8984],[78.9891,11.8889],[78.9934,11.8866],[78.986,11.8697],[78.9851,11.8609],[78.9907,11.8536],[78.98,11.8365],[78.9822,11.8191],[78.98,11.8145],[79.0055,11.8088],[79.0074,11.8046],[79.015,11.8021],[79.0206,11.8027],[79.0228,11.7875],[79.0116,11.7615],[79.0046,11.7551],[78.9904,11.7585],[78.9851,11.7705],[78.9689,11.7788],[78.9501,11.7744],[78.9487,11.7716],[78.953,11.7688],[78.9549,11.7609],[78.9439,11.7515],[78.928,11.7549],[78.9179,11.7638],[78.9143,11.7584],[78.9054,11.7637],[78.8933,11.7525],[78.8872,11.7364],[78.8885,11.7115],[78.8807,11.708],[78.882,11.7],[78.8737,11.6979],[78.837,11.7037],[78.8355,11.6975],[78.8393,11.687],[78.8374,11.6805],[78.8326,11.6795],[78.8327,11.6739],[78.8193,11.6766],[78.8029,11.6889],[78.7909,11.6929],[78.7807,11.7029],[78.7651,11.6951],[78.7369,11.6926],[78.7181,11.6841],[78.7094,11.6898],[78.6999,11.6913],[78.682,11.6818],[78.6776,11.6703],[78.6779,11.6671],[78.6831,11.6675],[78.6784,11.665],[78.6799,11.6435],[78.6583,11.648],[78.6604,11.6617],[78.6456,11.6604],[78.6498,11.6699],[78.6527,11.7149],[78.638,11.7226],[78.638,11.7402],[78.6433,11.7537],[78.64,11.7654],[78.6627,11.7798],[78.6655,11.7964],[78.6906,11.8043],[78.6949,11.8508],[78.6819,11.8573],[78.6587,11.8567],[78.653,11.866],[78.6331,11.8647],[78.6269,11.869],[78.634,11.8751],[78.6345,11.889],[78.6517,11.8846],[78.6597,11.8951],[78.6901,11.9041],[78.6938,11.8941],[78.7084,11.8975],[78.7111,11.9082],[78.7239,11.9197],[78.7186,11.9282],[78.7106,11.9314],[78.7042,11.9393],[78.7087,11.9515],[78.7127,11.9508],[78.7102,11.9674]]]}},{"type":"Feature","bbox":[78.7737,11.5046,79.1944,11.8081],"properties":{"kind":"ac","ac":80,"name":"Kallakurichi","pc":"Kallakurichi","mla":"Arul Vignesh","mla_party":"TVK","mp":"Malaiyarasan D","mp_party":"DMK"},"geometry":{"type":"Polygon","coordinates":[[[79.12,11.8047],[79.1204,11.8081],[79.1237,11.8076],[79.1186,11.7883],[79.1195,11.7793],[79.1277,11.7759],[79.1249,11.7594],[79.1325,11.7616],[79.144,11.7517],[79.1368,11.7252],[79.1268,11.7134],[79.1269,11.7074],[79.1296,11.7004],[79.1507,11.7038],[79.1671,11.6995],[79.1661,11.6888],[79.1584,11.6734],[79.1515,11.6693],[79.1822,11.6572],[79.1768,11.6473],[79.178,11.6437],[79.1833,11.6397],[79.1862,11.6433],[79.192,11.6394],[79.1907,11.6191],[79.1811,11.6102],[79.1848,11.6049],[79.1944,11.6023],[79.1925,11.593],[79.1836,11.586],[79.1768,11.5918],[79.1533,11.5983],[79.1502,11.5975],[79.1477,11.5895],[79.1357,11.589],[79.1335,11.594],[79.1164,11.5992],[79.118,11.6056],[79.1129,11.6133],[79.1061,11.615],[79.1028,11.6107],[79.0982,11.6142],[79.0986,11.6212],[79.0913,11.6233],[79.084,11.6344],[79.0782,11.6296],[79.0674,11.6303],[79.0693,11.621],[79.0655,11.6114],[79.0769,11.6081],[79.0778,11.597],[79.0681,11.5988],[79.055,11.5865],[79.0431,11.5873],[79.0498,11.5957],[79.0417,11.5992],[79.0334,11.598],[79.0183,11.6068],[79.0121,11.6027],[79.0145,11.5953],[79.0188,11.5929],[79.0044,11.5747],[78.9951,11.5755],[78.9916,11.5712],[78.9805,11.5678],[78.9739,11.5699],[78.9738,11.5745],[78.9712,11.5746],[78.9559,11.5697],[78.9468,11.5717],[78.9307,11.5661],[78.924,11.5675],[78.9154,11.5378],[78.917,11.5287],[78.9047,11.5046],[78.8867,11.5061],[78.8787,11.5102],[78.8775,11.5075],[78.873,11.5104],[78.8706,11.5176],[78.8579,11.5227],[78.8436,11.5229],[78.8352,11.5298],[78.8357,11.5394],[78.8314,11.5425],[78.8168,11.5424],[78.8161,11.5612],[78.8291,11.5778],[78.8242,11.5798],[78.8213,11.5856],[78.8171,11.5861],[78.8168,11.5902],[78.7958,11.5953],[78.7943,11.5993],[78.7759,11.6056],[78.7766,11.6133],[78.7862,11.6138],[78.7893,11.6289],[78.7864,11.6407],[78.7841,11.6376],[78.7737,11.6364],[78.7846,11.6475],[78.7928,11.6512],[78.7947,11.6576],[78.8054,11.6602],[78.8034,11.6863],[78.8244,11.6743],[78.8327,11.6739],[78.8326,11.6795],[78.8374,11.6805],[78.8393,11.687],[78.8355,11.6975],[78.837,11.7037],[78.8737,11.6979],[78.882,11.7],[78.8807,11.708],[78.8885,11.7115],[78.8872,11.7364],[78.8933,11.7525],[78.9054,11.7637],[78.9143,11.7584],[78.9179,11.7638],[78.928,11.7549],[78.9439,11.7515],[78.9549,11.7609],[78.953,11.7688],[78.9487,11.7716],[78.9501,11.7744],[78.9689,11.7788],[78.9851,11.7705],[78.9894,11.759],[79.0046,11.7551],[79.0116,11.7615],[79.0181,11.7753],[79.0264,11.7652],[79.0297,11.7531],[79.0375,11.7658],[79.0461,11.7638],[79.0471,11.7587],[79.0555,11.7626],[79.0563,11.7703],[79.078,11.7917],[79.0879,11.7863],[79.0973,11.7949],[79.12,11.8047]]]}},{"type":"Feature","bbox":[78.426,11.3161,78.8431,11.7029],"properties":{"kind":"ac","ac":81,"name":"Gangavalli","pc":"Kallakurichi","mla":"A. Nallathambi","mla_party":"AIADMK","mp":"Malaiyarasan D","mp_party":"DMK"},"geometry":{"type":"Polygon","coordinates":[[[78.7365,11.6925],[78.7651,11.6951],[78.7805,11.7029],[78.7909,11.6929],[78.8041,11.6872],[78.8054,11.6602],[78.7947,11.6576],[78.7928,11.6512],[78.7846,11.6475],[78.7737,11.6364],[78.7841,11.6376],[78.7864,11.6407],[78.7893,11.6289],[78.7862,11.6138],[78.7766,11.6133],[78.7759,11.6056],[78.7943,11.5993],[78.7958,11.5953],[78.8168,11.5902],[78.8171,11.5861],[78.8213,11.5856],[78.8242,11.5798],[78.8291,11.5778],[78.8161,11.5612],[78.8157,11.5438],[78.8282,11.5439],[78.8356,11.5397],[78.8348,11.5304],[78.8431,11.5233],[78.8352,11.5145],[78.8339,11.5067],[78.8217,11.5098],[78.8102,11.508],[78.8097,11.4828],[78.7983,11.4826],[78.7962,11.4616],[78.7899,11.4576],[78.7893,11.4541],[78.8191,11.4405],[78.8183,11.4329],[78.8227,11.4281],[78.8125,11.4169],[78.8061,11.4021],[78.8013,11.4027],[78.7989,11.3861],[78.7927,11.3906],[78.7889,11.3876],[78.7562,11.4374],[78.7435,11.4435],[78.7414,11.4497],[78.7093,11.4566],[78.7,11.4556],[78.6884,11.4419],[78.6885,11.4356],[78.6802,11.4299],[78.6511,11.422],[78.6502,11.4084],[78.6566,11.4015],[78.6581,11.3808],[78.6635,11.3742],[78.655,11.3652],[78.65,11.3532],[78.6427,11.3479],[78.6429,11.3436],[78.624,11.3361],[78.6047,11.3384],[78.5958,11.3291],[78.5891,11.3264],[78.5846,11.3312],[78.5803,11.3274],[78.5804,11.3194],[78.5762,11.3161],[78.5544,11.3181],[78.5529,11.3249],[78.5562,11.3274],[78.5524,11.3488],[78.5545,11.3578],[78.5429,11.3693],[78.5345,11.3682],[78.5236,11.3713],[78.5149,11.3853],[78.5043,11.3795],[78.5098,11.3962],[78.4963,11.4086],[78.4861,11.407],[78.4877,11.4138],[78.4811,11.4119],[78.4803,11.4064],[78.4737,11.4037],[78.4713,11.4078],[78.4599,11.4042],[78.4388,11.3943],[78.4382,11.3896],[78.4263,11.3863],[78.4457,11.4024],[78.4428,11.4081],[78.4474,11.4194],[78.4463,11.4235],[78.4489,11.4315],[78.4519,11.4308],[78.4572,11.4385],[78.445,11.4399],[78.4372,11.4639],[78.4327,11.4628],[78.4263,11.4707],[78.426,11.4731],[78.4329,11.4759],[78.436,11.4863],[78.4322,11.4927],[78.4343,11.4993],[78.4396,11.4951],[78.4416,11.4986],[78.4506,11.4973],[78.4583,11.5025],[78.4615,11.4954],[78.4647,11.4967],[78.4649,11.5027],[78.4781,11.502],[78.4774,11.4897],[78.4847,11.4846],[78.4893,11.4847],[78.497,11.4921],[78.49,11.4771],[78.5059,11.4797],[78.5209,11.4709],[78.534,11.4795],[78.5512,11.4818],[78.5546,11.478],[78.5556,11.4687],[78.5482,11.4576],[78.561,11.4594],[78.577,11.472],[78.5807,11.4686],[78.5864,11.4753],[78.5981,11.4784],[78.6007,11.4772],[78.5949,11.4625],[78.597,11.4602],[78.6016,11.4627],[78.6198,11.4896],[78.6107,11.4909],[78.605,11.4841],[78.5956,11.485],[78.5937,11.4907],[78.5833,11.4904],[78.583,11.496],[78.5789,11.4998],[78.5842,11.5024],[78.5731,11.5053],[78.5737,11.5135],[78.6032,11.5206],[78.6119,11.5136],[78.6272,11.509],[78.6282,11.5206],[78.6435,11.5578],[78.6539,11.5694],[78.6548,11.5794],[78.6626,11.5841],[78.6477,11.6043],[78.6506,11.6301],[78.6481,11.6374],[78.6618,11.6474],[78.6801,11.6437],[78.6784,11.665],[78.6831,11.6675],[78.6779,11.6671],[78.6777,11.6712],[78.6825,11.6825],[78.6925,11.6895],[78.7094,11.6898],[78.7181,11.6841],[78.7365,11.6925]]]}},{"type":"Feature","bbox":[78.4102,11.4576,78.6626,11.7723],"properties":{"kind":"ac","ac":82,"name":"Attur","pc":"Kallakurichi","mla":"A. P. Jayasankaran","mla_party":"AIADMK","mp":"Malaiyarasan D","mp_party":"DMK"},"geometry":{"type":"Polygon","coordinates":[[[78.5096,11.7709],[78.5294,11.764],[78.5185,11.7509],[78.5239,11.7457],[78.5185,11.7433],[78.5179,11.7395],[78.5112,11.7439],[78.5112,11.7334],[78.5308,11.7294],[78.5379,11.7403],[78.537,11.7308],[78.5451,11.7232],[78.5541,11.7234],[78.5566,11.7283],[78.5639,11.722],[78.576,11.7277],[78.5839,11.7252],[78.5928,11.755],[78.6022,11.755],[78.6046,11.7587],[78.6142,11.7549],[78.6211,11.756],[78.6267,11.7723],[78.6402,11.7642],[78.6432,11.7544],[78.638,11.7402],[78.638,11.7226],[78.6527,11.7149],[78.6498,11.6699],[78.6456,11.6604],[78.6604,11.6617],[78.6583,11.648],[78.6618,11.6474],[78.6481,11.6374],[78.6506,11.6301],[78.6475,11.605],[78.6626,11.5841],[78.6548,11.5794],[78.6539,11.5694],[78.6435,11.5578],[78.6282,11.5206],[78.627,11.5088],[78.6113,11.5138],[78.6032,11.5206],[78.5738,11.5137],[78.5731,11.5053],[78.5842,11.5024],[78.5789,11.4998],[78.583,11.496],[78.5833,11.4904],[78.5937,11.4907],[78.5956,11.485],[78.605,11.4841],[78.6107,11.4909],[78.6198,11.4896],[78.6041,11.465],[78.5972,11.4602],[78.5948,11.4641],[78.5994,11.4783],[78.5864,11.4753],[78.5807,11.4686],[78.577,11.472],[78.5605,11.4592],[78.5483,11.4576],[78.5494,11.463],[78.5556,11.4687],[78.5546,11.478],[78.5512,11.4818],[78.5338,11.4795],[78.5215,11.4709],[78.5059,11.4797],[78.4897,11.4774],[78.4968,11.4924],[78.4893,11.4847],[78.4852,11.4844],[78.4774,11.4897],[78.4786,11.5017],[78.4649,11.5027],[78.4733,11.5228],[78.4702,11.5294],[78.4616,11.5294],[78.4598,11.5345],[78.4665,11.5376],[78.4543,11.5425],[78.4606,11.5615],[78.4536,11.5664],[78.4488,11.5656],[78.4516,11.5972],[78.439,11.5982],[78.433,11.5954],[78.4248,11.6118],[78.4178,11.6108],[78.4168,11.6146],[78.4268,11.632],[78.4199,11.6326],[78.4263,11.637],[78.4172,11.6382],[78.4199,11.6607],[78.4257,11.6715],[78.42,11.6758],[78.4191,11.6789],[78.422,11.6789],[78.4177,11.6844],[78.4261,11.6901],[78.4294,11.6893],[78.4283,11.6852],[78.4325,11.6857],[78.4382,11.6995],[78.4298,11.7028],[78.4279,11.7112],[78.4201,11.7036],[78.4102,11.7062],[78.4144,11.7092],[78.4122,11.7122],[78.415,11.7201],[78.4197,11.7183],[78.4278,11.7311],[78.4363,11.732],[78.44,11.7426],[78.4377,11.7465],[78.4565,11.7496],[78.4567,11.7437],[78.4756,11.7613],[78.498,11.7702],[78.5096,11.7709]]]}},{"type":"Feature","bbox":[78.1289,11.5313,78.6949,11.9399],"properties":{"kind":"ac","ac":83,"name":"Yercaud","pc":"Kallakurichi","mla":"P. Usharani","mla_party":"AIADMK","mp":"Malaiyarasan D","mp_party":"DMK"},"geometry":{"type":"Polygon","coordinates":[[[78.2079,11.8813],[78.2422,11.9266],[78.2548,11.9336],[78.2562,11.9399],[78.2733,11.9387],[78.2634,11.9275],[78.258,11.9135],[78.2597,11.9111],[78.2767,11.9315],[78.2853,11.929],[78.2902,11.9317],[78.2931,11.929],[78.2883,11.924],[78.2798,11.9232],[78.2798,11.9131],[78.2692,11.899],[78.2724,11.8975],[78.2927,11.9062],[78.292,11.9139],[78.3191,11.932],[78.3287,11.9264],[78.3316,11.9193],[78.3234,11.9043],[78.3266,11.8988],[78.307,11.8836],[78.3081,11.8815],[78.3352,11.9005],[78.3401,11.8967],[78.3585,11.9128],[78.3587,11.9009],[78.3534,11.8936],[78.3559,11.8908],[78.3674,11.8897],[78.3672,11.8796],[78.3556,11.8644],[78.3513,11.8483],[78.3478,11.8482],[78.3514,11.8455],[78.3467,11.8398],[78.3508,11.8338],[78.3434,11.8202],[78.3274,11.7955],[78.3129,11.7831],[78.3222,11.778],[78.3293,11.7762],[78.346,11.7932],[78.3517,11.7932],[78.3819,11.8282],[78.3877,11.8467],[78.4006,11.8637],[78.4029,11.8736],[78.4143,11.8802],[78.4352,11.8742],[78.4413,11.8688],[78.4328,11.8624],[78.4406,11.84],[78.449,11.8301],[78.4688,11.8237],[78.4751,11.8199],[78.4738,11.8177],[78.4856,11.8185],[78.5125,11.8115],[78.5222,11.8155],[78.5401,11.8054],[78.5611,11.8119],[78.5726,11.8198],[78.5973,11.8239],[78.6076,11.8483],[78.6274,11.8717],[78.6269,11.868],[78.6331,11.8647],[78.653,11.866],[78.6587,11.8567],[78.6819,11.8573],[78.6949,11.8508],[78.6906,11.8043],[78.6655,11.7964],[78.6627,11.7798],[78.6402,11.7642],[78.6267,11.7723],[78.6211,11.756],[78.6142,11.7549],[78.6046,11.7587],[78.6022,11.755],[78.5928,11.755],[78.5839,11.7252],[78.576,11.7277],[78.5639,11.722],[78.5566,11.7283],[78.5541,11.7234],[78.5448,11.7232],[78.537,11.7308],[78.5379,11.7403],[78.5308,11.7294],[78.5112,11.7334],[78.5112,11.7439],[78.5179,11.7395],[78.5185,11.7433],[78.5239,11.7457],[78.5185,11.7509],[78.5294,11.764],[78.5089,11.771],[78.498,11.7702],[78.4756,11.7613],[78.4567,11.7437],[78.4565,11.7496],[78.4377,11.7465],[78.44,11.7426],[78.4363,11.732],[78.4278,11.7311],[78.4197,11.7183],[78.415,11.7201],[78.4122,11.7122],[78.4144,11.7092],[78.4102,11.7062],[78.4201,11.7036],[78.4279,11.7112],[78.4298,11.7028],[78.4382,11.6995],[78.4325,11.6857],[78.4283,11.6852],[78.4294,11.6893],[78.4261,11.6901],[78.4177,11.6844],[78.422,11.6789],[78.4191,11.6789],[78.42,11.6758],[78.4257,11.6715],[78.4199,11.6607],[78.4172,11.6382],[78.4263,11.637],[78.4199,11.6326],[78.4268,11.632],[78.4168,11.6146],[78.4178,11.6108],[78.4248,11.6118],[78.433,11.5954],[78.4058,11.5877],[78.3858,11.5866],[78.3828,11.5753],[78.3758,11.5774],[78.373,11.583],[78.3747,11.5858],[78.3745,11.5886],[78.3711,11.579],[78.3657,11.578],[78.3613,11.5712],[78.3565,11.559],[78.3491,11.5526],[78.3492,11.5492],[78.3435,11.5466],[78.3452,11.5417],[78.3278,11.5313],[78.3263,11.5365],[78.31,11.5413],[78.3232,11.5427],[78.324,11.5545],[78.3294,11.5586],[78.3072,11.5647],[78.3103,11.575],[78.3177,11.5734],[78.3192,11.5786],[78.3097,11.5879],[78.312,11.5954],[78.3185,11.6014],[78.3122,11.6242],[78.2968,11.6368],[78.2882,11.6394],[78.2763,11.6404],[78.2714,11.6315],[78.2533,11.6235],[78.2518,11.6269],[78.2591,11.6341],[78.2579,11.6403],[78.2409,11.6324],[78.2364,11.6349],[78.2208,11.6344],[78.2231,11.6481],[78.2289,11.6516],[78.2234,11.6552],[78.2093,11.6503],[78.211,11.6556],[78.2059,11.6649],[78.2105,11.6733],[78.1946,11.6801],[78.2017,11.6857],[78.2029,11.6989],[78.2152,11.7156],[78.2055,11.7167],[78.205,11.7246],[78.1864,11.7114],[78.1879,11.7203],[78.178,11.7201],[78.178,11.728],[78.1734,11.7374],[78.1478,11.7434],[78.1593,11.7543],[78.1594,11.7785],[78.1537,11.7849],[78.1381,11.7905],[78.1289,11.8023],[78.1333,11.8154],[78.1498,11.8217],[78.1389,11.8356],[78.1424,11.8464],[78.1505,11.8469],[78.1627,11.8374],[78.1674,11.844],[78.1546,11.8597],[78.1598,11.8853],[78.1699,11.8961],[78.1755,11.8931],[78.1725,11.889],[78.1744,11.8873],[78.1928,11.8779],[78.1962,11.8685],[78.2069,11.8698],[78.2118,11.8775],[78.2079,11.8813]]]}},{"type":"Feature","bbox":[77.9001,11.6777,78.2521,11.9791],"properties":{"kind":"ac","ac":84,"name":"Omalur","pc":"Salem","mla":"R. Mani","mla_party":"AIADMK","mp":"T. M. Selvaganapathi","mp_party":"DMK"},"geometry":{"type":"Polygon","coordinates":[[[78.1404,11.9666],[78.1682,11.9677],[78.1753,11.9721],[78.1855,11.9707],[78.1905,11.9739],[78.2343,11.9791],[78.2379,11.9725],[78.2449,11.9686],[78.2521,11.9496],[78.2493,11.9372],[78.2079,11.8813],[78.2118,11.8775],[78.2069,11.8698],[78.1962,11.8685],[78.1928,11.8779],[78.1744,11.8873],[78.1725,11.889],[78.1755,11.8931],[78.1699,11.8961],[78.1598,11.8853],[78.1546,11.8597],[78.1674,11.844],[78.1627,11.8374],[78.1505,11.8469],[78.1424,11.8464],[78.1389,11.8356],[78.1498,11.8217],[78.1333,11.8154],[78.1289,11.8023],[78.1381,11.7905],[78.1578,11.7823],[78.1607,11.7672],[78.1593,11.7543],[78.1301,11.725],[78.1138,11.7273],[78.1069,11.7324],[78.0809,11.7256],[78.0684,11.7306],[78.0675,11.7261],[78.0557,11.7267],[78.0536,11.7229],[78.0459,11.7204],[78.0376,11.7312],[78.035,11.712],[78.0168,11.7194],[78.0082,11.7103],[78.0054,11.7122],[77.9982,11.7052],[77.9894,11.7082],[77.9883,11.704],[77.9839,11.7025],[77.985,11.6954],[77.9785,11.6945],[77.969,11.6791],[77.9622,11.6824],[77.9572,11.6777],[77.947,11.6843],[77.937,11.681],[77.9329,11.6928],[77.9248,11.6965],[77.9216,11.6957],[77.9207,11.6932],[77.9239,11.6929],[77.9171,11.6859],[77.9137,11.6902],[77.9056,11.6888],[77.9001,11.6968],[77.9041,11.7215],[77.9124,11.7268],[77.9337,11.7228],[77.9449,11.7285],[77.9337,11.7413],[77.9421,11.7411],[77.9456,11.7464],[77.9463,11.7502],[77.9345,11.7603],[77.9459,11.7716],[77.947,11.7751],[77.9435,11.7802],[77.9539,11.7793],[77.9546,11.7843],[77.9673,11.7798],[77.9677,11.7661],[77.971,11.7628],[77.9756,11.7698],[77.9988,11.76],[78.0221,11.7754],[78.0065,11.783],[78.0082,11.7875],[78.005,11.8053],[78.0101,11.8104],[78.0087,11.813],[78.0014,11.8113],[78.0028,11.818],[77.9902,11.826],[77.9933,11.8374],[77.9871,11.8405],[77.9907,11.8485],[77.9812,11.8542],[77.99,11.8625],[77.9824,11.8755],[77.9874,11.8798],[77.9857,11.8834],[77.9811,11.8816],[77.9792,11.8912],[78.0288,11.9094],[78.0565,11.9286],[78.0612,11.9379],[78.0738,11.9371],[78.0802,11.9444],[78.0915,11.9499],[78.0953,11.9489],[78.0962,11.9533],[78.1006,11.9556],[78.1221,11.9588],[78.1289,11.9644],[78.1355,11.9635],[78.1404,11.9666]]]}},{"type":"Feature","bbox":[77.6462,11.634,78.0612,11.952],"properties":{"kind":"ac","ac":85,"name":"Mettur","pc":"Dharmapuri","mla":"G. Venkatachalam","mla_party":"AIADMK","mp":"A. Mani","mp_party":"DMK"},"geometry":{"type":"Polygon","coordinates":[[[77.6755,11.952],[77.6913,11.9419],[77.7012,11.9436],[77.7376,11.9402],[77.7404,11.9317],[77.7453,11.9274],[77.7505,11.9281],[77.7624,11.9101],[77.8074,11.9092],[77.835,11.9014],[77.8476,11.8946],[77.8512,11.8993],[77.8501,11.9051],[77.8671,11.9159],[77.8734,11.9108],[77.8828,11.9123],[77.887,11.908],[77.8951,11.9078],[77.9051,11.9004],[77.9178,11.8984],[77.9334,11.9014],[77.9484,11.8949],[77.9506,11.8992],[77.9607,11.9009],[77.9702,11.8955],[77.9781,11.8966],[77.9798,11.9027],[77.9982,11.9093],[78.011,11.9216],[78.0269,11.9209],[78.0347,11.935],[78.0612,11.9379],[78.0565,11.9286],[78.0288,11.9094],[77.9792,11.8912],[77.9811,11.8816],[77.9857,11.8834],[77.9874,11.8798],[77.9824,11.8755],[77.99,11.8625],[77.9812,11.8542],[77.9907,11.8485],[77.9871,11.8405],[77.9933,11.8374],[77.9902,11.826],[78.0028,11.818],[78.0014,11.8113],[78.0087,11.813],[78.0101,11.8104],[78.005,11.8053],[78.0082,11.7875],[78.0065,11.783],[78.0221,11.7754],[77.9988,11.76],[77.9756,11.7698],[77.971,11.7628],[77.9677,11.7661],[77.9673,11.7798],[77.9546,11.7843],[77.9539,11.7793],[77.946,11.78],[77.9361,11.7939],[77.9206,11.7957],[77.9169,11.8021],[77.9134,11.797],[77.9,11.7976],[77.8947,11.782],[77.8844,11.7833],[77.882,11.791],[77.8701,11.7999],[77.864,11.7873],[77.8671,11.7829],[77.8588,11.7768],[77.8518,11.7645],[77.8444,11.7645],[77.8384,11.7585],[77.8273,11.7587],[77.8158,11.7528],[77.8059,11.7553],[77.8106,11.7648],[77.8071,11.7625],[77.7978,11.7643],[77.7839,11.7343],[77.7811,11.7081],[77.7754,11.6964],[77.7704,11.697],[77.7506,11.661],[77.7457,11.6546],[77.734,11.6577],[77.7242,11.6496],[77.7219,11.6521],[77.7154,11.6492],[77.7179,11.6456],[77.7161,11.6419],[77.7012,11.634],[77.6893,11.6523],[77.6896,11.6648],[77.6944,11.6741],[77.6979,11.6935],[77.69,11.6942],[77.6948,11.7061],[77.6907,11.7178],[77.6955,11.7208],[77.6975,11.7364],[77.7067,11.7559],[77.7081,11.7665],[77.7152,11.7757],[77.7221,11.7951],[77.71,11.7977],[77.7104,11.8106],[77.6998,11.8108],[77.6913,11.818],[77.6662,11.8244],[77.6613,11.8139],[77.6527,11.8127],[77.6462,11.8216],[77.6624,11.8525],[77.6618,11.8782],[77.6854,11.8777],[77.6852,11.8898],[77.6791,11.9005],[77.6806,11.9246],[77.6741,11.9452],[77.6755,11.952]]]}},{"type":"Feature","bbox":[77.7357,11.5212,77.9582,11.8021],"properties":{"kind":"ac","ac":86,"name":"Edappadi","pc":"Salem","mla":"Edappadi K. Palaniswami","mla_party":"AIADMK","mp":"T. M. Selvaganapathi","mp_party":"DMK"},"geometry":{"type":"Polygon","coordinates":[[[77.946,11.78],[77.9435,11.7802],[77.947,11.7751],[77.9459,11.7716],[77.9345,11.7603],[77.9463,11.7502],[77.9456,11.7464],[77.9421,11.7411],[77.9337,11.7413],[77.9449,11.7285],[77.9337,11.7228],[77.9124,11.7268],[77.9041,11.7215],[77.9001,11.6968],[77.9058,11.6865],[77.9002,11.681],[77.9059,11.668],[77.9153,11.6688],[77.9163,11.6591],[77.9205,11.6589],[77.9237,11.6682],[77.9423,11.6652],[77.9414,11.6245],[77.9446,11.62],[77.9515,11.6196],[77.9505,11.6047],[77.9582,11.5904],[77.9486,11.5726],[77.9393,11.5668],[77.933,11.5687],[77.9318,11.5755],[77.9246,11.5754],[77.9196,11.5656],[77.9311,11.5559],[77.9285,11.5539],[77.9249,11.5566],[77.9214,11.5483],[77.9156,11.5481],[77.9142,11.5374],[77.9025,11.5244],[77.8904,11.5241],[77.8863,11.5212],[77.8784,11.5253],[77.8683,11.5246],[77.8638,11.5278],[77.8384,11.5312],[77.8361,11.5355],[77.8461,11.5427],[77.8516,11.5614],[77.8397,11.5623],[77.8156,11.5579],[77.8076,11.5649],[77.8054,11.5746],[77.8081,11.585],[77.8024,11.5826],[77.7594,11.5905],[77.7537,11.5802],[77.7457,11.576],[77.7496,11.5728],[77.7547,11.5754],[77.7584,11.5719],[77.7496,11.5608],[77.749,11.5552],[77.7405,11.5542],[77.746,11.57],[77.7357,11.6019],[77.7492,11.623],[77.7506,11.634],[77.7608,11.6479],[77.7676,11.6773],[77.7815,11.7092],[77.7805,11.721],[77.7839,11.7343],[77.7978,11.7643],[77.8071,11.7625],[77.8106,11.7648],[77.8059,11.7553],[77.8158,11.7528],[77.8273,11.7587],[77.8384,11.7585],[77.8444,11.7645],[77.8518,11.7645],[77.8588,11.7768],[77.8671,11.7829],[77.864,11.7873],[77.8701,11.7999],[77.882,11.791],[77.8844,11.7833],[77.8947,11.782],[77.9,11.7976],[77.9134,11.797],[77.9169,11.8021],[77.9206,11.7957],[77.9361,11.7939],[77.946,11.78]]]}},{"type":"Feature","bbox":[77.6967,11.4132,78.0401,11.7081],"properties":{"kind":"ac","ac":87,"name":"Sankari","pc":"Namakkal","mla":"S. Vetrivel","mla_party":"AIADMK","mp":"V. S. Matheswaran","mp_party":"DMK"},"geometry":{"type":"Polygon","coordinates":[[[78.0016,11.7068],[78.0013,11.7004],[78.0088,11.6907],[78.0147,11.6918],[78.0249,11.7003],[78.0291,11.6982],[78.0273,11.6951],[78.033,11.6973],[78.0401,11.6906],[78.035,11.6919],[78.0338,11.6888],[78.037,11.6872],[78.0319,11.6752],[78.03,11.6594],[78.0263,11.6611],[78.0209,11.6569],[78.0149,11.6632],[78.0116,11.6532],[78.0051,11.6485],[78.0134,11.6374],[78.0267,11.6286],[78.0286,11.6204],[78.0176,11.6071],[78.0099,11.606],[77.9988,11.6106],[77.9962,11.6018],[77.9988,11.5917],[78.0142,11.5863],[78.0138,11.5762],[78.0059,11.5561],[78.0201,11.5523],[78.0186,11.5288],[78.006,11.5244],[77.9783,11.5288],[77.9773,11.5184],[77.9737,11.5146],[77.977,11.5002],[77.9723,11.4682],[77.9553,11.4692],[77.949,11.4742],[77.9418,11.4602],[77.929,11.458],[77.9262,11.4621],[77.9232,11.4614],[77.9264,11.4553],[77.9243,11.4515],[77.919,11.452],[77.9153,11.4585],[77.916,11.4552],[77.9118,11.4515],[77.9142,11.4507],[77.9136,11.4437],[77.9101,11.4422],[77.9108,11.4222],[77.9064,11.4253],[77.8995,11.4195],[77.8898,11.4196],[77.8901,11.4243],[77.8802,11.4232],[77.875,11.4132],[77.8742,11.4161],[77.8646,11.4172],[77.8664,11.423],[77.8638,11.4235],[77.8595,11.4166],[77.8531,11.4148],[77.8524,11.4221],[77.8477,11.4208],[77.8504,11.4263],[77.8471,11.4308],[77.8504,11.4345],[77.8377,11.442],[77.8331,11.4392],[77.8197,11.4458],[77.8347,11.4573],[77.8298,11.4703],[77.8222,11.4712],[77.8171,11.4672],[77.8148,11.4701],[77.8083,11.4689],[77.8113,11.4663],[77.8158,11.4676],[77.8144,11.4576],[77.8057,11.4592],[77.8038,11.4483],[77.7971,11.4512],[77.7953,11.4473],[77.7839,11.4508],[77.7867,11.4624],[77.791,11.4661],[77.7845,11.4778],[77.7729,11.4828],[77.7656,11.479],[77.7603,11.451],[77.732,11.4448],[77.7208,11.4532],[77.7087,11.4492],[77.7084,11.4575],[77.7119,11.4639],[77.7092,11.4656],[77.7062,11.461],[77.6967,11.4645],[77.6986,11.4757],[77.7209,11.5036],[77.7315,11.5101],[77.7324,11.5178],[77.7241,11.5368],[77.7318,11.5516],[77.7427,11.5633],[77.7446,11.5617],[77.7405,11.5542],[77.749,11.5552],[77.7496,11.5608],[77.7587,11.5728],[77.7534,11.5755],[77.7493,11.5728],[77.7457,11.5765],[77.7534,11.5799],[77.7591,11.5903],[77.8024,11.5826],[77.8085,11.5849],[77.8054,11.5746],[77.8076,11.5649],[77.8157,11.5578],[77.8397,11.5623],[77.8516,11.5614],[77.8461,11.5427],[77.8361,11.5355],[77.8386,11.531],[77.8638,11.5278],[77.8683,11.5246],[77.8784,11.5253],[77.8862,11.5212],[77.8904,11.5241],[77.9023,11.5242],[77.9142,11.5374],[77.9156,11.5481],[77.9214,11.5483],[77.9249,11.5566],[77.9285,11.5539],[77.9312,11.556],[77.9196,11.5656],[77.9245,11.5752],[77.9318,11.5755],[77.9335,11.5683],[77.9426,11.5673],[77.9536,11.5837],[77.9569,11.5844],[77.9582,11.5904],[77.9505,11.6047],[77.9515,11.6196],[77.9446,11.62],[77.9414,11.6245],[77.9423,11.6652],[77.9237,11.6682],[77.9205,11.6589],[77.9163,11.6591],[77.9153,11.6688],[77.9059,11.668],[77.9002,11.681],[77.9056,11.6888],[77.9137,11.6902],[77.9173,11.686],[77.9239,11.6929],[77.9207,11.6932],[77.9216,11.6957],[77.9248,11.6965],[77.9329,11.6928],[77.937,11.681],[77.947,11.6843],[77.9572,11.6777],[77.9622,11.6824],[77.969,11.6791],[77.9785,11.6945],[77.985,11.6954],[77.9839,11.7025],[77.9883,11.704],[77.9893,11.7081],[77.9978,11.7051],[78.0016,11.7068]]]}},{"type":"Feature","bbox":[78.0012,11.6442,78.2152,11.7434],"properties":{"kind":"ac","ac":88,"name":"Salem West","pc":"Salem","mla":"S. Lakshmanan","mla_party":"TVK","mp":"T. M. Selvaganapathi","mp_party":"DMK"},"geometry":{"type":"Polygon","coordinates":[[[78.1478,11.7434],[78.1738,11.737],[78.1774,11.7297],[78.1782,11.7199],[78.1879,11.7203],[78.1864,11.7114],[78.2064,11.7241],[78.2055,11.7167],[78.2152,11.7156],[78.207,11.702],[78.2033,11.6994],[78.189,11.702],[78.1855,11.695],[78.1751,11.6958],[78.1706,11.7108],[78.1649,11.7094],[78.1661,11.7176],[78.1615,11.7208],[78.155,11.7193],[78.1553,11.7045],[78.1408,11.7012],[78.1371,11.6968],[78.1311,11.7052],[78.1327,11.7108],[78.1239,11.7091],[78.1232,11.7117],[78.1205,11.7052],[78.1083,11.7021],[78.101,11.6951],[78.0995,11.6814],[78.102,11.6724],[78.0912,11.6663],[78.0931,11.6578],[78.0903,11.6568],[78.0903,11.6488],[78.0853,11.6442],[78.0785,11.6485],[78.0846,11.6535],[78.0772,11.6553],[78.0752,11.6645],[78.0665,11.6652],[78.0683,11.6727],[78.0595,11.6768],[78.0544,11.6724],[78.0484,11.6768],[78.051,11.6803],[78.0481,11.691],[78.0401,11.6906],[78.0329,11.6973],[78.0275,11.695],[78.0291,11.6982],[78.0249,11.7003],[78.0089,11.6907],[78.0012,11.7007],[78.0021,11.7087],[78.0055,11.7122],[78.0082,11.7103],[78.0165,11.7194],[78.035,11.712],[78.0376,11.7312],[78.0461,11.7204],[78.0536,11.7229],[78.0557,11.7267],[78.0675,11.7261],[78.0684,11.7306],[78.0809,11.7256],[78.1069,11.7324],[78.1138,11.7273],[78.1301,11.725],[78.1478,11.7434]]]}},{"type":"Feature","bbox":[78.0915,11.6487,78.2103,11.7208],"properties":{"kind":"ac","ac":89,"name":"Salem North","pc":"Salem","mla":"K. Sivakumar","mla_party":"TVK","mp":"T. M. Selvaganapathi","mp_party":"DMK"},"geometry":{"type":"Polygon","coordinates":[[[78.2033,11.6994],[78.2017,11.6857],[78.1946,11.6801],[78.2103,11.6737],[78.2047,11.6613],[78.1952,11.6596],[78.1907,11.6651],[78.1692,11.6584],[78.1576,11.6583],[78.1483,11.6509],[78.1181,11.6487],[78.1062,11.6659],[78.0937,11.6619],[78.0915,11.6642],[78.102,11.6724],[78.0995,11.6814],[78.101,11.6951],[78.1083,11.7021],[78.1205,11.7052],[78.1232,11.7117],[78.1239,11.7091],[78.1327,11.7108],[78.1311,11.7052],[78.1371,11.6968],[78.1408,11.7012],[78.1553,11.7045],[78.155,11.7193],[78.1615,11.7208],[78.1661,11.7176],[78.1649,11.7094],[78.1706,11.7108],[78.1751,11.6958],[78.1855,11.695],[78.189,11.702],[78.2033,11.6994]]]}},{"type":"Feature","bbox":[78.0948,11.6163,78.2289,11.6651],"properties":{"kind":"ac","ac":90,"name":"Salem South","pc":"Salem","mla":"Vijay Tamilan Parthiban","mla_party":"TVK","mp":"T. M. Selvaganapathi","mp_party":"DMK"},"geometry":{"type":"Polygon","coordinates":[[[78.2074,11.6627],[78.2111,11.6547],[78.2093,11.6503],[78.2234,11.6552],[78.2289,11.6507],[78.2011,11.6442],[78.1974,11.6412],[78.1962,11.6307],[78.1922,11.6257],[78.1827,11.6231],[78.182,11.6259],[78.1769,11.6241],[78.1755,11.6309],[78.1571,11.6314],[78.1549,11.6243],[78.1451,11.6224],[78.1357,11.6163],[78.1258,11.6366],[78.119,11.6324],[78.1138,11.6213],[78.1089,11.6228],[78.0948,11.6375],[78.0975,11.639],[78.0965,11.6523],[78.1073,11.6542],[78.1035,11.6589],[78.111,11.658],[78.1199,11.6487],[78.1483,11.6509],[78.1576,11.6583],[78.1692,11.6584],[78.1907,11.6651],[78.196,11.6595],[78.2074,11.6627]]]}},{"type":"Feature","bbox":[77.9962,11.5138,78.3182,11.6919],"properties":{"kind":"ac","ac":91,"name":"Veerapandi","pc":"Salem","mla":"M. S. Palanivel","mla_party":"TVK","mp":"T. M. Selvaganapathi","mp_party":"DMK"},"geometry":{"type":"Polygon","coordinates":[[[78.111,11.658],[78.1035,11.6589],[78.1071,11.654],[78.0967,11.6526],[78.0975,11.639],[78.0948,11.6375],[78.1089,11.6228],[78.1138,11.6213],[78.1185,11.6318],[78.1254,11.6368],[78.1307,11.6309],[78.1357,11.6163],[78.1451,11.6224],[78.1549,11.6243],[78.1571,11.6314],[78.1755,11.6309],[78.1774,11.6238],[78.1908,11.6252],[78.1962,11.6307],[78.1983,11.6426],[78.2215,11.6501],[78.2245,11.6497],[78.2208,11.6344],[78.2364,11.6349],[78.2409,11.6324],[78.2579,11.6403],[78.2591,11.6341],[78.2518,11.6269],[78.253,11.6235],[78.2714,11.6315],[78.2766,11.6405],[78.2968,11.6368],[78.313,11.6228],[78.3182,11.5995],[78.3126,11.5963],[78.3097,11.5879],[78.3032,11.5888],[78.2719,11.5787],[78.2643,11.5671],[78.2761,11.5652],[78.2431,11.553],[78.2392,11.5577],[78.2087,11.5651],[78.2048,11.5634],[78.2012,11.5528],[78.1808,11.5508],[78.1764,11.5486],[78.1778,11.5447],[78.1656,11.5483],[78.1624,11.543],[78.1592,11.5429],[78.1598,11.5387],[78.1463,11.5385],[78.1397,11.5403],[78.1381,11.5441],[78.1314,11.5382],[78.1161,11.5408],[78.1098,11.5508],[78.1099,11.5558],[78.1054,11.5574],[78.0911,11.5464],[78.0862,11.5459],[78.0862,11.5526],[78.0833,11.5541],[78.0759,11.539],[78.0765,11.525],[78.0736,11.5221],[78.0696,11.5237],[78.0705,11.5285],[78.0674,11.5227],[78.0617,11.5228],[78.0585,11.5152],[78.0578,11.5221],[78.0554,11.5224],[78.0538,11.5138],[78.0467,11.5156],[78.0473,11.5194],[78.0354,11.5223],[78.0348,11.5291],[78.0275,11.5297],[78.0245,11.5263],[78.0186,11.5288],[78.0201,11.5523],[78.0059,11.5561],[78.0138,11.5762],[78.0142,11.5863],[77.9988,11.5917],[77.9962,11.6018],[77.9988,11.6106],[78.0099,11.606],[78.0176,11.6071],[78.0286,11.6204],[78.0267,11.6286],[78.0134,11.6374],[78.0051,11.6485],[78.0116,11.6532],[78.0149,11.6632],[78.0209,11.6569],[78.0263,11.6611],[78.03,11.6594],[78.0319,11.6752],[78.037,11.6872],[78.0338,11.6888],[78.035,11.6919],[78.0481,11.691],[78.051,11.6803],[78.0484,11.6768],[78.0509,11.6739],[78.0544,11.6724],[78.0595,11.6768],[78.0683,11.6727],[78.0667,11.6649],[78.0728,11.6638],[78.0734,11.6664],[78.0775,11.6615],[78.0749,11.6597],[78.0772,11.6553],[78.0845,11.6536],[78.0788,11.651],[78.0808,11.6451],[78.0856,11.6443],[78.0892,11.6475],[78.0932,11.6618],[78.1015,11.666],[78.1063,11.6658],[78.111,11.658]]]}},{"type":"Feature","bbox":[78.051,11.3831,78.4734,11.5982],"properties":{"kind":"ac","ac":92,"name":"Rasipuram","pc":"Namakkal","mla":"Logesh Tamilselvan","mla_party":"TVK","mp":"V. S. Matheswaran","mp_party":"DMK"},"geometry":{"type":"Polygon","coordinates":[[[78.4058,11.5877],[78.439,11.5982],[78.4516,11.5972],[78.4488,11.5656],[78.4536,11.5664],[78.4606,11.5615],[78.4543,11.5425],[78.4665,11.5376],[78.4598,11.5345],[78.4616,11.5294],[78.4702,11.5294],[78.4734,11.5202],[78.465,11.5056],[78.4647,11.4967],[78.4615,11.4954],[78.4583,11.5025],[78.4506,11.4973],[78.4416,11.4986],[78.4396,11.4951],[78.4343,11.4993],[78.4322,11.4927],[78.436,11.4863],[78.4329,11.4759],[78.426,11.4731],[78.4263,11.4707],[78.4327,11.4628],[78.4372,11.4639],[78.445,11.4399],[78.4572,11.4385],[78.4519,11.4308],[78.4257,11.4198],[78.4073,11.4238],[78.4097,11.4294],[78.4025,11.4295],[78.4014,11.4464],[78.3911,11.4465],[78.3852,11.4408],[78.3685,11.4472],[78.3609,11.4366],[78.3506,11.4318],[78.3449,11.4341],[78.3371,11.4259],[78.3433,11.4168],[78.3389,11.4128],[78.3243,11.4124],[78.3094,11.4204],[78.2986,11.4313],[78.3164,11.4544],[78.3134,11.4662],[78.3194,11.4766],[78.3199,11.4854],[78.3132,11.4811],[78.3044,11.4803],[78.2992,11.486],[78.2845,11.4847],[78.2659,11.4782],[78.255,11.4789],[78.2378,11.4649],[78.2347,11.4573],[78.2379,11.4458],[78.2292,11.441],[78.2235,11.4301],[78.2333,11.4264],[78.2329,11.4199],[78.2369,11.4184],[78.2435,11.3933],[78.227,11.3831],[78.2226,11.3855],[78.2322,11.3943],[78.2226,11.3944],[78.2169,11.3989],[78.2061,11.3963],[78.2091,11.4046],[78.2025,11.4129],[78.1953,11.4132],[78.197,11.4227],[78.1876,11.4238],[78.1771,11.4122],[78.1715,11.4108],[78.1747,11.4237],[78.1717,11.4264],[78.169,11.4231],[78.1624,11.4225],[78.1634,11.4288],[78.1543,11.4294],[78.1535,11.4195],[78.1418,11.4235],[78.1452,11.4134],[78.1382,11.4137],[78.1349,11.4188],[78.1324,11.416],[78.1357,11.4092],[78.1193,11.4097],[78.1242,11.4166],[78.1062,11.4189],[78.1119,11.4308],[78.1164,11.4315],[78.1162,11.4485],[78.1128,11.4498],[78.1064,11.4644],[78.1019,11.4628],[78.0981,11.4664],[78.0941,11.4634],[78.0875,11.4469],[78.0828,11.4455],[78.0667,11.4526],[78.0607,11.4596],[78.0617,11.4644],[78.0531,11.4664],[78.051,11.4884],[78.0541,11.4898],[78.0568,11.4847],[78.0576,11.4874],[78.0601,11.4847],[78.063,11.4902],[78.0662,11.4842],[78.0796,11.4895],[78.0784,11.4942],[78.083,11.4997],[78.0752,11.5005],[78.0696,11.5119],[78.0773,11.5262],[78.0759,11.539],[78.0833,11.5541],[78.0862,11.5526],[78.0862,11.5459],[78.0911,11.5464],[78.1054,11.5574],[78.1099,11.5558],[78.1098,11.5508],[78.1167,11.5405],[78.1314,11.5382],[78.1381,11.5441],[78.1397,11.5403],[78.1463,11.5385],[78.1598,11.5387],[78.1592,11.5429],[78.1624,11.543],[78.1656,11.5483],[78.1778,11.5447],[78.1764,11.5486],[78.1808,11.5508],[78.2012,11.5528],[78.2048,11.5634],[78.2087,11.5651],[78.2392,11.5577],[78.2431,11.553],[78.2662,11.5599],[78.277,11.5659],[78.2643,11.5671],[78.2719,11.5787],[78.3032,11.5888],[78.3118,11.5877],[78.3192,11.5786],[78.3177,11.5734],[78.3103,11.575],[78.3072,11.5647],[78.3294,11.5586],[78.324,11.5545],[78.3232,11.5427],[78.31,11.5413],[78.3263,11.5365],[78.3284,11.5314],[78.3452,11.5417],[78.3435,11.5466],[78.3492,11.5492],[78.3491,11.5526],[78.3565,11.559],[78.3613,11.5712],[78.3657,11.578],[78.3711,11.579],[78.3745,11.5886],[78.373,11.583],[78.3758,11.5774],[78.3828,11.5753],[78.3858,11.5866],[78.4058,11.5877]]]}},{"type":"Feature","bbox":[78.183,11.0256,78.4877,11.4854],"properties":{"kind":"ac","ac":93,"name":"Senthamangalam","pc":"Namakkal","mla":"P. Chandrasekar","mla_party":"TVK","mp":"V. S. Matheswaran","mp_party":"DMK"},"geometry":{"type":"Polygon","coordinates":[[[78.3008,11.4849],[78.3044,11.4803],[78.3132,11.4811],[78.3199,11.4854],[78.32,11.4816],[78.3134,11.4662],[78.3164,11.4544],[78.2986,11.4313],[78.3094,11.4204],[78.3248,11.4122],[78.3391,11.413],[78.3433,11.4168],[78.3371,11.4259],[78.3449,11.4341],[78.3506,11.4318],[78.3609,11.4366],[78.3683,11.4471],[78.3852,11.4408],[78.3883,11.445],[78.397,11.4477],[78.402,11.4457],[78.4003,11.4408],[78.4035,11.4281],[78.4097,11.4294],[78.4073,11.4238],[78.4144,11.4242],[78.4172,11.4201],[78.4255,11.4198],[78.4484,11.4294],[78.4428,11.4081],[78.4457,11.4024],[78.4263,11.3863],[78.4382,11.3896],[78.4388,11.3943],[78.4599,11.4042],[78.4713,11.4078],[78.4737,11.4037],[78.4803,11.4064],[78.4811,11.4119],[78.4877,11.4138],[78.4791,11.3875],[78.4695,11.3856],[78.4641,11.3766],[78.4554,11.3533],[78.4588,11.3426],[78.457,11.3397],[78.4467,11.3444],[78.4474,11.3318],[78.4556,11.332],[78.4547,11.3281],[78.4623,11.3218],[78.4652,11.3117],[78.4611,11.3059],[78.457,11.3061],[78.4531,11.2986],[78.447,11.2747],[78.4377,11.2675],[78.4393,11.259],[78.4301,11.2431],[78.4252,11.2263],[78.4205,11.2219],[78.4214,11.2124],[78.4142,11.2093],[78.411,11.1982],[78.3813,11.1876],[78.3871,11.1774],[78.378,11.1769],[78.3812,11.1397],[78.3786,11.1401],[78.3767,11.1345],[78.373,11.1376],[78.3459,11.1388],[78.347,11.1233],[78.3431,11.1124],[78.3366,11.1059],[78.3273,11.1034],[78.3252,11.097],[78.3388,11.0948],[78.3414,11.0902],[78.3368,11.0837],[78.341,11.0837],[78.3515,11.0687],[78.3635,11.0645],[78.3608,11.0483],[78.3504,11.0485],[78.3488,11.0326],[78.3438,11.0256],[78.3295,11.03],[78.3229,11.0594],[78.2948,11.0716],[78.2898,11.0774],[78.2732,11.0776],[78.2658,11.0703],[78.2599,11.0753],[78.2558,11.0748],[78.2489,11.0926],[78.2308,11.0948],[78.2284,11.1004],[78.2227,11.0995],[78.2117,11.1076],[78.2133,11.1202],[78.1986,11.1255],[78.2004,11.1323],[78.188,11.139],[78.1979,11.1611],[78.1955,11.1668],[78.183,11.1738],[78.1879,11.1898],[78.1835,11.203],[78.1852,11.2131],[78.1945,11.2204],[78.2081,11.222],[78.2152,11.2268],[78.2084,11.2388],[78.2066,11.2535],[78.2127,11.2638],[78.2108,11.2708],[78.2155,11.2742],[78.2194,11.2977],[78.2136,11.3021],[78.2108,11.3102],[78.2202,11.3206],[78.2197,11.3247],[78.2453,11.3387],[78.2504,11.351],[78.2371,11.3534],[78.2248,11.366],[78.2263,11.3764],[78.2237,11.3849],[78.227,11.3831],[78.2435,11.3933],[78.2438,11.3989],[78.2368,11.4185],[78.2329,11.4199],[78.2333,11.4264],[78.2239,11.4292],[78.2242,11.4351],[78.2379,11.4458],[78.2347,11.4573],[78.2378,11.4649],[78.255,11.4789],[78.2658,11.4782],[78.2845,11.4847],[78.3008,11.4849]]]}},{"type":"Feature","bbox":[78.0385,11.0122,78.2505,11.4294],"properties":{"kind":"ac","ac":94,"name":"Namakkal","pc":"Namakkal","mla":"C. S. Dileep","mla_party":"TVK","mp":"V. S. Matheswaran","mp_party":"DMK"},"geometry":{"type":"Polygon","coordinates":[[[78.1634,11.4288],[78.1624,11.4225],[78.169,11.4231],[78.1717,11.4264],[78.1747,11.4237],[78.1715,11.4108],[78.1771,11.4122],[78.1876,11.4238],[78.197,11.4227],[78.1953,11.4132],[78.2025,11.4129],[78.2091,11.4046],[78.2061,11.3963],[78.2169,11.3989],[78.2226,11.3944],[78.2322,11.3943],[78.2226,11.3855],[78.2263,11.3764],[78.2248,11.3657],[78.2371,11.3534],[78.2505,11.3514],[78.2453,11.3387],[78.2197,11.3247],[78.2202,11.3206],[78.2108,11.3102],[78.2136,11.3021],[78.2194,11.2977],[78.2155,11.2742],[78.2108,11.2708],[78.2127,11.2638],[78.2066,11.2535],[78.2084,11.2388],[78.2152,11.2305],[78.215,11.2261],[78.2081,11.222],[78.193,11.2196],[78.1852,11.2131],[78.1834,11.2048],[78.1879,11.19],[78.183,11.1738],[78.1955,11.1668],[78.1979,11.1611],[78.188,11.139],[78.2004,11.1323],[78.1986,11.1255],[78.2133,11.1202],[78.2117,11.1076],[78.2227,11.0995],[78.2284,11.1004],[78.2308,11.0948],[78.2289,11.0855],[78.2361,11.0738],[78.234,11.0716],[78.2364,11.065],[78.2302,11.0605],[78.2286,11.0545],[78.2215,11.0573],[78.2199,11.0666],[78.2044,11.0699],[78.2045,11.0735],[78.2013,11.0748],[78.1958,11.0643],[78.1824,11.0703],[78.1626,11.0456],[78.1841,11.0414],[78.1967,11.0454],[78.1991,11.0289],[78.1952,11.0222],[78.1821,11.0199],[78.1788,11.0151],[78.1659,11.0122],[78.1478,11.0358],[78.1123,11.0637],[78.1138,11.0732],[78.1221,11.0742],[78.1244,11.0784],[78.1256,11.0872],[78.1204,11.0928],[78.1205,11.1075],[78.1229,11.1122],[78.1316,11.1166],[78.1311,11.1249],[78.1162,11.1313],[78.1222,11.1354],[78.1208,11.1419],[78.1237,11.1482],[78.121,11.1546],[78.1252,11.1631],[78.1376,11.1668],[78.1388,11.1718],[78.1333,11.1776],[78.1189,11.1774],[78.1167,11.1679],[78.1092,11.175],[78.1021,11.1736],[78.0926,11.1773],[78.09,11.1515],[78.0778,11.1495],[78.0752,11.1427],[78.0596,11.14],[78.0483,11.1457],[78.0469,11.1653],[78.0434,11.1677],[78.0579,11.1794],[78.0561,11.1864],[78.0614,11.21],[78.0553,11.2165],[78.0524,11.2329],[78.0419,11.2348],[78.0429,11.2637],[78.0385,11.2716],[78.0556,11.2934],[78.0639,11.2926],[78.0691,11.2881],[78.0736,11.2938],[78.0782,11.2924],[78.0778,11.2839],[78.0817,11.2812],[78.1104,11.2739],[78.1205,11.2742],[78.127,11.2866],[78.1307,11.285],[78.1327,11.289],[78.129,11.2913],[78.1346,11.2936],[78.1352,11.297],[78.1324,11.2987],[78.1323,11.3075],[78.1048,11.3197],[78.1053,11.3281],[78.0799,11.335],[78.0756,11.3402],[78.0772,11.3518],[78.0907,11.3725],[78.0974,11.3995],[78.1062,11.4189],[78.1242,11.4166],[78.1193,11.4097],[78.1357,11.4092],[78.1324,11.416],[78.1349,11.4188],[78.1382,11.4137],[78.1452,11.4134],[78.1418,11.4235],[78.1535,11.4195],[78.1543,11.4294],[78.1634,11.4288]]]}},{"type":"Feature","bbox":[77.8613,11.0637,78.139,11.414],"properties":{"kind":"ac","ac":95,"name":"Paramathi-Velur","pc":"Namakkal","mla":"S. Sekar","mla_party":"AIADMK","mp":"V. S. Matheswaran","mp_party":"DMK"},"geometry":{"type":"Polygon","coordinates":[[[77.9784,11.3798],[77.9897,11.4134],[78.0135,11.4054],[78.0232,11.4081],[78.0239,11.414],[78.0387,11.4094],[78.0507,11.3984],[78.0509,11.3945],[78.0558,11.3927],[78.0715,11.395],[78.0782,11.4067],[78.0885,11.4004],[78.0978,11.4002],[78.0907,11.3725],[78.0819,11.3621],[78.0756,11.3402],[78.0799,11.335],[78.0848,11.3356],[78.086,11.3321],[78.0908,11.3339],[78.1053,11.3281],[78.1048,11.3197],[78.1323,11.3075],[78.1346,11.2936],[78.129,11.2913],[78.1327,11.289],[78.1307,11.285],[78.127,11.2866],[78.1205,11.2742],[78.1104,11.2739],[78.0817,11.2812],[78.0778,11.2839],[78.0782,11.2924],[78.0736,11.2938],[78.0691,11.2881],[78.0639,11.2926],[78.0556,11.2934],[78.0385,11.2716],[78.0429,11.2637],[78.0419,11.2348],[78.0524,11.2329],[78.0553,11.2165],[78.0614,11.21],[78.0561,11.1864],[78.0579,11.1794],[78.0434,11.1677],[78.0469,11.1653],[78.0486,11.1453],[78.0596,11.14],[78.0752,11.1427],[78.0778,11.1495],[78.09,11.1515],[78.0926,11.1773],[78.1021,11.1736],[78.1092,11.175],[78.1167,11.1679],[78.1189,11.1774],[78.1333,11.1776],[78.139,11.1714],[78.1376,11.1668],[78.1252,11.1631],[78.121,11.1546],[78.1237,11.1482],[78.1208,11.1419],[78.1222,11.1354],[78.1162,11.1313],[78.1311,11.1249],[78.1316,11.1166],[78.1229,11.1122],[78.1205,11.1075],[78.1204,11.0928],[78.1256,11.0872],[78.1244,11.0784],[78.1221,11.0742],[78.1138,11.0732],[78.1123,11.0637],[78.1024,11.074],[78.0899,11.0784],[78.0702,11.0796],[78.0529,11.0737],[78.0418,11.0841],[78.0211,11.0934],[77.9957,11.0969],[77.9889,11.0954],[77.9556,11.0689],[77.9467,11.0654],[77.9292,11.071],[77.9043,11.0732],[77.8932,11.0777],[77.8875,11.0874],[77.8816,11.1255],[77.8849,11.1528],[77.8802,11.1626],[77.8656,11.1749],[77.8613,11.1859],[77.8639,11.2014],[77.8707,11.2159],[77.8656,11.2402],[77.8616,11.2462],[77.871,11.2565],[77.8753,11.2797],[77.886,11.2896],[77.8922,11.3056],[77.9117,11.3029],[77.9427,11.3053],[77.9846,11.2969],[77.9897,11.3182],[77.9863,11.3361],[77.9963,11.3411],[77.999,11.349],[78.0024,11.3502],[78.0035,11.3577],[78.0112,11.3652],[78.0094,11.3713],[77.9887,11.3792],[77.9784,11.3798]]]}},{"type":"Feature","bbox":[77.791,11.2462,78.1164,11.5297],"properties":{"kind":"ac","ac":96,"name":"Tiruchengode","pc":"Namakkal","mla":"K. G. Arunraj","mla_party":"TVK","mp":"V. S. Matheswaran","mp_party":"DMK"},"geometry":{"type":"Polygon","coordinates":[[[78.0186,11.5288],[78.0245,11.5263],[78.0275,11.5297],[78.0348,11.5291],[78.0354,11.5223],[78.0473,11.5194],[78.0467,11.5156],[78.0538,11.5138],[78.0554,11.5224],[78.0594,11.5193],[78.0585,11.5152],[78.0617,11.5228],[78.0674,11.5227],[78.0705,11.5285],[78.0696,11.5237],[78.0736,11.5222],[78.0697,11.5084],[78.0752,11.5005],[78.083,11.4997],[78.0784,11.4942],[78.0796,11.4894],[78.0662,11.4842],[78.063,11.4902],[78.06,11.4846],[78.0534,11.4898],[78.0494,11.4868],[78.0499,11.4794],[78.0532,11.4758],[78.0531,11.4664],[78.0617,11.4644],[78.0607,11.4596],[78.0738,11.4477],[78.0875,11.4469],[78.0941,11.4634],[78.0981,11.4664],[78.1019,11.4628],[78.1064,11.4644],[78.1128,11.4498],[78.1162,11.4485],[78.1164,11.4315],[78.1119,11.4308],[78.0978,11.4002],[78.0885,11.4004],[78.0782,11.4067],[78.0715,11.395],[78.0558,11.3927],[78.0509,11.3945],[78.0507,11.3984],[78.0382,11.4097],[78.0239,11.414],[78.023,11.408],[78.0096,11.4054],[77.9897,11.4134],[77.9784,11.3798],[77.9887,11.3792],[78.0094,11.3713],[78.0112,11.3652],[78.0035,11.3577],[78.0024,11.3502],[77.999,11.349],[77.9963,11.3411],[77.9863,11.3361],[77.9897,11.3182],[77.9846,11.2969],[77.9427,11.3053],[77.9117,11.3029],[77.8922,11.3056],[77.886,11.2896],[77.8753,11.2797],[77.871,11.2565],[77.8616,11.2462],[77.8386,11.2615],[77.8259,11.2614],[77.8102,11.266],[77.791,11.2926],[77.8132,11.3131],[77.8135,11.3348],[77.8021,11.3364],[77.7936,11.3469],[77.7936,11.3508],[77.7983,11.3569],[77.8132,11.3606],[77.8148,11.3696],[77.8356,11.3765],[77.8355,11.381],[77.8438,11.3904],[77.848,11.4008],[77.8482,11.4054],[77.8433,11.409],[77.8471,11.4364],[77.8504,11.4345],[77.8471,11.4308],[77.8504,11.4263],[77.8477,11.4208],[77.8524,11.4221],[77.8531,11.4148],[77.8595,11.4166],[77.8638,11.4235],[77.8664,11.423],[77.8646,11.4172],[77.8742,11.4161],[77.875,11.4132],[77.8802,11.4232],[77.8901,11.4243],[77.8898,11.4196],[77.8995,11.4195],[77.9064,11.4253],[77.9108,11.4222],[77.9101,11.4422],[77.9136,11.4437],[77.9142,11.4507],[77.9118,11.4515],[77.916,11.4552],[77.9153,11.4585],[77.919,11.452],[77.9243,11.4515],[77.9264,11.4553],[77.9232,11.4614],[77.9262,11.4621],[77.929,11.458],[77.9418,11.4602],[77.949,11.4742],[77.9553,11.4692],[77.9723,11.4682],[77.977,11.5002],[77.9737,11.5146],[77.9773,11.5184],[77.9783,11.5288],[78.006,11.5244],[78.0186,11.5288]]]}},{"type":"Feature","bbox":[77.6831,11.2926,77.8482,11.4827],"properties":{"kind":"ac","ac":97,"name":"Kumarapalayam","pc":"Erode","mla":"C. Vijayalakshmi","mla_party":"TVK","mp":"K. E. Prakash","mp_party":"DMK"},"geometry":{"type":"Polygon","coordinates":[[[77.6967,11.4645],[77.7062,11.461],[77.7092,11.4656],[77.7119,11.4639],[77.7084,11.4575],[77.7087,11.4492],[77.7208,11.4532],[77.732,11.4448],[77.7603,11.451],[77.7656,11.479],[77.7722,11.4827],[77.7851,11.477],[77.7911,11.4641],[77.7867,11.4624],[77.7839,11.4508],[77.7953,11.4473],[77.7971,11.4512],[77.8038,11.4483],[77.8057,11.4592],[77.8144,11.4576],[77.8158,11.4676],[77.8113,11.4663],[77.8083,11.4689],[77.8148,11.4701],[77.8183,11.4673],[77.8234,11.4713],[77.8313,11.4691],[77.83,11.4643],[77.8342,11.4629],[77.8347,11.4573],[77.8197,11.4458],[77.8331,11.4392],[77.8377,11.442],[77.8471,11.4364],[77.8433,11.409],[77.8482,11.4054],[77.8479,11.4006],[77.8351,11.3759],[77.8148,11.3696],[77.8132,11.3606],[77.7983,11.3569],[77.7938,11.3514],[77.7936,11.3469],[77.802,11.3365],[77.8134,11.3349],[77.8133,11.3135],[77.791,11.2926],[77.7715,11.3227],[77.7585,11.3328],[77.7506,11.3542],[77.7417,11.3651],[77.7165,11.3791],[77.6936,11.4106],[77.6846,11.4174],[77.6831,11.4241],[77.6866,11.4424],[77.6967,11.4645]]]}},{"type":"Feature","bbox":[77.6802,11.3202,77.7555,11.3945],"properties":{"kind":"ac","ac":98,"name":"Erode East","pc":"Erode","mla":"M. Vijay Balaji","mla_party":"TVK","mp":"K. E. Prakash","mp_party":"DMK"},"geometry":{"type":"Polygon","coordinates":[[[77.6946,11.3809],[77.6853,11.3839],[77.6954,11.3856],[77.6954,11.3906],[77.7042,11.3945],[77.7186,11.3772],[77.7417,11.3651],[77.7506,11.3542],[77.7555,11.3386],[77.7158,11.3266],[77.7074,11.3208],[77.6927,11.3202],[77.6909,11.3281],[77.684,11.3268],[77.6802,11.3293],[77.6841,11.3319],[77.683,11.3397],[77.6921,11.3449],[77.7062,11.3465],[77.71,11.3543],[77.6997,11.3645],[77.7044,11.3719],[77.6946,11.3809]]]}},{"type":"Feature","bbox":[77.5955,11.1903,77.778,11.4591],"properties":{"kind":"ac","ac":99,"name":"Erode West","pc":"Erode","mla":"K. K. Anand Mohan","mla_party":"TVK","mp":"K. E. Prakash","mp_party":"DMK"},"geometry":{"type":"Polygon","coordinates":[[[77.6219,11.3647],[77.645,11.4039],[77.6407,11.4149],[77.6393,11.4374],[77.6458,11.4591],[77.6735,11.4517],[77.6839,11.4277],[77.6846,11.4174],[77.6936,11.4106],[77.7037,11.3948],[77.6954,11.3906],[77.6954,11.3856],[77.685,11.3824],[77.6941,11.3812],[77.7044,11.3719],[77.6997,11.3645],[77.71,11.3543],[77.7062,11.3465],[77.6921,11.3449],[77.6834,11.3401],[77.6841,11.3319],[77.6803,11.3291],[77.6909,11.3281],[77.6937,11.3197],[77.7024,11.3196],[77.7158,11.3266],[77.7321,11.3297],[77.7392,11.3351],[77.7555,11.3386],[77.7715,11.3227],[77.778,11.3115],[77.7729,11.3081],[77.7758,11.3008],[77.7691,11.3129],[77.7648,11.3146],[77.7651,11.3197],[77.7553,11.3241],[77.7526,11.3183],[77.7339,11.3169],[77.733,11.3101],[77.7266,11.3072],[77.7236,11.2921],[77.7118,11.2923],[77.6974,11.2877],[77.6956,11.2842],[77.6914,11.2851],[77.6866,11.2804],[77.6885,11.2762],[77.682,11.2557],[77.6784,11.2652],[77.6744,11.2651],[77.6681,11.2485],[77.6772,11.2332],[77.6878,11.2357],[77.6886,11.2176],[77.686,11.2127],[77.6821,11.2124],[77.676,11.2174],[77.6575,11.2176],[77.6549,11.2086],[77.6471,11.2038],[77.6433,11.1903],[77.6293,11.194],[77.6201,11.1924],[77.6175,11.2037],[77.6032,11.2127],[77.6045,11.2209],[77.5955,11.2437],[77.6052,11.2571],[77.6062,11.2723],[77.6167,11.2783],[77.6134,11.2813],[77.6171,11.2897],[77.6188,11.3108],[77.6269,11.3242],[77.6239,11.3276],[77.634,11.3393],[77.6219,11.3647]]]}},{"type":"Feature","bbox":[77.6432,11.0235,77.933,11.3242],"properties":{"kind":"ac","ac":100,"name":"Modakkurichi","pc":"Erode","mla":"D. Shanmugan","mla_party":"TVK","mp":"K. E. Prakash","mp_party":"DMK"},"geometry":{"type":"Polygon","coordinates":[[[77.778,11.3115],[77.8102,11.266],[77.8408,11.2607],[77.8643,11.243],[77.8707,11.2151],[77.8639,11.2014],[77.8613,11.1859],[77.8656,11.1749],[77.8802,11.1626],[77.8849,11.1528],[77.8816,11.1255],[77.8876,11.0871],[77.8932,11.0777],[77.9043,11.0732],[77.933,11.0702],[77.9204,11.0476],[77.9065,11.0455],[77.9006,11.0346],[77.8875,11.0319],[77.8812,11.0244],[77.8686,11.0235],[77.8621,11.03],[77.8551,11.0308],[77.85,11.0469],[77.844,11.0482],[77.8398,11.0446],[77.8307,11.0477],[77.8285,11.0625],[77.8181,11.0702],[77.8096,11.0704],[77.8047,11.0631],[77.7939,11.0674],[77.7797,11.0629],[77.7764,11.0582],[77.7778,11.054],[77.7389,11.084],[77.7338,11.0839],[77.7299,11.0776],[77.711,11.0785],[77.7013,11.0918],[77.663,11.1014],[77.6544,11.1133],[77.6581,11.115],[77.6585,11.122],[77.651,11.1361],[77.6523,11.1552],[77.6455,11.16],[77.6515,11.176],[77.6432,11.1868],[77.6434,11.1946],[77.6471,11.2038],[77.6549,11.2086],[77.6575,11.2176],[77.676,11.2174],[77.686,11.2127],[77.6902,11.2233],[77.6878,11.2357],[77.6772,11.2332],[77.673,11.2366],[77.6681,11.2485],[77.672,11.2615],[77.6784,11.2652],[77.682,11.2557],[77.6885,11.2762],[77.6866,11.2804],[77.6914,11.2851],[77.6956,11.2842],[77.6974,11.2877],[77.7118,11.2923],[77.7242,11.2925],[77.7266,11.3072],[77.733,11.3101],[77.7342,11.3171],[77.7523,11.3182],[77.7556,11.3242],[77.7625,11.3225],[77.766,11.318],[77.7648,11.3146],[77.7691,11.3129],[77.7758,11.3008],[77.7729,11.3081],[77.778,11.3115]]]}},{"type":"Feature","bbox":[77.2755,10.6059,77.8922,10.912],"properties":{"kind":"ac","ac":101,"name":"Dharapuram","pc":"Erode","mla_vacant":true,"mp":"K. E. Prakash","mp_party":"DMK"},"geometry":{"type":"Polygon","coordinates":[[[77.4208,10.912],[77.4319,10.9082],[77.4372,10.8901],[77.4517,10.8919],[77.4524,10.8972],[77.4558,10.8984],[77.4863,10.9014],[77.4869,10.8833],[77.5156,10.8773],[77.5193,10.8611],[77.5348,10.8647],[77.5389,10.8631],[77.5408,10.8668],[77.5469,10.868],[77.5497,10.8592],[77.5566,10.8541],[77.5609,10.8644],[77.5766,10.865],[77.5751,10.8853],[77.5715,10.8869],[77.5681,10.8968],[77.574,10.906],[77.5811,10.9074],[77.5872,10.9059],[77.5897,10.8796],[77.5947,10.8744],[77.6054,10.8747],[77.6187,10.8627],[77.6575,10.8664],[77.6699,10.8549],[77.6832,10.8597],[77.6848,10.8881],[77.6937,10.8834],[77.6997,10.8861],[77.7148,10.8851],[77.7253,10.8786],[77.7334,10.8807],[77.7418,10.8701],[77.7573,10.8661],[77.7809,10.8717],[77.7877,10.8864],[77.7946,10.8798],[77.796,10.8662],[77.8077,10.8585],[77.8204,10.8583],[77.834,10.8367],[77.84,10.8347],[77.8463,10.8374],[77.8579,10.8495],[77.8711,10.8402],[77.8757,10.8086],[77.8707,10.8011],[77.8715,10.7967],[77.879,10.7895],[77.8918,10.7924],[77.8922,10.7739],[77.8728,10.7759],[77.8712,10.7718],[77.8549,10.784],[77.8361,10.7869],[77.8362,10.7904],[77.8284,10.7919],[77.8279,10.7977],[77.8184,10.7973],[77.7985,10.8063],[77.7936,10.7906],[77.7862,10.7885],[77.7776,10.7903],[77.771,10.7674],[77.7812,10.7644],[77.7834,10.7579],[77.7951,10.7558],[77.7972,10.7526],[77.8127,10.7587],[77.8258,10.7524],[77.8212,10.7334],[77.8248,10.7155],[77.8164,10.7032],[77.8103,10.6999],[77.8086,10.6811],[77.7829,10.6848],[77.7657,10.679],[77.7659,10.6751],[77.7562,10.6723],[77.7532,10.6679],[77.7548,10.6521],[77.7489,10.6437],[77.7442,10.6373],[77.7334,10.6344],[77.7306,10.6305],[77.7201,10.6313],[77.7227,10.641],[77.7136,10.6415],[77.7101,10.6501],[77.6992,10.662],[77.7028,10.6769],[77.7092,10.6861],[77.7071,10.7091],[77.7017,10.7335],[77.6899,10.7346],[77.69,10.7317],[77.6649,10.7161],[77.6555,10.6732],[77.6373,10.6689],[77.5966,10.6762],[77.5857,10.6835],[77.5801,10.6792],[77.5817,10.677],[77.5728,10.6654],[77.5742,10.6626],[77.5708,10.6573],[77.5485,10.6385],[77.5428,10.6101],[77.5321,10.6069],[77.5287,10.6093],[77.5161,10.6059],[77.5082,10.6071],[77.5077,10.6138],[77.5161,10.6139],[77.5101,10.6268],[77.5066,10.6276],[77.5045,10.6426],[77.485,10.6467],[77.4827,10.65],[77.4748,10.6432],[77.4658,10.645],[77.4536,10.6403],[77.4462,10.6302],[77.4321,10.6317],[77.4277,10.6275],[77.4176,10.6258],[77.4005,10.6425],[77.398,10.6544],[77.3652,10.6528],[77.3616,10.6758],[77.3527,10.6929],[77.3195,10.6867],[77.3139,10.7503],[77.3006,10.7515],[77.2979,10.7774],[77.2755,10.7917],[77.2778,10.8031],[77.2849,10.8055],[77.2901,10.8119],[77.298,10.8118],[77.2986,10.815],[77.295,10.8275],[77.2905,10.83],[77.2918,10.8353],[77.2863,10.8547],[77.299,10.8583],[77.3178,10.8576],[77.3334,10.8693],[77.3461,10.8685],[77.3667,10.8787],[77.3766,10.8802],[77.3741,10.9022],[77.3946,10.903],[77.4208,10.912]]]}},{"type":"Feature","bbox":[77.4138,10.8541,77.7918,11.2127],"properties":{"kind":"ac","ac":102,"name":"Kangayam","pc":"Erode","mla":"N. S. N. Nataraj","mla_party":"AIADMK","mp":"K. E. Prakash","mp_party":"DMK"},"geometry":{"type":"Polygon","coordinates":[[[77.6433,11.1903],[77.6471,11.1795],[77.6515,11.176],[77.6455,11.16],[77.6523,11.1552],[77.6502,11.1427],[77.6527,11.1305],[77.6585,11.122],[77.6581,11.115],[77.6544,11.1133],[77.6573,11.1066],[77.663,11.1014],[77.7013,11.0918],[77.711,11.0785],[77.7299,11.0776],[77.7338,11.0839],[77.7389,11.084],[77.7817,11.051],[77.7822,11.039],[77.7918,11.0334],[77.7897,11.019],[77.7809,10.998],[77.7586,10.9839],[77.7577,10.9792],[77.7509,10.9812],[77.7501,10.9766],[77.7526,10.9659],[77.7685,10.9666],[77.7703,10.9615],[77.7607,10.9045],[77.762,10.9003],[77.7715,10.8939],[77.7728,10.8775],[77.7766,10.8698],[77.7549,10.8663],[77.7418,10.8701],[77.7334,10.8807],[77.7253,10.8786],[77.7148,10.8851],[77.7006,10.8862],[77.6934,10.8834],[77.6852,10.8882],[77.6833,10.8601],[77.6774,10.8564],[77.6689,10.8551],[77.6617,10.8642],[77.6547,10.8669],[77.6187,10.8627],[77.61,10.8722],[77.6026,10.8755],[77.5984,10.873],[77.5901,10.8788],[77.5873,10.9055],[77.5818,10.9075],[77.5742,10.9061],[77.5681,10.8968],[77.5715,10.8869],[77.5751,10.8853],[77.5766,10.865],[77.5609,10.8644],[77.5566,10.8541],[77.5497,10.8592],[77.5469,10.868],[77.5408,10.8668],[77.5389,10.8631],[77.5348,10.8647],[77.5193,10.8611],[77.5156,10.8773],[77.4869,10.8833],[77.4859,10.9015],[77.4561,10.8985],[77.4524,10.8972],[77.4517,10.8919],[77.4366,10.8903],[77.4319,10.9082],[77.4231,10.9095],[77.4138,10.9239],[77.4455,10.9439],[77.4592,10.9457],[77.4756,10.9535],[77.4728,10.9618],[77.4759,10.9753],[77.479,10.9754],[77.4883,10.99],[77.4884,11.0054],[77.5013,11.013],[77.499,11.0415],[77.4759,11.0452],[77.4776,11.0572],[77.4685,11.0573],[77.4687,11.0906],[77.4535,11.0936],[77.4538,11.1201],[77.4652,11.1147],[77.4705,11.1187],[77.486,11.1172],[77.5006,11.1088],[77.5021,11.1291],[77.4934,11.1409],[77.4983,11.1454],[77.5068,11.1429],[77.506,11.1503],[77.5091,11.1544],[77.5139,11.1527],[77.5135,11.1584],[77.5187,11.1623],[77.5277,11.1654],[77.5301,11.1634],[77.5341,11.1693],[77.5458,11.1705],[77.5545,11.1562],[77.558,11.1612],[77.575,11.1592],[77.5758,11.1682],[77.5698,11.176],[77.5674,11.1867],[77.5694,11.2062],[77.5949,11.2083],[77.6034,11.2127],[77.6175,11.2037],[77.6201,11.1924],[77.6293,11.194],[77.6433,11.1903]]]}},{"type":"Feature","bbox":[77.362,11.1088,77.6409,11.4105],"properties":{"kind":"ac","ac":103,"name":"Perundurai","pc":"Tiruppur","mla_vacant":true,"mp":"K. Subbarayan","mp_party":"CPI"},"geometry":{"type":"Polygon","coordinates":[[[77.5137,11.4094],[77.5151,11.4066],[77.5189,11.4081],[77.5199,11.3888],[77.5489,11.3739],[77.554,11.3745],[77.5759,11.3917],[77.5836,11.3923],[77.5875,11.4051],[77.5943,11.4068],[77.604,11.4005],[77.6155,11.4055],[77.6217,11.3976],[77.6409,11.3974],[77.6219,11.3647],[77.634,11.3393],[77.6239,11.3276],[77.6269,11.3242],[77.6188,11.3108],[77.6171,11.2897],[77.6134,11.2813],[77.6167,11.2783],[77.6062,11.2723],[77.6052,11.2571],[77.5955,11.2437],[77.6045,11.2209],[77.6036,11.2133],[77.5949,11.2083],[77.5694,11.2062],[77.5674,11.1867],[77.5698,11.176],[77.5758,11.1682],[77.575,11.1592],[77.5577,11.1611],[77.555,11.156],[77.5506,11.1594],[77.5473,11.1698],[77.5341,11.1693],[77.5311,11.1639],[77.5229,11.1648],[77.5138,11.1588],[77.5136,11.1525],[77.5087,11.1542],[77.5056,11.1492],[77.5066,11.1428],[77.4983,11.1454],[77.4934,11.1409],[77.5021,11.1291],[77.5006,11.1088],[77.486,11.1172],[77.4705,11.1187],[77.4652,11.1147],[77.4271,11.1295],[77.4146,11.1287],[77.4081,11.1226],[77.3921,11.1189],[77.3918,11.1217],[77.3772,11.1268],[77.3767,11.1357],[77.3964,11.1359],[77.3909,11.1586],[77.401,11.1571],[77.4055,11.1995],[77.3848,11.2066],[77.3799,11.2221],[77.3735,11.2245],[77.3732,11.2376],[77.3822,11.2391],[77.3858,11.2566],[77.3901,11.2574],[77.3845,11.282],[77.377,11.2955],[77.3638,11.302],[77.3658,11.3154],[77.3636,11.3173],[77.3668,11.3265],[77.362,11.3384],[77.3653,11.3406],[77.3806,11.3339],[77.3865,11.3222],[77.4184,11.3094],[77.4259,11.3162],[77.4283,11.3304],[77.4474,11.3318],[77.4621,11.3286],[77.4751,11.3373],[77.4803,11.357],[77.4979,11.3613],[77.5036,11.3597],[77.5054,11.3697],[77.4979,11.3752],[77.4958,11.4038],[77.5015,11.4057],[77.5001,11.4105],[77.5137,11.4094]]]}},{"type":"Feature","bbox":[77.5071,11.3739,77.7762,11.697],"properties":{"kind":"ac","ac":104,"name":"Bhavani","pc":"Tiruppur","mla":"K. C. Karuppannan","mla_party":"AIADMK","mp":"K. Subbarayan","mp_party":"CPI"},"geometry":{"type":"Polygon","coordinates":[[[77.7457,11.6546],[77.7704,11.697],[77.7762,11.6962],[77.7676,11.6773],[77.7608,11.6479],[77.7506,11.634],[77.7492,11.623],[77.7357,11.6019],[77.746,11.5697],[77.7239,11.5361],[77.7323,11.518],[77.7319,11.511],[77.7209,11.5036],[77.6992,11.4771],[77.6839,11.4277],[77.6735,11.4517],[77.6458,11.4591],[77.6393,11.4374],[77.6407,11.4149],[77.645,11.4039],[77.6409,11.3974],[77.6217,11.3976],[77.6155,11.4055],[77.604,11.4005],[77.5943,11.4068],[77.5875,11.4051],[77.5836,11.3923],[77.5759,11.3917],[77.554,11.3745],[77.5489,11.3739],[77.5199,11.3888],[77.5189,11.4081],[77.5071,11.4354],[77.5099,11.4609],[77.5213,11.4688],[77.5269,11.4685],[77.5419,11.4462],[77.5779,11.4411],[77.585,11.4366],[77.5879,11.4508],[77.5949,11.4541],[77.5905,11.4585],[77.5779,11.4626],[77.5687,11.4619],[77.5629,11.4716],[77.5567,11.4724],[77.5571,11.4763],[77.5622,11.4761],[77.5627,11.4821],[77.5702,11.4918],[77.5905,11.499],[77.6011,11.5165],[77.6054,11.5189],[77.6005,11.5286],[77.6194,11.5686],[77.6114,11.572],[77.6086,11.5904],[77.6101,11.6025],[77.6245,11.618],[77.6406,11.6164],[77.6483,11.6206],[77.656,11.6174],[77.6581,11.625],[77.6689,11.6366],[77.6648,11.6413],[77.6588,11.641],[77.6484,11.6524],[77.6496,11.6644],[77.6557,11.6791],[77.675,11.6759],[77.685,11.6896],[77.6965,11.6953],[77.6893,11.6523],[77.6955,11.6392],[77.7019,11.6339],[77.7161,11.6419],[77.7179,11.6456],[77.7154,11.6492],[77.7219,11.6521],[77.7242,11.6496],[77.734,11.6577],[77.7457,11.6546]]]}},{"type":"Feature","bbox":[77.3496,11.398,77.7221,11.9549],"properties":{"kind":"ac","ac":105,"name":"Anthiyur","pc":"Tiruppur","mla":"P. Haribaskar","mla_party":"AIADMK","mp":"K. Subbarayan","mp_party":"CPI"},"geometry":{"type":"Polygon","coordinates":[[[77.6755,11.952],[77.6741,11.9452],[77.6806,11.9246],[77.6791,11.9005],[77.6852,11.8898],[77.6854,11.8777],[77.6618,11.8782],[77.6624,11.8525],[77.6465,11.8191],[77.6527,11.8127],[77.6613,11.8139],[77.6662,11.8244],[77.6913,11.818],[77.6998,11.8108],[77.7104,11.8106],[77.71,11.7977],[77.7221,11.7951],[77.7152,11.7757],[77.7081,11.7665],[77.7067,11.7559],[77.6975,11.7364],[77.6955,11.7208],[77.6908,11.7182],[77.6948,11.7061],[77.6901,11.6941],[77.6754,11.676],[77.657,11.6796],[77.6527,11.6756],[77.6485,11.6521],[77.6588,11.641],[77.6648,11.6413],[77.6689,11.6366],[77.6581,11.625],[77.656,11.6174],[77.6483,11.6206],[77.6406,11.6164],[77.6245,11.618],[77.6101,11.6025],[77.6086,11.5904],[77.6114,11.572],[77.6194,11.5686],[77.6005,11.5286],[77.6054,11.5189],[77.6011,11.5165],[77.5905,11.499],[77.5702,11.4918],[77.5627,11.4821],[77.5622,11.4761],[77.5571,11.4763],[77.5567,11.4724],[77.5629,11.4716],[77.5687,11.4619],[77.5779,11.4626],[77.5905,11.4585],[77.5949,11.4541],[77.5879,11.4508],[77.585,11.4366],[77.5779,11.4411],[77.5419,11.4462],[77.5282,11.4644],[77.5291,11.467],[77.5213,11.4688],[77.5099,11.4609],[77.5071,11.4354],[77.5189,11.4081],[77.5001,11.4105],[77.5015,11.4057],[77.4958,11.4038],[77.4945,11.398],[77.4812,11.4035],[77.4812,11.4092],[77.472,11.4099],[77.4675,11.4067],[77.4633,11.4109],[77.4618,11.4201],[77.456,11.4239],[77.4602,11.4257],[77.4778,11.4194],[77.4772,11.4226],[77.469,11.4263],[77.4732,11.4407],[77.4688,11.4395],[77.4673,11.4458],[77.4792,11.4506],[77.4799,11.4535],[77.4772,11.4611],[77.4662,11.4636],[77.4617,11.4614],[77.4622,11.4722],[77.4596,11.4753],[77.4641,11.4826],[77.4694,11.4841],[77.4732,11.478],[77.48,11.4821],[77.4764,11.4922],[77.4832,11.4995],[77.4825,11.5052],[77.479,11.5067],[77.4689,11.5021],[77.463,11.4949],[77.454,11.495],[77.4492,11.4868],[77.4413,11.4862],[77.4331,11.4765],[77.4167,11.4782],[77.4087,11.4721],[77.4023,11.4804],[77.3842,11.4736],[77.3666,11.4762],[77.3502,11.486],[77.3496,11.4925],[77.3529,11.5059],[77.3585,11.509],[77.3558,11.5113],[77.3621,11.5162],[77.3632,11.502],[77.3707,11.5017],[77.3785,11.5071],[77.3791,11.5301],[77.3918,11.5207],[77.4058,11.5188],[77.4197,11.5295],[77.4201,11.5338],[77.4272,11.5356],[77.4388,11.5622],[77.451,11.5587],[77.4532,11.564],[77.4567,11.6101],[77.4411,11.6311],[77.4392,11.6474],[77.4533,11.6641],[77.4407,11.6745],[77.4411,11.6879],[77.4371,11.7003],[77.4433,11.7136],[77.441,11.7182],[77.4364,11.7154],[77.4351,11.7267],[77.4308,11.73],[77.4222,11.7268],[77.4182,11.7394],[77.4278,11.7526],[77.428,11.7671],[77.4335,11.7777],[77.4422,11.7834],[77.44,11.7881],[77.4466,11.7904],[77.4498,11.7961],[77.454,11.8203],[77.4666,11.8472],[77.4614,11.8538],[77.463,11.8589],[77.4599,11.8636],[77.4658,11.8743],[77.4604,11.8813],[77.4639,11.8941],[77.4616,11.9001],[77.4735,11.8993],[77.4772,11.8906],[77.4806,11.8935],[77.4862,11.8875],[77.483,11.8997],[77.4905,11.9086],[77.4886,11.9124],[77.4953,11.9442],[77.5004,11.9401],[77.5049,11.9412],[77.5379,11.9325],[77.5425,11.9383],[77.5581,11.9416],[77.5753,11.9366],[77.5935,11.9403],[77.6034,11.9378],[77.6069,11.9421],[77.624,11.9474],[77.6394,11.9481],[77.652,11.9549],[77.6573,11.9499],[77.669,11.9492],[77.6755,11.952]]]}},{"type":"Feature","bbox":[77.1794,11.2576,77.5054,11.5666],"properties":{"kind":"ac","ac":106,"name":"Gobichettipalayam","pc":"Tiruppur","mla":"K. A. Sengottaiyan","mla_party":"TVK","mp":"K. Subbarayan","mp_party":"CPI"},"geometry":{"type":"Polygon","coordinates":[[[77.365,11.5666],[77.3696,11.5624],[77.3653,11.5297],[77.3782,11.5287],[77.3789,11.5081],[77.3707,11.5017],[77.3632,11.502],[77.3621,11.5162],[77.3558,11.5113],[77.3585,11.509],[77.3529,11.5059],[77.3496,11.4925],[77.3502,11.486],[77.3655,11.4766],[77.3833,11.4735],[77.4023,11.4804],[77.4087,11.4721],[77.4167,11.4782],[77.4329,11.4765],[77.4413,11.4862],[77.4492,11.4868],[77.454,11.495],[77.4634,11.4951],[77.4686,11.5019],[77.479,11.5067],[77.4837,11.504],[77.483,11.4992],[77.4765,11.4931],[77.48,11.4821],[77.4732,11.478],[77.4694,11.4841],[77.4641,11.4826],[77.4596,11.4751],[77.4622,11.4722],[77.4617,11.4613],[77.4707,11.4631],[77.4776,11.4609],[77.4792,11.457],[77.4793,11.4506],[77.4673,11.4458],[77.4688,11.4395],[77.4732,11.4407],[77.469,11.4263],[77.478,11.4197],[77.4602,11.4257],[77.456,11.4239],[77.4618,11.4201],[77.4633,11.4109],[77.4675,11.4067],[77.472,11.4099],[77.4812,11.4092],[77.4812,11.4035],[77.4945,11.398],[77.4958,11.4033],[77.4979,11.3752],[77.5054,11.3697],[77.5036,11.3597],[77.4979,11.3613],[77.4803,11.357],[77.4751,11.3373],[77.4621,11.3286],[77.4474,11.3318],[77.4283,11.3304],[77.4259,11.3162],[77.4184,11.3094],[77.3865,11.3222],[77.3806,11.3339],[77.3653,11.3406],[77.362,11.3384],[77.3668,11.3265],[77.3636,11.3173],[77.3334,11.3168],[77.3345,11.3061],[77.3447,11.3007],[77.3483,11.2881],[77.3413,11.2675],[77.3347,11.2635],[77.3364,11.2576],[77.3184,11.2604],[77.2958,11.2727],[77.3074,11.2751],[77.3139,11.2815],[77.2947,11.2862],[77.2862,11.2927],[77.2883,11.3222],[77.2921,11.3307],[77.2882,11.3403],[77.2876,11.3336],[77.2815,11.3344],[77.2536,11.3103],[77.2504,11.3114],[77.2513,11.318],[77.2547,11.32],[77.2494,11.3268],[77.2507,11.33],[77.2472,11.3293],[77.2477,11.325],[77.2383,11.3225],[77.2408,11.3208],[77.2375,11.312],[77.2415,11.3052],[77.2191,11.3038],[77.2163,11.2979],[77.2034,11.3001],[77.2043,11.31],[77.2181,11.3059],[77.2212,11.3073],[77.2198,11.3125],[77.2264,11.3176],[77.2365,11.3141],[77.2345,11.3312],[77.2215,11.3403],[77.2347,11.3483],[77.2348,11.351],[77.2181,11.3523],[77.2106,11.3496],[77.2083,11.3445],[77.1989,11.3434],[77.1965,11.3388],[77.1871,11.342],[77.1794,11.3592],[77.1922,11.3681],[77.1996,11.3874],[77.2039,11.3893],[77.2072,11.398],[77.2122,11.3941],[77.2205,11.3985],[77.2362,11.3919],[77.2478,11.3912],[77.2459,11.3988],[77.2551,11.4134],[77.2442,11.4144],[77.245,11.4245],[77.2503,11.4345],[77.2631,11.4259],[77.2709,11.4314],[77.2783,11.4291],[77.2835,11.4314],[77.2837,11.438],[77.2881,11.4442],[77.297,11.4433],[77.2996,11.454],[77.297,11.4639],[77.2899,11.4664],[77.2794,11.4821],[77.2814,11.4919],[77.2964,11.492],[77.2907,11.5029],[77.2942,11.5191],[77.3134,11.5052],[77.3167,11.5188],[77.3289,11.5302],[77.3314,11.538],[77.3349,11.5396],[77.3394,11.5314],[77.3429,11.531],[77.3563,11.5532],[77.3586,11.5628],[77.365,11.5666]]]}},{"type":"Feature","bbox":[76.8337,11.3139,77.4567,11.8148],"properties":{"kind":"ac","ac":107,"name":"Bhavanisagar","pc":"Nilgiris","mla":"V. P. Tamilselvi","mla_party":"TVK","mp":"A. Raja","mp_party":"DMK"},"geometry":{"type":"Polygon","coordinates":[[[77.2489,11.8039],[77.2498,11.8131],[77.2879,11.8005],[77.2938,11.8091],[77.3351,11.7713],[77.3604,11.7796],[77.3648,11.7905],[77.3702,11.7868],[77.3944,11.7877],[77.4136,11.7748],[77.4222,11.7725],[77.4225,11.7618],[77.4272,11.761],[77.4288,11.7554],[77.42,11.7433],[77.4186,11.7355],[77.4222,11.7268],[77.4308,11.73],[77.4351,11.7267],[77.4364,11.7154],[77.441,11.7182],[77.4433,11.7136],[77.4371,11.7003],[77.4411,11.6879],[77.4407,11.6745],[77.4533,11.6641],[77.4392,11.6474],[77.4411,11.6311],[77.4567,11.6101],[77.451,11.5587],[77.4394,11.5628],[77.4272,11.5356],[77.4201,11.5338],[77.4196,11.5294],[77.4051,11.5187],[77.3918,11.5207],[77.3801,11.5303],[77.3657,11.529],[77.3648,11.5401],[77.3696,11.5624],[77.3628,11.5667],[77.3436,11.5317],[77.3394,11.5314],[77.3349,11.5396],[77.3314,11.538],[77.3289,11.5302],[77.3167,11.5188],[77.3134,11.5052],[77.2942,11.5191],[77.2907,11.5029],[77.2964,11.492],[77.2814,11.4919],[77.2794,11.4821],[77.2899,11.4664],[77.297,11.4639],[77.2996,11.454],[77.297,11.4433],[77.2881,11.4442],[77.2837,11.438],[77.2835,11.4314],[77.2783,11.4291],[77.2709,11.4314],[77.2631,11.4259],[77.2503,11.4345],[77.245,11.4245],[77.2442,11.4144],[77.2551,11.4134],[77.2459,11.3988],[77.2478,11.3912],[77.2362,11.3919],[77.2205,11.3985],[77.2122,11.3941],[77.2072,11.398],[77.2039,11.3893],[77.1996,11.3874],[77.1922,11.3681],[77.1794,11.3592],[77.1873,11.3451],[77.186,11.3415],[77.1784,11.3419],[77.1745,11.3326],[77.1791,11.3307],[77.183,11.3223],[77.1825,11.3139],[77.1776,11.3173],[77.1676,11.3173],[77.1586,11.3328],[77.1381,11.3401],[77.1322,11.3547],[77.1293,11.3542],[77.1331,11.3631],[77.1295,11.3667],[77.1304,11.3754],[77.1284,11.3785],[77.1131,11.381],[77.1102,11.4064],[77.0915,11.4034],[77.0932,11.3991],[77.0884,11.397],[77.0913,11.3936],[77.0811,11.3878],[77.0757,11.3918],[77.0704,11.3862],[77.0704,11.4026],[77.0454,11.4026],[77.0455,11.3992],[77.0369,11.393],[77.0325,11.3849],[77.0234,11.3878],[77.0254,11.3734],[77.0136,11.3688],[76.9922,11.3773],[76.9876,11.3823],[76.9815,11.3831],[76.9808,11.3783],[76.9716,11.3863],[76.9573,11.3812],[76.9685,11.3923],[76.969,11.3969],[76.976,11.3966],[76.9811,11.4021],[76.9769,11.4076],[76.9767,11.4157],[76.983,11.4404],[76.9982,11.4407],[77.0,11.4342],[77.008,11.434],[77.012,11.4426],[77.0124,11.4521],[76.9976,11.4773],[76.9911,11.481],[76.992,11.4925],[76.9965,11.5003],[76.9965,11.5129],[77.0052,11.514],[77.0147,11.5259],[77.0063,11.5242],[77.0094,11.5292],[77.0052,11.5371],[77.0073,11.5456],[76.9931,11.5463],[76.9898,11.5526],[76.9827,11.5562],[76.9753,11.5542],[76.9736,11.5658],[76.9696,11.5641],[76.9611,11.5714],[76.9555,11.5693],[76.9528,11.5733],[76.9447,11.5735],[76.9404,11.5794],[76.9315,11.5744],[76.9203,11.5788],[76.9163,11.5639],[76.9111,11.5784],[76.9061,11.581],[76.8925,11.5724],[76.8837,11.5734],[76.8738,11.581],[76.8505,11.5787],[76.8463,11.584],[76.8468,11.5951],[76.8564,11.5994],[76.8581,11.6141],[76.8505,11.6161],[76.8488,11.6187],[76.852,11.6218],[76.8427,11.6272],[76.8451,11.6343],[76.8383,11.6355],[76.8345,11.6398],[76.8379,11.6421],[76.8337,11.6491],[76.8349,11.6555],[76.8418,11.6622],[76.8527,11.6925],[76.8637,11.7055],[76.8611,11.7073],[76.8626,11.7111],[76.8741,11.7242],[76.8883,11.7338],[76.888,11.7418],[76.8952,11.7592],[76.8959,11.7758],[76.907,11.7954],[76.931,11.7925],[76.9422,11.7877],[76.9536,11.792],[76.9607,11.7814],[76.9697,11.7765],[76.9834,11.8011],[76.9819,11.8113],[76.994,11.8092],[77.0128,11.8148],[77.0138,11.8063],[77.0166,11.8108],[77.0297,11.8047],[77.034,11.8001],[77.0325,11.7961],[77.0386,11.794],[77.0288,11.7746],[77.0349,11.7698],[77.0457,11.7873],[77.0658,11.7887],[77.0701,11.78],[77.0611,11.776],[77.0564,11.7694],[77.0823,11.74],[77.0804,11.7361],[77.1049,11.7329],[77.1175,11.7212],[77.1152,11.729],[77.1173,11.7321],[77.1085,11.7527],[77.1126,11.7566],[77.1109,11.7736],[77.1375,11.7725],[77.1471,11.7819],[77.1819,11.7865],[77.1898,11.7926],[77.2384,11.7948],[77.2489,11.8039]]]}},{"type":"Feature","bbox":[76.4388,11.1876,76.8698,11.6191],"properties":{"kind":"ac","ac":108,"name":"Udhagamandalam","pc":"Nilgiris","mla":"M. Bhojarajan","mla_party":"BJP","mp":"A. Raja","mp_party":"DMK"},"geometry":{"type":"Polygon","coordinates":[[[76.8468,11.5951],[76.8463,11.5841],[76.8323,11.571],[76.865,11.5416],[76.8634,11.5227],[76.8698,11.5133],[76.8581,11.4924],[76.8391,11.477],[76.8325,11.4609],[76.8163,11.4506],[76.8121,11.4199],[76.8077,11.4106],[76.7927,11.4025],[76.7742,11.4043],[76.7558,11.4002],[76.7577,11.394],[76.7416,11.3852],[76.7456,11.3748],[76.7437,11.372],[76.7559,11.36],[76.7483,11.3506],[76.7479,11.342],[76.7594,11.3325],[76.753,11.3317],[76.7494,11.3261],[76.7365,11.3293],[76.735,11.3439],[76.725,11.3536],[76.7203,11.3651],[76.6912,11.3527],[76.6909,11.317],[76.6994,11.2969],[76.6958,11.2838],[76.7063,11.2782],[76.6965,11.2712],[76.6772,11.2765],[76.6824,11.2663],[76.6975,11.2605],[76.6998,11.246],[76.7067,11.2381],[76.6977,11.2394],[76.6849,11.2339],[76.6845,11.2277],[76.6777,11.2211],[76.6529,11.2098],[76.6292,11.194],[76.6004,11.2061],[76.534,11.1967],[76.516,11.2042],[76.5099,11.2115],[76.4723,11.2088],[76.4734,11.1948],[76.4583,11.1876],[76.452,11.1993],[76.4388,11.1991],[76.4395,11.2031],[76.4491,11.2055],[76.4532,11.2395],[76.4881,11.2587],[76.5219,11.272],[76.526,11.2884],[76.5455,11.3011],[76.539,11.3049],[76.537,11.3146],[76.5497,11.3316],[76.5475,11.3594],[76.5095,11.3554],[76.515,11.3597],[76.5172,11.3695],[76.5329,11.3727],[76.5888,11.4282],[76.5922,11.4373],[76.5986,11.4351],[76.6009,11.4487],[76.6085,11.462],[76.6238,11.4479],[76.6302,11.4338],[76.6462,11.4346],[76.6558,11.4382],[76.6512,11.4523],[76.6564,11.4657],[76.6699,11.4747],[76.686,11.4787],[76.6878,11.4952],[76.6967,11.5018],[76.6994,11.5107],[76.7063,11.5143],[76.7061,11.5329],[76.6933,11.5416],[76.6883,11.5545],[76.6914,11.5742],[76.7075,11.5757],[76.7055,11.5835],[76.7192,11.5962],[76.721,11.6027],[76.7282,11.6009],[76.7359,11.6058],[76.7481,11.6029],[76.7491,11.6153],[76.7567,11.6191],[76.7656,11.6144],[76.7913,11.6131],[76.7967,11.6086],[76.8098,11.6087],[76.8176,11.6051],[76.823,11.6084],[76.8468,11.5951]]]}},{"type":"Feature","bbox":[76.2331,11.3695,76.7491,11.7051],"properties":{"kind":"ac","ac":109,"name":"Gudalur","pc":"Nilgiris","mla":"M. Dravidamani","mla_party":"DMK","mp":"A. Raja","mp_party":"DMK"},"geometry":{"type":"Polygon","coordinates":[[[76.4893,11.6917],[76.5116,11.7051],[76.5388,11.6896],[76.5513,11.6724],[76.5493,11.6651],[76.5544,11.6557],[76.5539,11.6458],[76.5614,11.6328],[76.5599,11.6226],[76.5696,11.6182],[76.5752,11.6193],[76.5767,11.6146],[76.5837,11.6139],[76.5922,11.6188],[76.5964,11.6164],[76.5976,11.6108],[76.6106,11.611],[76.6139,11.6081],[76.6295,11.6141],[76.6613,11.616],[76.7491,11.6153],[76.7481,11.6029],[76.7359,11.6058],[76.7282,11.6009],[76.721,11.6027],[76.7192,11.5962],[76.7055,11.5835],[76.7075,11.5757],[76.6907,11.5732],[76.6883,11.5545],[76.6933,11.5416],[76.7061,11.5329],[76.7062,11.5136],[76.6994,11.5107],[76.6967,11.5018],[76.6878,11.4952],[76.6857,11.4784],[76.6699,11.4747],[76.6557,11.4649],[76.6512,11.4523],[76.6558,11.4415],[76.6546,11.437],[76.6307,11.4335],[76.6238,11.4479],[76.609,11.4623],[76.6009,11.4487],[76.5986,11.4351],[76.5922,11.4373],[76.5888,11.4282],[76.5329,11.3727],[76.5172,11.3695],[76.462,11.3875],[76.4153,11.4225],[76.4189,11.4418],[76.3979,11.4349],[76.3712,11.4544],[76.3422,11.4678],[76.3256,11.4534],[76.3053,11.468],[76.2937,11.4657],[76.2904,11.4697],[76.2943,11.473],[76.2845,11.4829],[76.2756,11.4769],[76.2644,11.4809],[76.2474,11.4683],[76.2507,11.5028],[76.2482,11.5167],[76.2446,11.5171],[76.2375,11.5272],[76.2503,11.5275],[76.2514,11.5379],[76.2445,11.543],[76.2465,11.5461],[76.2425,11.5501],[76.2444,11.5543],[76.2406,11.5557],[76.2331,11.5709],[76.2649,11.5938],[76.2742,11.5938],[76.2787,11.6009],[76.2861,11.5903],[76.2957,11.5907],[76.3022,11.5713],[76.3102,11.5773],[76.3159,11.5766],[76.3212,11.5863],[76.3358,11.5957],[76.3399,11.5931],[76.3402,11.5871],[76.3547,11.5893],[76.3671,11.5985],[76.3776,11.6019],[76.378,11.6084],[76.3838,11.612],[76.3831,11.624],[76.3879,11.6297],[76.4064,11.6341],[76.4325,11.6316],[76.4438,11.6472],[76.4358,11.6538],[76.4309,11.6665],[76.4582,11.6645],[76.4826,11.6862],[76.4816,11.6926],[76.4893,11.6917]]]}},{"type":"Feature","bbox":[76.6772,11.2449,77.0147,11.5841],"properties":{"kind":"ac","ac":110,"name":"Coonoor","pc":"Nilgiris","mla":"M. Raju","mla_party":"DMK","mp":"A. Raja","mp_party":"DMK"},"geometry":{"type":"Polygon","coordinates":[[[76.8463,11.5841],[76.8536,11.5772],[76.8738,11.581],[76.8837,11.5734],[76.89,11.5724],[76.9081,11.5804],[76.9163,11.5639],[76.9203,11.5788],[76.9315,11.5744],[76.9404,11.5794],[76.9447,11.5735],[76.9528,11.5733],[76.9555,11.5693],[76.9611,11.5714],[76.9696,11.5641],[76.9736,11.5658],[76.9753,11.5542],[76.9827,11.5562],[76.9898,11.5526],[76.9931,11.5463],[77.0069,11.5462],[77.0052,11.5371],[77.0094,11.5292],[77.0063,11.5242],[77.0147,11.5259],[77.0052,11.514],[76.9965,11.5129],[76.9965,11.5003],[76.992,11.4925],[76.9911,11.481],[76.9976,11.4773],[77.0126,11.4515],[77.0083,11.4342],[77.0,11.4342],[76.9982,11.4407],[76.983,11.4404],[76.9767,11.4157],[76.9769,11.4076],[76.9808,11.4016],[76.976,11.3966],[76.969,11.3969],[76.9685,11.3923],[76.9557,11.3793],[76.934,11.3765],[76.9278,11.3689],[76.9349,11.3706],[76.9336,11.3683],[76.938,11.3663],[76.9495,11.3659],[76.9371,11.3637],[76.9327,11.3571],[76.9326,11.363],[76.9242,11.3576],[76.9206,11.3593],[76.9056,11.3508],[76.9015,11.3514],[76.9001,11.3581],[76.903,11.3626],[76.8892,11.3658],[76.8906,11.3616],[76.8841,11.3519],[76.877,11.3589],[76.8733,11.3521],[76.8671,11.3552],[76.8626,11.3515],[76.8689,11.3452],[76.8606,11.3476],[76.8592,11.344],[76.8541,11.3449],[76.8535,11.3409],[76.8496,11.3441],[76.8483,11.335],[76.8547,11.3333],[76.8512,11.3276],[76.8606,11.3244],[76.8544,11.3183],[76.8593,11.3139],[76.8597,11.3044],[76.8536,11.3064],[76.854,11.2964],[76.8453,11.2927],[76.8425,11.2875],[76.8297,11.2936],[76.828,11.2908],[76.8234,11.2929],[76.8177,11.2901],[76.8069,11.2992],[76.7975,11.2958],[76.7902,11.2793],[76.7689,11.2897],[76.765,11.2841],[76.7698,11.2774],[76.7675,11.2641],[76.7532,11.2552],[76.7555,11.2508],[76.7412,11.2524],[76.737,11.2449],[76.7174,11.2571],[76.7111,11.2575],[76.7054,11.2641],[76.6999,11.2571],[76.6824,11.2663],[76.6772,11.2765],[76.6965,11.2712],[76.7063,11.2782],[76.6958,11.2838],[76.6994,11.2969],[76.6909,11.317],[76.6912,11.3527],[76.7203,11.3651],[76.725,11.3536],[76.735,11.3439],[76.7365,11.3293],[76.7494,11.3261],[76.753,11.3317],[76.7594,11.3325],[76.7479,11.342],[76.7483,11.3506],[76.7559,11.36],[76.7437,11.372],[76.7456,11.3748],[76.7416,11.3852],[76.7577,11.394],[76.7558,11.4002],[76.7742,11.4043],[76.7927,11.4025],[76.8077,11.4106],[76.8121,11.4199],[76.8163,11.4506],[76.8325,11.4609],[76.8391,11.477],[76.8581,11.4924],[76.8698,11.5133],[76.8634,11.5227],[76.865,11.5416],[76.8323,11.571],[76.8463,11.5841]]]}},{"type":"Feature","bbox":[76.6891,11.1177,77.1416,11.4064],"properties":{"kind":"ac","ac":111,"name":"Mettuppalayam","pc":"Nilgiris","mla":"N. Sunil Anand","mla_party":"TVK","mp":"A. Raja","mp_party":"DMK"},"geometry":{"type":"Polygon","coordinates":[[[76.9471,11.3763],[76.9716,11.3863],[76.9808,11.3783],[76.9815,11.3831],[76.9876,11.3823],[76.9922,11.3773],[77.0136,11.3688],[77.0254,11.3734],[77.0234,11.3878],[77.0325,11.3849],[77.0369,11.393],[77.0455,11.3992],[77.0454,11.4026],[77.0704,11.4026],[77.0704,11.3862],[77.0757,11.3918],[77.0811,11.3878],[77.0913,11.3936],[77.0884,11.397],[77.0932,11.3991],[77.0915,11.4034],[77.1102,11.4064],[77.1131,11.381],[77.1284,11.3785],[77.1304,11.3754],[77.1295,11.3667],[77.1331,11.3631],[77.1293,11.3542],[77.1322,11.3547],[77.1416,11.3369],[77.1342,11.3361],[77.1261,11.3401],[77.1137,11.3361],[77.1044,11.3372],[77.099,11.3288],[77.0976,11.3188],[77.0937,11.3186],[77.0899,11.3289],[77.0931,11.3356],[77.0838,11.337],[77.0805,11.3449],[77.0713,11.3374],[77.0651,11.3244],[77.0686,11.3152],[77.0633,11.3117],[77.054,11.3231],[77.0457,11.3226],[77.0431,11.3133],[77.0464,11.3105],[77.0451,11.3032],[77.0524,11.2999],[77.0462,11.2853],[77.0225,11.2733],[77.0202,11.2613],[77.0162,11.2606],[77.0108,11.2667],[77.0071,11.2643],[77.0157,11.24],[77.0085,11.2305],[77.0134,11.2264],[77.0183,11.2106],[77.0092,11.2093],[77.0084,11.1984],[77.0047,11.194],[76.9898,11.2007],[76.9781,11.1937],[76.9798,11.1683],[76.9768,11.1489],[76.9675,11.1511],[76.9545,11.1704],[76.9452,11.1657],[76.9424,11.1561],[76.9451,11.1426],[76.949,11.1395],[76.9482,11.1293],[76.9398,11.1274],[76.9328,11.1204],[76.9096,11.1185],[76.9106,11.1283],[76.9174,11.1311],[76.9171,11.1364],[76.9232,11.1378],[76.917,11.141],[76.9265,11.1514],[76.9208,11.1595],[76.9101,11.1647],[76.9136,11.1742],[76.9136,11.1941],[76.8986,11.1991],[76.8967,11.1943],[76.8924,11.1956],[76.8919,11.1913],[76.8809,11.1909],[76.877,11.1828],[76.8687,11.1845],[76.8625,11.178],[76.8465,11.1833],[76.8468,11.1787],[76.8391,11.1789],[76.8319,11.1624],[76.833,11.1576],[76.852,11.1521],[76.8342,11.1442],[76.8264,11.1489],[76.8191,11.1439],[76.7873,11.139],[76.789,11.1275],[76.7745,11.1272],[76.7701,11.1312],[76.7475,11.1177],[76.7464,11.1377],[76.7394,11.1317],[76.7344,11.1361],[76.7284,11.1303],[76.7154,11.1491],[76.7083,11.1471],[76.7119,11.1419],[76.7065,11.1417],[76.7002,11.1461],[76.7006,11.1497],[76.6962,11.15],[76.6958,11.1555],[76.6891,11.1614],[76.6928,11.1723],[76.7008,11.1759],[76.6999,11.1816],[76.7072,11.18],[76.7103,11.1885],[76.7178,11.1866],[76.7226,11.1919],[76.7283,11.1912],[76.722,11.2034],[76.7319,11.2143],[76.7253,11.2193],[76.7254,11.2255],[76.7212,11.2248],[76.7102,11.2327],[76.7,11.2458],[76.7011,11.261],[76.7054,11.2641],[76.7111,11.2575],[76.7174,11.2571],[76.737,11.2449],[76.7412,11.2524],[76.7555,11.2508],[76.7532,11.2552],[76.7675,11.2641],[76.7698,11.2774],[76.765,11.2841],[76.7689,11.2897],[76.7902,11.2793],[76.7975,11.2958],[76.8069,11.2992],[76.8177,11.2901],[76.8234,11.2929],[76.828,11.2908],[76.8297,11.2936],[76.8425,11.2875],[76.8453,11.2927],[76.854,11.2964],[76.8536,11.3064],[76.8597,11.3044],[76.8593,11.3139],[76.8544,11.3183],[76.8606,11.3244],[76.8512,11.3276],[76.8547,11.3333],[76.8483,11.335],[76.8496,11.3441],[76.8535,11.3409],[76.8541,11.3449],[76.8592,11.344],[76.8606,11.3476],[76.8689,11.3452],[76.8626,11.3515],[76.8671,11.3552],[76.8733,11.3521],[76.877,11.3589],[76.8841,11.3519],[76.8906,11.3616],[76.8892,11.3658],[76.903,11.3626],[76.9001,11.3581],[76.9031,11.3511],[76.913,11.3529],[76.9144,11.3564],[76.9252,11.3579],[76.9251,11.3603],[76.9326,11.363],[76.9327,11.3571],[76.9371,11.3637],[76.9495,11.3659],[76.938,11.3663],[76.9336,11.3683],[76.9349,11.3706],[76.9283,11.3682],[76.934,11.3765],[76.9471,11.3763]]]}},{"type":"Feature","bbox":[77.0041,11.1043,77.3363,11.3522],"properties":{"kind":"ac","ac":112,"name":"Avanashi","pc":"Nilgiris","mla":"S. Kamali","mla_party":"TVK","mp":"A. Raja","mp_party":"DMK"},"geometry":{"type":"Polygon","coordinates":[[[77.1342,11.3361],[77.158,11.3332],[77.1676,11.3173],[77.1776,11.3173],[77.1825,11.3139],[77.183,11.3223],[77.1791,11.3307],[77.1745,11.3326],[77.1787,11.3421],[77.1966,11.3388],[77.1995,11.3437],[77.2083,11.3445],[77.2108,11.3497],[77.2339,11.3522],[77.2347,11.3483],[77.2215,11.3403],[77.2345,11.3312],[77.2365,11.3141],[77.2264,11.3176],[77.2198,11.3125],[77.2212,11.3073],[77.2181,11.3059],[77.2042,11.31],[77.2021,11.3019],[77.2112,11.2978],[77.2171,11.2982],[77.2191,11.3038],[77.2416,11.3053],[77.2375,11.312],[77.2408,11.3208],[77.2382,11.3222],[77.2477,11.325],[77.2472,11.3293],[77.2507,11.33],[77.2494,11.3268],[77.2547,11.32],[77.2502,11.3137],[77.2536,11.3103],[77.2815,11.3344],[77.2876,11.3336],[77.2874,11.34],[77.2918,11.3362],[77.2862,11.2927],[77.2947,11.2862],[77.3139,11.2815],[77.3074,11.2751],[77.2957,11.2729],[77.3028,11.2668],[77.3333,11.2576],[77.3363,11.2289],[77.3219,11.208],[77.3234,11.1939],[77.3173,11.1884],[77.3138,11.1761],[77.3068,11.1747],[77.307,11.1688],[77.3169,11.1691],[77.3098,11.1489],[77.2901,11.1418],[77.2915,11.1326],[77.2876,11.1293],[77.2962,11.1091],[77.2703,11.1058],[77.2647,11.109],[77.2445,11.1371],[77.2361,11.1381],[77.2324,11.1281],[77.2237,11.1247],[77.2139,11.1293],[77.2061,11.1393],[77.1899,11.1493],[77.1819,11.1365],[77.1786,11.1364],[77.1746,11.1391],[77.1785,11.1459],[77.175,11.1547],[77.1793,11.1545],[77.1854,11.1597],[77.1746,11.1668],[77.1612,11.1672],[77.1595,11.1907],[77.154,11.1996],[77.1409,11.1955],[77.1249,11.1991],[77.1187,11.196],[77.106,11.1731],[77.098,11.1691],[77.1,11.1639],[77.1151,11.1536],[77.1212,11.1251],[77.1385,11.1295],[77.1334,11.1118],[77.1125,11.1126],[77.115,11.1091],[77.0994,11.1043],[77.0884,11.1158],[77.0798,11.1114],[77.075,11.1137],[77.0766,11.1204],[77.0538,11.1252],[77.0498,11.1414],[77.042,11.1479],[77.0375,11.1573],[77.0269,11.1585],[77.0115,11.1731],[77.0066,11.1728],[77.0041,11.1884],[77.0092,11.2093],[77.0183,11.2106],[77.0134,11.2264],[77.0085,11.2305],[77.0157,11.24],[77.0071,11.2643],[77.0108,11.2667],[77.0162,11.2606],[77.0202,11.2613],[77.0225,11.2733],[77.0462,11.2853],[77.0524,11.2999],[77.0451,11.3032],[77.0464,11.3105],[77.0431,11.3133],[77.0457,11.3226],[77.054,11.3231],[77.0633,11.3117],[77.0686,11.3152],[77.0651,11.3244],[77.0713,11.3374],[77.0805,11.3449],[77.0838,11.337],[77.0931,11.3356],[77.0899,11.3289],[77.0937,11.3186],[77.0976,11.3188],[77.099,11.3288],[77.1044,11.3372],[77.1137,11.3361],[77.1261,11.3401],[77.1342,11.3361]]]}},{"type":"Feature","bbox":[77.2876,11.1058,77.4059,11.3168],"properties":{"kind":"ac","ac":113,"name":"Tiruppur North","pc":"Tiruppur","mla":"V. Sathyabama","mla_party":"TVK","mp":"K. Subbarayan","mp_party":"CPI"},"geometry":{"type":"Polygon","coordinates":[[[77.3333,11.2576],[77.3364,11.2576],[77.3347,11.2635],[77.3413,11.2675],[77.3483,11.2881],[77.3447,11.3007],[77.3345,11.3061],[77.3334,11.3168],[77.3658,11.3168],[77.3638,11.302],[77.377,11.2955],[77.3845,11.282],[77.3901,11.2574],[77.3858,11.2566],[77.3822,11.2391],[77.3732,11.2376],[77.3735,11.2245],[77.3799,11.2221],[77.3848,11.2066],[77.4055,11.1995],[77.4059,11.1866],[77.3998,11.1634],[77.401,11.1571],[77.3909,11.1586],[77.396,11.1352],[77.3932,11.134],[77.3896,11.1379],[77.3684,11.1355],[77.3641,11.1394],[77.3513,11.1421],[77.3554,11.139],[77.3553,11.1325],[77.3494,11.13],[77.3376,11.1332],[77.3356,11.1304],[77.3257,11.1323],[77.3217,11.1302],[77.3246,11.1225],[77.3112,11.1212],[77.313,11.1058],[77.3094,11.1058],[77.2958,11.109],[77.2876,11.1293],[77.2915,11.1326],[77.2901,11.1418],[77.3098,11.1489],[77.316,11.1648],[77.3169,11.1691],[77.3133,11.1709],[77.3119,11.1677],[77.307,11.1688],[77.3068,11.1747],[77.3138,11.1761],[77.3173,11.1884],[77.3234,11.1939],[77.3219,11.208],[77.3353,11.2242],[77.3333,11.2576]]]}},{"type":"Feature","bbox":[77.3112,11.0682,77.4346,11.1421],"properties":{"kind":"ac","ac":114,"name":"Tiruppur South","pc":"Tiruppur","mla":"S. Balamurugan","mla_party":"TVK","mp":"K. Subbarayan","mp_party":"CPI"},"geometry":{"type":"Polygon","coordinates":[[[77.3768,11.1353],[77.3772,11.1268],[77.3918,11.1217],[77.3921,11.1189],[77.4023,11.1221],[77.4035,11.1084],[77.4201,11.1038],[77.4219,11.0993],[77.4346,11.0938],[77.4311,11.0761],[77.4158,11.0682],[77.4036,11.0749],[77.4052,11.0816],[77.3975,11.0901],[77.3856,11.0862],[77.3748,11.0906],[77.3694,11.0812],[77.3575,11.0795],[77.3424,11.0808],[77.3441,11.0835],[77.3407,11.0845],[77.3276,11.0841],[77.331,11.0997],[77.313,11.1058],[77.3112,11.1212],[77.3246,11.1225],[77.3217,11.1302],[77.3257,11.1323],[77.3356,11.1304],[77.3376,11.1332],[77.3494,11.13],[77.3553,11.1325],[77.3554,11.139],[77.3513,11.1421],[77.3768,11.1353]]]}},{"type":"Feature","bbox":[77.1455,10.8516,77.5013,11.1295],"properties":{"kind":"ac","ac":115,"name":"Palladam","pc":"Coimbatore","mla":"K. Ramkumar","mla_party":"TVK","mp":"Ganapathi P. Raj Kumar","mp_party":"DMK"},"geometry":{"type":"Polygon","coordinates":[[[77.4023,11.1221],[77.4081,11.1226],[77.4146,11.1287],[77.4265,11.1295],[77.454,11.1208],[77.4535,11.0936],[77.4687,11.0906],[77.4685,11.0573],[77.4776,11.0572],[77.4759,11.0452],[77.499,11.0415],[77.5013,11.013],[77.4884,11.0054],[77.4883,10.99],[77.479,10.9754],[77.4759,10.9753],[77.4728,10.9618],[77.4756,10.9535],[77.4592,10.9457],[77.4455,10.9439],[77.4177,10.9269],[77.4138,10.9239],[77.4206,10.9115],[77.3946,10.903],[77.3741,10.9022],[77.3766,10.8802],[77.3667,10.8787],[77.3461,10.8685],[77.3334,10.8693],[77.3178,10.8576],[77.299,10.8583],[77.2863,10.8547],[77.2861,10.8516],[77.2665,10.8592],[77.2623,10.8672],[77.2579,10.8964],[77.2294,10.9111],[77.2184,10.9063],[77.2131,10.9103],[77.2061,10.9101],[77.2008,10.9156],[77.2007,10.9226],[77.1808,10.9251],[77.1762,10.9398],[77.1783,10.9446],[77.1736,10.9489],[77.168,10.9727],[77.1566,10.9953],[77.1626,10.9982],[77.1688,11.0074],[77.16,11.0184],[77.1602,11.0246],[77.1529,11.0349],[77.1455,11.0385],[77.1464,11.0513],[77.1672,11.0654],[77.1657,11.0582],[77.1739,11.0507],[77.1961,11.0587],[77.2357,11.067],[77.2398,11.072],[77.2421,11.1021],[77.2524,11.1066],[77.2661,11.1051],[77.2958,11.109],[77.3223,11.1042],[77.3311,11.0996],[77.3276,11.0841],[77.3419,11.0843],[77.3442,11.0806],[77.3693,11.0812],[77.375,11.0907],[77.3856,11.0862],[77.3976,11.0901],[77.4052,11.0816],[77.4036,11.0749],[77.419,11.0689],[77.4239,11.0743],[77.4312,11.0763],[77.4351,11.0929],[77.4219,11.0993],[77.4201,11.1038],[77.4035,11.1084],[77.4023,11.1221]]]}},{"type":"Feature","bbox":[77.0364,10.776,77.298,11.1996],"properties":{"kind":"ac","ac":116,"name":"Sulur","pc":"Coimbatore","mla":"N. M. Sukumar","mla_party":"TVK","mp":"Ganapathi P. Raj Kumar","mp_party":"DMK"},"geometry":{"type":"Polygon","coordinates":[[[77.1401,11.1957],[77.154,11.1996],[77.1574,11.1972],[77.1612,11.1672],[77.1746,11.1668],[77.1854,11.1597],[77.1793,11.1545],[77.175,11.1547],[77.1785,11.1459],[77.1746,11.1391],[77.1819,11.1365],[77.1899,11.1493],[77.1942,11.1483],[77.2139,11.1293],[77.2237,11.1247],[77.2324,11.1281],[77.2361,11.1381],[77.2445,11.1371],[77.2647,11.109],[77.2703,11.1058],[77.2519,11.1065],[77.2423,11.1025],[77.2398,11.072],[77.2357,11.067],[77.1961,11.0587],[77.1739,11.0507],[77.1657,11.0582],[77.1672,11.0654],[77.1461,11.0492],[77.1455,11.0385],[77.1529,11.0349],[77.1602,11.0246],[77.16,11.0184],[77.1688,11.0074],[77.1626,10.9982],[77.1566,10.9953],[77.168,10.9727],[77.1736,10.9489],[77.1783,10.9446],[77.1762,10.9398],[77.1808,10.9251],[77.2007,10.9226],[77.2008,10.9156],[77.2061,10.9101],[77.2131,10.9103],[77.2184,10.9063],[77.2294,10.9111],[77.2579,10.8964],[77.2623,10.8672],[77.2665,10.8592],[77.2878,10.8519],[77.2918,10.8353],[77.2897,10.8326],[77.2911,10.828],[77.2955,10.8266],[77.298,10.8118],[77.2901,10.8119],[77.2849,10.8055],[77.2778,10.8031],[77.2755,10.7917],[77.2798,10.789],[77.2396,10.776],[77.2279,10.7772],[77.2078,10.7903],[77.2139,10.8041],[77.1941,10.803],[77.1827,10.7982],[77.1678,10.7999],[77.1672,10.807],[77.1702,10.8109],[77.1632,10.8255],[77.1635,10.8319],[77.1576,10.8367],[77.1576,10.848],[77.1487,10.8498],[77.1467,10.865],[77.1353,10.8646],[77.1254,10.871],[77.1201,10.8872],[77.1134,10.8866],[77.1108,10.8896],[77.101,10.8827],[77.082,10.8859],[77.0708,10.8756],[77.0686,10.8797],[77.0399,10.877],[77.0481,10.8914],[77.0557,10.8931],[77.0531,10.9002],[77.06,10.9022],[77.0692,10.9285],[77.0609,10.9466],[77.0521,10.9543],[77.0469,10.9524],[77.0364,10.983],[77.0537,10.9884],[77.0609,11.0015],[77.0501,11.0349],[77.0611,11.0386],[77.0602,11.0766],[77.0834,11.0841],[77.0966,11.0958],[77.0994,11.1043],[77.115,11.1091],[77.1125,11.1126],[77.1334,11.1118],[77.1385,11.1295],[77.1212,11.1251],[77.1151,11.1536],[77.1,11.1639],[77.098,11.1691],[77.106,11.1731],[77.1187,11.196],[77.1249,11.1991],[77.1401,11.1957]]]}},{"type":"Feature","bbox":[76.7388,11.0263,77.0994,11.2007],"properties":{"kind":"ac","ac":117,"name":"Kavundampalayam","pc":"Coimbatore","mla":"Kanimozhi Santhosh","mla_party":"TVK","mp":"Ganapathi P. Raj Kumar","mp_party":"DMK"},"geometry":{"type":"Polygon","coordinates":[[[77.0047,11.194],[77.0066,11.1728],[77.0115,11.1731],[77.0269,11.1585],[77.0375,11.1573],[77.042,11.1479],[77.0498,11.1414],[77.0538,11.1252],[77.0766,11.1204],[77.075,11.1137],[77.0798,11.1114],[77.0884,11.1158],[77.0994,11.1043],[77.0966,11.0958],[77.0834,11.0841],[77.0602,11.0766],[77.0611,11.0386],[77.0501,11.0349],[77.0511,11.0263],[77.035,11.0266],[77.0294,11.0474],[77.0077,11.0458],[77.0033,11.0586],[76.9833,11.0519],[76.9468,11.0539],[76.9511,11.0366],[76.9191,11.0318],[76.9177,11.0372],[76.9091,11.0315],[76.8999,11.0417],[76.8943,11.0422],[76.8924,11.0359],[76.8785,11.0429],[76.8635,11.0452],[76.8644,11.0543],[76.847,11.0512],[76.8328,11.0569],[76.7984,11.057],[76.7877,11.0451],[76.7774,11.0423],[76.7654,11.0457],[76.7606,11.0527],[76.7442,11.057],[76.746,11.0593],[76.7413,11.0731],[76.7448,11.0723],[76.7497,11.079],[76.7548,11.079],[76.7515,11.0931],[76.7468,11.0924],[76.7388,11.1039],[76.7409,11.1085],[76.7456,11.1085],[76.7475,11.1177],[76.7701,11.1312],[76.7745,11.1272],[76.789,11.1275],[76.7873,11.139],[76.8191,11.1439],[76.8264,11.1489],[76.8342,11.1442],[76.8487,11.1488],[76.852,11.1521],[76.8374,11.1546],[76.8319,11.1624],[76.8372,11.1713],[76.8363,11.1751],[76.8391,11.1789],[76.8468,11.1787],[76.8465,11.1833],[76.8625,11.178],[76.8687,11.1845],[76.8794,11.1842],[76.8809,11.1909],[76.8919,11.1913],[76.8924,11.1956],[76.8967,11.1943],[76.8986,11.1991],[76.9136,11.1941],[76.9136,11.1742],[76.9101,11.1647],[76.9254,11.1555],[76.9265,11.15],[76.917,11.141],[76.9231,11.1376],[76.9171,11.1364],[76.9174,11.1311],[76.9105,11.1282],[76.9096,11.1185],[76.9137,11.1184],[76.9325,11.1203],[76.9398,11.1274],[76.9482,11.1293],[76.949,11.1395],[76.945,11.1428],[76.9422,11.1601],[76.9529,11.1708],[76.9651,11.1582],[76.9675,11.1511],[76.9768,11.1489],[76.9798,11.1683],[76.978,11.1935],[76.9898,11.2007],[77.0047,11.194]]]}},{"type":"Feature","bbox":[76.8578,10.9971,77.0093,11.0586],"properties":{"kind":"ac","ac":118,"name":"Coimbatore North","pc":"Coimbatore","mla":"V. Sampathkumar","mla_party":"TVK","mp":"Ganapathi P. Raj Kumar","mp_party":"DMK"},"geometry":{"type":"Polygon","coordinates":[[[77.0033,11.0586],[77.0093,11.0386],[77.0018,11.0388],[77.0008,11.0421],[76.9958,11.0429],[76.9969,11.0349],[76.9905,11.0286],[76.9912,11.0223],[76.9658,11.0323],[76.9514,11.0307],[76.9506,11.0262],[76.9617,11.0199],[76.9561,11.0135],[76.9438,11.0141],[76.9402,11.0037],[76.9239,11.0054],[76.9176,10.9982],[76.9115,10.9989],[76.9156,11.0036],[76.9132,11.0054],[76.9078,11.0016],[76.8952,11.0067],[76.883,11.0048],[76.8803,10.9971],[76.8738,11.0064],[76.8678,11.0088],[76.8617,11.0207],[76.8665,11.0273],[76.8726,11.0261],[76.8743,11.0289],[76.8671,11.0309],[76.859,11.0286],[76.8578,11.0317],[76.8626,11.0352],[76.8604,11.0397],[76.8633,11.0454],[76.8785,11.0429],[76.8924,11.0359],[76.8943,11.0422],[76.8999,11.0417],[76.9089,11.0315],[76.9177,11.0372],[76.9191,11.0318],[76.9508,11.0365],[76.9468,11.0539],[76.9833,11.0519],[77.0033,11.0586]]]}},{"type":"Feature","bbox":[76.656,10.8764,76.9764,11.0569],"properties":{"kind":"ac","ac":119,"name":"Thondamuthur","pc":"Pollachi","mla":"S. P. Velumani","mla_party":"AIADMK","mp":"Eswarasamy","mp_party":"DMK"},"geometry":{"type":"Polygon","coordinates":[[[76.8644,11.0543],[76.8604,11.0397],[76.8627,11.0354],[76.8579,11.032],[76.8584,11.029],[76.8743,11.0289],[76.8726,11.0261],[76.8665,11.0273],[76.8617,11.0207],[76.8678,11.0088],[76.8738,11.0064],[76.8804,10.9971],[76.883,11.0048],[76.8952,11.0067],[76.9078,11.0016],[76.9132,11.0054],[76.9156,11.0038],[76.9115,10.9988],[76.9181,10.9983],[76.9238,11.0054],[76.94,11.0036],[76.9426,11.0136],[76.9556,11.0149],[76.9614,10.9915],[76.9764,10.9841],[76.96,10.9736],[76.9604,10.9649],[76.9648,10.9593],[76.9663,10.9406],[76.9573,10.9286],[76.9412,10.9337],[76.9258,10.9337],[76.9198,10.9182],[76.9183,10.9252],[76.9111,10.9266],[76.9174,10.9374],[76.9143,10.9522],[76.9181,10.9627],[76.9146,10.9721],[76.8942,10.9768],[76.8825,10.9737],[76.8664,10.9781],[76.8526,10.9747],[76.8501,10.9731],[76.854,10.9437],[76.8591,10.9408],[76.8606,10.9299],[76.8503,10.9214],[76.8509,10.915],[76.8476,10.916],[76.8477,10.9126],[76.8362,10.9146],[76.8342,10.8914],[76.8306,10.8852],[76.8151,10.8827],[76.8094,10.8764],[76.7919,10.8823],[76.7821,10.8913],[76.7685,10.8878],[76.7654,10.8924],[76.7548,10.8952],[76.7412,10.8903],[76.7397,10.8945],[76.7157,10.9075],[76.6951,10.9102],[76.6759,10.9182],[76.6593,10.9305],[76.656,10.9391],[76.6647,10.9436],[76.6671,10.9693],[76.6859,10.9902],[76.6945,11.0228],[76.71,11.0343],[76.7134,11.0406],[76.738,11.0396],[76.766,11.0297],[76.7918,11.038],[76.8001,11.0551],[76.8096,11.0564],[76.8328,11.0569],[76.847,11.0512],[76.8644,11.0543]]]}},{"type":"Feature","bbox":[76.9494,10.9716,77.0044,11.0323],"properties":{"kind":"ac","ac":120,"name":"Coimbatore South","pc":"Coimbatore","mla":"V. Senthilbalaji","mla_party":"DMK","mp":"Ganapathi P. Raj Kumar","mp_party":"DMK"},"geometry":{"type":"Polygon","coordinates":[[[76.9912,11.0223],[76.9917,11.015],[77.0014,11.0044],[77.0044,10.9955],[76.993,10.9901],[76.9927,10.9955],[76.9863,10.9955],[76.9867,10.9894],[76.9937,10.987],[76.9906,10.9793],[76.9783,10.9786],[76.9774,10.9756],[76.9818,10.9716],[76.9643,10.9744],[76.9625,10.9769],[76.9726,10.9796],[76.9764,10.9841],[76.9611,10.9919],[76.9561,11.0135],[76.9617,11.0199],[76.9494,11.0288],[76.9658,11.0323],[76.9912,11.0223]]]}},{"type":"Feature","bbox":[76.9774,10.9719,77.0609,11.0468],"properties":{"kind":"ac","ac":121,"name":"Singanallur","pc":"Coimbatore","mla":"K. S. Sri Giri Prasath","mla_party":"TVK","mp":"Ganapathi P. Raj Kumar","mp_party":"DMK"},"geometry":{"type":"Polygon","coordinates":[[[77.0297,11.0468],[77.035,11.0266],[77.0511,11.0263],[77.0609,11.0015],[77.0588,10.9964],[77.0537,10.9884],[77.0449,10.9854],[77.0138,10.9819],[76.9986,10.9741],[76.982,10.9719],[76.9774,10.9756],[76.9783,10.9786],[76.9906,10.9793],[76.9937,10.987],[76.9867,10.9894],[76.9863,10.9955],[76.9927,10.9955],[76.9944,10.9901],[77.0045,10.9958],[76.9905,11.0189],[76.9905,11.0286],[76.9969,11.0349],[76.9947,11.0413],[76.9985,11.043],[77.0018,11.0388],[77.0093,11.0386],[77.0082,11.0457],[77.0297,11.0468]]]}},{"type":"Feature","bbox":[76.8125,10.7706,77.0692,10.9845],"properties":{"kind":"ac","ac":122,"name":"Kinathukadavu","pc":"Pollachi","mla":"K. Vignesh","mla_party":"TVK","mp":"Eswarasamy","mp_party":"DMK"},"geometry":{"type":"Polygon","coordinates":[[[77.0369,10.9845],[77.0469,10.9524],[77.0521,10.9543],[77.0609,10.9466],[77.0692,10.9285],[77.06,10.9022],[77.0531,10.9002],[77.0557,10.8931],[77.0481,10.8914],[77.0319,10.8617],[77.0258,10.8589],[77.0302,10.8495],[77.0284,10.8429],[77.034,10.8216],[77.0324,10.8144],[77.0398,10.8105],[77.0433,10.7972],[77.0379,10.7888],[77.0298,10.7878],[77.0257,10.7919],[77.0238,10.7864],[77.0165,10.7907],[76.9975,10.7916],[76.9844,10.7871],[76.9658,10.7728],[76.9569,10.7713],[76.9465,10.7817],[76.9441,10.79],[76.9147,10.7778],[76.9101,10.7706],[76.9042,10.7725],[76.9072,10.7792],[76.9001,10.8086],[76.8716,10.8086],[76.8617,10.8189],[76.8475,10.8197],[76.8448,10.8268],[76.8528,10.8342],[76.8507,10.8447],[76.8332,10.8599],[76.8281,10.873],[76.8125,10.8769],[76.8149,10.8826],[76.8306,10.8852],[76.8326,10.8882],[76.8362,10.9146],[76.8477,10.9126],[76.8476,10.916],[76.8509,10.915],[76.8503,10.9214],[76.8606,10.9299],[76.8591,10.9408],[76.854,10.9436],[76.8501,10.9731],[76.8664,10.9781],[76.8825,10.9737],[76.8942,10.9768],[76.9146,10.9721],[76.9181,10.9627],[76.9143,10.9522],[76.9174,10.9374],[76.9111,10.9266],[76.9174,10.9261],[76.9204,10.918],[76.9256,10.9336],[76.9412,10.9337],[76.9573,10.9286],[76.965,10.9357],[76.9648,10.959],[76.9592,10.9691],[76.9631,10.9754],[76.9801,10.9712],[76.9986,10.9741],[77.0136,10.9818],[77.0369,10.9845]]]}},{"type":"Feature","bbox":[76.8662,10.6381,77.1702,10.8896],"properties":{"kind":"ac","ac":123,"name":"Pollachi","pc":"Pollachi","mla":"K. Nithyanandhan","mla_party":"DMK","mp":"Eswarasamy","mp_party":"DMK"},"geometry":{"type":"Polygon","coordinates":[[[77.1134,10.8866],[77.1201,10.8872],[77.1226,10.8741],[77.1295,10.8674],[77.1467,10.865],[77.1487,10.8498],[77.1576,10.848],[77.1576,10.8367],[77.1635,10.8319],[77.1632,10.8255],[77.1702,10.8109],[77.1672,10.807],[77.1678,10.7999],[77.1574,10.7945],[77.1589,10.7789],[77.1525,10.7794],[77.1554,10.7723],[77.1521,10.7718],[77.152,10.7651],[77.1425,10.7679],[77.1364,10.7546],[77.1321,10.7535],[77.1388,10.7314],[77.1194,10.7276],[77.0999,10.7264],[77.0881,10.7298],[77.0784,10.7268],[77.0711,10.7129],[77.0766,10.6871],[77.0668,10.6863],[77.0719,10.6809],[77.0749,10.6655],[77.068,10.6631],[77.0559,10.6467],[77.0522,10.6539],[77.0465,10.6568],[77.0473,10.6603],[77.0256,10.6575],[77.0214,10.6404],[77.0092,10.6472],[77.0008,10.6457],[76.9924,10.6505],[76.9867,10.6468],[76.9897,10.6547],[76.9889,10.6694],[76.9924,10.6717],[76.9824,10.6748],[76.9851,10.6691],[76.9819,10.6678],[76.975,10.6692],[76.9724,10.6735],[76.9667,10.671],[76.963,10.6757],[76.9615,10.6664],[76.9667,10.6558],[76.963,10.6493],[76.9566,10.648],[76.9554,10.6436],[76.9601,10.6443],[76.9573,10.6397],[76.9461,10.6381],[76.9427,10.6424],[76.9344,10.6436],[76.9253,10.6563],[76.8915,10.6555],[76.8785,10.6717],[76.8778,10.6768],[76.8683,10.6785],[76.8662,10.6855],[76.8714,10.6928],[76.8679,10.6954],[76.8825,10.7175],[76.8905,10.7172],[76.8933,10.7219],[76.8886,10.7287],[76.8888,10.7344],[76.8959,10.7449],[76.8961,10.7526],[76.9046,10.7626],[76.9024,10.7719],[76.9113,10.7707],[76.9147,10.7778],[76.9441,10.79],[76.9465,10.7817],[76.9569,10.7713],[76.9658,10.7728],[76.9844,10.7871],[76.9975,10.7916],[77.0165,10.7907],[77.0238,10.7864],[77.0257,10.7919],[77.0298,10.7878],[77.0377,10.7887],[77.0433,10.7972],[77.0398,10.8105],[77.0324,10.8144],[77.034,10.8216],[77.0284,10.8429],[77.0302,10.8495],[77.0258,10.8589],[77.0319,10.8617],[77.0356,10.8726],[77.0399,10.877],[77.0533,10.88],[77.0686,10.8797],[77.0708,10.8756],[77.082,10.8859],[77.101,10.8827],[77.1108,10.8896],[77.1134,10.8866]]]}},{"type":"Feature","bbox":[76.8105,10.2204,77.0931,10.6717],"properties":{"kind":"ac","ac":124,"name":"Valparai","pc":"Pollachi","mla":"A. Sudhakar","mla_party":"DMK","mp":"Eswarasamy","mp_party":"DMK"},"geometry":{"type":"Polygon","coordinates":[[[76.8912,10.6557],[76.9247,10.6565],[76.9344,10.6436],[76.9427,10.6424],[76.9457,10.6382],[76.9553,10.6386],[76.959,10.6423],[76.9718,10.6343],[76.9676,10.6288],[76.9703,10.621],[76.9774,10.6201],[76.9904,10.6251],[76.9882,10.6189],[76.9952,10.6066],[76.9933,10.5871],[77.0011,10.5842],[77.0018,10.5793],[77.0174,10.5798],[77.0212,10.585],[77.0228,10.5813],[77.0309,10.5815],[77.0367,10.5956],[77.0428,10.5891],[77.0645,10.5872],[77.0656,10.5758],[77.0677,10.5756],[77.0734,10.5798],[77.0725,10.5888],[77.0762,10.599],[77.0845,10.596],[77.0894,10.5842],[77.0869,10.5848],[77.0879,10.5772],[77.0807,10.5666],[77.0844,10.5628],[77.0767,10.56],[77.0738,10.5412],[77.0766,10.5293],[77.0739,10.5149],[77.0785,10.5136],[77.0791,10.5039],[77.0606,10.4746],[77.0675,10.4657],[77.0746,10.4621],[77.0417,10.4236],[77.0518,10.4078],[77.0701,10.3944],[77.0883,10.3722],[77.0918,10.3613],[77.089,10.3603],[77.0902,10.3507],[77.0804,10.3354],[77.0858,10.3271],[77.0837,10.3219],[77.0895,10.3239],[77.0931,10.3115],[77.0912,10.3141],[77.0788,10.3028],[77.0662,10.2977],[77.0565,10.2869],[77.0435,10.2837],[77.0528,10.2725],[77.0507,10.2621],[77.0404,10.2527],[77.0309,10.2522],[77.0151,10.2449],[76.9826,10.2204],[76.9687,10.2311],[76.959,10.2344],[76.9507,10.2328],[76.9477,10.2371],[76.9395,10.2392],[76.9217,10.2325],[76.9117,10.2356],[76.9084,10.2411],[76.9031,10.2406],[76.9056,10.2482],[76.9013,10.2513],[76.8975,10.2626],[76.8914,10.2632],[76.8733,10.2767],[76.8732,10.2985],[76.8627,10.2923],[76.855,10.2931],[76.8513,10.2905],[76.8522,10.2855],[76.8486,10.2854],[76.8421,10.2909],[76.8446,10.2952],[76.8408,10.2999],[76.83,10.3039],[76.8287,10.3081],[76.8377,10.3373],[76.8361,10.3462],[76.8463,10.3579],[76.8451,10.3637],[76.8487,10.3686],[76.844,10.3779],[76.8343,10.3835],[76.8237,10.3954],[76.8338,10.4036],[76.8335,10.4081],[76.8303,10.4117],[76.8245,10.4103],[76.823,10.4176],[76.8162,10.4237],[76.8283,10.4508],[76.8304,10.4985],[76.8431,10.5374],[76.8353,10.5458],[76.8357,10.558],[76.8397,10.5649],[76.8341,10.5747],[76.838,10.5821],[76.8388,10.5971],[76.8327,10.6],[76.8261,10.5967],[76.8174,10.6038],[76.8168,10.6173],[76.8105,10.6243],[76.815,10.6297],[76.8143,10.6358],[76.8215,10.6346],[76.8301,10.6379],[76.8595,10.6323],[76.8826,10.6395],[76.8843,10.6484],[76.8785,10.6717],[76.8912,10.6557]]]}},{"type":"Feature","bbox":[76.9552,10.531,77.3198,10.8041],"properties":{"kind":"ac","ac":125,"name":"Udumalaipettai","pc":"Pollachi","mla":"M. Jayakumar","mla_party":"DMK","mp":"Eswarasamy","mp_party":"DMK"},"geometry":{"type":"Polygon","coordinates":[[[77.1889,10.802],[77.2139,10.8041],[77.2078,10.7903],[77.2329,10.7759],[77.2798,10.789],[77.2982,10.777],[77.3006,10.7515],[77.3139,10.7503],[77.3198,10.6898],[77.3081,10.6728],[77.3036,10.6583],[77.3101,10.6381],[77.3087,10.6141],[77.2872,10.611],[77.2866,10.5902],[77.2769,10.5879],[77.274,10.5732],[77.257,10.5718],[77.2556,10.558],[77.2589,10.543],[77.252,10.531],[77.2443,10.5363],[77.245,10.5398],[77.2375,10.5487],[77.2327,10.564],[77.2364,10.5739],[77.2354,10.5807],[77.2242,10.5771],[77.2217,10.5802],[77.222,10.5935],[77.2259,10.6014],[77.2223,10.6098],[77.2271,10.6137],[77.2234,10.6221],[77.2264,10.6358],[77.21,10.6351],[77.2055,10.6383],[77.1992,10.6355],[77.1797,10.6419],[77.1666,10.5928],[77.1641,10.5873],[77.1591,10.587],[77.1562,10.5825],[77.1014,10.5864],[77.0929,10.5832],[77.0894,10.5842],[77.0845,10.596],[77.0769,10.599],[77.0725,10.5888],[77.0734,10.5798],[77.0676,10.5755],[77.0645,10.5872],[77.0428,10.5891],[77.0368,10.5955],[77.0309,10.5815],[77.0228,10.5813],[77.0212,10.585],[77.0174,10.5798],[77.0018,10.5793],[77.0011,10.5842],[76.9936,10.5866],[76.9952,10.6066],[76.9882,10.6189],[76.9904,10.6251],[76.9774,10.6201],[76.9703,10.621],[76.9676,10.6288],[76.9718,10.6343],[76.9619,10.6389],[76.9598,10.6448],[76.9552,10.6438],[76.9668,10.6563],[76.9615,10.6664],[76.9614,10.6749],[76.9678,10.6707],[76.9727,10.6735],[76.975,10.6692],[76.9819,10.6678],[76.9851,10.6691],[76.9824,10.6748],[76.9924,10.6717],[76.9889,10.6694],[76.9897,10.6547],[76.9867,10.6468],[76.9924,10.6505],[77.0008,10.6457],[77.0092,10.6472],[77.0214,10.6404],[77.0256,10.6575],[77.0473,10.6603],[77.0465,10.6568],[77.0522,10.6539],[77.0559,10.6467],[77.068,10.6631],[77.0749,10.6655],[77.0719,10.6809],[77.0668,10.6863],[77.0766,10.6871],[77.0711,10.7129],[77.0784,10.7268],[77.0881,10.7298],[77.0999,10.7264],[77.1194,10.7276],[77.1388,10.7314],[77.1321,10.7535],[77.1364,10.7546],[77.1425,10.7679],[77.152,10.7651],[77.1521,10.7718],[77.1554,10.7723],[77.1525,10.7794],[77.1589,10.7789],[77.1574,10.7945],[77.1678,10.7999],[77.1827,10.7982],[77.1889,10.802]]]}},{"type":"Feature","bbox":[77.0417,10.2302,77.4176,10.6929],"properties":{"kind":"ac","ac":126,"name":"Madathukulam","pc":"Pollachi","mla":"R. Jayaramakrishnan","mla_party":"DMK","mp":"Eswarasamy","mp_party":"DMK"},"geometry":{"type":"Polygon","coordinates":[[[77.3198,10.6898],[77.3205,10.6867],[77.3527,10.6929],[77.3616,10.6758],[77.3652,10.6528],[77.398,10.6544],[77.4005,10.6425],[77.4176,10.6262],[77.4124,10.6173],[77.4095,10.6188],[77.4015,10.6136],[77.3944,10.6053],[77.3961,10.5981],[77.3877,10.5962],[77.3783,10.5632],[77.3681,10.5472],[77.373,10.5299],[77.378,10.5291],[77.3782,10.5259],[77.4052,10.5236],[77.4046,10.5091],[77.4028,10.4983],[77.3959,10.4995],[77.3924,10.4947],[77.3868,10.4957],[77.3779,10.4919],[77.3767,10.4853],[77.3795,10.4848],[77.3841,10.4725],[77.3851,10.4491],[77.3558,10.4453],[77.3443,10.4483],[77.3445,10.4543],[77.3329,10.4557],[77.3229,10.449],[77.3271,10.4358],[77.3205,10.4345],[77.3231,10.4236],[77.3192,10.4177],[77.3133,10.3718],[77.3156,10.3549],[77.3365,10.3551],[77.3299,10.3412],[77.3298,10.3349],[77.3348,10.3323],[77.3263,10.3215],[77.331,10.3148],[77.3298,10.3099],[77.3417,10.3013],[77.3419,10.2952],[77.3479,10.2897],[77.351,10.2761],[77.3484,10.2636],[77.3425,10.2625],[77.3259,10.2708],[77.3249,10.2652],[77.3107,10.2461],[77.3036,10.2458],[77.2962,10.2525],[77.2881,10.2317],[77.2811,10.2361],[77.2694,10.2371],[77.2593,10.2302],[77.2569,10.2592],[77.2629,10.2639],[77.2395,10.2948],[77.2352,10.308],[77.2313,10.3086],[77.2278,10.3164],[77.2291,10.3306],[77.2363,10.3397],[77.2358,10.3522],[77.2092,10.353],[77.2017,10.3576],[77.1964,10.3545],[77.1765,10.3581],[77.1516,10.3373],[77.1287,10.326],[77.1205,10.3181],[77.1016,10.3156],[77.095,10.3092],[77.0895,10.3239],[77.0837,10.3219],[77.0858,10.3271],[77.0804,10.3354],[77.0902,10.3507],[77.089,10.3603],[77.0918,10.3613],[77.0883,10.3722],[77.0701,10.3944],[77.0518,10.4078],[77.0417,10.4236],[77.0746,10.4621],[77.0675,10.4657],[77.0606,10.4746],[77.0791,10.5039],[77.0785,10.5136],[77.0739,10.5149],[77.0766,10.5293],[77.0738,10.5412],[77.0767,10.56],[77.0844,10.5628],[77.0807,10.5666],[77.0879,10.5772],[77.0869,10.5848],[77.0929,10.5832],[77.1014,10.5864],[77.1562,10.5825],[77.1591,10.587],[77.1641,10.5873],[77.1666,10.5928],[77.1797,10.6419],[77.1992,10.6355],[77.2055,10.6383],[77.21,10.6351],[77.2264,10.6358],[77.2234,10.6221],[77.2271,10.6137],[77.2223,10.6098],[77.2259,10.6014],[77.222,10.5935],[77.2217,10.5802],[77.2242,10.5771],[77.2354,10.5807],[77.2364,10.5739],[77.2327,10.564],[77.2375,10.5487],[77.245,10.5398],[77.2443,10.5363],[77.252,10.531],[77.2589,10.543],[77.2556,10.558],[77.257,10.5718],[77.274,10.5732],[77.2769,10.5879],[77.2866,10.5902],[77.2872,10.611],[77.3087,10.6141],[77.3101,10.6381],[77.3036,10.6583],[77.3081,10.6728],[77.3198,10.6898]]]}},{"type":"Feature","bbox":[77.2665,10.1179,77.7347,10.5239],"properties":{"kind":"ac","ac":127,"name":"Palani","pc":"Dindigul","mla":"K. Ravimanoharan","mla_party":"AIADMK","mp":"R. Sachidanandam","mp_party":"CPI(M)"},"geometry":{"type":"Polygon","coordinates":[[[77.4053,10.5235],[77.4644,10.5218],[77.4641,10.5169],[77.4702,10.5205],[77.4703,10.5084],[77.4739,10.5057],[77.4803,10.5053],[77.4803,10.522],[77.4938,10.5234],[77.4975,10.5165],[77.5046,10.516],[77.5263,10.5184],[77.5299,10.5225],[77.5439,10.522],[77.5424,10.5173],[77.5691,10.5204],[77.5728,10.5239],[77.5822,10.5232],[77.5859,10.5172],[77.5991,10.5168],[77.6051,10.5103],[77.6021,10.4804],[77.6053,10.4543],[77.6038,10.4414],[77.6103,10.4175],[77.6182,10.416],[77.6361,10.4242],[77.6663,10.4311],[77.6747,10.424],[77.674,10.4175],[77.6675,10.4104],[77.6686,10.4076],[77.6791,10.4045],[77.6813,10.4027],[77.6777,10.3974],[77.688,10.3922],[77.6828,10.3785],[77.6953,10.3675],[77.7044,10.3707],[77.72,10.3613],[77.7174,10.3482],[77.7347,10.3324],[77.7322,10.3104],[77.7239,10.3014],[77.7171,10.3034],[77.7128,10.2939],[77.7051,10.2901],[77.7013,10.2794],[77.6771,10.2796],[77.6728,10.278],[77.6727,10.2659],[77.6581,10.268],[77.6574,10.2644],[77.6883,10.2514],[77.6917,10.2454],[77.702,10.2459],[77.706,10.2432],[77.7079,10.23],[77.7,10.2236],[77.703,10.2091],[77.6966,10.2064],[77.6964,10.1993],[77.6931,10.197],[77.6814,10.2016],[77.6634,10.1891],[77.6619,10.1932],[77.66,10.1912],[77.6528,10.1948],[77.6537,10.1986],[77.6496,10.1988],[77.6452,10.2046],[77.632,10.2064],[77.6239,10.213],[77.6221,10.2188],[77.6152,10.2125],[77.6089,10.2128],[77.6037,10.206],[77.6003,10.206],[77.6008,10.2084],[77.5957,10.2059],[77.5961,10.2023],[77.6029,10.2001],[77.5983,10.1944],[77.5918,10.1914],[77.589,10.1969],[77.5697,10.1814],[77.5673,10.1827],[77.5668,10.1955],[77.5556,10.2022],[77.5497,10.2],[77.5481,10.2041],[77.5463,10.1988],[77.5512,10.1919],[77.5444,10.1926],[77.5431,10.188],[77.5472,10.1862],[77.5462,10.1829],[77.5437,10.1818],[77.538,10.1878],[77.5367,10.1797],[77.5231,10.1762],[77.5275,10.174],[77.5117,10.161],[77.4999,10.1611],[77.4877,10.1478],[77.4826,10.154],[77.4806,10.1471],[77.4758,10.1478],[77.472,10.1458],[77.4723,10.1427],[77.468,10.1423],[77.4656,10.1289],[77.4521,10.1362],[77.4447,10.1364],[77.4381,10.1325],[77.4275,10.1362],[77.4114,10.1451],[77.4087,10.1585],[77.3954,10.1629],[77.3846,10.1468],[77.372,10.1394],[77.3603,10.1511],[77.3414,10.1361],[77.3292,10.1428],[77.3237,10.1277],[77.313,10.1355],[77.3024,10.1361],[77.2927,10.1312],[77.2895,10.1251],[77.2841,10.1255],[77.283,10.1179],[77.2665,10.1194],[77.2671,10.1257],[77.275,10.1321],[77.2744,10.1402],[77.2714,10.142],[77.2752,10.185],[77.2793,10.1954],[77.2841,10.1985],[77.2858,10.2042],[77.2831,10.2078],[77.295,10.2177],[77.2881,10.2317],[77.2962,10.2525],[77.3036,10.2458],[77.3107,10.2461],[77.3249,10.2652],[77.3249,10.2703],[77.3282,10.2712],[77.3425,10.2625],[77.3484,10.2636],[77.351,10.2742],[77.3479,10.2897],[77.3419,10.2952],[77.3417,10.3013],[77.3298,10.3099],[77.331,10.3148],[77.3263,10.3215],[77.3348,10.3323],[77.3298,10.3349],[77.3299,10.3412],[77.3365,10.3551],[77.3156,10.3549],[77.3133,10.3718],[77.3192,10.4177],[77.3231,10.4236],[77.3205,10.4345],[77.3271,10.4358],[77.3229,10.449],[77.3329,10.4557],[77.3445,10.4543],[77.3443,10.4483],[77.3558,10.4453],[77.3851,10.4491],[77.3841,10.4725],[77.3795,10.4848],[77.3767,10.4853],[77.3776,10.4909],[77.3856,10.4954],[77.3924,10.4947],[77.3959,10.4995],[77.4028,10.4983],[77.4053,10.5235]]]}},{"type":"Feature","bbox":[77.3684,10.3667,77.925,10.7345],"properties":{"kind":"ac","ac":128,"name":"Oddanchatram","pc":"Dindigul","mla":"R. Sakkarapani","mla_party":"DMK","mp":"R. Sachidanandam","mp_party":"CPI(M)"},"geometry":{"type":"Polygon","coordinates":[[[77.7906,10.6851],[77.8134,10.6775],[77.8177,10.6802],[77.8126,10.6488],[77.8291,10.6335],[77.8352,10.633],[77.8473,10.6389],[77.8474,10.6367],[77.8636,10.6352],[77.8841,10.6284],[77.8692,10.6001],[77.8721,10.5905],[77.8651,10.5798],[77.895,10.5697],[77.9148,10.5667],[77.9192,10.5566],[77.9145,10.5446],[77.925,10.5293],[77.9197,10.5277],[77.8986,10.5331],[77.8964,10.5275],[77.8927,10.5288],[77.8888,10.519],[77.8722,10.5261],[77.8566,10.5252],[77.8525,10.5161],[77.8472,10.5188],[77.8455,10.4928],[77.8396,10.4799],[77.8254,10.4844],[77.8235,10.4901],[77.8168,10.4912],[77.8151,10.4983],[77.8104,10.5006],[77.7971,10.4973],[77.7846,10.4859],[77.7847,10.4711],[77.7805,10.4629],[77.7494,10.4391],[77.7218,10.4078],[77.731,10.3953],[77.7189,10.3708],[77.7143,10.3721],[77.7113,10.3667],[77.7044,10.3707],[77.6953,10.3675],[77.6828,10.3785],[77.688,10.3922],[77.6777,10.3974],[77.6813,10.4027],[77.6791,10.4045],[77.6686,10.4076],[77.6675,10.4104],[77.674,10.4175],[77.6747,10.424],[77.6663,10.4311],[77.6361,10.4242],[77.6182,10.416],[77.6103,10.4175],[77.6038,10.4414],[77.6053,10.4543],[77.6021,10.4804],[77.6053,10.5096],[77.5991,10.5168],[77.5859,10.5172],[77.5822,10.5232],[77.5728,10.5239],[77.5691,10.5204],[77.5424,10.5173],[77.5439,10.522],[77.5299,10.5225],[77.5263,10.5184],[77.5046,10.516],[77.4975,10.5165],[77.4938,10.5234],[77.4875,10.5231],[77.4803,10.522],[77.4803,10.5053],[77.4739,10.5057],[77.4703,10.5084],[77.4702,10.5205],[77.4641,10.5169],[77.4644,10.5218],[77.3782,10.5259],[77.3697,10.5374],[77.3684,10.5503],[77.3783,10.5632],[77.3802,10.5758],[77.3852,10.5826],[77.3845,10.5908],[77.3876,10.591],[77.3893,10.5973],[77.3961,10.5981],[77.3944,10.6053],[77.4015,10.6136],[77.4095,10.6188],[77.4124,10.6173],[77.4176,10.6258],[77.4277,10.6275],[77.4321,10.6317],[77.4462,10.6302],[77.4536,10.6403],[77.4658,10.645],[77.4748,10.6432],[77.4827,10.65],[77.485,10.6467],[77.5045,10.6426],[77.5066,10.6276],[77.5101,10.6268],[77.5161,10.6139],[77.5077,10.6138],[77.5082,10.6071],[77.5161,10.6059],[77.5287,10.6093],[77.5321,10.6069],[77.5428,10.6101],[77.5485,10.6385],[77.5708,10.6573],[77.5742,10.6626],[77.5728,10.6654],[77.5817,10.677],[77.5801,10.6792],[77.5857,10.6835],[77.5966,10.6762],[77.6373,10.6689],[77.6555,10.6732],[77.6649,10.7161],[77.69,10.7317],[77.6888,10.7345],[77.7017,10.7335],[77.7047,10.7237],[77.7092,10.6861],[77.7028,10.6769],[77.6992,10.662],[77.7101,10.6501],[77.7136,10.6415],[77.7227,10.641],[77.7201,10.6313],[77.7306,10.6305],[77.7334,10.6344],[77.7442,10.6373],[77.7548,10.6521],[77.7532,10.6679],[77.7562,10.6723],[77.7659,10.6751],[77.7668,10.6796],[77.7906,10.6851]]]}},{"type":"Feature","bbox":[77.6574,10.2009,77.9892,10.5271],"properties":{"kind":"ac","ac":129,"name":"Athoor","pc":"Dindigul","mla":"I. Periyasamy","mla_party":"DMK","mp":"R. Sachidanandam","mp_party":"CPI(M)"},"geometry":{"type":"Polygon","coordinates":[[[77.8919,10.5234],[77.906,10.5083],[77.908,10.5117],[77.9131,10.509],[77.9114,10.5022],[77.9235,10.5076],[77.9409,10.5086],[77.947,10.5074],[77.9565,10.4984],[77.9754,10.493],[77.9804,10.4854],[77.9785,10.4638],[77.9885,10.4591],[77.9838,10.441],[77.9892,10.4315],[77.9868,10.4228],[77.9758,10.424],[77.9634,10.4329],[77.96,10.4229],[77.9546,10.4222],[77.9577,10.4018],[77.9437,10.4016],[77.9434,10.3971],[77.9348,10.3919],[77.9356,10.3732],[77.9326,10.3635],[77.9343,10.3586],[77.9413,10.3554],[77.9405,10.3304],[77.9491,10.3242],[77.9457,10.316],[77.948,10.3107],[77.9455,10.3063],[77.9378,10.3052],[77.935,10.2917],[77.953,10.282],[77.9437,10.2643],[77.9372,10.2604],[77.9378,10.2533],[77.9263,10.2516],[77.9191,10.2416],[77.8943,10.2548],[77.8985,10.2648],[77.8976,10.2741],[77.8873,10.2752],[77.8874,10.2791],[77.8811,10.2774],[77.8829,10.2804],[77.8806,10.2824],[77.8707,10.2831],[77.8678,10.2806],[77.868,10.2637],[77.8525,10.2356],[77.849,10.2339],[77.8432,10.2364],[77.8445,10.2414],[77.8393,10.2446],[77.8263,10.2406],[77.8071,10.2498],[77.8073,10.2291],[77.8152,10.2282],[77.8066,10.2035],[77.7889,10.2009],[77.7607,10.2157],[77.7495,10.2019],[77.7455,10.2011],[77.7369,10.2128],[77.7176,10.2279],[77.7079,10.23],[77.706,10.2432],[77.702,10.2459],[77.6917,10.2454],[77.6883,10.2514],[77.6574,10.2644],[77.6581,10.268],[77.6727,10.2659],[77.6728,10.278],[77.6771,10.2796],[77.7013,10.2794],[77.7051,10.2901],[77.7128,10.2939],[77.7171,10.3034],[77.7239,10.3014],[77.7322,10.3104],[77.7347,10.3324],[77.7192,10.3453],[77.72,10.3613],[77.7113,10.3667],[77.7143,10.3721],[77.7189,10.3708],[77.731,10.3953],[77.7218,10.4078],[77.7494,10.4391],[77.7805,10.4629],[77.7847,10.4711],[77.7846,10.4859],[77.7971,10.4973],[77.8104,10.5006],[77.8151,10.4983],[77.8168,10.4912],[77.8235,10.4901],[77.8254,10.4844],[77.8396,10.4799],[77.8455,10.4928],[77.8472,10.5188],[77.8525,10.5161],[77.8566,10.5252],[77.8608,10.5271],[77.879,10.524],[77.8845,10.5194],[77.8888,10.519],[77.8919,10.5234]]]}},{"type":"Feature","bbox":[77.6686,10.0181,77.9541,10.2842],"properties":{"kind":"ac","ac":130,"name":"Nilakkottai","pc":"Dindigul","mla":"R. Ayyanar","mla_party":"TVK","mp":"R. Sachidanandam","mp_party":"CPI(M)"},"geometry":{"type":"Polygon","coordinates":[[[77.9179,10.242],[77.915,10.2344],[77.919,10.2339],[77.9185,10.2305],[77.9152,10.2296],[77.9154,10.2246],[77.9222,10.2146],[77.9211,10.2121],[77.9334,10.2039],[77.9305,10.193],[77.9383,10.1917],[77.9355,10.1843],[77.9382,10.171],[77.9366,10.1498],[77.9406,10.1467],[77.9463,10.1593],[77.9487,10.1454],[77.9541,10.1388],[77.9518,10.1405],[77.9466,10.135],[77.9541,10.1337],[77.9535,10.13],[77.9497,10.1289],[77.9409,10.111],[77.936,10.1083],[77.937,10.0969],[77.9437,10.0959],[77.9467,10.0919],[77.9187,10.0845],[77.9213,10.0784],[77.9192,10.0757],[77.9103,10.0771],[77.9047,10.0706],[77.8943,10.0732],[77.8882,10.0685],[77.883,10.0688],[77.8751,10.0616],[77.8624,10.0748],[77.8478,10.0759],[77.8217,10.0673],[77.8055,10.0678],[77.7812,10.0511],[77.7633,10.056],[77.7614,10.0475],[77.7535,10.0474],[77.7328,10.0293],[77.7254,10.0268],[77.7215,10.0204],[77.7172,10.0181],[77.7103,10.0204],[77.7116,10.0341],[77.7062,10.0383],[77.7125,10.048],[77.7076,10.0647],[77.7088,10.0803],[77.6969,10.0868],[77.7025,10.1028],[77.6941,10.1112],[77.6686,10.1225],[77.669,10.1262],[77.6754,10.1267],[77.6763,10.1447],[77.692,10.1455],[77.6972,10.1353],[77.7035,10.1342],[77.7078,10.129],[77.7156,10.1288],[77.7217,10.1341],[77.7288,10.1301],[77.7296,10.1322],[77.7242,10.1362],[77.7239,10.1463],[77.7246,10.154],[77.7273,10.154],[77.7292,10.1592],[77.7218,10.1669],[77.7122,10.1701],[77.7125,10.1748],[77.7042,10.1863],[77.7012,10.1964],[77.7047,10.1962],[77.7042,10.2007],[77.71,10.2064],[77.7065,10.2159],[77.7061,10.2127],[77.7023,10.2132],[77.7,10.2236],[77.7079,10.23],[77.7176,10.2279],[77.7369,10.2128],[77.7455,10.2011],[77.7495,10.2019],[77.7607,10.2157],[77.7889,10.2009],[77.8066,10.2035],[77.8152,10.2282],[77.8073,10.2291],[77.8071,10.2498],[77.8263,10.2406],[77.8393,10.2446],[77.8445,10.2414],[77.8432,10.2364],[77.849,10.2339],[77.8525,10.2356],[77.868,10.2637],[77.8678,10.2806],[77.8752,10.2842],[77.8829,10.2804],[77.8811,10.2774],[77.8874,10.2791],[77.8873,10.2752],[77.8976,10.2741],[77.8985,10.2648],[77.8943,10.2548],[77.9179,10.242]]]}},{"type":"Feature","bbox":[77.915,10.0664,78.3386,10.4701],"properties":{"kind":"ac","ac":131,"name":"Natham","pc":"Dindigul","mla":"Natham R. Viswanathan","mla_party":"AIADMK","mp":"R. Sachidanandam","mp_party":"CPI(M)"},"geometry":{"type":"Polygon","coordinates":[[[78.0753,10.3847],[78.0873,10.3795],[78.0953,10.3808],[78.1023,10.3781],[78.1197,10.3819],[78.1226,10.4011],[78.1323,10.4022],[78.1345,10.4053],[78.1389,10.4039],[78.1425,10.4161],[78.1499,10.4209],[78.1653,10.4144],[78.1703,10.4087],[78.1763,10.395],[78.1696,10.3823],[78.1709,10.3761],[78.1765,10.374],[78.1805,10.3863],[78.1878,10.3951],[78.1866,10.4053],[78.1989,10.4081],[78.2111,10.4225],[78.2329,10.4175],[78.235,10.4234],[78.2471,10.4281],[78.2514,10.4332],[78.2217,10.4498],[78.2235,10.4657],[78.2335,10.4701],[78.2467,10.4677],[78.2527,10.4621],[78.2761,10.4541],[78.2958,10.4502],[78.3145,10.4389],[78.3063,10.4233],[78.307,10.4116],[78.2881,10.4024],[78.2874,10.3921],[78.2814,10.3902],[78.2775,10.3829],[78.2791,10.3726],[78.2855,10.3702],[78.2912,10.3607],[78.3169,10.3487],[78.3238,10.3381],[78.3306,10.337],[78.3386,10.3257],[78.3328,10.2991],[78.3292,10.2979],[78.3383,10.2981],[78.3348,10.2936],[78.337,10.2893],[78.3296,10.2894],[78.3287,10.2846],[78.3251,10.2836],[78.3294,10.2808],[78.3278,10.2766],[78.33,10.2775],[78.327,10.2727],[78.3301,10.268],[78.3268,10.2628],[78.329,10.2539],[78.332,10.2551],[78.331,10.2473],[78.3262,10.2403],[78.3277,10.2273],[78.3197,10.215],[78.2938,10.1916],[78.2847,10.191],[78.2552,10.1662],[78.2566,10.1584],[78.2806,10.167],[78.2822,10.1574],[78.2845,10.1641],[78.2875,10.1593],[78.2866,10.1535],[78.2822,10.1517],[78.2802,10.1303],[78.2697,10.1289],[78.2732,10.1222],[78.2719,10.1165],[78.2677,10.1082],[78.2649,10.1095],[78.2606,10.1038],[78.262,10.095],[78.2577,10.0877],[78.2445,10.0845],[78.2369,10.0774],[78.2107,10.0754],[78.208,10.0664],[78.203,10.0674],[78.2008,10.074],[78.2043,10.0794],[78.1787,10.0921],[78.1713,10.0917],[78.1697,10.0967],[78.1749,10.0984],[78.1565,10.1076],[78.1652,10.1241],[78.1644,10.1414],[78.1587,10.1461],[78.151,10.1472],[78.1578,10.1495],[78.1551,10.151],[78.157,10.1569],[78.145,10.1801],[78.1204,10.1904],[78.1063,10.1852],[78.0718,10.1842],[78.0708,10.1801],[78.0293,10.1808],[78.018,10.1612],[77.999,10.1605],[77.9877,10.144],[77.9736,10.1327],[77.9657,10.1323],[77.9595,10.1398],[77.9541,10.1388],[77.9487,10.1454],[77.9463,10.1593],[77.9383,10.1464],[77.9353,10.1542],[77.9382,10.171],[77.9355,10.1843],[77.9383,10.1917],[77.9305,10.193],[77.9334,10.2039],[77.9211,10.2121],[77.9222,10.2146],[77.9154,10.2246],[77.9152,10.2296],[77.919,10.2339],[77.915,10.2344],[77.9263,10.2516],[77.9378,10.2533],[77.9372,10.2604],[77.9437,10.2643],[77.953,10.282],[77.9362,10.29],[77.9349,10.2947],[77.9384,10.306],[77.9455,10.3063],[77.948,10.3107],[77.9459,10.3171],[77.9556,10.3408],[77.9805,10.3369],[77.9865,10.344],[78.0016,10.3434],[78.013,10.3504],[78.0252,10.3485],[78.0282,10.3451],[78.0315,10.349],[78.0398,10.3475],[78.0483,10.3537],[78.0614,10.3569],[78.0639,10.3632],[78.0626,10.3735],[78.0753,10.3847]]]}},{"type":"Feature","bbox":[77.9326,10.3265,78.0753,10.4329],"properties":{"kind":"ac","ac":132,"name":"Dindigul","pc":"Dindigul","mla":"I. P. Senthilkumar","mla_party":"DMK","mp":"R. Sachidanandam","mp_party":"CPI(M)"},"geometry":{"type":"Polygon","coordinates":[[[77.9868,10.4228],[77.9863,10.4149],[77.9901,10.4129],[77.9965,10.4169],[78.0091,10.4168],[78.0128,10.4095],[78.0251,10.407],[78.0312,10.4073],[78.0352,10.4185],[78.0398,10.4213],[78.052,10.4222],[78.0569,10.4196],[78.0541,10.4],[78.0638,10.394],[78.0694,10.3862],[78.0753,10.3847],[78.0626,10.3735],[78.0635,10.3608],[78.0584,10.3548],[78.0483,10.3537],[78.0398,10.3475],[78.0315,10.349],[78.0282,10.3451],[78.0252,10.3485],[78.0122,10.3502],[78.0016,10.3434],[77.9865,10.344],[77.9805,10.3369],[77.9569,10.3423],[77.949,10.3265],[77.9433,10.3272],[77.9401,10.3319],[77.941,10.3563],[77.9343,10.3586],[77.9326,10.3635],[77.9356,10.3732],[77.9353,10.3935],[77.9434,10.3971],[77.9439,10.4017],[77.9577,10.4018],[77.9546,10.4222],[77.96,10.4229],[77.9634,10.4329],[77.9758,10.424],[77.9868,10.4228]]]}},{"type":"Feature","bbox":[77.8651,10.374,78.2514,10.8354],"properties":{"kind":"ac","ac":133,"name":"Vedasandur","pc":"Karur","mla":"T. Saminathan","mla_party":"DMK","mp":"Jothimani","mp_party":"INC"},"geometry":{"type":"Polygon","coordinates":[[[77.9321,10.7515],[77.9396,10.768],[77.9833,10.7596],[77.995,10.7619],[77.9985,10.7743],[78.0249,10.7734],[78.0223,10.7777],[78.0268,10.776],[78.028,10.7821],[78.0333,10.7812],[78.033,10.7753],[78.0401,10.7754],[78.0434,10.779],[78.0481,10.7781],[78.0475,10.7743],[78.0531,10.7753],[78.057,10.7724],[78.0547,10.7656],[78.0568,10.7638],[78.0611,10.7677],[78.0662,10.7669],[78.0702,10.7769],[78.0981,10.7672],[78.1004,10.7796],[78.0971,10.7809],[78.0964,10.7897],[78.1052,10.8056],[78.1319,10.8027],[78.1487,10.8047],[78.1521,10.8264],[78.158,10.8275],[78.1586,10.8335],[78.1732,10.8323],[78.1757,10.8354],[78.1755,10.8267],[78.1793,10.8226],[78.1823,10.8256],[78.1806,10.8323],[78.1864,10.833],[78.1861,10.8261],[78.1806,10.8207],[78.1858,10.8194],[78.1704,10.7994],[78.1679,10.7746],[78.1523,10.7411],[78.1556,10.7291],[78.1538,10.7076],[78.1472,10.6918],[78.1456,10.6772],[78.1453,10.6497],[78.1632,10.6495],[78.1596,10.6413],[78.1665,10.6133],[78.1394,10.6013],[78.1351,10.5939],[78.133,10.5751],[78.1396,10.5638],[78.161,10.5623],[78.1706,10.5542],[78.1802,10.5593],[78.1881,10.5587],[78.1914,10.5523],[78.2001,10.5467],[78.1899,10.539],[78.1845,10.5218],[78.1767,10.5172],[78.1734,10.5033],[78.1912,10.5004],[78.202,10.4862],[78.1998,10.4823],[78.2064,10.474],[78.2137,10.4736],[78.2178,10.4667],[78.2235,10.4657],[78.2217,10.4498],[78.2514,10.4332],[78.2471,10.4281],[78.235,10.4234],[78.2329,10.4175],[78.2111,10.4225],[78.1989,10.4081],[78.1866,10.4053],[78.1878,10.3951],[78.1805,10.3863],[78.1765,10.374],[78.1709,10.3761],[78.1696,10.3823],[78.1763,10.395],[78.1703,10.4087],[78.1653,10.4144],[78.1499,10.4209],[78.1425,10.4161],[78.1389,10.4039],[78.1345,10.4053],[78.1323,10.4022],[78.1226,10.4011],[78.1197,10.3819],[78.1023,10.3781],[78.0953,10.3808],[78.0873,10.3795],[78.0694,10.3862],[78.0638,10.394],[78.0541,10.4],[78.0569,10.4196],[78.052,10.4222],[78.0468,10.4235],[78.0352,10.4185],[78.0312,10.4073],[78.0128,10.4095],[78.0091,10.4168],[77.9943,10.4164],[77.9931,10.4127],[77.9863,10.4149],[77.9892,10.4315],[77.9838,10.441],[77.9885,10.4591],[77.9785,10.4638],[77.9804,10.4854],[77.9754,10.493],[77.9565,10.4984],[77.947,10.5074],[77.9409,10.5086],[77.9235,10.5076],[77.9114,10.5022],[77.9131,10.509],[77.908,10.5117],[77.906,10.5083],[77.8919,10.5234],[77.8927,10.5288],[77.8964,10.5275],[77.8986,10.5331],[77.9197,10.5277],[77.925,10.5293],[77.9145,10.5446],[77.9187,10.562],[77.9148,10.5667],[77.895,10.5697],[77.8651,10.5798],[77.8721,10.5905],[77.8692,10.6001],[77.8841,10.6284],[77.8722,10.6321],[77.8809,10.6494],[77.896,10.6455],[77.897,10.6493],[77.9031,10.6482],[77.903,10.6523],[77.9089,10.6571],[77.9136,10.6483],[77.9325,10.647],[77.9389,10.6426],[77.95,10.6435],[77.9517,10.6396],[77.9785,10.6393],[77.9794,10.6444],[77.9731,10.6565],[77.9702,10.6729],[77.9786,10.6748],[77.9925,10.6714],[77.9957,10.6748],[78.0053,10.6757],[78.0092,10.7113],[78.0152,10.7199],[78.0092,10.7232],[78.0115,10.7305],[77.9988,10.7293],[77.9965,10.7432],[77.9525,10.7433],[77.9312,10.7365],[77.9321,10.7515]]]}},{"type":"Feature","bbox":[77.7501,10.6314,78.0605,11.0965],"properties":{"kind":"ac","ac":134,"name":"Aravakurichi","pc":"Karur","mla":"R. Elango","mla_party":"DMK","mp":"Jothimani","mp_party":"INC"},"geometry":{"type":"Polygon","coordinates":[[[78.0211,11.0934],[78.0529,11.0737],[78.0605,11.0763],[78.0597,11.0545],[78.0434,11.0417],[78.0375,11.0285],[78.0158,11.0284],[78.0163,11.0186],[78.0131,11.0141],[78.0147,11.0039],[78.0088,10.9648],[78.0157,10.9533],[78.022,10.9528],[78.026,10.9488],[78.0244,10.938],[78.0139,10.9402],[78.004,10.9362],[78.0039,10.9298],[77.9984,10.9266],[77.9884,10.9108],[77.9892,10.9034],[77.9923,10.9018],[77.9903,10.8819],[78.0008,10.8755],[78.0057,10.8545],[78.0271,10.8538],[78.0214,10.84],[78.0152,10.8397],[78.0131,10.8359],[78.0172,10.8348],[78.02,10.8288],[78.0284,10.829],[78.0386,10.8225],[78.0423,10.8007],[78.0483,10.804],[78.0536,10.7991],[78.0513,10.787],[78.0564,10.7783],[78.055,10.7724],[78.0528,10.7754],[78.0475,10.7743],[78.0481,10.7781],[78.0434,10.779],[78.0401,10.7754],[78.033,10.7753],[78.0333,10.7812],[78.028,10.7821],[78.0268,10.776],[78.0223,10.7777],[78.0249,10.7734],[77.9985,10.7743],[77.995,10.7619],[77.9833,10.7596],[77.9396,10.768],[77.9313,10.7493],[77.9312,10.7365],[77.9525,10.7433],[77.9973,10.7431],[77.9988,10.7293],[78.0115,10.7305],[78.0092,10.7232],[78.0152,10.7199],[78.0092,10.7113],[78.0053,10.6757],[77.9957,10.6748],[77.9925,10.6714],[77.9786,10.6748],[77.9702,10.6729],[77.9731,10.6565],[77.9794,10.6444],[77.9785,10.6393],[77.9517,10.6396],[77.95,10.6435],[77.9389,10.6426],[77.9325,10.647],[77.9136,10.6483],[77.9089,10.6571],[77.903,10.6523],[77.9031,10.6482],[77.897,10.6493],[77.896,10.6455],[77.8809,10.6494],[77.872,10.6314],[77.8474,10.6367],[77.8473,10.6389],[77.8352,10.633],[77.8291,10.6335],[77.8126,10.6488],[77.8177,10.6802],[77.8134,10.6775],[77.8086,10.6811],[77.8103,10.6999],[77.8164,10.7032],[77.8248,10.7155],[77.8212,10.7334],[77.8266,10.7502],[77.8127,10.7587],[77.7972,10.7526],[77.7951,10.7558],[77.7834,10.7579],[77.7812,10.7644],[77.771,10.7674],[77.7776,10.7903],[77.7862,10.7885],[77.7936,10.7906],[77.7985,10.8063],[77.8184,10.7973],[77.8279,10.7977],[77.8284,10.7919],[77.8362,10.7904],[77.8361,10.7869],[77.8549,10.784],[77.8712,10.7718],[77.8728,10.7759],[77.8922,10.7739],[77.8918,10.7924],[77.8811,10.7892],[77.8722,10.7949],[77.8707,10.8011],[77.8757,10.8086],[77.8721,10.8218],[77.8734,10.834],[77.8673,10.8439],[77.8564,10.8494],[77.8463,10.8374],[77.8366,10.8352],[77.8315,10.839],[77.8204,10.8583],[77.8077,10.8585],[77.796,10.8662],[77.7956,10.8771],[77.7892,10.8858],[77.7864,10.8855],[77.7841,10.8739],[77.7766,10.8698],[77.7728,10.8775],[77.7715,10.8939],[77.7609,10.9017],[77.7622,10.9234],[77.7679,10.9515],[77.7702,10.9511],[77.7703,10.9615],[77.7685,10.9666],[77.7526,10.9659],[77.7501,10.9766],[77.7509,10.9812],[77.7577,10.9792],[77.7586,10.9839],[77.7809,10.998],[77.7897,11.019],[77.7918,11.0332],[77.7822,11.039],[77.7817,11.051],[77.7764,11.0582],[77.7795,11.0628],[77.7934,11.0674],[77.8047,11.0631],[77.8096,11.0704],[77.8181,11.0702],[77.8285,11.0625],[77.8307,11.0477],[77.8398,11.0446],[77.844,11.0482],[77.8514,11.0463],[77.8545,11.0313],[77.8618,11.0302],[77.871,11.0233],[77.8812,11.0244],[77.8875,11.0319],[77.9,11.0342],[77.9072,11.0459],[77.9183,11.0459],[77.933,11.0702],[77.9446,11.0655],[77.9522,11.0669],[77.9915,11.0965],[78.0211,11.0934]]]}},{"type":"Feature","bbox":[78.0088,10.8945,78.1931,11.0796],"properties":{"kind":"ac","ac":135,"name":"Karur","pc":"Karur","mla_vacant":true,"mp":"Jothimani","mp_party":"INC"},"geometry":{"type":"Polygon","coordinates":[[[78.0605,11.0763],[78.0702,11.0796],[78.0899,11.0784],[78.1024,11.074],[78.1196,11.0598],[78.1581,11.0245],[78.1698,10.9961],[78.1931,10.9651],[78.1709,10.9572],[78.1702,10.951],[78.1664,10.9558],[78.1653,10.951],[78.1574,10.9489],[78.1471,10.9559],[78.15,10.9607],[78.1486,10.966],[78.1433,10.9714],[78.142,10.9818],[78.1377,10.9815],[78.1359,10.9858],[78.1329,10.9767],[78.1264,10.9731],[78.0997,10.9692],[78.0938,10.9637],[78.1025,10.9629],[78.1061,10.9573],[78.0972,10.9551],[78.0992,10.9487],[78.1162,10.9437],[78.1137,10.937],[78.1051,10.9331],[78.1089,10.9253],[78.1038,10.9119],[78.1049,10.9008],[78.0725,10.8945],[78.0696,10.8972],[78.0681,10.9097],[78.0531,10.9091],[78.0502,10.9142],[78.0522,10.9445],[78.0405,10.9499],[78.0261,10.9483],[78.022,10.9528],[78.0157,10.9533],[78.0088,10.9648],[78.0158,11.0284],[78.0381,11.029],[78.0434,11.0417],[78.0597,11.0545],[78.0605,11.0763]]]}},{"type":"Feature","bbox":[77.9885,10.5283,78.3204,10.9857],"properties":{"kind":"ac","ac":136,"name":"Krishnarayapuram","pc":"Karur","mla":"Sathya M.","mla_party":"TVK","mp":"Jothimani","mp_party":"INC"},"geometry":{"type":"Polygon","coordinates":[[[78.308,10.9596],[78.3078,10.9519],[78.3118,10.9498],[78.3125,10.9441],[78.3172,10.9436],[78.3161,10.9315],[78.3204,10.9263],[78.3118,10.905],[78.3128,10.8957],[78.2986,10.8865],[78.2775,10.8884],[78.2752,10.8458],[78.2714,10.8325],[78.2751,10.8245],[78.2727,10.8205],[78.2782,10.8209],[78.2829,10.8147],[78.2898,10.8179],[78.2902,10.8099],[78.3118,10.8085],[78.3107,10.7962],[78.3052,10.7844],[78.3095,10.7641],[78.3011,10.7545],[78.2837,10.7511],[78.2838,10.7351],[78.2632,10.6157],[78.256,10.6017],[78.2606,10.5975],[78.2624,10.5793],[78.2706,10.5727],[78.2723,10.5651],[78.2691,10.5635],[78.2677,10.5526],[78.2474,10.5319],[78.2391,10.5289],[78.2374,10.532],[78.2428,10.5371],[78.2424,10.5408],[78.2272,10.5422],[78.217,10.5402],[78.2171,10.5362],[78.2136,10.5365],[78.2148,10.5313],[78.1862,10.5283],[78.1899,10.539],[78.2001,10.5467],[78.1914,10.5523],[78.1907,10.5575],[78.1802,10.5593],[78.1706,10.5542],[78.161,10.5623],[78.1396,10.5638],[78.133,10.5751],[78.1351,10.5939],[78.1394,10.6013],[78.1665,10.6133],[78.1596,10.6413],[78.1632,10.6495],[78.1453,10.6497],[78.1456,10.6772],[78.1472,10.6918],[78.1538,10.7076],[78.1556,10.7291],[78.1523,10.7411],[78.1679,10.7746],[78.1704,10.7994],[78.1858,10.8194],[78.1806,10.8207],[78.1861,10.8261],[78.1864,10.833],[78.1806,10.8323],[78.1823,10.8256],[78.1793,10.8226],[78.1755,10.8267],[78.1757,10.8354],[78.1732,10.8323],[78.1586,10.8335],[78.158,10.8275],[78.1521,10.8264],[78.1487,10.8047],[78.1319,10.8027],[78.1052,10.8056],[78.0964,10.7897],[78.0971,10.7809],[78.1004,10.7796],[78.0981,10.7672],[78.0702,10.7769],[78.0662,10.7669],[78.0611,10.7677],[78.0568,10.7638],[78.0547,10.7656],[78.0564,10.7783],[78.0513,10.787],[78.0536,10.7992],[78.0483,10.804],[78.0423,10.8007],[78.0378,10.8234],[78.028,10.8291],[78.0204,10.8286],[78.0172,10.8348],[78.0132,10.8357],[78.0152,10.8397],[78.0214,10.84],[78.0271,10.8536],[78.0055,10.8547],[78.0008,10.8755],[77.9896,10.8837],[77.9923,10.9018],[77.9892,10.9036],[77.9885,10.9123],[77.9984,10.9266],[78.0037,10.9295],[78.0036,10.9359],[78.0139,10.9402],[78.0242,10.9379],[78.0261,10.9483],[78.0341,10.9505],[78.0522,10.9445],[78.0501,10.9146],[78.0531,10.9091],[78.0681,10.9097],[78.0708,10.895],[78.1049,10.9008],[78.1038,10.9119],[78.1089,10.9253],[78.1051,10.9331],[78.1137,10.937],[78.1162,10.9437],[78.0995,10.9485],[78.0972,10.9551],[78.105,10.9556],[78.1057,10.9591],[78.1025,10.9629],[78.0938,10.9643],[78.1052,10.9712],[78.1317,10.9757],[78.1356,10.9857],[78.1377,10.9815],[78.142,10.9818],[78.1433,10.9714],[78.1486,10.966],[78.15,10.9607],[78.1471,10.9559],[78.1579,10.9488],[78.1653,10.951],[78.1664,10.9558],[78.1702,10.951],[78.1709,10.9572],[78.1931,10.9651],[78.2077,10.958],[78.222,10.9591],[78.2488,10.968],[78.308,10.9596]]]}},{"type":"Feature","bbox":[78.2714,10.6716,78.5859,10.9612],"properties":{"kind":"ac","ac":137,"name":"Kulithalai","pc":"Perambalur","mla":"Suriyanur A. Chandran","mla_party":"DMK","mp":"Arun Nehru","mp_party":"DMK"},"geometry":{"type":"Polygon","coordinates":[[[78.4651,10.9193],[78.4635,10.9155],[78.4763,10.9095],[78.4747,10.9006],[78.4696,10.8986],[78.468,10.8867],[78.4771,10.8828],[78.4879,10.8938],[78.4921,10.8937],[78.5091,10.8852],[78.5463,10.8796],[78.5589,10.8688],[78.5583,10.864],[78.5686,10.8606],[78.5779,10.8524],[78.5787,10.8436],[78.575,10.8446],[78.5715,10.8343],[78.5859,10.8315],[78.5855,10.8247],[78.5759,10.8085],[78.5543,10.8136],[78.5446,10.7947],[78.5581,10.787],[78.5561,10.7805],[78.5636,10.7818],[78.57,10.7746],[78.5625,10.7628],[78.5688,10.7474],[78.5646,10.7345],[78.5514,10.7226],[78.5441,10.7239],[78.5433,10.7202],[78.5317,10.7126],[78.5202,10.7106],[78.5135,10.6949],[78.4872,10.6989],[78.4844,10.703],[78.4601,10.7038],[78.4596,10.6927],[78.4542,10.6862],[78.4325,10.6843],[78.4293,10.6762],[78.4251,10.676],[78.4258,10.6726],[78.4223,10.6716],[78.4069,10.6735],[78.4007,10.6803],[78.4046,10.6941],[78.398,10.6897],[78.3916,10.6932],[78.374,10.7188],[78.3784,10.7263],[78.3449,10.721],[78.3416,10.7073],[78.3317,10.7092],[78.3276,10.7056],[78.3255,10.7084],[78.3186,10.7075],[78.3161,10.7027],[78.2928,10.7019],[78.2893,10.7126],[78.292,10.7216],[78.2849,10.7345],[78.2837,10.7511],[78.3011,10.7545],[78.3095,10.7641],[78.3052,10.7844],[78.3107,10.7962],[78.3118,10.8085],[78.2902,10.8099],[78.2898,10.8179],[78.2829,10.8147],[78.2782,10.8209],[78.2727,10.8205],[78.2751,10.8245],[78.2714,10.8325],[78.2752,10.8458],[78.2775,10.8884],[78.2986,10.8865],[78.3128,10.8957],[78.3118,10.905],[78.3204,10.9263],[78.3161,10.9315],[78.3172,10.9436],[78.3125,10.9441],[78.3118,10.9498],[78.3078,10.9519],[78.308,10.9596],[78.3816,10.9612],[78.4093,10.9571],[78.4236,10.9505],[78.4651,10.9193]]]}},{"type":"Feature","bbox":[78.1734,10.2937,78.5887,10.7459],"properties":{"kind":"ac","ac":138,"name":"Manapparai","pc":"Karur","mla":"R. Kathiravan","mla_party":"TVK","mp":"Jothimani","mp_party":"INC"},"geometry":{"type":"Polygon","coordinates":[[[78.2827,10.7459],[78.2852,10.7334],[78.2899,10.7294],[78.292,10.7216],[78.2893,10.7126],[78.2928,10.7019],[78.3161,10.7027],[78.3186,10.7075],[78.3255,10.7084],[78.3276,10.7056],[78.3317,10.7092],[78.3416,10.7073],[78.3449,10.721],[78.3784,10.7263],[78.374,10.7188],[78.398,10.6877],[78.3952,10.6783],[78.3883,10.6712],[78.3851,10.658],[78.3903,10.6475],[78.3872,10.6409],[78.3935,10.6302],[78.3994,10.6302],[78.41,10.6357],[78.42,10.6477],[78.4222,10.663],[78.4271,10.6547],[78.4326,10.6529],[78.4332,10.6468],[78.4281,10.6338],[78.4287,10.6252],[78.4323,10.6217],[78.4243,10.6073],[78.4328,10.6074],[78.4354,10.5993],[78.4421,10.5953],[78.4415,10.5913],[78.4554,10.5797],[78.465,10.5774],[78.4624,10.5625],[78.4664,10.5445],[78.464,10.541],[78.484,10.54],[78.4903,10.5265],[78.4864,10.5181],[78.4908,10.5168],[78.4906,10.5095],[78.497,10.5071],[78.4964,10.4945],[78.4931,10.4889],[78.4967,10.4854],[78.5189,10.4835],[78.5365,10.4955],[78.5417,10.5092],[78.5395,10.5093],[78.54,10.5146],[78.533,10.5141],[78.5372,10.5313],[78.5408,10.5286],[78.5446,10.5301],[78.5504,10.5152],[78.567,10.5146],[78.5689,10.5203],[78.5719,10.5188],[78.5814,10.5227],[78.58,10.5093],[78.57,10.4898],[78.585,10.4811],[78.5836,10.4783],[78.5887,10.4739],[78.5825,10.4486],[78.5844,10.4408],[78.5767,10.4449],[78.5643,10.443],[78.5611,10.4315],[78.5636,10.4272],[78.5522,10.4269],[78.5525,10.4333],[78.5225,10.4372],[78.5185,10.4309],[78.5163,10.4073],[78.5237,10.4057],[78.5308,10.397],[78.5244,10.3781],[78.5149,10.3754],[78.5126,10.3714],[78.5053,10.3763],[78.5065,10.3889],[78.4918,10.388],[78.4907,10.3956],[78.4649,10.4071],[78.4454,10.4083],[78.441,10.4008],[78.4384,10.3844],[78.4492,10.3754],[78.4362,10.3626],[78.4151,10.3633],[78.4102,10.3619],[78.4084,10.3578],[78.3924,10.3544],[78.3939,10.3491],[78.4048,10.3454],[78.3966,10.3239],[78.3941,10.3243],[78.3903,10.3158],[78.3711,10.3086],[78.3744,10.3002],[78.3668,10.3014],[78.3632,10.2937],[78.3498,10.299],[78.3332,10.3007],[78.3386,10.3255],[78.3306,10.337],[78.3239,10.3379],[78.3171,10.3485],[78.2919,10.3602],[78.2855,10.3702],[78.279,10.3728],[78.2786,10.3863],[78.2874,10.3921],[78.2881,10.4024],[78.307,10.4116],[78.3063,10.4233],[78.3144,10.439],[78.2961,10.4501],[78.2529,10.462],[78.2453,10.4681],[78.2335,10.4701],[78.2242,10.4658],[78.2178,10.4667],[78.2145,10.4732],[78.2064,10.474],[78.2,10.4819],[78.202,10.4862],[78.1912,10.5004],[78.1734,10.5033],[78.1767,10.5172],[78.1845,10.5218],[78.1862,10.5283],[78.2148,10.5313],[78.2136,10.5365],[78.2171,10.5362],[78.217,10.5402],[78.2272,10.5422],[78.2424,10.5408],[78.2428,10.5371],[78.2374,10.532],[78.2398,10.529],[78.2533,10.5367],[78.2677,10.5526],[78.2717,10.5707],[78.2624,10.5793],[78.2606,10.5975],[78.256,10.6017],[78.2632,10.6157],[78.2838,10.7351],[78.2827,10.7459]]]}},{"type":"Feature","bbox":[78.3851,10.579,78.8173,10.9193],"properties":{"kind":"ac","ac":139,"name":"Srirangam","pc":"Tiruchirappalli","mla":"S. Ramesh","mla_party":"TVK","mp":"Durai Vaiyapuri","mp_party":"MDMK"},"geometry":{"type":"Polygon","coordinates":[[[78.4651,10.9193],[78.4999,10.91],[78.5212,10.9082],[78.5964,10.8828],[78.6373,10.8751],[78.6385,10.8836],[78.6756,10.8785],[78.6861,10.8744],[78.6867,10.8697],[78.722,10.8568],[78.7227,10.8615],[78.772,10.8501],[78.8016,10.8476],[78.8165,10.8441],[78.8173,10.8361],[78.7977,10.838],[78.7698,10.8318],[78.7534,10.8395],[78.7072,10.8387],[78.7062,10.8424],[78.6943,10.8449],[78.684,10.8536],[78.6809,10.8507],[78.6847,10.8434],[78.6776,10.8348],[78.6742,10.8348],[78.6698,10.8447],[78.6597,10.8433],[78.6471,10.8366],[78.6466,10.8334],[78.6529,10.8316],[78.6533,10.8278],[78.6645,10.8255],[78.6639,10.8019],[78.6576,10.7933],[78.6583,10.7896],[78.673,10.7852],[78.6783,10.7771],[78.6789,10.7676],[78.6933,10.7633],[78.6949,10.7581],[78.6938,10.7412],[78.6911,10.7339],[78.6892,10.735],[78.6886,10.7277],[78.6926,10.7075],[78.6958,10.7075],[78.6965,10.7029],[78.6934,10.6905],[78.6826,10.6879],[78.6828,10.6715],[78.6674,10.6727],[78.6631,10.6545],[78.6592,10.654],[78.6525,10.6592],[78.6569,10.6722],[78.6517,10.6819],[78.6582,10.7052],[78.6469,10.7038],[78.6406,10.708],[78.6257,10.7027],[78.6214,10.6762],[78.6158,10.6821],[78.6092,10.6816],[78.5924,10.6599],[78.5788,10.6646],[78.5748,10.6611],[78.5657,10.6613],[78.5645,10.671],[78.5682,10.6817],[78.5634,10.6855],[78.5508,10.6874],[78.5441,10.6757],[78.5336,10.6769],[78.5308,10.6719],[78.5262,10.6753],[78.5208,10.6691],[78.5179,10.6697],[78.5172,10.665],[78.5207,10.6633],[78.5179,10.6595],[78.5197,10.6503],[78.5294,10.6441],[78.5274,10.6292],[78.4823,10.639],[78.4777,10.6319],[78.4686,10.628],[78.4652,10.6175],[78.4584,10.6172],[78.4591,10.6098],[78.4519,10.61],[78.4475,10.6066],[78.4507,10.6031],[78.4487,10.6002],[78.4525,10.6],[78.4524,10.5906],[78.4592,10.5896],[78.4564,10.579],[78.4415,10.5913],[78.4421,10.5953],[78.4354,10.5993],[78.4328,10.6074],[78.4243,10.6073],[78.432,10.6203],[78.4281,10.6338],[78.4332,10.6468],[78.4326,10.6529],[78.4266,10.6553],[78.4234,10.6629],[78.4209,10.649],[78.41,10.6357],[78.3935,10.6302],[78.3872,10.6409],[78.3903,10.6475],[78.3851,10.658],[78.3883,10.6712],[78.3956,10.6791],[78.3974,10.6896],[78.4046,10.6941],[78.4007,10.6803],[78.4069,10.6735],[78.4223,10.6716],[78.4258,10.6726],[78.4251,10.676],[78.4293,10.6762],[78.4325,10.6843],[78.4542,10.6862],[78.4596,10.6927],[78.4597,10.7036],[78.4844,10.703],[78.4872,10.6989],[78.5135,10.6949],[78.5202,10.7106],[78.5317,10.7126],[78.5433,10.7202],[78.5441,10.7239],[78.5514,10.7226],[78.5646,10.7345],[78.5688,10.7474],[78.5625,10.7628],[78.57,10.7746],[78.5636,10.7818],[78.5561,10.7805],[78.5581,10.787],[78.5457,10.7922],[78.5459,10.8005],[78.5499,10.8026],[78.5543,10.8136],[78.5759,10.8085],[78.5874,10.8296],[78.5715,10.8343],[78.575,10.8446],[78.5787,10.8436],[78.5779,10.8524],[78.5686,10.8606],[78.5583,10.864],[78.5589,10.8688],[78.5475,10.8792],[78.5091,10.8852],[78.4921,10.8937],[78.4879,10.8938],[78.4771,10.8828],[78.468,10.8867],[78.4696,10.8986],[78.4747,10.9006],[78.4763,10.9095],[78.4635,10.9155],[78.4651,10.9193]]]}},{"type":"Feature","bbox":[78.6465,10.7328,78.7191,10.8444],"properties":{"kind":"ac","ac":140,"name":"Tiruchirappalli West","pc":"Tiruchirappalli","mla":"K. N. Nehru","mla_party":"DMK","mp":"Durai Vaiyapuri","mp_party":"MDMK"},"geometry":{"type":"Polygon","coordinates":[[[78.6817,10.8377],[78.6861,10.8301],[78.6887,10.7995],[78.6955,10.7919],[78.6892,10.7893],[78.6937,10.785],[78.7101,10.7815],[78.7189,10.7735],[78.7161,10.7641],[78.7191,10.7512],[78.7172,10.742],[78.7089,10.7328],[78.6911,10.7339],[78.6953,10.7525],[78.6937,10.7629],[78.6789,10.7676],[78.6783,10.7771],[78.6729,10.7853],[78.6583,10.7896],[78.6576,10.7933],[78.6639,10.8019],[78.6645,10.8255],[78.6533,10.8278],[78.6532,10.8314],[78.6465,10.8338],[78.6471,10.8366],[78.6651,10.8444],[78.6722,10.8437],[78.6749,10.8342],[78.6817,10.8377]]]}},{"type":"Feature","bbox":[78.6811,10.7735,78.7465,10.8536],"properties":{"kind":"ac","ac":141,"name":"Tiruchirappalli East","pc":"Tiruchirappalli","mla_vacant":true,"mp":"Durai Vaiyapuri","mp_party":"MDMK"},"geometry":{"type":"Polygon","coordinates":[[[78.7062,10.8424],[78.7069,10.814],[78.7231,10.8128],[78.723,10.801],[78.7389,10.7999],[78.7465,10.7834],[78.7425,10.7744],[78.7278,10.7775],[78.7189,10.7735],[78.7101,10.7815],[78.6937,10.785],[78.6892,10.7893],[78.6955,10.7919],[78.6887,10.7995],[78.6861,10.8301],[78.6817,10.8377],[78.6849,10.844],[78.6811,10.8512],[78.684,10.8536],[78.6943,10.8449],[78.7062,10.8424]]]}},{"type":"Feature","bbox":[78.7066,10.6426,78.8804,10.8395],"properties":{"kind":"ac","ac":142,"name":"Thiruverumbur","pc":"Tiruchirappalli","mla":"Navalpattu S. Viji","mla_party":"TVK","mp":"Durai Vaiyapuri","mp_party":"MDMK"},"geometry":{"type":"Polygon","coordinates":[[[78.7066,10.8389],[78.7534,10.8395],[78.7681,10.8322],[78.7761,10.832],[78.7755,10.8275],[78.786,10.829],[78.8148,10.8234],[78.8682,10.8265],[78.8682,10.8161],[78.8615,10.812],[78.8618,10.8028],[78.8668,10.8026],[78.8674,10.7857],[78.8803,10.7893],[78.8804,10.7783],[78.8751,10.7767],[78.8737,10.762],[78.8684,10.7611],[78.8694,10.7474],[78.8647,10.7335],[78.8686,10.7121],[78.8734,10.7057],[78.8734,10.6879],[78.8627,10.6892],[78.8619,10.6922],[78.8537,10.6907],[78.8198,10.6951],[78.8201,10.6874],[78.8176,10.688],[78.8126,10.6812],[78.8114,10.6732],[78.8027,10.6766],[78.8065,10.6794],[78.7999,10.6801],[78.8015,10.6722],[78.7976,10.6643],[78.7997,10.6612],[78.791,10.6486],[78.7727,10.6505],[78.773,10.6543],[78.7646,10.6554],[78.7575,10.6529],[78.7568,10.6436],[78.7439,10.6426],[78.7358,10.6775],[78.7386,10.6837],[78.7469,10.6867],[78.7462,10.6986],[78.7418,10.6997],[78.7424,10.708],[78.7354,10.7147],[78.7197,10.717],[78.7176,10.7212],[78.7105,10.7225],[78.7084,10.7281],[78.719,10.7496],[78.7161,10.7635],[78.7181,10.7727],[78.7276,10.7775],[78.7416,10.774],[78.7465,10.7834],[78.7382,10.8006],[78.7227,10.8012],[78.7231,10.8128],[78.7069,10.814],[78.7066,10.8389]]]}},{"type":"Feature","bbox":[78.7132,10.8361,79.0122,11.1019],"properties":{"kind":"ac","ac":143,"name":"Lalgudi","pc":"Perambalur","mla":"Leema Rose Martin","mla_party":"AIADMK","mp":"Arun Nehru","mp_party":"DMK"},"geometry":{"type":"Polygon","coordinates":[[[78.8446,11.0887],[78.8623,11.0916],[78.8649,11.0866],[78.8733,11.0856],[78.8734,11.0965],[78.8877,11.1019],[78.9024,11.097],[78.916,11.0976],[78.9174,11.0935],[78.9276,11.0901],[78.9292,11.0933],[78.9371,11.0947],[78.9677,11.0954],[78.9844,11.0885],[78.9851,11.079],[78.9982,11.0757],[79.0017,11.0608],[79.0064,11.059],[79.0122,11.0103],[78.9933,10.9991],[78.987,11.0015],[78.9843,10.9919],[78.9861,10.9779],[78.9781,10.9746],[78.9786,10.9686],[78.983,10.9654],[78.9561,10.971],[78.9444,10.9574],[78.9535,10.9496],[78.9643,10.9488],[78.9755,10.9406],[78.9811,10.9208],[78.984,10.9274],[78.988,10.9284],[79.0019,10.9222],[79.0044,10.8939],[78.9613,10.8883],[78.9609,10.895],[78.9403,10.8878],[78.9392,10.8764],[78.9244,10.867],[78.8866,10.8568],[78.8571,10.8448],[78.8173,10.8361],[78.8165,10.8441],[78.8016,10.8476],[78.772,10.8501],[78.7227,10.8615],[78.722,10.8568],[78.7138,10.8602],[78.7132,10.8726],[78.7196,10.8774],[78.7321,10.8791],[78.7214,10.8828],[78.7281,10.8845],[78.7255,10.8928],[78.7307,10.8934],[78.7319,10.9004],[78.726,10.9098],[78.7283,10.9135],[78.7472,10.9014],[78.755,10.9065],[78.7562,10.9024],[78.758,10.9124],[78.767,10.9108],[78.7582,10.9263],[78.7761,10.926],[78.7779,10.9292],[78.7775,10.95],[78.7837,10.9534],[78.7922,10.965],[78.7915,10.9818],[78.795,10.9829],[78.7963,10.9894],[78.7942,10.9981],[78.8028,11.0081],[78.8027,11.0129],[78.8099,11.0129],[78.8126,11.0167],[78.8075,11.021],[78.8065,11.0291],[78.8149,11.0516],[78.8094,11.0569],[78.8063,11.0785],[78.8077,11.0806],[78.8383,11.0764],[78.8446,11.0887]]]}},{"type":"Feature","bbox":[78.4737,10.8602,78.8149,11.1227],"properties":{"kind":"ac","ac":144,"name":"Manachanallur","pc":"Perambalur","mla":"S. Kathiravan","mla_party":"DMK","mp":"Arun Nehru","mp_party":"DMK"},"geometry":{"type":"Polygon","coordinates":[[[78.8057,11.0898],[78.8094,11.0569],[78.8149,11.0513],[78.8103,11.045],[78.8065,11.0291],[78.8075,11.021],[78.8126,11.0167],[78.8099,11.0129],[78.8027,11.0129],[78.8028,11.0081],[78.7942,10.9981],[78.7963,10.9894],[78.795,10.9829],[78.7915,10.9818],[78.7922,10.965],[78.7837,10.9534],[78.7775,10.95],[78.7779,10.9292],[78.7761,10.926],[78.7582,10.9263],[78.767,10.9108],[78.758,10.9124],[78.7562,10.9024],[78.755,10.9065],[78.7472,10.9014],[78.7283,10.9135],[78.726,10.9098],[78.7319,10.9004],[78.7307,10.8934],[78.7255,10.8928],[78.7281,10.8845],[78.7214,10.8828],[78.7321,10.8791],[78.7196,10.8774],[78.7132,10.8726],[78.7138,10.8602],[78.6867,10.8697],[78.6861,10.8744],[78.6756,10.8785],[78.6385,10.8836],[78.6373,10.8751],[78.5774,10.8876],[78.5212,10.9082],[78.4817,10.914],[78.4842,10.9256],[78.4887,10.9274],[78.4876,10.9331],[78.4939,10.9364],[78.4904,10.9378],[78.4946,10.9575],[78.5,10.9657],[78.4943,10.9675],[78.4938,10.9716],[78.5155,10.9734],[78.5215,10.9769],[78.5404,10.9755],[78.5462,10.9787],[78.545,10.9851],[78.5479,10.9896],[78.5476,10.9956],[78.5413,10.9974],[78.5397,11.0041],[78.5297,11.0059],[78.5193,10.9985],[78.5141,10.9899],[78.5011,10.9838],[78.4769,10.9893],[78.4737,10.9975],[78.4814,11.0102],[78.4743,11.0158],[78.4738,11.0228],[78.4749,11.0271],[78.4836,11.0303],[78.4755,11.0348],[78.4742,11.0409],[78.4886,11.0411],[78.4903,11.0464],[78.5086,11.047],[78.5131,11.0541],[78.5368,11.0505],[78.541,11.0607],[78.5468,11.05],[78.5536,11.055],[78.5598,11.0548],[78.5611,11.0589],[78.5665,11.0533],[78.5745,11.0544],[78.5715,11.0641],[78.576,11.0639],[78.5772,11.0697],[78.5814,11.0718],[78.5898,11.0706],[78.5933,11.0666],[78.6092,11.0767],[78.6181,11.0774],[78.6258,11.0839],[78.6503,11.0877],[78.6572,11.0868],[78.6615,11.0767],[78.6613,11.07],[78.6575,11.0663],[78.6571,11.0536],[78.6715,11.0511],[78.6882,11.0318],[78.7102,11.0319],[78.7104,11.0372],[78.7181,11.0392],[78.7159,11.0487],[78.7202,11.074],[78.7427,11.0755],[78.7446,11.0794],[78.7454,11.0831],[78.7399,11.0848],[78.7379,11.0889],[78.7352,11.1056],[78.7493,11.1169],[78.7552,11.1175],[78.759,11.1227],[78.7763,11.1177],[78.7769,11.1133],[78.7902,11.1166],[78.8106,11.1121],[78.8057,11.0898]]]}},{"type":"Feature","bbox":[78.1625,10.914,78.5476,11.2082],"properties":{"kind":"ac","ac":145,"name":"Musiri","pc":"Perambalur","mla":"M. Vignesh","mla_party":"TVK","mp":"Arun Nehru","mp_party":"DMK"},"geometry":{"type":"Polygon","coordinates":[[[78.4138,11.2082],[78.4187,11.2016],[78.4269,11.2073],[78.43,11.2049],[78.4316,11.1909],[78.4343,11.1885],[78.4314,11.1794],[78.4437,11.1747],[78.4539,11.18],[78.4543,11.1845],[78.4629,11.1907],[78.4641,11.1873],[78.472,11.1881],[78.4705,11.1808],[78.477,11.1796],[78.4782,11.1819],[78.4835,11.1786],[78.486,11.1561],[78.4801,11.1541],[78.48,11.1432],[78.4826,11.1414],[78.4824,11.1171],[78.4859,11.1138],[78.4898,11.0965],[78.487,11.0897],[78.4918,11.0795],[78.4907,11.0653],[78.5138,11.0634],[78.5109,11.0545],[78.5131,11.0541],[78.5086,11.047],[78.4903,11.0464],[78.4886,11.0411],[78.4742,11.0409],[78.4755,11.0348],[78.4836,11.0303],[78.4749,11.0271],[78.4738,11.0228],[78.4743,11.0158],[78.4814,11.0102],[78.4737,10.9975],[78.4768,10.9894],[78.5011,10.9838],[78.5141,10.9899],[78.5248,11.0032],[78.536,11.0052],[78.5399,11.0038],[78.5416,10.9971],[78.5476,10.9956],[78.5462,10.9787],[78.5404,10.9755],[78.5215,10.9769],[78.5155,10.9734],[78.4938,10.9716],[78.4943,10.9675],[78.5,10.9657],[78.4946,10.9575],[78.4904,10.9378],[78.4939,10.9364],[78.4876,10.9331],[78.4887,10.9274],[78.4842,10.9256],[78.4817,10.914],[78.4651,10.9193],[78.4236,10.9505],[78.4,10.9591],[78.3816,10.9612],[78.305,10.9595],[78.2488,10.968],[78.222,10.9591],[78.2077,10.958],[78.1896,10.9675],[78.1698,10.9961],[78.1652,11.0123],[78.1738,11.0127],[78.1821,11.0199],[78.1952,11.0222],[78.1991,11.0289],[78.1967,11.0454],[78.1841,11.0414],[78.1625,11.0458],[78.1824,11.0703],[78.1958,11.0643],[78.2013,11.0748],[78.2045,11.0735],[78.2044,11.0699],[78.2199,11.0666],[78.2215,11.0573],[78.229,11.0545],[78.2302,11.0605],[78.2366,11.0659],[78.2323,11.0834],[78.2291,11.0846],[78.2293,11.0949],[78.2489,11.0926],[78.2558,11.0748],[78.2599,11.0753],[78.2658,11.0703],[78.2732,11.0776],[78.2898,11.0774],[78.2948,11.0716],[78.3241,11.0586],[78.3295,11.03],[78.3444,11.0257],[78.3488,11.0326],[78.3504,11.0485],[78.3608,11.0483],[78.3635,11.0645],[78.3515,11.0687],[78.341,11.0837],[78.3368,11.0837],[78.3414,11.0902],[78.3388,11.0948],[78.3252,11.097],[78.3273,11.1034],[78.3366,11.1059],[78.3431,11.1124],[78.347,11.1233],[78.3459,11.1388],[78.373,11.1376],[78.3767,11.1345],[78.3786,11.1401],[78.3812,11.1397],[78.378,11.1769],[78.3871,11.1774],[78.3813,11.1876],[78.411,11.1982],[78.4138,11.2082]]]}},{"type":"Feature","bbox":[78.4138,11.0318,78.752,11.4086],"properties":{"kind":"ac","ac":146,"name":"Thuraiyur","pc":"Perambalur","mla":"M. Ravisankar","mla_party":"TVK","mp":"Arun Nehru","mp_party":"DMK"},"geometry":{"type":"Polygon","coordinates":[[[78.4861,11.407],[78.4963,11.4086],[78.5098,11.3962],[78.5043,11.3795],[78.5149,11.3853],[78.5236,11.3713],[78.5345,11.3682],[78.5429,11.3693],[78.5545,11.3578],[78.5524,11.3488],[78.5562,11.3274],[78.5529,11.3249],[78.5544,11.3181],[78.5611,11.3164],[78.5777,11.3166],[78.582,11.3298],[78.5846,11.3312],[78.5891,11.3264],[78.5931,11.3279],[78.6047,11.3384],[78.624,11.3361],[78.6421,11.3432],[78.6427,11.3479],[78.65,11.3532],[78.655,11.3652],[78.6635,11.3742],[78.689,11.3821],[78.6881,11.3774],[78.68,11.3745],[78.6746,11.3684],[78.6732,11.3604],[78.6603,11.3583],[78.6558,11.3515],[78.6571,11.3471],[78.6342,11.3339],[78.6404,11.3262],[78.6558,11.3336],[78.6606,11.3321],[78.6587,11.3184],[78.665,11.3174],[78.6759,11.3274],[78.6832,11.327],[78.686,11.3224],[78.7058,11.3253],[78.7114,11.3163],[78.7246,11.3221],[78.7385,11.2946],[78.752,11.2861],[78.7438,11.2813],[78.7402,11.2748],[78.7298,11.2728],[78.7269,11.2614],[78.717,11.2586],[78.71,11.249],[78.7134,11.2401],[78.7027,11.2288],[78.7088,11.2277],[78.7125,11.2128],[78.7065,11.2083],[78.6987,11.1912],[78.6853,11.1958],[78.6758,11.1954],[78.6729,11.1858],[78.6632,11.1748],[78.6511,11.1683],[78.652,11.1637],[78.6715,11.1664],[78.6758,11.1616],[78.6808,11.1455],[78.6809,11.1304],[78.6868,11.1291],[78.687,11.1143],[78.6943,11.104],[78.7003,11.0845],[78.701,11.0686],[78.7097,11.0622],[78.7105,11.0565],[78.7176,11.0557],[78.7181,11.0392],[78.7104,11.0372],[78.7102,11.0319],[78.6882,11.0318],[78.6715,11.0511],[78.6571,11.0536],[78.6575,11.0663],[78.6613,11.07],[78.6616,11.0759],[78.6572,11.0868],[78.6333,11.0864],[78.6199,11.0815],[78.6181,11.0774],[78.605,11.0747],[78.593,11.0665],[78.5898,11.0706],[78.5816,11.0719],[78.5772,11.0697],[78.576,11.0639],[78.5715,11.0641],[78.5746,11.0544],[78.5665,11.0533],[78.5611,11.0589],[78.5598,11.0548],[78.5536,11.055],[78.5479,11.05],[78.5446,11.0511],[78.5446,11.0576],[78.5415,11.0606],[78.5368,11.0505],[78.5109,11.0545],[78.5138,11.0634],[78.4907,11.0653],[78.4918,11.0795],[78.487,11.0897],[78.4898,11.0965],[78.4859,11.1138],[78.4824,11.1171],[78.4826,11.1414],[78.48,11.1432],[78.4801,11.1541],[78.486,11.1561],[78.4835,11.1786],[78.4782,11.1819],[78.477,11.1796],[78.4705,11.1808],[78.472,11.1881],[78.4641,11.1873],[78.4629,11.1907],[78.4543,11.1845],[78.4539,11.18],[78.4437,11.1747],[78.4314,11.1794],[78.4343,11.1885],[78.4316,11.1909],[78.43,11.2049],[78.4269,11.2073],[78.4187,11.2016],[78.4138,11.2082],[78.4214,11.2124],[78.4205,11.2219],[78.4252,11.2263],[78.4301,11.2431],[78.4393,11.259],[78.4377,11.2675],[78.447,11.2747],[78.4531,11.2986],[78.457,11.3061],[78.4611,11.3059],[78.4652,11.3117],[78.4623,11.3218],[78.4547,11.3281],[78.4556,11.332],[78.4474,11.3318],[78.4467,11.3444],[78.457,11.3397],[78.4588,11.3426],[78.4553,11.3482],[78.4557,11.355],[78.4641,11.3766],[78.4695,11.3856],[78.4791,11.3875],[78.4861,11.407]]]}},{"type":"Feature","bbox":[78.6343,11.0557,78.9995,11.5233],"properties":{"kind":"ac","ac":147,"name":"Perambalur","pc":"Perambalur","mla":"K. Sivakumar","mla_party":"TVK","mp":"Arun Nehru","mp_party":"DMK"},"geometry":{"type":"Polygon","coordinates":[[[78.8431,11.5233],[78.8579,11.5227],[78.8712,11.5173],[78.873,11.5104],[78.8792,11.5062],[78.884,11.4967],[78.9081,11.4761],[78.9117,11.4648],[78.9251,11.4526],[78.9292,11.4429],[78.9438,11.4302],[78.9485,11.4194],[78.9564,11.4156],[78.9602,11.4063],[78.9822,11.4024],[78.9741,11.399],[78.9818,11.396],[78.9815,11.3784],[78.9911,11.3786],[78.9949,11.3641],[78.9995,11.361],[78.9945,11.3542],[78.993,11.342],[78.9672,11.3423],[78.9653,11.3341],[78.9521,11.3322],[78.9532,11.3211],[78.9444,11.3176],[78.9414,11.3089],[78.9318,11.3086],[78.9306,11.3041],[78.9254,11.3033],[78.9244,11.2983],[78.917,11.2924],[78.9188,11.2833],[78.9252,11.2831],[78.9274,11.2748],[78.9425,11.2725],[78.9428,11.2458],[78.9228,11.2399],[78.9268,11.2377],[78.9257,11.2263],[78.9347,11.2223],[78.9415,11.2079],[78.9376,11.1924],[78.9395,11.189],[78.9447,11.1884],[78.9346,11.1795],[78.9348,11.1721],[78.9205,11.1672],[78.9197,11.1617],[78.9151,11.1586],[78.9031,11.1666],[78.8858,11.1702],[78.8771,11.1684],[78.8622,11.174],[78.8455,11.1751],[78.8449,11.1607],[78.8399,11.153],[78.8433,11.1222],[78.8492,11.1122],[78.8489,11.0902],[78.8446,11.0887],[78.8383,11.0764],[78.8074,11.0799],[78.8057,11.0898],[78.8106,11.1121],[78.7902,11.1166],[78.7769,11.1133],[78.7763,11.1177],[78.759,11.1227],[78.7552,11.1175],[78.7493,11.1169],[78.7352,11.1056],[78.7344,11.0989],[78.7388,11.0867],[78.7454,11.0831],[78.7427,11.0755],[78.7202,11.074],[78.7176,11.0557],[78.7117,11.0557],[78.7097,11.0622],[78.701,11.0686],[78.7003,11.0845],[78.6943,11.104],[78.687,11.1143],[78.6868,11.1291],[78.6809,11.1304],[78.6808,11.1455],[78.6758,11.1616],[78.6715,11.1664],[78.652,11.1637],[78.6511,11.1683],[78.6632,11.1748],[78.6729,11.1858],[78.6758,11.1954],[78.6853,11.1958],[78.6987,11.1912],[78.7065,11.2083],[78.7125,11.2128],[78.7088,11.2277],[78.7027,11.2288],[78.7134,11.2401],[78.71,11.249],[78.717,11.2586],[78.7269,11.2614],[78.7298,11.2728],[78.7402,11.2748],[78.7438,11.2813],[78.752,11.2861],[78.7385,11.2946],[78.7246,11.3221],[78.7114,11.3163],[78.7058,11.3253],[78.686,11.3224],[78.6832,11.327],[78.6759,11.3274],[78.665,11.3174],[78.6587,11.3184],[78.662,11.3299],[78.6558,11.3336],[78.6396,11.3264],[78.6343,11.3361],[78.6504,11.3411],[78.6512,11.3457],[78.6571,11.3471],[78.6558,11.3515],[78.6603,11.3583],[78.6732,11.3604],[78.6746,11.3684],[78.69,11.3808],[78.6635,11.3742],[78.6589,11.3788],[78.6566,11.4015],[78.6502,11.4084],[78.6511,11.422],[78.6802,11.4299],[78.6885,11.4356],[78.6884,11.4419],[78.7,11.4556],[78.7325,11.4521],[78.7414,11.4497],[78.7435,11.4435],[78.7562,11.4374],[78.7889,11.3876],[78.7927,11.3906],[78.7989,11.3861],[78.8013,11.4027],[78.8061,11.4021],[78.8125,11.4169],[78.8227,11.4281],[78.8183,11.4329],[78.8191,11.4405],[78.7893,11.4541],[78.7899,11.4576],[78.7962,11.4616],[78.7983,11.4826],[78.8097,11.4828],[78.8102,11.508],[78.8217,11.5098],[78.8339,11.5067],[78.8352,11.5145],[78.8431,11.5233]]]}},{"type":"Feature","bbox":[78.8399,11.0564,79.2965,11.4072],"properties":{"kind":"ac","ac":148,"name":"Kunnam","pc":"Chidambaram","mla":"S. S. Sivasankar","mla_party":"DMK","mp":"Thol. Thirumavalavan","mp_party":"VCK"},"geometry":{"type":"Polygon","coordinates":[[[78.9741,11.399],[78.9977,11.4072],[79.0096,11.3981],[79.0317,11.3937],[79.0523,11.403],[79.0844,11.3969],[79.1066,11.4019],[79.1282,11.3944],[79.1429,11.3842],[79.1618,11.3818],[79.1752,11.3742],[79.2261,11.3921],[79.2378,11.3887],[79.238,11.3728],[79.2412,11.3697],[79.2518,11.3756],[79.2585,11.3883],[79.273,11.3859],[79.2737,11.3803],[79.2855,11.3801],[79.2784,11.3701],[79.2818,11.3622],[79.2889,11.3592],[79.2887,11.3484],[79.2849,11.3484],[79.2852,11.3449],[79.2648,11.3436],[79.2669,11.331],[79.259,11.3331],[79.2597,11.3227],[79.2472,11.3144],[79.2462,11.3098],[79.2474,11.2919],[79.2522,11.2959],[79.2564,11.2872],[79.264,11.288],[79.2668,11.2604],[79.2772,11.2477],[79.2904,11.2435],[79.2881,11.2262],[79.2965,11.2135],[79.2872,11.2081],[79.2878,11.2029],[79.2716,11.2009],[79.2728,11.195],[79.2682,11.1907],[79.2699,11.1873],[79.2644,11.1861],[79.264,11.1713],[79.2537,11.1718],[79.2539,11.1676],[79.2405,11.1661],[79.2291,11.1784],[79.2215,11.1792],[79.2222,11.1728],[79.2305,11.1718],[79.2253,11.1665],[79.2311,11.1633],[79.2251,11.1574],[79.2313,11.1567],[79.2292,11.1546],[79.2245,11.1545],[79.2193,11.1592],[79.2185,11.1686],[79.216,11.1696],[79.1994,11.1636],[79.1902,11.1521],[79.1858,11.1535],[79.1845,11.1629],[79.1903,11.1784],[79.1648,11.1786],[79.1498,11.1841],[79.148,11.1899],[79.1498,11.1928],[79.1634,11.1951],[79.1726,11.202],[79.1783,11.2197],[79.1907,11.2247],[79.1913,11.2315],[79.1795,11.2341],[79.1777,11.2391],[79.1582,11.2404],[79.1581,11.2535],[79.1513,11.2539],[79.1486,11.2595],[79.135,11.2694],[79.1318,11.2622],[79.1234,11.2617],[79.1214,11.2587],[79.1225,11.2497],[79.11,11.2455],[79.1123,11.2318],[79.0998,11.2314],[79.095,11.1999],[79.0818,11.2052],[79.0666,11.2057],[79.0662,11.1897],[79.0772,11.1898],[79.0777,11.1834],[79.0768,11.1799],[79.0704,11.1772],[79.0739,11.1584],[79.071,11.1546],[79.0619,11.1531],[79.0614,11.1416],[79.0583,11.1424],[79.0561,11.1347],[79.0607,11.1348],[79.0642,11.1309],[79.0684,11.1074],[79.0543,11.0871],[79.0318,11.0842],[79.0246,11.0717],[79.0262,11.0681],[79.0181,11.0664],[79.0201,11.0624],[79.0093,11.0612],[79.0066,11.0564],[79.006,11.0604],[79.0017,11.0608],[78.9982,11.0757],[78.9851,11.079],[78.9844,11.0885],[78.9733,11.0947],[78.9371,11.0947],[78.9292,11.0933],[78.9276,11.0901],[78.9174,11.0935],[78.916,11.0976],[78.9024,11.097],[78.8877,11.1019],[78.8734,11.0965],[78.8733,11.0856],[78.8649,11.0866],[78.8623,11.0916],[78.8489,11.0902],[78.8492,11.1122],[78.8433,11.1222],[78.8399,11.153],[78.8449,11.1607],[78.8455,11.1751],[78.8622,11.174],[78.8771,11.1684],[78.8858,11.1702],[78.9031,11.1666],[78.9151,11.1586],[78.9197,11.1617],[78.9205,11.1672],[78.9348,11.1721],[78.9346,11.1795],[78.9393,11.1859],[78.9443,11.1872],[78.9376,11.1924],[78.9401,11.2125],[78.9363,11.2144],[78.9347,11.2223],[78.9257,11.2263],[78.9268,11.2377],[78.9228,11.2399],[78.9428,11.2458],[78.9424,11.273],[78.9274,11.2748],[78.9252,11.2831],[78.9188,11.2833],[78.917,11.2924],[78.9244,11.2983],[78.9254,11.3033],[78.9306,11.3041],[78.9318,11.3086],[78.9414,11.3089],[78.9444,11.3176],[78.9532,11.3211],[78.9521,11.3322],[78.9653,11.3341],[78.9672,11.3423],[78.993,11.342],[78.9945,11.3542],[78.9995,11.3614],[78.9949,11.3641],[78.9911,11.3786],[78.9815,11.3784],[78.9818,11.396],[78.9741,11.399]]]}},{"type":"Feature","bbox":[78.9445,10.8865,79.3459,11.2694],"properties":{"kind":"ac","ac":149,"name":"Ariyalur","pc":"Chidambaram","mla":"S. Rajendran","mla_party":"AIADMK","mp":"Thol. Thirumavalavan","mp_party":"VCK"},"geometry":{"type":"Polygon","coordinates":[[[79.1795,11.2341],[79.1913,11.2315],[79.1908,11.2248],[79.1788,11.2204],[79.1726,11.202],[79.1634,11.1951],[79.1492,11.1924],[79.1495,11.1844],[79.1649,11.1786],[79.1902,11.1785],[79.1835,11.1559],[79.1901,11.1521],[79.1994,11.1636],[79.216,11.1696],[79.2185,11.1686],[79.2193,11.1592],[79.2245,11.1545],[79.2292,11.1546],[79.2313,11.1567],[79.2251,11.1574],[79.2311,11.1633],[79.2253,11.1665],[79.2305,11.1718],[79.2222,11.1728],[79.2215,11.1792],[79.2291,11.1784],[79.2405,11.1661],[79.2539,11.1676],[79.2537,11.1718],[79.2641,11.172],[79.2896,11.1601],[79.2927,11.1543],[79.2981,11.1617],[79.3071,11.1642],[79.3096,11.1507],[79.3147,11.1482],[79.3136,11.1366],[79.3,11.1214],[79.3044,11.1107],[79.3107,11.1118],[79.3158,11.1021],[79.318,11.0705],[79.3379,11.068],[79.3397,11.0626],[79.3369,11.0549],[79.3404,11.0536],[79.3459,11.0418],[79.3342,11.0307],[79.3117,11.0175],[79.3087,11.0207],[79.2908,11.0141],[79.2814,11.0017],[79.2732,10.997],[79.2749,10.9938],[79.2684,10.9862],[79.2121,10.9409],[79.2048,10.9405],[79.2029,10.9493],[79.1891,10.9466],[79.1786,10.9399],[79.1571,10.9424],[79.1421,10.9407],[79.11,10.9251],[79.0848,10.9271],[79.0715,10.9168],[79.0619,10.8968],[79.0497,10.8883],[79.0343,10.8865],[79.0044,10.8939],[79.0019,10.9222],[78.988,10.9284],[78.984,10.9274],[78.9811,10.9208],[78.9755,10.9406],[78.9643,10.9488],[78.9535,10.9496],[78.9445,10.9582],[78.9561,10.971],[78.983,10.9654],[78.9786,10.9686],[78.9781,10.9746],[78.9861,10.9779],[78.9843,10.9919],[78.987,11.0015],[78.9933,10.9991],[79.0122,11.0103],[79.0066,11.0564],[79.0093,11.0612],[79.0201,11.0624],[79.0181,11.0664],[79.0262,11.0681],[79.0246,11.0717],[79.0318,11.0842],[79.0543,11.0871],[79.0684,11.1074],[79.0642,11.1309],[79.0607,11.1348],[79.0561,11.1347],[79.0583,11.1424],[79.0614,11.1416],[79.0619,11.1531],[79.071,11.1546],[79.0739,11.1584],[79.0704,11.1772],[79.0768,11.1799],[79.0777,11.1834],[79.0772,11.1898],[79.0662,11.1897],[79.0666,11.2057],[79.0818,11.2052],[79.095,11.1999],[79.0998,11.2314],[79.1123,11.2318],[79.11,11.2455],[79.1225,11.2497],[79.1214,11.2587],[79.1234,11.2617],[79.1318,11.2622],[79.135,11.2694],[79.1486,11.2595],[79.1513,11.2539],[79.1581,11.2535],[79.1582,11.2404],[79.1777,11.2391],[79.1795,11.2341]]]}},{"type":"Feature","bbox":[79.2472,11.0418,79.5103,11.4193],"properties":{"kind":"ac","ac":150,"name":"Jayankondam","pc":"Chidambaram","mla":"G. Vaithilingam","mla_party":"PMK","mp":"Thol. Thirumavalavan","mp_party":"VCK"},"geometry":{"type":"Polygon","coordinates":[[[79.3146,11.4186],[79.3326,11.4193],[79.3466,11.4158],[79.3533,11.4188],[79.3682,11.4177],[79.3781,11.4113],[79.3733,11.3984],[79.3824,11.3969],[79.3857,11.4017],[79.3798,11.4001],[79.3778,11.4028],[79.3801,11.4104],[79.3839,11.41],[79.3882,11.4039],[79.3943,11.4017],[79.3908,11.3973],[79.39,11.3879],[79.3922,11.3881],[79.3916,11.3782],[79.3944,11.3771],[79.3895,11.3686],[79.3939,11.3666],[79.3955,11.3534],[79.4006,11.3498],[79.4057,11.3539],[79.4088,11.3647],[79.4243,11.3605],[79.4265,11.3656],[79.4287,11.3571],[79.4377,11.3572],[79.4371,11.349],[79.4314,11.3447],[79.4379,11.3335],[79.4491,11.3349],[79.4523,11.3283],[79.4555,11.3256],[79.4584,11.3274],[79.4611,11.3206],[79.4644,11.3209],[79.4635,11.3183],[79.4711,11.318],[79.474,11.3138],[79.4878,11.3167],[79.4985,11.3139],[79.4953,11.3033],[79.4976,11.2931],[79.5017,11.2911],[79.5011,11.2727],[79.5038,11.2725],[79.5052,11.2646],[79.5039,11.2578],[79.495,11.2586],[79.4951,11.2485],[79.5103,11.2285],[79.5058,11.2232],[79.5004,11.203],[79.4822,11.1783],[79.4723,11.1773],[79.4638,11.1706],[79.46,11.1594],[79.4558,11.1559],[79.4586,11.1505],[79.4307,11.1206],[79.4228,11.0978],[79.4134,11.082],[79.3956,11.0648],[79.3459,11.0418],[79.3404,11.0536],[79.3369,11.0549],[79.3397,11.0626],[79.3379,11.068],[79.318,11.0705],[79.3158,11.1021],[79.3107,11.1118],[79.3044,11.1107],[79.3,11.1214],[79.3136,11.1366],[79.3147,11.1482],[79.3096,11.1507],[79.3077,11.1635],[79.2981,11.1617],[79.2927,11.1543],[79.2896,11.1601],[79.2641,11.172],[79.2644,11.1861],[79.2699,11.1873],[79.2682,11.1907],[79.2728,11.195],[79.2716,11.2009],[79.2878,11.2029],[79.2872,11.2081],[79.2965,11.2135],[79.2881,11.2262],[79.2904,11.2435],[79.2772,11.2477],[79.2653,11.2632],[79.264,11.288],[79.2564,11.2872],[79.2522,11.2959],[79.2474,11.2919],[79.2472,11.3144],[79.2597,11.3227],[79.259,11.3331],[79.2669,11.331],[79.2648,11.3436],[79.2852,11.3449],[79.2849,11.3484],[79.2887,11.3484],[79.2889,11.3592],[79.2818,11.3622],[79.2784,11.3701],[79.2855,11.3801],[79.2963,11.3803],[79.2901,11.4021],[79.2927,11.4123],[79.3146,11.4186]]]}},{"type":"Feature","bbox":[78.8775,11.3697,79.3146,11.6068],"properties":{"kind":"ac","ac":151,"name":"Tittakudi","pc":"Cuddalore","mla":"C. V. Ganesan","mla_party":"DMK","mp":"M. K. Vishnu Prasad","mp_party":"INC"},"geometry":{"type":"Polygon","coordinates":[[[78.8775,11.5075],[78.8787,11.5102],[78.8867,11.5061],[78.9047,11.5046],[78.917,11.5287],[78.9154,11.5378],[78.924,11.5675],[78.9307,11.5661],[78.9468,11.5717],[78.9559,11.5697],[78.9712,11.5746],[78.9738,11.5745],[78.9739,11.5699],[78.9805,11.5678],[78.9916,11.5712],[78.9951,11.5755],[79.0044,11.5747],[79.0188,11.5929],[79.0145,11.5953],[79.0121,11.6027],[79.0183,11.6068],[79.0334,11.598],[79.0417,11.5992],[79.0498,11.5957],[79.0431,11.5873],[79.0491,11.5858],[79.0646,11.5929],[79.0681,11.5988],[79.0778,11.597],[79.0779,11.599],[79.0786,11.5733],[79.0711,11.5698],[79.0654,11.5522],[79.0572,11.5492],[79.0565,11.5439],[79.0604,11.5358],[79.0719,11.5352],[79.0727,11.5277],[79.0906,11.5341],[79.1004,11.5299],[79.1037,11.5178],[79.1128,11.5139],[79.1156,11.5078],[79.1243,11.5044],[79.1295,11.4972],[79.1235,11.4784],[79.1377,11.4762],[79.1479,11.4701],[79.1544,11.4788],[79.1649,11.48],[79.1723,11.4946],[79.1789,11.4951],[79.183,11.5017],[79.1947,11.4934],[79.2131,11.5011],[79.2276,11.4966],[79.2315,11.4846],[79.2286,11.4718],[79.2367,11.4759],[79.284,11.4802],[79.2902,11.4735],[79.2898,11.4659],[79.2932,11.4607],[79.2873,11.4531],[79.3078,11.4383],[79.3075,11.4329],[79.3146,11.4186],[79.2927,11.4123],[79.2901,11.4021],[79.296,11.3798],[79.2737,11.3803],[79.273,11.3859],[79.2585,11.3883],[79.2518,11.3756],[79.2418,11.3697],[79.238,11.3728],[79.2382,11.3879],[79.2331,11.3916],[79.2233,11.3916],[79.1752,11.3742],[79.1618,11.3818],[79.1429,11.3842],[79.1282,11.3944],[79.1066,11.4019],[79.0844,11.3969],[79.0523,11.403],[79.0317,11.3937],[79.0096,11.3981],[78.9977,11.4072],[78.9832,11.4022],[78.9616,11.4055],[78.9564,11.4156],[78.9485,11.4194],[78.9438,11.4302],[78.9292,11.4429],[78.9251,11.4526],[78.9117,11.4648],[78.9081,11.4761],[78.884,11.4967],[78.8775,11.5075]]]}},{"type":"Feature","bbox":[79.0566,11.4152,79.4706,11.6807],"properties":{"kind":"ac","ac":152,"name":"Vriddhachalam","pc":"Cuddalore","mla":"Premallatha Vijayakant","mla_party":"DMDK","mp":"M. K. Vishnu Prasad","mp_party":"INC"},"geometry":{"type":"Polygon","coordinates":[[[79.1944,11.6023],[79.2055,11.6164],[79.2123,11.6201],[79.2099,11.6338],[79.2158,11.6392],[79.2217,11.6375],[79.2246,11.632],[79.2355,11.6294],[79.2411,11.6418],[79.2512,11.6526],[79.2711,11.6439],[79.2709,11.6463],[79.2793,11.6494],[79.2923,11.6469],[79.297,11.6415],[79.2964,11.6369],[79.3085,11.6328],[79.3115,11.6437],[79.3184,11.6422],[79.3207,11.6486],[79.3263,11.6477],[79.3327,11.6611],[79.3511,11.6577],[79.3591,11.6597],[79.3622,11.6611],[79.3616,11.6726],[79.3847,11.6807],[79.3953,11.6801],[79.395,11.6772],[79.4184,11.6714],[79.4185,11.6677],[79.4317,11.6677],[79.4329,11.6587],[79.4533,11.6296],[79.4702,11.6258],[79.4706,11.6196],[79.4551,11.6205],[79.4466,11.6124],[79.4388,11.6107],[79.4348,11.5972],[79.4388,11.5911],[79.4453,11.5883],[79.4421,11.5603],[79.4485,11.5582],[79.4426,11.5515],[79.4327,11.5578],[79.4225,11.5563],[79.4212,11.5485],[79.4116,11.5492],[79.4136,11.5205],[79.4026,11.5251],[79.3902,11.5369],[79.3702,11.5326],[79.3682,11.5222],[79.3726,11.5211],[79.3738,11.5107],[79.3713,11.4992],[79.3656,11.491],[79.3593,11.4932],[79.359,11.5005],[79.3521,11.5034],[79.3556,11.5173],[79.3503,11.5147],[79.3496,11.5199],[79.3444,11.5211],[79.3445,11.5029],[79.3378,11.5016],[79.3365,11.4626],[79.3309,11.4614],[79.3254,11.451],[79.3218,11.4508],[79.322,11.4472],[79.3269,11.4467],[79.3293,11.4414],[79.3319,11.4415],[79.3319,11.4451],[79.3381,11.4443],[79.3384,11.4412],[79.3442,11.4423],[79.3451,11.4365],[79.3619,11.4375],[79.3723,11.4277],[79.3722,11.4152],[79.3625,11.4186],[79.3466,11.4158],[79.3326,11.4193],[79.3146,11.4186],[79.3075,11.4329],[79.3078,11.4383],[79.2873,11.4531],[79.2932,11.4607],[79.2898,11.4659],[79.2902,11.4735],[79.2849,11.4797],[79.2373,11.476],[79.2283,11.4719],[79.2315,11.4842],[79.2284,11.4955],[79.2136,11.5011],[79.199,11.4968],[79.1961,11.4933],[79.1826,11.5016],[79.179,11.4951],[79.1723,11.4946],[79.1649,11.48],[79.1544,11.4788],[79.1479,11.4701],[79.1377,11.4762],[79.1237,11.4783],[79.1295,11.4972],[79.1243,11.5044],[79.1156,11.5078],[79.1128,11.5139],[79.1037,11.5178],[79.1004,11.5299],[79.0906,11.5341],[79.0727,11.5277],[79.0717,11.5353],[79.0597,11.5364],[79.0566,11.5484],[79.065,11.5517],[79.0711,11.5698],[79.0783,11.5727],[79.0797,11.5804],[79.0769,11.6081],[79.0655,11.6114],[79.0693,11.621],[79.0674,11.6303],[79.0782,11.6296],[79.084,11.6344],[79.0913,11.6233],[79.0986,11.6212],[79.0982,11.6142],[79.1028,11.6107],[79.1061,11.615],[79.1129,11.6133],[79.118,11.6056],[79.1164,11.5992],[79.1335,11.594],[79.1357,11.589],[79.1477,11.5895],[79.1502,11.5975],[79.1564,11.5983],[79.1768,11.5918],[79.1836,11.586],[79.1925,11.593],[79.1944,11.6023]]]}},{"type":"Feature","bbox":[79.4284,11.5607,79.6917,11.7789],"properties":{"kind":"ac","ac":153,"name":"Neyveli","pc":"Cuddalore","mla":"R. Rajendran","mla_party":"AIADMK","mp":"M. K. Vishnu Prasad","mp_party":"INC"},"geometry":{"type":"Polygon","coordinates":[[[79.4606,11.7577],[79.4719,11.7789],[79.493,11.7729],[79.502,11.7654],[79.5103,11.7741],[79.5199,11.7672],[79.522,11.7521],[79.5389,11.7554],[79.5483,11.7621],[79.5551,11.7593],[79.5558,11.7383],[79.5729,11.7455],[79.5755,11.7359],[79.5847,11.7304],[79.5935,11.7311],[79.5945,11.7264],[79.6035,11.7241],[79.6044,11.7148],[79.609,11.7083],[79.6256,11.7099],[79.6442,11.7013],[79.647,11.6813],[79.6718,11.6786],[79.6772,11.6735],[79.6917,11.6718],[79.6885,11.6684],[79.6738,11.6689],[79.6692,11.6487],[79.6561,11.6405],[79.6367,11.6402],[79.6323,11.6452],[79.6256,11.6448],[79.6217,11.6352],[79.6255,11.6276],[79.6255,11.6139],[79.6176,11.6118],[79.6088,11.6143],[79.6087,11.6093],[79.6161,11.6028],[79.6113,11.595],[79.6073,11.5975],[79.6058,11.5923],[79.5895,11.5904],[79.5807,11.5831],[79.5719,11.5864],[79.555,11.5831],[79.5496,11.5665],[79.5452,11.5643],[79.5327,11.5646],[79.5236,11.5607],[79.5136,11.5679],[79.5043,11.5699],[79.5038,11.5653],[79.4949,11.5676],[79.4944,11.5736],[79.4828,11.5697],[79.4686,11.5792],[79.4698,11.59],[79.4657,11.5909],[79.4656,11.5879],[79.4572,11.5854],[79.4521,11.5867],[79.4482,11.5959],[79.4414,11.5952],[79.4366,11.6024],[79.4388,11.6107],[79.4466,11.6124],[79.4513,11.6189],[79.4706,11.6196],[79.4702,11.6258],[79.4533,11.6296],[79.4329,11.6587],[79.4317,11.6658],[79.4442,11.6659],[79.4417,11.689],[79.4372,11.6916],[79.4345,11.7033],[79.4371,11.718],[79.4346,11.7254],[79.4284,11.7307],[79.4393,11.7364],[79.457,11.7374],[79.4627,11.7428],[79.4606,11.7577]]]}},{"type":"Feature","bbox":[79.4306,11.7299,79.6867,11.872],"properties":{"kind":"ac","ac":154,"name":"Panruti","pc":"Cuddalore","mla":"K. Mohan","mla_party":"AIADMK","mp":"M. K. Vishnu Prasad","mp_party":"INC"},"geometry":{"type":"Polygon","coordinates":[[[79.4551,11.8712],[79.4683,11.872],[79.5094,11.8578],[79.5281,11.8575],[79.5644,11.8401],[79.5815,11.8433],[79.5908,11.8412],[79.6026,11.83],[79.6174,11.8241],[79.623,11.8132],[79.6404,11.7986],[79.6494,11.8003],[79.6652,11.8104],[79.6706,11.8096],[79.6867,11.7916],[79.6839,11.7787],[79.6847,11.7457],[79.677,11.7399],[79.664,11.7394],[79.6629,11.7299],[79.6574,11.7341],[79.6582,11.7395],[79.6551,11.7416],[79.6223,11.7416],[79.6099,11.7486],[79.6041,11.7375],[79.5881,11.7301],[79.5754,11.7361],[79.5729,11.7455],[79.5558,11.7383],[79.5569,11.7582],[79.5483,11.7621],[79.5389,11.7554],[79.5218,11.7522],[79.5199,11.7672],[79.5103,11.7741],[79.502,11.7654],[79.493,11.7729],[79.4719,11.7789],[79.4638,11.7675],[79.453,11.7696],[79.4502,11.7644],[79.4463,11.7639],[79.442,11.7682],[79.4361,11.7681],[79.4353,11.7754],[79.4306,11.7782],[79.4388,11.7888],[79.4377,11.7944],[79.4423,11.8099],[79.4513,11.8089],[79.4531,11.8112],[79.4655,11.8075],[79.4643,11.8005],[79.47,11.7996],[79.4723,11.8058],[79.4776,11.8057],[79.4821,11.8118],[79.4765,11.8234],[79.481,11.8294],[79.4799,11.8375],[79.4705,11.8349],[79.4688,11.8443],[79.4722,11.8472],[79.4512,11.8489],[79.451,11.8627],[79.4551,11.8712]]]}},{"type":"Feature","bbox":[79.5194,11.4877,79.7769,11.7655],"properties":{"kind":"ac","ac":156,"name":"Kurinjipadi","pc":"Cuddalore","mla":"M. R. K. Panneerselvam","mla_party":"DMK","mp":"M. K. Vishnu Prasad","mp_party":"INC"},"geometry":{"type":"Polygon","coordinates":[[[79.6842,11.7655],[79.7111,11.7642],[79.7116,11.7599],[79.7237,11.7583],[79.7227,11.7492],[79.7281,11.7428],[79.7337,11.7447],[79.7392,11.7412],[79.7345,11.7325],[79.7495,11.7274],[79.7463,11.7194],[79.7537,11.7194],[79.7544,11.7143],[79.7511,11.7102],[79.7679,11.7052],[79.7684,11.7018],[79.7708,11.7055],[79.7751,11.7052],[79.7769,11.7],[79.7607,11.622],[79.7572,11.5672],[79.7447,11.567],[79.7312,11.5732],[79.7261,11.5662],[79.7107,11.564],[79.7083,11.557],[79.7044,11.556],[79.7039,11.5483],[79.6881,11.5429],[79.6688,11.5446],[79.6684,11.5413],[79.6723,11.5413],[79.6704,11.5373],[79.675,11.5367],[79.6625,11.5135],[79.6482,11.5096],[79.6462,11.5059],[79.6354,11.5036],[79.6315,11.5177],[79.629,11.5172],[79.6287,11.5264],[79.6139,11.5221],[79.6111,11.5149],[79.6049,11.5156],[79.6051,11.5207],[79.6004,11.5209],[79.5981,11.5042],[79.5886,11.5034],[79.5882,11.5069],[79.5757,11.5088],[79.5755,11.5026],[79.5522,11.5026],[79.5518,11.4965],[79.5451,11.4893],[79.5416,11.4915],[79.5338,11.4877],[79.5251,11.4917],[79.5195,11.4978],[79.5194,11.5045],[79.5283,11.5112],[79.5306,11.5252],[79.5344,11.5242],[79.5333,11.5292],[79.5362,11.5332],[79.5334,11.5341],[79.5394,11.5394],[79.5337,11.5479],[79.5218,11.5514],[79.5236,11.5607],[79.5326,11.5646],[79.5488,11.5656],[79.5556,11.5834],[79.5719,11.5864],[79.5807,11.5831],[79.5895,11.5904],[79.6058,11.5923],[79.6073,11.5975],[79.6114,11.595],[79.6161,11.6028],[79.6087,11.6093],[79.6088,11.6143],[79.6176,11.6118],[79.6255,11.6139],[79.6255,11.6276],[79.6217,11.6352],[79.6256,11.6448],[79.6323,11.6452],[79.6367,11.6402],[79.6561,11.6405],[79.6692,11.6487],[79.6738,11.6689],[79.6885,11.6684],[79.6918,11.6719],[79.6772,11.6735],[79.6718,11.6786],[79.6468,11.6814],[79.6442,11.7013],[79.6256,11.7099],[79.609,11.7083],[79.6044,11.7148],[79.6035,11.724],[79.5942,11.7266],[79.5938,11.7333],[79.6043,11.7377],[79.6103,11.7486],[79.6223,11.7416],[79.6551,11.7416],[79.6582,11.7395],[79.6574,11.7341],[79.6632,11.7299],[79.664,11.7394],[79.677,11.7399],[79.6847,11.7457],[79.6842,11.7655]]]}},{"type":"Feature","bbox":[79.3365,11.3549,79.6731,11.6024],"properties":{"kind":"ac","ac":157,"name":"Bhuvanagiri","pc":"Chidambaram","mla":"A. Arunmozhithevan","mla_party":"AIADMK","mp":"Thol. Thirumavalavan","mp_party":"VCK"},"geometry":{"type":"Polygon","coordinates":[[[79.4367,11.6024],[79.4414,11.5952],[79.4482,11.5959],[79.4521,11.5867],[79.4572,11.5854],[79.4656,11.5879],[79.4657,11.5909],[79.4698,11.59],[79.4686,11.5792],[79.4828,11.5697],[79.4944,11.5736],[79.4949,11.5676],[79.5038,11.5653],[79.5043,11.5699],[79.5239,11.5624],[79.5218,11.5514],[79.5337,11.5479],[79.5394,11.5394],[79.5334,11.5341],[79.5362,11.5332],[79.5333,11.5292],[79.5344,11.5242],[79.5306,11.5252],[79.5283,11.5112],[79.52,11.5058],[79.5188,11.5007],[79.5225,11.4936],[79.5338,11.4877],[79.5416,11.4915],[79.5451,11.4893],[79.5518,11.4965],[79.5522,11.5026],[79.5755,11.5026],[79.5757,11.5088],[79.5882,11.5069],[79.5886,11.5034],[79.5981,11.5042],[79.6004,11.5209],[79.6051,11.5207],[79.6049,11.5156],[79.6111,11.5149],[79.6139,11.5221],[79.6287,11.5264],[79.629,11.5172],[79.6315,11.5177],[79.6354,11.5036],[79.6572,11.512],[79.657,11.4997],[79.6644,11.4989],[79.6655,11.4956],[79.6628,11.4854],[79.6589,11.4846],[79.6575,11.4708],[79.6531,11.4708],[79.6537,11.4611],[79.6439,11.4562],[79.6449,11.4517],[79.6506,11.4561],[79.6561,11.4536],[79.6685,11.4552],[79.6717,11.4505],[79.6731,11.4443],[79.6664,11.4432],[79.6614,11.4355],[79.6629,11.4312],[79.6701,11.431],[79.6706,11.4245],[79.6676,11.4239],[79.6673,11.4191],[79.6723,11.4091],[79.6726,11.3912],[79.6676,11.3765],[79.6598,11.3733],[79.6414,11.3785],[79.6216,11.3736],[79.6213,11.3681],[79.6283,11.3614],[79.5643,11.3549],[79.5615,11.3675],[79.5373,11.3629],[79.5309,11.385],[79.5357,11.3992],[79.5345,11.4139],[79.531,11.4175],[79.5328,11.4324],[79.5259,11.4295],[79.5096,11.4299],[79.4927,11.4341],[79.4587,11.4213],[79.4568,11.4161],[79.4442,11.4201],[79.4319,11.4309],[79.4132,11.4319],[79.4023,11.436],[79.3874,11.4462],[79.3757,11.4477],[79.3673,11.4558],[79.3515,11.4522],[79.3365,11.4626],[79.3378,11.5016],[79.3445,11.5029],[79.3445,11.5212],[79.3496,11.5199],[79.3503,11.5147],[79.3556,11.5173],[79.3521,11.5034],[79.359,11.5005],[79.3594,11.4931],[79.366,11.491],[79.3738,11.5107],[79.3726,11.5211],[79.3682,11.5222],[79.3702,11.5326],[79.3902,11.5369],[79.4026,11.5251],[79.4136,11.5205],[79.4116,11.5492],[79.4212,11.5485],[79.4225,11.5563],[79.4327,11.5578],[79.4426,11.5515],[79.4484,11.5581],[79.4421,11.5603],[79.4453,11.5883],[79.4388,11.5911],[79.4348,11.5972],[79.4367,11.6024]]]}},{"type":"Feature","bbox":[79.6321,11.3216,79.813,11.5732],"properties":{"kind":"ac","ac":158,"name":"Chidambaram","pc":"Chidambaram","mla":"M. Thamimum Ansari","mla_party":"DMK","mp":"Thol. Thirumavalavan","mp_party":"VCK"},"geometry":{"type":"Polygon","coordinates":[[[79.7572,11.5672],[79.759,11.5449],[79.7686,11.5148],[79.7784,11.5069],[79.7785,11.5],[79.8027,11.4554],[79.8114,11.4322],[79.813,11.424],[79.8037,11.3819],[79.7913,11.3726],[79.7641,11.3819],[79.7567,11.3728],[79.7591,11.3525],[79.7255,11.3462],[79.697,11.3216],[79.6912,11.3306],[79.6922,11.334],[79.6881,11.3338],[79.6908,11.3482],[79.6755,11.3479],[79.6738,11.3406],[79.6697,11.3407],[79.672,11.3369],[79.6594,11.3428],[79.6525,11.3374],[79.6475,11.3405],[79.6407,11.3375],[79.6412,11.3341],[79.6346,11.3265],[79.6321,11.3359],[79.6405,11.3533],[79.6349,11.3548],[79.635,11.3652],[79.6422,11.3707],[79.6384,11.3775],[79.6637,11.3741],[79.6683,11.3774],[79.6723,11.3882],[79.6724,11.4088],[79.6673,11.4192],[79.6676,11.4239],[79.6706,11.4245],[79.6701,11.431],[79.6629,11.4312],[79.6614,11.4355],[79.6664,11.4432],[79.6731,11.4443],[79.6716,11.4509],[79.6683,11.4553],[79.6561,11.4536],[79.6506,11.4561],[79.6449,11.4517],[79.6439,11.4562],[79.6537,11.4611],[79.6531,11.4708],[79.6575,11.4708],[79.659,11.4847],[79.663,11.4859],[79.6655,11.4979],[79.6573,11.4994],[79.6556,11.506],[79.675,11.5367],[79.6704,11.5373],[79.6723,11.5413],[79.6684,11.5413],[79.6688,11.5446],[79.6881,11.5429],[79.7039,11.5483],[79.7044,11.556],[79.7083,11.557],[79.7107,11.564],[79.7261,11.5662],[79.7312,11.5732],[79.7447,11.567],[79.7572,11.5672]]]}},{"type":"Feature","bbox":[79.3218,11.1505,79.697,11.4626],"properties":{"kind":"ac","ac":159,"name":"Kattumannarkoil","pc":"Chidambaram","mla":"L. E. Jothimani","mla_party":"VCK","mp":"Thol. Thirumavalavan","mp_party":"VCK"},"geometry":{"type":"Polygon","coordinates":[[[79.3365,11.4626],[79.3515,11.4522],[79.3673,11.4558],[79.3757,11.4477],[79.3874,11.4462],[79.4023,11.436],[79.4132,11.4319],[79.4319,11.4309],[79.4442,11.4201],[79.4568,11.4161],[79.4587,11.4213],[79.4927,11.4341],[79.5096,11.4299],[79.5259,11.4295],[79.5328,11.4324],[79.531,11.4175],[79.5345,11.4139],[79.5357,11.3992],[79.5309,11.385],[79.5373,11.3629],[79.5615,11.3675],[79.5643,11.3549],[79.6283,11.3614],[79.6213,11.3681],[79.6216,11.3736],[79.6389,11.3769],[79.6422,11.3707],[79.635,11.3652],[79.6349,11.3548],[79.6405,11.3533],[79.6321,11.3359],[79.6346,11.3265],[79.6412,11.3341],[79.6407,11.3375],[79.6475,11.3405],[79.6525,11.3374],[79.6594,11.3428],[79.672,11.3369],[79.6697,11.3407],[79.6738,11.3406],[79.6755,11.3479],[79.6908,11.3482],[79.6881,11.3338],[79.6922,11.334],[79.6912,11.3306],[79.697,11.3216],[79.6774,11.3081],[79.6561,11.3034],[79.6467,11.2951],[79.6427,11.2824],[79.6494,11.262],[79.6466,11.2493],[79.6335,11.2466],[79.6234,11.2552],[79.6164,11.2556],[79.6113,11.2492],[79.6083,11.229],[79.5977,11.2182],[79.5629,11.209],[79.527,11.1839],[79.5001,11.1757],[79.4586,11.1505],[79.4558,11.1559],[79.46,11.1594],[79.4638,11.1706],[79.4723,11.1773],[79.4817,11.1777],[79.5004,11.203],[79.5058,11.2232],[79.5103,11.2282],[79.4951,11.2485],[79.495,11.2586],[79.5039,11.2578],[79.5052,11.2646],[79.5038,11.2725],[79.5011,11.2727],[79.5017,11.2911],[79.4976,11.2931],[79.4953,11.3033],[79.4985,11.3139],[79.4878,11.3167],[79.474,11.3138],[79.4711,11.318],[79.4635,11.3183],[79.4644,11.3209],[79.4611,11.3206],[79.4584,11.3274],[79.4555,11.3256],[79.4523,11.3283],[79.4491,11.3349],[79.4379,11.3335],[79.4314,11.3447],[79.4371,11.349],[79.4377,11.3572],[79.4287,11.3571],[79.4265,11.3656],[79.4243,11.3605],[79.4088,11.3647],[79.4057,11.3539],[79.4006,11.3498],[79.3955,11.3534],[79.3939,11.3666],[79.3895,11.3686],[79.3944,11.3771],[79.3916,11.3782],[79.3922,11.3881],[79.39,11.3879],[79.3908,11.3973],[79.3943,11.4017],[79.3801,11.4104],[79.3779,11.4016],[79.3855,11.4019],[79.3843,11.397],[79.3733,11.3984],[79.3781,11.4113],[79.3723,11.4149],[79.3696,11.432],[79.3573,11.439],[79.3451,11.4365],[79.3442,11.4423],[79.3384,11.4412],[79.3381,11.4443],[79.3319,11.4451],[79.3319,11.4415],[79.3293,11.4414],[79.3269,11.4467],[79.322,11.4472],[79.3218,11.4508],[79.3254,11.451],[79.3309,11.4614],[79.3365,11.4626]]]}},{"type":"Feature","bbox":[79.6427,11.1288,79.8551,11.424],"properties":{"kind":"ac","ac":160,"name":"Sirkazhi","pc":"Mayiladuthurai","mla":"R. Senthilselvan","mla_party":"DMK","mp":"Sudha Ramakrishnan","mp_party":"INC"},"geometry":{"type":"Polygon","coordinates":[[[79.813,11.424],[79.823,11.3798],[79.8323,11.3606],[79.8365,11.3583],[79.8313,11.3589],[79.8321,11.3566],[79.8431,11.3512],[79.8359,11.3316],[79.8352,11.3111],[79.8551,11.1856],[79.8409,11.1846],[79.8378,11.1789],[79.8282,11.1766],[79.8299,11.1675],[79.8098,11.168],[79.8041,11.1654],[79.8007,11.1491],[79.7893,11.1514],[79.7623,11.1478],[79.7516,11.1509],[79.7513,11.1467],[79.7476,11.1459],[79.7434,11.1495],[79.745,11.1526],[79.7387,11.1465],[79.7112,11.1423],[79.6996,11.1306],[79.6933,11.1288],[79.6923,11.1465],[79.6961,11.1589],[79.7072,11.1534],[79.7164,11.1621],[79.7204,11.1615],[79.7203,11.1653],[79.7134,11.1677],[79.7112,11.1753],[79.6989,11.1704],[79.6996,11.1656],[79.6949,11.1655],[79.6924,11.171],[79.6986,11.1767],[79.6955,11.1802],[79.6821,11.1701],[79.6797,11.164],[79.6747,11.1654],[79.6716,11.1732],[79.6732,11.1835],[79.6691,11.1842],[79.67,11.1897],[79.6653,11.2005],[79.6719,11.2091],[79.6738,11.2189],[79.6661,11.2176],[79.6676,11.2208],[79.6635,11.2259],[79.6692,11.2256],[79.6537,11.2358],[79.6595,11.2469],[79.6557,11.2454],[79.648,11.251],[79.6494,11.262],[79.6427,11.2807],[79.6447,11.2912],[79.6561,11.3034],[79.6761,11.3076],[79.6905,11.3163],[79.7244,11.3456],[79.7591,11.3525],[79.7567,11.3728],[79.7641,11.3819],[79.7913,11.3726],[79.8032,11.3811],[79.813,11.424]]]}},{"type":"Feature","bbox":[79.5269,11.0562,79.7204,11.2556],"properties":{"kind":"ac","ac":161,"name":"Mayiladuthurai","pc":"Mayiladuthurai","mla":"Jamal Mohamed Younoos","mla_party":"INC","mp":"Sudha Ramakrishnan","mp_party":"INC"},"geometry":{"type":"Polygon","coordinates":[[[79.648,11.251],[79.6557,11.2454],[79.6595,11.2469],[79.6537,11.2358],[79.6692,11.2256],[79.6635,11.2259],[79.6676,11.2208],[79.6661,11.2176],[79.6738,11.2189],[79.6719,11.2091],[79.6653,11.2005],[79.67,11.1897],[79.6691,11.1842],[79.6732,11.1835],[79.6716,11.1732],[79.6747,11.1654],[79.6797,11.164],[79.6821,11.1701],[79.6955,11.1802],[79.6986,11.1767],[79.6924,11.171],[79.6949,11.1655],[79.6996,11.1656],[79.6989,11.1704],[79.7112,11.1753],[79.7134,11.1677],[79.7203,11.1653],[79.7204,11.1615],[79.7164,11.1621],[79.7072,11.1534],[79.6961,11.1589],[79.6923,11.1465],[79.6941,11.1007],[79.7013,11.1006],[79.6973,11.0952],[79.713,11.0946],[79.7113,11.0873],[79.6974,11.0898],[79.6926,11.0877],[79.691,11.0829],[79.6949,11.0779],[79.682,11.0629],[79.6803,11.068],[79.677,11.064],[79.6524,11.0669],[79.6492,11.0562],[79.6463,11.0621],[79.6198,11.0628],[79.6151,11.0681],[79.5916,11.0622],[79.5825,11.0706],[79.579,11.0705],[79.5795,11.0615],[79.574,11.0594],[79.5661,11.0633],[79.5523,11.0611],[79.5486,11.0755],[79.5526,11.0782],[79.5522,11.0841],[79.5438,11.087],[79.541,11.0847],[79.5483,11.1046],[79.5416,11.1047],[79.5415,11.0954],[79.5362,11.0987],[79.5361,11.102],[79.5383,11.1098],[79.5422,11.109],[79.5413,11.1117],[79.5458,11.1134],[79.5438,11.1169],[79.5503,11.1146],[79.5525,11.1235],[79.5486,11.1229],[79.549,11.1269],[79.5514,11.1251],[79.5536,11.1283],[79.5511,11.1301],[79.5553,11.1324],[79.5562,11.1284],[79.5613,11.1321],[79.5628,11.1383],[79.5728,11.1481],[79.5664,11.1491],[79.5656,11.1552],[79.5579,11.1546],[79.5571,11.1631],[79.5397,11.1627],[79.5381,11.1806],[79.5312,11.178],[79.5269,11.1839],[79.5629,11.209],[79.6025,11.2217],[79.6083,11.229],[79.6113,11.2492],[79.6164,11.2556],[79.6234,11.2552],[79.6335,11.2466],[79.648,11.251]]]}},{"type":"Feature","bbox":[79.5083,10.9595,79.8584,11.1856],"properties":{"kind":"ac","ac":162,"name":"Poompuhar","pc":"Mayiladuthurai","mla":"Nivedha M. Murugan","mla_party":"DMK","mp":"Sudha Ramakrishnan","mp_party":"INC"},"geometry":{"type":"Polygon","coordinates":[[[79.8551,11.1856],[79.8584,11.1293],[79.8544,10.9833],[79.8506,10.9874],[79.8512,10.9943],[79.8394,10.9959],[79.8402,11.0021],[79.8319,11.0029],[79.8279,10.9982],[79.8229,11.0008],[79.8206,10.9982],[79.8152,11.0038],[79.8131,10.9992],[79.8042,10.9977],[79.8062,10.993],[79.8037,10.9922],[79.804,10.9871],[79.8018,10.9881],[79.7977,10.9826],[79.7863,10.9897],[79.789,10.992],[79.786,10.9974],[79.7835,10.9948],[79.7798,10.9987],[79.7666,10.9974],[79.7557,11.0038],[79.7467,11.0026],[79.7481,10.9964],[79.7315,10.9946],[79.7297,10.9985],[79.7212,10.999],[79.7165,11.0085],[79.7067,11.0066],[79.7009,11.0153],[79.6713,11.0172],[79.667,11.0141],[79.6422,11.0101],[79.6405,11.0001],[79.6338,11.0004],[79.6356,10.9956],[79.6315,10.9925],[79.6348,10.9934],[79.6351,10.9894],[79.6306,10.9867],[79.6325,10.981],[79.6254,10.9789],[79.6253,10.9826],[79.6039,10.9825],[79.6038,10.9781],[79.6079,10.9757],[79.6044,10.9765],[79.6033,10.9717],[79.5967,10.9739],[79.5957,10.9778],[79.5908,10.9767],[79.5905,10.9828],[79.5851,10.9833],[79.5771,10.9825],[79.574,10.9759],[79.5769,10.9719],[79.5743,10.9707],[79.5691,10.9711],[79.5682,10.9767],[79.5632,10.9769],[79.5563,10.9747],[79.5534,10.9675],[79.5464,10.9683],[79.5444,10.9657],[79.5329,10.9682],[79.5322,10.9612],[79.5281,10.9595],[79.5261,10.9631],[79.5297,10.9691],[79.515,10.9708],[79.5133,10.9824],[79.5083,10.983],[79.5116,10.9883],[79.524,10.9887],[79.5229,10.9973],[79.5475,11.0004],[79.5411,11.0043],[79.5421,11.0084],[79.5317,11.0109],[79.5235,11.0085],[79.525,11.0166],[79.5321,11.0141],[79.5317,11.0223],[79.5298,11.0269],[79.5255,11.025],[79.5117,11.0277],[79.514,11.0312],[79.5109,11.0423],[79.5183,11.0467],[79.5225,11.0541],[79.5307,11.0563],[79.532,11.0618],[79.5372,11.0659],[79.5368,11.0705],[79.5441,11.0754],[79.5486,11.0755],[79.5526,11.061],[79.5661,11.0633],[79.574,11.0594],[79.5795,11.0615],[79.579,11.0705],[79.5822,11.0706],[79.5916,11.0622],[79.6151,11.0681],[79.6198,11.0628],[79.6463,11.0621],[79.6492,11.0562],[79.6524,11.0669],[79.677,11.064],[79.6803,11.068],[79.682,11.0629],[79.6949,11.0779],[79.691,11.0829],[79.6926,11.0877],[79.6974,11.0898],[79.7113,11.0873],[79.713,11.0946],[79.6973,11.0952],[79.7013,11.1006],[79.6941,11.1007],[79.6933,11.1188],[79.6933,11.1288],[79.6996,11.1306],[79.7112,11.1423],[79.7387,11.1465],[79.745,11.1526],[79.7434,11.1495],[79.7476,11.1459],[79.7513,11.1467],[79.7516,11.1509],[79.7623,11.1478],[79.7893,11.1514],[79.8007,11.1491],[79.8041,11.1654],[79.8098,11.168],[79.8299,11.1675],[79.8282,11.1766],[79.8378,11.1789],[79.8409,11.1846],[79.8551,11.1856]]]}},{"type":"Feature","bbox":[79.6256,10.74,79.8527,10.9279],"properties":{"kind":"ac","ac":163,"name":"Nagapattinam","pc":"Nagapattinam","mla":"M. H. Jawahirullah","mla_party":"DMK","mp":"Selvaraj V","mp_party":"CPI"},"geometry":{"type":"MultiPolygon","coordinates":[[[[79.7001,10.9186],[79.705,10.9248],[79.7066,10.9196],[79.7203,10.9132],[79.7196,10.9186],[79.7253,10.9214],[79.7354,10.9175],[79.7382,10.9096],[79.7449,10.9146],[79.7589,10.9167],[79.763,10.9135],[79.7575,10.9079],[79.7594,10.9019],[79.7578,10.902],[79.7569,10.8965],[79.7613,10.9018],[79.7635,10.8999],[79.7558,10.8947],[79.7578,10.8915],[79.7679,10.8925],[79.7651,10.8963],[79.7769,10.8966],[79.7773,10.909],[79.782,10.9063],[79.7897,10.9084],[79.7953,10.9028],[79.7913,10.9049],[79.7938,10.8988],[79.7825,10.8954],[79.7836,10.8885],[79.7899,10.8904],[79.7903,10.8949],[79.7952,10.8909],[79.7946,10.8876],[79.8043,10.8911],[79.807,10.8876],[79.8285,10.8838],[79.8246,10.8805],[79.8112,10.8804],[79.811,10.8756],[79.8223,10.8743],[79.8248,10.8649],[79.8116,10.8597],[79.8074,10.8655],[79.8079,10.8557],[79.821,10.8456],[79.828,10.8497],[79.831,10.8274],[79.8527,10.8269],[79.851,10.7552],[79.8457,10.7532],[79.8316,10.7559],[79.8307,10.753],[79.8212,10.7498],[79.8165,10.7511],[79.8137,10.7467],[79.8034,10.7487],[79.8005,10.74],[79.7884,10.7413],[79.7874,10.7452],[79.7723,10.7557],[79.7743,10.7671],[79.7588,10.7705],[79.757,10.7802],[79.7621,10.7826],[79.7633,10.789],[79.7709,10.7887],[79.7759,10.7786],[79.7828,10.7784],[79.7859,10.7854],[79.7929,10.7858],[79.8025,10.797],[79.8048,10.8032],[79.7984,10.8047],[79.799,10.8078],[79.8116,10.8078],[79.8126,10.8101],[79.7754,10.8184],[79.779,10.8326],[79.7695,10.8322],[79.7689,10.8356],[79.7647,10.8351],[79.7654,10.8312],[79.7571,10.8333],[79.7584,10.8295],[79.7526,10.8235],[79.7479,10.8352],[79.7403,10.8291],[79.7371,10.8317],[79.7365,10.8237],[79.7415,10.8246],[79.7422,10.8222],[79.7463,10.8279],[79.7519,10.822],[79.7491,10.8135],[79.7334,10.8088],[79.7322,10.8031],[79.7292,10.8034],[79.7303,10.8091],[79.7227,10.8067],[79.7212,10.8087],[79.7261,10.813],[79.7264,10.8291],[79.709,10.8294],[79.7085,10.8257],[79.7028,10.8253],[79.6959,10.8324],[79.6904,10.8315],[79.6843,10.8293],[79.6837,10.8164],[79.6587,10.8174],[79.658,10.806],[79.6489,10.8101],[79.6459,10.8163],[79.6321,10.8156],[79.6298,10.8225],[79.6513,10.8238],[79.6523,10.8275],[79.6483,10.8292],[79.6483,10.8341],[79.6532,10.8348],[79.6542,10.8402],[79.6458,10.8508],[79.6256,10.8599],[79.6275,10.8659],[79.6389,10.8608],[79.6365,10.8686],[79.647,10.8693],[79.6469,10.8745],[79.6522,10.8748],[79.6499,10.8863],[79.6537,10.8854],[79.6544,10.8925],[79.6652,10.9002],[79.6682,10.9138],[79.6799,10.9139],[79.6811,10.9279],[79.6889,10.9256],[79.6897,10.9199],[79.7001,10.9186]],[[79.8099,10.8784],[79.8091,10.8807],[79.806,10.8797],[79.8069,10.8777],[79.8099,10.8784]]],[[[79.7703,10.9015],[79.7677,10.8988],[79.766,10.8995],[79.7671,10.9013],[79.7703,10.9015]]],[[[79.764,10.9123],[79.7678,10.9018],[79.7621,10.9016],[79.765,10.9042],[79.7624,10.9063],[79.764,10.9123]]]]}},{"type":"Feature","bbox":[79.6494,10.5457,79.8587,10.8352],"properties":{"kind":"ac","ac":164,"name":"Kilvelur","pc":"Nagapattinam","mla":"T. Latha","mla_party":"CPI(M)","mp":"Selvaraj V","mp_party":"CPI"},"geometry":{"type":"Polygon","coordinates":[[[79.7647,10.8351],[79.7695,10.8322],[79.779,10.8326],[79.7754,10.8184],[79.8126,10.8101],[79.8116,10.8078],[79.799,10.8078],[79.7984,10.8047],[79.8048,10.8032],[79.8025,10.797],[79.7929,10.7858],[79.7859,10.7854],[79.7828,10.7784],[79.7759,10.7786],[79.7709,10.7887],[79.7633,10.789],[79.7621,10.7826],[79.757,10.7802],[79.7588,10.7705],[79.7743,10.7671],[79.7723,10.7557],[79.7874,10.7452],[79.7884,10.7413],[79.8005,10.74],[79.8034,10.7487],[79.8137,10.7467],[79.8165,10.7511],[79.8212,10.7498],[79.8307,10.753],[79.8316,10.7559],[79.8457,10.7532],[79.851,10.7552],[79.8534,10.6267],[79.8587,10.5542],[79.8332,10.5516],[79.8323,10.5471],[79.8129,10.5457],[79.81,10.5518],[79.8067,10.5524],[79.8062,10.5599],[79.7972,10.5619],[79.7999,10.5679],[79.7955,10.5681],[79.799,10.5759],[79.7957,10.5824],[79.7842,10.5863],[79.7664,10.5813],[79.7632,10.5828],[79.7617,10.5796],[79.7547,10.5811],[79.7528,10.5784],[79.7547,10.5902],[79.7477,10.5962],[79.7447,10.5911],[79.7372,10.5885],[79.7179,10.5907],[79.7174,10.5947],[79.7134,10.596],[79.7051,10.5952],[79.7042,10.5884],[79.6902,10.5955],[79.6858,10.5886],[79.6742,10.5931],[79.6701,10.5863],[79.6711,10.5926],[79.6676,10.6009],[79.6589,10.6042],[79.6572,10.6153],[79.6712,10.6173],[79.6728,10.6261],[79.668,10.6348],[79.6494,10.6429],[79.6495,10.6525],[79.6531,10.652],[79.6543,10.6577],[79.6657,10.6509],[79.6702,10.6689],[79.6746,10.6717],[79.6759,10.6873],[79.6663,10.6958],[79.652,10.7023],[79.6517,10.7065],[79.6555,10.7125],[79.6624,10.7126],[79.6693,10.7078],[79.6721,10.7111],[79.675,10.7089],[79.6779,10.7155],[79.6882,10.7154],[79.6896,10.7237],[79.6847,10.7239],[79.682,10.729],[79.6998,10.7463],[79.6954,10.7635],[79.6997,10.7669],[79.7031,10.7809],[79.7218,10.7946],[79.7254,10.7942],[79.7316,10.8012],[79.7334,10.8088],[79.739,10.8087],[79.7392,10.8117],[79.7453,10.8114],[79.7508,10.816],[79.749,10.8183],[79.7519,10.822],[79.7463,10.8279],[79.7422,10.8222],[79.7415,10.8246],[79.7365,10.8237],[79.7371,10.8317],[79.7403,10.8291],[79.7479,10.8352],[79.7526,10.8235],[79.7584,10.8295],[79.7571,10.8333],[79.7654,10.8312],[79.7647,10.8351]]]}},{"type":"Feature","bbox":[79.6287,10.2719,79.8825,10.5962],"properties":{"kind":"ac","ac":165,"name":"Vedaranyam","pc":"Nagapattinam","mla":"O. S. Manian","mla_party":"AIADMK","mp":"Selvaraj V","mp_party":"CPI"},"geometry":{"type":"Polygon","coordinates":[[[79.7179,10.5907],[79.7372,10.5885],[79.7447,10.5911],[79.7477,10.5962],[79.7547,10.5902],[79.7528,10.5784],[79.7547,10.5811],[79.7617,10.5796],[79.7632,10.5828],[79.7664,10.5813],[79.7842,10.5863],[79.7957,10.5824],[79.799,10.5759],[79.7955,10.5681],[79.7999,10.5679],[79.7972,10.5619],[79.8062,10.5599],[79.8067,10.5524],[79.81,10.5518],[79.8129,10.5457],[79.8323,10.5471],[79.8332,10.5516],[79.8587,10.5542],[79.8687,10.3756],[79.8825,10.3173],[79.877,10.2962],[79.8619,10.2831],[79.8236,10.2755],[79.773,10.2719],[79.7103,10.2778],[79.7005,10.315],[79.6698,10.3389],[79.633,10.3618],[79.6346,10.3866],[79.6287,10.4001],[79.6333,10.4207],[79.6299,10.4493],[79.6585,10.4516],[79.6592,10.4463],[79.6639,10.4456],[79.6738,10.4526],[79.6893,10.4557],[79.676,10.4845],[79.6988,10.4875],[79.6892,10.5111],[79.7012,10.5107],[79.7016,10.5156],[79.7079,10.5191],[79.7146,10.5308],[79.7251,10.5386],[79.7155,10.5445],[79.7167,10.5483],[79.7109,10.5551],[79.6979,10.5497],[79.6895,10.5514],[79.6878,10.5568],[79.6784,10.5561],[79.6776,10.5676],[79.6686,10.5752],[79.6791,10.5746],[79.6884,10.5842],[79.6733,10.5872],[79.6737,10.5926],[79.6858,10.5886],[79.6902,10.5955],[79.6947,10.595],[79.7059,10.5883],[79.7051,10.5952],[79.7134,10.596],[79.7174,10.5947],[79.7179,10.5907]]]}},{"type":"Feature","bbox":[79.4512,10.2778,79.7249,10.6712],"properties":{"kind":"ac","ac":166,"name":"Thiruthuraipoondi","pc":"Nagapattinam","mla":"K. Marimuthu","mla_party":"CPI","mp":"Selvaraj V","mp_party":"CPI"},"geometry":{"type":"Polygon","coordinates":[[[79.5078,10.6568],[79.5159,10.6574],[79.5246,10.6526],[79.5257,10.6606],[79.5304,10.6662],[79.5355,10.6664],[79.5353,10.6601],[79.5421,10.6597],[79.5433,10.6635],[79.5565,10.6643],[79.5675,10.6712],[79.575,10.6664],[79.5761,10.6594],[79.5858,10.6573],[79.5859,10.6486],[79.6102,10.6527],[79.614,10.6443],[79.6172,10.6453],[79.6147,10.6534],[79.6239,10.6535],[79.6255,10.6555],[79.6216,10.6567],[79.6241,10.659],[79.6305,10.6591],[79.6281,10.6511],[79.6356,10.6474],[79.6343,10.6445],[79.6434,10.6448],[79.6401,10.6405],[79.6487,10.6439],[79.6566,10.6413],[79.6622,10.6357],[79.6681,10.6348],[79.6726,10.6268],[79.6713,10.6174],[79.6588,10.6173],[79.657,10.6144],[79.6589,10.6041],[79.6681,10.5999],[79.6699,10.5865],[79.6883,10.5843],[79.6791,10.5746],[79.6686,10.5752],[79.6776,10.5676],[79.6784,10.5561],[79.6878,10.5568],[79.6895,10.5514],[79.6979,10.5497],[79.7109,10.5551],[79.7167,10.5483],[79.7155,10.5445],[79.7249,10.5394],[79.7146,10.5308],[79.7076,10.5187],[79.7016,10.5156],[79.7012,10.5107],[79.6892,10.5111],[79.6989,10.4876],[79.676,10.4845],[79.6893,10.4557],[79.6738,10.4526],[79.6639,10.4456],[79.6592,10.4463],[79.6585,10.4516],[79.6299,10.4493],[79.6333,10.4207],[79.6287,10.4001],[79.6346,10.3866],[79.633,10.3618],[79.6698,10.3389],[79.7005,10.315],[79.7103,10.2778],[79.6802,10.282],[79.6253,10.2966],[79.5326,10.3067],[79.5166,10.3134],[79.4723,10.3157],[79.4761,10.3506],[79.4886,10.3488],[79.4927,10.3517],[79.5019,10.3489],[79.5052,10.3644],[79.5037,10.3681],[79.49,10.3715],[79.4855,10.3807],[79.4753,10.3722],[79.4674,10.3732],[79.4698,10.3833],[79.4675,10.3875],[79.4597,10.3883],[79.4602,10.3926],[79.4764,10.3933],[79.4756,10.4011],[79.4734,10.4068],[79.4613,10.4066],[79.4648,10.4162],[79.4591,10.4188],[79.4563,10.4268],[79.4512,10.4299],[79.4538,10.4337],[79.4742,10.436],[79.4761,10.4499],[79.4698,10.4623],[79.4795,10.4644],[79.4822,10.4912],[79.4918,10.5179],[79.491,10.5322],[79.4979,10.5345],[79.5007,10.5406],[79.4986,10.5704],[79.5037,10.5828],[79.5006,10.5832],[79.5005,10.5874],[79.5066,10.5995],[79.5057,10.6071],[79.5112,10.6238],[79.5108,10.6519],[79.5078,10.6568]]]}},{"type":"Feature","bbox":[79.301,10.4874,79.524,10.804],"properties":{"kind":"ac","ac":167,"name":"Mannargudi","pc":"Thanjavur","mla":"S. Kamaraj","mla_party":"IND","mp":"S. Murasoli","mp_party":"DMK"},"geometry":{"type":"Polygon","coordinates":[[[79.4411,10.7788],[79.453,10.7758],[79.4585,10.789],[79.4651,10.7884],[79.4662,10.7751],[79.462,10.7632],[79.4644,10.7615],[79.4639,10.7487],[79.4919,10.7491],[79.497,10.7549],[79.5008,10.7504],[79.4993,10.7471],[79.5239,10.7415],[79.524,10.7208],[79.5195,10.7205],[79.5204,10.7235],[79.5178,10.7245],[79.5117,10.7225],[79.5105,10.7167],[79.499,10.716],[79.4971,10.6721],[79.5006,10.6628],[79.5107,10.6522],[79.5112,10.624],[79.5057,10.6071],[79.5066,10.5995],[79.5005,10.5874],[79.5006,10.5832],[79.5037,10.5828],[79.4986,10.5704],[79.5007,10.5406],[79.4979,10.5345],[79.491,10.5322],[79.4917,10.5176],[79.4822,10.4912],[79.4671,10.4929],[79.4607,10.4874],[79.4529,10.4908],[79.4612,10.5039],[79.4689,10.5054],[79.4687,10.5116],[79.4574,10.5138],[79.4567,10.5198],[79.4398,10.5231],[79.4373,10.5308],[79.4233,10.5355],[79.4234,10.5421],[79.4284,10.5458],[79.452,10.5513],[79.452,10.5594],[79.4258,10.5578],[79.4225,10.5494],[79.4048,10.5523],[79.4002,10.554],[79.3981,10.5596],[79.4014,10.5726],[79.3963,10.5803],[79.3831,10.5823],[79.3793,10.5788],[79.3606,10.5788],[79.3515,10.5834],[79.3466,10.5959],[79.3481,10.6071],[79.3534,10.607],[79.3538,10.611],[79.3475,10.6273],[79.3536,10.6315],[79.3573,10.6451],[79.3425,10.6543],[79.3427,10.6585],[79.3176,10.6612],[79.3165,10.6728],[79.3197,10.6846],[79.3065,10.7104],[79.3077,10.7223],[79.301,10.7383],[79.3112,10.7468],[79.3143,10.7454],[79.3127,10.7407],[79.3206,10.7373],[79.3419,10.7398],[79.349,10.7435],[79.3449,10.7458],[79.349,10.7464],[79.3499,10.7503],[79.3534,10.7475],[79.3611,10.7523],[79.3613,10.7651],[79.3453,10.7663],[79.345,10.7808],[79.3512,10.7912],[79.348,10.7958],[79.3701,10.7963],[79.3765,10.804],[79.3972,10.7914],[79.4044,10.7906],[79.4172,10.7747],[79.4226,10.7774],[79.4405,10.7755],[79.4411,10.7788]]]}},{"type":"Feature","bbox":[79.4386,10.6405,79.7319,10.8418],"properties":{"kind":"ac","ac":168,"name":"Thiruvarur","pc":"Nagapattinam","mla":"K. Poondi Kalaivanan","mla_party":"DMK","mp":"Selvaraj V","mp_party":"CPI"},"geometry":{"type":"Polygon","coordinates":[[[79.5182,10.8312],[79.5249,10.8329],[79.5205,10.8396],[79.5288,10.8394],[79.5341,10.8331],[79.5545,10.8337],[79.5598,10.8374],[79.5602,10.8413],[79.5664,10.8418],[79.5719,10.8354],[79.5696,10.8292],[79.5758,10.8255],[79.5888,10.8255],[79.5992,10.8215],[79.6063,10.8116],[79.6049,10.8065],[79.6127,10.7987],[79.6209,10.8107],[79.6369,10.8108],[79.637,10.8164],[79.6459,10.8163],[79.6489,10.8101],[79.658,10.806],[79.6587,10.8174],[79.6837,10.8164],[79.6843,10.8293],[79.6904,10.8315],[79.6959,10.8324],[79.7028,10.8253],[79.7085,10.8257],[79.709,10.8294],[79.7264,10.8291],[79.7261,10.813],[79.7212,10.8087],[79.7227,10.8067],[79.7303,10.8091],[79.7292,10.8034],[79.7319,10.8018],[79.7254,10.7942],[79.7218,10.7946],[79.7029,10.7806],[79.6997,10.7669],[79.6954,10.7635],[79.6998,10.7463],[79.682,10.7289],[79.6847,10.7239],[79.6896,10.7237],[79.6888,10.7163],[79.6779,10.7155],[79.675,10.7089],[79.6721,10.7111],[79.6693,10.7078],[79.6624,10.7126],[79.6555,10.7125],[79.6517,10.7065],[79.652,10.7023],[79.6663,10.6958],[79.6759,10.6874],[79.6746,10.6717],[79.6702,10.6689],[79.6657,10.6509],[79.6543,10.6577],[79.6531,10.652],[79.6495,10.6525],[79.6495,10.6449],[79.6401,10.6405],[79.6434,10.6448],[79.6343,10.6445],[79.6356,10.6474],[79.6281,10.6511],[79.6305,10.6591],[79.6241,10.659],[79.6216,10.6567],[79.6255,10.6555],[79.6239,10.6535],[79.6147,10.6534],[79.6172,10.6453],[79.614,10.6443],[79.6102,10.6527],[79.5872,10.6481],[79.5858,10.6573],[79.5761,10.6594],[79.575,10.6664],[79.5675,10.6712],[79.5565,10.6643],[79.5433,10.6635],[79.5421,10.6597],[79.5353,10.6601],[79.5355,10.6664],[79.5304,10.6662],[79.5244,10.6526],[79.5159,10.6574],[79.5082,10.6566],[79.5006,10.6628],[79.4971,10.6724],[79.4994,10.679],[79.4967,10.6812],[79.499,10.7162],[79.5105,10.7167],[79.5117,10.7225],[79.5178,10.7245],[79.5204,10.7235],[79.5195,10.7205],[79.524,10.7208],[79.5239,10.7415],[79.4993,10.7471],[79.5008,10.7504],[79.497,10.7549],[79.4919,10.7491],[79.4639,10.7487],[79.4644,10.7615],[79.462,10.7632],[79.4662,10.7751],[79.4651,10.7884],[79.4585,10.789],[79.453,10.7758],[79.4454,10.776],[79.4458,10.7793],[79.4411,10.7788],[79.4386,10.785],[79.4476,10.7824],[79.4495,10.7892],[79.4561,10.7904],[79.4512,10.7973],[79.451,10.8044],[79.462,10.8039],[79.4642,10.8066],[79.4562,10.814],[79.4473,10.8311],[79.4537,10.8221],[79.4574,10.8265],[79.4631,10.8226],[79.4675,10.8258],[79.4738,10.8244],[79.4741,10.8321],[79.5057,10.8252],[79.5122,10.8287],[79.5179,10.8275],[79.5182,10.8312]]]}},{"type":"Feature","bbox":[79.2699,10.7747,79.764,11.0172],"properties":{"kind":"ac","ac":169,"name":"Nannilam","pc":"Nagapattinam","mla":"R. Kamaraj","mla_party":"AIADMK","mp":"Selvaraj V","mp_party":"CPI"},"geometry":{"type":"Polygon","coordinates":[[[79.3275,10.9237],[79.3267,10.9214],[79.3311,10.9217],[79.3278,10.9166],[79.3456,10.9104],[79.3608,10.8979],[79.364,10.8998],[79.3693,10.8974],[79.3662,10.8962],[79.3683,10.8941],[79.3927,10.896],[79.3958,10.8923],[79.4058,10.8929],[79.4058,10.8892],[79.4123,10.8836],[79.4163,10.8863],[79.4166,10.8819],[79.4343,10.8768],[79.4581,10.8633],[79.4588,10.8659],[79.4662,10.8648],[79.4647,10.8691],[79.4717,10.87],[79.4719,10.8726],[79.476,10.8726],[79.4777,10.8673],[79.4857,10.8692],[79.4864,10.8773],[79.4839,10.8791],[79.488,10.8836],[79.4882,10.8894],[79.5061,10.8936],[79.5063,10.904],[79.4926,10.9058],[79.4934,10.9165],[79.4842,10.921],[79.4997,10.9326],[79.5013,10.9415],[79.5143,10.9416],[79.5154,10.9467],[79.5186,10.9462],[79.5196,10.9547],[79.5158,10.9551],[79.5143,10.9707],[79.5297,10.9691],[79.5261,10.9631],[79.5281,10.9595],[79.5322,10.9612],[79.5329,10.9682],[79.5444,10.9657],[79.5464,10.9683],[79.5534,10.9675],[79.5563,10.9747],[79.5632,10.9769],[79.5682,10.9767],[79.5691,10.9711],[79.5743,10.9707],[79.5769,10.9719],[79.574,10.9759],[79.5771,10.9825],[79.5851,10.9833],[79.5905,10.9828],[79.5908,10.9767],[79.5957,10.9778],[79.5967,10.9739],[79.6033,10.9717],[79.6044,10.9765],[79.6079,10.9757],[79.6038,10.9781],[79.6039,10.9825],[79.6253,10.9826],[79.6254,10.9789],[79.6325,10.981],[79.6306,10.9867],[79.6351,10.9894],[79.6348,10.9934],[79.6315,10.9925],[79.6356,10.9956],[79.6338,11.0004],[79.6405,11.0001],[79.6405,11.0074],[79.6438,11.011],[79.667,11.0141],[79.6713,11.0172],[79.686,11.0169],[79.7009,11.0153],[79.7084,11.0057],[79.7165,11.0085],[79.7212,10.999],[79.7297,10.9985],[79.7315,10.9946],[79.7481,10.9964],[79.7473,10.9884],[79.7525,10.9881],[79.7528,10.9829],[79.7585,10.9835],[79.7584,10.9799],[79.7528,10.9769],[79.7547,10.9719],[79.7594,10.9722],[79.764,10.9603],[79.7463,10.9563],[79.7446,10.9662],[79.7391,10.9646],[79.7309,10.9705],[79.7192,10.9685],[79.7198,10.9522],[79.7324,10.9512],[79.7332,10.9568],[79.7365,10.9572],[79.7369,10.949],[79.724,10.9419],[79.7271,10.9378],[79.723,10.9361],[79.723,10.935],[79.7291,10.9364],[79.7248,10.929],[79.7355,10.9275],[79.7352,10.9247],[79.7391,10.9263],[79.7384,10.9233],[79.7429,10.9243],[79.7417,10.918],[79.7453,10.9193],[79.7424,10.9105],[79.7367,10.9098],[79.7354,10.9175],[79.7299,10.9203],[79.7201,10.919],[79.7203,10.9132],[79.717,10.9131],[79.7065,10.9197],[79.705,10.9248],[79.6997,10.9185],[79.6897,10.9199],[79.6889,10.9256],[79.6811,10.9279],[79.6799,10.9139],[79.6682,10.9138],[79.6652,10.9002],[79.6544,10.8925],[79.6537,10.8854],[79.6499,10.8863],[79.6522,10.8748],[79.6469,10.8745],[79.647,10.8693],[79.6365,10.8686],[79.6389,10.8608],[79.628,10.8666],[79.6256,10.8599],[79.6458,10.8508],[79.6542,10.8402],[79.6532,10.8348],[79.6483,10.8341],[79.6483,10.8292],[79.6523,10.8275],[79.6513,10.8238],[79.6297,10.8224],[79.6321,10.8156],[79.6361,10.8161],[79.6371,10.8109],[79.6209,10.8107],[79.6151,10.7989],[79.6122,10.7988],[79.6049,10.8065],[79.6063,10.8116],[79.5998,10.8209],[79.5696,10.8292],[79.5719,10.8354],[79.5664,10.8418],[79.5602,10.8413],[79.5598,10.8374],[79.5545,10.8337],[79.5341,10.8331],[79.5288,10.8394],[79.5205,10.8396],[79.524,10.8312],[79.5184,10.8314],[79.5179,10.8275],[79.5122,10.8287],[79.506,10.8252],[79.4741,10.8321],[79.4738,10.8244],[79.4675,10.8258],[79.4631,10.8226],[79.4574,10.8265],[79.4537,10.8221],[79.4473,10.8311],[79.4562,10.814],[79.4643,10.8071],[79.462,10.8039],[79.451,10.8044],[79.4512,10.7973],[79.4561,10.7904],[79.4495,10.7892],[79.4476,10.7824],[79.4386,10.785],[79.4405,10.7755],[79.4226,10.7774],[79.4172,10.7747],[79.4044,10.7906],[79.3972,10.7914],[79.3765,10.804],[79.3718,10.8013],[79.3695,10.8076],[79.3562,10.8058],[79.3498,10.8112],[79.3373,10.8097],[79.3312,10.8142],[79.3246,10.8098],[79.3256,10.8157],[79.3206,10.819],[79.3025,10.8241],[79.2954,10.8327],[79.2874,10.8329],[79.2921,10.8447],[79.2909,10.8633],[79.2863,10.8692],[79.2714,10.8731],[79.2699,10.8789],[79.2768,10.8998],[79.2833,10.9065],[79.2819,10.9108],[79.2907,10.9105],[79.2861,10.9164],[79.2915,10.9235],[79.2885,10.936],[79.3275,10.9237]],[[79.7388,10.9201],[79.7394,10.9214],[79.7391,10.9213],[79.7388,10.9201]],[[79.7202,10.9361],[79.7226,10.9371],[79.7216,10.9383],[79.7202,10.9361]]]}},{"type":"Feature","bbox":[79.3927,10.8633,79.5728,11.1839],"properties":{"kind":"ac","ac":170,"name":"Thiruvidaimarudur","pc":"Mayiladuthurai","mla":"Govi. Chezhian","mla_party":"DMK","mp":"Sudha Ramakrishnan","mp_party":"INC"},"geometry":{"type":"Polygon","coordinates":[[[79.5269,11.1839],[79.5312,11.178],[79.5381,11.1806],[79.5397,11.1627],[79.5571,11.1631],[79.5579,11.1546],[79.5656,11.1552],[79.5664,11.1491],[79.5728,11.1481],[79.5628,11.1383],[79.5613,11.1321],[79.5562,11.1284],[79.5553,11.1324],[79.5511,11.1301],[79.5536,11.1283],[79.5514,11.1251],[79.549,11.1269],[79.5486,11.1229],[79.5525,11.1235],[79.5503,11.1146],[79.5442,11.1172],[79.5428,11.1146],[79.5458,11.1134],[79.5413,11.1117],[79.5422,11.109],[79.5381,11.1096],[79.5362,11.0987],[79.5387,11.0958],[79.5415,11.0954],[79.5421,11.105],[79.5483,11.1046],[79.5489,11.1016],[79.541,11.0847],[79.5438,11.087],[79.5522,11.0841],[79.5526,11.0782],[79.5368,11.0705],[79.5372,11.0659],[79.532,11.0618],[79.5307,11.0563],[79.5225,11.0541],[79.5183,11.0467],[79.5109,11.0423],[79.514,11.0312],[79.5117,11.0277],[79.5255,11.025],[79.5298,11.0269],[79.5317,11.0223],[79.5321,11.0141],[79.525,11.0166],[79.5235,11.0085],[79.5317,11.0109],[79.5421,11.0084],[79.5411,11.0043],[79.5475,11.0004],[79.5229,10.9973],[79.524,10.9887],[79.5116,10.9883],[79.5092,10.9857],[79.5083,10.983],[79.5126,10.9831],[79.5146,10.9797],[79.5139,10.9686],[79.5158,10.9551],[79.5196,10.9547],[79.5186,10.9462],[79.5154,10.9467],[79.5143,10.9416],[79.5013,10.9415],[79.4997,10.9326],[79.4842,10.921],[79.4934,10.9165],[79.4926,10.9058],[79.5063,10.904],[79.5061,10.8936],[79.4882,10.8894],[79.488,10.8836],[79.4839,10.8791],[79.4864,10.8773],[79.4857,10.8692],[79.4777,10.8673],[79.476,10.8726],[79.4719,10.8726],[79.4717,10.87],[79.4647,10.8691],[79.4662,10.8648],[79.4588,10.8659],[79.4581,10.8633],[79.4343,10.8768],[79.4166,10.8819],[79.4163,10.8863],[79.4123,10.8836],[79.4058,10.8892],[79.4058,10.8929],[79.4013,10.8927],[79.4028,10.902],[79.4143,10.8974],[79.4167,10.9149],[79.4137,10.9223],[79.4189,10.924],[79.4191,10.9322],[79.4118,10.9352],[79.4132,10.9438],[79.4081,10.9481],[79.4091,10.9511],[79.4175,10.9517],[79.4232,10.957],[79.4294,10.958],[79.4309,10.9627],[79.4372,10.9655],[79.4398,10.9726],[79.4543,10.9796],[79.4515,10.9828],[79.4399,10.9801],[79.4335,10.9749],[79.4322,10.9692],[79.4224,10.9644],[79.419,10.9681],[79.4054,10.9672],[79.4056,10.9767],[79.4,10.9752],[79.4001,10.9806],[79.4047,10.985],[79.4072,10.9839],[79.4126,10.995],[79.414,11.0158],[79.4173,11.0175],[79.4155,11.0209],[79.4096,11.0201],[79.4079,11.0168],[79.403,11.0202],[79.4125,11.0229],[79.4167,11.028],[79.4148,11.0406],[79.4182,11.0436],[79.4162,11.05],[79.4192,11.0513],[79.4103,11.0621],[79.3965,11.0517],[79.3931,11.0551],[79.3927,11.0635],[79.4134,11.082],[79.4228,11.0978],[79.4307,11.1206],[79.4577,11.1497],[79.5001,11.1757],[79.5269,11.1839]]]}},{"type":"Feature","bbox":[79.311,10.8923,79.4543,11.0635],"properties":{"kind":"ac","ac":171,"name":"Kumbakonam","pc":"Mayiladuthurai","mla":"R. Vinoth","mla_party":"TVK","mp":"Sudha Ramakrishnan","mp_party":"INC"},"geometry":{"type":"Polygon","coordinates":[[[79.3933,11.0549],[79.3966,11.0517],[79.4036,11.0595],[79.4103,11.0621],[79.4192,11.0513],[79.4162,11.05],[79.4182,11.0436],[79.4148,11.0406],[79.4167,11.028],[79.4125,11.0229],[79.403,11.0202],[79.4079,11.0168],[79.4096,11.0201],[79.4155,11.0209],[79.4173,11.0175],[79.414,11.0158],[79.4126,10.995],[79.4072,10.9839],[79.4047,10.985],[79.4001,10.9806],[79.4,10.9752],[79.4056,10.9767],[79.4054,10.9672],[79.419,10.9681],[79.4224,10.9644],[79.4322,10.9692],[79.4335,10.9749],[79.4399,10.9801],[79.4515,10.9828],[79.4543,10.9794],[79.4398,10.9726],[79.4372,10.9655],[79.4309,10.9627],[79.4294,10.958],[79.4232,10.957],[79.4175,10.9517],[79.4091,10.9511],[79.4081,10.9481],[79.4132,10.9438],[79.4118,10.9352],[79.4171,10.9347],[79.4195,10.9305],[79.4188,10.9237],[79.4137,10.9223],[79.4167,10.9149],[79.4143,10.8974],[79.4028,10.902],[79.4013,10.8927],[79.3958,10.8923],[79.3927,10.896],[79.3683,10.8941],[79.3662,10.8962],[79.3693,10.8974],[79.364,10.8998],[79.3608,10.8979],[79.3456,10.9104],[79.3278,10.9166],[79.3311,10.9217],[79.3237,10.9247],[79.3297,10.9262],[79.3314,10.9218],[79.3417,10.9198],[79.3506,10.9214],[79.3506,10.9317],[79.3368,10.9312],[79.3307,10.9374],[79.3357,10.941],[79.352,10.9413],[79.3561,10.9455],[79.3509,10.9476],[79.3589,10.9621],[79.3537,10.9684],[79.3611,10.9701],[79.3603,10.9779],[79.354,10.9839],[79.3453,10.9818],[79.3397,10.975],[79.3366,10.979],[79.327,10.9791],[79.3257,10.9839],[79.3293,10.9845],[79.3296,10.9889],[79.3247,10.993],[79.3277,10.9948],[79.3263,11.0019],[79.3197,11.0024],[79.311,11.0182],[79.3651,11.0526],[79.3927,11.0635],[79.3933,11.0549]]]}},{"type":"Feature","bbox":[79.1289,10.7173,79.3728,11.0207],"properties":{"kind":"ac","ac":172,"name":"Papanasam","pc":"Mayiladuthurai","mla":"A. M. Shahjahan","mla_party":"IUML","mp":"Sudha Ramakrishnan","mp_party":"INC"},"geometry":{"type":"Polygon","coordinates":[[[79.3444,10.9805],[79.3553,10.9838],[79.3603,10.9779],[79.3611,10.9701],[79.3537,10.9684],[79.3589,10.9621],[79.3509,10.9476],[79.3562,10.9457],[79.352,10.9413],[79.3357,10.941],[79.3307,10.9374],[79.3368,10.9312],[79.3506,10.9317],[79.3506,10.9214],[79.3349,10.9209],[79.3298,10.9262],[79.3237,10.9247],[79.2885,10.936],[79.2915,10.9235],[79.2861,10.9164],[79.2907,10.9105],[79.2819,10.9108],[79.2833,10.9065],[79.2768,10.8998],[79.2699,10.8789],[79.2714,10.8731],[79.2863,10.8692],[79.2909,10.8633],[79.2921,10.8447],[79.2874,10.8329],[79.2954,10.8327],[79.3025,10.8241],[79.3206,10.819],[79.3256,10.8157],[79.3246,10.8098],[79.3318,10.8142],[79.3373,10.8097],[79.3498,10.8112],[79.3562,10.8058],[79.3632,10.8085],[79.3703,10.8071],[79.3728,10.8018],[79.3701,10.7963],[79.348,10.7958],[79.3512,10.7912],[79.3439,10.7756],[79.3453,10.7663],[79.3613,10.7651],[79.3611,10.7523],[79.3534,10.7475],[79.3499,10.7503],[79.349,10.7464],[79.3449,10.7458],[79.349,10.7435],[79.3427,10.74],[79.3217,10.7372],[79.3127,10.7407],[79.3134,10.7461],[79.3082,10.7463],[79.2939,10.7323],[79.2751,10.7395],[79.2762,10.7517],[79.2706,10.7572],[79.2636,10.7562],[79.2632,10.7501],[79.2594,10.749],[79.262,10.7447],[79.2615,10.7315],[79.2571,10.7173],[79.2432,10.7223],[79.2369,10.7248],[79.2295,10.7357],[79.2171,10.7394],[79.2149,10.7495],[79.217,10.7528],[79.2052,10.7524],[79.2029,10.7606],[79.1963,10.7628],[79.1965,10.7786],[79.2045,10.7777],[79.2044,10.7804],[79.1953,10.7815],[79.1955,10.7898],[79.2002,10.7911],[79.1988,10.7936],[79.1927,10.7915],[79.1914,10.8026],[79.1944,10.8027],[79.1967,10.81],[79.1872,10.8042],[79.1784,10.8066],[79.1799,10.8207],[79.1871,10.8222],[79.1853,10.8281],[79.1763,10.8264],[79.1722,10.8321],[79.1805,10.8321],[79.1837,10.8448],[79.1892,10.8417],[79.2023,10.8444],[79.2003,10.8511],[79.1945,10.8477],[79.1886,10.851],[79.1954,10.8547],[79.1807,10.8545],[79.1779,10.8588],[79.1874,10.8619],[79.1899,10.8658],[79.1713,10.8772],[79.1745,10.8791],[79.1697,10.88],[79.1619,10.9028],[79.1444,10.8901],[79.1434,10.9017],[79.1485,10.9076],[79.1475,10.9142],[79.1446,10.9145],[79.1483,10.9179],[79.1417,10.9269],[79.1289,10.9336],[79.1421,10.9407],[79.1571,10.9424],[79.1786,10.9399],[79.1891,10.9466],[79.2029,10.9493],[79.2048,10.9405],[79.2121,10.9409],[79.2684,10.9862],[79.2749,10.9938],[79.2732,10.997],[79.2814,11.0017],[79.2908,11.0141],[79.3087,11.0207],[79.3197,11.0024],[79.3263,11.0019],[79.3277,10.9948],[79.3247,10.993],[79.3296,10.9889],[79.3293,10.9845],[79.3257,10.9839],[79.327,10.9791],[79.3366,10.979],[79.3397,10.975],[79.3444,10.9805]]]}},{"type":"Feature","bbox":[78.7755,10.6542,79.2023,10.9336],"properties":{"kind":"ac","ac":173,"name":"Thiruvaiyaru","pc":"Thanjavur","mla":"Durai Chandrasekaran","mla_party":"DMK","mp":"S. Murasoli","mp_party":"DMK"},"geometry":{"type":"Polygon","coordinates":[[[79.1417,10.9269],[79.1483,10.9179],[79.1446,10.9145],[79.1475,10.9142],[79.1485,10.9076],[79.1434,10.9017],[79.1444,10.8901],[79.1619,10.9028],[79.1697,10.88],[79.1745,10.8791],[79.1713,10.8772],[79.1899,10.8658],[79.1874,10.8619],[79.1779,10.8588],[79.1807,10.8545],[79.1954,10.8547],[79.1886,10.851],[79.1945,10.8477],[79.2003,10.8511],[79.2023,10.8444],[79.1892,10.8417],[79.1837,10.8448],[79.1805,10.8321],[79.1722,10.8321],[79.1763,10.8264],[79.1853,10.8281],[79.1871,10.8222],[79.1799,10.8207],[79.1779,10.8113],[79.1815,10.8054],[79.1717,10.8053],[79.1628,10.7995],[79.1586,10.809],[79.1481,10.8202],[79.1417,10.8239],[79.1301,10.823],[79.122,10.7796],[79.1128,10.7761],[79.1089,10.7669],[79.0743,10.7621],[79.075,10.7539],[79.0696,10.7501],[79.0588,10.758],[79.0492,10.7542],[79.0476,10.7483],[79.0548,10.7481],[79.0585,10.7244],[79.0533,10.7192],[79.0423,10.7241],[79.0339,10.7194],[79.0376,10.7083],[79.034,10.7005],[79.0083,10.6997],[79.009,10.7035],[79.0037,10.7079],[79.0107,10.7143],[79.0056,10.7144],[78.9987,10.7239],[78.989,10.7198],[78.9859,10.7105],[78.9879,10.7029],[78.9807,10.6919],[78.9825,10.6842],[78.9694,10.6801],[78.9696,10.6661],[78.965,10.6542],[78.9607,10.6546],[78.9564,10.6646],[78.936,10.6727],[78.9372,10.6769],[78.9445,10.674],[78.9455,10.6759],[78.9369,10.6875],[78.9169,10.6782],[78.9133,10.6718],[78.9081,10.6719],[78.9056,10.6807],[78.8935,10.6857],[78.8935,10.6944],[78.8821,10.6954],[78.869,10.7112],[78.8647,10.7335],[78.8694,10.7474],[78.8684,10.7611],[78.8737,10.762],[78.8747,10.7757],[78.8804,10.7783],[78.8804,10.7836],[78.8803,10.7893],[78.8674,10.7857],[78.8668,10.8026],[78.8618,10.8028],[78.8615,10.812],[78.8682,10.8161],[78.8682,10.8265],[78.8174,10.8232],[78.7967,10.8249],[78.786,10.829],[78.7755,10.8275],[78.7763,10.8333],[78.7897,10.8369],[78.8149,10.8351],[78.8297,10.8405],[78.8473,10.8422],[78.9244,10.867],[78.9392,10.8764],[78.9403,10.8878],[78.9609,10.895],[78.9613,10.8883],[78.9923,10.8918],[78.9987,10.895],[79.0343,10.8865],[79.0476,10.8879],[79.0619,10.8968],[79.0715,10.9168],[79.0848,10.9271],[79.11,10.9251],[79.1289,10.9336],[79.1417,10.9269]]]}},{"type":"Feature","bbox":[79.0342,10.6994,79.2045,10.8239],"properties":{"kind":"ac","ac":174,"name":"Thanjavur","pc":"Thanjavur","mla":"R. Vijaysaravanan","mla_party":"TVK","mp":"S. Murasoli","mp_party":"DMK"},"geometry":{"type":"Polygon","coordinates":[[[79.1717,10.8053],[79.1872,10.8042],[79.1967,10.81],[79.1944,10.8027],[79.1914,10.8026],[79.1927,10.7915],[79.1988,10.7936],[79.2002,10.7911],[79.1955,10.7898],[79.1953,10.7815],[79.2044,10.7804],[79.2045,10.7777],[79.1965,10.7786],[79.1939,10.7657],[79.1813,10.7663],[79.1827,10.762],[79.1691,10.7631],[79.1638,10.7705],[79.1645,10.7748],[79.1564,10.7768],[79.1492,10.7736],[79.1476,10.7631],[79.1367,10.7619],[79.1465,10.7524],[79.1447,10.7371],[79.147,10.7281],[79.1449,10.7219],[79.1372,10.7208],[79.1334,10.7137],[79.1313,10.7162],[79.1258,10.715],[79.1273,10.7235],[79.1315,10.7263],[79.1286,10.7335],[79.1144,10.7354],[79.1097,10.7257],[79.1098,10.7175],[79.0829,10.72],[79.079,10.7065],[79.062,10.6994],[79.0411,10.7005],[79.0357,10.7041],[79.0376,10.7087],[79.0342,10.7197],[79.0423,10.7241],[79.0533,10.7192],[79.0585,10.7244],[79.0548,10.7481],[79.0476,10.7483],[79.0492,10.7542],[79.0588,10.758],[79.0704,10.7503],[79.075,10.7539],[79.0743,10.7621],[79.1089,10.7669],[79.1128,10.7761],[79.122,10.7796],[79.1301,10.823],[79.1417,10.8239],[79.1481,10.8202],[79.1586,10.809],[79.1628,10.7995],[79.1717,10.8053]]]}},{"type":"Feature","bbox":[79.0145,10.4709,79.3998,10.7768],"properties":{"kind":"ac","ac":175,"name":"Orathanadu","pc":"Thanjavur","mla":"R. Vaithilingam","mla_party":"DMK","mp":"S. Murasoli","mp_party":"DMK"},"geometry":{"type":"Polygon","coordinates":[[[79.1948,10.7708],[79.1963,10.7628],[79.2029,10.7606],[79.2052,10.7524],[79.217,10.7528],[79.2149,10.7495],[79.2171,10.7394],[79.2295,10.7357],[79.2369,10.7248],[79.2571,10.7173],[79.2615,10.7315],[79.262,10.7447],[79.2594,10.749],[79.2632,10.7501],[79.2636,10.7562],[79.2706,10.7572],[79.2762,10.7517],[79.2751,10.7395],[79.282,10.7358],[79.2939,10.7323],[79.3016,10.7383],[79.3077,10.7223],[79.3065,10.7104],[79.3197,10.6846],[79.3165,10.6728],[79.3176,10.6612],[79.3427,10.6585],[79.3425,10.6543],[79.3573,10.6451],[79.3536,10.6315],[79.3475,10.6273],[79.3538,10.611],[79.3534,10.607],[79.3481,10.6071],[79.3466,10.5959],[79.3515,10.5834],[79.3606,10.5788],[79.3916,10.5819],[79.3998,10.5774],[79.3988,10.5581],[79.3925,10.5613],[79.3827,10.5561],[79.3882,10.5373],[79.3798,10.5352],[79.3797,10.5314],[79.3768,10.531],[79.3748,10.534],[79.3703,10.5318],[79.357,10.5343],[79.3567,10.5165],[79.3527,10.5182],[79.3526,10.5107],[79.346,10.5135],[79.339,10.5073],[79.3316,10.5056],[79.3274,10.4982],[79.3204,10.4987],[79.3153,10.4953],[79.2848,10.5127],[79.2745,10.5082],[79.2762,10.4984],[79.2669,10.4855],[79.2444,10.509],[79.2444,10.5136],[79.2137,10.5135],[79.2002,10.5037],[79.1877,10.5044],[79.1874,10.501],[79.1931,10.4983],[79.1899,10.492],[79.1946,10.4909],[79.1888,10.4877],[79.1847,10.4929],[79.1817,10.4854],[79.1791,10.4868],[79.1841,10.4771],[79.1829,10.4719],[79.1798,10.4709],[79.1768,10.4774],[79.1736,10.4779],[79.175,10.4737],[79.1726,10.4737],[79.17,10.4783],[79.1724,10.4808],[79.1589,10.473],[79.1518,10.4753],[79.1473,10.4854],[79.1343,10.4844],[79.1297,10.4872],[79.1329,10.4926],[79.1291,10.4913],[79.1294,10.4977],[79.139,10.4975],[79.1404,10.5124],[79.145,10.5129],[79.1549,10.5218],[79.1491,10.5239],[79.1517,10.5327],[79.1527,10.5298],[79.1568,10.5303],[79.158,10.5337],[79.1679,10.5302],[79.1685,10.5338],[79.1737,10.5325],[79.1779,10.5385],[79.1848,10.538],[79.1843,10.5465],[79.179,10.5506],[79.1832,10.5502],[79.1834,10.5568],[79.1877,10.5559],[79.1911,10.56],[79.1915,10.5645],[79.1874,10.5666],[79.1903,10.5658],[79.191,10.5784],[79.1802,10.5747],[79.1824,10.5712],[79.1789,10.5715],[79.1774,10.5868],[79.1693,10.5846],[79.1695,10.587],[79.1548,10.5891],[79.1429,10.5864],[79.1419,10.5949],[79.1385,10.5981],[79.1444,10.6049],[79.1263,10.6349],[79.1187,10.6346],[79.104,10.615],[79.1004,10.6297],[79.0701,10.6404],[79.0652,10.6483],[79.0683,10.6773],[79.0623,10.6738],[79.054,10.6799],[79.0181,10.6801],[79.0145,10.6865],[79.0169,10.6917],[79.0325,10.695],[79.0317,10.6977],[79.0244,10.6987],[79.0335,10.7002],[79.0357,10.7041],[79.0411,10.7005],[79.0593,10.6991],[79.079,10.7065],[79.0829,10.72],[79.1098,10.7175],[79.1097,10.7257],[79.1144,10.7354],[79.1286,10.7335],[79.1315,10.7263],[79.1273,10.7235],[79.1258,10.715],[79.1313,10.7162],[79.1334,10.7137],[79.1372,10.7208],[79.1449,10.7219],[79.147,10.7281],[79.1447,10.7371],[79.1465,10.7524],[79.1367,10.7619],[79.1476,10.7631],[79.1492,10.7736],[79.1564,10.7768],[79.1645,10.7748],[79.1638,10.7705],[79.1691,10.7631],[79.1827,10.762],[79.1813,10.7663],[79.1939,10.7657],[79.1948,10.7708]]]}},{"type":"Feature","bbox":[79.2666,10.2927,79.5051,10.5613],"properties":{"kind":"ac","ac":176,"name":"Pattukkottai","pc":"Thanjavur","mla":"K. Annadurai","mla_party":"DMK","mp":"S. Murasoli","mp_party":"DMK"},"geometry":{"type":"Polygon","coordinates":[[[79.3988,10.5581],[79.4002,10.554],[79.4225,10.5494],[79.4258,10.5578],[79.452,10.5594],[79.452,10.5513],[79.4284,10.5458],[79.4234,10.5421],[79.4233,10.5355],[79.4373,10.5308],[79.4398,10.5231],[79.4567,10.5198],[79.4574,10.5138],[79.4687,10.5116],[79.4689,10.5054],[79.4612,10.5039],[79.4533,10.4917],[79.4545,10.4894],[79.4607,10.4874],[79.4671,10.4929],[79.4751,10.4934],[79.4831,10.4897],[79.4795,10.4644],[79.4698,10.4622],[79.4761,10.4499],[79.4742,10.436],[79.4538,10.4337],[79.4513,10.4303],[79.4563,10.4267],[79.4591,10.4188],[79.4648,10.4162],[79.4613,10.4066],[79.4734,10.4068],[79.4758,10.4001],[79.4764,10.3933],[79.4637,10.394],[79.4602,10.3926],[79.4597,10.3883],[79.4675,10.3875],[79.4698,10.3833],[79.4674,10.3732],[79.4753,10.3722],[79.4861,10.3803],[79.4902,10.3713],[79.5041,10.3676],[79.5051,10.3568],[79.5012,10.3487],[79.4927,10.3517],[79.4886,10.3488],[79.4761,10.3506],[79.4723,10.3157],[79.3811,10.3164],[79.3632,10.2927],[79.359,10.3047],[79.3448,10.3104],[79.3443,10.3191],[79.3391,10.324],[79.3294,10.3271],[79.3251,10.3154],[79.3217,10.3153],[79.317,10.3171],[79.317,10.3248],[79.3111,10.3238],[79.3105,10.3278],[79.3068,10.3285],[79.2986,10.3199],[79.2905,10.3191],[79.2957,10.3261],[79.2967,10.3366],[79.3061,10.3394],[79.307,10.3454],[79.3274,10.3449],[79.3119,10.3587],[79.306,10.3603],[79.3019,10.3736],[79.2941,10.3769],[79.2969,10.3866],[79.2941,10.3886],[79.294,10.3955],[79.2876,10.4],[79.2902,10.4043],[79.2896,10.4201],[79.2736,10.4446],[79.2726,10.4617],[79.2666,10.4745],[79.2711,10.4783],[79.2669,10.4855],[79.2762,10.4984],[79.2745,10.5082],[79.2848,10.5127],[79.3153,10.4953],[79.3204,10.4987],[79.3274,10.4982],[79.3316,10.5056],[79.339,10.5073],[79.346,10.5135],[79.3526,10.5107],[79.3527,10.5182],[79.3567,10.5165],[79.357,10.5343],[79.3797,10.5314],[79.3798,10.5352],[79.3882,10.5373],[79.3827,10.5561],[79.3925,10.5613],[79.3988,10.5581]]]}},{"type":"Feature","bbox":[79.1168,10.1367,79.3632,10.5136],"properties":{"kind":"ac","ac":177,"name":"Peravurani","pc":"Thanjavur","mla":"N. Ashokkumar","mla_party":"DMK","mp":"S. Murasoli","mp_party":"DMK"},"geometry":{"type":"Polygon","coordinates":[[[79.2444,10.509],[79.2711,10.4783],[79.2666,10.4745],[79.2726,10.4617],[79.2736,10.4446],[79.2896,10.4201],[79.2902,10.4043],[79.2876,10.4],[79.294,10.3955],[79.2941,10.3886],[79.2969,10.3866],[79.2941,10.3769],[79.3019,10.3736],[79.306,10.3603],[79.3119,10.3587],[79.3274,10.3449],[79.307,10.3454],[79.3061,10.3394],[79.2967,10.3366],[79.2957,10.3261],[79.2905,10.3191],[79.2986,10.3199],[79.3068,10.3285],[79.3105,10.3278],[79.3111,10.3238],[79.317,10.3248],[79.317,10.3171],[79.3217,10.3153],[79.3251,10.3154],[79.3294,10.3271],[79.3391,10.324],[79.3443,10.3191],[79.3448,10.3104],[79.359,10.3047],[79.3632,10.2927],[79.33,10.2849],[79.309,10.2681],[79.2975,10.2629],[79.2787,10.2455],[79.2669,10.229],[79.2772,10.2234],[79.2786,10.2155],[79.2648,10.1973],[79.2441,10.186],[79.2381,10.1698],[79.2387,10.1563],[79.2348,10.1571],[79.2368,10.1543],[79.2294,10.1507],[79.2272,10.1367],[79.2067,10.1369],[79.2085,10.1419],[79.2038,10.1531],[79.2048,10.1583],[79.1963,10.1569],[79.1966,10.1619],[79.1792,10.1585],[79.1635,10.1627],[79.1658,10.1586],[79.1599,10.1571],[79.1519,10.1598],[79.1511,10.1684],[79.1585,10.1745],[79.1583,10.1825],[79.1521,10.1886],[79.1516,10.1986],[79.1625,10.2038],[79.1626,10.2065],[79.1686,10.2059],[79.1688,10.2026],[79.1753,10.1988],[79.1761,10.2029],[79.1836,10.201],[79.1838,10.2055],[79.187,10.2069],[79.1808,10.2114],[79.1802,10.2194],[79.177,10.2204],[79.1794,10.2238],[79.1547,10.2287],[79.1505,10.2363],[79.1355,10.2362],[79.1342,10.2301],[79.1168,10.2345],[79.1175,10.2513],[79.1302,10.2528],[79.1336,10.2644],[79.1301,10.2668],[79.1323,10.2725],[79.1271,10.2773],[79.1289,10.2812],[79.1197,10.2878],[79.1217,10.2942],[79.1211,10.302],[79.1185,10.3027],[79.1208,10.3086],[79.1262,10.3094],[79.1275,10.3174],[79.1339,10.3256],[79.1302,10.3307],[79.1185,10.3257],[79.1179,10.3312],[79.1238,10.3369],[79.1298,10.3382],[79.133,10.3353],[79.141,10.3405],[79.1429,10.3455],[79.1484,10.3442],[79.1471,10.3551],[79.1506,10.3571],[79.1438,10.3649],[79.1477,10.3763],[79.1442,10.3813],[79.1455,10.389],[79.1532,10.4002],[79.1477,10.4104],[79.1319,10.4237],[79.1295,10.4331],[79.1257,10.4354],[79.1373,10.4393],[79.1436,10.4452],[79.1398,10.446],[79.1403,10.449],[79.151,10.4466],[79.1559,10.452],[79.1588,10.4456],[79.16,10.4486],[79.1764,10.4477],[79.1769,10.4516],[79.1723,10.4487],[79.1665,10.4544],[79.1731,10.4528],[79.1735,10.4583],[79.1909,10.4592],[79.1907,10.4623],[79.1948,10.4626],[79.1949,10.4674],[79.1906,10.4706],[79.1834,10.4695],[79.1841,10.4771],[79.1791,10.4862],[79.1818,10.4854],[79.1847,10.4929],[79.1888,10.4877],[79.1946,10.4907],[79.1899,10.492],[79.1931,10.4983],[79.1874,10.501],[79.188,10.5046],[79.2002,10.5037],[79.214,10.5135],[79.2443,10.5136],[79.2444,10.509]]]}},{"type":"Feature","bbox":[78.7198,10.4139,79.1949,10.7239],"properties":{"kind":"ac","ac":178,"name":"Gandarvakkottai","pc":"Tiruchirappalli","mla":"N. Subramanian","mla_party":"TVK","mp":"Durai Vaiyapuri","mp_party":"MDMK"},"geometry":{"type":"Polygon","coordinates":[[[78.8734,10.7057],[78.8821,10.6954],[78.8935,10.6944],[78.8935,10.6857],[78.9056,10.6807],[78.9081,10.6719],[78.9133,10.6718],[78.9169,10.6782],[78.9369,10.6875],[78.9455,10.6759],[78.9445,10.674],[78.9372,10.6769],[78.936,10.6727],[78.9564,10.6646],[78.9607,10.6546],[78.965,10.6542],[78.9696,10.6661],[78.9694,10.6801],[78.9825,10.6842],[78.9807,10.6919],[78.9879,10.7029],[78.9864,10.716],[78.9987,10.7239],[79.0056,10.7144],[79.0107,10.7143],[79.0037,10.7079],[79.009,10.7035],[79.0083,10.6997],[79.0317,10.6977],[79.0325,10.695],[79.0169,10.6917],[79.0145,10.6865],[79.0181,10.6801],[79.054,10.6799],[79.0623,10.6738],[79.0683,10.6773],[79.0652,10.6483],[79.0701,10.6404],[79.1004,10.6297],[79.104,10.615],[79.1187,10.6346],[79.1263,10.6349],[79.1444,10.6049],[79.1385,10.5981],[79.1419,10.5949],[79.1429,10.5864],[79.1548,10.5891],[79.1695,10.587],[79.1693,10.5846],[79.1774,10.5868],[79.1789,10.5715],[79.1824,10.5712],[79.1802,10.5747],[79.191,10.5784],[79.1903,10.5658],[79.1874,10.5666],[79.1916,10.563],[79.1877,10.5559],[79.1834,10.5568],[79.1832,10.5502],[79.179,10.5506],[79.1843,10.5465],[79.1848,10.538],[79.1779,10.5385],[79.1737,10.5325],[79.1685,10.5338],[79.1679,10.5302],[79.158,10.5337],[79.1568,10.5303],[79.1527,10.5298],[79.1525,10.5326],[79.15,10.5307],[79.1491,10.5239],[79.1549,10.5218],[79.145,10.5129],[79.1404,10.5124],[79.139,10.4975],[79.1294,10.4977],[79.1291,10.4913],[79.1313,10.4934],[79.1329,10.4926],[79.1297,10.4872],[79.1343,10.4844],[79.1473,10.4854],[79.1518,10.4753],[79.1589,10.473],[79.1724,10.4808],[79.17,10.4783],[79.1726,10.4737],[79.175,10.4737],[79.1736,10.4779],[79.1768,10.4774],[79.1798,10.4709],[79.1906,10.4706],[79.1949,10.4674],[79.1948,10.4626],[79.1907,10.4623],[79.1909,10.4592],[79.1735,10.4583],[79.1731,10.4528],[79.1665,10.4544],[79.1723,10.4487],[79.1769,10.4516],[79.1764,10.4477],[79.16,10.4486],[79.1588,10.4456],[79.1559,10.452],[79.151,10.4466],[79.1403,10.449],[79.1398,10.446],[79.1436,10.4452],[79.1317,10.4358],[79.125,10.4367],[79.1102,10.4463],[79.1096,10.4619],[79.1048,10.4672],[79.0997,10.4664],[79.0956,10.4722],[79.0915,10.4682],[79.0943,10.462],[79.0761,10.4652],[79.076,10.4594],[79.0686,10.4595],[79.0714,10.4532],[79.0638,10.4531],[79.0648,10.4292],[79.0429,10.4285],[79.0439,10.4367],[79.0379,10.4456],[79.0381,10.4543],[79.0572,10.4716],[79.0633,10.4902],[79.0475,10.502],[79.04,10.5188],[79.0342,10.5206],[79.0295,10.5279],[79.0252,10.5409],[79.0117,10.5469],[79.0073,10.554],[78.9977,10.5559],[78.9972,10.5688],[78.9848,10.5503],[78.9846,10.5407],[78.9802,10.5375],[78.9728,10.5474],[78.974,10.5577],[78.9657,10.561],[78.9475,10.5608],[78.9449,10.5578],[78.9406,10.5602],[78.9314,10.5319],[78.9227,10.5276],[78.9201,10.5153],[78.9085,10.5145],[78.909,10.5185],[78.9053,10.5186],[78.9041,10.5146],[78.8992,10.5149],[78.8963,10.5108],[78.8979,10.5038],[78.8931,10.495],[78.8975,10.4925],[78.8909,10.4897],[78.89,10.4845],[78.8966,10.4785],[78.8958,10.4735],[78.8894,10.4721],[78.8889,10.4598],[78.8854,10.4603],[78.8832,10.4659],[78.8786,10.4617],[78.8757,10.4571],[78.8764,10.4489],[78.8715,10.4447],[78.8532,10.4404],[78.8535,10.4486],[78.8492,10.4503],[78.8641,10.4926],[78.8555,10.4981],[78.8517,10.5052],[78.8461,10.5049],[78.8387,10.4981],[78.8326,10.5023],[78.8241,10.4971],[78.8277,10.4901],[78.8235,10.4807],[78.8181,10.4793],[78.8159,10.4751],[78.8241,10.4688],[78.8265,10.4572],[78.8342,10.4518],[78.8323,10.4404],[78.8293,10.4402],[78.829,10.4455],[78.8173,10.4417],[78.8065,10.444],[78.8012,10.4203],[78.7963,10.416],[78.7891,10.4139],[78.7846,10.416],[78.7826,10.4242],[78.7764,10.4266],[78.7751,10.4438],[78.7688,10.4457],[78.7656,10.4433],[78.7545,10.4473],[78.7512,10.4547],[78.7566,10.463],[78.7551,10.4659],[78.7509,10.4648],[78.7473,10.4505],[78.7436,10.4521],[78.7383,10.4491],[78.734,10.4541],[78.7309,10.471],[78.7235,10.4764],[78.7198,10.4846],[78.7268,10.4844],[78.7282,10.4794],[78.7378,10.4782],[78.7409,10.4821],[78.7493,10.4789],[78.7576,10.489],[78.7513,10.494],[78.7512,10.5081],[78.7548,10.5097],[78.756,10.5183],[78.7625,10.5209],[78.7665,10.5349],[78.7775,10.5394],[78.7776,10.5441],[78.788,10.5447],[78.7874,10.5537],[78.8078,10.5557],[78.8065,10.5628],[78.8105,10.5657],[78.8096,10.5694],[78.7952,10.5754],[78.7913,10.5728],[78.7926,10.5696],[78.7792,10.574],[78.7676,10.5738],[78.7694,10.5853],[78.7745,10.5839],[78.7701,10.5914],[78.7858,10.6056],[78.7893,10.6047],[78.7947,10.5927],[78.8038,10.6021],[78.8153,10.6005],[78.8176,10.6045],[78.8302,10.6091],[78.8321,10.6192],[78.8273,10.6324],[78.8153,10.6405],[78.8076,10.6363],[78.8087,10.6459],[78.8015,10.6439],[78.7944,10.6527],[78.7997,10.6612],[78.7976,10.6643],[78.8015,10.6722],[78.7999,10.6801],[78.8065,10.6794],[78.8027,10.6766],[78.8114,10.6732],[78.8126,10.6812],[78.8176,10.688],[78.8201,10.6874],[78.8198,10.6951],[78.8537,10.6907],[78.8619,10.6922],[78.8627,10.6892],[78.8734,10.6879],[78.8734,10.7057]]]}},{"type":"Feature","bbox":[78.4475,10.3461,78.8321,10.735],"properties":{"kind":"ac","ac":179,"name":"Viralimalai","pc":"Karur","mla_vacant":true,"mp":"Jothimani","mp_party":"INC"},"geometry":{"type":"Polygon","coordinates":[[[78.7089,10.7328],[78.7105,10.7225],[78.7176,10.7212],[78.7197,10.717],[78.7354,10.7147],[78.7424,10.708],[78.7418,10.6997],[78.7462,10.6986],[78.7469,10.6867],[78.7386,10.6837],[78.7358,10.6775],[78.7439,10.6426],[78.7568,10.6436],[78.7575,10.6529],[78.7646,10.6554],[78.773,10.6543],[78.7727,10.6505],[78.7841,10.6491],[78.791,10.6486],[78.7944,10.6527],[78.8015,10.6439],[78.8087,10.6459],[78.8076,10.6363],[78.8144,10.6406],[78.8217,10.6376],[78.8276,10.6319],[78.8321,10.6192],[78.8301,10.6089],[78.8176,10.6045],[78.8159,10.6007],[78.8038,10.6021],[78.7947,10.5927],[78.7893,10.6047],[78.7858,10.6056],[78.7717,10.5937],[78.7701,10.5914],[78.7745,10.5839],[78.7694,10.5853],[78.7676,10.5738],[78.7792,10.574],[78.7911,10.5696],[78.7952,10.5754],[78.8007,10.5739],[78.8096,10.5694],[78.8105,10.5657],[78.8065,10.5626],[78.8078,10.5557],[78.7874,10.5537],[78.788,10.5447],[78.7776,10.5441],[78.7775,10.5394],[78.7665,10.5349],[78.7625,10.5209],[78.756,10.5183],[78.7548,10.5097],[78.7512,10.5081],[78.7513,10.494],[78.7576,10.489],[78.7488,10.4785],[78.7409,10.4821],[78.7378,10.4782],[78.7282,10.4794],[78.7268,10.4844],[78.7198,10.4846],[78.7235,10.4764],[78.7309,10.471],[78.734,10.4541],[78.7383,10.4491],[78.7436,10.4521],[78.7473,10.4505],[78.7509,10.4648],[78.7551,10.4659],[78.7566,10.463],[78.7512,10.4547],[78.7545,10.4473],[78.7759,10.4431],[78.7764,10.4266],[78.7803,10.4269],[78.7845,10.4218],[78.7846,10.416],[78.7774,10.4119],[78.7811,10.4112],[78.781,10.4078],[78.7852,10.4099],[78.7862,10.404],[78.7772,10.3973],[78.7732,10.3826],[78.768,10.3795],[78.7697,10.368],[78.7664,10.3566],[78.7575,10.3608],[78.7458,10.3583],[78.7401,10.362],[78.7245,10.3473],[78.7133,10.3461],[78.6966,10.3638],[78.6978,10.3748],[78.6807,10.3719],[78.676,10.3764],[78.6742,10.3869],[78.6685,10.3886],[78.6638,10.396],[78.6645,10.4086],[78.6439,10.4113],[78.6418,10.4065],[78.6245,10.4152],[78.6228,10.4192],[78.6088,10.421],[78.6049,10.4242],[78.5909,10.4232],[78.5861,10.4279],[78.5824,10.448],[78.5887,10.4739],[78.5836,10.4783],[78.585,10.4811],[78.57,10.4898],[78.58,10.5093],[78.5814,10.5227],[78.5719,10.5188],[78.5689,10.5203],[78.567,10.5146],[78.5504,10.5152],[78.5446,10.5301],[78.5408,10.5286],[78.5372,10.5313],[78.533,10.5141],[78.54,10.5146],[78.5395,10.5093],[78.5417,10.5092],[78.5365,10.4955],[78.5189,10.4835],[78.4967,10.4854],[78.4931,10.4889],[78.4964,10.4945],[78.497,10.5071],[78.4906,10.5095],[78.4908,10.5168],[78.4864,10.5181],[78.4901,10.527],[78.484,10.54],[78.464,10.541],[78.4664,10.5445],[78.4624,10.5625],[78.465,10.5774],[78.4569,10.5791],[78.4592,10.5896],[78.4524,10.5906],[78.4525,10.6],[78.4487,10.6002],[78.4507,10.6031],[78.4475,10.6066],[78.4519,10.61],[78.4591,10.6098],[78.4584,10.6172],[78.4652,10.6175],[78.4686,10.628],[78.4777,10.6319],[78.4823,10.639],[78.5274,10.6292],[78.5292,10.6447],[78.5197,10.6503],[78.5179,10.6595],[78.5207,10.6633],[78.5172,10.665],[78.5179,10.6697],[78.5208,10.6691],[78.5239,10.6742],[78.5308,10.6719],[78.5336,10.6769],[78.5441,10.6757],[78.5508,10.6874],[78.5557,10.6879],[78.5682,10.6817],[78.5645,10.671],[78.5657,10.6613],[78.5748,10.6611],[78.5788,10.6646],[78.5924,10.6599],[78.6092,10.6816],[78.6158,10.6821],[78.6214,10.6762],[78.6257,10.7027],[78.6348,10.7076],[78.6406,10.708],[78.6469,10.7038],[78.6582,10.7052],[78.6517,10.6819],[78.6569,10.6722],[78.6525,10.6592],[78.6592,10.654],[78.6631,10.6545],[78.6674,10.6727],[78.6809,10.67],[78.6834,10.6731],[78.6826,10.6879],[78.6934,10.6905],[78.6965,10.7041],[78.6958,10.7075],[78.6926,10.7075],[78.6892,10.735],[78.7089,10.7328]]]}},{"type":"Feature","bbox":[78.7664,10.33,79.1529,10.5688],"properties":{"kind":"ac","ac":180,"name":"Pudukkottai","pc":"Tiruchirappalli","mla":"V. Muthuraja","mla_party":"DMK","mp":"Durai Vaiyapuri","mp_party":"MDMK"},"geometry":{"type":"Polygon","coordinates":[[[79.013,10.5464],[79.0253,10.5408],[79.0295,10.5279],[79.0342,10.5206],[79.04,10.5188],[79.0475,10.502],[79.0633,10.4902],[79.0572,10.4716],[79.0381,10.4543],[79.0379,10.4456],[79.0439,10.4367],[79.0429,10.4285],[79.0648,10.4292],[79.0638,10.4531],[79.0714,10.4532],[79.0686,10.4595],[79.076,10.4594],[79.0761,10.4652],[79.0943,10.462],[79.0915,10.4682],[79.0956,10.4722],[79.0997,10.4664],[79.1048,10.4672],[79.1096,10.4619],[79.11,10.4466],[79.1261,10.4369],[79.1319,10.4237],[79.1514,10.4042],[79.1529,10.399],[79.1455,10.389],[79.1447,10.3822],[79.1366,10.382],[79.1325,10.3745],[79.1264,10.3764],[79.1169,10.3727],[79.1083,10.3756],[79.107,10.3721],[79.0944,10.3673],[79.089,10.3743],[79.0747,10.3769],[79.072,10.3691],[79.0609,10.3724],[79.0562,10.366],[79.0553,10.3799],[79.0483,10.3791],[79.0425,10.3704],[79.0436,10.382],[79.0211,10.3856],[79.0219,10.4008],[79.0262,10.4041],[79.0154,10.4041],[79.0081,10.4144],[79.0044,10.4121],[79.006,10.3997],[78.9973,10.3992],[78.9946,10.3918],[78.9871,10.3914],[78.9824,10.3799],[78.9671,10.3957],[78.9607,10.393],[78.9285,10.4076],[78.917,10.4076],[78.9174,10.4023],[78.9116,10.3982],[78.8833,10.3954],[78.881,10.3924],[78.889,10.3801],[78.8869,10.3764],[78.8831,10.3772],[78.8825,10.3809],[78.8664,10.3864],[78.8638,10.3798],[78.8545,10.3789],[78.8568,10.3688],[78.8507,10.3703],[78.8481,10.3669],[78.8451,10.3716],[78.8376,10.3737],[78.8343,10.3664],[78.8451,10.3599],[78.8448,10.3542],[78.838,10.3381],[78.8338,10.3416],[78.8323,10.3387],[78.8329,10.33],[78.816,10.334],[78.8053,10.3322],[78.7809,10.3517],[78.7664,10.3566],[78.7697,10.368],[78.768,10.3795],[78.7732,10.3826],[78.7772,10.3973],[78.7862,10.404],[78.7852,10.4099],[78.781,10.4078],[78.7811,10.4112],[78.7774,10.4119],[78.7839,10.4164],[78.7891,10.4139],[78.7963,10.416],[78.8012,10.4203],[78.8065,10.444],[78.8173,10.4417],[78.829,10.4455],[78.8293,10.4402],[78.8323,10.4404],[78.8342,10.4518],[78.8265,10.4572],[78.8241,10.4688],[78.8159,10.4751],[78.8181,10.4793],[78.8235,10.4807],[78.8277,10.4901],[78.8241,10.4971],[78.8326,10.5023],[78.8387,10.4981],[78.8461,10.5049],[78.8517,10.5052],[78.8555,10.4981],[78.8641,10.4926],[78.8598,10.479],[78.8568,10.4777],[78.8551,10.4609],[78.8491,10.4544],[78.8492,10.4503],[78.8535,10.4486],[78.8532,10.4404],[78.8623,10.4412],[78.8764,10.4489],[78.8757,10.4571],[78.8832,10.4659],[78.8854,10.4603],[78.8889,10.4598],[78.8894,10.4721],[78.8958,10.4735],[78.8966,10.4785],[78.89,10.4845],[78.8909,10.4897],[78.8975,10.4925],[78.8931,10.495],[78.8979,10.5038],[78.8963,10.5108],[78.8992,10.5149],[78.9041,10.5146],[78.9053,10.5186],[78.909,10.5185],[78.9085,10.5145],[78.9201,10.5153],[78.9227,10.5276],[78.9314,10.5319],[78.9406,10.5602],[78.9449,10.5578],[78.9475,10.5608],[78.9657,10.561],[78.974,10.5577],[78.9728,10.5474],[78.9802,10.5375],[78.9846,10.5407],[78.9848,10.5503],[78.9972,10.5688],[78.9977,10.5559],[79.0075,10.5538],[79.013,10.5464]]]}},{"type":"Feature","bbox":[78.448,10.1234,78.9627,10.4449],"properties":{"kind":"ac","ac":181,"name":"Thirumayam","pc":"Sivaganga","mla":"S. Regupathy","mla_party":"DMK","mp":"Karti Chidambaram","mp_party":"INC"},"geometry":{"type":"Polygon","coordinates":[[[78.5065,10.375],[78.5126,10.3714],[78.5149,10.3754],[78.5244,10.3781],[78.5297,10.3904],[78.5282,10.4021],[78.5163,10.4073],[78.5185,10.4309],[78.5225,10.4372],[78.5525,10.4333],[78.5522,10.4269],[78.5636,10.4272],[78.5611,10.4315],[78.5643,10.443],[78.5767,10.4449],[78.5836,10.4412],[78.5861,10.4279],[78.5909,10.4232],[78.6049,10.4242],[78.6088,10.421],[78.6228,10.4192],[78.6245,10.4152],[78.6418,10.4065],[78.6439,10.4113],[78.6645,10.4086],[78.6638,10.396],[78.6685,10.3886],[78.6742,10.3869],[78.676,10.3764],[78.6807,10.3719],[78.6978,10.3748],[78.6966,10.3638],[78.7133,10.3461],[78.7245,10.3473],[78.7401,10.362],[78.7458,10.3583],[78.7575,10.3608],[78.7809,10.3517],[78.8053,10.3322],[78.816,10.334],[78.8329,10.33],[78.8549,10.3128],[78.8601,10.3028],[78.871,10.2988],[78.8734,10.3029],[78.8805,10.3031],[78.891,10.293],[78.8896,10.2881],[78.9102,10.2527],[78.9082,10.2483],[78.9144,10.2488],[78.9107,10.2421],[78.9279,10.2249],[78.928,10.2099],[78.9337,10.191],[78.924,10.1804],[78.9191,10.1801],[78.9184,10.1741],[78.9284,10.1727],[78.9349,10.1669],[78.9301,10.1587],[78.9452,10.153],[78.9419,10.1392],[78.9589,10.1405],[78.9596,10.1365],[78.9552,10.1327],[78.9627,10.1314],[78.9614,10.1259],[78.9301,10.128],[78.9208,10.1234],[78.9105,10.1324],[78.9133,10.1452],[78.9003,10.1567],[78.899,10.1543],[78.9021,10.1522],[78.8967,10.1476],[78.8874,10.1485],[78.882,10.1547],[78.8713,10.1371],[78.8655,10.1359],[78.8622,10.1265],[78.8478,10.1263],[78.8483,10.1375],[78.8332,10.1393],[78.8297,10.1548],[78.8186,10.1596],[78.8138,10.1671],[78.8233,10.198],[78.8098,10.213],[78.7688,10.1992],[78.7653,10.1933],[78.765,10.1806],[78.7672,10.1805],[78.7648,10.1744],[78.7702,10.1672],[78.7672,10.1636],[78.747,10.1645],[78.7381,10.1624],[78.7372,10.1587],[78.7277,10.1615],[78.7266,10.17],[78.7083,10.1756],[78.691,10.1474],[78.6775,10.1473],[78.6681,10.1543],[78.6704,10.1636],[78.6675,10.1696],[78.6704,10.1762],[78.6644,10.1797],[78.6733,10.2048],[78.6526,10.2191],[78.6473,10.2258],[78.6505,10.2367],[78.6413,10.2411],[78.6482,10.2456],[78.6519,10.2537],[78.6365,10.2695],[78.6112,10.2708],[78.6093,10.2743],[78.5982,10.2765],[78.578,10.2872],[78.5695,10.2813],[78.5744,10.2775],[78.5769,10.2665],[78.5716,10.2579],[78.565,10.258],[78.5623,10.2533],[78.555,10.255],[78.5531,10.2493],[78.5406,10.2534],[78.5389,10.258],[78.5299,10.2504],[78.5275,10.2385],[78.5189,10.2366],[78.5144,10.2166],[78.5173,10.2094],[78.5138,10.2005],[78.5161,10.1904],[78.4985,10.1881],[78.4958,10.1918],[78.486,10.1916],[78.4757,10.203],[78.4695,10.2044],[78.4739,10.213],[78.4749,10.2197],[78.4728,10.2201],[78.487,10.232],[78.487,10.2366],[78.4791,10.2429],[78.4856,10.2525],[78.4821,10.255],[78.4749,10.245],[78.4648,10.2406],[78.448,10.2458],[78.4529,10.2674],[78.4727,10.27],[78.4924,10.2631],[78.5086,10.265],[78.5138,10.2684],[78.5111,10.27],[78.5166,10.28],[78.5125,10.2879],[78.5184,10.3005],[78.515,10.3034],[78.5152,10.3095],[78.5188,10.3142],[78.5208,10.3272],[78.5099,10.3464],[78.4972,10.352],[78.4972,10.364],[78.5065,10.375]]]}},{"type":"Feature","bbox":[78.8323,10.1759,79.187,10.4143],"properties":{"kind":"ac","ac":182,"name":"Alangudi","pc":"Sivaganga","mla":"Siva V. Meyyanathan","mla_party":"DMK","mp":"Karti Chidambaram","mp_party":"INC"},"geometry":{"type":"Polygon","coordinates":[[[79.0189,10.4029],[79.0262,10.4041],[79.0219,10.4008],[79.0211,10.3856],[79.0436,10.382],[79.0425,10.3704],[79.0483,10.3791],[79.0553,10.3799],[79.0565,10.366],[79.0609,10.3724],[79.072,10.3691],[79.0747,10.3769],[79.089,10.3743],[79.0944,10.3673],[79.107,10.3721],[79.1083,10.3756],[79.1169,10.3727],[79.1264,10.3764],[79.1325,10.3745],[79.1366,10.382],[79.1447,10.3822],[79.1477,10.3763],[79.1438,10.3649],[79.1506,10.3571],[79.1471,10.3551],[79.1484,10.3442],[79.1429,10.3455],[79.141,10.3405],[79.133,10.3353],[79.1298,10.3382],[79.1238,10.3369],[79.1179,10.3312],[79.1185,10.3257],[79.1302,10.3307],[79.1339,10.3256],[79.1275,10.3174],[79.1262,10.3094],[79.1208,10.3086],[79.1185,10.3027],[79.1211,10.302],[79.1217,10.2942],[79.1197,10.2878],[79.1289,10.2812],[79.1271,10.2773],[79.1323,10.2725],[79.1301,10.2668],[79.1336,10.2644],[79.1302,10.2528],[79.1175,10.2513],[79.1168,10.2345],[79.1342,10.2301],[79.1355,10.2362],[79.1505,10.2363],[79.1547,10.2287],[79.1794,10.2238],[79.177,10.2204],[79.1802,10.2194],[79.1808,10.2114],[79.187,10.2069],[79.1838,10.2055],[79.1836,10.201],[79.1761,10.2029],[79.1753,10.1988],[79.1688,10.2026],[79.1686,10.2059],[79.1626,10.2065],[79.1625,10.2038],[79.1516,10.1986],[79.152,10.1915],[79.132,10.1987],[79.1248,10.1953],[79.1247,10.1879],[79.1222,10.1869],[79.1125,10.1905],[79.107,10.1866],[79.0881,10.1868],[79.0811,10.1918],[79.0721,10.1856],[79.0756,10.1798],[79.0738,10.1759],[79.0567,10.1813],[79.0533,10.1935],[79.0378,10.1935],[79.0258,10.2027],[79.0222,10.2018],[79.0062,10.2097],[78.9983,10.2076],[78.9892,10.211],[78.9852,10.1945],[78.9805,10.1938],[78.9794,10.1834],[78.9655,10.186],[78.9553,10.1922],[78.9383,10.1875],[78.9296,10.2031],[78.9279,10.2249],[78.9107,10.2421],[78.9144,10.2488],[78.9082,10.2483],[78.9102,10.2527],[78.8896,10.2881],[78.8903,10.2939],[78.8805,10.3031],[78.8734,10.3029],[78.871,10.2988],[78.8601,10.3028],[78.8549,10.3128],[78.8329,10.33],[78.8323,10.3387],[78.8338,10.3416],[78.838,10.3381],[78.8448,10.3542],[78.8451,10.3599],[78.8343,10.3664],[78.8376,10.3737],[78.8451,10.3716],[78.8481,10.3669],[78.8507,10.3703],[78.8568,10.3688],[78.8545,10.3789],[78.8638,10.3798],[78.8664,10.3864],[78.8825,10.3809],[78.8831,10.3772],[78.8869,10.3764],[78.889,10.3801],[78.881,10.3924],[78.8833,10.3954],[78.9065,10.3967],[78.9174,10.4023],[78.917,10.4076],[78.928,10.4078],[78.9605,10.3931],[78.9671,10.3957],[78.9822,10.3798],[78.9871,10.3914],[78.9946,10.3918],[78.9973,10.3992],[79.006,10.3997],[79.005,10.4128],[79.0086,10.4143],[79.0129,10.406],[79.0189,10.4029]]]}},{"type":"Feature","bbox":[78.9184,9.8469,79.266,10.211],"properties":{"kind":"ac","ac":183,"name":"Aranthangi","pc":"Ramanathapuram","mla":"J. Mohamed Farvas","mla_party":"TVK","mp":"Navas Kani","mp_party":"IUML"},"geometry":{"type":"Polygon","coordinates":[[[78.9983,10.2076],[79.0065,10.2096],[79.0222,10.2018],[79.0259,10.2027],[79.0378,10.1935],[79.0533,10.1935],[79.0567,10.1813],[79.0738,10.1759],[79.0756,10.1798],[79.0722,10.1859],[79.0812,10.1919],[79.0881,10.1868],[79.107,10.1866],[79.1125,10.1905],[79.1239,10.1871],[79.1248,10.1953],[79.132,10.1987],[79.152,10.1915],[79.1583,10.1825],[79.1585,10.1745],[79.1511,10.1684],[79.1519,10.1598],[79.1599,10.1571],[79.1658,10.1586],[79.1635,10.1627],[79.1792,10.1585],[79.1966,10.1619],[79.1963,10.1569],[79.2048,10.1583],[79.2038,10.1531],[79.2085,10.1419],[79.2067,10.1369],[79.2272,10.1367],[79.2356,10.128],[79.2306,10.1193],[79.2271,10.1192],[79.2302,10.1184],[79.2272,10.1113],[79.2292,10.1043],[79.2258,10.1011],[79.2285,10.0903],[79.2366,10.0766],[79.246,10.0738],[79.252,10.0657],[79.2518,10.0511],[79.2555,10.0451],[79.266,10.0393],[79.2443,10.0273],[79.2165,9.9976],[79.2148,10.0001],[79.2161,9.9968],[79.1984,9.9734],[79.1535,9.9297],[79.1515,9.9161],[79.1289,9.8949],[79.1192,9.8772],[79.1184,9.8666],[79.1239,9.8652],[79.1199,9.8538],[79.1135,9.8469],[79.0992,9.8573],[79.0888,9.8584],[79.0693,9.8516],[79.0606,9.8597],[79.0445,9.8617],[79.0312,9.8936],[79.0225,9.9034],[79.0155,9.9036],[78.9983,9.9285],[78.9972,9.9373],[78.9878,9.9501],[78.9924,9.954],[79.0016,9.9546],[79.0014,9.9638],[78.9978,9.965],[79.0025,9.9782],[79.0155,9.9808],[79.0101,9.9896],[79.0029,9.9874],[78.9937,9.9958],[78.9817,9.9904],[78.9739,9.9915],[78.9746,9.9997],[78.9651,10.0074],[78.9522,10.0077],[78.9305,10.0218],[78.9323,10.037],[78.9241,10.0428],[78.9249,10.0469],[78.9312,10.0472],[78.9383,10.0574],[78.9423,10.0539],[78.9446,10.0597],[78.9405,10.0612],[78.9344,10.072],[78.9461,10.079],[78.9501,10.0902],[78.9604,10.0954],[78.9709,10.0824],[78.9769,10.0813],[78.9779,10.0867],[78.9828,10.0849],[78.987,10.0895],[78.9821,10.0953],[78.9822,10.1003],[78.977,10.102],[78.9769,10.1098],[78.9662,10.128],[78.9645,10.1198],[78.9588,10.1144],[78.9497,10.1145],[78.9481,10.1058],[78.9474,10.1106],[78.9413,10.1143],[78.9416,10.1103],[78.9375,10.1157],[78.9287,10.1145],[78.9289,10.1207],[78.924,10.1231],[78.9272,10.1276],[78.9614,10.1259],[78.9627,10.1314],[78.9552,10.1327],[78.9596,10.1365],[78.9589,10.1405],[78.9419,10.1392],[78.9452,10.153],[78.9301,10.1587],[78.9349,10.1669],[78.9284,10.1727],[78.9184,10.1741],[78.9191,10.1801],[78.924,10.1804],[78.9337,10.191],[78.9328,10.1936],[78.9368,10.1928],[78.9389,10.1873],[78.9553,10.1922],[78.9655,10.186],[78.9794,10.1834],[78.9805,10.1938],[78.9852,10.1945],[78.9892,10.211],[78.9983,10.2076]]]}},{"type":"Feature","bbox":[78.6928,9.7231,79.0155,10.1567],"properties":{"kind":"ac","ac":184,"name":"Karaikudi","pc":"Sivaganga","mla":"T. K. Prabhu","mla_party":"TVK","mp":"Karti Chidambaram","mp_party":"INC"},"geometry":{"type":"Polygon","coordinates":[[[78.9078,10.1494],[78.9133,10.1452],[78.9104,10.1335],[78.9135,10.128],[78.9289,10.1207],[78.9287,10.1145],[78.9375,10.1157],[78.9416,10.1103],[78.9411,10.1144],[78.9445,10.1127],[78.9473,10.1058],[78.95,10.1147],[78.9576,10.1136],[78.9638,10.1186],[78.9662,10.128],[78.9769,10.1098],[78.977,10.102],[78.9822,10.1003],[78.9821,10.0953],[78.987,10.0895],[78.9828,10.0849],[78.9779,10.0867],[78.9769,10.0813],[78.9709,10.0824],[78.9604,10.0954],[78.9501,10.0902],[78.9461,10.079],[78.9344,10.072],[78.9405,10.0612],[78.9446,10.0597],[78.9423,10.0539],[78.9383,10.0574],[78.9312,10.0472],[78.9249,10.0469],[78.9241,10.0428],[78.9323,10.037],[78.9305,10.0218],[78.9522,10.0077],[78.9651,10.0074],[78.9746,9.9997],[78.9739,9.9915],[78.9817,9.9904],[78.9937,9.9958],[79.0029,9.9874],[79.0098,9.9899],[79.0155,9.9808],[79.0025,9.9782],[78.9978,9.965],[79.0014,9.9638],[79.0012,9.9542],[78.9924,9.954],[78.9879,9.9503],[78.9892,9.9469],[78.9669,9.9381],[78.961,9.9258],[78.9558,9.9226],[78.9226,9.9228],[78.902,9.9016],[78.9003,9.8957],[78.9049,9.8867],[78.903,9.8816],[78.8816,9.8829],[78.8763,9.8744],[78.872,9.8628],[78.8753,9.8412],[78.8831,9.8191],[78.8827,9.8006],[78.8985,9.7912],[78.8994,9.7851],[78.891,9.772],[78.8875,9.7578],[78.8832,9.7554],[78.8567,9.7559],[78.8475,9.7418],[78.8366,9.7385],[78.8314,9.7325],[78.8285,9.7231],[78.824,9.7259],[78.8153,9.7415],[78.8231,9.7567],[78.8359,9.7692],[78.8381,9.7774],[78.7963,9.7837],[78.7813,9.8011],[78.7787,9.7988],[78.7792,9.7831],[78.7755,9.7737],[78.7715,9.7732],[78.7692,9.7787],[78.755,9.7703],[78.748,9.76],[78.7394,9.7539],[78.728,9.754],[78.7348,9.7702],[78.7311,9.7744],[78.7298,9.7885],[78.7193,9.8003],[78.7105,9.7985],[78.7068,9.8033],[78.7077,9.8116],[78.7191,9.8187],[78.7276,9.8322],[78.7233,9.8347],[78.7244,9.8411],[78.7206,9.843],[78.7174,9.8304],[78.7094,9.8358],[78.713,9.8449],[78.7168,9.8439],[78.7178,9.8502],[78.7155,9.8513],[78.7179,9.8554],[78.7112,9.8604],[78.7202,9.8597],[78.7236,9.8686],[78.7187,9.8717],[78.7053,9.8697],[78.7054,9.8778],[78.7105,9.8796],[78.7137,9.893],[78.7129,9.9033],[78.7037,9.9081],[78.6928,9.9195],[78.7226,9.9222],[78.7282,9.9271],[78.7291,9.9359],[78.7322,9.9347],[78.7322,9.9405],[78.7372,9.945],[78.748,9.9454],[78.7385,9.9532],[78.7512,9.9591],[78.747,9.9684],[78.7539,9.9654],[78.7591,9.9671],[78.7651,9.9905],[78.7718,9.9986],[78.7611,10.0063],[78.7538,10.0077],[78.7451,10.0195],[78.7451,10.0241],[78.7383,10.0302],[78.7283,10.032],[78.7333,10.0497],[78.7305,10.0627],[78.7485,10.0633],[78.7654,10.0425],[78.8009,10.0781],[78.8002,10.0813],[78.795,10.0827],[78.8006,10.0877],[78.8263,10.0831],[78.8316,10.0847],[78.8361,10.1192],[78.8309,10.1202],[78.8292,10.1305],[78.8317,10.1485],[78.8332,10.1393],[78.8483,10.1375],[78.8478,10.1263],[78.8575,10.1259],[78.8622,10.1265],[78.8655,10.1359],[78.8713,10.1371],[78.882,10.1547],[78.8874,10.1485],[78.8967,10.1476],[78.9021,10.1522],[78.899,10.1543],[78.9003,10.1567],[78.9087,10.1519],[78.9078,10.1494]]]}},{"type":"Feature","bbox":[78.3784,10.002,78.8361,10.4083],"properties":{"kind":"ac","ac":185,"name":"Tirupattur","pc":"Sivaganga","mla":"Srinivasa Sethupathi","mla_party":"TVK","mp":"Karti Chidambaram","mp_party":"INC"},"geometry":{"type":"Polygon","coordinates":[[[78.4911,10.3887],[78.5069,10.3876],[78.5055,10.3753],[78.4972,10.364],[78.4972,10.352],[78.5099,10.3464],[78.5208,10.3272],[78.5188,10.3142],[78.5152,10.3095],[78.515,10.3034],[78.5184,10.3005],[78.5122,10.2854],[78.5166,10.28],[78.5111,10.27],[78.5138,10.2684],[78.5086,10.265],[78.492,10.2632],[78.4724,10.27],[78.4527,10.2673],[78.448,10.2456],[78.4575,10.2408],[78.4729,10.2436],[78.4821,10.255],[78.4857,10.2523],[78.4791,10.2429],[78.4877,10.2342],[78.4784,10.2225],[78.4728,10.2201],[78.4749,10.2197],[78.4705,10.2032],[78.4757,10.203],[78.4885,10.1904],[78.4955,10.1919],[78.4985,10.1881],[78.5046,10.188],[78.5161,10.1904],[78.5138,10.2005],[78.5173,10.2094],[78.5144,10.2166],[78.5189,10.2366],[78.5275,10.2385],[78.5299,10.2504],[78.5389,10.258],[78.5406,10.2534],[78.5531,10.2493],[78.555,10.255],[78.5623,10.2533],[78.565,10.258],[78.5716,10.2579],[78.5769,10.2665],[78.5744,10.2775],[78.5695,10.2813],[78.578,10.2872],[78.5982,10.2765],[78.6093,10.2743],[78.6112,10.2708],[78.6365,10.2695],[78.6519,10.2537],[78.6482,10.2456],[78.6413,10.2411],[78.6505,10.2367],[78.6473,10.2258],[78.6526,10.2191],[78.6733,10.2048],[78.6644,10.1797],[78.6704,10.1762],[78.6675,10.1696],[78.6704,10.1636],[78.6681,10.1543],[78.6783,10.147],[78.691,10.1474],[78.7083,10.1756],[78.7266,10.17],[78.7277,10.1615],[78.7372,10.1587],[78.7381,10.1624],[78.747,10.1645],[78.7672,10.1636],[78.7702,10.1672],[78.7648,10.1744],[78.7672,10.1805],[78.765,10.1806],[78.7653,10.1933],[78.7688,10.1992],[78.8098,10.213],[78.8233,10.198],[78.8138,10.1671],[78.8186,10.1596],[78.8297,10.1548],[78.8317,10.1485],[78.8292,10.1305],[78.8309,10.1202],[78.8361,10.1192],[78.8316,10.0847],[78.8263,10.0831],[78.8006,10.0877],[78.795,10.0827],[78.8002,10.0813],[78.8009,10.0781],[78.7653,10.0424],[78.7485,10.0633],[78.732,10.0646],[78.73,10.058],[78.7102,10.0567],[78.7087,10.0446],[78.6878,10.0318],[78.6837,10.0243],[78.6844,10.0077],[78.6819,10.0063],[78.6758,10.01],[78.6702,10.0072],[78.6492,10.009],[78.6458,10.0151],[78.6202,10.0152],[78.6166,10.017],[78.6166,10.0241],[78.6213,10.0223],[78.6191,10.0293],[78.6067,10.0302],[78.6027,10.027],[78.5915,10.0323],[78.5897,10.0381],[78.5797,10.034],[78.5769,10.0374],[78.564,10.0355],[78.5614,10.0303],[78.5554,10.0304],[78.5521,10.0256],[78.5423,10.0228],[78.53,10.002],[78.5305,10.0093],[78.5207,10.0247],[78.521,10.0327],[78.5156,10.0331],[78.5156,10.024],[78.5011,10.0272],[78.4971,10.0242],[78.4844,10.0298],[78.4802,10.0371],[78.4585,10.0377],[78.4592,10.0341],[78.4546,10.034],[78.4486,10.025],[78.4451,10.0247],[78.4477,10.028],[78.4423,10.0343],[78.4309,10.0366],[78.4279,10.054],[78.437,10.0601],[78.4513,10.0616],[78.456,10.0713],[78.4609,10.0704],[78.4625,10.0771],[78.4587,10.0816],[78.4601,10.0919],[78.4567,10.1003],[78.471,10.1095],[78.4736,10.1213],[78.4647,10.1211],[78.4591,10.1253],[78.4516,10.1191],[78.4411,10.1313],[78.4347,10.1317],[78.4324,10.1355],[78.4314,10.1272],[78.4268,10.1227],[78.4249,10.1337],[78.4172,10.1321],[78.4152,10.1358],[78.4018,10.1389],[78.4129,10.161],[78.3988,10.1659],[78.3946,10.1744],[78.4124,10.2129],[78.408,10.2163],[78.4077,10.2235],[78.4008,10.2274],[78.3981,10.2257],[78.3923,10.2417],[78.3956,10.2487],[78.4054,10.2503],[78.4105,10.2571],[78.4249,10.2586],[78.4242,10.2709],[78.4173,10.2748],[78.4093,10.2722],[78.4034,10.2757],[78.3866,10.2706],[78.3844,10.2896],[78.3811,10.2929],[78.3861,10.2897],[78.3862,10.2935],[78.3909,10.2964],[78.3904,10.3023],[78.3802,10.3057],[78.3784,10.3104],[78.3921,10.318],[78.4042,10.3433],[78.4048,10.3454],[78.3939,10.3491],[78.3924,10.3544],[78.4084,10.3578],[78.4102,10.3619],[78.4151,10.3633],[78.4362,10.3626],[78.4492,10.3754],[78.4384,10.3844],[78.441,10.4008],[78.4454,10.4083],[78.4644,10.4073],[78.4907,10.3956],[78.4911,10.3887]]]}},{"type":"Feature","bbox":[78.2497,9.655,78.7718,10.058],"properties":{"kind":"ac","ac":186,"name":"Sivaganga","pc":"Sivaganga","mla":"Kulanthai Rani","mla_party":"TVK","mp":"Karti Chidambaram","mp_party":"INC"},"geometry":{"type":"Polygon","coordinates":[[[78.7102,10.0567],[78.73,10.058],[78.7333,10.0497],[78.7283,10.032],[78.7383,10.0302],[78.7451,10.0241],[78.7451,10.0195],[78.7538,10.0077],[78.7611,10.0063],[78.7718,9.9986],[78.7651,9.9905],[78.7591,9.9671],[78.7539,9.9654],[78.747,9.9684],[78.7512,9.9591],[78.7385,9.9532],[78.748,9.9454],[78.7372,9.945],[78.7322,9.9405],[78.7322,9.9347],[78.7291,9.9359],[78.7282,9.9271],[78.7226,9.9222],[78.6928,9.9195],[78.7037,9.9081],[78.7129,9.9033],[78.7137,9.893],[78.7105,9.8796],[78.7054,9.8778],[78.7053,9.8697],[78.7187,9.8717],[78.7236,9.8686],[78.7202,9.8597],[78.7112,9.8604],[78.7179,9.8554],[78.7155,9.8513],[78.7178,9.8502],[78.7168,9.8439],[78.713,9.8449],[78.7094,9.8358],[78.7174,9.8304],[78.7206,9.843],[78.7244,9.8411],[78.7233,9.8347],[78.7276,9.8322],[78.7191,9.8187],[78.7077,9.8116],[78.7073,9.8001],[78.7131,9.7979],[78.7193,9.8003],[78.7298,9.7885],[78.7311,9.7744],[78.7348,9.7702],[78.728,9.754],[78.7384,9.7535],[78.7427,9.7495],[78.7511,9.7149],[78.7473,9.7059],[78.7447,9.7099],[78.7293,9.7082],[78.7233,9.7108],[78.7136,9.6976],[78.7023,9.6959],[78.6957,9.68],[78.6814,9.679],[78.6689,9.684],[78.6677,9.6949],[78.6632,9.6997],[78.6689,9.707],[78.6567,9.7128],[78.6507,9.7091],[78.642,9.7148],[78.6463,9.7167],[78.6426,9.7194],[78.6332,9.7177],[78.6319,9.713],[78.6283,9.7126],[78.63,9.7081],[78.6218,9.7054],[78.6062,9.7141],[78.6065,9.7187],[78.6015,9.7182],[78.5923,9.7092],[78.5825,9.7084],[78.5927,9.7059],[78.5945,9.7011],[78.5907,9.6897],[78.5725,9.6889],[78.5692,9.6767],[78.5568,9.6704],[78.548,9.6706],[78.5355,9.655],[78.5214,9.6804],[78.5094,9.6836],[78.5037,9.6888],[78.5167,9.6977],[78.5249,9.6977],[78.5257,9.7096],[78.5408,9.7221],[78.5336,9.7324],[78.5165,9.7234],[78.5037,9.727],[78.4963,9.7327],[78.4836,9.7744],[78.4666,9.7771],[78.4619,9.7749],[78.4396,9.7466],[78.4344,9.7549],[78.4278,9.7566],[78.4242,9.7474],[78.4198,9.7474],[78.4147,9.757],[78.4048,9.756],[78.3975,9.7503],[78.3791,9.7665],[78.3784,9.7738],[78.3703,9.7761],[78.3703,9.7861],[78.3518,9.7945],[78.3629,9.8031],[78.3668,9.8108],[78.3631,9.8204],[78.35,9.825],[78.3497,9.8323],[78.3452,9.8394],[78.3213,9.8402],[78.3238,9.8268],[78.2938,9.8251],[78.2924,9.8299],[78.2974,9.8439],[78.2864,9.8402],[78.282,9.8475],[78.2666,9.8497],[78.2672,9.8565],[78.2549,9.8639],[78.2497,9.874],[78.2639,9.8695],[78.2865,9.8704],[78.2927,9.8618],[78.305,9.863],[78.3095,9.8653],[78.3098,9.8741],[78.3135,9.8751],[78.3126,9.8821],[78.3152,9.8831],[78.3107,9.8991],[78.3175,9.9263],[78.3345,9.9312],[78.3349,9.9356],[78.3391,9.9385],[78.3457,9.9374],[78.3457,9.94],[78.3498,9.9365],[78.3524,9.9406],[78.3584,9.9349],[78.3707,9.9346],[78.3687,9.9489],[78.3726,9.9624],[78.3899,9.9526],[78.4561,9.9685],[78.4547,9.9803],[78.4477,9.9864],[78.4497,9.992],[78.4566,9.9923],[78.4578,10.0112],[78.4558,10.0182],[78.4486,10.025],[78.4546,10.034],[78.4592,10.0341],[78.4585,10.0377],[78.4802,10.0371],[78.4844,10.0298],[78.4971,10.0242],[78.5011,10.0272],[78.5156,10.024],[78.5156,10.0331],[78.521,10.0327],[78.5207,10.0247],[78.5305,10.0093],[78.53,10.002],[78.5423,10.0228],[78.5521,10.0256],[78.5554,10.0304],[78.5614,10.0303],[78.564,10.0355],[78.5769,10.0374],[78.5797,10.034],[78.5897,10.0381],[78.5915,10.0323],[78.6027,10.027],[78.6067,10.0302],[78.6191,10.0293],[78.6213,10.0223],[78.6166,10.0241],[78.6166,10.017],[78.6202,10.0152],[78.6458,10.0151],[78.6492,10.009],[78.6702,10.0072],[78.6758,10.01],[78.6819,10.0063],[78.6844,10.0077],[78.6837,10.0243],[78.6878,10.0318],[78.7087,10.0446],[78.7102,10.0567]]]}},{"type":"Feature","bbox":[78.1243,9.5202,78.8216,9.8746],"properties":{"kind":"ac","ac":187,"name":"Manamadurai","pc":"Sivaganga","mla":"D. Elangovan","mla_party":"TVK","mp":"Karti Chidambaram","mp_party":"INC"},"geometry":{"type":"Polygon","coordinates":[[[78.2007,9.8732],[78.2099,9.8734],[78.225,9.8613],[78.2282,9.8653],[78.2392,9.8598],[78.2488,9.86],[78.2427,9.8509],[78.2458,9.8416],[78.2535,9.8344],[78.2583,9.8347],[78.2607,9.8482],[78.2666,9.8497],[78.282,9.8475],[78.2864,9.8402],[78.2973,9.844],[78.292,9.8277],[78.2945,9.8249],[78.3238,9.8268],[78.3213,9.8402],[78.3452,9.8394],[78.3497,9.8323],[78.35,9.825],[78.3631,9.8204],[78.3668,9.8108],[78.3629,9.8031],[78.3518,9.7945],[78.3703,9.7861],[78.3703,9.7761],[78.3784,9.7738],[78.3791,9.7665],[78.3975,9.7503],[78.4048,9.756],[78.4147,9.757],[78.4198,9.7474],[78.4242,9.7474],[78.4278,9.7566],[78.4344,9.7549],[78.4396,9.7466],[78.4619,9.7749],[78.4666,9.7771],[78.4836,9.7744],[78.4963,9.7327],[78.5037,9.727],[78.5165,9.7234],[78.5336,9.7324],[78.5408,9.7221],[78.5257,9.7096],[78.5249,9.6977],[78.5167,9.6977],[78.5037,9.6888],[78.5094,9.6836],[78.5214,9.6804],[78.5355,9.655],[78.548,9.6706],[78.5568,9.6704],[78.5692,9.6767],[78.5725,9.6889],[78.5907,9.6897],[78.5945,9.7011],[78.5927,9.7059],[78.5825,9.7084],[78.5923,9.7092],[78.6015,9.7182],[78.6065,9.7187],[78.6062,9.7141],[78.6218,9.7054],[78.63,9.7081],[78.6283,9.7126],[78.6319,9.713],[78.6332,9.7177],[78.6426,9.7194],[78.6463,9.7167],[78.642,9.7148],[78.6507,9.7091],[78.6567,9.7128],[78.6689,9.707],[78.6632,9.6997],[78.6677,9.6949],[78.6689,9.684],[78.6814,9.679],[78.6957,9.68],[78.7023,9.6959],[78.7136,9.6976],[78.7233,9.7108],[78.7293,9.7082],[78.7447,9.7099],[78.7473,9.7059],[78.7522,9.7163],[78.7624,9.7152],[78.7704,9.7191],[78.7802,9.719],[78.7834,9.7098],[78.7978,9.7028],[78.7934,9.6982],[78.799,9.6954],[78.7972,9.6857],[78.7889,9.6811],[78.7951,9.6795],[78.7932,9.6735],[78.7897,9.6721],[78.7947,9.6711],[78.7951,9.6662],[78.7874,9.6622],[78.7846,9.6507],[78.7943,9.6419],[78.7945,9.6367],[78.7871,9.634],[78.7945,9.632],[78.7936,9.6238],[78.798,9.6211],[78.8046,9.6222],[78.8216,9.6168],[78.8189,9.5949],[78.7852,9.5852],[78.7715,9.5857],[78.744,9.5784],[78.7445,9.585],[78.7267,9.589],[78.7157,9.5971],[78.6824,9.6021],[78.6774,9.5998],[78.6826,9.576],[78.6803,9.5619],[78.6526,9.5449],[78.6604,9.5202],[78.6161,9.5374],[78.6087,9.5454],[78.6073,9.5533],[78.5963,9.5557],[78.5894,9.5623],[78.5808,9.5638],[78.5626,9.576],[78.5504,9.5774],[78.5416,9.5839],[78.5265,9.5805],[78.5153,9.583],[78.4989,9.5982],[78.5018,9.6102],[78.4754,9.6126],[78.4645,9.6173],[78.463,9.6231],[78.4568,9.6163],[78.4496,9.6203],[78.4407,9.6183],[78.4311,9.6094],[78.4237,9.5963],[78.4174,9.5975],[78.4144,9.6194],[78.3883,9.6326],[78.3919,9.6507],[78.3743,9.6591],[78.3634,9.656],[78.3566,9.6583],[78.3504,9.6661],[78.345,9.6602],[78.3377,9.6643],[78.3344,9.6692],[78.3428,9.6744],[78.3415,9.6836],[78.3267,9.6969],[78.3335,9.698],[78.3378,9.7039],[78.2944,9.7118],[78.2877,9.72],[78.2879,9.7268],[78.3,9.7547],[78.2959,9.7621],[78.2736,9.7536],[78.2602,9.7616],[78.239,9.7574],[78.2105,9.7826],[78.2044,9.7639],[78.1966,9.7679],[78.1706,9.7486],[78.1665,9.7497],[78.1637,9.7539],[78.1649,9.7647],[78.1559,9.7657],[78.1488,9.7753],[78.1495,9.7816],[78.1443,9.7836],[78.1458,9.7942],[78.1406,9.7953],[78.139,9.8],[78.1408,9.8091],[78.159,9.8049],[78.1627,9.7995],[78.1721,9.7969],[78.1683,9.7825],[78.1617,9.7817],[78.1597,9.7748],[78.1734,9.7765],[78.1757,9.7725],[78.1832,9.7929],[78.188,9.7951],[78.1936,9.8065],[78.1864,9.8137],[78.1882,9.8151],[78.1687,9.8309],[78.165,9.8281],[78.1515,9.8278],[78.1531,9.8222],[78.1429,9.8122],[78.1346,9.8111],[78.1281,9.814],[78.1323,9.8196],[78.1323,9.8326],[78.1249,9.8434],[78.1243,9.855],[78.1282,9.8527],[78.131,9.8561],[78.1379,9.8563],[78.1506,9.8516],[78.1516,9.8742],[78.1688,9.8746],[78.1814,9.8676],[78.1878,9.8721],[78.1975,9.8692],[78.2007,9.8732]]]}},{"type":"Feature","bbox":[78.2078,9.8618,78.4736,10.3104],"properties":{"kind":"ac","ac":188,"name":"Melur","pc":"Madurai","mla":"P. Viswanathan","mla_party":"INC","mp":"S. Venkatesan","mp_party":"CPI(M)"},"geometry":{"type":"Polygon","coordinates":[[[78.3784,10.3104],[78.3802,10.3057],[78.3904,10.3023],[78.3909,10.2964],[78.3862,10.2935],[78.3861,10.2897],[78.3828,10.2935],[78.3811,10.2929],[78.3844,10.2896],[78.3866,10.2706],[78.4034,10.2757],[78.4093,10.2722],[78.4173,10.2748],[78.4242,10.2709],[78.4249,10.2586],[78.4105,10.2571],[78.4054,10.2503],[78.3956,10.2487],[78.3923,10.2417],[78.3981,10.2257],[78.4008,10.2274],[78.4077,10.2235],[78.408,10.2163],[78.4124,10.2129],[78.3946,10.1744],[78.3988,10.1659],[78.4129,10.161],[78.4018,10.1389],[78.4152,10.1358],[78.4172,10.1321],[78.4249,10.1337],[78.4268,10.1227],[78.4314,10.1272],[78.4324,10.1355],[78.4347,10.1317],[78.4411,10.1313],[78.4516,10.1191],[78.4591,10.1253],[78.4647,10.1211],[78.4736,10.1213],[78.471,10.1095],[78.4567,10.1003],[78.4601,10.0919],[78.4587,10.0816],[78.4625,10.0771],[78.4609,10.0704],[78.456,10.0713],[78.4513,10.0616],[78.437,10.0601],[78.4277,10.0536],[78.4309,10.0366],[78.4401,10.036],[78.4477,10.028],[78.4447,10.0248],[78.4484,10.0252],[78.4558,10.0182],[78.4569,9.9932],[78.4497,9.992],[78.4477,9.9864],[78.4547,9.9803],[78.4564,9.9688],[78.3899,9.9526],[78.3723,9.9623],[78.3687,9.9489],[78.3707,9.9346],[78.3584,9.9349],[78.3524,9.9406],[78.3498,9.9365],[78.3457,9.94],[78.3457,9.9374],[78.3391,9.9385],[78.3349,9.9356],[78.3345,9.9312],[78.3175,9.9263],[78.3107,9.8991],[78.3148,9.8898],[78.3135,9.8751],[78.3098,9.8741],[78.3094,9.865],[78.2927,9.8618],[78.2865,9.8704],[78.2773,9.8698],[78.2784,9.9005],[78.274,9.9014],[78.2739,9.9076],[78.2899,9.9105],[78.2923,9.9251],[78.2847,9.9187],[78.2851,9.9254],[78.2888,9.9372],[78.294,9.938],[78.2934,9.9449],[78.2844,9.9545],[78.2808,9.9367],[78.2746,9.9329],[78.2696,9.9337],[78.2641,9.9388],[78.267,9.9484],[78.2639,9.9583],[78.2681,9.9594],[78.268,9.966],[78.2636,9.9659],[78.2575,9.9782],[78.2482,9.9741],[78.2421,9.9776],[78.232,9.9909],[78.2279,10.0018],[78.2466,10.0158],[78.2454,10.0055],[78.2515,10.0134],[78.2586,10.0122],[78.2576,10.0221],[78.2704,10.0385],[78.2414,10.0451],[78.2408,10.0491],[78.2266,10.0558],[78.2094,10.0568],[78.2133,10.0628],[78.208,10.0664],[78.2078,10.071],[78.211,10.0715],[78.2107,10.0754],[78.2369,10.0774],[78.2445,10.0845],[78.2577,10.0877],[78.262,10.095],[78.2606,10.1038],[78.2649,10.1095],[78.2677,10.1082],[78.2719,10.1165],[78.2732,10.1222],[78.2697,10.1289],[78.2802,10.1303],[78.2822,10.1517],[78.2866,10.1535],[78.2875,10.1593],[78.2845,10.1641],[78.2822,10.1574],[78.2806,10.167],[78.2566,10.1584],[78.2549,10.1653],[78.2648,10.1767],[78.2847,10.191],[78.2938,10.1916],[78.3197,10.215],[78.3277,10.2273],[78.3262,10.2403],[78.332,10.2551],[78.3277,10.2558],[78.3268,10.2628],[78.3303,10.2704],[78.327,10.2727],[78.33,10.2775],[78.3278,10.2766],[78.3294,10.2808],[78.3251,10.2836],[78.3287,10.2846],[78.3296,10.2894],[78.337,10.2893],[78.3348,10.2936],[78.3384,10.2969],[78.3296,10.2988],[78.3402,10.3005],[78.3632,10.2937],[78.3668,10.3014],[78.3744,10.3002],[78.3711,10.3086],[78.3784,10.3104]]]}},{"type":"Feature","bbox":[78.098,9.8347,78.294,10.0944],"properties":{"kind":"ac","ac":189,"name":"Madurai East","pc":"Madurai","mla":"S. Karthikeyan","mla_party":"TVK","mp":"S. Venkatesan","mp_party":"CPI(M)"},"geometry":{"type":"Polygon","coordinates":[[[78.1696,10.0944],[78.2043,10.0794],[78.2008,10.074],[78.203,10.0674],[78.2133,10.0628],[78.2094,10.0568],[78.2266,10.0558],[78.2408,10.0491],[78.2414,10.0451],[78.2704,10.0385],[78.2576,10.0221],[78.2586,10.0122],[78.2515,10.0134],[78.2454,10.0055],[78.2466,10.0158],[78.2279,10.0018],[78.232,9.9909],[78.2421,9.9776],[78.2482,9.9741],[78.2575,9.9782],[78.2636,9.9659],[78.268,9.966],[78.2681,9.9594],[78.2639,9.9583],[78.267,9.9484],[78.2641,9.9388],[78.2696,9.9337],[78.2746,9.9329],[78.2808,9.9367],[78.2844,9.9545],[78.2934,9.9449],[78.294,9.938],[78.2888,9.9372],[78.2851,9.9254],[78.2847,9.9187],[78.2923,9.9251],[78.2899,9.9105],[78.2739,9.9076],[78.274,9.9014],[78.2784,9.9005],[78.2773,9.8698],[78.2639,9.8695],[78.2497,9.874],[78.2549,9.8639],[78.2672,9.8565],[78.2666,9.8482],[78.2605,9.8478],[78.2583,9.8347],[78.2509,9.8354],[78.2458,9.8416],[78.2427,9.8509],[78.2488,9.86],[78.2392,9.8598],[78.2282,9.8653],[78.225,9.8613],[78.2099,9.8734],[78.2007,9.8732],[78.189,9.8798],[78.1742,9.9002],[78.1491,9.9165],[78.1587,9.9149],[78.1658,9.9183],[78.1613,9.9211],[78.1645,9.9293],[78.1521,9.9272],[78.1498,9.9319],[78.1507,9.938],[78.1571,9.9401],[78.1583,9.9456],[78.1495,9.9509],[78.1475,9.9555],[78.1429,9.9568],[78.1389,9.95],[78.1399,9.9546],[78.1278,9.9551],[78.1214,9.9455],[78.117,9.9445],[78.1168,9.9588],[78.1025,9.9557],[78.098,9.966],[78.1026,9.988],[78.0995,9.9961],[78.0998,10.0091],[78.1058,10.0091],[78.1055,10.025],[78.1116,10.0253],[78.1252,10.0183],[78.133,10.0329],[78.1239,10.0417],[78.124,10.0485],[78.1463,10.0606],[78.1546,10.0774],[78.1634,10.0824],[78.1696,10.0944]]]}},{"type":"Feature","bbox":[77.875,9.9507,78.175,10.1904],"properties":{"kind":"ac","ac":190,"name":"Sholavandan","pc":"Theni","mla":"M. V. Karuppiah","mla_party":"TVK","mp":"Thanga Tamil Selvan","mp_party":"DMK"},"geometry":{"type":"Polygon","coordinates":[[[78.1417,10.1829],[78.1486,10.176],[78.157,10.1569],[78.1551,10.151],[78.1578,10.1495],[78.151,10.1472],[78.1587,10.1461],[78.1644,10.1414],[78.1652,10.1241],[78.1565,10.1076],[78.175,10.098],[78.1697,10.0967],[78.1634,10.0824],[78.1568,10.0807],[78.1463,10.0606],[78.124,10.0485],[78.1239,10.0417],[78.133,10.0329],[78.1252,10.0183],[78.1116,10.0253],[78.1055,10.025],[78.1058,10.0091],[78.0998,10.0091],[78.0995,9.9961],[78.1026,9.988],[78.0992,9.9725],[78.0916,9.9765],[78.08,9.9767],[78.0788,9.9799],[78.0763,9.9771],[78.0694,9.9782],[78.0746,9.9507],[78.0635,9.9589],[78.0351,9.9684],[78.0065,9.9839],[77.9904,9.9844],[77.9818,9.9663],[77.9508,9.9774],[77.9533,9.981],[77.9507,9.9855],[77.9248,10.0067],[77.9228,10.0119],[77.8964,10.0284],[77.8761,10.0568],[77.875,10.0617],[77.883,10.0688],[77.8882,10.0685],[77.8943,10.0732],[77.9047,10.0706],[77.9103,10.0771],[77.9192,10.0757],[77.9213,10.0784],[77.9187,10.0845],[77.9467,10.0919],[77.9437,10.0959],[77.937,10.0969],[77.936,10.1083],[77.9409,10.111],[77.9497,10.1289],[77.9535,10.13],[77.9541,10.1337],[77.9466,10.135],[77.9518,10.1405],[77.9595,10.1398],[77.9657,10.1323],[77.9736,10.1327],[77.9877,10.144],[77.999,10.1605],[78.018,10.1612],[78.0293,10.1808],[78.0708,10.1801],[78.0718,10.1842],[78.1063,10.1852],[78.1204,10.1904],[78.1417,10.1829]]]}},{"type":"Feature","bbox":[78.1016,9.9149,78.1656,9.9586],"properties":{"kind":"ac","ac":191,"name":"Madurai North","pc":"Madurai","mla":"A. Kallanai","mla_party":"TVK","mp":"S. Venkatesan","mp_party":"CPI(M)"},"geometry":{"type":"Polygon","coordinates":[[[78.1025,9.9557],[78.1168,9.9586],[78.117,9.9445],[78.1214,9.9455],[78.1278,9.9551],[78.1399,9.9546],[78.1389,9.95],[78.1429,9.9568],[78.1475,9.9555],[78.1495,9.9509],[78.1583,9.9456],[78.1571,9.9401],[78.1507,9.938],[78.1498,9.9319],[78.1521,9.9272],[78.1645,9.9293],[78.1613,9.9211],[78.1656,9.918],[78.1587,9.9149],[78.1491,9.9165],[78.1016,9.943],[78.1025,9.9557]]]}},{"type":"Feature","bbox":[78.1152,9.8986,78.1588,9.9303],"properties":{"kind":"ac","ac":192,"name":"Madurai South","pc":"Madurai","mla":"M. M. Gopison","mla_party":"TVK","mp":"S. Venkatesan","mp_party":"CPI(M)"},"geometry":{"type":"Polygon","coordinates":[[[78.1218,9.9303],[78.1588,9.9107],[78.1523,9.9005],[78.1464,9.9027],[78.1472,9.8999],[78.1429,9.8986],[78.1325,9.8992],[78.1289,9.9024],[78.1226,9.8994],[78.1152,9.903],[78.1162,9.924],[78.1218,9.9303]]]}},{"type":"Feature","bbox":[78.0942,9.903,78.1218,9.9435],"properties":{"kind":"ac","ac":193,"name":"Madurai Central","pc":"Madurai","mla":"Madhar Badhurudeen","mla_party":"TVK","mp":"S. Venkatesan","mp_party":"CPI(M)"},"geometry":{"type":"Polygon","coordinates":[[[78.1218,9.9303],[78.1162,9.924],[78.1152,9.903],[78.095,9.9095],[78.0942,9.9369],[78.0974,9.9435],[78.1096,9.9399],[78.1218,9.9303]]]}},{"type":"Feature","bbox":[77.9819,9.8873,78.115,9.9844],"properties":{"kind":"ac","ac":194,"name":"Madurai West","pc":"Madurai","mla":"S. R. Thangapandi","mla_party":"TVK","mp":"S. Venkatesan","mp_party":"CPI(M)"},"geometry":{"type":"Polygon","coordinates":[[[78.0075,9.9556],[77.9819,9.9684],[77.9881,9.9758],[77.9904,9.9844],[78.0144,9.9817],[78.0351,9.9684],[78.0635,9.9589],[78.0746,9.9507],[78.0694,9.9782],[78.0763,9.9771],[78.0788,9.9799],[78.0841,9.9753],[78.0945,9.9752],[78.0992,9.9725],[78.0979,9.9662],[78.102,9.9592],[78.1032,9.9459],[78.0945,9.9395],[78.095,9.9095],[78.115,9.903],[78.1071,9.8953],[78.0991,9.894],[78.0966,9.8873],[78.0893,9.8874],[78.0893,9.8979],[78.0679,9.8988],[78.0636,9.9193],[78.0525,9.9248],[78.0547,9.9343],[78.0493,9.9277],[78.0425,9.9278],[78.043,9.9381],[78.0408,9.9365],[78.0135,9.9458],[78.006,9.9512],[78.0075,9.9556]]]}},{"type":"Feature","bbox":[77.9911,9.755,78.2007,9.9512],"properties":{"kind":"ac","ac":195,"name":"Thiruparankundram","pc":"Virudhunagar","mla":"C. T. R. Nirmal Kumar","mla_party":"TVK","mp":"Manickam Tagore","mp_party":"INC"},"geometry":{"type":"Polygon","coordinates":[[[78.0215,9.9421],[78.043,9.9381],[78.0425,9.9278],[78.0493,9.9277],[78.0548,9.9342],[78.0525,9.9248],[78.0636,9.9193],[78.0679,9.8988],[78.0893,9.8979],[78.0893,9.8874],[78.0966,9.8873],[78.0991,9.894],[78.1071,9.8953],[78.1152,9.903],[78.1226,9.8994],[78.1289,9.9024],[78.1325,9.8992],[78.1429,9.8986],[78.1472,9.8999],[78.1464,9.9027],[78.1522,9.9005],[78.1588,9.9107],[78.1742,9.9002],[78.189,9.8798],[78.2007,9.8732],[78.1975,9.8692],[78.1878,9.8721],[78.1814,9.8676],[78.1688,9.8746],[78.1516,9.8742],[78.1506,9.8516],[78.1379,9.8563],[78.131,9.8561],[78.1282,9.8527],[78.1243,9.855],[78.1249,9.8434],[78.1323,9.8326],[78.1323,9.8196],[78.1281,9.814],[78.1346,9.8111],[78.1429,9.8122],[78.1531,9.8222],[78.1515,9.8278],[78.165,9.8281],[78.1687,9.8309],[78.1882,9.8151],[78.1864,9.8137],[78.1936,9.8065],[78.188,9.7951],[78.1832,9.7929],[78.1765,9.7729],[78.1734,9.7765],[78.1597,9.7748],[78.1617,9.7817],[78.1683,9.7825],[78.1721,9.7969],[78.1627,9.7995],[78.159,9.8049],[78.1429,9.8092],[78.139,9.8],[78.1406,9.7953],[78.1458,9.7942],[78.1456,9.7898],[78.1443,9.7836],[78.1384,9.7775],[78.137,9.762],[78.125,9.7662],[78.1257,9.7712],[78.1122,9.7793],[78.1071,9.786],[78.1011,9.7843],[78.0973,9.7791],[78.0878,9.7794],[78.0883,9.7761],[78.1041,9.7685],[78.101,9.755],[78.0837,9.758],[78.0841,9.768],[78.0629,9.7723],[78.0628,9.7912],[78.0469,9.796],[78.0505,9.8095],[78.0472,9.8121],[78.0487,9.8173],[78.0349,9.827],[78.0397,9.8457],[78.0334,9.852],[78.0223,9.8491],[78.0174,9.8637],[78.0201,9.8718],[78.0057,9.8761],[78.0092,9.8831],[77.9965,9.8858],[77.9972,9.8998],[77.9911,9.9039],[77.9963,9.9195],[78.0016,9.9207],[78.0048,9.9262],[77.9966,9.9346],[78.006,9.9512],[78.0215,9.9421]]]}},{"type":"Feature","bbox":[77.7029,9.6255,78.0878,9.9684],"properties":{"kind":"ac","ac":196,"name":"Thirumangalam","pc":"Virudhunagar","mla":"Sedapatti M. Manimaran","mla_party":"DMK","mp":"Manickam Tagore","mp_party":"INC"},"geometry":{"type":"Polygon","coordinates":[[[77.9819,9.9684],[78.0075,9.9556],[77.9966,9.9346],[78.0048,9.9262],[78.0016,9.9207],[77.9963,9.9195],[77.9919,9.9092],[77.9911,9.9039],[77.9972,9.8998],[77.9965,9.8858],[78.0092,9.8831],[78.0057,9.8761],[78.0201,9.8718],[78.0174,9.8637],[78.0223,9.8491],[78.0334,9.852],[78.0397,9.8457],[78.0349,9.827],[78.0487,9.8173],[78.0472,9.8121],[78.0505,9.8095],[78.0469,9.796],[78.0628,9.7912],[78.0629,9.7723],[78.0848,9.7661],[78.0789,9.7483],[78.0677,9.7533],[78.0617,9.7413],[78.0716,9.7352],[78.0728,9.7314],[78.0683,9.7237],[78.0799,9.7078],[78.0769,9.6958],[78.0852,9.6915],[78.0828,9.6875],[78.0878,9.6827],[78.0854,9.6749],[78.0795,9.6741],[78.0819,9.6632],[78.077,9.6595],[78.059,9.6612],[78.0611,9.6708],[78.0388,9.6781],[78.0305,9.6593],[78.0251,9.6604],[78.0143,9.6386],[78.0041,9.642],[78.0058,9.6476],[78.0007,9.6499],[77.9954,9.641],[77.9906,9.6419],[77.9854,9.6349],[77.9728,9.6298],[77.9639,9.634],[77.9644,9.6446],[77.9533,9.6492],[77.9506,9.6464],[77.9415,9.6497],[77.9227,9.6475],[77.9207,9.6382],[77.9105,9.6378],[77.9004,9.6255],[77.8915,9.6307],[77.8894,9.6419],[77.8481,9.6505],[77.8454,9.6507],[77.8423,9.6357],[77.806,9.6416],[77.7945,9.6489],[77.7913,9.6391],[77.7748,9.6408],[77.7642,9.6605],[77.7691,9.6618],[77.7695,9.6654],[77.7666,9.6663],[77.7665,9.6736],[77.7606,9.6831],[77.7553,9.6816],[77.7339,9.6929],[77.7261,9.6927],[77.7029,9.7095],[77.7034,9.716],[77.7274,9.7438],[77.7401,9.7421],[77.7464,9.732],[77.7708,9.7541],[77.7764,9.7686],[77.7882,9.7737],[77.7983,9.7733],[77.8003,9.7798],[77.8094,9.7784],[77.8098,9.783],[77.8134,9.7833],[77.8149,9.8123],[77.82,9.8158],[77.8596,9.8146],[77.8604,9.8217],[77.8539,9.8275],[77.8481,9.827],[77.8423,9.8371],[77.8527,9.8419],[77.8596,9.8565],[77.8695,9.8546],[77.871,9.8624],[77.8761,9.8626],[77.8767,9.8764],[77.8895,9.887],[77.8846,9.904],[77.8875,9.9046],[77.8881,9.9124],[77.9176,9.9116],[77.9343,9.9053],[77.9493,9.9043],[77.9514,9.9095],[77.9628,9.9179],[77.9659,9.917],[77.9645,9.9293],[77.9526,9.936],[77.9611,9.9582],[77.9644,9.9568],[77.9689,9.96],[77.9807,9.9522],[77.9819,9.9684]]]}},{"type":"Feature","bbox":[77.4641,9.563,77.9818,10.0754],"properties":{"kind":"ac","ac":197,"name":"Usilampatti","pc":"Theni","mla":"M. Vijay","mla_party":"TVK","mp":"Thanga Tamil Selvan","mp_party":"DMK"},"geometry":{"type":"Polygon","coordinates":[[[77.8756,10.0606],[77.8778,10.0535],[77.8964,10.0284],[77.9228,10.0119],[77.9248,10.0067],[77.9521,9.9839],[77.9508,9.9774],[77.9818,9.9663],[77.9807,9.9522],[77.9689,9.96],[77.9644,9.9568],[77.9611,9.9582],[77.956,9.9465],[77.9526,9.936],[77.9645,9.9293],[77.9659,9.917],[77.9628,9.9179],[77.9514,9.9095],[77.9493,9.9043],[77.9343,9.9053],[77.9176,9.9116],[77.8881,9.9124],[77.8875,9.9046],[77.8846,9.904],[77.8895,9.887],[77.8767,9.8764],[77.8761,9.8626],[77.871,9.8624],[77.8695,9.8546],[77.8596,9.8565],[77.8527,9.8419],[77.8423,9.8371],[77.8481,9.827],[77.8539,9.8275],[77.8604,9.8217],[77.8596,9.8146],[77.82,9.8158],[77.8149,9.8123],[77.8134,9.7833],[77.8098,9.783],[77.8094,9.7784],[77.8003,9.7798],[77.7983,9.7733],[77.7882,9.7737],[77.7764,9.7686],[77.7708,9.7541],[77.7464,9.732],[77.7401,9.7421],[77.7274,9.7438],[77.7019,9.7125],[77.7101,9.7053],[77.7105,9.6947],[77.7073,9.6907],[77.6998,9.6921],[77.6976,9.6991],[77.6843,9.684],[77.6834,9.6778],[77.6812,9.6765],[77.6776,9.6826],[77.6683,9.6774],[77.6509,9.6829],[77.6504,9.695],[77.6491,9.6988],[77.6451,9.6978],[77.647,9.7011],[77.6446,9.701],[77.6442,9.7064],[77.6318,9.701],[77.6292,9.7047],[77.6157,9.6989],[77.6162,9.6958],[77.6122,9.6978],[77.6058,9.6956],[77.6008,9.6912],[77.6018,9.6865],[77.5902,9.6791],[77.5857,9.667],[77.5761,9.6691],[77.5749,9.6648],[77.5625,9.6597],[77.5512,9.6445],[77.5433,9.6452],[77.5474,9.6589],[77.544,9.6619],[77.5372,9.66],[77.5192,9.6364],[77.514,9.6108],[77.5003,9.597],[77.4984,9.5757],[77.4754,9.563],[77.4735,9.5717],[77.4641,9.5791],[77.4701,9.5905],[77.4843,9.6053],[77.4866,9.6155],[77.5062,9.6386],[77.5036,9.6503],[77.5231,9.6604],[77.5353,9.6751],[77.5407,9.6954],[77.5441,9.6937],[77.5459,9.6959],[77.5466,9.7055],[77.554,9.7152],[77.5535,9.7221],[77.5662,9.7479],[77.5851,9.7623],[77.5863,9.7688],[77.5976,9.7745],[77.6036,9.7911],[77.6124,9.799],[77.6236,9.8218],[77.6257,9.8349],[77.6179,9.8381],[77.6186,9.8584],[77.6431,9.886],[77.6485,9.8953],[77.6464,9.903],[77.6528,9.9107],[77.6534,9.9177],[77.6568,9.9203],[77.6673,9.9134],[77.6795,9.9336],[77.6726,9.9624],[77.683,9.9695],[77.6922,9.9685],[77.6978,9.9832],[77.6979,10.0174],[77.7015,10.0141],[77.7087,10.0184],[77.7125,10.026],[77.7103,10.0204],[77.7178,10.0184],[77.7535,10.0474],[77.7599,10.0463],[77.7633,10.056],[77.7812,10.0511],[77.8055,10.0678],[77.8217,10.0673],[77.8364,10.0741],[77.8607,10.0754],[77.8756,10.0606]]]}},{"type":"Feature","bbox":[77.1657,9.5194,77.7125,10.0857],"properties":{"kind":"ac","ac":198,"name":"Andipatti","pc":"Theni","mla":"A. Maharajan","mla_party":"DMK","mp":"Thanga Tamil Selvan","mp_party":"DMK"},"geometry":{"type":"Polygon","coordinates":[[[77.701,10.0857],[77.7088,10.0803],[77.7076,10.0647],[77.7125,10.048],[77.7062,10.0383],[77.7116,10.0341],[77.7125,10.026],[77.7087,10.0184],[77.7015,10.0141],[77.6979,10.0174],[77.6978,9.9832],[77.6922,9.9685],[77.683,9.9695],[77.6726,9.9624],[77.6795,9.9336],[77.6673,9.9134],[77.6568,9.9203],[77.6534,9.9177],[77.6528,9.9107],[77.6464,9.903],[77.6485,9.8953],[77.6431,9.886],[77.6186,9.8584],[77.6179,9.8381],[77.6257,9.8349],[77.6236,9.8218],[77.6124,9.799],[77.6036,9.7911],[77.5976,9.7745],[77.5863,9.7688],[77.5851,9.7623],[77.5662,9.7479],[77.5535,9.7221],[77.554,9.7152],[77.5466,9.7055],[77.5459,9.6959],[77.5441,9.6937],[77.5407,9.6954],[77.5353,9.6751],[77.5231,9.6604],[77.5036,9.6503],[77.5062,9.6386],[77.4866,9.6155],[77.4854,9.607],[77.474,9.596],[77.4643,9.5799],[77.4738,9.5711],[77.4776,9.5539],[77.4759,9.5508],[77.4548,9.5415],[77.4505,9.545],[77.4445,9.5433],[77.4412,9.5467],[77.4283,9.5469],[77.4024,9.5252],[77.4002,9.5275],[77.3851,9.5194],[77.3655,9.5351],[77.3655,9.552],[77.361,9.5583],[77.353,9.5598],[77.3504,9.5671],[77.36,9.5778],[77.3551,9.5868],[77.3578,9.5952],[77.3612,9.5981],[77.3663,9.5959],[77.3658,9.5999],[77.3613,9.6024],[77.3547,9.6041],[77.3395,9.5734],[77.3252,9.5806],[77.3245,9.5936],[77.33,9.5991],[77.3224,9.5984],[77.3178,9.6027],[77.3035,9.5987],[77.295,9.5898],[77.2901,9.5891],[77.2903,9.5849],[77.2688,9.573],[77.2585,9.5766],[77.2531,9.5831],[77.2428,9.5854],[77.2346,9.5815],[77.2228,9.5924],[77.2208,9.5992],[77.21,9.6053],[77.209,9.6137],[77.1983,9.6144],[77.1972,9.6108],[77.1884,9.6061],[77.1657,9.6127],[77.169,9.6237],[77.1764,9.6292],[77.1741,9.6375],[77.1794,9.6451],[77.1809,9.6588],[77.1877,9.6616],[77.1867,9.6663],[77.1945,9.6711],[77.2068,9.6947],[77.2021,9.7039],[77.2062,9.7179],[77.2037,9.7223],[77.2186,9.7261],[77.2239,9.7302],[77.2226,9.7356],[77.2466,9.7331],[77.2499,9.7222],[77.2609,9.7185],[77.2771,9.7191],[77.283,9.7143],[77.2907,9.7135],[77.2975,9.7144],[77.2995,9.7211],[77.3084,9.7211],[77.3172,9.7318],[77.3244,9.7319],[77.3286,9.7235],[77.3422,9.7257],[77.3433,9.7102],[77.358,9.707],[77.3624,9.7258],[77.3678,9.7273],[77.356,9.7418],[77.3575,9.751],[77.3649,9.7545],[77.3665,9.7847],[77.3695,9.7879],[77.3685,9.794],[77.3611,9.7889],[77.3548,9.7937],[77.3587,9.8029],[77.3567,9.8099],[77.3595,9.8159],[77.3566,9.8212],[77.3432,9.8097],[77.3529,9.8312],[77.3689,9.8461],[77.3677,9.8539],[77.3809,9.853],[77.3953,9.8704],[77.4023,9.8623],[77.4031,9.8654],[77.4116,9.8613],[77.4176,9.8794],[77.4149,9.8802],[77.417,9.8871],[77.4244,9.8847],[77.4242,9.8806],[77.4308,9.8831],[77.4318,9.8798],[77.4528,9.8762],[77.4528,9.8792],[77.4697,9.8807],[77.4768,9.863],[77.4848,9.8546],[77.4959,9.8681],[77.4998,9.8899],[77.512,9.9024],[77.5106,9.9134],[77.5138,9.9219],[77.5095,9.9309],[77.5095,9.9488],[77.5132,9.9607],[77.5149,9.9896],[77.5127,9.998],[77.5196,10.0084],[77.5341,10.0116],[77.537,10.0214],[77.5462,10.0272],[77.5462,10.0353],[77.5516,10.0423],[77.5627,10.048],[77.5894,10.0528],[77.6038,10.0437],[77.6277,10.0475],[77.6341,10.0419],[77.6393,10.0416],[77.6598,10.0519],[77.6692,10.0657],[77.6766,10.0692],[77.6813,10.0762],[77.701,10.0857]]]}},{"type":"Feature","bbox":[77.418,9.9927,77.7296,10.2188],"properties":{"kind":"ac","ac":199,"name":"Periyakulam","pc":"Theni","mla":"G. Sabari Iyngaran","mla_party":"TVK","mp":"Thanga Tamil Selvan","mp_party":"DMK"},"geometry":{"type":"Polygon","coordinates":[[[77.6931,10.197],[77.6966,10.2064],[77.7024,10.2078],[77.7024,10.2143],[77.7061,10.2127],[77.7065,10.2159],[77.71,10.2064],[77.7042,10.2007],[77.7047,10.1962],[77.7012,10.1953],[77.7125,10.1748],[77.7122,10.1701],[77.7218,10.1669],[77.7292,10.1592],[77.7273,10.154],[77.7246,10.154],[77.7239,10.1463],[77.7242,10.1362],[77.7296,10.1322],[77.7288,10.1301],[77.7217,10.1341],[77.7156,10.1288],[77.7078,10.129],[77.7035,10.1342],[77.6972,10.1353],[77.692,10.1455],[77.6763,10.1447],[77.6754,10.1267],[77.669,10.1262],[77.6686,10.1225],[77.6972,10.1089],[77.7025,10.1028],[77.6969,10.0869],[77.701,10.0857],[77.681,10.076],[77.6766,10.0692],[77.6692,10.0657],[77.66,10.0521],[77.6514,10.0467],[77.637,10.0412],[77.6281,10.0474],[77.603,10.0439],[77.5898,10.0527],[77.5615,10.0476],[77.548,10.0378],[77.5462,10.0272],[77.537,10.0214],[77.5338,10.0113],[77.5196,10.0084],[77.5126,9.9932],[77.5041,9.9927],[77.4965,9.997],[77.486,9.9961],[77.4819,10.0025],[77.4478,10.0278],[77.4502,10.0326],[77.4464,10.032],[77.4317,10.0416],[77.4209,10.0586],[77.4215,10.0862],[77.418,10.0898],[77.4206,10.0935],[77.459,10.0779],[77.4547,10.0594],[77.4671,10.0601],[77.4739,10.0666],[77.4777,10.0654],[77.4824,10.0806],[77.4804,10.0874],[77.4856,10.0859],[77.4893,10.0883],[77.5005,10.1005],[77.5,10.1069],[77.4967,10.1085],[77.4968,10.1149],[77.4868,10.1242],[77.4844,10.1223],[77.4789,10.1274],[77.4747,10.1229],[77.4697,10.1303],[77.4648,10.1298],[77.4695,10.1398],[77.468,10.1423],[77.4723,10.1427],[77.472,10.1458],[77.4758,10.1478],[77.4806,10.1471],[77.4831,10.1543],[77.4877,10.1478],[77.4999,10.1611],[77.5117,10.161],[77.5275,10.174],[77.5231,10.1762],[77.5367,10.1797],[77.538,10.1878],[77.5437,10.1818],[77.5462,10.1829],[77.5472,10.1862],[77.5431,10.188],[77.5444,10.1926],[77.5512,10.1919],[77.5463,10.1988],[77.5481,10.2041],[77.5497,10.2],[77.5556,10.2022],[77.5668,10.1955],[77.5673,10.1827],[77.5697,10.1814],[77.589,10.1969],[77.5918,10.1914],[77.5983,10.1944],[77.6029,10.2001],[77.5961,10.2023],[77.5957,10.2059],[77.6008,10.2084],[77.6003,10.206],[77.6037,10.206],[77.6089,10.2128],[77.6152,10.2125],[77.6221,10.2188],[77.6239,10.213],[77.632,10.2064],[77.6452,10.2046],[77.6496,10.1988],[77.6537,10.1986],[77.6528,10.1948],[77.66,10.1912],[77.6619,10.1932],[77.6634,10.1891],[77.6814,10.2016],[77.6931,10.197]]]}},{"type":"Feature","bbox":[77.2016,9.8312,77.5147,10.1629],"properties":{"kind":"ac","ac":200,"name":"Bodinayakanur","pc":"Theni","mla":"O. Panneerselvam","mla_party":"DMK","mp":"Thanga Tamil Selvan","mp_party":"DMK"},"geometry":{"type":"Polygon","coordinates":[[[77.4648,10.1293],[77.4697,10.1303],[77.4747,10.1229],[77.4789,10.1274],[77.4844,10.1223],[77.4868,10.1242],[77.4968,10.1149],[77.4967,10.1085],[77.5,10.1069],[77.5005,10.1005],[77.4893,10.0883],[77.4856,10.0859],[77.4804,10.0874],[77.4824,10.0806],[77.4796,10.0683],[77.4671,10.0601],[77.4547,10.0594],[77.459,10.0779],[77.4206,10.0935],[77.418,10.0898],[77.4215,10.0862],[77.4201,10.0619],[77.4317,10.0416],[77.4464,10.032],[77.4502,10.0326],[77.4478,10.0278],[77.4819,10.0025],[77.486,9.9961],[77.4965,9.997],[77.5018,9.9931],[77.5126,9.9932],[77.5147,9.9903],[77.5131,9.9602],[77.5095,9.9488],[77.5095,9.9309],[77.5138,9.9219],[77.5106,9.9134],[77.5115,9.9007],[77.4998,9.8899],[77.4959,9.8681],[77.4848,9.8546],[77.4768,9.863],[77.4697,9.8807],[77.4528,9.8792],[77.4528,9.8762],[77.4318,9.8798],[77.4308,9.8831],[77.4242,9.8806],[77.4244,9.8847],[77.417,9.8871],[77.4149,9.8802],[77.4176,9.8794],[77.4116,9.8613],[77.4031,9.8654],[77.4023,9.8623],[77.3953,9.8704],[77.3809,9.853],[77.3677,9.8539],[77.3689,9.8461],[77.3529,9.8312],[77.348,9.8401],[77.332,9.8426],[77.3299,9.8473],[77.3278,9.867],[77.3298,9.8752],[77.3414,9.8764],[77.3441,9.8836],[77.3389,9.8911],[77.323,9.8977],[77.3191,9.908],[77.3054,9.9138],[77.2998,9.9232],[77.2655,9.9371],[77.2594,9.952],[77.2722,9.9619],[77.2724,9.9764],[77.2645,9.987],[77.2668,9.99],[77.2609,9.9919],[77.2652,10.0028],[77.2534,10.0129],[77.2619,10.0219],[77.262,10.0307],[77.2315,10.0665],[77.2231,10.0702],[77.2174,10.0795],[77.2049,10.087],[77.2016,10.1074],[77.2072,10.1181],[77.2165,10.1155],[77.2301,10.1209],[77.2392,10.1302],[77.2475,10.1303],[77.2522,10.125],[77.2665,10.1218],[77.2665,10.1194],[77.283,10.1179],[77.2841,10.1255],[77.2895,10.1251],[77.2927,10.1312],[77.302,10.1359],[77.313,10.1355],[77.3237,10.1277],[77.3292,10.1428],[77.3414,10.1361],[77.3603,10.1511],[77.3717,10.1393],[77.3846,10.1468],[77.3954,10.1629],[77.4087,10.1585],[77.4114,10.1451],[77.4275,10.1362],[77.4381,10.1325],[77.4447,10.1364],[77.4521,10.1362],[77.4648,10.1293]]]}},{"type":"Feature","bbox":[77.2125,9.707,77.3691,9.9526],"properties":{"kind":"ac","ac":201,"name":"Cumbum","pc":"Theni","mla":"P. L. A. Jeganathmishra","mla_party":"TVK","mp":"Thanga Tamil Selvan","mp_party":"DMK"},"geometry":{"type":"Polygon","coordinates":[[[77.261,9.9526],[77.2676,9.9354],[77.3001,9.923],[77.3054,9.9138],[77.3191,9.908],[77.323,9.8977],[77.3383,9.8918],[77.344,9.8838],[77.3414,9.8764],[77.3298,9.8752],[77.3278,9.867],[77.33,9.8468],[77.332,9.8426],[77.348,9.8401],[77.3483,9.8357],[77.3527,9.833],[77.3431,9.8099],[77.3568,9.821],[77.3595,9.8159],[77.3567,9.8099],[77.3587,9.8029],[77.3549,9.7934],[77.3611,9.7889],[77.3691,9.7933],[77.3651,9.7555],[77.3574,9.7509],[77.356,9.7418],[77.3678,9.7273],[77.3624,9.7258],[77.358,9.707],[77.3433,9.7102],[77.3422,9.7257],[77.3286,9.7235],[77.3244,9.7319],[77.3172,9.7318],[77.3084,9.7211],[77.2995,9.7211],[77.2975,9.7144],[77.2835,9.7142],[77.2771,9.7191],[77.2609,9.7185],[77.2499,9.7222],[77.2466,9.7331],[77.2226,9.7356],[77.2199,9.7422],[77.2284,9.7658],[77.2325,9.7695],[77.2251,9.7762],[77.223,9.7884],[77.2345,9.7898],[77.2406,9.7976],[77.2468,9.7986],[77.2469,9.8087],[77.2414,9.8168],[77.2327,9.8179],[77.233,9.8222],[77.2251,9.8209],[77.222,9.8233],[77.2278,9.8392],[77.2232,9.8456],[77.2375,9.8519],[77.2365,9.8607],[77.2208,9.8645],[77.2125,9.8783],[77.2156,9.8781],[77.2179,9.8852],[77.2211,9.8851],[77.2188,9.9047],[77.2306,9.9137],[77.2306,9.9216],[77.2359,9.9273],[77.2374,9.9378],[77.2484,9.9481],[77.2468,9.9526],[77.261,9.9526]]]}},{"type":"Feature","bbox":[77.3392,9.3287,77.6153,9.5161],"properties":{"kind":"ac","ac":202,"name":"Rajapalayam","pc":"Tenkasi","mla":"K. Jegadeshwari","mla_party":"TVK","mp":"Rani Srikumar","mp_party":"DMK"},"geometry":{"type":"Polygon","coordinates":[[[77.4114,9.5075],[77.4567,9.5093],[77.4626,9.5161],[77.465,9.5112],[77.471,9.5145],[77.4807,9.5123],[77.4828,9.5075],[77.4869,9.5085],[77.4929,9.5041],[77.4959,9.5102],[77.5051,9.5115],[77.5157,9.5089],[77.5207,9.5128],[77.5277,9.5073],[77.5307,9.5083],[77.5277,9.5144],[77.5332,9.5088],[77.536,9.4989],[77.5469,9.498],[77.5541,9.4846],[77.5633,9.4892],[77.5687,9.4851],[77.5754,9.4882],[77.6079,9.4754],[77.6066,9.4668],[77.6153,9.4507],[77.6093,9.4531],[77.6095,9.4481],[77.5969,9.4506],[77.5936,9.4392],[77.5954,9.4325],[77.5826,9.4284],[77.5784,9.4305],[77.5784,9.4216],[77.5705,9.4279],[77.5671,9.4212],[77.5542,9.417],[77.5589,9.4147],[77.5647,9.4054],[77.5649,9.3981],[77.5691,9.3987],[77.5678,9.3924],[77.5576,9.3935],[77.5493,9.3993],[77.5504,9.3713],[77.5298,9.3754],[77.5287,9.3608],[77.527,9.3583],[77.5192,9.3587],[77.5274,9.3493],[77.5222,9.3353],[77.5002,9.333],[77.4959,9.3385],[77.4873,9.3372],[77.4744,9.3411],[77.4714,9.3287],[77.4647,9.3291],[77.4593,9.3365],[77.463,9.3458],[77.468,9.3467],[77.4413,9.3542],[77.4434,9.3625],[77.4368,9.3622],[77.4385,9.368],[77.4466,9.366],[77.4504,9.3702],[77.4481,9.3751],[77.4381,9.3814],[77.434,9.391],[77.4233,9.3937],[77.4189,9.3992],[77.406,9.3935],[77.3972,9.3962],[77.3889,9.3924],[77.379,9.4017],[77.3719,9.4024],[77.3646,9.4092],[77.35,9.4129],[77.3392,9.4202],[77.3451,9.4261],[77.3485,9.4402],[77.3643,9.4592],[77.3772,9.4528],[77.3923,9.4592],[77.3912,9.4685],[77.4019,9.4785],[77.3984,9.4817],[77.3986,9.4954],[77.4114,9.5075]]]}},{"type":"Feature","bbox":[77.4003,9.4162,77.7896,9.7064],"properties":{"kind":"ac","ac":203,"name":"Srivilliputhur","pc":"Tenkasi","mla":"A. Karthik","mla_party":"TVK","mp":"Rani Srikumar","mp_party":"DMK"},"geometry":{"type":"Polygon","coordinates":[[[77.7101,9.7053],[77.7261,9.6927],[77.7339,9.6929],[77.7553,9.6816],[77.7606,9.6831],[77.7665,9.6736],[77.7666,9.6663],[77.7695,9.6654],[77.7691,9.6618],[77.7642,9.6605],[77.7742,9.6413],[77.7896,9.6393],[77.7886,9.6366],[77.775,9.6338],[77.7743,9.6398],[77.7724,9.6366],[77.7729,9.6123],[77.7703,9.6042],[77.7784,9.5924],[77.7796,9.5832],[77.7723,9.5827],[77.7659,9.5899],[77.7654,9.5867],[77.7592,9.5963],[77.7556,9.5917],[77.745,9.5985],[77.7314,9.5832],[77.7321,9.5763],[77.7368,9.5728],[77.737,9.5652],[77.742,9.5628],[77.7447,9.5553],[77.743,9.5532],[77.7387,9.558],[77.7351,9.5474],[77.7315,9.5453],[77.7299,9.5555],[77.7259,9.5554],[77.7214,9.5359],[77.7243,9.5353],[77.7217,9.519],[77.7232,9.5139],[77.7261,9.5143],[77.7231,9.5067],[77.7274,9.5044],[77.7241,9.4905],[77.7198,9.4915],[77.7181,9.4816],[77.6986,9.4776],[77.6956,9.4655],[77.702,9.4654],[77.7012,9.4563],[77.6945,9.4559],[77.6863,9.4505],[77.679,9.438],[77.6728,9.4341],[77.6665,9.4162],[77.648,9.4174],[77.6447,9.4243],[77.6378,9.4249],[77.6352,9.4289],[77.6241,9.4255],[77.6137,9.4315],[77.6035,9.432],[77.5967,9.4276],[77.5936,9.4392],[77.5955,9.4493],[77.6095,9.4481],[77.6093,9.4531],[77.6153,9.4507],[77.6066,9.4668],[77.6079,9.4754],[77.5754,9.4882],[77.5687,9.4851],[77.5633,9.4892],[77.5541,9.4846],[77.5469,9.498],[77.536,9.4989],[77.5305,9.5136],[77.5277,9.5144],[77.5307,9.5083],[77.5277,9.5073],[77.5223,9.5125],[77.5157,9.5089],[77.5051,9.5115],[77.4959,9.5102],[77.4929,9.5041],[77.4869,9.5085],[77.4828,9.5075],[77.4807,9.5123],[77.471,9.5145],[77.465,9.5112],[77.4626,9.5161],[77.4567,9.5093],[77.4173,9.5064],[77.4114,9.5075],[77.4086,9.5146],[77.4003,9.5179],[77.4053,9.5282],[77.414,9.5364],[77.4228,9.5397],[77.4283,9.5469],[77.4412,9.5467],[77.4445,9.5433],[77.4505,9.545],[77.4548,9.5415],[77.4759,9.5508],[77.4754,9.563],[77.4984,9.5757],[77.5003,9.597],[77.514,9.6108],[77.5192,9.6364],[77.5372,9.66],[77.544,9.6619],[77.5474,9.6589],[77.5433,9.6452],[77.5512,9.6445],[77.5625,9.6597],[77.5749,9.6648],[77.5761,9.6691],[77.5857,9.667],[77.5902,9.6791],[77.6018,9.6865],[77.6008,9.6912],[77.6058,9.6956],[77.6122,9.6978],[77.6162,9.6958],[77.6157,9.6989],[77.623,9.7023],[77.6292,9.7047],[77.6318,9.701],[77.6424,9.7064],[77.647,9.7011],[77.6451,9.6978],[77.6491,9.6988],[77.6509,9.6829],[77.6683,9.6774],[77.6776,9.6826],[77.6812,9.6765],[77.6853,9.6801],[77.6843,9.684],[77.694,9.6927],[77.6936,9.6975],[77.6989,9.699],[77.6998,9.6921],[77.7077,9.691],[77.7105,9.6947],[77.7101,9.7053]]]}},{"type":"Feature","bbox":[77.5491,9.2354,77.9757,9.458],"properties":{"kind":"ac","ac":204,"name":"Sattur","pc":"Virudhunagar","mla":"A. Kadarkarairaj","mla_party":"DMK","mp":"Manickam Tagore","mp_party":"INC"},"geometry":{"type":"Polygon","coordinates":[[[77.7014,9.458],[77.705,9.4527],[77.7043,9.442],[77.7083,9.4343],[77.6989,9.4311],[77.7006,9.4126],[77.7079,9.3944],[77.7004,9.3854],[77.7019,9.3836],[77.714,9.3824],[77.7158,9.3894],[77.7325,9.4049],[77.7721,9.3971],[77.7767,9.4149],[77.7849,9.4238],[77.7967,9.4178],[77.8187,9.4166],[77.8274,9.4398],[77.8439,9.4411],[77.8643,9.4327],[77.8621,9.4302],[77.8842,9.4275],[77.8863,9.421],[77.8955,9.4191],[77.8993,9.4097],[77.9076,9.4029],[77.9105,9.3924],[77.9095,9.3781],[77.9121,9.375],[77.924,9.3777],[77.9247,9.3937],[77.9368,9.3937],[77.9465,9.3876],[77.9547,9.3885],[77.95,9.3805],[77.9565,9.3796],[77.9562,9.3628],[77.972,9.3516],[77.9706,9.3477],[77.9757,9.3396],[77.9661,9.3399],[77.9702,9.3362],[77.9638,9.3148],[77.9445,9.3144],[77.9444,9.3104],[77.9366,9.3051],[77.9263,9.3056],[77.9192,9.3103],[77.915,9.2991],[77.9088,9.2952],[77.8797,9.29],[77.8803,9.2763],[77.8592,9.2768],[77.857,9.2705],[77.8454,9.2749],[77.8431,9.2803],[77.8324,9.2803],[77.836,9.2759],[77.8349,9.2703],[77.8516,9.264],[77.8484,9.2604],[77.8554,9.2459],[77.8528,9.2448],[77.8388,9.246],[77.8385,9.2434],[77.824,9.2428],[77.8075,9.2453],[77.8067,9.2518],[77.7963,9.2564],[77.7962,9.2732],[77.7734,9.2764],[77.7733,9.2698],[77.7874,9.2627],[77.7876,9.2576],[77.79,9.2579],[77.7895,9.2516],[77.7828,9.2484],[77.7815,9.2392],[77.7748,9.2354],[77.7703,9.2359],[77.7693,9.242],[77.7611,9.2488],[77.7589,9.2669],[77.7414,9.265],[77.7394,9.2809],[77.7227,9.2801],[77.717,9.2872],[77.7119,9.2873],[77.7117,9.2917],[77.691,9.2899],[77.6822,9.2861],[77.6607,9.2866],[77.6557,9.2836],[77.653,9.2879],[77.6455,9.2886],[77.6422,9.292],[77.6245,9.2928],[77.6242,9.2956],[77.6135,9.3009],[77.6033,9.3008],[77.6042,9.3067],[77.5858,9.3087],[77.5913,9.3177],[77.5896,9.3477],[77.5726,9.3432],[77.5739,9.3544],[77.5603,9.3535],[77.5493,9.366],[77.5544,9.3702],[77.5504,9.3713],[77.5491,9.3776],[77.5492,9.3992],[77.5643,9.3921],[77.5677,9.3923],[77.5691,9.3975],[77.5649,9.3981],[77.5647,9.4054],[77.5589,9.4147],[77.5542,9.417],[77.5671,9.4212],[77.5705,9.4279],[77.5784,9.4216],[77.5784,9.4305],[77.5826,9.4284],[77.5954,9.4325],[77.5967,9.4276],[77.6035,9.432],[77.6137,9.4315],[77.6241,9.4255],[77.6354,9.4289],[77.6378,9.4249],[77.6447,9.4243],[77.648,9.4174],[77.6665,9.4162],[77.6728,9.4341],[77.679,9.438],[77.6863,9.4505],[77.7014,9.458]]]}},{"type":"Feature","bbox":[77.6956,9.3824,77.8552,9.5326],"properties":{"kind":"ac","ac":205,"name":"Sivakasi","pc":"Virudhunagar","mla":"S. Keerthana","mla_party":"TVK","mp":"Manickam Tagore","mp_party":"INC"},"geometry":{"type":"Polygon","coordinates":[[[77.7231,9.5302],[77.7355,9.5264],[77.7423,9.5323],[77.7755,9.5303],[77.7847,9.5326],[77.7936,9.5224],[77.7965,9.5254],[77.8049,9.5159],[77.8098,9.5158],[77.8089,9.512],[77.8228,9.5107],[77.8144,9.4833],[77.8299,9.4734],[77.8372,9.472],[77.8397,9.4805],[77.8542,9.4729],[77.8552,9.4692],[77.8494,9.4595],[77.8519,9.4366],[77.8419,9.4414],[77.8274,9.4398],[77.8187,9.4166],[77.7967,9.4178],[77.7852,9.4239],[77.7767,9.4149],[77.7721,9.3971],[77.7325,9.4049],[77.7158,9.3894],[77.714,9.3824],[77.7012,9.384],[77.7079,9.3944],[77.7006,9.4126],[77.6989,9.4311],[77.7083,9.4343],[77.7043,9.442],[77.702,9.4654],[77.6956,9.4655],[77.6964,9.4723],[77.6986,9.4776],[77.7181,9.4816],[77.7198,9.4915],[77.7241,9.4905],[77.7274,9.5044],[77.7231,9.5067],[77.7261,9.5143],[77.7232,9.5139],[77.7217,9.519],[77.7231,9.5302]]]}},{"type":"Feature","bbox":[77.7214,9.4274,78.0107,9.6507],"properties":{"kind":"ac","ac":206,"name":"Virudhunagar","pc":"Virudhunagar","mla":"P. Selvam","mla_party":"TVK","mp":"Manickam Tagore","mp_party":"INC"},"geometry":{"type":"Polygon","coordinates":[[[77.7886,9.6366],[77.7945,9.6489],[77.806,9.6416],[77.8423,9.6357],[77.8454,9.6507],[77.8615,9.6489],[77.8894,9.6419],[77.8915,9.6307],[77.9004,9.6255],[77.9105,9.6378],[77.9207,9.6382],[77.9227,9.6475],[77.93,9.6468],[77.9329,9.6498],[77.9621,9.6462],[77.9644,9.6446],[77.9639,9.634],[77.9728,9.6298],[77.9854,9.6349],[77.9906,9.6419],[77.9954,9.641],[78.0007,9.6499],[78.0058,9.6476],[78.0041,9.642],[78.0107,9.6408],[78.007,9.6199],[77.9947,9.6185],[77.9829,9.6033],[77.9818,9.5742],[77.9754,9.5751],[77.9747,9.5706],[77.9694,9.5743],[77.9637,9.5483],[77.9539,9.5488],[77.9478,9.5409],[77.9452,9.5415],[77.9435,9.5248],[77.9633,9.5229],[77.9656,9.5198],[77.9652,9.5116],[77.9578,9.5063],[77.9597,9.4919],[77.9514,9.4868],[77.9512,9.4703],[77.9455,9.47],[77.9381,9.4618],[77.9285,9.4635],[77.924,9.4544],[77.9155,9.4564],[77.9152,9.4494],[77.9076,9.4435],[77.8908,9.439],[77.8842,9.4274],[77.8621,9.4302],[77.8643,9.4327],[77.8505,9.4391],[77.8494,9.4595],[77.8552,9.4692],[77.8542,9.4729],[77.8397,9.4805],[77.8372,9.472],[77.8299,9.4734],[77.8144,9.4833],[77.8228,9.5107],[77.8089,9.512],[77.8098,9.5158],[77.8049,9.5159],[77.7965,9.5254],[77.7936,9.5224],[77.7847,9.5326],[77.7755,9.5303],[77.7423,9.5323],[77.7355,9.5264],[77.7231,9.5302],[77.7243,9.5353],[77.7214,9.5359],[77.7259,9.5554],[77.7299,9.5555],[77.7315,9.5453],[77.7351,9.5474],[77.7387,9.558],[77.743,9.5532],[77.7447,9.5553],[77.742,9.5628],[77.737,9.5652],[77.7368,9.5728],[77.7321,9.5763],[77.7314,9.5832],[77.745,9.5985],[77.7556,9.5917],[77.7592,9.5963],[77.7654,9.5867],[77.7659,9.5899],[77.7723,9.5827],[77.7796,9.5832],[77.7784,9.5924],[77.7703,9.6042],[77.7729,9.6123],[77.7724,9.6366],[77.7743,9.6398],[77.775,9.6338],[77.7886,9.6366]]]}},{"type":"Feature","bbox":[77.8324,9.2011,78.1829,9.5955],"properties":{"kind":"ac","ac":207,"name":"Aruppukkottai","pc":"Virudhunagar","mla":"K. K. S. S. R. Ramachandran","mla_party":"DMK","mp":"Manickam Tagore","mp_party":"INC"},"geometry":{"type":"Polygon","coordinates":[[[77.9819,9.5951],[77.9939,9.5932],[77.9976,9.5955],[78.0106,9.5915],[78.0095,9.5785],[78.0047,9.5783],[78.0032,9.5616],[78.0241,9.5594],[78.0504,9.5517],[78.0666,9.5522],[78.0713,9.5645],[78.0827,9.5798],[78.0886,9.5772],[78.1017,9.5779],[78.1058,9.5826],[78.1199,9.5842],[78.1385,9.5755],[78.143,9.551],[78.141,9.5297],[78.1655,9.5268],[78.1808,9.5332],[78.1829,9.5267],[78.1665,9.5186],[78.1613,9.5204],[78.1602,9.5086],[78.1423,9.5103],[78.1465,9.4929],[78.1334,9.4793],[78.123,9.4608],[78.1275,9.4589],[78.1319,9.4495],[78.1318,9.4389],[78.1361,9.4359],[78.1352,9.4268],[78.1465,9.4236],[78.1685,9.4245],[78.171,9.4103],[78.1586,9.3862],[78.1604,9.3709],[78.169,9.3696],[78.162,9.3692],[78.1485,9.3728],[78.148,9.3704],[78.1378,9.3699],[78.1329,9.3653],[78.0812,9.3609],[78.08,9.3582],[78.0723,9.3633],[78.069,9.3609],[78.0569,9.3629],[78.0534,9.3609],[78.05,9.3451],[78.0447,9.3454],[78.0416,9.3373],[78.033,9.3335],[78.0356,9.3236],[78.0399,9.3235],[78.0407,9.3169],[78.0482,9.3133],[78.049,9.3061],[78.0096,9.3079],[78.0066,9.3037],[78.0104,9.2951],[78.0084,9.2742],[77.9877,9.2687],[77.9839,9.253],[77.9618,9.2521],[77.9568,9.2487],[77.9565,9.2315],[77.9478,9.2308],[77.9457,9.2207],[77.9321,9.2231],[77.9226,9.2057],[77.916,9.2011],[77.8868,9.2049],[77.8781,9.2082],[77.8781,9.2219],[77.8759,9.2216],[77.8748,9.2265],[77.886,9.2305],[77.8864,9.2328],[77.881,9.2343],[77.8802,9.2453],[77.8601,9.2479],[77.8554,9.2459],[77.8484,9.2602],[77.8516,9.264],[77.8349,9.2703],[77.836,9.2759],[77.8324,9.2803],[77.8431,9.2803],[77.8454,9.2749],[77.857,9.2705],[77.8592,9.2768],[77.8804,9.2764],[77.8797,9.29],[77.9088,9.2952],[77.915,9.2991],[77.9192,9.3103],[77.9263,9.3056],[77.9366,9.3051],[77.9444,9.3104],[77.9445,9.3144],[77.9638,9.3148],[77.9702,9.3362],[77.9661,9.3399],[77.9756,9.3392],[77.9706,9.3477],[77.972,9.3516],[77.9562,9.3628],[77.9565,9.3796],[77.95,9.3805],[77.9547,9.3885],[77.9465,9.3876],[77.9368,9.3937],[77.9247,9.3937],[77.924,9.3777],[77.9121,9.375],[77.9095,9.3781],[77.9105,9.3924],[77.9076,9.403],[77.8993,9.4097],[77.8955,9.4191],[77.8862,9.4211],[77.8842,9.4275],[77.8908,9.439],[77.9076,9.4435],[77.9152,9.4494],[77.9155,9.4564],[77.924,9.4544],[77.9285,9.4635],[77.9381,9.4618],[77.9455,9.47],[77.9512,9.4703],[77.9514,9.4868],[77.9597,9.4919],[77.9578,9.5063],[77.9652,9.5116],[77.9656,9.5198],[77.9633,9.5229],[77.9435,9.5248],[77.9452,9.5415],[77.9478,9.5409],[77.9539,9.5488],[77.9637,9.5483],[77.9694,9.5743],[77.9747,9.5706],[77.9754,9.5751],[77.9818,9.5742],[77.9819,9.5951]]]}},{"type":"Feature","bbox":[77.9819,9.2752,78.4174,9.7864],"properties":{"kind":"ac","ac":208,"name":"Tiruchuli","pc":"Ramanathapuram","mla":"Thangam Thenarasu","mla_party":"DMK","mp":"Navas Kani","mp_party":"IUML"},"geometry":{"type":"Polygon","coordinates":[[[78.0837,9.758],[78.101,9.755],[78.1041,9.7685],[78.0883,9.7761],[78.0878,9.7794],[78.0973,9.7791],[78.1043,9.7864],[78.1257,9.7712],[78.125,9.7662],[78.137,9.762],[78.14,9.7816],[78.1428,9.7837],[78.1495,9.7816],[78.1488,9.7753],[78.1559,9.7657],[78.1649,9.7647],[78.1637,9.7539],[78.1706,9.7486],[78.1966,9.7679],[78.2044,9.7639],[78.2105,9.7826],[78.239,9.7574],[78.2602,9.7616],[78.2736,9.7536],[78.2959,9.7621],[78.3,9.7547],[78.2879,9.7268],[78.2877,9.72],[78.2944,9.7118],[78.3378,9.7039],[78.3335,9.698],[78.3267,9.6969],[78.3415,9.6836],[78.3428,9.6744],[78.3344,9.6692],[78.341,9.6604],[78.345,9.6602],[78.3504,9.6661],[78.3566,9.6583],[78.3634,9.656],[78.3743,9.6591],[78.3818,9.6566],[78.3919,9.6507],[78.3883,9.6326],[78.4144,9.6194],[78.4174,9.5975],[78.4114,9.5888],[78.3994,9.5951],[78.3992,9.5826],[78.3674,9.5731],[78.3686,9.5698],[78.3756,9.5679],[78.3741,9.5572],[78.3775,9.555],[78.3772,9.5389],[78.3866,9.5371],[78.383,9.5176],[78.3476,9.5164],[78.3316,9.5252],[78.3258,9.5197],[78.3253,9.514],[78.3423,9.4998],[78.3393,9.4962],[78.3282,9.4954],[78.3266,9.4877],[78.33,9.4855],[78.3267,9.4839],[78.3307,9.4809],[78.3298,9.4731],[78.3362,9.4731],[78.3385,9.4698],[78.3433,9.473],[78.3468,9.4714],[78.3518,9.4667],[78.3518,9.4611],[78.3471,9.4603],[78.3393,9.4686],[78.3311,9.4692],[78.3302,9.463],[78.3107,9.4682],[78.3085,9.4606],[78.2991,9.4616],[78.2982,9.4549],[78.3035,9.4533],[78.3053,9.4476],[78.3011,9.442],[78.2718,9.4486],[78.2572,9.4462],[78.2178,9.4476],[78.2142,9.4337],[78.2206,9.4309],[78.2224,9.4109],[78.2426,9.4073],[78.2432,9.3813],[78.2553,9.3738],[78.2599,9.3765],[78.2627,9.386],[78.2786,9.3851],[78.2801,9.3898],[78.2959,9.3889],[78.2948,9.3818],[78.2963,9.3864],[78.3041,9.3844],[78.3038,9.377],[78.3081,9.3749],[78.3062,9.3696],[78.301,9.3673],[78.3081,9.3649],[78.3055,9.3502],[78.3102,9.3452],[78.2951,9.3426],[78.2938,9.332],[78.3011,9.3241],[78.3047,9.3236],[78.3113,9.3351],[78.3243,9.332],[78.3289,9.3385],[78.3292,9.3457],[78.3325,9.3457],[78.333,9.3542],[78.3529,9.3526],[78.3534,9.3572],[78.3573,9.3564],[78.3648,9.3391],[78.361,9.3252],[78.355,9.319],[78.3533,9.3084],[78.346,9.3091],[78.3467,9.2977],[78.3286,9.2752],[78.3166,9.2823],[78.2808,9.2843],[78.2804,9.2899],[78.2604,9.2954],[78.2337,9.2949],[78.2162,9.3006],[78.2118,9.3069],[78.2089,9.3279],[78.189,9.3318],[78.1709,9.3426],[78.1658,9.3582],[78.169,9.3696],[78.1604,9.3709],[78.1586,9.3862],[78.171,9.4103],[78.1686,9.4243],[78.1582,9.426],[78.1465,9.4236],[78.1352,9.4268],[78.1361,9.4359],[78.1318,9.4389],[78.1319,9.4495],[78.1275,9.4589],[78.123,9.4608],[78.1334,9.4793],[78.1465,9.4929],[78.1423,9.5103],[78.1601,9.5085],[78.1613,9.5204],[78.1665,9.5186],[78.1835,9.5289],[78.1808,9.5332],[78.1655,9.5268],[78.141,9.5297],[78.143,9.551],[78.1385,9.5755],[78.1173,9.5849],[78.1056,9.5825],[78.1017,9.5779],[78.0886,9.5772],[78.0829,9.5799],[78.0713,9.5645],[78.0666,9.5522],[78.0504,9.5517],[78.0241,9.5594],[78.0032,9.5616],[78.0047,9.5783],[78.0095,9.5785],[78.0106,9.5915],[77.9976,9.5955],[77.9939,9.5932],[77.9819,9.5951],[77.9829,9.6033],[77.9947,9.6185],[78.007,9.6199],[78.0104,9.6395],[78.0143,9.6386],[78.0251,9.6604],[78.0305,9.6593],[78.0388,9.6781],[78.0611,9.6708],[78.059,9.6612],[78.077,9.6595],[78.0819,9.6632],[78.0795,9.6741],[78.0854,9.6749],[78.0878,9.6827],[78.0828,9.6875],[78.0852,9.6915],[78.0769,9.6958],[78.0799,9.7078],[78.0683,9.7237],[78.0728,9.7314],[78.0716,9.7352],[78.0617,9.7413],[78.0677,9.7533],[78.0789,9.7483],[78.0837,9.758]]]}},{"type":"Feature","bbox":[78.2982,9.3404,78.8534,9.6231],"properties":{"kind":"ac","ac":209,"name":"Paramakudi","pc":"Ramanathapuram","mla":"K. K. Kathiravan","mla_party":"DMK","mp":"Navas Kani","mp_party":"IUML"},"geometry":{"type":"Polygon","coordinates":[[[78.4174,9.5975],[78.4237,9.5963],[78.4311,9.6094],[78.4407,9.6183],[78.4496,9.6203],[78.4568,9.6163],[78.463,9.6231],[78.4645,9.6173],[78.4754,9.6126],[78.5018,9.6102],[78.4989,9.5982],[78.5153,9.583],[78.5265,9.5805],[78.5416,9.5839],[78.5504,9.5774],[78.5626,9.576],[78.5808,9.5638],[78.5894,9.5623],[78.5963,9.5557],[78.6073,9.5533],[78.6087,9.5454],[78.6161,9.5374],[78.6604,9.5202],[78.6526,9.5449],[78.6803,9.5619],[78.6826,9.576],[78.6774,9.5998],[78.6824,9.6021],[78.7157,9.5971],[78.7267,9.589],[78.7445,9.585],[78.744,9.5784],[78.7715,9.5857],[78.7852,9.5852],[78.8189,9.5951],[78.82,9.5911],[78.805,9.579],[78.8138,9.5753],[78.8253,9.5801],[78.8302,9.5758],[78.8265,9.5723],[78.8289,9.5651],[78.8454,9.5477],[78.8443,9.5306],[78.8534,9.5349],[78.8534,9.5181],[78.845,9.5191],[78.8416,9.5085],[78.8287,9.4925],[78.8274,9.4836],[78.8447,9.4782],[78.8468,9.4734],[78.8448,9.463],[78.8411,9.461],[78.8397,9.4506],[78.8187,9.4538],[78.8157,9.4391],[78.8212,9.437],[78.8197,9.4297],[78.7951,9.439],[78.788,9.4289],[78.7752,9.4295],[78.7722,9.4187],[78.7769,9.4163],[78.7623,9.3993],[78.7663,9.3979],[78.7668,9.3929],[78.7575,9.3777],[78.7524,9.3779],[78.7431,9.3668],[78.7279,9.3634],[78.723,9.3582],[78.7192,9.3593],[78.7187,9.3652],[78.7116,9.3671],[78.7121,9.3518],[78.6838,9.3404],[78.6741,9.3532],[78.6658,9.3767],[78.6554,9.3824],[78.6521,9.3933],[78.6579,9.4198],[78.6643,9.4226],[78.6651,9.4403],[78.6564,9.4286],[78.6353,9.4345],[78.6352,9.4458],[78.6294,9.4551],[78.6235,9.4577],[78.6218,9.4518],[78.6145,9.4517],[78.6027,9.4663],[78.5962,9.4691],[78.593,9.465],[78.5884,9.4655],[78.5873,9.4514],[78.5789,9.4512],[78.5747,9.448],[78.5611,9.4607],[78.5522,9.4558],[78.5492,9.457],[78.5509,9.4611],[78.5358,9.4649],[78.5357,9.4746],[78.5404,9.4787],[78.5389,9.4828],[78.5343,9.4849],[78.5185,9.4809],[78.5184,9.4954],[78.5147,9.4995],[78.5004,9.5013],[78.4906,9.4949],[78.4686,9.4932],[78.4628,9.49],[78.4627,9.4943],[78.4532,9.47],[78.4559,9.4621],[78.4487,9.4287],[78.4341,9.43],[78.4315,9.4271],[78.3995,9.4354],[78.3992,9.4388],[78.3882,9.4397],[78.3805,9.4459],[78.3707,9.4468],[78.3628,9.4547],[78.3666,9.4456],[78.3617,9.4459],[78.3583,9.4411],[78.364,9.442],[78.3637,9.4323],[78.3534,9.4327],[78.3463,9.4178],[78.3463,9.4256],[78.3427,9.4277],[78.3174,9.4342],[78.3113,9.4328],[78.3011,9.4421],[78.3053,9.4476],[78.3035,9.4533],[78.2982,9.4549],[78.2991,9.4616],[78.3085,9.4606],[78.3107,9.4682],[78.3302,9.463],[78.3311,9.4692],[78.3424,9.468],[78.3471,9.4603],[78.3524,9.4622],[78.3468,9.4714],[78.3433,9.473],[78.3385,9.4698],[78.3362,9.4731],[78.3298,9.4731],[78.3307,9.4809],[78.3267,9.4839],[78.33,9.4855],[78.3266,9.4877],[78.3282,9.4954],[78.3393,9.4962],[78.3423,9.4998],[78.3253,9.514],[78.3258,9.5197],[78.3316,9.5252],[78.3476,9.5164],[78.383,9.5176],[78.3866,9.5371],[78.3772,9.5389],[78.3775,9.555],[78.3741,9.5572],[78.3756,9.5679],[78.3686,9.5698],[78.3674,9.5731],[78.3992,9.5826],[78.3994,9.5951],[78.4114,9.5888],[78.4174,9.5975]]]}},{"type":"Feature","bbox":[78.7078,9.3196,79.1135,9.9469],"properties":{"kind":"ac","ac":210,"name":"Tiruvadanai","pc":"Ramanathapuram","mla":"Rajeev","mla_party":"TVK","mp":"Navas Kani","mp_party":"IUML"},"geometry":{"type":"Polygon","coordinates":[[[78.9892,9.9469],[79.0155,9.9036],[79.0225,9.9034],[79.031,9.8938],[79.0454,9.8609],[79.0606,9.8597],[79.0693,9.8516],[79.0888,9.8584],[79.0992,9.8573],[79.1135,9.8469],[79.0841,9.818],[79.0787,9.8005],[79.0696,9.7931],[79.059,9.773],[79.0373,9.7629],[78.9803,9.6896],[78.9703,9.6651],[78.9709,9.6558],[78.9639,9.6406],[78.9593,9.6421],[78.96,9.6312],[78.9374,9.6081],[78.9268,9.5851],[78.9191,9.542],[78.9198,9.5254],[78.9133,9.5056],[78.9144,9.493],[78.9044,9.4937],[78.8984,9.4896],[78.9004,9.4687],[78.9236,9.4264],[78.9443,9.3998],[78.982,9.3604],[78.9659,9.3386],[78.9058,9.3681],[78.9026,9.3647],[78.8841,9.3632],[78.8806,9.3593],[78.887,9.3531],[78.8873,9.3455],[78.8794,9.3278],[78.8818,9.32],[78.8654,9.3196],[78.8296,9.3369],[78.8318,9.3581],[78.8424,9.3585],[78.8469,9.3805],[78.8436,9.388],[78.8337,9.3901],[78.816,9.3795],[78.8102,9.3854],[78.806,9.3841],[78.8076,9.3646],[78.8111,9.3634],[78.8062,9.358],[78.8018,9.3582],[78.8002,9.3507],[78.7955,9.3466],[78.7737,9.3354],[78.7734,9.3318],[78.7629,9.3347],[78.7601,9.3313],[78.7505,9.3311],[78.7462,9.3259],[78.7364,9.3309],[78.7339,9.3279],[78.7225,9.3361],[78.7228,9.3402],[78.7172,9.3372],[78.7078,9.345],[78.7123,9.3521],[78.7116,9.3671],[78.7187,9.3652],[78.7192,9.3593],[78.723,9.3582],[78.7279,9.3634],[78.7431,9.3668],[78.7524,9.3779],[78.7575,9.3777],[78.7668,9.3929],[78.7663,9.3979],[78.7623,9.3993],[78.7769,9.4163],[78.7722,9.4187],[78.7752,9.4295],[78.788,9.4289],[78.7951,9.439],[78.8197,9.4297],[78.8212,9.437],[78.8157,9.4391],[78.8187,9.4538],[78.8397,9.4506],[78.8468,9.4734],[78.8447,9.4782],[78.8274,9.4836],[78.8287,9.4925],[78.8416,9.5085],[78.845,9.5191],[78.8534,9.5181],[78.8543,9.5236],[78.8534,9.5349],[78.8443,9.5306],[78.8454,9.5477],[78.8289,9.5651],[78.8265,9.5723],[78.8302,9.5758],[78.8253,9.5801],[78.8138,9.5753],[78.805,9.579],[78.82,9.5911],[78.8216,9.6168],[78.8046,9.6222],[78.798,9.6211],[78.7936,9.6238],[78.7945,9.632],[78.7871,9.634],[78.7945,9.6362],[78.7943,9.6419],[78.7844,9.6527],[78.7874,9.6622],[78.795,9.6655],[78.7947,9.6711],[78.7897,9.6721],[78.7932,9.6735],[78.7951,9.6795],[78.7889,9.6811],[78.7972,9.6857],[78.7986,9.6967],[78.7934,9.6985],[78.7978,9.7028],[78.7834,9.7098],[78.7802,9.719],[78.7511,9.7149],[78.7473,9.7372],[78.7384,9.7535],[78.748,9.76],[78.755,9.7703],[78.7692,9.7787],[78.7718,9.7729],[78.7759,9.7742],[78.7792,9.7831],[78.7787,9.7985],[78.7813,9.8011],[78.7963,9.7837],[78.8381,9.7774],[78.8359,9.7692],[78.8231,9.7567],[78.8153,9.7415],[78.824,9.7259],[78.8285,9.7231],[78.8314,9.7325],[78.8366,9.7385],[78.8475,9.7418],[78.8567,9.7559],[78.8832,9.7554],[78.8875,9.7578],[78.891,9.772],[78.8994,9.7851],[78.8985,9.7912],[78.8827,9.8006],[78.8831,9.8191],[78.8753,9.8412],[78.872,9.8628],[78.8763,9.8744],[78.8816,9.8829],[78.903,9.8816],[78.9049,9.8867],[78.9003,9.8957],[78.902,9.9016],[78.9226,9.9228],[78.9558,9.9226],[78.961,9.9258],[78.9669,9.9381],[78.9892,9.9469]]]}},{"type":"Feature","bbox":[78.6688,9.1601,79.4328,9.3895],"properties":{"kind":"ac","ac":211,"name":"Ramanathapuram","pc":"Ramanathapuram","mla":"Katharbatcha Muthuramalingam","mla_party":"DMK","mp":"Navas Kani","mp_party":"IUML"},"geometry":{"type":"MultiPolygon","coordinates":[[[[78.8219,9.1652],[78.8191,9.1608],[78.8167,9.1601],[78.8194,9.1657],[78.8219,9.1652]]],[[[78.8241,9.1663],[78.8268,9.1697],[78.8285,9.1737],[78.8279,9.1685],[78.8241,9.1663]]],[[[78.9343,9.1821],[78.9238,9.1832],[78.8972,9.1796],[78.9061,9.1851],[78.9085,9.1815],[78.9251,9.1848],[78.9328,9.1823],[78.9433,9.1873],[78.9343,9.1821]]],[[[79.0832,9.2017],[79.0835,9.1987],[79.0909,9.1964],[79.0874,9.1908],[79.0664,9.1994],[79.0588,9.1949],[79.0567,9.1969],[79.0695,9.2096],[79.0733,9.2025],[79.0832,9.2017]]],[[[78.8466,9.3831],[78.8418,9.3579],[78.8318,9.3581],[78.8296,9.3369],[78.865,9.3197],[78.8811,9.3185],[78.8794,9.3278],[78.8873,9.3455],[78.887,9.3531],[78.8806,9.3593],[78.8841,9.3632],[78.9026,9.3647],[78.9058,9.3681],[78.9659,9.3386],[78.982,9.3604],[79.0228,9.3262],[79.0665,9.298],[79.1305,9.2881],[79.1412,9.2919],[79.1599,9.284],[79.2097,9.2829],[79.2209,9.2912],[79.2659,9.2925],[79.2712,9.2958],[79.2791,9.3108],[79.291,9.3195],[79.3115,9.3278],[79.3219,9.3245],[79.3305,9.3194],[79.3353,9.3092],[79.3265,9.2929],[79.3146,9.2837],[79.3162,9.2733],[79.3263,9.2588],[79.374,9.2149],[79.4234,9.1771],[79.4327,9.1653],[79.4328,9.1609],[79.4158,9.1765],[79.3392,9.2252],[79.2999,9.2458],[79.2565,9.2589],[79.2283,9.2586],[79.2168,9.2553],[79.2184,9.2701],[79.2147,9.2658],[79.2058,9.2745],[79.2076,9.271],[79.203,9.2677],[79.2043,9.2773],[79.2086,9.2817],[79.1529,9.2763],[79.1449,9.2685],[79.1271,9.27],[79.0897,9.2602],[79.0643,9.2604],[78.9956,9.2734],[78.9541,9.2729],[78.9259,9.2671],[78.918,9.2616],[78.9119,9.2637],[78.9162,9.2599],[78.9084,9.2498],[78.8758,9.2573],[78.8667,9.254],[78.861,9.2555],[78.8523,9.247],[78.8326,9.2457],[78.8221,9.2388],[78.8049,9.2361],[78.7931,9.2288],[78.7793,9.2268],[78.7553,9.2156],[78.7289,9.2096],[78.7337,9.2339],[78.714,9.2303],[78.7157,9.2469],[78.7111,9.2481],[78.7113,9.2521],[78.6955,9.2495],[78.6874,9.2584],[78.6753,9.2613],[78.6705,9.2677],[78.6729,9.2742],[78.6688,9.2756],[78.6722,9.2838],[78.6691,9.2965],[78.6771,9.296],[78.6724,9.3066],[78.6827,9.3103],[78.6828,9.3246],[78.6858,9.3241],[78.6883,9.3325],[78.6881,9.3378],[78.6838,9.3404],[78.7121,9.3518],[78.7078,9.345],[78.7165,9.3376],[78.7226,9.3403],[78.7225,9.3361],[78.7339,9.3279],[78.7364,9.3309],[78.7462,9.3259],[78.7505,9.3311],[78.7601,9.3313],[78.7628,9.3346],[78.7734,9.3318],[78.7737,9.3354],[78.8,9.3505],[78.8018,9.3582],[78.8062,9.358],[78.8111,9.3634],[78.8077,9.3643],[78.8062,9.3739],[78.8053,9.3829],[78.8085,9.3855],[78.8155,9.3795],[78.8308,9.3893],[78.8407,9.3895],[78.8466,9.3831]]],[[[79.1221,9.2166],[79.1269,9.2141],[79.1242,9.2165],[79.1331,9.2155],[79.127,9.2151],[79.129,9.2137],[79.1329,9.2153],[79.134,9.2151],[79.1285,9.2129],[79.1224,9.2146],[79.1221,9.2166]]],[[[79.1472,9.225],[79.1649,9.214],[79.1646,9.209],[79.1557,9.209],[79.1632,9.2093],[79.1642,9.2119],[79.1556,9.2178],[79.1361,9.2156],[79.1237,9.2183],[79.1237,9.2212],[79.1321,9.2197],[79.1472,9.225]]],[[[79.1442,9.2315],[79.1455,9.2344],[79.1485,9.2332],[79.1475,9.2303],[79.1442,9.2315]]],[[[79.1385,9.2345],[79.1379,9.2373],[79.1414,9.2377],[79.1418,9.2348],[79.1385,9.2345]]],[[[79.1447,9.2368],[79.145,9.2423],[79.1499,9.2416],[79.1493,9.2366],[79.1447,9.2368]]],[[[79.2073,9.2512],[79.2255,9.2504],[79.2227,9.2425],[79.2047,9.226],[79.192,9.2238],[79.1749,9.2398],[79.18,9.2491],[79.1914,9.257],[79.1993,9.2569],[79.2073,9.2512]]],[[[79.2352,9.2483],[79.2406,9.2412],[79.2366,9.2353],[79.2288,9.2428],[79.231,9.248],[79.2352,9.2483]]],[[[79.1357,9.2523],[79.136,9.2554],[79.1395,9.2547],[79.1387,9.2518],[79.1357,9.2523]]]]}},{"type":"Feature","bbox":[78.2142,9.0862,78.7337,9.5013],"properties":{"kind":"ac","ac":212,"name":"Mudhukulathur","pc":"Ramanathapuram","mla":"R. S. Rajakannappan","mla_party":"DMK","mp":"Navas Kani","mp_party":"IUML"},"geometry":{"type":"MultiPolygon","coordinates":[[[[78.4951,9.0862],[78.4866,9.0886],[78.4902,9.0943],[78.4966,9.0904],[78.4951,9.0862]]],[[[78.5793,9.1129],[78.5885,9.1073],[78.5811,9.1006],[78.5706,9.1015],[78.5793,9.1129]]],[[[78.5343,9.4849],[78.5404,9.4787],[78.5357,9.4746],[78.5358,9.4649],[78.5509,9.4611],[78.5492,9.457],[78.5522,9.4558],[78.5611,9.4607],[78.5657,9.4588],[78.5747,9.448],[78.5789,9.4512],[78.5873,9.4514],[78.5884,9.4655],[78.593,9.465],[78.5962,9.4691],[78.6027,9.4663],[78.6145,9.4517],[78.6218,9.4518],[78.6235,9.4577],[78.6294,9.4551],[78.6352,9.4458],[78.6353,9.4345],[78.6564,9.4286],[78.6653,9.4401],[78.6643,9.4226],[78.6579,9.4198],[78.6522,9.3926],[78.6554,9.3824],[78.6658,9.3767],[78.6741,9.3532],[78.6881,9.3378],[78.6883,9.3325],[78.6858,9.3241],[78.6828,9.3246],[78.6827,9.3103],[78.6724,9.3066],[78.6771,9.296],[78.6691,9.2965],[78.6722,9.2838],[78.6688,9.2756],[78.6729,9.2742],[78.6705,9.2677],[78.6753,9.2613],[78.6874,9.2584],[78.6955,9.2495],[78.7113,9.2521],[78.7111,9.2481],[78.7157,9.2469],[78.714,9.2303],[78.7337,9.2339],[78.7289,9.2096],[78.7166,9.1994],[78.7187,9.1903],[78.6787,9.1957],[78.6634,9.1932],[78.6472,9.1843],[78.6427,9.1753],[78.643,9.1692],[78.6574,9.1577],[78.6061,9.1478],[78.5781,9.1303],[78.5592,9.1362],[78.536,9.1376],[78.5038,9.1334],[78.4872,9.1275],[78.4554,9.125],[78.4151,9.1141],[78.3853,9.0943],[78.3834,9.0982],[78.37,9.0992],[78.3653,9.1031],[78.357,9.0987],[78.3562,9.118],[78.3501,9.1177],[78.3417,9.1235],[78.3207,9.1286],[78.321,9.1312],[78.3161,9.1329],[78.2951,9.1343],[78.2737,9.1417],[78.2747,9.1486],[78.2907,9.1779],[78.2959,9.205],[78.2693,9.2023],[78.272,9.2563],[78.2808,9.2843],[78.3166,9.2823],[78.3286,9.2752],[78.3467,9.2977],[78.346,9.3091],[78.3533,9.3084],[78.355,9.319],[78.361,9.3252],[78.3648,9.3391],[78.3627,9.3489],[78.356,9.3578],[78.3529,9.3526],[78.333,9.3542],[78.3325,9.3457],[78.3292,9.3457],[78.3289,9.3385],[78.3243,9.332],[78.3113,9.3351],[78.3047,9.3236],[78.2976,9.3261],[78.2938,9.332],[78.2951,9.3426],[78.3102,9.3452],[78.3055,9.3502],[78.3081,9.3649],[78.301,9.3673],[78.3062,9.3696],[78.3081,9.3749],[78.3038,9.377],[78.3041,9.3844],[78.2963,9.3864],[78.2948,9.3818],[78.2959,9.3889],[78.2912,9.3908],[78.2801,9.3898],[78.2786,9.3851],[78.2739,9.3843],[78.2627,9.386],[78.2572,9.3738],[78.2432,9.3813],[78.2426,9.4073],[78.2224,9.4109],[78.2206,9.4309],[78.2142,9.4337],[78.2178,9.4476],[78.2788,9.4474],[78.3011,9.4421],[78.3113,9.4328],[78.3174,9.4342],[78.3427,9.4277],[78.3463,9.4256],[78.346,9.4178],[78.3502,9.4215],[78.3534,9.4327],[78.3637,9.4323],[78.364,9.442],[78.3583,9.4411],[78.3617,9.4459],[78.3666,9.4456],[78.3628,9.4547],[78.3707,9.4468],[78.3805,9.4459],[78.3882,9.4397],[78.3992,9.4388],[78.3995,9.4354],[78.4315,9.4271],[78.4341,9.43],[78.4487,9.4287],[78.4559,9.4621],[78.4532,9.47],[78.4627,9.4943],[78.4628,9.49],[78.4686,9.4932],[78.4906,9.4949],[78.5004,9.5013],[78.5063,9.5012],[78.5147,9.4995],[78.5184,9.4954],[78.5185,9.4809],[78.5343,9.4849]]]]}},{"type":"Feature","bbox":[77.8486,8.9104,78.3853,9.3728],"properties":{"kind":"ac","ac":213,"name":"Vilathikulam","pc":"Thoothukkudi","mla":"G. V. Markandayan","mla_party":"DMK","mp":"Kanimozhi Karunanidhi","mp_party":"DMK"},"geometry":{"type":"MultiPolygon","coordinates":[[[[78.2533,8.9562],[78.2562,8.9515],[78.2548,8.9485],[78.2504,8.9527],[78.2533,8.9562]]],[[[78.1485,9.3728],[78.1686,9.369],[78.1664,9.3548],[78.1749,9.3389],[78.1954,9.3296],[78.2089,9.3279],[78.2118,9.3069],[78.2162,9.3006],[78.2337,9.2949],[78.2581,9.2957],[78.2804,9.2899],[78.272,9.2563],[78.2693,9.2023],[78.2959,9.205],[78.2907,9.1779],[78.2747,9.1486],[78.2737,9.1417],[78.2951,9.1343],[78.3161,9.1329],[78.321,9.1312],[78.3207,9.1286],[78.3417,9.1235],[78.3501,9.1177],[78.3562,9.118],[78.357,9.0987],[78.3653,9.1031],[78.37,9.0992],[78.3834,9.0982],[78.3853,9.0943],[78.3458,9.0604],[78.2693,9.0032],[78.2664,8.9977],[78.2462,8.9885],[78.22,8.9656],[78.2182,8.9684],[78.2192,8.9645],[78.194,8.9298],[78.1903,8.9284],[78.1933,8.9292],[78.185,8.9104],[78.1672,8.9198],[78.1295,8.9315],[78.1293,8.9279],[78.12,8.9249],[78.1175,8.9194],[78.1086,8.9338],[78.1019,8.9337],[78.0951,8.9398],[78.0945,8.9347],[78.0849,8.9292],[78.083,8.9216],[78.0609,8.9179],[78.0567,8.9291],[78.0674,8.9382],[78.0685,8.949],[78.0438,8.9558],[78.0265,8.9536],[78.0198,8.9453],[78.0099,8.9432],[78.0092,8.9338],[77.9975,8.9323],[77.9865,8.9323],[77.9836,8.9431],[77.9622,8.9383],[77.9607,8.9452],[77.9476,8.9502],[77.9401,8.9415],[77.9398,8.9309],[77.9337,8.9353],[77.917,8.9354],[77.9182,8.9586],[77.9143,8.9635],[77.851,8.952],[77.8486,8.9691],[77.8534,8.9698],[77.8535,8.9753],[77.9096,8.9687],[77.9117,8.9745],[77.9071,8.9763],[77.9054,8.981],[77.9089,8.9889],[77.9209,8.9867],[77.9201,8.9922],[77.935,8.9934],[77.9321,9.0018],[77.936,9.0174],[77.9389,9.016],[77.948,9.0221],[77.9607,9.0192],[77.9648,9.0203],[77.9634,9.0248],[77.9714,9.0236],[77.9676,9.0264],[77.9776,9.0277],[77.9747,9.0336],[77.9695,9.0348],[77.9714,9.0555],[77.9627,9.0524],[77.9565,9.0545],[77.9563,9.0641],[77.961,9.07],[77.9526,9.0834],[77.9429,9.0906],[77.9324,9.0857],[77.9293,9.0893],[77.932,9.0927],[77.9297,9.105],[77.916,9.1141],[77.9194,9.1215],[77.9248,9.1241],[77.9246,9.1297],[77.9223,9.1451],[77.9126,9.146],[77.9094,9.1806],[77.9124,9.1761],[77.9212,9.1804],[77.9227,9.1736],[77.9343,9.17],[77.9362,9.1662],[77.9535,9.1778],[77.9489,9.1891],[77.9423,9.1908],[77.9297,9.1872],[77.9213,9.1958],[77.9198,9.2029],[77.9321,9.2231],[77.9457,9.2207],[77.9478,9.2308],[77.9565,9.2315],[77.9568,9.2487],[77.9618,9.2521],[77.9839,9.253],[77.9877,9.2687],[78.0084,9.2742],[78.0104,9.2951],[78.0066,9.3037],[78.0096,9.3079],[78.049,9.3061],[78.0482,9.3133],[78.0407,9.3169],[78.0399,9.3235],[78.0356,9.3236],[78.033,9.3335],[78.0416,9.3373],[78.0447,9.3454],[78.05,9.3451],[78.0534,9.3609],[78.0723,9.3633],[78.08,9.3582],[78.0812,9.3609],[78.1329,9.3653],[78.1378,9.3699],[78.148,9.3704],[78.1485,9.3728]]]]}},{"type":"Feature","bbox":[78.0701,8.6976,78.203,8.8431],"properties":{"kind":"ac","ac":214,"name":"Thoothukkudi","pc":"Thoothukkudi","mla":"Srinath","mla_party":"TVK","mp":"Kanimozhi Karunanidhi","mp_party":"DMK"},"geometry":{"type":"Polygon","coordinates":[[[78.0918,8.8268],[78.1293,8.8125],[78.1309,8.8172],[78.1472,8.8225],[78.1518,8.8289],[78.162,8.834],[78.1682,8.8159],[78.1603,8.803],[78.1631,8.7951],[78.1606,8.7747],[78.1643,8.7741],[78.1656,8.7638],[78.168,8.7633],[78.1699,8.7758],[78.1691,8.7632],[78.173,8.7743],[78.1717,8.7706],[78.1765,8.7726],[78.175,8.768],[78.1783,8.7722],[78.1874,8.7706],[78.1907,8.7685],[78.1914,8.7626],[78.197,8.7627],[78.198,8.7698],[78.1913,8.7672],[78.1989,8.7715],[78.2015,8.7771],[78.1978,8.7912],[78.2005,8.7929],[78.203,8.7901],[78.2008,8.768],[78.2028,8.7637],[78.1998,8.7574],[78.2018,8.7555],[78.1968,8.7572],[78.1954,8.7516],[78.1636,8.7239],[78.1599,8.7163],[78.1329,8.7081],[78.1263,8.7002],[78.1184,8.7017],[78.1111,8.6976],[78.0942,8.7127],[78.0972,8.7296],[78.1052,8.724],[78.1143,8.7228],[78.1213,8.7269],[78.123,8.7336],[78.118,8.7425],[78.1196,8.7493],[78.1162,8.7564],[78.1251,8.7579],[78.126,8.7608],[78.1051,8.7674],[78.1028,8.7754],[78.1051,8.7807],[78.0908,8.7853],[78.0864,8.7974],[78.071,8.8064],[78.0701,8.81],[78.0776,8.8213],[78.0849,8.8431],[78.0925,8.836],[78.0918,8.8268]]]}},{"type":"Feature","bbox":[77.9524,8.3559,78.1447,8.6574],"properties":{"kind":"ac","ac":215,"name":"Tiruchendur","pc":"Thoothukkudi","mla":"Anitha R. Radhakrishnan","mla_party":"DMK","mp":"Kanimozhi Karunanidhi","mp_party":"DMK"},"geometry":{"type":"Polygon","coordinates":[[[78.1317,8.6574],[78.1306,8.6531],[78.1379,8.6534],[78.135,8.6162],[78.1447,8.598],[78.1306,8.5479],[78.1357,8.537],[78.1433,8.5017],[78.13,8.4851],[78.1308,8.4807],[78.1258,8.4747],[78.0963,8.4491],[78.0637,8.4124],[78.0567,8.3846],[78.0584,8.3779],[78.0671,8.3757],[78.0664,8.3738],[78.0066,8.3559],[78.0055,8.3692],[78.0012,8.3702],[78.0085,8.3803],[78.0043,8.3928],[78.0017,8.3933],[77.9988,8.3871],[77.9942,8.3933],[77.9856,8.4091],[77.9866,8.4162],[77.976,8.4223],[77.9855,8.4317],[77.9837,8.4353],[77.9776,8.4427],[77.9693,8.4438],[77.9688,8.4494],[77.963,8.4506],[77.9635,8.4556],[77.9749,8.46],[77.9758,8.4646],[77.9672,8.4649],[77.9672,8.4801],[77.9713,8.4886],[77.9667,8.4948],[77.9657,8.4991],[77.9693,8.5003],[77.9646,8.5071],[77.9703,8.5069],[77.984,8.4892],[77.987,8.4911],[77.9704,8.5212],[77.9712,8.5319],[77.9524,8.5407],[77.955,8.5499],[77.9627,8.5496],[77.9661,8.5734],[77.9733,8.5753],[77.9674,8.5752],[77.9719,8.5842],[77.9694,8.5928],[77.9781,8.5929],[77.9751,8.6029],[77.9787,8.6022],[77.9906,8.6156],[78.0017,8.6182],[78.0251,8.617],[78.0406,8.6213],[78.0589,8.6196],[78.0789,8.6273],[78.0864,8.6359],[78.103,8.6357],[78.1039,8.6479],[78.1164,8.6469],[78.1217,8.653],[78.1317,8.6574]]]}},{"type":"Feature","bbox":[77.7808,8.3236,78.1599,8.7163],"properties":{"kind":"ac","ac":216,"name":"Srivaikuntam","pc":"Thoothukkudi","mla":"G. Saravanan","mla_party":"TVK","mp":"Kanimozhi Karunanidhi","mp_party":"DMK"},"geometry":{"type":"Polygon","coordinates":[[[78.1599,8.7163],[78.1518,8.6972],[78.1385,8.6802],[78.1379,8.6534],[78.1306,8.6531],[78.1317,8.6574],[78.1217,8.653],[78.1164,8.6469],[78.1066,8.6493],[78.1027,8.6457],[78.103,8.6357],[78.0864,8.6359],[78.0789,8.6273],[78.0589,8.6196],[78.0406,8.6213],[78.0251,8.617],[78.0017,8.6182],[77.9906,8.6156],[77.9787,8.6022],[77.9751,8.6029],[77.9781,8.5929],[77.9694,8.5928],[77.9719,8.5842],[77.9674,8.5752],[77.9733,8.5753],[77.9661,8.5734],[77.9627,8.5496],[77.955,8.5499],[77.9524,8.5407],[77.9712,8.5319],[77.9704,8.5212],[77.987,8.4911],[77.984,8.4892],[77.9703,8.5069],[77.9646,8.5071],[77.9693,8.5003],[77.9657,8.4991],[77.9667,8.4948],[77.9713,8.4886],[77.9672,8.4801],[77.9672,8.4649],[77.9758,8.4646],[77.9749,8.46],[77.9635,8.4556],[77.963,8.4506],[77.9688,8.4494],[77.9693,8.4438],[77.9776,8.4427],[77.9837,8.4353],[77.9855,8.4317],[77.976,8.4223],[77.9866,8.4162],[77.9856,8.4091],[77.9942,8.3933],[77.9988,8.3871],[78.0017,8.3933],[78.0043,8.3928],[78.0085,8.3803],[78.0012,8.3702],[78.0055,8.3692],[78.0066,8.3559],[77.9915,8.3501],[77.9735,8.3375],[77.9689,8.3405],[77.9647,8.3355],[77.9489,8.3369],[77.9337,8.3297],[77.9269,8.3315],[77.9131,8.3236],[77.8913,8.3256],[77.8853,8.3502],[77.8735,8.3525],[77.8699,8.3463],[77.8663,8.3466],[77.8624,8.3421],[77.8578,8.3446],[77.8602,8.3577],[77.8479,8.3554],[77.8492,8.3642],[77.8421,8.365],[77.8553,8.3734],[77.8539,8.3761],[77.835,8.3834],[77.8474,8.3878],[77.8579,8.3869],[77.8596,8.3926],[77.8597,8.4008],[77.8545,8.4029],[77.8539,8.415],[77.8493,8.4224],[77.8333,8.4325],[77.8396,8.4513],[77.8323,8.4558],[77.8417,8.4718],[77.8388,8.4757],[77.8397,8.4848],[77.8305,8.4894],[77.8296,8.4996],[77.826,8.5041],[77.8271,8.5146],[77.8143,8.5208],[77.8141,8.5297],[77.8077,8.5326],[77.8083,8.5368],[77.8177,8.5349],[77.8203,8.5524],[77.8128,8.5538],[77.8152,8.5633],[77.8115,8.5646],[77.8123,8.5702],[77.807,8.5717],[77.7957,8.5657],[77.7982,8.5734],[77.8031,8.5765],[77.7808,8.5842],[77.7879,8.6243],[77.795,8.6142],[77.8049,8.6148],[77.8059,8.6212],[77.8106,8.6222],[77.8188,8.6329],[77.8189,8.6503],[77.807,8.6473],[77.8054,8.6515],[77.8082,8.6581],[77.8144,8.6638],[77.8443,8.667],[77.8484,8.6584],[77.8532,8.6604],[77.8536,8.667],[77.8657,8.6626],[77.8665,8.6684],[77.8727,8.6629],[77.8761,8.6624],[77.8782,8.6672],[77.8923,8.6608],[77.8995,8.6737],[77.8994,8.6887],[77.8925,8.6949],[77.8946,8.6993],[77.9305,8.6927],[77.9413,8.6879],[77.9398,8.6754],[77.9463,8.6691],[77.9527,8.6757],[77.9599,8.6715],[77.9629,8.6892],[77.9681,8.6881],[77.9804,8.6793],[77.9746,8.6763],[77.9737,8.6598],[77.991,8.6634],[77.9941,8.6591],[78.0025,8.6628],[78.0041,8.6669],[77.9931,8.6739],[77.9916,8.6989],[77.9987,8.699],[78.0122,8.6826],[78.0205,8.6803],[78.0263,8.6741],[78.0311,8.6855],[78.0433,8.6881],[78.0442,8.6953],[78.051,8.6986],[78.0601,8.713],[78.0672,8.7043],[78.0685,8.7068],[78.0767,8.7072],[78.0827,8.7037],[78.0904,8.7139],[78.1111,8.6976],[78.1184,8.7017],[78.1263,8.7002],[78.1329,8.7081],[78.1599,8.7163]]]}},{"type":"Feature","bbox":[77.7853,8.6584,78.2268,8.9719],"properties":{"kind":"ac","ac":217,"name":"Ottapidaram","pc":"Thoothukkudi","mla":"P. Mathanraja","mla_party":"TVK","mp":"Kanimozhi Karunanidhi","mp_party":"DMK"},"geometry":{"type":"MultiPolygon","coordinates":[[[[77.8393,8.9623],[77.8486,8.9691],[77.851,8.952],[77.9161,8.963],[77.917,8.9354],[77.9337,8.9353],[77.9396,8.9309],[77.942,8.9375],[77.9401,8.9415],[77.9476,8.9502],[77.9607,8.9452],[77.9622,8.9383],[77.9836,8.9431],[77.9865,8.9323],[77.9975,8.9323],[78.0092,8.9338],[78.0099,8.9432],[78.0198,8.9453],[78.0265,8.9536],[78.0439,8.9558],[78.0685,8.949],[78.0674,8.9382],[78.0567,8.9291],[78.0609,8.9179],[78.083,8.9216],[78.0849,8.9292],[78.0945,8.9347],[78.0951,8.9398],[78.1019,8.9337],[78.1086,8.9338],[78.1175,8.9194],[78.12,8.9249],[78.1293,8.9279],[78.1295,8.9315],[78.1672,8.9198],[78.185,8.9104],[78.1813,8.9005],[78.1823,8.8911],[78.1778,8.8906],[78.1717,8.8829],[78.167,8.8412],[78.1708,8.83],[78.1666,8.8261],[78.1609,8.8346],[78.1472,8.8225],[78.1312,8.8173],[78.1295,8.8126],[78.1269,8.8128],[78.0918,8.8268],[78.0925,8.836],[78.0849,8.8431],[78.0776,8.8213],[78.0701,8.81],[78.071,8.8064],[78.0864,8.7974],[78.0908,8.7853],[78.1051,8.7807],[78.1028,8.7754],[78.1051,8.7674],[78.125,8.763],[78.1251,8.7579],[78.1162,8.7564],[78.1196,8.7493],[78.118,8.7425],[78.123,8.7336],[78.1213,8.7269],[78.1143,8.7228],[78.1052,8.724],[78.0972,8.7296],[78.0942,8.7127],[78.0888,8.7143],[78.0827,8.7037],[78.0767,8.7072],[78.0685,8.7068],[78.0672,8.7043],[78.0601,8.713],[78.051,8.6986],[78.0442,8.6953],[78.0433,8.6881],[78.0311,8.6855],[78.0263,8.6741],[78.0205,8.6803],[78.0122,8.6826],[77.9987,8.699],[77.9916,8.6989],[77.9931,8.6739],[78.0041,8.6669],[78.0025,8.6628],[77.9941,8.6591],[77.991,8.6634],[77.9737,8.6598],[77.9746,8.6763],[77.9804,8.6793],[77.9681,8.6881],[77.9629,8.6892],[77.9599,8.6715],[77.9527,8.6757],[77.9463,8.6691],[77.9398,8.6754],[77.9413,8.6879],[77.9305,8.6927],[77.8946,8.6993],[77.8925,8.6949],[77.8994,8.6887],[77.8995,8.6737],[77.8923,8.6608],[77.8782,8.6672],[77.8761,8.6624],[77.8727,8.6629],[77.8666,8.6684],[77.8657,8.6626],[77.8536,8.667],[77.8532,8.6604],[77.8484,8.6584],[77.8443,8.667],[77.8144,8.6638],[77.8166,8.6723],[77.8253,8.6733],[77.8245,8.6808],[77.8115,8.6819],[77.8266,8.7334],[77.8168,8.7727],[77.8467,8.788],[77.8461,8.7947],[77.8477,8.7987],[77.8515,8.7975],[77.8525,8.803],[77.8475,8.8111],[77.8394,8.8166],[77.831,8.8319],[77.8197,8.8388],[77.8205,8.8452],[77.8123,8.8603],[77.8101,8.8731],[77.8049,8.8741],[77.7958,8.884],[77.7891,8.8853],[77.7853,8.8911],[77.7855,8.9015],[77.7904,8.9017],[77.7919,8.9085],[77.798,8.91],[77.8013,8.916],[77.8232,8.9233],[77.8283,8.9273],[77.823,8.9314],[77.8262,8.9336],[77.8411,8.9308],[77.8423,8.9351],[77.8346,8.9381],[77.8364,8.9491],[77.833,8.9526],[77.823,8.9533],[77.8312,8.9714],[77.8373,8.9719],[77.8393,8.9623]]],[[[78.2047,8.8321],[78.2039,8.8373],[78.2095,8.8363],[78.2074,8.8321],[78.2047,8.8321]]],[[[78.2117,8.8343],[78.21,8.8381],[78.2081,8.8401],[78.214,8.8363],[78.2117,8.8343]]],[[[78.2268,8.8717],[78.2258,8.8664],[78.2208,8.8729],[78.2231,8.8738],[78.2268,8.8717]]],[[[78.2175,8.882],[78.2178,8.8851],[78.2235,8.8841],[78.2214,8.8799],[78.2175,8.882]]]]}},{"type":"Feature","bbox":[77.6725,8.8813,77.9776,9.248],"properties":{"kind":"ac","ac":218,"name":"Kovilpatti","pc":"Thoothukkudi","mla":"K. Karunanithi","mla_party":"DMK","mp":"Kanimozhi Karunanidhi","mp_party":"DMK"},"geometry":{"type":"Polygon","coordinates":[[[77.8473,9.2444],[77.8558,9.248],[77.8802,9.2453],[77.881,9.2343],[77.8864,9.2328],[77.8748,9.2265],[77.8759,9.2216],[77.8781,9.2219],[77.8781,9.2082],[77.9089,9.2029],[77.9092,9.2003],[77.9201,9.2028],[77.9214,9.1956],[77.9296,9.1873],[77.9423,9.1908],[77.9489,9.1891],[77.9535,9.1777],[77.9364,9.1662],[77.9343,9.17],[77.9227,9.1736],[77.9212,9.1804],[77.9124,9.1761],[77.9094,9.1806],[77.9126,9.146],[77.9223,9.1451],[77.9246,9.1297],[77.9248,9.1241],[77.9194,9.1215],[77.9159,9.1144],[77.9297,9.105],[77.932,9.0927],[77.9293,9.0893],[77.9324,9.0857],[77.9429,9.0906],[77.9526,9.0834],[77.961,9.07],[77.9563,9.0641],[77.9565,9.0545],[77.9627,9.0524],[77.9714,9.0555],[77.9695,9.0348],[77.9747,9.0336],[77.9776,9.0277],[77.9676,9.0264],[77.9714,9.0236],[77.9634,9.0248],[77.9648,9.0203],[77.9607,9.0192],[77.948,9.0221],[77.9389,9.016],[77.936,9.0174],[77.9321,9.0018],[77.935,8.9934],[77.9201,8.9922],[77.9209,8.9867],[77.9089,8.9889],[77.9054,8.981],[77.9071,8.9763],[77.9117,8.9745],[77.9096,8.9687],[77.8535,8.9753],[77.8534,8.9698],[77.847,8.9689],[77.8393,8.9623],[77.8373,8.9719],[77.8312,8.9714],[77.823,8.9533],[77.833,8.9526],[77.8364,8.9491],[77.8346,8.9381],[77.8423,8.9351],[77.8411,8.9308],[77.8262,8.9336],[77.823,8.9314],[77.8283,8.9273],[77.8232,8.9233],[77.8013,8.916],[77.798,8.91],[77.7919,8.9085],[77.7904,8.9017],[77.7855,8.9015],[77.7853,8.8911],[77.7891,8.8853],[77.7726,8.8813],[77.7617,8.8892],[77.7615,8.9246],[77.756,8.9291],[77.747,8.9295],[77.7466,8.9335],[77.7371,8.932],[77.7362,8.9241],[77.702,8.926],[77.6954,8.9271],[77.6933,8.931],[77.691,8.9567],[77.6841,8.9606],[77.6805,8.9669],[77.6839,8.9767],[77.6952,8.981],[77.703,8.9727],[77.7028,8.9692],[77.7197,8.9671],[77.7218,8.9798],[77.7289,8.9849],[77.7232,9.0015],[77.6892,9.0017],[77.6919,9.0063],[77.6872,9.0094],[77.6889,9.015],[77.6964,9.0184],[77.6926,9.031],[77.7022,9.0354],[77.7036,9.0414],[77.7119,9.0453],[77.7017,9.0628],[77.7046,9.0734],[77.736,9.0717],[77.7449,9.0779],[77.7403,9.105],[77.726,9.1044],[77.7224,9.1077],[77.7194,9.1049],[77.6947,9.1013],[77.6778,9.1065],[77.6761,9.1244],[77.6725,9.1271],[77.674,9.1382],[77.6828,9.1378],[77.6827,9.1342],[77.6882,9.1329],[77.6964,9.134],[77.7004,9.1382],[77.6934,9.1447],[77.69,9.159],[77.7045,9.1657],[77.7058,9.1885],[77.7368,9.1881],[77.7384,9.1727],[77.7425,9.1726],[77.7442,9.1625],[77.786,9.1655],[77.7992,9.1707],[77.8012,9.1767],[77.8052,9.1776],[77.8177,9.1712],[77.8414,9.1685],[77.8417,9.1854],[77.8537,9.1832],[77.856,9.1949],[77.8601,9.1966],[77.8589,9.2132],[77.8527,9.2164],[77.8518,9.2336],[77.8473,9.2444]]]}},{"type":"Feature","bbox":[77.4025,8.9168,77.8601,9.3099],"properties":{"kind":"ac","ac":219,"name":"Sankarankovil","pc":"Tenkasi","mla":"Dr. Dhilipan Jaishankar","mla_party":"AIADMK","mp":"Rani Srikumar","mp_party":"DMK"},"geometry":{"type":"Polygon","coordinates":[[[77.8473,9.2444],[77.8518,9.2336],[77.8527,9.2164],[77.8589,9.2132],[77.8601,9.1966],[77.856,9.1949],[77.8537,9.1832],[77.8417,9.1854],[77.8414,9.1685],[77.8177,9.1712],[77.8052,9.1776],[77.8012,9.1767],[77.7992,9.1707],[77.786,9.1655],[77.7442,9.1625],[77.7425,9.1726],[77.7384,9.1727],[77.7368,9.1881],[77.7058,9.1885],[77.7045,9.1657],[77.69,9.159],[77.6934,9.1447],[77.7004,9.1382],[77.6964,9.134],[77.6882,9.1329],[77.6827,9.1342],[77.6828,9.1378],[77.674,9.1382],[77.6725,9.1271],[77.6761,9.1244],[77.6778,9.1065],[77.6947,9.1013],[77.7194,9.1049],[77.7224,9.1077],[77.726,9.1044],[77.7403,9.105],[77.7449,9.0779],[77.736,9.0717],[77.7046,9.0734],[77.7017,9.0628],[77.7119,9.0453],[77.7036,9.0414],[77.7022,9.0354],[77.6926,9.031],[77.6964,9.0184],[77.6889,9.015],[77.6872,9.0094],[77.6919,9.0063],[77.6892,9.0017],[77.7232,9.0015],[77.7289,8.9849],[77.7218,8.9798],[77.7197,8.9671],[77.7028,8.9692],[77.703,8.9727],[77.6952,8.981],[77.6856,8.9783],[77.6809,8.9716],[77.6811,8.9645],[77.6895,8.9588],[77.6917,8.9535],[77.6919,8.9366],[77.6964,8.927],[77.6931,8.9168],[77.6867,8.9171],[77.6566,8.9318],[77.6552,8.9532],[77.6311,8.9494],[77.6287,8.9444],[77.6125,8.95],[77.6118,8.9613],[77.5906,8.9661],[77.5846,8.9823],[77.5882,8.9866],[77.5944,8.9848],[77.6013,9.0136],[77.6228,9.0145],[77.6191,9.0328],[77.6002,9.0297],[77.5921,9.0438],[77.5872,9.0429],[77.5868,9.0538],[77.5792,9.0588],[77.5746,9.0582],[77.574,9.0616],[77.5684,9.0627],[77.5699,9.0596],[77.5641,9.0598],[77.5623,9.0677],[77.5547,9.0712],[77.5547,9.0828],[77.546,9.0847],[77.5465,9.0809],[77.5409,9.0832],[77.5352,9.0805],[77.5337,9.0878],[77.5278,9.0826],[77.5289,9.0626],[77.5234,9.0498],[77.5193,9.0458],[77.4865,9.0445],[77.4877,9.0415],[77.4821,9.0397],[77.4767,9.0249],[77.4459,9.0222],[77.4455,9.0256],[77.4227,9.0255],[77.4267,9.0528],[77.423,9.0499],[77.416,9.0529],[77.4028,9.0499],[77.4025,9.0673],[77.4081,9.0861],[77.4275,9.0879],[77.4351,9.079],[77.4453,9.0798],[77.4531,9.084],[77.4523,9.0944],[77.4671,9.0973],[77.4634,9.1096],[77.4761,9.1195],[77.4789,9.1426],[77.496,9.1515],[77.5041,9.1632],[77.5182,9.1657],[77.5159,9.1771],[77.5215,9.1768],[77.5178,9.1891],[77.5226,9.1904],[77.5229,9.1999],[77.5318,9.2012],[77.5327,9.2112],[77.5454,9.2115],[77.5524,9.2021],[77.5574,9.2037],[77.5636,9.2099],[77.5623,9.2185],[77.5704,9.2314],[77.5741,9.231],[77.5775,9.2213],[77.5821,9.2311],[77.6012,9.2362],[77.607,9.2429],[77.6034,9.2615],[77.5979,9.2635],[77.5925,9.2607],[77.5694,9.2599],[77.5731,9.2812],[77.5763,9.2834],[77.5628,9.2821],[77.552,9.285],[77.555,9.2947],[77.5601,9.296],[77.5605,9.305],[77.5811,9.2982],[77.5847,9.3099],[77.6042,9.3067],[77.6033,9.3008],[77.6135,9.3009],[77.6242,9.2956],[77.6245,9.2928],[77.6422,9.292],[77.6455,9.2886],[77.653,9.2879],[77.6557,9.2836],[77.6607,9.2866],[77.6822,9.2861],[77.691,9.2899],[77.7117,9.2917],[77.7119,9.2873],[77.717,9.2872],[77.7227,9.2801],[77.7394,9.2809],[77.7414,9.265],[77.7589,9.2669],[77.7611,9.2488],[77.7693,9.242],[77.7703,9.2359],[77.7815,9.2392],[77.7828,9.2484],[77.7895,9.2516],[77.79,9.2579],[77.7876,9.2576],[77.7874,9.2627],[77.7733,9.2698],[77.7734,9.2764],[77.7962,9.2732],[77.7963,9.2564],[77.8067,9.2518],[77.8075,9.2453],[77.824,9.2428],[77.8385,9.2434],[77.8388,9.246],[77.8473,9.2444]]]}},{"type":"Feature","bbox":[77.2708,9.0788,77.6074,9.4202],"properties":{"kind":"ac","ac":220,"name":"Vasudevanallur","pc":"Tenkasi","mla":"E. Raja","mla_party":"DMK","mp":"Rani Srikumar","mp_party":"DMK"},"geometry":{"type":"Polygon","coordinates":[[[77.5298,9.3754],[77.5544,9.3702],[77.55,9.364],[77.5603,9.3535],[77.5743,9.3539],[77.5726,9.3432],[77.5896,9.3477],[77.5923,9.3305],[77.5909,9.3153],[77.584,9.3089],[77.5826,9.2988],[77.5603,9.3049],[77.5601,9.296],[77.555,9.2947],[77.5521,9.2848],[77.5628,9.2821],[77.5762,9.2835],[77.5731,9.2812],[77.5694,9.2599],[77.5925,9.2607],[77.5979,9.2635],[77.6034,9.2615],[77.6074,9.2438],[77.6012,9.2362],[77.5821,9.2311],[77.5775,9.2213],[77.5741,9.231],[77.5704,9.2314],[77.5623,9.2185],[77.5636,9.2099],[77.5574,9.2037],[77.5524,9.2021],[77.5454,9.2115],[77.5326,9.2111],[77.5318,9.2012],[77.5229,9.1999],[77.5226,9.1904],[77.5178,9.1891],[77.5215,9.1768],[77.5159,9.1771],[77.5182,9.1657],[77.5041,9.1632],[77.496,9.1515],[77.4789,9.1426],[77.4761,9.1195],[77.4634,9.1096],[77.4673,9.0976],[77.4521,9.0943],[77.4517,9.0826],[77.4359,9.0788],[77.428,9.0878],[77.4111,9.0874],[77.4092,9.0911],[77.392,9.0901],[77.3879,9.0937],[77.3896,9.1024],[77.4031,9.1165],[77.4244,9.1273],[77.4385,9.1284],[77.4367,9.1351],[77.4263,9.1338],[77.427,9.1518],[77.4124,9.1553],[77.3967,9.1546],[77.3975,9.164],[77.3774,9.1664],[77.3721,9.1645],[77.3654,9.172],[77.3564,9.169],[77.3532,9.1757],[77.3278,9.1845],[77.3114,9.1765],[77.3053,9.1791],[77.3005,9.1871],[77.2851,9.1898],[77.2708,9.2023],[77.2708,9.2056],[77.2822,9.2168],[77.2741,9.2352],[77.2799,9.2407],[77.2819,9.2731],[77.2886,9.2744],[77.2819,9.2988],[77.2995,9.3114],[77.3018,9.3244],[77.2968,9.3294],[77.3007,9.3302],[77.3004,9.3373],[77.3147,9.3352],[77.3251,9.3371],[77.3256,9.3461],[77.3372,9.3658],[77.3343,9.3814],[77.3365,9.3874],[77.3412,9.3897],[77.3395,9.393],[77.3434,9.4011],[77.3363,9.4116],[77.3392,9.4202],[77.35,9.4129],[77.3646,9.4092],[77.3719,9.4024],[77.379,9.4017],[77.3889,9.3924],[77.3972,9.3962],[77.406,9.3935],[77.4189,9.3992],[77.4233,9.3937],[77.434,9.391],[77.4381,9.3814],[77.4481,9.3751],[77.4504,9.3702],[77.4466,9.366],[77.4385,9.368],[77.4368,9.3622],[77.4434,9.3625],[77.4413,9.3542],[77.468,9.3467],[77.463,9.3458],[77.4593,9.3365],[77.4647,9.3291],[77.4714,9.3287],[77.4744,9.3411],[77.4873,9.3372],[77.4959,9.3385],[77.5002,9.333],[77.5222,9.3353],[77.5274,9.3493],[77.5192,9.3587],[77.527,9.3583],[77.5287,9.3608],[77.5298,9.3754]]]}},{"type":"Feature","bbox":[77.1467,8.9182,77.4385,9.2023],"properties":{"kind":"ac","ac":221,"name":"Kadayanallur","pc":"Tenkasi","mla":"T. M. Rajendran","mla_party":"DMK","mp":"Rani Srikumar","mp_party":"DMK"},"geometry":{"type":"Polygon","coordinates":[[[77.4111,9.0874],[77.4037,9.075],[77.4028,9.0499],[77.416,9.0529],[77.423,9.0499],[77.4267,9.0528],[77.423,9.0269],[77.4182,9.0264],[77.4152,9.0162],[77.3949,8.9958],[77.3948,8.9886],[77.3879,8.9836],[77.387,8.9748],[77.3669,8.98],[77.3632,8.9838],[77.3122,8.9904],[77.3128,8.9972],[77.3062,9.002],[77.2992,8.9957],[77.2752,9.0018],[77.2708,8.997],[77.2622,8.9975],[77.2645,8.9827],[77.2836,8.9717],[77.2945,8.971],[77.2977,8.9646],[77.2841,8.9689],[77.2698,8.9579],[77.2563,8.9647],[77.2503,8.9626],[77.2447,8.9564],[77.2517,8.9595],[77.2571,8.9573],[77.2509,8.9552],[77.2432,8.9463],[77.2422,8.9399],[77.2292,8.9462],[77.2213,8.9275],[77.224,8.924],[77.2183,8.9183],[77.2111,8.9182],[77.1932,8.9259],[77.1971,8.9353],[77.1939,8.9435],[77.1969,8.9522],[77.1914,8.9595],[77.1908,8.966],[77.185,8.9705],[77.1782,8.9693],[77.1735,8.9915],[77.1619,8.9952],[77.1569,9.0076],[77.1494,9.0098],[77.1507,9.0157],[77.1467,9.022],[77.1539,9.0225],[77.161,9.0293],[77.1605,9.0359],[77.1674,9.0451],[77.1808,9.0476],[77.1913,9.0435],[77.1976,9.0471],[77.1968,9.0567],[77.209,9.0744],[77.2058,9.0851],[77.2122,9.1002],[77.219,9.1015],[77.2261,9.1078],[77.2285,9.1169],[77.2423,9.1252],[77.2472,9.1247],[77.253,9.1393],[77.2674,9.1542],[77.2662,9.1818],[77.2534,9.1879],[77.2567,9.1992],[77.2647,9.1986],[77.2708,9.2023],[77.2851,9.1898],[77.3005,9.1871],[77.3053,9.1791],[77.3114,9.1765],[77.3278,9.1845],[77.3532,9.1757],[77.3564,9.169],[77.3654,9.172],[77.3721,9.1645],[77.3774,9.1664],[77.3975,9.164],[77.3967,9.1546],[77.4124,9.1553],[77.427,9.1518],[77.4263,9.1338],[77.4367,9.1351],[77.4385,9.1284],[77.4252,9.1275],[77.411,9.1215],[77.3896,9.1024],[77.3889,9.0912],[77.4092,9.0911],[77.4111,9.0874]]]}},{"type":"Feature","bbox":[77.2182,8.8618,77.6228,9.0878],"properties":{"kind":"ac","ac":222,"name":"Tenkasi","pc":"Tenkasi","mla":"Kalai Kathiravan","mla_party":"DMK","mp":"Rani Srikumar","mp_party":"DMK"},"geometry":{"type":"Polygon","coordinates":[[[77.6192,8.9477],[77.6212,8.9385],[77.6173,8.9387],[77.6127,8.9233],[77.6093,8.9399],[77.5942,8.9442],[77.5939,8.9411],[77.5762,8.9397],[77.5697,8.9444],[77.5383,8.9433],[77.5336,8.9325],[77.5187,8.9258],[77.5178,8.9374],[77.5139,8.941],[77.5086,8.9243],[77.4978,8.9217],[77.5083,8.9137],[77.5138,8.9136],[77.5129,8.9088],[77.5024,8.9081],[77.4975,8.9139],[77.4773,8.9145],[77.4778,8.92],[77.4814,8.9208],[77.4787,8.926],[77.4655,8.925],[77.4639,8.9188],[77.4572,8.9215],[77.4562,8.9255],[77.4541,8.9234],[77.4492,8.9271],[77.4404,8.9264],[77.4401,8.9209],[77.4117,8.938],[77.4065,8.9328],[77.3955,8.9302],[77.3866,8.9384],[77.3928,8.9223],[77.3895,8.9137],[77.3957,8.9098],[77.3937,8.8939],[77.4068,8.8933],[77.4033,8.8618],[77.3873,8.8662],[77.3876,8.8718],[77.3784,8.8696],[77.3576,8.8722],[77.3431,8.8688],[77.3325,8.8746],[77.3143,8.8709],[77.2974,8.8809],[77.2757,8.876],[77.2616,8.8806],[77.2567,8.8782],[77.2451,8.8801],[77.2377,8.8857],[77.2401,8.8945],[77.2382,8.898],[77.2212,8.9042],[77.2182,8.9169],[77.224,8.924],[77.2213,8.9275],[77.2292,8.9462],[77.2422,8.9399],[77.2432,8.9463],[77.2509,8.9552],[77.2571,8.9573],[77.2517,8.9595],[77.2447,8.9564],[77.2503,8.9626],[77.2563,8.9647],[77.2698,8.9579],[77.2841,8.9689],[77.2977,8.9646],[77.2945,8.971],[77.2836,8.9717],[77.2645,8.9827],[77.2622,8.9975],[77.2708,8.997],[77.2752,9.0018],[77.2992,8.9957],[77.3062,9.002],[77.3128,8.9972],[77.3122,8.9904],[77.3632,8.9838],[77.3669,8.98],[77.387,8.9748],[77.3879,8.9836],[77.3948,8.9886],[77.3949,8.9958],[77.4152,9.0162],[77.4182,9.0264],[77.4455,9.0256],[77.4459,9.0222],[77.4767,9.0249],[77.4821,9.0397],[77.4877,9.0415],[77.4865,9.0445],[77.5193,9.0458],[77.5267,9.0551],[77.5278,9.0826],[77.5337,9.0878],[77.5352,9.0805],[77.5409,9.0832],[77.5465,9.0809],[77.546,9.0847],[77.5547,9.0828],[77.5547,9.0712],[77.5623,9.0677],[77.5641,9.0598],[77.5699,9.0596],[77.5684,9.0627],[77.574,9.0616],[77.5746,9.0582],[77.5792,9.0588],[77.5868,9.0538],[77.5872,9.0429],[77.5921,9.0438],[77.6002,9.0297],[77.6191,9.0328],[77.6228,9.0145],[77.6013,9.0136],[77.5944,8.9848],[77.5882,8.9866],[77.5846,8.9823],[77.5906,8.9661],[77.6118,8.9613],[77.6125,8.95],[77.6192,8.9477]]]}},{"type":"Feature","bbox":[77.2922,8.7051,77.5956,8.945],"properties":{"kind":"ac","ac":223,"name":"Alangulam","pc":"Tenkasi","mla":"P. H. Manoj Pandian","mla_party":"DMK","mp":"Rani Srikumar","mp_party":"DMK"},"geometry":{"type":"Polygon","coordinates":[[[77.5939,8.9411],[77.5925,8.9276],[77.5956,8.9244],[77.5924,8.9069],[77.5844,8.9048],[77.5604,8.9113],[77.5678,8.8974],[77.5653,8.8935],[77.5708,8.8911],[77.566,8.879],[77.5747,8.88],[77.5785,8.8721],[77.5842,8.8753],[77.5935,8.872],[77.5886,8.8274],[77.579,8.8203],[77.5746,8.8081],[77.5709,8.8119],[77.5668,8.8001],[77.5714,8.7897],[77.556,8.7876],[77.5631,8.7731],[77.5673,8.772],[77.5687,8.7633],[77.5662,8.7541],[77.5609,8.753],[77.5559,8.7446],[77.5587,8.7412],[77.5594,8.7276],[77.5651,8.7181],[77.5657,8.7108],[77.5612,8.7051],[77.5544,8.7057],[77.5464,8.7143],[77.535,8.7201],[77.5282,8.7289],[77.5185,8.7296],[77.5135,8.7339],[77.4961,8.732],[77.4919,8.7284],[77.4873,8.7319],[77.4779,8.7265],[77.4547,8.7376],[77.4421,8.7397],[77.439,8.7483],[77.4245,8.7583],[77.4217,8.7582],[77.4217,8.7524],[77.4182,8.7497],[77.4079,8.7525],[77.4103,8.7477],[77.4079,8.7457],[77.399,8.7481],[77.4022,8.7394],[77.3956,8.7404],[77.3918,8.7458],[77.3862,8.7444],[77.385,8.7481],[77.3774,8.7472],[77.3731,8.7524],[77.3658,8.7486],[77.3633,8.7392],[77.3578,8.7385],[77.3525,8.742],[77.3498,8.7399],[77.3393,8.7506],[77.3314,8.7525],[77.3252,8.7749],[77.3197,8.7784],[77.3131,8.778],[77.3103,8.768],[77.3008,8.7739],[77.3006,8.7972],[77.3065,8.7983],[77.3077,8.8067],[77.3135,8.8047],[77.3125,8.814],[77.2922,8.8152],[77.2927,8.8286],[77.3046,8.8367],[77.2995,8.8499],[77.3081,8.8516],[77.3093,8.8564],[77.3097,8.8611],[77.2994,8.8797],[77.3143,8.8709],[77.328,8.8748],[77.3431,8.8688],[77.3576,8.8722],[77.3784,8.8696],[77.3876,8.8718],[77.3873,8.8662],[77.4033,8.8618],[77.4068,8.8933],[77.3937,8.8939],[77.3957,8.9098],[77.3895,8.9137],[77.3928,8.9223],[77.3863,8.9383],[77.3955,8.9302],[77.4065,8.9328],[77.4117,8.938],[77.4401,8.9209],[77.4404,8.9264],[77.4492,8.9271],[77.4541,8.9234],[77.4562,8.9255],[77.4572,8.9215],[77.4639,8.9188],[77.4655,8.925],[77.4787,8.926],[77.4814,8.9208],[77.4778,8.92],[77.4773,8.9145],[77.4975,8.9139],[77.5024,8.9081],[77.5129,8.9088],[77.5138,8.9136],[77.5083,8.9137],[77.4978,8.9217],[77.5086,8.9243],[77.5139,8.941],[77.5178,8.9374],[77.5186,8.9258],[77.5336,8.9325],[77.5383,8.9433],[77.559,8.945],[77.5734,8.9436],[77.5757,8.9398],[77.5939,8.9411]]]}},{"type":"Feature","bbox":[77.5559,8.6812,77.8205,8.9532],"properties":{"kind":"ac","ac":224,"name":"Tirunelveli","pc":"Tirunelveli","mla":"R. S. Murughan","mla_party":"TVK","mp":"Robert Bruce","mp_party":"INC"},"geometry":{"type":"Polygon","coordinates":[[[77.6552,8.9532],[77.6566,8.9318],[77.6867,8.9171],[77.6931,8.9168],[77.6964,8.927],[77.7362,8.9241],[77.7371,8.932],[77.7466,8.9335],[77.747,8.9295],[77.756,8.9291],[77.7615,8.9246],[77.7617,8.8892],[77.7726,8.8813],[77.7891,8.8853],[77.7958,8.884],[77.8049,8.8741],[77.8101,8.8731],[77.8123,8.8603],[77.8205,8.8452],[77.8197,8.8388],[77.8139,8.8382],[77.8063,8.8316],[77.8048,8.8184],[77.8094,8.8004],[77.8043,8.7833],[77.7758,8.7789],[77.7536,8.7688],[77.7337,8.7502],[77.7327,8.7402],[77.7222,8.7369],[77.7092,8.7196],[77.6917,8.72],[77.6907,8.7146],[77.6808,8.7123],[77.6788,8.7042],[77.6665,8.7101],[77.6559,8.6983],[77.6538,8.6926],[77.6582,8.6856],[77.6573,8.6815],[77.6535,8.6812],[77.6346,8.6908],[77.6131,8.6913],[77.6058,8.6943],[77.5969,8.6888],[77.5782,8.7014],[77.5604,8.704],[77.5657,8.7108],[77.5651,8.7181],[77.5594,8.7276],[77.5587,8.7412],[77.5559,8.7446],[77.5609,8.753],[77.5662,8.7541],[77.5687,8.7633],[77.5673,8.772],[77.5631,8.7731],[77.556,8.7876],[77.5714,8.7897],[77.5668,8.8001],[77.5709,8.8119],[77.5746,8.8081],[77.579,8.8203],[77.5886,8.8274],[77.5935,8.872],[77.5842,8.8753],[77.5785,8.8721],[77.5747,8.88],[77.566,8.879],[77.5708,8.8911],[77.5653,8.8935],[77.5678,8.8974],[77.5604,8.9113],[77.5844,8.9048],[77.5924,8.9069],[77.5956,8.9244],[77.5925,8.9276],[77.5942,8.9442],[77.6093,8.9399],[77.6127,8.9233],[77.6173,8.9387],[77.6212,8.9385],[77.6192,8.9477],[77.6287,8.9444],[77.6311,8.9494],[77.6552,8.9532]]]}},{"type":"Feature","bbox":[77.1703,8.5304,77.6602,8.8806],"properties":{"kind":"ac","ac":225,"name":"Ambasamudram","pc":"Tirunelveli","mla_vacant":true,"mp":"Robert Bruce","mp_party":"INC"},"geometry":{"type":"Polygon","coordinates":[[[77.2567,8.8782],[77.2616,8.8806],[77.2757,8.876],[77.2994,8.8797],[77.3097,8.8611],[77.3093,8.8564],[77.3081,8.8516],[77.2995,8.8499],[77.3046,8.8367],[77.2927,8.8286],[77.2922,8.8152],[77.3125,8.814],[77.3135,8.8047],[77.3077,8.8067],[77.3065,8.7983],[77.3006,8.7972],[77.3008,8.7739],[77.3103,8.768],[77.3131,8.778],[77.3197,8.7784],[77.3252,8.7749],[77.3314,8.7525],[77.3393,8.7506],[77.3498,8.7399],[77.3525,8.742],[77.3578,8.7385],[77.3633,8.7392],[77.3658,8.7486],[77.3731,8.7524],[77.3774,8.7472],[77.385,8.7481],[77.3862,8.7444],[77.3918,8.7458],[77.3956,8.7404],[77.4022,8.7394],[77.399,8.7481],[77.4079,8.7457],[77.4103,8.7477],[77.4079,8.7525],[77.4182,8.7497],[77.4217,8.7524],[77.4217,8.7582],[77.4245,8.7583],[77.439,8.7483],[77.4417,8.7399],[77.4547,8.7376],[77.4779,8.7265],[77.4873,8.7319],[77.4919,8.7284],[77.4961,8.732],[77.5135,8.7339],[77.5185,8.7296],[77.5282,8.7289],[77.535,8.7201],[77.5464,8.7143],[77.5547,8.7055],[77.5782,8.7014],[77.5969,8.6888],[77.6058,8.6943],[77.6131,8.6913],[77.6346,8.6908],[77.6573,8.6815],[77.6602,8.6752],[77.6596,8.6543],[77.6546,8.6371],[77.6329,8.6437],[77.6197,8.6205],[77.6117,8.6235],[77.6102,8.6183],[77.6167,8.6089],[77.6001,8.6056],[77.6001,8.5974],[77.6122,8.5888],[77.6091,8.583],[77.6148,8.5767],[77.6141,8.572],[77.6094,8.5709],[77.602,8.5754],[77.603,8.5831],[77.5976,8.5842],[77.5962,8.5814],[77.5779,8.5861],[77.5564,8.5967],[77.5478,8.5941],[77.5361,8.5978],[77.5295,8.5938],[77.5227,8.5958],[77.502,8.5873],[77.4801,8.5856],[77.464,8.5724],[77.4378,8.5917],[77.4314,8.5686],[77.4122,8.5465],[77.4014,8.5532],[77.3849,8.5527],[77.3641,8.5304],[77.3607,8.5407],[77.3578,8.538],[77.3534,8.5395],[77.3508,8.5465],[77.3467,8.5449],[77.3372,8.5528],[77.317,8.5607],[77.3115,8.5593],[77.3017,8.5662],[77.2884,8.5704],[77.2871,8.5669],[77.2677,8.5791],[77.2635,8.5887],[77.2586,8.5893],[77.2551,8.5974],[77.2456,8.6035],[77.2463,8.6206],[77.234,8.6274],[77.2297,8.6405],[77.2248,8.6394],[77.2152,8.6483],[77.2087,8.6636],[77.2013,8.6688],[77.208,8.6798],[77.2072,8.685],[77.195,8.7078],[77.1811,8.7191],[77.1777,8.7255],[77.1789,8.7328],[77.1703,8.7419],[77.1728,8.7503],[77.1785,8.7442],[77.1915,8.7425],[77.1985,8.7535],[77.2001,8.7635],[77.1973,8.769],[77.2052,8.7693],[77.2095,8.7655],[77.2178,8.7682],[77.2132,8.7791],[77.22,8.7791],[77.2299,8.7852],[77.2321,8.8078],[77.2427,8.8101],[77.2469,8.8147],[77.2469,8.8235],[77.2626,8.8423],[77.2584,8.8504],[77.2613,8.8564],[77.2554,8.8608],[77.2585,8.8654],[77.2567,8.8782]]]}},{"type":"Feature","bbox":[77.6836,8.6694,77.7964,8.7587],"properties":{"kind":"ac","ac":226,"name":"Palayamkottai","pc":"Tirunelveli","mla":"M. Abdul Wahab","mla_party":"DMK","mp":"Robert Bruce","mp_party":"INC"},"geometry":{"type":"Polygon","coordinates":[[[77.7427,8.7587],[77.7462,8.7542],[77.7434,8.7486],[77.7627,8.7321],[77.772,8.7438],[77.7771,8.7442],[77.7789,8.7396],[77.7869,8.7386],[77.7875,8.7336],[77.7925,8.7318],[77.7826,8.7114],[77.7964,8.7094],[77.7944,8.7038],[77.7908,8.7036],[77.7887,8.695],[77.7823,8.6888],[77.7766,8.6885],[77.7723,8.6719],[77.7346,8.6755],[77.732,8.6694],[77.7113,8.6726],[77.7087,8.6705],[77.7026,8.6783],[77.7046,8.6821],[77.6997,8.6843],[77.6962,8.6977],[77.6836,8.6977],[77.6863,8.7047],[77.6915,8.7078],[77.6854,8.709],[77.6845,8.7139],[77.6907,8.7146],[77.6917,8.72],[77.7092,8.7196],[77.7222,8.7369],[77.7327,8.7402],[77.7336,8.75],[77.7427,8.7587]]]}},{"type":"Feature","bbox":[77.3641,8.3604,77.8597,8.8388],"properties":{"kind":"ac","ac":227,"name":"Nanguneri","pc":"Tirunelveli","mla":"Reddiarpatti V. Narayanan","mla_party":"TVK","mp":"Robert Bruce","mp_party":"INC"},"geometry":{"type":"Polygon","coordinates":[[[77.8197,8.8388],[77.831,8.8319],[77.8394,8.8166],[77.8475,8.8111],[77.8525,8.803],[77.8515,8.7975],[77.8477,8.7987],[77.8461,8.7947],[77.8467,8.788],[77.8168,8.7727],[77.8266,8.7334],[77.8115,8.6819],[77.8245,8.6808],[77.8253,8.6733],[77.8166,8.6723],[77.8165,8.6658],[77.8054,8.6515],[77.807,8.6473],[77.8189,8.6503],[77.8188,8.6329],[77.8106,8.6222],[77.8059,8.6212],[77.8049,8.6148],[77.795,8.6142],[77.7879,8.6243],[77.7808,8.5842],[77.8031,8.5765],[77.7982,8.5734],[77.7957,8.5657],[77.807,8.5717],[77.8123,8.5702],[77.8115,8.5646],[77.8152,8.5633],[77.8128,8.5538],[77.8203,8.5524],[77.8177,8.5349],[77.8083,8.5368],[77.8077,8.5326],[77.8141,8.5297],[77.8143,8.5208],[77.8271,8.5146],[77.826,8.5041],[77.8296,8.4996],[77.8305,8.4894],[77.8397,8.4848],[77.8388,8.4757],[77.8417,8.4718],[77.8323,8.4558],[77.8396,8.4513],[77.8333,8.4325],[77.8493,8.4224],[77.8539,8.415],[77.8529,8.4069],[77.8597,8.4008],[77.8579,8.3869],[77.8474,8.3878],[77.835,8.3834],[77.8378,8.3802],[77.8367,8.3727],[77.828,8.3723],[77.8279,8.367],[77.8038,8.3667],[77.8007,8.3716],[77.7767,8.3662],[77.7641,8.385],[77.7571,8.4044],[77.7437,8.4106],[77.7418,8.3963],[77.7258,8.4013],[77.7258,8.4091],[77.7169,8.4155],[77.7135,8.4303],[77.7039,8.4335],[77.7057,8.4401],[77.6939,8.4415],[77.6897,8.4399],[77.6889,8.4335],[77.6837,8.4332],[77.6826,8.4303],[77.6588,8.432],[77.6538,8.4384],[77.6447,8.4391],[77.6456,8.4254],[77.6514,8.4196],[77.6663,8.4165],[77.667,8.4117],[77.6598,8.4094],[77.6693,8.4002],[77.6507,8.3872],[77.6492,8.3938],[77.6402,8.3896],[77.6316,8.4212],[77.628,8.4052],[77.6236,8.4045],[77.6206,8.4062],[77.6254,8.4199],[77.6221,8.4276],[77.6173,8.4266],[77.6174,8.422],[77.6207,8.4206],[77.6166,8.4163],[77.607,8.425],[77.5999,8.427],[77.611,8.4138],[77.6108,8.41],[77.5993,8.4148],[77.594,8.4136],[77.5871,8.4201],[77.5828,8.4159],[77.5852,8.4117],[77.5826,8.4083],[77.5784,8.4105],[77.5752,8.408],[77.5706,8.4157],[77.5606,8.4051],[77.5567,8.412],[77.5508,8.4115],[77.556,8.4032],[77.5509,8.3961],[77.5447,8.3943],[77.5414,8.3604],[77.5347,8.3605],[77.5337,8.3679],[77.5416,8.3786],[77.5313,8.3924],[77.5237,8.3899],[77.5194,8.3819],[77.5075,8.3864],[77.5015,8.3813],[77.4905,8.3806],[77.4885,8.3893],[77.4725,8.4014],[77.4727,8.4164],[77.4686,8.4152],[77.4633,8.4304],[77.464,8.4419],[77.4725,8.4517],[77.4716,8.4563],[77.4637,8.4631],[77.4679,8.4659],[77.4666,8.469],[77.4575,8.468],[77.4454,8.4751],[77.4454,8.4849],[77.4487,8.487],[77.4452,8.5004],[77.4397,8.5057],[77.4342,8.5047],[77.4293,8.5108],[77.4047,8.5157],[77.3902,8.5227],[77.3823,8.52],[77.3784,8.5225],[77.3756,8.5167],[77.3641,8.5304],[77.3849,8.5527],[77.4014,8.5532],[77.4122,8.5465],[77.4314,8.5686],[77.4378,8.5917],[77.464,8.5724],[77.4801,8.5856],[77.502,8.5873],[77.5227,8.5958],[77.5295,8.5938],[77.5361,8.5978],[77.5478,8.5941],[77.5564,8.5967],[77.5779,8.5861],[77.5962,8.5814],[77.5976,8.5842],[77.603,8.5831],[77.602,8.5754],[77.6094,8.5709],[77.6141,8.572],[77.6148,8.5767],[77.6091,8.583],[77.6122,8.5888],[77.6001,8.5974],[77.6001,8.6056],[77.6167,8.6089],[77.6102,8.6183],[77.6117,8.6235],[77.6197,8.6205],[77.6329,8.6437],[77.6546,8.6371],[77.6596,8.6543],[77.6602,8.6752],[77.6538,8.6926],[77.6665,8.7101],[77.6788,8.7042],[77.6808,8.7123],[77.6845,8.7139],[77.6854,8.709],[77.6915,8.708],[77.6863,8.7047],[77.6836,8.6977],[77.6962,8.6977],[77.6997,8.6843],[77.7046,8.6821],[77.7026,8.6783],[77.7087,8.6705],[77.7113,8.6726],[77.732,8.6694],[77.7346,8.6755],[77.7723,8.6719],[77.7766,8.6885],[77.7822,8.6887],[77.7887,8.695],[77.7907,8.7035],[77.7943,8.7037],[77.7964,8.7094],[77.7826,8.7114],[77.7925,8.7322],[77.7875,8.7336],[77.7869,8.7386],[77.7773,8.7406],[77.7771,8.7442],[77.772,8.7438],[77.7625,8.7322],[77.7434,8.7486],[77.7462,8.7542],[77.7427,8.7587],[77.7676,8.7764],[77.8043,8.7833],[77.8094,8.8004],[77.8048,8.8184],[77.8063,8.8316],[77.8139,8.8382],[77.8197,8.8388]]]}},{"type":"Feature","bbox":[77.5308,8.1403,77.9735,8.4415],"properties":{"kind":"ac","ac":228,"name":"Radhapuram","pc":"Tirunelveli","mla":"Sathish Christopher","mla_party":"TVK","mp":"Robert Bruce","mp_party":"INC"},"geometry":{"type":"Polygon","coordinates":[[[77.7112,8.4316],[77.7169,8.4155],[77.7258,8.4091],[77.7258,8.4013],[77.7418,8.3963],[77.7437,8.4106],[77.7571,8.4044],[77.7641,8.385],[77.7767,8.3662],[77.8007,8.3716],[77.8038,8.3667],[77.8279,8.367],[77.828,8.3723],[77.8367,8.3727],[77.8378,8.3802],[77.8539,8.3761],[77.8553,8.3734],[77.8421,8.365],[77.8492,8.3642],[77.8479,8.3554],[77.8602,8.3577],[77.8578,8.3446],[77.8624,8.3421],[77.8663,8.3466],[77.8699,8.3463],[77.8735,8.3525],[77.8853,8.3502],[77.8913,8.3256],[77.8981,8.327],[77.9036,8.323],[77.9131,8.3236],[77.9269,8.3315],[77.9337,8.3297],[77.9489,8.3369],[77.9647,8.3355],[77.9689,8.3405],[77.9735,8.3375],[77.9491,8.3116],[77.9147,8.2918],[77.8909,8.2705],[77.8411,8.2517],[77.8326,8.2291],[77.8045,8.2028],[77.8026,8.1929],[77.8061,8.1828],[77.8005,8.1692],[77.7937,8.1623],[77.7739,8.1562],[77.758,8.1453],[77.7296,8.1641],[77.6422,8.1543],[77.6213,8.1455],[77.6049,8.1473],[77.5898,8.1403],[77.5882,8.1473],[77.582,8.1488],[77.5835,8.1547],[77.5708,8.1521],[77.5399,8.161],[77.5384,8.1743],[77.5469,8.1797],[77.5418,8.1853],[77.5529,8.1919],[77.5455,8.1958],[77.5496,8.2057],[77.5438,8.2057],[77.5444,8.2168],[77.5499,8.2202],[77.5406,8.2216],[77.5456,8.2274],[77.5417,8.2319],[77.5453,8.2404],[77.5485,8.2448],[77.5696,8.2434],[77.5698,8.2485],[77.5722,8.2487],[77.572,8.2442],[77.5767,8.2442],[77.5741,8.2554],[77.563,8.2601],[77.5632,8.2692],[77.5583,8.2695],[77.5627,8.2754],[77.5533,8.2767],[77.5572,8.2802],[77.5619,8.2774],[77.5641,8.2793],[77.548,8.2961],[77.5421,8.3111],[77.5308,8.3191],[77.5346,8.3251],[77.5321,8.3263],[77.5325,8.3357],[77.5418,8.3356],[77.538,8.3408],[77.5396,8.3467],[77.5354,8.3515],[77.5347,8.3605],[77.5414,8.3604],[77.5447,8.3943],[77.5509,8.3961],[77.556,8.4032],[77.5508,8.4115],[77.5567,8.412],[77.5606,8.4051],[77.5706,8.4157],[77.5752,8.408],[77.5784,8.4105],[77.5826,8.4083],[77.5852,8.4117],[77.5828,8.4159],[77.5871,8.4201],[77.594,8.4136],[77.5993,8.4148],[77.6108,8.41],[77.611,8.4138],[77.5999,8.427],[77.607,8.425],[77.6166,8.4163],[77.6207,8.4206],[77.6174,8.422],[77.6173,8.4266],[77.6221,8.4276],[77.6254,8.4199],[77.6206,8.4062],[77.628,8.4052],[77.6316,8.4212],[77.6402,8.3896],[77.6492,8.3938],[77.6507,8.3872],[77.6693,8.4002],[77.6598,8.4094],[77.667,8.4117],[77.6663,8.4165],[77.6514,8.4196],[77.6456,8.4254],[77.6447,8.4391],[77.6538,8.4384],[77.6588,8.432],[77.6826,8.4303],[77.6837,8.4332],[77.6889,8.4335],[77.6897,8.4399],[77.6939,8.4415],[77.7057,8.4401],[77.7039,8.4335],[77.7112,8.4316]]]}},{"type":"Feature","bbox":[77.3794,8.0766,77.5898,8.4745],"properties":{"kind":"ac","ac":229,"name":"Kanniyakumari","pc":"Kanniyakumari","mla":"N. Thalavai Sundaram","mla_party":"AIADMK","mp":"Vijay Vasanth","mp_party":"INC"},"geometry":{"type":"Polygon","coordinates":[[[77.499,8.3814],[77.5075,8.3864],[77.5194,8.3819],[77.5237,8.3899],[77.5313,8.3924],[77.5416,8.3786],[77.5335,8.3666],[77.5354,8.3515],[77.5396,8.3467],[77.538,8.3408],[77.5418,8.3356],[77.5325,8.3357],[77.5321,8.3263],[77.5346,8.3251],[77.5308,8.3191],[77.5421,8.3111],[77.548,8.2961],[77.5641,8.2793],[77.5619,8.2774],[77.5572,8.2802],[77.5533,8.2767],[77.5627,8.2754],[77.5583,8.2695],[77.5632,8.2692],[77.563,8.2601],[77.5741,8.2554],[77.5767,8.2442],[77.572,8.2442],[77.5722,8.2487],[77.5698,8.2485],[77.5696,8.2434],[77.5485,8.2448],[77.5417,8.2319],[77.5456,8.2274],[77.5408,8.2248],[77.5406,8.2216],[77.5499,8.2202],[77.5444,8.2168],[77.5438,8.2057],[77.5496,8.2057],[77.5455,8.1958],[77.5529,8.1919],[77.5418,8.1853],[77.5469,8.1797],[77.5384,8.1743],[77.5399,8.161],[77.5708,8.1521],[77.5835,8.1547],[77.582,8.1488],[77.5882,8.1473],[77.5898,8.1403],[77.5828,8.1373],[77.5659,8.1174],[77.5659,8.1015],[77.5712,8.0933],[77.5614,8.0881],[77.5559,8.0766],[77.5309,8.0767],[77.531,8.0795],[77.5262,8.0812],[77.4458,8.0948],[77.4115,8.1036],[77.4132,8.1255],[77.4214,8.1293],[77.4253,8.1533],[77.4528,8.1503],[77.451,8.166],[77.4593,8.17],[77.4587,8.1802],[77.4647,8.1841],[77.4689,8.2052],[77.4674,8.207],[77.4656,8.2035],[77.4619,8.2078],[77.4548,8.2077],[77.4457,8.1999],[77.4413,8.2078],[77.4424,8.2256],[77.4399,8.2327],[77.4356,8.2195],[77.4291,8.2267],[77.4252,8.2267],[77.4253,8.2233],[77.4182,8.2194],[77.415,8.2207],[77.415,8.2244],[77.3948,8.2272],[77.3981,8.2483],[77.3877,8.258],[77.3824,8.2654],[77.3838,8.2691],[77.3794,8.2724],[77.3837,8.2771],[77.3809,8.2923],[77.3858,8.2975],[77.3946,8.2991],[77.3834,8.3139],[77.4049,8.3433],[77.4007,8.3542],[77.4016,8.3616],[77.3903,8.3657],[77.3907,8.3739],[77.3944,8.385],[77.406,8.4013],[77.4036,8.4112],[77.4194,8.425],[77.4301,8.4269],[77.4377,8.4334],[77.4423,8.4423],[77.4406,8.4608],[77.4458,8.4745],[77.4575,8.468],[77.4668,8.4687],[77.4679,8.4659],[77.4637,8.4631],[77.4716,8.4563],[77.4725,8.4517],[77.464,8.4419],[77.4633,8.4304],[77.4686,8.4152],[77.4727,8.4164],[77.4725,8.4014],[77.4885,8.3893],[77.4905,8.3806],[77.499,8.3814]]]}},{"type":"Feature","bbox":[77.3301,8.1036,77.4689,8.2327],"properties":{"kind":"ac","ac":230,"name":"Nagercoil","pc":"Kanniyakumari","mla":"S. Austin","mla_party":"DMK","mp":"Vijay Vasanth","mp_party":"INC"},"geometry":{"type":"Polygon","coordinates":[[[77.4424,8.2256],[77.4413,8.2078],[77.4457,8.1999],[77.4548,8.2077],[77.4619,8.2078],[77.4656,8.2035],[77.4674,8.207],[77.4689,8.2052],[77.4685,8.1971],[77.4647,8.1841],[77.4587,8.1802],[77.4593,8.17],[77.451,8.166],[77.4528,8.1503],[77.4253,8.1533],[77.4214,8.1293],[77.4132,8.1255],[77.4115,8.1036],[77.357,8.1224],[77.3372,8.1259],[77.3301,8.1319],[77.3334,8.1427],[77.3539,8.1516],[77.351,8.1634],[77.3707,8.1836],[77.3776,8.1876],[77.3803,8.1751],[77.386,8.1754],[77.3934,8.1836],[77.3983,8.1961],[77.3893,8.2148],[77.3948,8.2272],[77.415,8.2244],[77.415,8.2207],[77.4182,8.2194],[77.4253,8.2233],[77.4252,8.2267],[77.4291,8.2267],[77.4356,8.2195],[77.4399,8.2327],[77.4424,8.2256]]]}},{"type":"Feature","bbox":[77.2272,8.1359,77.3983,8.3018],"properties":{"kind":"ac","ac":231,"name":"Colachal","pc":"Kanniyakumari","mla":"Tharahai Cuthbert","mla_party":"INC","mp":"Vijay Vasanth","mp_party":"INC"},"geometry":{"type":"MultiPolygon","coordinates":[[[[77.2461,8.1714],[77.2433,8.1708],[77.2463,8.1722],[77.2461,8.1714]]],[[[77.2356,8.1756],[77.2379,8.1749],[77.2398,8.1765],[77.2401,8.1742],[77.2389,8.1738],[77.2356,8.1756]]],[[[77.2748,8.2318],[77.2671,8.2337],[77.263,8.2312],[77.2586,8.2339],[77.2534,8.2307],[77.242,8.2436],[77.2484,8.2546],[77.2427,8.2662],[77.2498,8.272],[77.2475,8.2819],[77.2548,8.296],[77.2533,8.3018],[77.2755,8.2886],[77.2962,8.2628],[77.2959,8.2461],[77.2776,8.2392],[77.2748,8.2318]]],[[[77.3893,8.2148],[77.3983,8.1961],[77.3934,8.1836],[77.386,8.1754],[77.3803,8.1751],[77.3776,8.1876],[77.3707,8.1836],[77.351,8.1634],[77.3539,8.1516],[77.3382,8.1462],[77.3306,8.1359],[77.3256,8.1399],[77.3254,8.1694],[77.316,8.1706],[77.3174,8.1533],[77.3042,8.1367],[77.2996,8.1457],[77.2813,8.1589],[77.2547,8.1722],[77.2474,8.1717],[77.2446,8.175],[77.2355,8.1805],[77.2328,8.1803],[77.2272,8.1896],[77.2335,8.1951],[77.239,8.2082],[77.2703,8.2115],[77.288,8.2153],[77.3024,8.223],[77.3121,8.2229],[77.3125,8.2257],[77.327,8.2283],[77.328,8.2375],[77.3314,8.2402],[77.3529,8.2281],[77.3553,8.2334],[77.3643,8.2324],[77.3953,8.2526],[77.3981,8.2483],[77.3979,8.2342],[77.3909,8.2225],[77.3893,8.2148]]]]}},{"type":"Feature","bbox":[77.2466,8.122,77.4487,8.5532],"properties":{"kind":"ac","ac":232,"name":"Padmanabhapuram","pc":"Kanniyakumari","mla":"R. Chellaswamy","mla_party":"CPI(M)","mp":"Vijay Vasanth","mp_party":"INC"},"geometry":{"type":"MultiPolygon","coordinates":[[[[77.3372,8.1259],[77.325,8.1271],[77.3233,8.1262],[77.3229,8.1228],[77.3162,8.122],[77.3037,8.1316],[77.3093,8.1461],[77.3176,8.1537],[77.316,8.1706],[77.3254,8.1694],[77.3256,8.1399],[77.3372,8.1259]]],[[[77.3341,8.5532],[77.351,8.5463],[77.3501,8.5427],[77.3572,8.538],[77.3607,8.5407],[77.3624,8.5314],[77.3686,8.5274],[77.3678,8.5234],[77.3751,8.5169],[77.3784,8.5225],[77.3823,8.52],[77.3902,8.5227],[77.4047,8.5157],[77.4293,8.5108],[77.4342,8.5047],[77.4397,8.5057],[77.4452,8.5004],[77.4487,8.4867],[77.4454,8.4849],[77.4458,8.4745],[77.4406,8.4608],[77.4423,8.4423],[77.4301,8.4269],[77.4194,8.425],[77.4036,8.4112],[77.406,8.4013],[77.3944,8.385],[77.3907,8.3739],[77.3903,8.3657],[77.4016,8.3616],[77.4007,8.3542],[77.4049,8.3433],[77.3834,8.3139],[77.3946,8.2991],[77.3858,8.2975],[77.3809,8.2923],[77.3837,8.2771],[77.3794,8.2724],[77.3838,8.2691],[77.3824,8.2654],[77.3877,8.258],[77.3953,8.2526],[77.3643,8.2324],[77.3553,8.2334],[77.3532,8.2281],[77.3314,8.2402],[77.3256,8.2276],[77.3125,8.2257],[77.3098,8.2223],[77.3024,8.223],[77.288,8.2153],[77.2706,8.2132],[77.2723,8.231],[77.2771,8.2387],[77.2959,8.2461],[77.2962,8.2628],[77.2755,8.2886],[77.2533,8.3018],[77.2503,8.3069],[77.2489,8.3107],[77.2526,8.3204],[77.2466,8.3339],[77.2538,8.3428],[77.2471,8.3475],[77.2592,8.3549],[77.2567,8.3592],[77.262,8.3699],[77.2617,8.3998],[77.2685,8.399],[77.2756,8.4031],[77.286,8.4215],[77.2903,8.4209],[77.294,8.4286],[77.2972,8.4277],[77.3047,8.4342],[77.3047,8.4424],[77.3126,8.4584],[77.3042,8.4729],[77.3075,8.4868],[77.302,8.4927],[77.3024,8.4992],[77.3052,8.5038],[77.3036,8.5107],[77.3123,8.5202],[77.3146,8.5393],[77.3335,8.5415],[77.3341,8.5532]]]]}},{"type":"Feature","bbox":[77.1514,8.2688,77.3341,8.5794],"properties":{"kind":"ac","ac":233,"name":"Vilavancode","pc":"Kanniyakumari","mla":"T. T. Praveen","mla_party":"INC","mp":"Vijay Vasanth","mp_party":"INC"},"geometry":{"type":"Polygon","coordinates":[[[77.3341,8.5532],[77.3335,8.5415],[77.3146,8.5393],[77.3123,8.5202],[77.3036,8.5107],[77.3052,8.5038],[77.302,8.4927],[77.3075,8.4868],[77.3042,8.4729],[77.3126,8.4584],[77.3047,8.4424],[77.3047,8.4342],[77.2972,8.4277],[77.294,8.4286],[77.2903,8.4209],[77.286,8.4215],[77.2756,8.4031],[77.2685,8.399],[77.2617,8.3998],[77.2598,8.3957],[77.262,8.3699],[77.2567,8.3592],[77.2592,8.3549],[77.2471,8.3475],[77.2538,8.3428],[77.2466,8.3339],[77.2526,8.3204],[77.2489,8.3107],[77.2548,8.296],[77.2475,8.2819],[77.2482,8.2688],[77.2309,8.2696],[77.2189,8.2807],[77.2058,8.278],[77.2027,8.28],[77.1976,8.276],[77.1834,8.2779],[77.1826,8.2857],[77.1757,8.2938],[77.1771,8.3],[77.1882,8.3098],[77.1829,8.325],[77.1771,8.3261],[77.1682,8.3349],[77.1667,8.3427],[77.1747,8.3494],[77.1739,8.3586],[77.1679,8.3636],[77.166,8.3601],[77.1568,8.3599],[77.1521,8.3548],[77.1607,8.3741],[77.1597,8.381],[77.1517,8.381],[77.1514,8.3848],[77.1607,8.3899],[77.1682,8.3845],[77.1819,8.3962],[77.1826,8.4043],[77.1972,8.4199],[77.1964,8.4285],[77.2063,8.4446],[77.2274,8.4476],[77.2248,8.4615],[77.2135,8.4707],[77.211,8.492],[77.2016,8.4985],[77.2022,8.5018],[77.2107,8.5069],[77.214,8.5128],[77.2296,8.5092],[77.2394,8.4966],[77.2441,8.4976],[77.251,8.5055],[77.2619,8.5065],[77.2745,8.5376],[77.2837,8.547],[77.2741,8.5601],[77.275,8.5656],[77.2707,8.5714],[77.2696,8.5794],[77.2871,8.5669],[77.2887,8.5703],[77.3115,8.5593],[77.317,8.5607],[77.3341,8.5532]]]}},{"type":"Feature","bbox":[77.0978,8.1899,77.2727,8.3342],"properties":{"kind":"ac","ac":234,"name":"Killiyoor","pc":"Kanniyakumari","mla":"S. Rajeshkumar","mla_party":"INC","mp":"Vijay Vasanth","mp_party":"INC"},"geometry":{"type":"Polygon","coordinates":[[[77.1733,8.3194],[77.1802,8.3234],[77.1771,8.3261],[77.1824,8.3254],[77.1882,8.3098],[77.1771,8.3],[77.1757,8.2938],[77.1826,8.2857],[77.1832,8.278],[77.1976,8.276],[77.2027,8.28],[77.2058,8.278],[77.2189,8.2807],[77.2309,8.2696],[77.2462,8.2678],[77.2427,8.2662],[77.2484,8.2546],[77.242,8.2436],[77.2534,8.2307],[77.2586,8.2339],[77.2727,8.2308],[77.2703,8.2115],[77.239,8.2082],[77.2335,8.1951],[77.2269,8.1899],[77.2215,8.1975],[77.1862,8.2171],[77.1729,8.2336],[77.1522,8.2519],[77.0978,8.2925],[77.103,8.307],[77.1134,8.3048],[77.1165,8.3102],[77.1224,8.3094],[77.1239,8.3125],[77.1191,8.317],[77.119,8.3214],[77.1295,8.3222],[77.1288,8.3251],[77.1481,8.3322],[77.154,8.3276],[77.1685,8.3342],[77.1733,8.3194]]]}},{"type":"Feature","bbox":[80.0509,13.084,80.147,13.1691],"properties":{"kind":"town","ulb":"803323","name":"Avadi","wards":48},"geometry":{"type":"Polygon","coordinates":[[[80.0509,13.1124],[80.0522,13.1166],[80.0529,13.1244],[80.0551,13.1249],[80.0549,13.1285],[80.0563,13.1326],[80.0561,13.1454],[80.0542,13.1494],[80.0541,13.153],[80.064,13.1533],[80.0626,13.1542],[80.0617,13.1587],[80.0644,13.1641],[80.065,13.1677],[80.0684,13.1691],[80.0703,13.1683],[80.0736,13.1685],[80.0782,13.1668],[80.0822,13.1642],[80.0874,13.1629],[80.0876,13.1617],[80.0979,13.1564],[80.1094,13.1545],[80.1187,13.151],[80.1207,13.1509],[80.1276,13.1537],[80.1279,13.1544],[80.1309,13.155],[80.1335,13.1549],[80.1389,13.1528],[80.1374,13.1532],[80.1366,13.1525],[80.1361,13.1502],[80.1345,13.1519],[80.1343,13.1502],[80.1362,13.1492],[80.1363,13.1484],[80.138,13.1481],[80.1382,13.1469],[80.1402,13.1457],[80.1402,13.1446],[80.1434,13.1435],[80.1449,13.1354],[80.1465,13.1323],[80.147,13.1276],[80.143,13.1243],[80.143,13.121],[80.1416,13.1156],[80.1405,13.1155],[80.1388,13.1058],[80.134,13.1086],[80.1261,13.1104],[80.1245,13.1086],[80.1239,13.1049],[80.1237,13.1011],[80.125,13.0995],[80.1248,13.0968],[80.123,13.0881],[80.1216,13.0871],[80.1213,13.0876],[80.1162,13.0863],[80.1093,13.0861],[80.1087,13.084],[80.1042,13.0872],[80.1014,13.0926],[80.0966,13.0983],[80.0905,13.103],[80.0876,13.1025],[80.0826,13.0964],[80.0774,13.096],[80.0734,13.1016],[80.0641,13.103],[80.0581,13.1076],[80.0585,13.1095],[80.0567,13.1113],[80.0509,13.1124]]]}},{"type":"Feature","bbox":[80.1341,12.8521,80.3315,13.235],"properties":{"kind":"town","ulb":"803339","name":"Chennai","wards":200},"geometry":{"type":"Polygon","coordinates":[[[80.1341,13.0449],[80.1355,13.0488],[80.14,13.0481],[80.1418,13.0488],[80.142,13.0532],[80.1489,13.0536],[80.1498,13.0635],[80.1546,13.0613],[80.1547,13.0521],[80.1508,13.052],[80.1505,13.0509],[80.1494,13.0507],[80.1494,13.0495],[80.1531,13.0495],[80.1531,13.0484],[80.1494,13.0481],[80.1493,13.046],[80.1471,13.0457],[80.1455,13.0429],[80.1457,13.0404],[80.1483,13.0412],[80.1497,13.0396],[80.1501,13.0409],[80.1606,13.0411],[80.1612,13.0462],[80.162,13.0463],[80.1623,13.0477],[80.1619,13.0503],[80.1611,13.0506],[80.1611,13.0564],[80.1614,13.0635],[80.1629,13.0644],[80.1627,13.0671],[80.1617,13.0671],[80.1627,13.0706],[80.1617,13.0725],[80.1602,13.0728],[80.16,13.0788],[80.1609,13.0794],[80.1601,13.0804],[80.1536,13.0822],[80.1535,13.0829],[80.1508,13.0842],[80.1511,13.085],[80.1495,13.0864],[80.1456,13.087],[80.1453,13.0893],[80.1442,13.0899],[80.1442,13.0935],[80.1432,13.0953],[80.1399,13.098],[80.1397,13.1057],[80.1407,13.1086],[80.1414,13.1151],[80.1435,13.1217],[80.1431,13.124],[80.1473,13.1275],[80.1468,13.1327],[80.1449,13.1361],[80.145,13.1383],[80.1494,13.1379],[80.1504,13.1397],[80.1534,13.1414],[80.1592,13.1408],[80.1612,13.1399],[80.1629,13.1372],[80.1635,13.134],[80.1643,13.1338],[80.1663,13.1363],[80.1682,13.1412],[80.1696,13.1424],[80.1755,13.1388],[80.1771,13.1387],[80.1767,13.1439],[80.1748,13.1475],[80.1755,13.1486],[80.1778,13.1478],[80.1785,13.1507],[80.1799,13.149],[80.1832,13.1473],[80.1862,13.1491],[80.1867,13.1502],[80.1884,13.1502],[80.1925,13.1548],[80.1918,13.1614],[80.1933,13.1626],[80.194,13.1646],[80.19,13.1671],[80.1923,13.1749],[80.1931,13.1746],[80.194,13.1757],[80.1971,13.174],[80.1986,13.1743],[80.2004,13.1794],[80.2015,13.1785],[80.2012,13.1767],[80.2024,13.176],[80.2063,13.1744],[80.2101,13.175],[80.2107,13.1795],[80.2118,13.1803],[80.2131,13.1802],[80.2125,13.178],[80.214,13.1769],[80.217,13.1787],[80.2232,13.177],[80.2234,13.1801],[80.2197,13.1808],[80.2198,13.1821],[80.2215,13.1842],[80.2243,13.1854],[80.2276,13.1845],[80.2286,13.185],[80.2296,13.1842],[80.2313,13.1849],[80.2317,13.1894],[80.2303,13.1913],[80.2287,13.1976],[80.2385,13.1964],[80.2389,13.1994],[80.2492,13.1986],[80.2499,13.2056],[80.2505,13.206],[80.2557,13.2059],[80.2656,13.2035],[80.27,13.2036],[80.2724,13.2167],[80.2704,13.2204],[80.2673,13.2226],[80.2672,13.224],[80.2705,13.2248],[80.2734,13.2266],[80.2771,13.2263],[80.2839,13.2274],[80.2853,13.2265],[80.286,13.2245],[80.2891,13.221],[80.2938,13.2203],[80.2977,13.2172],[80.2985,13.2134],[80.3004,13.2127],[80.301,13.2109],[80.3062,13.2116],[80.3132,13.2201],[80.3178,13.2311],[80.3238,13.2324],[80.3273,13.235],[80.3314,13.2338],[80.3315,13.2323],[80.3253,13.2131],[80.311,13.1594],[80.3076,13.1491],[80.3033,13.1502],[80.2997,13.143],[80.2979,13.1367],[80.298,13.1346],[80.2973,13.1345],[80.2965,13.1319],[80.2984,13.1292],[80.2968,13.1245],[80.2993,13.1228],[80.3021,13.1168],[80.2976,13.1011],[80.2986,13.1],[80.3037,13.0982],[80.3041,13.0968],[80.2902,13.07],[80.2897,13.0666],[80.2859,13.0573],[80.2825,13.0574],[80.2766,13.0113],[80.2736,13.0022],[80.2719,13.002],[80.2712,13.0009],[80.2708,12.9976],[80.2721,12.9971],[80.2629,12.959],[80.2583,12.9323],[80.2491,12.8571],[80.2371,12.8591],[80.2321,12.8521],[80.2199,12.8525],[80.2199,12.8541],[80.2174,12.8549],[80.2132,12.8605],[80.208,12.875],[80.2106,12.8796],[80.2133,12.8918],[80.2139,12.9091],[80.1946,12.91],[80.1972,12.9173],[80.1976,12.9237],[80.1956,12.9244],[80.1949,12.9256],[80.1955,12.9304],[80.1943,12.9308],[80.1944,12.9315],[80.1956,12.9317],[80.1958,12.9337],[80.1925,12.9347],[80.1942,12.9366],[80.1957,12.9367],[80.197,12.939],[80.1993,12.9409],[80.2019,12.9511],[80.2015,12.9524],[80.1991,12.9535],[80.1952,12.9534],[80.1936,12.953],[80.1931,12.9516],[80.1923,12.952],[80.192,12.9539],[80.1903,12.9544],[80.1907,12.9562],[80.1918,12.9565],[80.1919,12.9573],[80.1876,12.9583],[80.1892,12.9595],[80.1907,12.9688],[80.1853,12.9698],[80.1841,12.9684],[80.1817,12.9681],[80.1764,12.971],[80.1772,12.9759],[80.1764,12.979],[80.1736,12.98],[80.167,12.9806],[80.1659,12.9801],[80.1669,12.9839],[80.1602,12.997],[80.1624,13.0015],[80.1638,13.0028],[80.1633,13.0061],[80.1588,13.0069],[80.1597,13.0102],[80.1615,13.0117],[80.1613,13.0145],[80.1585,13.0151],[80.1577,13.0137],[80.1558,13.013],[80.1517,13.0167],[80.149,13.0174],[80.1472,13.017],[80.147,13.0208],[80.1444,13.0214],[80.1451,13.0237],[80.145,13.0315],[80.1469,13.0317],[80.1475,13.0336],[80.1463,13.034],[80.1466,13.0362],[80.1458,13.0372],[80.1416,13.0385],[80.1415,13.0401],[80.1398,13.0412],[80.1396,13.0425],[80.1405,13.0454],[80.1341,13.0449]],[[80.2245,13.0257],[80.2291,13.0248],[80.2245,13.0197],[80.2255,13.0156],[80.2215,13.0122],[80.2282,13.0091],[80.2353,13.0077],[80.2354,13.0069],[80.238,13.0059],[80.2403,13.0069],[80.2411,13.0179],[80.239,13.0186],[80.2356,13.0168],[80.2379,13.0206],[80.2374,13.0214],[80.2387,13.0243],[80.2405,13.0264],[80.2392,13.0317],[80.2371,13.0311],[80.233,13.0267],[80.2312,13.0261],[80.2306,13.0305],[80.2259,13.0306],[80.2245,13.0257]],[[80.2169,13.0519],[80.2163,13.0514],[80.2169,13.0514],[80.2169,13.0519]],[[80.1772,12.9953],[80.1742,12.9913],[80.1783,12.989],[80.1792,12.9874],[80.1809,12.9872],[80.1852,12.9895],[80.1855,12.9938],[80.1898,12.9959],[80.1983,12.9971],[80.1986,12.9986],[80.2005,12.9987],[80.2005,13.0003],[80.2019,13.0011],[80.2025,13.0032],[80.202,13.0055],[80.2039,13.0066],[80.2038,13.0126],[80.198,13.0149],[80.2001,13.0283],[80.1969,13.0285],[80.1946,13.0274],[80.1931,13.0149],[80.1917,13.0144],[80.1895,13.0094],[80.1837,13.0071],[80.1761,12.9997],[80.1772,12.9953]],[[80.1934,13.1727],[80.1929,13.1734],[80.193,13.1727],[80.1934,13.1727]],[[80.1768,13.0778],[80.1771,13.0784],[80.1767,13.0783],[80.1768,13.0778]]]}},{"type":"Feature","bbox":[80.0682,12.8248,80.0763,12.8349],"properties":{"kind":"town","ulb":"803361","name":"Nandivaram Guduvancheri","wards":1},"geometry":{"type":"Polygon","coordinates":[[[80.0682,12.827],[80.0704,12.8278],[80.0702,12.829],[80.0727,12.8304],[80.0696,12.8331],[80.0734,12.8349],[80.0749,12.8344],[80.0763,12.8299],[80.0753,12.8275],[80.0689,12.8248],[80.0682,12.827]]]}},{"type":"Feature","bbox":[79.6609,12.7855,79.7671,12.8549],"properties":{"kind":"town","ulb":"803365","name":"Kancheepuram","wards":51},"geometry":{"type":"Polygon","coordinates":[[[79.6609,12.8022],[79.6612,12.8086],[79.6648,12.8117],[79.667,12.818],[79.6695,12.8183],[79.679,12.8224],[79.6823,12.8221],[79.6847,12.8252],[79.6879,12.8252],[79.6891,12.8242],[79.6902,12.8244],[79.6903,12.8256],[79.6894,12.8264],[79.691,12.8286],[79.6839,12.8337],[79.6828,12.8358],[79.6839,12.8384],[79.6855,12.8385],[79.6866,12.8395],[79.6894,12.8471],[79.689,12.8491],[79.6898,12.8494],[79.6893,12.852],[79.688,12.8535],[79.6884,12.8549],[79.701,12.8493],[79.7026,12.8473],[79.7039,12.8469],[79.7068,12.8475],[79.7111,12.8458],[79.712,12.8446],[79.7129,12.8369],[79.7153,12.8347],[79.7131,12.8301],[79.7148,12.829],[79.7164,12.8314],[79.7188,12.8322],[79.7196,12.8336],[79.731,12.8305],[79.7322,12.8364],[79.7345,12.8368],[79.7411,12.8362],[79.7561,12.8321],[79.7569,12.831],[79.7636,12.8276],[79.7671,12.8269],[79.7663,12.8242],[79.7638,12.8244],[79.7599,12.8171],[79.7584,12.8169],[79.7587,12.8156],[79.7601,12.8149],[79.7597,12.8125],[79.754,12.8143],[79.7528,12.8153],[79.7519,12.814],[79.7504,12.8142],[79.7514,12.8108],[79.7445,12.8096],[79.7443,12.8077],[79.7461,12.8074],[79.7467,12.8061],[79.7501,12.8037],[79.7518,12.8007],[79.7514,12.7971],[79.7545,12.7953],[79.7538,12.7939],[79.754,12.7897],[79.7525,12.7855],[79.74,12.7903],[79.7301,12.793],[79.7213,12.7945],[79.7152,12.7936],[79.7157,12.7889],[79.712,12.7872],[79.7083,12.7868],[79.706,12.7882],[79.7032,12.7881],[79.7041,12.7916],[79.7032,12.7933],[79.6997,12.7956],[79.6952,12.7968],[79.6936,12.7994],[79.671,12.7999],[79.6609,12.8022]]]}},{"type":"Feature","bbox":[78.8534,12.9358,78.8934,12.9583],"properties":{"kind":"town","ulb":"803375","name":"Gudiyatham","wards":36},"geometry":{"type":"Polygon","coordinates":[[[78.8534,12.9457],[78.8546,12.9469],[78.8603,12.943],[78.8626,12.9429],[78.8554,12.9484],[78.8574,12.9501],[78.8586,12.9486],[78.8594,12.9493],[78.8631,12.9496],[78.8638,12.9534],[78.8667,12.9558],[78.867,12.9583],[78.8727,12.9542],[78.8736,12.9511],[78.8762,12.9508],[78.8764,12.9494],[78.8787,12.9511],[78.8811,12.951],[78.8818,12.9544],[78.8829,12.9535],[78.8842,12.9541],[78.8847,12.9521],[78.8862,12.9518],[78.8841,12.9514],[78.8845,12.9491],[78.8779,12.9478],[78.8773,12.9473],[78.8774,12.945],[78.8793,12.9443],[78.8797,12.946],[78.8827,12.9468],[78.8857,12.9445],[78.8909,12.9433],[78.8917,12.941],[78.8934,12.9405],[78.8908,12.939],[78.8904,12.937],[78.8862,12.936],[78.8809,12.9381],[78.8801,12.9403],[78.8742,12.9393],[78.8694,12.9412],[78.87,12.9398],[78.8712,12.9394],[78.8712,12.9378],[78.8667,12.9391],[78.8662,12.937],[78.8645,12.9373],[78.863,12.9358],[78.8614,12.9369],[78.8586,12.9371],[78.8561,12.941],[78.8541,12.9426],[78.8534,12.9457]],[[78.8629,12.9434],[78.8666,12.9424],[78.8658,12.9432],[78.8629,12.9434]]]}},{"type":"Feature","bbox":[78.6978,12.9248,78.7251,12.9499],"properties":{"kind":"town","ulb":"803376","name":"Pernambut","wards":18},"geometry":{"type":"MultiPolygon","coordinates":[[[[78.6982,12.9325],[78.6978,12.9354],[78.6987,12.9362],[78.7017,12.9355],[78.7065,12.9366],[78.7082,12.9324],[78.6982,12.9325]]],[[[78.7085,12.9301],[78.7093,12.9324],[78.7113,12.9349],[78.7134,12.936],[78.7158,12.9393],[78.7107,12.9445],[78.7125,12.9475],[78.7145,12.949],[78.7165,12.9499],[78.7183,12.9498],[78.7191,12.9482],[78.7209,12.948],[78.7218,12.946],[78.7237,12.9454],[78.7215,12.9402],[78.7233,12.9359],[78.7181,12.9365],[78.7173,12.9344],[78.7241,12.9329],[78.7222,12.9307],[78.725,12.9276],[78.7251,12.9265],[78.722,12.9263],[78.7209,12.925],[78.7151,12.9248],[78.7126,12.9255],[78.7119,12.9269],[78.7122,12.9282],[78.7089,12.9279],[78.7085,12.9301]]]]}},{"type":"Feature","bbox":[79.4098,13.0889,79.4377,13.1358],"properties":{"kind":"town","ulb":"803382","name":"Sholinghur","wards":27},"geometry":{"type":"Polygon","coordinates":[[[79.4098,13.1158],[79.4113,13.1164],[79.4115,13.1176],[79.4142,13.1195],[79.4211,13.1208],[79.4235,13.1227],[79.424,13.1351],[79.4271,13.1358],[79.4316,13.1356],[79.4335,13.1333],[79.4372,13.1248],[79.4377,13.1203],[79.4376,13.1192],[79.4319,13.1193],[79.4284,13.1175],[79.4334,13.1093],[79.4336,13.1037],[79.4352,13.1035],[79.4362,13.1025],[79.4365,13.0946],[79.4325,13.0899],[79.4269,13.0889],[79.4244,13.0897],[79.4216,13.0956],[79.4244,13.0987],[79.4184,13.1063],[79.4187,13.11],[79.4185,13.1115],[79.4176,13.1115],[79.4171,13.1163],[79.4163,13.1163],[79.4162,13.115],[79.4151,13.1143],[79.4098,13.1158]],[[79.4196,13.1158],[79.4187,13.1152],[79.4206,13.1145],[79.4237,13.1148],[79.4196,13.1158]]]}},{"type":"Feature","bbox":[79.3512,12.9173,79.376,12.9354],"properties":{"kind":"town","ulb":"803384","name":"Walajapet","wards":24},"geometry":{"type":"Polygon","coordinates":[[[79.3512,12.9259],[79.3522,12.9271],[79.3523,12.9306],[79.353,12.929],[79.3537,12.9289],[79.3541,12.9272],[79.3559,12.9264],[79.357,12.927],[79.3567,12.929],[79.3581,12.929],[79.3583,12.9306],[79.3608,12.9331],[79.3612,12.9347],[79.3661,12.9345],[79.3674,12.9354],[79.3677,12.9342],[79.3695,12.9331],[79.3697,12.9314],[79.3723,12.9297],[79.3726,12.9288],[79.3741,12.9286],[79.374,12.9275],[79.376,12.9257],[79.3755,12.9226],[79.376,12.9221],[79.3716,12.9228],[79.3698,12.9216],[79.3659,12.9208],[79.3653,12.9173],[79.36,12.9206],[79.3565,12.9214],[79.3558,12.9222],[79.3566,12.9243],[79.3561,12.9255],[79.3512,12.9259]]]}},{"type":"Feature","bbox":[79.3139,12.9136,79.3502,12.9471],"properties":{"kind":"town","ulb":"803385","name":"Ranipet","wards":30},"geometry":{"type":"Polygon","coordinates":[[[79.3139,12.9372],[79.3143,12.9408],[79.316,12.9417],[79.316,12.9462],[79.3181,12.9471],[79.3201,12.9459],[79.3224,12.9412],[79.3253,12.9427],[79.3281,12.9428],[79.3291,12.9419],[79.3291,12.9391],[79.3301,12.9374],[79.3333,12.9362],[79.3337,12.9372],[79.3347,12.9373],[79.3348,12.9361],[79.338,12.9328],[79.3402,12.9338],[79.3414,12.9355],[79.3403,12.9364],[79.3405,12.9397],[79.3416,12.9397],[79.3435,12.9423],[79.3452,12.9421],[79.3471,12.9407],[79.3465,12.9376],[79.3502,12.9368],[79.3486,12.9273],[79.3495,12.9269],[79.3431,12.9182],[79.3423,12.9136],[79.3316,12.9171],[79.3315,12.9178],[79.3208,12.9217],[79.3229,12.9241],[79.3237,12.9308],[79.3194,12.9321],[79.3145,12.9352],[79.3139,12.9372]]]}},{"type":"Feature","bbox":[79.2668,12.8951,79.2992,12.9325],"properties":{"kind":"town","ulb":"803386","name":"Melvisharam","wards":21},"geometry":{"type":"Polygon","coordinates":[[[79.2668,12.9211],[79.2674,12.924],[79.2706,12.9298],[79.2774,12.9325],[79.2781,12.9307],[79.2802,12.9291],[79.2919,12.9261],[79.2897,12.9199],[79.2992,12.9192],[79.2991,12.9147],[79.2959,12.9055],[79.2972,12.9039],[79.297,12.9022],[79.295,12.902],[79.294,12.8977],[79.2925,12.8973],[79.2924,12.8963],[79.2893,12.8957],[79.2796,12.8963],[79.2792,12.8951],[79.2706,12.8965],[79.2721,12.9031],[79.2732,12.9032],[79.2745,12.9093],[79.2733,12.9101],[79.2733,12.9116],[79.2747,12.9143],[79.2772,12.9155],[79.2752,12.9181],[79.2712,12.9203],[79.2668,12.9211]]]}},{"type":"Feature","bbox":[79.6495,13.0686,79.6943,13.1012],"properties":{"kind":"town","ulb":"803387","name":"Arakkonam","wards":36},"geometry":{"type":"Polygon","coordinates":[[[79.6495,13.0865],[79.6505,13.0912],[79.6539,13.0985],[79.6569,13.0979],[79.6625,13.1001],[79.6648,13.1001],[79.665,13.1012],[79.6678,13.1009],[79.6677,13.0992],[79.6716,13.0974],[79.6866,13.0951],[79.6857,13.0907],[79.6878,13.0898],[79.6871,13.0869],[79.6917,13.0868],[79.6915,13.0839],[79.6943,13.0839],[79.6937,13.0761],[79.6914,13.0747],[79.6897,13.0748],[79.6895,13.0767],[79.6871,13.0769],[79.686,13.0742],[79.6826,13.0741],[79.6822,13.0734],[79.6784,13.0728],[79.6783,13.0706],[79.6712,13.0705],[79.6707,13.0686],[79.6695,13.0693],[79.6694,13.0703],[79.6678,13.0702],[79.6672,13.0693],[79.6651,13.0703],[79.665,13.0713],[79.6612,13.0702],[79.6586,13.073],[79.6562,13.0725],[79.6566,13.0757],[79.6547,13.0776],[79.655,13.0831],[79.654,13.0859],[79.6495,13.0865]]]}},{"type":"Feature","bbox":[79.2998,12.8913,79.3425,12.9154],"properties":{"kind":"town","ulb":"803392","name":"Arcot","wards":30},"geometry":{"type":"Polygon","coordinates":[[[79.2998,12.901],[79.3004,12.9022],[79.3055,12.9037],[79.3036,12.9047],[79.3036,12.9055],[79.3078,12.9046],[79.308,12.9085],[79.3108,12.9098],[79.3142,12.9098],[79.3155,12.9125],[79.3164,12.9126],[79.3148,12.9142],[79.3126,12.9146],[79.3129,12.9154],[79.3209,12.9148],[79.3232,12.914],[79.3258,12.9145],[79.3284,12.9131],[79.3289,12.9115],[79.3349,12.9092],[79.3425,12.9049],[79.3421,12.9039],[79.3391,12.9031],[79.338,12.9019],[79.3379,12.9005],[79.3389,12.8996],[79.3396,12.8966],[79.3387,12.8913],[79.3306,12.8938],[79.3276,12.8935],[79.3279,12.8952],[79.3272,12.8958],[79.328,12.8969],[79.3271,12.8976],[79.3252,12.8964],[79.3212,12.8959],[79.3206,12.8972],[79.3169,12.896],[79.3171,12.8976],[79.3158,12.8982],[79.315,12.897],[79.3122,12.8975],[79.3124,12.9001],[79.3088,12.9004],[79.3063,12.8986],[79.3024,12.8979],[79.3009,12.8987],[79.301,12.9],[79.3021,12.9],[79.3022,12.9008],[79.2998,12.901]]]}},{"type":"Feature","bbox":[79.1061,12.9162,79.193,12.996],"properties":{"kind":"town","ulb":"803398","name":"Vellore (M.Cop)","wards":25},"geometry":{"type":"MultiPolygon","coordinates":[[[[79.133,12.9236],[79.1334,12.926],[79.1385,12.9267],[79.1381,12.9275],[79.1335,12.9271],[79.1342,12.9294],[79.1389,12.9322],[79.1413,12.9311],[79.1417,12.9293],[79.1403,12.9289],[79.1401,12.9264],[79.142,12.927],[79.1424,12.9264],[79.1431,12.9219],[79.1392,12.9211],[79.1377,12.9166],[79.1327,12.9162],[79.1312,12.9238],[79.133,12.9236]],[[79.1401,12.9235],[79.1404,12.923],[79.1405,12.9234],[79.1401,12.9235]],[[79.1394,12.9256],[79.1387,12.9254],[79.1392,12.9241],[79.1398,12.9245],[79.1394,12.9256]]],[[[79.1513,12.9343],[79.1611,12.9368],[79.1607,12.9287],[79.1538,12.9277],[79.1513,12.9343]]],[[[79.143,12.9374],[79.1469,12.9383],[79.148,12.9362],[79.149,12.9363],[79.1502,12.9334],[79.1473,12.9294],[79.1461,12.9292],[79.145,12.9302],[79.1432,12.9336],[79.143,12.9374]]],[[[79.1618,12.9351],[79.1624,12.9355],[79.1621,12.9371],[79.1803,12.9413],[79.1817,12.927],[79.1772,12.9367],[79.1735,12.9376],[79.1732,12.9346],[79.169,12.9325],[79.1674,12.9343],[79.1659,12.9326],[79.1658,12.9343],[79.1626,12.9325],[79.1618,12.9351]]],[[[79.1869,12.9454],[79.1921,12.9443],[79.193,12.9396],[79.1835,12.938],[79.183,12.9419],[79.1813,12.9419],[79.1805,12.9442],[79.1869,12.9454]]],[[[79.1149,12.9724],[79.1172,12.975],[79.1269,12.9738],[79.1277,12.9787],[79.1299,12.9786],[79.1303,12.9792],[79.1313,12.9854],[79.1309,12.9926],[79.1326,12.9947],[79.1358,12.9952],[79.139,12.9942],[79.1441,12.996],[79.1475,12.9933],[79.1511,12.9942],[79.1534,12.9937],[79.1597,12.9947],[79.161,12.9787],[79.1607,12.9738],[79.1618,12.9661],[79.1609,12.9648],[79.1626,12.964],[79.1627,12.9629],[79.1593,12.9574],[79.1597,12.9562],[79.1614,12.9567],[79.162,12.956],[79.1565,12.9507],[79.1554,12.9507],[79.1551,12.9516],[79.1533,12.951],[79.1539,12.9478],[79.1527,12.9465],[79.1492,12.945],[79.1488,12.9458],[79.1471,12.9462],[79.1386,12.9416],[79.1192,12.9386],[79.1187,12.9436],[79.1193,12.9539],[79.1176,12.9565],[79.1161,12.9571],[79.1061,12.9721],[79.1149,12.9724]]]]}},{"type":"Feature","bbox":[78.5859,12.6591,78.6388,12.6961],"properties":{"kind":"town","ulb":"803404","name":"Vaniyambadi","wards":36},"geometry":{"type":"Polygon","coordinates":[[[78.5859,12.6751],[78.5883,12.6747],[78.5902,12.6787],[78.5918,12.6793],[78.5956,12.6799],[78.5989,12.6783],[78.6007,12.6788],[78.6035,12.6817],[78.606,12.6882],[78.6123,12.6877],[78.6146,12.6893],[78.6182,12.6903],[78.6233,12.6934],[78.6259,12.6961],[78.6274,12.6957],[78.6281,12.6943],[78.6271,12.6894],[78.6314,12.6883],[78.6271,12.685],[78.6279,12.6833],[78.6291,12.6828],[78.6302,12.68],[78.6312,12.6817],[78.6341,12.6807],[78.6348,12.6819],[78.6375,12.6779],[78.6388,12.6773],[78.6383,12.6766],[78.6388,12.6749],[78.6378,12.676],[78.635,12.6758],[78.6344,12.6725],[78.6335,12.6719],[78.6312,12.6714],[78.6298,12.6733],[78.6283,12.6728],[78.6284,12.6712],[78.6302,12.6707],[78.6289,12.6665],[78.6237,12.6682],[78.6235,12.6691],[78.6223,12.6682],[78.6223,12.6696],[78.616,12.6686],[78.6156,12.6651],[78.6177,12.6646],[78.6169,12.6641],[78.6163,12.6591],[78.6142,12.6596],[78.6128,12.6625],[78.6107,12.6631],[78.6102,12.665],[78.6079,12.6666],[78.6075,12.6699],[78.6053,12.6699],[78.6069,12.6724],[78.6064,12.6736],[78.594,12.6686],[78.5941,12.6699],[78.5906,12.6709],[78.5898,12.6688],[78.5875,12.6697],[78.5859,12.6751]]]}},{"type":"Feature","bbox":[78.6995,12.7515,78.7437,12.8101],"properties":{"kind":"town","ulb":"803406","name":"Ambur","wards":35},"geometry":{"type":"Polygon","coordinates":[[[78.6995,12.7748],[78.707,12.7829],[78.7099,12.7904],[78.7099,12.7981],[78.7118,12.8016],[78.7157,12.8022],[78.7208,12.8045],[78.7224,12.8039],[78.7224,12.8026],[78.7245,12.8034],[78.7277,12.8057],[78.7288,12.8095],[78.7301,12.8095],[78.7305,12.8082],[78.7322,12.8076],[78.7348,12.8082],[78.736,12.8075],[78.7415,12.8101],[78.7406,12.8089],[78.7403,12.8024],[78.7409,12.8008],[78.7423,12.7998],[78.7435,12.795],[78.7422,12.794],[78.7397,12.7865],[78.741,12.784],[78.7383,12.7834],[78.7394,12.779],[78.7369,12.779],[78.7338,12.7756],[78.7375,12.7745],[78.7383,12.7729],[78.7434,12.7747],[78.7437,12.7733],[78.7391,12.7719],[78.7411,12.7692],[78.7405,12.7659],[78.7421,12.7652],[78.741,12.7648],[78.7383,12.7615],[78.7376,12.7616],[78.737,12.7604],[78.7376,12.7598],[78.7356,12.757],[78.7319,12.7543],[78.7307,12.7515],[78.7275,12.7533],[78.7286,12.7548],[78.7213,12.7581],[78.7212,12.7641],[78.7183,12.7642],[78.7097,12.7667],[78.7087,12.7681],[78.7049,12.7687],[78.7029,12.768],[78.7019,12.7697],[78.7024,12.7725],[78.7008,12.7723],[78.6995,12.7748]],[[78.7276,12.7871],[78.7266,12.7857],[78.7277,12.7851],[78.7276,12.7838],[78.7317,12.7805],[78.736,12.7804],[78.7364,12.7825],[78.7374,12.7834],[78.7319,12.786],[78.7301,12.7879],[78.7294,12.787],[78.7276,12.7871]]]}},{"type":"Feature","bbox":[78.5482,12.5489,78.6075,12.5878],"properties":{"kind":"town","ulb":"803409","name":"Jolarpet","wards":18},"geometry":{"type":"Polygon","coordinates":[[[78.5482,12.5761],[78.5518,12.5832],[78.5603,12.5818],[78.5624,12.5835],[78.5661,12.583],[78.5654,12.5783],[78.5662,12.5774],[78.5683,12.5775],[78.5679,12.5851],[78.5703,12.5862],[78.5712,12.5856],[78.5736,12.586],[78.5762,12.5878],[78.5778,12.5875],[78.5778,12.5856],[78.5805,12.5846],[78.5808,12.5839],[78.5847,12.5827],[78.5902,12.5825],[78.5937,12.5813],[78.5971,12.5777],[78.5991,12.577],[78.6075,12.5775],[78.6032,12.5625],[78.5972,12.5634],[78.5941,12.5628],[78.5888,12.566],[78.5867,12.5578],[78.5848,12.5585],[78.5833,12.5579],[78.58,12.5608],[78.5786,12.5602],[78.5779,12.552],[78.5766,12.5521],[78.574,12.5489],[78.5733,12.549],[78.575,12.5506],[78.5762,12.5536],[78.5702,12.5555],[78.5708,12.5631],[78.5691,12.5659],[78.5628,12.5665],[78.5615,12.5637],[78.56,12.565],[78.5571,12.5652],[78.5574,12.5671],[78.5529,12.5688],[78.5533,12.5714],[78.5491,12.5729],[78.5503,12.5752],[78.5482,12.5761]]]}},{"type":"Feature","bbox":[78.5475,12.4736,78.5927,12.5064],"properties":{"kind":"town","ulb":"803410","name":"Tirupathur","wards":36},"geometry":{"type":"Polygon","coordinates":[[[78.5475,12.4854],[78.5489,12.4878],[78.5506,12.4978],[78.5558,12.4963],[78.5547,12.4974],[78.5553,12.4999],[78.5572,12.5003],[78.5575,12.5025],[78.5592,12.5019],[78.5598,12.5032],[78.5624,12.5011],[78.5642,12.5047],[78.5653,12.5038],[78.5683,12.5057],[78.5727,12.5056],[78.5737,12.5039],[78.577,12.5064],[78.5789,12.5049],[78.579,12.5023],[78.5754,12.5017],[78.5729,12.4988],[78.5699,12.4983],[78.5714,12.4977],[78.5716,12.4965],[78.5748,12.4935],[78.5799,12.4931],[78.5848,12.4906],[78.5844,12.4922],[78.5849,12.4919],[78.5859,12.4931],[78.5927,12.4925],[78.5912,12.484],[78.5847,12.4861],[78.5831,12.4838],[78.579,12.482],[78.5777,12.4798],[78.5779,12.4781],[78.5753,12.479],[78.5737,12.4784],[78.5738,12.4748],[78.5724,12.4736],[78.5689,12.4742],[78.5661,12.4758],[78.5662,12.4794],[78.5619,12.4831],[78.5606,12.4834],[78.56,12.4809],[78.558,12.4826],[78.5562,12.4829],[78.5545,12.4812],[78.5526,12.4825],[78.5526,12.4834],[78.5475,12.4854]]]}},{"type":"Feature","bbox":[79.26,12.6443,79.2981,12.683],"properties":{"kind":"town","ulb":"803412","name":"Aarani","wards":33},"geometry":{"type":"Polygon","coordinates":[[[79.26,12.6679],[79.2619,12.6723],[79.2627,12.6726],[79.2635,12.6714],[79.2646,12.6711],[79.2646,12.6698],[79.2659,12.6695],[79.266,12.6678],[79.2648,12.6669],[79.2672,12.6672],[79.2675,12.6694],[79.2671,12.6706],[79.2656,12.671],[79.2658,12.6735],[79.2623,12.6761],[79.2631,12.6778],[79.2697,12.6766],[79.2754,12.6798],[79.2792,12.6782],[79.2832,12.6785],[79.2872,12.6814],[79.293,12.683],[79.2981,12.6758],[79.2977,12.6746],[79.2941,12.6769],[79.2925,12.6771],[79.2888,12.6724],[79.2886,12.6701],[79.2903,12.669],[79.2938,12.67],[79.2957,12.6687],[79.2929,12.6617],[79.2951,12.6593],[79.2951,12.6578],[79.2942,12.6568],[79.2943,12.6554],[79.2911,12.6535],[79.2903,12.6501],[79.2887,12.65],[79.2854,12.6447],[79.2833,12.6449],[79.2829,12.6443],[79.2801,12.6451],[79.2793,12.6458],[79.2785,12.6493],[79.2717,12.6524],[79.272,12.6544],[79.2675,12.6557],[79.2687,12.6585],[79.2704,12.6601],[79.2692,12.6611],[79.2693,12.6624],[79.2673,12.6627],[79.2676,12.6655],[79.2603,12.666],[79.26,12.6679]]]}},{"type":"Feature","bbox":[79.5294,12.6448,79.5536,12.6792],"properties":{"kind":"town","ulb":"803413","name":"Thiruvathipuram","wards":27},"geometry":{"type":"Polygon","coordinates":[[[79.5294,12.6743],[79.5307,12.6774],[79.5304,12.6784],[79.5357,12.6792],[79.5385,12.6713],[79.5397,12.6715],[79.5405,12.6696],[79.5434,12.6699],[79.5447,12.6691],[79.5468,12.666],[79.5467,12.6644],[79.5493,12.6657],[79.5512,12.6653],[79.5518,12.6636],[79.5494,12.6587],[79.5536,12.6558],[79.5512,12.6448],[79.5455,12.6456],[79.5393,12.648],[79.5374,12.6514],[79.5348,12.6537],[79.531,12.6554],[79.5317,12.6569],[79.5309,12.6584],[79.5324,12.6594],[79.5331,12.6627],[79.5324,12.6677],[79.5346,12.6692],[79.5355,12.6721],[79.5328,12.6741],[79.5294,12.6743]]]}},{"type":"Feature","bbox":[79.4032,12.5514,79.4522,12.5963],"properties":{"kind":"town","ulb":"803414","name":"Peranamallur","wards":12},"geometry":{"type":"Polygon","coordinates":[[[79.4032,12.5951],[79.4065,12.596],[79.4087,12.592],[79.4097,12.5916],[79.4124,12.5956],[79.4156,12.5955],[79.4176,12.5963],[79.4182,12.5942],[79.4202,12.5919],[79.4197,12.5891],[79.423,12.5879],[79.4248,12.5861],[79.4266,12.5857],[79.4278,12.5869],[79.4322,12.5874],[79.4329,12.586],[79.4348,12.5852],[79.4351,12.5841],[79.4377,12.5836],[79.4405,12.5841],[79.4419,12.5826],[79.4456,12.5823],[79.4465,12.5835],[79.4493,12.5842],[79.4522,12.5817],[79.4505,12.5801],[79.4484,12.5798],[79.447,12.5783],[79.4472,12.574],[79.4482,12.5724],[79.4473,12.5688],[79.4452,12.5686],[79.4442,12.5656],[79.4376,12.5639],[79.439,12.5619],[79.4381,12.5603],[79.439,12.5575],[79.4373,12.5514],[79.4343,12.5515],[79.4314,12.5532],[79.4312,12.5548],[79.4252,12.5566],[79.4215,12.5549],[79.4167,12.5593],[79.4166,12.5615],[79.4181,12.5636],[79.4179,12.5691],[79.4174,12.5702],[79.4127,12.5719],[79.4142,12.5738],[79.4152,12.5723],[79.4183,12.5727],[79.421,12.5786],[79.4183,12.5828],[79.4185,12.5849],[79.4196,12.5867],[79.4188,12.5889],[79.4146,12.5901],[79.4137,12.5871],[79.4105,12.5876],[79.4092,12.5894],[79.4067,12.5907],[79.4051,12.5911],[79.4042,12.5901],[79.4032,12.5951]]]}},{"type":"Feature","bbox":[79.5857,12.4869,79.6167,12.515],"properties":{"kind":"town","ulb":"803415","name":"Vandavasi","wards":24},"geometry":{"type":"Polygon","coordinates":[[[79.5857,12.5055],[79.5884,12.5072],[79.5901,12.5099],[79.5953,12.5109],[79.5963,12.5128],[79.5978,12.512],[79.5984,12.515],[79.6019,12.512],[79.6071,12.5113],[79.6082,12.51],[79.6093,12.5102],[79.6167,12.507],[79.6161,12.5057],[79.6153,12.5057],[79.6152,12.5042],[79.613,12.5043],[79.6116,12.497],[79.6127,12.4941],[79.6125,12.4884],[79.6112,12.4869],[79.6064,12.4895],[79.604,12.4877],[79.599,12.4889],[79.5968,12.4883],[79.5943,12.4889],[79.5956,12.4936],[79.5972,12.4937],[79.5976,12.4967],[79.5969,12.5002],[79.596,12.5018],[79.594,12.5028],[79.5939,12.5041],[79.587,12.504],[79.5857,12.5055]]]}},{"type":"Feature","bbox":[79.0403,12.2109,79.0916,12.2499],"properties":{"kind":"town","ulb":"803422","name":"Tiruvannamalai","wards":37},"geometry":{"type":"Polygon","coordinates":[[[79.0403,12.2202],[79.0403,12.2218],[79.0427,12.2255],[79.0443,12.2266],[79.0472,12.2255],[79.0542,12.2251],[79.0583,12.2257],[79.0626,12.2285],[79.0642,12.2354],[79.0662,12.2367],[79.0696,12.2435],[79.0664,12.2476],[79.0672,12.2482],[79.0702,12.2486],[79.0717,12.2495],[79.0728,12.242],[79.0732,12.241],[79.0747,12.2408],[79.0772,12.2411],[79.0769,12.2481],[79.078,12.2499],[79.0814,12.2489],[79.0818,12.2418],[79.0854,12.2402],[79.0864,12.2379],[79.0895,12.237],[79.0894,12.2358],[79.0884,12.2359],[79.0867,12.2345],[79.0794,12.2341],[79.0845,12.2269],[79.0811,12.2262],[79.0811,12.228],[79.0788,12.2287],[79.0785,12.2258],[79.081,12.226],[79.0813,12.2243],[79.0851,12.2249],[79.0847,12.2266],[79.0879,12.2269],[79.0881,12.2248],[79.0916,12.2237],[79.0893,12.2212],[79.0841,12.2188],[79.0819,12.2134],[79.0805,12.2137],[79.0807,12.2127],[79.0789,12.2124],[79.0741,12.2158],[79.0722,12.2182],[79.0701,12.2139],[79.07,12.2116],[79.0678,12.212],[79.0659,12.2134],[79.0631,12.2124],[79.0623,12.211],[79.0606,12.2109],[79.0544,12.2128],[79.0561,12.215],[79.0527,12.2167],[79.0541,12.2174],[79.051,12.2192],[79.0424,12.2192],[79.0403,12.2202]]]}},{"type":"Feature","bbox":[79.6129,12.2067,79.6717,12.2693],"properties":{"kind":"town","ulb":"803427","name":"Tindivanam","wards":33},"geometry":{"type":"Polygon","coordinates":[[[79.6129,12.223],[79.6175,12.2235],[79.6195,12.2246],[79.6208,12.2328],[79.6269,12.2337],[79.6266,12.2351],[79.6258,12.2353],[79.6261,12.2366],[79.63,12.2357],[79.6306,12.2376],[79.6323,12.2381],[79.6326,12.2422],[79.6332,12.2425],[79.6311,12.246],[79.6315,12.2511],[79.6327,12.2538],[79.6343,12.2536],[79.6355,12.2554],[79.6376,12.2556],[79.6393,12.2573],[79.6412,12.2642],[79.6405,12.2649],[79.6405,12.2668],[79.6414,12.2693],[79.6447,12.2677],[79.6516,12.2667],[79.6557,12.2639],[79.6557,12.2628],[79.6568,12.2626],[79.6567,12.2609],[79.6631,12.2604],[79.6618,12.2566],[79.6604,12.2554],[79.6612,12.2535],[79.6606,12.2516],[79.6621,12.2512],[79.661,12.2481],[79.6644,12.2449],[79.6639,12.2438],[79.6679,12.2406],[79.6691,12.2404],[79.669,12.2293],[79.6717,12.2283],[79.6701,12.2244],[79.6681,12.2243],[79.6666,12.2194],[79.6641,12.2197],[79.6637,12.2183],[79.6643,12.2174],[79.6633,12.2149],[79.6618,12.2156],[79.6611,12.2137],[79.6591,12.2143],[79.6579,12.2127],[79.6578,12.2067],[79.6479,12.2084],[79.6436,12.2079],[79.6427,12.2086],[79.6426,12.2106],[79.6394,12.2118],[79.6388,12.211],[79.6345,12.2131],[79.6342,12.2136],[79.6369,12.2161],[79.6338,12.2205],[79.6323,12.2211],[79.6332,12.2233],[79.6326,12.2238],[79.632,12.2231],[79.6281,12.2235],[79.6265,12.2218],[79.6231,12.2209],[79.6212,12.2214],[79.6203,12.2202],[79.6177,12.2211],[79.613,12.2213],[79.6129,12.223]]]}},{"type":"Feature","bbox":[79.4496,11.9016,79.5448,11.9598],"properties":{"kind":"town","ulb":"803431","name":"Viluppuram","wards":42},"geometry":{"type":"Polygon","coordinates":[[[79.4496,11.9316],[79.453,11.9315],[79.4549,11.9334],[79.4613,11.9358],[79.47,11.9366],[79.4736,11.9378],[79.4728,11.9418],[79.4711,11.9441],[79.4713,11.9483],[79.4688,11.9498],[79.4679,11.9553],[79.4722,11.957],[79.4731,11.956],[79.4934,11.9556],[79.4955,11.9587],[79.5005,11.9582],[79.5018,11.9596],[79.514,11.9598],[79.5154,11.9564],[79.5173,11.9548],[79.5172,11.9491],[79.5196,11.9503],[79.5239,11.9508],[79.5329,11.9496],[79.5355,11.9482],[79.5342,11.9435],[79.5327,11.9427],[79.5273,11.9434],[79.5257,11.9425],[79.5244,11.9362],[79.5268,11.9343],[79.5267,11.9331],[79.5317,11.9323],[79.5307,11.9237],[79.5317,11.9201],[79.5421,11.9188],[79.5419,11.9165],[79.5447,11.9146],[79.5448,11.9114],[79.5429,11.9083],[79.5304,11.9118],[79.5191,11.9114],[79.5129,11.9128],[79.5121,11.912],[79.503,11.9112],[79.502,11.9141],[79.4994,11.9146],[79.499,11.9129],[79.5001,11.9121],[79.5003,11.9104],[79.4958,11.9016],[79.4944,11.9046],[79.4903,11.905],[79.4847,11.9077],[79.4854,11.9122],[79.484,11.9129],[79.4803,11.913],[79.4788,11.9113],[79.4678,11.9109],[79.4658,11.9116],[79.4569,11.9109],[79.4515,11.9121],[79.4528,11.9154],[79.4584,11.9169],[79.4591,11.9231],[79.4604,11.9255],[79.4609,11.9293],[79.4596,11.9299],[79.4529,11.9299],[79.4526,11.9288],[79.4499,11.9286],[79.4496,11.9316]]]}},{"type":"Feature","bbox":[79.1779,11.9376,79.2253,11.9721],"properties":{"kind":"town","ulb":"803435","name":"THIRUKOILUR","wards":27},"geometry":{"type":"Polygon","coordinates":[[[79.1779,11.9455],[79.1842,11.9507],[79.1845,11.9524],[79.1835,11.953],[79.1837,11.9537],[79.1849,11.9541],[79.1864,11.9565],[79.1855,11.9571],[79.1861,11.9626],[79.1843,11.9644],[79.1853,11.9701],[79.1834,11.9706],[79.1853,11.9713],[79.1987,11.9703],[79.211,11.9721],[79.2185,11.9664],[79.2253,11.9547],[79.2244,11.9543],[79.2229,11.9551],[79.2211,11.9531],[79.2179,11.9534],[79.2153,11.9528],[79.2148,11.9512],[79.2058,11.9508],[79.204,11.9486],[79.2033,11.9457],[79.1991,11.9469],[79.1946,11.946],[79.1941,11.9407],[79.1929,11.9407],[79.1921,11.9385],[79.1905,11.9384],[79.1902,11.9376],[79.1842,11.9387],[79.183,11.9405],[79.1798,11.9398],[79.1808,11.9438],[79.1779,11.9455]],[[79.189,11.9672],[79.1889,11.9662],[79.1907,11.9652],[79.1922,11.9659],[79.1954,11.964],[79.1963,11.9624],[79.1941,11.9601],[79.1951,11.9569],[79.1995,11.9555],[79.1957,11.9495],[79.201,11.9488],[79.2017,11.9514],[79.2014,11.9587],[79.2012,11.9605],[79.2,11.962],[79.2001,11.9638],[79.1945,11.9663],[79.189,11.9672]]]}},{"type":"Feature","bbox":[78.9322,11.7106,78.9839,11.7531],"properties":{"kind":"town","ulb":"803440","name":"Kallakurichi","wards":21},"geometry":{"type":"Polygon","coordinates":[[[78.9322,11.7348],[78.9325,11.7376],[78.9344,11.7409],[78.9352,11.7493],[78.9368,11.7519],[78.9379,11.7519],[78.9387,11.7531],[78.9457,11.7517],[78.9458,11.7486],[78.9434,11.7456],[78.9431,11.7439],[78.948,11.7417],[78.9488,11.7425],[78.951,11.7425],[78.9525,11.746],[78.9554,11.7458],[78.9581,11.7496],[78.9582,11.7511],[78.9617,11.751],[78.9622,11.749],[78.9649,11.7456],[78.9666,11.7477],[78.97,11.7468],[78.9702,11.7486],[78.9735,11.7491],[78.9734,11.7477],[78.9752,11.7471],[78.975,11.7459],[78.9777,11.7457],[78.9776,11.7437],[78.9801,11.7437],[78.9803,11.7417],[78.9839,11.7406],[78.983,11.7359],[78.9826,11.7352],[78.9814,11.736],[78.9797,11.7354],[78.9786,11.7323],[78.9748,11.7328],[78.9729,11.7313],[78.9692,11.7324],[78.969,11.7284],[78.9662,11.7274],[78.9645,11.7243],[78.9639,11.721],[78.9656,11.7191],[78.9657,11.7177],[78.9644,11.716],[78.9643,11.7141],[78.9623,11.7134],[78.9618,11.7122],[78.9565,11.7127],[78.9542,11.7106],[78.9485,11.7108],[78.9414,11.7141],[78.9405,11.7156],[78.9406,11.7174],[78.9356,11.7204],[78.9331,11.7252],[78.9337,11.7308],[78.9322,11.7348]]]}},{"type":"Feature","bbox":[77.7867,11.7663,77.8273,11.8197],"properties":{"kind":"town","ulb":"803446","name":"Mettur","wards":30},"geometry":{"type":"MultiPolygon","coordinates":[[[[77.8079,11.802],[77.8118,11.7996],[77.8134,11.7998],[77.8174,11.7953],[77.8186,11.7919],[77.8177,11.7914],[77.8171,11.787],[77.8156,11.7839],[77.81,11.7852],[77.8089,11.7829],[77.807,11.7838],[77.8046,11.7787],[77.8035,11.7742],[77.8024,11.7749],[77.8029,11.7816],[77.81,11.7982],[77.8093,11.7992],[77.8097,11.8004],[77.8079,11.802]]],[[[77.7867,11.768],[77.7878,11.7827],[77.7895,11.7897],[77.789,11.7907],[77.7896,11.7958],[77.7941,11.8052],[77.7925,11.808],[77.7964,11.8072],[77.7953,11.8105],[77.7959,11.8149],[77.797,11.8156],[77.7987,11.815],[77.7999,11.8159],[77.8014,11.8122],[77.7996,11.8121],[77.7987,11.8094],[77.7999,11.8089],[77.8009,11.8068],[77.8077,11.8023],[77.8069,11.8016],[77.8065,11.7989],[77.8071,11.7958],[77.8008,11.7827],[77.8001,11.7785],[77.796,11.7665],[77.7932,11.7663],[77.7867,11.768]]],[[[77.8142,11.8092],[77.8179,11.8174],[77.8192,11.8192],[77.8214,11.8197],[77.8258,11.8137],[77.8248,11.8093],[77.8258,11.8064],[77.8271,11.8055],[77.8273,11.8015],[77.8262,11.7987],[77.8233,11.7964],[77.8217,11.7913],[77.8201,11.7914],[77.8182,11.7981],[77.819,11.8004],[77.8181,11.8013],[77.8159,11.8015],[77.8145,11.803],[77.8142,11.8092]]]]}},{"type":"Feature","bbox":[78.0345,11.7319,78.0533,11.751],"properties":{"kind":"town","ulb":"803452","name":"Omalur","wards":15},"geometry":{"type":"Polygon","coordinates":[[[78.0345,11.7319],[78.0383,11.7368],[78.0366,11.7417],[78.04,11.744],[78.0406,11.7472],[78.0453,11.751],[78.0506,11.7482],[78.0491,11.7439],[78.0496,11.7406],[78.0533,11.7372],[78.0511,11.736],[78.0482,11.738],[78.0476,11.7356],[78.0441,11.7352],[78.0414,11.7336],[78.0394,11.7344],[78.0385,11.7326],[78.0345,11.7319]]]}},{"type":"Feature","bbox":[77.9525,11.6801,77.9867,11.7334],"properties":{"kind":"town","ulb":"803454","name":"Tharamangalam","wards":27},"geometry":{"type":"Polygon","coordinates":[[[77.9525,11.6854],[77.9564,11.692],[77.9568,11.701],[77.9586,11.7012],[77.9595,11.7055],[77.9553,11.7101],[77.9549,11.7159],[77.9614,11.7239],[77.9627,11.7303],[77.9639,11.7324],[77.9659,11.7334],[77.9671,11.7331],[77.9667,11.7275],[77.9745,11.723],[77.9774,11.7177],[77.9807,11.7183],[77.9804,11.7152],[77.9783,11.7155],[77.9776,11.7144],[77.9773,11.7118],[77.9791,11.7109],[77.9762,11.7053],[77.9752,11.699],[77.9789,11.6984],[77.9796,11.7009],[77.9818,11.7025],[77.9835,11.7025],[77.9856,11.702],[77.9867,11.7007],[77.9863,11.6987],[77.9855,11.6985],[77.9847,11.6935],[77.9819,11.6936],[77.981,11.6923],[77.9782,11.6944],[77.9767,11.6931],[77.975,11.6879],[77.9684,11.6804],[77.9621,11.6834],[77.9607,11.6801],[77.9576,11.6826],[77.9559,11.682],[77.954,11.6831],[77.9525,11.6854]],[[77.9649,11.7117],[77.9647,11.7111],[77.9661,11.711],[77.9659,11.7115],[77.9649,11.7117]]]}},{"type":"Feature","bbox":[77.973,11.6028,78.0309,11.6544],"properties":{"kind":"town","ulb":"803458","name":"Edangansalai","wards":27},"geometry":{"type":"Polygon","coordinates":[[[77.973,11.6215],[77.9742,11.6218],[77.975,11.6307],[77.9749,11.6349],[77.9738,11.6355],[77.9739,11.6361],[77.9749,11.6363],[77.9751,11.6377],[77.9766,11.6378],[77.977,11.6398],[77.9785,11.6399],[77.9789,11.6414],[77.9827,11.6412],[77.9786,11.645],[77.9795,11.6477],[77.9785,11.6539],[77.9805,11.6544],[77.9839,11.6535],[77.984,11.6506],[77.9855,11.6503],[77.9882,11.6515],[77.9895,11.6513],[77.9918,11.6488],[77.9998,11.6444],[78.0036,11.6468],[78.0064,11.6474],[78.0081,11.6495],[78.0183,11.636],[78.0204,11.6347],[78.0228,11.6307],[78.0244,11.6296],[78.0249,11.6309],[78.0266,11.6307],[78.0274,11.6252],[78.0289,11.6247],[78.0309,11.6224],[78.0294,11.6212],[78.0275,11.621],[78.0254,11.6226],[78.0213,11.6196],[78.0225,11.6172],[78.0204,11.6132],[78.0221,11.6093],[78.0221,11.6054],[78.0157,11.6066],[78.0134,11.6058],[78.01,11.6067],[78.0092,11.606],[78.0093,11.6044],[78.0062,11.6043],[78.0053,11.6028],[78.0046,11.605],[78.0011,11.6051],[78.001,11.6061],[77.9991,11.6064],[77.9966,11.6044],[77.9914,11.6053],[77.9883,11.6039],[77.9809,11.6061],[77.9777,11.605],[77.9741,11.613],[77.9741,11.6189],[77.973,11.6196],[77.973,11.6215]],[[77.9988,11.6133],[77.9985,11.6106],[78.0006,11.6112],[77.9988,11.6133]]]}},{"type":"Feature","bbox":[78.091,11.618,78.2111,11.715],"properties":{"kind":"town","ulb":"803463","name":"Salem","wards":60},"geometry":{"type":"Polygon","coordinates":[[[78.091,11.6678],[78.0929,11.6705],[78.0951,11.6707],[78.102,11.674],[78.1027,11.6766],[78.1017,11.6777],[78.1024,11.6794],[78.1015,11.6797],[78.1003,11.6788],[78.098,11.6812],[78.0979,11.6825],[78.1,11.686],[78.0995,11.6915],[78.1027,11.6944],[78.1038,11.701],[78.1073,11.7046],[78.1148,11.7054],[78.1176,11.7066],[78.1191,11.7063],[78.1238,11.7086],[78.129,11.7087],[78.1315,11.7074],[78.1335,11.7004],[78.1398,11.6975],[78.1411,11.6985],[78.1428,11.6986],[78.1434,11.7018],[78.1491,11.7027],[78.1513,11.7051],[78.1551,11.7123],[78.1572,11.7149],[78.1583,11.715],[78.1634,11.7092],[78.1642,11.7074],[78.1683,11.7076],[78.1739,11.7031],[78.1743,11.6986],[78.1737,11.6958],[78.1743,11.694],[78.1765,11.6932],[78.1769,11.692],[78.1766,11.6898],[78.1749,11.6864],[78.1798,11.6829],[78.1828,11.679],[78.1837,11.6761],[78.1856,11.6776],[78.1851,11.6794],[78.1898,11.6816],[78.1908,11.6829],[78.1921,11.6817],[78.1964,11.6808],[78.2,11.6783],[78.2038,11.6776],[78.2062,11.6756],[78.2092,11.6756],[78.2069,11.6665],[78.208,11.6648],[78.2098,11.6647],[78.2093,11.662],[78.2111,11.6604],[78.21,11.661],[78.208,11.6604],[78.2063,11.6576],[78.206,11.6551],[78.2029,11.6525],[78.197,11.6497],[78.1946,11.6465],[78.1927,11.6475],[78.1907,11.6462],[78.1889,11.6438],[78.1886,11.6419],[78.1867,11.6416],[78.1843,11.6425],[78.1822,11.6446],[78.1822,11.6466],[78.1787,11.6447],[78.1744,11.6468],[78.1733,11.6452],[78.1707,11.6447],[78.1697,11.6424],[78.1643,11.6427],[78.1636,11.6415],[78.165,11.6379],[78.1605,11.6317],[78.1606,11.6286],[78.1618,11.6272],[78.1599,11.6263],[78.1595,11.6242],[78.1515,11.6227],[78.1465,11.6207],[78.1451,11.618],[78.1429,11.6186],[78.1429,11.6209],[78.1399,11.6213],[78.1389,11.6238],[78.1398,11.6263],[78.1379,11.627],[78.1372,11.6292],[78.1316,11.6316],[78.1274,11.6313],[78.1261,11.6286],[78.1218,11.6247],[78.1211,11.6232],[78.1169,11.6221],[78.1157,11.6229],[78.1151,11.6245],[78.1169,11.6261],[78.1157,11.6276],[78.1179,11.6315],[78.1204,11.6303],[78.1215,11.6308],[78.1204,11.6341],[78.1224,11.6355],[78.1204,11.6388],[78.1204,11.649],[78.1173,11.648],[78.1172,11.6461],[78.1157,11.6448],[78.1109,11.6474],[78.1095,11.6469],[78.1077,11.6449],[78.1029,11.6429],[78.0973,11.6429],[78.0967,11.6445],[78.0976,11.6491],[78.0964,11.6514],[78.098,11.6523],[78.0979,11.6538],[78.1021,11.6532],[78.1047,11.6599],[78.1067,11.6602],[78.1083,11.6622],[78.1071,11.6638],[78.0977,11.6659],[78.0958,11.6656],[78.0953,11.6638],[78.0941,11.6635],[78.0919,11.6647],[78.091,11.6678]]]}},{"type":"Feature","bbox":[78.5891,11.5618,78.6266,11.6443],"properties":{"kind":"town","ulb":"803473","name":"Attur","wards":33},"geometry":{"type":"Polygon","coordinates":[[[78.5891,11.6012],[78.5903,11.6078],[78.5913,11.6094],[78.5901,11.6112],[78.5896,11.6142],[78.5914,11.6173],[78.5953,11.6312],[78.5947,11.6363],[78.5957,11.6443],[78.6106,11.6438],[78.6154,11.6428],[78.6241,11.6372],[78.6258,11.6334],[78.6266,11.6278],[78.6256,11.6186],[78.6233,11.6161],[78.6203,11.61],[78.6179,11.5973],[78.6156,11.5944],[78.6161,11.5903],[78.6142,11.5871],[78.6168,11.5824],[78.6155,11.578],[78.6158,11.5765],[78.617,11.5758],[78.6154,11.5678],[78.6088,11.5675],[78.6073,11.5657],[78.6048,11.5647],[78.6027,11.5627],[78.5987,11.5618],[78.5973,11.562],[78.5932,11.5654],[78.5913,11.568],[78.5904,11.5755],[78.5918,11.5949],[78.5907,11.5955],[78.5899,11.5977],[78.5903,11.6009],[78.5891,11.6012]]]}},{"type":"Feature","bbox":[78.5529,11.5729,78.5916,11.624],"properties":{"kind":"town","ulb":"803474","name":"Narasingapuram","wards":18},"geometry":{"type":"Polygon","coordinates":[[[78.5529,11.6104],[78.555,11.6108],[78.5568,11.6131],[78.5588,11.6133],[78.5597,11.6163],[78.5604,11.6164],[78.5596,11.6186],[78.5612,11.624],[78.5635,11.624],[78.5689,11.6216],[78.5691,11.6201],[78.572,11.6165],[78.5731,11.6076],[78.5801,11.6061],[78.5837,11.6026],[78.5892,11.6028],[78.5891,11.6011],[78.5902,11.6008],[78.5903,11.5964],[78.5907,11.5952],[78.5916,11.5951],[78.5904,11.574],[78.5863,11.5729],[78.5751,11.5734],[78.5743,11.5757],[78.5684,11.5745],[78.5626,11.5815],[78.5609,11.5824],[78.5578,11.5894],[78.5575,11.6003],[78.5549,11.6009],[78.5547,11.6045],[78.5529,11.6104]]]}},{"type":"Feature","bbox":[77.6865,11.4212,77.7095,11.4606],"properties":{"kind":"town","ulb":"803482","name":"Komarapalayam","wards":33},"geometry":{"type":"Polygon","coordinates":[[[77.6865,11.4212],[77.6882,11.4388],[77.6897,11.4435],[77.6932,11.4477],[77.6963,11.4578],[77.697,11.4589],[77.7022,11.4579],[77.7042,11.4606],[77.7051,11.4604],[77.7047,11.4571],[77.7035,11.4568],[77.7027,11.4549],[77.7064,11.4538],[77.707,11.4438],[77.7095,11.4437],[77.7083,11.4407],[77.7087,11.4382],[77.7077,11.437],[77.701,11.4344],[77.7006,11.4313],[77.6995,11.4311],[77.6988,11.4326],[77.6952,11.4321],[77.695,11.4331],[77.6914,11.4313],[77.6923,11.4282],[77.6945,11.4249],[77.6939,11.4223],[77.6865,11.4212]]]}},{"type":"Feature","bbox":[77.8612,11.3531,77.9238,11.4074],"properties":{"kind":"town","ulb":"803484","name":"Tiruchengode","wards":33},"geometry":{"type":"Polygon","coordinates":[[[77.8612,11.3678],[77.8624,11.3686],[77.8631,11.3734],[77.8701,11.3812],[77.8736,11.3815],[77.8754,11.3859],[77.8801,11.3877],[77.8827,11.3875],[77.882,11.3892],[77.8825,11.3908],[77.8807,11.3947],[77.8828,11.3953],[77.8857,11.3938],[77.8849,11.3977],[77.8836,11.3978],[77.8852,11.3992],[77.8863,11.3996],[77.8863,11.3985],[77.8871,11.3983],[77.8888,11.4011],[77.8899,11.3997],[77.892,11.3994],[77.8924,11.3984],[77.891,11.3966],[77.8913,11.3952],[77.89,11.394],[77.8909,11.3921],[77.8944,11.3943],[77.8976,11.3936],[77.8992,11.3971],[77.898,11.4004],[77.8982,11.4018],[77.8969,11.4041],[77.8985,11.4044],[77.9008,11.4074],[77.9047,11.4073],[77.9059,11.404],[77.907,11.4029],[77.9205,11.4028],[77.921,11.4019],[77.9198,11.3989],[77.9173,11.3972],[77.9171,11.3961],[77.9177,11.3934],[77.9237,11.3869],[77.9225,11.3847],[77.9238,11.3819],[77.923,11.3745],[77.9213,11.3742],[77.9209,11.3724],[77.9183,11.3739],[77.9148,11.3692],[77.9111,11.3679],[77.9067,11.363],[77.8953,11.3541],[77.8925,11.3568],[77.8756,11.3531],[77.8696,11.3576],[77.8612,11.3678]],[[77.8934,11.3671],[77.898,11.3699],[77.9007,11.3688],[77.9063,11.3696],[77.9085,11.3764],[77.9053,11.3771],[77.8997,11.3763],[77.8985,11.3771],[77.8915,11.3697],[77.8934,11.3671]],[[77.9042,11.3822],[77.9032,11.3786],[77.9067,11.3784],[77.9067,11.3823],[77.9042,11.3822]],[[77.8916,11.3819],[77.891,11.3791],[77.895,11.38],[77.8947,11.3821],[77.8916,11.3819]]]}},{"type":"Feature","bbox":[77.7385,11.3564,77.758,11.3736],"properties":{"kind":"town","ulb":"803486","name":"Pallipalayam","wards":21},"geometry":{"type":"Polygon","coordinates":[[[77.7385,11.3723],[77.7408,11.3736],[77.7465,11.3698],[77.7481,11.3708],[77.7507,11.3684],[77.7547,11.37],[77.755,11.369],[77.757,11.3688],[77.758,11.3575],[77.7528,11.3564],[77.748,11.3589],[77.7449,11.3621],[77.7385,11.3723]]]}},{"type":"Feature","bbox":[78.1715,11.4451,78.2072,11.4729],"properties":{"kind":"town","ulb":"803493","name":"Rasipuram","wards":27},"geometry":{"type":"Polygon","coordinates":[[[78.1715,11.4546],[78.1728,11.4575],[78.1759,11.4592],[78.1761,11.4609],[78.1722,11.4689],[78.1722,11.4726],[78.1875,11.4717],[78.1941,11.4729],[78.194,11.471],[78.1951,11.4707],[78.1951,11.4696],[78.1979,11.469],[78.1981,11.4643],[78.2,11.4631],[78.2004,11.458],[78.205,11.4564],[78.205,11.4531],[78.2068,11.4519],[78.2072,11.4504],[78.2068,11.4475],[78.195,11.447],[78.1919,11.4451],[78.1906,11.4516],[78.1894,11.4526],[78.1843,11.4509],[78.1813,11.4457],[78.179,11.4463],[78.1715,11.4546]]]}},{"type":"Feature","bbox":[78.2476,11.3295,78.2573,11.3418],"properties":{"kind":"town","ulb":"803495","name":"Kalappanaickenpatty","wards":1},"geometry":{"type":"Polygon","coordinates":[[[78.2476,11.3353],[78.2479,11.3378],[78.2494,11.3407],[78.2507,11.3418],[78.2523,11.3418],[78.2508,11.3376],[78.2537,11.3365],[78.2546,11.3352],[78.2564,11.3359],[78.2573,11.3341],[78.2552,11.3295],[78.2479,11.3312],[78.2495,11.3343],[78.2476,11.3353]]]}},{"type":"Feature","bbox":[78.102,11.183,78.192,11.2698],"properties":{"kind":"town","ulb":"803497","name":"Namakkal","wards":39},"geometry":{"type":"Polygon","coordinates":[[[78.102,11.2399],[78.1052,11.2463],[78.1132,11.249],[78.115,11.2507],[78.1153,11.2521],[78.1244,11.2496],[78.1274,11.2576],[78.1334,11.2568],[78.1374,11.2678],[78.1424,11.2698],[78.1571,11.2664],[78.1637,11.2637],[78.1642,11.2651],[78.1802,11.2621],[78.1794,11.2511],[78.1818,11.2501],[78.1795,11.2445],[78.1806,11.2287],[78.1898,11.2232],[78.1898,11.2214],[78.192,11.2191],[78.1887,11.2157],[78.1866,11.216],[78.1831,11.2135],[78.176,11.2119],[78.176,11.2068],[78.1769,11.2066],[78.173,11.1979],[78.1736,11.1955],[78.1722,11.1909],[78.1694,11.187],[78.1679,11.1868],[78.1653,11.1882],[78.163,11.1922],[78.1636,11.1982],[78.1615,11.1987],[78.1581,11.1937],[78.1533,11.1919],[78.1536,11.1834],[78.1484,11.183],[78.1287,11.1944],[78.1287,11.2116],[78.1139,11.2253],[78.1104,11.2263],[78.1053,11.2298],[78.1024,11.2344],[78.102,11.2399]]]}},{"type":"Feature","bbox":[77.2171,11.4884,77.2687,11.5582],"properties":{"kind":"town","ulb":"803505","name":"Sathyamangalam","wards":27},"geometry":{"type":"MultiPolygon","coordinates":[[[[77.2489,11.5033],[77.2518,11.4999],[77.25,11.4969],[77.2442,11.4961],[77.2399,11.4944],[77.2373,11.4901],[77.2342,11.4884],[77.2328,11.4888],[77.2338,11.4941],[77.2336,11.4998],[77.2346,11.5024],[77.2367,11.5007],[77.2389,11.5004],[77.2466,11.5034],[77.2489,11.5033]]],[[[77.2174,11.5183],[77.2171,11.5317],[77.2181,11.541],[77.2219,11.5582],[77.2256,11.555],[77.2434,11.5536],[77.2447,11.5519],[77.2443,11.5537],[77.2621,11.5528],[77.2687,11.5426],[77.2678,11.5342],[77.2663,11.5281],[77.2644,11.5236],[77.2613,11.519],[77.2601,11.5087],[77.2583,11.5059],[77.253,11.5025],[77.2522,11.5005],[77.249,11.504],[77.2473,11.5043],[77.2389,11.5013],[77.2303,11.5061],[77.2283,11.511],[77.2174,11.5183]]]]}},{"type":"Feature","bbox":[77.1488,11.3353,77.178,11.3589],"properties":{"kind":"town","ulb":"803509","name":"Puliampatti","wards":18},"geometry":{"type":"Polygon","coordinates":[[[77.1488,11.3368],[77.1528,11.338],[77.1547,11.3403],[77.1544,11.3436],[77.1532,11.345],[77.1559,11.3448],[77.1564,11.3466],[77.159,11.3483],[77.1601,11.3479],[77.1613,11.3496],[77.1602,11.3511],[77.1604,11.3535],[77.159,11.354],[77.1597,11.3559],[77.1589,11.3589],[77.1598,11.3589],[77.1606,11.3575],[77.1712,11.3565],[77.1726,11.3548],[77.1744,11.3552],[77.1756,11.3537],[77.1752,11.35],[77.176,11.3485],[77.178,11.3474],[77.1763,11.3472],[77.1756,11.3457],[77.1739,11.3453],[77.1735,11.3469],[77.1699,11.347],[77.1685,11.3444],[77.1668,11.3444],[77.1666,11.3427],[77.1644,11.3403],[77.163,11.3393],[77.1577,11.3383],[77.1552,11.3353],[77.1488,11.3368]]]}},{"type":"Feature","bbox":[77.675,11.4335,77.6919,11.4587],"properties":{"kind":"town","ulb":"803517","name":"Bhavani","wards":27},"geometry":{"type":"Polygon","coordinates":[[[77.675,11.4448],[77.6798,11.452],[77.6797,11.4531],[77.6785,11.4541],[77.676,11.4549],[77.6764,11.4573],[77.6776,11.4573],[77.6793,11.4559],[77.6816,11.4569],[77.6819,11.4587],[77.6919,11.4548],[77.6852,11.443],[77.6828,11.4335],[77.6817,11.4352],[77.682,11.438],[77.6813,11.4402],[77.6783,11.4432],[77.6763,11.4429],[77.675,11.4448]]]}},{"type":"Feature","bbox":[77.4144,11.4376,77.4523,11.472],"properties":{"kind":"town","ulb":"803523","name":"Gobichettipalayam","wards":30},"geometry":{"type":"Polygon","coordinates":[[[77.4144,11.4571],[77.4156,11.4623],[77.4164,11.4631],[77.4195,11.4634],[77.4226,11.4665],[77.4252,11.4649],[77.4264,11.4653],[77.4264,11.4639],[77.4282,11.4636],[77.4288,11.4694],[77.4337,11.4687],[77.4338,11.472],[77.4387,11.4705],[77.4432,11.4707],[77.4432,11.4671],[77.4451,11.4655],[77.4448,11.4602],[77.447,11.4591],[77.4496,11.4592],[77.4507,11.4533],[77.4523,11.4507],[77.4522,11.4487],[77.4515,11.4464],[77.4505,11.4464],[77.4489,11.4471],[77.4488,11.4502],[77.4444,11.45],[77.44,11.4509],[77.4384,11.4449],[77.4383,11.4413],[77.4372,11.44],[77.4341,11.4393],[77.4315,11.441],[77.431,11.4395],[77.4283,11.4393],[77.4256,11.4376],[77.4237,11.4397],[77.4234,11.4412],[77.4237,11.4432],[77.4249,11.4436],[77.4273,11.4487],[77.4273,11.4523],[77.4148,11.4542],[77.4144,11.4571]]]}},{"type":"Feature","bbox":[77.6393,11.2888,77.7675,11.4322],"properties":{"kind":"town","ulb":"803542","name":"Erode","wards":60},"geometry":{"type":"Polygon","coordinates":[[[77.6393,11.3651],[77.6435,11.3682],[77.6439,11.3695],[77.6449,11.3694],[77.6478,11.3719],[77.6538,11.3715],[77.6583,11.3729],[77.6565,11.3886],[77.6555,11.3899],[77.6537,11.3964],[77.6517,11.3969],[77.6518,11.4068],[77.6524,11.4088],[77.6539,11.4082],[77.6555,11.4122],[77.662,11.4213],[77.6633,11.4257],[77.6651,11.4278],[77.6634,11.4316],[77.6655,11.4322],[77.6677,11.4315],[77.677,11.4268],[77.6782,11.4289],[77.6805,11.4299],[77.6812,11.4317],[77.6824,11.4315],[77.6798,11.4254],[77.6794,11.4227],[77.6806,11.4187],[77.6852,11.4129],[77.6917,11.4101],[77.6941,11.4068],[77.6953,11.4023],[77.6989,11.3972],[77.709,11.3867],[77.7148,11.3773],[77.7318,11.3667],[77.7397,11.364],[77.7491,11.3515],[77.7503,11.3493],[77.7496,11.3459],[77.7546,11.3359],[77.759,11.3302],[77.7621,11.3286],[77.7675,11.3171],[77.765,11.3152],[77.7625,11.3185],[77.7546,11.324],[77.7517,11.3249],[77.7494,11.3236],[77.7424,11.3237],[77.7431,11.3214],[77.7413,11.3208],[77.7426,11.3199],[77.7418,11.316],[77.737,11.3161],[77.732,11.3121],[77.7264,11.3117],[77.724,11.3004],[77.7256,11.2923],[77.7215,11.2914],[77.7184,11.2922],[77.717,11.2912],[77.711,11.2924],[77.7085,11.2903],[77.6954,11.2888],[77.694,11.2897],[77.6893,11.2894],[77.6892,11.2907],[77.6874,11.2914],[77.6879,11.2921],[77.6868,11.2937],[77.6856,11.3025],[77.6765,11.3071],[77.6713,11.3151],[77.6718,11.3167],[77.6713,11.3201],[77.6687,11.3203],[77.6632,11.3166],[77.6554,11.3212],[77.6556,11.325],[77.6546,11.3253],[77.6544,11.3299],[77.6523,11.3316],[77.6522,11.3366],[77.6533,11.339],[77.6572,11.3399],[77.6564,11.3462],[77.6581,11.3503],[77.6425,11.3563],[77.6405,11.3589],[77.6415,11.3636],[77.6393,11.3651]]]}},{"type":"Feature","bbox":[76.2945,11.4411,76.4571,11.5322],"properties":{"kind":"town","ulb":"803558","name":"Nelliyalam","wards":21},"geometry":{"type":"Polygon","coordinates":[[[76.2945,11.4703],[76.3072,11.4894],[76.3142,11.4936],[76.317,11.4977],[76.3199,11.4986],[76.3239,11.5014],[76.3244,11.5056],[76.3309,11.5112],[76.3324,11.5136],[76.3325,11.5151],[76.3349,11.5178],[76.3342,11.5238],[76.335,11.5255],[76.3416,11.5271],[76.3465,11.5264],[76.3501,11.5275],[76.353,11.527],[76.3565,11.5289],[76.3575,11.5307],[76.3615,11.5322],[76.3623,11.5313],[76.364,11.5315],[76.3641,11.53],[76.3659,11.5286],[76.37,11.521],[76.3835,11.517],[76.3922,11.5075],[76.3959,11.5078],[76.3976,11.5071],[76.3989,11.5058],[76.4024,11.4974],[76.4039,11.496],[76.4071,11.4961],[76.4088,11.4937],[76.4131,11.4916],[76.4168,11.4911],[76.4212,11.4932],[76.4265,11.4925],[76.4272,11.4973],[76.4281,11.4975],[76.4312,11.4968],[76.4315,11.4951],[76.4361,11.4911],[76.4416,11.4896],[76.4433,11.4905],[76.4447,11.4945],[76.4495,11.4944],[76.4498,11.4932],[76.4526,11.4915],[76.4511,11.4893],[76.451,11.4879],[76.4543,11.4854],[76.4571,11.4795],[76.456,11.4757],[76.4545,11.4763],[76.4516,11.4802],[76.4495,11.4807],[76.4484,11.48],[76.4491,11.4783],[76.4486,11.4759],[76.4452,11.4753],[76.4442,11.4723],[76.4398,11.4732],[76.4375,11.4723],[76.4312,11.4646],[76.4287,11.4633],[76.4227,11.4527],[76.4117,11.442],[76.3965,11.4411],[76.387,11.4502],[76.3689,11.4612],[76.3406,11.4701],[76.3235,11.4572],[76.3088,11.4684],[76.296,11.4681],[76.2945,11.4703]]]}},{"type":"Feature","bbox":[76.4497,11.4752,76.5344,11.5434],"properties":{"kind":"town","ulb":"803560","name":"Gudalur (N)","wards":21},"geometry":{"type":"Polygon","coordinates":[[[76.4497,11.4936],[76.4509,11.4967],[76.4535,11.4972],[76.4567,11.502],[76.4595,11.5027],[76.4613,11.5055],[76.4653,11.509],[76.4653,11.5132],[76.4671,11.5145],[76.465,11.5169],[76.4669,11.5192],[76.4683,11.5248],[76.4724,11.5217],[76.4758,11.5227],[76.4779,11.5309],[76.4826,11.5294],[76.4848,11.5297],[76.4878,11.5318],[76.4889,11.5336],[76.4988,11.5369],[76.5013,11.5397],[76.5105,11.5398],[76.5188,11.5434],[76.5271,11.5391],[76.5321,11.5398],[76.5337,11.5387],[76.5342,11.5373],[76.5308,11.533],[76.5314,11.53],[76.5304,11.5261],[76.5307,11.5212],[76.533,11.5183],[76.5344,11.5143],[76.5332,11.5059],[76.5307,11.5028],[76.5253,11.5005],[76.5232,11.4987],[76.5188,11.488],[76.5164,11.4866],[76.5107,11.4859],[76.5089,11.4817],[76.5072,11.48],[76.5044,11.48],[76.5031,11.4826],[76.5003,11.4831],[76.4992,11.4782],[76.498,11.4767],[76.4941,11.4752],[76.4913,11.4752],[76.4887,11.4758],[76.4861,11.4792],[76.4824,11.4797],[76.4802,11.4811],[76.4759,11.4788],[76.4706,11.4779],[76.4641,11.4752],[76.4618,11.4752],[76.4575,11.4792],[76.4546,11.4854],[76.4511,11.488],[76.4528,11.4915],[76.4497,11.4936]]]}},{"type":"Feature","bbox":[76.6596,11.3816,76.7285,11.44],"properties":{"kind":"town","ulb":"803564","name":"Udhagamandalam","wards":36},"geometry":{"type":"Polygon","coordinates":[[[76.6596,11.3996],[76.6614,11.4044],[76.668,11.4056],[76.6708,11.4072],[76.671,11.4106],[76.6683,11.4146],[76.6678,11.4171],[76.6679,11.4199],[76.6696,11.4211],[76.6705,11.4276],[76.6691,11.4306],[76.6703,11.4397],[76.6717,11.4347],[76.6735,11.4323],[76.6811,11.4333],[76.6825,11.4357],[76.6824,11.4369],[76.6863,11.4399],[76.6889,11.44],[76.69,11.4371],[76.6915,11.4371],[76.6922,11.4386],[76.6932,11.4383],[76.6944,11.4353],[76.6959,11.4346],[76.7096,11.4358],[76.7104,11.4337],[76.7089,11.4282],[76.7112,11.4237],[76.7218,11.4206],[76.7237,11.4173],[76.7236,11.4145],[76.7213,11.4114],[76.7214,11.4077],[76.7189,11.4065],[76.7145,11.407],[76.7095,11.4099],[76.7064,11.4064],[76.7097,11.4038],[76.7096,11.4022],[76.7079,11.4006],[76.7134,11.398],[76.7137,11.4003],[76.7161,11.4009],[76.7174,11.399],[76.7177,11.4004],[76.7242,11.4058],[76.7285,11.4032],[76.7206,11.3962],[76.7186,11.3871],[76.7169,11.3859],[76.7096,11.3844],[76.6994,11.384],[76.6937,11.3816],[76.6844,11.3831],[76.6733,11.3876],[76.6633,11.3943],[76.6604,11.3973],[76.6596,11.3996]]]}},{"type":"Feature","bbox":[76.762,11.3315,76.8248,11.3727],"properties":{"kind":"town","ulb":"803570","name":"Coonoor","wards":30},"geometry":{"type":"Polygon","coordinates":[[[76.762,11.3549],[76.7646,11.3615],[76.7681,11.3596],[76.7716,11.3594],[76.7784,11.3553],[76.7797,11.3537],[76.7826,11.3536],[76.7829,11.3525],[76.7838,11.3524],[76.7872,11.3541],[76.7887,11.3578],[76.7978,11.3617],[76.805,11.3714],[76.8105,11.3702],[76.8149,11.3727],[76.8165,11.3708],[76.8147,11.3674],[76.8248,11.3421],[76.799,11.3347],[76.799,11.3335],[76.7915,11.3337],[76.789,11.3315],[76.7822,11.3414],[76.7764,11.3471],[76.7753,11.3469],[76.7749,11.3484],[76.7741,11.348],[76.7741,11.3467],[76.7684,11.3466],[76.7679,11.3448],[76.7665,11.3449],[76.7658,11.3469],[76.7626,11.3465],[76.7627,11.3453],[76.7621,11.3462],[76.762,11.3549]]]}},{"type":"Feature","bbox":[77.5038,10.4358,77.528,10.4757],"properties":{"kind":"town","ulb":"803576","name":"Palani","wards":33},"geometry":{"type":"Polygon","coordinates":[[[77.5038,10.456],[77.505,10.4599],[77.5051,10.4644],[77.5061,10.4662],[77.505,10.4685],[77.5131,10.4649],[77.5147,10.4661],[77.514,10.4673],[77.5168,10.4736],[77.5195,10.4757],[77.5206,10.4709],[77.5244,10.4703],[77.5244,10.4668],[77.5259,10.4668],[77.5261,10.4646],[77.5237,10.4605],[77.525,10.4585],[77.5223,10.4557],[77.5246,10.4535],[77.528,10.4522],[77.5257,10.4466],[77.5258,10.4448],[77.5239,10.4419],[77.5245,10.4391],[77.5237,10.4365],[77.5215,10.4358],[77.5189,10.4367],[77.517,10.4362],[77.5153,10.4392],[77.5138,10.4386],[77.5109,10.4408],[77.5142,10.444],[77.5169,10.4453],[77.5166,10.4473],[77.5152,10.4472],[77.5144,10.4502],[77.5088,10.4497],[77.5063,10.4517],[77.5038,10.456]]]}},{"type":"Feature","bbox":[77.7305,10.4721,77.7664,10.51],"properties":{"kind":"town","ulb":"803579","name":"Ottanchatram","wards":18},"geometry":{"type":"Polygon","coordinates":[[[77.7305,10.4836],[77.7328,10.4885],[77.7323,10.494],[77.7332,10.4944],[77.7328,10.4978],[77.7357,10.5016],[77.7357,10.5033],[77.7369,10.5038],[77.7388,10.5072],[77.7401,10.5066],[77.7417,10.508],[77.7464,10.5086],[77.7474,10.51],[77.7513,10.5074],[77.7526,10.5087],[77.7554,10.5083],[77.7595,10.5094],[77.7611,10.5065],[77.7613,10.5017],[77.763,10.5013],[77.7638,10.5021],[77.7644,10.5009],[77.7664,10.5008],[77.7663,10.4981],[77.7656,10.4976],[77.7651,10.4851],[77.7631,10.485],[77.7554,10.4804],[77.7526,10.4795],[77.7482,10.4804],[77.743,10.4749],[77.7402,10.4757],[77.7388,10.4736],[77.7367,10.4735],[77.736,10.4723],[77.7338,10.4721],[77.735,10.4732],[77.735,10.4758],[77.7324,10.48],[77.7321,10.4828],[77.7305,10.4836]]]}},{"type":"Feature","bbox":[77.4474,10.211,77.5225,10.2585],"properties":{"kind":"town","ulb":"803595","name":"Kodaikanal","wards":24},"geometry":{"type":"Polygon","coordinates":[[[77.4474,10.2207],[77.4478,10.225],[77.449,10.2278],[77.452,10.2281],[77.4541,10.2296],[77.4588,10.2295],[77.4619,10.2303],[77.4619,10.2316],[77.4643,10.2345],[77.4641,10.2356],[77.4668,10.2391],[77.4701,10.2373],[77.4733,10.2371],[77.4772,10.237],[77.481,10.2386],[77.4822,10.24],[77.4819,10.2415],[77.4831,10.2424],[77.4821,10.2444],[77.4827,10.2472],[77.4843,10.2477],[77.483,10.2513],[77.4879,10.2546],[77.4872,10.2563],[77.4915,10.2585],[77.4958,10.2581],[77.4944,10.255],[77.4916,10.2523],[77.4922,10.2516],[77.4916,10.2488],[77.4951,10.2516],[77.5003,10.2513],[77.5056,10.2543],[77.5091,10.2495],[77.5089,10.2485],[77.5044,10.2477],[77.502,10.2459],[77.5046,10.2448],[77.5057,10.2468],[77.5062,10.2466],[77.5059,10.2448],[77.5077,10.2449],[77.5111,10.2417],[77.5133,10.2428],[77.506,10.2361],[77.5063,10.2352],[77.5215,10.2441],[77.5225,10.2336],[77.5206,10.2305],[77.5175,10.2293],[77.5111,10.2291],[77.5064,10.2277],[77.5048,10.2284],[77.5021,10.2262],[77.503,10.2286],[77.5025,10.2291],[77.4995,10.2264],[77.4942,10.2264],[77.488,10.2228],[77.4842,10.2239],[77.4834,10.2218],[77.4855,10.2185],[77.487,10.2182],[77.4867,10.2113],[77.4845,10.2114],[77.4813,10.2147],[77.4756,10.2118],[77.469,10.211],[77.4629,10.2136],[77.4575,10.2113],[77.4544,10.2149],[77.4474,10.2207]]]}},{"type":"Feature","bbox":[77.8836,10.7135,77.909,10.7318],"properties":{"kind":"town","ulb":"803602","name":"Pallapatti","wards":27},"geometry":{"type":"Polygon","coordinates":[[[77.8836,10.7147],[77.8846,10.7161],[77.8839,10.7167],[77.8841,10.7177],[77.8868,10.7218],[77.8896,10.7236],[77.8901,10.7228],[77.8907,10.7231],[77.8898,10.7205],[77.8917,10.7208],[77.8918,10.7221],[77.8927,10.7226],[77.8921,10.7252],[77.8973,10.7281],[77.9002,10.7318],[77.9048,10.7294],[77.9063,10.7271],[77.9057,10.7249],[77.9071,10.7245],[77.9076,10.7254],[77.9086,10.7246],[77.908,10.7218],[77.909,10.7208],[77.9089,10.7165],[77.9044,10.7175],[77.904,10.7163],[77.9027,10.7164],[77.9018,10.7135],[77.9002,10.7135],[77.8978,10.7162],[77.8915,10.7157],[77.891,10.7139],[77.8887,10.7147],[77.8868,10.7137],[77.8836,10.7147]]]}},{"type":"Feature","bbox":[77.9784,11.0242,78.0296,11.0923],"properties":{"kind":"town","ulb":"803604","name":"Punjaipugalur","wards":24},"geometry":{"type":"Polygon","coordinates":[[[77.9784,11.0659],[77.9791,11.0666],[77.9803,11.0665],[77.9811,11.0651],[77.9916,11.0664],[77.9934,11.066],[77.9949,11.0645],[77.9964,11.0659],[77.9925,11.0703],[77.9927,11.0803],[77.9914,11.0899],[77.9903,11.0906],[77.9904,11.092],[77.9923,11.0923],[77.9944,11.0919],[77.9925,11.0898],[77.9984,11.0857],[77.9991,11.0842],[77.9981,11.0815],[77.9988,11.0801],[78.0007,11.08],[78.0012,11.0814],[78.0036,11.0817],[78.005,11.0828],[78.0121,11.0828],[78.0129,11.0849],[78.0157,11.0854],[78.0171,11.0873],[78.0187,11.0874],[78.0188,11.0827],[78.021,11.0814],[78.023,11.0764],[78.0267,11.0747],[78.0275,11.0724],[78.0269,11.0691],[78.0296,11.0625],[78.025,11.0495],[78.0211,11.0487],[78.0214,11.0443],[78.0201,11.0415],[78.0185,11.0406],[78.0184,11.0372],[78.0112,11.0375],[78.0104,11.0337],[78.0115,11.032],[78.0109,11.03],[78.0089,11.029],[78.0049,11.0296],[78.0033,11.0279],[78.0005,11.0284],[77.9979,11.0273],[77.9969,11.0252],[77.9916,11.0242],[77.9893,11.0276],[77.984,11.0284],[77.9839,11.0297],[77.9812,11.0301],[77.9807,11.0428],[77.9823,11.05],[77.9805,11.0607],[77.9784,11.0659]]]}},{"type":"Feature","bbox":[78.5737,11.1324,78.6219,11.172],"properties":{"kind":"town","ulb":"803623","name":"Thuraiyur","wards":24},"geometry":{"type":"Polygon","coordinates":[[[78.5737,11.1386],[78.5765,11.145],[78.5804,11.1493],[78.5834,11.1584],[78.5806,11.1701],[78.5844,11.1715],[78.5885,11.1629],[78.5911,11.163],[78.5921,11.172],[78.6055,11.1705],[78.6055,11.1691],[78.6065,11.1699],[78.6099,11.1686],[78.6149,11.1659],[78.6147,11.1649],[78.6187,11.1636],[78.6219,11.1543],[78.6218,11.1505],[78.6153,11.1508],[78.6085,11.1443],[78.6042,11.1386],[78.6021,11.1343],[78.5915,11.1324],[78.5917,11.1341],[78.593,11.1345],[78.5915,11.1368],[78.5843,11.1368],[78.5842,11.1383],[78.5822,11.1378],[78.5737,11.1386]],[[78.6034,11.1659],[78.6027,11.1658],[78.603,11.1655],[78.6034,11.1659]],[[78.5926,11.1499],[78.5914,11.1445],[78.5924,11.1437],[78.5944,11.1486],[78.5926,11.1499]]]}},{"type":"Feature","bbox":[78.7978,10.8604,78.8391,10.8913],"properties":{"kind":"town","ulb":"803629","name":"Lalgudi","wards":24},"geometry":{"type":"Polygon","coordinates":[[[78.7978,10.8836],[78.803,10.8849],[78.8084,10.8853],[78.8096,10.8913],[78.8233,10.8911],[78.8264,10.8905],[78.8298,10.8871],[78.8311,10.8734],[78.8391,10.8717],[78.8387,10.8636],[78.8306,10.8604],[78.8113,10.8612],[78.8098,10.8663],[78.8105,10.8688],[78.8121,10.8691],[78.8107,10.8724],[78.8137,10.8728],[78.8135,10.8748],[78.8046,10.8742],[78.8031,10.8748],[78.7993,10.8771],[78.7978,10.8836]]]}},{"type":"Feature","bbox":[78.786,10.7446,78.8292,10.7808],"properties":{"kind":"town","ulb":"803634","name":"Thuvakudi","wards":21},"geometry":{"type":"Polygon","coordinates":[[[78.7868,10.7754],[78.786,10.7796],[78.7928,10.7805],[78.7954,10.7787],[78.7972,10.7808],[78.8,10.7786],[78.8036,10.779],[78.8038,10.7773],[78.8096,10.7747],[78.8194,10.7747],[78.8253,10.7609],[78.8262,10.7571],[78.8281,10.754],[78.828,10.7502],[78.8292,10.7487],[78.8284,10.748],[78.8291,10.7473],[78.8283,10.746],[78.8179,10.7446],[78.8156,10.747],[78.8129,10.7462],[78.8118,10.7481],[78.8062,10.7484],[78.8028,10.7511],[78.8012,10.7505],[78.799,10.7469],[78.7973,10.7471],[78.7972,10.7506],[78.7993,10.7528],[78.7982,10.7544],[78.7986,10.7563],[78.8,10.7568],[78.8005,10.758],[78.7972,10.762],[78.7947,10.7632],[78.7876,10.7635],[78.7868,10.7754]],[[78.8099,10.7585],[78.8128,10.7571],[78.8099,10.7589],[78.8099,10.7585]]]}},{"type":"Feature","bbox":[78.3914,10.5898,78.444,10.6378],"properties":{"kind":"town","ulb":"803635","name":"Manapparai","wards":27},"geometry":{"type":"Polygon","coordinates":[[[78.3914,10.6151],[78.3916,10.6176],[78.397,10.6178],[78.3952,10.6243],[78.3969,10.6277],[78.4118,10.6314],[78.4285,10.6322],[78.4295,10.6349],[78.431,10.6352],[78.432,10.6378],[78.4328,10.6355],[78.4347,10.6342],[78.4351,10.6324],[78.4383,10.6283],[78.4384,10.6272],[78.4363,10.6248],[78.4369,10.6242],[78.4365,10.6229],[78.4376,10.6222],[78.4352,10.618],[78.4384,10.6165],[78.4304,10.6131],[78.43,10.6114],[78.4313,10.6108],[78.4309,10.6078],[78.4292,10.608],[78.4292,10.6062],[78.4302,10.6058],[78.4314,10.6068],[78.4326,10.6099],[78.4338,10.6108],[78.4374,10.6096],[78.4416,10.6134],[78.4438,10.6103],[78.444,10.606],[78.4425,10.6023],[78.4351,10.5973],[78.4348,10.5954],[78.4333,10.5939],[78.4277,10.5906],[78.4163,10.5924],[78.4149,10.5898],[78.4071,10.5916],[78.4071,10.5924],[78.4064,10.5913],[78.4018,10.591],[78.4031,10.5975],[78.4015,10.5983],[78.4026,10.6008],[78.3981,10.5988],[78.3951,10.5988],[78.394,10.5998],[78.3924,10.6023],[78.393,10.6045],[78.3949,10.6048],[78.3954,10.6129],[78.3939,10.6132],[78.3935,10.615],[78.3914,10.6151]],[[78.4092,10.6054],[78.4091,10.606],[78.4088,10.6057],[78.4092,10.6054]],[[78.4045,10.6031],[78.4042,10.6036],[78.4016,10.6016],[78.4031,10.602],[78.4045,10.6031]]]}},{"type":"Feature","bbox":[78.8363,11.2135,78.9005,11.2571],"properties":{"kind":"town","ulb":"803639","name":"Perambalur","wards":20},"geometry":{"type":"Polygon","coordinates":[[[78.8363,11.2381],[78.8382,11.2442],[78.8432,11.2479],[78.8555,11.2473],[78.8587,11.2447],[78.8582,11.251],[78.865,11.2571],[78.8664,11.2566],[78.8663,11.2426],[78.8682,11.2426],[78.8705,11.257],[78.8785,11.2542],[78.8821,11.2483],[78.8882,11.247],[78.8899,11.2437],[78.8942,11.2453],[78.9002,11.2452],[78.9005,11.2417],[78.8998,11.2386],[78.896,11.2322],[78.8938,11.2153],[78.8921,11.2135],[78.8874,11.2135],[78.8808,11.2153],[78.8769,11.2194],[78.8718,11.2192],[78.8675,11.227],[78.8645,11.2279],[78.8586,11.2255],[78.851,11.2253],[78.8478,11.2242],[78.8427,11.2313],[78.8369,11.236],[78.8363,11.2381]],[[78.8701,11.2327],[78.8706,11.2325],[78.8715,11.2349],[78.8701,11.2355],[78.8701,11.2327]],[[78.8706,11.2309],[78.8706,11.2315],[78.8703,11.2313],[78.8706,11.2309]]]}},{"type":"Feature","bbox":[79.3372,11.1899,79.4029,11.2396],"properties":{"kind":"town","ulb":"803643","name":"Jayankondam","wards":21},"geometry":{"type":"Polygon","coordinates":[[[79.3372,11.2231],[79.3473,11.2347],[79.3618,11.236],[79.364,11.2322],[79.3654,11.2319],[79.3699,11.2325],[79.3715,11.2396],[79.3863,11.2372],[79.3882,11.2309],[79.4029,11.2206],[79.402,11.1976],[79.3846,11.1998],[79.3762,11.1927],[79.3657,11.1899],[79.3552,11.1975],[79.353,11.2011],[79.3432,11.1992],[79.3384,11.2039],[79.3372,11.2231]]]}},{"type":"Feature","bbox":[79.0599,11.1191,79.0847,11.1558],"properties":{"kind":"town","ulb":"803645","name":"Ariyalur","wards":18},"geometry":{"type":"Polygon","coordinates":[[[79.0599,11.1287],[79.0624,11.1366],[79.0676,11.1445],[79.0698,11.1534],[79.071,11.1538],[79.0716,11.1558],[79.0747,11.1549],[79.0772,11.1521],[79.0837,11.1496],[79.0843,11.1472],[79.084,11.1386],[79.0822,11.137],[79.0839,11.1351],[79.0847,11.1291],[79.0837,11.1255],[79.0824,11.1239],[79.0781,11.1216],[79.0698,11.1191],[79.0669,11.1213],[79.067,11.1254],[79.0635,11.13],[79.0599,11.1287]]]}},{"type":"Feature","bbox":[79.6431,11.7534,79.6926,11.8071],"properties":{"kind":"town","ulb":"803648","name":"Nellikuppam","wards":29},"geometry":{"type":"Polygon","coordinates":[[[79.6431,11.7822],[79.6432,11.7859],[79.646,11.7966],[79.6579,11.8024],[79.6604,11.8049],[79.6643,11.8071],[79.6706,11.8047],[79.6776,11.7969],[79.6805,11.7948],[79.6833,11.7894],[79.6925,11.7804],[79.6926,11.7739],[79.6907,11.7683],[79.6913,11.7669],[79.6903,11.7632],[79.6905,11.7602],[79.6862,11.7617],[79.6762,11.7632],[79.6737,11.7623],[79.6727,11.7549],[79.6704,11.7534],[79.6621,11.7545],[79.6613,11.7573],[79.6579,11.7582],[79.6592,11.7596],[79.6672,11.7612],[79.6681,11.7728],[79.6636,11.7732],[79.6633,11.7718],[79.6612,11.7719],[79.644,11.7737],[79.6451,11.779],[79.647,11.7804],[79.6431,11.7822]]]}},{"type":"Feature","bbox":[79.5345,11.7415,79.6005,11.7939],"properties":{"kind":"town","ulb":"803649","name":"Panruti","wards":33},"geometry":{"type":"Polygon","coordinates":[[[79.5345,11.7789],[79.5357,11.7794],[79.5371,11.7854],[79.5367,11.7871],[79.5401,11.7939],[79.5441,11.7895],[79.5484,11.7872],[79.5501,11.7818],[79.5498,11.7787],[79.5584,11.7746],[79.5604,11.7745],[79.5616,11.7711],[79.5716,11.7743],[79.5782,11.7788],[79.5815,11.7829],[79.586,11.7832],[79.5881,11.7811],[79.5925,11.7803],[79.5916,11.7737],[79.5984,11.7692],[79.6005,11.7599],[79.5983,11.7562],[79.5892,11.7557],[79.585,11.756],[79.5791,11.7598],[79.5769,11.7596],[79.577,11.7546],[79.5756,11.7516],[79.5717,11.749],[79.5703,11.745],[79.5674,11.7431],[79.5595,11.7415],[79.5556,11.7422],[79.5591,11.7507],[79.5561,11.7513],[79.5573,11.7572],[79.5524,11.7589],[79.5528,11.7612],[79.5448,11.7628],[79.5459,11.7656],[79.54,11.7701],[79.5399,11.7734],[79.5351,11.7758],[79.5345,11.7789]]]}},{"type":"Feature","bbox":[79.5332,11.5276,79.5762,11.5869],"properties":{"kind":"town","ulb":"803652","name":"Vadalur","wards":27},"geometry":{"type":"Polygon","coordinates":[[[79.5332,11.551],[79.5377,11.5546],[79.5415,11.5675],[79.5441,11.5677],[79.5469,11.5695],[79.549,11.5815],[79.5512,11.5821],[79.5526,11.5869],[79.5607,11.584],[79.5675,11.5847],[79.5689,11.5798],[79.5703,11.578],[79.5723,11.5643],[79.5744,11.5626],[79.5757,11.5595],[79.5762,11.5492],[79.5727,11.5461],[79.5669,11.5323],[79.5615,11.5331],[79.5614,11.529],[79.5607,11.5281],[79.5502,11.5276],[79.5473,11.5319],[79.5431,11.5337],[79.5356,11.5479],[79.5335,11.5496],[79.5332,11.551]]]}},{"type":"Feature","bbox":[79.6809,11.3882,79.7039,11.4152],"properties":{"kind":"town","ulb":"803657","name":"Chidambaram","wards":33},"geometry":{"type":"Polygon","coordinates":[[[79.6809,11.4121],[79.6826,11.4123],[79.6853,11.4146],[79.69,11.4143],[79.6912,11.4152],[79.6928,11.4141],[79.6919,11.4092],[79.7018,11.4038],[79.7019,11.4027],[79.7004,11.4015],[79.7005,11.3994],[79.7029,11.3978],[79.7039,11.3893],[79.7032,11.3884],[79.6982,11.3882],[79.6973,11.3897],[79.6937,11.3895],[79.6935,11.3907],[79.6914,11.3923],[79.6842,11.3918],[79.684,11.3933],[79.6831,11.3939],[79.6827,11.3979],[79.6812,11.3988],[79.6815,11.4017],[79.6829,11.4022],[79.683,11.405],[79.6809,11.4121]]]}},{"type":"Feature","bbox":[79.8018,10.3468,79.8665,10.4098],"properties":{"kind":"town","ulb":"803678","name":"Vedharanyam","wards":21},"geometry":{"type":"Polygon","coordinates":[[[79.8018,10.3538],[79.8037,10.3583],[79.8065,10.3617],[79.8095,10.3714],[79.8091,10.3832],[79.8124,10.3842],[79.8141,10.3839],[79.8173,10.3914],[79.8185,10.3916],[79.8199,10.3943],[79.8236,10.3928],[79.8252,10.3997],[79.8302,10.4008],[79.8304,10.4029],[79.8279,10.4039],[79.8301,10.4045],[79.8376,10.4044],[79.8432,10.4058],[79.8485,10.404],[79.8494,10.4098],[79.8518,10.4095],[79.8522,10.4034],[79.8547,10.3992],[79.8575,10.3976],[79.8614,10.3938],[79.8614,10.3955],[79.8642,10.3952],[79.8646,10.3958],[79.8662,10.3919],[79.8665,10.3759],[79.8662,10.3734],[79.8642,10.3733],[79.8612,10.3498],[79.8556,10.3482],[79.8474,10.3503],[79.845,10.3485],[79.8382,10.3492],[79.8275,10.3468],[79.8183,10.3513],[79.8018,10.3538]],[[79.8628,10.3897],[79.863,10.3851],[79.8641,10.3885],[79.8628,10.3897]],[[79.8318,10.3887],[79.8314,10.3882],[79.8334,10.3872],[79.8335,10.3878],[79.8318,10.3887]],[[79.8295,10.3739],[79.8296,10.3732],[79.8304,10.3736],[79.8295,10.3739]],[[79.8278,10.3718],[79.8278,10.3725],[79.8263,10.3716],[79.8266,10.3713],[79.8278,10.3718]],[[79.8184,10.3803],[79.8191,10.3823],[79.8172,10.3825],[79.8184,10.3803]]]}},{"type":"Feature","bbox":[79.6159,10.7566,79.6671,10.7863],"properties":{"kind":"town","ulb":"803684","name":"Thiruvarur","wards":30},"geometry":{"type":"Polygon","coordinates":[[[79.6159,10.7776],[79.6171,10.777],[79.6175,10.7777],[79.6208,10.7775],[79.6211,10.7791],[79.6224,10.7792],[79.6239,10.7805],[79.6273,10.7808],[79.6287,10.7819],[79.628,10.7839],[79.6295,10.7863],[79.6478,10.7863],[79.6504,10.7823],[79.6528,10.7821],[79.6536,10.7806],[79.6531,10.7797],[79.6489,10.7784],[79.6475,10.7724],[79.6476,10.768],[79.6462,10.7672],[79.6494,10.7679],[79.6524,10.7674],[79.6543,10.7692],[79.6563,10.7678],[79.6579,10.7677],[79.6591,10.7694],[79.6606,10.7698],[79.6626,10.7679],[79.6671,10.7669],[79.6669,10.7653],[79.6665,10.7646],[79.6643,10.7647],[79.664,10.7618],[79.6617,10.7596],[79.6497,10.7619],[79.6475,10.7581],[79.6458,10.759],[79.6427,10.7581],[79.6373,10.7588],[79.6308,10.7566],[79.6271,10.7571],[79.6247,10.7583],[79.623,10.7604],[79.6229,10.7683],[79.6217,10.7691],[79.6219,10.7716],[79.6204,10.7721],[79.6211,10.7748],[79.6162,10.7765],[79.6159,10.7776]],[[79.6427,10.767],[79.6437,10.7676],[79.6395,10.7682],[79.6397,10.7678],[79.6427,10.767]],[[79.6387,10.7684],[79.6387,10.7678],[79.6392,10.7681],[79.6387,10.7684]]]}},{"type":"Feature","bbox":[79.5014,10.693,79.545,10.7245],"properties":{"kind":"town","ulb":"803686","name":"Kuthanallur (M)","wards":24},"geometry":{"type":"Polygon","coordinates":[[[79.5014,10.7035],[79.5021,10.7158],[79.5086,10.7176],[79.5089,10.7218],[79.5118,10.7245],[79.5182,10.7245],[79.5189,10.7219],[79.524,10.7217],[79.5269,10.7207],[79.545,10.7216],[79.5439,10.6964],[79.5425,10.6934],[79.5344,10.6937],[79.5317,10.693],[79.5278,10.6958],[79.5256,10.6961],[79.525,10.6988],[79.5235,10.6991],[79.5194,10.7034],[79.5183,10.7002],[79.517,10.6998],[79.5167,10.6981],[79.5151,10.6976],[79.5144,10.6988],[79.5123,10.6996],[79.5107,10.6992],[79.5105,10.6978],[79.5081,10.698],[79.5078,10.7008],[79.5061,10.7012],[79.5037,10.7033],[79.5014,10.7035]],[[79.5208,10.7044],[79.5216,10.7034],[79.5252,10.7042],[79.525,10.705],[79.5223,10.7052],[79.5217,10.7064],[79.5239,10.7074],[79.5213,10.7081],[79.5208,10.7044]]]}},{"type":"Feature","bbox":[79.4248,10.6468,79.4683,10.6816],"properties":{"kind":"town","ulb":"803687","name":"Mannargudi","wards":33},"geometry":{"type":"Polygon","coordinates":[[[79.4248,10.6608],[79.426,10.6688],[79.4278,10.6695],[79.4307,10.6684],[79.4366,10.6784],[79.4397,10.6795],[79.4406,10.6816],[79.4449,10.6812],[79.4515,10.6772],[79.4554,10.676],[79.468,10.6744],[79.4679,10.6723],[79.4665,10.6711],[79.4652,10.6719],[79.4647,10.6714],[79.4646,10.6691],[79.4662,10.6687],[79.4663,10.6673],[79.4682,10.6671],[79.4683,10.666],[79.4673,10.6616],[79.4655,10.6617],[79.4654,10.663],[79.4639,10.663],[79.4631,10.6495],[79.4623,10.6496],[79.4625,10.6514],[79.4593,10.6513],[79.4583,10.6524],[79.4539,10.6487],[79.4502,10.6487],[79.4498,10.65],[79.4487,10.6492],[79.4449,10.6493],[79.4439,10.6502],[79.4435,10.6495],[79.44,10.6508],[79.4376,10.6468],[79.434,10.6473],[79.4352,10.6549],[79.436,10.6562],[79.4349,10.6593],[79.4341,10.6597],[79.4325,10.6586],[79.4302,10.6587],[79.4278,10.6607],[79.4248,10.6608]],[[79.4436,10.6679],[79.4409,10.6678],[79.4409,10.6663],[79.4435,10.6662],[79.4436,10.6679]]]}},{"type":"Feature","bbox":[79.6251,10.4946,79.6556,10.5539],"properties":{"kind":"town","ulb":"803688","name":"Thiruthuraipoondi","wards":24},"geometry":{"type":"Polygon","coordinates":[[[79.6251,10.5364],[79.6252,10.5424],[79.6279,10.5425],[79.6281,10.5435],[79.6305,10.544],[79.637,10.5445],[79.6387,10.5461],[79.6403,10.5463],[79.6399,10.5477],[79.6391,10.5477],[79.6375,10.5493],[79.6387,10.5539],[79.6444,10.5496],[79.6521,10.5481],[79.6549,10.5458],[79.6547,10.5414],[79.653,10.5395],[79.6525,10.5373],[79.6475,10.5324],[79.6477,10.5307],[79.6469,10.5288],[79.6492,10.5265],[79.6519,10.5257],[79.6528,10.5213],[79.6556,10.5213],[79.6555,10.5205],[79.6529,10.5198],[79.6541,10.5172],[79.6528,10.5168],[79.6507,10.5166],[79.6476,10.5199],[79.6478,10.5136],[79.6486,10.5128],[79.6483,10.4946],[79.6385,10.4967],[79.6383,10.5],[79.6397,10.5009],[79.6406,10.4989],[79.6424,10.4988],[79.6424,10.5011],[79.6393,10.5037],[79.6384,10.5084],[79.6372,10.5086],[79.6368,10.5109],[79.6337,10.5129],[79.6349,10.5159],[79.6326,10.5169],[79.6318,10.5191],[79.6302,10.5193],[79.6303,10.5204],[79.6254,10.5212],[79.6272,10.5318],[79.6251,10.5364]],[[79.6356,10.5408],[79.635,10.541],[79.6345,10.5383],[79.6349,10.5384],[79.6356,10.5408]]]}},{"type":"Feature","bbox":[79.3316,10.96,79.3342,10.9649],"properties":{"kind":"town","ulb":"803698","name":"Swamimalai","wards":1},"geometry":{"type":"Polygon","coordinates":[[[79.3316,10.9649],[79.3335,10.9649],[79.3342,10.9601],[79.333,10.96],[79.332,10.9615],[79.3316,10.9649]]]}},{"type":"Feature","bbox":[79.2086,10.8336,79.2717,10.8673],"properties":{"kind":"town","ulb":"803702","name":"Melattur","wards":15},"geometry":{"type":"Polygon","coordinates":[[[79.2086,10.8405],[79.2105,10.8462],[79.2166,10.8479],[79.223,10.8628],[79.2243,10.8643],[79.2345,10.8659],[79.2385,10.8651],[79.2389,10.8641],[79.2488,10.867],[79.2534,10.8673],[79.2715,10.8639],[79.2717,10.8602],[79.27,10.8573],[79.2553,10.8579],[79.2527,10.8547],[79.2535,10.8545],[79.2557,10.8573],[79.2692,10.8567],[79.2699,10.8366],[79.2495,10.8376],[79.2383,10.8355],[79.238,10.8382],[79.2374,10.8379],[79.2373,10.8341],[79.2283,10.8336],[79.2264,10.8369],[79.2265,10.8463],[79.2258,10.8492],[79.2137,10.8403],[79.2096,10.8389],[79.2086,10.8405]],[[79.2525,10.8399],[79.2535,10.8399],[79.2552,10.8534],[79.2545,10.8531],[79.2525,10.8399]],[[79.228,10.8504],[79.2282,10.8498],[79.2333,10.8522],[79.2341,10.8508],[79.2423,10.8526],[79.2344,10.8518],[79.2336,10.8532],[79.228,10.8504]]]}},{"type":"Feature","bbox":[79.2458,10.6202,79.2631,10.6335],"properties":{"kind":"town","ulb":"803709","name":"orathanadu","wards":15},"geometry":{"type":"Polygon","coordinates":[[[79.2458,10.6304],[79.2506,10.6305],[79.2509,10.6313],[79.255,10.6316],[79.2559,10.6335],[79.2565,10.6325],[79.2585,10.6326],[79.2586,10.6298],[79.2631,10.6291],[79.2615,10.6239],[79.2581,10.6237],[79.2577,10.621],[79.2547,10.6212],[79.2547,10.6202],[79.2526,10.6209],[79.251,10.6238],[79.2489,10.6234],[79.2488,10.6211],[79.2472,10.621],[79.2458,10.6304]],[[79.255,10.6294],[79.2542,10.6287],[79.2551,10.6288],[79.255,10.6294]],[[79.2519,10.6265],[79.2525,10.6268],[79.2522,10.6276],[79.2516,10.6274],[79.2519,10.6265]],[[79.2511,10.6245],[79.2502,10.6254],[79.2502,10.6245],[79.2511,10.6245]]]}},{"type":"Feature","bbox":[79.2935,10.4066,79.3396,10.4394],"properties":{"kind":"town","ulb":"803711","name":"Pattukkottai L","wards":33},"geometry":{"type":"Polygon","coordinates":[[[79.2935,10.4244],[79.3047,10.4271],[79.2984,10.4338],[79.3019,10.4333],[79.3046,10.4318],[79.3082,10.4322],[79.308,10.4332],[79.302,10.4355],[79.3049,10.4384],[79.307,10.4394],[79.3077,10.4356],[79.3142,10.4356],[79.3212,10.4308],[79.3233,10.4318],[79.3246,10.4309],[79.3266,10.4317],[79.3271,10.4327],[79.3332,10.4345],[79.3351,10.4333],[79.3396,10.4281],[79.3355,10.4268],[79.3349,10.4233],[79.3334,10.4235],[79.3325,10.4223],[79.3283,10.4219],[79.3285,10.4183],[79.3305,10.4152],[79.3316,10.4152],[79.3331,10.412],[79.3327,10.4085],[79.3312,10.4068],[79.3297,10.4066],[79.3181,10.4134],[79.3177,10.4106],[79.3163,10.4102],[79.3162,10.4092],[79.3103,10.4094],[79.3076,10.4104],[79.3033,10.4068],[79.301,10.4071],[79.2963,10.4168],[79.2959,10.4204],[79.2935,10.4244]],[[79.3171,10.4212],[79.3181,10.4208],[79.3181,10.4226],[79.3177,10.4225],[79.3171,10.4212]]]}},{"type":"Feature","bbox":[79.3711,10.3316,79.3966,10.3514],"properties":{"kind":"town","ulb":"803712","name":"Adirampattinam","wards":21},"geometry":{"type":"Polygon","coordinates":[[[79.3711,10.3415],[79.3733,10.3417],[79.3725,10.3502],[79.3769,10.3501],[79.3782,10.3493],[79.3921,10.3514],[79.3912,10.3445],[79.3886,10.3437],[79.3898,10.3417],[79.3915,10.3424],[79.3966,10.3382],[79.3905,10.334],[79.3841,10.3316],[79.3811,10.3373],[79.3796,10.3368],[79.3787,10.3373],[79.3739,10.3345],[79.3712,10.3357],[79.3711,10.3415]]]}},{"type":"Feature","bbox":[78.7939,10.347,78.8419,10.4058],"properties":{"kind":"town","ulb":"803718","name":"Pudukkottai","wards":42},"geometry":{"type":"Polygon","coordinates":[[[78.7939,10.3818],[78.7957,10.3871],[78.7955,10.3892],[78.7983,10.3911],[78.7977,10.394],[78.7987,10.3948],[78.7988,10.3973],[78.8011,10.3974],[78.801,10.3991],[78.8,10.3997],[78.7981,10.3992],[78.7957,10.4008],[78.7979,10.4032],[78.8097,10.4058],[78.8207,10.405],[78.8194,10.402],[78.8227,10.3995],[78.8242,10.4007],[78.8284,10.401],[78.8313,10.4021],[78.8325,10.4014],[78.8322,10.3999],[78.8296,10.3965],[78.8294,10.3949],[78.8303,10.3942],[78.8301,10.3925],[78.8334,10.3921],[78.8347,10.3912],[78.835,10.3883],[78.8387,10.3859],[78.8379,10.381],[78.839,10.3799],[78.8384,10.3773],[78.8419,10.3757],[78.8403,10.3735],[78.8382,10.3741],[78.8373,10.3734],[78.8368,10.3701],[78.8413,10.3673],[78.8413,10.3665],[78.8382,10.3664],[78.8368,10.3655],[78.837,10.3634],[78.8348,10.3604],[78.8317,10.3597],[78.8299,10.357],[78.8291,10.3539],[78.831,10.3523],[78.831,10.3498],[78.8242,10.3497],[78.824,10.347],[78.8205,10.3495],[78.8194,10.3537],[78.8161,10.3557],[78.8139,10.3556],[78.8129,10.3585],[78.811,10.3603],[78.8051,10.361],[78.8017,10.3637],[78.802,10.3669],[78.8034,10.3674],[78.8017,10.3725],[78.7946,10.3769],[78.7949,10.3808],[78.7939,10.3818]]]}},{"type":"Feature","bbox":[78.9752,10.1535,79.0115,10.1867],"properties":{"kind":"town","ulb":"803724","name":"Aranthangi","wards":27},"geometry":{"type":"Polygon","coordinates":[[[78.9752,10.1807],[78.976,10.1819],[78.9769,10.1807],[78.983,10.1788],[78.9834,10.1775],[78.9859,10.177],[78.988,10.1754],[78.9924,10.1746],[78.9932,10.176],[78.9945,10.1757],[78.9965,10.1797],[78.9976,10.1798],[78.9985,10.1822],[79.0001,10.1828],[79.0006,10.1848],[79.0023,10.1843],[79.0037,10.186],[79.0055,10.1867],[79.0086,10.1859],[79.0115,10.1822],[79.008,10.1758],[79.0085,10.1748],[79.0092,10.1753],[79.0094,10.1734],[79.0055,10.1703],[79.01,10.17],[79.0088,10.1682],[79.0084,10.1591],[79.0065,10.1585],[79.001,10.1607],[78.9984,10.1593],[78.9944,10.162],[78.9943,10.1603],[78.9954,10.1583],[78.9951,10.1535],[78.9907,10.1564],[78.9871,10.1575],[78.985,10.159],[78.9856,10.1603],[78.9801,10.1654],[78.98,10.1685],[78.981,10.1698],[78.9784,10.1733],[78.9786,10.1776],[78.9752,10.1807]]]}},{"type":"Feature","bbox":[78.7284,10.0191,78.8109,10.1131],"properties":{"kind":"town","ulb":"803733","name":"Karaikudi","wards":36},"geometry":{"type":"Polygon","coordinates":[[[78.7284,10.0977],[78.7346,10.1084],[78.7457,10.106],[78.7536,10.107],[78.7593,10.1054],[78.7597,10.1114],[78.7646,10.1131],[78.7705,10.1093],[78.7771,10.1065],[78.7811,10.1033],[78.7812,10.1016],[78.784,10.1014],[78.7852,10.0907],[78.7875,10.0876],[78.7889,10.0887],[78.7901,10.085],[78.7919,10.0844],[78.8007,10.0868],[78.8109,10.0881],[78.8109,10.0836],[78.8004,10.0712],[78.7933,10.0662],[78.7932,10.0652],[78.792,10.0643],[78.7903,10.0661],[78.788,10.0634],[78.787,10.0638],[78.7843,10.0616],[78.7766,10.0528],[78.7669,10.0399],[78.74,10.0191],[78.7341,10.0259],[78.7375,10.0277],[78.7371,10.0288],[78.7399,10.0302],[78.7431,10.0298],[78.7446,10.031],[78.7447,10.0334],[78.7434,10.0338],[78.7443,10.0404],[78.7417,10.0463],[78.7397,10.0468],[78.7369,10.0565],[78.7347,10.0595],[78.7357,10.0669],[78.7331,10.0789],[78.7325,10.0875],[78.7284,10.0977]]]}},{"type":"Feature","bbox":[78.7938,9.9326,78.8402,9.9762],"properties":{"kind":"town","ulb":"803734","name":"Devakottai","wards":27},"geometry":{"type":"Polygon","coordinates":[[[78.7943,9.9589],[78.7938,9.9655],[78.7945,9.9762],[78.8121,9.9677],[78.8155,9.9647],[78.819,9.9637],[78.8258,9.9588],[78.828,9.9594],[78.8285,9.9617],[78.8315,9.9609],[78.8344,9.9615],[78.8359,9.9589],[78.8353,9.9542],[78.836,9.9513],[78.8374,9.9505],[78.8398,9.9511],[78.8402,9.9483],[78.8383,9.9475],[78.829,9.9472],[78.8289,9.9407],[78.825,9.9399],[78.8245,9.938],[78.8187,9.934],[78.815,9.9326],[78.8046,9.9346],[78.8073,9.9427],[78.8064,9.9462],[78.8085,9.9459],[78.8103,9.9496],[78.7943,9.9589]]]}},{"type":"Feature","bbox":[78.4738,9.8321,78.5022,9.8644],"properties":{"kind":"town","ulb":"803736","name":"Sivagangai","wards":27},"geometry":{"type":"Polygon","coordinates":[[[78.4738,9.8466],[78.4753,9.8469],[78.4789,9.8541],[78.4804,9.8628],[78.4828,9.8637],[78.4903,9.8644],[78.4948,9.8622],[78.4957,9.8604],[78.4995,9.8582],[78.5021,9.8588],[78.5022,9.857],[78.5003,9.8537],[78.4878,9.8362],[78.4864,9.8321],[78.4826,9.8348],[78.4831,9.8367],[78.4738,9.8466]]]}},{"type":"Feature","bbox":[78.4455,9.6815,78.4628,9.7087],"properties":{"kind":"town","ulb":"803738","name":"Manamadurai","wards":17},"geometry":{"type":"Polygon","coordinates":[[[78.4455,9.6899],[78.4474,9.6923],[78.4481,9.6956],[78.4473,9.6979],[78.4484,9.6989],[78.4476,9.7009],[78.4483,9.7015],[78.4476,9.7027],[78.4503,9.7027],[78.4505,9.7015],[78.454,9.7007],[78.4545,9.7079],[78.4567,9.7087],[78.4587,9.7078],[78.4613,9.7012],[78.4595,9.6983],[78.4589,9.6948],[78.4616,9.6951],[78.4628,9.6887],[78.461,9.6886],[78.4589,9.687],[78.4579,9.6904],[78.4546,9.6901],[78.4545,9.6893],[78.4522,9.689],[78.4521,9.6871],[78.449,9.6854],[78.4509,9.685],[78.4507,9.6815],[78.4467,9.6815],[78.4455,9.6899]]]}},{"type":"Feature","bbox":[78.3156,9.9962,78.354,10.0436],"properties":{"kind":"town","ulb":"803741","name":"Melur","wards":26},"geometry":{"type":"Polygon","coordinates":[[[78.3156,10.0083],[78.3197,10.0131],[78.3195,10.0188],[78.3181,10.0194],[78.3195,10.0209],[78.3194,10.0233],[78.3186,10.0236],[78.3253,10.0272],[78.3251,10.0322],[78.3285,10.0361],[78.3258,10.0367],[78.3204,10.0352],[78.3169,10.0378],[78.3183,10.0397],[78.3218,10.0407],[78.3252,10.0405],[78.3258,10.041],[78.3251,10.0431],[78.3268,10.0436],[78.3322,10.0425],[78.333,10.0404],[78.3414,10.0419],[78.3446,10.0409],[78.3469,10.0417],[78.3472,10.0425],[78.3495,10.0422],[78.3506,10.0376],[78.3536,10.0349],[78.3532,10.0316],[78.3516,10.0306],[78.3514,10.0294],[78.3517,10.0269],[78.3529,10.0267],[78.354,10.0253],[78.353,10.0164],[78.3519,10.0151],[78.3493,10.0145],[78.3501,10.0056],[78.3465,10.0059],[78.3461,10.0081],[78.3446,10.0079],[78.3443,10.009],[78.3382,10.0094],[78.3379,10.008],[78.335,10.008],[78.3326,10.0064],[78.333,10.0035],[78.3322,10.0028],[78.3304,10.003],[78.3288,10.0005],[78.3271,10.0014],[78.3272,10.0007],[78.3255,9.9999],[78.3257,9.9988],[78.3247,9.9982],[78.3244,9.9965],[78.3197,9.9962],[78.3194,10.0034],[78.3202,10.0045],[78.3187,10.0065],[78.3195,10.0087],[78.319,10.0091],[78.316,10.0077],[78.3156,10.0083]],[[78.334,10.0262],[78.3341,10.0299],[78.3267,10.0272],[78.3259,10.0223],[78.3296,10.0206],[78.334,10.0262]],[[78.3279,10.0314],[78.3282,10.0286],[78.3311,10.0297],[78.3297,10.0303],[78.3284,10.0323],[78.3267,10.0318],[78.3279,10.0314]]]}},{"type":"Feature","bbox":[77.776,9.9498,77.8038,9.9773],"properties":{"kind":"town","ulb":"803749","name":"Usilampatti","wards":24},"geometry":{"type":"MultiPolygon","coordinates":[[[[77.776,9.9614],[77.7776,9.963],[77.7781,9.9654],[77.7778,9.9676],[77.7769,9.9683],[77.7774,9.971],[77.7765,9.9737],[77.7789,9.9761],[77.7805,9.9741],[77.7856,9.9734],[77.7852,9.9716],[77.7866,9.9714],[77.7858,9.9665],[77.7883,9.9651],[77.7896,9.9673],[77.7903,9.9719],[77.8035,9.9675],[77.8038,9.9668],[77.8036,9.9625],[77.8026,9.9631],[77.7995,9.961],[77.7997,9.9598],[77.7983,9.9586],[77.7989,9.9581],[77.799,9.956],[77.7959,9.9541],[77.7965,9.9508],[77.7938,9.9498],[77.7939,9.9514],[77.7931,9.9519],[77.7905,9.9507],[77.7847,9.9525],[77.7819,9.9563],[77.7816,9.9597],[77.7783,9.9611],[77.7767,9.9603],[77.776,9.9614]],[[77.7895,9.9657],[77.791,9.9633],[77.7926,9.9631],[77.7929,9.9655],[77.7895,9.9657]]],[[[77.7906,9.9731],[77.791,9.9759],[77.7937,9.9739],[77.7972,9.9773],[77.7988,9.9772],[77.7998,9.9757],[77.7994,9.971],[77.7962,9.9721],[77.7954,9.9714],[77.7906,9.9731]]]]}},{"type":"Feature","bbox":[77.9681,9.8105,78.0019,9.8422],"properties":{"kind":"town","ulb":"803753","name":"Thirumangalam","wards":27},"geometry":{"type":"Polygon","coordinates":[[[77.9681,9.8422],[77.9786,9.8416],[77.9801,9.8371],[77.9959,9.8384],[78.0015,9.8372],[78.0019,9.8366],[78.0001,9.8345],[78.0004,9.8338],[77.9966,9.8302],[77.9978,9.8288],[77.9976,9.8259],[77.9974,9.825],[77.9962,9.8249],[77.9959,9.82],[77.9944,9.8202],[77.9948,9.8177],[77.9938,9.8163],[77.9869,9.8176],[77.9852,9.8105],[77.9812,9.8126],[77.9772,9.8161],[77.9755,9.8189],[77.9738,9.8248],[77.9726,9.8262],[77.9707,9.8367],[77.9681,9.8422]]]}},{"type":"Feature","bbox":[77.3243,10.0012,77.3637,10.0309],"properties":{"kind":"town","ulb":"803760","name":"Bodinayakanur","wards":33},"geometry":{"type":"Polygon","coordinates":[[[77.3243,10.0208],[77.3256,10.0217],[77.3285,10.0211],[77.3319,10.0295],[77.3383,10.0263],[77.3394,10.0308],[77.3429,10.0309],[77.3446,10.029],[77.347,10.0299],[77.3483,10.0277],[77.3508,10.0287],[77.3563,10.0224],[77.3602,10.0233],[77.3616,10.0224],[77.3612,10.0181],[77.3637,10.0181],[77.3614,10.0106],[77.3591,10.0075],[77.3603,10.0046],[77.359,10.0041],[77.3588,10.0012],[77.3524,10.0022],[77.3523,10.0037],[77.3512,10.0033],[77.3432,10.005],[77.3438,10.0079],[77.3419,10.0134],[77.3377,10.0151],[77.3338,10.0183],[77.3297,10.0201],[77.3247,10.019],[77.3243,10.0208]]]}},{"type":"Feature","bbox":[77.53,10.1164,77.5561,10.1339],"properties":{"kind":"town","ulb":"803767","name":"Periyakulam","wards":30},"geometry":{"type":"Polygon","coordinates":[[[77.53,10.1237],[77.5305,10.1251],[77.5347,10.1268],[77.5371,10.1245],[77.5381,10.1254],[77.539,10.1251],[77.5407,10.1289],[77.5404,10.1306],[77.5416,10.1298],[77.5422,10.1311],[77.5431,10.1303],[77.5444,10.1307],[77.5449,10.1339],[77.546,10.1339],[77.5465,10.1284],[77.5451,10.1265],[77.5478,10.1253],[77.5509,10.1267],[77.5536,10.1257],[77.5561,10.1218],[77.5556,10.1199],[77.5473,10.1201],[77.5466,10.1164],[77.5462,10.1173],[77.5389,10.1184],[77.5384,10.1202],[77.5373,10.1205],[77.537,10.1215],[77.5305,10.1226],[77.53,10.1237]]]}},{"type":"Feature","bbox":[77.4721,9.9966,77.5086,10.0361],"properties":{"kind":"town","ulb":"803769","name":"Theni-Allinagaram","wards":33},"geometry":{"type":"Polygon","coordinates":[[[77.4721,10.0097],[77.4738,10.0111],[77.4747,10.0147],[77.4742,10.0282],[77.4732,10.0286],[77.4765,10.0361],[77.492,10.03],[77.4888,10.0237],[77.4847,10.02],[77.484,10.0183],[77.4854,10.0181],[77.4893,10.0148],[77.4929,10.0192],[77.4939,10.0188],[77.4934,10.0169],[77.494,10.0163],[77.4878,10.01],[77.487,10.0061],[77.4906,10.0055],[77.496,10.0187],[77.5044,10.0141],[77.5086,10.0086],[77.508,10.0006],[77.5073,9.9991],[77.5044,9.9984],[77.502,9.9967],[77.4999,9.9966],[77.4978,9.9981],[77.4955,9.9977],[77.4946,10.0004],[77.4926,10.0021],[77.4906,10.0009],[77.4873,10.0018],[77.4829,10.0016],[77.4822,10.0026],[77.4807,10.0014],[77.4808,10.0024],[77.4789,10.0057],[77.4776,10.0054],[77.4721,10.0097]]]}},{"type":"Feature","bbox":[77.4594,9.9929,77.4822,10.0095],"properties":{"kind":"town","ulb":"803770","name":"Palanichettipatti","wards":14},"geometry":{"type":"Polygon","coordinates":[[[77.4594,9.9967],[77.4629,10.0013],[77.4649,10.0075],[77.4663,10.0083],[77.4716,10.0095],[77.4738,10.0089],[77.4751,10.0066],[77.4775,10.0051],[77.4788,10.0056],[77.4806,10.0023],[77.4804,10.001],[77.4822,10.002],[77.481,9.9995],[77.4796,9.9993],[77.4786,10.0002],[77.4754,9.9992],[77.4715,9.9998],[77.4694,9.9977],[77.4672,9.9929],[77.4623,9.9938],[77.4629,9.9954],[77.4617,9.9958],[77.4613,9.9952],[77.4594,9.9967]]]}},{"type":"Feature","bbox":[77.3745,9.8304,77.3954,9.8513],"properties":{"kind":"town","ulb":"803777","name":"Chinnamanur","wards":27},"geometry":{"type":"Polygon","coordinates":[[[77.3745,9.8408],[77.3753,9.8436],[77.3822,9.8513],[77.3933,9.8455],[77.3941,9.8431],[77.3935,9.8417],[77.3954,9.841],[77.3913,9.8337],[77.3899,9.8339],[77.3893,9.8324],[77.3873,9.8328],[77.3871,9.8304],[77.385,9.8311],[77.3835,9.8326],[77.3819,9.8328],[77.3813,9.8317],[77.3792,9.8326],[77.3788,9.8342],[77.3807,9.8354],[77.3795,9.837],[77.3755,9.8339],[77.376,9.8362],[77.3745,9.8408]]]}},{"type":"Feature","bbox":[77.2738,9.7244,77.2943,9.7495],"properties":{"kind":"town","ulb":"803783","name":"Cumbum","wards":33},"geometry":{"type":"Polygon","coordinates":[[[77.2738,9.7338],[77.2753,9.736],[77.2747,9.7366],[77.275,9.7387],[77.2769,9.7438],[77.2783,9.7452],[77.2785,9.7473],[77.2795,9.7484],[77.2853,9.7475],[77.2873,9.7477],[77.2899,9.7495],[77.2943,9.7478],[77.2933,9.7447],[77.2931,9.7407],[77.2941,9.739],[77.2932,9.738],[77.2924,9.7387],[77.291,9.7384],[77.2914,9.7361],[77.2922,9.7359],[77.2914,9.7353],[77.2919,9.7329],[77.29,9.7318],[77.2877,9.7273],[77.2877,9.7244],[77.283,9.7262],[77.2828,9.7269],[77.2785,9.7271],[77.2742,9.7286],[77.2753,9.7315],[77.2744,9.7321],[77.2756,9.7335],[77.2738,9.7338]]]}},{"type":"Feature","bbox":[77.2335,9.666,77.2557,9.6884],"properties":{"kind":"town","ulb":"803784","name":"Gudalur","wards":21},"geometry":{"type":"Polygon","coordinates":[[[77.2335,9.6682],[77.2342,9.6705],[77.2351,9.6712],[77.2373,9.6701],[77.2381,9.6712],[77.2369,9.6719],[77.2399,9.6777],[77.2394,9.6795],[77.2404,9.682],[77.2399,9.6837],[77.2514,9.6884],[77.2557,9.6855],[77.2553,9.6812],[77.251,9.6745],[77.2486,9.6741],[77.2452,9.6753],[77.2382,9.6713],[77.2379,9.6683],[77.2369,9.6665],[77.2358,9.666],[77.2341,9.6664],[77.2335,9.6682]]]}},{"type":"Feature","bbox":[78.0801,9.4906,78.1159,9.5259],"properties":{"kind":"town","ulb":"803801","name":"Aruppukkottai","wards":36},"geometry":{"type":"Polygon","coordinates":[[[78.0801,9.5138],[78.0809,9.515],[78.0889,9.5192],[78.0896,9.5222],[78.0923,9.5259],[78.1133,9.5237],[78.112,9.5114],[78.1159,9.5064],[78.1159,9.5019],[78.1068,9.504],[78.1059,9.5022],[78.105,9.5021],[78.1009,9.492],[78.0993,9.4906],[78.0963,9.4927],[78.0964,9.4954],[78.0894,9.4993],[78.0828,9.5053],[78.0836,9.5065],[78.0839,9.5114],[78.0805,9.5121],[78.0801,9.5138]]]}},{"type":"Feature","bbox":[77.906,9.3473,77.9292,9.3643],"properties":{"kind":"town","ulb":"803802","name":"Sattur","wards":24},"geometry":{"type":"Polygon","coordinates":[[[77.906,9.3525],[77.907,9.3579],[77.9067,9.362],[77.909,9.3631],[77.9132,9.3643],[77.9203,9.3635],[77.9243,9.3641],[77.9245,9.361],[77.9292,9.3593],[77.9291,9.3516],[77.9283,9.349],[77.9188,9.3473],[77.9149,9.3499],[77.906,9.3525]]]}},{"type":"Feature","bbox":[78.5754,9.5332,78.6061,9.5589],"properties":{"kind":"town","ulb":"803805","name":"Paramakudi","wards":36},"geometry":{"type":"MultiPolygon","coordinates":[[[[78.5754,9.5521],[78.5764,9.5558],[78.5856,9.5529],[78.5962,9.545],[78.6,9.541],[78.6017,9.538],[78.6003,9.5395],[78.5995,9.539],[78.6004,9.5376],[78.5999,9.5352],[78.5987,9.5353],[78.5975,9.5332],[78.5915,9.5388],[78.5873,9.5376],[78.5845,9.5387],[78.5837,9.5398],[78.5843,9.545],[78.5754,9.5521]]],[[[78.5774,9.5579],[78.5783,9.5589],[78.5853,9.5573],[78.5861,9.5565],[78.5871,9.5583],[78.6022,9.554],[78.6017,9.5499],[78.6041,9.5474],[78.6061,9.5406],[78.6053,9.5398],[78.5961,9.5495],[78.5937,9.5511],[78.5774,9.5579]]]]}},{"type":"Feature","bbox":[78.8164,9.3568,78.8477,9.3774],"properties":{"kind":"town","ulb":"803810","name":"Ramanathapuram","wards":33},"geometry":{"type":"Polygon","coordinates":[[[78.8168,9.3637],[78.8164,9.3709],[78.8179,9.3722],[78.8258,9.3768],[78.8338,9.3774],[78.8439,9.377],[78.8474,9.3759],[78.8477,9.3751],[78.8432,9.3568],[78.8292,9.3605],[78.8216,9.3605],[78.8168,9.3637]]]}},{"type":"Feature","bbox":[78.7742,9.2242,78.7953,9.2398],"properties":{"kind":"town","ulb":"803812","name":"Keelakarai","wards":21},"geometry":{"type":"Polygon","coordinates":[[[78.7742,9.2324],[78.7775,9.2371],[78.7815,9.2398],[78.7847,9.2395],[78.7869,9.2385],[78.7868,9.2371],[78.791,9.2364],[78.7931,9.2344],[78.7949,9.2342],[78.7953,9.2316],[78.794,9.2298],[78.7866,9.2289],[78.7751,9.2242],[78.7753,9.2305],[78.7742,9.2324]]]}},{"type":"Feature","bbox":[77.8537,9.1562,77.8867,9.1935],"properties":{"kind":"town","ulb":"803814","name":"Kovilpatti","wards":36},"geometry":{"type":"Polygon","coordinates":[[[77.8537,9.1859],[77.8566,9.1871],[77.8567,9.1911],[77.8615,9.1916],[77.8615,9.1857],[77.8604,9.1855],[77.8603,9.1835],[77.8635,9.1836],[77.8644,9.1824],[77.8715,9.1823],[77.8753,9.1852],[77.8759,9.1865],[77.8741,9.1864],[77.8736,9.1876],[77.8744,9.1913],[77.8753,9.1916],[77.8756,9.1928],[77.8767,9.1935],[77.8778,9.1897],[77.8802,9.1907],[77.8803,9.1928],[77.8852,9.192],[77.8867,9.1834],[77.8814,9.1809],[77.8805,9.178],[77.8793,9.1771],[77.8805,9.1754],[77.8854,9.1756],[77.8854,9.1742],[77.8809,9.172],[77.8811,9.1702],[77.8727,9.1652],[77.867,9.1642],[77.8654,9.1632],[77.8603,9.163],[77.8597,9.1562],[77.8555,9.1585],[77.858,9.1655],[77.8558,9.1702],[77.8614,9.1739],[77.8613,9.1794],[77.8596,9.1855],[77.8537,9.1859]]]}},{"type":"Feature","bbox":[78.0704,8.7219,78.1783,8.8481],"properties":{"kind":"town","ulb":"803821","name":"Thoothukudi","wards":60},"geometry":{"type":"MultiPolygon","coordinates":[[[[78.0998,8.7294],[78.1008,8.7382],[78.104,8.7425],[78.1049,8.7431],[78.1165,8.7424],[78.1188,8.7465],[78.1187,8.7523],[78.113,8.7527],[78.1128,8.754],[78.1112,8.7541],[78.1094,8.7517],[78.1082,8.7522],[78.1098,8.754],[78.1083,8.7533],[78.1071,8.7541],[78.109,8.7558],[78.1092,8.7575],[78.1116,8.7603],[78.1136,8.7655],[78.1102,8.7701],[78.1266,8.7682],[78.1305,8.7654],[78.1309,8.7637],[78.1327,8.7639],[78.1422,8.7572],[78.1427,8.759],[78.1437,8.7598],[78.1515,8.7585],[78.1503,8.7541],[78.1641,8.7527],[78.1609,8.7506],[78.1545,8.7513],[78.1529,8.7505],[78.152,8.7432],[78.1533,8.7447],[78.1543,8.7497],[78.1626,8.75],[78.1692,8.757],[78.1783,8.7567],[78.1768,8.7525],[78.1699,8.749],[78.164,8.744],[78.1534,8.7321],[78.1529,8.7303],[78.1423,8.7314],[78.1343,8.7289],[78.126,8.7276],[78.1258,8.7299],[78.1251,8.728],[78.127,8.7268],[78.1254,8.7222],[78.1224,8.7231],[78.1217,8.7223],[78.1194,8.7229],[78.1188,8.7219],[78.1161,8.7219],[78.1117,8.7223],[78.1116,8.7229],[78.1066,8.7245],[78.1067,8.7275],[78.0998,8.7294]],[[78.134,8.7358],[78.1318,8.7339],[78.1349,8.7354],[78.1348,8.7419],[78.15,8.7403],[78.1508,8.7414],[78.1342,8.744],[78.1331,8.738],[78.134,8.7358]],[[78.1268,8.7316],[78.1264,8.7311],[78.1266,8.7307],[78.1274,8.7312],[78.1268,8.7316]],[[78.1158,8.7581],[78.1266,8.7635],[78.1207,8.7617],[78.1158,8.7581]]],[[[78.1268,8.7815],[78.1289,8.782],[78.1295,8.7835],[78.1395,8.7826],[78.1367,8.7764],[78.1343,8.7745],[78.1324,8.767],[78.1238,8.7719],[78.1268,8.7815]]],[[[78.0712,8.8143],[78.0705,8.8148],[78.0721,8.8203],[78.0732,8.8206],[78.0727,8.8276],[78.0759,8.8321],[78.0788,8.8305],[78.0893,8.8443],[78.0985,8.8481],[78.1064,8.8471],[78.1133,8.8442],[78.1181,8.8449],[78.1216,8.8443],[78.1219,8.8455],[78.125,8.8445],[78.1284,8.8407],[78.1297,8.8378],[78.1318,8.8377],[78.1325,8.837],[78.131,8.8355],[78.1309,8.8339],[78.1346,8.8334],[78.1343,8.8307],[78.135,8.8288],[78.1369,8.8287],[78.137,8.8276],[78.1401,8.8273],[78.1426,8.8261],[78.145,8.8239],[78.1474,8.824],[78.1475,8.8254],[78.1506,8.8253],[78.1507,8.8284],[78.1543,8.8278],[78.1599,8.831],[78.1596,8.8258],[78.1581,8.8257],[78.1577,8.8237],[78.1632,8.824],[78.1618,8.8195],[78.1585,8.8194],[78.1592,8.8144],[78.1587,8.814],[78.16,8.8138],[78.1582,8.8095],[78.157,8.8094],[78.1566,8.8055],[78.155,8.8056],[78.1542,8.8042],[78.1557,8.8039],[78.1533,8.7986],[78.1552,8.7981],[78.1548,8.7926],[78.1508,8.793],[78.1422,8.7919],[78.1411,8.788],[78.139,8.7877],[78.1404,8.7873],[78.1402,8.7838],[78.129,8.7848],[78.129,8.7873],[78.1284,8.7875],[78.1281,8.7825],[78.1263,8.7826],[78.122,8.77],[78.1044,8.772],[78.1048,8.7761],[78.1066,8.7812],[78.1015,8.7815],[78.1001,8.7836],[78.0912,8.7854],[78.0922,8.7949],[78.0859,8.7963],[78.0862,8.7979],[78.0779,8.8025],[78.0704,8.81],[78.0712,8.8143]],[[78.1548,8.8224],[78.1544,8.8234],[78.1543,8.8225],[78.1548,8.8224]],[[78.1515,8.7958],[78.1508,8.7953],[78.1511,8.795],[78.1515,8.7958]]]]}},{"type":"Feature","bbox":[77.3228,9.1541,77.4272,9.2285],"properties":{"kind":"town","ulb":"803839","name":"Puliyangudi","wards":31},"geometry":{"type":"Polygon","coordinates":[[[77.3228,9.2049],[77.3237,9.206],[77.329,9.2065],[77.3332,9.2055],[77.3402,9.2053],[77.3422,9.2053],[77.343,9.2061],[77.3437,9.2087],[77.3428,9.2128],[77.3445,9.2162],[77.3404,9.2168],[77.3374,9.2191],[77.3352,9.2198],[77.3319,9.2234],[77.3326,9.2242],[77.3514,9.2245],[77.3591,9.2264],[77.3615,9.2285],[77.3679,9.2283],[77.3777,9.2222],[77.3805,9.222],[77.3823,9.223],[77.3844,9.2222],[77.3898,9.2168],[77.3883,9.2113],[77.3912,9.2077],[77.3967,9.208],[77.3982,9.2093],[77.3979,9.2122],[77.3988,9.2133],[77.4068,9.2137],[77.4108,9.2154],[77.4114,9.2128],[77.4148,9.2129],[77.4203,9.21],[77.4234,9.2093],[77.4232,9.2077],[77.4208,9.2056],[77.4216,9.203],[77.4204,9.2017],[77.4198,9.1983],[77.418,9.1957],[77.4192,9.1923],[77.4229,9.1914],[77.4269,9.186],[77.427,9.1796],[77.4225,9.1767],[77.4272,9.17],[77.4272,9.1681],[77.4254,9.1656],[77.4262,9.1615],[77.4254,9.1576],[77.4225,9.1548],[77.408,9.1541],[77.3981,9.1662],[77.3944,9.1662],[77.3944,9.1696],[77.3937,9.1693],[77.3932,9.1662],[77.39,9.1658],[77.3744,9.1685],[77.37,9.1676],[77.3677,9.169],[77.3661,9.1716],[77.3634,9.1731],[77.3596,9.172],[77.3575,9.1742],[77.3535,9.1737],[77.3516,9.1748],[77.3485,9.1785],[77.338,9.1825],[77.3367,9.1853],[77.3343,9.1857],[77.3367,9.1898],[77.3386,9.1915],[77.3381,9.1927],[77.3424,9.1939],[77.3436,9.195],[77.3439,9.1973],[77.3429,9.1979],[77.338,9.1974],[77.3367,9.1959],[77.3315,9.1949],[77.3292,9.1934],[77.3293,9.1967],[77.3263,9.1995],[77.3285,9.2012],[77.3281,9.2029],[77.3232,9.204],[77.3228,9.2049]],[[77.3944,9.1728],[77.3938,9.1705],[77.3944,9.1698],[77.3969,9.1743],[77.3959,9.1745],[77.3944,9.1728]],[[77.3924,9.1789],[77.3948,9.1785],[77.3952,9.1806],[77.3924,9.1802],[77.3924,9.1789]]]}},{"type":"Feature","bbox":[77.5186,9.1646,77.5598,9.1895],"properties":{"kind":"town","ulb":"803841","name":"Sankarankovil","wards":29},"geometry":{"type":"Polygon","coordinates":[[[77.5186,9.1666],[77.5186,9.1755],[77.5234,9.1752],[77.5227,9.1811],[77.5214,9.1831],[77.5212,9.1854],[77.5203,9.1861],[77.5204,9.1887],[77.5232,9.1895],[77.5271,9.1894],[77.5285,9.1842],[77.5345,9.1857],[77.5429,9.1858],[77.5471,9.1755],[77.5507,9.1703],[77.5578,9.1692],[77.5598,9.1658],[77.5533,9.1646],[77.5455,9.1676],[77.543,9.1654],[77.5407,9.1667],[77.5405,9.169],[77.5381,9.1689],[77.5368,9.1662],[77.5352,9.1667],[77.5347,9.1657],[77.5284,9.1689],[77.5265,9.1657],[77.5221,9.1654],[77.5186,9.1666]],[[77.5369,9.1721],[77.5364,9.1709],[77.5372,9.1703],[77.5375,9.1719],[77.5369,9.1721]],[[77.5312,9.1726],[77.5337,9.1736],[77.5316,9.1741],[77.5313,9.1751],[77.5296,9.1753],[77.526,9.1735],[77.5312,9.1726]]]}},{"type":"Feature","bbox":[77.4112,8.9639,77.4588,8.9872],"properties":{"kind":"town","ulb":"803842","name":"Surandai","wards":27},"geometry":{"type":"MultiPolygon","coordinates":[[[[77.4266,8.9683],[77.4277,8.9717],[77.4289,8.9712],[77.4303,8.9726],[77.4331,8.9724],[77.4329,8.9737],[77.4335,8.9743],[77.436,8.9746],[77.4382,8.9805],[77.44,8.9816],[77.4517,8.9842],[77.4588,8.9847],[77.4572,8.9797],[77.4463,8.9639],[77.4403,8.9649],[77.4361,8.9674],[77.4348,8.9654],[77.4304,8.9659],[77.4271,8.9668],[77.4266,8.9683]]],[[[77.4112,8.981],[77.4114,8.9822],[77.4148,8.9822],[77.4164,8.9845],[77.4231,8.9872],[77.4255,8.987],[77.4242,8.982],[77.4265,8.9818],[77.4285,8.9836],[77.4307,8.9829],[77.4306,8.9811],[77.426,8.9772],[77.4239,8.9741],[77.4235,8.9718],[77.4228,8.9718],[77.4248,8.9674],[77.4239,8.9663],[77.4197,8.967],[77.4199,8.9705],[77.4181,8.9712],[77.4176,8.9722],[77.4152,8.9723],[77.4151,8.9738],[77.413,8.9742],[77.413,8.9768],[77.4147,8.977],[77.4147,8.9783],[77.4133,8.9786],[77.4136,8.9795],[77.4126,8.9808],[77.4112,8.981]],[[77.4212,8.9778],[77.4212,8.977],[77.4223,8.9769],[77.4229,8.978],[77.4212,8.9778]]]]}},{"type":"Feature","bbox":[77.2619,9.0549,77.3716,9.1388],"properties":{"kind":"town","ulb":"803843","name":"Kadayanallur","wards":33},"geometry":{"type":"Polygon","coordinates":[[[77.2619,9.1299],[77.2716,9.1323],[77.2764,9.1321],[77.2921,9.1374],[77.2969,9.1369],[77.2995,9.1345],[77.3066,9.1373],[77.3072,9.1388],[77.3098,9.136],[77.3138,9.1354],[77.3148,9.1326],[77.3172,9.1316],[77.32,9.1329],[77.3221,9.1329],[77.3241,9.1308],[77.329,9.1295],[77.3298,9.1306],[77.3316,9.1307],[77.3327,9.1334],[77.3365,9.1313],[77.3368,9.1302],[77.3378,9.1302],[77.3383,9.1282],[77.3414,9.1279],[77.342,9.1199],[77.3493,9.1201],[77.3494,9.1178],[77.3476,9.1178],[77.3475,9.1163],[77.3546,9.116],[77.3546,9.1124],[77.3623,9.111],[77.3624,9.1083],[77.3646,9.1079],[77.3655,9.1087],[77.3716,9.1062],[77.3679,9.0986],[77.3688,9.0983],[77.3701,9.0947],[77.3643,9.0935],[77.3626,9.0939],[77.3624,9.0922],[77.3603,9.092],[77.3648,9.0856],[77.3623,9.0822],[77.3633,9.0816],[77.3624,9.0793],[77.3612,9.0786],[77.3612,9.0751],[77.3587,9.0724],[77.3577,9.0689],[77.3564,9.067],[77.3508,9.0676],[77.3507,9.0699],[77.3496,9.071],[77.3491,9.0619],[77.3467,9.0619],[77.3481,9.0576],[77.3476,9.0549],[77.3379,9.0552],[77.3294,9.0569],[77.3259,9.0594],[77.3213,9.0602],[77.3185,9.0669],[77.3182,9.0684],[77.319,9.0698],[77.3176,9.071],[77.3167,9.077],[77.3128,9.0788],[77.2965,9.097],[77.2965,9.0994],[77.2906,9.1066],[77.2906,9.1089],[77.2777,9.117],[77.2673,9.1272],[77.2619,9.1299]]]}},{"type":"Feature","bbox":[77.2745,8.6229,77.4078,8.7423],"properties":{"kind":"town","ulb":"803863","name":"vickramasingapuram","wards":21},"geometry":{"type":"Polygon","coordinates":[[[77.2745,8.6665],[77.2819,8.7034],[77.3121,8.6897],[77.3185,8.6938],[77.3392,8.6912],[77.3406,8.6865],[77.3462,8.6865],[77.3547,8.7065],[77.3579,8.7068],[77.3572,8.7104],[77.3622,8.7108],[77.3577,8.7161],[77.3574,8.7265],[77.3714,8.7291],[77.3754,8.726],[77.3829,8.7409],[77.3923,8.7423],[77.3975,8.7396],[77.3941,8.7315],[77.3981,8.7234],[77.3971,8.7211],[77.3952,8.7196],[77.4007,8.7172],[77.4011,8.7196],[77.4028,8.7224],[77.404,8.7216],[77.4073,8.7186],[77.4073,8.7157],[77.404,8.7123],[77.4047,8.711],[77.4066,8.712],[77.4078,8.7104],[77.4032,8.7113],[77.3981,8.7093],[77.3939,8.71],[77.3919,8.707],[77.3907,8.7031],[77.3732,8.7128],[77.3704,8.7089],[77.3663,8.707],[77.367,8.7005],[77.3621,8.6869],[77.3434,8.678],[77.343,8.6709],[77.3466,8.6618],[77.3455,8.6594],[77.3349,8.6566],[77.3171,8.6567],[77.3139,8.6503],[77.3193,8.6373],[77.3305,8.6253],[77.3107,8.6229],[77.2862,8.6557],[77.2745,8.6665]]]}},{"type":"Feature","bbox":[77.4344,8.6946,77.4741,8.7248],"properties":{"kind":"town","ulb":"803864","name":"Ambasamudram","wards":21},"geometry":{"type":"MultiPolygon","coordinates":[[[[77.4642,8.7045],[77.4655,8.7064],[77.4664,8.706],[77.4685,8.7069],[77.4705,8.7061],[77.4705,8.7093],[77.4722,8.7112],[77.4741,8.707],[77.4708,8.7057],[77.4721,8.7011],[77.4667,8.7013],[77.4642,8.7045]]],[[[77.4378,8.7095],[77.44,8.7076],[77.4442,8.7092],[77.4472,8.7072],[77.4488,8.713],[77.4514,8.7134],[77.4462,8.7179],[77.4452,8.7197],[77.451,8.716],[77.4564,8.7164],[77.4587,8.7173],[77.4609,8.7154],[77.4624,8.7102],[77.4594,8.7088],[77.457,8.7091],[77.4565,8.7068],[77.4594,8.7043],[77.4601,8.7048],[77.4632,8.7027],[77.4626,8.6962],[77.4642,8.6956],[77.4625,8.6946],[77.4565,8.6954],[77.4564,8.6991],[77.4556,8.7006],[77.4572,8.7011],[77.4572,8.7022],[77.4533,8.7011],[77.452,8.6986],[77.448,8.6992],[77.4462,8.6981],[77.4402,8.7002],[77.4344,8.7053],[77.4378,8.7095]],[[77.4506,8.7092],[77.4536,8.706],[77.4552,8.7065],[77.4562,8.708],[77.4551,8.7091],[77.455,8.7107],[77.4534,8.711],[77.4517,8.7129],[77.4506,8.7092]]],[[[77.4612,8.723],[77.4656,8.7248],[77.4676,8.7195],[77.4653,8.7215],[77.4628,8.7207],[77.4607,8.7211],[77.4602,8.7215],[77.4612,8.723]]]]}},{"type":"Feature","bbox":[77.1927,8.2979,77.2333,8.3272],"properties":{"kind":"town","ulb":"803886","name":"Kuzhithurai","wards":21},"geometry":{"type":"Polygon","coordinates":[[[77.193,8.3159],[77.193,8.3221],[77.1941,8.3222],[77.1927,8.323],[77.1929,8.3238],[77.1977,8.3244],[77.1995,8.3236],[77.2004,8.3263],[77.202,8.3262],[77.2035,8.3272],[77.2084,8.3237],[77.2085,8.3222],[77.2125,8.3164],[77.2146,8.3165],[77.215,8.3152],[77.2164,8.3165],[77.219,8.3167],[77.2193,8.3137],[77.2179,8.3122],[77.2192,8.3112],[77.2208,8.3136],[77.2227,8.3138],[77.2238,8.3131],[77.225,8.3145],[77.2276,8.315],[77.2292,8.3096],[77.2304,8.3086],[77.2326,8.3089],[77.2329,8.3076],[77.2312,8.3066],[77.2312,8.3058],[77.2333,8.3052],[77.2306,8.3017],[77.2254,8.3039],[77.2236,8.303],[77.2249,8.299],[77.2235,8.2979],[77.2222,8.2997],[77.2219,8.3058],[77.2124,8.3092],[77.2114,8.3086],[77.207,8.3104],[77.2092,8.3071],[77.2086,8.3065],[77.2065,8.3066],[77.2029,8.3084],[77.201,8.3059],[77.1994,8.3055],[77.1963,8.3066],[77.1978,8.3153],[77.193,8.3159]],[[77.211,8.3156],[77.2114,8.3164],[77.2106,8.316],[77.211,8.3156]],[[77.2098,8.316],[77.2085,8.315],[77.2084,8.3144],[77.2105,8.3157],[77.2098,8.316]],[[77.2072,8.3128],[77.2073,8.3138],[77.2068,8.313],[77.2072,8.3128]],[[77.2065,8.3105],[77.207,8.3123],[77.2063,8.3127],[77.2058,8.3117],[77.2065,8.3105]]]}},{"type":"Feature","bbox":[77.3091,8.2334,77.3536,8.2561],"properties":{"kind":"town","ulb":"803907","name":"Padmanabhapuram","wards":21},"geometry":{"type":"Polygon","coordinates":[[[77.3091,8.253],[77.3143,8.2549],[77.3176,8.2504],[77.3216,8.2544],[77.3245,8.2537],[77.3289,8.256],[77.3347,8.2561],[77.3383,8.2536],[77.3383,8.2552],[77.3395,8.2554],[77.3476,8.2554],[77.3501,8.2536],[77.3504,8.2507],[77.3489,8.2494],[77.3455,8.2496],[77.3437,8.2476],[77.3523,8.2468],[77.3536,8.2452],[77.3532,8.2425],[77.3524,8.2402],[77.3495,8.2384],[77.3484,8.2358],[77.3463,8.2351],[77.3419,8.2356],[77.3381,8.2334],[77.3348,8.2338],[77.3335,8.2352],[77.3304,8.234],[77.3288,8.2377],[77.3298,8.2392],[77.3296,8.2413],[77.32,8.2437],[77.3193,8.2421],[77.3221,8.2388],[77.321,8.238],[77.3192,8.2387],[77.3179,8.2413],[77.3157,8.2414],[77.315,8.2444],[77.3132,8.2458],[77.3105,8.2451],[77.3098,8.2471],[77.3107,8.2477],[77.3096,8.249],[77.3091,8.253]],[[77.3419,8.2419],[77.3429,8.2429],[77.3422,8.2428],[77.3419,8.2419]]]}},{"type":"Feature","bbox":[77.2461,8.1659,77.2704,8.1937],"properties":{"kind":"town","ulb":"803917","name":"Colachel","wards":24},"geometry":{"type":"Polygon","coordinates":[[[77.2461,8.1742],[77.2483,8.176],[77.2484,8.1781],[77.2506,8.181],[77.2531,8.1831],[77.2536,8.1863],[77.2569,8.1866],[77.2588,8.1891],[77.2593,8.1915],[77.2612,8.1937],[77.2644,8.1933],[77.2653,8.1905],[77.2642,8.1838],[77.2653,8.1809],[77.2673,8.1801],[77.265,8.1749],[77.2631,8.1728],[77.2628,8.1706],[77.2704,8.1665],[77.2701,8.1659],[77.2563,8.1725],[77.2486,8.1725],[77.2461,8.1742]]]}},{"type":"Feature","bbox":[77.362,8.1153,77.4618,8.208],"properties":{"kind":"town","ulb":"803927","name":"Nagercoil","wards":52},"geometry":{"type":"Polygon","coordinates":[[[77.362,8.1912],[77.3634,8.2015],[77.3675,8.2018],[77.3693,8.2029],[77.3719,8.2027],[77.3725,8.2039],[77.3742,8.2032],[77.3753,8.2041],[77.3771,8.2043],[77.3778,8.2068],[77.3809,8.208],[77.385,8.2026],[77.3849,8.201],[77.3864,8.2002],[77.3877,8.2008],[77.3878,8.2018],[77.3943,8.2017],[77.3941,8.1997],[77.3954,8.1988],[77.3974,8.1989],[77.3965,8.1955],[77.397,8.1945],[77.3984,8.194],[77.3999,8.1901],[77.4016,8.1896],[77.4026,8.1898],[77.405,8.1942],[77.4064,8.1954],[77.41,8.1965],[77.4168,8.196],[77.4173,8.1967],[77.4207,8.1971],[77.4225,8.1994],[77.4248,8.1996],[77.4254,8.2022],[77.4241,8.2023],[77.4237,8.206],[77.4295,8.2041],[77.4305,8.2021],[77.432,8.204],[77.4403,8.2016],[77.4409,8.1997],[77.4387,8.1971],[77.44,8.1953],[77.4391,8.1932],[77.4395,8.1901],[77.4453,8.1844],[77.4476,8.181],[77.45,8.1797],[77.4523,8.1764],[77.4532,8.1661],[77.4549,8.1649],[77.4552,8.1629],[77.4551,8.1621],[77.4535,8.1614],[77.4547,8.1569],[77.4569,8.1526],[77.4574,8.1471],[77.4533,8.1396],[77.453,8.1357],[77.449,8.1353],[77.4486,8.1399],[77.446,8.1399],[77.4457,8.1387],[77.4427,8.1391],[77.4424,8.138],[77.4343,8.1374],[77.4366,8.1363],[77.4448,8.1364],[77.4468,8.1371],[77.4482,8.1388],[77.4482,8.1299],[77.4508,8.1286],[77.4526,8.1246],[77.4538,8.1187],[77.4544,8.1188],[77.4542,8.1228],[77.4523,8.128],[77.4541,8.1278],[77.4555,8.1302],[77.4577,8.1307],[77.4605,8.1282],[77.4609,8.1268],[77.4618,8.1204],[77.4608,8.1176],[77.4554,8.1169],[77.4559,8.1156],[77.4517,8.1153],[77.4511,8.1155],[77.4506,8.1188],[77.444,8.1188],[77.4426,8.1181],[77.4423,8.1167],[77.4418,8.1183],[77.4403,8.1191],[77.4365,8.1195],[77.4357,8.1167],[77.4338,8.1168],[77.4339,8.1191],[77.4289,8.1208],[77.4289,8.1248],[77.431,8.1316],[77.4403,8.1299],[77.4463,8.1301],[77.4314,8.1328],[77.429,8.1313],[77.4288,8.1287],[77.4266,8.1296],[77.4253,8.1314],[77.4256,8.1343],[77.4231,8.1379],[77.4259,8.1393],[77.4266,8.1426],[77.4321,8.144],[77.432,8.145],[77.4251,8.1447],[77.4241,8.1449],[77.4233,8.1466],[77.4193,8.1464],[77.4183,8.1435],[77.4208,8.1427],[77.42,8.1389],[77.4181,8.1391],[77.4139,8.1414],[77.4105,8.1372],[77.4104,8.1381],[77.4091,8.1382],[77.4069,8.1349],[77.4006,8.1358],[77.4007,8.1367],[77.397,8.1368],[77.3942,8.136],[77.3896,8.1365],[77.3895,8.1388],[77.3915,8.1414],[77.3896,8.1418],[77.3904,8.1437],[77.3898,8.1454],[77.3908,8.1462],[77.3921,8.1497],[77.4079,8.1615],[77.4066,8.1662],[77.4075,8.1701],[77.4052,8.1723],[77.4015,8.1738],[77.3996,8.1594],[77.394,8.1595],[77.3937,8.1632],[77.3868,8.165],[77.3862,8.1645],[77.3856,8.1654],[77.3837,8.1644],[77.385,8.1678],[77.3804,8.1649],[77.3772,8.1662],[77.3753,8.1673],[77.3766,8.1694],[77.3765,8.1734],[77.378,8.1759],[77.3791,8.1804],[77.3777,8.1844],[77.3764,8.1841],[77.3768,8.1869],[77.378,8.1887],[77.3771,8.1905],[77.3737,8.1908],[77.3714,8.1921],[77.3727,8.1958],[77.3768,8.1989],[77.375,8.2],[77.3706,8.199],[77.3707,8.1917],[77.3739,8.1902],[77.3751,8.1882],[77.3723,8.1842],[77.3695,8.1842],[77.3649,8.1872],[77.3651,8.186],[77.3633,8.1873],[77.362,8.1912]],[[77.4316,8.1409],[77.4306,8.1393],[77.4331,8.1382],[77.4334,8.1405],[77.4316,8.1409]],[[77.4266,8.1991],[77.4258,8.1988],[77.4267,8.1985],[77.4266,8.1991]],[[77.4107,8.1407],[77.4108,8.1383],[77.4126,8.1403],[77.4107,8.1407]]]}},{"type":"Feature","bbox":[78.0648,12.2956,78.0834,12.309],"properties":{"kind":"town","ulb":"803942","name":"PALAKKODU","wards":18},"geometry":{"type":"Polygon","coordinates":[[[78.0648,12.3063],[78.0658,12.3087],[78.069,12.309],[78.0784,12.3076],[78.0817,12.308],[78.0834,12.3055],[78.0801,12.3061],[78.0768,12.3015],[78.0758,12.2968],[78.0721,12.2956],[78.0716,12.2983],[78.0697,12.2975],[78.0661,12.2986],[78.0648,12.3063]]]}},{"type":"Feature","bbox":[78.1437,12.1081,78.1736,12.1506],"properties":{"kind":"town","ulb":"803948","name":"dharmapuri","wards":33},"geometry":{"type":"Polygon","coordinates":[[[78.1437,12.1388],[78.1439,12.1402],[78.1542,12.1394],[78.1561,12.1416],[78.1578,12.1414],[78.1604,12.1468],[78.1633,12.1488],[78.1648,12.1491],[78.1661,12.1479],[78.1692,12.1477],[78.1703,12.1506],[78.1729,12.15],[78.1736,12.1489],[78.1714,12.1449],[78.1709,12.1413],[78.1689,12.1376],[78.1682,12.138],[78.1675,12.1369],[78.1671,12.1349],[78.1681,12.1296],[78.1691,12.1287],[78.1688,12.1271],[78.17,12.1266],[78.1707,12.1244],[78.1683,12.1153],[78.1642,12.1092],[78.1589,12.1081],[78.1602,12.1157],[78.1582,12.1162],[78.1571,12.1149],[78.1519,12.116],[78.1524,12.1188],[78.1552,12.1203],[78.1569,12.1249],[78.1548,12.1258],[78.1557,12.1313],[78.154,12.1316],[78.1523,12.1357],[78.1491,12.1351],[78.1471,12.1358],[78.1479,12.1381],[78.1437,12.1388]]]}},{"type":"Feature","bbox":[78.2052,12.5082,78.2452,12.5583],"properties":{"kind":"town","ulb":"803954","name":"Krishnagir","wards":33},"geometry":{"type":"Polygon","coordinates":[[[78.2052,12.5327],[78.2074,12.5349],[78.2087,12.5347],[78.2094,12.5364],[78.2068,12.5389],[78.208,12.5402],[78.2081,12.5418],[78.2128,12.5421],[78.2152,12.5415],[78.2184,12.5401],[78.2192,12.5387],[78.225,12.5396],[78.224,12.543],[78.2254,12.5467],[78.2229,12.549],[78.2222,12.5524],[78.2209,12.5543],[78.2214,12.556],[78.2248,12.5566],[78.231,12.5548],[78.2333,12.5553],[78.2349,12.5583],[78.2418,12.5569],[78.2431,12.5528],[78.2452,12.5506],[78.2416,12.5414],[78.2331,12.5359],[78.2294,12.5361],[78.228,12.5351],[78.2266,12.5356],[78.2259,12.535],[78.226,12.5343],[78.2275,12.5345],[78.2304,12.5322],[78.2313,12.5322],[78.2316,12.5304],[78.2297,12.5245],[78.2315,12.5239],[78.2313,12.5227],[78.2327,12.5218],[78.2376,12.5202],[78.2384,12.5176],[78.2368,12.5131],[78.234,12.5118],[78.2311,12.5085],[78.2269,12.5105],[78.2233,12.5082],[78.2218,12.5086],[78.2168,12.515],[78.2174,12.5184],[78.2135,12.5194],[78.212,12.5213],[78.2128,12.5245],[78.2099,12.5261],[78.2101,12.5273],[78.2071,12.5283],[78.2052,12.5327]]]}},{"type":"Feature","bbox":[76.9213,11.2892,76.9489,11.3186],"properties":{"kind":"town","ulb":"803961","name":"Mettupalayam","wards":33},"geometry":{"type":"Polygon","coordinates":[[[76.9213,11.304],[76.9236,11.3088],[76.9274,11.3108],[76.9271,11.3133],[76.9308,11.3155],[76.9322,11.3186],[76.9339,11.3185],[76.9358,11.3152],[76.9353,11.3138],[76.9404,11.3152],[76.9471,11.3115],[76.9478,11.3066],[76.9462,11.3041],[76.9463,11.3019],[76.9468,11.2997],[76.9489,11.2964],[76.942,11.2932],[76.9423,11.2919],[76.9409,11.2915],[76.9415,11.2898],[76.9346,11.2892],[76.9271,11.2938],[76.9264,11.2993],[76.9213,11.304]]]}},{"type":"Feature","bbox":[76.9255,11.2319,76.9669,11.294],"properties":{"kind":"town","ulb":"803962","name":"Karamadai","wards":27},"geometry":{"type":"Polygon","coordinates":[[[76.9255,11.2417],[76.9261,11.2446],[76.928,11.2448],[76.9268,11.2485],[76.928,11.2537],[76.9301,11.2544],[76.9306,11.256],[76.9318,11.2564],[76.9328,11.2783],[76.9347,11.283],[76.9394,11.2835],[76.9393,11.2845],[76.9433,11.2859],[76.9431,11.287],[76.9477,11.2892],[76.9476,11.2916],[76.9483,11.2923],[76.9536,11.294],[76.9534,11.2898],[76.9556,11.2803],[76.9587,11.272],[76.9624,11.2689],[76.9618,11.2663],[76.9637,11.2616],[76.9631,11.2611],[76.964,11.2598],[76.965,11.2532],[76.9644,11.2508],[76.9647,11.2497],[76.966,11.2493],[76.9669,11.2438],[76.9647,11.2384],[76.9644,11.2351],[76.9608,11.2319],[76.9596,11.2319],[76.9573,11.2324],[76.9549,11.2351],[76.9549,11.2374],[76.9563,11.2386],[76.9522,11.2379],[76.9488,11.24],[76.9481,11.2417],[76.943,11.2395],[76.9401,11.2391],[76.9389,11.241],[76.9344,11.241],[76.9328,11.2384],[76.9286,11.2392],[76.926,11.2406],[76.9255,11.2417]]]}},{"type":"Feature","bbox":[77.1626,11.0761,77.2238,11.1381],"properties":{"kind":"town","ulb":"803964","name":"Karumathampatti","wards":27},"geometry":{"type":"Polygon","coordinates":[[[77.1626,11.1251],[77.1677,11.1289],[77.1778,11.1291],[77.1779,11.1336],[77.1863,11.1347],[77.1898,11.1256],[77.1947,11.1258],[77.1954,11.1251],[77.1977,11.1274],[77.1984,11.1307],[77.2033,11.1381],[77.2081,11.1371],[77.2097,11.1351],[77.2133,11.1344],[77.2156,11.1355],[77.2164,11.1341],[77.2135,11.1328],[77.2156,11.1179],[77.2187,11.1083],[77.2238,11.0977],[77.22,11.0938],[77.2144,11.0905],[77.2086,11.091],[77.2022,11.0885],[77.2007,11.0863],[77.1963,11.0841],[77.1938,11.0798],[77.1895,11.0788],[77.1873,11.0769],[77.1837,11.0761],[77.1826,11.0821],[77.1795,11.0858],[77.1753,11.0964],[77.1741,11.0971],[77.1732,11.1019],[77.1724,11.1029],[77.1707,11.1027],[77.1702,11.1106],[77.1719,11.1134],[77.1711,11.1174],[77.1699,11.119],[77.1647,11.1221],[77.1645,11.1235],[77.1627,11.1238],[77.1626,11.1251]]]}},{"type":"Feature","bbox":[77.0863,11.189,77.1271,11.2562],"properties":{"kind":"town","ulb":"803969","name":"Annur","wards":15},"geometry":{"type":"Polygon","coordinates":[[[77.0863,11.216],[77.0988,11.2304],[77.0984,11.2341],[77.0995,11.2407],[77.0992,11.2435],[77.0957,11.249],[77.0969,11.2559],[77.0983,11.2562],[77.0988,11.2551],[77.1059,11.2559],[77.1066,11.2528],[77.1081,11.2523],[77.1094,11.2491],[77.113,11.248],[77.1152,11.2459],[77.1176,11.2454],[77.1191,11.2428],[77.1256,11.2412],[77.1254,11.2359],[77.1267,11.2324],[77.1267,11.2297],[77.1253,11.2222],[77.1261,11.2146],[77.1271,11.2122],[77.127,11.2071],[77.1245,11.2057],[77.122,11.1994],[77.1221,11.198],[77.1197,11.1978],[77.1153,11.189],[77.1138,11.1907],[77.1105,11.1912],[77.1106,11.1934],[77.1115,11.1937],[77.1112,11.1975],[77.1093,11.1981],[77.108,11.2003],[77.1052,11.2008],[77.104,11.2059],[77.1017,11.2075],[77.1016,11.209],[77.0991,11.2108],[77.0953,11.2098],[77.0914,11.2106],[77.0913,11.2123],[77.0881,11.2143],[77.0882,11.2155],[77.0863,11.216]]]}},{"type":"Feature","bbox":[76.9083,11.1195,76.9525,11.2104],"properties":{"kind":"town","ulb":"803971","name":"Gudalur (C)","wards":27},"geometry":{"type":"Polygon","coordinates":[[[76.9083,11.1271],[76.9088,11.1292],[76.9139,11.1303],[76.9179,11.1331],[76.9223,11.1385],[76.9227,11.1426],[76.922,11.1429],[76.9219,11.1463],[76.9207,11.1466],[76.9205,11.1482],[76.9211,11.1495],[76.9256,11.1515],[76.9245,11.1525],[76.9244,11.1534],[76.9254,11.154],[76.9251,11.1555],[76.9208,11.1557],[76.9199,11.1606],[76.9173,11.161],[76.9169,11.163],[76.9144,11.1622],[76.9137,11.1642],[76.9128,11.1641],[76.9102,11.1672],[76.9091,11.1702],[76.9097,11.1729],[76.9117,11.1756],[76.9103,11.179],[76.9118,11.181],[76.9114,11.185],[76.9135,11.1872],[76.9127,11.188],[76.912,11.196],[76.9102,11.1983],[76.9128,11.1988],[76.9139,11.2003],[76.9146,11.2053],[76.9179,11.2065],[76.9236,11.2104],[76.9258,11.2101],[76.9263,11.2092],[76.928,11.2103],[76.9316,11.2095],[76.9335,11.2082],[76.9335,11.2064],[76.9348,11.2047],[76.9364,11.2039],[76.9396,11.1961],[76.941,11.1959],[76.9428,11.1851],[76.9454,11.1825],[76.9461,11.18],[76.9474,11.1804],[76.9497,11.1751],[76.9512,11.1745],[76.9516,11.1722],[76.9525,11.1714],[76.9513,11.1683],[76.9484,11.1683],[76.9481,11.1675],[76.9447,11.1667],[76.9446,11.1655],[76.9434,11.1651],[76.9436,11.1628],[76.9415,11.1621],[76.9418,11.1591],[76.9408,11.1588],[76.9418,11.1539],[76.9427,11.1535],[76.9417,11.1518],[76.9431,11.1508],[76.9439,11.1477],[76.9427,11.1413],[76.9402,11.1367],[76.9421,11.1363],[76.9443,11.1372],[76.9444,11.1362],[76.9461,11.1356],[76.9463,11.1346],[76.9485,11.1346],[76.9486,11.131],[76.9474,11.1309],[76.9472,11.126],[76.9452,11.127],[76.941,11.1271],[76.9396,11.1283],[76.937,11.1263],[76.937,11.1243],[76.9354,11.1238],[76.9354,11.123],[76.9339,11.1228],[76.9326,11.1208],[76.9254,11.1204],[76.9245,11.1213],[76.9232,11.12],[76.9198,11.1195],[76.9099,11.1199],[76.9087,11.1222],[76.9083,11.1271]],[[76.9244,11.1773],[76.924,11.1724],[76.9272,11.1721],[76.9275,11.1711],[76.9257,11.17],[76.9254,11.1679],[76.9261,11.1668],[76.93,11.1674],[76.9309,11.1651],[76.934,11.1663],[76.9352,11.1681],[76.9354,11.171],[76.9364,11.1715],[76.9356,11.1736],[76.9395,11.1749],[76.9423,11.1747],[76.9322,11.1817],[76.931,11.1814],[76.9302,11.1825],[76.9272,11.1812],[76.9261,11.1823],[76.924,11.1818],[76.9246,11.1805],[76.9228,11.1797],[76.9244,11.1773]]]}},{"type":"Feature","bbox":[76.9407,11.1317,76.9772,11.1721],"properties":{"kind":"town","ulb":"803972","name":"Periyanaikenpalayam","wards":18},"geometry":{"type":"Polygon","coordinates":[[[76.9407,11.1579],[76.9418,11.1593],[76.9415,11.1624],[76.9435,11.163],[76.9432,11.1652],[76.9443,11.1655],[76.9444,11.1668],[76.9513,11.1682],[76.953,11.1721],[76.9544,11.172],[76.9554,11.1686],[76.9576,11.1687],[76.9582,11.1636],[76.9605,11.1636],[76.9609,11.1595],[76.9638,11.1594],[76.9646,11.1581],[76.9671,11.1516],[76.9695,11.1517],[76.9704,11.1487],[76.9763,11.1495],[76.9772,11.1448],[76.9751,11.1441],[76.9748,11.142],[76.9726,11.1407],[76.9609,11.1372],[76.9586,11.1372],[76.9547,11.1353],[76.9534,11.1329],[76.9517,11.1326],[76.9515,11.1319],[76.9474,11.1317],[76.9473,11.1344],[76.9463,11.1346],[76.9462,11.1358],[76.9484,11.1402],[76.9467,11.1405],[76.9466,11.1425],[76.944,11.1426],[76.9433,11.144],[76.9439,11.1491],[76.9418,11.152],[76.9426,11.1534],[76.9407,11.1579]]]}},{"type":"Feature","bbox":[76.8696,10.9134,77.0659,11.1104],"properties":{"kind":"town","ulb":"803984","name":"Coimbatore","wards":100},"geometry":{"type":"Polygon","coordinates":[[[76.8696,11.0364],[76.8703,11.0371],[76.8697,11.0391],[76.8742,11.0403],[76.8739,11.0427],[76.8726,11.0444],[76.8754,11.0468],[76.8762,11.0486],[76.8832,11.0441],[76.8887,11.043],[76.8888,11.0419],[76.8903,11.0417],[76.8904,11.0407],[76.8915,11.0402],[76.8921,11.0383],[76.8944,11.0377],[76.8943,11.0368],[76.8965,11.0357],[76.8973,11.0357],[76.8994,11.0402],[76.9004,11.0391],[76.902,11.0392],[76.9022,11.0385],[76.9047,11.0379],[76.9048,11.0361],[76.9073,11.0335],[76.9091,11.0288],[76.9162,11.0309],[76.9159,11.042],[76.9145,11.0475],[76.9155,11.0478],[76.9158,11.0495],[76.9144,11.0705],[76.9168,11.0713],[76.9182,11.0685],[76.92,11.0687],[76.9202,11.0764],[76.9217,11.0773],[76.9217,11.0792],[76.9273,11.0802],[76.9236,11.0813],[76.9197,11.081],[76.9191,11.0827],[76.9255,11.0826],[76.926,11.0819],[76.9341,11.082],[76.9359,11.0829],[76.939,11.082],[76.9403,11.0842],[76.9447,11.084],[76.947,11.0855],[76.9489,11.0854],[76.9525,11.0875],[76.9533,11.089],[76.9573,11.09],[76.9573,11.0907],[76.9549,11.093],[76.9549,11.0943],[76.9565,11.0969],[76.9586,11.0971],[76.9593,11.1002],[76.9632,11.1002],[76.9658,11.1026],[76.9714,11.1037],[76.9802,11.1028],[76.9819,11.1013],[76.983,11.0981],[76.9865,11.0985],[76.9877,11.0944],[76.9914,11.0942],[76.9912,11.0914],[76.9938,11.0908],[76.9942,11.0919],[76.997,11.0923],[76.997,11.0944],[77.0004,11.0946],[77.0007,11.0934],[77.0032,11.0937],[77.0042,11.0999],[77.013,11.1011],[77.0136,11.1],[77.0173,11.1002],[77.017,11.0989],[77.0201,11.0979],[77.0221,11.1035],[77.0253,11.1093],[77.0268,11.1104],[77.0362,11.1081],[77.0371,11.101],[77.042,11.1001],[77.0437,11.1008],[77.0461,11.1005],[77.0489,11.0987],[77.053,11.0981],[77.053,11.0908],[77.0518,11.0903],[77.052,11.0885],[77.0508,11.0852],[77.0516,11.0848],[77.0522,11.0825],[77.0521,11.08],[77.0512,11.0798],[77.0513,11.0768],[77.0519,11.0766],[77.0513,11.0742],[77.0498,11.0742],[77.0496,11.0722],[77.0604,11.0661],[77.0614,11.0635],[77.0659,11.0585],[77.0644,11.0581],[77.0637,11.0551],[77.0614,11.0532],[77.0628,11.0463],[77.063,11.0379],[77.0621,11.0361],[77.058,11.0349],[77.0561,11.0334],[77.0489,11.0323],[77.0487,11.0261],[77.0515,11.0255],[77.0547,11.014],[77.0578,11.0106],[77.0592,10.9993],[77.0573,10.9946],[77.0571,10.9916],[77.0543,10.9887],[77.0518,10.9875],[77.0503,10.988],[77.0432,10.9843],[77.04,10.9859],[77.0366,10.9853],[77.0362,10.9837],[77.0343,10.9841],[77.0281,10.9813],[77.0232,10.983],[77.0212,10.9814],[77.0188,10.9822],[77.014,10.9806],[77.0106,10.9814],[77.0083,10.9807],[77.0072,10.9796],[77.005,10.9795],[77.0032,10.9776],[77.0023,10.9777],[77.0018,10.9762],[76.9979,10.9724],[76.9967,10.9725],[76.9954,10.9738],[76.9941,10.9715],[76.9917,10.9705],[76.9895,10.9711],[76.9891,10.9689],[76.9976,10.9686],[77.0002,10.9696],[77.0033,10.9593],[77.002,10.9585],[77.0029,10.9548],[77.0003,10.9505],[77.0004,10.9462],[76.9982,10.9438],[76.9966,10.9393],[76.9932,10.9336],[76.9892,10.9295],[76.9885,10.9272],[76.9868,10.926],[76.9867,10.9235],[76.985,10.922],[76.9851,10.9202],[76.9836,10.9197],[76.9836,10.9181],[76.9818,10.9178],[76.9802,10.9164],[76.9783,10.9134],[76.9766,10.9135],[76.9753,10.9165],[76.9721,10.9177],[76.9719,10.9191],[76.9683,10.9202],[76.9676,10.9185],[76.9668,10.9185],[76.966,10.921],[76.9611,10.9243],[76.9585,10.9241],[76.9577,10.9258],[76.9537,10.9273],[76.9463,10.928],[76.9406,10.9324],[76.9363,10.9311],[76.9329,10.9316],[76.9322,10.9309],[76.9298,10.9309],[76.9275,10.9325],[76.9242,10.9334],[76.9204,10.9247],[76.9193,10.9182],[76.9175,10.9195],[76.9183,10.9227],[76.9164,10.9241],[76.9164,10.9249],[76.9121,10.9261],[76.9112,10.9249],[76.9097,10.9249],[76.9072,10.9262],[76.9078,10.928],[76.9089,10.9279],[76.9092,10.93],[76.9114,10.9308],[76.9156,10.9368],[76.9154,10.9395],[76.9146,10.9397],[76.9144,10.9453],[76.9133,10.9457],[76.914,10.9472],[76.913,10.9533],[76.916,10.9576],[76.9174,10.9625],[76.9182,10.9633],[76.9193,10.9627],[76.9213,10.9636],[76.9222,10.963],[76.9248,10.9636],[76.9309,10.9663],[76.9311,10.9688],[76.932,10.9691],[76.9338,10.9692],[76.934,10.9679],[76.9354,10.9678],[76.936,10.9668],[76.936,10.9682],[76.9372,10.9685],[76.9371,10.9698],[76.9387,10.9701],[76.9387,10.971],[76.9319,10.9702],[76.9317,10.9715],[76.934,10.9738],[76.9345,10.9722],[76.9355,10.9723],[76.9353,10.9741],[76.9369,10.9747],[76.9364,10.9778],[76.9347,10.979],[76.9315,10.9768],[76.929,10.9771],[76.9269,10.979],[76.9218,10.9796],[76.9199,10.9812],[76.9196,10.9856],[76.9206,10.9917],[76.9195,10.998],[76.9153,10.9972],[76.9102,10.9976],[76.9088,10.9994],[76.9117,11.0009],[76.9117,11.0028],[76.9106,11.0017],[76.9065,11.0009],[76.9053,11.0019],[76.9055,11.0038],[76.8979,11.0096],[76.8956,11.0097],[76.8943,11.0112],[76.8919,11.0104],[76.8899,11.0117],[76.8877,11.011],[76.8864,11.0124],[76.8838,11.0121],[76.8813,11.0066],[76.8796,11.0066],[76.8769,11.0098],[76.8759,11.0142],[76.8763,11.0156],[76.8752,11.0161],[76.8745,11.0189],[76.8722,11.019],[76.873,11.0239],[76.8722,11.0262],[76.8714,11.0265],[76.8713,11.0306],[76.874,11.0305],[76.8738,11.0327],[76.877,11.0338],[76.8778,11.0319],[76.881,11.0316],[76.8824,11.0326],[76.8765,11.0359],[76.8701,11.0351],[76.8696,11.0364]]]}},{"type":"Feature","bbox":[76.7399,10.9033,76.8077,10.9574],"properties":{"kind":"town","ulb":"803994","name":"Alanthurai","wards":15},"geometry":{"type":"Polygon","coordinates":[[[76.7399,10.9212],[76.7427,10.9249],[76.7457,10.924],[76.75,10.9248],[76.7555,10.9282],[76.7566,10.9305],[76.7587,10.9301],[76.7631,10.9358],[76.7695,10.9411],[76.7703,10.9446],[76.771,10.9451],[76.7733,10.9431],[76.7809,10.9437],[76.7814,10.9417],[76.7845,10.9422],[76.7836,10.943],[76.7831,10.9453],[76.7832,10.9494],[76.7819,10.9493],[76.7815,10.952],[76.785,10.9534],[76.7872,10.9559],[76.7903,10.9574],[76.7912,10.9536],[76.7901,10.9533],[76.7896,10.9519],[76.7908,10.9511],[76.7911,10.9497],[76.7925,10.9496],[76.7927,10.9479],[76.7913,10.9461],[76.7924,10.9377],[76.791,10.9369],[76.7913,10.9314],[76.7944,10.9307],[76.7952,10.9276],[76.7981,10.9283],[76.799,10.9291],[76.7981,10.9298],[76.7979,10.9317],[76.798,10.9329],[76.7994,10.9332],[76.7989,10.9357],[76.8007,10.9373],[76.8023,10.9372],[76.8023,10.9382],[76.8054,10.9386],[76.8057,10.9375],[76.8028,10.9372],[76.8026,10.9361],[76.8044,10.936],[76.8041,10.9327],[76.8055,10.9324],[76.8066,10.9279],[76.8077,10.9274],[76.8077,10.9265],[76.8029,10.9216],[76.8026,10.9195],[76.8003,10.9193],[76.795,10.9208],[76.7921,10.9199],[76.792,10.9191],[76.794,10.9163],[76.7931,10.9146],[76.7937,10.9123],[76.793,10.9111],[76.7879,10.9091],[76.7859,10.9046],[76.7828,10.9033],[76.7812,10.9038],[76.7791,10.9033],[76.7774,10.906],[76.7718,10.909],[76.7667,10.9081],[76.7635,10.9101],[76.7579,10.9094],[76.7478,10.9115],[76.7443,10.9105],[76.7414,10.9137],[76.7399,10.9212]]]}},{"type":"Feature","bbox":[76.9163,10.8836,76.9746,10.9342],"properties":{"kind":"town","ulb":"803996","name":"Madukkarai","wards":27},"geometry":{"type":"MultiPolygon","coordinates":[[[[76.9163,10.8884],[76.9197,10.8979],[76.926,10.9002],[76.9267,10.903],[76.9319,10.9077],[76.9331,10.9078],[76.9343,10.9113],[76.9358,10.9111],[76.945,10.9165],[76.949,10.9226],[76.9496,10.9294],[76.9529,10.93],[76.9595,10.9274],[76.9663,10.9292],[76.9695,10.928],[76.9739,10.9282],[76.9735,10.9172],[76.9744,10.917],[76.9746,10.9155],[76.9732,10.9131],[76.9736,10.9094],[76.9719,10.908],[76.9719,10.9044],[76.9705,10.903],[76.9729,10.8967],[76.9716,10.8951],[76.9668,10.8931],[76.966,10.8916],[76.9617,10.8919],[76.9606,10.8927],[76.9446,10.8882],[76.9396,10.8878],[76.9394,10.8836],[76.9367,10.8846],[76.9327,10.8847],[76.925,10.8873],[76.924,10.8885],[76.9212,10.8881],[76.9204,10.886],[76.9175,10.8869],[76.9163,10.8884]],[[76.9358,10.9003],[76.9326,10.9003],[76.936,10.8999],[76.9358,10.9003]]],[[[76.9187,10.9256],[76.9218,10.9282],[76.9235,10.9335],[76.9271,10.9328],[76.9281,10.9333],[76.93,10.9323],[76.9332,10.9331],[76.9341,10.9325],[76.9402,10.9342],[76.9414,10.9336],[76.9405,10.9314],[76.9377,10.9282],[76.9336,10.9255],[76.932,10.9269],[76.9279,10.925],[76.9277,10.9226],[76.9269,10.9224],[76.9258,10.9234],[76.9236,10.9209],[76.9222,10.9204],[76.9199,10.9201],[76.919,10.9215],[76.9187,10.9256]]]]}},{"type":"Feature","bbox":[76.9885,10.6407,77.0381,10.6812],"properties":{"kind":"town","ulb":"804002","name":"Pollachi","wards":36},"geometry":{"type":"Polygon","coordinates":[[[76.9885,10.6514],[76.9907,10.6527],[76.9905,10.6536],[76.9918,10.6541],[76.992,10.6552],[76.9906,10.6562],[76.9904,10.672],[76.9965,10.6715],[76.9966,10.6758],[76.9957,10.6763],[76.9985,10.6805],[77.0009,10.6793],[77.0006,10.6759],[76.9996,10.6757],[76.9991,10.6725],[77.0008,10.6716],[77.0043,10.6715],[77.009,10.6722],[77.0118,10.6721],[77.0127,10.6768],[77.015,10.6812],[77.018,10.6797],[77.0254,10.6783],[77.0278,10.6784],[77.0303,10.6798],[77.0305,10.673],[77.0346,10.6729],[77.035,10.6709],[77.0379,10.6709],[77.0381,10.6667],[77.0322,10.6672],[77.0314,10.6659],[77.0283,10.6659],[77.0261,10.6646],[77.0233,10.6644],[77.0235,10.6601],[77.0244,10.6592],[77.0241,10.6561],[77.0281,10.6559],[77.0284,10.6538],[77.0285,10.6513],[77.0272,10.6493],[77.0235,10.6486],[77.0238,10.6463],[77.025,10.6457],[77.0245,10.6408],[77.0192,10.6415],[77.016,10.6407],[77.0156,10.6441],[77.0122,10.6445],[77.0112,10.647],[77.0096,10.6469],[77.0092,10.646],[77.0078,10.6468],[77.0036,10.6472],[77.0031,10.6455],[77.002,10.6455],[77.0009,10.6476],[76.9997,10.6478],[76.9988,10.6494],[76.9972,10.6495],[76.9958,10.6483],[76.9931,10.651],[76.9902,10.6507],[76.9889,10.6495],[76.9885,10.6514]]]}},{"type":"Feature","bbox":[76.8412,10.2436,77.0611,10.4622],"properties":{"kind":"town","ulb":"804010","name":"Valparai","wards":21},"geometry":{"type":"Polygon","coordinates":[[[76.8412,10.3181],[76.8429,10.3287],[76.8652,10.3235],[76.8911,10.343],[76.8965,10.3434],[76.9053,10.3404],[76.9074,10.3403],[76.9169,10.3443],[76.9226,10.3557],[76.9231,10.3696],[76.9252,10.3744],[76.9306,10.375],[76.9352,10.3772],[76.935,10.3777],[76.9373,10.3783],[76.9408,10.3778],[76.9493,10.3744],[76.9616,10.3798],[76.9672,10.3806],[76.9688,10.3801],[76.9743,10.3703],[76.9829,10.3729],[76.992,10.3786],[76.9928,10.3919],[76.9887,10.4024],[76.986,10.4055],[76.9799,10.4227],[76.9845,10.4416],[76.982,10.4454],[76.9838,10.4469],[76.9798,10.4491],[76.9765,10.4479],[76.9723,10.4485],[76.9734,10.4516],[76.9687,10.4541],[76.9641,10.4554],[76.9632,10.4592],[76.9639,10.4601],[76.9684,10.4607],[76.9696,10.4622],[76.9727,10.4594],[76.9806,10.4554],[77.0016,10.4428],[77.0056,10.4392],[77.0165,10.434],[77.0086,10.4251],[77.0097,10.4188],[77.0083,10.4172],[77.0091,10.417],[77.0069,10.4105],[77.013,10.4041],[77.0129,10.4007],[77.0139,10.3964],[77.0131,10.3923],[76.9979,10.3727],[76.9968,10.37],[77.005,10.3447],[77.0196,10.3433],[77.0441,10.3616],[77.0611,10.3392],[77.0608,10.336],[77.0561,10.3196],[77.0433,10.2991],[77.0332,10.298],[77.024,10.2992],[77.0158,10.2851],[76.9789,10.2672],[76.9718,10.2662],[76.9655,10.261],[76.9479,10.2693],[76.9471,10.2709],[76.9434,10.269],[76.9404,10.2686],[76.9399,10.2681],[76.9403,10.266],[76.939,10.2649],[76.9387,10.2619],[76.9371,10.2622],[76.9364,10.2606],[76.9351,10.2604],[76.935,10.2587],[76.9326,10.2553],[76.9296,10.2528],[76.929,10.2508],[76.9296,10.2486],[76.9286,10.2483],[76.9278,10.2466],[76.9259,10.2479],[76.9247,10.246],[76.9205,10.2436],[76.9195,10.2456],[76.9155,10.2458],[76.9165,10.2468],[76.9151,10.2475],[76.915,10.2492],[76.916,10.2502],[76.9149,10.2517],[76.9135,10.251],[76.9125,10.2521],[76.9105,10.2524],[76.9121,10.2535],[76.9102,10.2556],[76.9019,10.2608],[76.8963,10.2683],[76.8912,10.2777],[76.8838,10.2857],[76.8744,10.2866],[76.8766,10.295],[76.8767,10.3004],[76.8718,10.3031],[76.867,10.302],[76.8579,10.3059],[76.8562,10.3058],[76.8549,10.3052],[76.8542,10.3026],[76.8504,10.2978],[76.8465,10.3008],[76.8412,10.3181]],[[76.9674,10.2977],[76.9681,10.2982],[76.967,10.2991],[76.9668,10.2987],[76.9674,10.2977]]]}},{"type":"Feature","bbox":[77.5359,10.9669,77.5854,11.0334],"properties":{"kind":"town","ulb":"804012","name":"Kangeyam","wards":18},"geometry":{"type":"Polygon","coordinates":[[[77.5359,11.0095],[77.5427,11.0113],[77.5448,11.0157],[77.5477,11.0183],[77.5495,11.0189],[77.55,11.0215],[77.552,11.0239],[77.5564,11.0236],[77.5569,11.0228],[77.5632,11.0241],[77.5655,11.0257],[77.5664,11.0296],[77.5727,11.0304],[77.5743,11.0334],[77.5795,11.0331],[77.5848,11.0292],[77.5854,11.0276],[77.5849,11.0202],[77.579,11.0179],[77.5753,11.0153],[77.5757,11.0033],[77.578,10.9961],[77.5696,10.9952],[77.5714,10.9933],[77.5732,10.9875],[77.5695,10.9877],[77.5684,10.9851],[77.5694,10.9829],[77.5701,10.977],[77.5692,10.9754],[77.5695,10.9669],[77.5526,10.9685],[77.5505,10.9736],[77.5491,10.9903],[77.5455,10.9902],[77.5387,10.9874],[77.5377,10.989],[77.5365,10.9958],[77.5369,11.0028],[77.5359,11.0095]],[[77.5547,11.0165],[77.5552,11.0158],[77.5554,11.0163],[77.5547,11.0165]]]}},{"type":"Feature","bbox":[77.6703,10.8801,77.7378,10.9782],"properties":{"kind":"town","ulb":"804013","name":"Vellakovil","wards":21},"geometry":{"type":"Polygon","coordinates":[[[77.6703,10.9613],[77.6705,10.9662],[77.6719,10.9688],[77.6726,10.9732],[77.677,10.9752],[77.6873,10.9742],[77.6901,10.9747],[77.6903,10.9762],[77.6943,10.9767],[77.7038,10.9758],[77.7091,10.9771],[77.7095,10.9781],[77.7107,10.9782],[77.716,10.9781],[77.7215,10.9769],[77.7167,10.966],[77.7166,10.9589],[77.7145,10.9552],[77.7153,10.9544],[77.7189,10.9536],[77.7178,10.9507],[77.7209,10.9496],[77.7211,10.9474],[77.7269,10.9482],[77.7273,10.9458],[77.7315,10.9466],[77.7329,10.9426],[77.7331,10.9413],[77.7313,10.9408],[77.7313,10.9362],[77.7296,10.9361],[77.7292,10.9335],[77.7303,10.9292],[77.7289,10.9286],[77.7311,10.9246],[77.7283,10.9233],[77.7295,10.917],[77.7333,10.9167],[77.7335,10.9149],[77.735,10.9136],[77.7378,10.9079],[77.736,10.9066],[77.7349,10.9031],[77.7348,10.8992],[77.7364,10.8956],[77.735,10.8913],[77.7346,10.8861],[77.732,10.8807],[77.7301,10.8801],[77.7219,10.8808],[77.7198,10.8855],[77.7185,10.8865],[77.7144,10.8869],[77.7105,10.885],[77.705,10.888],[77.6955,10.8831],[77.6934,10.8869],[77.6932,10.8897],[77.6867,10.8902],[77.6826,10.8938],[77.6805,10.8943],[77.6782,10.8963],[77.6769,10.8963],[77.6767,10.9007],[77.6755,10.9032],[77.6774,10.906],[77.6787,10.9051],[77.6799,10.9062],[77.6799,10.9081],[77.6813,10.9086],[77.6817,10.9104],[77.6831,10.9108],[77.6809,10.9122],[77.6825,10.9203],[77.6837,10.9207],[77.6846,10.9299],[77.6835,10.9337],[77.6834,10.9401],[77.6824,10.9424],[77.6783,10.943],[77.6735,10.9423],[77.6739,10.95],[77.6703,10.9613]]]}},{"type":"Feature","bbox":[77.5027,10.7194,77.5477,10.7548],"properties":{"kind":"town","ulb":"804018","name":"Dharapuram","wards":30},"geometry":{"type":"Polygon","coordinates":[[[77.5027,10.7298],[77.5068,10.7316],[77.5063,10.7368],[77.5168,10.7392],[77.5186,10.7474],[77.5144,10.7518],[77.5163,10.7531],[77.5196,10.7534],[77.5208,10.7548],[77.5218,10.7548],[77.5219,10.7538],[77.5229,10.7536],[77.5229,10.7494],[77.5265,10.7426],[77.5345,10.7436],[77.5353,10.7445],[77.5365,10.7442],[77.5367,10.7481],[77.5376,10.7448],[77.54,10.7434],[77.5436,10.7434],[77.5469,10.7471],[77.546,10.7397],[77.5477,10.7383],[77.5461,10.7347],[77.5447,10.7341],[77.5448,10.7325],[77.543,10.7362],[77.5433,10.7386],[77.5404,10.7398],[77.5385,10.7394],[77.5391,10.7351],[77.5367,10.7353],[77.5364,10.7363],[77.5331,10.7368],[77.5286,10.7267],[77.5285,10.7238],[77.5265,10.7228],[77.5253,10.7194],[77.5184,10.7213],[77.5186,10.7239],[77.5163,10.7238],[77.5157,10.7265],[77.5138,10.726],[77.515,10.7269],[77.5147,10.7286],[77.5078,10.728],[77.5069,10.7312],[77.5027,10.7298]]]}},{"type":"Feature","bbox":[77.2666,11.1393,77.3163,11.1784],"properties":{"kind":"town","ulb":"804022","name":"Thirumuruganpoondi","wards":27},"geometry":{"type":"Polygon","coordinates":[[[77.2666,11.1517],[77.2691,11.1532],[77.2689,11.1559],[77.268,11.1575],[77.2695,11.1573],[77.2711,11.1611],[77.2713,11.1639],[77.2725,11.1648],[77.2713,11.1676],[77.2721,11.1677],[77.2717,11.1691],[77.2752,11.1689],[77.2752,11.1719],[77.2743,11.1721],[77.2743,11.173],[77.2758,11.1732],[77.2769,11.1754],[77.2779,11.1758],[77.2792,11.1749],[77.2816,11.1754],[77.2842,11.1784],[77.2829,11.1743],[77.2836,11.1737],[77.2879,11.1769],[77.2912,11.1749],[77.2955,11.1749],[77.2981,11.1737],[77.2987,11.1747],[77.3018,11.1744],[77.3029,11.1758],[77.3043,11.1756],[77.3057,11.1716],[77.3098,11.1716],[77.3111,11.1708],[77.3112,11.1693],[77.3122,11.1692],[77.3119,11.1652],[77.3126,11.1643],[77.3138,11.1643],[77.3136,11.1627],[77.3153,11.1626],[77.3163,11.1579],[77.3162,11.1565],[77.313,11.1575],[77.3124,11.1541],[77.3111,11.1545],[77.3103,11.1536],[77.3102,11.152],[77.3124,11.1518],[77.3124,11.1508],[77.3117,11.1515],[77.3084,11.1504],[77.3078,11.1515],[77.304,11.1505],[77.2981,11.1516],[77.2973,11.1488],[77.2958,11.1488],[77.295,11.1476],[77.2943,11.1411],[77.2881,11.1393],[77.2833,11.1428],[77.2777,11.1427],[77.2763,11.1448],[77.2741,11.1449],[77.2729,11.1473],[77.271,11.1472],[77.2698,11.1488],[77.2678,11.1491],[77.2666,11.1517]]]}},{"type":"Feature","bbox":[77.2623,10.9763,77.3101,11.0422],"properties":{"kind":"town","ulb":"804028","name":"Palladam","wards":18},"geometry":{"type":"Polygon","coordinates":[[[77.2623,10.9934],[77.2633,10.9939],[77.2634,10.997],[77.2685,10.9979],[77.2684,10.9997],[77.2698,11.0001],[77.2709,11.003],[77.2727,11.0032],[77.2747,11.0016],[77.2765,11.0014],[77.2796,11.0047],[77.2813,11.0053],[77.2813,11.0063],[77.2834,11.0062],[77.2836,11.0077],[77.2853,11.0092],[77.2865,11.009],[77.2864,11.0125],[77.285,11.0124],[77.2845,11.0133],[77.2831,11.0128],[77.2825,11.0139],[77.282,11.0156],[77.2834,11.0172],[77.2838,11.0218],[77.2846,11.0236],[77.2803,11.0246],[77.28,11.03],[77.2788,11.0316],[77.28,11.0325],[77.2794,11.034],[77.2813,11.0355],[77.282,11.0351],[77.2835,11.0358],[77.2839,11.0373],[77.2891,11.0378],[77.2894,11.0391],[77.2905,11.039],[77.2908,11.0402],[77.2934,11.0413],[77.2955,11.0397],[77.2962,11.0422],[77.297,11.0421],[77.299,11.0399],[77.2983,11.0383],[77.3009,11.0336],[77.2985,11.0299],[77.2973,11.0181],[77.2985,11.0171],[77.2975,11.0163],[77.2962,11.0123],[77.2983,11.0116],[77.2991,11.0096],[77.3001,11.0092],[77.3,11.0083],[77.3015,11.0077],[77.3008,11.0045],[77.3029,11.0042],[77.3041,10.9998],[77.3101,11.0028],[77.3078,10.9984],[77.3084,10.9967],[77.3075,10.9959],[77.3083,10.9941],[77.3063,10.9806],[77.3033,10.9806],[77.3023,10.9796],[77.2991,10.9843],[77.2972,10.9842],[77.2869,10.9819],[77.2869,10.9772],[77.2853,10.9763],[77.2834,10.9764],[77.2831,10.9775],[77.2773,10.9775],[77.2766,10.9791],[77.2754,10.9785],[77.2725,10.9826],[77.2708,10.9852],[77.27,10.9885],[77.2689,10.9886],[77.2675,10.9923],[77.2623,10.9934]]]}},{"type":"Feature","bbox":[77.234,10.5666,77.2737,10.5992],"properties":{"kind":"town","ulb":"804029","name":"Udumalpet","wards":33},"geometry":{"type":"Polygon","coordinates":[[[77.234,10.582],[77.2346,10.588],[77.2371,10.5901],[77.2388,10.593],[77.2418,10.5924],[77.2435,10.5974],[77.2445,10.5974],[77.2452,10.5989],[77.2475,10.5992],[77.2505,10.5982],[77.2496,10.5959],[77.2535,10.5953],[77.2534,10.5935],[77.2558,10.5936],[77.2561,10.5868],[77.259,10.5857],[77.26,10.5862],[77.2603,10.5847],[77.262,10.584],[77.2663,10.5839],[77.269,10.5832],[77.2692,10.5823],[77.2735,10.5818],[77.2737,10.5774],[77.2736,10.5764],[77.2697,10.577],[77.2693,10.5758],[77.2605,10.5771],[77.2593,10.5764],[77.2526,10.5761],[77.2521,10.5752],[77.25,10.5758],[77.2488,10.5751],[77.2487,10.5704],[77.2459,10.5704],[77.244,10.5683],[77.2444,10.5666],[77.2352,10.5695],[77.2365,10.5755],[77.235,10.5762],[77.2367,10.5803],[77.2345,10.5809],[77.234,10.582]]]}},{"type":"Feature","bbox":[79.7669,11.9215,79.8733,12.0505],"properties":{"kind":"town","ulb":"804037","name":"Oulgaret-Ozhukarai","wards":42},"geometry":{"type":"MultiPolygon","coordinates":[[[[79.7669,11.9287],[79.7671,11.9307],[79.7726,11.931],[79.7725,11.9437],[79.7746,11.9491],[79.7776,11.9527],[79.7802,11.9525],[79.781,11.955],[79.7848,11.9557],[79.7864,11.9595],[79.791,11.9592],[79.803,11.9527],[79.8058,11.9532],[79.8051,11.9566],[79.8056,11.9648],[79.8111,11.9769],[79.8155,11.9788],[79.8173,11.9777],[79.8209,11.9687],[79.8213,11.9658],[79.8255,11.9608],[79.8273,11.9596],[79.8279,11.9582],[79.8318,11.9567],[79.8298,11.9526],[79.8309,11.9509],[79.829,11.9457],[79.8243,11.9372],[79.8192,11.9376],[79.8129,11.941],[79.8081,11.9415],[79.8075,11.9348],[79.8071,11.9338],[79.8056,11.9334],[79.8053,11.9318],[79.81,11.9315],[79.81,11.9256],[79.789,11.9232],[79.7879,11.925],[79.7848,11.925],[79.7845,11.9273],[79.7836,11.9277],[79.7823,11.9227],[79.7737,11.9215],[79.7727,11.922],[79.7726,11.9233],[79.7764,11.9237],[79.7765,11.9253],[79.7707,11.9251],[79.7669,11.9287]]],[[[79.7888,12.0192],[79.7897,12.0233],[79.7889,12.0271],[79.7949,12.0252],[79.7988,12.0256],[79.8058,12.0241],[79.8043,12.0197],[79.8013,12.0169],[79.7906,12.0182],[79.7888,12.0192]]],[[[79.8411,12.0131],[79.8444,12.0237],[79.8444,12.0318],[79.8452,12.0363],[79.8491,12.0452],[79.8503,12.0505],[79.8669,12.0448],[79.8733,12.041],[79.8571,12.0066],[79.8532,12.0089],[79.8411,12.0131]]]]}}]}