{"type":"FeatureCollection","attribution":"Block and gram panchayat outlines: Survey of India village boundaries with Local Government Directory codes, via INDIAN-SHAPEFILES (MIT). Simplified to about 30 m. Approximate.","features":[{"type":"Feature","bbox":[88.303,25.09045,88.46397,25.31592],"properties":{"kind":"block","block":"Bamongola","lgd":2932},"geometry":{"type":"Polygon","coordinates":[[[88.36841,25.10197],[88.35754,25.10487],[88.34774,25.10834],[88.34283,25.10915],[88.34152,25.11009],[88.33778,25.11082],[88.32187,25.11314],[88.3191,25.11216],[88.31572,25.1124],[88.31427,25.11368],[88.31088,25.11438],[88.31083,25.11576],[88.31235,25.11693],[88.31144,25.11865],[88.31062,25.11886],[88.30659,25.12272],[88.30488,25.12349],[88.303,25.12509],[88.30574,25.12714],[88.30683,25.12713],[88.307,25.12533],[88.30816,25.12567],[88.31324,25.12946],[88.31594,25.13035],[88.3166,25.13123],[88.31616,25.13188],[88.31408,25.13303],[88.3143,25.13366],[88.31665,25.1349],[88.31765,25.13638],[88.31911,25.13634],[88.32089,25.13427],[88.32144,25.13433],[88.32193,25.13517],[88.32183,25.13625],[88.3201,25.1381],[88.32089,25.14321],[88.32184,25.14409],[88.32602,25.14416],[88.32614,25.14493],[88.32504,25.14704],[88.32763,25.14981],[88.32784,25.15307],[88.33278,25.16041],[88.33308,25.16168],[88.33275,25.16235],[88.33198,25.16203],[88.33028,25.15966],[88.32822,25.15855],[88.32757,25.1591],[88.32751,25.15984],[88.33612,25.16698],[88.33566,25.16986],[88.33632,25.17258],[88.33714,25.17388],[88.33632,25.17552],[88.33943,25.17866],[88.33972,25.1809],[88.34218,25.18144],[88.34418,25.18433],[88.34572,25.1852],[88.34642,25.18625],[88.34659,25.18709],[88.34513,25.18868],[88.34748,25.19362],[88.3457,25.19411],[88.34541,25.19465],[88.34671,25.19565],[88.34878,25.19562],[88.35,25.19792],[88.34731,25.19848],[88.34718,25.19931],[88.34918,25.20066],[88.35655,25.20753],[88.35684,25.2085],[88.35634,25.20938],[88.35676,25.21026],[88.35914,25.21146],[88.35777,25.21234],[88.35899,25.21415],[88.35704,25.21446],[88.35689,25.21602],[88.3577,25.21661],[88.35973,25.2159],[88.36087,25.21648],[88.3632,25.21876],[88.36421,25.22092],[88.36376,25.22286],[88.36166,25.2215],[88.35868,25.2255],[88.36042,25.22805],[88.36091,25.22973],[88.36142,25.23041],[88.36226,25.2305],[88.36503,25.22921],[88.36549,25.2294],[88.36524,25.23061],[88.36654,25.23134],[88.37101,25.23198],[88.37148,25.23281],[88.37113,25.23309],[88.36821,25.23306],[88.36877,25.23417],[88.37081,25.23541],[88.37041,25.23718],[88.37077,25.23757],[88.3726,25.23678],[88.37618,25.23811],[88.37893,25.23621],[88.38257,25.23659],[88.38701,25.23876],[88.38968,25.24261],[88.3901,25.24386],[88.39006,25.24658],[88.39237,25.24901],[88.39463,25.24931],[88.3949,25.24971],[88.3944,25.2522],[88.39786,25.25449],[88.40042,25.25863],[88.40196,25.26231],[88.40156,25.26273],[88.39879,25.26237],[88.39815,25.26426],[88.39874,25.26521],[88.40007,25.26587],[88.40244,25.26426],[88.4043,25.26404],[88.40667,25.26462],[88.40752,25.26763],[88.41035,25.27254],[88.40949,25.27394],[88.40604,25.27324],[88.40578,25.275],[88.40662,25.27615],[88.40886,25.27548],[88.4114,25.27771],[88.41123,25.27932],[88.40979,25.27796],[88.40855,25.27759],[88.40838,25.2785],[88.40957,25.28181],[88.40846,25.28222],[88.40714,25.28164],[88.40569,25.28336],[88.40745,25.28523],[88.41117,25.28519],[88.4117,25.28795],[88.41346,25.29042],[88.41318,25.29395],[88.41093,25.29368],[88.41023,25.29412],[88.41162,25.29662],[88.41272,25.29683],[88.41302,25.29759],[88.41303,25.29835],[88.41197,25.29924],[88.41198,25.29989],[88.41546,25.2998],[88.42079,25.30104],[88.42608,25.30163],[88.42619,25.30272],[88.42939,25.30341],[88.42989,25.30523],[88.42908,25.30951],[88.41801,25.31156],[88.41762,25.31279],[88.41885,25.31417],[88.42287,25.31425],[88.42316,25.31536],[88.42516,25.31592],[88.4262,25.31467],[88.42946,25.31395],[88.43024,25.31389],[88.43124,25.31528],[88.43697,25.31462],[88.43798,25.31356],[88.44343,25.31316],[88.44736,25.30759],[88.44893,25.30671],[88.44892,25.30186],[88.44737,25.29866],[88.44778,25.29665],[88.44656,25.29617],[88.44681,25.29476],[88.44564,25.29373],[88.44649,25.29067],[88.44457,25.28729],[88.442,25.28511],[88.43903,25.27922],[88.44012,25.27697],[88.44177,25.2757],[88.44323,25.27221],[88.44646,25.26935],[88.44664,25.26825],[88.44618,25.26721],[88.44677,25.26677],[88.44673,25.26542],[88.44973,25.26284],[88.45036,25.2632],[88.45175,25.26219],[88.4561,25.26104],[88.4571,25.26177],[88.45723,25.26251],[88.45363,25.26337],[88.45351,25.26385],[88.45512,25.26706],[88.45703,25.26676],[88.45761,25.26791],[88.45884,25.26795],[88.46039,25.27005],[88.46242,25.27105],[88.46369,25.27074],[88.46397,25.27002],[88.46352,25.26874],[88.46124,25.26837],[88.4623,25.26751],[88.46221,25.26603],[88.46272,25.2649],[88.46192,25.26343],[88.46163,25.26043],[88.4586,25.25528],[88.45867,25.25459],[88.46022,25.2537],[88.46059,25.25283],[88.45912,25.24563],[88.45562,25.23885],[88.45486,25.2379],[88.45145,25.23585],[88.45147,25.23507],[88.45342,25.23323],[88.45341,25.23229],[88.45052,25.23133],[88.44902,25.23028],[88.44885,25.22886],[88.44968,25.22757],[88.45088,25.22692],[88.45154,25.22719],[88.45207,25.22845],[88.45267,25.22741],[88.44847,25.22513],[88.44826,25.22426],[88.45035,25.22289],[88.44916,25.22052],[88.44825,25.22028],[88.44394,25.22186],[88.44161,25.22117],[88.43946,25.21957],[88.43893,25.21759],[88.43915,25.21662],[88.44014,25.21615],[88.44146,25.21651],[88.44245,25.21882],[88.44317,25.21856],[88.44505,25.21557],[88.44501,25.21308],[88.44194,25.2096],[88.43778,25.20727],[88.43748,25.19876],[88.43832,25.1969],[88.44022,25.19827],[88.44088,25.19976],[88.44179,25.19968],[88.44325,25.1949],[88.4421,25.19014],[88.44284,25.18783],[88.44185,25.18462],[88.44381,25.1819],[88.44391,25.18108],[88.44544,25.18015],[88.44437,25.17798],[88.44186,25.17527],[88.44205,25.17434],[88.44252,25.17359],[88.44458,25.17329],[88.4491,25.17157],[88.44945,25.16976],[88.45277,25.16375],[88.45723,25.16462],[88.4564,25.16266],[88.45639,25.1611],[88.4573,25.16053],[88.4594,25.16097],[88.45977,25.16062],[88.45704,25.15308],[88.46012,25.15203],[88.46132,25.14926],[88.45751,25.14785],[88.45938,25.14525],[88.46089,25.14451],[88.45996,25.14363],[88.46049,25.14079],[88.46,25.13878],[88.4594,25.139],[88.45874,25.1402],[88.45701,25.13941],[88.45686,25.13866],[88.45866,25.13557],[88.45705,25.13479],[88.45669,25.13402],[88.45495,25.13399],[88.454,25.13242],[88.4526,25.13176],[88.45094,25.13178],[88.45083,25.13076],[88.44831,25.13087],[88.44756,25.12981],[88.44745,25.12807],[88.44142,25.12751],[88.44196,25.12428],[88.4414,25.1241],[88.44237,25.11902],[88.44301,25.11838],[88.44207,25.11498],[88.44552,25.11334],[88.44758,25.11043],[88.44776,25.10917],[88.44511,25.1029],[88.44448,25.10263],[88.4441,25.09971],[88.44598,25.09485],[88.44591,25.09398],[88.44651,25.09368],[88.44686,25.09258],[88.44687,25.09061],[88.44509,25.09045],[88.43983,25.09124],[88.43825,25.09185],[88.4386,25.09344],[88.43815,25.09373],[88.43524,25.09323],[88.43514,25.0912],[88.43439,25.09081],[88.41987,25.09255],[88.4127,25.09488],[88.40207,25.09964],[88.3907,25.10222],[88.38321,25.10258],[88.37448,25.10182],[88.36841,25.10197]]]}},{"type":"Feature","bbox":[87.96679,25.34256,88.11447,25.51132],"properties":{"kind":"block","block":"Chanchal-I","lgd":2933},"geometry":{"type":"Polygon","coordinates":[[[88.01537,25.34912],[88.01409,25.34583],[88.01289,25.34541],[88.01142,25.34256],[88.00749,25.34336],[88.00728,25.34452],[88.00662,25.34465],[88.00657,25.34394],[88.00594,25.34378],[87.99536,25.3448],[87.99031,25.34684],[87.99009,25.34594],[87.98891,25.34605],[87.98899,25.3483],[87.98592,25.3478],[87.98607,25.35379],[87.98732,25.35488],[87.98593,25.35697],[87.98712,25.358],[87.9876,25.36013],[87.99666,25.36086],[87.99591,25.36179],[87.99693,25.36376],[87.99593,25.364],[87.99449,25.36528],[87.99415,25.36606],[87.99466,25.36804],[87.99186,25.37093],[87.99111,25.37255],[87.99222,25.37407],[87.9997,25.37568],[88.00082,25.37538],[88.00345,25.37631],[88.00578,25.37623],[88.0058,25.36953],[88.00911,25.36915],[88.01186,25.36971],[88.00984,25.37647],[88.00959,25.38002],[88.0084,25.38333],[88.0047,25.38631],[88.00495,25.38761],[88.00704,25.38902],[88.00527,25.38922],[88.00455,25.38861],[88.00028,25.39022],[87.99942,25.38986],[87.99556,25.39162],[87.99298,25.39337],[87.99311,25.39476],[87.99223,25.39495],[87.99099,25.3941],[87.98778,25.39412],[87.98759,25.39293],[87.98355,25.38954],[87.98396,25.38854],[87.98251,25.38871],[87.9821,25.39022],[87.98052,25.39015],[87.9801,25.3908],[87.98098,25.39119],[87.98112,25.39262],[87.98229,25.39409],[87.98247,25.39528],[87.98373,25.39565],[87.98431,25.39764],[87.98282,25.3991],[87.9836,25.40297],[87.98498,25.40498],[87.9736,25.40777],[87.97229,25.4075],[87.97196,25.4068],[87.97015,25.40675],[87.96911,25.40814],[87.9686,25.4099],[87.96679,25.41036],[87.96792,25.41572],[87.97148,25.41854],[87.97257,25.42149],[87.97471,25.422],[87.97532,25.42524],[87.98006,25.42952],[87.98153,25.42987],[87.98202,25.43114],[87.97916,25.43208],[87.97916,25.43505],[87.97688,25.43636],[87.97831,25.43945],[87.97704,25.44299],[87.97786,25.44443],[87.97828,25.44484],[87.98019,25.44451],[87.98055,25.44492],[87.98201,25.44921],[87.98254,25.44957],[87.98319,25.45248],[87.98642,25.454],[87.9921,25.45516],[87.99308,25.45573],[87.9934,25.45856],[87.99691,25.45987],[87.99814,25.45987],[87.99904,25.46063],[87.99867,25.46694],[87.99488,25.46908],[87.98955,25.46982],[87.98844,25.47084],[87.9866,25.4746],[87.98607,25.47715],[87.98743,25.48092],[87.98963,25.48238],[87.99318,25.48388],[88.00037,25.48357],[88.00163,25.48391],[88.00513,25.48687],[88.00588,25.48838],[88.00666,25.49389],[88.00661,25.49697],[88.00721,25.49747],[88.00735,25.49851],[88.00591,25.50498],[88.00702,25.50716],[88.00659,25.50771],[88.00672,25.51014],[88.00756,25.51125],[88.00827,25.51132],[88.01352,25.51121],[88.01371,25.51088],[88.0126,25.508],[88.00995,25.50577],[88.0093,25.50403],[88.00964,25.5025],[88.01038,25.5016],[88.0141,25.49939],[88.01806,25.50186],[88.02466,25.50165],[88.02247,25.49968],[88.0223,25.49863],[88.02288,25.49777],[88.02585,25.49614],[88.03052,25.49143],[88.03594,25.49212],[88.03672,25.49167],[88.03685,25.49048],[88.03769,25.48978],[88.04482,25.48918],[88.04589,25.48867],[88.04623,25.48773],[88.04823,25.4871],[88.04867,25.48616],[88.05009,25.48605],[88.05155,25.48884],[88.05126,25.49006],[88.05627,25.49119],[88.05856,25.49027],[88.0654,25.49013],[88.06676,25.48888],[88.06681,25.48826],[88.06775,25.48778],[88.06792,25.48675],[88.07041,25.48551],[88.07132,25.48426],[88.07331,25.48431],[88.0746,25.47668],[88.07902,25.4699],[88.07931,25.45663],[88.08011,25.4541],[88.0855,25.44778],[88.09067,25.44501],[88.0952,25.44392],[88.09709,25.44276],[88.09759,25.44209],[88.09721,25.43551],[88.10064,25.43189],[88.10752,25.43563],[88.11075,25.43629],[88.11258,25.43623],[88.11287,25.43582],[88.1125,25.43389],[88.11191,25.43321],[88.10942,25.43226],[88.10671,25.43337],[88.105,25.43296],[88.10073,25.42904],[88.09596,25.42756],[88.09556,25.42676],[88.0939,25.42088],[88.09756,25.41752],[88.10175,25.41884],[88.10753,25.41828],[88.10974,25.41746],[88.10961,25.41605],[88.10704,25.41349],[88.10068,25.41026],[88.10072,25.40705],[88.10259,25.4044],[88.10631,25.40321],[88.10777,25.40434],[88.10828,25.4068],[88.1092,25.40779],[88.11377,25.4085],[88.11447,25.4078],[88.11399,25.40677],[88.10993,25.40462],[88.10768,25.40232],[88.10636,25.40171],[88.10575,25.40062],[88.10895,25.39549],[88.107,25.3906],[88.09868,25.38867],[88.09909,25.38096],[88.10271,25.38052],[88.10456,25.37857],[88.10957,25.37672],[88.10832,25.37591],[88.10634,25.37571],[88.10427,25.37079],[88.10257,25.36446],[88.10147,25.36364],[88.10205,25.36321],[88.10158,25.36241],[88.09695,25.36219],[88.09607,25.36084],[88.09494,25.36099],[88.09297,25.35767],[88.09056,25.35853],[88.08808,25.35726],[88.08571,25.35713],[88.08269,25.35809],[88.08053,25.35996],[88.08015,25.35973],[88.08038,25.356],[88.07994,25.35587],[88.07935,25.35391],[88.08072,25.35345],[88.0804,25.35126],[88.08074,25.34814],[88.07738,25.3471],[88.07343,25.34681],[88.07186,25.34571],[88.07044,25.34593],[88.07044,25.34651],[88.06744,25.34658],[88.06687,25.34799],[88.06601,25.34865],[88.0636,25.34942],[88.06499,25.35339],[88.06052,25.35413],[88.06054,25.35452],[88.05727,25.35574],[88.05521,25.35581],[88.05379,25.35533],[88.05189,25.35595],[88.05078,25.35583],[88.04994,25.35508],[88.04906,25.35325],[88.04912,25.35196],[88.05077,25.35056],[88.0503,25.34997],[88.04876,25.34996],[88.04807,25.34805],[88.04715,25.34822],[88.04657,25.34743],[88.0448,25.34725],[88.04484,25.34627],[88.04268,25.34576],[88.04115,25.34693],[88.03984,25.34724],[88.03944,25.34653],[88.03883,25.34644],[88.03348,25.34733],[88.03349,25.3487],[88.03101,25.34898],[88.03032,25.34658],[88.02556,25.34797],[88.02611,25.34873],[88.02334,25.35312],[88.01965,25.35246],[88.01641,25.35282],[88.01609,25.34899],[88.01537,25.34912]]]}},{"type":"Feature","bbox":[87.88172,25.24789,88.12634,25.41036],"properties":{"kind":"block","block":"Chanchal-II","lgd":2934},"geometry":{"type":"Polygon","coordinates":[[[87.96528,25.24849],[87.96165,25.24789],[87.95971,25.24818],[87.959,25.24891],[87.95821,25.25309],[87.95751,25.25402],[87.9586,25.25985],[87.95294,25.26182],[87.94913,25.26409],[87.9428,25.26201],[87.94224,25.26227],[87.94128,25.266],[87.93932,25.27065],[87.93625,25.26847],[87.92909,25.26584],[87.92107,25.26503],[87.91772,25.26589],[87.91637,25.26451],[87.9141,25.26414],[87.9132,25.26543],[87.91345,25.26661],[87.91288,25.26848],[87.91409,25.27137],[87.91142,25.2752],[87.90795,25.27821],[87.90599,25.28282],[87.90469,25.28345],[87.90349,25.28282],[87.90206,25.27894],[87.90081,25.27762],[87.89893,25.27583],[87.89533,25.27443],[87.89467,25.27361],[87.89149,25.27496],[87.8899,25.27494],[87.88531,25.27626],[87.88403,25.27491],[87.88268,25.27646],[87.88172,25.27862],[87.88512,25.28053],[87.88924,25.28204],[87.89183,25.28385],[87.89356,25.28592],[87.89695,25.29194],[87.89984,25.30067],[87.90304,25.30766],[87.90448,25.31027],[87.90782,25.3143],[87.91204,25.31575],[87.91957,25.31623],[87.92141,25.31607],[87.92379,25.31509],[87.92678,25.31573],[87.93195,25.31239],[87.93707,25.31101],[87.94394,25.30747],[87.94806,25.30815],[87.95061,25.30998],[87.95192,25.31222],[87.95171,25.31352],[87.94693,25.31562],[87.9487,25.31771],[87.95117,25.32291],[87.95148,25.32387],[87.95096,25.32721],[87.94929,25.32789],[87.9482,25.32782],[87.94679,25.32686],[87.94605,25.33067],[87.944,25.33352],[87.94598,25.33503],[87.94656,25.33655],[87.9474,25.33654],[87.94776,25.34031],[87.9469,25.3409],[87.944,25.34117],[87.94383,25.3397],[87.93953,25.33999],[87.93922,25.33956],[87.93459,25.33962],[87.93253,25.33904],[87.92688,25.33964],[87.92576,25.34052],[87.92545,25.33878],[87.926,25.33848],[87.92551,25.33786],[87.92473,25.33821],[87.92376,25.33975],[87.9233,25.34176],[87.92154,25.3446],[87.92131,25.34613],[87.92405,25.34738],[87.92479,25.34855],[87.92548,25.35142],[87.92667,25.35305],[87.92942,25.35278],[87.93185,25.35494],[87.93206,25.35612],[87.93272,25.35612],[87.9335,25.35528],[87.93479,25.35605],[87.93501,25.35776],[87.93646,25.36122],[87.93997,25.36442],[87.94075,25.36583],[87.94182,25.37069],[87.94266,25.37121],[87.94373,25.37148],[87.95039,25.36902],[87.95616,25.36592],[87.9574,25.36711],[87.9606,25.36764],[87.96309,25.37006],[87.96323,25.37068],[87.96246,25.37122],[87.96339,25.37135],[87.96409,25.37265],[87.96494,25.3728],[87.96606,25.37534],[87.96533,25.37679],[87.96633,25.38019],[87.96724,25.38034],[87.96787,25.38131],[87.97036,25.38065],[87.97228,25.38445],[87.97178,25.38534],[87.97226,25.38675],[87.96553,25.38815],[87.96407,25.38904],[87.96029,25.38999],[87.96097,25.39223],[87.96246,25.39222],[87.96667,25.39078],[87.96708,25.39159],[87.96556,25.39411],[87.96393,25.39542],[87.96396,25.39816],[87.96584,25.40087],[87.96566,25.40326],[87.96625,25.40408],[87.96658,25.40641],[87.96614,25.40871],[87.96679,25.41036],[87.9686,25.4099],[87.96911,25.40814],[87.97015,25.40675],[87.97196,25.4068],[87.97229,25.4075],[87.9736,25.40777],[87.98498,25.40498],[87.9836,25.40297],[87.98282,25.3991],[87.98431,25.39764],[87.98373,25.39565],[87.98247,25.39528],[87.98229,25.39409],[87.98112,25.39262],[87.98098,25.39119],[87.9801,25.3908],[87.98052,25.39015],[87.9821,25.39022],[87.98251,25.38871],[87.98396,25.38854],[87.98355,25.38954],[87.98759,25.39293],[87.98778,25.39412],[87.99099,25.3941],[87.99223,25.39495],[87.99311,25.39476],[87.99298,25.39337],[87.99556,25.39162],[87.99942,25.38986],[88.00028,25.39022],[88.00455,25.38861],[88.00527,25.38922],[88.00704,25.38902],[88.00495,25.38761],[88.0047,25.38631],[88.0084,25.38333],[88.00959,25.38002],[88.00984,25.37647],[88.01186,25.36971],[88.00911,25.36915],[88.0058,25.36953],[88.00578,25.37623],[88.00345,25.37631],[88.00082,25.37538],[87.9997,25.37568],[87.99609,25.37464],[87.99332,25.37455],[87.99127,25.37317],[87.99111,25.37255],[87.99186,25.37093],[87.99466,25.36804],[87.99415,25.36606],[87.99449,25.36528],[87.99593,25.364],[87.99693,25.36376],[87.99591,25.36179],[87.99666,25.36086],[87.9876,25.36013],[87.98712,25.358],[87.98593,25.35697],[87.98732,25.35488],[87.98607,25.35379],[87.98592,25.3478],[87.98899,25.3483],[87.98891,25.34605],[87.99009,25.34594],[87.99031,25.34684],[87.99536,25.3448],[88.00594,25.34378],[88.00657,25.34394],[88.00662,25.34465],[88.00728,25.34452],[88.00749,25.34336],[88.01142,25.34256],[88.01289,25.34541],[88.01409,25.34583],[88.01537,25.34912],[88.01609,25.34899],[88.01641,25.35282],[88.01965,25.35246],[88.02334,25.35312],[88.02611,25.34873],[88.02556,25.34797],[88.03032,25.34658],[88.03101,25.34898],[88.03349,25.3487],[88.03348,25.34733],[88.03883,25.34644],[88.03944,25.34653],[88.03984,25.34724],[88.04115,25.34693],[88.04268,25.34576],[88.04484,25.34627],[88.0448,25.34725],[88.04657,25.34743],[88.04715,25.34822],[88.04807,25.34805],[88.04876,25.34996],[88.0503,25.34997],[88.05077,25.35056],[88.04912,25.35196],[88.04906,25.35325],[88.04994,25.35508],[88.05078,25.35583],[88.05189,25.35595],[88.05379,25.35533],[88.05521,25.35581],[88.05727,25.35574],[88.06054,25.35452],[88.06052,25.35413],[88.06499,25.35339],[88.0636,25.34942],[88.06601,25.34865],[88.06687,25.34799],[88.06744,25.34658],[88.07044,25.34651],[88.07044,25.34593],[88.07186,25.34571],[88.07343,25.34681],[88.07738,25.3471],[88.08074,25.34814],[88.0804,25.35126],[88.08072,25.35345],[88.07935,25.35391],[88.07994,25.35587],[88.08038,25.356],[88.08015,25.35973],[88.08053,25.35996],[88.08269,25.35809],[88.08571,25.35713],[88.08808,25.35726],[88.09056,25.35853],[88.09297,25.35767],[88.09494,25.36099],[88.09607,25.36084],[88.09695,25.36219],[88.10158,25.36241],[88.10205,25.36321],[88.10147,25.36364],[88.10257,25.36446],[88.10427,25.37079],[88.10634,25.37571],[88.10832,25.37591],[88.10957,25.37672],[88.11212,25.37396],[88.11537,25.37186],[88.118,25.37103],[88.11839,25.37015],[88.11772,25.36869],[88.11777,25.36665],[88.11711,25.36592],[88.11736,25.36495],[88.11866,25.36511],[88.12145,25.36707],[88.12231,25.36206],[88.12107,25.35654],[88.12179,25.35501],[88.12195,25.35313],[88.11781,25.35031],[88.11625,25.35051],[88.11492,25.34837],[88.11584,25.34661],[88.11889,25.34379],[88.11998,25.34162],[88.11732,25.34019],[88.11525,25.33807],[88.11335,25.33253],[88.10904,25.32804],[88.10825,25.32664],[88.1082,25.32523],[88.10874,25.32194],[88.10856,25.3199],[88.11176,25.31875],[88.11137,25.31612],[88.1125,25.31585],[88.11436,25.31265],[88.11608,25.31181],[88.11714,25.31241],[88.11808,25.31226],[88.1178,25.31005],[88.12223,25.30902],[88.12358,25.30812],[88.1239,25.29896],[88.12498,25.29794],[88.12634,25.29781],[88.12559,25.29293],[88.12271,25.29278],[88.12037,25.29372],[88.11319,25.29391],[88.10895,25.29474],[88.10204,25.28908],[88.10183,25.28834],[88.10861,25.28665],[88.10915,25.28616],[88.10684,25.28218],[88.1062,25.28012],[88.10397,25.27669],[88.10173,25.27702],[88.10119,25.278],[88.0993,25.27902],[88.09718,25.27926],[88.09559,25.27832],[88.09284,25.27823],[88.09164,25.27767],[88.07878,25.27864],[88.07398,25.27843],[88.07157,25.27693],[88.07013,25.27542],[88.06909,25.27572],[88.069,25.27679],[88.06798,25.27693],[88.06684,25.27618],[88.06503,25.27614],[88.06466,25.27435],[88.0635,25.27486],[88.06188,25.27334],[88.0599,25.27364],[88.05801,25.2711],[88.05643,25.26667],[88.05611,25.26751],[88.05641,25.26986],[88.05604,25.27028],[88.05502,25.27069],[88.05349,25.27044],[88.05151,25.26896],[88.05026,25.26992],[88.04659,25.2708],[88.04594,25.27143],[88.04684,25.27359],[88.04646,25.2745],[88.0458,25.27443],[88.04445,25.27193],[88.04121,25.26996],[88.04024,25.27004],[88.03756,25.27337],[88.03741,25.27555],[88.03662,25.27628],[88.036,25.27632],[88.03309,25.27429],[88.03149,25.27412],[88.02673,25.27627],[88.02731,25.27742],[88.031,25.28019],[88.03165,25.28131],[88.03154,25.28241],[88.03092,25.2829],[88.02811,25.28192],[88.02211,25.28256],[88.01491,25.28138],[88.0136,25.28178],[88.01131,25.28522],[88.01154,25.28883],[88.00893,25.28999],[88.00871,25.29112],[88.00601,25.28716],[88.00398,25.28265],[88.00099,25.27876],[88.00133,25.27611],[88.00058,25.27569],[87.99988,25.27609],[87.99934,25.27506],[87.99953,25.27403],[88.00022,25.27341],[87.99977,25.27145],[87.99652,25.2728],[87.99554,25.275],[87.99266,25.27541],[87.99098,25.27497],[87.9898,25.27648],[87.98695,25.27732],[87.98672,25.27819],[87.98718,25.27918],[87.9825,25.28045],[87.97411,25.28184],[87.97254,25.27872],[87.97389,25.2777],[87.97416,25.27676],[87.97314,25.27023],[87.97436,25.26776],[87.97315,25.26227],[87.97031,25.2579],[87.96876,25.25674],[87.96807,25.25022],[87.96739,25.24927],[87.96575,25.24912],[87.96528,25.24849]]]}},{"type":"Feature","bbox":[87.97038,24.81997,88.18348,25.09646],"properties":{"kind":"block","block":"English Bazar","lgd":2935},"geometry":{"type":"Polygon","coordinates":[[[88.06402,24.96513],[88.0547,24.96102],[88.05417,24.96203],[88.05387,24.96801],[88.05618,24.96815],[88.05661,24.96915],[88.05679,24.9744],[88.05966,24.97691],[88.06169,24.97726],[88.06185,24.97801],[88.06552,24.97903],[88.06666,24.98108],[88.06471,24.98164],[88.0626,24.98415],[88.06054,24.98412],[88.05874,24.98638],[88.05753,24.98605],[88.05578,24.98354],[88.05423,24.98415],[88.05266,24.98548],[88.05441,24.98805],[88.05117,24.98993],[88.05039,24.98889],[88.04972,24.98922],[88.04823,24.98722],[88.05185,24.98516],[88.04988,24.97859],[88.04892,24.97759],[88.04507,24.98065],[88.04381,24.97996],[88.04438,24.98104],[88.04413,24.98171],[88.04292,24.98128],[88.04343,24.98267],[88.04295,24.983],[88.04112,24.98361],[88.04014,24.98307],[88.03948,24.97995],[88.04019,24.97932],[88.04009,24.97771],[88.04084,24.97702],[88.04192,24.97798],[88.04327,24.97765],[88.0427,24.97389],[88.04216,24.97379],[88.04033,24.97396],[88.04016,24.97466],[88.03873,24.97552],[88.0388,24.97778],[88.03678,24.98009],[88.03696,24.98232],[88.03604,24.98288],[88.03658,24.98341],[88.03446,24.98641],[88.03063,24.98401],[88.02973,24.98288],[88.02722,24.98196],[88.02658,24.98035],[88.02446,24.9799],[88.01865,24.98017],[88.01586,24.98113],[88.01361,24.98089],[88.00666,24.98164],[88.00504,24.98126],[88.0023,24.9846],[87.98978,24.98721],[87.98294,24.98629],[87.97907,24.98652],[87.98126,24.98862],[87.98128,24.98956],[87.97671,24.99026],[87.97607,24.99105],[87.97626,24.99502],[87.97887,25.00267],[87.98047,25.00581],[87.98119,25.01037],[87.97901,25.01206],[87.97885,25.01332],[87.97971,25.01445],[87.97857,25.01996],[87.97662,25.02272],[87.97455,25.02726],[87.97038,25.03868],[87.97282,25.03923],[87.97271,25.04112],[87.97387,25.04137],[87.97459,25.03798],[87.97792,25.0376],[87.97678,25.03844],[87.97736,25.03962],[87.97918,25.04005],[87.97984,25.04107],[87.9813,25.04089],[87.98226,25.04283],[87.98387,25.04285],[87.98463,25.04366],[87.9867,25.04213],[87.98986,25.04079],[87.99445,25.04338],[87.99756,25.04211],[88.00269,25.04125],[88.0087,25.04346],[88.01256,25.04685],[88.01336,25.04819],[88.01766,25.04615],[88.01675,25.04415],[88.01968,25.04243],[88.02501,25.03465],[88.0323,25.03561],[88.03129,25.04005],[88.03045,25.03988],[88.03004,25.04064],[88.03039,25.0412],[88.02905,25.04116],[88.02863,25.04465],[88.03633,25.04561],[88.03674,25.0448],[88.03726,25.04493],[88.0377,25.04685],[88.03841,25.04781],[88.03821,25.04834],[88.03188,25.0496],[88.03265,25.05071],[88.03002,25.05211],[88.02848,25.05403],[88.02575,25.05968],[88.02433,25.05975],[88.02072,25.06259],[88.01982,25.06838],[88.02048,25.07623],[88.0226,25.07664],[88.02321,25.07477],[88.02411,25.07504],[88.02437,25.07403],[88.02503,25.07352],[88.02388,25.07222],[88.02806,25.06635],[88.03221,25.06754],[88.03512,25.0695],[88.04314,25.07194],[88.04326,25.07562],[88.04538,25.07604],[88.04711,25.07699],[88.04861,25.07964],[88.05186,25.0773],[88.05286,25.07711],[88.05576,25.07792],[88.05597,25.07672],[88.05901,25.07795],[88.05941,25.08259],[88.06136,25.08256],[88.0604,25.08455],[88.06043,25.08665],[88.07153,25.09228],[88.07617,25.09539],[88.08158,25.09646],[88.08185,25.09217],[88.08309,25.08981],[88.08492,25.08853],[88.09119,25.08659],[88.09339,25.08716],[88.0968,25.08906],[88.0983,25.08948],[88.09908,25.0892],[88.09972,25.08844],[88.09801,25.08262],[88.09838,25.08105],[88.0995,25.0804],[88.10133,25.08027],[88.11241,25.0723],[88.11398,25.0727],[88.11638,25.0719],[88.12003,25.06733],[88.12111,25.06672],[88.12488,25.06645],[88.12726,25.06468],[88.13005,25.06036],[88.13097,25.05789],[88.13124,25.0536],[88.13329,25.05001],[88.13378,25.04745],[88.13291,25.0383],[88.13475,25.02787],[88.13701,25.02778],[88.13837,25.02651],[88.14013,25.02601],[88.14099,25.02671],[88.14197,25.02557],[88.14335,25.02502],[88.14573,25.02515],[88.14688,25.02437],[88.15013,25.02072],[88.15222,25.02016],[88.15303,25.01923],[88.15321,25.01735],[88.15716,25.01322],[88.15799,25.01132],[88.15937,25.01124],[88.16033,25.00869],[88.16005,25.00813],[88.15876,25.00797],[88.15858,25.00722],[88.15951,25.00613],[88.15546,25.00682],[88.1542,25.00571],[88.1554,25.00386],[88.15449,25.00147],[88.14887,24.99342],[88.14851,24.98953],[88.14897,24.98636],[88.15562,24.97861],[88.18348,24.95377],[88.1805,24.94998],[88.17974,24.95013],[88.17549,24.94624],[88.17366,24.9471],[88.175,24.94873],[88.17021,24.95036],[88.16884,24.9476],[88.16802,24.94804],[88.16696,24.94637],[88.165,24.94621],[88.16435,24.94199],[88.16462,24.94138],[88.16242,24.94065],[88.16063,24.94084],[88.15935,24.94163],[88.15839,24.94137],[88.15939,24.93849],[88.15752,24.93352],[88.1498,24.93246],[88.14882,24.93351],[88.14604,24.93441],[88.1455,24.93673],[88.13804,24.93616],[88.13835,24.93515],[88.13754,24.93505],[88.13854,24.93055],[88.13892,24.92134],[88.14036,24.91413],[88.14382,24.91422],[88.14915,24.91102],[88.15367,24.90634],[88.15354,24.90495],[88.15546,24.90176],[88.15391,24.89959],[88.15524,24.8988],[88.16203,24.89727],[88.16148,24.89494],[88.16194,24.89307],[88.16489,24.89525],[88.16685,24.89442],[88.16688,24.8932],[88.16899,24.89294],[88.16945,24.89194],[88.16871,24.88998],[88.16767,24.88976],[88.16869,24.8882],[88.16631,24.88846],[88.16648,24.88982],[88.16344,24.88948],[88.16299,24.88888],[88.1624,24.88939],[88.16073,24.889],[88.15884,24.89193],[88.15757,24.89226],[88.15268,24.88441],[88.15537,24.88364],[88.15543,24.8816],[88.15849,24.88131],[88.16108,24.8804],[88.16232,24.87884],[88.16374,24.87796],[88.16338,24.87612],[88.16033,24.87457],[88.15915,24.87206],[88.16589,24.86342],[88.17546,24.8618],[88.17502,24.86015],[88.1718,24.8606],[88.16869,24.86037],[88.16592,24.85977],[88.16614,24.85849],[88.16225,24.85797],[88.16374,24.85406],[88.16355,24.85344],[88.16422,24.85247],[88.16414,24.85043],[88.16032,24.84856],[88.15974,24.84856],[88.15878,24.85014],[88.15511,24.85038],[88.15094,24.84926],[88.15053,24.85208],[88.1504,24.84995],[88.14692,24.85014],[88.14686,24.85193],[88.14495,24.8511],[88.14547,24.85092],[88.14554,24.84962],[88.14457,24.8497],[88.14488,24.84354],[88.14701,24.84412],[88.14712,24.84363],[88.14129,24.84182],[88.14193,24.84047],[88.14084,24.84044],[88.14074,24.83859],[88.14023,24.83715],[88.13977,24.83723],[88.13963,24.836],[88.14008,24.83521],[88.14107,24.83517],[88.14091,24.83438],[88.13885,24.8342],[88.13888,24.83362],[88.13705,24.83411],[88.13466,24.83403],[88.13378,24.8362],[88.13191,24.83601],[88.133,24.83374],[88.13338,24.8316],[88.13312,24.82997],[88.1341,24.82987],[88.13388,24.81997],[88.13248,24.82008],[88.13192,24.821],[88.13073,24.82133],[88.12897,24.82539],[88.12758,24.82614],[88.13023,24.83324],[88.1291,24.83943],[88.1286,24.8402],[88.12665,24.83927],[88.12499,24.84267],[88.12248,24.84522],[88.12297,24.84786],[88.12271,24.85007],[88.11677,24.85728],[88.1156,24.85937],[88.11513,24.86166],[88.11544,24.8659],[88.11627,24.86832],[88.1178,24.87136],[88.11879,24.87111],[88.12067,24.87644],[88.1218,24.88278],[88.12182,24.88655],[88.12132,24.88956],[88.12066,24.89048],[88.11979,24.90121],[88.11582,24.90608],[88.11927,24.90759],[88.11857,24.90815],[88.11826,24.90973],[88.11687,24.91028],[88.1151,24.91867],[88.11395,24.92088],[88.11322,24.92186],[88.11213,24.92198],[88.10993,24.92573],[88.10389,24.92411],[88.10276,24.92575],[88.10164,24.92617],[88.10285,24.92427],[88.1017,24.92354],[88.10706,24.91812],[88.107,24.91667],[88.10116,24.9216],[88.09779,24.92526],[88.09524,24.92683],[88.09332,24.93051],[88.09414,24.93496],[88.09438,24.93992],[88.0953,24.94083],[88.09531,24.94273],[88.0959,24.94361],[88.09458,24.94729],[88.09056,24.95652],[88.0884,24.95876],[88.08584,24.96267],[88.08088,24.96596],[88.07967,24.96744],[88.07189,24.96755],[88.06402,24.96513]]]}},{"type":"Feature","bbox":[88.05862,25.11216,88.41346,25.31723],"properties":{"kind":"block","block":"Gazole","lgd":2936},"geometry":{"type":"Polygon","coordinates":[[[88.15285,25.12441],[88.15216,25.12106],[88.14963,25.11735],[88.14914,25.11475],[88.14793,25.11218],[88.14717,25.11216],[88.14579,25.11322],[88.14295,25.11386],[88.13815,25.11392],[88.13766,25.11411],[88.13756,25.11552],[88.13921,25.1204],[88.1441,25.12871],[88.14382,25.12994],[88.14052,25.1306],[88.13782,25.132],[88.13817,25.13297],[88.13996,25.13379],[88.14018,25.13454],[88.13943,25.13575],[88.13762,25.13661],[88.13584,25.13664],[88.13443,25.1338],[88.13262,25.12794],[88.13,25.12713],[88.1277,25.12734],[88.12686,25.12769],[88.12614,25.12926],[88.12556,25.13258],[88.12462,25.13332],[88.12236,25.13393],[88.12268,25.13566],[88.12436,25.13699],[88.1238,25.13846],[88.11919,25.13863],[88.11745,25.13446],[88.11382,25.13527],[88.11097,25.1347],[88.10545,25.13647],[88.10546,25.13824],[88.10417,25.14018],[88.10253,25.14165],[88.09873,25.1426],[88.09671,25.141],[88.0972,25.13622],[88.09637,25.13156],[88.09685,25.13058],[88.09792,25.13033],[88.09873,25.12897],[88.09834,25.12732],[88.09708,25.12731],[88.09698,25.12873],[88.09573,25.13053],[88.09365,25.13182],[88.09187,25.13221],[88.08904,25.1319],[88.08773,25.13282],[88.08559,25.12997],[88.08186,25.13083],[88.07812,25.1324],[88.07565,25.13501],[88.07794,25.13641],[88.08006,25.13889],[88.08493,25.14104],[88.08663,25.1451],[88.08655,25.14771],[88.08061,25.1518],[88.07764,25.15298],[88.06991,25.15365],[88.06248,25.15521],[88.06137,25.15504],[88.05995,25.15538],[88.05901,25.15631],[88.05862,25.15829],[88.06073,25.16262],[88.06201,25.16324],[88.0636,25.16306],[88.06529,25.16359],[88.06669,25.16458],[88.06779,25.16794],[88.0714,25.17522],[88.07359,25.17747],[88.07918,25.18521],[88.08456,25.18826],[88.08705,25.19104],[88.08944,25.19257],[88.09219,25.19292],[88.09299,25.19247],[88.09327,25.19057],[88.09539,25.19155],[88.09798,25.19389],[88.09563,25.20004],[88.09544,25.20239],[88.08933,25.21063],[88.08885,25.21415],[88.086,25.21967],[88.08432,25.22148],[88.08076,25.22366],[88.08026,25.22447],[88.08027,25.22592],[88.08137,25.22772],[88.08525,25.22852],[88.08438,25.23439],[88.08459,25.23755],[88.085,25.23935],[88.08871,25.2471],[88.08743,25.2499],[88.08765,25.25297],[88.08805,25.2536],[88.09575,25.25824],[88.10113,25.26384],[88.10117,25.26598],[88.09924,25.27351],[88.09962,25.27506],[88.10361,25.27373],[88.10752,25.27436],[88.11383,25.27354],[88.12132,25.27145],[88.12066,25.26802],[88.12271,25.26644],[88.12514,25.26571],[88.12466,25.26014],[88.12279,25.25903],[88.12255,25.25736],[88.12331,25.2561],[88.12658,25.25384],[88.12572,25.25057],[88.12467,25.24912],[88.12579,25.2463],[88.12584,25.24487],[88.12622,25.24473],[88.12679,25.24487],[88.12758,25.24633],[88.12669,25.24759],[88.12654,25.24889],[88.13315,25.25512],[88.13513,25.25597],[88.14113,25.25651],[88.14167,25.25691],[88.14353,25.2621],[88.1437,25.26289],[88.14301,25.26381],[88.14345,25.26457],[88.14467,25.26611],[88.14708,25.26808],[88.14844,25.26844],[88.14914,25.26944],[88.14999,25.27343],[88.14605,25.27509],[88.13985,25.27619],[88.13953,25.27696],[88.1407,25.28176],[88.14273,25.28443],[88.14495,25.29078],[88.14387,25.29377],[88.14456,25.29642],[88.14533,25.2969],[88.14907,25.29634],[88.14893,25.29821],[88.15017,25.29867],[88.15307,25.29801],[88.15616,25.29824],[88.15905,25.30095],[88.15976,25.30259],[88.16122,25.30414],[88.16189,25.30407],[88.16174,25.30193],[88.16264,25.30133],[88.16535,25.30093],[88.16717,25.29979],[88.17281,25.29873],[88.17939,25.29438],[88.1804,25.29315],[88.18166,25.28967],[88.18312,25.28938],[88.18354,25.28819],[88.18477,25.28747],[88.18487,25.28661],[88.18615,25.28596],[88.18662,25.28132],[88.18739,25.28053],[88.18994,25.27983],[88.19167,25.28043],[88.19298,25.28991],[88.19612,25.29074],[88.19713,25.29312],[88.20056,25.29609],[88.20211,25.29911],[88.20533,25.30348],[88.21514,25.31337],[88.21924,25.31166],[88.22089,25.31174],[88.22719,25.30966],[88.23814,25.30453],[88.23871,25.30366],[88.2381,25.30338],[88.23671,25.30407],[88.23624,25.30328],[88.23717,25.30277],[88.23758,25.30155],[88.23663,25.30096],[88.23612,25.29982],[88.23733,25.29878],[88.23607,25.29822],[88.23518,25.29505],[88.24156,25.29395],[88.24628,25.29427],[88.24796,25.29497],[88.25145,25.29371],[88.25313,25.2937],[88.2536,25.29588],[88.25434,25.2963],[88.25812,25.2959],[88.25998,25.29736],[88.26192,25.2969],[88.2632,25.29713],[88.26874,25.30052],[88.26909,25.30169],[88.27032,25.3016],[88.26988,25.30503],[88.27406,25.31723],[88.27486,25.31713],[88.27476,25.31589],[88.27787,25.31636],[88.288,25.31564],[88.28819,25.31482],[88.2875,25.3143],[88.28751,25.31225],[88.29096,25.31216],[88.29112,25.30888],[88.29438,25.30856],[88.29508,25.30622],[88.2965,25.30734],[88.3001,25.30695],[88.2998,25.29853],[88.30401,25.2988],[88.3061,25.30034],[88.30978,25.29906],[88.31036,25.29998],[88.31603,25.29973],[88.31789,25.30071],[88.32001,25.30014],[88.32003,25.2991],[88.32179,25.29911],[88.32267,25.29853],[88.32267,25.29726],[88.32316,25.29676],[88.33078,25.29626],[88.33204,25.29718],[88.33108,25.29931],[88.33016,25.30465],[88.33821,25.30276],[88.34164,25.30251],[88.34564,25.30016],[88.34838,25.29952],[88.35201,25.29718],[88.35428,25.29732],[88.35512,25.29973],[88.35596,25.30013],[88.35928,25.29687],[88.36153,25.29389],[88.36189,25.29109],[88.37216,25.28888],[88.37973,25.28885],[88.38295,25.29121],[88.38472,25.29597],[88.38666,25.29573],[88.38868,25.29817],[88.39023,25.29789],[88.39305,25.30298],[88.3945,25.3029],[88.39493,25.30225],[88.39943,25.29341],[88.40557,25.29441],[88.40676,25.29564],[88.41162,25.29662],[88.41023,25.29412],[88.41093,25.29368],[88.41318,25.29395],[88.41346,25.29042],[88.4117,25.28795],[88.41117,25.28519],[88.40745,25.28523],[88.40569,25.28336],[88.40714,25.28164],[88.40846,25.28222],[88.40957,25.28181],[88.40838,25.2785],[88.40855,25.27759],[88.40979,25.27796],[88.41123,25.27932],[88.4114,25.27771],[88.40886,25.27548],[88.40662,25.27615],[88.40578,25.275],[88.40604,25.27324],[88.40949,25.27394],[88.41035,25.27254],[88.40752,25.26763],[88.40667,25.26462],[88.4043,25.26404],[88.40244,25.26426],[88.40007,25.26587],[88.39874,25.26521],[88.39815,25.26426],[88.39879,25.26237],[88.40156,25.26273],[88.40196,25.26231],[88.40042,25.25863],[88.39786,25.25449],[88.3944,25.2522],[88.3949,25.24971],[88.39463,25.24931],[88.39237,25.24901],[88.39006,25.24658],[88.3901,25.24386],[88.38968,25.24261],[88.38701,25.23876],[88.38257,25.23659],[88.37893,25.23621],[88.37618,25.23811],[88.3726,25.23678],[88.37077,25.23757],[88.37041,25.23718],[88.37081,25.23541],[88.36877,25.23417],[88.36821,25.23306],[88.37113,25.23309],[88.37148,25.23281],[88.37101,25.23198],[88.36654,25.23134],[88.36524,25.23061],[88.36549,25.2294],[88.36503,25.22921],[88.36226,25.2305],[88.36142,25.23041],[88.36091,25.22973],[88.36042,25.22805],[88.35868,25.2255],[88.36166,25.2215],[88.36376,25.22286],[88.36421,25.22092],[88.3632,25.21876],[88.36087,25.21648],[88.35973,25.2159],[88.3577,25.21661],[88.35689,25.21602],[88.35704,25.21446],[88.35899,25.21415],[88.35777,25.21234],[88.35914,25.21146],[88.35676,25.21026],[88.35634,25.20938],[88.35684,25.2085],[88.35655,25.20753],[88.34918,25.20066],[88.34718,25.19931],[88.34731,25.19848],[88.35,25.19792],[88.34878,25.19562],[88.34671,25.19565],[88.34541,25.19465],[88.3457,25.19411],[88.34748,25.19362],[88.34513,25.18868],[88.34659,25.18709],[88.34642,25.18625],[88.34572,25.1852],[88.34418,25.18433],[88.34218,25.18144],[88.33972,25.1809],[88.33943,25.17866],[88.33632,25.17552],[88.33714,25.17388],[88.33632,25.17258],[88.33566,25.16986],[88.33612,25.16698],[88.32751,25.15984],[88.32757,25.1591],[88.32822,25.15855],[88.33028,25.15966],[88.33198,25.16203],[88.33275,25.16235],[88.33308,25.16168],[88.33278,25.16041],[88.32784,25.15307],[88.32763,25.14981],[88.32504,25.14704],[88.32614,25.14493],[88.32602,25.14416],[88.32184,25.14409],[88.32089,25.14321],[88.3201,25.1381],[88.32183,25.13625],[88.32193,25.13517],[88.32144,25.13433],[88.32089,25.13427],[88.31911,25.13634],[88.31765,25.13638],[88.31665,25.1349],[88.3143,25.13366],[88.31408,25.13303],[88.3166,25.13123],[88.31594,25.13035],[88.31324,25.12946],[88.30816,25.12567],[88.307,25.12533],[88.30683,25.12713],[88.30574,25.12714],[88.30395,25.12556],[88.29746,25.12236],[88.29238,25.11743],[88.28878,25.11584],[88.28274,25.1157],[88.27479,25.11833],[88.27384,25.11657],[88.26866,25.11735],[88.26413,25.1171],[88.25375,25.11797],[88.25037,25.1171],[88.24878,25.11722],[88.24712,25.11776],[88.24604,25.11933],[88.24604,25.12212],[88.23811,25.12455],[88.2324,25.12259],[88.22986,25.12299],[88.2272,25.1254],[88.22361,25.12404],[88.22255,25.12321],[88.2194,25.12243],[88.21824,25.12127],[88.21674,25.12253],[88.21679,25.12444],[88.21589,25.12511],[88.21475,25.12536],[88.21314,25.12437],[88.20741,25.12691],[88.20685,25.12874],[88.20164,25.13184],[88.20136,25.1332],[88.19973,25.13477],[88.19953,25.13563],[88.19446,25.13696],[88.19309,25.13703],[88.19197,25.1365],[88.18998,25.13749],[88.18747,25.13769],[88.18564,25.1363],[88.18429,25.13312],[88.18073,25.12984],[88.1796,25.12796],[88.17764,25.12731],[88.17704,25.12635],[88.1761,25.12686],[88.17578,25.12875],[88.17291,25.12785],[88.16985,25.12847],[88.16927,25.12735],[88.16822,25.12668],[88.16431,25.12669],[88.16153,25.12983],[88.16047,25.13025],[88.15953,25.12967],[88.15756,25.1258],[88.15601,25.12483],[88.15419,25.12503],[88.15285,25.12441]]]}},{"type":"Feature","bbox":[88.22397,24.87014,88.45287,25.12509],"properties":{"kind":"block","block":"Habibpur","lgd":2937},"geometry":{"type":"Polygon","coordinates":[[[88.27046,24.8937],[88.26741,24.88731],[88.26688,24.87964],[88.26721,24.87832],[88.26577,24.87713],[88.26382,24.87679],[88.26354,24.87774],[88.25827,24.87755],[88.25958,24.88264],[88.26238,24.88882],[88.26388,24.89387],[88.26446,24.90143],[88.26386,24.9087],[88.26052,24.91918],[88.25365,24.93122],[88.24981,24.93559],[88.24034,24.94289],[88.23646,24.94648],[88.2317,24.95307],[88.23029,24.95698],[88.22868,24.95849],[88.23081,24.96006],[88.23458,24.95965],[88.23654,24.96015],[88.24037,24.9629],[88.24117,24.96395],[88.2415,24.9664],[88.24049,24.96862],[88.2401,24.9711],[88.23837,24.97413],[88.24078,24.97789],[88.23954,24.97857],[88.23754,24.97829],[88.23524,24.97868],[88.2346,24.97941],[88.23703,24.98207],[88.23701,24.98298],[88.23565,24.98447],[88.23659,24.9851],[88.23442,24.98679],[88.23497,24.98744],[88.23709,24.98695],[88.23845,24.98717],[88.23914,24.9886],[88.23799,24.98972],[88.2346,24.98969],[88.23369,24.99107],[88.232,24.99156],[88.23402,24.99398],[88.2364,24.99502],[88.23637,24.99579],[88.23531,24.99595],[88.23263,24.99467],[88.23262,24.99603],[88.23434,25.0],[88.23461,25.00199],[88.23396,25.00307],[88.23059,25.00399],[88.22877,25.00292],[88.22666,25.00295],[88.22698,25.00422],[88.2299,25.0058],[88.22964,25.00655],[88.22825,25.00642],[88.2271,25.00721],[88.2275,25.00775],[88.23008,25.00779],[88.22841,25.00924],[88.2289,25.01101],[88.22979,25.01252],[88.23115,25.01322],[88.23272,25.0149],[88.23264,25.0154],[88.23079,25.0152],[88.22865,25.01356],[88.22786,25.01391],[88.22933,25.01613],[88.22949,25.01719],[88.2284,25.01794],[88.22763,25.01778],[88.22645,25.01633],[88.22574,25.01658],[88.22519,25.01818],[88.22397,25.01894],[88.22648,25.022],[88.22935,25.02675],[88.22782,25.02827],[88.22569,25.02846],[88.22588,25.02936],[88.22723,25.0298],[88.22906,25.02936],[88.22958,25.02989],[88.23003,25.03243],[88.22921,25.03378],[88.23231,25.03671],[88.23253,25.04083],[88.23473,25.04113],[88.23565,25.04256],[88.23511,25.04428],[88.23598,25.04551],[88.23661,25.04577],[88.23629,25.04456],[88.23668,25.04407],[88.23769,25.04385],[88.23784,25.04477],[88.23922,25.04381],[88.24093,25.04807],[88.24239,25.04775],[88.24226,25.04855],[88.24421,25.05136],[88.24169,25.05188],[88.24196,25.05241],[88.24333,25.05213],[88.24189,25.05369],[88.24207,25.05423],[88.24334,25.05454],[88.24398,25.05577],[88.24408,25.05657],[88.24278,25.05743],[88.24433,25.05934],[88.24431,25.05994],[88.24312,25.06018],[88.24544,25.06316],[88.24347,25.0642],[88.24303,25.06497],[88.24352,25.06535],[88.24762,25.06485],[88.24862,25.06527],[88.24863,25.06577],[88.24724,25.06599],[88.24728,25.06683],[88.24849,25.06831],[88.24892,25.07016],[88.2509,25.07416],[88.25083,25.07994],[88.24834,25.08198],[88.24784,25.08211],[88.24696,25.08133],[88.24601,25.0815],[88.24727,25.085],[88.25018,25.08517],[88.25154,25.08588],[88.25194,25.08668],[88.25173,25.08929],[88.25467,25.08961],[88.25666,25.08873],[88.25853,25.08886],[88.25861,25.08986],[88.25732,25.09114],[88.25529,25.09096],[88.25384,25.09171],[88.25608,25.09374],[88.25697,25.09333],[88.25729,25.09231],[88.25819,25.09246],[88.25888,25.09349],[88.25898,25.09477],[88.2581,25.09629],[88.25863,25.09692],[88.26016,25.09464],[88.26296,25.09618],[88.26131,25.09821],[88.26121,25.09942],[88.26182,25.10051],[88.2627,25.10062],[88.26348,25.10217],[88.26428,25.10252],[88.2666,25.10211],[88.26703,25.10265],[88.26718,25.10464],[88.26833,25.10686],[88.26625,25.10868],[88.2662,25.1116],[88.26566,25.11228],[88.26312,25.1132],[88.26284,25.11388],[88.26413,25.1171],[88.26866,25.11735],[88.27384,25.11657],[88.27479,25.11833],[88.28274,25.1157],[88.28878,25.11584],[88.29238,25.11743],[88.29746,25.12236],[88.303,25.12509],[88.30488,25.12349],[88.30659,25.12272],[88.31062,25.11886],[88.31144,25.11865],[88.31235,25.11693],[88.31083,25.11576],[88.31088,25.11438],[88.31427,25.11368],[88.31572,25.1124],[88.3191,25.11216],[88.32187,25.11314],[88.34152,25.11009],[88.34283,25.10915],[88.34774,25.10834],[88.35754,25.10487],[88.36841,25.10197],[88.37448,25.10182],[88.38321,25.10258],[88.39392,25.10168],[88.40207,25.09964],[88.4127,25.09488],[88.41987,25.09255],[88.43439,25.09081],[88.43514,25.0912],[88.43524,25.09323],[88.43815,25.09373],[88.4386,25.09344],[88.43825,25.09185],[88.43983,25.09124],[88.44509,25.09045],[88.44687,25.09061],[88.44732,25.08897],[88.44722,25.08784],[88.44663,25.08791],[88.44643,25.0872],[88.44691,25.08546],[88.44631,25.08318],[88.44679,25.08185],[88.44814,25.08021],[88.45287,25.0793],[88.45108,25.07517],[88.4487,25.0739],[88.44793,25.07222],[88.4457,25.07091],[88.44234,25.06591],[88.44234,25.06256],[88.43849,25.05763],[88.43625,25.05576],[88.43551,25.05585],[88.43544,25.0551],[88.43552,25.04868],[88.43599,25.04852],[88.43799,25.04305],[88.43953,25.0423],[88.44258,25.04249],[88.44712,25.04171],[88.44751,25.04104],[88.44857,25.04094],[88.44978,25.03996],[88.4497,25.03925],[88.45093,25.03934],[88.45237,25.03779],[88.45254,25.03664],[88.45039,25.0338],[88.44591,25.03335],[88.44551,25.03284],[88.44558,25.03167],[88.44432,25.03003],[88.44518,25.02691],[88.44404,25.025],[88.44128,25.02302],[88.4392,25.02296],[88.43862,25.02208],[88.44062,25.02124],[88.44147,25.02003],[88.44073,25.0188],[88.43874,25.02024],[88.43819,25.01946],[88.43908,25.01779],[88.44078,25.01808],[88.44109,25.01761],[88.43808,25.01549],[88.43985,25.01537],[88.44111,25.01401],[88.44046,25.01369],[88.44086,25.013],[88.44175,25.01339],[88.44221,25.01309],[88.44002,25.0115],[88.43943,25.01333],[88.43753,25.01152],[88.43695,25.01255],[88.43774,25.01431],[88.43663,25.01425],[88.43517,25.01327],[88.43688,25.01038],[88.43634,25.00826],[88.4353,25.00838],[88.43428,25.00699],[88.4361,25.00709],[88.43636,25.00637],[88.43427,25.00544],[88.43026,25.00807],[88.4295,25.00777],[88.42894,25.00827],[88.42775,25.00766],[88.42736,25.008],[88.42757,25.00963],[88.42658,25.00953],[88.42732,25.01255],[88.42709,25.0136],[88.42651,25.01373],[88.42637,25.01607],[88.42544,25.01628],[88.42603,25.01487],[88.42578,25.01329],[88.42702,25.01242],[88.42562,25.01059],[88.42615,25.01013],[88.42611,25.00942],[88.42546,25.00809],[88.42538,25.00654],[88.42209,25.00692],[88.42139,25.00462],[88.4193,25.0018],[88.4204,24.99958],[88.4188,24.99945],[88.4182,24.99836],[88.41728,24.99825],[88.41344,24.99812],[88.41238,24.99894],[88.41197,24.99602],[88.41359,24.99688],[88.41446,24.99451],[88.41225,24.98934],[88.41172,24.98548],[88.41661,24.98515],[88.41722,24.98383],[88.41864,24.98431],[88.41872,24.98318],[88.41828,24.98256],[88.41485,24.98324],[88.41232,24.9823],[88.41535,24.98031],[88.41628,24.9802],[88.41672,24.97593],[88.41743,24.97489],[88.41721,24.97416],[88.41595,24.97318],[88.41082,24.97353],[88.41065,24.97494],[88.4094,24.97744],[88.40858,24.97724],[88.40824,24.97841],[88.40503,24.97943],[88.40471,24.97693],[88.40363,24.9751],[88.40373,24.974],[88.40462,24.97387],[88.40455,24.97331],[88.40575,24.97292],[88.40532,24.97239],[88.40467,24.97285],[88.4042,24.97119],[88.40281,24.97115],[88.4039,24.97231],[88.40354,24.97349],[88.39846,24.97295],[88.39775,24.97095],[88.39525,24.96908],[88.39468,24.96617],[88.39613,24.96598],[88.39631,24.96538],[88.39599,24.96468],[88.39399,24.96403],[88.39355,24.96481],[88.3929,24.96481],[88.39367,24.96122],[88.39344,24.9606],[88.39364,24.96013],[88.39494,24.96052],[88.39519,24.95947],[88.39718,24.9605],[88.39913,24.95919],[88.39752,24.9579],[88.39862,24.95696],[88.39897,24.95535],[88.40055,24.95482],[88.4001,24.9537],[88.40105,24.95323],[88.40091,24.95195],[88.40189,24.9506],[88.40059,24.94911],[88.40096,24.94858],[88.3992,24.9478],[88.39884,24.94532],[88.39786,24.94485],[88.39654,24.94316],[88.39417,24.94149],[88.39236,24.94172],[88.39176,24.94292],[88.39014,24.9418],[88.38949,24.94187],[88.38963,24.9428],[88.38876,24.9436],[88.38725,24.94229],[88.38736,24.93952],[88.38105,24.93932],[88.37952,24.94028],[88.37745,24.94299],[88.37358,24.94357],[88.37144,24.94244],[88.37097,24.94254],[88.36991,24.94416],[88.36993,24.94521],[88.36931,24.9456],[88.36668,24.94491],[88.36503,24.94711],[88.36637,24.94734],[88.36659,24.94799],[88.36423,24.94835],[88.36391,24.94891],[88.36613,24.95218],[88.36575,24.95302],[88.36404,24.95329],[88.36328,24.95307],[88.36233,24.95181],[88.35943,24.95195],[88.35889,24.95124],[88.3606,24.94973],[88.36048,24.94887],[88.35799,24.9477],[88.35532,24.94424],[88.35472,24.94206],[88.35218,24.94249],[88.35111,24.94465],[88.35011,24.94486],[88.3492,24.94459],[88.3476,24.94296],[88.34426,24.94263],[88.3409,24.94063],[88.33996,24.93862],[88.34129,24.93524],[88.33952,24.93407],[88.33949,24.93261],[88.33894,24.93176],[88.3379,24.93183],[88.33718,24.93109],[88.33712,24.92905],[88.33849,24.92679],[88.33765,24.92615],[88.33656,24.92637],[88.33597,24.92742],[88.33462,24.92699],[88.33491,24.92118],[88.33525,24.92023],[88.33655,24.9193],[88.33659,24.91868],[88.33338,24.91841],[88.33171,24.91983],[88.33018,24.91997],[88.32964,24.91904],[88.32989,24.91726],[88.32902,24.91713],[88.32572,24.91889],[88.32475,24.91816],[88.32433,24.9171],[88.32443,24.91582],[88.32659,24.91032],[88.32782,24.90464],[88.32872,24.904],[88.33202,24.90523],[88.33405,24.90483],[88.33456,24.90355],[88.33426,24.90126],[88.33457,24.90056],[88.33278,24.89716],[88.33316,24.89694],[88.3344,24.8979],[88.33516,24.89771],[88.33626,24.8982],[88.33725,24.89959],[88.33787,24.89924],[88.33852,24.89977],[88.34067,24.89997],[88.34164,24.8989],[88.3428,24.89988],[88.34396,24.89954],[88.3444,24.89776],[88.34621,24.8953],[88.34615,24.89427],[88.34701,24.89243],[88.34525,24.89194],[88.34463,24.8911],[88.34539,24.89034],[88.34539,24.88964],[88.34442,24.88874],[88.34335,24.88892],[88.34264,24.88841],[88.34322,24.88727],[88.34288,24.88437],[88.33924,24.88043],[88.33899,24.87846],[88.33759,24.87854],[88.33431,24.87767],[88.3353,24.87478],[88.33418,24.87335],[88.33262,24.87243],[88.33311,24.87095],[88.33062,24.87014],[88.32648,24.87048],[88.32538,24.87212],[88.32086,24.87613],[88.32094,24.8771],[88.3221,24.87888],[88.32092,24.88347],[88.31855,24.88354],[88.31714,24.88301],[88.31671,24.88065],[88.31491,24.88114],[88.31485,24.88162],[88.31225,24.88158],[88.31288,24.88019],[88.31221,24.87933],[88.31075,24.87873],[88.30977,24.87773],[88.30749,24.87751],[88.30527,24.87248],[88.30264,24.87166],[88.30171,24.87204],[88.30128,24.87334],[88.30193,24.87424],[88.30178,24.87517],[88.30053,24.87562],[88.30009,24.87811],[88.29798,24.88143],[88.29846,24.88244],[88.30074,24.88219],[88.30087,24.88505],[88.30156,24.8851],[88.302,24.88581],[88.30022,24.88602],[88.29819,24.8851],[88.29849,24.88601],[88.29705,24.88622],[88.29676,24.88824],[88.29446,24.8883],[88.29397,24.88928],[88.29156,24.88939],[88.28749,24.88768],[88.28651,24.887],[88.28637,24.88635],[88.28569,24.88641],[88.28506,24.88684],[88.2852,24.88806],[88.286,24.88791],[88.28624,24.88917],[88.28319,24.88911],[88.28292,24.89047],[88.28146,24.89079],[88.27984,24.88927],[88.27956,24.88819],[88.27813,24.88805],[88.27701,24.8899],[88.27762,24.89054],[88.27722,24.89175],[88.27577,24.89178],[88.27767,24.89692],[88.27608,24.8978],[88.27559,24.897],[88.27311,24.89653],[88.27046,24.8937]]]}},{"type":"Feature","bbox":[87.84975,25.36982,88.00666,25.53977],"properties":{"kind":"block","block":"Harishchandrapur-I","lgd":2938},"geometry":{"type":"Polygon","coordinates":[[[87.9013,25.37985],[87.90079,25.37983],[87.89945,25.3821],[87.89886,25.38223],[87.89828,25.38189],[87.89824,25.38043],[87.89754,25.37967],[87.8964,25.37963],[87.89391,25.38122],[87.8922,25.38026],[87.89032,25.38204],[87.89024,25.38387],[87.88931,25.38445],[87.88776,25.384],[87.88601,25.38164],[87.88307,25.38121],[87.88279,25.38038],[87.88553,25.37914],[87.88552,25.3782],[87.8841,25.37906],[87.88225,25.37895],[87.88187,25.37823],[87.88208,25.37701],[87.8837,25.37636],[87.88315,25.37407],[87.88253,25.3739],[87.88232,25.3727],[87.8816,25.37211],[87.88152,25.37096],[87.88087,25.37088],[87.88049,25.36996],[87.88011,25.36982],[87.87976,25.37074],[87.87447,25.37257],[87.87312,25.37149],[87.87335,25.37446],[87.87074,25.37627],[87.86831,25.37655],[87.86797,25.37874],[87.86706,25.37905],[87.86786,25.38148],[87.86746,25.38186],[87.86852,25.38479],[87.86799,25.38592],[87.86827,25.38749],[87.86687,25.38839],[87.86845,25.38968],[87.86815,25.39022],[87.86953,25.39309],[87.86639,25.39816],[87.86575,25.3983],[87.86595,25.39924],[87.86226,25.39947],[87.86085,25.40049],[87.85943,25.39915],[87.85899,25.40021],[87.85495,25.40069],[87.84975,25.40247],[87.85068,25.40404],[87.8527,25.4106],[87.85449,25.41412],[87.85572,25.41605],[87.85707,25.41635],[87.85824,25.41729],[87.85773,25.4181],[87.85822,25.41928],[87.86004,25.421],[87.85874,25.4217],[87.85923,25.42293],[87.85883,25.42311],[87.8609,25.42985],[87.86136,25.43344],[87.86234,25.43483],[87.86533,25.43688],[87.86796,25.43528],[87.86919,25.43579],[87.86841,25.44039],[87.86962,25.4419],[87.87055,25.44206],[87.87162,25.44159],[87.87207,25.43984],[87.87116,25.43852],[87.87221,25.43832],[87.87275,25.43897],[87.87288,25.44258],[87.8746,25.44271],[87.87485,25.44379],[87.87542,25.44397],[87.87546,25.44544],[87.87682,25.44588],[87.87773,25.44856],[87.87901,25.44766],[87.87871,25.44584],[87.87959,25.44555],[87.88228,25.44593],[87.88249,25.44634],[87.88112,25.44725],[87.88291,25.44784],[87.884,25.44909],[87.88402,25.45019],[87.88292,25.45182],[87.88173,25.45115],[87.8812,25.45154],[87.88149,25.45252],[87.88274,25.45257],[87.883,25.45449],[87.88457,25.45378],[87.88729,25.45375],[87.88783,25.4543],[87.88913,25.45439],[87.89271,25.45101],[87.89412,25.45062],[87.89594,25.45247],[87.89676,25.45244],[87.89729,25.45352],[87.89667,25.45486],[87.89698,25.45526],[87.89778,25.45548],[87.89984,25.45459],[87.90176,25.45486],[87.90198,25.45412],[87.90139,25.45341],[87.90192,25.45313],[87.90332,25.45405],[87.90305,25.45495],[87.90156,25.45623],[87.90339,25.45808],[87.90269,25.46026],[87.90474,25.4621],[87.90404,25.46355],[87.90464,25.46415],[87.90493,25.46587],[87.90534,25.46585],[87.90593,25.46943],[87.90674,25.47049],[87.90593,25.47135],[87.90429,25.47169],[87.9018,25.47098],[87.89841,25.47073],[87.89707,25.47143],[87.89646,25.47051],[87.89646,25.47115],[87.8945,25.47166],[87.89424,25.47267],[87.89285,25.47337],[87.89193,25.47568],[87.89253,25.47706],[87.89213,25.47744],[87.89033,25.47733],[87.88979,25.47835],[87.89012,25.47918],[87.88905,25.47907],[87.8877,25.4782],[87.88726,25.47634],[87.88525,25.47659],[87.88557,25.47873],[87.88462,25.47835],[87.88344,25.47878],[87.88507,25.48101],[87.88474,25.48228],[87.88252,25.48219],[87.88126,25.48136],[87.88108,25.47995],[87.8793,25.48104],[87.87999,25.48247],[87.88168,25.48354],[87.88225,25.48456],[87.88227,25.48514],[87.88125,25.48571],[87.88166,25.48637],[87.88094,25.48751],[87.87996,25.48798],[87.87969,25.48894],[87.879,25.48897],[87.87903,25.49007],[87.87848,25.49025],[87.87735,25.49278],[87.87522,25.49352],[87.87404,25.49457],[87.87244,25.49491],[87.87083,25.4971],[87.87219,25.49968],[87.87417,25.50203],[87.87482,25.50469],[87.87989,25.5042],[87.88325,25.50558],[87.88637,25.50808],[87.88677,25.51036],[87.88528,25.51218],[87.88333,25.51694],[87.88325,25.51765],[87.88409,25.51773],[87.88448,25.51855],[87.88437,25.52057],[87.88545,25.52011],[87.88553,25.51901],[87.88714,25.51819],[87.89018,25.51827],[87.89237,25.5149],[87.89285,25.51267],[87.89474,25.51264],[87.89645,25.5118],[87.8982,25.5117],[87.89856,25.51075],[87.8976,25.50556],[87.89788,25.50492],[87.89989,25.50563],[87.90267,25.50531],[87.90259,25.5066],[87.90349,25.50879],[87.90439,25.50939],[87.90823,25.50866],[87.90871,25.50934],[87.90682,25.51136],[87.90727,25.5123],[87.91073,25.51488],[87.91093,25.51575],[87.91068,25.51708],[87.90851,25.51831],[87.90856,25.51923],[87.91273,25.52577],[87.91394,25.52654],[87.91738,25.52574],[87.91835,25.52657],[87.91851,25.52736],[87.91696,25.53134],[87.91696,25.53295],[87.91874,25.53264],[87.92156,25.534],[87.92555,25.53377],[87.92772,25.5372],[87.93738,25.53545],[87.94014,25.53553],[87.9417,25.53658],[87.94635,25.53547],[87.94696,25.53621],[87.94669,25.53857],[87.94708,25.53908],[87.95111,25.53836],[87.95342,25.53977],[87.95455,25.53959],[87.9558,25.53749],[87.95656,25.5374],[87.95825,25.53785],[87.96006,25.5392],[87.96364,25.5393],[87.96408,25.5369],[87.96462,25.53644],[87.9669,25.53639],[87.96786,25.53429],[87.96888,25.53413],[87.97146,25.5301],[87.97655,25.5247],[87.98078,25.52454],[87.986,25.52664],[87.98754,25.52559],[87.9909,25.52538],[87.9912,25.52303],[87.9938,25.52241],[87.99346,25.5218],[87.98502,25.51564],[87.98902,25.51181],[87.993,25.51242],[87.99415,25.51199],[87.99511,25.50797],[87.99384,25.50794],[87.99282,25.5071],[87.99365,25.50179],[87.9954,25.49981],[87.9969,25.49906],[88.00661,25.49697],[88.00666,25.49389],[88.00588,25.48838],[88.00383,25.48538],[88.00037,25.48357],[87.99318,25.48388],[87.98963,25.48238],[87.98743,25.48092],[87.98607,25.47715],[87.9866,25.4746],[87.98844,25.47084],[87.98955,25.46982],[87.99488,25.46908],[87.99867,25.46694],[87.99904,25.46063],[87.99814,25.45987],[87.99691,25.45987],[87.9934,25.45856],[87.99308,25.45573],[87.9921,25.45516],[87.98642,25.454],[87.98319,25.45248],[87.98254,25.44957],[87.98201,25.44921],[87.98055,25.44492],[87.97953,25.44448],[87.97828,25.44484],[87.97704,25.44299],[87.97831,25.43945],[87.97688,25.43636],[87.97916,25.43505],[87.97916,25.43208],[87.98202,25.43114],[87.98153,25.42987],[87.98006,25.42952],[87.97532,25.42524],[87.97471,25.422],[87.97257,25.42149],[87.97148,25.41854],[87.96792,25.41572],[87.96614,25.40871],[87.96658,25.40641],[87.96625,25.40408],[87.96566,25.40326],[87.96584,25.40087],[87.96396,25.39816],[87.96393,25.39542],[87.96556,25.39411],[87.96708,25.39159],[87.96667,25.39078],[87.96246,25.39222],[87.96097,25.39223],[87.96029,25.38999],[87.95204,25.3921],[87.9505,25.39258],[87.95066,25.39315],[87.9525,25.39287],[87.9531,25.39504],[87.94606,25.39624],[87.9444,25.39543],[87.94319,25.39161],[87.94269,25.39101],[87.94181,25.391],[87.94176,25.38869],[87.94211,25.38836],[87.94356,25.3886],[87.94322,25.38762],[87.94199,25.38669],[87.93708,25.38936],[87.93443,25.38703],[87.93258,25.38607],[87.93217,25.38683],[87.93246,25.38718],[87.92984,25.39025],[87.92999,25.39125],[87.92827,25.39259],[87.92527,25.391],[87.92479,25.38982],[87.92421,25.38954],[87.92357,25.39099],[87.9252,25.39279],[87.92568,25.39382],[87.92527,25.39458],[87.92245,25.39524],[87.91993,25.3949],[87.91896,25.39337],[87.91951,25.39193],[87.92196,25.38965],[87.9212,25.38849],[87.92083,25.3863],[87.9192,25.38534],[87.91858,25.38422],[87.91939,25.38171],[87.92229,25.38098],[87.9225,25.38055],[87.92203,25.37912],[87.92115,25.37837],[87.91949,25.37841],[87.9175,25.37684],[87.91479,25.37629],[87.90945,25.37813],[87.90548,25.37812],[87.90463,25.37774],[87.90373,25.37821],[87.90321,25.37944],[87.90336,25.38111],[87.90198,25.38128],[87.9013,25.37985]]]}},{"type":"Feature","bbox":[87.76388,25.26945,87.97228,25.4971],"properties":{"kind":"block","block":"Harishchandrapur-II","lgd":2939},"geometry":{"type":"Polygon","coordinates":[[[87.82628,25.31358],[87.81627,25.31992],[87.80506,25.32456],[87.79654,25.3256],[87.79145,25.33414],[87.78824,25.33834],[87.79018,25.34432],[87.79194,25.36287],[87.79359,25.36742],[87.79234,25.37054],[87.79231,25.37355],[87.77929,25.37308],[87.77367,25.37693],[87.76966,25.37898],[87.76588,25.38527],[87.76594,25.38751],[87.76816,25.39213],[87.76835,25.39401],[87.76749,25.39586],[87.76812,25.39893],[87.76936,25.39939],[87.77253,25.40422],[87.76589,25.40713],[87.76388,25.4075],[87.76432,25.41314],[87.76451,25.41378],[87.76573,25.41459],[87.76794,25.41344],[87.77045,25.40957],[87.77499,25.40876],[87.77535,25.41099],[87.77633,25.41269],[87.77407,25.41827],[87.7742,25.42367],[87.76993,25.42621],[87.77136,25.42898],[87.774,25.42962],[87.77412,25.43182],[87.7747,25.43231],[87.77882,25.43147],[87.78027,25.43158],[87.78133,25.43254],[87.78355,25.43717],[87.78726,25.4504],[87.79336,25.44916],[87.79426,25.44754],[87.79678,25.4475],[87.79694,25.44501],[87.80231,25.44473],[87.8053,25.44071],[87.81167,25.43555],[87.81441,25.43562],[87.82268,25.43708],[87.82478,25.43795],[87.82637,25.43962],[87.82685,25.44156],[87.82658,25.44363],[87.82572,25.44545],[87.82718,25.44747],[87.8289,25.44683],[87.8289,25.44857],[87.8302,25.45021],[87.83096,25.45221],[87.83096,25.45625],[87.83023,25.46105],[87.83757,25.46091],[87.83964,25.46137],[87.83922,25.46758],[87.84024,25.46776],[87.84655,25.46663],[87.84766,25.46721],[87.85448,25.46679],[87.85523,25.46779],[87.8558,25.47098],[87.86053,25.47108],[87.86132,25.46928],[87.86345,25.46911],[87.86253,25.46409],[87.86323,25.46411],[87.8661,25.46743],[87.86931,25.469],[87.86886,25.47301],[87.86727,25.47451],[87.8667,25.47758],[87.86489,25.47995],[87.86495,25.48269],[87.86533,25.48417],[87.86638,25.48552],[87.8666,25.48826],[87.86848,25.49576],[87.86895,25.49671],[87.87083,25.4971],[87.87244,25.49491],[87.87404,25.49457],[87.87522,25.49352],[87.87735,25.49278],[87.87848,25.49025],[87.87903,25.49007],[87.879,25.48897],[87.87969,25.48894],[87.87996,25.48798],[87.88094,25.48751],[87.88166,25.48637],[87.88125,25.48571],[87.88227,25.48514],[87.88225,25.48456],[87.88168,25.48354],[87.87999,25.48247],[87.8793,25.48104],[87.88108,25.47995],[87.88126,25.48136],[87.88252,25.48219],[87.88474,25.48228],[87.88507,25.48101],[87.88344,25.47878],[87.88462,25.47835],[87.88557,25.47873],[87.88525,25.47659],[87.88726,25.47634],[87.8877,25.4782],[87.88905,25.47907],[87.89012,25.47918],[87.88979,25.47835],[87.89033,25.47733],[87.89213,25.47744],[87.89253,25.47706],[87.89193,25.47568],[87.89285,25.47337],[87.89424,25.47267],[87.8945,25.47166],[87.89646,25.47115],[87.89646,25.47051],[87.89707,25.47143],[87.89841,25.47073],[87.9018,25.47098],[87.90429,25.47169],[87.90593,25.47135],[87.90674,25.47049],[87.90593,25.46943],[87.90534,25.46585],[87.90493,25.46587],[87.90464,25.46415],[87.90404,25.46355],[87.90474,25.4621],[87.90269,25.46026],[87.90339,25.45808],[87.90156,25.45623],[87.90305,25.45495],[87.90332,25.45405],[87.90262,25.45324],[87.90139,25.45341],[87.90198,25.45412],[87.90176,25.45486],[87.89984,25.45459],[87.89778,25.45548],[87.89698,25.45526],[87.89667,25.45486],[87.89729,25.45352],[87.89676,25.45244],[87.89594,25.45247],[87.89412,25.45062],[87.89271,25.45101],[87.88913,25.45439],[87.88783,25.4543],[87.88729,25.45375],[87.88457,25.45378],[87.883,25.45449],[87.88274,25.45257],[87.88149,25.45252],[87.8812,25.45154],[87.88173,25.45115],[87.88292,25.45182],[87.88402,25.45019],[87.884,25.44909],[87.88291,25.44784],[87.88112,25.44725],[87.88249,25.44634],[87.88228,25.44593],[87.87959,25.44555],[87.87871,25.44584],[87.87901,25.44766],[87.87773,25.44856],[87.87682,25.44588],[87.87546,25.44544],[87.87542,25.44397],[87.87485,25.44379],[87.8746,25.44271],[87.87288,25.44258],[87.87275,25.43897],[87.87221,25.43832],[87.87116,25.43852],[87.87207,25.43984],[87.87162,25.44159],[87.87055,25.44206],[87.86962,25.4419],[87.86841,25.44039],[87.86919,25.43579],[87.86796,25.43528],[87.86533,25.43688],[87.86234,25.43483],[87.86136,25.43344],[87.8609,25.42985],[87.85883,25.42311],[87.85923,25.42293],[87.85874,25.4217],[87.86004,25.421],[87.85822,25.41928],[87.85773,25.4181],[87.85824,25.41729],[87.85707,25.41635],[87.85572,25.41605],[87.85449,25.41412],[87.8527,25.4106],[87.85068,25.40404],[87.84975,25.40247],[87.85495,25.40069],[87.85899,25.40021],[87.85943,25.39915],[87.86085,25.40049],[87.86226,25.39947],[87.86595,25.39924],[87.86575,25.3983],[87.86639,25.39816],[87.86953,25.39309],[87.86815,25.39022],[87.86845,25.38968],[87.86687,25.38839],[87.86827,25.38749],[87.86799,25.38592],[87.86852,25.38479],[87.86746,25.38186],[87.86786,25.38148],[87.86706,25.37905],[87.86797,25.37874],[87.86831,25.37655],[87.87074,25.37627],[87.87335,25.37446],[87.87312,25.37149],[87.87447,25.37257],[87.87976,25.37074],[87.88011,25.36982],[87.88049,25.36996],[87.88087,25.37088],[87.88152,25.37096],[87.8816,25.37211],[87.88232,25.3727],[87.88253,25.3739],[87.88315,25.37407],[87.8837,25.37636],[87.88208,25.37701],[87.88187,25.37823],[87.88225,25.37895],[87.8841,25.37906],[87.88552,25.3782],[87.88553,25.37914],[87.88279,25.38038],[87.88307,25.38121],[87.88601,25.38164],[87.88776,25.384],[87.88931,25.38445],[87.89024,25.38387],[87.89032,25.38204],[87.8922,25.38026],[87.89391,25.38122],[87.8964,25.37963],[87.89754,25.37967],[87.89824,25.38043],[87.89828,25.38189],[87.89886,25.38223],[87.89945,25.3821],[87.90079,25.37983],[87.9013,25.37985],[87.90198,25.38128],[87.90336,25.38111],[87.90321,25.37944],[87.90373,25.37821],[87.90463,25.37774],[87.90548,25.37812],[87.90945,25.37813],[87.91479,25.37629],[87.9175,25.37684],[87.91949,25.37841],[87.92115,25.37837],[87.92203,25.37912],[87.9225,25.38055],[87.92229,25.38098],[87.91939,25.38171],[87.91858,25.38422],[87.9192,25.38534],[87.92083,25.3863],[87.9212,25.38849],[87.92196,25.38965],[87.91951,25.39193],[87.91896,25.39337],[87.91993,25.3949],[87.92245,25.39524],[87.92527,25.39458],[87.92568,25.39382],[87.92357,25.39099],[87.92421,25.38954],[87.92479,25.38982],[87.92527,25.391],[87.92827,25.39259],[87.92999,25.39125],[87.92984,25.39025],[87.93246,25.38718],[87.93217,25.38683],[87.93258,25.38607],[87.93443,25.38703],[87.93708,25.38936],[87.94199,25.38669],[87.94322,25.38762],[87.94356,25.3886],[87.94211,25.38836],[87.94176,25.38869],[87.94181,25.391],[87.94269,25.39101],[87.94319,25.39161],[87.9444,25.39543],[87.94606,25.39624],[87.9531,25.39504],[87.9525,25.39287],[87.95066,25.39315],[87.9505,25.39258],[87.9586,25.39066],[87.96407,25.38904],[87.96553,25.38815],[87.97226,25.38675],[87.97178,25.38534],[87.97228,25.38445],[87.97036,25.38065],[87.96787,25.38131],[87.96724,25.38034],[87.96633,25.38019],[87.96533,25.37679],[87.96606,25.37534],[87.96494,25.3728],[87.96409,25.37265],[87.96339,25.37135],[87.96246,25.37122],[87.96323,25.37068],[87.96309,25.37006],[87.9606,25.36764],[87.9574,25.36711],[87.95616,25.36592],[87.95039,25.36902],[87.94373,25.37148],[87.94182,25.37069],[87.94075,25.36583],[87.93794,25.3622],[87.93646,25.36122],[87.93501,25.35776],[87.93479,25.35605],[87.9335,25.35528],[87.93272,25.35612],[87.93206,25.35612],[87.93185,25.35494],[87.92942,25.35278],[87.92667,25.35305],[87.92548,25.35142],[87.92479,25.34855],[87.92405,25.34738],[87.92131,25.34613],[87.92154,25.3446],[87.9233,25.34176],[87.92376,25.33975],[87.92473,25.33821],[87.92551,25.33786],[87.926,25.33848],[87.92545,25.33878],[87.92576,25.34052],[87.92688,25.33964],[87.93253,25.33904],[87.93459,25.33962],[87.93922,25.33956],[87.93953,25.33999],[87.94383,25.3397],[87.944,25.34117],[87.9469,25.3409],[87.94776,25.34031],[87.9474,25.33654],[87.94656,25.33655],[87.94598,25.33503],[87.944,25.33352],[87.94605,25.33067],[87.94679,25.32686],[87.9482,25.32782],[87.94929,25.32789],[87.95096,25.32721],[87.95148,25.32387],[87.95117,25.32291],[87.9487,25.31771],[87.94693,25.31562],[87.95171,25.31352],[87.95197,25.31301],[87.95061,25.30998],[87.94806,25.30815],[87.94533,25.30744],[87.94269,25.30784],[87.93707,25.31101],[87.93195,25.31239],[87.92678,25.31573],[87.92379,25.31509],[87.92141,25.31607],[87.91957,25.31623],[87.91204,25.31575],[87.90782,25.3143],[87.90448,25.31027],[87.90304,25.30766],[87.89984,25.30067],[87.89695,25.29194],[87.89356,25.28592],[87.89183,25.28385],[87.88924,25.28204],[87.88512,25.28053],[87.88356,25.27936],[87.88011,25.27833],[87.8771,25.27655],[87.87394,25.27588],[87.87155,25.27406],[87.86606,25.2725],[87.86188,25.26945],[87.86104,25.27126],[87.86241,25.27411],[87.86155,25.27774],[87.86143,25.28142],[87.85721,25.29362],[87.85566,25.29429],[87.85543,25.29689],[87.84848,25.29816],[87.83817,25.30158],[87.83093,25.3073],[87.82628,25.31358]]]}},{"type":"Feature","bbox":[87.94741,24.82759,88.12297,24.92733],"properties":{"kind":"block","block":"Kaliachak-I","lgd":2940},"geometry":{"type":"Polygon","coordinates":[[[88.04952,24.83541],[88.03535,24.83519],[88.03476,24.8287],[88.03386,24.82827],[88.03372,24.82759],[88.03054,24.82855],[88.02957,24.82933],[88.02953,24.83013],[88.02485,24.83016],[88.02455,24.8305],[88.01813,24.82909],[88.01692,24.83047],[88.0114,24.8315],[88.01089,24.83147],[88.00973,24.82999],[88.00816,24.83076],[88.00843,24.83218],[88.00698,24.83188],[88.00649,24.83445],[87.99892,24.8384],[87.98808,24.84113],[87.98895,24.84251],[87.98043,24.84812],[87.97321,24.84966],[87.97219,24.84818],[87.9716,24.84615],[87.97117,24.8458],[87.9701,24.84654],[87.96946,24.84589],[87.96604,24.8402],[87.96444,24.84044],[87.96182,24.84153],[87.96164,24.84223],[87.95902,24.84474],[87.95647,24.84624],[87.95291,24.8497],[87.94741,24.85363],[87.94789,24.85387],[87.94955,24.85299],[87.95006,24.85365],[87.95122,24.85306],[87.95565,24.85807],[87.9567,24.86002],[87.95749,24.86019],[87.95816,24.8619],[87.96116,24.86111],[87.96407,24.86624],[87.96318,24.86687],[87.96692,24.87199],[87.97162,24.86942],[87.97537,24.86633],[87.97611,24.86639],[87.97619,24.86549],[87.97694,24.86551],[87.97726,24.86628],[87.97812,24.86587],[87.98119,24.86386],[87.98205,24.86234],[87.9858,24.86162],[87.98725,24.86249],[87.98766,24.86321],[87.98734,24.86545],[87.99029,24.8682],[87.98817,24.86831],[87.98603,24.87117],[87.98423,24.87137],[87.98176,24.87239],[87.98069,24.87319],[87.9809,24.8736],[87.97854,24.87372],[87.97448,24.8753],[87.97138,24.87758],[87.97059,24.87746],[87.97035,24.87811],[87.97143,24.88057],[87.97559,24.87745],[87.97722,24.87689],[87.97727,24.87747],[87.97799,24.87656],[87.98101,24.87593],[87.9818,24.87975],[87.98487,24.88611],[87.98665,24.88861],[87.99001,24.88992],[87.98849,24.89222],[87.98901,24.89309],[87.98807,24.89361],[87.9875,24.89485],[87.98884,24.89553],[87.98869,24.89616],[87.98935,24.89703],[87.99114,24.89831],[87.98987,24.90102],[87.98998,24.90496],[87.99297,24.9103],[87.99498,24.91136],[87.99523,24.91235],[87.99671,24.91307],[87.99635,24.91483],[87.99785,24.91655],[87.99747,24.91704],[87.99867,24.91852],[87.99944,24.91856],[88.00023,24.91794],[88.00151,24.91834],[88.00374,24.91398],[88.00321,24.913],[88.00377,24.91223],[88.0097,24.90716],[88.01406,24.90424],[88.01562,24.90406],[88.0175,24.90237],[88.02181,24.90141],[88.02201,24.90081],[88.02153,24.90058],[88.02228,24.89695],[88.02418,24.89759],[88.02561,24.89564],[88.02692,24.89592],[88.02728,24.89501],[88.02797,24.89502],[88.02828,24.89287],[88.03058,24.88813],[88.03349,24.89032],[88.03839,24.89232],[88.03946,24.8938],[88.04089,24.89372],[88.04334,24.89903],[88.04637,24.89919],[88.04968,24.89807],[88.04933,24.89925],[88.04869,24.89933],[88.04903,24.901],[88.04852,24.90182],[88.04927,24.90426],[88.04613,24.90511],[88.04659,24.90726],[88.04483,24.90809],[88.04615,24.90996],[88.04593,24.91087],[88.04723,24.91313],[88.04721,24.91424],[88.04441,24.91475],[88.04426,24.91529],[88.04479,24.91563],[88.04437,24.91702],[88.04654,24.91681],[88.04744,24.91883],[88.04785,24.91865],[88.04771,24.91723],[88.05364,24.91428],[88.0632,24.91383],[88.06616,24.91463],[88.06682,24.91407],[88.07234,24.91676],[88.07189,24.91884],[88.07273,24.91932],[88.07305,24.92033],[88.07519,24.92137],[88.07596,24.92236],[88.07564,24.92446],[88.07472,24.9256],[88.07565,24.92608],[88.08347,24.92491],[88.08678,24.92492],[88.09038,24.92389],[88.09379,24.92684],[88.09499,24.92733],[88.09779,24.92526],[88.10116,24.9216],[88.107,24.91667],[88.10706,24.91812],[88.1017,24.92354],[88.10285,24.92427],[88.10148,24.92591],[88.10276,24.92575],[88.10389,24.92411],[88.10993,24.92573],[88.11213,24.92198],[88.11322,24.92186],[88.1151,24.91867],[88.11687,24.91028],[88.11826,24.90973],[88.11857,24.90815],[88.11927,24.90759],[88.11582,24.90608],[88.11979,24.90121],[88.12066,24.89048],[88.12132,24.88956],[88.12182,24.88655],[88.1218,24.88278],[88.1213,24.87887],[88.11924,24.87199],[88.11879,24.87111],[88.1178,24.87136],[88.11544,24.8659],[88.11513,24.86166],[88.1156,24.85937],[88.11677,24.85728],[88.12271,24.85007],[88.12297,24.84786],[88.12248,24.84522],[88.11616,24.84881],[88.11125,24.85075],[88.10983,24.85088],[88.10678,24.84951],[88.1061,24.84965],[88.10573,24.84804],[88.105,24.84808],[88.10346,24.85006],[88.10077,24.84983],[88.10028,24.85028],[88.10049,24.85211],[88.1001,24.8525],[88.10051,24.8539],[88.09803,24.85398],[88.09627,24.85243],[88.09076,24.85305],[88.08371,24.85184],[88.08117,24.85208],[88.07828,24.84972],[88.07897,24.84889],[88.07648,24.84606],[88.0754,24.84511],[88.07348,24.8448],[88.07336,24.84064],[88.06641,24.83994],[88.06587,24.83802],[88.0645,24.83757],[88.0644,24.83672],[88.05856,24.83372],[88.04946,24.83314],[88.04949,24.83436],[88.05007,24.83475],[88.04952,24.83541]]]}},{"type":"Feature","bbox":[87.90275,24.85158,88.0959,24.99597],"properties":{"kind":"block","block":"Kaliachak-II","lgd":2941},"geometry":{"type":"Polygon","coordinates":[[[87.92137,24.85862],[87.9206,24.8576],[87.92098,24.85616],[87.91672,24.85685],[87.91683,24.85563],[87.91639,24.85539],[87.91347,24.85445],[87.9127,24.85476],[87.90927,24.85387],[87.90357,24.85158],[87.90289,24.85404],[87.90275,24.8578],[87.90329,24.86762],[87.91005,24.87473],[87.91331,24.87922],[87.91541,24.88317],[87.91961,24.88693],[87.93324,24.89556],[87.93971,24.89814],[87.94976,24.90494],[87.95277,24.90761],[87.95374,24.90902],[87.95503,24.91333],[87.96083,24.92208],[87.95948,24.9278],[87.95962,24.92901],[87.9619,24.93216],[87.96283,24.93453],[87.9628,24.93706],[87.96165,24.9429],[87.95895,24.9508],[87.95895,24.9578],[87.95832,24.96067],[87.95841,24.96688],[87.95775,24.97089],[87.95326,24.97708],[87.95102,24.97858],[87.94848,24.98172],[87.94482,24.98414],[87.94154,24.98983],[87.93952,24.99142],[87.94015,24.99228],[87.94436,24.99238],[87.94555,24.99295],[87.94809,24.99597],[87.94873,24.99593],[87.95243,24.99458],[87.96088,24.99031],[87.96865,24.99038],[87.97486,24.99127],[87.97607,24.99105],[87.97671,24.99026],[87.98128,24.98956],[87.98126,24.98862],[87.97907,24.98652],[87.97999,24.98618],[87.98978,24.98721],[88.0023,24.9846],[88.00504,24.98126],[88.00666,24.98164],[88.01361,24.98089],[88.01586,24.98113],[88.01865,24.98017],[88.02079,24.98002],[88.02446,24.9799],[88.02658,24.98035],[88.02722,24.98196],[88.02973,24.98288],[88.03063,24.98401],[88.03446,24.98641],[88.03658,24.98341],[88.03604,24.98288],[88.03696,24.98232],[88.03678,24.98009],[88.0388,24.97778],[88.03873,24.97552],[88.04016,24.97466],[88.04033,24.97396],[88.04216,24.97379],[88.0427,24.97389],[88.04327,24.97765],[88.04192,24.97798],[88.04084,24.97702],[88.04009,24.97771],[88.04019,24.97932],[88.03948,24.97995],[88.04014,24.98307],[88.04112,24.98361],[88.04295,24.983],[88.04343,24.98267],[88.04292,24.98128],[88.04413,24.98171],[88.04438,24.98104],[88.04381,24.97996],[88.04507,24.98065],[88.04892,24.97759],[88.04988,24.97859],[88.05185,24.98516],[88.04823,24.98722],[88.04972,24.98922],[88.05039,24.98889],[88.05117,24.98993],[88.05441,24.98805],[88.05266,24.98548],[88.05423,24.98415],[88.05578,24.98354],[88.05753,24.98605],[88.05874,24.98638],[88.06054,24.98412],[88.0626,24.98415],[88.06471,24.98164],[88.06666,24.98108],[88.06552,24.97903],[88.06185,24.97801],[88.06169,24.97726],[88.05966,24.97691],[88.05679,24.9744],[88.05661,24.96915],[88.05618,24.96815],[88.05387,24.96801],[88.05417,24.96203],[88.0547,24.96102],[88.06402,24.96513],[88.07189,24.96755],[88.07967,24.96744],[88.08088,24.96596],[88.08584,24.96267],[88.0884,24.95876],[88.09056,24.95652],[88.09257,24.95248],[88.0959,24.94361],[88.09531,24.94273],[88.0953,24.94083],[88.09438,24.93992],[88.09414,24.93496],[88.09332,24.93051],[88.09499,24.92733],[88.09379,24.92684],[88.09038,24.92389],[88.08678,24.92492],[88.08347,24.92491],[88.07565,24.92608],[88.07472,24.9256],[88.07564,24.92446],[88.07596,24.92236],[88.07519,24.92137],[88.07305,24.92033],[88.07273,24.91932],[88.07189,24.91884],[88.07234,24.91676],[88.06682,24.91407],[88.06616,24.91463],[88.0632,24.91383],[88.05364,24.91428],[88.04771,24.91723],[88.04785,24.91865],[88.04744,24.91883],[88.04654,24.91681],[88.04437,24.91702],[88.04479,24.91563],[88.04426,24.91529],[88.04441,24.91475],[88.04721,24.91424],[88.04723,24.91313],[88.04593,24.91087],[88.04615,24.90996],[88.04483,24.90809],[88.04659,24.90726],[88.04613,24.90511],[88.04927,24.90426],[88.04852,24.90182],[88.04903,24.901],[88.04869,24.89933],[88.04933,24.89925],[88.04968,24.89807],[88.04637,24.89919],[88.04334,24.89903],[88.04089,24.89372],[88.03946,24.8938],[88.03839,24.89232],[88.03349,24.89032],[88.03058,24.88813],[88.02828,24.89287],[88.02797,24.89502],[88.02728,24.89501],[88.02692,24.89592],[88.02561,24.89564],[88.02418,24.89759],[88.02228,24.89695],[88.02153,24.90058],[88.02201,24.90081],[88.02181,24.90141],[88.0175,24.90237],[88.01562,24.90406],[88.01406,24.90424],[88.0097,24.90716],[88.00377,24.91223],[88.00321,24.913],[88.00374,24.91398],[88.00151,24.91834],[88.00023,24.91794],[87.99944,24.91856],[87.99867,24.91852],[87.99747,24.91704],[87.99785,24.91655],[87.99635,24.91483],[87.99671,24.91307],[87.99523,24.91235],[87.99498,24.91136],[87.99297,24.9103],[87.98998,24.90496],[87.98987,24.90102],[87.99114,24.89831],[87.98935,24.89703],[87.98869,24.89616],[87.98884,24.89553],[87.9875,24.89485],[87.98807,24.89361],[87.98901,24.89309],[87.98849,24.89222],[87.99001,24.88992],[87.98665,24.88861],[87.98487,24.88611],[87.9818,24.87975],[87.98101,24.87593],[87.97799,24.87656],[87.97727,24.87747],[87.97722,24.87689],[87.97559,24.87745],[87.97143,24.88057],[87.97035,24.87811],[87.97059,24.87746],[87.97138,24.87758],[87.97448,24.8753],[87.97854,24.87372],[87.9809,24.8736],[87.98069,24.87319],[87.98176,24.87239],[87.98423,24.87137],[87.98603,24.87117],[87.98817,24.86831],[87.99029,24.8682],[87.98734,24.86545],[87.98766,24.86321],[87.98651,24.86184],[87.9858,24.86162],[87.98205,24.86234],[87.98119,24.86386],[87.97812,24.86587],[87.97726,24.86628],[87.97694,24.86551],[87.97619,24.86549],[87.97611,24.86639],[87.97537,24.86633],[87.97162,24.86942],[87.96692,24.87199],[87.96318,24.86687],[87.96407,24.86624],[87.96116,24.86111],[87.95816,24.8619],[87.95749,24.86019],[87.9567,24.86002],[87.95565,24.85807],[87.95122,24.85306],[87.95006,24.85365],[87.94955,24.85299],[87.94517,24.85454],[87.9418,24.85693],[87.94255,24.85794],[87.94237,24.85859],[87.94123,24.85891],[87.941,24.85966],[87.93904,24.86018],[87.9384,24.86462],[87.9353,24.86916],[87.9323,24.87162],[87.92991,24.87185],[87.92969,24.87123],[87.92662,24.87107],[87.92022,24.8695],[87.92122,24.86523],[87.92137,24.85862]]]}},{"type":"Feature","bbox":[87.89667,24.65544,88.13628,24.87185],"properties":{"kind":"block","block":"Kaliachak-III","lgd":2942},"geometry":{"type":"Polygon","coordinates":[[[88.00692,24.66346],[88.00627,24.66343],[88.00656,24.66074],[88.00452,24.65762],[88.00338,24.65725],[88.0029,24.65555],[87.99744,24.65544],[87.99022,24.65796],[87.98072,24.66346],[87.97653,24.66675],[87.96872,24.67621],[87.96288,24.68456],[87.95692,24.69657],[87.96053,24.70375],[87.96391,24.70655],[87.96583,24.71399],[87.96498,24.71755],[87.96767,24.72646],[87.96844,24.73144],[87.96649,24.74515],[87.96859,24.75058],[87.96823,24.75596],[87.96725,24.75733],[87.96662,24.76108],[87.96699,24.7698],[87.9624,24.77707],[87.96067,24.78147],[87.95889,24.78377],[87.95216,24.79016],[87.94971,24.79498],[87.94749,24.79753],[87.94327,24.79977],[87.9385,24.80387],[87.93758,24.8043],[87.93658,24.80406],[87.92828,24.81017],[87.92776,24.81229],[87.91695,24.82457],[87.91652,24.82577],[87.91405,24.82852],[87.90554,24.84199],[87.9036,24.84433],[87.90205,24.84878],[87.89746,24.85583],[87.89667,24.85777],[87.89678,24.86094],[87.90329,24.86762],[87.90275,24.8578],[87.90289,24.85404],[87.90357,24.85158],[87.90927,24.85387],[87.9127,24.85476],[87.91347,24.85445],[87.91639,24.85539],[87.91683,24.85563],[87.91672,24.85685],[87.92098,24.85616],[87.9206,24.8576],[87.92137,24.85862],[87.92122,24.86523],[87.92022,24.8695],[87.92662,24.87107],[87.92969,24.87123],[87.92991,24.87185],[87.9323,24.87162],[87.9353,24.86916],[87.9384,24.86462],[87.93904,24.86018],[87.941,24.85966],[87.94123,24.85891],[87.94237,24.85859],[87.94255,24.85794],[87.9418,24.85693],[87.94517,24.85454],[87.94817,24.85317],[87.95291,24.8497],[87.95647,24.84624],[87.95902,24.84474],[87.96164,24.84223],[87.96182,24.84153],[87.96604,24.8402],[87.96946,24.84589],[87.9701,24.84654],[87.97117,24.8458],[87.9716,24.84615],[87.97219,24.84818],[87.97321,24.84966],[87.9751,24.8495],[87.98043,24.84812],[87.98305,24.84657],[87.98895,24.84251],[87.98808,24.84113],[87.99892,24.8384],[88.00649,24.83445],[88.00698,24.83188],[88.00843,24.83218],[88.00816,24.83076],[88.00973,24.82999],[88.01089,24.83147],[88.0114,24.8315],[88.01692,24.83047],[88.01813,24.82909],[88.02455,24.8305],[88.02485,24.83016],[88.02953,24.83013],[88.02957,24.82933],[88.03054,24.82855],[88.03372,24.82759],[88.03386,24.82827],[88.03476,24.8287],[88.03535,24.83519],[88.04952,24.83541],[88.05007,24.83475],[88.04949,24.83436],[88.04946,24.83314],[88.05856,24.83372],[88.0644,24.83672],[88.0645,24.83757],[88.06587,24.83802],[88.06641,24.83994],[88.07336,24.84064],[88.07348,24.8448],[88.0754,24.84511],[88.07648,24.84606],[88.07897,24.84889],[88.07828,24.84972],[88.08117,24.85208],[88.08371,24.85184],[88.09076,24.85305],[88.09627,24.85243],[88.09803,24.85398],[88.10051,24.8539],[88.1001,24.8525],[88.10049,24.85211],[88.10028,24.85028],[88.10077,24.84983],[88.10346,24.85006],[88.105,24.84808],[88.10573,24.84804],[88.1061,24.84965],[88.10678,24.84951],[88.10983,24.85088],[88.11351,24.85005],[88.12104,24.84634],[88.12321,24.8447],[88.12499,24.84267],[88.12665,24.83927],[88.1286,24.8402],[88.1291,24.83943],[88.13023,24.83324],[88.12758,24.82614],[88.12897,24.82539],[88.13073,24.82133],[88.13192,24.821],[88.13248,24.82008],[88.13388,24.81997],[88.13424,24.8142],[88.13628,24.80528],[88.13536,24.80478],[88.13078,24.80494],[88.12821,24.81098],[88.12779,24.81114],[88.12354,24.82311],[88.11835,24.81954],[88.1111,24.81285],[88.10753,24.80439],[88.10612,24.80259],[88.10496,24.79845],[88.10566,24.79399],[88.10504,24.79342],[88.10502,24.78671],[88.10634,24.78691],[88.1061,24.77957],[88.09863,24.77978],[88.09469,24.78049],[88.08902,24.7829],[88.07787,24.7691],[88.0752,24.77028],[88.07245,24.77296],[88.06831,24.76915],[88.07111,24.76778],[88.06889,24.76378],[88.07455,24.76075],[88.07056,24.7562],[88.06881,24.75315],[88.06578,24.75073],[88.07003,24.74675],[88.0725,24.74364],[88.06774,24.73421],[88.0663,24.72862],[88.06335,24.72355],[88.06285,24.7216],[88.05759,24.71623],[88.05597,24.71554],[88.05373,24.71087],[88.05197,24.71235],[88.04413,24.706],[88.0418,24.70479],[88.04197,24.70394],[88.03828,24.70062],[88.01369,24.67461],[88.00808,24.66737],[88.00692,24.66346]]]}},{"type":"Feature","bbox":[87.71307,24.99031,87.98463,25.26411],"properties":{"kind":"block","block":"Manikchak","lgd":2943},"geometry":{"type":"Polygon","coordinates":[[[87.87304,25.03775],[87.86524,25.04585],[87.85917,25.05296],[87.85728,25.05463],[87.84871,25.05943],[87.82914,25.06683],[87.81362,25.07069],[87.80798,25.07165],[87.80579,25.07265],[87.80423,25.07542],[87.80237,25.08289],[87.7929,25.09535],[87.78967,25.10442],[87.77903,25.1177],[87.77436,25.12136],[87.77351,25.12548],[87.7744,25.14405],[87.78094,25.16853],[87.78262,25.17643],[87.78778,25.1913],[87.78913,25.20013],[87.79056,25.21799],[87.7908,25.23442],[87.78999,25.23981],[87.78866,25.24373],[87.78664,25.24739],[87.77321,25.24714],[87.77029,25.24817],[87.76692,25.2507],[87.76462,25.25146],[87.7521,25.25222],[87.74838,25.25358],[87.7362,25.25511],[87.72048,25.25665],[87.71738,25.25619],[87.71307,25.25798],[87.73688,25.26215],[87.74288,25.26404],[87.74434,25.26411],[87.76718,25.26098],[87.77633,25.25659],[87.78179,25.25625],[87.79671,25.25198],[87.79822,25.24985],[87.80127,25.24921],[87.80093,25.247],[87.80462,25.24372],[87.80689,25.2426],[87.81031,25.24232],[87.82434,25.23653],[87.8335,25.22034],[87.8378,25.21217],[87.83846,25.20982],[87.84026,25.20045],[87.83984,25.19861],[87.83587,25.19282],[87.83514,25.19092],[87.83528,25.18677],[87.84356,25.18319],[87.84616,25.18493],[87.85043,25.18607],[87.85429,25.18366],[87.85731,25.17944],[87.86507,25.17503],[87.86845,25.17413],[87.86885,25.17359],[87.86859,25.17298],[87.86733,25.17172],[87.86811,25.16921],[87.87135,25.16836],[87.87186,25.16896],[87.87253,25.16886],[87.87799,25.1667],[87.87929,25.16657],[87.87966,25.16737],[87.87794,25.16934],[87.87821,25.1708],[87.8795,25.1705],[87.88336,25.17097],[87.88429,25.1702],[87.88851,25.16955],[87.89592,25.17065],[87.89963,25.16942],[87.90121,25.17039],[87.90264,25.17022],[87.90361,25.17079],[87.90426,25.1729],[87.90802,25.17179],[87.91055,25.17169],[87.91207,25.17247],[87.91593,25.17224],[87.91652,25.17185],[87.91435,25.16655],[87.91291,25.1595],[87.92539,25.15933],[87.92851,25.16143],[87.92968,25.161],[87.93031,25.16138],[87.93082,25.16225],[87.93047,25.16254],[87.93066,25.16336],[87.93188,25.16524],[87.93348,25.17014],[87.93598,25.17062],[87.93529,25.16993],[87.93554,25.16955],[87.93653,25.16918],[87.93756,25.17018],[87.93923,25.16878],[87.94144,25.16815],[87.94255,25.17045],[87.9445,25.17077],[87.94544,25.17177],[87.94605,25.17021],[87.94511,25.16439],[87.95015,25.16125],[87.95118,25.15929],[87.95328,25.15813],[87.95711,25.15277],[87.9592,25.15444],[87.96769,25.14714],[87.96947,25.14614],[87.96956,25.14524],[87.97184,25.14514],[87.97325,25.1436],[87.97051,25.14143],[87.97455,25.13467],[87.97675,25.12979],[87.97696,25.12725],[87.9789,25.12309],[87.97878,25.11658],[87.97649,25.11816],[87.97593,25.11625],[87.97398,25.11388],[87.97141,25.11319],[87.97015,25.11342],[87.96383,25.11734],[87.95846,25.11866],[87.95578,25.11456],[87.95487,25.11154],[87.95681,25.11134],[87.95752,25.1117],[87.9616,25.10935],[87.96446,25.10839],[87.96478,25.10716],[87.96597,25.1071],[87.96851,25.10545],[87.96913,25.09982],[87.9694,25.09929],[87.97018,25.09916],[87.97102,25.09644],[87.97106,25.089],[87.97014,25.08585],[87.96804,25.08147],[87.96617,25.08056],[87.96731,25.07686],[87.96974,25.07537],[87.97015,25.07614],[87.97282,25.07486],[87.97283,25.07637],[87.97331,25.07644],[87.97432,25.07828],[87.97742,25.07753],[87.98203,25.07434],[87.98142,25.07208],[87.97946,25.06842],[87.97544,25.066],[87.97664,25.06199],[87.97763,25.05529],[87.97887,25.05368],[87.97521,25.05354],[87.97466,25.05283],[87.9802,25.05341],[87.97985,25.05212],[87.97798,25.04979],[87.98463,25.04366],[87.98387,25.04285],[87.98226,25.04283],[87.9813,25.04089],[87.97984,25.04107],[87.97918,25.04005],[87.97736,25.03962],[87.97678,25.03844],[87.97792,25.0376],[87.97459,25.03798],[87.97387,25.04137],[87.97271,25.04112],[87.97282,25.03923],[87.97038,25.03868],[87.97455,25.02726],[87.97662,25.02272],[87.97857,25.01996],[87.97971,25.01445],[87.97885,25.01332],[87.97901,25.01206],[87.98119,25.01037],[87.98047,25.00581],[87.97649,24.99649],[87.97607,24.99105],[87.97486,24.99127],[87.96865,24.99038],[87.96088,24.99031],[87.95243,24.99458],[87.94809,24.99597],[87.94555,24.99295],[87.94436,24.99238],[87.94015,24.99228],[87.93952,24.99142],[87.93633,24.99277],[87.93192,24.99597],[87.92273,25.00058],[87.91464,25.00178],[87.90593,25.00389],[87.90115,25.00569],[87.89936,25.00678],[87.88862,25.01765],[87.87304,25.03775]]]}},{"type":"Feature","bbox":[88.06355,24.95163,88.26833,25.1426],"properties":{"kind":"block","block":"Old Malda","lgd":2944},"geometry":{"type":"Polygon","coordinates":[[[88.13291,25.0383],[88.13378,25.04745],[88.13329,25.05001],[88.13124,25.0536],[88.13097,25.05789],[88.13005,25.06036],[88.12726,25.06468],[88.12488,25.06645],[88.12111,25.06672],[88.12003,25.06733],[88.11638,25.0719],[88.11398,25.0727],[88.11241,25.0723],[88.10133,25.08027],[88.0995,25.0804],[88.09838,25.08105],[88.09801,25.08262],[88.09972,25.08844],[88.09908,25.0892],[88.0983,25.08948],[88.0968,25.08906],[88.09339,25.08716],[88.09119,25.08659],[88.08661,25.08775],[88.08309,25.08981],[88.08185,25.09217],[88.08158,25.09426],[88.08158,25.09646],[88.08261,25.09794],[88.08294,25.10486],[88.08167,25.10944],[88.07889,25.11494],[88.07173,25.11599],[88.06974,25.11663],[88.06895,25.11736],[88.0665,25.12324],[88.06374,25.12731],[88.06355,25.12993],[88.06505,25.13254],[88.06674,25.13308],[88.07309,25.13305],[88.07565,25.13501],[88.07812,25.1324],[88.08186,25.13083],[88.08559,25.12997],[88.08773,25.13282],[88.08904,25.1319],[88.09051,25.13235],[88.09365,25.13182],[88.09642,25.12984],[88.09708,25.12731],[88.09834,25.12732],[88.09873,25.12897],[88.09792,25.13033],[88.09685,25.13058],[88.09637,25.13156],[88.0972,25.13622],[88.09671,25.141],[88.09873,25.1426],[88.10253,25.14165],[88.10417,25.14018],[88.10546,25.13824],[88.10545,25.13647],[88.11097,25.1347],[88.11382,25.13527],[88.11745,25.13446],[88.11919,25.13863],[88.1238,25.13846],[88.12436,25.13699],[88.12268,25.13566],[88.12236,25.13393],[88.12462,25.13332],[88.12556,25.13258],[88.12686,25.12769],[88.13,25.12713],[88.13262,25.12794],[88.13443,25.1338],[88.13584,25.13664],[88.13762,25.13661],[88.13943,25.13575],[88.14018,25.13454],[88.13996,25.13379],[88.13817,25.13297],[88.13782,25.132],[88.13865,25.13126],[88.14382,25.12994],[88.14412,25.12953],[88.1441,25.12871],[88.13921,25.1204],[88.13756,25.11552],[88.13766,25.11411],[88.14295,25.11386],[88.14579,25.11322],[88.14717,25.11216],[88.14793,25.11218],[88.14914,25.11475],[88.14963,25.11735],[88.15216,25.12106],[88.15285,25.12441],[88.15419,25.12503],[88.15601,25.12483],[88.15756,25.1258],[88.15999,25.13011],[88.16153,25.12983],[88.16431,25.12669],[88.16822,25.12668],[88.16927,25.12735],[88.16985,25.12847],[88.17291,25.12785],[88.17578,25.12875],[88.1761,25.12686],[88.17704,25.12635],[88.17764,25.12731],[88.1796,25.12796],[88.18073,25.12984],[88.18429,25.13312],[88.18564,25.1363],[88.18747,25.13769],[88.18998,25.13749],[88.19197,25.1365],[88.19309,25.13703],[88.19446,25.13696],[88.19953,25.13563],[88.19973,25.13477],[88.20136,25.1332],[88.20164,25.13184],[88.20685,25.12874],[88.20741,25.12691],[88.21314,25.12437],[88.21475,25.12536],[88.21589,25.12511],[88.21679,25.12444],[88.21674,25.12253],[88.21824,25.12127],[88.2194,25.12243],[88.22255,25.12321],[88.22361,25.12404],[88.2272,25.1254],[88.22986,25.12299],[88.2324,25.12259],[88.23811,25.12455],[88.24604,25.12212],[88.24604,25.11933],[88.24712,25.11776],[88.24878,25.11722],[88.25037,25.1171],[88.25375,25.11797],[88.26413,25.1171],[88.26284,25.11388],[88.26312,25.1132],[88.26566,25.11228],[88.2662,25.1116],[88.26625,25.10868],[88.26833,25.10686],[88.26718,25.10464],[88.26703,25.10265],[88.2666,25.10211],[88.26428,25.10252],[88.26348,25.10217],[88.2627,25.10062],[88.26182,25.10051],[88.26121,25.09942],[88.26131,25.09821],[88.26296,25.09618],[88.26016,25.09464],[88.25863,25.09692],[88.2581,25.09629],[88.25898,25.09477],[88.25888,25.09349],[88.25819,25.09246],[88.25729,25.09231],[88.25697,25.09333],[88.25608,25.09374],[88.25384,25.09171],[88.25529,25.09096],[88.25732,25.09114],[88.25861,25.08986],[88.25853,25.08886],[88.25666,25.08873],[88.25467,25.08961],[88.25173,25.08929],[88.25194,25.08668],[88.25154,25.08588],[88.25018,25.08517],[88.24727,25.085],[88.24601,25.0815],[88.24696,25.08133],[88.24784,25.08211],[88.24834,25.08198],[88.25083,25.07994],[88.2509,25.07416],[88.24892,25.07016],[88.24849,25.06831],[88.24728,25.06683],[88.24724,25.06599],[88.24863,25.06577],[88.24862,25.06527],[88.24762,25.06485],[88.24352,25.06535],[88.24303,25.06497],[88.24347,25.0642],[88.24544,25.06316],[88.24312,25.06018],[88.24431,25.05994],[88.24433,25.05934],[88.24278,25.05743],[88.24408,25.05657],[88.24398,25.05577],[88.24334,25.05454],[88.24207,25.05423],[88.24189,25.05369],[88.24333,25.05213],[88.24196,25.05241],[88.24169,25.05188],[88.24421,25.05136],[88.24226,25.04855],[88.24239,25.04775],[88.24093,25.04807],[88.23922,25.04381],[88.23784,25.04477],[88.23769,25.04385],[88.23668,25.04407],[88.23629,25.04456],[88.23661,25.04577],[88.23598,25.04551],[88.23511,25.04428],[88.23565,25.04256],[88.23473,25.04113],[88.23253,25.04083],[88.23231,25.03671],[88.22921,25.03378],[88.23003,25.03243],[88.22958,25.02989],[88.22906,25.02936],[88.22723,25.0298],[88.22588,25.02936],[88.22569,25.02846],[88.22782,25.02827],[88.22935,25.02675],[88.22648,25.022],[88.22397,25.01894],[88.22519,25.01818],[88.22574,25.01658],[88.22645,25.01633],[88.22763,25.01778],[88.2284,25.01794],[88.22949,25.01719],[88.22933,25.01613],[88.22786,25.01391],[88.22865,25.01356],[88.23079,25.0152],[88.23264,25.0154],[88.23272,25.0149],[88.23115,25.01322],[88.22979,25.01252],[88.2289,25.01101],[88.22841,25.00924],[88.23008,25.00779],[88.2275,25.00775],[88.2271,25.00721],[88.22825,25.00642],[88.22964,25.00655],[88.2299,25.0058],[88.22698,25.00422],[88.22666,25.00295],[88.22877,25.00292],[88.23059,25.00399],[88.23396,25.00307],[88.23461,25.00199],[88.23456,25.00073],[88.23297,24.99728],[88.23263,24.99467],[88.23531,24.99595],[88.23637,24.99579],[88.2364,24.99502],[88.23402,24.99398],[88.232,24.99156],[88.23369,24.99107],[88.2346,24.98969],[88.23799,24.98972],[88.23914,24.9886],[88.23845,24.98717],[88.23709,24.98695],[88.23497,24.98744],[88.23442,24.98679],[88.23659,24.9851],[88.23565,24.98447],[88.23701,24.98298],[88.23703,24.98207],[88.2346,24.97941],[88.23524,24.97868],[88.23754,24.97829],[88.23954,24.97857],[88.24078,24.97789],[88.23837,24.97413],[88.2401,24.9711],[88.24049,24.96862],[88.2415,24.9664],[88.24117,24.96395],[88.24037,24.9629],[88.23654,24.96015],[88.23458,24.95965],[88.23081,24.96006],[88.22868,24.95849],[88.22484,24.96001],[88.20719,24.95822],[88.19893,24.95655],[88.19363,24.95438],[88.18857,24.95163],[88.18668,24.95168],[88.18348,24.95377],[88.15562,24.97861],[88.14897,24.98636],[88.14851,24.98953],[88.14887,24.99342],[88.15449,25.00147],[88.1554,25.00386],[88.1542,25.00571],[88.15546,25.00682],[88.15951,25.00613],[88.15858,25.00722],[88.15876,25.00797],[88.16005,25.00813],[88.16033,25.00869],[88.15937,25.01124],[88.15799,25.01132],[88.15716,25.01322],[88.15321,25.01735],[88.15303,25.01923],[88.15222,25.02016],[88.15013,25.02072],[88.14688,25.02437],[88.14573,25.02515],[88.14335,25.02502],[88.14197,25.02557],[88.14099,25.02671],[88.14013,25.02601],[88.13837,25.02651],[88.13701,25.02778],[88.13475,25.02787],[88.13291,25.0383]]]}},{"type":"Feature","bbox":[87.82434,25.15218,88.06493,25.29112],"properties":{"kind":"block","block":"Ratua-I","lgd":2945},"geometry":{"type":"Polygon","coordinates":[[[87.89592,25.17065],[87.88851,25.16955],[87.88429,25.1702],[87.88336,25.17097],[87.8795,25.1705],[87.87821,25.1708],[87.87794,25.16934],[87.87966,25.16737],[87.87929,25.16657],[87.87253,25.16886],[87.87186,25.16896],[87.87135,25.16836],[87.86953,25.16871],[87.86811,25.16921],[87.86754,25.17059],[87.86733,25.17172],[87.86885,25.17359],[87.86845,25.17413],[87.86507,25.17503],[87.85731,25.17944],[87.85429,25.18366],[87.85043,25.18607],[87.84616,25.18493],[87.84356,25.18319],[87.83528,25.18677],[87.83514,25.19092],[87.83587,25.19282],[87.83984,25.19861],[87.84026,25.20045],[87.83846,25.20982],[87.8378,25.21217],[87.8335,25.22034],[87.82434,25.23653],[87.8273,25.23529],[87.83534,25.24047],[87.83668,25.24261],[87.83662,25.24581],[87.84154,25.25074],[87.84795,25.25374],[87.8489,25.25397],[87.85029,25.25296],[87.85527,25.25527],[87.85553,25.25991],[87.8534,25.26265],[87.85343,25.2636],[87.85702,25.26966],[87.86069,25.26963],[87.86104,25.27126],[87.86188,25.26945],[87.86606,25.2725],[87.87155,25.27406],[87.87394,25.27588],[87.8771,25.27655],[87.88011,25.27833],[87.88172,25.27862],[87.88268,25.27646],[87.88403,25.27491],[87.88531,25.27626],[87.8899,25.27494],[87.89149,25.27496],[87.89467,25.27361],[87.89533,25.27443],[87.89893,25.27583],[87.90081,25.27762],[87.90206,25.27894],[87.90349,25.28282],[87.90469,25.28345],[87.90599,25.28282],[87.90795,25.27821],[87.91142,25.2752],[87.91409,25.27137],[87.91288,25.26848],[87.91345,25.26661],[87.9132,25.26543],[87.9141,25.26414],[87.91637,25.26451],[87.91772,25.26589],[87.92107,25.26503],[87.92909,25.26584],[87.93625,25.26847],[87.93932,25.27065],[87.94128,25.266],[87.94224,25.26227],[87.9428,25.26201],[87.94913,25.26409],[87.95294,25.26182],[87.9586,25.25985],[87.95748,25.2554],[87.95849,25.25016],[87.95971,25.24818],[87.96165,25.24789],[87.96442,25.24807],[87.96575,25.24912],[87.96739,25.24927],[87.96807,25.25022],[87.96876,25.25674],[87.97031,25.2579],[87.97315,25.26227],[87.97436,25.26776],[87.97314,25.27023],[87.97416,25.27676],[87.97389,25.2777],[87.97254,25.27872],[87.97411,25.28184],[87.9825,25.28045],[87.98718,25.27918],[87.98672,25.27819],[87.98695,25.27732],[87.9898,25.27648],[87.99098,25.27497],[87.99266,25.27541],[87.99554,25.275],[87.99652,25.2728],[87.99977,25.27145],[88.00022,25.27341],[87.99953,25.27403],[87.99934,25.27506],[87.99988,25.27609],[88.00058,25.27569],[88.00133,25.27611],[88.00099,25.27876],[88.00398,25.28265],[88.00601,25.28716],[88.00871,25.29112],[88.00893,25.28999],[88.01154,25.28883],[88.01131,25.28522],[88.0136,25.28178],[88.01491,25.28138],[88.02211,25.28256],[88.02811,25.28192],[88.03092,25.2829],[88.03154,25.28241],[88.03165,25.28131],[88.031,25.28019],[88.02731,25.27742],[88.02673,25.27627],[88.03149,25.27412],[88.03309,25.27429],[88.036,25.27632],[88.03662,25.27628],[88.03741,25.27555],[88.03756,25.27337],[88.04024,25.27004],[88.04121,25.26996],[88.04445,25.27193],[88.0458,25.27443],[88.04646,25.2745],[88.04684,25.27359],[88.04594,25.27143],[88.04192,25.2685],[88.03811,25.26737],[88.03798,25.26629],[88.03625,25.26622],[88.03601,25.26684],[88.03484,25.26685],[88.03437,25.26637],[88.03356,25.2671],[88.02976,25.26751],[88.03132,25.26154],[88.03062,25.26147],[88.03067,25.26074],[88.03218,25.26066],[88.03116,25.25819],[88.03251,25.2576],[88.03265,25.25691],[88.0349,25.25742],[88.03483,25.25648],[88.03582,25.25601],[88.03601,25.25542],[88.03555,25.25466],[88.03694,25.2548],[88.04021,25.25408],[88.04322,25.25293],[88.04108,25.24811],[88.04339,25.24679],[88.04453,25.24573],[88.04462,25.24504],[88.04737,25.24401],[88.04764,25.24095],[88.04815,25.24035],[88.04898,25.24041],[88.04887,25.23931],[88.04971,25.23875],[88.05111,25.23899],[88.0522,25.23725],[88.05177,25.23707],[88.0528,25.2336],[88.04938,25.23195],[88.0455,25.23183],[88.04523,25.22683],[88.04543,25.22478],[88.04597,25.22386],[88.05029,25.22002],[88.05848,25.21754],[88.06262,25.21749],[88.06493,25.21674],[88.06367,25.21518],[88.05909,25.21405],[88.05638,25.21503],[88.0492,25.21588],[88.04716,25.21567],[88.04288,25.21412],[88.03878,25.21108],[88.03618,25.2085],[88.03414,25.20756],[88.02832,25.2065],[88.02779,25.20553],[88.02755,25.20098],[88.02663,25.20027],[88.026,25.19758],[88.02718,25.19578],[88.02695,25.19427],[88.02511,25.18918],[88.02301,25.1896],[88.02183,25.1884],[88.01908,25.18787],[88.01422,25.19043],[88.01363,25.18934],[88.01502,25.1836],[88.01626,25.18133],[88.01539,25.18065],[88.01026,25.17975],[88.00541,25.17727],[88.00242,25.17817],[88.00175,25.17915],[87.99988,25.18029],[87.99673,25.1814],[87.99598,25.18113],[87.99543,25.1797],[87.99233,25.1795],[87.99123,25.17809],[87.98917,25.17839],[87.98906,25.17661],[87.98804,25.17651],[87.98702,25.17421],[87.98685,25.17065],[87.98605,25.16907],[87.9868,25.16777],[87.98951,25.16616],[87.99051,25.16448],[87.98703,25.16257],[87.97967,25.16567],[87.97527,25.16649],[87.97505,25.16358],[87.97444,25.16199],[87.97326,25.16073],[87.96904,25.16189],[87.96552,25.16365],[87.96359,25.15456],[87.96303,25.15325],[87.9619,25.15218],[87.9592,25.15444],[87.95711,25.15277],[87.95328,25.15813],[87.95118,25.15929],[87.95015,25.16125],[87.94511,25.16439],[87.94605,25.17021],[87.94544,25.17177],[87.9445,25.17077],[87.94255,25.17045],[87.94144,25.16815],[87.93923,25.16878],[87.93756,25.17018],[87.93653,25.16918],[87.93554,25.16955],[87.93529,25.16993],[87.93598,25.17062],[87.93348,25.17014],[87.93188,25.16524],[87.93066,25.16336],[87.93047,25.16254],[87.93082,25.16225],[87.93031,25.16138],[87.92968,25.161],[87.92851,25.16143],[87.92539,25.15933],[87.92442,25.15923],[87.92357,25.15963],[87.91958,25.15926],[87.91291,25.1595],[87.91435,25.16655],[87.91652,25.17185],[87.91593,25.17224],[87.91207,25.17247],[87.91055,25.17169],[87.90802,25.17179],[87.90426,25.1729],[87.90361,25.17079],[87.90264,25.17022],[87.90121,25.17039],[87.89963,25.16942],[87.89592,25.17065]]]}},{"type":"Feature","bbox":[87.95487,25.03465,88.10173,25.27926],"properties":{"kind":"block","block":"Ratua-II","lgd":2946},"geometry":{"type":"Polygon","coordinates":[[[88.0087,25.04346],[88.00181,25.04109],[87.99445,25.04338],[87.98986,25.04079],[87.9867,25.04213],[87.9828,25.045],[87.97798,25.04979],[87.97985,25.05212],[87.9802,25.05341],[87.97466,25.05283],[87.97521,25.05354],[87.97887,25.05368],[87.97763,25.05529],[87.97664,25.06199],[87.97544,25.066],[87.97946,25.06842],[87.98142,25.07208],[87.98203,25.07434],[87.97742,25.07753],[87.97432,25.07828],[87.97331,25.07644],[87.97283,25.07637],[87.97282,25.07486],[87.97015,25.07614],[87.96974,25.07537],[87.96731,25.07686],[87.96617,25.08056],[87.96804,25.08147],[87.97014,25.08585],[87.97106,25.089],[87.97102,25.09644],[87.97018,25.09916],[87.9694,25.09929],[87.96913,25.09982],[87.96851,25.10545],[87.96597,25.1071],[87.96478,25.10716],[87.96446,25.10839],[87.9616,25.10935],[87.95752,25.1117],[87.95681,25.11134],[87.95487,25.11154],[87.95578,25.11456],[87.95846,25.11866],[87.96383,25.11734],[87.97015,25.11342],[87.97141,25.11319],[87.97398,25.11388],[87.97593,25.11625],[87.97649,25.11816],[87.97878,25.11658],[87.9789,25.12309],[87.97696,25.12725],[87.97675,25.12979],[87.97455,25.13467],[87.97051,25.14143],[87.97325,25.1436],[87.97184,25.14514],[87.96956,25.14524],[87.96947,25.14614],[87.96769,25.14714],[87.9619,25.15218],[87.96303,25.15325],[87.96359,25.15456],[87.96552,25.16365],[87.96904,25.16189],[87.97326,25.16073],[87.97444,25.16199],[87.97505,25.16358],[87.97527,25.16649],[87.97967,25.16567],[87.98703,25.16257],[87.98815,25.16287],[87.99067,25.16479],[87.98951,25.16616],[87.9868,25.16777],[87.98605,25.16907],[87.98685,25.17065],[87.98702,25.17421],[87.98804,25.17651],[87.98906,25.17661],[87.98917,25.17839],[87.99123,25.17809],[87.99233,25.1795],[87.99543,25.1797],[87.99598,25.18113],[87.99673,25.1814],[87.99988,25.18029],[88.00175,25.17915],[88.00242,25.17817],[88.00541,25.17727],[88.01026,25.17975],[88.01539,25.18065],[88.01626,25.18133],[88.01502,25.1836],[88.01363,25.18934],[88.01422,25.19043],[88.01908,25.18787],[88.02183,25.1884],[88.02301,25.1896],[88.02511,25.18918],[88.02695,25.19427],[88.02718,25.19578],[88.026,25.19758],[88.02663,25.20027],[88.02755,25.20098],[88.02779,25.20553],[88.02832,25.2065],[88.03414,25.20756],[88.03618,25.2085],[88.03878,25.21108],[88.04288,25.21412],[88.04716,25.21567],[88.0492,25.21588],[88.05638,25.21503],[88.05909,25.21405],[88.06367,25.21518],[88.06455,25.21587],[88.06493,25.21674],[88.06422,25.21724],[88.05848,25.21754],[88.05029,25.22002],[88.04597,25.22386],[88.04543,25.22478],[88.04523,25.22683],[88.0455,25.23183],[88.04938,25.23195],[88.0528,25.2336],[88.05177,25.23707],[88.0522,25.23725],[88.05111,25.23899],[88.04971,25.23875],[88.04887,25.23931],[88.04898,25.24041],[88.04815,25.24035],[88.04764,25.24095],[88.04737,25.24401],[88.04462,25.24504],[88.04453,25.24573],[88.04339,25.24679],[88.04108,25.24811],[88.04322,25.25293],[88.04021,25.25408],[88.03694,25.2548],[88.03555,25.25466],[88.03601,25.25542],[88.03582,25.25601],[88.03483,25.25648],[88.0349,25.25742],[88.03265,25.25691],[88.03251,25.2576],[88.03116,25.25819],[88.03218,25.26066],[88.03067,25.26074],[88.03062,25.26147],[88.03132,25.26154],[88.02976,25.26751],[88.03356,25.2671],[88.03437,25.26637],[88.03484,25.26685],[88.03601,25.26684],[88.03625,25.26622],[88.03798,25.26629],[88.03811,25.26737],[88.04192,25.2685],[88.04594,25.27143],[88.04659,25.2708],[88.05026,25.26992],[88.05151,25.26896],[88.05349,25.27044],[88.05502,25.27069],[88.05604,25.27028],[88.05641,25.26986],[88.05611,25.26751],[88.05643,25.26667],[88.05801,25.2711],[88.0599,25.27364],[88.06188,25.27334],[88.0635,25.27486],[88.06466,25.27435],[88.06503,25.27614],[88.069,25.27679],[88.06909,25.27572],[88.07013,25.27542],[88.07157,25.27693],[88.07398,25.27843],[88.07878,25.27864],[88.09164,25.27767],[88.09284,25.27823],[88.09559,25.27832],[88.09718,25.27926],[88.0993,25.27902],[88.10119,25.278],[88.10173,25.27702],[88.10089,25.27703],[88.09934,25.27459],[88.09924,25.27351],[88.10117,25.26598],[88.10113,25.26384],[88.09575,25.25824],[88.08805,25.2536],[88.08765,25.25297],[88.08743,25.2499],[88.08871,25.2471],[88.085,25.23935],[88.08459,25.23755],[88.08438,25.23439],[88.08525,25.22852],[88.08137,25.22772],[88.08027,25.22592],[88.08026,25.22447],[88.08076,25.22366],[88.08432,25.22148],[88.086,25.21967],[88.08885,25.21415],[88.08933,25.21063],[88.09544,25.20239],[88.09563,25.20004],[88.09798,25.19389],[88.09539,25.19155],[88.09327,25.19057],[88.09299,25.19247],[88.09219,25.19292],[88.08944,25.19257],[88.08705,25.19104],[88.08456,25.18826],[88.07918,25.18521],[88.07359,25.17747],[88.0714,25.17522],[88.06779,25.16794],[88.06669,25.16458],[88.06529,25.16359],[88.0636,25.16306],[88.06201,25.16324],[88.06073,25.16262],[88.05862,25.15829],[88.05901,25.15631],[88.05995,25.15538],[88.06991,25.15365],[88.07764,25.15298],[88.08061,25.1518],[88.08655,25.14771],[88.08663,25.1451],[88.08493,25.14104],[88.08006,25.13889],[88.07794,25.13641],[88.07438,25.13368],[88.0718,25.13288],[88.0683,25.13316],[88.06505,25.13254],[88.06355,25.12993],[88.06403,25.12659],[88.0665,25.12324],[88.06895,25.11736],[88.06974,25.11663],[88.07173,25.11599],[88.07889,25.11494],[88.08015,25.11289],[88.08167,25.10944],[88.08294,25.10486],[88.08261,25.09794],[88.08158,25.09646],[88.07617,25.09539],[88.07153,25.09228],[88.06043,25.08665],[88.0604,25.08455],[88.06136,25.08256],[88.05941,25.08259],[88.05901,25.07795],[88.05597,25.07672],[88.05576,25.07792],[88.05286,25.07711],[88.05186,25.0773],[88.04861,25.07964],[88.04711,25.07699],[88.04538,25.07604],[88.04326,25.07562],[88.04314,25.07194],[88.03512,25.0695],[88.03221,25.06754],[88.02806,25.06635],[88.02388,25.07222],[88.02503,25.07352],[88.02437,25.07403],[88.02411,25.07504],[88.02321,25.07477],[88.0226,25.07664],[88.02048,25.07623],[88.01982,25.06838],[88.02072,25.06259],[88.02433,25.05975],[88.02575,25.05968],[88.02848,25.05403],[88.03002,25.05211],[88.03265,25.05071],[88.03188,25.0496],[88.03821,25.04834],[88.03841,25.04781],[88.0377,25.04685],[88.03726,25.04493],[88.03674,25.0448],[88.03633,25.04561],[88.02863,25.04465],[88.02905,25.04116],[88.03039,25.0412],[88.03004,25.04064],[88.03045,25.03988],[88.03129,25.04005],[88.0323,25.03561],[88.02501,25.03465],[88.01968,25.04243],[88.01675,25.04415],[88.01766,25.04615],[88.01473,25.04781],[88.01336,25.04819],[88.01256,25.04685],[88.0087,25.04346]]]}},{"type":"Feature","bbox":[88.22868,24.94289,88.27672,24.97215],"properties":{"kind":"gp","gp":"Aiho","block":"Habibpur","lgd":109903},"geometry":{"type":"Polygon","coordinates":[[[88.2456,24.95391],[88.24567,24.95209],[88.24616,24.95113],[88.24548,24.94846],[88.2432,24.94473],[88.24034,24.94289],[88.23646,24.94648],[88.23248,24.95177],[88.2308,24.9548],[88.23029,24.95698],[88.22868,24.95849],[88.23081,24.96006],[88.23458,24.95965],[88.23654,24.96015],[88.24037,24.9629],[88.24117,24.96395],[88.24153,24.96575],[88.2403,24.97014],[88.24302,24.96933],[88.24401,24.96749],[88.24507,24.96723],[88.24619,24.9659],[88.24812,24.9663],[88.24811,24.96838],[88.2487,24.96902],[88.24971,24.96939],[88.25057,24.96914],[88.25098,24.96831],[88.25189,24.96871],[88.25237,24.96966],[88.2537,24.96856],[88.25564,24.96854],[88.25607,24.96797],[88.25865,24.96766],[88.25881,24.96727],[88.26218,24.96772],[88.26516,24.96647],[88.26705,24.96915],[88.26765,24.9714],[88.26871,24.97126],[88.27178,24.97215],[88.27468,24.97175],[88.27672,24.96377],[88.27478,24.9617],[88.27341,24.96147],[88.27392,24.96065],[88.27331,24.95979],[88.27319,24.95653],[88.27172,24.95243],[88.27195,24.95174],[88.27019,24.94968],[88.26772,24.95168],[88.26616,24.95062],[88.26422,24.95077],[88.26302,24.9494],[88.26193,24.94971],[88.26139,24.95299],[88.26042,24.95304],[88.25943,24.9528],[88.259,24.95117],[88.25825,24.95037],[88.25759,24.95007],[88.25658,24.95037],[88.2562,24.95099],[88.25675,24.9551],[88.25642,24.95576],[88.25211,24.9523],[88.25086,24.95229],[88.25011,24.95283],[88.24977,24.95404],[88.25215,24.95497],[88.25337,24.95672],[88.25227,24.95749],[88.24914,24.95639],[88.24796,24.95747],[88.24801,24.9597],[88.24464,24.96069],[88.24434,24.96029],[88.24526,24.95952],[88.24712,24.95886],[88.24751,24.95614],[88.24686,24.9541],[88.2456,24.95391]]]}},{"type":"Feature","bbox":[88.08883,24.80478,88.13628,24.85398],"properties":{"kind":"gp","gp":"Akandabaria","block":"Kaliachak-III","lgd":109953},"geometry":{"type":"Polygon","coordinates":[[[88.1022,24.81668],[88.10064,24.8192],[88.09661,24.82348],[88.09488,24.82165],[88.09417,24.82217],[88.08904,24.82973],[88.08883,24.83143],[88.08883,24.83286],[88.08964,24.83482],[88.08962,24.83731],[88.0939,24.83771],[88.09452,24.84011],[88.09412,24.84029],[88.09419,24.8414],[88.0923,24.84591],[88.09077,24.84525],[88.09059,24.84584],[88.09163,24.84636],[88.09186,24.84767],[88.09396,24.84936],[88.0954,24.85258],[88.09693,24.85272],[88.09803,24.85398],[88.10051,24.8539],[88.1001,24.8525],[88.10049,24.85211],[88.10028,24.85028],[88.10077,24.84983],[88.10346,24.85006],[88.105,24.84808],[88.10573,24.84804],[88.1061,24.84965],[88.10678,24.84951],[88.10983,24.85088],[88.11351,24.85005],[88.12104,24.84634],[88.12321,24.8447],[88.12499,24.84267],[88.12665,24.83927],[88.1286,24.8402],[88.12994,24.83593],[88.13023,24.83324],[88.12758,24.82614],[88.12897,24.82539],[88.13073,24.82133],[88.13192,24.821],[88.13248,24.82008],[88.13388,24.81997],[88.13424,24.8142],[88.13628,24.80528],[88.13536,24.80478],[88.13078,24.80494],[88.12821,24.81098],[88.12779,24.81114],[88.12354,24.82311],[88.11463,24.81646],[88.11071,24.81234],[88.10606,24.81268],[88.1022,24.81668]]]}},{"type":"Feature","bbox":[88.31771,25.02941,88.38997,25.11164],"properties":{"kind":"gp","gp":"Aktail","block":"Habibpur","lgd":109904},"geometry":{"type":"Polygon","coordinates":[[[88.35537,25.03076],[88.34775,25.0304],[88.34524,25.03114],[88.34396,25.03091],[88.34297,25.03174],[88.33959,25.03192],[88.33938,25.0307],[88.3357,25.03158],[88.33567,25.03272],[88.33379,25.03447],[88.33313,25.03597],[88.32566,25.04174],[88.32363,25.04276],[88.32309,25.04391],[88.32221,25.04425],[88.32299,25.04517],[88.32207,25.0456],[88.32054,25.04323],[88.31905,25.04222],[88.3187,25.04389],[88.31771,25.04407],[88.31895,25.04633],[88.31805,25.04773],[88.31919,25.04866],[88.3206,25.04849],[88.3214,25.0513],[88.32276,25.05326],[88.32233,25.05402],[88.3235,25.05369],[88.32499,25.05483],[88.325,25.05569],[88.32753,25.05672],[88.32743,25.05752],[88.32416,25.0595],[88.32283,25.06164],[88.32232,25.06439],[88.32434,25.06586],[88.32588,25.07049],[88.32501,25.07097],[88.32478,25.07262],[88.3252,25.07398],[88.32479,25.07561],[88.32367,25.07658],[88.3236,25.0777],[88.3256,25.07734],[88.32583,25.0788],[88.3251,25.07918],[88.32524,25.08064],[88.32464,25.08163],[88.32487,25.08369],[88.32371,25.08406],[88.32397,25.08512],[88.32457,25.08492],[88.32497,25.08606],[88.32473,25.08819],[88.32606,25.0911],[88.32716,25.09268],[88.32924,25.09343],[88.33096,25.09503],[88.3327,25.09807],[88.33259,25.10079],[88.33382,25.10187],[88.33227,25.10368],[88.33216,25.10479],[88.33254,25.1057],[88.33197,25.10826],[88.33297,25.11024],[88.3329,25.11164],[88.34152,25.11009],[88.34283,25.10915],[88.34774,25.10834],[88.35754,25.10487],[88.36841,25.10197],[88.37448,25.10182],[88.38526,25.10254],[88.38532,25.10138],[88.38637,25.09963],[88.3862,25.09854],[88.38774,25.09794],[88.38761,25.09732],[88.38878,25.09679],[88.38855,25.09608],[88.38889,25.09568],[88.38786,25.09481],[88.38819,25.0928],[88.38904,25.09216],[88.38997,25.09219],[88.38986,25.09123],[88.38907,25.0903],[88.38776,25.09083],[88.38694,25.08974],[88.38576,25.08997],[88.3853,25.08936],[88.38554,25.08735],[88.38398,25.08634],[88.38225,25.08262],[88.38624,25.08106],[88.38702,25.08029],[88.38618,25.07798],[88.3863,25.07628],[88.38453,25.07197],[88.37957,25.07195],[88.37917,25.07087],[88.38119,25.06948],[88.38083,25.06676],[88.37902,25.06537],[88.37911,25.06457],[88.37673,25.06173],[88.37706,25.06099],[88.37815,25.06096],[88.37686,25.05841],[88.37671,25.05173],[88.37734,25.05216],[88.3783,25.05184],[88.3783,25.05118],[88.37753,25.05075],[88.37787,25.04883],[88.37711,25.04794],[88.37738,25.04394],[88.37628,25.04288],[88.37615,25.04171],[88.37741,25.04036],[88.37708,25.03958],[88.37743,25.03923],[88.37658,25.03831],[88.37678,25.03783],[88.37568,25.0359],[88.37528,25.03338],[88.37314,25.03125],[88.37138,25.03266],[88.37034,25.03242],[88.36992,25.0338],[88.36854,25.03396],[88.36821,25.03465],[88.36675,25.03494],[88.36656,25.03571],[88.36526,25.03561],[88.3628,25.03504],[88.36239,25.0329],[88.35999,25.02964],[88.35731,25.02941],[88.35537,25.03076]]]}},{"type":"Feature","bbox":[88.08026,25.20512,88.18739,25.30414],"properties":{"kind":"gp","gp":"Alal","block":"Gazole","lgd":109888},"geometry":{"type":"Polygon","coordinates":[[[88.09853,25.21941],[88.09665,25.21733],[88.09672,25.21614],[88.09937,25.20848],[88.09957,25.20579],[88.09562,25.20693],[88.09324,25.20512],[88.08933,25.21063],[88.08885,25.21415],[88.086,25.21967],[88.08432,25.22148],[88.08076,25.22366],[88.08026,25.22447],[88.08027,25.22592],[88.08137,25.22772],[88.08525,25.22852],[88.08438,25.23439],[88.08459,25.23755],[88.085,25.23935],[88.08871,25.2471],[88.08743,25.2499],[88.08765,25.25297],[88.08805,25.2536],[88.09575,25.25824],[88.10113,25.26384],[88.10117,25.26598],[88.09924,25.27351],[88.09962,25.27506],[88.10361,25.27373],[88.10752,25.27436],[88.11383,25.27354],[88.12132,25.27145],[88.12066,25.26802],[88.12271,25.26644],[88.12514,25.26571],[88.12466,25.26014],[88.12279,25.25903],[88.12255,25.25736],[88.12331,25.2561],[88.12658,25.25384],[88.12572,25.25057],[88.12467,25.24912],[88.12579,25.2463],[88.12584,25.24487],[88.12679,25.24487],[88.12758,25.24633],[88.12669,25.24759],[88.12654,25.24889],[88.13315,25.25512],[88.13513,25.25597],[88.14113,25.25651],[88.14167,25.25691],[88.14353,25.2621],[88.1437,25.26289],[88.14301,25.26381],[88.14345,25.26457],[88.14467,25.26611],[88.14708,25.26808],[88.14844,25.26844],[88.14914,25.26944],[88.14999,25.27343],[88.14605,25.27509],[88.13985,25.27619],[88.13953,25.27696],[88.1407,25.28176],[88.14273,25.28443],[88.14495,25.29078],[88.14387,25.29377],[88.14456,25.29642],[88.14533,25.2969],[88.14907,25.29634],[88.14893,25.29821],[88.15017,25.29867],[88.15307,25.29801],[88.15616,25.29824],[88.15905,25.30095],[88.15976,25.30259],[88.16122,25.30414],[88.16189,25.30407],[88.16174,25.30193],[88.16264,25.30133],[88.16535,25.30093],[88.16717,25.29979],[88.17281,25.29873],[88.17939,25.29438],[88.1804,25.29315],[88.18166,25.28967],[88.18312,25.28938],[88.18354,25.28819],[88.18477,25.28747],[88.18487,25.28661],[88.18615,25.28596],[88.18662,25.28132],[88.18739,25.28053],[88.18452,25.27571],[88.17859,25.27036],[88.17812,25.2687],[88.1741,25.26754],[88.16886,25.26776],[88.16597,25.26698],[88.16437,25.26594],[88.16445,25.26028],[88.16362,25.25995],[88.15782,25.26175],[88.1553,25.26107],[88.15168,25.25796],[88.15015,25.25817],[88.14857,25.25738],[88.1485,25.2562],[88.14727,25.25652],[88.14393,25.25439],[88.14308,25.25449],[88.14253,25.25152],[88.1415,25.25034],[88.14082,25.24769],[88.13947,25.24702],[88.13779,25.24481],[88.13851,25.24228],[88.13749,25.24121],[88.13792,25.23988],[88.13875,25.23916],[88.13827,25.23855],[88.13697,25.23769],[88.13548,25.23932],[88.13446,25.23944],[88.13231,25.23893],[88.13183,25.23827],[88.12698,25.23828],[88.12485,25.23123],[88.11723,25.23076],[88.11622,25.22863],[88.10649,25.22933],[88.10135,25.22126],[88.09923,25.219],[88.09853,25.21941]]]}},{"type":"Feature","bbox":[87.96679,25.40089,88.03136,25.44582],"properties":{"kind":"gp","gp":"Alihanda","block":"Chanchal-I","lgd":109862},"geometry":{"type":"Polygon","coordinates":[[[87.98498,25.40498],[87.9736,25.40777],[87.97229,25.4075],[87.97196,25.4068],[87.97015,25.40675],[87.96911,25.40814],[87.9686,25.4099],[87.96679,25.41036],[87.96792,25.41572],[87.97148,25.41854],[87.97226,25.42058],[87.97038,25.42058],[87.96954,25.42109],[87.96989,25.42302],[87.97077,25.42302],[87.97097,25.42401],[87.97033,25.42409],[87.97058,25.42523],[87.97121,25.42578],[87.97306,25.42584],[87.9745,25.42509],[87.97715,25.42664],[87.98006,25.42952],[87.98153,25.42987],[87.98202,25.43114],[87.97916,25.43208],[87.97916,25.43505],[87.97688,25.43636],[87.97818,25.43885],[87.98183,25.43784],[87.98213,25.43707],[87.98578,25.43616],[87.98614,25.43562],[87.98712,25.43893],[87.98707,25.44093],[87.98648,25.4419],[87.98661,25.44386],[87.98814,25.44378],[87.98757,25.44436],[87.98851,25.44582],[87.99021,25.44347],[87.9928,25.44279],[87.99553,25.44319],[87.99821,25.44505],[88.00192,25.44352],[88.00154,25.44097],[88.00007,25.44137],[87.99932,25.4412],[87.99881,25.44041],[87.99887,25.43862],[87.99958,25.43795],[87.99996,25.4366],[88.00067,25.43662],[88.00109,25.43605],[88.00015,25.43523],[87.99975,25.43539],[87.99887,25.4342],[87.99841,25.43322],[87.99872,25.43239],[88.00152,25.43312],[88.0049,25.43219],[88.00671,25.42985],[88.01091,25.4309],[88.01367,25.43106],[88.01393,25.43291],[88.01565,25.4358],[88.01668,25.43572],[88.01808,25.43675],[88.01873,25.43809],[88.0206,25.43991],[88.0212,25.44178],[88.02555,25.43895],[88.0278,25.43913],[88.02912,25.43865],[88.0297,25.43544],[88.02942,25.43072],[88.02977,25.43054],[88.02882,25.42682],[88.03136,25.42672],[88.02981,25.42488],[88.02969,25.42366],[88.02728,25.42391],[88.02384,25.42507],[88.02349,25.42566],[88.01995,25.42572],[88.01837,25.42505],[88.01876,25.42445],[88.0172,25.42416],[88.01729,25.42143],[88.01607,25.42012],[88.0163,25.41922],[88.01536,25.41895],[88.01496,25.4171],[88.01227,25.41328],[88.00981,25.41216],[88.00974,25.41105],[88.01017,25.41046],[88.00954,25.40881],[88.00662,25.40812],[88.00486,25.41064],[88.00379,25.41117],[88.00082,25.41046],[88.00072,25.40888],[87.99891,25.40888],[87.99875,25.40776],[87.99663,25.40816],[87.99651,25.40706],[87.99596,25.40657],[87.99507,25.40669],[87.99466,25.40234],[87.99291,25.40282],[87.99256,25.40089],[87.99185,25.40119],[87.99102,25.40272],[87.98552,25.40297],[87.9842,25.40362],[87.98498,25.40498]]]}},{"type":"Feature","bbox":[87.97035,24.86418,88.10601,25.15076],"properties":{"kind":"gp","gp":"Alinagar","block":"Gazole","lgd":109930},"geometry":{"type":"MultiPolygon","coordinates":[[[[87.98101,24.87593],[87.9818,24.87975],[87.98487,24.88611],[87.98665,24.88861],[87.99001,24.88992],[87.98849,24.89222],[87.98901,24.89309],[87.98807,24.89361],[87.9875,24.89485],[87.98884,24.89553],[87.98869,24.89616],[87.98935,24.89703],[87.99114,24.89831],[87.99239,24.89846],[87.99333,24.89646],[87.99719,24.89219],[88.0032,24.88769],[88.00477,24.88549],[88.00702,24.88517],[88.01032,24.8832],[88.01152,24.88155],[88.01242,24.87388],[88.01467,24.87044],[88.01387,24.86952],[88.01441,24.86555],[88.01025,24.86418],[88.00678,24.86568],[88.00681,24.86626],[88.00432,24.86699],[88.00397,24.86516],[87.99336,24.86718],[87.99111,24.86824],[87.98817,24.86831],[87.98603,24.87117],[87.98423,24.87137],[87.98176,24.87239],[87.98069,24.87319],[87.9809,24.8736],[87.97854,24.87372],[87.97448,24.8753],[87.97138,24.87758],[87.97059,24.87746],[87.97035,24.87811],[87.97104,24.88037],[87.97143,24.88057],[87.97559,24.87745],[87.97722,24.87689],[87.97727,24.87747],[87.97799,24.87656],[87.98101,24.87593]]],[[[88.10504,25.14506],[88.10464,25.14456],[88.10417,25.14018],[88.10253,25.14165],[88.09873,25.1426],[88.09671,25.141],[88.09324,25.14265],[88.08993,25.14217],[88.08817,25.13749],[88.08918,25.13675],[88.08704,25.13394],[88.08665,25.133],[88.08773,25.13282],[88.08559,25.12997],[88.08186,25.13083],[88.07812,25.1324],[88.07565,25.13501],[88.07794,25.13641],[88.08006,25.13889],[88.08493,25.14104],[88.08663,25.1451],[88.0868,25.14696],[88.08813,25.14732],[88.09002,25.14871],[88.09152,25.14883],[88.09294,25.14984],[88.09807,25.15076],[88.10166,25.14992],[88.10385,25.14993],[88.10387,25.14909],[88.10567,25.148],[88.10532,25.14717],[88.10601,25.14598],[88.10591,25.14493],[88.10504,25.14506]]]]}},{"type":"Feature","bbox":[88.00832,24.83974,88.04101,24.86401],"properties":{"kind":"gp","gp":"Alipur-I","block":"Kaliachak-I","lgd":109931},"geometry":{"type":"Polygon","coordinates":[[[88.00832,24.85627],[88.0112,24.85871],[88.01165,24.85848],[88.01159,24.85748],[88.01384,24.85652],[88.01373,24.85536],[88.01567,24.85467],[88.02181,24.86191],[88.02504,24.86401],[88.02612,24.86258],[88.02923,24.86083],[88.02803,24.85783],[88.03266,24.85416],[88.03756,24.85274],[88.03993,24.84841],[88.04084,24.8482],[88.04101,24.84724],[88.03612,24.84375],[88.03295,24.83974],[88.02527,24.84114],[88.02349,24.84176],[88.02035,24.84683],[88.01686,24.85087],[88.01411,24.85212],[88.00832,24.85627]]]}},{"type":"Feature","bbox":[88.02803,24.83519,88.06009,24.87203],"properties":{"kind":"gp","gp":"Alipur-Ii","block":"Kaliachak-I","lgd":109932},"geometry":{"type":"Polygon","coordinates":[[[88.03535,24.83519],[88.03462,24.83829],[88.03295,24.83974],[88.03612,24.84375],[88.04101,24.84724],[88.04084,24.8482],[88.03993,24.84841],[88.03756,24.85274],[88.03266,24.85416],[88.02803,24.85783],[88.02923,24.86083],[88.02993,24.86169],[88.03135,24.86215],[88.03294,24.86243],[88.03458,24.86198],[88.03522,24.86406],[88.03724,24.86607],[88.03991,24.86572],[88.0408,24.86741],[88.04159,24.86748],[88.04264,24.87022],[88.04332,24.87066],[88.04778,24.87101],[88.04795,24.87203],[88.05375,24.87146],[88.05477,24.87073],[88.05815,24.87002],[88.05901,24.8704],[88.05963,24.86994],[88.06009,24.86918],[88.05793,24.86792],[88.0569,24.86628],[88.0559,24.86581],[88.05374,24.86317],[88.04594,24.85613],[88.04597,24.85523],[88.04728,24.854],[88.04435,24.85108],[88.04791,24.84662],[88.04772,24.84568],[88.04908,24.84524],[88.04999,24.84379],[88.04571,24.84029],[88.04618,24.83954],[88.04486,24.8385],[88.04531,24.8353],[88.03535,24.83519]]]}},{"type":"Feature","bbox":[88.02501,25.00227,88.07375,25.06016],"properties":{"kind":"gp","gp":"Amriti","block":"English Bazar","lgd":109877},"geometry":{"type":"Polygon","coordinates":[[[88.07178,25.01282],[88.07129,25.01227],[88.06945,25.01394],[88.06763,25.01272],[88.06685,25.01345],[88.06595,25.01297],[88.06391,25.01429],[88.06356,25.01157],[88.06283,25.01088],[88.06207,25.01124],[88.05899,25.00762],[88.05728,25.00849],[88.05813,25.01038],[88.05602,25.01128],[88.05489,25.01291],[88.05189,25.01291],[88.05154,25.01246],[88.0523,25.01211],[88.05249,25.01136],[88.05119,25.0073],[88.04976,25.00757],[88.04811,25.00516],[88.04609,25.00526],[88.0441,25.00227],[88.04299,25.0028],[88.04313,25.00363],[88.04195,25.00459],[88.0415,25.00409],[88.03896,25.00526],[88.03903,25.00642],[88.03711,25.01254],[88.03298,25.01942],[88.03183,25.02236],[88.02958,25.02525],[88.02702,25.0316],[88.02501,25.03465],[88.0323,25.03561],[88.03129,25.04005],[88.03045,25.03988],[88.03004,25.04064],[88.03039,25.0412],[88.02905,25.04116],[88.02863,25.04465],[88.03633,25.04561],[88.03674,25.0448],[88.03968,25.04562],[88.04116,25.0383],[88.04083,25.0376],[88.04242,25.0342],[88.04491,25.0314],[88.04655,25.031],[88.05021,25.03203],[88.05462,25.0371],[88.05559,25.03713],[88.05805,25.04172],[88.05851,25.04396],[88.05662,25.04688],[88.05657,25.04752],[88.05708,25.04765],[88.05696,25.04865],[88.05651,25.04878],[88.05663,25.05355],[88.05863,25.05329],[88.05901,25.05269],[88.06132,25.05204],[88.06197,25.0528],[88.0612,25.053],[88.06179,25.05584],[88.0624,25.05676],[88.06032,25.05739],[88.06033,25.05834],[88.06134,25.05907],[88.06293,25.05935],[88.06349,25.06016],[88.0641,25.05971],[88.06321,25.05494],[88.06344,25.05441],[88.06494,25.05407],[88.06543,25.05521],[88.0688,25.05466],[88.0701,25.05396],[88.07011,25.05339],[88.07285,25.05304],[88.07272,25.05105],[88.07181,25.04899],[88.07293,25.04857],[88.07375,25.04611],[88.07306,25.04401],[88.07271,25.03984],[88.07171,25.04004],[88.07069,25.0392],[88.0701,25.03934],[88.06814,25.03824],[88.06812,25.03724],[88.06602,25.03661],[88.06795,25.03221],[88.06886,25.03211],[88.06891,25.03064],[88.06955,25.03055],[88.07059,25.0289],[88.06964,25.02837],[88.07074,25.02469],[88.0703,25.02429],[88.0701,25.02257],[88.07088,25.0218],[88.07191,25.01681],[88.06858,25.01556],[88.07178,25.01282]]]}},{"type":"Feature","bbox":[87.95487,25.04079,88.03423,25.14928],"properties":{"kind":"gp","gp":"Araidanga","block":"Ratua-II","lgd":109994},"geometry":{"type":"Polygon","coordinates":[[[87.99906,25.05616],[88.00016,25.05588],[88.00112,25.05386],[88.00282,25.05232],[88.00751,25.05162],[88.01087,25.04996],[88.01336,25.04819],[88.01256,25.04685],[88.0087,25.04346],[88.00269,25.04125],[87.99756,25.04211],[87.99445,25.04338],[87.98986,25.04079],[87.9867,25.04213],[87.9828,25.045],[87.97798,25.04979],[87.97985,25.05212],[87.9802,25.05341],[87.97466,25.05283],[87.97521,25.05354],[87.97887,25.05368],[87.97763,25.05529],[87.97664,25.06199],[87.97544,25.066],[87.97946,25.06842],[87.98142,25.07208],[87.98203,25.07434],[87.98582,25.07437],[87.98509,25.07704],[87.98571,25.07724],[87.9864,25.07888],[87.98772,25.08454],[87.98843,25.08542],[87.98859,25.08979],[87.99508,25.09777],[87.99995,25.10214],[87.99595,25.1035],[87.99132,25.10407],[87.99072,25.10486],[87.99046,25.10658],[87.9896,25.10716],[87.98802,25.11083],[87.98599,25.1107],[87.98592,25.10965],[87.97926,25.10832],[87.97589,25.10636],[87.97433,25.10758],[87.97092,25.10901],[87.96917,25.10562],[87.96851,25.10545],[87.96597,25.1071],[87.96478,25.10716],[87.96446,25.10839],[87.9616,25.10935],[87.95752,25.1117],[87.95681,25.11134],[87.95487,25.11154],[87.95578,25.11456],[87.95846,25.11866],[87.96383,25.11734],[87.97015,25.11342],[87.97141,25.11319],[87.97398,25.11388],[87.97593,25.11625],[87.97649,25.11816],[87.9813,25.11527],[87.98849,25.11905],[87.99509,25.12437],[87.996,25.12348],[87.99656,25.12429],[87.99798,25.12265],[87.99888,25.12391],[88.0003,25.12423],[88.00056,25.12548],[88.0034,25.13037],[88.00242,25.13242],[88.00207,25.135],[88.00243,25.13775],[88.0019,25.13814],[88.00236,25.1388],[88.00133,25.13933],[88.00848,25.14394],[88.01069,25.14603],[88.01045,25.14672],[88.01136,25.14734],[88.01226,25.14928],[88.01429,25.14857],[88.01487,25.1475],[88.01532,25.1459],[88.01453,25.1451],[88.0148,25.14341],[88.01289,25.13952],[88.01109,25.13416],[88.00803,25.12802],[88.00699,25.12608],[88.00461,25.1239],[88.00767,25.12275],[88.01169,25.12244],[88.02274,25.12308],[88.0241,25.12353],[88.02504,25.12164],[88.02833,25.11985],[88.03069,25.11778],[88.03423,25.11331],[88.02326,25.10346],[88.02262,25.10433],[88.02202,25.10431],[88.0231,25.10237],[88.02256,25.10187],[88.0194,25.10135],[88.01944,25.09983],[88.02272,25.10003],[88.02564,25.09895],[88.0267,25.09743],[88.02631,25.09336],[88.02492,25.09616],[88.02357,25.09676],[88.021,25.09605],[88.01995,25.09699],[88.01695,25.09316],[88.01625,25.09089],[88.0148,25.08932],[88.01203,25.09095],[88.00779,25.09189],[88.00383,25.0921],[88.00323,25.09009],[88.00392,25.08781],[88.00335,25.08663],[88.00186,25.08589],[87.99904,25.08712],[87.99806,25.08651],[87.99703,25.08492],[87.99688,25.08374],[87.99859,25.08162],[87.99954,25.08186],[87.99998,25.08131],[87.99886,25.07727],[87.99918,25.06681],[87.9976,25.06058],[87.99805,25.05733],[87.99906,25.05616]]]}},{"type":"Feature","bbox":[87.96372,24.68599,88.0107,24.72992],"properties":{"kind":"gp","gp":"Arjunpur","block":"Farakka","lgd":110610},"geometry":{"type":"Polygon","coordinates":[[[88.0107,24.69208],[88.01023,24.68666],[88.00278,24.69104],[88.00168,24.68974],[88.00062,24.68622],[88.00014,24.68599],[87.99911,24.69183],[87.99378,24.69313],[87.98576,24.69422],[87.982,24.69663],[87.98241,24.69771],[87.98177,24.70233],[87.97455,24.70091],[87.97374,24.70012],[87.97126,24.70059],[87.97071,24.70765],[87.96885,24.70836],[87.96836,24.70519],[87.96545,24.70552],[87.96372,24.70624],[87.96583,24.71399],[87.96498,24.71755],[87.96767,24.72646],[87.9682,24.72992],[87.96902,24.72811],[87.97376,24.72407],[87.97923,24.71775],[87.98143,24.71674],[87.98296,24.71465],[87.9846,24.71423],[87.99003,24.71048],[87.99673,24.70343],[88.00655,24.6961],[88.0107,24.69208]]]}},{"type":"Feature","bbox":[88.29328,25.23484,88.35926,25.30465],"properties":{"kind":"gp","gp":"Babupur","block":"Gazole","lgd":109889},"geometry":{"type":"Polygon","coordinates":[[[88.32182,25.2478],[88.32178,25.24717],[88.31732,25.24935],[88.31646,25.25077],[88.31346,25.2518],[88.31341,25.25336],[88.31289,25.25426],[88.31328,25.25579],[88.31271,25.25614],[88.30887,25.25579],[88.30893,25.25672],[88.30784,25.25678],[88.30764,25.25598],[88.30288,25.25586],[88.30267,25.25475],[88.30134,25.25451],[88.30065,25.25741],[88.29953,25.2576],[88.29907,25.26067],[88.29991,25.26231],[88.29728,25.26233],[88.29675,25.26323],[88.29328,25.26382],[88.2934,25.27583],[88.29484,25.27544],[88.29484,25.27326],[88.29581,25.27246],[88.29749,25.27237],[88.30006,25.27037],[88.30268,25.27016],[88.30293,25.26953],[88.30373,25.26961],[88.30423,25.27052],[88.30622,25.26966],[88.30747,25.2699],[88.30784,25.27436],[88.3083,25.27471],[88.30945,25.28007],[88.31666,25.27867],[88.31705,25.27797],[88.31994,25.27813],[88.32099,25.28081],[88.32232,25.28223],[88.32441,25.28293],[88.32339,25.2851],[88.32375,25.28626],[88.32296,25.28755],[88.32314,25.28916],[88.3243,25.29177],[88.32435,25.29364],[88.32317,25.29569],[88.32316,25.29676],[88.33078,25.29626],[88.33204,25.29718],[88.33108,25.29931],[88.33016,25.30465],[88.33821,25.30276],[88.34164,25.30251],[88.34564,25.30016],[88.34838,25.29952],[88.35201,25.29718],[88.35309,25.29699],[88.35324,25.29606],[88.34889,25.29169],[88.34653,25.29097],[88.34744,25.28965],[88.34793,25.29037],[88.34989,25.29026],[88.35041,25.28924],[88.3496,25.28916],[88.34955,25.28835],[88.35356,25.28826],[88.35926,25.2871],[88.35915,25.28547],[88.35682,25.28547],[88.35625,25.28469],[88.35598,25.28277],[88.35309,25.28113],[88.35308,25.27982],[88.35685,25.2793],[88.355,25.2751],[88.35752,25.2744],[88.35768,25.27246],[88.35687,25.27014],[88.35701,25.26783],[88.35516,25.26743],[88.35503,25.2665],[88.35399,25.26631],[88.35388,25.26469],[88.35483,25.26352],[88.35621,25.25995],[88.35917,25.25886],[88.35919,25.25693],[88.35779,25.25445],[88.35475,25.25168],[88.35566,25.25108],[88.355,25.2498],[88.35252,25.24949],[88.35252,25.24556],[88.35442,25.24546],[88.3553,25.2446],[88.35281,25.241],[88.3548,25.24027],[88.35506,25.24081],[88.35652,25.24067],[88.35549,25.23863],[88.35415,25.23833],[88.35108,25.24055],[88.34907,25.24003],[88.34777,25.23904],[88.34692,25.23946],[88.34873,25.24154],[88.34897,25.2429],[88.34786,25.24496],[88.34675,25.24418],[88.3454,25.24144],[88.34494,25.23991],[88.3453,25.23765],[88.34454,25.23654],[88.34181,25.23725],[88.34012,25.23484],[88.33829,25.23606],[88.33684,25.23608],[88.33754,25.23791],[88.3346,25.23982],[88.33436,25.24182],[88.33374,25.24235],[88.33237,25.24321],[88.32954,25.24355],[88.32786,25.2447],[88.3253,25.24446],[88.32421,25.24589],[88.32429,25.24707],[88.32182,25.2478]]]}},{"type":"Feature","bbox":[87.89523,25.13761,87.97921,25.2147],"properties":{"kind":"gp","gp":"Baharal","block":"Ratua-I","lgd":109984},"geometry":{"type":"Polygon","coordinates":[[[87.91313,25.14807],[87.90892,25.14063],[87.90735,25.1393],[87.90449,25.138],[87.90096,25.13761],[87.89868,25.13829],[87.8975,25.13954],[87.89577,25.14206],[87.89523,25.14433],[87.89574,25.14611],[87.89713,25.14768],[87.90442,25.14974],[87.90773,25.15119],[87.90928,25.15232],[87.91081,25.15475],[87.91265,25.15824],[87.91435,25.16655],[87.91844,25.17729],[87.91964,25.18237],[87.91894,25.18238],[87.91889,25.18312],[87.91971,25.18444],[87.9199,25.18752],[87.92196,25.18805],[87.92535,25.18767],[87.92596,25.18784],[87.92625,25.18883],[87.92803,25.1889],[87.93848,25.18794],[87.93859,25.18898],[87.94546,25.18758],[87.94632,25.18958],[87.94578,25.19031],[87.94651,25.19169],[87.94616,25.19197],[87.94673,25.19304],[87.94756,25.19294],[87.94814,25.19554],[87.94439,25.19678],[87.94544,25.20034],[87.94599,25.20036],[87.9461,25.20219],[87.95177,25.2008],[87.95309,25.20141],[87.95415,25.20278],[87.95577,25.20234],[87.95558,25.20308],[87.95653,25.20408],[87.95655,25.2067],[87.95597,25.20857],[87.95495,25.20983],[87.95605,25.21129],[87.95852,25.21237],[87.95864,25.21299],[87.95747,25.2147],[87.96635,25.21304],[87.96701,25.21113],[87.96888,25.21155],[87.96971,25.2109],[87.97056,25.20981],[87.96948,25.20944],[87.97054,25.20874],[87.97058,25.20649],[87.97412,25.20333],[87.97442,25.20085],[87.97538,25.19985],[87.97674,25.19942],[87.97628,25.19655],[87.97672,25.19549],[87.97586,25.19361],[87.97685,25.19172],[87.97596,25.1914],[87.97921,25.18966],[87.97851,25.18797],[87.97757,25.18854],[87.97673,25.18832],[87.97598,25.18736],[87.97653,25.18576],[87.97404,25.18211],[87.97475,25.18092],[87.97494,25.17882],[87.96826,25.17566],[87.96629,25.17392],[87.96669,25.17296],[87.96728,25.17277],[87.97389,25.17322],[87.9752,25.17499],[87.97651,25.17382],[87.97688,25.17238],[87.9751,25.16749],[87.97505,25.16358],[87.97444,25.16199],[87.97326,25.16073],[87.96904,25.16189],[87.96552,25.16365],[87.96359,25.15456],[87.96303,25.15325],[87.9619,25.15218],[87.9592,25.15444],[87.95711,25.15277],[87.95328,25.15813],[87.95118,25.15929],[87.95015,25.16125],[87.94596,25.16412],[87.94399,25.16442],[87.93546,25.1614],[87.92699,25.15666],[87.91313,25.14807]]]}},{"type":"Feature","bbox":[88.37268,25.00462,88.45287,25.10254],"properties":{"kind":"gp","gp":"Baidyapur","block":"Habibpur","lgd":109905},"geometry":{"type":"Polygon","coordinates":[[[88.4122,25.01392],[88.40781,25.01352],[88.40762,25.01281],[88.40645,25.01186],[88.40497,25.01186],[88.40282,25.01092],[88.39904,25.01138],[88.3989,25.01067],[88.3959,25.0118],[88.39496,25.01147],[88.39488,25.01097],[88.39247,25.0127],[88.39086,25.01232],[88.39001,25.01275],[88.39037,25.01396],[88.38956,25.01434],[88.38955,25.01485],[88.38492,25.01575],[88.38478,25.01776],[88.38768,25.02098],[88.38776,25.02162],[88.38066,25.02167],[88.38048,25.02096],[88.37839,25.02162],[88.37758,25.02137],[88.37682,25.02247],[88.37317,25.02475],[88.37482,25.02833],[88.37424,25.02879],[88.37464,25.03062],[88.37316,25.03007],[88.37268,25.03056],[88.37528,25.03338],[88.37568,25.0359],[88.37678,25.03783],[88.37658,25.03831],[88.37743,25.03923],[88.37708,25.03958],[88.37741,25.04036],[88.37615,25.04171],[88.37628,25.04288],[88.37738,25.04394],[88.37711,25.04794],[88.37787,25.04883],[88.37753,25.05075],[88.3783,25.05118],[88.3783,25.05184],[88.37734,25.05216],[88.37671,25.05173],[88.37666,25.05461],[88.37686,25.05841],[88.37815,25.06096],[88.37706,25.06099],[88.37673,25.06173],[88.37911,25.06457],[88.37902,25.06537],[88.38083,25.06676],[88.38119,25.06948],[88.37917,25.07087],[88.37957,25.07195],[88.38453,25.07197],[88.3863,25.07628],[88.38618,25.07798],[88.38702,25.08029],[88.38624,25.08106],[88.38225,25.08262],[88.38398,25.08634],[88.38554,25.08735],[88.3853,25.08936],[88.38576,25.08997],[88.38694,25.08974],[88.38776,25.09083],[88.38907,25.0903],[88.38986,25.09123],[88.38997,25.09219],[88.38904,25.09216],[88.38788,25.09362],[88.38786,25.09481],[88.38889,25.09568],[88.38855,25.09608],[88.38878,25.09679],[88.38761,25.09732],[88.38774,25.09794],[88.3862,25.09854],[88.38637,25.09963],[88.38532,25.10138],[88.38526,25.10254],[88.39392,25.10168],[88.40207,25.09964],[88.4127,25.09488],[88.41987,25.09255],[88.43439,25.09081],[88.43514,25.0912],[88.43524,25.09323],[88.43815,25.09373],[88.4386,25.09344],[88.43825,25.09185],[88.43983,25.09124],[88.44509,25.09045],[88.44687,25.09061],[88.44732,25.08897],[88.44722,25.08784],[88.44663,25.08791],[88.44643,25.0872],[88.44691,25.08546],[88.44631,25.08318],[88.44679,25.08185],[88.44814,25.08021],[88.45287,25.0793],[88.45108,25.07517],[88.4487,25.0739],[88.44793,25.07222],[88.4457,25.07091],[88.44234,25.06591],[88.44234,25.06256],[88.43849,25.05763],[88.43625,25.05576],[88.43551,25.05585],[88.43552,25.04868],[88.43599,25.04852],[88.43799,25.04305],[88.43953,25.0423],[88.44258,25.04249],[88.44712,25.04171],[88.44751,25.04104],[88.44857,25.04094],[88.44978,25.03996],[88.4497,25.03925],[88.45093,25.03934],[88.45237,25.03779],[88.45254,25.03664],[88.45039,25.0338],[88.44591,25.03335],[88.44551,25.03284],[88.44558,25.03167],[88.44432,25.03003],[88.44518,25.02691],[88.44404,25.025],[88.44128,25.02302],[88.4392,25.02296],[88.43862,25.02208],[88.44062,25.02124],[88.44147,25.02003],[88.44073,25.0188],[88.43874,25.02024],[88.43819,25.01946],[88.43908,25.01779],[88.44078,25.01808],[88.44109,25.01761],[88.43808,25.01549],[88.43985,25.01537],[88.44111,25.01401],[88.44046,25.01369],[88.44086,25.013],[88.44175,25.01339],[88.44221,25.01309],[88.44002,25.0115],[88.43943,25.01333],[88.43753,25.01152],[88.43695,25.01255],[88.43774,25.01431],[88.43663,25.01425],[88.43517,25.01327],[88.43688,25.01038],[88.43634,25.00826],[88.4353,25.00838],[88.43428,25.00699],[88.4361,25.00709],[88.43636,25.00637],[88.43427,25.00544],[88.43026,25.00807],[88.4295,25.00777],[88.42894,25.00827],[88.42775,25.00766],[88.42736,25.008],[88.42757,25.00963],[88.42658,25.00953],[88.42732,25.01255],[88.42709,25.0136],[88.42651,25.01373],[88.42637,25.01607],[88.42544,25.01628],[88.42603,25.01487],[88.42578,25.01329],[88.42702,25.01242],[88.42562,25.01059],[88.42615,25.01013],[88.42611,25.00942],[88.42546,25.00809],[88.42538,25.00654],[88.42209,25.00692],[88.42139,25.00462],[88.41814,25.00607],[88.41275,25.0061],[88.41263,25.00835],[88.41181,25.01],[88.4126,25.01356],[88.4122,25.01392]]]}},{"type":"Feature","bbox":[88.05862,25.12731,88.12428,25.19209],"properties":{"kind":"gp","gp":"Bairgachhi-I","block":"Gazole","lgd":109890},"geometry":{"type":"MultiPolygon","coordinates":[[[[88.0972,25.13622],[88.09637,25.13156],[88.09685,25.13058],[88.09792,25.13033],[88.09873,25.12897],[88.09834,25.12732],[88.09708,25.12731],[88.09642,25.12984],[88.09365,25.13182],[88.09051,25.13235],[88.08904,25.1319],[88.08665,25.133],[88.08918,25.13675],[88.08817,25.13749],[88.08993,25.14217],[88.09324,25.14265],[88.09475,25.14219],[88.09671,25.141],[88.0972,25.13622]]],[[[88.11544,25.14909],[88.12428,25.14695],[88.12358,25.14388],[88.12364,25.14032],[88.12418,25.13948],[88.1238,25.13846],[88.11919,25.13863],[88.11745,25.13446],[88.11382,25.13527],[88.11097,25.1347],[88.10545,25.13647],[88.10546,25.13824],[88.10417,25.14018],[88.10432,25.14283],[88.10464,25.14456],[88.10504,25.14506],[88.10591,25.14493],[88.10601,25.14598],[88.10532,25.14717],[88.10567,25.148],[88.10387,25.14909],[88.10385,25.14993],[88.10166,25.14992],[88.09807,25.15076],[88.09294,25.14984],[88.09152,25.14883],[88.09002,25.14871],[88.08813,25.14732],[88.0868,25.14696],[88.08605,25.14817],[88.08061,25.1518],[88.07764,25.15298],[88.06991,25.15365],[88.05995,25.15538],[88.05901,25.15631],[88.05862,25.15829],[88.06073,25.16262],[88.06201,25.16324],[88.0636,25.16306],[88.06529,25.16359],[88.06669,25.16458],[88.06779,25.16794],[88.0714,25.17522],[88.07359,25.17747],[88.07918,25.18521],[88.08456,25.18826],[88.08845,25.19209],[88.08947,25.18871],[88.09179,25.18781],[88.09516,25.18736],[88.09394,25.18661],[88.09244,25.18426],[88.08958,25.17831],[88.08873,25.17172],[88.09211,25.17036],[88.09143,25.16867],[88.09143,25.16649],[88.09332,25.16574],[88.09642,25.16573],[88.10002,25.16256],[88.10259,25.164],[88.10492,25.1617],[88.10626,25.16142],[88.10867,25.16257],[88.10854,25.16398],[88.10997,25.16801],[88.11208,25.16915],[88.11323,25.16949],[88.11556,25.16923],[88.11821,25.16795],[88.12036,25.16802],[88.11821,25.16455],[88.11977,25.16441],[88.11918,25.16139],[88.1205,25.16163],[88.12065,25.16212],[88.1225,25.16137],[88.12243,25.16082],[88.12163,25.16095],[88.12145,25.16037],[88.12072,25.16035],[88.11922,25.16074],[88.11776,25.1591],[88.11804,25.1579],[88.11926,25.15746],[88.11867,25.15625],[88.11931,25.15478],[88.1189,25.15415],[88.11792,25.1541],[88.11638,25.15123],[88.11363,25.15209],[88.11344,25.1497],[88.11466,25.14824],[88.11544,25.14909]]]]}},{"type":"Feature","bbox":[88.08845,25.16142,88.14015,25.23123],"properties":{"kind":"gp","gp":"Bairgachhi-Ii","block":"Gazole","lgd":109891},"geometry":{"type":"Polygon","coordinates":[[[88.08873,25.17172],[88.09009,25.17996],[88.09394,25.18661],[88.09516,25.18736],[88.09179,25.18781],[88.08947,25.18871],[88.08845,25.19209],[88.09219,25.19292],[88.09299,25.19247],[88.09327,25.19057],[88.09539,25.19155],[88.09798,25.19389],[88.09563,25.20004],[88.09544,25.20239],[88.09324,25.20512],[88.09562,25.20693],[88.09957,25.20579],[88.09937,25.20848],[88.09665,25.21733],[88.09853,25.21941],[88.09923,25.219],[88.10135,25.22126],[88.10649,25.22933],[88.11622,25.22863],[88.11723,25.23076],[88.12485,25.23123],[88.13564,25.22468],[88.13674,25.22362],[88.13709,25.22008],[88.13767,25.21893],[88.13977,25.21869],[88.13949,25.21541],[88.14015,25.21419],[88.13986,25.21203],[88.13703,25.21236],[88.13536,25.20896],[88.13511,25.20729],[88.13307,25.20404],[88.13203,25.20359],[88.128,25.19497],[88.12607,25.19332],[88.1243,25.19012],[88.12198,25.19214],[88.12086,25.19232],[88.11845,25.19064],[88.11842,25.18949],[88.11729,25.18722],[88.11813,25.1867],[88.11779,25.18352],[88.1161,25.18096],[88.11653,25.17792],[88.11537,25.17116],[88.11556,25.16923],[88.11323,25.16949],[88.10997,25.16801],[88.10854,25.16398],[88.10867,25.16257],[88.10626,25.16142],[88.10492,25.1617],[88.10259,25.164],[88.10002,25.16256],[88.09642,25.16573],[88.09332,25.16574],[88.09143,25.16649],[88.09143,25.16867],[88.09211,25.17036],[88.08873,25.17172]]]}},{"type":"Feature","bbox":[88.00215,24.69131,88.0725,24.75122],"properties":{"kind":"gp","gp":"Bakhrabad","block":"Kaliachak-III","lgd":109954},"geometry":{"type":"Polygon","coordinates":[[[88.04197,24.70394],[88.02959,24.69131],[88.02265,24.69911],[88.02167,24.69946],[88.01847,24.70385],[88.01815,24.71052],[88.01853,24.71193],[88.01437,24.71579],[88.0129,24.71515],[88.01191,24.71592],[88.01148,24.7178],[88.00974,24.72009],[88.01009,24.72095],[88.00659,24.72459],[88.00379,24.72883],[88.00215,24.73043],[88.00326,24.73059],[88.00505,24.74012],[88.01263,24.7393],[88.01307,24.73907],[88.01301,24.73825],[88.02988,24.73696],[88.03096,24.7366],[88.03227,24.7345],[88.03822,24.73753],[88.04355,24.74134],[88.04858,24.7361],[88.0646,24.75122],[88.06578,24.75073],[88.07003,24.74675],[88.0725,24.74364],[88.06774,24.73421],[88.0663,24.72862],[88.06335,24.72355],[88.06285,24.7216],[88.05759,24.71623],[88.05597,24.71554],[88.05373,24.71087],[88.05197,24.71235],[88.04413,24.706],[88.0418,24.70479],[88.04197,24.70394]]]}},{"type":"Feature","bbox":[88.32751,25.14867,88.40212,25.23811],"properties":{"kind":"gp","gp":"Bamongola","block":"Bamongola","lgd":109856},"geometry":{"type":"Polygon","coordinates":[[[88.34882,25.16169],[88.34739,25.15978],[88.34656,25.15702],[88.34437,25.15996],[88.34175,25.1608],[88.33547,25.16097],[88.33409,25.16173],[88.33308,25.16168],[88.33275,25.16235],[88.33198,25.16203],[88.32938,25.15895],[88.32822,25.15855],[88.32757,25.1591],[88.32751,25.15984],[88.32822,25.16061],[88.33612,25.16698],[88.33566,25.16986],[88.33632,25.17258],[88.33714,25.17388],[88.33632,25.17552],[88.33943,25.17866],[88.33972,25.1809],[88.34218,25.18144],[88.34418,25.18433],[88.34572,25.1852],[88.34642,25.18625],[88.34659,25.18709],[88.34513,25.18868],[88.34748,25.19362],[88.3457,25.19411],[88.34541,25.19465],[88.34671,25.19565],[88.34878,25.19562],[88.35,25.19792],[88.34731,25.19848],[88.34718,25.19931],[88.34918,25.20066],[88.35655,25.20753],[88.35684,25.2085],[88.35634,25.20938],[88.35676,25.21026],[88.35914,25.21146],[88.35777,25.21234],[88.35899,25.21415],[88.35704,25.21446],[88.35689,25.21602],[88.35803,25.21663],[88.35973,25.2159],[88.3632,25.21876],[88.36421,25.22092],[88.36376,25.22286],[88.36166,25.2215],[88.35868,25.2255],[88.36042,25.22805],[88.36091,25.22973],[88.36142,25.23041],[88.36226,25.2305],[88.36503,25.22921],[88.36549,25.2294],[88.36524,25.23061],[88.36654,25.23134],[88.37101,25.23198],[88.37148,25.23281],[88.37113,25.23309],[88.36821,25.23306],[88.36877,25.23417],[88.37081,25.23541],[88.37041,25.23718],[88.37077,25.23757],[88.3726,25.23678],[88.37618,25.23811],[88.37829,25.23637],[88.38204,25.23656],[88.38206,25.23329],[88.38015,25.23113],[88.38007,25.22922],[88.37634,25.22482],[88.37253,25.2218],[88.37184,25.22036],[88.37428,25.21886],[88.37651,25.21913],[88.37921,25.21688],[88.38175,25.21703],[88.3878,25.21474],[88.38926,25.21481],[88.38976,25.21602],[88.39641,25.21384],[88.39899,25.2138],[88.39944,25.21314],[88.39915,25.21282],[88.39793,25.21284],[88.40018,25.21077],[88.40163,25.21011],[88.40212,25.20791],[88.39443,25.20741],[88.39523,25.20952],[88.39469,25.21136],[88.39245,25.21161],[88.38984,25.20429],[88.38868,25.20225],[88.38908,25.20149],[88.39103,25.20103],[88.39187,25.20249],[88.39398,25.203],[88.39479,25.20233],[88.39806,25.20186],[88.39784,25.20056],[88.39516,25.19621],[88.38823,25.19736],[88.38531,25.19661],[88.38583,25.1957],[88.38607,25.19293],[88.3854,25.19084],[88.38673,25.18989],[88.38341,25.18421],[88.38264,25.17963],[88.38377,25.17896],[88.38384,25.17719],[88.38489,25.17722],[88.38491,25.17657],[88.38623,25.17524],[88.38463,25.1751],[88.38272,25.16939],[88.3823,25.16875],[88.38163,25.16882],[88.38546,25.16481],[88.38163,25.16293],[88.38166,25.16223],[88.38261,25.16246],[88.38321,25.15995],[88.38461,25.15881],[88.38624,25.1584],[88.3874,25.15694],[88.38901,25.15624],[88.38933,25.15503],[88.38806,25.154],[88.38695,25.15461],[88.38448,25.15226],[88.38494,25.15019],[88.38403,25.15083],[88.3816,25.15031],[88.38082,25.15007],[88.38066,25.14894],[88.37976,25.14867],[88.37707,25.15057],[88.37237,25.15155],[88.371,25.15051],[88.36693,25.1523],[88.36596,25.15543],[88.36824,25.16134],[88.36777,25.16142],[88.36727,25.1603],[88.36568,25.16022],[88.36425,25.16095],[88.36279,25.16098],[88.36131,25.16035],[88.35791,25.16324],[88.35686,25.16207],[88.35451,25.16227],[88.35415,25.1641],[88.35311,25.16434],[88.35286,25.16568],[88.35057,25.16579],[88.34892,25.16333],[88.34882,25.16169]]]}},{"type":"Feature","bbox":[88.08826,24.8659,88.12182,24.90608],"properties":{"kind":"gp","gp":"Bamongram-Mashimpur","block":"Kaliachak-I","lgd":109933},"geometry":{"type":"MultiPolygon","coordinates":[[[[88.11559,24.88576],[88.11365,24.9003],[88.11413,24.90275],[88.1149,24.90328],[88.11449,24.90478],[88.11482,24.90575],[88.11582,24.90608],[88.11979,24.90121],[88.12066,24.89048],[88.12132,24.88956],[88.12182,24.88655],[88.1218,24.88278],[88.1213,24.87887],[88.11924,24.87199],[88.11879,24.87111],[88.1178,24.87136],[88.11544,24.8659],[88.11348,24.86713],[88.10956,24.86788],[88.10894,24.8676],[88.10884,24.87117],[88.10963,24.8726],[88.1089,24.87649],[88.10916,24.87779],[88.10749,24.87904],[88.106,24.88176],[88.10489,24.88745],[88.10909,24.88828],[88.11005,24.88444],[88.113,24.88429],[88.11367,24.88462],[88.11351,24.88584],[88.11559,24.88576]]],[[[88.09028,24.90227],[88.09106,24.90181],[88.09435,24.90232],[88.09487,24.90459],[88.09531,24.90475],[88.09973,24.90533],[88.10037,24.90493],[88.10054,24.90397],[88.10111,24.90384],[88.10423,24.89296],[88.10294,24.89255],[88.10244,24.8946],[88.10054,24.8945],[88.10205,24.88977],[88.09883,24.88954],[88.0982,24.88547],[88.09574,24.88572],[88.09529,24.88614],[88.09062,24.88609],[88.08834,24.89317],[88.08869,24.89492],[88.08826,24.89581],[88.08921,24.89673],[88.09027,24.89926],[88.08873,24.8993],[88.08841,24.90034],[88.09028,24.90227]]]]}},{"type":"Feature","bbox":[87.9496,24.95053,88.02735,24.98782],"properties":{"kind":"gp","gp":"Bangitola","block":"Kaliachak-II","lgd":109944},"geometry":{"type":"Polygon","coordinates":[[[88.02119,24.96688],[88.02256,24.96813],[88.02459,24.96803],[88.02421,24.96551],[88.02735,24.96531],[88.02726,24.96463],[88.02497,24.96427],[88.02508,24.96316],[88.02647,24.96309],[88.02635,24.96209],[88.02325,24.96204],[88.01924,24.96019],[88.01744,24.96229],[88.01504,24.9603],[88.01436,24.95896],[88.01528,24.95522],[88.01758,24.9542],[88.0175,24.9514],[88.01685,24.95073],[88.0154,24.95118],[88.01241,24.95053],[88.00903,24.95232],[87.99872,24.95541],[87.98894,24.95518],[87.9883,24.95679],[87.98337,24.95915],[87.98235,24.95921],[87.98189,24.9606],[87.9798,24.95966],[87.97955,24.96346],[87.98148,24.96695],[87.97981,24.96772],[87.96186,24.96949],[87.95779,24.97075],[87.95326,24.97708],[87.95102,24.97858],[87.9496,24.9807],[87.95309,24.98782],[87.96343,24.98498],[87.96517,24.98546],[87.96874,24.98496],[87.97115,24.98578],[87.97514,24.98616],[87.97553,24.98714],[87.97774,24.98708],[87.97999,24.98618],[87.98978,24.98721],[87.99973,24.98542],[88.0023,24.9846],[88.00504,24.98126],[88.00666,24.98164],[88.01361,24.98089],[88.01586,24.98113],[88.01865,24.98017],[88.01851,24.97305],[88.01908,24.97249],[88.01881,24.97039],[88.01982,24.97028],[88.02015,24.96662],[88.02119,24.96688]]]}},{"type":"Feature","bbox":[87.93491,25.42588,88.00666,25.52688],"properties":{"kind":"gp","gp":"Barui","block":"Harishchandrapur-I","lgd":109914},"geometry":{"type":"Polygon","coordinates":[[[87.98006,25.42952],[87.9759,25.42588],[87.97594,25.42686],[87.97479,25.42692],[87.97447,25.4284],[87.97211,25.42979],[87.97286,25.43148],[87.97119,25.4313],[87.9702,25.4324],[87.96864,25.43185],[87.96846,25.43118],[87.9668,25.43132],[87.9663,25.43276],[87.96736,25.43501],[87.96333,25.43553],[87.96311,25.43717],[87.96364,25.43819],[87.96433,25.43825],[87.96456,25.43977],[87.96512,25.43979],[87.96691,25.44263],[87.96707,25.44451],[87.96771,25.44513],[87.96754,25.44839],[87.96706,25.44867],[87.96736,25.45144],[87.96694,25.45203],[87.97077,25.45194],[87.97405,25.45125],[87.97456,25.44918],[87.97604,25.44837],[87.97677,25.44896],[87.97656,25.45002],[87.97748,25.45223],[87.97727,25.45402],[87.97886,25.45882],[87.97508,25.46037],[87.97416,25.46337],[87.97369,25.46397],[87.97264,25.46408],[87.97244,25.46535],[87.97108,25.46579],[87.97224,25.47401],[87.97066,25.47462],[87.97109,25.47779],[87.96978,25.47828],[87.96966,25.48007],[87.96625,25.48222],[87.96068,25.48446],[87.95958,25.48661],[87.95827,25.48652],[87.95886,25.48786],[87.9587,25.48891],[87.95775,25.48912],[87.95773,25.4897],[87.95863,25.49007],[87.95782,25.49415],[87.95989,25.49478],[87.95999,25.49561],[87.95895,25.49603],[87.95989,25.49839],[87.96045,25.50242],[87.9555,25.50359],[87.95502,25.50228],[87.95197,25.5022],[87.95163,25.50099],[87.95194,25.50051],[87.95024,25.50051],[87.95386,25.49919],[87.9527,25.49763],[87.95097,25.49798],[87.94957,25.49706],[87.94861,25.49496],[87.94767,25.49532],[87.94734,25.49613],[87.94657,25.49627],[87.94641,25.49743],[87.94764,25.49852],[87.94624,25.49917],[87.94535,25.49895],[87.94418,25.49938],[87.94397,25.49902],[87.94248,25.49957],[87.94061,25.50145],[87.93643,25.50256],[87.93633,25.50319],[87.93736,25.50492],[87.9385,25.50472],[87.93894,25.50554],[87.93892,25.50888],[87.93872,25.51049],[87.93591,25.51184],[87.93607,25.51243],[87.93491,25.51249],[87.93557,25.51379],[87.93499,25.5148],[87.93741,25.51619],[87.9391,25.51825],[87.94008,25.51841],[87.94053,25.51932],[87.94275,25.51981],[87.94311,25.51903],[87.94547,25.51912],[87.9472,25.51977],[87.94841,25.51887],[87.9494,25.51877],[87.94932,25.51754],[87.95262,25.51581],[87.95332,25.5148],[87.95582,25.51455],[87.95862,25.51354],[87.95868,25.51291],[87.95751,25.51239],[87.95755,25.51157],[87.95823,25.5113],[87.95749,25.50982],[87.96174,25.50918],[87.96188,25.50847],[87.96303,25.50809],[87.96432,25.50907],[87.96651,25.5086],[87.9672,25.50967],[87.96855,25.51004],[87.96881,25.51154],[87.96706,25.51158],[87.96693,25.51204],[87.9669,25.51392],[87.96784,25.51559],[87.96966,25.51522],[87.97027,25.51455],[87.96961,25.51348],[87.97026,25.51324],[87.96998,25.51258],[87.9706,25.51244],[87.97162,25.51367],[87.9719,25.5164],[87.97026,25.51677],[87.9706,25.51815],[87.97171,25.51764],[87.97208,25.51886],[87.97047,25.51972],[87.9705,25.52021],[87.97162,25.52023],[87.9727,25.52251],[87.9726,25.52378],[87.97184,25.52387],[87.97168,25.52464],[87.97259,25.52561],[87.97359,25.52603],[87.97415,25.52688],[87.9772,25.52442],[87.98078,25.52454],[87.986,25.52664],[87.98754,25.52559],[87.9909,25.52538],[87.9912,25.52303],[87.9938,25.52241],[87.98502,25.51564],[87.98902,25.51181],[87.993,25.51242],[87.99415,25.51199],[87.99511,25.50797],[87.99384,25.50794],[87.99282,25.5071],[87.99365,25.50179],[87.9954,25.49981],[87.9969,25.49906],[88.00661,25.49697],[88.00666,25.49389],[88.00588,25.48838],[88.00383,25.48538],[88.00037,25.48357],[87.99318,25.48388],[87.98743,25.48092],[87.98607,25.47715],[87.9866,25.4746],[87.98844,25.47084],[87.98955,25.46982],[87.99488,25.46908],[87.9983,25.46738],[87.99887,25.46597],[87.9993,25.46132],[87.99814,25.45987],[87.99691,25.45987],[87.9934,25.45856],[87.99308,25.45573],[87.9921,25.45516],[87.98642,25.454],[87.98319,25.45248],[87.98254,25.44957],[87.98201,25.44921],[87.98055,25.44492],[87.98019,25.44451],[87.97828,25.44484],[87.97786,25.44443],[87.97704,25.44299],[87.97831,25.43945],[87.97688,25.43636],[87.97916,25.43505],[87.97916,25.43208],[87.98202,25.43114],[87.98153,25.42987],[87.98006,25.42952]]]}},{"type":"Feature","bbox":[87.96803,24.80439,88.05007,24.84113],"properties":{"kind":"gp","gp":"Bedrabad","block":"Kaliachak-III","lgd":109955},"geometry":{"type":"Polygon","coordinates":[[[88.00377,24.80818],[88.00369,24.80475],[87.99756,24.80439],[87.98929,24.80499],[87.98679,24.80469],[87.98519,24.80503],[87.98471,24.80607],[87.98359,24.80584],[87.9833,24.80665],[87.98076,24.80691],[87.98058,24.80747],[87.97887,24.80743],[87.9735,24.80961],[87.97275,24.80939],[87.97094,24.81016],[87.96818,24.81502],[87.96892,24.81866],[87.97096,24.82222],[87.96803,24.82334],[87.9698,24.82809],[87.97758,24.82389],[87.97923,24.82241],[87.98366,24.8199],[87.98488,24.81988],[87.98496,24.82417],[87.98811,24.8284],[87.98855,24.83061],[87.99152,24.83451],[87.99105,24.83525],[87.99031,24.83525],[87.98912,24.83632],[87.98989,24.83806],[87.98756,24.84041],[87.98808,24.84113],[87.99892,24.8384],[88.00448,24.83555],[88.00649,24.83445],[88.00698,24.83188],[88.00843,24.83218],[88.00816,24.83076],[88.00973,24.82999],[88.01089,24.83147],[88.0114,24.8315],[88.01692,24.83047],[88.01813,24.82909],[88.02455,24.8305],[88.02485,24.83016],[88.02953,24.83013],[88.02957,24.82933],[88.03054,24.82855],[88.03372,24.82759],[88.03386,24.82827],[88.03476,24.8287],[88.03535,24.83519],[88.04952,24.83541],[88.05007,24.83475],[88.04949,24.83436],[88.04947,24.83355],[88.0468,24.83396],[88.04676,24.83248],[88.0462,24.83241],[88.04593,24.8311],[88.04234,24.83224],[88.04087,24.83173],[88.04101,24.83103],[88.04036,24.83018],[88.0392,24.8301],[88.0339,24.82708],[88.02295,24.81878],[88.02381,24.81679],[88.02104,24.81432],[88.01271,24.81045],[88.00867,24.8091],[88.00377,24.80818]]]}},{"type":"Feature","bbox":[87.90541,24.7978,88.0112,24.87199],"properties":{"kind":"gp","gp":"Beernagar-I","block":"Kaliachak-I","lgd":109956},"geometry":{"type":"Polygon","coordinates":[[[87.98756,24.84041],[87.98989,24.83806],[87.98912,24.83632],[87.99031,24.83525],[87.99105,24.83525],[87.99152,24.83451],[87.98855,24.83061],[87.98811,24.8284],[87.98496,24.82417],[87.98488,24.81988],[87.98366,24.8199],[87.97923,24.82241],[87.97758,24.82389],[87.96894,24.82852],[87.95992,24.83034],[87.95467,24.83208],[87.95391,24.83357],[87.95274,24.8331],[87.94913,24.83292],[87.94322,24.82484],[87.93651,24.81834],[87.94304,24.80639],[87.94687,24.8004],[87.94731,24.79921],[87.9471,24.7978],[87.94327,24.79977],[87.9385,24.80387],[87.93758,24.8043],[87.93658,24.80406],[87.93431,24.80675],[87.92992,24.81357],[87.92998,24.81679],[87.9309,24.81811],[87.93165,24.81833],[87.93267,24.81669],[87.93342,24.81703],[87.93341,24.81761],[87.93064,24.82065],[87.93014,24.82374],[87.92572,24.83319],[87.92574,24.83721],[87.92454,24.8387],[87.92569,24.83937],[87.92494,24.84063],[87.92164,24.84418],[87.91909,24.84262],[87.92696,24.82462],[87.92778,24.82442],[87.92878,24.8211],[87.92983,24.82038],[87.92889,24.81557],[87.92703,24.81773],[87.92707,24.81973],[87.92661,24.81986],[87.92624,24.8184],[87.91809,24.8301],[87.91116,24.83774],[87.90756,24.84242],[87.90693,24.84409],[87.90728,24.84608],[87.91007,24.84705],[87.90993,24.84785],[87.90728,24.84983],[87.90541,24.85206],[87.90629,24.85281],[87.90927,24.85387],[87.9127,24.85476],[87.91347,24.85445],[87.91639,24.85539],[87.91683,24.85563],[87.91672,24.85685],[87.92098,24.85616],[87.9206,24.8576],[87.92137,24.85862],[87.92122,24.86523],[87.92022,24.8695],[87.92662,24.87107],[87.92969,24.87123],[87.92991,24.87185],[87.9323,24.87162],[87.9353,24.86916],[87.9384,24.86462],[87.93904,24.86018],[87.941,24.85966],[87.94123,24.85891],[87.94237,24.85859],[87.94255,24.85794],[87.9418,24.85693],[87.94517,24.85454],[87.94955,24.85299],[87.95006,24.85365],[87.95122,24.85306],[87.95565,24.85807],[87.9567,24.86002],[87.95749,24.86019],[87.95816,24.8619],[87.96116,24.86111],[87.96407,24.86624],[87.96318,24.86687],[87.96692,24.87199],[87.97162,24.86942],[87.97537,24.86633],[87.97611,24.86639],[87.97619,24.86549],[87.97694,24.86551],[87.97726,24.86628],[87.97812,24.86587],[87.98119,24.86386],[87.98205,24.86234],[87.9858,24.86162],[87.98651,24.86184],[87.98766,24.86321],[87.98734,24.86545],[87.99029,24.8682],[87.99111,24.86824],[87.99336,24.86718],[88.00397,24.86516],[88.00372,24.86269],[88.00462,24.86149],[88.00846,24.85854],[88.0112,24.85871],[88.00832,24.85627],[88.00881,24.856],[88.00791,24.85484],[88.00091,24.84787],[88.00545,24.8429],[88.00301,24.83874],[88.00227,24.83656],[87.99892,24.8384],[87.98808,24.84113],[87.98756,24.84041]]]}},{"type":"Feature","bbox":[88.12867,25.05084,88.21229,25.13769],"properties":{"kind":"gp","gp":"Bhabuk","block":"Old Malda","lgd":109978},"geometry":{"type":"Polygon","coordinates":[[[88.15661,25.05718],[88.14717,25.05084],[88.14524,25.05572],[88.14386,25.05718],[88.14045,25.05846],[88.13842,25.05828],[88.13837,25.05955],[88.13373,25.0646],[88.13183,25.06602],[88.12867,25.06656],[88.13,25.06825],[88.1306,25.06996],[88.13283,25.07061],[88.13465,25.07049],[88.13475,25.07123],[88.13545,25.07142],[88.13575,25.07215],[88.136,25.07729],[88.13508,25.07738],[88.13343,25.07857],[88.13326,25.0806],[88.13517,25.08474],[88.13437,25.08553],[88.13512,25.08635],[88.13576,25.09088],[88.13647,25.09164],[88.13555,25.09664],[88.13487,25.09698],[88.13563,25.09813],[88.13523,25.10055],[88.13541,25.10392],[88.13678,25.10774],[88.13815,25.11392],[88.14295,25.11386],[88.14579,25.11322],[88.14717,25.11216],[88.14793,25.11218],[88.14914,25.11475],[88.14963,25.11735],[88.15216,25.12106],[88.15285,25.12441],[88.15419,25.12503],[88.15601,25.12483],[88.15756,25.1258],[88.15999,25.13011],[88.16153,25.12983],[88.16431,25.12669],[88.16822,25.12668],[88.16927,25.12735],[88.16985,25.12847],[88.17291,25.12785],[88.17578,25.12875],[88.1761,25.12686],[88.17704,25.12635],[88.17764,25.12731],[88.1796,25.12796],[88.18073,25.12984],[88.18429,25.13312],[88.18564,25.1363],[88.18747,25.13769],[88.18998,25.13749],[88.19197,25.1365],[88.19309,25.13703],[88.19446,25.13696],[88.19953,25.13563],[88.19973,25.13477],[88.20136,25.1332],[88.20214,25.13132],[88.20685,25.12874],[88.20741,25.12691],[88.21229,25.12471],[88.21222,25.12363],[88.21041,25.12216],[88.21074,25.12095],[88.20987,25.1189],[88.20688,25.11964],[88.20465,25.11806],[88.19888,25.11852],[88.19861,25.11936],[88.19801,25.11933],[88.19734,25.11875],[88.19498,25.11324],[88.18897,25.10628],[88.19202,25.10192],[88.19199,25.101],[88.19263,25.10026],[88.19135,25.09443],[88.18913,25.08961],[88.18989,25.08947],[88.18936,25.08796],[88.19129,25.08806],[88.19108,25.08742],[88.19202,25.08752],[88.19339,25.08655],[88.19371,25.08563],[88.19476,25.08562],[88.19551,25.08368],[88.19615,25.08345],[88.19751,25.08408],[88.19791,25.0835],[88.20071,25.08315],[88.19944,25.08175],[88.197,25.08061],[88.19655,25.07946],[88.19739,25.07762],[88.19865,25.07668],[88.19819,25.07598],[88.19898,25.07384],[88.20047,25.07318],[88.2001,25.0726],[88.20056,25.07213],[88.20089,25.06902],[88.19979,25.06593],[88.19873,25.06561],[88.1981,25.06347],[88.19562,25.06018],[88.19813,25.05965],[88.198,25.05934],[88.19584,25.05896],[88.19599,25.058],[88.19528,25.05726],[88.1831,25.05802],[88.17932,25.05884],[88.17847,25.05824],[88.17815,25.05723],[88.1764,25.05758],[88.17533,25.05457],[88.16979,25.05502],[88.16941,25.05398],[88.16842,25.05381],[88.16521,25.05532],[88.15679,25.05578],[88.15661,25.05718]]]}},{"type":"Feature","bbox":[87.91047,25.21111,87.99604,25.26494],"properties":{"kind":"gp","gp":"Bhado","block":"Ratua-I","lgd":109985},"geometry":{"type":"Polygon","coordinates":[[[87.97576,25.2221],[87.97488,25.22215],[87.97332,25.22008],[87.97219,25.21662],[87.9706,25.21414],[87.96976,25.21386],[87.96951,25.2121],[87.96816,25.21111],[87.96701,25.21113],[87.96635,25.21304],[87.95747,25.2147],[87.95676,25.21599],[87.94486,25.21844],[87.94311,25.22057],[87.94367,25.22138],[87.94314,25.22707],[87.94565,25.23552],[87.9471,25.23744],[87.94804,25.23992],[87.9466,25.24051],[87.94603,25.24154],[87.94433,25.24246],[87.94096,25.24316],[87.93971,25.24223],[87.93414,25.24005],[87.93123,25.23994],[87.92568,25.23871],[87.92173,25.23896],[87.92165,25.24064],[87.91841,25.24005],[87.9124,25.2412],[87.91047,25.24424],[87.91114,25.24526],[87.91191,25.24522],[87.91354,25.24403],[87.91507,25.24411],[87.91978,25.24654],[87.92032,25.24919],[87.91969,25.25017],[87.91734,25.25096],[87.91719,25.25249],[87.91763,25.25294],[87.91524,25.25526],[87.91905,25.25581],[87.92184,25.25692],[87.92581,25.25958],[87.92768,25.2621],[87.92909,25.26266],[87.92912,25.26402],[87.92955,25.26422],[87.93486,25.26279],[87.9428,25.26201],[87.94913,25.26409],[87.95294,25.26182],[87.9586,25.25985],[87.95751,25.25402],[87.95821,25.25309],[87.959,25.24891],[87.95971,25.24818],[87.96442,25.24807],[87.96575,25.24912],[87.96739,25.24927],[87.96807,25.25022],[87.96876,25.25674],[87.96976,25.25724],[87.97209,25.26041],[87.97315,25.26227],[87.97353,25.26487],[87.97906,25.26343],[87.97906,25.26264],[87.97714,25.25913],[87.9759,25.25783],[87.98127,25.25716],[87.98627,25.25884],[87.98701,25.26268],[87.98641,25.2634],[87.98692,25.26494],[87.9904,25.26456],[87.99014,25.26335],[87.99126,25.26203],[87.99127,25.2614],[87.98988,25.2596],[87.9911,25.25806],[87.99191,25.25838],[87.99234,25.25789],[87.99449,25.2578],[87.99517,25.2576],[87.99513,25.25697],[87.99604,25.25672],[87.99495,25.24882],[87.99575,25.24698],[87.99542,25.24121],[87.99464,25.24125],[87.99349,25.23837],[87.99024,25.23723],[87.98929,25.23455],[87.9862,25.23171],[87.98437,25.22672],[87.9809,25.22658],[87.97953,25.22607],[87.97896,25.22494],[87.97814,25.22514],[87.97695,25.22452],[87.9771,25.22386],[87.97576,25.2221]]]}},{"type":"Feature","bbox":[88.00909,25.4207,88.08766,25.48344],"properties":{"kind":"gp","gp":"Bhagabanpur","block":"Chanchal-I","lgd":109863},"geometry":{"type":"Polygon","coordinates":[[[88.04832,25.43189],[88.05135,25.4293],[88.04978,25.42627],[88.04899,25.42788],[88.04861,25.42745],[88.0472,25.42831],[88.04672,25.42679],[88.04886,25.42592],[88.04809,25.42382],[88.04413,25.42421],[88.0433,25.4223],[88.04168,25.42266],[88.04183,25.4218],[88.04089,25.422],[88.04073,25.4207],[88.03108,25.42141],[88.03015,25.42161],[88.03052,25.42278],[88.02891,25.42232],[88.02861,25.42267],[88.02969,25.42366],[88.02981,25.42488],[88.03136,25.42672],[88.02882,25.42682],[88.02977,25.43054],[88.02942,25.43072],[88.0297,25.43544],[88.02731,25.44957],[88.02809,25.45166],[88.02872,25.45203],[88.02974,25.45182],[88.031,25.45419],[88.037,25.45342],[88.03787,25.4531],[88.04105,25.44955],[88.04205,25.44944],[88.04206,25.45074],[88.04396,25.45049],[88.04467,25.45161],[88.04431,25.45214],[88.04509,25.45492],[88.04421,25.45562],[88.04495,25.45668],[88.04398,25.457],[88.0445,25.45855],[88.04555,25.4581],[88.0468,25.45827],[88.04628,25.45903],[88.04807,25.46216],[88.04742,25.46249],[88.04708,25.46387],[88.04422,25.46426],[88.04449,25.46507],[88.04281,25.46558],[88.04301,25.46639],[88.04174,25.46663],[88.04174,25.46712],[88.03743,25.46777],[88.03714,25.4653],[88.03502,25.46556],[88.03512,25.46646],[88.03332,25.46671],[88.03349,25.46715],[88.02996,25.46773],[88.02903,25.46763],[88.02862,25.46614],[88.0241,25.46661],[88.01805,25.46404],[88.01628,25.46519],[88.01762,25.46977],[88.01722,25.4704],[88.01533,25.47047],[88.01451,25.47145],[88.01427,25.47376],[88.00909,25.47332],[88.01308,25.47442],[88.01293,25.47531],[88.01194,25.47567],[88.0119,25.47621],[88.01402,25.47711],[88.01458,25.47864],[88.02098,25.4789],[88.02167,25.48008],[88.02357,25.47968],[88.02554,25.48042],[88.02536,25.47868],[88.02688,25.4792],[88.02646,25.47808],[88.02922,25.47781],[88.02907,25.47655],[88.0308,25.47591],[88.0306,25.47944],[88.02893,25.48237],[88.02922,25.48344],[88.031,25.4813],[88.03154,25.47963],[88.03136,25.47516],[88.03189,25.47498],[88.03288,25.47611],[88.03451,25.47488],[88.03654,25.47428],[88.03712,25.47619],[88.03773,25.47565],[88.04602,25.47407],[88.04699,25.47372],[88.0476,25.47275],[88.04949,25.47277],[88.05019,25.47252],[88.05036,25.47191],[88.05358,25.47222],[88.05445,25.47191],[88.05441,25.47128],[88.05513,25.47127],[88.05577,25.47253],[88.05529,25.47283],[88.05567,25.47381],[88.0549,25.47391],[88.05601,25.47573],[88.05782,25.47506],[88.06161,25.47474],[88.06125,25.47416],[88.06055,25.47431],[88.06016,25.47331],[88.05943,25.47349],[88.05929,25.47238],[88.06101,25.47208],[88.06272,25.47214],[88.06305,25.47328],[88.06464,25.47326],[88.06664,25.47233],[88.06685,25.47326],[88.06601,25.47361],[88.06648,25.47419],[88.06737,25.47423],[88.0693,25.4728],[88.07088,25.47235],[88.07121,25.4714],[88.07495,25.47048],[88.0776,25.46849],[88.07923,25.46806],[88.07963,25.45509],[88.0855,25.44778],[88.08703,25.4469],[88.08702,25.44301],[88.08659,25.44297],[88.08685,25.44039],[88.08766,25.43907],[88.08745,25.43627],[88.08433,25.43701],[88.08422,25.43822],[88.08352,25.43886],[88.07835,25.43586],[88.07764,25.4359],[88.0774,25.43489],[88.07305,25.43532],[88.07283,25.43634],[88.07205,25.43692],[88.07207,25.43831],[88.07063,25.43857],[88.07073,25.43902],[88.07152,25.43913],[88.0716,25.43991],[88.07123,25.44023],[88.07149,25.44267],[88.07098,25.44473],[88.07004,25.44383],[88.06848,25.44404],[88.06689,25.44294],[88.06641,25.44384],[88.06456,25.44433],[88.06438,25.44716],[88.06181,25.44753],[88.06203,25.44655],[88.06024,25.4451],[88.05733,25.44528],[88.05694,25.44482],[88.05541,25.44529],[88.05486,25.44441],[88.05374,25.44414],[88.05126,25.44599],[88.05013,25.44617],[88.05046,25.44049],[88.04976,25.43856],[88.04758,25.43547],[88.04832,25.43189]]]}},{"type":"Feature","bbox":[88.0021,24.75425,88.04829,24.80344],"properties":{"kind":"gp","gp":"Bhagabanpur","block":"Kaliachak-III","lgd":109958},"geometry":{"type":"Polygon","coordinates":[[[88.00665,24.79778],[88.01221,24.80344],[88.01288,24.80309],[88.01287,24.79946],[88.0164,24.79902],[88.01701,24.7959],[88.01635,24.7959],[88.01599,24.79355],[88.03457,24.79398],[88.03741,24.7951],[88.0379,24.79469],[88.03899,24.79523],[88.03967,24.79481],[88.04453,24.79633],[88.04785,24.79303],[88.0469,24.78956],[88.04829,24.78885],[88.04726,24.7854],[88.04503,24.78289],[88.04061,24.77962],[88.03931,24.77599],[88.03814,24.76795],[88.03989,24.76466],[88.03344,24.75556],[88.03025,24.75425],[88.02766,24.75712],[88.02742,24.75684],[88.02528,24.76041],[88.02216,24.76849],[88.02204,24.77128],[88.01852,24.77286],[88.01804,24.77365],[88.01759,24.77354],[88.01692,24.77455],[88.01586,24.77473],[88.01249,24.77769],[88.00954,24.77885],[88.00681,24.78068],[88.0028,24.7811],[88.0021,24.78168],[88.0028,24.78232],[88.00323,24.78319],[88.00292,24.78358],[88.00464,24.78624],[88.00546,24.78628],[88.00665,24.79778]]]}},{"type":"Feature","bbox":[87.95636,25.36013,88.01186,25.41036],"properties":{"kind":"gp","gp":"Bhakri","block":"Harishchandrapur-II","lgd":109870},"geometry":{"type":"Polygon","coordinates":[[[88.00984,25.37647],[88.01186,25.36971],[88.01062,25.36934],[88.0058,25.36953],[88.00578,25.37623],[88.00345,25.37631],[88.00082,25.37538],[87.9997,25.37568],[87.99609,25.37464],[87.99332,25.37455],[87.99127,25.37317],[87.99111,25.37255],[87.99186,25.37093],[87.99466,25.36804],[87.99415,25.36606],[87.99449,25.36528],[87.99593,25.364],[87.99693,25.36376],[87.99591,25.36179],[87.99666,25.36086],[87.9876,25.36013],[87.98469,25.36115],[87.98428,25.36193],[87.98375,25.36057],[87.98154,25.36054],[87.98162,25.36123],[87.97967,25.36239],[87.97926,25.36086],[87.97358,25.36279],[87.97265,25.36129],[87.96777,25.36301],[87.96731,25.3638],[87.96632,25.36409],[87.96612,25.36454],[87.96684,25.36527],[87.96823,25.3651],[87.96948,25.36791],[87.96843,25.36826],[87.96707,25.36718],[87.96772,25.36949],[87.96639,25.37076],[87.96677,25.37228],[87.96494,25.3728],[87.96409,25.37265],[87.96339,25.37135],[87.96161,25.37152],[87.95819,25.37493],[87.95661,25.37581],[87.95636,25.37655],[87.95773,25.37876],[87.95662,25.38314],[87.95985,25.38756],[87.96097,25.39223],[87.96246,25.39222],[87.96667,25.39078],[87.96708,25.39159],[87.96556,25.39411],[87.96393,25.39542],[87.96396,25.39816],[87.96584,25.40087],[87.96566,25.40326],[87.96625,25.40408],[87.96658,25.40641],[87.96614,25.40871],[87.96679,25.41036],[87.9686,25.4099],[87.96911,25.40814],[87.97015,25.40675],[87.97196,25.4068],[87.97229,25.4075],[87.9736,25.40777],[87.98498,25.40498],[87.9836,25.40297],[87.98282,25.3991],[87.98431,25.39764],[87.98373,25.39565],[87.98247,25.39528],[87.98229,25.39409],[87.98112,25.39262],[87.98098,25.39119],[87.9801,25.3908],[87.98052,25.39015],[87.9821,25.39022],[87.98251,25.38871],[87.98396,25.38854],[87.98355,25.38954],[87.98759,25.39293],[87.98778,25.39412],[87.99099,25.3941],[87.99223,25.39495],[87.99311,25.39476],[87.99298,25.39337],[87.99556,25.39162],[87.99942,25.38986],[88.00028,25.39022],[88.00455,25.38861],[88.00527,25.38922],[88.00704,25.38902],[88.00495,25.38761],[88.0047,25.38631],[88.0084,25.38333],[88.00959,25.38002],[88.00984,25.37647]]]}},{"type":"Feature","bbox":[87.91541,25.18016,88.23903,25.44849],"properties":{"kind":"gp","gp":"Bhingole","block":"Harishchandrapur-I","lgd":109915},"geometry":{"type":"MultiPolygon","coordinates":[[[[88.22796,25.18449],[88.22591,25.18289],[88.22641,25.1871],[88.22714,25.18712],[88.2297,25.19073],[88.23079,25.19061],[88.23192,25.19111],[88.23316,25.19116],[88.2335,25.19065],[88.23321,25.18961],[88.23375,25.18771],[88.23727,25.18689],[88.23744,25.18608],[88.23903,25.18581],[88.238,25.1829],[88.2368,25.18128],[88.23566,25.18172],[88.23382,25.18156],[88.23337,25.18016],[88.23222,25.1804],[88.23268,25.18187],[88.23145,25.18213],[88.22996,25.18395],[88.22796,25.18449]]],[[[87.94269,25.39101],[87.94181,25.391],[87.94176,25.38869],[87.94211,25.38836],[87.94356,25.3886],[87.94322,25.38762],[87.94199,25.38669],[87.93708,25.38936],[87.93443,25.38703],[87.93258,25.38607],[87.93217,25.38683],[87.93246,25.38718],[87.92984,25.39025],[87.92999,25.39125],[87.92827,25.39259],[87.92527,25.391],[87.92479,25.38982],[87.92421,25.38954],[87.92357,25.39099],[87.92568,25.39382],[87.92527,25.39458],[87.92245,25.39524],[87.92347,25.39845],[87.92177,25.4002],[87.92379,25.40062],[87.92373,25.40262],[87.9226,25.40294],[87.92409,25.40627],[87.92166,25.40582],[87.91945,25.40656],[87.91902,25.40795],[87.91849,25.40824],[87.91917,25.41019],[87.91766,25.41047],[87.91787,25.41161],[87.91541,25.41295],[87.91542,25.41389],[87.91706,25.41428],[87.91857,25.41326],[87.91981,25.41314],[87.9199,25.41456],[87.92188,25.41445],[87.92391,25.41608],[87.92548,25.41537],[87.92721,25.41701],[87.92881,25.41683],[87.92976,25.41735],[87.92991,25.41842],[87.92912,25.41898],[87.92911,25.42118],[87.93128,25.42107],[87.93159,25.42158],[87.92969,25.42908],[87.93071,25.42918],[87.93134,25.4327],[87.93228,25.43359],[87.93362,25.433],[87.93406,25.43487],[87.93735,25.44187],[87.93785,25.44174],[87.94049,25.44475],[87.94139,25.44518],[87.94374,25.44515],[87.94736,25.44635],[87.95052,25.44602],[87.95354,25.44849],[87.95673,25.44718],[87.95748,25.44745],[87.95771,25.44807],[87.95966,25.4476],[87.9607,25.44724],[87.96048,25.44667],[87.96284,25.44524],[87.96435,25.44511],[87.96461,25.44552],[87.96727,25.44408],[87.96691,25.44263],[87.96512,25.43979],[87.96456,25.43977],[87.96433,25.43825],[87.96364,25.43819],[87.96311,25.43717],[87.96333,25.43553],[87.96736,25.43501],[87.9663,25.43276],[87.9668,25.43132],[87.96846,25.43118],[87.96864,25.43185],[87.9702,25.4324],[87.97119,25.4313],[87.97286,25.43148],[87.97211,25.42979],[87.97447,25.4284],[87.97479,25.42692],[87.97594,25.42686],[87.9759,25.42588],[87.9745,25.42509],[87.97306,25.42584],[87.97121,25.42578],[87.97058,25.42523],[87.97033,25.42409],[87.97097,25.42401],[87.97077,25.42302],[87.96989,25.42302],[87.96954,25.42109],[87.97038,25.42058],[87.97226,25.42058],[87.97148,25.41854],[87.96792,25.41572],[87.96751,25.41446],[87.96614,25.40871],[87.96658,25.40641],[87.96625,25.40408],[87.96566,25.40326],[87.96584,25.40087],[87.96396,25.39816],[87.96393,25.39542],[87.96556,25.39411],[87.96708,25.39159],[87.96667,25.39078],[87.96246,25.39222],[87.96097,25.39223],[87.96029,25.38999],[87.9505,25.39258],[87.95066,25.39315],[87.9525,25.39287],[87.9531,25.39504],[87.94606,25.39624],[87.9444,25.39543],[87.94269,25.39101]]]]}},{"type":"Feature","bbox":[87.83514,25.18319,87.88289,25.24293],"properties":{"kind":"gp","gp":"Bilaimari","block":"Ratua-I","lgd":109986},"geometry":{"type":"MultiPolygon","coordinates":[[[[87.85146,25.18703],[87.85043,25.18607],[87.84616,25.18493],[87.84356,25.18319],[87.83528,25.18677],[87.83514,25.19092],[87.83587,25.19282],[87.83984,25.19861],[87.84026,25.20045],[87.83896,25.20621],[87.84069,25.20583],[87.85495,25.19787],[87.85802,25.19541],[87.86178,25.19086],[87.85146,25.18703]]],[[[87.87877,25.20896],[87.87789,25.2088],[87.87497,25.207],[87.87545,25.20588],[87.87534,25.20407],[87.87704,25.20173],[87.87706,25.20068],[87.87611,25.19942],[87.87411,25.19831],[87.87492,25.19727],[87.87735,25.19637],[87.8769,25.19492],[87.87934,25.18976],[87.87911,25.18752],[87.87792,25.18532],[87.87282,25.1838],[87.86905,25.18325],[87.86405,25.18424],[87.86216,25.18379],[87.85757,25.18697],[87.86178,25.19086],[87.85756,25.20227],[87.85502,25.20523],[87.8529,25.20888],[87.8524,25.20901],[87.8499,25.21338],[87.84784,25.21506],[87.84638,25.21755],[87.84354,25.21937],[87.84348,25.22369],[87.84407,25.22425],[87.84747,25.22367],[87.84763,25.2255],[87.84893,25.22579],[87.84975,25.22712],[87.85019,25.22982],[87.84954,25.23038],[87.84977,25.23116],[87.85049,25.23159],[87.8497,25.23256],[87.8498,25.23423],[87.84911,25.23583],[87.84903,25.23978],[87.85008,25.24035],[87.85047,25.24148],[87.85128,25.24192],[87.85091,25.2429],[87.85649,25.24293],[87.86116,25.24093],[87.86468,25.24059],[87.8674,25.23972],[87.86775,25.23881],[87.86903,25.23859],[87.86929,25.23894],[87.87318,25.23864],[87.87351,25.23951],[87.87468,25.23982],[87.88062,25.23889],[87.88251,25.23768],[87.88249,25.21952],[87.88289,25.21767],[87.88106,25.20958],[87.88181,25.20818],[87.87877,25.20896]]]]}},{"type":"Feature","bbox":[87.99115,24.97379,88.05185,25.03792],"properties":{"kind":"gp","gp":"Binodpur","block":"English Bazar","lgd":109878},"geometry":{"type":"Polygon","coordinates":[[[88.02973,24.98288],[88.02722,24.98196],[88.02658,24.98035],[88.02446,24.9799],[88.01865,24.98017],[88.01586,24.98113],[88.01361,24.98089],[88.00666,24.98164],[88.00504,24.98126],[88.00299,24.98335],[88.00394,24.9842],[88.00398,24.9848],[88.00096,24.98873],[87.99787,24.98988],[87.99533,24.99007],[87.99115,24.98929],[87.99226,24.99155],[87.99196,24.99182],[87.99252,24.99352],[87.99419,24.99669],[87.99448,24.99762],[87.99413,24.9979],[87.99529,25.00113],[87.99711,25.00137],[88.00018,24.99969],[88.00094,25.00012],[88.00712,25.01101],[88.008,25.01471],[88.00558,25.01861],[88.00986,25.01865],[88.0113,25.01947],[88.01101,25.02379],[88.01219,25.02415],[88.01213,25.02542],[88.01366,25.02563],[88.01396,25.02529],[88.01731,25.02654],[88.01738,25.02706],[88.01618,25.02833],[88.01748,25.02921],[88.01737,25.02989],[88.01532,25.03231],[88.01556,25.03314],[88.01878,25.03544],[88.01859,25.03608],[88.02253,25.03792],[88.02702,25.0316],[88.02958,25.02525],[88.03183,25.02236],[88.03298,25.01942],[88.03784,25.01099],[88.03903,25.00642],[88.03891,24.99939],[88.03844,24.9978],[88.0401,24.99782],[88.04196,24.99672],[88.04328,24.99786],[88.04452,24.99712],[88.04271,24.99465],[88.04869,24.99172],[88.04691,24.98751],[88.04823,24.98722],[88.05185,24.98516],[88.04988,24.97859],[88.04892,24.97759],[88.04507,24.98065],[88.04381,24.97996],[88.04438,24.98104],[88.04413,24.98171],[88.04292,24.98128],[88.04343,24.98267],[88.04295,24.983],[88.04112,24.98361],[88.04014,24.98307],[88.03948,24.97995],[88.04019,24.97932],[88.04009,24.97771],[88.04084,24.97702],[88.04192,24.97798],[88.04327,24.97765],[88.0427,24.97389],[88.04216,24.97379],[88.04033,24.97396],[88.04016,24.97466],[88.03873,24.97552],[88.0388,24.97778],[88.03678,24.98009],[88.03696,24.98232],[88.03604,24.98288],[88.03658,24.98341],[88.03446,24.98641],[88.03063,24.98401],[88.02973,24.98288]],[[88.01939,24.98253],[88.01971,24.98855],[88.02152,24.98945],[88.01911,24.99367],[88.01209,24.99225],[88.0123,24.99124],[88.01147,24.98677],[88.01219,24.98647],[88.01195,24.98486],[88.01272,24.98471],[88.01319,24.98626],[88.0129,24.98759],[88.01396,24.98753],[88.01393,24.98711],[88.01653,24.98667],[88.0157,24.98445],[88.01577,24.98335],[88.01783,24.9824],[88.01939,24.98253]]]}},{"type":"Feature","bbox":[88.22397,24.9659,88.2858,25.01948],"properties":{"kind":"gp","gp":"Bulbulchandi","block":"Habibpur","lgd":109906},"geometry":{"type":"Polygon","coordinates":[[[88.25098,24.96831],[88.25057,24.96914],[88.24971,24.96939],[88.2487,24.96902],[88.24811,24.96838],[88.24812,24.9663],[88.24619,24.9659],[88.24507,24.96723],[88.24401,24.96749],[88.24302,24.96933],[88.2403,24.97014],[88.23842,24.97351],[88.23888,24.97529],[88.24058,24.97728],[88.24055,24.97831],[88.23524,24.97868],[88.2346,24.97941],[88.23703,24.98207],[88.23701,24.98298],[88.23565,24.98447],[88.23659,24.9851],[88.23442,24.98679],[88.23497,24.98744],[88.23709,24.98695],[88.23845,24.98717],[88.23914,24.9886],[88.23799,24.98972],[88.2346,24.98969],[88.23369,24.99107],[88.232,24.99156],[88.23402,24.99398],[88.2364,24.99502],[88.23637,24.99579],[88.23531,24.99595],[88.23263,24.99467],[88.23297,24.99728],[88.23456,25.00073],[88.23461,25.00199],[88.23396,25.00307],[88.23059,25.00399],[88.22877,25.00292],[88.22721,25.00267],[88.22656,25.00353],[88.22794,25.0049],[88.2299,25.0058],[88.22964,25.00655],[88.22825,25.00642],[88.2271,25.00721],[88.2275,25.00775],[88.23008,25.00779],[88.22841,25.00924],[88.2289,25.01101],[88.22979,25.01252],[88.23115,25.01322],[88.23272,25.0149],[88.23264,25.0154],[88.23079,25.0152],[88.22865,25.01356],[88.22786,25.01391],[88.22933,25.01613],[88.22949,25.01719],[88.2284,25.01794],[88.22763,25.01778],[88.22645,25.01633],[88.22574,25.01658],[88.22519,25.01818],[88.22397,25.01894],[88.22407,25.01948],[88.22917,25.01824],[88.23113,25.01703],[88.23189,25.01784],[88.23367,25.01681],[88.23333,25.01577],[88.2339,25.01456],[88.23476,25.01409],[88.23521,25.0147],[88.23664,25.01458],[88.23681,25.01279],[88.23851,25.01262],[88.24031,25.01172],[88.24198,25.01203],[88.24458,25.01049],[88.24813,25.01166],[88.25003,25.01006],[88.26199,25.00441],[88.26217,25.00291],[88.26831,25.0022],[88.27067,25.00289],[88.27257,25.00215],[88.27473,25.00402],[88.27626,25.00386],[88.27798,25.00479],[88.27781,25.00207],[88.27648,25.00244],[88.2762,25.00161],[88.27727,25.00091],[88.27715,25.0005],[88.27596,25.00077],[88.27626,24.99967],[88.27722,24.99941],[88.27731,24.99865],[88.27852,24.99803],[88.27941,24.99815],[88.27984,24.99754],[88.2806,24.99788],[88.28339,24.99722],[88.28409,24.99376],[88.28362,24.99217],[88.2858,24.99218],[88.28242,24.98377],[88.28072,24.98103],[88.28034,24.97998],[88.28057,24.97844],[88.27958,24.97604],[88.27829,24.97611],[88.27764,24.9753],[88.277,24.97394],[88.27702,24.97225],[88.27468,24.97175],[88.27178,24.97215],[88.26871,24.97126],[88.26765,24.9714],[88.26705,24.96915],[88.26516,24.96647],[88.26218,24.96772],[88.25881,24.96727],[88.25865,24.96766],[88.25607,24.96797],[88.25564,24.96854],[88.2537,24.96856],[88.25237,24.96966],[88.25189,24.96871],[88.25098,24.96831]]]}},{"type":"Feature","bbox":[88.34653,25.23621,88.41346,25.30298],"properties":{"kind":"gp","gp":"Chaknagar","block":"Gazole","lgd":109892},"geometry":{"type":"Polygon","coordinates":[[[88.35566,25.25108],[88.35475,25.25168],[88.35779,25.25445],[88.35919,25.25693],[88.35917,25.25886],[88.35621,25.25995],[88.35483,25.26352],[88.35388,25.26469],[88.35399,25.26631],[88.35503,25.2665],[88.35516,25.26743],[88.35701,25.26783],[88.35687,25.27014],[88.35768,25.27246],[88.35752,25.2744],[88.355,25.2751],[88.35685,25.2793],[88.35308,25.27982],[88.35309,25.28113],[88.35598,25.28277],[88.35625,25.28469],[88.35682,25.28547],[88.35915,25.28547],[88.35926,25.2871],[88.35356,25.28826],[88.34955,25.28835],[88.3496,25.28916],[88.35041,25.28924],[88.34989,25.29026],[88.34793,25.29037],[88.34744,25.28965],[88.34653,25.29097],[88.34889,25.29169],[88.35013,25.29287],[88.35324,25.29606],[88.35309,25.29699],[88.35428,25.29732],[88.35487,25.29811],[88.35512,25.29973],[88.35596,25.30013],[88.35928,25.29687],[88.36153,25.29389],[88.36189,25.29109],[88.37216,25.28888],[88.37973,25.28885],[88.38295,25.29121],[88.38472,25.29597],[88.38666,25.29573],[88.38868,25.29817],[88.39023,25.29789],[88.39305,25.30298],[88.3945,25.3029],[88.39493,25.30225],[88.39943,25.29341],[88.40557,25.29441],[88.40676,25.29564],[88.41162,25.29662],[88.41023,25.29412],[88.41093,25.29368],[88.41318,25.29395],[88.41346,25.29042],[88.4117,25.28795],[88.41117,25.28519],[88.40745,25.28523],[88.40569,25.28336],[88.40714,25.28164],[88.40846,25.28222],[88.40957,25.28181],[88.40838,25.2785],[88.40855,25.27759],[88.40979,25.27796],[88.41123,25.27932],[88.4114,25.27771],[88.40986,25.27605],[88.40886,25.27548],[88.40662,25.27615],[88.40578,25.275],[88.40604,25.27324],[88.40949,25.27394],[88.41035,25.27254],[88.41019,25.27193],[88.40889,25.27053],[88.40667,25.26462],[88.4043,25.26404],[88.40244,25.26426],[88.40007,25.26587],[88.39874,25.26521],[88.39815,25.26426],[88.39879,25.26237],[88.40156,25.26273],[88.40196,25.26231],[88.40042,25.25863],[88.39786,25.25449],[88.3944,25.2522],[88.3949,25.24971],[88.39463,25.24931],[88.39237,25.24901],[88.39006,25.24658],[88.3901,25.24386],[88.38968,25.24261],[88.38701,25.23876],[88.38257,25.23659],[88.37893,25.23621],[88.37618,25.23811],[88.3726,25.23678],[88.37152,25.23744],[88.37041,25.23718],[88.36959,25.23757],[88.371,25.24135],[88.3621,25.24573],[88.36154,25.24719],[88.36026,25.2477],[88.36007,25.2459],[88.35891,25.24491],[88.35652,25.24067],[88.35506,25.24081],[88.3548,25.24027],[88.35281,25.241],[88.3553,25.2446],[88.35442,25.24546],[88.35252,25.24556],[88.35252,25.24949],[88.355,25.2498],[88.35566,25.25108]],[[88.37393,25.27738],[88.3731,25.27693],[88.37301,25.27556],[88.37327,25.27511],[88.37432,25.27499],[88.37424,25.27045],[88.37633,25.26944],[88.38609,25.26798],[88.38641,25.27176],[88.38122,25.27285],[88.37774,25.27441],[88.37598,25.27538],[88.37557,25.27679],[88.37393,25.27738]]]}},{"type":"Feature","bbox":[87.9801,25.34256,88.04387,25.41117],"properties":{"kind":"gp","gp":"Chanchol","block":"Chanchal-I","lgd":109864},"geometry":{"type":"Polygon","coordinates":[[[88.01609,25.34899],[88.01537,25.34912],[88.01409,25.34583],[88.01289,25.34541],[88.01142,25.34256],[88.00749,25.34336],[88.00728,25.34452],[88.00662,25.34465],[88.00657,25.34394],[88.00594,25.34378],[87.99536,25.3448],[87.99031,25.34684],[87.99009,25.34594],[87.98891,25.34605],[87.98899,25.3483],[87.98592,25.3478],[87.98607,25.35379],[87.98732,25.35488],[87.98593,25.35697],[87.98712,25.358],[87.9876,25.36013],[87.99666,25.36086],[87.99591,25.36179],[87.99693,25.36376],[87.99593,25.364],[87.99449,25.36528],[87.99415,25.36606],[87.99466,25.36804],[87.99186,25.37093],[87.99111,25.37255],[87.99222,25.37407],[87.9997,25.37568],[88.00082,25.37538],[88.00345,25.37631],[88.00578,25.37623],[88.0058,25.36953],[88.00911,25.36915],[88.01186,25.36971],[88.00984,25.37647],[88.00959,25.38002],[88.0084,25.38333],[88.0047,25.38631],[88.00495,25.38761],[88.00704,25.38902],[88.00527,25.38922],[88.00455,25.38861],[88.00028,25.39022],[87.99942,25.38986],[87.99556,25.39162],[87.99298,25.39337],[87.99311,25.39476],[87.99223,25.39495],[87.99099,25.3941],[87.98778,25.39412],[87.98759,25.39293],[87.98355,25.38954],[87.98396,25.38854],[87.98251,25.38871],[87.9821,25.39022],[87.98052,25.39015],[87.9801,25.3908],[87.98098,25.39119],[87.98112,25.39262],[87.98229,25.39409],[87.98247,25.39528],[87.98373,25.39565],[87.98431,25.39764],[87.98282,25.3991],[87.9836,25.40297],[87.9842,25.40362],[87.98552,25.40297],[87.99102,25.40272],[87.99185,25.40119],[87.99256,25.40089],[87.99291,25.40282],[87.99466,25.40234],[87.99507,25.40669],[87.99596,25.40657],[87.99651,25.40706],[87.99663,25.40816],[87.99875,25.40776],[87.99891,25.40888],[88.00072,25.40888],[88.00082,25.41046],[88.00223,25.41094],[88.00379,25.41117],[88.00486,25.41064],[88.00662,25.40812],[88.00954,25.40881],[88.01,25.40777],[88.00976,25.40624],[88.01093,25.40407],[88.01424,25.40388],[88.01473,25.405],[88.01776,25.40441],[88.01821,25.40396],[88.02733,25.40305],[88.02603,25.39946],[88.0246,25.3987],[88.02372,25.38598],[88.02283,25.38661],[88.02156,25.38621],[88.0211,25.38465],[88.0218,25.38426],[88.02163,25.38278],[88.0209,25.38111],[88.01631,25.38072],[88.01553,25.3776],[88.0229,25.37731],[88.0235,25.37611],[88.02565,25.37622],[88.03726,25.37228],[88.03285,25.36519],[88.03295,25.36367],[88.03559,25.36354],[88.03505,25.36066],[88.03829,25.35957],[88.03845,25.3581],[88.03973,25.3579],[88.03914,25.35645],[88.04075,25.35603],[88.04229,25.3565],[88.04184,25.35454],[88.04387,25.35385],[88.04378,25.35175],[88.04103,25.3488],[88.04106,25.34752],[88.04004,25.34782],[88.03944,25.34653],[88.03348,25.34733],[88.03349,25.3487],[88.03101,25.34898],[88.03032,25.34658],[88.02556,25.34797],[88.02611,25.34873],[88.02334,25.35312],[88.01965,25.35246],[88.01641,25.35282],[88.01609,25.34899]]]}},{"type":"Feature","bbox":[87.96629,25.16257,88.03031,25.2335],"properties":{"kind":"gp","gp":"Chandmoni-I","block":"Ratua-I","lgd":109987},"geometry":{"type":"Polygon","coordinates":[[[87.98804,25.17651],[87.98702,25.17421],[87.98685,25.17065],[87.98605,25.16907],[87.9868,25.16777],[87.98951,25.16616],[87.99067,25.16479],[87.98815,25.16287],[87.98703,25.16257],[87.97967,25.16567],[87.97527,25.16649],[87.9751,25.16749],[87.97688,25.17238],[87.97651,25.17382],[87.9752,25.17499],[87.97389,25.17322],[87.96669,25.17296],[87.96629,25.17392],[87.96826,25.17566],[87.97494,25.17882],[87.97475,25.18092],[87.97404,25.18211],[87.97653,25.18576],[87.97598,25.18736],[87.97673,25.18832],[87.97757,25.18854],[87.97851,25.18797],[87.97921,25.18966],[87.97596,25.1914],[87.97685,25.19172],[87.97586,25.19361],[87.97672,25.19549],[87.97628,25.19655],[87.97674,25.19942],[87.97538,25.19985],[87.97442,25.20085],[87.97412,25.20333],[87.97058,25.20649],[87.97054,25.20874],[87.96948,25.20944],[87.97056,25.20981],[87.96888,25.21155],[87.96951,25.2121],[87.96976,25.21386],[87.9706,25.21414],[87.97219,25.21662],[87.97332,25.22008],[87.97488,25.22215],[87.97576,25.2221],[87.9771,25.22386],[87.97695,25.22452],[87.97814,25.22514],[87.97896,25.22494],[87.97953,25.22607],[87.9809,25.22658],[87.98437,25.22672],[87.9862,25.23171],[87.98741,25.23244],[87.98999,25.22948],[87.9905,25.22956],[87.99211,25.22816],[87.99284,25.22933],[87.99398,25.22922],[87.99405,25.22964],[87.99751,25.22888],[87.99876,25.23349],[88.00259,25.2335],[88.00627,25.23194],[88.01081,25.23155],[88.01157,25.23115],[88.01007,25.22923],[88.01113,25.22766],[88.01341,25.22733],[88.01471,25.22172],[88.01789,25.22025],[88.01758,25.2189],[88.01806,25.21788],[88.01893,25.21705],[88.02128,25.21619],[88.02121,25.2152],[88.02063,25.21471],[88.0183,25.21499],[88.01746,25.21404],[88.0191,25.21222],[88.02011,25.21212],[88.02169,25.21314],[88.02408,25.21155],[88.03031,25.2097],[88.02982,25.20836],[88.02709,25.20826],[88.02647,25.20645],[88.02613,25.20175],[88.02704,25.20072],[88.026,25.19758],[88.02718,25.19578],[88.02511,25.18918],[88.02301,25.1896],[88.02183,25.1884],[88.01908,25.18787],[88.01422,25.19043],[88.01363,25.18934],[88.01364,25.18808],[88.01477,25.1855],[88.01502,25.1836],[88.01626,25.18133],[88.01539,25.18065],[88.01026,25.17975],[88.00541,25.17727],[88.00242,25.17817],[88.00175,25.17915],[87.99988,25.18029],[87.99673,25.1814],[87.99598,25.18113],[87.99543,25.1797],[87.99233,25.1795],[87.99123,25.17809],[87.98917,25.17839],[87.98906,25.17661],[87.98804,25.17651]]]}},{"type":"Feature","bbox":[87.98741,25.20072,88.06493,25.25487],"properties":{"kind":"gp","gp":"Chandmoni-Ii","block":"Ratua-I","lgd":109988},"geometry":{"type":"Polygon","coordinates":[[[88.06367,25.21518],[88.05909,25.21405],[88.05638,25.21503],[88.0492,25.21588],[88.04716,25.21567],[88.04288,25.21412],[88.03878,25.21108],[88.03618,25.2085],[88.03414,25.20756],[88.02832,25.2065],[88.02779,25.20553],[88.02755,25.20098],[88.02704,25.20072],[88.02613,25.20175],[88.02608,25.20317],[88.02709,25.20826],[88.02982,25.20836],[88.03031,25.2097],[88.02408,25.21155],[88.02169,25.21314],[88.02011,25.21212],[88.0191,25.21222],[88.01746,25.21404],[88.0183,25.21499],[88.02063,25.21471],[88.02121,25.2152],[88.02128,25.21619],[88.01893,25.21705],[88.01806,25.21788],[88.01758,25.2189],[88.01789,25.22025],[88.01471,25.22172],[88.01341,25.22733],[88.01113,25.22766],[88.01007,25.22923],[88.01157,25.23115],[88.00627,25.23194],[88.00259,25.2335],[87.99876,25.23349],[87.99751,25.22888],[87.99405,25.22964],[87.99398,25.22922],[87.99284,25.22933],[87.99211,25.22816],[87.9905,25.22956],[87.98999,25.22948],[87.98741,25.23244],[87.98929,25.23455],[87.99024,25.23723],[87.99349,25.23837],[87.99464,25.24125],[87.99628,25.2409],[87.99765,25.24146],[87.999,25.24097],[88.00019,25.24121],[88.00035,25.24041],[88.00098,25.24095],[88.00742,25.23931],[88.00738,25.23868],[88.00864,25.23809],[88.01066,25.23799],[88.01133,25.23701],[88.01218,25.23739],[88.01317,25.23702],[88.01354,25.23773],[88.01413,25.23754],[88.01484,25.23607],[88.01843,25.23657],[88.01892,25.23701],[88.01868,25.23996],[88.01905,25.24213],[88.02002,25.24444],[88.02209,25.248],[88.02481,25.2488],[88.02492,25.25043],[88.02589,25.25282],[88.02813,25.25334],[88.02864,25.25394],[88.03092,25.25366],[88.03143,25.25447],[88.03275,25.25487],[88.03694,25.2548],[88.04021,25.25408],[88.04322,25.25293],[88.04108,25.24811],[88.04339,25.24679],[88.04453,25.24573],[88.04462,25.24504],[88.04737,25.24401],[88.04764,25.24095],[88.04815,25.24035],[88.04898,25.24041],[88.04887,25.23931],[88.04971,25.23875],[88.05111,25.23899],[88.0522,25.23725],[88.05177,25.23707],[88.0528,25.2336],[88.04938,25.23195],[88.0455,25.23183],[88.04523,25.22683],[88.04543,25.22478],[88.04597,25.22386],[88.05029,25.22002],[88.05848,25.21754],[88.06422,25.21724],[88.06493,25.21674],[88.06367,25.21518]]]}},{"type":"Feature","bbox":[88.31423,25.12391,88.46132,25.24935],"properties":{"kind":"gp","gp":"Chandpur","block":"Bamongola","lgd":109857},"geometry":{"type":"MultiPolygon","coordinates":[[[[88.40016,25.16371],[88.39959,25.16244],[88.39739,25.16121],[88.39613,25.15965],[88.39247,25.15915],[88.39103,25.15941],[88.39105,25.15867],[88.38901,25.15624],[88.3874,25.15694],[88.38624,25.1584],[88.38461,25.15881],[88.38321,25.15995],[88.38261,25.16246],[88.38166,25.16223],[88.38163,25.16293],[88.38546,25.16481],[88.38163,25.16882],[88.3823,25.16875],[88.38272,25.16939],[88.38463,25.1751],[88.38623,25.17524],[88.38491,25.17657],[88.38489,25.17722],[88.38384,25.17719],[88.38377,25.17896],[88.38264,25.17963],[88.38341,25.18421],[88.38673,25.18989],[88.3854,25.19084],[88.38607,25.19293],[88.38583,25.1957],[88.38531,25.19661],[88.38823,25.19736],[88.39516,25.19621],[88.39556,25.19671],[88.40022,25.19787],[88.4021,25.19728],[88.40325,25.19544],[88.4035,25.19368],[88.40735,25.19149],[88.40812,25.19028],[88.40875,25.18759],[88.40982,25.187],[88.41013,25.18592],[88.41336,25.18399],[88.41649,25.18484],[88.41727,25.1878],[88.41872,25.18792],[88.421,25.18725],[88.42144,25.1883],[88.42428,25.19011],[88.42464,25.19232],[88.42611,25.19277],[88.42812,25.19426],[88.42814,25.19511],[88.43036,25.1963],[88.43112,25.19815],[88.43253,25.19851],[88.4368,25.19718],[88.43792,25.19742],[88.43832,25.1969],[88.44022,25.19827],[88.44088,25.19976],[88.44179,25.19968],[88.44325,25.1949],[88.4421,25.19014],[88.44284,25.18783],[88.44185,25.18462],[88.44381,25.1819],[88.44391,25.18108],[88.44544,25.18015],[88.44437,25.17798],[88.44186,25.17527],[88.44205,25.17434],[88.44252,25.17359],[88.44877,25.17184],[88.44973,25.16987],[88.44945,25.16976],[88.45277,25.16375],[88.45723,25.16462],[88.4564,25.16266],[88.45639,25.1611],[88.4573,25.16053],[88.4594,25.16097],[88.45977,25.16062],[88.45704,25.15308],[88.46012,25.15203],[88.46132,25.14926],[88.45751,25.14785],[88.45938,25.14525],[88.46089,25.14451],[88.45996,25.14363],[88.46049,25.14079],[88.46,25.13878],[88.4594,25.139],[88.45874,25.1402],[88.45701,25.13941],[88.45686,25.13866],[88.45866,25.13557],[88.45705,25.13479],[88.45669,25.13402],[88.45495,25.13399],[88.454,25.13242],[88.4526,25.13176],[88.45094,25.13178],[88.45083,25.13076],[88.44831,25.13087],[88.44756,25.12981],[88.44745,25.12807],[88.44485,25.12756],[88.44201,25.12774],[88.44149,25.12847],[88.44025,25.12812],[88.43919,25.12501],[88.43821,25.12391],[88.43626,25.12527],[88.43755,25.12913],[88.43286,25.13175],[88.42863,25.13545],[88.42791,25.13662],[88.42791,25.13807],[88.43095,25.14375],[88.43117,25.14567],[88.43061,25.14676],[88.42955,25.14673],[88.42896,25.1473],[88.42945,25.14825],[88.42935,25.15002],[88.42853,25.1529],[88.41908,25.15332],[88.41735,25.15292],[88.41533,25.15409],[88.4099,25.15467],[88.40892,25.15741],[88.40562,25.15955],[88.40553,25.16151],[88.40726,25.16483],[88.40613,25.1648],[88.40365,25.16588],[88.40016,25.16371]]],[[[88.31423,25.24677],[88.31525,25.24684],[88.3153,25.24752],[88.31711,25.24842],[88.31732,25.24935],[88.32178,25.24717],[88.32182,25.2478],[88.32429,25.24707],[88.32421,25.24589],[88.32572,25.24438],[88.32674,25.24136],[88.32471,25.23499],[88.32304,25.23614],[88.32317,25.23706],[88.32271,25.23778],[88.31894,25.23835],[88.31883,25.23879],[88.31648,25.23879],[88.31712,25.24063],[88.31649,25.24222],[88.31523,25.2431],[88.31423,25.24677]]]]}},{"type":"Feature","bbox":[88.07311,25.27669,88.23871,25.38727],"properties":{"kind":"gp","gp":"Chandrapara","block":"Chanchal-II","lgd":109871},"geometry":{"type":"MultiPolygon","coordinates":[[[[88.23814,25.30453],[88.23871,25.30366],[88.2381,25.30338],[88.23671,25.30407],[88.23624,25.30328],[88.23717,25.30277],[88.23758,25.30155],[88.23611,25.30031],[88.23733,25.29878],[88.23607,25.29822],[88.23597,25.29732],[88.22701,25.29954],[88.22355,25.30134],[88.2189,25.30183],[88.21635,25.30297],[88.21483,25.30423],[88.21698,25.30592],[88.21754,25.30782],[88.22089,25.31174],[88.22719,25.30966],[88.23814,25.30453]]],[[[88.10477,25.29098],[88.10204,25.28908],[88.10183,25.28834],[88.10861,25.28665],[88.10915,25.28616],[88.10684,25.28218],[88.1062,25.28012],[88.10397,25.27669],[88.10173,25.27702],[88.10119,25.278],[88.0993,25.27902],[88.09718,25.27926],[88.09559,25.27832],[88.09284,25.27823],[88.09164,25.27767],[88.07878,25.27864],[88.07398,25.27843],[88.07663,25.28776],[88.07669,25.29314],[88.076,25.29475],[88.07311,25.29838],[88.07428,25.30274],[88.07738,25.30636],[88.07968,25.31208],[88.08078,25.32051],[88.08162,25.32133],[88.08508,25.32194],[88.08537,25.32359],[88.08486,25.32448],[88.08516,25.32571],[88.08028,25.32601],[88.07675,25.32725],[88.07726,25.32823],[88.08129,25.3287],[88.08205,25.32995],[88.0737,25.33144],[88.07363,25.33257],[88.07576,25.33241],[88.07812,25.33142],[88.08113,25.33276],[88.08135,25.33625],[88.08277,25.33997],[88.08248,25.342],[88.08064,25.34206],[88.08145,25.34468],[88.08083,25.34615],[88.08124,25.3474],[88.08074,25.34814],[88.0804,25.35126],[88.08072,25.35345],[88.07935,25.35391],[88.07994,25.35587],[88.08038,25.356],[88.08015,25.35973],[88.08053,25.35996],[88.08269,25.35809],[88.08571,25.35713],[88.08808,25.35726],[88.09056,25.35853],[88.09297,25.35767],[88.0941,25.35966],[88.09338,25.36009],[88.09375,25.36212],[88.0918,25.36347],[88.09165,25.36619],[88.09333,25.3661],[88.09395,25.36677],[88.09302,25.36975],[88.09129,25.37005],[88.0897,25.37153],[88.09012,25.3722],[88.08939,25.37419],[88.09061,25.37483],[88.09158,25.37386],[88.09269,25.37371],[88.09588,25.38383],[88.09428,25.38395],[88.09327,25.38489],[88.09446,25.38553],[88.09516,25.3871],[88.099,25.38727],[88.09909,25.38096],[88.10271,25.38052],[88.10456,25.37857],[88.10973,25.37661],[88.11212,25.37396],[88.11537,25.37186],[88.118,25.37103],[88.11839,25.37015],[88.11772,25.36869],[88.11777,25.36665],[88.11711,25.36592],[88.11736,25.36495],[88.11866,25.36511],[88.12145,25.36707],[88.12192,25.36606],[88.12218,25.36046],[88.12107,25.35654],[88.12179,25.35501],[88.12195,25.35313],[88.11781,25.35031],[88.11625,25.35051],[88.11492,25.34837],[88.11584,25.34661],[88.11889,25.34379],[88.11998,25.34162],[88.11732,25.34019],[88.11525,25.33807],[88.11335,25.33253],[88.10904,25.32804],[88.10825,25.32664],[88.1082,25.32523],[88.10874,25.32194],[88.10856,25.3199],[88.11176,25.31875],[88.11137,25.31612],[88.1125,25.31585],[88.11436,25.31265],[88.11608,25.31181],[88.11714,25.31241],[88.11808,25.31226],[88.1178,25.31005],[88.12223,25.30902],[88.12358,25.30812],[88.1239,25.29896],[88.12498,25.29794],[88.12634,25.29781],[88.12559,25.29293],[88.12271,25.29278],[88.12037,25.29372],[88.11319,25.29391],[88.10895,25.29474],[88.10597,25.29248],[88.10477,25.29098]]]]}},{"type":"Feature","bbox":[88.03814,24.75073,88.09695,24.80414],"properties":{"kind":"gp","gp":"Charianantapur","block":"Kaliachak-III","lgd":109959},"geometry":{"type":"Polygon","coordinates":[[[88.07455,24.76075],[88.07056,24.7562],[88.06881,24.75315],[88.06578,24.75073],[88.05558,24.75715],[88.0589,24.76182],[88.05359,24.76596],[88.05148,24.76434],[88.05068,24.76455],[88.04876,24.76361],[88.04512,24.76443],[88.04059,24.76408],[88.03972,24.76446],[88.03814,24.76795],[88.03931,24.77599],[88.04061,24.77962],[88.04503,24.78289],[88.04726,24.7854],[88.04829,24.78885],[88.0469,24.78956],[88.04785,24.79303],[88.04683,24.79377],[88.0513,24.79737],[88.05773,24.79391],[88.05851,24.79476],[88.06244,24.79206],[88.06535,24.79478],[88.07117,24.79199],[88.07461,24.79615],[88.07543,24.79624],[88.07586,24.79727],[88.07797,24.79851],[88.07981,24.79896],[88.08154,24.80022],[88.08192,24.79982],[88.08344,24.80045],[88.08962,24.79924],[88.09026,24.80069],[88.09192,24.80233],[88.09493,24.80382],[88.09695,24.80414],[88.09608,24.80148],[88.09434,24.79845],[88.09476,24.79762],[88.09423,24.79685],[88.09322,24.79695],[88.09201,24.79186],[88.08907,24.78631],[88.08797,24.78305],[88.08887,24.78268],[88.07948,24.77097],[88.07787,24.7691],[88.0752,24.77028],[88.07245,24.77296],[88.06831,24.76915],[88.07111,24.76778],[88.06889,24.76378],[88.07455,24.76075]]]}},{"type":"Feature","bbox":[87.93524,25.05187,87.99995,25.11083],"properties":{"kind":"gp","gp":"Chowki Mirdadpur","block":"Ratua-II","lgd":109967},"geometry":{"type":"Polygon","coordinates":[[[87.97666,25.06004],[87.97722,25.05909],[87.97763,25.05529],[87.97887,25.05368],[87.97521,25.05354],[87.97466,25.05283],[87.97317,25.05278],[87.96734,25.05524],[87.96472,25.05755],[87.96347,25.05406],[87.96375,25.05187],[87.96298,25.05237],[87.96003,25.05722],[87.95805,25.05727],[87.95741,25.0599],[87.95516,25.06428],[87.95429,25.06511],[87.95216,25.06471],[87.95102,25.06599],[87.94911,25.0668],[87.94746,25.06689],[87.94573,25.07001],[87.94178,25.07325],[87.94122,25.07463],[87.94177,25.07559],[87.94685,25.07573],[87.94483,25.08056],[87.94601,25.08428],[87.9444,25.08584],[87.93998,25.08707],[87.93996,25.08781],[87.93943,25.08819],[87.93672,25.08877],[87.93524,25.09173],[87.93693,25.09435],[87.94009,25.09685],[87.943,25.10046],[87.94816,25.10432],[87.9502,25.10454],[87.95235,25.10646],[87.95344,25.10819],[87.9547,25.10797],[87.95706,25.10659],[87.95979,25.10432],[87.96073,25.10478],[87.96661,25.09957],[87.96727,25.09946],[87.96913,25.09982],[87.96851,25.10545],[87.96917,25.10562],[87.97092,25.10901],[87.97433,25.10758],[87.97589,25.10636],[87.97926,25.10832],[87.98592,25.10965],[87.98599,25.1107],[87.98802,25.11083],[87.9896,25.10716],[87.99046,25.10658],[87.99072,25.10486],[87.99132,25.10407],[87.99595,25.1035],[87.99995,25.10214],[87.99508,25.09777],[87.98859,25.08979],[87.98843,25.08542],[87.98772,25.08454],[87.9864,25.07888],[87.98571,25.07724],[87.98509,25.07704],[87.98582,25.07437],[87.98203,25.07434],[87.98142,25.07208],[87.97946,25.06842],[87.97544,25.066],[87.97664,25.06199],[87.97666,25.06004]],[[87.95616,25.06885],[87.95909,25.06906],[87.9624,25.07016],[87.96088,25.07175],[87.9593,25.0716],[87.95817,25.07235],[87.95604,25.07228],[87.95495,25.07108],[87.95355,25.071],[87.95306,25.06998],[87.95357,25.06868],[87.95548,25.0682],[87.95616,25.06885]]]}},{"type":"Feature","bbox":[87.79547,25.05727,87.87407,25.16002],"properties":{"kind":"gp","gp":"Dakshin Chandipur","block":"Manikchak","lgd":109968},"geometry":{"type":"Polygon","coordinates":[[[87.87199,25.08974],[87.87386,25.08032],[87.87407,25.07569],[87.87324,25.07217],[87.8723,25.07217],[87.87208,25.07142],[87.87268,25.07027],[87.87248,25.06871],[87.87085,25.06665],[87.86899,25.05727],[87.84799,25.06285],[87.84589,25.06058],[87.82914,25.06683],[87.81362,25.07069],[87.80798,25.07165],[87.80579,25.07265],[87.80454,25.07451],[87.80237,25.08289],[87.79547,25.09189],[87.80608,25.09327],[87.80636,25.09698],[87.80508,25.09818],[87.80639,25.10148],[87.80615,25.10541],[87.80739,25.11433],[87.80796,25.11548],[87.80839,25.12114],[87.80637,25.12138],[87.81108,25.12375],[87.81282,25.12522],[87.81458,25.12817],[87.81479,25.13176],[87.81445,25.13329],[87.81258,25.13703],[87.81082,25.13911],[87.81092,25.13966],[87.81151,25.13982],[87.8142,25.13832],[87.81428,25.13913],[87.81585,25.1405],[87.81763,25.1379],[87.81843,25.13872],[87.82105,25.14245],[87.82247,25.14665],[87.82345,25.15493],[87.82439,25.1573],[87.82512,25.15801],[87.8329,25.15973],[87.83384,25.15963],[87.83514,25.1583],[87.84277,25.16002],[87.84686,25.15871],[87.8478,25.15052],[87.84866,25.14746],[87.8504,25.14389],[87.85088,25.14308],[87.85206,25.14257],[87.85206,25.13899],[87.85345,25.13448],[87.85827,25.1297],[87.86302,25.12396],[87.8651,25.1236],[87.86559,25.12308],[87.8683,25.11232],[87.87007,25.11102],[87.87254,25.10055],[87.87255,25.09252],[87.87199,25.08974]]]}},{"type":"Feature","bbox":[87.87102,25.33923,87.96323,25.39624],"properties":{"kind":"gp","gp":"Daulatpur","block":"Harishchandrapur-II","lgd":109921},"geometry":{"type":"Polygon","coordinates":[[[87.93479,25.35605],[87.9335,25.35528],[87.93272,25.35612],[87.93206,25.35612],[87.93185,25.35494],[87.92942,25.35278],[87.92667,25.35305],[87.92605,25.35249],[87.92405,25.34738],[87.92131,25.34613],[87.92154,25.3446],[87.9233,25.34176],[87.92376,25.33975],[87.92228,25.34012],[87.91815,25.33923],[87.91741,25.34066],[87.91325,25.34129],[87.91275,25.342],[87.90761,25.34258],[87.90731,25.34384],[87.90565,25.34381],[87.90349,25.34471],[87.90257,25.34559],[87.90373,25.34722],[87.90525,25.35149],[87.90029,25.35242],[87.89918,25.35222],[87.89829,25.35137],[87.89751,25.34916],[87.89565,25.34737],[87.89203,25.34786],[87.88415,25.34732],[87.88235,25.35093],[87.87981,25.35242],[87.87911,25.3524],[87.87827,25.35449],[87.87439,25.3559],[87.87415,25.35869],[87.87106,25.36015],[87.87102,25.3607],[87.8718,25.36139],[87.87196,25.36322],[87.87305,25.36447],[87.87367,25.36707],[87.87312,25.37149],[87.87447,25.37257],[87.87976,25.37074],[87.88011,25.36982],[87.88049,25.36996],[87.88087,25.37088],[87.88152,25.37096],[87.8816,25.37211],[87.88232,25.3727],[87.88253,25.3739],[87.88315,25.37407],[87.8837,25.37636],[87.88208,25.37701],[87.88187,25.37823],[87.88225,25.37895],[87.8841,25.37906],[87.88552,25.3782],[87.88553,25.37914],[87.88279,25.38038],[87.88307,25.38121],[87.88601,25.38164],[87.88776,25.384],[87.88931,25.38445],[87.89024,25.38387],[87.89032,25.38204],[87.8922,25.38026],[87.89391,25.38122],[87.8964,25.37963],[87.89754,25.37967],[87.89824,25.38043],[87.89828,25.38189],[87.89886,25.38223],[87.89945,25.3821],[87.90079,25.37983],[87.9013,25.37985],[87.90198,25.38128],[87.90336,25.38111],[87.90321,25.37944],[87.90373,25.37821],[87.90463,25.37774],[87.90548,25.37812],[87.90945,25.37813],[87.91479,25.37629],[87.91642,25.37647],[87.91949,25.37841],[87.92115,25.37837],[87.92203,25.37912],[87.9225,25.38055],[87.92229,25.38098],[87.91939,25.38171],[87.91858,25.38422],[87.9192,25.38534],[87.92083,25.3863],[87.9212,25.38849],[87.92196,25.38965],[87.91951,25.39193],[87.91896,25.39337],[87.91993,25.3949],[87.92245,25.39524],[87.92527,25.39458],[87.92568,25.39382],[87.9252,25.39279],[87.92357,25.39099],[87.92421,25.38954],[87.92479,25.38982],[87.92527,25.391],[87.92827,25.39259],[87.92999,25.39125],[87.92984,25.39025],[87.93246,25.38718],[87.93217,25.38683],[87.93258,25.38607],[87.93443,25.38703],[87.93708,25.38936],[87.94199,25.38669],[87.94322,25.38762],[87.94356,25.3886],[87.94211,25.38836],[87.94176,25.38869],[87.94181,25.391],[87.94269,25.39101],[87.94319,25.39161],[87.9444,25.39543],[87.94606,25.39624],[87.9531,25.39504],[87.9525,25.39287],[87.95066,25.39315],[87.9505,25.39258],[87.96029,25.38999],[87.95985,25.38756],[87.95662,25.38314],[87.95773,25.37876],[87.95636,25.37655],[87.95661,25.37581],[87.95819,25.37493],[87.96161,25.37152],[87.96323,25.37068],[87.96309,25.37006],[87.9606,25.36764],[87.9574,25.36711],[87.95616,25.36592],[87.95039,25.36902],[87.94373,25.37148],[87.94266,25.37121],[87.94182,25.37069],[87.94075,25.36583],[87.93794,25.3622],[87.93646,25.36122],[87.93501,25.35776],[87.93479,25.35605]]]}},{"type":"Feature","bbox":[87.85702,25.20327,88.1973,25.28345],"properties":{"kind":"gp","gp":"Debipur","block":"Ratua-I","lgd":109989},"geometry":{"type":"MultiPolygon","coordinates":[[[[88.18311,25.23627],[88.18498,25.23468],[88.1864,25.23417],[88.19216,25.23337],[88.19218,25.23255],[88.19318,25.23219],[88.19347,25.22993],[88.19445,25.22919],[88.19351,25.22831],[88.19362,25.22768],[88.19421,25.22672],[88.19695,25.22607],[88.19662,25.22547],[88.1973,25.22475],[88.19511,25.22137],[88.19473,25.2199],[88.19406,25.21974],[88.19216,25.22097],[88.1867,25.22119],[88.18751,25.22009],[88.1866,25.21834],[88.18547,25.21796],[88.18459,25.219],[88.18493,25.22091],[88.18597,25.22229],[88.18646,25.22426],[88.18696,25.22872],[88.18522,25.22994],[88.17999,25.23208],[88.1809,25.23259],[88.17919,25.23561],[88.18003,25.23606],[88.18311,25.23627]]],[[[87.8823,25.23276],[87.88275,25.23552],[87.88251,25.23768],[87.88062,25.23889],[87.87793,25.24407],[87.87914,25.24658],[87.87912,25.24768],[87.8774,25.24814],[87.87509,25.24961],[87.87613,25.25145],[87.87446,25.25205],[87.8754,25.25306],[87.8772,25.25685],[87.87401,25.25743],[87.87665,25.25918],[87.87707,25.26171],[87.87476,25.2611],[87.87469,25.26074],[87.86413,25.26138],[87.86351,25.26324],[87.86127,25.2643],[87.86161,25.26517],[87.86018,25.2653],[87.8601,25.26615],[87.85862,25.26695],[87.85702,25.26966],[87.86069,25.26963],[87.86104,25.27126],[87.86188,25.26945],[87.86606,25.2725],[87.87155,25.27406],[87.87394,25.27588],[87.8771,25.27655],[87.88011,25.27833],[87.88172,25.27862],[87.88268,25.27646],[87.88403,25.27491],[87.88531,25.27626],[87.8899,25.27494],[87.89149,25.27496],[87.89467,25.27361],[87.89533,25.27443],[87.89893,25.27583],[87.90081,25.27762],[87.90206,25.27894],[87.90349,25.28282],[87.90469,25.28345],[87.90599,25.28282],[87.90795,25.27821],[87.91142,25.2752],[87.91409,25.27137],[87.91288,25.26848],[87.91345,25.26661],[87.9132,25.26543],[87.9141,25.26414],[87.91637,25.26451],[87.91772,25.26589],[87.92107,25.26503],[87.92909,25.26584],[87.93625,25.26847],[87.93932,25.27065],[87.9396,25.27037],[87.94224,25.26227],[87.93486,25.26279],[87.92955,25.26422],[87.92912,25.26402],[87.92909,25.26266],[87.92768,25.2621],[87.92581,25.25958],[87.92184,25.25692],[87.91905,25.25581],[87.91524,25.25526],[87.91763,25.25294],[87.91719,25.25249],[87.91734,25.25096],[87.91969,25.25017],[87.92032,25.24919],[87.91978,25.24654],[87.91507,25.24411],[87.91354,25.24403],[87.91191,25.24522],[87.91114,25.24526],[87.91047,25.24424],[87.9124,25.2412],[87.90649,25.23959],[87.90855,25.23786],[87.90883,25.2357],[87.91003,25.23344],[87.91078,25.23319],[87.91248,25.2307],[87.91256,25.22833],[87.9124,25.22734],[87.90927,25.22656],[87.90848,25.22431],[87.90476,25.22235],[87.90357,25.22068],[87.90396,25.21951],[87.90683,25.21758],[87.90599,25.2129],[87.9119,25.21256],[87.91679,25.21331],[87.91793,25.21302],[87.9179,25.21255],[87.91991,25.21151],[87.91446,25.20461],[87.91015,25.20327],[87.90308,25.20358],[87.90311,25.2041],[87.9016,25.20502],[87.90051,25.20762],[87.89381,25.211],[87.88817,25.20998],[87.88729,25.20904],[87.88643,25.20485],[87.886,25.2045],[87.88289,25.20697],[87.88106,25.20958],[87.88289,25.21767],[87.88249,25.21952],[87.88266,25.23248],[87.8823,25.23276]],[[87.89672,25.24249],[87.8949,25.24222],[87.89327,25.24267],[87.89024,25.24576],[87.88864,25.24825],[87.88966,25.24977],[87.88854,25.2503],[87.88341,25.25081],[87.88033,25.25018],[87.88005,25.24858],[87.88213,25.24569],[87.88231,25.24411],[87.88332,25.24406],[87.88468,25.24283],[87.88507,25.24181],[87.88621,25.2415],[87.88681,25.23942],[87.89083,25.23877],[87.89026,25.23324],[87.88891,25.23384],[87.88954,25.23648],[87.88807,25.23671],[87.8878,25.23447],[87.88735,25.23414],[87.88782,25.2328],[87.88981,25.23144],[87.89706,25.23012],[87.89826,25.23163],[87.89984,25.23191],[87.89919,25.23247],[87.90026,25.23346],[87.89934,25.23356],[87.89935,25.23293],[87.89822,25.23326],[87.89722,25.23425],[87.89702,25.2363],[87.89608,25.23604],[87.89576,25.23511],[87.89592,25.23415],[87.89708,25.23336],[87.89674,25.23243],[87.89122,25.23261],[87.89153,25.239],[87.89184,25.23946],[87.89274,25.23915],[87.894,25.23714],[87.89692,25.23752],[87.89736,25.2387],[87.8963,25.23881],[87.89654,25.24031],[87.89759,25.24099],[87.89811,25.24348],[87.89769,25.24421],[87.89672,25.24249]]]]}},{"type":"Feature","bbox":[88.22945,25.23721,88.32441,25.31723],"properties":{"kind":"gp","gp":"Deotala","block":"Gazole","lgd":109893},"geometry":{"type":"Polygon","coordinates":[[[88.26064,25.23721],[88.25429,25.23842],[88.25396,25.24012],[88.253,25.24144],[88.25178,25.24176],[88.24905,25.24134],[88.24757,25.23999],[88.24656,25.24017],[88.24736,25.24131],[88.24593,25.24223],[88.24622,25.24339],[88.24265,25.24576],[88.24108,25.24628],[88.24215,25.24993],[88.24168,25.25194],[88.24231,25.25354],[88.24166,25.25489],[88.2423,25.25612],[88.24173,25.25647],[88.24235,25.25924],[88.24512,25.26495],[88.24354,25.26522],[88.24142,25.26645],[88.24155,25.26732],[88.24026,25.26764],[88.23978,25.2681],[88.24002,25.26852],[88.23888,25.2689],[88.24035,25.2744],[88.23993,25.27467],[88.24091,25.27861],[88.23991,25.27943],[88.24161,25.28214],[88.24115,25.28285],[88.24158,25.28382],[88.24114,25.28509],[88.24194,25.28605],[88.23582,25.28749],[88.23543,25.28826],[88.22945,25.28995],[88.23076,25.28994],[88.23084,25.29111],[88.23374,25.29296],[88.23499,25.29295],[88.23466,25.29565],[88.23518,25.29505],[88.24156,25.29395],[88.24628,25.29427],[88.24796,25.29497],[88.25145,25.29371],[88.25313,25.2937],[88.2536,25.29588],[88.25434,25.2963],[88.25812,25.2959],[88.25998,25.29736],[88.26256,25.29697],[88.265,25.29803],[88.26874,25.30052],[88.26909,25.30169],[88.27032,25.3016],[88.26988,25.30503],[88.27406,25.31723],[88.27486,25.31713],[88.27476,25.31589],[88.27787,25.31636],[88.288,25.31564],[88.28819,25.31482],[88.2875,25.3143],[88.28751,25.31225],[88.29096,25.31216],[88.29112,25.30888],[88.29438,25.30856],[88.29508,25.30622],[88.2965,25.30734],[88.3001,25.30695],[88.2998,25.29853],[88.30401,25.2988],[88.3061,25.30034],[88.30978,25.29906],[88.31036,25.29998],[88.31603,25.29973],[88.31789,25.30071],[88.32001,25.30014],[88.32003,25.2991],[88.32179,25.29911],[88.32267,25.29853],[88.32317,25.29569],[88.32435,25.29364],[88.3243,25.29177],[88.32314,25.28916],[88.32296,25.28755],[88.32375,25.28626],[88.32339,25.2851],[88.32441,25.28293],[88.32232,25.28223],[88.32099,25.28081],[88.31994,25.27813],[88.31705,25.27797],[88.31666,25.27867],[88.30945,25.28007],[88.3083,25.27471],[88.30784,25.27436],[88.30747,25.2699],[88.30622,25.26966],[88.30423,25.27052],[88.30373,25.26961],[88.30293,25.26953],[88.30268,25.27016],[88.30006,25.27037],[88.29749,25.27237],[88.29581,25.27246],[88.29484,25.27326],[88.29484,25.27544],[88.2934,25.27583],[88.29328,25.26382],[88.28427,25.26555],[88.28398,25.26456],[88.28267,25.26457],[88.28193,25.2633],[88.27801,25.26482],[88.2773,25.26318],[88.27579,25.2637],[88.27515,25.26286],[88.27238,25.26288],[88.27215,25.26152],[88.2692,25.26112],[88.26578,25.25918],[88.26432,25.25908],[88.26084,25.2568],[88.26028,25.25384],[88.26078,25.25126],[88.26201,25.25107],[88.26262,25.25147],[88.2627,25.25047],[88.26643,25.24821],[88.26631,25.24648],[88.26815,25.24544],[88.26849,25.24405],[88.26964,25.24356],[88.26804,25.24152],[88.26708,25.24139],[88.26642,25.24018],[88.2646,25.24034],[88.26064,25.23721]]]}},{"type":"Feature","bbox":[87.88172,25.25985,87.96567,25.31623],"properties":{"kind":"gp","gp":"Dhangara-Bishanpur","block":"Chanchal-II","lgd":109872},"geometry":{"type":"Polygon","coordinates":[[[87.95403,25.26137],[87.94913,25.26409],[87.9428,25.26201],[87.94224,25.26227],[87.94128,25.266],[87.93932,25.27065],[87.93625,25.26847],[87.92909,25.26584],[87.92107,25.26503],[87.91772,25.26589],[87.91637,25.26451],[87.9141,25.26414],[87.9132,25.26543],[87.91345,25.26661],[87.91288,25.26848],[87.91409,25.27137],[87.91142,25.2752],[87.90795,25.27821],[87.90599,25.28282],[87.90469,25.28345],[87.90349,25.28282],[87.90206,25.27894],[87.90081,25.27762],[87.89893,25.27583],[87.89533,25.27443],[87.89467,25.27361],[87.89149,25.27496],[87.8899,25.27494],[87.88531,25.27626],[87.88403,25.27491],[87.88268,25.27646],[87.88172,25.27862],[87.88512,25.28053],[87.88924,25.28204],[87.89183,25.28385],[87.89356,25.28592],[87.89695,25.29194],[87.89984,25.30067],[87.90304,25.30766],[87.90448,25.31027],[87.90782,25.3143],[87.91204,25.31575],[87.91957,25.31623],[87.92141,25.31607],[87.92379,25.31509],[87.92678,25.31573],[87.93195,25.31239],[87.93481,25.31161],[87.93388,25.30508],[87.93409,25.30201],[87.93051,25.30223],[87.92926,25.29988],[87.92869,25.29998],[87.92633,25.29678],[87.92389,25.29723],[87.92339,25.29667],[87.92346,25.29586],[87.92079,25.29297],[87.92471,25.29151],[87.92264,25.28789],[87.9279,25.28633],[87.92835,25.28756],[87.929,25.28749],[87.92931,25.28797],[87.92848,25.28829],[87.9307,25.29253],[87.9323,25.29196],[87.9333,25.29351],[87.93427,25.2937],[87.93611,25.29527],[87.93686,25.29531],[87.9378,25.2976],[87.9386,25.2976],[87.93871,25.29853],[87.94155,25.29801],[87.94161,25.29627],[87.94257,25.29524],[87.94243,25.29434],[87.9411,25.29441],[87.9392,25.29367],[87.93894,25.29308],[87.93966,25.29255],[87.9423,25.29234],[87.94225,25.29152],[87.9434,25.29146],[87.94356,25.2927],[87.95267,25.2929],[87.95166,25.28926],[87.95096,25.28785],[87.94812,25.28624],[87.94448,25.28533],[87.94045,25.28599],[87.94156,25.29042],[87.93803,25.29128],[87.93478,25.29315],[87.93349,25.29221],[87.93072,25.28564],[87.93055,25.28189],[87.93979,25.28265],[87.9443,25.28118],[87.94687,25.28095],[87.94781,25.28157],[87.94897,25.28075],[87.95183,25.28077],[87.95245,25.28167],[87.95555,25.28224],[87.95624,25.28354],[87.95762,25.28447],[87.96199,25.28459],[87.96305,25.28408],[87.96272,25.28279],[87.96337,25.28202],[87.9629,25.2796],[87.96374,25.2788],[87.96249,25.27554],[87.96217,25.27007],[87.96273,25.27004],[87.96355,25.26907],[87.96504,25.26896],[87.96548,25.26818],[87.96557,25.26453],[87.96459,25.26441],[87.96452,25.26386],[87.96567,25.2636],[87.96554,25.26154],[87.96515,25.26112],[87.96164,25.26164],[87.96129,25.26045],[87.95913,25.26091],[87.9586,25.25985],[87.95403,25.26137]]]}},{"type":"Feature","bbox":[87.8866,25.00118,87.96653,25.08615],"properties":{"kind":"gp","gp":"Dharampur","block":"Manikchak","lgd":109969},"geometry":{"type":"Polygon","coordinates":[[[87.9387,25.0231],[87.93641,25.02005],[87.93979,25.01733],[87.94056,25.01724],[87.9504,25.00806],[87.9522,25.00736],[87.95092,25.00387],[87.94496,25.00643],[87.93434,25.00829],[87.92966,25.01558],[87.92818,25.01677],[87.92305,25.01661],[87.92255,25.01607],[87.92305,25.01068],[87.91871,25.00118],[87.91546,25.00166],[87.89361,25.01251],[87.8866,25.02018],[87.89646,25.03073],[87.90376,25.02855],[87.90417,25.02792],[87.90512,25.0279],[87.90571,25.02703],[87.9073,25.02657],[87.90838,25.02547],[87.90935,25.02646],[87.91209,25.02553],[87.91005,25.03046],[87.91235,25.03253],[87.91212,25.03603],[87.9111,25.03577],[87.91114,25.03231],[87.90943,25.03214],[87.90878,25.03383],[87.90792,25.03395],[87.90757,25.03462],[87.90758,25.03617],[87.9083,25.0387],[87.90925,25.03921],[87.90955,25.04223],[87.90892,25.04209],[87.90858,25.04107],[87.90659,25.04142],[87.90616,25.04203],[87.90629,25.04377],[87.9186,25.04258],[87.91985,25.0428],[87.91457,25.05294],[87.9113,25.05598],[87.90965,25.05645],[87.90965,25.05844],[87.91246,25.06018],[87.91387,25.06168],[87.91392,25.06298],[87.91506,25.06389],[87.91102,25.06864],[87.91243,25.07045],[87.91305,25.07014],[87.91398,25.07081],[87.91284,25.07132],[87.91312,25.07222],[87.91256,25.07258],[87.91115,25.07199],[87.91093,25.0739],[87.90887,25.07543],[87.91199,25.0789],[87.91592,25.08181],[87.9225,25.08525],[87.92574,25.08615],[87.9407,25.08207],[87.94105,25.08098],[87.94059,25.08037],[87.94057,25.07772],[87.94178,25.07325],[87.94573,25.07001],[87.94533,25.06868],[87.94569,25.0681],[87.94451,25.06668],[87.94241,25.06577],[87.94194,25.06484],[87.93892,25.06533],[87.93907,25.06461],[87.9385,25.06448],[87.93815,25.06514],[87.93468,25.06386],[87.93442,25.06324],[87.93161,25.06343],[87.93137,25.0624],[87.93049,25.06217],[87.92973,25.06109],[87.93066,25.05989],[87.93224,25.06011],[87.93826,25.05937],[87.94375,25.05534],[87.9458,25.05447],[87.94949,25.05378],[87.95662,25.05632],[87.95805,25.05727],[87.96003,25.05722],[87.96298,25.05237],[87.96375,25.05187],[87.96653,25.04493],[87.95923,25.03879],[87.95776,25.0385],[87.9541,25.04075],[87.9529,25.04026],[87.9491,25.04068],[87.94569,25.04012],[87.94413,25.04025],[87.94413,25.04068],[87.94209,25.04066],[87.94372,25.03457],[87.94357,25.03105],[87.94301,25.03055],[87.9404,25.03043],[87.94079,25.02355],[87.9387,25.0231]]]}},{"type":"Feature","bbox":[88.27019,24.92521,88.36078,24.99679],"properties":{"kind":"gp","gp":"Dhumpur","block":"Habibpur","lgd":109907},"geometry":{"type":"MultiPolygon","coordinates":[[[[88.30082,24.94931],[88.30044,24.95112],[88.29926,24.95098],[88.29432,24.95281],[88.29367,24.95213],[88.29325,24.9525],[88.291,24.95243],[88.29077,24.95153],[88.28804,24.94944],[88.28717,24.94773],[88.28464,24.94784],[88.28244,24.94669],[88.27385,24.94692],[88.27019,24.94968],[88.27195,24.95174],[88.27172,24.95243],[88.27319,24.95653],[88.27331,24.95979],[88.27392,24.96065],[88.27341,24.96147],[88.27478,24.9617],[88.27672,24.96377],[88.27468,24.97175],[88.27702,24.97225],[88.277,24.97394],[88.27764,24.9753],[88.27829,24.97611],[88.27958,24.97604],[88.28057,24.97844],[88.28034,24.97998],[88.28072,24.98103],[88.28242,24.98377],[88.2858,24.99218],[88.29798,24.99396],[88.30117,24.99279],[88.30126,24.9877],[88.3006,24.9875],[88.30073,24.98665],[88.30336,24.98502],[88.30334,24.98329],[88.30245,24.98317],[88.30234,24.98275],[88.30436,24.98037],[88.30623,24.98196],[88.30705,24.98239],[88.30729,24.98182],[88.30808,24.98232],[88.30816,24.98346],[88.30946,24.98428],[88.31158,24.98408],[88.3137,24.98456],[88.31579,24.98311],[88.31666,24.98576],[88.31759,24.98651],[88.31756,24.98745],[88.31921,24.98786],[88.3206,24.9872],[88.32104,24.98611],[88.32267,24.98607],[88.3236,24.98543],[88.32351,24.9848],[88.32476,24.98397],[88.32496,24.98286],[88.32555,24.98257],[88.32546,24.98118],[88.32689,24.97903],[88.32652,24.97828],[88.32908,24.97764],[88.32928,24.97569],[88.32982,24.97562],[88.33007,24.97438],[88.33189,24.97445],[88.33285,24.97359],[88.33564,24.97334],[88.33946,24.97208],[88.34141,24.97294],[88.3421,24.9721],[88.34456,24.97173],[88.34548,24.97236],[88.34653,24.97209],[88.3489,24.97289],[88.34977,24.97416],[88.35266,24.97349],[88.35297,24.97407],[88.35427,24.97332],[88.35575,24.97354],[88.35609,24.97272],[88.35713,24.97237],[88.35798,24.97119],[88.35618,24.9698],[88.35419,24.96995],[88.35387,24.96929],[88.35485,24.96874],[88.35462,24.96727],[88.35607,24.96487],[88.35793,24.96422],[88.35721,24.96299],[88.35778,24.95974],[88.36004,24.95674],[88.36078,24.95382],[88.36058,24.95208],[88.35943,24.95195],[88.35889,24.95124],[88.3606,24.94973],[88.36048,24.94887],[88.35799,24.9477],[88.35532,24.94424],[88.35472,24.94206],[88.35218,24.94249],[88.35111,24.94465],[88.35011,24.94486],[88.3492,24.94459],[88.3476,24.94296],[88.34426,24.94263],[88.3409,24.94063],[88.33996,24.93862],[88.34129,24.93524],[88.33952,24.93407],[88.33949,24.93261],[88.33894,24.93176],[88.3379,24.93183],[88.33718,24.93109],[88.33737,24.92861],[88.32884,24.9324],[88.32804,24.93079],[88.32712,24.93092],[88.32653,24.93049],[88.32618,24.92856],[88.32469,24.92921],[88.324,24.92857],[88.32357,24.92698],[88.32388,24.92544],[88.32257,24.92521],[88.32228,24.92578],[88.32051,24.92617],[88.32089,24.92785],[88.31974,24.92931],[88.31901,24.9332],[88.31711,24.93394],[88.31576,24.93392],[88.31458,24.93496],[88.31259,24.93439],[88.31113,24.93476],[88.31002,24.93393],[88.30892,24.93552],[88.30769,24.93596],[88.3071,24.93545],[88.30656,24.9356],[88.30497,24.93683],[88.30399,24.93619],[88.30177,24.93983],[88.29995,24.94035],[88.29836,24.94302],[88.29722,24.94333],[88.2962,24.94456],[88.29838,24.94681],[88.29977,24.94615],[88.30082,24.94931]],[[88.29375,24.96347],[88.2935,24.96242],[88.29544,24.96147],[88.29274,24.95789],[88.29291,24.95623],[88.29428,24.95649],[88.29541,24.95541],[88.29656,24.95523],[88.29737,24.95595],[88.29785,24.95761],[88.29966,24.95959],[88.30109,24.96415],[88.29742,24.96613],[88.29394,24.96687],[88.29352,24.96832],[88.29275,24.96777],[88.29216,24.96801],[88.29146,24.96725],[88.28815,24.96809],[88.28728,24.96516],[88.29375,24.96347]]],[[[88.34443,24.99507],[88.3449,24.99653],[88.34585,24.99623],[88.34631,24.99679],[88.3475,24.99664],[88.34785,24.99561],[88.34936,24.99455],[88.35089,24.99135],[88.35013,24.98932],[88.34887,24.9877],[88.34783,24.98453],[88.34483,24.98399],[88.34297,24.98552],[88.34269,24.98681],[88.34197,24.98718],[88.34155,24.98998],[88.34193,24.99377],[88.34135,24.99414],[88.3419,24.99462],[88.34283,24.9941],[88.34443,24.99507]]]]}},{"type":"Feature","bbox":[87.80328,25.30075,87.88415,25.37168],"properties":{"kind":"gp","gp":"Doulatnagar","block":"Harishchandrapur-II","lgd":109922},"geometry":{"type":"Polygon","coordinates":[[[87.86375,25.31753],[87.86126,25.31681],[87.8603,25.3177],[87.86048,25.31838],[87.85925,25.31855],[87.85929,25.31917],[87.85833,25.31927],[87.85749,25.31842],[87.85514,25.31859],[87.84957,25.31317],[87.84777,25.31242],[87.84612,25.31255],[87.84489,25.31209],[87.84176,25.30915],[87.84191,25.30784],[87.84048,25.30566],[87.84228,25.3042],[87.84245,25.30325],[87.84134,25.30162],[87.83997,25.30075],[87.83369,25.30482],[87.83093,25.3073],[87.82628,25.31358],[87.8256,25.32293],[87.82647,25.32666],[87.82357,25.33328],[87.8228,25.33815],[87.81885,25.34281],[87.8149,25.34912],[87.80328,25.35746],[87.80467,25.36451],[87.80641,25.36573],[87.80727,25.36768],[87.80914,25.36743],[87.8112,25.36571],[87.81363,25.36627],[87.81521,25.37022],[87.81645,25.37168],[87.81705,25.37165],[87.81693,25.36977],[87.81618,25.36808],[87.81639,25.3654],[87.81676,25.36454],[87.8198,25.3624],[87.81989,25.36145],[87.82135,25.36122],[87.82155,25.36073],[87.82288,25.36083],[87.82312,25.36171],[87.82602,25.3602],[87.82903,25.36104],[87.83243,25.36302],[87.83372,25.36222],[87.83284,25.3576],[87.83459,25.35698],[87.8361,25.3576],[87.83705,25.35734],[87.83792,25.35572],[87.84099,25.35373],[87.84153,25.3536],[87.8423,25.35482],[87.84682,25.35198],[87.84795,25.35239],[87.84893,25.35181],[87.8498,25.35235],[87.85102,25.35124],[87.85243,25.35096],[87.86662,25.35071],[87.86802,25.35281],[87.86882,25.35308],[87.86912,25.35647],[87.86848,25.35729],[87.8692,25.3593],[87.87077,25.35928],[87.87106,25.36015],[87.87415,25.35869],[87.87439,25.3559],[87.87827,25.35449],[87.87911,25.3524],[87.88178,25.35148],[87.88415,25.34732],[87.88408,25.3467],[87.88003,25.34324],[87.87821,25.34354],[87.87856,25.34179],[87.87757,25.34053],[87.87786,25.33333],[87.87886,25.33244],[87.87867,25.33156],[87.8797,25.33104],[87.88159,25.32803],[87.87273,25.32798],[87.87301,25.32661],[87.87149,25.32668],[87.87102,25.32718],[87.87057,25.32662],[87.87088,25.32561],[87.86643,25.32542],[87.86628,25.32194],[87.86929,25.31764],[87.86882,25.31682],[87.86375,25.31753]]]}},{"type":"Feature","bbox":[87.89579,25.07526,87.95487,25.1161],"properties":{"kind":"gp","gp":"Enayetpur","block":"Manikchak","lgd":109970},"geometry":{"type":"Polygon","coordinates":[[[87.94601,25.08428],[87.94483,25.08056],[87.94685,25.07573],[87.94421,25.07543],[87.94383,25.07584],[87.94126,25.07526],[87.94057,25.07772],[87.94059,25.08037],[87.94105,25.08098],[87.9407,25.08207],[87.92699,25.08601],[87.92574,25.08615],[87.9225,25.08525],[87.91946,25.08364],[87.91822,25.08572],[87.91569,25.08393],[87.91491,25.08451],[87.91429,25.08354],[87.91272,25.08345],[87.91092,25.08415],[87.90964,25.08335],[87.90895,25.08364],[87.90628,25.0819],[87.90344,25.08456],[87.89776,25.08414],[87.89894,25.08838],[87.89826,25.08856],[87.89804,25.09006],[87.89873,25.09284],[87.89797,25.09305],[87.89754,25.09524],[87.89649,25.09535],[87.89579,25.09692],[87.89624,25.1014],[87.89868,25.1011],[87.89931,25.10216],[87.90202,25.10075],[87.90755,25.10012],[87.90727,25.10112],[87.90558,25.10255],[87.90727,25.10476],[87.90805,25.10422],[87.909,25.10468],[87.9101,25.10368],[87.9099,25.10263],[87.91694,25.09834],[87.92407,25.10659],[87.92524,25.10575],[87.92618,25.10597],[87.93095,25.10961],[87.94561,25.1161],[87.94928,25.11389],[87.95119,25.1118],[87.95287,25.11232],[87.95487,25.11154],[87.95464,25.11018],[87.95235,25.10646],[87.9502,25.10454],[87.94816,25.10432],[87.94492,25.10211],[87.94009,25.09685],[87.93693,25.09435],[87.93524,25.09173],[87.93672,25.08877],[87.93943,25.08819],[87.93996,25.08781],[87.93998,25.08707],[87.9444,25.08584],[87.94601,25.08428]]]}},{"type":"Feature","bbox":[87.99688,25.031,88.05851,25.0921],"properties":{"kind":"gp","gp":"Fulbaria","block":"Ratua-II","lgd":109879},"geometry":{"type":"Polygon","coordinates":[[[88.0452,25.05268],[88.04475,25.05203],[88.048,25.05028],[88.05172,25.0472],[88.05369,25.04631],[88.05493,25.04473],[88.05641,25.04402],[88.05667,25.04464],[88.05814,25.04471],[88.05851,25.04396],[88.05728,25.03987],[88.05563,25.03781],[88.05559,25.03713],[88.05462,25.0371],[88.05107,25.03261],[88.04655,25.031],[88.04491,25.0314],[88.04374,25.03256],[88.04242,25.0342],[88.04083,25.0376],[88.04116,25.0383],[88.03968,25.04562],[88.03674,25.0448],[88.03633,25.04561],[88.02863,25.04465],[88.02905,25.04116],[88.03039,25.0412],[88.03004,25.04064],[88.03045,25.03988],[88.03129,25.04005],[88.0323,25.03561],[88.02501,25.03465],[88.01968,25.04243],[88.01675,25.04415],[88.01766,25.04615],[88.00751,25.05162],[88.00282,25.05232],[88.00112,25.05386],[88.00016,25.05588],[87.99906,25.05616],[87.99805,25.05733],[87.9976,25.06058],[87.99918,25.06681],[87.99886,25.07727],[87.99998,25.08131],[87.99954,25.08186],[87.99859,25.08162],[87.99688,25.08374],[87.99703,25.08492],[87.99806,25.08651],[87.99904,25.08712],[88.00186,25.08589],[88.00335,25.08663],[88.00392,25.08781],[88.00323,25.09009],[88.00383,25.0921],[88.00779,25.09189],[88.01203,25.09095],[88.01578,25.08865],[88.01855,25.08568],[88.02027,25.08095],[88.02056,25.07745],[88.01982,25.06838],[88.02072,25.06259],[88.02433,25.05975],[88.02575,25.05968],[88.02848,25.05403],[88.03002,25.05211],[88.03265,25.05071],[88.03188,25.0496],[88.03251,25.04922],[88.03928,25.04842],[88.04083,25.05327],[88.0437,25.05354],[88.04496,25.05327],[88.0452,25.05268]]]}},{"type":"Feature","bbox":[87.95306,24.92389,88.0959,25.07235],"properties":{"kind":"gp","gp":"Gangaprasad","block":"Kaliachak-II","lgd":109945},"geometry":{"type":"MultiPolygon","coordinates":[[[[88.09379,24.92684],[88.09038,24.92389],[88.08678,24.92492],[88.08347,24.92491],[88.07565,24.92608],[88.06943,24.92412],[88.06356,24.92432],[88.06261,24.92653],[88.06152,24.92754],[88.05862,24.92785],[88.05794,24.9281],[88.05732,24.92934],[88.05334,24.93013],[88.05231,24.92987],[88.05206,24.93047],[88.05115,24.93067],[88.05338,24.93589],[88.05379,24.93878],[88.05811,24.93832],[88.05813,24.94238],[88.0554,24.94463],[88.05145,24.9459],[88.04644,24.94621],[88.04625,24.94543],[88.04413,24.94485],[88.0429,24.94233],[88.04242,24.9386],[88.04256,24.93781],[88.04422,24.93779],[88.04378,24.93707],[88.03969,24.93327],[88.03839,24.93095],[88.03606,24.92838],[88.03581,24.92739],[88.03425,24.92695],[88.03426,24.92636],[88.03165,24.92662],[88.03183,24.92961],[88.02986,24.93267],[88.02851,24.93538],[88.02859,24.936],[88.0238,24.94226],[88.02452,24.94333],[88.02454,24.94438],[88.02292,24.94657],[88.02718,24.94898],[88.02761,24.94966],[88.03017,24.95059],[88.03537,24.95512],[88.03852,24.95591],[88.0455,24.95501],[88.0464,24.95538],[88.04601,24.95725],[88.05221,24.95936],[88.052,24.96054],[88.05655,24.96175],[88.05723,24.96049],[88.05685,24.96029],[88.05658,24.95677],[88.05745,24.95282],[88.05831,24.95255],[88.06229,24.95335],[88.06284,24.95084],[88.06345,24.95033],[88.06667,24.9499],[88.06858,24.95017],[88.07133,24.95187],[88.07257,24.94818],[88.07911,24.94567],[88.07908,24.94515],[88.08038,24.94439],[88.08283,24.94363],[88.08443,24.9417],[88.08534,24.94228],[88.08677,24.94131],[88.09042,24.93615],[88.09002,24.93411],[88.0912,24.93447],[88.09129,24.93516],[88.09251,24.93615],[88.09198,24.93734],[88.09256,24.93763],[88.0924,24.9389],[88.09165,24.93947],[88.09079,24.94126],[88.09008,24.94109],[88.08978,24.94214],[88.09237,24.9429],[88.09147,24.94627],[88.09458,24.94729],[88.0959,24.94361],[88.09531,24.94273],[88.0953,24.94083],[88.09438,24.93992],[88.09414,24.93496],[88.09332,24.93051],[88.09499,24.92733],[88.09379,24.92684]]],[[[87.95355,25.071],[87.95495,25.07108],[87.95604,25.07228],[87.95817,25.07235],[87.9593,25.0716],[87.96088,25.07175],[87.9624,25.07016],[87.95909,25.06906],[87.95616,25.06885],[87.95548,25.0682],[87.95357,25.06868],[87.95306,25.06998],[87.95355,25.071]]]]}},{"type":"Feature","bbox":[88.07161,24.90175,88.09504,24.92608],"properties":{"kind":"gp","gp":"Gayeshbari","block":"Kaliachak-I","lgd":109934},"geometry":{"type":"Polygon","coordinates":[[[88.08794,24.91571],[88.08741,24.91576],[88.08617,24.91333],[88.08523,24.91303],[88.08542,24.91131],[88.08455,24.91129],[88.07965,24.90175],[88.07321,24.90541],[88.07213,24.90651],[88.07161,24.90782],[88.07288,24.90888],[88.0733,24.91194],[88.07481,24.91239],[88.07607,24.91375],[88.07593,24.91489],[88.07684,24.9172],[88.07549,24.9177],[88.07457,24.91698],[88.07273,24.91932],[88.07305,24.92033],[88.07519,24.92137],[88.07596,24.92236],[88.07564,24.92446],[88.07472,24.9256],[88.07565,24.92608],[88.08347,24.92491],[88.08678,24.92492],[88.09206,24.92344],[88.09311,24.92256],[88.0949,24.92284],[88.09504,24.92199],[88.09399,24.92183],[88.09446,24.92123],[88.09418,24.92006],[88.09368,24.92002],[88.09084,24.91561],[88.08836,24.91688],[88.08794,24.91571]]]}},{"type":"Feature","bbox":[88.1636,25.19657,88.21678,25.24702],"properties":{"kind":"gp","gp":"Gazole-I","block":"Gazole","lgd":109894},"geometry":{"type":"Polygon","coordinates":[[[88.18166,25.20106],[88.18024,25.19657],[88.17809,25.19725],[88.17716,25.19867],[88.17511,25.19977],[88.17121,25.20035],[88.17159,25.19827],[88.17022,25.19854],[88.16888,25.19698],[88.16786,25.19828],[88.16507,25.19905],[88.1636,25.19894],[88.1636,25.20006],[88.1646,25.20094],[88.16476,25.20218],[88.16616,25.20354],[88.16652,25.2047],[88.16524,25.20514],[88.16494,25.20846],[88.16588,25.20848],[88.16723,25.21358],[88.17016,25.21374],[88.17111,25.21487],[88.1714,25.21828],[88.17318,25.21875],[88.17379,25.21797],[88.17497,25.22032],[88.17362,25.22095],[88.17281,25.22199],[88.17338,25.22576],[88.17448,25.22477],[88.17516,25.22511],[88.17463,25.22589],[88.17573,25.22607],[88.17865,25.22997],[88.17945,25.22999],[88.17758,25.23152],[88.17643,25.23183],[88.17379,25.23515],[88.1742,25.23581],[88.17352,25.23653],[88.17425,25.24004],[88.17443,25.24054],[88.17578,25.24102],[88.17515,25.24268],[88.17211,25.24589],[88.17221,25.2468],[88.17397,25.24702],[88.1791,25.24606],[88.18966,25.24521],[88.19045,25.24617],[88.19271,25.24493],[88.19291,25.24579],[88.19489,25.24475],[88.19552,25.24596],[88.19667,25.24571],[88.19845,25.24499],[88.19926,25.24271],[88.20154,25.24078],[88.20461,25.23918],[88.20333,25.23632],[88.20586,25.23638],[88.21678,25.23295],[88.21655,25.23232],[88.20788,25.22699],[88.20606,25.22821],[88.20559,25.22929],[88.20532,25.22856],[88.20301,25.22675],[88.20227,25.22417],[88.2008,25.22406],[88.20196,25.22057],[88.20543,25.21985],[88.20863,25.21856],[88.20405,25.21425],[88.20426,25.21293],[88.20338,25.21068],[88.20017,25.21066],[88.19808,25.20996],[88.19741,25.21093],[88.19592,25.21157],[88.19494,25.211],[88.19212,25.21121],[88.19225,25.20865],[88.19124,25.2087],[88.19068,25.20811],[88.19179,25.20724],[88.19129,25.2062],[88.19065,25.20655],[88.18965,25.20561],[88.18783,25.20564],[88.18462,25.20002],[88.18166,25.20106]],[[88.17919,25.23561],[88.1809,25.23259],[88.17999,25.23208],[88.18522,25.22994],[88.18696,25.22872],[88.18646,25.22426],[88.18597,25.22229],[88.18493,25.22091],[88.18459,25.219],[88.18547,25.21796],[88.1866,25.21834],[88.18751,25.22009],[88.1867,25.22119],[88.19216,25.22097],[88.19406,25.21974],[88.19473,25.2199],[88.19511,25.22137],[88.1973,25.22475],[88.19662,25.22547],[88.19695,25.22607],[88.19421,25.22672],[88.19362,25.22768],[88.19351,25.22831],[88.19445,25.22919],[88.19347,25.22993],[88.19318,25.23219],[88.19218,25.23255],[88.19216,25.23337],[88.1864,25.23417],[88.18498,25.23468],[88.18311,25.23627],[88.18151,25.23642],[88.17919,25.23561]]]}},{"type":"Feature","bbox":[88.12485,25.17419,88.18301,25.24982],"properties":{"kind":"gp","gp":"Gazole-Ii","block":"Gazole","lgd":109895},"geometry":{"type":"Polygon","coordinates":[[[88.14958,25.17901],[88.14498,25.17904],[88.14331,25.1781],[88.14156,25.17797],[88.13304,25.18129],[88.13277,25.18102],[88.13089,25.18189],[88.12887,25.18178],[88.12751,25.1827],[88.12656,25.18437],[88.12678,25.18613],[88.12574,25.18693],[88.12565,25.18784],[88.12693,25.19073],[88.13223,25.19378],[88.13406,25.19196],[88.13579,25.19162],[88.13552,25.19083],[88.13757,25.18966],[88.14397,25.1882],[88.14697,25.18817],[88.14882,25.19218],[88.14581,25.19303],[88.141,25.19664],[88.13872,25.19745],[88.13466,25.20103],[88.13264,25.20133],[88.1314,25.20248],[88.13203,25.20359],[88.13307,25.20404],[88.13511,25.20729],[88.13536,25.20896],[88.13703,25.21236],[88.13986,25.21203],[88.14015,25.21419],[88.13949,25.21541],[88.13977,25.21869],[88.13767,25.21893],[88.13709,25.22008],[88.13674,25.22362],[88.13564,25.22468],[88.12485,25.23123],[88.12698,25.23828],[88.13183,25.23827],[88.13231,25.23893],[88.13446,25.23944],[88.13548,25.23932],[88.13697,25.23769],[88.13875,25.23916],[88.13792,25.23988],[88.13749,25.24121],[88.13805,25.24193],[88.13877,25.24118],[88.14028,25.2419],[88.14281,25.24835],[88.14444,25.24982],[88.14657,25.24883],[88.14914,25.24907],[88.15443,25.24848],[88.15787,25.24755],[88.16009,25.24576],[88.1601,25.24707],[88.16363,25.24632],[88.16334,25.24521],[88.16438,25.24547],[88.16457,25.24627],[88.16752,25.2458],[88.16927,25.24657],[88.17221,25.2468],[88.17211,25.24589],[88.17515,25.24268],[88.17578,25.24102],[88.17443,25.24054],[88.17425,25.24004],[88.17352,25.23653],[88.1742,25.23581],[88.17379,25.23515],[88.17643,25.23183],[88.17758,25.23152],[88.17945,25.22999],[88.17865,25.22997],[88.17573,25.22607],[88.17463,25.22589],[88.17516,25.22511],[88.17448,25.22477],[88.17338,25.22576],[88.17281,25.22199],[88.17362,25.22095],[88.17497,25.22032],[88.17379,25.21797],[88.17318,25.21875],[88.1714,25.21828],[88.17111,25.21487],[88.17016,25.21374],[88.16723,25.21358],[88.16588,25.20848],[88.16494,25.20846],[88.16524,25.20514],[88.16652,25.2047],[88.16616,25.20354],[88.16476,25.20218],[88.1646,25.20094],[88.1636,25.20006],[88.1636,25.19894],[88.16507,25.19905],[88.16786,25.19828],[88.16888,25.19698],[88.17022,25.19854],[88.17159,25.19827],[88.17121,25.20035],[88.17511,25.19977],[88.17716,25.19867],[88.17809,25.19725],[88.18101,25.19604],[88.17937,25.19095],[88.17973,25.19051],[88.17931,25.18875],[88.18077,25.18876],[88.18064,25.1869],[88.18122,25.18687],[88.18134,25.18755],[88.18301,25.18627],[88.17232,25.17419],[88.17227,25.17469],[88.16954,25.17539],[88.16148,25.17594],[88.16003,25.17557],[88.15247,25.17739],[88.15007,25.17818],[88.14958,25.17901]],[[88.15677,25.20578],[88.14972,25.2074],[88.14851,25.20571],[88.14721,25.20578],[88.14648,25.20364],[88.14664,25.20258],[88.14469,25.20293],[88.144,25.19898],[88.14565,25.19852],[88.14601,25.19738],[88.14741,25.19749],[88.14794,25.19665],[88.14754,25.19605],[88.14935,25.19359],[88.15286,25.19359],[88.15377,25.19647],[88.15682,25.19625],[88.15691,25.19537],[88.15783,25.19482],[88.15797,25.19712],[88.15643,25.19926],[88.15687,25.20272],[88.15793,25.20447],[88.15677,25.20578]]]}},{"type":"Feature","bbox":[88.37184,25.116,88.44986,25.25672],"properties":{"kind":"gp","gp":"Gobindapur-Maheshpur","block":"Bamongola","lgd":109858},"geometry":{"type":"MultiPolygon","coordinates":[[[[88.38555,25.12453],[88.38949,25.12413],[88.38995,25.12341],[88.39029,25.12049],[88.3908,25.12002],[88.39012,25.11833],[88.38928,25.1184],[88.38757,25.116],[88.38293,25.11762],[88.38184,25.11882],[88.3819,25.12018],[88.38303,25.12237],[88.38447,25.12237],[88.38555,25.12453]]],[[[88.40735,25.19149],[88.4035,25.19368],[88.40325,25.19544],[88.4021,25.19728],[88.40022,25.19787],[88.39556,25.19671],[88.39561,25.19739],[88.39698,25.19881],[88.39716,25.19987],[88.39784,25.20056],[88.39806,25.20186],[88.39479,25.20233],[88.39398,25.203],[88.39259,25.20293],[88.39103,25.20103],[88.38908,25.20149],[88.38868,25.20225],[88.38984,25.20429],[88.39245,25.21161],[88.39469,25.21136],[88.39523,25.20952],[88.39443,25.20741],[88.40212,25.20791],[88.40163,25.21011],[88.40018,25.21077],[88.39793,25.21284],[88.39915,25.21282],[88.39944,25.21314],[88.39899,25.2138],[88.39641,25.21384],[88.38976,25.21602],[88.38926,25.21481],[88.3878,25.21474],[88.38175,25.21703],[88.37921,25.21688],[88.37651,25.21913],[88.37428,25.21886],[88.37256,25.21978],[88.37184,25.22036],[88.37253,25.2218],[88.37634,25.22482],[88.38007,25.22922],[88.38015,25.23113],[88.38206,25.23329],[88.38204,25.23656],[88.38701,25.23876],[88.3877,25.23961],[88.3901,25.24386],[88.39006,25.24658],[88.39183,25.24866],[88.3949,25.24971],[88.39429,25.25162],[88.39609,25.25077],[88.39747,25.25069],[88.39738,25.25009],[88.39925,25.24913],[88.4004,25.24679],[88.40025,25.24342],[88.40135,25.24303],[88.40195,25.24224],[88.40214,25.24074],[88.40435,25.2402],[88.40599,25.2403],[88.4069,25.2409],[88.40891,25.24046],[88.40981,25.23924],[88.41083,25.24119],[88.41066,25.24329],[88.41398,25.24413],[88.41396,25.2445],[88.41266,25.2449],[88.41467,25.2492],[88.4144,25.24968],[88.41224,25.24873],[88.41157,25.24995],[88.41218,25.25105],[88.41346,25.25165],[88.41631,25.25041],[88.41747,25.25067],[88.41773,25.24986],[88.41923,25.24867],[88.42104,25.24857],[88.42481,25.24693],[88.42561,25.24714],[88.42701,25.24666],[88.42819,25.2472],[88.42917,25.24645],[88.43059,25.24629],[88.43327,25.24788],[88.43534,25.25352],[88.43954,25.25459],[88.44011,25.2541],[88.44063,25.25056],[88.44115,25.25147],[88.44321,25.25117],[88.44421,25.25232],[88.44458,25.2542],[88.44375,25.25672],[88.44986,25.25551],[88.44949,25.25476],[88.44729,25.25352],[88.44692,25.25277],[88.44685,25.25181],[88.44777,25.2499],[88.44757,25.24764],[88.44267,25.2452],[88.44307,25.24469],[88.44559,25.24504],[88.44541,25.24234],[88.44646,25.24214],[88.44688,25.24124],[88.44812,25.24229],[88.44936,25.24097],[88.44804,25.23799],[88.44914,25.23687],[88.44936,25.23623],[88.44875,25.23542],[88.44941,25.23438],[88.44816,25.2331],[88.44894,25.2325],[88.44875,25.23188],[88.44721,25.23031],[88.4472,25.22862],[88.44784,25.22776],[88.4472,25.22693],[88.447,25.22074],[88.44394,25.22186],[88.44161,25.22117],[88.43946,25.21957],[88.43893,25.21759],[88.43915,25.21662],[88.44014,25.21615],[88.44146,25.21651],[88.44168,25.21703],[88.44213,25.21686],[88.44279,25.21505],[88.4451,25.21442],[88.44501,25.21308],[88.44194,25.2096],[88.44049,25.21143],[88.43839,25.21284],[88.43658,25.21236],[88.43437,25.21032],[88.43168,25.21142],[88.4294,25.21567],[88.42754,25.21127],[88.42761,25.20681],[88.42694,25.20306],[88.42718,25.20177],[88.42983,25.19761],[88.4294,25.19666],[88.42684,25.19665],[88.42666,25.19628],[88.42814,25.19511],[88.42812,25.19426],[88.42611,25.19277],[88.42464,25.19232],[88.42428,25.19011],[88.42144,25.1883],[88.421,25.18725],[88.41872,25.18792],[88.41727,25.1878],[88.41649,25.18484],[88.41336,25.18399],[88.41013,25.18592],[88.40982,25.187],[88.40875,25.18759],[88.40812,25.19028],[88.40735,25.19149]]]]}},{"type":"Feature","bbox":[88.2092,25.30423,88.22089,25.31337],"properties":{"kind":"gp","gp":"Gokarna","block":"Gazole","lgd":109212},"geometry":{"type":"Polygon","coordinates":[[[88.21514,25.31337],[88.21924,25.31166],[88.22089,25.31174],[88.21754,25.30782],[88.21698,25.30592],[88.21483,25.30423],[88.2136,25.30554],[88.21214,25.30568],[88.2092,25.30778],[88.21514,25.31337]]]}},{"type":"Feature","bbox":[88.01139,24.77957,88.11071,24.82348],"properties":{"kind":"gp","gp":"Golapganj","block":"Kaliachak-III","lgd":109960},"geometry":{"type":"Polygon","coordinates":[[[88.10504,24.79342],[88.10502,24.78671],[88.10634,24.78691],[88.1061,24.77957],[88.09863,24.77978],[88.09469,24.78049],[88.08797,24.78305],[88.08984,24.788],[88.09201,24.79186],[88.09322,24.79695],[88.09423,24.79685],[88.09476,24.79762],[88.09434,24.79845],[88.09608,24.80148],[88.09695,24.80414],[88.09493,24.80382],[88.09192,24.80233],[88.09026,24.80069],[88.08962,24.79924],[88.08344,24.80045],[88.08192,24.79982],[88.08154,24.80022],[88.07981,24.79896],[88.07797,24.79851],[88.07586,24.79727],[88.07543,24.79624],[88.07461,24.79615],[88.07117,24.79199],[88.06535,24.79478],[88.06244,24.79206],[88.05851,24.79476],[88.05773,24.79391],[88.0513,24.79737],[88.04683,24.79377],[88.04453,24.79633],[88.03967,24.79481],[88.03899,24.79523],[88.0379,24.79469],[88.03741,24.7951],[88.03457,24.79398],[88.01664,24.79343],[88.01599,24.79355],[88.01635,24.7959],[88.01701,24.7959],[88.0164,24.79902],[88.01287,24.79946],[88.01288,24.80309],[88.0119,24.80392],[88.01173,24.80659],[88.0121,24.80711],[88.01139,24.80867],[88.01457,24.81036],[88.01974,24.81203],[88.02464,24.81282],[88.02449,24.80637],[88.02527,24.80447],[88.03107,24.80387],[88.03283,24.80298],[88.04099,24.80066],[88.04788,24.79976],[88.05026,24.7987],[88.05287,24.79847],[88.05695,24.80223],[88.05991,24.80693],[88.05995,24.80752],[88.05839,24.8084],[88.06194,24.81424],[88.06236,24.81421],[88.06347,24.81569],[88.06452,24.81547],[88.06623,24.81633],[88.06679,24.8173],[88.06795,24.81798],[88.06953,24.81811],[88.07195,24.82052],[88.07293,24.82057],[88.07408,24.82206],[88.07481,24.82192],[88.07471,24.82102],[88.07511,24.82073],[88.07817,24.82005],[88.07861,24.82055],[88.07996,24.82064],[88.08378,24.81965],[88.08679,24.81965],[88.08725,24.8202],[88.08965,24.81949],[88.09055,24.82045],[88.09127,24.82016],[88.09417,24.82217],[88.09488,24.82165],[88.09661,24.82348],[88.10606,24.81268],[88.11071,24.81234],[88.10753,24.80439],[88.10612,24.80259],[88.10508,24.79988],[88.10566,24.79399],[88.10504,24.79342]]]}},{"type":"Feature","bbox":[87.92973,24.99649,87.98119,25.06932],"properties":{"kind":"gp","gp":"Gopalpur","block":"Manikchak","lgd":109971},"geometry":{"type":"MultiPolygon","coordinates":[[[[87.97455,25.02726],[87.97662,25.02272],[87.97857,25.01996],[87.97971,25.01445],[87.97885,25.01332],[87.97901,25.01206],[87.98119,25.01037],[87.98047,25.00581],[87.97649,24.99649],[87.96632,24.99905],[87.96473,24.99975],[87.96431,25.00146],[87.95165,25.00339],[87.95092,25.00387],[87.9522,25.00736],[87.9504,25.00806],[87.94056,25.01724],[87.93979,25.01733],[87.93641,25.02005],[87.9387,25.0231],[87.94079,25.02355],[87.9404,25.03043],[87.94301,25.03055],[87.94357,25.03105],[87.94372,25.03457],[87.94209,25.04066],[87.94413,25.04068],[87.94413,25.04025],[87.94569,25.04012],[87.9491,25.04068],[87.9529,25.04026],[87.9541,25.04075],[87.95776,25.0385],[87.95923,25.03879],[87.96653,25.04493],[87.97056,25.0384],[87.97455,25.02726]]],[[[87.93199,25.06367],[87.9327,25.0631],[87.93442,25.06324],[87.93468,25.06386],[87.93815,25.06514],[87.9385,25.06448],[87.93907,25.06461],[87.93892,25.06533],[87.94194,25.06484],[87.94314,25.06632],[87.94451,25.06668],[87.94569,25.0681],[87.94533,25.06868],[87.94579,25.06932],[87.94746,25.06689],[87.94911,25.0668],[87.95102,25.06599],[87.95216,25.06471],[87.95429,25.06511],[87.95516,25.06428],[87.95741,25.0599],[87.95805,25.05727],[87.95662,25.05632],[87.94949,25.05378],[87.9458,25.05447],[87.94375,25.05534],[87.93826,25.05937],[87.93224,25.06011],[87.93066,25.05989],[87.92973,25.06109],[87.93199,25.06367]]]]}},{"type":"Feature","bbox":[87.91737,25.30831,87.9876,25.37265],"properties":{"kind":"gp","gp":"Gourhanda","block":"Chanchal-II","lgd":109873},"geometry":{"type":"Polygon","coordinates":[[[87.96415,25.31069],[87.95197,25.31301],[87.95171,25.31352],[87.94693,25.31562],[87.9487,25.31771],[87.95117,25.32291],[87.95148,25.32387],[87.95096,25.32721],[87.94929,25.32789],[87.9482,25.32782],[87.94679,25.32686],[87.94605,25.33067],[87.944,25.33352],[87.94187,25.3343],[87.93907,25.33451],[87.93511,25.33329],[87.92639,25.33298],[87.92295,25.33153],[87.92183,25.33162],[87.91915,25.33469],[87.91737,25.33885],[87.91887,25.33957],[87.92228,25.34012],[87.92376,25.33975],[87.9233,25.34176],[87.92154,25.3446],[87.92131,25.34613],[87.92405,25.34738],[87.92479,25.34855],[87.92548,25.35142],[87.92667,25.35305],[87.92942,25.35278],[87.93185,25.35494],[87.93206,25.35612],[87.93272,25.35612],[87.9335,25.35528],[87.93479,25.35605],[87.93501,25.35776],[87.93646,25.36122],[87.93794,25.3622],[87.94075,25.36583],[87.94182,25.37069],[87.94373,25.37148],[87.95039,25.36902],[87.95616,25.36592],[87.9574,25.36711],[87.9606,25.36764],[87.96198,25.36866],[87.96323,25.37068],[87.96246,25.37122],[87.96339,25.37135],[87.96409,25.37265],[87.96617,25.37265],[87.96677,25.37228],[87.96639,25.37076],[87.96772,25.36949],[87.96707,25.36718],[87.96843,25.36826],[87.96948,25.36791],[87.96823,25.3651],[87.96684,25.36527],[87.96612,25.36454],[87.96777,25.36301],[87.97265,25.36129],[87.97358,25.36279],[87.97926,25.36086],[87.97967,25.36239],[87.98162,25.36123],[87.98154,25.36054],[87.98375,25.36057],[87.98428,25.36193],[87.98469,25.36115],[87.9876,25.36013],[87.98712,25.358],[87.98593,25.35697],[87.98732,25.35488],[87.98607,25.35379],[87.98592,25.3478],[87.98432,25.34568],[87.98574,25.34351],[87.98575,25.33924],[87.98606,25.33879],[87.98708,25.33883],[87.985,25.32814],[87.98354,25.32808],[87.98378,25.32742],[87.98482,25.32693],[87.98486,25.32634],[87.98339,25.32398],[87.98406,25.324],[87.98332,25.32243],[87.98185,25.31543],[87.97881,25.31005],[87.97862,25.30831],[87.97423,25.30899],[87.97085,25.30883],[87.96635,25.30968],[87.96633,25.31009],[87.96415,25.31069]]]}},{"type":"Feature","bbox":[88.44222,25.22513,88.46397,25.27105],"properties":{"kind":"gp","gp":"Gurail","block":"Bamongola","lgd":109241},"geometry":{"type":"Polygon","coordinates":[[[88.45341,25.23229],[88.44902,25.23028],[88.44885,25.22886],[88.44968,25.22757],[88.45088,25.22692],[88.45154,25.22719],[88.45207,25.22845],[88.45267,25.22741],[88.44847,25.22513],[88.4472,25.22693],[88.44784,25.22776],[88.4472,25.22862],[88.44721,25.23031],[88.44875,25.23188],[88.44894,25.2325],[88.44816,25.2331],[88.44941,25.23438],[88.44875,25.23542],[88.44936,25.23623],[88.44914,25.23687],[88.44804,25.23799],[88.44936,25.24097],[88.44812,25.24229],[88.44688,25.24124],[88.44646,25.24214],[88.44541,25.24234],[88.44559,25.24504],[88.44307,25.24469],[88.44267,25.2452],[88.44757,25.24764],[88.44777,25.2499],[88.44685,25.25181],[88.44692,25.25277],[88.44729,25.25352],[88.44949,25.25476],[88.44986,25.25551],[88.44375,25.25672],[88.44222,25.25861],[88.44574,25.25927],[88.44629,25.26003],[88.44491,25.26217],[88.44476,25.26371],[88.44706,25.26495],[88.44973,25.26284],[88.45036,25.2632],[88.45175,25.26219],[88.4561,25.26104],[88.4571,25.26177],[88.45723,25.26251],[88.45363,25.26337],[88.45351,25.26385],[88.45512,25.26706],[88.4566,25.26656],[88.45761,25.26791],[88.45884,25.26795],[88.46039,25.27005],[88.46242,25.27105],[88.46369,25.27074],[88.46397,25.27002],[88.46352,25.26874],[88.46124,25.26837],[88.4623,25.26751],[88.46221,25.26603],[88.46272,25.2649],[88.46192,25.26343],[88.46163,25.26043],[88.4586,25.25528],[88.45867,25.25459],[88.46022,25.2537],[88.46059,25.25283],[88.45912,25.24563],[88.45562,25.23885],[88.45486,25.2379],[88.45145,25.23585],[88.45147,25.23507],[88.45342,25.23323],[88.45341,25.23229]]]}},{"type":"Feature","bbox":[88.22407,24.99217,88.30524,25.07313],"properties":{"kind":"gp","gp":"Habibpur","block":"Habibpur","lgd":109908},"geometry":{"type":"Polygon","coordinates":[[[88.26199,25.00441],[88.25003,25.01006],[88.24813,25.01166],[88.24458,25.01049],[88.24198,25.01203],[88.24031,25.01172],[88.23851,25.01262],[88.23681,25.01279],[88.23664,25.01458],[88.23521,25.0147],[88.23476,25.01409],[88.2339,25.01456],[88.23333,25.01577],[88.23367,25.01681],[88.23189,25.01784],[88.23113,25.01703],[88.22917,25.01824],[88.22407,25.01948],[88.22611,25.02147],[88.22935,25.02675],[88.22782,25.02827],[88.22569,25.02846],[88.22588,25.02936],[88.22723,25.0298],[88.22906,25.02936],[88.22958,25.02989],[88.23003,25.03243],[88.22921,25.03378],[88.23231,25.03671],[88.23242,25.04202],[88.22953,25.04217],[88.22974,25.0432],[88.23197,25.04553],[88.23191,25.04746],[88.23125,25.04855],[88.23221,25.04874],[88.23277,25.05179],[88.23311,25.05225],[88.2356,25.05285],[88.23495,25.05479],[88.23615,25.05551],[88.23799,25.05507],[88.23724,25.05376],[88.23924,25.052],[88.23986,25.05211],[88.24007,25.05279],[88.23932,25.05352],[88.24027,25.05427],[88.24018,25.05481],[88.23916,25.0552],[88.23904,25.05572],[88.24278,25.05743],[88.24784,25.05532],[88.24885,25.05659],[88.25102,25.06143],[88.24913,25.06322],[88.25014,25.06584],[88.25018,25.07074],[88.24963,25.07099],[88.25049,25.07291],[88.25537,25.07151],[88.25641,25.07171],[88.25654,25.07229],[88.25737,25.07225],[88.25826,25.07313],[88.259,25.073],[88.26048,25.07157],[88.25975,25.07026],[88.26031,25.06887],[88.26134,25.06755],[88.26277,25.06671],[88.26262,25.06578],[88.26131,25.06552],[88.26138,25.06374],[88.26423,25.06028],[88.26514,25.05781],[88.26608,25.05729],[88.26808,25.05812],[88.26889,25.05761],[88.27425,25.05716],[88.27614,25.05617],[88.27624,25.05553],[88.28058,25.05386],[88.28395,25.05292],[88.28482,25.05318],[88.28944,25.05138],[88.30017,25.04546],[88.30493,25.0437],[88.30334,25.04189],[88.30179,25.03869],[88.30216,25.03593],[88.30175,25.03543],[88.30261,25.03382],[88.3003,25.03115],[88.29903,25.03039],[88.29729,25.0304],[88.29739,25.02901],[88.29692,25.02835],[88.2978,25.02585],[88.29967,25.0248],[88.2999,25.02388],[88.29887,25.02118],[88.30031,25.01945],[88.30132,25.01935],[88.30188,25.01789],[88.30378,25.01575],[88.30524,25.01526],[88.30505,25.01378],[88.30417,25.0122],[88.30465,25.00959],[88.30261,25.00826],[88.30225,25.00697],[88.30105,25.00564],[88.30073,25.00308],[88.29911,25.00363],[88.29837,25.00303],[88.2974,25.00304],[88.29719,25.00051],[88.29552,25.00061],[88.29453,25.0018],[88.29417,25.00123],[88.29209,25.00201],[88.29165,25.0009],[88.29294,25.00078],[88.29506,24.99974],[88.29556,24.99739],[88.29726,24.99642],[88.29582,24.99357],[88.28362,24.99217],[88.28409,24.99376],[88.28339,24.99722],[88.2806,24.99788],[88.27984,24.99754],[88.27941,24.99815],[88.27852,24.99803],[88.27731,24.99865],[88.27722,24.99941],[88.27626,24.99967],[88.27596,25.00077],[88.27715,25.0005],[88.27727,25.00091],[88.2762,25.00161],[88.27648,25.00244],[88.27781,25.00207],[88.27798,25.00479],[88.27626,25.00386],[88.27473,25.00402],[88.27257,25.00215],[88.27067,25.00289],[88.26831,25.0022],[88.2662,25.0027],[88.26433,25.00246],[88.26217,25.00291],[88.26199,25.00441]]]}},{"type":"Feature","bbox":[87.92568,24.87593,87.99753,24.91995],"properties":{"kind":"gp","gp":"Hamidpur","block":"Kaliachak-I","lgd":109946},"geometry":{"type":"MultiPolygon","coordinates":[[[[87.94247,24.89364],[87.94006,24.89059],[87.93648,24.8875],[87.92568,24.89096],[87.93324,24.89556],[87.93971,24.89814],[87.94448,24.90151],[87.94603,24.90127],[87.94577,24.89922],[87.94508,24.89921],[87.94247,24.89364]]],[[[87.96239,24.90711],[87.9665,24.90547],[87.97261,24.91055],[87.97752,24.91589],[87.97869,24.91648],[87.98525,24.91419],[87.99065,24.90953],[87.9925,24.90943],[87.99297,24.9103],[87.99498,24.91136],[87.99523,24.91235],[87.9958,24.91259],[87.99597,24.91168],[87.99661,24.91154],[87.99643,24.90785],[87.99392,24.90583],[87.99615,24.90455],[87.99753,24.90295],[87.99651,24.90215],[87.997,24.90182],[87.99723,24.90034],[87.99399,24.89584],[87.99239,24.89846],[87.99114,24.89831],[87.98935,24.89703],[87.98869,24.89616],[87.98884,24.89553],[87.9875,24.89485],[87.98807,24.89361],[87.98901,24.89309],[87.98849,24.89222],[87.99001,24.88992],[87.98665,24.88861],[87.98487,24.88611],[87.9818,24.87975],[87.98101,24.87593],[87.97799,24.87656],[87.97489,24.88082],[87.97456,24.88221],[87.97328,24.88333],[87.97132,24.88454],[87.97075,24.88426],[87.9628,24.88963],[87.9622,24.89051],[87.96022,24.89135],[87.96058,24.8926],[87.95712,24.89358],[87.95737,24.89605],[87.95034,24.8985],[87.95211,24.90153],[87.95359,24.90309],[87.95419,24.90295],[87.95622,24.90744],[87.95277,24.90761],[87.95374,24.90902],[87.95503,24.91333],[87.95928,24.91956],[87.96061,24.91995],[87.96222,24.9197],[87.96239,24.90711]]]]}},{"type":"Feature","bbox":[87.84975,25.36982,87.92409,25.44856],"properties":{"kind":"gp","gp":"Harishchandrapur","block":"Harishchandrapur-I","lgd":109916},"geometry":{"type":"Polygon","coordinates":[[[87.88776,25.384],[87.88601,25.38164],[87.88307,25.38121],[87.88279,25.38038],[87.88553,25.37914],[87.88552,25.3782],[87.8841,25.37906],[87.88225,25.37895],[87.88187,25.37823],[87.88208,25.37701],[87.8837,25.37636],[87.88315,25.37407],[87.88253,25.3739],[87.88232,25.3727],[87.8816,25.37211],[87.88152,25.37096],[87.88087,25.37088],[87.88049,25.36996],[87.88011,25.36982],[87.87976,25.37074],[87.87447,25.37257],[87.87312,25.37149],[87.87335,25.37446],[87.87074,25.37627],[87.86831,25.37655],[87.86797,25.37874],[87.86706,25.37905],[87.86786,25.38148],[87.86746,25.38186],[87.86852,25.38479],[87.86799,25.38592],[87.86827,25.38749],[87.86687,25.38839],[87.86845,25.38968],[87.86815,25.39022],[87.86953,25.39309],[87.86639,25.39816],[87.86575,25.3983],[87.86595,25.39924],[87.86226,25.39947],[87.86085,25.40049],[87.85943,25.39915],[87.85899,25.40021],[87.85495,25.40069],[87.84975,25.40247],[87.85068,25.40404],[87.8527,25.4106],[87.85449,25.41412],[87.85572,25.41605],[87.85707,25.41635],[87.85824,25.41729],[87.85773,25.4181],[87.85822,25.41928],[87.86004,25.421],[87.85874,25.4217],[87.85923,25.42293],[87.85883,25.42311],[87.8609,25.42985],[87.86136,25.43344],[87.86234,25.43483],[87.86533,25.43688],[87.86796,25.43528],[87.86919,25.43579],[87.86841,25.44039],[87.86962,25.4419],[87.87055,25.44206],[87.87162,25.44159],[87.87207,25.43984],[87.87116,25.43852],[87.87221,25.43832],[87.87275,25.43897],[87.87288,25.44258],[87.8746,25.44271],[87.87485,25.44379],[87.87542,25.44397],[87.87546,25.44544],[87.87682,25.44588],[87.87773,25.44856],[87.87901,25.44766],[87.87871,25.44584],[87.88149,25.44562],[87.88536,25.44645],[87.88923,25.44479],[87.89015,25.4395],[87.89262,25.43922],[87.8923,25.4383],[87.88973,25.43791],[87.88942,25.4374],[87.88979,25.43672],[87.88909,25.43586],[87.89026,25.43203],[87.89123,25.43067],[87.89228,25.42967],[87.89475,25.42855],[87.89412,25.42658],[87.89258,25.42414],[87.89283,25.41988],[87.89321,25.41865],[87.89772,25.41308],[87.89841,25.41266],[87.89926,25.41356],[87.89985,25.41347],[87.90057,25.41249],[87.90105,25.41279],[87.9027,25.4118],[87.90548,25.4112],[87.90874,25.41381],[87.91571,25.41613],[87.91716,25.41797],[87.92391,25.41608],[87.92188,25.41445],[87.9199,25.41456],[87.91981,25.41314],[87.91857,25.41326],[87.91706,25.41428],[87.91542,25.41389],[87.91541,25.41295],[87.91787,25.41161],[87.91766,25.41047],[87.91917,25.41019],[87.91849,25.40824],[87.91902,25.40795],[87.91945,25.40656],[87.92166,25.40582],[87.92409,25.40627],[87.9226,25.40294],[87.92373,25.40262],[87.92379,25.40062],[87.92177,25.4002],[87.92347,25.39845],[87.92245,25.39524],[87.91993,25.3949],[87.91896,25.39337],[87.91951,25.39193],[87.92196,25.38965],[87.9212,25.38849],[87.92083,25.3863],[87.9192,25.38534],[87.91858,25.38422],[87.91883,25.383],[87.91939,25.38171],[87.92229,25.38098],[87.92203,25.37912],[87.92115,25.37837],[87.91949,25.37841],[87.9175,25.37684],[87.91479,25.37629],[87.90945,25.37813],[87.90548,25.37812],[87.90463,25.37774],[87.90373,25.37821],[87.90321,25.37944],[87.90336,25.38111],[87.90198,25.38128],[87.9013,25.37985],[87.90079,25.37983],[87.89945,25.3821],[87.89886,25.38223],[87.89828,25.38189],[87.89824,25.38043],[87.89754,25.37967],[87.8964,25.37963],[87.89391,25.38122],[87.8922,25.38026],[87.89032,25.38204],[87.89024,25.38387],[87.88931,25.38445],[87.88776,25.384]]]}},{"type":"Feature","bbox":[87.77355,25.1133,87.84006,25.22165],"properties":{"kind":"gp","gp":"Heeranandapur","block":"Manikchak","lgd":109972},"geometry":{"type":"Polygon","coordinates":[[[87.81082,25.13911],[87.81258,25.13703],[87.81445,25.13329],[87.81479,25.13176],[87.81458,25.12817],[87.8139,25.12668],[87.81108,25.12375],[87.80095,25.11825],[87.79557,25.1159],[87.78604,25.11443],[87.78242,25.1133],[87.77903,25.1177],[87.77436,25.12136],[87.77355,25.12521],[87.78424,25.12771],[87.78469,25.12764],[87.78393,25.12616],[87.78419,25.12591],[87.78814,25.12831],[87.78939,25.12976],[87.78973,25.13251],[87.79253,25.13957],[87.79595,25.1394],[87.80021,25.14051],[87.80213,25.1422],[87.8031,25.14177],[87.8038,25.14731],[87.80349,25.14848],[87.80398,25.14933],[87.80249,25.15205],[87.80362,25.15339],[87.80461,25.15341],[87.80451,25.15506],[87.8061,25.15854],[87.80711,25.16282],[87.80737,25.1658],[87.80607,25.16887],[87.80693,25.16936],[87.80947,25.16712],[87.80973,25.16823],[87.80498,25.17266],[87.80561,25.17383],[87.80281,25.176],[87.80103,25.17609],[87.7994,25.1769],[87.79881,25.1749],[87.8004,25.16891],[87.80044,25.16683],[87.79867,25.16654],[87.79816,25.16556],[87.79257,25.16466],[87.79262,25.16356],[87.79064,25.1627],[87.77932,25.16251],[87.78262,25.17643],[87.78778,25.1913],[87.78913,25.20013],[87.79068,25.22165],[87.8052,25.21843],[87.8109,25.21455],[87.81648,25.21145],[87.81789,25.21079],[87.82145,25.21054],[87.8281,25.2065],[87.83199,25.20527],[87.84006,25.2015],[87.83984,25.19861],[87.83587,25.19282],[87.83514,25.19092],[87.83528,25.18677],[87.83358,25.18701],[87.82712,25.1896],[87.82605,25.18468],[87.82943,25.17965],[87.83062,25.17691],[87.82656,25.17139],[87.82528,25.16743],[87.82564,25.16606],[87.82438,25.16086],[87.82439,25.1573],[87.82345,25.15493],[87.82247,25.14665],[87.82105,25.14245],[87.81763,25.1379],[87.81585,25.1405],[87.81428,25.13913],[87.8142,25.13832],[87.81151,25.13982],[87.81092,25.13966],[87.81082,25.13911]],[[87.80252,25.18472],[87.80628,25.18312],[87.81045,25.18005],[87.80919,25.18564],[87.80787,25.18661],[87.80728,25.1878],[87.80502,25.18772],[87.8007,25.18923],[87.79715,25.19157],[87.79368,25.19064],[87.7916,25.1909],[87.79266,25.18929],[87.79238,25.18835],[87.7917,25.18788],[87.79967,25.18496],[87.80132,25.18579],[87.80252,25.18472]]]}},{"type":"Feature","bbox":[87.76388,25.31358,87.8305,25.41459],"properties":{"kind":"gp","gp":"Islampur","block":"Harishchandrapur-II","lgd":109923},"geometry":{"type":"Polygon","coordinates":[[[87.82357,25.33328],[87.82647,25.32666],[87.8256,25.32293],[87.82628,25.31358],[87.81831,25.31882],[87.80887,25.32306],[87.80506,25.32456],[87.7973,25.32522],[87.79596,25.3262],[87.79145,25.33414],[87.78824,25.33834],[87.78818,25.33906],[87.79018,25.34432],[87.79194,25.36287],[87.79359,25.36742],[87.79234,25.37054],[87.79231,25.37355],[87.77929,25.37308],[87.77367,25.37693],[87.76966,25.37898],[87.76588,25.38527],[87.76594,25.38751],[87.76816,25.39213],[87.76835,25.39401],[87.76749,25.39586],[87.76812,25.39893],[87.76936,25.39939],[87.77253,25.40422],[87.76589,25.40713],[87.76388,25.4075],[87.76432,25.41314],[87.76518,25.41441],[87.76573,25.41459],[87.76794,25.41344],[87.77045,25.40957],[87.77499,25.40876],[87.77542,25.40717],[87.77784,25.40695],[87.77859,25.4079],[87.78359,25.40598],[87.78366,25.40241],[87.7845,25.40174],[87.7842,25.40138],[87.78452,25.39927],[87.78519,25.39798],[87.78632,25.39828],[87.78645,25.39964],[87.78924,25.39987],[87.78956,25.39861],[87.79051,25.39757],[87.79038,25.39454],[87.79332,25.39434],[87.79378,25.39284],[87.79196,25.39184],[87.79326,25.38962],[87.79474,25.38886],[87.79507,25.38822],[87.7969,25.38876],[87.79698,25.38775],[87.79525,25.38674],[87.79538,25.38584],[87.7984,25.3869],[87.80004,25.38802],[87.80085,25.38772],[87.80163,25.38831],[87.80303,25.38782],[87.80335,25.38859],[87.80584,25.38961],[87.80645,25.39042],[87.80793,25.39055],[87.80945,25.38974],[87.81087,25.39025],[87.81164,25.38853],[87.81291,25.38747],[87.81423,25.38782],[87.8152,25.38725],[87.8163,25.38845],[87.82064,25.38781],[87.82165,25.38933],[87.822,25.39116],[87.82523,25.39041],[87.8267,25.39122],[87.82932,25.39031],[87.82926,25.38936],[87.82981,25.38855],[87.8305,25.38851],[87.82996,25.38799],[87.8275,25.38702],[87.8268,25.38626],[87.8255,25.38685],[87.82406,25.38418],[87.82274,25.38445],[87.82142,25.37875],[87.81705,25.37165],[87.81645,25.37168],[87.81521,25.37022],[87.81363,25.36627],[87.8112,25.36571],[87.80914,25.36743],[87.80727,25.36768],[87.80641,25.36573],[87.80467,25.36451],[87.80328,25.35746],[87.81134,25.35197],[87.81602,25.34786],[87.81885,25.34281],[87.82318,25.33745],[87.82357,25.33328]]]}},{"type":"Feature","bbox":[88.09056,24.90608,88.14386,24.99765],"properties":{"kind":"gp","gp":"Jadupur-I","block":"English Bazar","lgd":109880},"geometry":{"type":"Polygon","coordinates":[[[88.10928,24.93018],[88.11044,24.92744],[88.11211,24.92683],[88.11012,24.92504],[88.1109,24.92445],[88.11213,24.92198],[88.11322,24.92186],[88.11395,24.92088],[88.1151,24.91867],[88.11687,24.91028],[88.11826,24.90973],[88.11857,24.90815],[88.11927,24.90759],[88.11582,24.90608],[88.107,24.91667],[88.10116,24.9216],[88.09779,24.92526],[88.09524,24.92683],[88.09332,24.93051],[88.09414,24.93496],[88.09438,24.93992],[88.0953,24.94083],[88.09531,24.94273],[88.0959,24.94361],[88.09257,24.95248],[88.09056,24.95652],[88.09134,24.95582],[88.09261,24.95559],[88.09419,24.95588],[88.09877,24.95758],[88.10814,24.95945],[88.11268,24.96142],[88.1149,24.96162],[88.11137,24.97503],[88.10304,24.97514],[88.10034,24.98264],[88.10144,24.9831],[88.10126,24.98546],[88.10177,24.98588],[88.10834,24.98586],[88.10866,24.98546],[88.10964,24.98579],[88.10894,24.98769],[88.10979,24.98814],[88.11026,24.98948],[88.11074,24.98951],[88.11099,24.99119],[88.11241,24.99096],[88.11318,24.99158],[88.11332,24.99321],[88.11275,24.99385],[88.1114,24.99397],[88.10914,24.99387],[88.10923,24.99222],[88.10667,24.99208],[88.10619,24.99287],[88.1012,24.9921],[88.10085,24.99266],[88.09944,24.99241],[88.09979,24.99113],[88.09713,24.9903],[88.09537,24.99465],[88.09424,24.99565],[88.09762,24.99716],[88.1035,24.99751],[88.10524,24.99694],[88.10989,24.9968],[88.11033,24.99765],[88.11201,24.99757],[88.12116,24.99555],[88.12001,24.99259],[88.11994,24.98868],[88.12114,24.98861],[88.12134,24.98723],[88.12249,24.98723],[88.12277,24.98628],[88.12608,24.98621],[88.1291,24.98426],[88.13107,24.98208],[88.13499,24.98065],[88.13546,24.9797],[88.13508,24.97523],[88.13551,24.97363],[88.13439,24.97336],[88.13432,24.97085],[88.13485,24.97092],[88.13494,24.96993],[88.13334,24.96591],[88.13325,24.96455],[88.13376,24.9607],[88.13486,24.95741],[88.13543,24.95666],[88.13837,24.95903],[88.14123,24.95866],[88.14156,24.95936],[88.14354,24.95947],[88.14386,24.95244],[88.14341,24.9506],[88.13919,24.94929],[88.13737,24.94714],[88.13834,24.94557],[88.1386,24.94298],[88.13846,24.9378],[88.13807,24.9376],[88.13708,24.93875],[88.13577,24.94529],[88.13514,24.94597],[88.1355,24.94716],[88.13482,24.95159],[88.13615,24.95436],[88.13225,24.95501],[88.13002,24.95468],[88.12918,24.95621],[88.1289,24.96066],[88.1265,24.96215],[88.12471,24.96172],[88.12557,24.95813],[88.1197,24.95785],[88.12325,24.94346],[88.12554,24.93607],[88.12688,24.93333],[88.12848,24.92737],[88.12331,24.92632],[88.11571,24.92631],[88.11581,24.92845],[88.11477,24.92961],[88.11389,24.93228],[88.11373,24.93712],[88.11174,24.93622],[88.11143,24.93503],[88.11062,24.93461],[88.11078,24.93333],[88.11001,24.93369],[88.10812,24.93283],[88.10652,24.93448],[88.10608,24.93418],[88.10928,24.93018]]]}},{"type":"Feature","bbox":[88.1197,24.92737,88.18348,25.00186],"properties":{"kind":"gp","gp":"Jadupur-Ii","block":"English Bazar","lgd":109881},"geometry":{"type":"Polygon","coordinates":[[[88.13804,24.93616],[88.13835,24.93515],[88.13754,24.93505],[88.13854,24.93055],[88.1384,24.92809],[88.12848,24.92737],[88.12688,24.93333],[88.12554,24.93607],[88.12325,24.94346],[88.1197,24.95785],[88.12557,24.95813],[88.12471,24.96172],[88.1265,24.96215],[88.1289,24.96066],[88.12918,24.95621],[88.13002,24.95468],[88.13225,24.95501],[88.13615,24.95436],[88.13482,24.95159],[88.1355,24.94716],[88.13514,24.94597],[88.13577,24.94529],[88.13708,24.93875],[88.13807,24.9376],[88.13846,24.9378],[88.13834,24.94557],[88.13737,24.94714],[88.13919,24.94929],[88.14341,24.9506],[88.14386,24.95244],[88.14354,24.95947],[88.14156,24.95936],[88.14123,24.95866],[88.13837,24.95903],[88.13543,24.95666],[88.13486,24.95741],[88.13376,24.9607],[88.13325,24.96455],[88.13334,24.96591],[88.13494,24.96993],[88.13485,24.97092],[88.13432,24.97085],[88.13439,24.97336],[88.13551,24.97363],[88.13508,24.97523],[88.13546,24.9797],[88.13499,24.98065],[88.13853,24.98115],[88.14064,24.98032],[88.14153,24.98313],[88.14326,24.98298],[88.14428,24.9809],[88.14565,24.98137],[88.14654,24.98105],[88.1477,24.98173],[88.14729,24.98266],[88.14822,24.98403],[88.14761,24.98448],[88.1459,24.98846],[88.14605,24.9924],[88.148,24.99592],[88.15343,25.00186],[88.15449,25.00147],[88.14887,24.99342],[88.14851,24.98953],[88.14897,24.98636],[88.15562,24.97861],[88.18348,24.95377],[88.1805,24.94998],[88.17974,24.95013],[88.17549,24.94624],[88.17366,24.9471],[88.175,24.94873],[88.17021,24.95036],[88.16884,24.9476],[88.16802,24.94804],[88.16696,24.94637],[88.165,24.94621],[88.16435,24.94199],[88.16462,24.94138],[88.16242,24.94065],[88.16063,24.94084],[88.15935,24.94163],[88.15839,24.94137],[88.15939,24.93849],[88.15752,24.93352],[88.1498,24.93246],[88.14882,24.93351],[88.14604,24.93441],[88.1455,24.93673],[88.13804,24.93616]]]}},{"type":"Feature","bbox":[88.13223,25.09045,88.44776,25.21567],"properties":{"kind":"gp","gp":"Jagdala","block":"Bamongola","lgd":109859},"geometry":{"type":"MultiPolygon","coordinates":[[[[88.3907,25.10222],[88.38502,25.10254],[88.38403,25.10415],[88.38436,25.10591],[88.38073,25.10655],[88.38107,25.1077],[88.38405,25.10714],[88.38417,25.10838],[88.38247,25.11283],[88.38296,25.11357],[88.38069,25.1173],[88.38184,25.11882],[88.38293,25.11762],[88.38757,25.116],[88.38928,25.1184],[88.39012,25.11833],[88.3908,25.12002],[88.39029,25.12049],[88.38949,25.12413],[88.38555,25.12453],[88.38447,25.12237],[88.38303,25.12237],[88.38117,25.12294],[88.38045,25.12461],[88.3823,25.12713],[88.38126,25.12832],[88.38217,25.13069],[88.38389,25.13275],[88.38478,25.13514],[88.38373,25.13609],[88.38468,25.13632],[88.3845,25.13693],[88.38331,25.13773],[88.38564,25.13874],[88.38584,25.14055],[88.38566,25.14125],[88.38447,25.14204],[88.3831,25.14211],[88.38008,25.14535],[88.38086,25.14797],[88.38082,25.15007],[88.38403,25.15083],[88.38494,25.15019],[88.38448,25.15226],[88.38695,25.15461],[88.38806,25.154],[88.38933,25.15503],[88.38901,25.15624],[88.39105,25.15867],[88.39103,25.15941],[88.39247,25.15915],[88.39613,25.15965],[88.39739,25.16121],[88.39959,25.16244],[88.40016,25.16371],[88.40365,25.16588],[88.40613,25.1648],[88.40726,25.16483],[88.40553,25.16151],[88.40562,25.15955],[88.40892,25.15741],[88.4099,25.15467],[88.41533,25.15409],[88.41735,25.15292],[88.41908,25.15332],[88.42853,25.1529],[88.42935,25.15002],[88.42945,25.14825],[88.42896,25.1473],[88.42955,25.14673],[88.43061,25.14676],[88.43117,25.14567],[88.43095,25.14375],[88.42791,25.13807],[88.42791,25.13662],[88.42863,25.13545],[88.43286,25.13175],[88.43755,25.12913],[88.43626,25.12527],[88.43821,25.12391],[88.43919,25.12501],[88.44025,25.12812],[88.44149,25.12847],[88.44201,25.12774],[88.44142,25.12751],[88.44196,25.12428],[88.4414,25.1241],[88.44237,25.11902],[88.44301,25.11838],[88.44207,25.11498],[88.44552,25.11334],[88.44758,25.11043],[88.44776,25.10917],[88.44511,25.1029],[88.44448,25.10263],[88.4441,25.09971],[88.44598,25.09485],[88.44591,25.09398],[88.44651,25.09368],[88.44686,25.09258],[88.44687,25.09061],[88.44509,25.09045],[88.43983,25.09124],[88.43825,25.09185],[88.4386,25.09344],[88.43815,25.09373],[88.43524,25.09323],[88.43514,25.0912],[88.43439,25.09081],[88.41987,25.09255],[88.4127,25.09488],[88.40207,25.09964],[88.3907,25.10222]]],[[[88.137,25.19929],[88.13872,25.19745],[88.141,25.19664],[88.14581,25.19303],[88.14882,25.19218],[88.14697,25.18817],[88.14397,25.1882],[88.13757,25.18966],[88.13552,25.19083],[88.13579,25.19162],[88.13406,25.19196],[88.13223,25.19378],[88.13289,25.19496],[88.13459,25.19531],[88.13551,25.19663],[88.13665,25.19719],[88.1372,25.19847],[88.137,25.19929]]],[[[88.43617,25.2013],[88.43575,25.20218],[88.436,25.20367],[88.43551,25.20428],[88.43423,25.20425],[88.43376,25.2052],[88.43203,25.20558],[88.43141,25.20499],[88.4315,25.20314],[88.43207,25.20306],[88.43273,25.20167],[88.4324,25.20072],[88.43114,25.2018],[88.43049,25.20164],[88.43032,25.20063],[88.43253,25.19851],[88.43112,25.19815],[88.43036,25.1963],[88.42814,25.19511],[88.42666,25.19628],[88.42684,25.19665],[88.4294,25.19666],[88.42983,25.19761],[88.42718,25.20177],[88.42694,25.20306],[88.42761,25.20681],[88.42754,25.21127],[88.4294,25.21567],[88.43168,25.21142],[88.43301,25.21066],[88.43437,25.21032],[88.43658,25.21236],[88.43839,25.21284],[88.44049,25.21143],[88.44194,25.2096],[88.43778,25.20727],[88.4375,25.20128],[88.43617,25.2013]]]]}},{"type":"Feature","bbox":[88.33562,24.93915,88.42139,25.02486],"properties":{"kind":"gp","gp":"Jajail","block":"Habibpur","lgd":109909},"geometry":{"type":"Polygon","coordinates":[[[88.37358,24.94357],[88.37097,24.94254],[88.36991,24.94416],[88.36993,24.94521],[88.36931,24.9456],[88.36668,24.94491],[88.36529,24.9464],[88.36503,24.94711],[88.36637,24.94734],[88.36659,24.94799],[88.36423,24.94835],[88.36391,24.94891],[88.36613,24.95218],[88.36575,24.95302],[88.36328,24.95307],[88.36233,24.95181],[88.36058,24.95208],[88.36078,24.95382],[88.36004,24.95674],[88.35778,24.95974],[88.35734,24.96145],[88.35721,24.96299],[88.35793,24.96422],[88.35607,24.96487],[88.35462,24.96727],[88.35485,24.96874],[88.35387,24.96929],[88.35419,24.96995],[88.35618,24.9698],[88.35798,24.97119],[88.35713,24.97237],[88.35609,24.97272],[88.35575,24.97354],[88.35427,24.97332],[88.35297,24.97407],[88.35266,24.97349],[88.34977,24.97416],[88.3489,24.97289],[88.34653,24.97209],[88.34548,24.97236],[88.34456,24.97173],[88.3421,24.9721],[88.34141,24.97294],[88.33946,24.97208],[88.33564,24.97334],[88.33562,24.97424],[88.33616,24.97543],[88.33804,24.97715],[88.34018,24.97743],[88.3442,24.98364],[88.34569,24.98443],[88.34783,24.98453],[88.34887,24.9877],[88.35013,24.98932],[88.35089,24.99135],[88.35403,24.98996],[88.35486,24.98859],[88.35584,24.98938],[88.35528,24.99072],[88.35746,24.99289],[88.35882,24.99531],[88.36031,24.99632],[88.36023,24.99722],[88.36082,24.99774],[88.36065,24.99876],[88.36157,24.99927],[88.36207,25.00055],[88.36335,25.00162],[88.36321,25.00239],[88.36529,25.00143],[88.36561,25.00222],[88.36408,25.00425],[88.36538,25.0057],[88.36514,25.00631],[88.36574,25.00658],[88.36544,25.00712],[88.3659,25.00765],[88.36485,25.00939],[88.36391,25.00919],[88.36246,25.00974],[88.36228,25.01023],[88.36288,25.0116],[88.3648,25.0112],[88.36509,25.01063],[88.36825,25.01139],[88.36914,25.01429],[88.36795,25.01457],[88.36805,25.01529],[88.3696,25.01778],[88.37171,25.01969],[88.37165,25.02372],[88.37237,25.02486],[88.37402,25.02448],[88.37398,25.02389],[88.37682,25.02247],[88.37758,25.02137],[88.37839,25.02162],[88.38048,25.02096],[88.38066,25.02167],[88.38776,25.02162],[88.38768,25.02098],[88.38478,25.01776],[88.38492,25.01575],[88.38955,25.01485],[88.38956,25.01434],[88.39037,25.01396],[88.39001,25.01275],[88.39086,25.01232],[88.39247,25.0127],[88.39488,25.01097],[88.39496,25.01147],[88.3959,25.0118],[88.3989,25.01067],[88.39904,25.01138],[88.40282,25.01092],[88.40497,25.01186],[88.40645,25.01186],[88.40762,25.01281],[88.40781,25.01352],[88.4122,25.01392],[88.4126,25.01356],[88.41181,25.01],[88.41263,25.00835],[88.41275,25.0061],[88.41814,25.00607],[88.42139,25.00462],[88.42033,25.00317],[88.4186,25.0046],[88.41704,25.00486],[88.41599,25.00441],[88.41283,25.00441],[88.41306,25.00075],[88.4117,24.99846],[88.41152,24.99576],[88.41043,24.99472],[88.41057,24.9926],[88.41266,24.99011],[88.41172,24.98548],[88.41661,24.98515],[88.41722,24.98383],[88.41864,24.98431],[88.41872,24.98318],[88.41828,24.98256],[88.41485,24.98324],[88.41232,24.9823],[88.41535,24.98031],[88.41628,24.9802],[88.41672,24.97593],[88.41743,24.97489],[88.41721,24.97416],[88.41595,24.97318],[88.41082,24.97353],[88.41065,24.97494],[88.4094,24.97744],[88.40858,24.97724],[88.40824,24.97841],[88.40503,24.97943],[88.40471,24.97693],[88.40363,24.9751],[88.40373,24.974],[88.40462,24.97387],[88.40455,24.97331],[88.40575,24.97292],[88.40532,24.97239],[88.40467,24.97285],[88.4042,24.97119],[88.40281,24.97115],[88.4039,24.97231],[88.40354,24.97349],[88.39846,24.97295],[88.39775,24.97095],[88.39525,24.96908],[88.39468,24.96617],[88.39613,24.96598],[88.39599,24.96468],[88.39399,24.96403],[88.39355,24.96481],[88.3929,24.96481],[88.39364,24.96013],[88.39494,24.96052],[88.39519,24.95947],[88.39718,24.9605],[88.39913,24.95919],[88.39752,24.9579],[88.39862,24.95696],[88.39897,24.95535],[88.40055,24.95482],[88.4001,24.9537],[88.40105,24.95323],[88.40091,24.95195],[88.40189,24.9506],[88.40059,24.94911],[88.40096,24.94858],[88.3992,24.9478],[88.39884,24.94532],[88.39417,24.94149],[88.39236,24.94172],[88.39176,24.94292],[88.39014,24.9418],[88.38949,24.94187],[88.38963,24.9428],[88.38876,24.9436],[88.38725,24.94229],[88.38736,24.93952],[88.38459,24.93915],[88.38105,24.93932],[88.37952,24.94028],[88.37745,24.94299],[88.37358,24.94357]]]}},{"type":"Feature","bbox":[88.0155,25.27541,88.08537,25.3557],"properties":{"kind":"gp","gp":"Jalalpur","block":"Chanchal-II","lgd":109874},"geometry":{"type":"Polygon","coordinates":[[[88.01674,25.30256],[88.01779,25.31355],[88.01653,25.31529],[88.01683,25.31624],[88.0188,25.31535],[88.019,25.31472],[88.02425,25.313],[88.02462,25.31374],[88.02856,25.3123],[88.02912,25.31289],[88.03213,25.31187],[88.03534,25.3116],[88.03596,25.31252],[88.03448,25.31269],[88.02906,25.31493],[88.02808,25.31598],[88.02366,25.31802],[88.0236,25.31946],[88.02688,25.3187],[88.02908,25.31965],[88.03217,25.32443],[88.03373,25.32329],[88.03676,25.32313],[88.04041,25.32213],[88.0389,25.31856],[88.04158,25.31747],[88.04268,25.31779],[88.04335,25.31867],[88.04441,25.3176],[88.04533,25.31799],[88.04455,25.31853],[88.04476,25.31996],[88.04397,25.32177],[88.04431,25.32444],[88.04657,25.32457],[88.04686,25.3268],[88.0463,25.32694],[88.04637,25.32803],[88.04718,25.32809],[88.0482,25.32936],[88.04933,25.32923],[88.04934,25.3314],[88.05177,25.33161],[88.05298,25.33315],[88.04913,25.33433],[88.04783,25.33593],[88.04799,25.33669],[88.04911,25.33754],[88.04953,25.33887],[88.05049,25.33978],[88.05218,25.33983],[88.05364,25.34299],[88.05295,25.34339],[88.05357,25.34598],[88.0547,25.34687],[88.05568,25.34645],[88.05616,25.34731],[88.05536,25.34754],[88.0559,25.34836],[88.05757,25.34806],[88.05816,25.3501],[88.06016,25.34942],[88.0636,25.34942],[88.06499,25.35339],[88.06688,25.35327],[88.06746,25.354],[88.06927,25.35375],[88.06954,25.35529],[88.07117,25.35519],[88.0712,25.35565],[88.07371,25.3557],[88.07515,25.3548],[88.07938,25.3544],[88.07935,25.35391],[88.08072,25.35345],[88.0804,25.35126],[88.08074,25.34814],[88.08124,25.3474],[88.08083,25.34615],[88.08145,25.34468],[88.08064,25.34206],[88.08248,25.342],[88.08277,25.33997],[88.08135,25.33625],[88.08113,25.33276],[88.07812,25.33142],[88.07576,25.33241],[88.07363,25.33257],[88.0737,25.33144],[88.08167,25.33021],[88.08205,25.32995],[88.08129,25.3287],[88.07726,25.32823],[88.07675,25.32725],[88.08028,25.32601],[88.08516,25.32571],[88.08486,25.32448],[88.08537,25.32359],[88.08508,25.32194],[88.08162,25.32133],[88.08078,25.32051],[88.07968,25.31208],[88.07738,25.30636],[88.07428,25.30274],[88.07311,25.29838],[88.076,25.29475],[88.07669,25.29314],[88.07663,25.28776],[88.07398,25.27843],[88.07157,25.27693],[88.07108,25.27603],[88.06953,25.27541],[88.069,25.27679],[88.06798,25.27693],[88.06684,25.27618],[88.06653,25.27871],[88.06306,25.28158],[88.06186,25.28317],[88.06012,25.28321],[88.05771,25.28421],[88.05454,25.28617],[88.05441,25.2869],[88.0528,25.28727],[88.05181,25.28842],[88.04737,25.28947],[88.04556,25.2875],[88.04352,25.28727],[88.04113,25.2896],[88.04098,25.2919],[88.03815,25.29191],[88.03314,25.2929],[88.03275,25.29231],[88.02989,25.29298],[88.02621,25.29526],[88.01779,25.29876],[88.01747,25.2994],[88.0155,25.30005],[88.01674,25.30256]]]}},{"type":"Feature","bbox":[88.04426,24.86684,88.09062,24.91932],"properties":{"kind":"gp","gp":"Jalalpur","block":"Kaliachak-I","lgd":109935},"geometry":{"type":"Polygon","coordinates":[[[88.05329,24.87434],[88.05339,24.87523],[88.05281,24.87553],[88.05391,24.87695],[88.05772,24.87723],[88.05892,24.87864],[88.06123,24.8801],[88.06064,24.88113],[88.06294,24.8838],[88.0599,24.88425],[88.05913,24.88524],[88.05788,24.88531],[88.05765,24.88606],[88.05429,24.88702],[88.05372,24.89202],[88.05067,24.89279],[88.05114,24.89351],[88.0507,24.89459],[88.05201,24.8971],[88.04968,24.89807],[88.04933,24.89925],[88.04869,24.89933],[88.04903,24.901],[88.04852,24.90182],[88.04927,24.90426],[88.04613,24.90511],[88.04659,24.90726],[88.04483,24.90809],[88.04615,24.90996],[88.04593,24.91087],[88.04723,24.91313],[88.04721,24.91424],[88.04441,24.91475],[88.04426,24.91529],[88.04479,24.91563],[88.04437,24.91702],[88.04654,24.91681],[88.04744,24.91883],[88.04785,24.91865],[88.04771,24.91723],[88.05364,24.91428],[88.0632,24.91383],[88.06616,24.91463],[88.06682,24.91407],[88.07234,24.91676],[88.07189,24.91884],[88.07273,24.91932],[88.07457,24.91698],[88.07549,24.9177],[88.07684,24.9172],[88.07593,24.91489],[88.07607,24.91375],[88.07481,24.91239],[88.0733,24.91194],[88.07288,24.90888],[88.07161,24.90782],[88.07213,24.90651],[88.07321,24.90541],[88.07965,24.90175],[88.08686,24.89969],[88.09027,24.89926],[88.08921,24.89673],[88.08826,24.89581],[88.08869,24.89492],[88.08834,24.89317],[88.09062,24.88609],[88.08615,24.88581],[88.08458,24.88515],[88.08421,24.88433],[88.08334,24.88458],[88.07972,24.88346],[88.0763,24.88195],[88.07229,24.87931],[88.06945,24.87489],[88.06801,24.87043],[88.06692,24.86859],[88.0651,24.86684],[88.06277,24.8687],[88.06356,24.87018],[88.06251,24.87177],[88.06288,24.87247],[88.06164,24.87253],[88.0615,24.87032],[88.06113,24.86954],[88.06009,24.86918],[88.05901,24.8704],[88.05815,24.87002],[88.05678,24.87025],[88.05477,24.87073],[88.05375,24.87146],[88.05232,24.87154],[88.05196,24.87319],[88.05245,24.87428],[88.05329,24.87434]]]}},{"type":"Feature","bbox":[88.06692,24.84522,88.12297,24.88614],"properties":{"kind":"gp","gp":"Jaluabadhal","block":"Kaliachak-I","lgd":109936},"geometry":{"type":"Polygon","coordinates":[[[88.10956,24.86788],[88.11348,24.86713],[88.11544,24.8659],[88.11513,24.86166],[88.1156,24.85937],[88.11677,24.85728],[88.12271,24.85007],[88.12297,24.84786],[88.12248,24.84522],[88.11616,24.84881],[88.11125,24.85075],[88.10983,24.85088],[88.10678,24.84951],[88.1061,24.84965],[88.10573,24.84804],[88.105,24.84808],[88.10346,24.85006],[88.10077,24.84983],[88.10028,24.85028],[88.10049,24.85211],[88.1001,24.8525],[88.10051,24.8539],[88.09803,24.85398],[88.09627,24.85243],[88.09076,24.85305],[88.08371,24.85184],[88.08117,24.85208],[88.08328,24.85387],[88.07896,24.85806],[88.07678,24.86155],[88.07948,24.8633],[88.07778,24.86723],[88.07676,24.86781],[88.07358,24.8665],[88.07163,24.86634],[88.0684,24.86709],[88.06692,24.86859],[88.06801,24.87043],[88.06945,24.87489],[88.07229,24.87931],[88.0763,24.88195],[88.08334,24.88458],[88.08421,24.88433],[88.08458,24.88515],[88.08615,24.88581],[88.09529,24.88614],[88.09574,24.88572],[88.10137,24.88495],[88.10319,24.8838],[88.10556,24.88347],[88.10749,24.87904],[88.10916,24.87779],[88.1089,24.87649],[88.10963,24.8726],[88.10884,24.87117],[88.10894,24.8676],[88.10956,24.86788]]]}},{"type":"Feature","bbox":[88.18897,25.0456,88.28171,25.13722],"properties":{"kind":"gp","gp":"Jatradanga","block":"Old Malda","lgd":109979},"geometry":{"type":"MultiPolygon","coordinates":[[[[88.21053,25.04841],[88.2084,25.04676],[88.20583,25.0456],[88.20499,25.04609],[88.2036,25.04589],[88.20234,25.04718],[88.20252,25.04917],[88.20098,25.04948],[88.20111,25.05147],[88.1997,25.05306],[88.20006,25.05511],[88.19983,25.05845],[88.19905,25.06047],[88.19837,25.06046],[88.19813,25.05965],[88.19562,25.06018],[88.1981,25.06347],[88.19873,25.06561],[88.19979,25.06593],[88.20059,25.06743],[88.20089,25.06902],[88.20056,25.07213],[88.2001,25.0726],[88.20047,25.07318],[88.19898,25.07384],[88.19819,25.07598],[88.19865,25.07668],[88.19739,25.07762],[88.19655,25.07946],[88.197,25.08061],[88.19944,25.08175],[88.20071,25.08315],[88.19791,25.0835],[88.19751,25.08408],[88.19615,25.08345],[88.19551,25.08368],[88.19476,25.08562],[88.19371,25.08563],[88.19339,25.08655],[88.19202,25.08752],[88.19108,25.08742],[88.19129,25.08806],[88.18936,25.08796],[88.18989,25.08947],[88.18913,25.08961],[88.19135,25.09443],[88.19263,25.10026],[88.19199,25.101],[88.19202,25.10192],[88.18897,25.10628],[88.19498,25.11324],[88.19734,25.11875],[88.19861,25.11936],[88.19888,25.11852],[88.20465,25.11806],[88.20688,25.11964],[88.20987,25.1189],[88.21074,25.12095],[88.21041,25.12216],[88.21222,25.12363],[88.21229,25.12471],[88.21314,25.12437],[88.21475,25.12536],[88.21679,25.12444],[88.21674,25.12253],[88.21824,25.12127],[88.2194,25.12243],[88.22255,25.12321],[88.22361,25.12404],[88.2272,25.1254],[88.22986,25.12299],[88.2324,25.12259],[88.23811,25.12455],[88.24604,25.12212],[88.24604,25.11933],[88.24712,25.11776],[88.24878,25.11722],[88.25037,25.1171],[88.25375,25.11797],[88.26413,25.1171],[88.26284,25.11388],[88.26312,25.1132],[88.26566,25.11228],[88.2662,25.1116],[88.26625,25.10868],[88.26833,25.10686],[88.26718,25.10464],[88.26703,25.10265],[88.2666,25.10211],[88.26428,25.10252],[88.26348,25.10217],[88.2627,25.10062],[88.26182,25.10051],[88.26121,25.09942],[88.26131,25.09821],[88.26296,25.09618],[88.26016,25.09464],[88.25863,25.09692],[88.2581,25.09629],[88.25898,25.09477],[88.25888,25.09349],[88.25819,25.09246],[88.25729,25.09231],[88.25697,25.09333],[88.25608,25.09374],[88.25384,25.09171],[88.25529,25.09096],[88.25732,25.09114],[88.25861,25.08986],[88.25853,25.08886],[88.25666,25.08873],[88.25467,25.08961],[88.25173,25.08929],[88.25194,25.08668],[88.25154,25.08588],[88.25018,25.08517],[88.24727,25.085],[88.24601,25.0815],[88.24696,25.08133],[88.24784,25.08211],[88.24834,25.08198],[88.25083,25.07994],[88.2509,25.07416],[88.24892,25.07016],[88.24849,25.06831],[88.24728,25.06683],[88.24724,25.06599],[88.24863,25.06577],[88.24862,25.06527],[88.24762,25.06485],[88.24352,25.06535],[88.24303,25.06497],[88.24347,25.0642],[88.24544,25.06316],[88.24507,25.06223],[88.2433,25.06081],[88.24312,25.06018],[88.24431,25.05994],[88.24433,25.05934],[88.24278,25.05743],[88.23904,25.05572],[88.23916,25.0552],[88.24018,25.05481],[88.24027,25.05427],[88.23932,25.05352],[88.24007,25.05279],[88.23986,25.05211],[88.23924,25.052],[88.23724,25.05376],[88.23799,25.05507],[88.23553,25.05538],[88.23495,25.05479],[88.2356,25.05285],[88.23311,25.05225],[88.23277,25.05179],[88.23221,25.04874],[88.23125,25.04855],[88.23191,25.04746],[88.23073,25.04695],[88.22992,25.04742],[88.22902,25.04667],[88.22787,25.04663],[88.22572,25.04856],[88.22395,25.04906],[88.22404,25.0498],[88.2228,25.04965],[88.22194,25.04857],[88.22117,25.04856],[88.22133,25.0494],[88.21952,25.05102],[88.2197,25.053],[88.22206,25.05385],[88.22304,25.05515],[88.22002,25.05621],[88.21751,25.05509],[88.2148,25.04964],[88.21488,25.04883],[88.21053,25.04841]]],[[[88.26866,25.11735],[88.2657,25.11728],[88.27319,25.12145],[88.27599,25.12186],[88.27752,25.12349],[88.27894,25.12173],[88.27853,25.11994],[88.28058,25.11784],[88.28171,25.11592],[88.27479,25.11833],[88.27384,25.11657],[88.26866,25.11735]]],[[[88.23242,25.13414],[88.23427,25.13567],[88.23327,25.13722],[88.23436,25.13709],[88.23537,25.13645],[88.23487,25.13541],[88.23881,25.13321],[88.2392,25.13238],[88.24073,25.13171],[88.24158,25.13276],[88.24143,25.12927],[88.24041,25.12709],[88.23909,25.12579],[88.2364,25.12683],[88.23661,25.12775],[88.23394,25.12827],[88.2336,25.12978],[88.23067,25.12969],[88.23153,25.1317],[88.23248,25.13171],[88.23242,25.13414]]]]}},{"type":"Feature","bbox":[87.85043,25.16657,87.92449,25.21151],"properties":{"kind":"gp","gp":"Kahala","block":"Ratua-I","lgd":109990},"geometry":{"type":"Polygon","coordinates":[[[87.90121,25.17039],[87.89963,25.16942],[87.89592,25.17065],[87.88851,25.16955],[87.88429,25.1702],[87.88336,25.17097],[87.8795,25.1705],[87.87821,25.1708],[87.87794,25.16934],[87.87966,25.16737],[87.87929,25.16657],[87.87253,25.16886],[87.87186,25.16896],[87.87135,25.16836],[87.86953,25.16871],[87.86811,25.16921],[87.86754,25.17059],[87.86733,25.17172],[87.86885,25.17359],[87.86845,25.17413],[87.86507,25.17503],[87.85731,25.17944],[87.85429,25.18366],[87.85043,25.18607],[87.85146,25.18703],[87.86178,25.19086],[87.85757,25.18697],[87.86216,25.18379],[87.86405,25.18424],[87.86905,25.18325],[87.87282,25.1838],[87.87792,25.18532],[87.87911,25.18752],[87.87934,25.18976],[87.8769,25.19492],[87.87735,25.19637],[87.87492,25.19727],[87.87411,25.19831],[87.87611,25.19942],[87.87706,25.20068],[87.87704,25.20173],[87.87534,25.20407],[87.87545,25.20588],[87.87497,25.207],[87.87789,25.2088],[87.87877,25.20896],[87.88107,25.20806],[87.88181,25.20818],[87.886,25.2045],[87.88643,25.20485],[87.88729,25.20904],[87.88817,25.20998],[87.89381,25.211],[87.90051,25.20762],[87.9016,25.20502],[87.90311,25.2041],[87.90308,25.20358],[87.90788,25.20307],[87.9128,25.2038],[87.91446,25.20461],[87.91991,25.21151],[87.9211,25.21098],[87.92375,25.20838],[87.92443,25.20745],[87.92449,25.20629],[87.92117,25.20091],[87.92051,25.19926],[87.92015,25.19571],[87.91774,25.19537],[87.91732,25.19617],[87.91417,25.19589],[87.91302,25.19448],[87.91438,25.19323],[87.91501,25.19362],[87.91689,25.19284],[87.92016,25.19283],[87.91964,25.19039],[87.92009,25.18948],[87.91971,25.18444],[87.91889,25.18312],[87.91894,25.18238],[87.91964,25.18237],[87.91652,25.17185],[87.91593,25.17224],[87.91207,25.17247],[87.91055,25.17169],[87.90802,25.17179],[87.90426,25.1729],[87.90361,25.17079],[87.90264,25.17022],[87.90121,25.17039]]]}},{"type":"Feature","bbox":[88.03844,24.95559,88.12904,25.02493],"properties":{"kind":"gp","gp":"Kajigram","block":"English Bazar","lgd":109882},"geometry":{"type":"Polygon","coordinates":[[[88.0547,24.96102],[88.05417,24.96203],[88.05387,24.96801],[88.05618,24.96815],[88.05661,24.96915],[88.05679,24.9744],[88.05966,24.97691],[88.06169,24.97726],[88.06185,24.97801],[88.06552,24.97903],[88.06666,24.98108],[88.06471,24.98164],[88.0626,24.98415],[88.06054,24.98412],[88.05874,24.98638],[88.05753,24.98605],[88.05578,24.98354],[88.05423,24.98415],[88.05266,24.98548],[88.05441,24.98805],[88.05117,24.98993],[88.05039,24.98889],[88.04972,24.98922],[88.04823,24.98722],[88.04691,24.98751],[88.04869,24.99172],[88.04271,24.99465],[88.04452,24.99712],[88.04328,24.99786],[88.04196,24.99672],[88.0401,24.99782],[88.03844,24.9978],[88.03891,24.99939],[88.03896,25.00526],[88.0415,25.00409],[88.04195,25.00459],[88.04313,25.00363],[88.04299,25.0028],[88.0441,25.00227],[88.04609,25.00526],[88.04811,25.00516],[88.04976,25.00757],[88.05119,25.0073],[88.05249,25.01136],[88.0523,25.01211],[88.05154,25.01246],[88.05189,25.01291],[88.05489,25.01291],[88.05602,25.01128],[88.05813,25.01038],[88.05728,25.00849],[88.05899,25.00762],[88.06207,25.01124],[88.06283,25.01088],[88.06356,25.01157],[88.06391,25.01429],[88.06595,25.01297],[88.06685,25.01345],[88.06763,25.01272],[88.06945,25.01394],[88.07129,25.01227],[88.07178,25.01282],[88.06858,25.01556],[88.07191,25.01681],[88.07088,25.0218],[88.0701,25.02257],[88.07006,25.02333],[88.07497,25.02195],[88.07919,25.01948],[88.08488,25.01885],[88.08477,25.01716],[88.08871,25.0164],[88.08946,25.01686],[88.09047,25.0167],[88.09062,25.01614],[88.09598,25.01575],[88.10117,25.01463],[88.10128,25.01561],[88.10281,25.01545],[88.10855,25.01357],[88.11057,25.02041],[88.11258,25.02264],[88.11475,25.02435],[88.11593,25.02468],[88.11982,25.02408],[88.12106,25.02493],[88.12087,25.02394],[88.12279,25.02241],[88.11979,25.00772],[88.12627,25.00526],[88.12394,25.0003],[88.12245,24.99507],[88.12699,24.99384],[88.1288,24.99144],[88.12904,24.98984],[88.12492,24.98858],[88.12512,24.9872],[88.12619,24.98654],[88.12608,24.98621],[88.12277,24.98628],[88.12249,24.98723],[88.12134,24.98723],[88.12114,24.98861],[88.11994,24.98868],[88.12001,24.99259],[88.12116,24.99555],[88.11805,24.99648],[88.11201,24.99757],[88.11033,24.99765],[88.10989,24.9968],[88.10524,24.99694],[88.1035,24.99751],[88.09762,24.99716],[88.09424,24.99565],[88.09537,24.99465],[88.09713,24.9903],[88.09979,24.99113],[88.09944,24.99241],[88.10085,24.99266],[88.1012,24.9921],[88.10619,24.99287],[88.10667,24.99208],[88.10923,24.99222],[88.10914,24.99387],[88.1114,24.99397],[88.11275,24.99385],[88.11332,24.99321],[88.11318,24.99158],[88.11241,24.99096],[88.11099,24.99119],[88.11074,24.98951],[88.11026,24.98948],[88.10979,24.98814],[88.10894,24.98769],[88.10964,24.98579],[88.10866,24.98546],[88.10834,24.98586],[88.10177,24.98588],[88.10126,24.98546],[88.10144,24.9831],[88.10034,24.98264],[88.10304,24.97514],[88.11137,24.97503],[88.1149,24.96162],[88.11268,24.96142],[88.10814,24.95945],[88.09877,24.95758],[88.09261,24.95559],[88.09134,24.95582],[88.09056,24.95652],[88.0884,24.95876],[88.08584,24.96267],[88.08088,24.96596],[88.07967,24.96744],[88.07425,24.96776],[88.07189,24.96755],[88.06402,24.96513],[88.0547,24.96102]]]}},{"type":"Feature","bbox":[88.00372,24.85652,88.01525,24.86699],"properties":{"kind":"gp","gp":"Kaliachak-I","block":"Kaliachak-I","lgd":109937},"geometry":{"type":"Polygon","coordinates":[[[88.00372,24.86269],[88.00432,24.86699],[88.00681,24.86626],[88.00678,24.86568],[88.01025,24.86418],[88.01441,24.86555],[88.01498,24.86436],[88.01442,24.86275],[88.01525,24.85998],[88.01425,24.85876],[88.01442,24.85769],[88.01384,24.85652],[88.01159,24.85748],[88.01165,24.85848],[88.0112,24.85871],[88.00846,24.85854],[88.00462,24.86149],[88.00372,24.86269]]]}},{"type":"Feature","bbox":[88.00091,24.82759,88.04795,24.87644],"properties":{"kind":"gp","gp":"Kaliachak-Ii","block":"Kaliachak-I","lgd":109938},"geometry":{"type":"MultiPolygon","coordinates":[[[[88.03535,24.83519],[88.03476,24.8287],[88.03386,24.82827],[88.03372,24.82759],[88.03054,24.82855],[88.02957,24.82933],[88.02953,24.83013],[88.02485,24.83016],[88.02455,24.8305],[88.01813,24.82909],[88.01692,24.83047],[88.0114,24.8315],[88.01089,24.83147],[88.00973,24.82999],[88.00816,24.83076],[88.00843,24.83218],[88.00698,24.83188],[88.00649,24.83445],[88.00227,24.83656],[88.00301,24.83874],[88.00545,24.8429],[88.00091,24.84787],[88.00881,24.856],[88.01787,24.84992],[88.02349,24.84176],[88.03196,24.84011],[88.03462,24.83829],[88.03535,24.83519]]],[[[88.01425,24.85876],[88.01525,24.85998],[88.01493,24.86135],[88.01668,24.86263],[88.01731,24.86466],[88.01866,24.86618],[88.01874,24.86755],[88.02223,24.87218],[88.02193,24.87256],[88.02357,24.87383],[88.02732,24.87469],[88.02922,24.87459],[88.03133,24.87644],[88.03868,24.87331],[88.04795,24.87203],[88.04778,24.87101],[88.04332,24.87066],[88.04264,24.87022],[88.04159,24.86748],[88.0408,24.86741],[88.03991,24.86572],[88.03724,24.86607],[88.03522,24.86406],[88.03458,24.86198],[88.03294,24.86243],[88.03135,24.86215],[88.02993,24.86169],[88.02923,24.86083],[88.02612,24.86258],[88.02477,24.86408],[88.02181,24.86191],[88.01567,24.85467],[88.01373,24.85536],[88.01442,24.85769],[88.01425,24.85876]]]]}},{"type":"Feature","bbox":[88.00954,25.38067,88.05926,25.42572],"properties":{"kind":"gp","gp":"Kaligram","block":"Chanchal-I","lgd":109865},"geometry":{"type":"Polygon","coordinates":[[[88.04552,25.39345],[88.03978,25.38259],[88.03918,25.38258],[88.03856,25.3811],[88.03741,25.38067],[88.03486,25.38101],[88.03059,25.38243],[88.02931,25.38329],[88.02888,25.38421],[88.02913,25.38485],[88.02773,25.38581],[88.02666,25.38597],[88.02563,25.38702],[88.02376,25.3869],[88.0246,25.3987],[88.02603,25.39946],[88.02733,25.40305],[88.01821,25.40396],[88.01776,25.40441],[88.01473,25.405],[88.01424,25.40388],[88.01093,25.40407],[88.00976,25.40624],[88.01,25.40777],[88.00954,25.40881],[88.01017,25.41046],[88.00974,25.41105],[88.00981,25.41216],[88.01227,25.41328],[88.01496,25.4171],[88.01536,25.41895],[88.0163,25.41922],[88.01607,25.42012],[88.01729,25.42143],[88.0172,25.42416],[88.01876,25.42445],[88.01837,25.42505],[88.01995,25.42572],[88.02349,25.42566],[88.02384,25.42507],[88.02728,25.42391],[88.02969,25.42366],[88.02861,25.42267],[88.02891,25.42232],[88.03052,25.42278],[88.03015,25.42161],[88.03108,25.42141],[88.04073,25.4207],[88.04089,25.422],[88.04183,25.4218],[88.04168,25.42266],[88.0433,25.4223],[88.04371,25.42275],[88.04873,25.42192],[88.04879,25.42158],[88.05288,25.42119],[88.0529,25.42073],[88.05541,25.42063],[88.05547,25.41951],[88.05477,25.41927],[88.05499,25.41878],[88.0577,25.41825],[88.05755,25.41701],[88.05546,25.41624],[88.05488,25.41276],[88.05563,25.41153],[88.05926,25.41064],[88.05923,25.40889],[88.05768,25.40297],[88.05653,25.40088],[88.05223,25.39909],[88.04678,25.39318],[88.04552,25.39345]]]}},{"type":"Feature","bbox":[88.28728,24.95523,88.37482,25.04818],"properties":{"kind":"gp","gp":"Kanturka","block":"Habibpur","lgd":109910},"geometry":{"type":"MultiPolygon","coordinates":[[[[88.29216,24.96801],[88.29275,24.96777],[88.29352,24.96832],[88.29394,24.96687],[88.29742,24.96613],[88.30109,24.96415],[88.29966,24.95959],[88.29785,24.95761],[88.29737,24.95595],[88.29656,24.95523],[88.29541,24.95541],[88.29428,24.95649],[88.29291,24.95623],[88.29274,24.95789],[88.29544,24.96147],[88.2935,24.96242],[88.29375,24.96347],[88.28728,24.96516],[88.28815,24.96809],[88.29146,24.96725],[88.29216,24.96801]]],[[[88.29798,24.99396],[88.29582,24.99357],[88.29726,24.99642],[88.29556,24.99739],[88.29506,24.99974],[88.29294,25.00078],[88.29165,25.0009],[88.29209,25.00201],[88.29417,25.00123],[88.29453,25.0018],[88.29552,25.00061],[88.29719,25.00051],[88.2974,25.00304],[88.29837,25.00303],[88.29911,25.00363],[88.30073,25.00308],[88.30105,25.00564],[88.30225,25.00697],[88.30261,25.00826],[88.30465,25.00959],[88.30417,25.0122],[88.30505,25.01378],[88.30524,25.01526],[88.30378,25.01575],[88.30188,25.01789],[88.30132,25.01935],[88.30031,25.01945],[88.29887,25.02118],[88.2999,25.02388],[88.29967,25.0248],[88.2978,25.02585],[88.29692,25.02835],[88.29739,25.02901],[88.29729,25.0304],[88.29903,25.03039],[88.3003,25.03115],[88.30261,25.03382],[88.30175,25.03543],[88.30216,25.03593],[88.30179,25.03869],[88.30334,25.04189],[88.30493,25.0437],[88.30356,25.04397],[88.30615,25.04569],[88.30748,25.04635],[88.30791,25.04581],[88.30859,25.04603],[88.31042,25.0471],[88.31155,25.04695],[88.31203,25.04779],[88.31357,25.04818],[88.31805,25.04773],[88.31895,25.04633],[88.31771,25.04407],[88.3187,25.04389],[88.31905,25.04222],[88.32054,25.04323],[88.32207,25.0456],[88.32299,25.04517],[88.32221,25.04425],[88.32309,25.04391],[88.32363,25.04276],[88.32566,25.04174],[88.33313,25.03597],[88.33379,25.03447],[88.33567,25.03272],[88.3357,25.03158],[88.33743,25.0314],[88.33778,25.03086],[88.33938,25.0307],[88.33959,25.03192],[88.34297,25.03174],[88.34396,25.03091],[88.34524,25.03114],[88.34775,25.0304],[88.35537,25.03076],[88.35731,25.02941],[88.35999,25.02964],[88.36239,25.0329],[88.3628,25.03504],[88.36656,25.03571],[88.36675,25.03494],[88.36821,25.03465],[88.36854,25.03396],[88.36992,25.0338],[88.37034,25.03242],[88.37138,25.03266],[88.37314,25.03125],[88.37268,25.03056],[88.37316,25.03007],[88.37464,25.03062],[88.37424,25.02879],[88.37482,25.02833],[88.37317,25.02475],[88.37237,25.02486],[88.37165,25.02372],[88.37171,25.01969],[88.3696,25.01778],[88.36805,25.01529],[88.36795,25.01457],[88.36914,25.01429],[88.36825,25.01139],[88.36509,25.01063],[88.3648,25.0112],[88.36288,25.0116],[88.36228,25.01023],[88.36246,25.00974],[88.36391,25.00919],[88.36485,25.00939],[88.3659,25.00765],[88.36544,25.00712],[88.36574,25.00658],[88.36514,25.00631],[88.36538,25.0057],[88.36408,25.00425],[88.36561,25.00222],[88.36529,25.00143],[88.36321,25.00239],[88.36335,25.00162],[88.36207,25.00055],[88.36157,24.99927],[88.36065,24.99876],[88.36082,24.99774],[88.36023,24.99722],[88.36031,24.99632],[88.35882,24.99531],[88.35746,24.99289],[88.35528,24.99072],[88.35584,24.98938],[88.35486,24.98859],[88.35403,24.98996],[88.35089,24.99135],[88.34936,24.99455],[88.34785,24.99561],[88.3475,24.99664],[88.34631,24.99679],[88.34585,24.99623],[88.3449,24.99653],[88.34443,24.99507],[88.34283,24.9941],[88.3419,24.99462],[88.34135,24.99414],[88.34193,24.99377],[88.34155,24.98998],[88.34197,24.98718],[88.34269,24.98681],[88.34297,24.98552],[88.34483,24.98399],[88.3442,24.98364],[88.34018,24.97743],[88.33804,24.97715],[88.33616,24.97543],[88.33564,24.97334],[88.33285,24.97359],[88.33189,24.97445],[88.33007,24.97438],[88.32982,24.97562],[88.32928,24.97569],[88.32908,24.97764],[88.32652,24.97828],[88.32689,24.97903],[88.32546,24.98118],[88.32555,24.98257],[88.32496,24.98286],[88.32476,24.98397],[88.32351,24.9848],[88.3236,24.98543],[88.32267,24.98607],[88.32104,24.98611],[88.3206,24.9872],[88.31921,24.98786],[88.31756,24.98745],[88.31759,24.98651],[88.31666,24.98576],[88.31579,24.98311],[88.3137,24.98456],[88.31158,24.98408],[88.30946,24.98428],[88.30816,24.98346],[88.30808,24.98232],[88.30729,24.98182],[88.30705,24.98239],[88.30623,24.98196],[88.30436,24.98037],[88.30234,24.98275],[88.30245,24.98317],[88.30334,24.98329],[88.30336,24.98502],[88.30073,24.98665],[88.3006,24.9875],[88.30126,24.9877],[88.30117,24.99279],[88.29798,24.99396]]]]}},{"type":"Feature","bbox":[88.13779,25.23295,88.24512,25.30778],"properties":{"kind":"gp","gp":"Karkach","block":"Gazole","lgd":109896},"geometry":{"type":"Polygon","coordinates":[[[88.19926,25.24271],[88.19845,25.24499],[88.19552,25.24596],[88.19489,25.24475],[88.19291,25.24579],[88.19271,25.24493],[88.19045,25.24617],[88.18966,25.24521],[88.1791,25.24606],[88.17397,25.24702],[88.16927,25.24657],[88.16752,25.2458],[88.16457,25.24627],[88.16438,25.24547],[88.16334,25.24521],[88.16363,25.24632],[88.1601,25.24707],[88.16009,25.24576],[88.15787,25.24755],[88.15443,25.24848],[88.14914,25.24907],[88.14657,25.24883],[88.14444,25.24982],[88.14281,25.24835],[88.14028,25.2419],[88.13877,25.24118],[88.13805,25.24193],[88.13851,25.24228],[88.13779,25.24481],[88.13947,25.24702],[88.14082,25.24769],[88.1415,25.25034],[88.14253,25.25152],[88.14308,25.25449],[88.14393,25.25439],[88.14727,25.25652],[88.1485,25.2562],[88.14857,25.25738],[88.15015,25.25817],[88.15168,25.25796],[88.1553,25.26107],[88.15782,25.26175],[88.16362,25.25995],[88.16445,25.26028],[88.16437,25.26594],[88.16597,25.26698],[88.16886,25.26776],[88.1741,25.26754],[88.17812,25.2687],[88.17859,25.27036],[88.18452,25.27571],[88.18739,25.28053],[88.18994,25.27983],[88.19167,25.28043],[88.19298,25.28991],[88.19612,25.29074],[88.19713,25.29312],[88.20056,25.29609],[88.20393,25.30178],[88.2092,25.30778],[88.21214,25.30568],[88.2136,25.30554],[88.21635,25.30297],[88.2189,25.30183],[88.22355,25.30134],[88.22701,25.29954],[88.23597,25.29732],[88.23514,25.29553],[88.23466,25.29565],[88.23499,25.29295],[88.23374,25.29296],[88.23084,25.29111],[88.23076,25.28994],[88.22945,25.28995],[88.23543,25.28826],[88.23582,25.28749],[88.24194,25.28605],[88.24114,25.28509],[88.24158,25.28382],[88.24115,25.28285],[88.24161,25.28214],[88.23991,25.27943],[88.24091,25.27861],[88.23993,25.27467],[88.24035,25.2744],[88.23888,25.2689],[88.24002,25.26852],[88.23978,25.2681],[88.24026,25.26764],[88.24155,25.26732],[88.24142,25.26645],[88.24354,25.26522],[88.24512,25.26495],[88.24235,25.25924],[88.24173,25.25647],[88.2423,25.25612],[88.24166,25.25489],[88.24231,25.25354],[88.24168,25.25194],[88.24215,25.24993],[88.24108,25.24628],[88.24147,25.24499],[88.23434,25.23976],[88.23272,25.23735],[88.22521,25.23813],[88.2196,25.23995],[88.21678,25.23295],[88.20586,25.23638],[88.20333,25.23632],[88.20461,25.23918],[88.20154,25.24078],[88.19926,25.24271]]]}},{"type":"Feature","bbox":[88.04371,25.38954,88.11447,25.44753],"properties":{"kind":"gp","gp":"Kharba","block":"Chanchal-I","lgd":109866},"geometry":{"type":"Polygon","coordinates":[[[88.05885,25.40787],[88.05926,25.41064],[88.05501,25.41199],[88.05546,25.41624],[88.05755,25.41701],[88.0577,25.41825],[88.05499,25.41878],[88.05477,25.41927],[88.05547,25.41951],[88.05541,25.42063],[88.0529,25.42073],[88.05288,25.42119],[88.04371,25.42275],[88.04413,25.42421],[88.04809,25.42382],[88.04886,25.42592],[88.04672,25.42679],[88.0472,25.42831],[88.04861,25.42745],[88.04899,25.42788],[88.04978,25.42627],[88.05135,25.4293],[88.04832,25.43189],[88.04765,25.43441],[88.048,25.43648],[88.04976,25.43856],[88.05046,25.44049],[88.05013,25.44617],[88.05126,25.44599],[88.05374,25.44414],[88.05486,25.44441],[88.05541,25.44529],[88.05694,25.44482],[88.05733,25.44528],[88.06024,25.4451],[88.06203,25.44655],[88.06181,25.44753],[88.06438,25.44716],[88.06456,25.44433],[88.06641,25.44384],[88.06689,25.44294],[88.06848,25.44404],[88.07004,25.44383],[88.07098,25.44473],[88.07149,25.44267],[88.07123,25.44023],[88.0716,25.43991],[88.07152,25.43913],[88.07073,25.43902],[88.07063,25.43857],[88.07207,25.43831],[88.07205,25.43692],[88.07283,25.43634],[88.07305,25.43532],[88.0774,25.43489],[88.07764,25.4359],[88.07835,25.43586],[88.08352,25.43886],[88.08422,25.43822],[88.08433,25.43701],[88.08745,25.43627],[88.08766,25.43907],[88.08685,25.44039],[88.08659,25.44297],[88.08702,25.44301],[88.08703,25.4469],[88.09067,25.44501],[88.0952,25.44392],[88.09709,25.44276],[88.09759,25.44209],[88.09721,25.43551],[88.10064,25.43189],[88.10752,25.43563],[88.11075,25.43629],[88.11258,25.43623],[88.11287,25.43582],[88.1125,25.43389],[88.11191,25.43321],[88.10942,25.43226],[88.10671,25.43337],[88.105,25.43296],[88.10073,25.42904],[88.09596,25.42756],[88.0939,25.42088],[88.09756,25.41752],[88.10175,25.41884],[88.10753,25.41828],[88.10974,25.41746],[88.10961,25.41605],[88.10704,25.41349],[88.10068,25.41026],[88.10072,25.40705],[88.10259,25.4044],[88.10631,25.40321],[88.10777,25.40434],[88.10828,25.4068],[88.1092,25.40779],[88.11377,25.4085],[88.11447,25.4078],[88.11399,25.40677],[88.10993,25.40462],[88.10768,25.40232],[88.10636,25.40171],[88.10575,25.40062],[88.10895,25.39549],[88.107,25.3906],[88.10641,25.39025],[88.10118,25.38954],[88.10058,25.39637],[88.09908,25.39642],[88.09892,25.39603],[88.09529,25.39811],[88.09372,25.3981],[88.0944,25.40195],[88.09366,25.40205],[88.09348,25.4032],[88.08986,25.40396],[88.09009,25.40136],[88.08884,25.40145],[88.08806,25.40233],[88.0859,25.40332],[88.08476,25.40552],[88.08398,25.40562],[88.08379,25.40326],[88.06875,25.40619],[88.06812,25.40536],[88.06631,25.40616],[88.06401,25.40603],[88.05885,25.40787]]]}},{"type":"Feature","bbox":[88.06602,25.01357,88.13383,25.06301],"properties":{"kind":"gp","gp":"Kotwali","block":"English Bazar","lgd":109883},"geometry":{"type":"Polygon","coordinates":[[[88.10117,25.01463],[88.09598,25.01575],[88.09062,25.01614],[88.09047,25.0167],[88.08946,25.01686],[88.08871,25.0164],[88.08477,25.01716],[88.08488,25.01885],[88.07919,25.01948],[88.07497,25.02195],[88.07006,25.02333],[88.07074,25.02469],[88.06964,25.02837],[88.07059,25.0289],[88.06955,25.03055],[88.06891,25.03064],[88.06886,25.03211],[88.06795,25.03221],[88.06602,25.03661],[88.06812,25.03724],[88.06814,25.03824],[88.0701,25.03934],[88.07069,25.0392],[88.07171,25.04004],[88.07271,25.03984],[88.07306,25.04401],[88.07375,25.04611],[88.07293,25.04857],[88.07181,25.04899],[88.07272,25.05105],[88.07298,25.05453],[88.07417,25.05819],[88.08153,25.05931],[88.09388,25.06301],[88.09804,25.06264],[88.09998,25.0618],[88.10113,25.06001],[88.10264,25.05552],[88.10544,25.05021],[88.10928,25.04759],[88.1153,25.04532],[88.12781,25.04309],[88.13303,25.04095],[88.13291,25.0383],[88.13383,25.03405],[88.13121,25.03383],[88.12932,25.03278],[88.1284,25.03277],[88.12748,25.03414],[88.1265,25.03391],[88.12377,25.0317],[88.12219,25.03113],[88.11916,25.02724],[88.11912,25.02582],[88.11982,25.02408],[88.11593,25.02468],[88.11475,25.02435],[88.11057,25.02041],[88.10855,25.01357],[88.10281,25.01545],[88.10128,25.01561],[88.10117,25.01463]]]}},{"type":"Feature","bbox":[87.95611,24.74688,88.00954,24.80542],"properties":{"kind":"gp","gp":"Krishnapur","block":"Kaliachak-III","lgd":109961},"geometry":{"type":"Polygon","coordinates":[[[87.99333,24.77577],[87.9921,24.76641],[87.99293,24.76438],[87.99299,24.75584],[87.99117,24.75222],[87.98747,24.74688],[87.98562,24.74976],[87.98111,24.75505],[87.97792,24.75796],[87.97549,24.75922],[87.97516,24.75865],[87.97427,24.75924],[87.97054,24.76353],[87.96662,24.77342],[87.9634,24.7776],[87.96241,24.78014],[87.9578,24.78548],[87.95682,24.78764],[87.95611,24.79],[87.95637,24.79525],[87.95774,24.79518],[87.95876,24.79618],[87.96073,24.79456],[87.9635,24.79455],[87.96556,24.79305],[87.97136,24.79021],[87.97656,24.79691],[87.97665,24.79948],[87.97486,24.8024],[87.97535,24.80427],[87.97595,24.80488],[87.97872,24.80406],[87.98075,24.80442],[87.9826,24.80394],[87.98381,24.80485],[87.98449,24.80452],[87.98495,24.80542],[87.98679,24.80469],[87.98929,24.80499],[87.99756,24.80439],[88.00699,24.80505],[88.0069,24.79882],[88.0061,24.7937],[88.00633,24.79259],[88.00548,24.7892],[88.00546,24.78628],[88.00464,24.78624],[88.00292,24.78358],[88.00323,24.78319],[88.0028,24.78232],[88.0021,24.78168],[88.0028,24.7811],[88.00681,24.78068],[88.00954,24.77885],[88.00443,24.77697],[87.99419,24.77644],[87.99333,24.77577]]]}},{"type":"Feature","bbox":[87.92079,25.24807,88.00725,25.31543],"properties":{"kind":"gp","gp":"Kshempur","block":"Chanchal-II","lgd":109875},"geometry":{"type":"Polygon","coordinates":[[[87.97411,25.28184],[87.97254,25.27872],[87.97389,25.2777],[87.97416,25.27676],[87.97314,25.27023],[87.97436,25.26776],[87.97315,25.26227],[87.97031,25.2579],[87.96876,25.25674],[87.96807,25.25022],[87.96739,25.24927],[87.96575,25.24912],[87.96442,25.24807],[87.95971,25.24818],[87.95849,25.25016],[87.95821,25.25309],[87.95751,25.25402],[87.9586,25.25985],[87.95913,25.26091],[87.96129,25.26045],[87.96164,25.26164],[87.96515,25.26112],[87.96554,25.26154],[87.96567,25.2636],[87.96452,25.26386],[87.96459,25.26441],[87.96557,25.26453],[87.96548,25.26818],[87.96504,25.26896],[87.96355,25.26907],[87.96273,25.27004],[87.96217,25.27007],[87.96249,25.27554],[87.96374,25.2788],[87.9629,25.2796],[87.96337,25.28202],[87.96272,25.28279],[87.96305,25.28408],[87.96199,25.28459],[87.95762,25.28447],[87.95624,25.28354],[87.95555,25.28224],[87.95245,25.28167],[87.95183,25.28077],[87.94897,25.28075],[87.94781,25.28157],[87.94687,25.28095],[87.9443,25.28118],[87.93979,25.28265],[87.93055,25.28189],[87.93072,25.28564],[87.93349,25.29221],[87.93478,25.29315],[87.93803,25.29128],[87.94156,25.29042],[87.94045,25.28599],[87.94448,25.28533],[87.94812,25.28624],[87.95096,25.28785],[87.95242,25.29111],[87.95267,25.2929],[87.94356,25.2927],[87.9434,25.29146],[87.94225,25.29152],[87.9423,25.29234],[87.93966,25.29255],[87.93894,25.29308],[87.9392,25.29367],[87.9411,25.29441],[87.94243,25.29434],[87.94257,25.29524],[87.94161,25.29627],[87.94155,25.29801],[87.93871,25.29853],[87.9386,25.2976],[87.9378,25.2976],[87.93686,25.29531],[87.93611,25.29527],[87.93427,25.2937],[87.9333,25.29351],[87.9323,25.29196],[87.9307,25.29253],[87.92848,25.28829],[87.92931,25.28797],[87.929,25.28749],[87.92835,25.28756],[87.9279,25.28633],[87.92264,25.28789],[87.92471,25.29151],[87.92079,25.29297],[87.92346,25.29586],[87.92339,25.29667],[87.92389,25.29723],[87.92633,25.29678],[87.92869,25.29998],[87.92926,25.29988],[87.93051,25.30223],[87.93409,25.30201],[87.93388,25.30508],[87.93481,25.31161],[87.93707,25.31101],[87.94394,25.30747],[87.94806,25.30815],[87.95061,25.30998],[87.95197,25.31301],[87.96415,25.31069],[87.96633,25.31009],[87.96635,25.30968],[87.97085,25.30883],[87.97423,25.30899],[87.97862,25.30831],[87.97881,25.31005],[87.98185,25.31543],[87.99303,25.3145],[87.99904,25.31169],[88.00082,25.31363],[88.00212,25.31312],[88.00311,25.31162],[88.0042,25.3116],[88.00673,25.31013],[88.00659,25.30859],[88.00725,25.30811],[88.00668,25.30741],[88.00686,25.30634],[88.00558,25.30201],[88.00467,25.30193],[88.00481,25.30103],[88.00559,25.30064],[88.00477,25.29781],[88.00355,25.29824],[88.00132,25.29355],[88.00153,25.29265],[88.00369,25.29237],[88.00619,25.29117],[88.0048,25.28724],[88.00568,25.28644],[88.00398,25.28265],[88.00099,25.27876],[88.00133,25.27611],[88.00058,25.27569],[87.99988,25.27609],[87.99934,25.27506],[87.99953,25.27403],[88.00022,25.27341],[87.99977,25.27145],[87.99652,25.2728],[87.99554,25.275],[87.99266,25.27541],[87.99098,25.27497],[87.9898,25.27648],[87.98695,25.27732],[87.98672,25.27819],[87.98718,25.27918],[87.97523,25.28184],[87.97411,25.28184]]]}},{"type":"Feature","bbox":[87.98747,24.73106,88.0646,24.77885],"properties":{"kind":"gp","gp":"Kumbhira","block":"Kaliachak-III","lgd":109962},"geometry":{"type":"Polygon","coordinates":[[[88.03822,24.73753],[88.03227,24.7345],[88.03096,24.7366],[88.02988,24.73696],[88.01301,24.73825],[88.01307,24.73907],[88.01263,24.7393],[88.00573,24.74029],[88.00505,24.74012],[88.00445,24.73573],[88.00311,24.73106],[87.99924,24.73295],[87.99665,24.73586],[87.99375,24.74036],[87.99345,24.74202],[87.99197,24.74369],[87.98953,24.74382],[87.98892,24.74575],[87.98747,24.74688],[87.99217,24.7539],[87.99321,24.75689],[87.99293,24.76438],[87.9921,24.76641],[87.99333,24.77577],[87.99419,24.77644],[88.00443,24.77697],[88.00954,24.77885],[88.01249,24.77769],[88.01586,24.77473],[88.01692,24.77455],[88.01759,24.77354],[88.01804,24.77365],[88.01852,24.77286],[88.02204,24.77128],[88.02216,24.76849],[88.02528,24.76041],[88.02742,24.75684],[88.02766,24.75712],[88.03025,24.75425],[88.03344,24.75556],[88.03972,24.76446],[88.04059,24.76408],[88.04512,24.76443],[88.04876,24.76361],[88.05068,24.76455],[88.05148,24.76434],[88.05359,24.76596],[88.0589,24.76182],[88.05558,24.75715],[88.0646,24.75122],[88.04858,24.7361],[88.04355,24.74134],[88.03822,24.73753]]]}},{"type":"Feature","bbox":[87.87083,25.47995,87.97415,25.53977],"properties":{"kind":"gp","gp":"Kusidha","block":"Harishchandrapur-I","lgd":109917},"geometry":{"type":"Polygon","coordinates":[[[87.89148,25.48482],[87.89075,25.48113],[87.88867,25.4802],[87.88754,25.48057],[87.8873,25.48189],[87.88636,25.48246],[87.88507,25.48101],[87.88474,25.48228],[87.88252,25.48219],[87.88126,25.48136],[87.88108,25.47995],[87.88036,25.48025],[87.8793,25.48104],[87.87999,25.48247],[87.88168,25.48354],[87.88225,25.48456],[87.88227,25.48514],[87.88125,25.48571],[87.88166,25.48637],[87.88094,25.48751],[87.87996,25.48798],[87.87969,25.48894],[87.879,25.48897],[87.87903,25.49007],[87.87848,25.49025],[87.87735,25.49278],[87.87522,25.49352],[87.87404,25.49457],[87.87244,25.49491],[87.87083,25.4971],[87.87219,25.49968],[87.87417,25.50203],[87.87482,25.50469],[87.87989,25.5042],[87.88325,25.50558],[87.88637,25.50808],[87.88677,25.51036],[87.88528,25.51218],[87.88333,25.51694],[87.88325,25.51765],[87.88409,25.51773],[87.88448,25.51855],[87.88437,25.52057],[87.88545,25.52011],[87.88553,25.51901],[87.88714,25.51819],[87.89018,25.51827],[87.89237,25.5149],[87.89285,25.51267],[87.89474,25.51264],[87.89645,25.5118],[87.8982,25.5117],[87.89856,25.51075],[87.8976,25.50556],[87.89788,25.50492],[87.89989,25.50563],[87.90267,25.50531],[87.90302,25.50808],[87.90439,25.50939],[87.90823,25.50866],[87.90871,25.50934],[87.90682,25.51136],[87.90727,25.5123],[87.91073,25.51488],[87.91093,25.51575],[87.91068,25.51708],[87.90851,25.51831],[87.90856,25.51923],[87.91273,25.52577],[87.91394,25.52654],[87.91738,25.52574],[87.91835,25.52657],[87.91851,25.52736],[87.91696,25.53134],[87.91696,25.53295],[87.91874,25.53264],[87.92156,25.534],[87.92555,25.53377],[87.92772,25.5372],[87.93738,25.53545],[87.94014,25.53553],[87.9417,25.53658],[87.94635,25.53547],[87.94696,25.53621],[87.94669,25.53857],[87.94708,25.53908],[87.95111,25.53836],[87.95342,25.53977],[87.95455,25.53959],[87.9558,25.53749],[87.95656,25.5374],[87.95825,25.53785],[87.95933,25.53895],[87.96263,25.53956],[87.96364,25.5393],[87.96375,25.53782],[87.96462,25.53644],[87.9669,25.53639],[87.96786,25.53429],[87.96888,25.53413],[87.97415,25.52688],[87.97168,25.52464],[87.97184,25.52387],[87.9726,25.52378],[87.9727,25.52251],[87.97162,25.52023],[87.9705,25.52021],[87.97047,25.51972],[87.97208,25.51886],[87.97171,25.51764],[87.9706,25.51815],[87.97026,25.51677],[87.9719,25.5164],[87.97162,25.51367],[87.9706,25.51244],[87.96998,25.51258],[87.97026,25.51324],[87.96961,25.51348],[87.97027,25.51455],[87.96966,25.51522],[87.96784,25.51559],[87.9669,25.51392],[87.96693,25.51204],[87.96706,25.51158],[87.96881,25.51154],[87.96855,25.51004],[87.9672,25.50967],[87.96651,25.5086],[87.96432,25.50907],[87.96303,25.50809],[87.96188,25.50847],[87.96174,25.50918],[87.95749,25.50982],[87.95823,25.5113],[87.95755,25.51157],[87.95751,25.51239],[87.95868,25.51291],[87.95862,25.51354],[87.95582,25.51455],[87.95332,25.5148],[87.95262,25.51581],[87.94932,25.51754],[87.9494,25.51877],[87.94841,25.51887],[87.9472,25.51977],[87.94547,25.51912],[87.94311,25.51903],[87.94275,25.51981],[87.94053,25.51932],[87.94008,25.51841],[87.9391,25.51825],[87.93741,25.51619],[87.93499,25.5148],[87.93557,25.51379],[87.93491,25.51249],[87.93607,25.51243],[87.93591,25.51184],[87.93872,25.51049],[87.93894,25.50554],[87.9385,25.50472],[87.93736,25.50492],[87.93633,25.50319],[87.93398,25.5034],[87.93407,25.49523],[87.93533,25.49475],[87.93344,25.49023],[87.93229,25.48879],[87.92918,25.48942],[87.9291,25.4888],[87.93173,25.48798],[87.92682,25.48844],[87.92588,25.48891],[87.92662,25.4927],[87.92616,25.49341],[87.92494,25.49383],[87.92385,25.49352],[87.92211,25.49136],[87.91984,25.49137],[87.91927,25.49035],[87.91623,25.49008],[87.91628,25.49535],[87.90938,25.49727],[87.90893,25.49603],[87.90818,25.49581],[87.90597,25.49269],[87.90225,25.49156],[87.90211,25.49225],[87.90156,25.49233],[87.90156,25.49317],[87.89544,25.49264],[87.89495,25.49078],[87.8941,25.49051],[87.89307,25.49088],[87.89226,25.49045],[87.89069,25.48832],[87.89093,25.48553],[87.89148,25.48482]]]}},{"type":"Feature","bbox":[87.93651,24.79,87.98495,24.83357],"properties":{"kind":"gp","gp":"Lakshmipur","block":"Kaliachak-III","lgd":109963},"geometry":{"type":"Polygon","coordinates":[[[87.95467,24.83208],[87.9698,24.82809],[87.96803,24.82334],[87.97096,24.82222],[87.96892,24.81866],[87.96818,24.81502],[87.97048,24.81052],[87.97887,24.80743],[87.98058,24.80747],[87.98076,24.80691],[87.9833,24.80665],[87.98359,24.80584],[87.98424,24.80622],[87.98495,24.80542],[87.98449,24.80452],[87.98381,24.80485],[87.9826,24.80394],[87.98075,24.80442],[87.97872,24.80406],[87.97595,24.80488],[87.97535,24.80427],[87.97486,24.8024],[87.97665,24.79948],[87.97656,24.79691],[87.97136,24.79021],[87.96556,24.79305],[87.9635,24.79455],[87.96073,24.79456],[87.95876,24.79618],[87.95774,24.79518],[87.95637,24.79525],[87.95611,24.79],[87.95099,24.79494],[87.94933,24.79553],[87.9471,24.7978],[87.94731,24.79921],[87.94687,24.8004],[87.94304,24.80639],[87.93651,24.81834],[87.94322,24.82484],[87.94913,24.83292],[87.95274,24.8331],[87.95391,24.83357],[87.95467,24.83208]]]}},{"type":"Feature","bbox":[88.39429,25.23924,88.44902,25.31592],"properties":{"kind":"gp","gp":"Madnabati","block":"Bamongola","lgd":109860},"geometry":{"type":"Polygon","coordinates":[[[88.4129,25.24869],[88.4144,25.24968],[88.41467,25.2492],[88.41266,25.2449],[88.41396,25.2445],[88.41398,25.24413],[88.41066,25.24329],[88.41083,25.24119],[88.40981,25.23924],[88.40891,25.24046],[88.4069,25.2409],[88.40599,25.2403],[88.40435,25.2402],[88.40214,25.24074],[88.40195,25.24224],[88.40135,25.24303],[88.40025,25.24342],[88.4004,25.24679],[88.39925,25.24913],[88.39738,25.25009],[88.39747,25.25069],[88.39609,25.25077],[88.39429,25.25162],[88.39523,25.25292],[88.39786,25.25449],[88.40042,25.25863],[88.40196,25.26231],[88.40156,25.26273],[88.39879,25.26237],[88.39815,25.26426],[88.39874,25.26521],[88.40007,25.26587],[88.40244,25.26426],[88.4043,25.26404],[88.40667,25.26462],[88.40889,25.27053],[88.41019,25.27193],[88.41035,25.27254],[88.40949,25.27394],[88.40604,25.27324],[88.40578,25.275],[88.40662,25.27615],[88.40886,25.27548],[88.40986,25.27605],[88.4114,25.27771],[88.41123,25.27932],[88.40979,25.27796],[88.40855,25.27759],[88.40838,25.2785],[88.40957,25.28181],[88.40846,25.28222],[88.40714,25.28164],[88.40569,25.28336],[88.40745,25.28523],[88.41117,25.28519],[88.4117,25.28795],[88.41346,25.29042],[88.41318,25.29395],[88.41093,25.29368],[88.41023,25.29412],[88.41162,25.29662],[88.41272,25.29683],[88.41302,25.29759],[88.41303,25.29835],[88.41197,25.29924],[88.41198,25.29989],[88.41546,25.2998],[88.42079,25.30104],[88.42608,25.30163],[88.42619,25.30272],[88.42939,25.30341],[88.42989,25.30523],[88.42908,25.30951],[88.41801,25.31156],[88.41762,25.31279],[88.41885,25.31417],[88.42287,25.31425],[88.42316,25.31536],[88.42516,25.31592],[88.4262,25.31467],[88.42946,25.31395],[88.43024,25.31389],[88.43124,25.31528],[88.43697,25.31462],[88.43798,25.31356],[88.44343,25.31316],[88.44736,25.30759],[88.44893,25.30671],[88.44902,25.30504],[88.44879,25.30129],[88.44737,25.29866],[88.44778,25.29665],[88.44656,25.29617],[88.44681,25.29476],[88.44564,25.29373],[88.44649,25.29067],[88.44457,25.28729],[88.442,25.28511],[88.43903,25.27922],[88.44012,25.27697],[88.44177,25.2757],[88.44323,25.27221],[88.44646,25.26935],[88.44664,25.26825],[88.44618,25.26721],[88.44677,25.26677],[88.44706,25.26495],[88.44476,25.26371],[88.4446,25.2629],[88.44629,25.26003],[88.44574,25.25927],[88.44222,25.25861],[88.44375,25.25672],[88.44458,25.2542],[88.44421,25.25232],[88.44321,25.25117],[88.44115,25.25147],[88.44063,25.25056],[88.44011,25.2541],[88.43954,25.25459],[88.43534,25.25352],[88.43327,25.24788],[88.43059,25.24629],[88.42917,25.24645],[88.42819,25.2472],[88.42701,25.24666],[88.42561,25.24714],[88.42481,25.24693],[88.42104,25.24857],[88.41923,25.24867],[88.41773,25.24986],[88.41747,25.25067],[88.41631,25.25041],[88.41346,25.25165],[88.41218,25.25105],[88.41157,25.24995],[88.41224,25.24873],[88.4129,25.24869]]]}},{"type":"Feature","bbox":[88.11012,24.81997,88.17546,24.92809],"properties":{"kind":"gp","gp":"Mahadipur","block":"English Bazar","lgd":109884},"geometry":{"type":"Polygon","coordinates":[[[88.13191,24.83601],[88.133,24.83374],[88.13338,24.8316],[88.13312,24.82997],[88.1341,24.82987],[88.13388,24.81997],[88.13248,24.82008],[88.13192,24.821],[88.13073,24.82133],[88.12897,24.82539],[88.12758,24.82614],[88.13023,24.83324],[88.1291,24.83943],[88.1286,24.8402],[88.12665,24.83927],[88.12499,24.84267],[88.12248,24.84522],[88.12297,24.84786],[88.12271,24.85007],[88.11677,24.85728],[88.1156,24.85937],[88.11513,24.86166],[88.11544,24.8659],[88.1178,24.87136],[88.11879,24.87111],[88.11924,24.87199],[88.12067,24.87644],[88.1218,24.88278],[88.12182,24.88655],[88.12132,24.88956],[88.12066,24.89048],[88.11979,24.90121],[88.11582,24.90608],[88.11927,24.90759],[88.11857,24.90815],[88.11826,24.90973],[88.11687,24.91028],[88.1151,24.91867],[88.11395,24.92088],[88.11322,24.92186],[88.11213,24.92198],[88.1109,24.92445],[88.11012,24.92504],[88.11094,24.92579],[88.11571,24.92631],[88.12331,24.92632],[88.12848,24.92737],[88.1384,24.92809],[88.13892,24.92134],[88.14036,24.91413],[88.14382,24.91422],[88.14915,24.91102],[88.15367,24.90634],[88.15354,24.90495],[88.15546,24.90176],[88.15391,24.89959],[88.15524,24.8988],[88.16203,24.89727],[88.16148,24.89494],[88.16194,24.89307],[88.16489,24.89525],[88.16685,24.89442],[88.16688,24.8932],[88.16899,24.89294],[88.16945,24.89194],[88.16871,24.88998],[88.16767,24.88976],[88.16869,24.8882],[88.16631,24.88846],[88.16648,24.88982],[88.16344,24.88948],[88.16299,24.88888],[88.1624,24.88939],[88.16073,24.889],[88.15884,24.89193],[88.15757,24.89226],[88.15268,24.88441],[88.15537,24.88364],[88.15543,24.8816],[88.15849,24.88131],[88.16108,24.8804],[88.16232,24.87884],[88.16374,24.87796],[88.16338,24.87612],[88.16033,24.87457],[88.15915,24.87206],[88.16589,24.86342],[88.17546,24.8618],[88.17502,24.86015],[88.1718,24.8606],[88.16869,24.86037],[88.16592,24.85977],[88.16614,24.85849],[88.16225,24.85797],[88.16374,24.85406],[88.16355,24.85344],[88.16422,24.85247],[88.16414,24.85043],[88.16032,24.84856],[88.15974,24.84856],[88.15878,24.85014],[88.15511,24.85038],[88.15094,24.84926],[88.15053,24.85208],[88.1504,24.84995],[88.14692,24.85014],[88.14686,24.85193],[88.14495,24.8511],[88.14547,24.85092],[88.14554,24.84962],[88.14457,24.8497],[88.14488,24.84354],[88.14701,24.84412],[88.14712,24.84363],[88.14129,24.84182],[88.14193,24.84047],[88.14084,24.84044],[88.14074,24.83859],[88.14023,24.83715],[88.13977,24.83723],[88.13963,24.836],[88.14008,24.83521],[88.14107,24.83517],[88.14091,24.83438],[88.13885,24.8342],[88.13888,24.83362],[88.13705,24.83411],[88.13466,24.83403],[88.13378,24.8362],[88.13191,24.83601]]]}},{"type":"Feature","bbox":[87.99605,25.46806,88.07923,25.51125],"properties":{"kind":"gp","gp":"Mahanandapur","block":"Chanchal-I","lgd":109867},"geometry":{"type":"Polygon","coordinates":[[[88.03712,25.47619],[88.03654,25.47428],[88.03451,25.47488],[88.03288,25.47611],[88.03189,25.47498],[88.03136,25.47516],[88.03154,25.47963],[88.031,25.4813],[88.02922,25.48344],[88.02893,25.48237],[88.0306,25.47944],[88.0308,25.47591],[88.02907,25.47655],[88.02922,25.47781],[88.02646,25.47808],[88.02688,25.4792],[88.02536,25.47868],[88.02554,25.48042],[88.02357,25.47968],[88.02167,25.48008],[88.02098,25.4789],[88.01458,25.47864],[88.01402,25.47711],[88.0119,25.47621],[88.01194,25.47567],[88.01293,25.47531],[88.01308,25.47442],[88.00793,25.47276],[88.00669,25.47485],[88.00454,25.47432],[88.00284,25.47324],[87.99838,25.47488],[87.99903,25.47665],[87.99919,25.47921],[88.00026,25.48204],[88.00013,25.48247],[87.99629,25.48314],[87.99605,25.48368],[88.00163,25.48391],[88.00383,25.48538],[88.00588,25.48838],[88.00666,25.49389],[88.00661,25.49697],[88.00721,25.49747],[88.00735,25.49851],[88.00591,25.50498],[88.00702,25.50716],[88.00659,25.50771],[88.00672,25.51014],[88.00756,25.51125],[88.01352,25.51121],[88.01371,25.51088],[88.0126,25.508],[88.00995,25.50577],[88.0093,25.50403],[88.00964,25.5025],[88.01038,25.5016],[88.0141,25.49939],[88.01806,25.50186],[88.02466,25.50165],[88.02247,25.49968],[88.0223,25.49863],[88.02288,25.49777],[88.02585,25.49614],[88.03052,25.49143],[88.03594,25.49212],[88.03672,25.49167],[88.03685,25.49048],[88.03769,25.48978],[88.04482,25.48918],[88.04589,25.48867],[88.04623,25.48773],[88.04823,25.4871],[88.04867,25.48616],[88.05009,25.48605],[88.05155,25.48884],[88.05126,25.49006],[88.05627,25.49119],[88.05856,25.49027],[88.0654,25.49013],[88.06676,25.48888],[88.06681,25.48826],[88.06775,25.48778],[88.06792,25.48675],[88.07041,25.48551],[88.07132,25.48426],[88.07331,25.48431],[88.0746,25.47668],[88.07884,25.47039],[88.07923,25.46806],[88.0776,25.46849],[88.07495,25.47048],[88.07121,25.4714],[88.07088,25.47235],[88.0693,25.4728],[88.06737,25.47423],[88.06648,25.47419],[88.06601,25.47361],[88.06685,25.47326],[88.06664,25.47233],[88.06464,25.47326],[88.06305,25.47328],[88.06272,25.47214],[88.06101,25.47208],[88.05929,25.47238],[88.05943,25.47349],[88.06016,25.47331],[88.06055,25.47431],[88.06125,25.47416],[88.06161,25.47474],[88.05782,25.47506],[88.05601,25.47573],[88.0549,25.47391],[88.05567,25.47381],[88.05529,25.47283],[88.05577,25.47253],[88.05513,25.47127],[88.05441,25.47128],[88.05445,25.47191],[88.05358,25.47222],[88.05036,25.47191],[88.05019,25.47252],[88.04949,25.47277],[88.0476,25.47275],[88.04699,25.47372],[88.04602,25.47407],[88.03773,25.47565],[88.03712,25.47619]]]}},{"type":"Feature","bbox":[87.82434,25.19086,87.89792,25.26966],"properties":{"kind":"gp","gp":"Mahanandatola","block":"Ratua-I","lgd":109991},"geometry":{"type":"MultiPolygon","coordinates":[[[[87.8497,25.23256],[87.85049,25.23159],[87.84977,25.23116],[87.84954,25.23038],[87.85019,25.22982],[87.84975,25.22712],[87.84893,25.22579],[87.84763,25.2255],[87.84747,25.22367],[87.84407,25.22425],[87.84348,25.22369],[87.84354,25.21937],[87.84638,25.21755],[87.84784,25.21506],[87.8499,25.21338],[87.8524,25.20901],[87.8529,25.20888],[87.85502,25.20523],[87.85756,25.20227],[87.86178,25.19086],[87.85802,25.19541],[87.85495,25.19787],[87.84069,25.20583],[87.83896,25.20621],[87.8378,25.21217],[87.82434,25.23653],[87.8273,25.23529],[87.83534,25.24047],[87.83668,25.24261],[87.83662,25.24581],[87.84154,25.25074],[87.84795,25.25374],[87.8489,25.25397],[87.85029,25.25296],[87.85527,25.25527],[87.85553,25.25991],[87.8534,25.26265],[87.85343,25.2636],[87.85702,25.26966],[87.85862,25.26695],[87.8601,25.26615],[87.86018,25.2653],[87.86161,25.26517],[87.86127,25.2643],[87.86351,25.26324],[87.86413,25.26138],[87.87469,25.26074],[87.87476,25.2611],[87.87707,25.26171],[87.87665,25.25918],[87.87401,25.25743],[87.8772,25.25685],[87.8754,25.25306],[87.87446,25.25205],[87.87613,25.25145],[87.87509,25.24961],[87.8774,25.24814],[87.87912,25.24768],[87.87914,25.24658],[87.87793,25.24407],[87.88062,25.23889],[87.87468,25.23982],[87.87351,25.23951],[87.87318,25.23864],[87.86929,25.23894],[87.86903,25.23859],[87.86775,25.23881],[87.8674,25.23972],[87.86468,25.24059],[87.86116,25.24093],[87.85649,25.24293],[87.85091,25.2429],[87.85128,25.24192],[87.85047,25.24148],[87.85008,25.24035],[87.84903,25.23978],[87.84911,25.23583],[87.8498,25.23423],[87.8497,25.23256]]],[[[87.89736,25.2387],[87.89692,25.23752],[87.89478,25.23705],[87.894,25.23714],[87.89274,25.23915],[87.89184,25.23946],[87.89083,25.23877],[87.88681,25.23942],[87.88621,25.2415],[87.88507,25.24181],[87.88468,25.24283],[87.88332,25.24406],[87.88231,25.24411],[87.88213,25.24569],[87.88005,25.24858],[87.88033,25.25018],[87.88341,25.25081],[87.88854,25.2503],[87.88966,25.24977],[87.88864,25.24825],[87.89024,25.24576],[87.89327,25.24267],[87.8949,25.24222],[87.89672,25.24249],[87.89792,25.24425],[87.89759,25.24099],[87.89654,25.24031],[87.8963,25.23881],[87.89736,25.2387]]]]}},{"type":"Feature","bbox":[88.007,25.12826,88.09798,25.20143],"properties":{"kind":"gp","gp":"Maharajpur","block":"Ratua-II","lgd":109995},"geometry":{"type":"Polygon","coordinates":[[[88.03997,25.12966],[88.03814,25.13139],[88.03574,25.13136],[88.0345,25.13221],[88.03105,25.13601],[88.02976,25.13969],[88.02246,25.13934],[88.01376,25.14168],[88.0148,25.14341],[88.01453,25.1451],[88.01532,25.1459],[88.01429,25.14857],[88.01226,25.14928],[88.00871,25.1491],[88.007,25.15044],[88.007,25.15118],[88.01104,25.1547],[88.01273,25.15739],[88.01356,25.16111],[88.01416,25.16192],[88.02174,25.16075],[88.02297,25.16646],[88.02396,25.16819],[88.04635,25.15953],[88.04858,25.16765],[88.05203,25.16684],[88.05261,25.16733],[88.053,25.1719],[88.05356,25.17361],[88.05315,25.17368],[88.05579,25.18125],[88.05983,25.19043],[88.06232,25.19476],[88.06518,25.19776],[88.07279,25.19368],[88.07402,25.19629],[88.07382,25.19667],[88.07764,25.19815],[88.08029,25.20143],[88.08191,25.20071],[88.08169,25.2002],[88.08279,25.19935],[88.09,25.19619],[88.09202,25.19609],[88.09245,25.19559],[88.09382,25.19835],[88.09589,25.19938],[88.09798,25.19389],[88.09539,25.19155],[88.09327,25.19057],[88.09299,25.19247],[88.09219,25.19292],[88.08944,25.19257],[88.08705,25.19104],[88.08456,25.18826],[88.07918,25.18521],[88.07359,25.17747],[88.0714,25.17522],[88.06779,25.16794],[88.06669,25.16458],[88.06529,25.16359],[88.0636,25.16306],[88.06201,25.16324],[88.06073,25.16262],[88.05862,25.15829],[88.05901,25.15631],[88.05995,25.15538],[88.06991,25.15365],[88.07626,25.15335],[88.08061,25.1518],[88.08655,25.14771],[88.08663,25.1451],[88.08493,25.14104],[88.08006,25.13889],[88.07794,25.13641],[88.07309,25.13305],[88.06674,25.13308],[88.06505,25.13254],[88.06355,25.12993],[88.06366,25.12826],[88.05805,25.12984],[88.05518,25.12968],[88.05492,25.12911],[88.0452,25.13018],[88.04144,25.12901],[88.03997,25.12966]]]}},{"type":"Feature","bbox":[87.88112,25.4112,87.93735,25.45449],"properties":{"kind":"gp","gp":"Mahendrapur","block":"Harishchandrapur-I","lgd":109918},"geometry":{"type":"Polygon","coordinates":[[[87.92969,25.42908],[87.93159,25.42158],[87.93128,25.42107],[87.92911,25.42118],[87.92912,25.41898],[87.92991,25.41842],[87.92976,25.41735],[87.92881,25.41683],[87.92721,25.41701],[87.92548,25.41537],[87.92167,25.41696],[87.91716,25.41797],[87.91571,25.41613],[87.90874,25.41381],[87.90548,25.4112],[87.9027,25.4118],[87.90105,25.41279],[87.90057,25.41249],[87.89985,25.41347],[87.89926,25.41356],[87.89841,25.41266],[87.89321,25.41865],[87.89258,25.42414],[87.89412,25.42658],[87.89475,25.42855],[87.89228,25.42967],[87.89123,25.43067],[87.89026,25.43203],[87.88909,25.43586],[87.88979,25.43672],[87.88942,25.4374],[87.88973,25.43791],[87.8923,25.4383],[87.89262,25.43922],[87.89015,25.4395],[87.88923,25.44479],[87.88536,25.44645],[87.88228,25.44593],[87.88249,25.44634],[87.88128,25.44682],[87.88112,25.44725],[87.88291,25.44784],[87.884,25.44909],[87.88402,25.45019],[87.88292,25.45182],[87.88173,25.45115],[87.8812,25.45154],[87.88149,25.45252],[87.88274,25.45257],[87.883,25.45449],[87.88457,25.45378],[87.88729,25.45375],[87.88783,25.4543],[87.88913,25.45439],[87.89271,25.45101],[87.89412,25.45062],[87.89594,25.45247],[87.89676,25.45244],[87.89691,25.45117],[87.89771,25.45145],[87.89838,25.44885],[87.89917,25.44886],[87.89948,25.44937],[87.89909,25.4507],[87.90018,25.45101],[87.90051,25.45036],[87.90278,25.44982],[87.90301,25.44908],[87.90562,25.45094],[87.90519,25.45154],[87.90546,25.45273],[87.90651,25.45268],[87.90685,25.45219],[87.906,25.4474],[87.90957,25.44612],[87.90969,25.44506],[87.9138,25.4458],[87.9145,25.44451],[87.91474,25.44245],[87.91607,25.44044],[87.91417,25.43428],[87.91407,25.43268],[87.91568,25.43273],[87.91604,25.43331],[87.91701,25.43353],[87.91926,25.43228],[87.91977,25.43389],[87.91876,25.43504],[87.91861,25.43633],[87.91913,25.43807],[87.92391,25.43703],[87.92451,25.43837],[87.92623,25.43791],[87.92751,25.44141],[87.92812,25.44555],[87.93349,25.44428],[87.93385,25.44494],[87.93687,25.44373],[87.93735,25.44187],[87.93704,25.44053],[87.93406,25.43487],[87.93362,25.433],[87.93228,25.43359],[87.93134,25.4327],[87.93071,25.42918],[87.92969,25.42908]]]}},{"type":"Feature","bbox":[88.06355,25.06645,88.1441,25.1426],"properties":{"kind":"gp","gp":"Mahisbathani","block":"Old Malda","lgd":109980},"geometry":{"type":"Polygon","coordinates":[[[88.11638,25.0719],[88.11398,25.0727],[88.11241,25.0723],[88.10133,25.08027],[88.0995,25.0804],[88.09838,25.08105],[88.09801,25.08262],[88.09972,25.08844],[88.09908,25.0892],[88.0983,25.08948],[88.0968,25.08906],[88.09339,25.08716],[88.09119,25.08659],[88.08661,25.08775],[88.08309,25.08981],[88.08185,25.09217],[88.08158,25.09426],[88.08158,25.09646],[88.08261,25.09794],[88.08294,25.10486],[88.08167,25.10944],[88.07889,25.11494],[88.07173,25.11599],[88.06974,25.11663],[88.06895,25.11736],[88.0665,25.12324],[88.06374,25.12731],[88.06355,25.12993],[88.06505,25.13254],[88.06674,25.13308],[88.07309,25.13305],[88.07565,25.13501],[88.07812,25.1324],[88.08186,25.13083],[88.08559,25.12997],[88.08773,25.13282],[88.08904,25.1319],[88.09051,25.13235],[88.09365,25.13182],[88.09642,25.12984],[88.09708,25.12731],[88.09834,25.12732],[88.09873,25.12897],[88.09792,25.13033],[88.09685,25.13058],[88.09637,25.13156],[88.0972,25.13622],[88.09671,25.141],[88.09873,25.1426],[88.10253,25.14165],[88.10417,25.14018],[88.10546,25.13824],[88.10545,25.13647],[88.11097,25.1347],[88.11382,25.13527],[88.11745,25.13446],[88.11919,25.13863],[88.1238,25.13846],[88.12436,25.13699],[88.12268,25.13566],[88.12236,25.13393],[88.12462,25.13332],[88.12556,25.13258],[88.12614,25.12926],[88.12686,25.12769],[88.1277,25.12734],[88.13,25.12713],[88.13262,25.12794],[88.13443,25.1338],[88.13584,25.13664],[88.13762,25.13661],[88.13943,25.13575],[88.14018,25.13454],[88.13996,25.13379],[88.13817,25.13297],[88.13782,25.132],[88.14052,25.1306],[88.14382,25.12994],[88.1441,25.12871],[88.14003,25.122],[88.13812,25.11756],[88.13756,25.11552],[88.13766,25.11411],[88.13815,25.11392],[88.13786,25.11178],[88.13541,25.10392],[88.13523,25.10055],[88.13563,25.09813],[88.13487,25.09698],[88.13555,25.09664],[88.13647,25.09164],[88.13576,25.09088],[88.13512,25.08635],[88.13437,25.08553],[88.13517,25.08474],[88.13326,25.0806],[88.13343,25.07857],[88.13508,25.07738],[88.136,25.07729],[88.13575,25.07215],[88.13545,25.07142],[88.13475,25.07123],[88.13465,25.07049],[88.13283,25.07061],[88.1306,25.06996],[88.13,25.06825],[88.12867,25.06656],[88.12488,25.06645],[88.12111,25.06672],[88.12003,25.06733],[88.11638,25.0719]]]}},{"type":"Feature","bbox":[88.17931,25.15658,88.28072,25.21856],"properties":{"kind":"gp","gp":"Majhra","block":"Gazole","lgd":109897},"geometry":{"type":"MultiPolygon","coordinates":[[[[88.21429,25.17011],[88.2102,25.16559],[88.20904,25.16554],[88.20785,25.16405],[88.20392,25.16544],[88.20138,25.16564],[88.2003,25.16246],[88.19577,25.16238],[88.1962,25.16292],[88.1943,25.16396],[88.19403,25.1654],[88.19319,25.16607],[88.19433,25.1667],[88.19477,25.16786],[88.19454,25.16887],[88.1954,25.16969],[88.19327,25.17186],[88.19227,25.17216],[88.1926,25.17271],[88.19219,25.17323],[88.19354,25.17602],[88.19485,25.17707],[88.19486,25.1795],[88.19406,25.17954],[88.19376,25.1805],[88.19424,25.18128],[88.19361,25.18175],[88.19232,25.18105],[88.19226,25.18018],[88.19036,25.18009],[88.19026,25.17867],[88.18919,25.17897],[88.18887,25.17855],[88.18657,25.17911],[88.18578,25.1804],[88.18497,25.18019],[88.18202,25.18103],[88.18229,25.18171],[88.18009,25.18276],[88.18301,25.18627],[88.18134,25.18755],[88.18122,25.18687],[88.18064,25.1869],[88.18077,25.18876],[88.17931,25.18875],[88.17973,25.19051],[88.17937,25.19095],[88.18101,25.19604],[88.18024,25.19657],[88.18166,25.20106],[88.18462,25.20002],[88.18783,25.20564],[88.18965,25.20561],[88.19065,25.20655],[88.19129,25.2062],[88.19179,25.20724],[88.19068,25.20811],[88.19124,25.2087],[88.19225,25.20865],[88.19212,25.21121],[88.19494,25.211],[88.19592,25.21157],[88.19741,25.21093],[88.19808,25.20996],[88.20017,25.21066],[88.20338,25.21068],[88.20426,25.21293],[88.20405,25.21425],[88.20863,25.21856],[88.21314,25.21707],[88.21285,25.21609],[88.21508,25.21466],[88.21738,25.21541],[88.22099,25.21466],[88.22236,25.21552],[88.22349,25.21496],[88.22405,25.2135],[88.22476,25.21322],[88.22522,25.2123],[88.22735,25.21257],[88.22746,25.21194],[88.22934,25.21178],[88.23181,25.21034],[88.23339,25.21],[88.23337,25.20851],[88.23266,25.20762],[88.23299,25.20491],[88.23412,25.20435],[88.23581,25.20439],[88.23724,25.20288],[88.23991,25.20236],[88.24032,25.20184],[88.23914,25.19888],[88.23526,25.19654],[88.23426,25.19459],[88.2336,25.19451],[88.23223,25.1924],[88.23192,25.19111],[88.23079,25.19061],[88.2297,25.19073],[88.22714,25.18712],[88.22641,25.1871],[88.22591,25.18289],[88.22796,25.18449],[88.22897,25.18444],[88.22996,25.18395],[88.23145,25.18213],[88.23268,25.18187],[88.23222,25.1804],[88.23337,25.18016],[88.23382,25.18156],[88.23566,25.18172],[88.2368,25.18128],[88.238,25.1829],[88.23903,25.18581],[88.23744,25.18608],[88.23727,25.18689],[88.23375,25.18771],[88.23316,25.19116],[88.24069,25.19581],[88.24133,25.19659],[88.24186,25.19905],[88.24396,25.20059],[88.24543,25.20064],[88.24563,25.19878],[88.24648,25.19731],[88.24591,25.19634],[88.24563,25.19305],[88.24911,25.19162],[88.25079,25.19153],[88.25202,25.19259],[88.25401,25.19167],[88.2556,25.19208],[88.25667,25.19619],[88.25756,25.19752],[88.25872,25.19849],[88.2613,25.19773],[88.26103,25.19681],[88.26228,25.19581],[88.26255,25.19318],[88.26335,25.19314],[88.26385,25.19187],[88.26319,25.19072],[88.26327,25.18978],[88.26529,25.18997],[88.2629,25.18586],[88.26755,25.18555],[88.27345,25.18299],[88.2745,25.18212],[88.27789,25.18272],[88.28072,25.18238],[88.27852,25.18264],[88.27733,25.18032],[88.27844,25.18039],[88.27889,25.17962],[88.27792,25.17804],[88.27807,25.1771],[88.27646,25.17576],[88.27641,25.17507],[88.27761,25.17563],[88.27745,25.17421],[88.27831,25.17504],[88.27917,25.1748],[88.27839,25.17291],[88.2738,25.17191],[88.26847,25.17313],[88.26501,25.17488],[88.26073,25.17423],[88.26037,25.17313],[88.26074,25.17217],[88.26146,25.17195],[88.26155,25.17113],[88.26147,25.16871],[88.26002,25.16785],[88.26109,25.16623],[88.2612,25.16461],[88.26044,25.1629],[88.2569,25.16353],[88.25441,25.16341],[88.25364,25.16283],[88.2535,25.16166],[88.25167,25.16163],[88.24991,25.16035],[88.24858,25.16123],[88.24665,25.16083],[88.24611,25.16194],[88.24519,25.16242],[88.24332,25.16177],[88.24219,25.16003],[88.24185,25.15824],[88.23892,25.15743],[88.23836,25.15658],[88.23736,25.15689],[88.23576,25.15834],[88.23564,25.15972],[88.23451,25.1604],[88.23648,25.16267],[88.23711,25.16503],[88.23565,25.16623],[88.23138,25.16789],[88.22957,25.16705],[88.22395,25.16816],[88.22277,25.16922],[88.21948,25.16902],[88.21429,25.17011]]],[[[88.25242,25.20269],[88.25341,25.20326],[88.25319,25.20203],[88.25427,25.20185],[88.25427,25.20291],[88.25495,25.20331],[88.25435,25.20533],[88.25258,25.20624],[88.25276,25.20685],[88.25512,25.20822],[88.25503,25.20685],[88.25594,25.20631],[88.2595,25.20481],[88.26088,25.2048],[88.25885,25.20048],[88.25872,25.19849],[88.25604,25.19876],[88.25579,25.1994],[88.25399,25.19981],[88.25265,25.19932],[88.24894,25.19958],[88.2481,25.20019],[88.24543,25.20064],[88.24724,25.20278],[88.24911,25.20225],[88.25242,25.20269]]]]}},{"type":"Feature","bbox":[87.97704,25.42985,88.04509,25.48388],"properties":{"kind":"gp","gp":"Makdampur","block":"Chanchal-I","lgd":109868},"geometry":{"type":"Polygon","coordinates":[[[88.031,25.45419],[88.02974,25.45182],[88.02872,25.45203],[88.02809,25.45166],[88.02731,25.44957],[88.02912,25.43865],[88.0278,25.43913],[88.02555,25.43895],[88.0212,25.44178],[88.0206,25.43991],[88.01873,25.43809],[88.01808,25.43675],[88.01668,25.43572],[88.01565,25.4358],[88.01393,25.43291],[88.01367,25.43106],[88.01091,25.4309],[88.00671,25.42985],[88.0049,25.43219],[88.00152,25.43312],[87.99872,25.43239],[87.99841,25.43322],[87.99887,25.4342],[87.99975,25.43539],[88.00015,25.43523],[88.00109,25.43605],[88.00067,25.43662],[87.99996,25.4366],[87.99958,25.43795],[87.99887,25.43862],[87.99881,25.44041],[87.99932,25.4412],[88.00007,25.44137],[88.00154,25.44097],[88.00192,25.44352],[87.99821,25.44505],[87.99553,25.44319],[87.9928,25.44279],[87.99021,25.44347],[87.98851,25.44582],[87.98757,25.44436],[87.98814,25.44378],[87.98661,25.44386],[87.98648,25.4419],[87.98707,25.44093],[87.98712,25.43893],[87.98614,25.43562],[87.98578,25.43616],[87.98213,25.43707],[87.98183,25.43784],[87.97818,25.43885],[87.97742,25.44148],[87.97761,25.4422],[87.97704,25.44299],[87.97828,25.44484],[87.97953,25.44448],[87.98055,25.44492],[87.98201,25.44921],[87.98254,25.44957],[87.98319,25.45248],[87.98642,25.454],[87.9921,25.45516],[87.99308,25.45573],[87.9934,25.45856],[87.99691,25.45987],[87.99814,25.45987],[87.99904,25.46063],[87.9992,25.46311],[87.9983,25.46738],[87.99488,25.46908],[87.98955,25.46982],[87.98844,25.47084],[87.9866,25.4746],[87.98607,25.47715],[87.98743,25.48092],[87.99318,25.48388],[87.99605,25.48368],[87.99629,25.48314],[88.00013,25.48247],[87.99838,25.47488],[88.00284,25.47324],[88.00454,25.47432],[88.00669,25.47485],[88.00793,25.47276],[88.00909,25.47332],[88.01427,25.47376],[88.01451,25.47145],[88.01533,25.47047],[88.01722,25.4704],[88.01762,25.46977],[88.01628,25.46519],[88.01805,25.46404],[88.0241,25.46661],[88.02862,25.46614],[88.02903,25.46763],[88.03349,25.46715],[88.03332,25.46671],[88.03512,25.46646],[88.03502,25.46556],[88.03714,25.4653],[88.03922,25.4626],[88.04119,25.46238],[88.04147,25.4617],[88.04233,25.46181],[88.04227,25.45981],[88.04287,25.45909],[88.0445,25.45855],[88.04398,25.457],[88.04495,25.45668],[88.04421,25.45562],[88.04509,25.45492],[88.04431,25.45214],[88.04467,25.45161],[88.04396,25.45049],[88.04206,25.45074],[88.04205,25.44944],[88.04105,25.44955],[88.03787,25.4531],[88.037,25.45342],[88.031,25.45419]]]}},{"type":"Feature","bbox":[87.98185,25.19359,88.15797,25.35683],"properties":{"kind":"gp","gp":"Malatipur","block":"Chanchal-II","lgd":109876},"geometry":{"type":"MultiPolygon","coordinates":[[[[88.14565,25.19852],[88.144,25.19898],[88.14462,25.20187],[88.14435,25.2022],[88.14469,25.20293],[88.14664,25.20258],[88.14648,25.20364],[88.14721,25.20578],[88.14851,25.20571],[88.14972,25.2074],[88.15677,25.20578],[88.15793,25.20447],[88.15687,25.20272],[88.15643,25.19926],[88.15797,25.19712],[88.15783,25.19482],[88.15691,25.19537],[88.15682,25.19625],[88.15377,25.19647],[88.15286,25.19359],[88.14935,25.19359],[88.14754,25.19605],[88.14794,25.19665],[88.14741,25.19749],[88.14601,25.19738],[88.14565,25.19852]]],[[[88.00619,25.29117],[88.00369,25.29237],[88.00153,25.29265],[88.00132,25.29355],[88.00355,25.29824],[88.00477,25.29781],[88.00559,25.30064],[88.00481,25.30103],[88.00467,25.30193],[88.00558,25.30201],[88.00686,25.30634],[88.00668,25.30741],[88.00725,25.30811],[88.00659,25.30859],[88.00673,25.31013],[88.0042,25.3116],[88.00311,25.31162],[88.00212,25.31312],[88.00082,25.31363],[87.99904,25.31169],[87.99303,25.3145],[87.98185,25.31543],[87.98332,25.32243],[87.98406,25.324],[87.98339,25.32398],[87.98486,25.32634],[87.98482,25.32693],[87.98378,25.32742],[87.98354,25.32808],[87.985,25.32814],[87.98708,25.33883],[87.98606,25.33879],[87.98575,25.33924],[87.98574,25.34351],[87.98432,25.34568],[87.98478,25.34666],[87.98592,25.3478],[87.98899,25.3483],[87.98891,25.34605],[87.99009,25.34594],[87.99031,25.34684],[87.99536,25.3448],[88.00594,25.34378],[88.00657,25.34394],[88.00662,25.34465],[88.00728,25.34452],[88.00749,25.34336],[88.01142,25.34256],[88.01289,25.34541],[88.01409,25.34583],[88.01537,25.34912],[88.01609,25.34899],[88.01641,25.35282],[88.01965,25.35246],[88.02334,25.35312],[88.02611,25.34873],[88.02556,25.34797],[88.0289,25.34677],[88.03032,25.34658],[88.03101,25.34898],[88.03349,25.3487],[88.03348,25.34733],[88.03883,25.34644],[88.03944,25.34653],[88.04004,25.34782],[88.04106,25.34752],[88.04103,25.3488],[88.04378,25.35175],[88.04387,25.35385],[88.04184,25.35454],[88.04229,25.3565],[88.04322,25.35683],[88.04439,25.35613],[88.04636,25.3567],[88.04729,25.35564],[88.04953,25.35479],[88.05078,25.35583],[88.05189,25.35595],[88.05379,25.35533],[88.05521,25.35581],[88.05727,25.35574],[88.06054,25.35452],[88.06052,25.35413],[88.06499,25.35339],[88.0636,25.34942],[88.06016,25.34942],[88.05816,25.3501],[88.05757,25.34806],[88.0559,25.34836],[88.05536,25.34754],[88.05616,25.34731],[88.05568,25.34645],[88.0547,25.34687],[88.05309,25.34509],[88.05295,25.34339],[88.05364,25.34299],[88.05218,25.33983],[88.05049,25.33978],[88.04953,25.33887],[88.04911,25.33754],[88.04799,25.33669],[88.04783,25.33593],[88.04913,25.33433],[88.05298,25.33315],[88.05177,25.33161],[88.04934,25.3314],[88.04933,25.32923],[88.0482,25.32936],[88.04718,25.32809],[88.04637,25.32803],[88.0463,25.32694],[88.04686,25.3268],[88.04657,25.32457],[88.04431,25.32444],[88.04397,25.32177],[88.04476,25.31996],[88.04455,25.31853],[88.04533,25.31799],[88.04441,25.3176],[88.04335,25.31867],[88.04268,25.31779],[88.04158,25.31747],[88.0389,25.31856],[88.04041,25.32213],[88.03676,25.32313],[88.03373,25.32329],[88.03217,25.32443],[88.02908,25.31965],[88.02688,25.3187],[88.0236,25.31946],[88.02366,25.31802],[88.02808,25.31598],[88.02906,25.31493],[88.03448,25.31269],[88.03596,25.31252],[88.03534,25.3116],[88.03213,25.31187],[88.02912,25.31289],[88.02856,25.3123],[88.02462,25.31374],[88.02425,25.313],[88.019,25.31472],[88.0188,25.31535],[88.01683,25.31624],[88.01653,25.31529],[88.01779,25.31355],[88.01777,25.31062],[88.01674,25.30256],[88.0155,25.30005],[88.02621,25.29526],[88.02989,25.29298],[88.03275,25.29231],[88.03314,25.2929],[88.03815,25.29191],[88.04098,25.2919],[88.04113,25.2896],[88.04352,25.28727],[88.04556,25.2875],[88.04737,25.28947],[88.05181,25.28842],[88.0528,25.28727],[88.05441,25.2869],[88.05454,25.28617],[88.05771,25.28421],[88.06012,25.28321],[88.06186,25.28317],[88.06306,25.28158],[88.06653,25.27871],[88.06684,25.27618],[88.06503,25.27614],[88.06466,25.27435],[88.0635,25.27486],[88.06188,25.27334],[88.0599,25.27364],[88.05801,25.2711],[88.05643,25.26667],[88.05611,25.26751],[88.05641,25.26986],[88.05604,25.27028],[88.05502,25.27069],[88.05349,25.27044],[88.05151,25.26896],[88.05026,25.26992],[88.04659,25.2708],[88.04594,25.27143],[88.04684,25.27359],[88.04646,25.2745],[88.0458,25.27443],[88.04445,25.27193],[88.04121,25.26996],[88.04024,25.27004],[88.03756,25.27337],[88.03741,25.27555],[88.03662,25.27628],[88.036,25.27632],[88.03309,25.27429],[88.03149,25.27412],[88.02673,25.27627],[88.02731,25.27742],[88.031,25.28019],[88.03165,25.28131],[88.03154,25.28241],[88.03092,25.2829],[88.02811,25.28192],[88.02211,25.28256],[88.01491,25.28138],[88.0136,25.28178],[88.01131,25.28522],[88.01154,25.28883],[88.00893,25.28999],[88.00871,25.29112],[88.00568,25.28644],[88.0048,25.28724],[88.00619,25.29117]]]]}},{"type":"Feature","bbox":[87.81618,25.3602,87.86953,25.4252],"properties":{"kind":"gp","gp":"Malior-I","block":"Harishchandrapur-II","lgd":109924},"geometry":{"type":"Polygon","coordinates":[[[87.81705,25.37165],[87.82191,25.37999],[87.82176,25.38136],[87.82274,25.38445],[87.82406,25.38418],[87.8255,25.38685],[87.8268,25.38626],[87.8305,25.38851],[87.82981,25.38855],[87.82926,25.38936],[87.82932,25.39031],[87.82839,25.39093],[87.82595,25.3911],[87.82683,25.39307],[87.82608,25.39374],[87.82485,25.39695],[87.82504,25.39762],[87.82236,25.40154],[87.82334,25.40542],[87.82419,25.4064],[87.82393,25.4083],[87.8244,25.41001],[87.82617,25.4119],[87.82522,25.41283],[87.82475,25.41569],[87.82434,25.4166],[87.81929,25.41791],[87.8201,25.41975],[87.8202,25.42143],[87.82124,25.4232],[87.82364,25.42319],[87.82445,25.42367],[87.82436,25.42509],[87.82634,25.4252],[87.82963,25.42399],[87.83,25.42465],[87.83443,25.42469],[87.83642,25.42396],[87.84005,25.42367],[87.84076,25.42253],[87.84074,25.42148],[87.83919,25.42021],[87.8395,25.41905],[87.84214,25.41905],[87.84419,25.4178],[87.84585,25.41771],[87.8464,25.417],[87.84588,25.41608],[87.84307,25.4145],[87.84225,25.41323],[87.84196,25.40963],[87.84417,25.40941],[87.84711,25.41109],[87.84897,25.41068],[87.84873,25.40902],[87.84788,25.40786],[87.84901,25.40685],[87.84915,25.40523],[87.85068,25.40404],[87.84975,25.40247],[87.85495,25.40069],[87.85899,25.40021],[87.85943,25.39915],[87.86085,25.40049],[87.86226,25.39947],[87.86595,25.39924],[87.86575,25.3983],[87.86639,25.39816],[87.86953,25.39309],[87.86815,25.39022],[87.86845,25.38968],[87.86774,25.38878],[87.86263,25.38621],[87.85963,25.38389],[87.85808,25.3813],[87.8581,25.37931],[87.85317,25.37977],[87.85171,25.38022],[87.84954,25.38182],[87.84678,25.38225],[87.84465,25.3813],[87.8428,25.37845],[87.84258,25.37637],[87.84201,25.37535],[87.83985,25.37551],[87.83873,25.37378],[87.83562,25.37278],[87.83556,25.37179],[87.83842,25.3718],[87.8384,25.37144],[87.83613,25.36815],[87.83372,25.36222],[87.83243,25.36302],[87.82903,25.36104],[87.82602,25.3602],[87.82312,25.36171],[87.82288,25.36083],[87.82155,25.36073],[87.82135,25.36122],[87.81989,25.36145],[87.8198,25.3624],[87.81676,25.36454],[87.81618,25.36808],[87.81693,25.36977],[87.81705,25.37165]]]}},{"type":"Feature","bbox":[87.83284,25.35071,87.87376,25.38839],"properties":{"kind":"gp","gp":"Malior-Ii","block":"Harishchandrapur-II","lgd":109925},"geometry":{"type":"Polygon","coordinates":[[[87.83372,25.36222],[87.83613,25.36815],[87.83842,25.3718],[87.83556,25.37179],[87.83562,25.37278],[87.83873,25.37378],[87.83985,25.37551],[87.84201,25.37535],[87.84258,25.37637],[87.8428,25.37845],[87.84465,25.3813],[87.84678,25.38225],[87.84954,25.38182],[87.85171,25.38022],[87.85317,25.37977],[87.8581,25.37931],[87.85808,25.3813],[87.85963,25.38389],[87.86263,25.38621],[87.86687,25.38839],[87.86827,25.38749],[87.86799,25.38592],[87.86852,25.38479],[87.86746,25.38186],[87.86786,25.38148],[87.86706,25.37905],[87.86797,25.37874],[87.86831,25.37655],[87.87074,25.37627],[87.87335,25.37446],[87.87299,25.37302],[87.87376,25.36837],[87.87305,25.36447],[87.87196,25.36322],[87.8718,25.36139],[87.87102,25.3607],[87.87077,25.35928],[87.8692,25.3593],[87.86875,25.35864],[87.86848,25.35729],[87.86912,25.35647],[87.86882,25.35308],[87.86802,25.35281],[87.86662,25.35071],[87.85243,25.35096],[87.85102,25.35124],[87.8498,25.35235],[87.84893,25.35181],[87.84795,25.35239],[87.84682,25.35198],[87.8423,25.35482],[87.84153,25.3536],[87.84099,25.35373],[87.83792,25.35572],[87.83705,25.35734],[87.8361,25.3576],[87.83459,25.35698],[87.83284,25.3576],[87.83372,25.36222]]]}},{"type":"Feature","bbox":[88.13383,25.01375,88.23242,25.06047],"properties":{"kind":"gp","gp":"Mangalbari","block":"Old Malda","lgd":109981},"geometry":{"type":"Polygon","coordinates":[[[88.15664,25.02353],[88.15754,25.02262],[88.15792,25.02052],[88.15973,25.01896],[88.15988,25.01754],[88.16121,25.01695],[88.15999,25.01495],[88.15649,25.01375],[88.15321,25.01735],[88.15303,25.01923],[88.15222,25.02016],[88.15013,25.02072],[88.14573,25.02515],[88.14335,25.02502],[88.14197,25.02557],[88.14099,25.02671],[88.14013,25.02601],[88.13837,25.02651],[88.13701,25.02778],[88.13475,25.02787],[88.13385,25.03158],[88.13383,25.03405],[88.13608,25.03397],[88.13933,25.03537],[88.13953,25.0363],[88.14013,25.03647],[88.13966,25.03766],[88.14031,25.03969],[88.13963,25.04205],[88.14114,25.04281],[88.14112,25.04416],[88.14039,25.04469],[88.13924,25.04465],[88.13862,25.04518],[88.13881,25.04562],[88.14093,25.0471],[88.14267,25.04711],[88.14346,25.04667],[88.14373,25.04571],[88.14428,25.04579],[88.14438,25.04742],[88.14645,25.0481],[88.1477,25.04973],[88.14717,25.05084],[88.15661,25.05718],[88.15679,25.05578],[88.16521,25.05532],[88.16842,25.05381],[88.16941,25.05398],[88.16979,25.05502],[88.17533,25.05457],[88.1764,25.05758],[88.17815,25.05723],[88.17847,25.05824],[88.17932,25.05884],[88.1831,25.05802],[88.19528,25.05726],[88.19599,25.058],[88.19584,25.05896],[88.198,25.05934],[88.19837,25.06046],[88.19905,25.06047],[88.19983,25.05845],[88.20006,25.05511],[88.1997,25.05306],[88.20111,25.05147],[88.20098,25.04948],[88.20252,25.04917],[88.20234,25.04718],[88.2036,25.04589],[88.20499,25.04609],[88.20583,25.0456],[88.2084,25.04676],[88.21053,25.04841],[88.21488,25.04883],[88.2148,25.04964],[88.21751,25.05509],[88.22002,25.05621],[88.22304,25.05515],[88.22206,25.05385],[88.2197,25.053],[88.21952,25.05102],[88.22133,25.0494],[88.22117,25.04856],[88.22194,25.04857],[88.2228,25.04965],[88.22404,25.0498],[88.22395,25.04906],[88.22572,25.04856],[88.22787,25.04663],[88.22902,25.04667],[88.22992,25.04742],[88.23073,25.04695],[88.23191,25.04746],[88.23197,25.04553],[88.22974,25.0432],[88.22953,25.04217],[88.23242,25.04202],[88.23231,25.03671],[88.22921,25.03378],[88.23003,25.03243],[88.22958,25.02989],[88.22906,25.02936],[88.22723,25.0298],[88.22588,25.02936],[88.22569,25.02846],[88.22782,25.02827],[88.22935,25.02675],[88.22611,25.02147],[88.22412,25.01956],[88.22224,25.01985],[88.22104,25.01872],[88.21966,25.01892],[88.21924,25.01996],[88.21837,25.01938],[88.21773,25.01953],[88.21782,25.02135],[88.21714,25.02151],[88.21706,25.01974],[88.21587,25.0196],[88.21583,25.02161],[88.21689,25.02357],[88.21638,25.02532],[88.21551,25.02466],[88.21316,25.02566],[88.2107,25.02559],[88.20944,25.02656],[88.20848,25.02626],[88.20096,25.02781],[88.19782,25.02685],[88.19646,25.02737],[88.19659,25.02812],[88.19919,25.03108],[88.20247,25.03596],[88.20037,25.03699],[88.19973,25.03807],[88.19384,25.04091],[88.19212,25.03705],[88.19226,25.03627],[88.19162,25.03561],[88.18547,25.03315],[88.18306,25.03009],[88.18176,25.02994],[88.17889,25.03061],[88.1753,25.03214],[88.17358,25.02956],[88.17123,25.0312],[88.17061,25.03086],[88.16974,25.02795],[88.16894,25.02686],[88.16691,25.02699],[88.16631,25.0261],[88.16598,25.02217],[88.16054,25.02226],[88.1597,25.02536],[88.15629,25.02477],[88.15664,25.02353]]]}},{"type":"Feature","bbox":[88.24278,25.04397,88.33382,25.12742],"properties":{"kind":"gp","gp":"Mangalpur","block":"Habibpur","lgd":109911},"geometry":{"type":"MultiPolygon","coordinates":[[[[88.24278,25.05743],[88.24433,25.05934],[88.24431,25.05994],[88.24312,25.06018],[88.2433,25.06081],[88.24507,25.06223],[88.24544,25.06316],[88.24347,25.0642],[88.24303,25.06497],[88.24352,25.06535],[88.24762,25.06485],[88.24862,25.06527],[88.24863,25.06577],[88.24724,25.06599],[88.24728,25.06683],[88.24849,25.06831],[88.24892,25.07016],[88.24963,25.07099],[88.25018,25.07074],[88.25014,25.06584],[88.24913,25.06322],[88.25102,25.06143],[88.24885,25.05659],[88.24784,25.05532],[88.24278,25.05743]]],[[[88.26889,25.05761],[88.26808,25.05812],[88.26608,25.05729],[88.26514,25.05781],[88.26423,25.06028],[88.26138,25.06374],[88.26131,25.06552],[88.26262,25.06578],[88.26277,25.06671],[88.26134,25.06755],[88.26031,25.06887],[88.25975,25.07026],[88.26048,25.07157],[88.259,25.073],[88.25826,25.07313],[88.25737,25.07225],[88.25654,25.07229],[88.25641,25.07171],[88.25537,25.07151],[88.25049,25.07291],[88.2509,25.07416],[88.25083,25.07994],[88.24834,25.08198],[88.24784,25.08211],[88.24696,25.08133],[88.24601,25.0815],[88.24727,25.085],[88.25018,25.08517],[88.25154,25.08588],[88.25194,25.08668],[88.25173,25.08929],[88.25467,25.08961],[88.25666,25.08873],[88.25853,25.08886],[88.25861,25.08986],[88.25732,25.09114],[88.25529,25.09096],[88.25384,25.09171],[88.25608,25.09374],[88.25697,25.09333],[88.25729,25.09231],[88.25819,25.09246],[88.25888,25.09349],[88.25898,25.09477],[88.2581,25.09629],[88.25863,25.09692],[88.26016,25.09464],[88.26296,25.09618],[88.26131,25.09821],[88.26121,25.09942],[88.26182,25.10051],[88.2627,25.10062],[88.26348,25.10217],[88.26428,25.10252],[88.2666,25.10211],[88.26703,25.10265],[88.26718,25.10464],[88.26833,25.10686],[88.26625,25.10868],[88.2662,25.1116],[88.26566,25.11228],[88.26312,25.1132],[88.26284,25.11388],[88.26413,25.1171],[88.26866,25.11735],[88.27384,25.11657],[88.27479,25.11833],[88.28274,25.1157],[88.28878,25.11584],[88.29238,25.11743],[88.29746,25.12236],[88.30395,25.12556],[88.30574,25.12714],[88.30683,25.12713],[88.307,25.12533],[88.30816,25.12567],[88.31043,25.12742],[88.31626,25.12358],[88.31653,25.12291],[88.31624,25.12205],[88.31412,25.12007],[88.31347,25.11799],[88.31083,25.11576],[88.31088,25.11438],[88.31427,25.11368],[88.31572,25.1124],[88.3191,25.11216],[88.32187,25.11314],[88.3329,25.11164],[88.33297,25.11024],[88.33197,25.10826],[88.33254,25.1057],[88.33216,25.10479],[88.33227,25.10368],[88.33382,25.10187],[88.33259,25.10079],[88.3327,25.09807],[88.33096,25.09503],[88.32924,25.09343],[88.32716,25.09268],[88.32606,25.0911],[88.32473,25.08819],[88.32497,25.08606],[88.32457,25.08492],[88.32397,25.08512],[88.32371,25.08406],[88.32487,25.08369],[88.32464,25.08163],[88.32524,25.08064],[88.3251,25.07918],[88.32583,25.0788],[88.3256,25.07734],[88.3236,25.0777],[88.32367,25.07658],[88.32479,25.07561],[88.3252,25.07398],[88.32478,25.07262],[88.32501,25.07097],[88.32588,25.07049],[88.32434,25.06586],[88.32232,25.06439],[88.32283,25.06164],[88.32416,25.0595],[88.32743,25.05752],[88.32753,25.05672],[88.325,25.05569],[88.32499,25.05483],[88.3235,25.05369],[88.32233,25.05402],[88.32276,25.05326],[88.3214,25.0513],[88.3206,25.04849],[88.31919,25.04866],[88.31805,25.04773],[88.31357,25.04818],[88.31203,25.04779],[88.31155,25.04695],[88.30945,25.0468],[88.30791,25.04581],[88.30748,25.04635],[88.30356,25.04397],[88.2936,25.04881],[88.28944,25.05138],[88.28482,25.05318],[88.28395,25.05292],[88.28058,25.05386],[88.27624,25.05553],[88.27614,25.05617],[88.27425,25.05716],[88.26889,25.05761]]]]}},{"type":"Feature","bbox":[87.84589,25.02547,88.2736,25.13409],"properties":{"kind":"gp","gp":"Manikchak","block":"Gazole","lgd":109973},"geometry":{"type":"MultiPolygon","coordinates":[[[[87.87304,25.03775],[87.86524,25.04585],[87.85917,25.05296],[87.85728,25.05463],[87.84589,25.06058],[87.84799,25.06285],[87.86899,25.05727],[87.87085,25.06665],[87.87248,25.06871],[87.87268,25.07027],[87.87208,25.07142],[87.8723,25.07217],[87.87324,25.07217],[87.87407,25.07569],[87.87386,25.08032],[87.87199,25.08974],[87.8722,25.091],[87.87439,25.09124],[87.87559,25.09077],[87.88014,25.08772],[87.87503,25.08249],[87.87665,25.08078],[87.88351,25.07937],[87.88661,25.0781],[87.89534,25.08386],[87.90344,25.08456],[87.90628,25.0819],[87.90895,25.08364],[87.90964,25.08335],[87.91092,25.08415],[87.91272,25.08345],[87.91429,25.08354],[87.91491,25.08451],[87.91569,25.08393],[87.91822,25.08572],[87.91946,25.08364],[87.91279,25.07959],[87.90887,25.07543],[87.91093,25.0739],[87.91115,25.07199],[87.91256,25.07258],[87.91312,25.07222],[87.91284,25.07132],[87.91398,25.07081],[87.91305,25.07014],[87.91243,25.07045],[87.91102,25.06864],[87.91506,25.06389],[87.91392,25.06298],[87.91387,25.06168],[87.91246,25.06018],[87.90965,25.05844],[87.90965,25.05645],[87.9113,25.05598],[87.91457,25.05294],[87.91985,25.0428],[87.9186,25.04258],[87.90629,25.04377],[87.90616,25.04203],[87.90659,25.04142],[87.90858,25.04107],[87.90892,25.04209],[87.90955,25.04223],[87.90925,25.03921],[87.9083,25.0387],[87.90758,25.03617],[87.90757,25.03462],[87.90792,25.03395],[87.90878,25.03383],[87.90943,25.03214],[87.91114,25.03231],[87.9111,25.03577],[87.91212,25.03603],[87.91235,25.03253],[87.91005,25.03046],[87.91209,25.02553],[87.90935,25.02646],[87.90838,25.02547],[87.9073,25.02657],[87.90509,25.02744],[87.90512,25.0279],[87.89646,25.03073],[87.89674,25.0312],[87.88699,25.03297],[87.88413,25.02891],[87.88162,25.0267],[87.87304,25.03775]]],[[[87.97649,25.11816],[87.97621,25.11722],[87.97362,25.11892],[87.97505,25.12097],[87.97351,25.12156],[87.96284,25.12221],[87.96338,25.12592],[87.96286,25.12829],[87.96231,25.12879],[87.96458,25.12971],[87.96993,25.12996],[87.97396,25.12786],[87.97687,25.12781],[87.9789,25.12309],[87.97878,25.11658],[87.97649,25.11816]]],[[[88.25037,25.1171],[88.24878,25.11722],[88.24712,25.11776],[88.24604,25.11933],[88.24604,25.12156],[88.24661,25.12187],[88.24827,25.12147],[88.24802,25.12454],[88.24889,25.12555],[88.24996,25.12513],[88.25282,25.1254],[88.25453,25.12594],[88.25504,25.12691],[88.25724,25.12716],[88.25849,25.12841],[88.25965,25.12822],[88.25954,25.12773],[88.26064,25.12785],[88.26099,25.12865],[88.26158,25.1288],[88.26165,25.12992],[88.26433,25.13302],[88.26527,25.13278],[88.26775,25.13395],[88.26981,25.13409],[88.27138,25.13351],[88.27204,25.13304],[88.2719,25.13199],[88.2736,25.12897],[88.27017,25.12441],[88.27049,25.12365],[88.26982,25.12356],[88.26903,25.12155],[88.2687,25.1187],[88.2657,25.11728],[88.25375,25.11797],[88.25037,25.1171]]]]}},{"type":"Feature","bbox":[87.87757,25.30747,87.95192,25.35242],"properties":{"kind":"gp","gp":"Mashaldaha","block":"Harishchandrapur-II","lgd":109926},"geometry":{"type":"Polygon","coordinates":[[[87.94605,25.33067],[87.94679,25.32686],[87.9482,25.32782],[87.94929,25.32789],[87.95096,25.32721],[87.95148,25.32387],[87.9487,25.31771],[87.94693,25.31562],[87.95171,25.31352],[87.95192,25.31222],[87.95061,25.30998],[87.94806,25.30815],[87.94394,25.30747],[87.93707,25.31101],[87.93195,25.31239],[87.92678,25.31573],[87.92379,25.31509],[87.92141,25.31607],[87.91957,25.31623],[87.91204,25.31575],[87.90782,25.3143],[87.90388,25.30918],[87.89844,25.31105],[87.89725,25.312],[87.8961,25.31196],[87.89417,25.31446],[87.89485,25.31663],[87.89301,25.31657],[87.89215,25.3184],[87.89263,25.32391],[87.88915,25.32418],[87.88808,25.32717],[87.88601,25.32717],[87.88286,25.32848],[87.88232,25.32793],[87.88159,25.32803],[87.8797,25.33104],[87.87867,25.33156],[87.87886,25.33244],[87.87786,25.33333],[87.87757,25.34053],[87.87856,25.34179],[87.87821,25.34354],[87.88003,25.34324],[87.88408,25.3467],[87.88415,25.34732],[87.89203,25.34786],[87.89565,25.34737],[87.89751,25.34916],[87.89829,25.35137],[87.89918,25.35222],[87.90029,25.35242],[87.90525,25.35149],[87.90373,25.34722],[87.90257,25.34559],[87.90349,25.34471],[87.90565,25.34381],[87.90731,25.34384],[87.90761,25.34258],[87.91275,25.342],[87.91325,25.34129],[87.91741,25.34066],[87.91815,25.33923],[87.91737,25.33885],[87.91748,25.33835],[87.91915,25.33469],[87.92183,25.33162],[87.92295,25.33153],[87.92639,25.33298],[87.93511,25.33329],[87.93907,25.33451],[87.94187,25.3343],[87.944,25.33352],[87.94605,25.33067]]]}},{"type":"Feature","bbox":[87.86806,25.0781,87.92216,25.1319],"properties":{"kind":"gp","gp":"Mathurapur","block":"Manikchak","lgd":109974},"geometry":{"type":"Polygon","coordinates":[[[87.89579,25.09692],[87.89649,25.09535],[87.89754,25.09524],[87.89797,25.09305],[87.89873,25.09284],[87.89804,25.09006],[87.89826,25.08856],[87.89894,25.08838],[87.89776,25.08414],[87.89534,25.08386],[87.88661,25.0781],[87.88351,25.07937],[87.87665,25.08078],[87.87503,25.08249],[87.88014,25.08772],[87.87559,25.09077],[87.87439,25.09124],[87.8722,25.091],[87.87254,25.10055],[87.87209,25.10344],[87.87007,25.11102],[87.8683,25.11232],[87.86806,25.11379],[87.86969,25.1144],[87.87216,25.11641],[87.87169,25.1179],[87.87264,25.11848],[87.87264,25.11943],[87.87413,25.12019],[87.87538,25.11983],[87.87612,25.12022],[87.87429,25.12416],[87.87359,25.12798],[87.8766,25.12798],[87.87716,25.12939],[87.88088,25.13041],[87.88313,25.13042],[87.88889,25.13156],[87.89516,25.13044],[87.89704,25.13087],[87.89719,25.1319],[87.89909,25.13167],[87.90462,25.12808],[87.90215,25.12574],[87.90257,25.12536],[87.90022,25.12366],[87.90415,25.118],[87.90741,25.11511],[87.90857,25.11561],[87.90741,25.11703],[87.90837,25.11763],[87.9105,25.1162],[87.91151,25.11534],[87.91197,25.1142],[87.91682,25.11103],[87.91583,25.10997],[87.92216,25.10446],[87.91694,25.09834],[87.9099,25.10263],[87.9101,25.10368],[87.909,25.10468],[87.90805,25.10422],[87.90727,25.10476],[87.90558,25.10255],[87.90727,25.10112],[87.90755,25.10012],[87.90202,25.10075],[87.89931,25.10216],[87.89868,25.1011],[87.89624,25.1014],[87.89579,25.09692]]]}},{"type":"Feature","bbox":[87.97038,24.98335,88.02253,25.04819],"properties":{"kind":"gp","gp":"Milki","block":"English Bazar","lgd":109885},"geometry":{"type":"Polygon","coordinates":[[[87.99787,24.98988],[88.00096,24.98873],[88.00228,24.98746],[88.00398,24.9848],[88.00394,24.9842],[88.00299,24.98335],[88.0023,24.9846],[87.99973,24.98542],[87.98978,24.98721],[87.97999,24.98618],[87.97907,24.98652],[87.98126,24.98862],[87.98128,24.98956],[87.97671,24.99026],[87.97607,24.99105],[87.97649,24.99649],[87.98047,25.00581],[87.98119,25.01037],[87.97901,25.01206],[87.97885,25.01332],[87.97971,25.01445],[87.97857,25.01996],[87.97662,25.02272],[87.97455,25.02726],[87.97038,25.03868],[87.97282,25.03923],[87.97271,25.04112],[87.97387,25.04137],[87.97459,25.03798],[87.97792,25.0376],[87.98008,25.03624],[87.97997,25.03577],[87.98165,25.03542],[87.98314,25.03361],[87.98675,25.03762],[87.98823,25.03691],[87.98986,25.04079],[87.99242,25.04253],[87.99445,25.04338],[87.99756,25.04211],[88.00269,25.04125],[88.0087,25.04346],[88.01256,25.04685],[88.01336,25.04819],[88.01473,25.04781],[88.01766,25.04615],[88.01675,25.04415],[88.01968,25.04243],[88.02253,25.03792],[88.01859,25.03608],[88.01878,25.03544],[88.01556,25.03314],[88.01532,25.03231],[88.01737,25.02989],[88.01748,25.02921],[88.01618,25.02833],[88.01738,25.02706],[88.01731,25.02654],[88.01396,25.02529],[88.01366,25.02563],[88.01213,25.02542],[88.01219,25.02415],[88.01101,25.02379],[88.0113,25.01947],[88.00986,25.01865],[88.00558,25.01861],[88.008,25.01471],[88.00789,25.01301],[88.00094,25.00012],[88.00018,24.99969],[87.99711,25.00137],[87.99529,25.00113],[87.99413,24.9979],[87.99448,24.99762],[87.99419,24.99669],[87.99252,24.99352],[87.99196,24.99182],[87.99226,24.99155],[87.99115,24.98929],[87.99533,24.99007],[87.99787,24.98988]]]}},{"type":"Feature","bbox":[88.01199,24.88813,88.07596,24.94621],"properties":{"kind":"gp","gp":"Mothabari","block":"Kaliachak-II","lgd":109947},"geometry":{"type":"Polygon","coordinates":[[[88.03058,24.88813],[88.02828,24.89287],[88.02797,24.89502],[88.02728,24.89501],[88.02692,24.89592],[88.02561,24.89564],[88.02418,24.89759],[88.02228,24.89695],[88.02153,24.90058],[88.02201,24.90081],[88.02181,24.90141],[88.02117,24.90155],[88.02093,24.90367],[88.01992,24.90441],[88.01986,24.90504],[88.01884,24.90488],[88.01797,24.90881],[88.01433,24.90737],[88.01364,24.9075],[88.01274,24.9085],[88.01199,24.9107],[88.01674,24.91424],[88.01639,24.91679],[88.01813,24.91786],[88.01995,24.91529],[88.02257,24.9151],[88.02541,24.91622],[88.0266,24.91906],[88.02621,24.91939],[88.03191,24.92561],[88.03165,24.92662],[88.03426,24.92636],[88.03425,24.92695],[88.03581,24.92739],[88.03606,24.92838],[88.03839,24.93095],[88.03969,24.93327],[88.04378,24.93707],[88.04422,24.93779],[88.04256,24.93781],[88.04241,24.9404],[88.04413,24.94485],[88.04625,24.94543],[88.04644,24.94621],[88.05145,24.9459],[88.0554,24.94463],[88.05813,24.94238],[88.05811,24.93832],[88.05379,24.93878],[88.05338,24.93589],[88.05115,24.93067],[88.05206,24.93047],[88.05231,24.92987],[88.05334,24.93013],[88.05732,24.92934],[88.05794,24.9281],[88.05862,24.92785],[88.06152,24.92754],[88.06261,24.92653],[88.06356,24.92432],[88.06943,24.92412],[88.07472,24.9256],[88.07564,24.92446],[88.07596,24.92236],[88.07519,24.92137],[88.07305,24.92033],[88.07273,24.91932],[88.07189,24.91884],[88.07234,24.91676],[88.06682,24.91407],[88.06616,24.91463],[88.0632,24.91383],[88.05364,24.91428],[88.04771,24.91723],[88.04785,24.91865],[88.04744,24.91883],[88.04654,24.91681],[88.04437,24.91702],[88.04479,24.91563],[88.04426,24.91529],[88.04441,24.91475],[88.04721,24.91424],[88.04723,24.91313],[88.04593,24.91087],[88.04615,24.90996],[88.04483,24.90809],[88.04659,24.90726],[88.04613,24.90511],[88.04927,24.90426],[88.04852,24.90182],[88.04903,24.901],[88.04869,24.89933],[88.04933,24.89925],[88.04968,24.89807],[88.04637,24.89919],[88.04334,24.89903],[88.04089,24.89372],[88.03946,24.8938],[88.03839,24.89232],[88.03349,24.89032],[88.03058,24.88813]]]}},{"type":"Feature","bbox":[88.01553,25.35327,88.10118,25.40787],"properties":{"kind":"gp","gp":"Motiharpur","block":"Chanchal-I","lgd":109869},"geometry":{"type":"Polygon","coordinates":[[[88.06052,25.35413],[88.06054,25.35452],[88.05727,25.35574],[88.05623,25.3579],[88.05629,25.36226],[88.05351,25.36359],[88.05244,25.36307],[88.04658,25.36489],[88.04577,25.36427],[88.04489,25.36445],[88.04489,25.3638],[88.04425,25.3638],[88.04438,25.36189],[88.04242,25.36221],[88.04228,25.36166],[88.04431,25.3607],[88.04365,25.35853],[88.04165,25.35881],[88.03973,25.3579],[88.03845,25.3581],[88.03829,25.35957],[88.03505,25.36066],[88.03559,25.36354],[88.03295,25.36367],[88.03285,25.36519],[88.03726,25.37228],[88.02565,25.37622],[88.0235,25.37611],[88.0229,25.37731],[88.01553,25.3776],[88.01631,25.38072],[88.0209,25.38111],[88.02163,25.38278],[88.0218,25.38426],[88.0211,25.38465],[88.02156,25.38621],[88.02283,25.38661],[88.02372,25.38598],[88.02376,25.3869],[88.02563,25.38702],[88.02666,25.38597],[88.02913,25.38485],[88.02888,25.38421],[88.02931,25.38329],[88.03059,25.38243],[88.03486,25.38101],[88.03741,25.38067],[88.03856,25.3811],[88.03918,25.38258],[88.03978,25.38259],[88.04552,25.39345],[88.04678,25.39318],[88.05223,25.39909],[88.05653,25.40088],[88.05768,25.40297],[88.05885,25.40787],[88.06401,25.40603],[88.06631,25.40616],[88.06812,25.40536],[88.06875,25.40619],[88.08379,25.40326],[88.08398,25.40562],[88.08476,25.40552],[88.0859,25.40332],[88.08806,25.40233],[88.08884,25.40145],[88.09009,25.40136],[88.08986,25.40396],[88.09348,25.4032],[88.09366,25.40205],[88.0944,25.40195],[88.09372,25.3981],[88.09529,25.39811],[88.09892,25.39603],[88.09908,25.39642],[88.10058,25.39637],[88.10118,25.38954],[88.09883,25.389],[88.099,25.38727],[88.09516,25.3871],[88.09446,25.38553],[88.09327,25.38489],[88.09428,25.38395],[88.09588,25.38383],[88.09269,25.37371],[88.09158,25.37386],[88.09061,25.37483],[88.08939,25.37419],[88.09012,25.3722],[88.0897,25.37153],[88.09129,25.37005],[88.09302,25.36975],[88.09395,25.36677],[88.09333,25.3661],[88.09165,25.36619],[88.0918,25.36347],[88.09375,25.36212],[88.09338,25.36009],[88.0941,25.35966],[88.09297,25.35767],[88.09056,25.35853],[88.08808,25.35726],[88.08571,25.35713],[88.08269,25.35809],[88.08053,25.35996],[88.08015,25.35973],[88.08038,25.356],[88.07994,25.35587],[88.07938,25.3544],[88.07515,25.3548],[88.07371,25.3557],[88.06954,25.35529],[88.06927,25.35375],[88.06746,25.354],[88.06688,25.35327],[88.06052,25.35413]]]}},{"type":"Feature","bbox":[88.04435,24.83314,88.08328,24.86859],"properties":{"kind":"gp","gp":"Mozampur","block":"Kaliachak-I","lgd":109939},"geometry":{"type":"Polygon","coordinates":[[[88.07336,24.84064],[88.06641,24.83994],[88.06587,24.83802],[88.0645,24.83757],[88.0644,24.83672],[88.05856,24.83372],[88.04946,24.83314],[88.04949,24.83436],[88.05007,24.83475],[88.04742,24.84181],[88.04999,24.84379],[88.04908,24.84524],[88.04772,24.84568],[88.04791,24.84662],[88.04435,24.85108],[88.04728,24.854],[88.05371,24.84855],[88.05558,24.8512],[88.05654,24.85404],[88.06137,24.8595],[88.06536,24.86616],[88.0651,24.86684],[88.06692,24.86859],[88.0684,24.86709],[88.07163,24.86634],[88.07358,24.8665],[88.07676,24.86781],[88.07778,24.86723],[88.07948,24.8633],[88.07678,24.86155],[88.07718,24.86058],[88.07896,24.85806],[88.08328,24.85387],[88.07828,24.84972],[88.07897,24.84889],[88.07648,24.84606],[88.0754,24.84511],[88.07348,24.8448],[88.07336,24.84064]]]}},{"type":"Feature","bbox":[88.17168,24.95163,88.2415,25.02781],"properties":{"kind":"gp","gp":"Muchia","block":"Old Malda","lgd":109982},"geometry":{"type":"Polygon","coordinates":[[[88.19363,24.95438],[88.19019,24.95221],[88.18857,24.95163],[88.18668,24.95168],[88.18348,24.95377],[88.17168,24.96422],[88.17429,24.96621],[88.17768,24.96985],[88.17904,24.96976],[88.18297,24.97141],[88.19039,24.97224],[88.19109,24.97512],[88.19328,24.9763],[88.19535,24.97956],[88.19551,24.98078],[88.1974,24.9821],[88.19686,24.98655],[88.19754,24.98863],[88.19622,24.98924],[88.1965,24.99022],[88.19796,24.99167],[88.19661,24.99254],[88.19476,24.99262],[88.19422,24.99194],[88.18996,24.99047],[88.18694,24.98743],[88.18631,24.98741],[88.18625,24.98919],[88.18684,24.99411],[88.19032,24.99518],[88.19046,24.99654],[88.18861,24.99767],[88.18817,24.99918],[88.1894,25.00309],[88.18852,25.00349],[88.18998,25.00453],[88.18943,25.00531],[88.19035,25.00646],[88.19005,25.0069],[88.19374,25.01119],[88.1941,25.01376],[88.193,25.01582],[88.19293,25.01772],[88.19347,25.02074],[88.19646,25.02737],[88.19782,25.02685],[88.20096,25.02781],[88.20848,25.02626],[88.20944,25.02656],[88.2107,25.02559],[88.21316,25.02566],[88.21551,25.02466],[88.21638,25.02532],[88.21689,25.02357],[88.21583,25.02161],[88.21587,25.0196],[88.21706,25.01974],[88.21714,25.02151],[88.21782,25.02135],[88.21773,25.01953],[88.21837,25.01938],[88.21924,25.01996],[88.21966,25.01892],[88.22104,25.01872],[88.22224,25.01985],[88.22412,25.01956],[88.22397,25.01894],[88.22519,25.01818],[88.22574,25.01658],[88.22645,25.01633],[88.22763,25.01778],[88.2284,25.01794],[88.22949,25.01719],[88.22933,25.01613],[88.22786,25.01391],[88.22865,25.01356],[88.23079,25.0152],[88.23264,25.0154],[88.23272,25.0149],[88.23115,25.01322],[88.22979,25.01252],[88.2289,25.01101],[88.22841,25.00924],[88.23008,25.00779],[88.2275,25.00775],[88.2271,25.00721],[88.22825,25.00642],[88.22964,25.00655],[88.2299,25.0058],[88.22794,25.0049],[88.22656,25.00353],[88.22721,25.00267],[88.22877,25.00292],[88.23059,25.00399],[88.23396,25.00307],[88.23461,25.00199],[88.23434,25.0],[88.23262,24.99603],[88.23263,24.99467],[88.23531,24.99595],[88.23637,24.99579],[88.2364,24.99502],[88.23402,24.99398],[88.232,24.99156],[88.23369,24.99107],[88.2346,24.98969],[88.23799,24.98972],[88.23914,24.9886],[88.23845,24.98717],[88.23709,24.98695],[88.23497,24.98744],[88.23442,24.98679],[88.23659,24.9851],[88.23565,24.98447],[88.23701,24.98298],[88.23703,24.98207],[88.2346,24.97941],[88.23524,24.97868],[88.23754,24.97829],[88.23954,24.97857],[88.24078,24.97789],[88.23837,24.97413],[88.2401,24.9711],[88.24049,24.96862],[88.2415,24.9664],[88.24117,24.96395],[88.23791,24.96099],[88.23458,24.95965],[88.23081,24.96006],[88.22868,24.95849],[88.22611,24.95971],[88.22308,24.95994],[88.21397,24.95862],[88.20719,24.95822],[88.19893,24.95655],[88.19363,24.95438]]]}},{"type":"Feature","bbox":[88.02711,24.87154,88.06294,24.89936],"properties":{"kind":"gp","gp":"Naoda-Jadupur","block":"Kaliachak-I","lgd":109940},"geometry":{"type":"Polygon","coordinates":[[[88.03133,24.87644],[88.03244,24.88108],[88.02711,24.88482],[88.02998,24.88631],[88.02968,24.88717],[88.03191,24.88945],[88.03723,24.89159],[88.03839,24.89232],[88.03946,24.8938],[88.04089,24.89372],[88.04334,24.89903],[88.04402,24.89936],[88.04805,24.89873],[88.05201,24.8971],[88.0507,24.89459],[88.05114,24.89351],[88.05067,24.89279],[88.05372,24.89202],[88.05429,24.88702],[88.05765,24.88606],[88.05788,24.88531],[88.05913,24.88524],[88.0599,24.88425],[88.06294,24.8838],[88.06064,24.88113],[88.06123,24.8801],[88.05892,24.87864],[88.05772,24.87723],[88.05391,24.87695],[88.05281,24.87553],[88.05339,24.87523],[88.05329,24.87434],[88.05245,24.87428],[88.05196,24.87319],[88.05232,24.87154],[88.03677,24.87389],[88.03133,24.87644]]]}},{"type":"Feature","bbox":[88.02072,25.04095,88.13378,25.09646],"properties":{"kind":"gp","gp":"Narhatta","block":"English Bazar","lgd":109886},"geometry":{"type":"MultiPolygon","coordinates":[[[[88.05603,25.06528],[88.05775,25.0633],[88.05741,25.05928],[88.05606,25.05688],[88.05718,25.0564],[88.05651,25.04878],[88.05696,25.04865],[88.05708,25.04765],[88.05657,25.04752],[88.05662,25.04688],[88.05814,25.04471],[88.05667,25.04464],[88.05641,25.04402],[88.05493,25.04473],[88.05369,25.04631],[88.05172,25.0472],[88.048,25.05028],[88.04475,25.05203],[88.0452,25.05268],[88.04496,25.05327],[88.04187,25.05364],[88.04083,25.05327],[88.03928,25.04842],[88.03251,25.04922],[88.03188,25.0496],[88.03265,25.05071],[88.03002,25.05211],[88.02848,25.05403],[88.02575,25.05968],[88.02433,25.05975],[88.02072,25.06259],[88.02408,25.06372],[88.02806,25.06635],[88.03221,25.06754],[88.03512,25.0695],[88.04314,25.07194],[88.04392,25.07041],[88.04463,25.07068],[88.04583,25.06999],[88.0451,25.06856],[88.04882,25.06779],[88.05066,25.06691],[88.05096,25.06581],[88.05247,25.06652],[88.05403,25.06638],[88.05603,25.06528]]],[[[88.06197,25.06443],[88.05994,25.06296],[88.0581,25.06652],[88.05716,25.07003],[88.0583,25.07055],[88.05744,25.07212],[88.05547,25.07306],[88.05415,25.07407],[88.05413,25.0746],[88.05282,25.07487],[88.05901,25.07795],[88.05941,25.08259],[88.06136,25.08256],[88.0604,25.08455],[88.06043,25.08665],[88.07153,25.09228],[88.07617,25.09539],[88.08158,25.09646],[88.08185,25.09217],[88.08309,25.08981],[88.08492,25.08853],[88.09119,25.08659],[88.09339,25.08716],[88.0968,25.08906],[88.0983,25.08948],[88.09908,25.0892],[88.09972,25.08844],[88.09801,25.08262],[88.09838,25.08105],[88.0995,25.0804],[88.10133,25.08027],[88.11241,25.0723],[88.11398,25.0727],[88.11638,25.0719],[88.12003,25.06733],[88.12111,25.06672],[88.12488,25.06645],[88.12726,25.06468],[88.13005,25.06036],[88.13097,25.05789],[88.13124,25.0536],[88.13329,25.05001],[88.13378,25.04745],[88.13303,25.04095],[88.12781,25.04309],[88.12299,25.04377],[88.12293,25.04644],[88.12154,25.04783],[88.12154,25.0492],[88.12065,25.0504],[88.12179,25.05312],[88.12127,25.05514],[88.12252,25.05602],[88.12315,25.05798],[88.11971,25.06114],[88.11689,25.05643],[88.11275,25.04636],[88.10928,25.04759],[88.10544,25.05021],[88.10264,25.05552],[88.10113,25.06001],[88.09998,25.0618],[88.09804,25.06264],[88.09388,25.06301],[88.08153,25.05931],[88.07417,25.05819],[88.07175,25.05837],[88.06824,25.05971],[88.06197,25.06443]]]]}},{"type":"Feature","bbox":[87.86532,25.11136,87.94561,25.1729],"properties":{"kind":"gp","gp":"Nazeerpur","block":"Manikchak","lgd":109975},"geometry":{"type":"Polygon","coordinates":[[[87.91055,25.17169],[87.91207,25.17247],[87.91593,25.17224],[87.91652,25.17185],[87.91435,25.16655],[87.91265,25.15824],[87.90928,25.15232],[87.90773,25.15119],[87.90442,25.14974],[87.89713,25.14768],[87.89574,25.14611],[87.89523,25.14433],[87.89577,25.14206],[87.89868,25.13829],[87.90096,25.13761],[87.90449,25.138],[87.90735,25.1393],[87.90892,25.14063],[87.91313,25.14807],[87.91544,25.146],[87.9162,25.14616],[87.91918,25.14381],[87.92254,25.14261],[87.92377,25.14386],[87.92341,25.14512],[87.9255,25.14717],[87.92976,25.14531],[87.93037,25.14617],[87.93481,25.14582],[87.93509,25.14482],[87.93814,25.14368],[87.93859,25.14242],[87.94238,25.14263],[87.94198,25.14122],[87.94184,25.13402],[87.94116,25.13074],[87.94044,25.13052],[87.93808,25.13112],[87.93395,25.13237],[87.9335,25.13307],[87.93284,25.13319],[87.93118,25.12989],[87.93136,25.12879],[87.93212,25.12852],[87.93194,25.12557],[87.9339,25.12447],[87.93336,25.12202],[87.94561,25.1161],[87.93497,25.11136],[87.93109,25.1131],[87.93134,25.11359],[87.92989,25.11364],[87.92853,25.11444],[87.92785,25.11506],[87.92806,25.11632],[87.92738,25.11646],[87.92731,25.11717],[87.92666,25.117],[87.9253,25.11762],[87.92543,25.11803],[87.92138,25.11995],[87.92084,25.1197],[87.91886,25.12049],[87.91872,25.12095],[87.92034,25.12194],[87.92031,25.12275],[87.91968,25.12398],[87.91745,25.12563],[87.91498,25.12861],[87.91209,25.12688],[87.91645,25.12073],[87.91137,25.11915],[87.90837,25.11763],[87.90741,25.11703],[87.90857,25.11561],[87.90741,25.11511],[87.90415,25.118],[87.90022,25.12366],[87.90257,25.12536],[87.90215,25.12574],[87.90462,25.12808],[87.89909,25.13167],[87.89719,25.1319],[87.89704,25.13087],[87.89516,25.13044],[87.88889,25.13156],[87.88313,25.13042],[87.88088,25.13041],[87.87716,25.12939],[87.8766,25.12798],[87.87457,25.12774],[87.87359,25.13025],[87.8736,25.13166],[87.87239,25.13411],[87.87121,25.13523],[87.86923,25.1348],[87.86544,25.13575],[87.86532,25.14599],[87.866,25.14747],[87.86534,25.14801],[87.86598,25.14959],[87.86663,25.16139],[87.86665,25.16268],[87.86612,25.16346],[87.86694,25.16569],[87.86672,25.16699],[87.86811,25.16921],[87.87135,25.16836],[87.87186,25.16896],[87.87253,25.16886],[87.87929,25.16657],[87.87966,25.16737],[87.87794,25.16934],[87.87821,25.1708],[87.8795,25.1705],[87.88336,25.17097],[87.88429,25.1702],[87.88851,25.16955],[87.89592,25.17065],[87.89963,25.16942],[87.90121,25.17039],[87.90264,25.17022],[87.90361,25.17079],[87.90426,25.1729],[87.90802,25.17179],[87.91055,25.17169]]]}},{"type":"Feature","bbox":[87.88162,25.02018,87.97687,25.16442],"properties":{"kind":"gp","gp":"Nurpur","block":"Manikchak","lgd":109976},"geometry":{"type":"MultiPolygon","coordinates":[[[[87.8866,25.02018],[87.88162,25.0267],[87.88413,25.02891],[87.88699,25.03297],[87.89674,25.0312],[87.8866,25.02018]]],[[[87.91197,25.1142],[87.91151,25.11534],[87.90837,25.11763],[87.91137,25.11915],[87.91915,25.12181],[87.92031,25.12275],[87.92034,25.12194],[87.91872,25.12095],[87.91886,25.12049],[87.92084,25.1197],[87.92138,25.11995],[87.92543,25.11803],[87.9253,25.11762],[87.92666,25.117],[87.92731,25.11717],[87.92738,25.11646],[87.92806,25.11632],[87.92785,25.11506],[87.92853,25.11444],[87.92989,25.11364],[87.93134,25.11359],[87.93109,25.1131],[87.93497,25.11136],[87.93095,25.10961],[87.92618,25.10597],[87.92524,25.10575],[87.92407,25.10659],[87.92216,25.10446],[87.91583,25.10997],[87.91682,25.11103],[87.91326,25.11315],[87.91197,25.1142]]],[[[87.96383,25.11734],[87.95846,25.11866],[87.95578,25.11456],[87.95487,25.11154],[87.95287,25.11232],[87.95119,25.1118],[87.94784,25.1149],[87.93336,25.12202],[87.9339,25.12447],[87.93194,25.12557],[87.93212,25.12852],[87.93136,25.12879],[87.93118,25.12989],[87.93284,25.13319],[87.9335,25.13307],[87.93395,25.13237],[87.93808,25.13112],[87.94044,25.13052],[87.94116,25.13074],[87.94184,25.13402],[87.94198,25.14122],[87.94238,25.14263],[87.93859,25.14242],[87.93814,25.14368],[87.93509,25.14482],[87.93481,25.14582],[87.93037,25.14617],[87.92976,25.14531],[87.9255,25.14717],[87.92341,25.14512],[87.92377,25.14386],[87.92254,25.14261],[87.91918,25.14381],[87.9162,25.14616],[87.91544,25.146],[87.91313,25.14807],[87.93546,25.1614],[87.94399,25.16442],[87.94596,25.16412],[87.95015,25.16125],[87.95118,25.15929],[87.95328,25.15813],[87.95711,25.15277],[87.9592,25.15444],[87.96769,25.14714],[87.96947,25.14614],[87.96956,25.14524],[87.97184,25.14514],[87.97325,25.1436],[87.97051,25.14143],[87.97455,25.13467],[87.97675,25.12979],[87.97687,25.12781],[87.97396,25.12786],[87.96993,25.12996],[87.96458,25.12971],[87.96231,25.12879],[87.96286,25.12829],[87.96338,25.12592],[87.96284,25.12221],[87.96966,25.12208],[87.97505,25.12097],[87.97362,25.11892],[87.97621,25.11722],[87.97593,25.11625],[87.97398,25.11388],[87.97141,25.11319],[87.97015,25.11342],[87.96383,25.11734]]]]}},{"type":"Feature","bbox":[88.24543,25.10182,88.38566,25.20064],"properties":{"kind":"gp","gp":"Pakuahat","block":"Bamongola","lgd":109861},"geometry":{"type":"MultiPolygon","coordinates":[[[[88.34283,25.10915],[88.34152,25.11009],[88.33778,25.11082],[88.32187,25.11314],[88.3191,25.11216],[88.31572,25.1124],[88.31427,25.11368],[88.31088,25.11438],[88.31083,25.11576],[88.31347,25.11799],[88.31412,25.12007],[88.31624,25.12205],[88.31653,25.12291],[88.31626,25.12358],[88.31043,25.12742],[88.31324,25.12946],[88.31594,25.13035],[88.3166,25.13123],[88.31616,25.13188],[88.31408,25.13303],[88.3143,25.13366],[88.31665,25.1349],[88.31765,25.13638],[88.31911,25.13634],[88.32089,25.13427],[88.32144,25.13433],[88.32193,25.13517],[88.32183,25.13625],[88.3201,25.1381],[88.32089,25.14321],[88.32184,25.14409],[88.32602,25.14416],[88.32614,25.14493],[88.32504,25.14704],[88.32763,25.14981],[88.32784,25.15307],[88.33278,25.16041],[88.33308,25.16168],[88.33409,25.16173],[88.33547,25.16097],[88.34175,25.1608],[88.34437,25.15996],[88.34656,25.15702],[88.34739,25.15978],[88.34882,25.16169],[88.34892,25.16333],[88.35057,25.16579],[88.35286,25.16568],[88.35311,25.16434],[88.35415,25.1641],[88.35451,25.16227],[88.35686,25.16207],[88.35791,25.16324],[88.36131,25.16035],[88.36279,25.16098],[88.36425,25.16095],[88.36568,25.16022],[88.36727,25.1603],[88.36777,25.16142],[88.36824,25.16134],[88.36596,25.15543],[88.36693,25.1523],[88.371,25.15051],[88.37237,25.15155],[88.37331,25.1515],[88.37707,25.15057],[88.37976,25.14867],[88.38066,25.14894],[88.38086,25.14797],[88.38008,25.14535],[88.38068,25.14434],[88.3831,25.14211],[88.38374,25.14232],[88.38566,25.14125],[88.38564,25.13874],[88.38331,25.13773],[88.3845,25.13693],[88.38468,25.13632],[88.38373,25.13609],[88.38478,25.13514],[88.38389,25.13275],[88.38217,25.13069],[88.38126,25.12832],[88.3823,25.12713],[88.38045,25.12461],[88.38117,25.12294],[88.38303,25.12237],[88.3819,25.12018],[88.38179,25.11845],[88.38069,25.1173],[88.38296,25.11357],[88.38247,25.11283],[88.38417,25.10838],[88.38405,25.10714],[88.38107,25.1077],[88.38073,25.10655],[88.38436,25.10591],[88.38403,25.10415],[88.38502,25.10254],[88.37448,25.10182],[88.36841,25.10197],[88.35754,25.10487],[88.34774,25.10834],[88.34283,25.10915]]],[[[88.2481,25.20019],[88.24894,25.19958],[88.25265,25.19932],[88.25399,25.19981],[88.25579,25.1994],[88.25604,25.19876],[88.25872,25.19849],[88.25667,25.19619],[88.2556,25.19208],[88.25401,25.19167],[88.25202,25.19259],[88.25079,25.19153],[88.24911,25.19162],[88.24563,25.19305],[88.24591,25.19634],[88.24648,25.19731],[88.24563,25.19878],[88.24543,25.20064],[88.2481,25.20019]]]]}},{"type":"Feature","bbox":[88.11344,25.11216,88.20785,25.20248],"properties":{"kind":"gp","gp":"Pandua","block":"Gazole","lgd":109898},"geometry":{"type":"Polygon","coordinates":[[[88.15953,25.12967],[88.15756,25.1258],[88.15601,25.12483],[88.15419,25.12503],[88.15285,25.12441],[88.15216,25.12106],[88.14963,25.11735],[88.14914,25.11475],[88.14793,25.11218],[88.14717,25.11216],[88.14579,25.11322],[88.14295,25.11386],[88.13766,25.11411],[88.13756,25.11552],[88.13921,25.1204],[88.1441,25.12871],[88.14412,25.12953],[88.14382,25.12994],[88.13865,25.13126],[88.13782,25.132],[88.13817,25.13297],[88.13996,25.13379],[88.14018,25.13454],[88.13888,25.13615],[88.1361,25.13679],[88.13443,25.1338],[88.13341,25.12961],[88.13223,25.12753],[88.13,25.12713],[88.12686,25.12769],[88.12556,25.13258],[88.12462,25.13332],[88.12236,25.13393],[88.12268,25.13566],[88.12436,25.13699],[88.1238,25.13846],[88.12418,25.13948],[88.12364,25.14032],[88.12358,25.14388],[88.12428,25.14695],[88.11544,25.14909],[88.11466,25.14824],[88.11344,25.1497],[88.11363,25.15209],[88.11638,25.15123],[88.11792,25.1541],[88.1189,25.15415],[88.11931,25.15478],[88.11867,25.15625],[88.11926,25.15746],[88.11804,25.1579],[88.11776,25.1591],[88.11922,25.16074],[88.12145,25.16037],[88.12163,25.16095],[88.12243,25.16082],[88.1225,25.16137],[88.12065,25.16212],[88.1205,25.16163],[88.11918,25.16139],[88.11977,25.16441],[88.11821,25.16455],[88.12036,25.16802],[88.11821,25.16795],[88.11556,25.16923],[88.11537,25.17116],[88.11653,25.17792],[88.1161,25.18096],[88.11779,25.18352],[88.11813,25.1867],[88.11729,25.18722],[88.11842,25.18949],[88.11845,25.19064],[88.12086,25.19232],[88.12198,25.19214],[88.1243,25.19012],[88.12607,25.19332],[88.128,25.19497],[88.1314,25.20248],[88.13264,25.20133],[88.13466,25.20103],[88.137,25.19929],[88.1372,25.19847],[88.13665,25.19719],[88.13551,25.19663],[88.13459,25.19531],[88.13289,25.19496],[88.13223,25.19378],[88.13081,25.19267],[88.12693,25.19073],[88.12565,25.18784],[88.12574,25.18693],[88.12678,25.18613],[88.12656,25.18437],[88.12751,25.1827],[88.12887,25.18178],[88.13089,25.18189],[88.13277,25.18102],[88.13304,25.18129],[88.14156,25.17797],[88.14331,25.1781],[88.14498,25.17904],[88.14795,25.17926],[88.14958,25.17901],[88.15007,25.17818],[88.15247,25.17739],[88.16003,25.17557],[88.16148,25.17594],[88.16954,25.17539],[88.17227,25.17469],[88.17232,25.17419],[88.18009,25.18276],[88.18229,25.18171],[88.18202,25.18103],[88.18497,25.18019],[88.18578,25.1804],[88.18657,25.17911],[88.18887,25.17855],[88.18919,25.17897],[88.19026,25.17867],[88.19036,25.18009],[88.19226,25.18018],[88.19232,25.18105],[88.19361,25.18175],[88.19424,25.18128],[88.19376,25.1805],[88.19406,25.17954],[88.19486,25.1795],[88.19485,25.17707],[88.19354,25.17602],[88.19219,25.17323],[88.1926,25.17271],[88.19227,25.17216],[88.19327,25.17186],[88.1954,25.16969],[88.19454,25.16887],[88.19477,25.16786],[88.19433,25.1667],[88.19319,25.16607],[88.19403,25.1654],[88.1943,25.16396],[88.1962,25.16292],[88.19577,25.16238],[88.2003,25.16246],[88.20138,25.16564],[88.20392,25.16544],[88.20785,25.16405],[88.20346,25.15487],[88.19997,25.15282],[88.19744,25.14516],[88.1997,25.14405],[88.20409,25.14413],[88.20423,25.14287],[88.20556,25.14292],[88.20549,25.14162],[88.20425,25.14038],[88.20337,25.1403],[88.20233,25.13768],[88.20083,25.13601],[88.19965,25.1352],[88.19838,25.13622],[88.19742,25.13594],[88.19309,25.13703],[88.19197,25.1365],[88.18998,25.13749],[88.18747,25.13769],[88.18564,25.1363],[88.18429,25.13312],[88.18073,25.12984],[88.1796,25.12796],[88.17764,25.12731],[88.17704,25.12635],[88.1761,25.12686],[88.17578,25.12875],[88.17291,25.12785],[88.16985,25.12847],[88.16927,25.12735],[88.16822,25.12668],[88.16431,25.12669],[88.16153,25.12983],[88.16047,25.13025],[88.15953,25.12967]]]}},{"type":"Feature","bbox":[87.9619,25.11527,88.20558,25.16649],"properties":{"kind":"gp","gp":"Paranpur","block":"Ratua-II","lgd":109996},"geometry":{"type":"MultiPolygon","coordinates":[[[[87.996,25.12348],[87.99509,25.12437],[87.99414,25.12384],[87.98849,25.11905],[87.9813,25.11527],[87.97878,25.11658],[87.9789,25.12309],[87.97696,25.12725],[87.97675,25.12979],[87.97455,25.13467],[87.97051,25.14143],[87.97325,25.1436],[87.97184,25.14514],[87.96956,25.14524],[87.96947,25.14614],[87.96769,25.14714],[87.9619,25.15218],[87.96303,25.15325],[87.96359,25.15456],[87.96552,25.16365],[87.96904,25.16189],[87.97326,25.16073],[87.97444,25.16199],[87.97505,25.16358],[87.97527,25.16649],[87.97967,25.16567],[87.98561,25.16342],[87.98542,25.16241],[87.98615,25.16158],[87.98594,25.15976],[87.98325,25.15488],[87.98203,25.14865],[87.98004,25.1441],[87.9879,25.14081],[87.98779,25.13987],[87.99221,25.13658],[87.99424,25.13438],[87.99442,25.13353],[87.99769,25.12916],[87.9989,25.12638],[87.99888,25.12391],[87.99798,25.12265],[87.99656,25.12429],[87.996,25.12348]]],[[[88.20346,25.15487],[88.20459,25.14753],[88.20558,25.14635],[88.20556,25.14292],[88.20423,25.14287],[88.20409,25.14413],[88.1997,25.14405],[88.19744,25.14516],[88.19997,25.15282],[88.20346,25.15487]]]]}},{"type":"Feature","bbox":[87.95692,24.65544,88.24396,25.20184],"properties":{"kind":"gp","gp":"Pardeonapur-Sovapur","block":"Kaliachak-III","lgd":109964},"geometry":{"type":"MultiPolygon","coordinates":[[[[88.00387,24.67252],[88.0074,24.67073],[88.00728,24.6693],[88.00861,24.66826],[88.00787,24.6674],[88.00692,24.66346],[88.00627,24.66343],[88.00656,24.66074],[88.00452,24.65762],[88.00338,24.65725],[88.0029,24.65555],[87.99744,24.65544],[87.99391,24.6566],[87.98713,24.65954],[87.98072,24.66346],[87.97653,24.66675],[87.97296,24.67106],[87.97183,24.67801],[87.97067,24.68148],[87.97027,24.6813],[87.96993,24.68332],[87.97053,24.69018],[87.96828,24.69402],[87.96724,24.69536],[87.9627,24.69841],[87.96285,24.69763],[87.96496,24.6953],[87.96361,24.69157],[87.9622,24.6894],[87.96243,24.68844],[87.96196,24.68665],[87.95692,24.69657],[87.96053,24.70375],[87.96372,24.70624],[87.96545,24.70552],[87.96836,24.70519],[87.96885,24.70836],[87.97071,24.70765],[87.97126,24.70059],[87.97374,24.70012],[87.97798,24.69633],[87.98045,24.69713],[87.982,24.69663],[87.98576,24.69422],[87.99378,24.69313],[87.99911,24.69183],[88.00093,24.67805],[88.00184,24.67809],[88.00225,24.67756],[88.00759,24.6793],[88.00826,24.67905],[88.00609,24.67798],[88.0066,24.67745],[88.002,24.67595],[88.00206,24.675],[88.00368,24.67382],[88.00387,24.67252]]],[[[87.99673,24.70343],[87.99003,24.71048],[87.9846,24.71423],[87.98296,24.71465],[87.98143,24.71674],[87.97923,24.71775],[87.97376,24.72407],[87.96902,24.72811],[87.9682,24.72992],[87.96844,24.73144],[87.96649,24.74515],[87.96744,24.74804],[87.9746,24.74214],[87.97731,24.74044],[87.98022,24.73551],[87.98644,24.72729],[87.98947,24.72419],[88.00476,24.71147],[88.0106,24.70197],[88.01378,24.69803],[88.02564,24.6872],[88.02192,24.68328],[88.01531,24.68826],[88.00655,24.6961],[87.99673,24.70343]]],[[[88.23526,25.19654],[88.23914,25.19888],[88.24032,25.20184],[88.24225,25.20177],[88.24396,25.20059],[88.24186,25.19905],[88.24133,25.19659],[88.24069,25.19581],[88.23468,25.19189],[88.23192,25.19111],[88.2336,25.19451],[88.23426,25.19459],[88.23526,25.19654]]]]}},{"type":"Feature","bbox":[88.00461,25.06259,88.08294,25.14168],"properties":{"kind":"gp","gp":"Peerganj","block":"Ratua-II","lgd":109997},"geometry":{"type":"MultiPolygon","coordinates":[[[[88.01982,25.06838],[88.02048,25.07623],[88.0226,25.07664],[88.02321,25.07477],[88.02411,25.07504],[88.02437,25.07403],[88.02503,25.07352],[88.02388,25.07222],[88.02806,25.06635],[88.02408,25.06372],[88.02072,25.06259],[88.01982,25.06838]]],[[[88.08294,25.10486],[88.08261,25.09794],[88.08158,25.09646],[88.07617,25.09539],[88.07153,25.09228],[88.06043,25.08665],[88.05663,25.08699],[88.05323,25.08533],[88.05261,25.08562],[88.05208,25.08759],[88.04637,25.08957],[88.04439,25.09114],[88.04107,25.09234],[88.04654,25.10058],[88.05023,25.10939],[88.05312,25.11378],[88.05568,25.11627],[88.05719,25.11913],[88.05484,25.11971],[88.05443,25.1189],[88.05305,25.11907],[88.05074,25.12035],[88.04792,25.12091],[88.04597,25.12217],[88.04004,25.123],[88.03839,25.12172],[88.03748,25.11757],[88.03764,25.11568],[88.03666,25.11321],[88.03699,25.11256],[88.03658,25.11049],[88.03591,25.10987],[88.03626,25.11184],[88.03423,25.11331],[88.03069,25.11778],[88.02833,25.11985],[88.02504,25.12164],[88.0241,25.12353],[88.02274,25.12308],[88.01169,25.12244],[88.00767,25.12275],[88.00461,25.1239],[88.00699,25.12608],[88.00803,25.12802],[88.01109,25.13416],[88.01376,25.14168],[88.02246,25.13934],[88.02976,25.13969],[88.03105,25.13601],[88.0345,25.13221],[88.03574,25.13136],[88.03814,25.13139],[88.03997,25.12966],[88.04144,25.12901],[88.0452,25.13018],[88.05492,25.12911],[88.05518,25.12968],[88.05805,25.12984],[88.06366,25.12826],[88.06403,25.12659],[88.0665,25.12324],[88.06895,25.11736],[88.06974,25.11663],[88.07173,25.11599],[88.07889,25.11494],[88.08167,25.10944],[88.08294,25.10486]]]]}},{"type":"Feature","bbox":[88.0148,25.06635,88.06136,25.123],"properties":{"kind":"gp","gp":"Pukhuria","block":"Ratua-II","lgd":109998},"geometry":{"type":"Polygon","coordinates":[[[88.06043,25.08665],[88.0604,25.08455],[88.06136,25.08256],[88.05941,25.08259],[88.05901,25.07795],[88.05597,25.07672],[88.05576,25.07792],[88.05286,25.07711],[88.05186,25.0773],[88.04861,25.07964],[88.04711,25.07699],[88.04538,25.07604],[88.04326,25.07562],[88.04314,25.07194],[88.03512,25.0695],[88.03221,25.06754],[88.02806,25.06635],[88.02388,25.07222],[88.02503,25.07352],[88.02437,25.07403],[88.02411,25.07504],[88.02321,25.07477],[88.0226,25.07664],[88.02048,25.07623],[88.02056,25.07916],[88.01951,25.08369],[88.01737,25.08709],[88.0148,25.08932],[88.01625,25.09089],[88.01695,25.09316],[88.01995,25.09699],[88.021,25.09605],[88.02357,25.09676],[88.02492,25.09616],[88.02631,25.09336],[88.0267,25.09743],[88.02564,25.09895],[88.02272,25.10003],[88.01944,25.09983],[88.0194,25.10135],[88.02256,25.10187],[88.0231,25.10237],[88.02202,25.10431],[88.02262,25.10433],[88.02326,25.10346],[88.03423,25.11331],[88.03626,25.11184],[88.03591,25.10987],[88.03658,25.11049],[88.03699,25.11256],[88.03666,25.11321],[88.03764,25.11568],[88.03748,25.11757],[88.03839,25.12172],[88.04004,25.123],[88.04597,25.12217],[88.04792,25.12091],[88.05074,25.12035],[88.05305,25.11907],[88.05443,25.1189],[88.05484,25.11971],[88.05719,25.11913],[88.05568,25.11627],[88.05312,25.11378],[88.05023,25.10939],[88.04654,25.10058],[88.04107,25.09234],[88.04439,25.09114],[88.04637,25.08957],[88.05208,25.08759],[88.05261,25.08562],[88.05323,25.08533],[88.05663,25.08699],[88.06043,25.08665]]]}},{"type":"Feature","bbox":[87.9311,24.85299,87.99029,24.90761],"properties":{"kind":"gp","gp":"Rajnagar","block":"Kaliachak-II","lgd":109948},"geometry":{"type":"Polygon","coordinates":[[[87.97722,24.87689],[87.97559,24.87745],[87.97143,24.88057],[87.97104,24.88037],[87.97035,24.87811],[87.97059,24.87746],[87.97138,24.87758],[87.97448,24.8753],[87.97854,24.87372],[87.9809,24.8736],[87.98069,24.87319],[87.98176,24.87239],[87.98423,24.87137],[87.98603,24.87117],[87.98817,24.86831],[87.99029,24.8682],[87.98734,24.86545],[87.98766,24.86321],[87.98651,24.86184],[87.9858,24.86162],[87.98205,24.86234],[87.98119,24.86386],[87.97812,24.86587],[87.97726,24.86628],[87.97694,24.86551],[87.97619,24.86549],[87.97611,24.86639],[87.97537,24.86633],[87.97162,24.86942],[87.96692,24.87199],[87.96318,24.86687],[87.96407,24.86624],[87.96116,24.86111],[87.95816,24.8619],[87.95749,24.86019],[87.9567,24.86002],[87.95565,24.85807],[87.95122,24.85306],[87.95006,24.85365],[87.94955,24.85299],[87.94517,24.85454],[87.9418,24.85693],[87.94255,24.85794],[87.94237,24.85859],[87.94123,24.85891],[87.941,24.85966],[87.93904,24.86018],[87.9384,24.86462],[87.9353,24.86916],[87.9323,24.87162],[87.9311,24.87908],[87.93149,24.88471],[87.93424,24.885],[87.94006,24.89059],[87.94247,24.89364],[87.94508,24.89921],[87.94577,24.89922],[87.94603,24.90127],[87.94448,24.90151],[87.94976,24.90494],[87.95277,24.90761],[87.95622,24.90744],[87.95419,24.90295],[87.95359,24.90309],[87.95211,24.90153],[87.95034,24.8985],[87.95737,24.89605],[87.95712,24.89358],[87.96058,24.8926],[87.96022,24.89135],[87.9622,24.89051],[87.9628,24.88963],[87.97075,24.88426],[87.97132,24.88454],[87.97328,24.88333],[87.97456,24.88221],[87.97489,24.88082],[87.97727,24.87747],[87.97722,24.87689]]]}},{"type":"Feature","bbox":[88.19965,25.12127,88.26433,25.17011],"properties":{"kind":"gp","gp":"Raniganj-I","block":"Gazole","lgd":109899},"geometry":{"type":"Polygon","coordinates":[[[88.22361,25.12404],[88.22255,25.12321],[88.2194,25.12243],[88.21824,25.12127],[88.21674,25.12253],[88.21679,25.12444],[88.21589,25.12511],[88.21475,25.12536],[88.21314,25.12437],[88.20741,25.12691],[88.20685,25.12874],[88.20214,25.13132],[88.20136,25.1332],[88.19973,25.13477],[88.19965,25.1352],[88.20233,25.13768],[88.20337,25.1403],[88.20425,25.14038],[88.20549,25.14162],[88.20558,25.14635],[88.20459,25.14753],[88.20346,25.15487],[88.20785,25.16405],[88.20904,25.16554],[88.2102,25.16559],[88.21429,25.17011],[88.21948,25.16902],[88.22277,25.16922],[88.22395,25.16816],[88.22957,25.16705],[88.23138,25.16789],[88.23565,25.16623],[88.23711,25.16503],[88.23648,25.16267],[88.23451,25.1604],[88.23564,25.15972],[88.23576,25.15834],[88.23872,25.1561],[88.24077,25.15617],[88.24473,25.15515],[88.24472,25.15465],[88.24296,25.15343],[88.23971,25.14772],[88.23897,25.14384],[88.24157,25.14404],[88.24501,25.14299],[88.24562,25.14345],[88.2492,25.14339],[88.24986,25.14235],[88.25072,25.14212],[88.25015,25.13885],[88.25169,25.13907],[88.25265,25.13803],[88.2557,25.13774],[88.25696,25.13811],[88.25763,25.13707],[88.26166,25.1363],[88.26162,25.13786],[88.26333,25.13722],[88.26383,25.13371],[88.26433,25.13302],[88.26165,25.12992],[88.26158,25.1288],[88.26099,25.12865],[88.26064,25.12785],[88.25954,25.12773],[88.25965,25.12822],[88.25849,25.12841],[88.25724,25.12716],[88.25504,25.12691],[88.25453,25.12594],[88.25282,25.1254],[88.24996,25.12513],[88.24889,25.12555],[88.24802,25.12454],[88.24827,25.12147],[88.24661,25.12187],[88.24604,25.12156],[88.24604,25.12212],[88.23811,25.12455],[88.2324,25.12259],[88.22986,25.12299],[88.2272,25.1254],[88.22361,25.12404]],[[88.23327,25.13722],[88.23427,25.13567],[88.23242,25.13414],[88.23248,25.13171],[88.23153,25.1317],[88.23067,25.12969],[88.2336,25.12978],[88.23394,25.12827],[88.23661,25.12775],[88.2364,25.12683],[88.23909,25.12579],[88.24041,25.12709],[88.24143,25.12927],[88.24158,25.13276],[88.24073,25.13171],[88.2392,25.13238],[88.23881,25.13321],[88.23487,25.13541],[88.23537,25.13645],[88.23327,25.13722]]]}},{"type":"Feature","bbox":[88.23836,25.1157,88.33612,25.18814],"properties":{"kind":"gp","gp":"Raniganj-Ii","block":"Gazole","lgd":109900},"geometry":{"type":"MultiPolygon","coordinates":[[[[88.2946,25.11933],[88.29073,25.11651],[88.28878,25.11584],[88.28274,25.1157],[88.28171,25.11592],[88.28058,25.11784],[88.27853,25.11994],[88.27894,25.12173],[88.27752,25.12349],[88.27788,25.12571],[88.2792,25.12689],[88.27945,25.12856],[88.2833,25.13284],[88.28491,25.13294],[88.2855,25.13409],[88.28623,25.13406],[88.28655,25.13447],[88.28552,25.13553],[88.28847,25.13829],[88.28793,25.13895],[88.29146,25.14332],[88.29167,25.14549],[88.28973,25.14585],[88.28931,25.15173],[88.28887,25.15175],[88.28852,25.1532],[88.28988,25.15547],[88.29369,25.15383],[88.29372,25.15704],[88.29526,25.16163],[88.29698,25.1634],[88.2979,25.16516],[88.29305,25.16698],[88.29109,25.16833],[88.29216,25.17074],[88.29168,25.17244],[88.29245,25.1729],[88.29201,25.17523],[88.29249,25.17701],[88.29381,25.18043],[88.29541,25.18028],[88.2963,25.17942],[88.29787,25.1799],[88.30012,25.17978],[88.30903,25.17862],[88.31,25.18177],[88.31223,25.1824],[88.31322,25.18409],[88.32034,25.18814],[88.31955,25.18713],[88.32083,25.1865],[88.3226,25.18696],[88.32132,25.1851],[88.32013,25.18486],[88.31955,25.18371],[88.32142,25.18388],[88.31906,25.17902],[88.31916,25.17834],[88.32107,25.17854],[88.32285,25.17776],[88.32274,25.17939],[88.32621,25.18001],[88.32746,25.17452],[88.32787,25.17419],[88.32897,25.17419],[88.32974,25.17477],[88.33125,25.17444],[88.3332,25.1731],[88.33409,25.17211],[88.33425,25.17117],[88.33235,25.17008],[88.33163,25.16913],[88.3319,25.16874],[88.33315,25.16892],[88.33439,25.16997],[88.33598,25.16833],[88.33612,25.16698],[88.32751,25.15984],[88.32757,25.1591],[88.32822,25.15855],[88.33028,25.15966],[88.33198,25.16203],[88.33275,25.16235],[88.33308,25.16168],[88.33278,25.16041],[88.32784,25.15307],[88.32763,25.14981],[88.32504,25.14704],[88.32614,25.14493],[88.32602,25.14416],[88.32184,25.14409],[88.32089,25.14321],[88.3201,25.1381],[88.32183,25.13625],[88.32193,25.13517],[88.32144,25.13433],[88.32089,25.13427],[88.31911,25.13634],[88.31765,25.13638],[88.31665,25.1349],[88.3143,25.13366],[88.31408,25.13303],[88.31616,25.13188],[88.3166,25.13123],[88.31594,25.13035],[88.31324,25.12946],[88.30816,25.12567],[88.307,25.12533],[88.30683,25.12713],[88.30574,25.12714],[88.30395,25.12556],[88.29746,25.12236],[88.2946,25.11933]]],[[[88.24472,25.15465],[88.24473,25.15515],[88.24077,25.15617],[88.23872,25.1561],[88.23836,25.15658],[88.23892,25.15743],[88.24185,25.15824],[88.24219,25.16003],[88.24332,25.16177],[88.24519,25.16242],[88.24611,25.16194],[88.24665,25.16083],[88.24858,25.16123],[88.24991,25.16035],[88.25167,25.16163],[88.2535,25.16166],[88.25364,25.16283],[88.25441,25.16341],[88.2569,25.16353],[88.26044,25.1629],[88.2612,25.16461],[88.26109,25.16623],[88.26002,25.16785],[88.26147,25.16871],[88.26155,25.17113],[88.26146,25.17195],[88.26074,25.17217],[88.26037,25.17313],[88.26073,25.17423],[88.26501,25.17488],[88.26847,25.17313],[88.2738,25.17191],[88.27757,25.17264],[88.27823,25.17161],[88.27676,25.17038],[88.27776,25.16989],[88.27779,25.16926],[88.27566,25.16736],[88.27457,25.16742],[88.27445,25.1668],[88.27537,25.16625],[88.27459,25.16549],[88.27116,25.16442],[88.27158,25.16296],[88.27068,25.16152],[88.2719,25.16232],[88.27819,25.15899],[88.27821,25.15719],[88.28325,25.15576],[88.28362,25.15468],[88.28285,25.15179],[88.27848,25.1519],[88.27718,25.14991],[88.27614,25.1496],[88.27511,25.14834],[88.27483,25.14742],[88.2759,25.14593],[88.27851,25.14567],[88.27896,25.14695],[88.27874,25.14927],[88.27969,25.14922],[88.28113,25.14665],[88.2849,25.14567],[88.28563,25.14345],[88.28273,25.1403],[88.28264,25.13888],[88.28112,25.13914],[88.2813,25.13857],[88.28398,25.13712],[88.28372,25.13651],[88.28197,25.13654],[88.28199,25.1358],[88.28045,25.13563],[88.28083,25.13467],[88.28209,25.13379],[88.27892,25.13228],[88.27846,25.13075],[88.27545,25.13278],[88.27511,25.13429],[88.27268,25.13399],[88.27128,25.13481],[88.27048,25.13604],[88.26706,25.13622],[88.26622,25.1367],[88.2659,25.13753],[88.26524,25.13738],[88.26434,25.13823],[88.26359,25.13796],[88.26333,25.13722],[88.26162,25.13786],[88.26166,25.1363],[88.25763,25.13707],[88.25696,25.13811],[88.2557,25.13774],[88.25265,25.13803],[88.25169,25.13907],[88.25015,25.13885],[88.25072,25.14212],[88.24986,25.14235],[88.2492,25.14339],[88.24562,25.14345],[88.24501,25.14299],[88.24157,25.14404],[88.23897,25.14384],[88.23971,25.14772],[88.24296,25.15343],[88.24472,25.15465]]]]}},{"type":"Feature","bbox":[87.90225,25.20943,88.28955,25.50359],"properties":{"kind":"gp","gp":"Rashidabad","block":"Harishchandrapur-I","lgd":109919},"geometry":{"type":"MultiPolygon","coordinates":[[[[88.2751,25.21412],[88.27582,25.21395],[88.27669,25.21503],[88.27693,25.21645],[88.27669,25.2184],[88.2757,25.21883],[88.2761,25.22049],[88.28104,25.21897],[88.28244,25.21921],[88.28258,25.22126],[88.28395,25.22112],[88.28344,25.21891],[88.2879,25.2178],[88.28816,25.2161],[88.28779,25.2144],[88.28863,25.21156],[88.28955,25.21048],[88.28926,25.20943],[88.28864,25.2095],[88.2847,25.21071],[88.28473,25.21114],[88.27949,25.21254],[88.27715,25.21143],[88.27411,25.21124],[88.27447,25.21222],[88.27514,25.21237],[88.2751,25.21412]]],[[[87.92849,25.47448],[87.9266,25.47677],[87.92569,25.47698],[87.92482,25.4765],[87.92409,25.4779],[87.92501,25.47774],[87.92572,25.47823],[87.92537,25.4793],[87.92298,25.47921],[87.92263,25.47813],[87.92174,25.47791],[87.9169,25.47805],[87.91685,25.47936],[87.90774,25.48067],[87.90703,25.48128],[87.90686,25.48218],[87.90716,25.48405],[87.90548,25.48446],[87.90612,25.48594],[87.90699,25.48574],[87.90765,25.4867],[87.9079,25.48784],[87.90556,25.48852],[87.90726,25.48912],[87.9072,25.48965],[87.90307,25.48854],[87.90244,25.48884],[87.90225,25.49156],[87.90597,25.49269],[87.90818,25.49581],[87.90893,25.49603],[87.90938,25.49727],[87.91628,25.49535],[87.91623,25.49008],[87.91927,25.49035],[87.91984,25.49137],[87.92211,25.49136],[87.92385,25.49352],[87.92494,25.49383],[87.92616,25.49341],[87.92662,25.4927],[87.92588,25.48891],[87.92682,25.48844],[87.93173,25.48798],[87.9291,25.4888],[87.92918,25.48942],[87.93229,25.48879],[87.93344,25.49023],[87.93533,25.49475],[87.93407,25.49523],[87.93398,25.5034],[87.93633,25.50319],[87.93643,25.50256],[87.94061,25.50145],[87.94248,25.49957],[87.94397,25.49902],[87.94418,25.49938],[87.94535,25.49895],[87.94624,25.49917],[87.94764,25.49852],[87.94641,25.49743],[87.94657,25.49627],[87.94861,25.49496],[87.94957,25.49706],[87.95097,25.49798],[87.9527,25.49763],[87.95386,25.49919],[87.95024,25.50051],[87.95194,25.50051],[87.95163,25.50099],[87.95197,25.5022],[87.95502,25.50228],[87.9555,25.50359],[87.96045,25.50242],[87.95989,25.49839],[87.95895,25.49603],[87.95999,25.49561],[87.95989,25.49478],[87.95782,25.49415],[87.95863,25.49007],[87.95773,25.4897],[87.95775,25.48912],[87.9587,25.48891],[87.95886,25.48786],[87.95827,25.48652],[87.95958,25.48661],[87.96068,25.48446],[87.96625,25.48222],[87.96966,25.48007],[87.96978,25.47828],[87.97109,25.47779],[87.97066,25.47462],[87.97224,25.47401],[87.97108,25.46579],[87.96589,25.4651],[87.96376,25.46535],[87.96351,25.46484],[87.96102,25.46497],[87.96011,25.46375],[87.95816,25.46354],[87.95398,25.46397],[87.95348,25.46326],[87.95154,25.46529],[87.94956,25.46386],[87.94869,25.46465],[87.94764,25.46412],[87.94575,25.46412],[87.94371,25.46259],[87.94272,25.4607],[87.9426,25.45734],[87.93914,25.45806],[87.93986,25.45939],[87.93833,25.45989],[87.93814,25.46142],[87.93638,25.46129],[87.93656,25.46197],[87.9356,25.46417],[87.93353,25.4636],[87.93322,25.46539],[87.93397,25.47149],[87.93236,25.4737],[87.92849,25.47448]]]]}},{"type":"Feature","bbox":[88.01436,24.93411,88.09458,24.98993],"properties":{"kind":"gp","gp":"Rathbari","block":"Kaliachak-II","lgd":109949},"geometry":{"type":"MultiPolygon","coordinates":[[[[88.07133,24.95187],[88.06858,24.95017],[88.06667,24.9499],[88.06345,24.95033],[88.06284,24.95084],[88.06229,24.95335],[88.05831,24.95255],[88.05745,24.95282],[88.05658,24.95677],[88.05685,24.96029],[88.05723,24.96049],[88.05655,24.96175],[88.06402,24.96513],[88.07189,24.96755],[88.0785,24.96752],[88.07839,24.96638],[88.07905,24.96588],[88.07893,24.96261],[88.08014,24.96265],[88.08131,24.96002],[88.08468,24.9591],[88.08798,24.95952],[88.09056,24.95652],[88.09257,24.95248],[88.09458,24.94729],[88.09147,24.94627],[88.09237,24.9429],[88.08978,24.94214],[88.09008,24.94109],[88.09079,24.94126],[88.09165,24.93947],[88.0924,24.9389],[88.09256,24.93763],[88.09198,24.93734],[88.09251,24.93615],[88.09129,24.93516],[88.0912,24.93447],[88.09002,24.93411],[88.09042,24.93615],[88.08677,24.94131],[88.08534,24.94228],[88.08443,24.9417],[88.08283,24.94363],[88.08038,24.94439],[88.07908,24.94515],[88.07911,24.94567],[88.07257,24.94818],[88.07133,24.95187]]],[[[88.02718,24.94898],[88.02652,24.94949],[88.02253,24.94769],[88.02048,24.95033],[88.02129,24.95087],[88.02104,24.95193],[88.01781,24.94984],[88.01728,24.95092],[88.01758,24.9542],[88.01528,24.95522],[88.01452,24.95716],[88.01436,24.95896],[88.01504,24.9603],[88.01744,24.96229],[88.01924,24.96019],[88.02325,24.96204],[88.02635,24.96209],[88.02647,24.96309],[88.02508,24.96316],[88.02497,24.96427],[88.02726,24.96463],[88.02735,24.96531],[88.02421,24.96551],[88.02459,24.96803],[88.02387,24.96833],[88.02256,24.96813],[88.02119,24.96688],[88.02015,24.96662],[88.01982,24.97028],[88.01881,24.97039],[88.01908,24.97249],[88.01851,24.97305],[88.01865,24.98017],[88.02446,24.9799],[88.02658,24.98035],[88.02722,24.98196],[88.02973,24.98288],[88.03063,24.98401],[88.03446,24.98641],[88.03658,24.98341],[88.03604,24.98288],[88.03696,24.98232],[88.03678,24.98009],[88.0388,24.97778],[88.03873,24.97552],[88.04016,24.97466],[88.04033,24.97396],[88.0427,24.97389],[88.04327,24.97765],[88.04192,24.97798],[88.04084,24.97702],[88.04009,24.97771],[88.04019,24.97932],[88.03948,24.97995],[88.04014,24.98307],[88.04112,24.98361],[88.04295,24.983],[88.04343,24.98267],[88.04292,24.98128],[88.04413,24.98171],[88.04438,24.98104],[88.04381,24.97996],[88.04507,24.98065],[88.04892,24.97759],[88.04988,24.97859],[88.05185,24.98516],[88.04823,24.98722],[88.04972,24.98922],[88.05039,24.98889],[88.05117,24.98993],[88.05441,24.98805],[88.05266,24.98548],[88.05423,24.98415],[88.05578,24.98354],[88.05753,24.98605],[88.05874,24.98638],[88.06054,24.98412],[88.0626,24.98415],[88.06471,24.98164],[88.06654,24.98138],[88.06552,24.97903],[88.06185,24.97801],[88.06169,24.97726],[88.05966,24.97691],[88.05679,24.9744],[88.05661,24.96915],[88.05618,24.96815],[88.05387,24.96801],[88.05417,24.96203],[88.0547,24.96102],[88.052,24.96054],[88.05221,24.95936],[88.04601,24.95725],[88.0464,24.95538],[88.0455,24.95501],[88.03986,24.95589],[88.03665,24.95569],[88.03255,24.95305],[88.03017,24.95059],[88.02761,24.94966],[88.02718,24.94898]]]]}},{"type":"Feature","bbox":[87.90357,25.18752,87.95864,25.24316],"properties":{"kind":"gp","gp":"Ratua","block":"Ratua-I","lgd":109992},"geometry":{"type":"Polygon","coordinates":[[[87.92596,25.18784],[87.92196,25.18805],[87.9199,25.18752],[87.92009,25.18948],[87.91964,25.19039],[87.92016,25.19283],[87.91689,25.19284],[87.91501,25.19362],[87.91438,25.19323],[87.91302,25.19448],[87.91417,25.19589],[87.91732,25.19617],[87.91774,25.19537],[87.92015,25.19571],[87.92051,25.19926],[87.92117,25.20091],[87.92449,25.20629],[87.92443,25.20745],[87.92375,25.20838],[87.9211,25.21098],[87.9179,25.21255],[87.91793,25.21302],[87.91679,25.21331],[87.9119,25.21256],[87.90599,25.2129],[87.90683,25.21758],[87.90396,25.21951],[87.90357,25.22068],[87.90476,25.22235],[87.90848,25.22431],[87.90927,25.22656],[87.9124,25.22734],[87.91256,25.22833],[87.91248,25.2307],[87.91078,25.23319],[87.91003,25.23344],[87.90883,25.2357],[87.90855,25.23786],[87.90649,25.23959],[87.9124,25.2412],[87.91841,25.24005],[87.92165,25.24064],[87.92173,25.23896],[87.92568,25.23871],[87.93123,25.23994],[87.93414,25.24005],[87.93971,25.24223],[87.94096,25.24316],[87.94433,25.24246],[87.94603,25.24154],[87.9466,25.24051],[87.94804,25.23992],[87.9471,25.23744],[87.94565,25.23552],[87.94314,25.22707],[87.94367,25.22138],[87.94311,25.22057],[87.94486,25.21844],[87.95676,25.21599],[87.95864,25.21299],[87.95803,25.21198],[87.95605,25.21129],[87.95495,25.20983],[87.95597,25.20857],[87.95655,25.2067],[87.95653,25.20408],[87.95558,25.20308],[87.95577,25.20234],[87.95415,25.20278],[87.95309,25.20141],[87.95177,25.2008],[87.9461,25.20219],[87.94599,25.20036],[87.94544,25.20034],[87.94439,25.19678],[87.94814,25.19554],[87.94756,25.19294],[87.94673,25.19304],[87.94616,25.19197],[87.94651,25.19169],[87.94578,25.19031],[87.94632,25.18958],[87.94546,25.18758],[87.93859,25.18898],[87.93848,25.18794],[87.92803,25.1889],[87.92625,25.18883],[87.92596,25.18784]]]}},{"type":"Feature","bbox":[88.24034,24.87679,88.28966,24.96069],"properties":{"kind":"gp","gp":"Rishipur","block":"Habibpur","lgd":109912},"geometry":{"type":"Polygon","coordinates":[[[88.27625,24.89813],[88.27559,24.897],[88.27311,24.89653],[88.27046,24.8937],[88.26898,24.89125],[88.26741,24.88731],[88.26688,24.87964],[88.26721,24.87832],[88.26577,24.87713],[88.26382,24.87679],[88.26354,24.87774],[88.25827,24.87755],[88.25958,24.88264],[88.26238,24.88882],[88.26388,24.89387],[88.26445,24.89807],[88.26429,24.90672],[88.26052,24.91918],[88.25365,24.93122],[88.24981,24.93559],[88.24034,24.94289],[88.2432,24.94473],[88.24548,24.94846],[88.24616,24.95113],[88.2456,24.95391],[88.24686,24.9541],[88.24751,24.95614],[88.24712,24.95886],[88.24526,24.95952],[88.24434,24.96029],[88.24464,24.96069],[88.24801,24.9597],[88.24796,24.95747],[88.24914,24.95639],[88.25227,24.95749],[88.25337,24.95672],[88.25215,24.95497],[88.24977,24.95404],[88.25011,24.95283],[88.25086,24.95229],[88.25211,24.9523],[88.25642,24.95576],[88.25675,24.9551],[88.2562,24.95099],[88.25658,24.95037],[88.25759,24.95007],[88.25825,24.95037],[88.259,24.95117],[88.25943,24.9528],[88.26042,24.95304],[88.26139,24.95299],[88.26193,24.94971],[88.26302,24.9494],[88.26422,24.95077],[88.26515,24.95085],[88.26368,24.94742],[88.26403,24.94563],[88.2646,24.94509],[88.26634,24.94478],[88.26919,24.94497],[88.27012,24.94369],[88.26596,24.94176],[88.26561,24.93991],[88.2683,24.93787],[88.26941,24.93637],[88.27037,24.93607],[88.27191,24.937],[88.27322,24.9393],[88.2741,24.93929],[88.27643,24.93586],[88.2776,24.93538],[88.28006,24.93533],[88.27918,24.93371],[88.28157,24.93362],[88.28164,24.93175],[88.28002,24.92968],[88.28086,24.92612],[88.28322,24.92612],[88.28334,24.92425],[88.28579,24.92424],[88.28573,24.92332],[88.28966,24.92256],[88.28922,24.92164],[88.28938,24.92062],[88.2889,24.91967],[88.28791,24.9193],[88.28734,24.91768],[88.28631,24.91736],[88.28513,24.91641],[88.28543,24.91605],[88.2837,24.91511],[88.2823,24.91501],[88.28415,24.91211],[88.28167,24.91098],[88.27453,24.90959],[88.27382,24.90861],[88.27392,24.90771],[88.27541,24.90812],[88.27786,24.90646],[88.27775,24.9053],[88.27578,24.90211],[88.27625,24.89813]]]}},{"type":"Feature","bbox":[87.76993,25.38584,87.82891,25.4504],"properties":{"kind":"gp","gp":"Sadlichak","block":"Harishchandrapur-II","lgd":109927},"geometry":{"type":"Polygon","coordinates":[[[87.79038,25.39454],[87.79051,25.39757],[87.78956,25.39861],[87.78924,25.39987],[87.78645,25.39964],[87.78632,25.39828],[87.78519,25.39798],[87.78452,25.39927],[87.7842,25.40138],[87.7845,25.40174],[87.78366,25.40241],[87.78359,25.40598],[87.77859,25.4079],[87.77784,25.40695],[87.77542,25.40717],[87.7747,25.40874],[87.77535,25.4094],[87.77535,25.41099],[87.77633,25.41269],[87.77407,25.41827],[87.7742,25.42367],[87.76993,25.42621],[87.77136,25.42898],[87.774,25.42962],[87.77412,25.43182],[87.7747,25.43231],[87.77882,25.43147],[87.78027,25.43158],[87.78133,25.43254],[87.78355,25.43717],[87.78726,25.4504],[87.79336,25.44916],[87.79426,25.44754],[87.79678,25.4475],[87.79694,25.44501],[87.80231,25.44473],[87.8053,25.44071],[87.81167,25.43555],[87.82047,25.4367],[87.82058,25.43506],[87.82351,25.43534],[87.82811,25.43742],[87.82891,25.43692],[87.82793,25.43445],[87.82214,25.4304],[87.82121,25.42876],[87.82124,25.4232],[87.8202,25.42143],[87.8201,25.41975],[87.81929,25.41791],[87.82434,25.4166],[87.82522,25.41283],[87.82617,25.4119],[87.8244,25.41001],[87.82393,25.4083],[87.82419,25.4064],[87.82334,25.40542],[87.82236,25.40154],[87.82504,25.39762],[87.82485,25.39695],[87.82608,25.39374],[87.82683,25.39307],[87.82569,25.39045],[87.822,25.39116],[87.82165,25.38933],[87.82064,25.38781],[87.8163,25.38845],[87.8152,25.38725],[87.81423,25.38782],[87.81291,25.38747],[87.81164,25.38853],[87.81087,25.39025],[87.80945,25.38974],[87.80793,25.39055],[87.80645,25.39042],[87.80584,25.38961],[87.80335,25.38859],[87.80303,25.38782],[87.80163,25.38831],[87.80085,25.38772],[87.80004,25.38802],[87.7984,25.3869],[87.79538,25.38584],[87.79525,25.38674],[87.79698,25.38775],[87.7969,25.38876],[87.79507,25.38822],[87.79474,25.38886],[87.79326,25.38962],[87.79196,25.39184],[87.79378,25.39284],[87.79332,25.39434],[87.79038,25.39454]]]}},{"type":"Feature","bbox":[88.04036,24.80419,88.0954,24.85305],"properties":{"kind":"gp","gp":"Sahabajpur","block":"Kaliachak-III","lgd":109965},"geometry":{"type":"Polygon","coordinates":[[[88.07293,24.82057],[88.07195,24.82052],[88.06953,24.81811],[88.06795,24.81798],[88.06679,24.8173],[88.06623,24.81633],[88.06452,24.81547],[88.06313,24.81549],[88.06236,24.81421],[88.06194,24.81424],[88.06026,24.81099],[88.05949,24.81046],[88.05839,24.8084],[88.05891,24.8079],[88.05783,24.80611],[88.05673,24.80489],[88.05619,24.80508],[88.05512,24.80419],[88.05289,24.80551],[88.04839,24.80686],[88.04818,24.80793],[88.04657,24.80885],[88.04439,24.81165],[88.04288,24.81634],[88.04421,24.81694],[88.04424,24.81741],[88.04231,24.82664],[88.04036,24.83018],[88.04101,24.83103],[88.04087,24.83173],[88.04174,24.83227],[88.04593,24.8311],[88.0462,24.83241],[88.04676,24.83248],[88.0468,24.83396],[88.04947,24.83355],[88.04946,24.83314],[88.05856,24.83372],[88.0644,24.83672],[88.0645,24.83757],[88.06587,24.83802],[88.06641,24.83994],[88.07336,24.84064],[88.07348,24.8448],[88.0754,24.84511],[88.07648,24.84606],[88.07897,24.84889],[88.07828,24.84972],[88.08117,24.85208],[88.08371,24.85184],[88.09076,24.85305],[88.0954,24.85258],[88.09396,24.84936],[88.09186,24.84767],[88.09163,24.84636],[88.09059,24.84584],[88.09077,24.84525],[88.0923,24.84591],[88.09303,24.84428],[88.09419,24.8414],[88.09412,24.84029],[88.09452,24.84011],[88.0939,24.83771],[88.08962,24.83731],[88.08964,24.83482],[88.08883,24.83286],[88.08904,24.82973],[88.09417,24.82217],[88.09127,24.82016],[88.09055,24.82045],[88.08965,24.81949],[88.08725,24.8202],[88.08679,24.81965],[88.08378,24.81965],[88.07996,24.82064],[88.07861,24.82055],[88.07817,24.82005],[88.07511,24.82073],[88.07471,24.82102],[88.07481,24.82192],[88.07408,24.82206],[88.07293,24.82057]]]}},{"type":"Feature","bbox":[88.00369,24.79778,88.05995,24.83018],"properties":{"kind":"gp","gp":"Sahabanchak","block":"Kaliachak-III","lgd":109966},"geometry":{"type":"Polygon","coordinates":[[[88.00369,24.80475],[88.00377,24.80818],[88.00867,24.8091],[88.01271,24.81045],[88.02104,24.81432],[88.02381,24.81679],[88.02295,24.81878],[88.0339,24.82708],[88.0392,24.8301],[88.04036,24.83018],[88.04231,24.82664],[88.04424,24.81741],[88.04421,24.81694],[88.04288,24.81634],[88.04514,24.81038],[88.04818,24.80793],[88.04839,24.80686],[88.05289,24.80551],[88.05512,24.80419],[88.05619,24.80508],[88.05673,24.80489],[88.05891,24.8079],[88.05995,24.80752],[88.05695,24.80223],[88.05287,24.79847],[88.05026,24.7987],[88.04788,24.79976],[88.04099,24.80066],[88.03283,24.80298],[88.03107,24.80387],[88.02527,24.80447],[88.02449,24.80637],[88.02464,24.81282],[88.01974,24.81203],[88.01457,24.81036],[88.01139,24.80867],[88.0121,24.80711],[88.01173,24.80659],[88.01221,24.80344],[88.00665,24.79778],[88.00699,24.80505],[88.00369,24.80475]]]}},{"type":"Feature","bbox":[88.20062,25.17862,88.30941,25.24628],"properties":{"kind":"gp","gp":"Sahajadpur","block":"Gazole","lgd":109901},"geometry":{"type":"Polygon","coordinates":[[[88.2595,25.20481],[88.25503,25.20685],[88.25512,25.20822],[88.25449,25.20763],[88.25399,25.20778],[88.25258,25.20624],[88.25435,25.20533],[88.25495,25.20331],[88.25427,25.20291],[88.25427,25.20185],[88.25319,25.20203],[88.25341,25.20326],[88.25242,25.20269],[88.24911,25.20225],[88.24724,25.20278],[88.24543,25.20064],[88.24396,25.20059],[88.24225,25.20177],[88.24032,25.20184],[88.23991,25.20236],[88.23724,25.20288],[88.23581,25.20439],[88.23412,25.20435],[88.23299,25.20491],[88.23266,25.20762],[88.23337,25.20851],[88.23339,25.21],[88.23181,25.21034],[88.22934,25.21178],[88.22746,25.21194],[88.22735,25.21257],[88.22522,25.2123],[88.22476,25.21322],[88.22405,25.2135],[88.22349,25.21496],[88.22236,25.21552],[88.22099,25.21466],[88.21811,25.21537],[88.21508,25.21466],[88.21418,25.21502],[88.21285,25.21609],[88.21314,25.21707],[88.21222,25.21762],[88.20196,25.22057],[88.20062,25.22364],[88.2008,25.22406],[88.20227,25.22417],[88.20301,25.22675],[88.20532,25.22856],[88.20559,25.22929],[88.20606,25.22821],[88.20788,25.22699],[88.21655,25.23232],[88.21678,25.23295],[88.21999,25.23187],[88.21995,25.23118],[88.22415,25.22959],[88.22434,25.22914],[88.22581,25.22919],[88.226,25.2288],[88.2253,25.2281],[88.22758,25.22723],[88.22769,25.22778],[88.22921,25.22745],[88.23121,25.22579],[88.23464,25.22573],[88.23702,25.22472],[88.23789,25.22573],[88.23733,25.22732],[88.23755,25.22831],[88.23362,25.23027],[88.23468,25.23196],[88.23065,25.23417],[88.23079,25.23516],[88.23158,25.2373],[88.23272,25.23735],[88.23434,25.23976],[88.24147,25.24499],[88.24108,25.24628],[88.24265,25.24576],[88.24622,25.24339],[88.24593,25.24223],[88.24736,25.24131],[88.24656,25.24017],[88.24757,25.23999],[88.24905,25.24134],[88.25178,25.24176],[88.253,25.24144],[88.25396,25.24012],[88.25429,25.23842],[88.26064,25.23721],[88.26349,25.23961],[88.26385,25.23947],[88.26251,25.23674],[88.26514,25.23679],[88.27122,25.2359],[88.27342,25.23497],[88.27583,25.23497],[88.27853,25.23417],[88.28004,25.2328],[88.28261,25.23198],[88.28445,25.23213],[88.28422,25.22753],[88.28481,25.22644],[88.28846,25.22649],[88.28988,25.22916],[88.29547,25.22867],[88.29606,25.2277],[88.2978,25.22781],[88.29808,25.22695],[88.29967,25.22568],[88.30089,25.2254],[88.2999,25.22363],[88.29682,25.22355],[88.29662,25.22269],[88.29732,25.22222],[88.29728,25.22159],[88.29634,25.22059],[88.29595,25.21911],[88.29455,25.21782],[88.29269,25.21788],[88.28959,25.214],[88.28779,25.2144],[88.28816,25.2161],[88.2879,25.2178],[88.28344,25.21891],[88.28395,25.22112],[88.28258,25.22126],[88.28244,25.21921],[88.28104,25.21897],[88.2761,25.22049],[88.2757,25.21883],[88.27669,25.2184],[88.27669,25.21503],[88.27582,25.21395],[88.2751,25.21412],[88.27514,25.21237],[88.27447,25.21222],[88.27411,25.21124],[88.27715,25.21143],[88.27949,25.21254],[88.28926,25.20943],[88.28857,25.20892],[88.28796,25.20739],[88.28823,25.20654],[88.28676,25.20412],[88.28428,25.20201],[88.28473,25.1998],[88.28386,25.19879],[88.28416,25.19672],[88.28389,25.1958],[88.28226,25.19445],[88.28333,25.19402],[88.28391,25.19281],[88.28301,25.1913],[88.28349,25.19078],[88.28309,25.18973],[88.28577,25.19151],[88.29012,25.18879],[88.29164,25.18917],[88.29113,25.18808],[88.29211,25.18847],[88.29551,25.1881],[88.29778,25.18704],[88.29745,25.18643],[88.29917,25.1859],[88.30339,25.18238],[88.30642,25.18178],[88.30941,25.18055],[88.30903,25.17862],[88.30012,25.17978],[88.29787,25.1799],[88.2963,25.17942],[88.29541,25.18028],[88.29381,25.18043],[88.29348,25.17976],[88.28621,25.18152],[88.27789,25.18272],[88.2745,25.18212],[88.27345,25.18299],[88.26755,25.18555],[88.2629,25.18586],[88.26529,25.18997],[88.26327,25.18978],[88.26319,25.19072],[88.26385,25.19187],[88.26335,25.19314],[88.26255,25.19318],[88.26228,25.19581],[88.26103,25.19681],[88.2613,25.19773],[88.25872,25.19849],[88.25885,25.20048],[88.26088,25.2048],[88.2595,25.20481]]]}},{"type":"Feature","bbox":[88.14851,24.96422,88.20247,25.04091],"properties":{"kind":"gp","gp":"Sahapur","block":"Old Malda","lgd":109983},"geometry":{"type":"Polygon","coordinates":[[[88.17768,24.96985],[88.17429,24.96621],[88.17168,24.96422],[88.15361,24.98056],[88.14897,24.98636],[88.14851,24.98953],[88.14887,24.99342],[88.15449,25.00147],[88.1554,25.00386],[88.1542,25.00571],[88.15546,25.00682],[88.15951,25.00613],[88.15858,25.00722],[88.15876,25.00797],[88.16005,25.00813],[88.16033,25.00869],[88.15937,25.01124],[88.15799,25.01132],[88.15783,25.0122],[88.15649,25.01375],[88.15999,25.01495],[88.16121,25.01695],[88.15988,25.01754],[88.15923,25.01973],[88.15792,25.02052],[88.15754,25.02262],[88.15664,25.02353],[88.15629,25.02477],[88.1597,25.02536],[88.16054,25.02226],[88.16598,25.02217],[88.16631,25.0261],[88.16691,25.02699],[88.16894,25.02686],[88.16974,25.02795],[88.17061,25.03086],[88.17123,25.0312],[88.17358,25.02956],[88.1753,25.03214],[88.17889,25.03061],[88.18176,25.02994],[88.18306,25.03009],[88.18547,25.03315],[88.19162,25.03561],[88.19226,25.03627],[88.19212,25.03705],[88.19323,25.04006],[88.19384,25.04091],[88.19427,25.04086],[88.19499,25.04009],[88.19592,25.04005],[88.19973,25.03807],[88.20037,25.03699],[88.20247,25.03596],[88.19919,25.03108],[88.19659,25.02812],[88.19347,25.02074],[88.19293,25.01772],[88.193,25.01582],[88.1941,25.01376],[88.19374,25.01119],[88.19005,25.0069],[88.19035,25.00646],[88.18943,25.00531],[88.18998,25.00453],[88.18852,25.00349],[88.1894,25.00309],[88.18817,24.99918],[88.18861,24.99767],[88.19046,24.99654],[88.19032,24.99518],[88.18684,24.99411],[88.18631,24.98741],[88.18846,24.98855],[88.18996,24.99047],[88.19422,24.99194],[88.19476,24.99262],[88.19661,24.99254],[88.19796,24.99167],[88.1965,24.99022],[88.19622,24.98924],[88.19754,24.98863],[88.19686,24.98655],[88.1974,24.9821],[88.19551,24.98078],[88.19535,24.97956],[88.19328,24.9763],[88.19109,24.97512],[88.19039,24.97224],[88.18297,24.97141],[88.17904,24.96976],[88.17768,24.96985]]]}},{"type":"Feature","bbox":[88.21678,25.16833,88.37148,25.26555],"properties":{"kind":"gp","gp":"Salaidanga","block":"Gazole","lgd":109902},"geometry":{"type":"MultiPolygon","coordinates":[[[[88.28226,25.19445],[88.28389,25.1958],[88.28416,25.19672],[88.28386,25.19879],[88.28473,25.1998],[88.28428,25.20201],[88.28676,25.20412],[88.28823,25.20654],[88.28796,25.20739],[88.28955,25.21048],[88.28863,25.21156],[88.28779,25.2144],[88.28959,25.214],[88.29269,25.21788],[88.29455,25.21782],[88.29595,25.21911],[88.29634,25.22059],[88.29728,25.22159],[88.29732,25.22222],[88.29662,25.22269],[88.29682,25.22355],[88.2999,25.22363],[88.30089,25.2254],[88.29967,25.22568],[88.29808,25.22695],[88.2978,25.22781],[88.29606,25.2277],[88.29547,25.22867],[88.2917,25.22912],[88.28988,25.22916],[88.28846,25.22649],[88.28481,25.22644],[88.28422,25.22753],[88.28445,25.23213],[88.28261,25.23198],[88.28004,25.2328],[88.27853,25.23417],[88.27583,25.23497],[88.27342,25.23497],[88.27122,25.2359],[88.26514,25.23679],[88.26251,25.23674],[88.2646,25.24034],[88.26642,25.24018],[88.26708,25.24139],[88.26804,25.24152],[88.26964,25.24356],[88.26849,25.24405],[88.26815,25.24544],[88.26631,25.24648],[88.26643,25.24821],[88.2627,25.25047],[88.26262,25.25147],[88.26201,25.25107],[88.26078,25.25126],[88.26028,25.25384],[88.26084,25.2568],[88.26432,25.25908],[88.26578,25.25918],[88.2692,25.26112],[88.27215,25.26152],[88.27238,25.26288],[88.27515,25.26286],[88.27579,25.2637],[88.2773,25.26318],[88.27801,25.26482],[88.28193,25.2633],[88.28267,25.26457],[88.28398,25.26456],[88.28427,25.26555],[88.29675,25.26323],[88.29728,25.26233],[88.29991,25.26231],[88.29907,25.26067],[88.29953,25.2576],[88.30065,25.25741],[88.30134,25.25451],[88.30267,25.25475],[88.30288,25.25586],[88.30764,25.25598],[88.30784,25.25678],[88.30893,25.25672],[88.30887,25.25579],[88.31271,25.25614],[88.31328,25.25579],[88.31289,25.25426],[88.31341,25.25336],[88.31346,25.2518],[88.31646,25.25077],[88.31732,25.24935],[88.31711,25.24842],[88.3153,25.24752],[88.31525,25.24684],[88.31423,25.24677],[88.31412,25.24628],[88.31523,25.2431],[88.31649,25.24222],[88.31712,25.24063],[88.31648,25.23879],[88.31883,25.23879],[88.31894,25.23835],[88.32271,25.23778],[88.32317,25.23706],[88.32304,25.23614],[88.32558,25.23482],[88.32578,25.23331],[88.32668,25.23263],[88.32838,25.23233],[88.32838,25.23358],[88.32935,25.23496],[88.32884,25.23604],[88.32937,25.23757],[88.32871,25.23861],[88.32954,25.24355],[88.33237,25.24321],[88.33374,25.24235],[88.33436,25.24182],[88.3346,25.23982],[88.33754,25.23791],[88.33684,25.23608],[88.33829,25.23606],[88.34012,25.23484],[88.34181,25.23725],[88.34454,25.23654],[88.3453,25.23765],[88.34494,25.23991],[88.3454,25.24144],[88.34675,25.24418],[88.34786,25.24496],[88.34897,25.2429],[88.34873,25.24154],[88.34692,25.23946],[88.34777,25.23904],[88.34907,25.24003],[88.35108,25.24055],[88.35415,25.23833],[88.35549,25.23863],[88.35891,25.24491],[88.36007,25.2459],[88.36026,25.2477],[88.36154,25.24719],[88.3621,25.24573],[88.371,25.24135],[88.36959,25.23757],[88.37041,25.23718],[88.37081,25.23541],[88.3682,25.23359],[88.36821,25.23306],[88.36879,25.23284],[88.37113,25.23309],[88.37148,25.23281],[88.37101,25.23198],[88.36654,25.23134],[88.36524,25.23061],[88.36549,25.2294],[88.36503,25.22921],[88.36226,25.2305],[88.36142,25.23041],[88.35868,25.2255],[88.36166,25.2215],[88.36376,25.22286],[88.36421,25.22092],[88.3632,25.21876],[88.36087,25.21648],[88.35973,25.2159],[88.3577,25.21661],[88.35689,25.21602],[88.35704,25.21446],[88.35899,25.21415],[88.35777,25.21234],[88.35914,25.21146],[88.35676,25.21026],[88.35634,25.20938],[88.35684,25.2085],[88.35655,25.20753],[88.34918,25.20066],[88.34718,25.19931],[88.34731,25.19848],[88.35,25.19792],[88.34878,25.19562],[88.34671,25.19565],[88.34541,25.19465],[88.3457,25.19411],[88.34748,25.19362],[88.34513,25.18868],[88.34659,25.18709],[88.34642,25.18625],[88.34572,25.1852],[88.34418,25.18433],[88.34218,25.18144],[88.33972,25.1809],[88.33943,25.17866],[88.33632,25.17552],[88.33714,25.17388],[88.33632,25.17258],[88.33566,25.16986],[88.33598,25.16833],[88.33439,25.16997],[88.33315,25.16892],[88.3319,25.16874],[88.33163,25.16913],[88.33235,25.17008],[88.33425,25.17117],[88.33409,25.17211],[88.33125,25.17444],[88.32974,25.17477],[88.32897,25.17419],[88.32787,25.17419],[88.32746,25.17452],[88.32621,25.18001],[88.32274,25.17939],[88.32285,25.17776],[88.32107,25.17854],[88.31916,25.17834],[88.31906,25.17902],[88.32142,25.18388],[88.31955,25.18371],[88.32013,25.18486],[88.32132,25.1851],[88.3226,25.18696],[88.32083,25.1865],[88.31955,25.18713],[88.32034,25.18814],[88.31322,25.18409],[88.31223,25.1824],[88.31,25.18177],[88.30941,25.18055],[88.30642,25.18178],[88.30339,25.18238],[88.29917,25.1859],[88.29745,25.18643],[88.29778,25.18704],[88.29551,25.1881],[88.29211,25.18847],[88.29113,25.18808],[88.29164,25.18917],[88.29012,25.18879],[88.28577,25.19151],[88.28309,25.18973],[88.28349,25.19078],[88.28301,25.1913],[88.28391,25.19281],[88.28333,25.19402],[88.28226,25.19445]]],[[[88.23158,25.2373],[88.23065,25.23417],[88.23468,25.23196],[88.23362,25.23027],[88.23755,25.22831],[88.23733,25.22732],[88.23789,25.22573],[88.23702,25.22472],[88.23464,25.22573],[88.23121,25.22579],[88.22921,25.22745],[88.22769,25.22778],[88.22758,25.22723],[88.2253,25.2281],[88.226,25.2288],[88.22581,25.22919],[88.22434,25.22914],[88.22415,25.22959],[88.21995,25.23118],[88.21999,25.23187],[88.21678,25.23295],[88.2196,25.23995],[88.22846,25.23752],[88.23158,25.2373]]]]}},{"type":"Feature","bbox":[87.98004,25.12391,88.05771,25.21108],"properties":{"kind":"gp","gp":"Sambalpur","block":"Ratua-II","lgd":109999},"geometry":{"type":"Polygon","coordinates":[[[88.01416,25.16192],[88.01273,25.15739],[88.01104,25.1547],[88.007,25.15118],[88.007,25.15044],[88.00871,25.1491],[88.01226,25.14928],[88.01136,25.14734],[88.01045,25.14672],[88.01069,25.14603],[88.00553,25.14168],[88.00133,25.13933],[88.00236,25.1388],[88.0019,25.13814],[88.00243,25.13775],[88.00207,25.135],[88.00242,25.13242],[88.0034,25.13037],[88.00056,25.12548],[88.0003,25.12423],[87.99888,25.12391],[87.9989,25.12638],[87.99769,25.12916],[87.99442,25.13353],[87.99424,25.13438],[87.99221,25.13658],[87.98779,25.13987],[87.9879,25.14081],[87.98004,25.1441],[87.98203,25.14865],[87.98325,25.15488],[87.98594,25.15976],[87.98615,25.16158],[87.98542,25.16241],[87.98561,25.16342],[87.98703,25.16257],[87.98815,25.16287],[87.99067,25.16479],[87.98951,25.16616],[87.9868,25.16777],[87.98605,25.16907],[87.98685,25.17065],[87.98702,25.17421],[87.98804,25.17651],[87.98906,25.17661],[87.98917,25.17839],[87.99123,25.17809],[87.99233,25.1795],[87.99543,25.1797],[87.99598,25.18113],[87.99673,25.1814],[87.99988,25.18029],[88.00175,25.17915],[88.00242,25.17817],[88.00541,25.17727],[88.01026,25.17975],[88.01539,25.18065],[88.01626,25.18133],[88.01502,25.1836],[88.01477,25.1855],[88.01364,25.18808],[88.01363,25.18934],[88.01422,25.19043],[88.01908,25.18787],[88.02183,25.1884],[88.02301,25.1896],[88.02511,25.18918],[88.02695,25.19427],[88.02718,25.19578],[88.026,25.19758],[88.02663,25.20027],[88.02755,25.20098],[88.02779,25.20553],[88.02832,25.2065],[88.03414,25.20756],[88.03618,25.2085],[88.03878,25.21108],[88.03921,25.21041],[88.03985,25.21037],[88.04024,25.20915],[88.04237,25.2071],[88.04384,25.20639],[88.04396,25.20528],[88.04507,25.20386],[88.04491,25.2013],[88.0464,25.2008],[88.04831,25.19897],[88.04479,25.19585],[88.04313,25.19359],[88.05333,25.18939],[88.05475,25.18848],[88.05472,25.18727],[88.05622,25.18693],[88.05641,25.18634],[88.05771,25.1857],[88.05346,25.17492],[88.05261,25.16733],[88.05203,25.16684],[88.04858,25.16765],[88.04635,25.15953],[88.02396,25.16819],[88.02297,25.16646],[88.02174,25.16075],[88.01416,25.16192]]]}},{"type":"Feature","bbox":[87.97254,25.23607,88.04684,25.29112],"properties":{"kind":"gp","gp":"Samsi","block":"Ratua-I","lgd":109993},"geometry":{"type":"Polygon","coordinates":[[[88.02492,25.25043],[88.02481,25.2488],[88.02209,25.248],[88.02002,25.24444],[88.01905,25.24213],[88.01868,25.23996],[88.01892,25.23701],[88.01843,25.23657],[88.01484,25.23607],[88.01413,25.23754],[88.01354,25.23773],[88.01317,25.23702],[88.01218,25.23739],[88.01133,25.23701],[88.01066,25.23799],[88.00864,25.23809],[88.00738,25.23868],[88.00742,25.23931],[88.00098,25.24095],[88.00035,25.24041],[88.00019,25.24121],[87.999,25.24097],[87.99765,25.24146],[87.99628,25.2409],[87.99542,25.24121],[87.99575,25.24698],[87.99495,25.24882],[87.99604,25.25672],[87.99513,25.25697],[87.99517,25.2576],[87.99449,25.2578],[87.99234,25.25789],[87.99191,25.25838],[87.9911,25.25806],[87.98988,25.2596],[87.99127,25.2614],[87.99126,25.26203],[87.99014,25.26335],[87.9904,25.26456],[87.98692,25.26494],[87.98641,25.2634],[87.98701,25.26268],[87.98627,25.25884],[87.98127,25.25716],[87.9759,25.25783],[87.97714,25.25913],[87.97906,25.26264],[87.97906,25.26343],[87.97353,25.26487],[87.97436,25.26776],[87.97314,25.27023],[87.97313,25.27185],[87.97416,25.27676],[87.97389,25.2777],[87.97254,25.27872],[87.97339,25.28072],[87.97411,25.28184],[87.97523,25.28184],[87.98718,25.27918],[87.98672,25.27819],[87.98695,25.27732],[87.9898,25.27648],[87.99098,25.27497],[87.99266,25.27541],[87.99554,25.275],[87.99652,25.2728],[87.99977,25.27145],[88.00022,25.27341],[87.99953,25.27403],[87.99934,25.27506],[87.99988,25.27609],[88.00058,25.27569],[88.00133,25.27611],[88.00099,25.27876],[88.00398,25.28265],[88.00601,25.28716],[88.00871,25.29112],[88.00893,25.28999],[88.01154,25.28883],[88.01131,25.28522],[88.0136,25.28178],[88.01491,25.28138],[88.02211,25.28256],[88.02811,25.28192],[88.03092,25.2829],[88.03154,25.28241],[88.03165,25.28131],[88.031,25.28019],[88.02731,25.27742],[88.02673,25.27627],[88.03149,25.27412],[88.03309,25.27429],[88.036,25.27632],[88.03662,25.27628],[88.03741,25.27555],[88.03756,25.27337],[88.04024,25.27004],[88.04121,25.26996],[88.04445,25.27193],[88.0458,25.27443],[88.04646,25.2745],[88.04684,25.27359],[88.04594,25.27143],[88.04192,25.2685],[88.03811,25.26737],[88.03798,25.26629],[88.03625,25.26622],[88.03601,25.26684],[88.03484,25.26685],[88.03437,25.26637],[88.03356,25.2671],[88.02976,25.26751],[88.03132,25.26154],[88.03062,25.26147],[88.03067,25.26074],[88.03218,25.26066],[88.03116,25.25819],[88.03251,25.2576],[88.03265,25.25691],[88.0349,25.25742],[88.03483,25.25648],[88.03582,25.25601],[88.03601,25.25542],[88.03555,25.25466],[88.03275,25.25487],[88.03143,25.25447],[88.03092,25.25366],[88.02864,25.25394],[88.02813,25.25334],[88.02589,25.25282],[88.02492,25.25043]]]}},{"type":"Feature","bbox":[87.99392,24.87983,88.2979,25.18264],"properties":{"kind":"gp","gp":"Silampur-I","block":"Kaliachak-I","lgd":109941},"geometry":{"type":"MultiPolygon","coordinates":[[[[88.02181,24.90141],[88.02201,24.90081],[88.02153,24.90058],[88.02228,24.89695],[88.02418,24.89759],[88.02561,24.89564],[88.02692,24.89592],[88.02728,24.89501],[88.02797,24.89502],[88.02828,24.89287],[88.03058,24.88813],[88.02968,24.88717],[88.02998,24.88631],[88.02776,24.88537],[88.02637,24.88373],[88.02546,24.88362],[88.0249,24.88425],[88.02325,24.88312],[88.02259,24.88358],[88.02082,24.88341],[88.02033,24.88254],[88.01691,24.88112],[88.01462,24.88223],[88.01187,24.87983],[88.01152,24.88155],[88.01032,24.8832],[88.00702,24.88517],[88.00477,24.88549],[88.0032,24.88769],[87.99864,24.89096],[87.99778,24.89212],[88.00077,24.89397],[88.00104,24.89533],[88.00036,24.89695],[87.9991,24.89839],[87.99829,24.89859],[87.99723,24.90034],[87.997,24.90182],[87.99651,24.90215],[87.99753,24.90295],[87.99615,24.90455],[87.99392,24.90583],[87.99643,24.90785],[87.99661,24.91154],[87.99597,24.91168],[87.9958,24.91259],[87.99671,24.91307],[87.99635,24.91483],[87.99785,24.91655],[87.99747,24.91704],[87.99867,24.91852],[87.99944,24.91856],[88.00023,24.91794],[88.00151,24.91834],[88.00374,24.91398],[88.00321,24.913],[88.00377,24.91223],[88.0097,24.90716],[88.01406,24.90424],[88.01562,24.90406],[88.0175,24.90237],[88.02181,24.90141]]],[[[88.27459,25.16549],[88.27537,25.16625],[88.27445,25.1668],[88.27457,25.16742],[88.27566,25.16736],[88.27779,25.16926],[88.27776,25.16989],[88.27676,25.17038],[88.27823,25.17161],[88.27757,25.17264],[88.27878,25.17339],[88.27917,25.1748],[88.27831,25.17504],[88.27745,25.17421],[88.27761,25.17563],[88.27641,25.17507],[88.27646,25.17576],[88.27807,25.1771],[88.27792,25.17804],[88.2787,25.17888],[88.27889,25.17962],[88.27844,25.18039],[88.27733,25.18032],[88.27852,25.18264],[88.28621,25.18152],[88.29348,25.17976],[88.29201,25.17523],[88.29245,25.1729],[88.29168,25.17244],[88.29216,25.17074],[88.29109,25.16833],[88.29305,25.16698],[88.2979,25.16516],[88.29698,25.1634],[88.29526,25.16163],[88.29372,25.15704],[88.29369,25.15383],[88.28568,25.15725],[88.28552,25.15583],[88.28402,25.15634],[88.28325,25.15576],[88.27821,25.15719],[88.27819,25.15899],[88.2719,25.16232],[88.27068,25.16152],[88.27158,25.16296],[88.27116,25.16442],[88.27459,25.16549]]]]}},{"type":"Feature","bbox":[88.01187,24.86135,88.03244,24.88482],"properties":{"kind":"gp","gp":"Silampur-Ii","block":"Kaliachak-I","lgd":109942},"geometry":{"type":"Polygon","coordinates":[[[88.01187,24.87983],[88.01462,24.88223],[88.01691,24.88112],[88.02033,24.88254],[88.02082,24.88341],[88.02259,24.88358],[88.02325,24.88312],[88.0249,24.88425],[88.02546,24.88362],[88.02637,24.88373],[88.02711,24.88482],[88.03244,24.88108],[88.03133,24.87644],[88.03062,24.87552],[88.02842,24.87437],[88.02732,24.87469],[88.02287,24.87352],[88.01874,24.86755],[88.01866,24.86618],[88.01731,24.86466],[88.01668,24.86263],[88.01493,24.86135],[88.01442,24.86275],[88.01498,24.86436],[88.01387,24.86874],[88.01387,24.86952],[88.01467,24.87044],[88.01242,24.87388],[88.01244,24.87557],[88.01198,24.87565],[88.01187,24.87983]]]}},{"type":"Feature","bbox":[87.96347,25.03361,87.98986,25.05755],"properties":{"kind":"gp","gp":"Sovanagar","block":"English Bazar","lgd":109887},"geometry":{"type":"Polygon","coordinates":[[[87.98986,25.04079],[87.98823,25.03691],[87.98675,25.03762],[87.98314,25.03361],[87.98165,25.03542],[87.97997,25.03577],[87.98008,25.03624],[87.97792,25.0376],[87.97459,25.03798],[87.97387,25.04137],[87.97271,25.04112],[87.97282,25.03923],[87.97038,25.03868],[87.96653,25.04493],[87.96412,25.05034],[87.96347,25.05406],[87.96472,25.05755],[87.96734,25.05524],[87.97317,25.05278],[87.9802,25.05341],[87.97985,25.05212],[87.97798,25.04979],[87.9828,25.045],[87.9867,25.04213],[87.98986,25.04079]]]}},{"type":"Feature","bbox":[88.02976,25.22432,88.10173,25.27926],"properties":{"kind":"gp","gp":"Sreepur-I","block":"Ratua-II","lgd":110000},"geometry":{"type":"Polygon","coordinates":[[[88.04938,25.23195],[88.0528,25.2336],[88.05177,25.23707],[88.0522,25.23725],[88.05111,25.23899],[88.04971,25.23875],[88.04887,25.23931],[88.04898,25.24041],[88.04815,25.24035],[88.04764,25.24095],[88.04737,25.24401],[88.04462,25.24504],[88.04453,25.24573],[88.04339,25.24679],[88.04108,25.24811],[88.04322,25.25293],[88.04021,25.25408],[88.03694,25.2548],[88.03555,25.25466],[88.03601,25.25542],[88.03582,25.25601],[88.03483,25.25648],[88.0349,25.25742],[88.03265,25.25691],[88.03251,25.2576],[88.03116,25.25819],[88.03218,25.26066],[88.03067,25.26074],[88.03062,25.26147],[88.03132,25.26154],[88.02976,25.26751],[88.03356,25.2671],[88.03437,25.26637],[88.03484,25.26685],[88.03601,25.26684],[88.03625,25.26622],[88.03798,25.26629],[88.03811,25.26737],[88.04192,25.2685],[88.04594,25.27143],[88.04659,25.2708],[88.05026,25.26992],[88.05151,25.26896],[88.05349,25.27044],[88.05502,25.27069],[88.05604,25.27028],[88.05641,25.26986],[88.05611,25.26751],[88.05643,25.26667],[88.05801,25.2711],[88.0599,25.27364],[88.06188,25.27334],[88.0635,25.27486],[88.06466,25.27435],[88.06503,25.27614],[88.06684,25.27618],[88.06798,25.27693],[88.069,25.27679],[88.06909,25.27572],[88.07013,25.27542],[88.07157,25.27693],[88.07398,25.27843],[88.07878,25.27864],[88.09164,25.27767],[88.09284,25.27823],[88.09559,25.27832],[88.09718,25.27926],[88.0993,25.27902],[88.10119,25.278],[88.10173,25.27702],[88.10089,25.27703],[88.09934,25.27459],[88.09924,25.27351],[88.10117,25.26598],[88.10113,25.26384],[88.09575,25.25824],[88.08805,25.2536],[88.08765,25.25297],[88.08743,25.2499],[88.08871,25.2471],[88.085,25.23935],[88.08438,25.23439],[88.08472,25.23226],[88.08325,25.23321],[88.08114,25.23268],[88.06983,25.23192],[88.06793,25.23108],[88.06615,25.22839],[88.06345,25.22801],[88.06257,25.22638],[88.06086,25.22573],[88.05646,25.22601],[88.05359,25.22432],[88.04886,25.22845],[88.04554,25.22954],[88.04574,25.23203],[88.04938,25.23195]]]}},{"type":"Feature","bbox":[88.03878,25.1857,88.09589,25.23321],"properties":{"kind":"gp","gp":"Sreepur-Ii","block":"Ratua-II","lgd":110001},"geometry":{"type":"Polygon","coordinates":[[[88.08885,25.21415],[88.08933,25.21063],[88.09544,25.20239],[88.09573,25.20094],[88.09589,25.19938],[88.09382,25.19835],[88.09245,25.19559],[88.09202,25.19609],[88.09,25.19619],[88.08279,25.19935],[88.08169,25.2002],[88.08191,25.20071],[88.08029,25.20143],[88.07764,25.19815],[88.07382,25.19667],[88.07402,25.19629],[88.07279,25.19368],[88.06518,25.19776],[88.06232,25.19476],[88.05771,25.1857],[88.05641,25.18634],[88.05622,25.18693],[88.05472,25.18727],[88.05475,25.18848],[88.05333,25.18939],[88.04313,25.19359],[88.04479,25.19585],[88.04831,25.19897],[88.0464,25.2008],[88.04491,25.2013],[88.04507,25.20386],[88.04396,25.20528],[88.04384,25.20639],[88.04237,25.2071],[88.04024,25.20915],[88.03985,25.21037],[88.03921,25.21041],[88.03878,25.21108],[88.04288,25.21412],[88.04716,25.21567],[88.0492,25.21588],[88.05638,25.21503],[88.05909,25.21405],[88.06367,25.21518],[88.06493,25.21674],[88.06262,25.21749],[88.05848,25.21754],[88.04926,25.22054],[88.04543,25.22478],[88.04554,25.22954],[88.04886,25.22845],[88.05359,25.22432],[88.05646,25.22601],[88.06086,25.22573],[88.06257,25.22638],[88.06345,25.22801],[88.06615,25.22839],[88.06793,25.23108],[88.06983,25.23192],[88.08114,25.23268],[88.08325,25.23321],[88.08472,25.23226],[88.08525,25.22852],[88.08137,25.22772],[88.08027,25.22592],[88.08026,25.22447],[88.08184,25.22275],[88.08521,25.22075],[88.08885,25.21415]]]}},{"type":"Feature","bbox":[88.26368,24.87014,88.34701,24.95168],"properties":{"kind":"gp","gp":"Sreerampur","block":"Habibpur","lgd":109913},"geometry":{"type":"Polygon","coordinates":[[[88.29032,24.889],[88.28749,24.88768],[88.28651,24.887],[88.28637,24.88635],[88.28569,24.88641],[88.28506,24.88684],[88.2852,24.88806],[88.286,24.88791],[88.28624,24.88917],[88.28319,24.88911],[88.28292,24.89047],[88.28146,24.89079],[88.27984,24.88927],[88.27956,24.88819],[88.27813,24.88805],[88.27701,24.8899],[88.27762,24.89054],[88.27722,24.89175],[88.27577,24.89178],[88.27767,24.89692],[88.27608,24.8978],[88.27578,24.90211],[88.27775,24.9053],[88.27786,24.90646],[88.27541,24.90812],[88.27392,24.90771],[88.27382,24.90861],[88.27453,24.90959],[88.28167,24.91098],[88.28415,24.91211],[88.2823,24.91501],[88.2837,24.91511],[88.28543,24.91605],[88.28513,24.91641],[88.28631,24.91736],[88.28734,24.91768],[88.28791,24.9193],[88.2889,24.91967],[88.28938,24.92062],[88.28922,24.92164],[88.28966,24.92256],[88.28573,24.92332],[88.28579,24.92424],[88.28334,24.92425],[88.28322,24.92612],[88.28086,24.92612],[88.28002,24.92968],[88.28164,24.93175],[88.28157,24.93362],[88.27918,24.93371],[88.28006,24.93533],[88.2776,24.93538],[88.27643,24.93586],[88.2741,24.93929],[88.27322,24.9393],[88.27191,24.937],[88.27037,24.93607],[88.26941,24.93637],[88.2683,24.93787],[88.26561,24.93991],[88.26596,24.94176],[88.27012,24.94369],[88.26919,24.94497],[88.26634,24.94478],[88.2646,24.94509],[88.26403,24.94563],[88.26368,24.94742],[88.26515,24.95085],[88.26616,24.95062],[88.26772,24.95168],[88.27385,24.94692],[88.28244,24.94669],[88.28464,24.94784],[88.28717,24.94773],[88.28765,24.94848],[88.28975,24.94758],[88.29137,24.94754],[88.29189,24.94616],[88.29355,24.94539],[88.29398,24.94397],[88.29311,24.94127],[88.29394,24.94107],[88.29502,24.94226],[88.29571,24.94213],[88.29665,24.94382],[88.29836,24.94302],[88.29995,24.94035],[88.30177,24.93983],[88.30399,24.93619],[88.30497,24.93683],[88.30656,24.9356],[88.3071,24.93545],[88.30769,24.93596],[88.30892,24.93552],[88.31002,24.93393],[88.31113,24.93476],[88.31259,24.93439],[88.31458,24.93496],[88.31576,24.93392],[88.31711,24.93394],[88.31901,24.9332],[88.31974,24.92931],[88.32089,24.92785],[88.32063,24.92384],[88.31822,24.9238],[88.31788,24.92285],[88.31966,24.9225],[88.32121,24.92135],[88.31986,24.91902],[88.32095,24.91794],[88.32085,24.91533],[88.32509,24.91405],[88.32631,24.91129],[88.32821,24.90416],[88.33202,24.90523],[88.33405,24.90483],[88.33456,24.90355],[88.33426,24.90126],[88.33457,24.90056],[88.33278,24.89716],[88.33316,24.89694],[88.3344,24.8979],[88.33516,24.89771],[88.33626,24.8982],[88.33725,24.89959],[88.33787,24.89924],[88.33852,24.89977],[88.34067,24.89997],[88.34164,24.8989],[88.3428,24.89988],[88.34396,24.89954],[88.3444,24.89776],[88.34621,24.8953],[88.34615,24.89427],[88.34701,24.89243],[88.34525,24.89194],[88.34463,24.8911],[88.34539,24.89034],[88.34539,24.88964],[88.34442,24.88874],[88.34335,24.88892],[88.34264,24.88841],[88.34322,24.88727],[88.34288,24.88437],[88.33924,24.88043],[88.33899,24.87846],[88.33759,24.87854],[88.33431,24.87767],[88.3353,24.87478],[88.33418,24.87335],[88.33262,24.87243],[88.33311,24.87095],[88.33062,24.87014],[88.32648,24.87048],[88.32538,24.87212],[88.32086,24.87613],[88.32094,24.8771],[88.3221,24.87888],[88.32092,24.88347],[88.31855,24.88354],[88.31714,24.88301],[88.31671,24.88065],[88.31491,24.88114],[88.31485,24.88162],[88.31225,24.88158],[88.31288,24.88019],[88.30977,24.87773],[88.30749,24.87751],[88.30527,24.87248],[88.30264,24.87166],[88.30171,24.87204],[88.30128,24.87334],[88.30193,24.87424],[88.30178,24.87517],[88.30053,24.87562],[88.30009,24.87811],[88.29798,24.88143],[88.29846,24.88244],[88.30074,24.88219],[88.30087,24.88505],[88.30156,24.8851],[88.302,24.88581],[88.30022,24.88602],[88.29819,24.8851],[88.29849,24.88601],[88.29705,24.88622],[88.29676,24.88824],[88.29446,24.8883],[88.29397,24.88928],[88.29032,24.889]]]}},{"type":"Feature","bbox":[88.07965,24.89918,88.11582,24.92733],"properties":{"kind":"gp","gp":"Sujapur","block":"Kaliachak-I","lgd":109943},"geometry":{"type":"Polygon","coordinates":[[[88.08873,24.8993],[88.07965,24.90175],[88.08455,24.91129],[88.08542,24.91131],[88.08523,24.91303],[88.08617,24.91333],[88.08836,24.91688],[88.09084,24.91561],[88.09368,24.92002],[88.09418,24.92006],[88.09446,24.92123],[88.09399,24.92183],[88.09504,24.92199],[88.0949,24.92284],[88.09311,24.92256],[88.09206,24.92344],[88.09038,24.92389],[88.09379,24.92684],[88.09499,24.92733],[88.09779,24.92526],[88.10116,24.9216],[88.107,24.91667],[88.11582,24.90608],[88.11482,24.90575],[88.11449,24.90478],[88.1149,24.90328],[88.11413,24.90275],[88.11365,24.9003],[88.10952,24.89918],[88.10247,24.8994],[88.10111,24.90384],[88.10054,24.90397],[88.10037,24.90493],[88.09973,24.90533],[88.09487,24.90459],[88.09435,24.90232],[88.09106,24.90181],[88.09028,24.90227],[88.08841,24.90034],[88.08873,24.8993]]]}},{"type":"Feature","bbox":[87.82047,25.23233,88.32954,25.4971],"properties":{"kind":"gp","gp":"Sultannagar","block":"Harishchandrapur-II","lgd":109928},"geometry":{"type":"MultiPolygon","coordinates":[[[[88.32685,25.24488],[88.32786,25.2447],[88.32954,25.24355],[88.32871,25.23861],[88.32937,25.23757],[88.32884,25.23604],[88.32935,25.23496],[88.32838,25.23358],[88.32838,25.23233],[88.32668,25.23263],[88.32578,25.23331],[88.32558,25.23482],[88.32471,25.23499],[88.32674,25.24136],[88.32572,25.24438],[88.32685,25.24488]]],[[[87.85874,25.4217],[87.86004,25.421],[87.85822,25.41928],[87.85773,25.4181],[87.85824,25.41729],[87.85707,25.41635],[87.85572,25.41605],[87.85449,25.41412],[87.8527,25.4106],[87.85068,25.40404],[87.84915,25.40523],[87.84901,25.40685],[87.84788,25.40786],[87.84873,25.40902],[87.84897,25.41068],[87.84711,25.41109],[87.84417,25.40941],[87.84196,25.40963],[87.84225,25.41323],[87.84307,25.4145],[87.84588,25.41608],[87.8464,25.417],[87.84585,25.41771],[87.84419,25.4178],[87.84214,25.41905],[87.8395,25.41905],[87.83919,25.42021],[87.84074,25.42148],[87.84076,25.42253],[87.84005,25.42367],[87.83642,25.42396],[87.83443,25.42469],[87.83,25.42465],[87.82963,25.42399],[87.8252,25.42525],[87.82436,25.42509],[87.82445,25.42367],[87.82364,25.42319],[87.82124,25.4232],[87.82121,25.42876],[87.82214,25.4304],[87.82793,25.43445],[87.82891,25.43692],[87.82811,25.43742],[87.82351,25.43534],[87.82058,25.43506],[87.82047,25.4367],[87.82478,25.43795],[87.82637,25.43962],[87.82685,25.44156],[87.82658,25.44363],[87.82572,25.44545],[87.82718,25.44747],[87.8289,25.44683],[87.8289,25.44857],[87.8302,25.45021],[87.83096,25.45221],[87.83096,25.45625],[87.83023,25.46105],[87.83757,25.46091],[87.83964,25.46137],[87.83922,25.46758],[87.84024,25.46776],[87.84655,25.46663],[87.84766,25.46721],[87.85448,25.46679],[87.85523,25.46779],[87.8558,25.47098],[87.86053,25.47108],[87.86132,25.46928],[87.86345,25.46911],[87.86253,25.46409],[87.86285,25.46398],[87.8661,25.46743],[87.86931,25.469],[87.86886,25.47301],[87.86727,25.47451],[87.8667,25.47758],[87.86489,25.47995],[87.86495,25.48269],[87.86533,25.48417],[87.86638,25.48552],[87.8666,25.48826],[87.86848,25.49576],[87.86895,25.49671],[87.87083,25.4971],[87.87244,25.49491],[87.87404,25.49457],[87.87522,25.49352],[87.87735,25.49278],[87.87848,25.49025],[87.87903,25.49007],[87.879,25.48897],[87.87969,25.48894],[87.87996,25.48798],[87.88094,25.48751],[87.88166,25.48637],[87.88125,25.48571],[87.88227,25.48514],[87.88225,25.48456],[87.88168,25.48354],[87.87999,25.48247],[87.8793,25.48104],[87.88108,25.47995],[87.88126,25.48136],[87.88252,25.48219],[87.88474,25.48228],[87.88507,25.48101],[87.88344,25.47878],[87.88462,25.47835],[87.88557,25.47873],[87.88525,25.47659],[87.88726,25.47634],[87.8877,25.4782],[87.88905,25.47907],[87.89012,25.47918],[87.88979,25.47835],[87.89033,25.47733],[87.89213,25.47744],[87.89253,25.47706],[87.89193,25.47568],[87.89285,25.47337],[87.89424,25.47267],[87.8945,25.47166],[87.89646,25.47115],[87.89646,25.47051],[87.89707,25.47143],[87.89841,25.47073],[87.9018,25.47098],[87.90429,25.47169],[87.90593,25.47135],[87.90674,25.47049],[87.90593,25.46943],[87.90534,25.46585],[87.90493,25.46587],[87.90464,25.46415],[87.90404,25.46355],[87.90474,25.4621],[87.90269,25.46026],[87.90339,25.45808],[87.90156,25.45623],[87.90305,25.45495],[87.90332,25.45405],[87.90262,25.45324],[87.90139,25.45341],[87.90198,25.45412],[87.90176,25.45486],[87.89984,25.45459],[87.89778,25.45548],[87.89698,25.45526],[87.89667,25.45486],[87.89729,25.45352],[87.89676,25.45244],[87.89594,25.45247],[87.89412,25.45062],[87.89271,25.45101],[87.88913,25.45439],[87.88783,25.4543],[87.88729,25.45375],[87.88457,25.45378],[87.883,25.45449],[87.88274,25.45257],[87.88149,25.45252],[87.8812,25.45154],[87.88173,25.45115],[87.88292,25.45182],[87.88402,25.45019],[87.884,25.44909],[87.88291,25.44784],[87.88112,25.44725],[87.88249,25.44634],[87.88228,25.44593],[87.87959,25.44555],[87.87871,25.44584],[87.87901,25.44766],[87.87773,25.44856],[87.87682,25.44588],[87.87546,25.44544],[87.87542,25.44397],[87.87485,25.44379],[87.8746,25.44271],[87.87288,25.44258],[87.87275,25.43897],[87.87221,25.43832],[87.87116,25.43852],[87.87207,25.43984],[87.87162,25.44159],[87.87055,25.44206],[87.86962,25.4419],[87.86841,25.44039],[87.86919,25.43579],[87.86796,25.43528],[87.86533,25.43688],[87.86234,25.43483],[87.86136,25.43344],[87.8609,25.42985],[87.85874,25.4217]]]]}},{"type":"Feature","bbox":[87.88344,25.43228,87.97886,25.49317],"properties":{"kind":"gp","gp":"Tulsihatta","block":"Harishchandrapur-I","lgd":109920},"geometry":{"type":"Polygon","coordinates":[[[87.91876,25.43504],[87.91977,25.43389],[87.91926,25.43228],[87.91701,25.43353],[87.91604,25.43331],[87.91568,25.43273],[87.91407,25.43268],[87.91417,25.43428],[87.91607,25.44044],[87.91474,25.44245],[87.9145,25.44451],[87.9138,25.4458],[87.90969,25.44506],[87.90957,25.44612],[87.906,25.4474],[87.90685,25.45219],[87.90651,25.45268],[87.90546,25.45273],[87.90519,25.45154],[87.90562,25.45094],[87.90301,25.44908],[87.90278,25.44982],[87.90051,25.45036],[87.90018,25.45101],[87.89909,25.4507],[87.89948,25.44937],[87.89917,25.44886],[87.89838,25.44885],[87.89771,25.45145],[87.89691,25.45117],[87.89654,25.45182],[87.89729,25.45352],[87.89667,25.45486],[87.89698,25.45526],[87.89778,25.45548],[87.89984,25.45459],[87.90176,25.45486],[87.90198,25.45412],[87.90139,25.45341],[87.90192,25.45313],[87.90332,25.45405],[87.90305,25.45495],[87.90156,25.45623],[87.90339,25.45808],[87.90269,25.46026],[87.90474,25.4621],[87.90404,25.46355],[87.90464,25.46415],[87.90493,25.46587],[87.90534,25.46585],[87.90593,25.46943],[87.90674,25.47049],[87.90593,25.47135],[87.90429,25.47169],[87.9018,25.47098],[87.89841,25.47073],[87.89707,25.47143],[87.89646,25.47051],[87.89646,25.47115],[87.8945,25.47166],[87.89424,25.47267],[87.89285,25.47337],[87.89193,25.47568],[87.89253,25.47706],[87.89213,25.47744],[87.89033,25.47733],[87.88979,25.47835],[87.89012,25.47918],[87.88905,25.47907],[87.8877,25.4782],[87.88774,25.47736],[87.88679,25.47614],[87.88525,25.47659],[87.88557,25.47873],[87.88462,25.47835],[87.88344,25.47878],[87.88555,25.48198],[87.88636,25.48246],[87.8873,25.48189],[87.88754,25.48057],[87.88867,25.4802],[87.89075,25.48113],[87.89148,25.48482],[87.89093,25.48553],[87.89069,25.48832],[87.89226,25.49045],[87.89307,25.49088],[87.8941,25.49051],[87.89495,25.49078],[87.89544,25.49264],[87.90156,25.49317],[87.90156,25.49233],[87.90211,25.49225],[87.90225,25.49156],[87.90244,25.48884],[87.90307,25.48854],[87.9072,25.48965],[87.90726,25.48912],[87.90556,25.48852],[87.9079,25.48784],[87.90765,25.4867],[87.90699,25.48574],[87.90612,25.48594],[87.90548,25.48446],[87.90716,25.48405],[87.90686,25.48218],[87.90703,25.48128],[87.90774,25.48067],[87.91685,25.47936],[87.9169,25.47805],[87.92174,25.47791],[87.92263,25.47813],[87.92298,25.47921],[87.92537,25.4793],[87.92572,25.47823],[87.92501,25.47774],[87.92409,25.4779],[87.92482,25.4765],[87.92569,25.47698],[87.9266,25.47677],[87.92849,25.47448],[87.93236,25.4737],[87.93397,25.47149],[87.93322,25.46539],[87.93353,25.4636],[87.9356,25.46417],[87.93656,25.46197],[87.93638,25.46129],[87.93814,25.46142],[87.93833,25.45989],[87.93986,25.45939],[87.93914,25.45806],[87.9426,25.45734],[87.94272,25.4607],[87.94371,25.46259],[87.94575,25.46412],[87.94764,25.46412],[87.94869,25.46465],[87.94956,25.46386],[87.95154,25.46529],[87.95348,25.46326],[87.95398,25.46397],[87.95816,25.46354],[87.96011,25.46375],[87.96102,25.46497],[87.96351,25.46484],[87.96376,25.46535],[87.96589,25.4651],[87.96914,25.46575],[87.97244,25.46535],[87.97264,25.46408],[87.97369,25.46397],[87.97416,25.46337],[87.97508,25.46037],[87.97886,25.45882],[87.97727,25.45402],[87.97748,25.45223],[87.97656,25.45002],[87.97677,25.44896],[87.97604,25.44837],[87.97456,25.44918],[87.97405,25.45125],[87.97077,25.45194],[87.96694,25.45203],[87.96736,25.45144],[87.96706,25.44867],[87.96754,25.44839],[87.9674,25.44456],[87.96461,25.44552],[87.96435,25.44511],[87.96284,25.44524],[87.96048,25.44667],[87.9607,25.44724],[87.95966,25.4476],[87.95771,25.44807],[87.95748,25.44745],[87.95673,25.44718],[87.95354,25.44849],[87.95052,25.44602],[87.94736,25.44635],[87.94374,25.44515],[87.94139,25.44518],[87.93896,25.44336],[87.93785,25.44174],[87.93682,25.44289],[87.93687,25.44373],[87.93484,25.44457],[87.93385,25.44494],[87.93349,25.44428],[87.92812,25.44555],[87.92751,25.44141],[87.92623,25.43791],[87.92451,25.43837],[87.92391,25.43703],[87.91913,25.43807],[87.91861,25.43633],[87.91876,25.43504]]]}},{"type":"Feature","bbox":[87.82438,25.11379,87.87612,25.1896],"properties":{"kind":"gp","gp":"Uttar Chandipur","block":"Manikchak","lgd":109977},"geometry":{"type":"Polygon","coordinates":[[[87.86811,25.16921],[87.86672,25.16699],[87.86694,25.16569],[87.86612,25.16346],[87.86665,25.16268],[87.86663,25.16139],[87.86598,25.14959],[87.86534,25.14801],[87.866,25.14747],[87.86532,25.14599],[87.86544,25.13575],[87.86923,25.1348],[87.87121,25.13523],[87.87239,25.13411],[87.87456,25.12853],[87.87457,25.12774],[87.87359,25.12798],[87.87395,25.12528],[87.87612,25.12022],[87.87538,25.11983],[87.87413,25.12019],[87.87264,25.11943],[87.87264,25.11848],[87.87169,25.1179],[87.87216,25.11641],[87.86969,25.1144],[87.86806,25.11379],[87.86559,25.12308],[87.8651,25.1236],[87.86302,25.12396],[87.85827,25.1297],[87.85345,25.13448],[87.85206,25.13899],[87.85206,25.14257],[87.85088,25.14308],[87.8504,25.14389],[87.84866,25.14746],[87.8478,25.15052],[87.84686,25.15871],[87.84277,25.16002],[87.83514,25.1583],[87.83384,25.15963],[87.8329,25.15973],[87.82512,25.15801],[87.82439,25.1573],[87.82438,25.16086],[87.82564,25.16606],[87.82528,25.16743],[87.82656,25.17139],[87.83062,25.17691],[87.82943,25.17965],[87.82605,25.18468],[87.82712,25.1896],[87.83358,25.18701],[87.83528,25.18677],[87.84356,25.18319],[87.84616,25.18493],[87.85043,25.18607],[87.85429,25.18366],[87.85731,25.17944],[87.86507,25.17503],[87.86845,25.17413],[87.86885,25.17359],[87.86859,25.17298],[87.86733,25.17172],[87.86811,25.16921]]]}},{"type":"Feature","bbox":[87.99222,24.90155,88.03191,24.95193],"properties":{"kind":"gp","gp":"Uttar Lakshmipur","block":"Kaliachak-II","lgd":109950},"geometry":{"type":"Polygon","coordinates":[[[88.02859,24.936],[88.02851,24.93538],[88.02986,24.93267],[88.03183,24.92961],[88.03191,24.92561],[88.02723,24.92092],[88.02621,24.91939],[88.0266,24.91906],[88.02541,24.91622],[88.02257,24.9151],[88.01995,24.91529],[88.01813,24.91786],[88.01639,24.91679],[88.01674,24.91424],[88.01199,24.9107],[88.01274,24.9085],[88.01364,24.9075],[88.01433,24.90737],[88.01797,24.90881],[88.01884,24.90488],[88.01986,24.90504],[88.01992,24.90441],[88.02093,24.90367],[88.02117,24.90155],[88.0175,24.90237],[88.01562,24.90406],[88.01406,24.90424],[88.0097,24.90716],[88.00377,24.91223],[88.00321,24.913],[88.00374,24.91398],[88.00151,24.91834],[88.00023,24.91794],[87.99899,24.91964],[87.99789,24.9197],[87.99743,24.91903],[87.99222,24.9202],[88.00012,24.93537],[88.00394,24.93576],[88.00754,24.93715],[88.00757,24.93758],[88.0102,24.93892],[88.01047,24.93949],[88.01191,24.93971],[88.0128,24.94209],[88.01325,24.94775],[88.01382,24.94952],[88.01314,24.9505],[88.01241,24.95053],[88.0129,24.95094],[88.01728,24.95092],[88.01781,24.94984],[88.02104,24.95193],[88.02129,24.95087],[88.02048,24.95033],[88.02253,24.94769],[88.02652,24.94949],[88.02718,24.94898],[88.02292,24.94657],[88.02454,24.94438],[88.02452,24.94333],[88.0238,24.94226],[88.02859,24.936]]]}},{"type":"Feature","bbox":[87.95895,24.90943,88.01382,24.95679],"properties":{"kind":"gp","gp":"Uttar Pachanandapur-Ii","block":"Kaliachak-II","lgd":109951},"geometry":{"type":"Polygon","coordinates":[[[87.98894,24.95518],[87.99872,24.95541],[88.00268,24.95441],[88.0102,24.95184],[88.01314,24.9505],[88.01382,24.94952],[88.01325,24.94775],[88.0128,24.94209],[88.01191,24.93971],[88.01047,24.93949],[88.0102,24.93892],[88.00757,24.93758],[88.00754,24.93715],[88.00394,24.93576],[88.00012,24.93537],[87.99222,24.9202],[87.99743,24.91903],[87.99789,24.9197],[87.99899,24.91964],[87.99965,24.91892],[87.99867,24.91852],[87.99747,24.91704],[87.99785,24.91655],[87.99635,24.91483],[87.99671,24.91307],[87.99523,24.91235],[87.99498,24.91136],[87.99297,24.9103],[87.9925,24.90943],[87.99065,24.90953],[87.98525,24.91419],[87.98106,24.91535],[87.97696,24.91773],[87.96371,24.91984],[87.96061,24.91995],[87.95928,24.91956],[87.96083,24.92208],[87.95948,24.9278],[87.95962,24.92901],[87.9619,24.93216],[87.96283,24.93453],[87.9628,24.93706],[87.96165,24.9429],[87.95895,24.9508],[87.95897,24.95342],[87.96128,24.95379],[87.96239,24.95318],[87.96715,24.95398],[87.96713,24.95356],[87.96842,24.9535],[87.98148,24.95567],[87.98762,24.9562],[87.9883,24.95679],[87.98894,24.95518]]]}},{"type":"Feature","bbox":[87.96128,24.95318,87.9883,24.96073],"properties":{"kind":"gp","gp":"Uttar Panchanandapur-I","block":"Kaliachak-II","lgd":109952},"geometry":{"type":"Polygon","coordinates":[[[87.96128,24.95379],[87.96638,24.95731],[87.97163,24.95841],[87.97845,24.96073],[87.9798,24.95966],[87.98189,24.9606],[87.98235,24.95921],[87.98337,24.95915],[87.9883,24.95679],[87.98762,24.9562],[87.98148,24.95567],[87.96842,24.9535],[87.96713,24.95356],[87.96715,24.95398],[87.96239,24.95318],[87.96128,24.95379]]]}},{"type":"Feature","bbox":[87.83997,25.26945,87.90388,25.32848],"properties":{"kind":"gp","gp":"Valuka","block":"Harishchandrapur-II","lgd":109929},"geometry":{"type":"Polygon","coordinates":[[[87.86606,25.2725],[87.86188,25.26945],[87.86104,25.27126],[87.86241,25.27411],[87.86155,25.27774],[87.86143,25.28142],[87.85721,25.29362],[87.85566,25.29429],[87.85543,25.29689],[87.84848,25.29816],[87.83997,25.30075],[87.84134,25.30162],[87.84245,25.30325],[87.84228,25.3042],[87.84048,25.30566],[87.84191,25.30784],[87.84176,25.30915],[87.84489,25.31209],[87.84612,25.31255],[87.84777,25.31242],[87.84957,25.31317],[87.85514,25.31859],[87.85749,25.31842],[87.85833,25.31927],[87.85929,25.31917],[87.85925,25.31855],[87.86048,25.31838],[87.8603,25.3177],[87.86126,25.31681],[87.86375,25.31753],[87.86882,25.31682],[87.86929,25.31764],[87.86897,25.31839],[87.86628,25.32194],[87.86643,25.32542],[87.87088,25.32561],[87.87057,25.32662],[87.87102,25.32718],[87.87149,25.32668],[87.87301,25.32661],[87.87273,25.32798],[87.88232,25.32793],[87.88286,25.32848],[87.88601,25.32717],[87.88808,25.32717],[87.88915,25.32418],[87.89263,25.32391],[87.89215,25.3184],[87.89301,25.31657],[87.89485,25.31663],[87.89417,25.31446],[87.8961,25.31196],[87.89725,25.312],[87.89844,25.31105],[87.90388,25.30918],[87.89984,25.30067],[87.89695,25.29194],[87.89356,25.28592],[87.89183,25.28385],[87.88924,25.28204],[87.88512,25.28053],[87.88356,25.27936],[87.88011,25.27833],[87.8771,25.27655],[87.87394,25.27588],[87.87155,25.27406],[87.86606,25.2725]]]}}]}