{"type":"FeatureCollection","attribution":"Block and gram panchayat outlines: Survey of India village boundaries with Local Government Directory codes, via INDIAN-SHAPEFILES (MIT). Simplified to about 30 m. Approximate.","features":[{"type":"Feature","bbox":[87.44987,21.74028,87.83767,22.17662],"properties":{"kind":"block","block":"Bhagawanpur-I","lgd":2947},"geometry":{"type":"MultiPolygon","coordinates":[[[[87.44987,21.74318],[87.45092,21.74344],[87.45145,21.74499],[87.45292,21.74567],[87.45315,21.74504],[87.45414,21.74464],[87.45729,21.7455],[87.4608,21.74506],[87.46088,21.7434],[87.4582,21.7421],[87.45518,21.7418],[87.45389,21.74028],[87.452,21.74078],[87.44987,21.74318]]],[[[87.69594,22.03751],[87.69426,22.03829],[87.69087,22.04385],[87.68812,22.04605],[87.68668,22.05149],[87.68626,22.05848],[87.68484,22.06179],[87.68496,22.06282],[87.6839,22.06634],[87.68438,22.06941],[87.68436,22.07777],[87.68528,22.07817],[87.68642,22.08498],[87.68116,22.08534],[87.67646,22.08496],[87.67649,22.0792],[87.67326,22.07802],[87.6714,22.07801],[87.67039,22.08302],[87.6719,22.08398],[87.67511,22.0842],[87.67427,22.09023],[87.67449,22.09401],[87.67387,22.10378],[87.67341,22.10475],[87.6762,22.11021],[87.67758,22.11164],[87.68555,22.11677],[87.69093,22.12238],[87.69874,22.12383],[87.70086,22.12453],[87.70196,22.1257],[87.70354,22.13848],[87.70453,22.14002],[87.70451,22.14372],[87.70519,22.14681],[87.70489,22.15153],[87.70428,22.15272],[87.70832,22.15779],[87.70901,22.16083],[87.70873,22.16473],[87.71403,22.17238],[87.71902,22.17439],[87.72061,22.17448],[87.72605,22.17294],[87.73064,22.17295],[87.7321,22.17389],[87.73276,22.17593],[87.73462,22.17662],[87.74036,22.17511],[87.74284,22.17323],[87.74445,22.174],[87.74626,22.17627],[87.74762,22.17662],[87.75007,22.17384],[87.75083,22.17199],[87.75466,22.1723],[87.75547,22.17184],[87.75675,22.16986],[87.76232,22.16789],[87.7676,22.16761],[87.77074,22.16654],[87.77438,22.16649],[87.77955,22.16414],[87.78205,22.16436],[87.78689,22.16584],[87.79378,22.16621],[87.79875,22.16821],[87.80256,22.16736],[87.80525,22.16571],[87.80813,22.16784],[87.81062,22.16868],[87.81301,22.16785],[87.81382,22.1666],[87.81538,22.16064],[87.81593,22.1594],[87.81667,22.15933],[87.8228,22.16409],[87.82568,22.16473],[87.82711,22.16266],[87.82576,22.1574],[87.82525,22.15689],[87.82292,22.15656],[87.82281,22.1489],[87.82105,22.148],[87.81978,22.1463],[87.81959,22.14504],[87.8157,22.14518],[87.81482,22.1446],[87.81076,22.14538],[87.80087,22.13778],[87.79978,22.13523],[87.79974,22.13125],[87.79902,22.13083],[87.79878,22.1297],[87.79995,22.12648],[87.80008,22.12326],[87.80435,22.12217],[87.80476,22.12139],[87.80348,22.11989],[87.80033,22.11899],[87.80139,22.11762],[87.79875,22.11386],[87.79881,22.11341],[87.80397,22.11417],[87.80454,22.11357],[87.80367,22.10689],[87.80575,22.09961],[87.80403,22.09039],[87.8067,22.09031],[87.80771,22.08907],[87.8062,22.08575],[87.80466,22.08366],[87.80496,22.08167],[87.80786,22.08323],[87.80825,22.08283],[87.80734,22.07339],[87.80775,22.07283],[87.81152,22.07428],[87.81239,22.07286],[87.81469,22.07248],[87.8173,22.0707],[87.81741,22.06591],[87.81699,22.06436],[87.81751,22.06355],[87.81927,22.06334],[87.82002,22.06216],[87.82238,22.06159],[87.82159,22.05738],[87.82165,22.05517],[87.82727,22.05452],[87.82992,22.05339],[87.83301,22.0535],[87.83491,22.05265],[87.83547,22.05094],[87.83512,22.04857],[87.83589,22.04778],[87.83501,22.04468],[87.83703,22.03853],[87.83767,22.03413],[87.83677,22.03375],[87.83676,22.03435],[87.83605,22.03468],[87.83456,22.0345],[87.83224,22.03505],[87.83038,22.03605],[87.83004,22.03549],[87.82874,22.03593],[87.82508,22.03572],[87.82278,22.03706],[87.8214,22.03725],[87.82092,22.03605],[87.82177,22.03349],[87.82128,22.03046],[87.82164,22.02761],[87.82125,22.02737],[87.81998,22.02861],[87.81937,22.02429],[87.81822,22.02414],[87.80874,22.0285],[87.80425,22.02911],[87.80129,22.03145],[87.79157,22.03478],[87.78873,22.03507],[87.78886,22.03306],[87.79258,22.03094],[87.79712,22.03073],[87.79962,22.02987],[87.7992,22.02777],[87.79733,22.02751],[87.79661,22.0255],[87.79588,22.02549],[87.79527,22.02427],[87.79409,22.02462],[87.79323,22.02201],[87.79354,22.02004],[87.79291,22.01952],[87.7931,22.01858],[87.79195,22.0165],[87.79201,22.01493],[87.78983,22.00843],[87.78878,22.0066],[87.78791,22.00607],[87.7805,22.00669],[87.77355,22.00666],[87.76586,22.00959],[87.76069,22.01054],[87.75979,22.00854],[87.75106,22.0113],[87.74505,22.01158],[87.7449,22.01453],[87.74601,22.01479],[87.74527,22.01682],[87.74537,22.01908],[87.74835,22.0201],[87.74982,22.01967],[87.74895,22.01478],[87.75159,22.01483],[87.75275,22.01592],[87.75292,22.02006],[87.75406,22.02071],[87.75355,22.02163],[87.75386,22.02441],[87.75629,22.02939],[87.75687,22.03662],[87.75581,22.03876],[87.7567,22.04285],[87.75268,22.04376],[87.7508,22.04925],[87.75318,22.05043],[87.75523,22.05334],[87.75494,22.05384],[87.75373,22.05369],[87.75327,22.05429],[87.75065,22.05473],[87.75054,22.05587],[87.75253,22.06235],[87.7512,22.06251],[87.75075,22.06329],[87.75072,22.06629],[87.74737,22.06787],[87.7473,22.06855],[87.74201,22.06927],[87.73837,22.06925],[87.73637,22.06978],[87.73468,22.06346],[87.73233,22.061],[87.73047,22.05727],[87.72831,22.05867],[87.72554,22.0589],[87.72549,22.05991],[87.72303,22.05946],[87.72286,22.05659],[87.72144,22.05643],[87.72167,22.05582],[87.71366,22.05594],[87.70673,22.05691],[87.70517,22.05643],[87.70401,22.05415],[87.70638,22.04709],[87.70604,22.0428],[87.70431,22.04172],[87.70198,22.04182],[87.69944,22.04342],[87.69859,22.04348],[87.697,22.04157],[87.69664,22.03838],[87.69594,22.03751]]]]}},{"type":"Feature","bbox":[87.64647,21.90183,87.86165,22.06978],"properties":{"kind":"block","block":"Bhagawanpur-II","lgd":2948},"geometry":{"type":"Polygon","coordinates":[[[87.67405,21.90847],[87.67256,21.90932],[87.67071,21.91206],[87.67007,21.91385],[87.66997,21.92124],[87.67162,21.9254],[87.6732,21.92649],[87.6787,21.92765],[87.67991,21.92834],[87.68028,21.9291],[87.68049,21.93962],[87.67938,21.95194],[87.68113,21.95881],[87.68147,21.96274],[87.67837,21.96825],[87.67693,21.98377],[87.67503,21.99503],[87.67261,21.99921],[87.66384,22.00005],[87.66155,22.00257],[87.65865,22.00346],[87.65358,22.00319],[87.65269,22.00366],[87.65148,22.00648],[87.65229,22.00895],[87.65233,22.01411],[87.65374,22.01424],[87.65483,22.01522],[87.65662,22.01551],[87.65768,22.01832],[87.65716,22.02025],[87.65488,22.02324],[87.65495,22.02031],[87.65325,22.01853],[87.65144,22.01903],[87.6496,22.01882],[87.64815,22.02106],[87.64653,22.02717],[87.64647,22.02917],[87.64759,22.0329],[87.64832,22.03337],[87.65434,22.03232],[87.65341,22.03493],[87.65106,22.03472],[87.64824,22.03543],[87.64995,22.04332],[87.64871,22.04463],[87.64979,22.04547],[87.65577,22.04416],[87.65636,22.0501],[87.65922,22.04882],[87.66126,22.04941],[87.66714,22.04941],[87.6678,22.05008],[87.66799,22.05128],[87.66739,22.05462],[87.67007,22.05758],[87.67085,22.05789],[87.67273,22.05748],[87.67592,22.0584],[87.67709,22.06253],[87.68308,22.06257],[87.68484,22.06179],[87.68552,22.06092],[87.68666,22.05591],[87.68668,22.05149],[87.68812,22.04605],[87.69087,22.04385],[87.69426,22.03829],[87.69594,22.03751],[87.69664,22.03838],[87.697,22.04157],[87.69859,22.04348],[87.69944,22.04342],[87.70198,22.04182],[87.70431,22.04172],[87.70604,22.0428],[87.70638,22.04709],[87.70401,22.05415],[87.70517,22.05643],[87.70673,22.05691],[87.71366,22.05594],[87.72167,22.05582],[87.72144,22.05643],[87.72286,22.05659],[87.72303,22.05946],[87.72549,22.05991],[87.72554,22.0589],[87.72831,22.05867],[87.73047,22.05727],[87.73233,22.061],[87.73468,22.06346],[87.73637,22.06978],[87.73837,22.06925],[87.74201,22.06927],[87.7473,22.06855],[87.74737,22.06787],[87.75072,22.06629],[87.75075,22.06329],[87.7512,22.06251],[87.75253,22.06235],[87.75054,22.05587],[87.75065,22.05473],[87.75327,22.05429],[87.75373,22.05369],[87.75494,22.05384],[87.75523,22.05334],[87.75318,22.05043],[87.7508,22.04925],[87.75268,22.04376],[87.7567,22.04285],[87.75581,22.03876],[87.75687,22.03662],[87.75629,22.02939],[87.75386,22.02441],[87.75355,22.02163],[87.75406,22.02071],[87.75292,22.02006],[87.75275,22.01592],[87.75159,22.01483],[87.74895,22.01478],[87.74982,22.01967],[87.74835,22.0201],[87.74537,22.01908],[87.74527,22.01682],[87.74601,22.01479],[87.7449,22.01453],[87.74505,22.01158],[87.75106,22.0113],[87.75979,22.00854],[87.76069,22.01054],[87.76586,22.00959],[87.77355,22.00666],[87.7805,22.00669],[87.78791,22.00607],[87.78878,22.0066],[87.78983,22.00843],[87.79201,22.01493],[87.79195,22.0165],[87.7931,22.01858],[87.79291,22.01952],[87.79354,22.02004],[87.79323,22.02201],[87.79409,22.02462],[87.79527,22.02427],[87.79588,22.02549],[87.79661,22.0255],[87.79733,22.02751],[87.7992,22.02777],[87.79962,22.02987],[87.79712,22.03073],[87.79258,22.03094],[87.78886,22.03306],[87.78873,22.03507],[87.79157,22.03478],[87.80129,22.03145],[87.80425,22.02911],[87.80874,22.0285],[87.81822,22.02414],[87.81937,22.02429],[87.81998,22.02861],[87.82125,22.02737],[87.82164,22.02761],[87.82128,22.03046],[87.82177,22.03349],[87.82092,22.03605],[87.8214,22.03725],[87.82278,22.03706],[87.82508,22.03572],[87.82874,22.03593],[87.83004,22.03549],[87.83038,22.03605],[87.83224,22.03505],[87.83456,22.0345],[87.83605,22.03468],[87.83676,22.03435],[87.83677,22.03375],[87.83767,22.03413],[87.8376,22.03255],[87.83895,22.03064],[87.83881,22.02874],[87.83932,22.0279],[87.8403,22.02747],[87.84388,22.02873],[87.84683,22.0289],[87.85134,22.0301],[87.8569,22.03272],[87.86165,22.0336],[87.86126,22.03133],[87.8598,22.02954],[87.85993,22.02782],[87.85949,22.02704],[87.85718,22.02739],[87.85585,22.02673],[87.85563,22.02552],[87.85654,22.02349],[87.85632,22.02205],[87.85452,22.01997],[87.8543,22.01622],[87.85337,22.01472],[87.85125,22.01371],[87.85052,22.01216],[87.85037,22.00946],[87.84869,22.00799],[87.84566,22.00681],[87.8452,22.00591],[87.84536,22.00495],[87.84456,22.00435],[87.8421,22.00395],[87.84171,22.00534],[87.84036,22.00521],[87.83995,22.00298],[87.83753,22.00267],[87.8358,22.00171],[87.83597,22.00372],[87.83496,22.00444],[87.83429,22.00447],[87.83424,22.00363],[87.83372,22.00369],[87.83366,22.00232],[87.83175,22.00335],[87.82898,22.00274],[87.82784,22.00403],[87.8275,22.00358],[87.82614,22.00405],[87.82601,22.00587],[87.82456,22.00638],[87.82425,22.00573],[87.82534,22.00567],[87.82539,22.00514],[87.82364,22.0052],[87.82364,22.00436],[87.82459,22.00349],[87.82566,22.00335],[87.82558,22.00251],[87.82372,22.0031],[87.82358,22.00378],[87.82275,22.00376],[87.82267,22.00248],[87.82136,22.00237],[87.81433,22.00326],[87.81185,22.00205],[87.81134,22.00097],[87.81176,22.00036],[87.80806,21.99711],[87.80351,21.99614],[87.80281,21.99443],[87.80157,21.99303],[87.80061,21.99028],[87.79951,21.98952],[87.79852,21.98706],[87.79319,21.98543],[87.79257,21.98424],[87.7908,21.98398],[87.78616,21.98498],[87.78337,21.98506],[87.78291,21.98246],[87.78322,21.98099],[87.78884,21.97871],[87.78728,21.97698],[87.77978,21.9744],[87.77803,21.97437],[87.77383,21.97664],[87.76959,21.97674],[87.76956,21.97622],[87.76564,21.97677],[87.76556,21.97625],[87.76451,21.9763],[87.76396,21.97289],[87.76292,21.97294],[87.76259,21.97255],[87.76168,21.9698],[87.76116,21.96947],[87.76109,21.96734],[87.76015,21.96662],[87.757,21.96679],[87.75333,21.9654],[87.75268,21.9655],[87.75266,21.96666],[87.7517,21.96741],[87.7477,21.96727],[87.74781,21.95392],[87.74975,21.95126],[87.74996,21.94961],[87.75095,21.94863],[87.7527,21.9479],[87.75392,21.9465],[87.75256,21.9412],[87.7538,21.93849],[87.75582,21.93727],[87.75602,21.93627],[87.75426,21.93292],[87.75429,21.93152],[87.75698,21.93057],[87.75863,21.92902],[87.75715,21.92595],[87.75731,21.92518],[87.76038,21.92386],[87.7615,21.91989],[87.76257,21.91943],[87.76622,21.92122],[87.76981,21.9194],[87.77432,21.91876],[87.77662,21.91654],[87.77327,21.91623],[87.77153,21.91709],[87.76785,21.91586],[87.75698,21.91744],[87.75108,21.91673],[87.74354,21.91956],[87.74057,21.92022],[87.73768,21.91979],[87.73286,21.91637],[87.73127,21.91624],[87.72662,21.91698],[87.7244,21.91863],[87.7226,21.91921],[87.71741,21.91892],[87.71182,21.91924],[87.70957,21.91888],[87.70552,21.91682],[87.70351,21.91656],[87.70029,21.91698],[87.69953,21.91205],[87.69901,21.9113],[87.69896,21.90803],[87.6976,21.90534],[87.695,21.9052],[87.69439,21.90196],[87.68836,21.90183],[87.68899,21.90319],[87.68877,21.90379],[87.68715,21.90363],[87.68689,21.90459],[87.68414,21.90269],[87.68475,21.90687],[87.68367,21.90795],[87.68268,21.90838],[87.67405,21.90847]]]}},{"type":"Feature","bbox":[87.79875,22.0275,87.95477,22.16493],"properties":{"kind":"block","block":"Chandipur","lgd":2949},"geometry":{"type":"Polygon","coordinates":[[[87.82727,22.05452],[87.82165,22.05517],[87.82159,22.05738],[87.82238,22.06159],[87.82002,22.06216],[87.81927,22.06334],[87.81751,22.06355],[87.81699,22.06436],[87.81741,22.06591],[87.8173,22.0707],[87.81469,22.07248],[87.81239,22.07286],[87.81152,22.07428],[87.80775,22.07283],[87.80734,22.07339],[87.80825,22.08283],[87.80786,22.08323],[87.80496,22.08167],[87.80466,22.08366],[87.8062,22.08575],[87.80771,22.08907],[87.8067,22.09031],[87.80403,22.09039],[87.80575,22.09961],[87.80367,22.10689],[87.80454,22.11357],[87.80397,22.11417],[87.79881,22.11341],[87.79875,22.11386],[87.80139,22.11762],[87.80033,22.11899],[87.80348,22.11989],[87.80476,22.12139],[87.80435,22.12217],[87.80008,22.12326],[87.79995,22.12648],[87.79878,22.1297],[87.79902,22.13083],[87.79974,22.13125],[87.79978,22.13523],[87.80142,22.13849],[87.81076,22.14538],[87.81482,22.1446],[87.8157,22.14518],[87.81912,22.14481],[87.82105,22.148],[87.82281,22.1489],[87.82292,22.15656],[87.82525,22.15689],[87.82576,22.1574],[87.82711,22.16266],[87.82568,22.16473],[87.82471,22.16473],[87.82583,22.16493],[87.82962,22.16327],[87.83409,22.16251],[87.84342,22.16216],[87.84848,22.16369],[87.85165,22.16292],[87.85564,22.15965],[87.86301,22.15668],[87.86477,22.15546],[87.8692,22.14925],[87.87345,22.14509],[87.88416,22.141],[87.89196,22.13413],[87.89818,22.13119],[87.90913,22.12995],[87.91096,22.12922],[87.91089,22.12847],[87.91593,22.12729],[87.92577,22.12309],[87.93646,22.11717],[87.94792,22.10799],[87.94911,22.10608],[87.95477,22.10034],[87.95298,22.09863],[87.95217,22.09701],[87.94941,22.09574],[87.94263,22.09662],[87.94198,22.09571],[87.9432,22.09283],[87.94156,22.08734],[87.93706,22.08684],[87.93462,22.08775],[87.93226,22.08782],[87.93025,22.08613],[87.93036,22.0871],[87.92938,22.08827],[87.92742,22.08886],[87.92512,22.08869],[87.92364,22.08795],[87.9229,22.08567],[87.92311,22.08275],[87.9219,22.07761],[87.92208,22.07613],[87.92174,22.07504],[87.92007,22.07411],[87.92137,22.07364],[87.92167,22.07214],[87.9197,22.07246],[87.9159,22.07167],[87.91216,22.06896],[87.911,22.0673],[87.90491,22.0671],[87.90383,22.06715],[87.90368,22.06765],[87.90073,22.06759],[87.90008,22.06494],[87.89884,22.06484],[87.89811,22.06222],[87.8957,22.06231],[87.89454,22.06348],[87.89404,22.06789],[87.89245,22.06888],[87.88807,22.06595],[87.88583,22.06332],[87.88187,22.06248],[87.87789,22.05926],[87.8784,22.05672],[87.87799,22.05576],[87.8748,22.05459],[87.87282,22.05292],[87.8687,22.04382],[87.86802,22.04109],[87.86732,22.03355],[87.86138,22.03361],[87.85895,22.03316],[87.84776,22.02909],[87.84388,22.02873],[87.84086,22.0275],[87.83932,22.0279],[87.83881,22.02874],[87.83895,22.03064],[87.8376,22.03255],[87.8377,22.03538],[87.83703,22.03853],[87.83501,22.04468],[87.83589,22.04778],[87.83512,22.04857],[87.83533,22.05202],[87.83426,22.05315],[87.83301,22.0535],[87.82992,22.05339],[87.82727,22.05452]]]}},{"type":"Feature","bbox":[87.60393,21.67004,87.78542,21.83905],"properties":{"kind":"block","block":"Contai-I","lgd":2950},"geometry":{"type":"Polygon","coordinates":[[[87.66752,21.72202],[87.65846,21.72187],[87.65458,21.72037],[87.64837,21.72063],[87.64781,21.72137],[87.6522,21.73104],[87.65588,21.7361],[87.65693,21.73676],[87.66067,21.73703],[87.66409,21.73898],[87.65739,21.74507],[87.65475,21.74815],[87.65231,21.74963],[87.64642,21.74934],[87.64439,21.75083],[87.64449,21.75938],[87.6439,21.76343],[87.64516,21.76382],[87.6456,21.76571],[87.64485,21.76811],[87.64277,21.76891],[87.63742,21.76862],[87.63349,21.77],[87.62931,21.77233],[87.62812,21.77556],[87.62721,21.77621],[87.62432,21.77626],[87.62114,21.77725],[87.61532,21.78052],[87.61064,21.7809],[87.60393,21.78054],[87.60513,21.78243],[87.60503,21.78653],[87.61085,21.78654],[87.61773,21.78803],[87.61949,21.79437],[87.61963,21.79535],[87.61367,21.80139],[87.61279,21.8045],[87.6131,21.807],[87.60917,21.80781],[87.60993,21.80926],[87.61128,21.8104],[87.61537,21.81137],[87.61853,21.81159],[87.62379,21.8103],[87.62494,21.80897],[87.62618,21.8024],[87.62999,21.79978],[87.63188,21.79962],[87.63498,21.80091],[87.63822,21.80399],[87.6428,21.81314],[87.64871,21.81534],[87.6518,21.81896],[87.65425,21.82038],[87.65703,21.8186],[87.65886,21.8182],[87.66173,21.8186],[87.66317,21.81764],[87.66374,21.81799],[87.66495,21.82255],[87.66626,21.82531],[87.66816,21.82499],[87.66823,21.82582],[87.66983,21.82751],[87.66993,21.82883],[87.67062,21.82877],[87.67134,21.82979],[87.6707,21.83261],[87.67206,21.83369],[87.67234,21.83845],[87.67317,21.83905],[87.67446,21.83836],[87.67616,21.83616],[87.68013,21.83589],[87.68489,21.8345],[87.68606,21.83403],[87.68725,21.83248],[87.68783,21.83073],[87.6863,21.82914],[87.68594,21.82632],[87.68676,21.82517],[87.68721,21.82277],[87.69171,21.81941],[87.69259,21.81767],[87.69175,21.81223],[87.69031,21.80998],[87.68971,21.81005],[87.68934,21.80931],[87.69052,21.80719],[87.69289,21.80636],[87.69541,21.80356],[87.69963,21.8011],[87.70179,21.80217],[87.70839,21.80207],[87.71253,21.79976],[87.71556,21.79884],[87.71611,21.79571],[87.7194,21.79036],[87.71931,21.78907],[87.71855,21.78861],[87.71866,21.78804],[87.71781,21.78685],[87.71856,21.78462],[87.71771,21.77835],[87.71794,21.77729],[87.71939,21.77735],[87.71953,21.77801],[87.72096,21.77805],[87.72184,21.7772],[87.72345,21.77357],[87.72375,21.77024],[87.72452,21.76958],[87.7247,21.76668],[87.7253,21.7665],[87.72595,21.76501],[87.72682,21.76009],[87.72903,21.75987],[87.73136,21.75727],[87.73314,21.75706],[87.73378,21.75622],[87.73468,21.75838],[87.73288,21.75903],[87.73302,21.75998],[87.73161,21.76078],[87.7316,21.76161],[87.733,21.76375],[87.73713,21.76295],[87.73796,21.76386],[87.73894,21.76393],[87.73884,21.76226],[87.74036,21.76138],[87.74614,21.76092],[87.74704,21.76327],[87.74699,21.76523],[87.74546,21.76659],[87.74474,21.76665],[87.74445,21.7659],[87.74397,21.76585],[87.74352,21.76704],[87.74245,21.76717],[87.74298,21.76814],[87.7423,21.77061],[87.74251,21.77207],[87.7414,21.77429],[87.74224,21.77661],[87.74622,21.77801],[87.74653,21.77897],[87.74376,21.77781],[87.74374,21.77915],[87.74624,21.77926],[87.74717,21.77987],[87.74639,21.78172],[87.74717,21.78238],[87.75023,21.7817],[87.74978,21.7806],[87.75044,21.7801],[87.75073,21.77906],[87.75517,21.78],[87.75593,21.77945],[87.75618,21.77847],[87.75671,21.77926],[87.75951,21.77977],[87.76062,21.7805],[87.76186,21.7807],[87.76242,21.77926],[87.76445,21.779],[87.7685,21.78124],[87.77304,21.78173],[87.77202,21.77998],[87.77193,21.77842],[87.77262,21.77633],[87.77535,21.77558],[87.77466,21.77424],[87.77385,21.77432],[87.77373,21.7717],[87.77633,21.77144],[87.77742,21.77048],[87.77852,21.77118],[87.77943,21.7706],[87.77901,21.76774],[87.78133,21.76476],[87.78295,21.76109],[87.78224,21.76004],[87.78097,21.76064],[87.77995,21.76],[87.77893,21.7604],[87.77821,21.7599],[87.77852,21.75554],[87.77782,21.75397],[87.77577,21.7545],[87.77488,21.75328],[87.77082,21.75159],[87.77277,21.74894],[87.77393,21.7485],[87.77458,21.74865],[87.77528,21.75007],[87.77754,21.75128],[87.77971,21.74941],[87.78099,21.74961],[87.78005,21.74506],[87.77701,21.74537],[87.77658,21.74191],[87.77658,21.74058],[87.77952,21.73985],[87.77933,21.73594],[87.77473,21.73545],[87.77221,21.73269],[87.77234,21.73158],[87.76926,21.72987],[87.76877,21.72921],[87.76899,21.72653],[87.76823,21.72379],[87.76721,21.72373],[87.76641,21.72197],[87.76455,21.72078],[87.76467,21.71957],[87.76341,21.71836],[87.76412,21.71604],[87.764,21.71461],[87.76581,21.71272],[87.76732,21.71285],[87.7677,21.71202],[87.76751,21.71035],[87.76851,21.70924],[87.76994,21.70859],[87.77486,21.70761],[87.77673,21.71333],[87.77619,21.71429],[87.77419,21.715],[87.77475,21.71637],[87.77529,21.71639],[87.77619,21.71466],[87.78042,21.71095],[87.78091,21.70886],[87.78033,21.70725],[87.78075,21.70613],[87.78404,21.70527],[87.78542,21.69419],[87.7734,21.69385],[87.76968,21.69416],[87.76169,21.69793],[87.76041,21.70171],[87.75882,21.69898],[87.7568,21.69811],[87.75182,21.69954],[87.75336,21.69997],[87.75613,21.6993],[87.75741,21.69976],[87.75746,21.70023],[87.75324,21.70026],[87.75112,21.6994],[87.7497,21.70003],[87.74802,21.69928],[87.74699,21.69978],[87.74499,21.69653],[87.74374,21.69604],[87.74681,21.69464],[87.74804,21.69344],[87.74823,21.69071],[87.7477,21.6889],[87.74329,21.68447],[87.73721,21.68152],[87.73261,21.68082],[87.73227,21.68002],[87.73329,21.67956],[87.73656,21.68012],[87.73907,21.6811],[87.73954,21.68073],[87.73711,21.6782],[87.73314,21.67546],[87.72285,21.67004],[87.72034,21.6718],[87.71882,21.6744],[87.71105,21.68],[87.70854,21.68118],[87.70392,21.68222],[87.70329,21.68377],[87.70048,21.68503],[87.7001,21.6868],[87.70051,21.68786],[87.69759,21.68847],[87.69471,21.68634],[87.69285,21.68638],[87.69205,21.68694],[87.69217,21.69315],[87.69398,21.69585],[87.69374,21.69767],[87.69559,21.70158],[87.69429,21.70268],[87.69436,21.70371],[87.69134,21.70256],[87.68973,21.70335],[87.69001,21.70772],[87.68827,21.71193],[87.68581,21.7149],[87.68385,21.71657],[87.68147,21.71213],[87.67904,21.71369],[87.68061,21.71781],[87.67575,21.71818],[87.67312,21.71889],[87.6712,21.72069],[87.66752,21.72202]]]}},{"type":"Feature","bbox":[87.63003,21.75622,87.81791,21.92038],"properties":{"kind":"block","block":"Contai-III","lgd":2951},"geometry":{"type":"Polygon","coordinates":[[[87.66173,21.8186],[87.65886,21.8182],[87.65703,21.8186],[87.65425,21.82038],[87.65065,21.81807],[87.64871,21.81534],[87.6428,21.81314],[87.6439,21.8173],[87.64361,21.82271],[87.64289,21.82624],[87.64153,21.82868],[87.63907,21.82994],[87.63607,21.83029],[87.63223,21.83262],[87.63003,21.83534],[87.63014,21.83638],[87.63338,21.84013],[87.63439,21.8439],[87.63418,21.84545],[87.63081,21.84875],[87.63078,21.84954],[87.63454,21.85613],[87.63556,21.85704],[87.63755,21.85773],[87.65266,21.85902],[87.65499,21.85977],[87.6561,21.8605],[87.65739,21.86267],[87.6582,21.86725],[87.65914,21.8678],[87.66409,21.86651],[87.66909,21.86742],[87.66986,21.86849],[87.67216,21.86884],[87.67563,21.87071],[87.67803,21.87326],[87.68049,21.8749],[87.68295,21.8789],[87.68447,21.88],[87.68649,21.87953],[87.68696,21.88006],[87.68673,21.88073],[87.68282,21.88322],[87.68235,21.88442],[87.68242,21.88838],[87.68414,21.90269],[87.68689,21.90459],[87.68715,21.90363],[87.68877,21.90379],[87.68899,21.90319],[87.68836,21.90183],[87.69439,21.90196],[87.695,21.9052],[87.6976,21.90534],[87.69896,21.90803],[87.69901,21.9113],[87.69953,21.91205],[87.70029,21.91698],[87.70351,21.91656],[87.70552,21.91682],[87.70957,21.91888],[87.71182,21.91924],[87.71741,21.91892],[87.72123,21.91934],[87.7244,21.91863],[87.72662,21.91698],[87.73127,21.91624],[87.73286,21.91637],[87.73768,21.91979],[87.74057,21.92022],[87.74354,21.91956],[87.75108,21.91673],[87.75698,21.91744],[87.76785,21.91586],[87.77153,21.91709],[87.77327,21.91623],[87.77575,21.91636],[87.78134,21.9179],[87.78771,21.91893],[87.80184,21.92038],[87.8082,21.91899],[87.80978,21.91782],[87.81122,21.91584],[87.81167,21.91293],[87.81351,21.91101],[87.81791,21.90928],[87.81615,21.90668],[87.8138,21.90483],[87.81061,21.90404],[87.80452,21.90078],[87.79716,21.89986],[87.7958,21.89785],[87.79479,21.89787],[87.79325,21.89327],[87.79157,21.89316],[87.79122,21.8923],[87.7903,21.89258],[87.78952,21.89106],[87.78711,21.88889],[87.78486,21.88479],[87.78409,21.88281],[87.78431,21.88162],[87.78376,21.87876],[87.78482,21.87676],[87.78248,21.87364],[87.78195,21.87085],[87.78054,21.86804],[87.77888,21.86831],[87.77655,21.86684],[87.7755,21.86732],[87.77404,21.86209],[87.77621,21.86115],[87.77537,21.85923],[87.77574,21.85765],[87.77547,21.85655],[87.77438,21.85508],[87.77429,21.8538],[87.7754,21.85372],[87.77565,21.85322],[87.78326,21.8524],[87.78579,21.85113],[87.78795,21.85083],[87.78864,21.84943],[87.7923,21.84852],[87.79291,21.84769],[87.79256,21.84394],[87.79768,21.84303],[87.79881,21.84221],[87.79804,21.83976],[87.79731,21.83914],[87.79525,21.83883],[87.7973,21.83702],[87.79794,21.83535],[87.79887,21.83492],[87.79938,21.83386],[87.79924,21.83292],[87.79867,21.83154],[87.79749,21.83228],[87.79578,21.83241],[87.79211,21.83016],[87.7903,21.83056],[87.78643,21.83278],[87.78584,21.82787],[87.78658,21.82421],[87.78757,21.82378],[87.78741,21.82306],[87.78519,21.82302],[87.78358,21.82441],[87.78069,21.82479],[87.78024,21.83],[87.77746,21.83022],[87.77602,21.82799],[87.77491,21.82805],[87.77503,21.82451],[87.77306,21.82085],[87.76944,21.82004],[87.76781,21.82016],[87.76592,21.81543],[87.76418,21.81417],[87.75978,21.80884],[87.7586,21.80901],[87.75849,21.80791],[87.75644,21.80475],[87.75611,21.80253],[87.75492,21.80092],[87.75577,21.7995],[87.7567,21.79934],[87.75771,21.79982],[87.75807,21.79915],[87.75981,21.79849],[87.76047,21.79438],[87.76384,21.79272],[87.76299,21.79056],[87.76057,21.79091],[87.75993,21.79258],[87.75472,21.79289],[87.75456,21.79023],[87.75575,21.78609],[87.75629,21.78549],[87.76052,21.78492],[87.76062,21.7805],[87.75951,21.77977],[87.75671,21.77926],[87.75618,21.77847],[87.75593,21.77945],[87.75517,21.78],[87.75073,21.77906],[87.75044,21.7801],[87.74978,21.7806],[87.75023,21.7817],[87.74717,21.78238],[87.74639,21.78172],[87.74717,21.77987],[87.74624,21.77926],[87.74374,21.77915],[87.74376,21.77781],[87.74653,21.77897],[87.74622,21.77801],[87.74224,21.77661],[87.7414,21.77429],[87.74251,21.77207],[87.7423,21.77061],[87.74298,21.76814],[87.74245,21.76717],[87.74352,21.76704],[87.74397,21.76585],[87.74445,21.7659],[87.74474,21.76665],[87.74673,21.76578],[87.74704,21.76327],[87.74614,21.76092],[87.74036,21.76138],[87.73884,21.76226],[87.73894,21.76393],[87.73796,21.76386],[87.73713,21.76295],[87.733,21.76375],[87.7316,21.76161],[87.73161,21.76078],[87.73302,21.75998],[87.73288,21.75903],[87.73468,21.75838],[87.73378,21.75622],[87.73314,21.75706],[87.73136,21.75727],[87.72903,21.75987],[87.72682,21.76009],[87.72595,21.76501],[87.7253,21.7665],[87.7247,21.76668],[87.72452,21.76958],[87.72375,21.77024],[87.72345,21.77357],[87.72184,21.7772],[87.72096,21.77805],[87.71953,21.77801],[87.71939,21.77735],[87.71794,21.77729],[87.71771,21.77835],[87.71856,21.78462],[87.71781,21.78685],[87.71866,21.78804],[87.71855,21.78861],[87.71931,21.78907],[87.7194,21.79036],[87.71611,21.79571],[87.71556,21.79884],[87.71253,21.79976],[87.70839,21.80207],[87.70179,21.80217],[87.69963,21.8011],[87.69541,21.80356],[87.69289,21.80636],[87.69096,21.80683],[87.69003,21.80794],[87.68934,21.80931],[87.68971,21.81005],[87.69031,21.80998],[87.69175,21.81223],[87.69259,21.81767],[87.69171,21.81941],[87.68721,21.82277],[87.68676,21.82517],[87.68594,21.82632],[87.68602,21.82769],[87.6863,21.82914],[87.68783,21.83073],[87.68725,21.83248],[87.68606,21.83403],[87.68013,21.83589],[87.67616,21.83616],[87.67446,21.83836],[87.67317,21.83905],[87.67234,21.83845],[87.67206,21.83369],[87.6707,21.83261],[87.67134,21.82979],[87.67062,21.82877],[87.66993,21.82883],[87.66983,21.82751],[87.66823,21.82582],[87.66816,21.82499],[87.66626,21.82531],[87.66495,21.82255],[87.66374,21.81799],[87.66317,21.81764],[87.66173,21.8186]]]}},{"type":"Feature","bbox":[87.75456,21.69419,87.8855,21.91317],"properties":{"kind":"block","block":"Deshapran","lgd":2952},"geometry":{"type":"Polygon","coordinates":[[[87.78075,21.70613],[87.78033,21.70725],[87.78091,21.70886],[87.78042,21.71095],[87.77619,21.71466],[87.77529,21.71639],[87.77475,21.71637],[87.77419,21.715],[87.77619,21.71429],[87.77673,21.71333],[87.77637,21.71145],[87.77486,21.70761],[87.77352,21.70776],[87.76851,21.70924],[87.76751,21.71035],[87.7677,21.71202],[87.76732,21.71285],[87.76581,21.71272],[87.764,21.71461],[87.76412,21.71604],[87.76341,21.71836],[87.76467,21.71957],[87.76455,21.72078],[87.76641,21.72197],[87.76721,21.72373],[87.76823,21.72379],[87.76899,21.72653],[87.76877,21.72921],[87.76926,21.72987],[87.77234,21.73158],[87.77221,21.73269],[87.77473,21.73545],[87.77933,21.73594],[87.77952,21.73985],[87.77658,21.74058],[87.77658,21.74191],[87.77701,21.74537],[87.78005,21.74506],[87.78099,21.74961],[87.77971,21.74941],[87.77754,21.75128],[87.77528,21.75007],[87.77458,21.74865],[87.77393,21.7485],[87.77277,21.74894],[87.77082,21.75159],[87.77488,21.75328],[87.77577,21.7545],[87.77782,21.75397],[87.77852,21.75554],[87.77821,21.7599],[87.77893,21.7604],[87.77995,21.76],[87.78097,21.76064],[87.78224,21.76004],[87.78295,21.76109],[87.78133,21.76476],[87.77901,21.76774],[87.77943,21.76858],[87.77921,21.77107],[87.77852,21.77118],[87.77742,21.77048],[87.77633,21.77144],[87.77373,21.7717],[87.77385,21.77432],[87.77466,21.77424],[87.77535,21.77558],[87.77262,21.77633],[87.77193,21.77842],[87.77202,21.77998],[87.77304,21.78173],[87.7685,21.78124],[87.76445,21.779],[87.7633,21.77891],[87.76242,21.77926],[87.76186,21.7807],[87.76062,21.7805],[87.76052,21.78492],[87.75629,21.78549],[87.75575,21.78609],[87.75456,21.79023],[87.75472,21.79289],[87.75993,21.79258],[87.76057,21.79091],[87.76299,21.79056],[87.76384,21.79272],[87.76047,21.79438],[87.75981,21.79849],[87.75807,21.79915],[87.75771,21.79982],[87.7567,21.79934],[87.75577,21.7995],[87.75492,21.80092],[87.75611,21.80253],[87.75644,21.80475],[87.75849,21.80791],[87.7586,21.80901],[87.75978,21.80884],[87.76418,21.81417],[87.76592,21.81543],[87.76781,21.82016],[87.76944,21.82004],[87.77306,21.82085],[87.77503,21.82451],[87.77491,21.82805],[87.77602,21.82799],[87.77746,21.83022],[87.78024,21.83],[87.78069,21.82479],[87.78358,21.82441],[87.78519,21.82302],[87.78741,21.82306],[87.78757,21.82378],[87.78658,21.82421],[87.78584,21.82787],[87.78643,21.83278],[87.7903,21.83056],[87.79211,21.83016],[87.79578,21.83241],[87.79749,21.83228],[87.79867,21.83154],[87.79924,21.83292],[87.79938,21.83386],[87.79887,21.83492],[87.79794,21.83535],[87.7973,21.83702],[87.79525,21.83883],[87.79731,21.83914],[87.79804,21.83976],[87.79881,21.84221],[87.79768,21.84303],[87.79256,21.84394],[87.79291,21.84769],[87.7923,21.84852],[87.78864,21.84943],[87.78795,21.85083],[87.78579,21.85113],[87.78326,21.8524],[87.77565,21.85322],[87.7754,21.85372],[87.77429,21.8538],[87.77438,21.85508],[87.77547,21.85655],[87.77574,21.85765],[87.77537,21.85923],[87.77621,21.86115],[87.77404,21.86209],[87.77463,21.86506],[87.7755,21.86732],[87.77655,21.86684],[87.77888,21.86831],[87.78054,21.86804],[87.78195,21.87085],[87.78248,21.87364],[87.78482,21.87676],[87.78376,21.87876],[87.78431,21.88162],[87.78409,21.88281],[87.78711,21.88889],[87.78952,21.89106],[87.7903,21.89258],[87.79122,21.8923],[87.79157,21.89316],[87.79325,21.89327],[87.79479,21.89787],[87.7958,21.89785],[87.79716,21.89986],[87.80452,21.90078],[87.81061,21.90404],[87.8138,21.90483],[87.81615,21.90668],[87.81791,21.90928],[87.8202,21.90953],[87.82405,21.91229],[87.8304,21.91317],[87.83758,21.90831],[87.83804,21.90752],[87.83863,21.90365],[87.83838,21.89816],[87.83923,21.89596],[87.84058,21.89458],[87.84186,21.8936],[87.84686,21.89199],[87.85689,21.89118],[87.86023,21.88936],[87.86137,21.8882],[87.86285,21.88411],[87.8626,21.88197],[87.85985,21.87719],[87.85885,21.87417],[87.85763,21.87407],[87.85881,21.8704],[87.86215,21.86784],[87.86438,21.86711],[87.86652,21.86705],[87.87047,21.868],[87.87364,21.86734],[87.87633,21.86619],[87.87787,21.86482],[87.87852,21.86302],[87.87841,21.86035],[87.87497,21.85116],[87.874,21.83659],[87.87174,21.83614],[87.86819,21.83182],[87.86748,21.83167],[87.86568,21.83321],[87.86281,21.83451],[87.86228,21.83385],[87.86196,21.83029],[87.86455,21.83206],[87.86514,21.83229],[87.86572,21.83181],[87.86437,21.82967],[87.86471,21.82738],[87.86369,21.82404],[87.86102,21.81968],[87.86444,21.82048],[87.86499,21.81877],[87.86848,21.81882],[87.86953,21.82063],[87.86949,21.82147],[87.87297,21.8227],[87.88049,21.80828],[87.88264,21.79923],[87.8855,21.79411],[87.88327,21.79335],[87.88524,21.79096],[87.88541,21.78906],[87.88372,21.78249],[87.88298,21.78128],[87.87864,21.77732],[87.87704,21.77483],[87.8722,21.77238],[87.87025,21.76941],[87.86664,21.76685],[87.86253,21.75762],[87.85726,21.7538],[87.86165,21.75621],[87.86201,21.75592],[87.86077,21.75332],[87.85802,21.75068],[87.85455,21.74871],[87.84667,21.74286],[87.837,21.73643],[87.83397,21.73508],[87.83077,21.7312],[87.8272,21.72855],[87.82685,21.72766],[87.81825,21.72146],[87.81494,21.71791],[87.8147,21.71446],[87.81312,21.71032],[87.80764,21.70519],[87.79598,21.69819],[87.78542,21.69419],[87.78404,21.70527],[87.78075,21.70613]]]}},{"type":"Feature","bbox":[87.426,21.72694,87.58413,21.95025],"properties":{"kind":"block","block":"Egra-I","lgd":2953},"geometry":{"type":"Polygon","coordinates":[[[87.47094,21.7528],[87.45877,21.75216],[87.46111,21.7442],[87.46079,21.74385],[87.4608,21.74506],[87.45729,21.7455],[87.45414,21.74464],[87.45315,21.74504],[87.45292,21.74567],[87.45145,21.74499],[87.45048,21.74305],[87.4492,21.74357],[87.44543,21.74379],[87.44718,21.74579],[87.44723,21.74662],[87.44673,21.74727],[87.44523,21.74768],[87.44481,21.7499],[87.4453,21.75224],[87.44453,21.7525],[87.44415,21.75649],[87.44555,21.76816],[87.44425,21.76844],[87.44401,21.76923],[87.44029,21.76993],[87.44033,21.77179],[87.44152,21.77321],[87.43945,21.7756],[87.43914,21.78066],[87.43809,21.78186],[87.43882,21.78979],[87.43653,21.79232],[87.43542,21.79271],[87.42791,21.79299],[87.426,21.79597],[87.42876,21.79891],[87.43101,21.80314],[87.43168,21.80364],[87.43626,21.80376],[87.43852,21.80825],[87.43726,21.81279],[87.4388,21.81335],[87.44128,21.82102],[87.44479,21.82151],[87.44465,21.82728],[87.44381,21.82945],[87.44135,21.83162],[87.44066,21.83382],[87.44106,21.84009],[87.44567,21.84138],[87.45124,21.84538],[87.45651,21.84531],[87.45617,21.85101],[87.45678,21.85398],[87.45463,21.85541],[87.45432,21.85652],[87.45549,21.85741],[87.45521,21.86019],[87.45708,21.86104],[87.45678,21.86201],[87.45744,21.86453],[87.45636,21.86755],[87.45583,21.87483],[87.45211,21.87575],[87.45061,21.87656],[87.45018,21.87794],[87.44958,21.88137],[87.44946,21.88763],[87.44872,21.89017],[87.44974,21.89267],[87.45253,21.89165],[87.45498,21.8916],[87.45698,21.89238],[87.46052,21.89681],[87.46433,21.89605],[87.46711,21.89609],[87.47159,21.89842],[87.47712,21.89929],[87.47777,21.9071],[87.47877,21.90826],[87.479,21.90998],[87.48052,21.91292],[87.48078,21.91446],[87.48409,21.92108],[87.48315,21.92309],[87.48282,21.92665],[87.48104,21.93029],[87.48147,21.93905],[87.48638,21.93845],[87.48901,21.93938],[87.4921,21.93774],[87.49359,21.93742],[87.49525,21.93781],[87.49632,21.94066],[87.49898,21.94372],[87.499,21.94482],[87.49807,21.94712],[87.49831,21.94875],[87.49937,21.95005],[87.50038,21.95025],[87.50534,21.94813],[87.51003,21.94772],[87.51003,21.94582],[87.51066,21.94553],[87.5107,21.94051],[87.5085,21.94087],[87.50763,21.94056],[87.50726,21.93878],[87.50918,21.93843],[87.50896,21.93412],[87.50932,21.93376],[87.50888,21.93135],[87.50925,21.92605],[87.51162,21.92358],[87.51137,21.92051],[87.51345,21.91703],[87.51667,21.91472],[87.51761,21.91502],[87.52262,21.91283],[87.52421,21.91643],[87.52382,21.91739],[87.5242,21.91949],[87.52539,21.91947],[87.52583,21.92008],[87.53307,21.92023],[87.5359,21.92134],[87.538,21.92145],[87.53819,21.92217],[87.5388,21.92241],[87.54185,21.92237],[87.54228,21.92539],[87.54455,21.92542],[87.54535,21.92767],[87.54933,21.92761],[87.54927,21.93122],[87.54843,21.93214],[87.54878,21.93291],[87.5496,21.93293],[87.55054,21.93421],[87.55364,21.93372],[87.55572,21.93556],[87.55797,21.93625],[87.56266,21.93642],[87.56279,21.93815],[87.56466,21.93896],[87.56583,21.9404],[87.56702,21.94037],[87.56792,21.93918],[87.56945,21.93865],[87.56903,21.93641],[87.57288,21.93448],[87.57523,21.93575],[87.57978,21.93493],[87.5793,21.93259],[87.58019,21.93192],[87.58015,21.93054],[87.57953,21.92851],[87.57674,21.92794],[87.5741,21.92211],[87.57385,21.92047],[87.57517,21.92004],[87.57538,21.91695],[87.5748,21.91639],[87.57438,21.9144],[87.57397,21.91442],[87.57349,21.91354],[87.57393,21.91285],[87.57224,21.91078],[87.57213,21.90949],[87.56787,21.9089],[87.56758,21.90717],[87.56856,21.90715],[87.56795,21.90586],[87.56794,21.90357],[87.56908,21.90284],[87.56866,21.89905],[87.56943,21.89923],[87.57006,21.89875],[87.57064,21.89684],[87.57156,21.89675],[87.57183,21.89544],[87.56972,21.89542],[87.56964,21.89722],[87.56906,21.8972],[87.56842,21.89476],[87.56734,21.89469],[87.56719,21.89531],[87.5644,21.8954],[87.56386,21.89578],[87.56346,21.89545],[87.56065,21.89643],[87.56036,21.896],[87.55891,21.89634],[87.5591,21.89487],[87.55696,21.89525],[87.55629,21.89343],[87.55554,21.89347],[87.55523,21.89274],[87.555,21.89121],[87.55558,21.8902],[87.55512,21.88779],[87.55985,21.88709],[87.56031,21.88644],[87.5604,21.88464],[87.55972,21.88356],[87.55967,21.88253],[87.56023,21.88232],[87.5599,21.87996],[87.55855,21.87813],[87.55851,21.87742],[87.55743,21.87738],[87.5578,21.88059],[87.55686,21.88157],[87.55514,21.88162],[87.5547,21.88098],[87.55396,21.88104],[87.554,21.88163],[87.54991,21.88188],[87.54945,21.88136],[87.5483,21.87615],[87.54816,21.87365],[87.54378,21.87368],[87.54357,21.87329],[87.54184,21.87329],[87.54088,21.87237],[87.53948,21.87231],[87.53942,21.87178],[87.53691,21.87156],[87.53596,21.86949],[87.53623,21.8649],[87.53582,21.86373],[87.53469,21.86361],[87.53423,21.86289],[87.53326,21.85721],[87.53379,21.85591],[87.53356,21.85447],[87.5328,21.85433],[87.53289,21.85212],[87.53542,21.85204],[87.53662,21.85317],[87.53851,21.85203],[87.53955,21.85207],[87.53966,21.85273],[87.54106,21.85226],[87.54152,21.853],[87.54066,21.85394],[87.54327,21.85403],[87.54358,21.85469],[87.54456,21.85513],[87.54486,21.85771],[87.54556,21.85848],[87.54514,21.86006],[87.54587,21.8628],[87.54694,21.86333],[87.5496,21.86284],[87.55088,21.86116],[87.5507,21.85933],[87.54989,21.8592],[87.54938,21.85846],[87.54949,21.85755],[87.5501,21.85752],[87.55011,21.85578],[87.55268,21.85516],[87.5529,21.85448],[87.55419,21.85495],[87.55489,21.85425],[87.55686,21.8546],[87.55713,21.85189],[87.55932,21.85129],[87.56064,21.84961],[87.56065,21.8482],[87.55738,21.84608],[87.55911,21.84021],[87.56232,21.84059],[87.56382,21.84015],[87.56484,21.84176],[87.56492,21.84273],[87.56856,21.84134],[87.57,21.83975],[87.57385,21.84028],[87.57451,21.84105],[87.57714,21.84092],[87.57737,21.84221],[87.57828,21.8427],[87.5793,21.84212],[87.57986,21.83962],[87.58174,21.83699],[87.58247,21.83691],[87.58272,21.836],[87.58348,21.83587],[87.58409,21.83445],[87.58352,21.83193],[87.58382,21.82929],[87.58305,21.82713],[87.58413,21.82408],[87.58276,21.82422],[87.58124,21.82497],[87.58083,21.82585],[87.57957,21.82604],[87.57482,21.83142],[87.57127,21.83304],[87.57003,21.8314],[87.56949,21.83142],[87.56858,21.82905],[87.56793,21.82424],[87.56472,21.82549],[87.56218,21.82266],[87.56047,21.81966],[87.55945,21.81849],[87.55789,21.81808],[87.55725,21.81695],[87.55277,21.8152],[87.55162,21.81513],[87.55093,21.81566],[87.55073,21.81486],[87.54451,21.81658],[87.54396,21.81302],[87.54333,21.81211],[87.54205,21.80649],[87.54398,21.80603],[87.54396,21.80505],[87.54461,21.80502],[87.54454,21.80372],[87.54388,21.80371],[87.54306,21.80272],[87.54052,21.80249],[87.54039,21.8004],[87.54088,21.80024],[87.5412,21.79499],[87.54045,21.79302],[87.54353,21.79282],[87.54417,21.79207],[87.54394,21.79086],[87.54333,21.79071],[87.54285,21.78954],[87.54245,21.78649],[87.54082,21.78244],[87.53953,21.78039],[87.53699,21.78003],[87.53124,21.78103],[87.53106,21.77721],[87.52889,21.7774],[87.52831,21.77655],[87.52858,21.77407],[87.52985,21.77272],[87.52928,21.77191],[87.53022,21.77195],[87.53,21.77139],[87.53168,21.77051],[87.5314,21.76943],[87.52983,21.76841],[87.52988,21.76789],[87.52384,21.76767],[87.51706,21.76841],[87.51785,21.76647],[87.51765,21.76234],[87.51631,21.76247],[87.51533,21.75644],[87.51213,21.75717],[87.51167,21.75503],[87.51135,21.74366],[87.51396,21.74335],[87.51438,21.74676],[87.51559,21.74732],[87.52006,21.74728],[87.52659,21.74603],[87.5271,21.74517],[87.5272,21.73975],[87.52826,21.73401],[87.52816,21.73162],[87.51942,21.72939],[87.51711,21.72958],[87.5159,21.73113],[87.51445,21.73124],[87.5134,21.73207],[87.51284,21.73357],[87.51038,21.73488],[87.50903,21.73504],[87.50707,21.73466],[87.50296,21.73195],[87.50173,21.73154],[87.50011,21.7319],[87.49231,21.72805],[87.48909,21.72694],[87.48773,21.73423],[87.4854,21.73792],[87.4862,21.74153],[87.48556,21.74282],[87.48339,21.74282],[87.48299,21.74237],[87.48314,21.74079],[87.48048,21.74003],[87.48089,21.73672],[87.47533,21.73642],[87.47433,21.73755],[87.47332,21.74071],[87.47169,21.7508],[87.47094,21.7528]]]}},{"type":"Feature","bbox":[87.51135,21.73162,87.68696,21.94216],"properties":{"kind":"block","block":"Egra-II","lgd":2954},"geometry":{"type":"Polygon","coordinates":[[[87.52796,21.7353],[87.52745,21.73682],[87.5271,21.74517],[87.52604,21.74632],[87.52006,21.74728],[87.51559,21.74732],[87.51438,21.74676],[87.51396,21.74335],[87.51135,21.74366],[87.51167,21.75503],[87.51213,21.75717],[87.51533,21.75644],[87.51631,21.76247],[87.51765,21.76234],[87.51785,21.76647],[87.51706,21.76841],[87.52384,21.76767],[87.52988,21.76789],[87.52983,21.76841],[87.5314,21.76943],[87.53168,21.77051],[87.53,21.77139],[87.53022,21.77195],[87.52928,21.77191],[87.52985,21.77272],[87.52858,21.77407],[87.52831,21.77655],[87.52889,21.7774],[87.53106,21.77721],[87.53124,21.78103],[87.53699,21.78003],[87.53953,21.78039],[87.54082,21.78244],[87.54245,21.78649],[87.54285,21.78954],[87.54333,21.79071],[87.54394,21.79086],[87.54417,21.79207],[87.54353,21.79282],[87.54045,21.79302],[87.5412,21.79499],[87.54088,21.80024],[87.54039,21.8004],[87.54052,21.80249],[87.54306,21.80272],[87.54388,21.80371],[87.54454,21.80372],[87.54461,21.80502],[87.54396,21.80505],[87.54398,21.80603],[87.54205,21.80649],[87.54333,21.81211],[87.54396,21.81302],[87.54451,21.81658],[87.55073,21.81486],[87.55093,21.81566],[87.55162,21.81513],[87.55277,21.8152],[87.55725,21.81695],[87.55789,21.81808],[87.55945,21.81849],[87.56047,21.81966],[87.56218,21.82266],[87.56472,21.82549],[87.56793,21.82424],[87.56858,21.82905],[87.56949,21.83142],[87.57003,21.8314],[87.57127,21.83304],[87.57482,21.83142],[87.57957,21.82604],[87.58083,21.82585],[87.58124,21.82497],[87.58276,21.82422],[87.58413,21.82408],[87.58305,21.82713],[87.58382,21.82929],[87.58352,21.83193],[87.58409,21.83445],[87.58348,21.83587],[87.58272,21.836],[87.58247,21.83691],[87.58174,21.83699],[87.57986,21.83962],[87.5793,21.84212],[87.57828,21.8427],[87.57737,21.84221],[87.57714,21.84092],[87.57451,21.84105],[87.57385,21.84028],[87.57,21.83975],[87.56856,21.84134],[87.56492,21.84273],[87.56484,21.84176],[87.56382,21.84015],[87.56232,21.84059],[87.55911,21.84021],[87.55738,21.84608],[87.56065,21.8482],[87.56064,21.84961],[87.55932,21.85129],[87.55713,21.85189],[87.55686,21.8546],[87.55489,21.85425],[87.55419,21.85495],[87.5529,21.85448],[87.55268,21.85516],[87.55011,21.85578],[87.5501,21.85752],[87.54949,21.85755],[87.54938,21.85846],[87.54989,21.8592],[87.5507,21.85933],[87.55088,21.86116],[87.5496,21.86284],[87.54694,21.86333],[87.54587,21.8628],[87.54514,21.86006],[87.54556,21.85848],[87.54486,21.85771],[87.54456,21.85513],[87.54358,21.85469],[87.54327,21.85403],[87.54066,21.85394],[87.54152,21.853],[87.54106,21.85226],[87.53966,21.85273],[87.53955,21.85207],[87.53851,21.85203],[87.53662,21.85317],[87.53542,21.85204],[87.53289,21.85212],[87.5328,21.85433],[87.53356,21.85447],[87.53379,21.85591],[87.53326,21.85721],[87.53423,21.86289],[87.53469,21.86361],[87.53582,21.86373],[87.53623,21.8649],[87.53596,21.86949],[87.53691,21.87156],[87.53942,21.87178],[87.53948,21.87231],[87.54088,21.87237],[87.54184,21.87329],[87.54357,21.87329],[87.54378,21.87368],[87.54816,21.87365],[87.5483,21.87615],[87.54945,21.88136],[87.54991,21.88188],[87.554,21.88163],[87.55396,21.88104],[87.5547,21.88098],[87.55514,21.88162],[87.55686,21.88157],[87.5578,21.88059],[87.55743,21.87738],[87.55851,21.87742],[87.55855,21.87813],[87.5599,21.87996],[87.56023,21.88232],[87.55967,21.88253],[87.55972,21.88356],[87.5604,21.88464],[87.56031,21.88644],[87.55985,21.88709],[87.55512,21.88779],[87.55558,21.8902],[87.555,21.89121],[87.55523,21.89274],[87.55554,21.89347],[87.55629,21.89343],[87.55696,21.89525],[87.5591,21.89487],[87.55891,21.89634],[87.56036,21.896],[87.56065,21.89643],[87.56346,21.89545],[87.56386,21.89578],[87.5644,21.8954],[87.56719,21.89531],[87.56734,21.89469],[87.56842,21.89476],[87.56906,21.8972],[87.56964,21.89722],[87.56972,21.89542],[87.57183,21.89544],[87.57156,21.89675],[87.57064,21.89684],[87.57006,21.89875],[87.56943,21.89923],[87.56866,21.89905],[87.56908,21.90284],[87.56794,21.90357],[87.56795,21.90586],[87.56856,21.90715],[87.56758,21.90717],[87.56787,21.9089],[87.57213,21.90949],[87.57224,21.91078],[87.57393,21.91285],[87.57349,21.91354],[87.57397,21.91442],[87.57438,21.9144],[87.5748,21.91639],[87.57538,21.91695],[87.57517,21.92004],[87.57385,21.92047],[87.5741,21.92211],[87.57674,21.92794],[87.57953,21.92851],[87.58015,21.93054],[87.58019,21.93192],[87.5793,21.93259],[87.57978,21.93493],[87.58367,21.93613],[87.58437,21.93679],[87.58575,21.93675],[87.58786,21.93846],[87.58849,21.94116],[87.58954,21.94184],[87.59123,21.94216],[87.59891,21.94154],[87.59942,21.941],[87.59826,21.93963],[87.60135,21.93558],[87.60215,21.93283],[87.60613,21.93225],[87.61871,21.92159],[87.62384,21.91816],[87.62418,21.91759],[87.6237,21.91566],[87.62385,21.91381],[87.63097,21.91583],[87.63607,21.91806],[87.63908,21.91791],[87.64187,21.91854],[87.64777,21.91886],[87.65238,21.91342],[87.65407,21.91284],[87.66179,21.91179],[87.66732,21.91029],[87.67242,21.90819],[87.67336,21.90887],[87.67405,21.90847],[87.68268,21.90838],[87.68367,21.90795],[87.68475,21.90687],[87.68242,21.88838],[87.68235,21.88442],[87.68282,21.88322],[87.68673,21.88073],[87.68696,21.88006],[87.68649,21.87953],[87.68447,21.88],[87.68295,21.8789],[87.68049,21.8749],[87.67803,21.87326],[87.67563,21.87071],[87.67216,21.86884],[87.66986,21.86849],[87.66909,21.86742],[87.66409,21.86651],[87.65914,21.8678],[87.6582,21.86725],[87.65739,21.86267],[87.6561,21.8605],[87.65499,21.85977],[87.65266,21.85902],[87.63755,21.85773],[87.63556,21.85704],[87.63454,21.85613],[87.63078,21.84954],[87.63081,21.84875],[87.63418,21.84545],[87.63439,21.8439],[87.63338,21.84013],[87.63014,21.83638],[87.63003,21.83534],[87.63223,21.83262],[87.63607,21.83029],[87.63907,21.82994],[87.64153,21.82868],[87.64289,21.82624],[87.64361,21.82271],[87.6439,21.8173],[87.64299,21.81355],[87.63822,21.80399],[87.63498,21.80091],[87.63188,21.79962],[87.62999,21.79978],[87.62618,21.8024],[87.62494,21.80897],[87.62379,21.8103],[87.61853,21.81159],[87.61128,21.8104],[87.60993,21.80926],[87.60917,21.80781],[87.60749,21.8081],[87.60713,21.80627],[87.60346,21.80579],[87.60232,21.80485],[87.59975,21.80449],[87.60202,21.79688],[87.60323,21.78787],[87.60323,21.77997],[87.60203,21.77262],[87.59839,21.76422],[87.59533,21.76139],[87.59044,21.76017],[87.58515,21.75922],[87.58236,21.75931],[87.58054,21.75869],[87.57872,21.75566],[87.57755,21.75083],[87.57552,21.74705],[87.56032,21.74414],[87.55066,21.74294],[87.54343,21.73591],[87.52816,21.73162],[87.52796,21.7353]]]}},{"type":"Feature","bbox":[87.97805,22.01331,88.14683,22.15531],"properties":{"kind":"block","block":"Haldia","lgd":2955},"geometry":{"type":"Polygon","coordinates":[[[88.04479,22.03525],[88.04001,22.03505],[88.03936,22.03458],[88.03828,22.03493],[88.03172,22.03255],[88.02844,22.03908],[88.02824,22.04338],[88.02899,22.05123],[88.02802,22.05973],[88.02598,22.06512],[88.02243,22.0688],[88.01438,22.07261],[88.00403,22.07676],[87.99829,22.08066],[87.99417,22.08542],[87.98264,22.1042],[87.97886,22.10788],[87.97805,22.10791],[87.97867,22.11509],[87.97942,22.11545],[87.97965,22.11623],[87.98175,22.11683],[87.98128,22.11882],[87.9796,22.11896],[87.97959,22.1207],[87.98203,22.12021],[87.98236,22.11953],[87.983,22.12058],[87.98205,22.12092],[87.98265,22.1214],[87.98268,22.12211],[87.98163,22.12191],[87.98135,22.12348],[87.98344,22.12403],[87.98364,22.12517],[87.98306,22.12518],[87.9831,22.12657],[87.98409,22.12696],[87.98628,22.12902],[87.98636,22.12965],[87.98853,22.13124],[87.98889,22.1323],[87.99731,22.13193],[87.99827,22.13237],[87.99895,22.13512],[88.00361,22.13554],[88.00431,22.1334],[88.00547,22.13261],[88.00954,22.13568],[88.01244,22.13553],[88.01351,22.13594],[88.01521,22.133],[88.01608,22.13287],[88.01747,22.13349],[88.01864,22.13324],[88.01955,22.13391],[88.02325,22.13312],[88.02665,22.13318],[88.03082,22.13221],[88.03164,22.13242],[88.03265,22.13297],[88.03493,22.13715],[88.03355,22.1402],[88.03371,22.14219],[88.03453,22.14345],[88.03414,22.14445],[88.03348,22.14452],[88.03266,22.14586],[88.03303,22.14649],[88.03527,22.14718],[88.03667,22.14663],[88.03805,22.14701],[88.04078,22.15217],[88.04251,22.15259],[88.04512,22.15172],[88.04791,22.15186],[88.04953,22.15087],[88.05424,22.15531],[88.0553,22.15476],[88.05544,22.15321],[88.06115,22.15219],[88.06258,22.15133],[88.06162,22.14975],[88.06031,22.14924],[88.06005,22.14721],[88.06349,22.14694],[88.0647,22.14812],[88.06528,22.14784],[88.06877,22.14481],[88.06909,22.14176],[88.07071,22.14102],[88.07218,22.14173],[88.07329,22.13926],[88.0749,22.13889],[88.07465,22.13723],[88.07477,22.13653],[88.07533,22.13633],[88.07496,22.13326],[88.07421,22.13321],[88.07458,22.13255],[88.07412,22.13141],[88.07341,22.13111],[88.07321,22.12989],[88.07355,22.12953],[88.07925,22.1285],[88.07859,22.12624],[88.07947,22.1252],[88.08124,22.12473],[88.08197,22.12573],[88.08454,22.12549],[88.08406,22.1219],[88.08625,22.12162],[88.08625,22.1224],[88.0883,22.12217],[88.08793,22.12084],[88.08835,22.1181],[88.08925,22.11826],[88.08999,22.11776],[88.09101,22.11811],[88.09082,22.11756],[88.08957,22.1171],[88.08966,22.11668],[88.09088,22.11669],[88.09478,22.11406],[88.09567,22.11281],[88.09535,22.11134],[88.09465,22.11071],[88.09833,22.10982],[88.09746,22.10875],[88.09739,22.10749],[88.09922,22.10629],[88.09791,22.10262],[88.0956,22.10312],[88.09454,22.10071],[88.0961,22.10041],[88.09646,22.09876],[88.09762,22.09868],[88.09873,22.09719],[88.10016,22.09761],[88.10317,22.09749],[88.1038,22.09809],[88.10538,22.09815],[88.10611,22.09892],[88.10683,22.09833],[88.1067,22.09682],[88.10809,22.09594],[88.10761,22.09403],[88.10668,22.09429],[88.10671,22.09336],[88.10753,22.09331],[88.1074,22.09259],[88.11187,22.09223],[88.11317,22.09133],[88.1147,22.09164],[88.1151,22.09057],[88.11676,22.09047],[88.1187,22.08868],[88.11866,22.08573],[88.11968,22.08456],[88.12094,22.08419],[88.12088,22.08112],[88.12175,22.08011],[88.12381,22.08049],[88.12461,22.0796],[88.12426,22.07732],[88.12503,22.07656],[88.12513,22.0749],[88.12647,22.07506],[88.12762,22.0742],[88.13183,22.07419],[88.13292,22.06875],[88.13613,22.06897],[88.13867,22.07398],[88.14058,22.07531],[88.14189,22.07525],[88.14566,22.07341],[88.1461,22.07274],[88.14568,22.07053],[88.14427,22.07045],[88.1422,22.0685],[88.14235,22.06668],[88.14051,22.06338],[88.14683,22.05958],[88.13875,22.05554],[88.13414,22.05428],[88.12581,22.04983],[88.11612,22.04304],[88.11366,22.04224],[88.11106,22.03997],[88.1027,22.03496],[88.09296,22.02812],[88.08963,22.02652],[88.08876,22.02522],[88.08627,22.02338],[88.08174,22.0212],[88.07332,22.01812],[88.06892,22.01565],[88.06308,22.01331],[88.05569,22.02018],[88.05666,22.0224],[88.05576,22.02239],[88.05639,22.02442],[88.05626,22.02577],[88.05246,22.02619],[88.05291,22.02897],[88.04851,22.03075],[88.04669,22.031],[88.04672,22.03424],[88.04602,22.03587],[88.04479,22.03525]]]}},{"type":"Feature","bbox":[87.7477,21.8882,87.93218,22.00638],"properties":{"kind":"block","block":"Khejuri-I","lgd":2956},"geometry":{"type":"Polygon","coordinates":[[[87.81351,21.91101],[87.81167,21.91293],[87.81122,21.91584],[87.80978,21.91782],[87.8082,21.91899],[87.80545,21.9198],[87.79999,21.9203],[87.79445,21.91934],[87.78771,21.91893],[87.78134,21.9179],[87.77662,21.91654],[87.77432,21.91876],[87.76981,21.9194],[87.76622,21.92122],[87.76257,21.91943],[87.7615,21.91989],[87.76038,21.92386],[87.75731,21.92518],[87.75715,21.92595],[87.75863,21.92902],[87.75814,21.92987],[87.75429,21.93152],[87.75426,21.93292],[87.75602,21.93627],[87.75582,21.93727],[87.7538,21.93849],[87.75256,21.9412],[87.75392,21.9465],[87.7527,21.9479],[87.75095,21.94863],[87.74996,21.94961],[87.74975,21.95126],[87.74781,21.95392],[87.7477,21.96727],[87.7517,21.96741],[87.75266,21.96666],[87.75268,21.9655],[87.75333,21.9654],[87.757,21.96679],[87.76015,21.96662],[87.76109,21.96734],[87.76116,21.96947],[87.76168,21.9698],[87.76259,21.97255],[87.76292,21.97294],[87.76396,21.97289],[87.76451,21.9763],[87.76556,21.97625],[87.76564,21.97677],[87.76956,21.97622],[87.76959,21.97674],[87.77383,21.97664],[87.77803,21.97437],[87.77978,21.9744],[87.78728,21.97698],[87.78884,21.97871],[87.78322,21.98099],[87.78291,21.98246],[87.78337,21.98506],[87.78616,21.98498],[87.7908,21.98398],[87.79257,21.98424],[87.79319,21.98543],[87.79852,21.98706],[87.79951,21.98952],[87.80061,21.99028],[87.80157,21.99303],[87.80281,21.99443],[87.80351,21.99614],[87.80806,21.99711],[87.81176,22.00036],[87.81134,22.00097],[87.81185,22.00205],[87.81433,22.00326],[87.82136,22.00237],[87.82267,22.00248],[87.82275,22.00376],[87.82358,22.00378],[87.82372,22.0031],[87.82558,22.00251],[87.82566,22.00335],[87.82459,22.00349],[87.82364,22.00436],[87.82364,22.0052],[87.82539,22.00514],[87.82534,22.00567],[87.82425,22.00573],[87.82456,22.00638],[87.82601,22.00587],[87.82614,22.00405],[87.8275,22.00358],[87.82784,22.00403],[87.82898,22.00274],[87.83175,22.00335],[87.83366,22.00232],[87.83372,22.00369],[87.83424,22.00363],[87.83429,22.00447],[87.83496,22.00444],[87.83597,22.00372],[87.8358,22.00171],[87.83753,22.00267],[87.83995,22.00298],[87.84036,22.00521],[87.84171,22.00534],[87.8421,22.00395],[87.84295,22.00382],[87.84344,22.00447],[87.84456,22.00435],[87.84536,22.00495],[87.84774,22.00297],[87.8482,22.00167],[87.84824,21.99761],[87.84693,21.9912],[87.84758,21.98834],[87.84714,21.98651],[87.84651,21.98499],[87.84371,21.98181],[87.8407,21.97721],[87.843,21.97715],[87.84485,21.97483],[87.84507,21.97324],[87.84977,21.97264],[87.85545,21.97332],[87.85622,21.97269],[87.85928,21.96704],[87.86432,21.96465],[87.86721,21.96544],[87.87199,21.9648],[87.87477,21.9654],[87.8771,21.96666],[87.87815,21.96802],[87.88066,21.96883],[87.88852,21.96851],[87.896,21.96642],[87.89764,21.96632],[87.90027,21.96734],[87.90628,21.96601],[87.90864,21.96393],[87.911,21.9595],[87.91,21.95632],[87.91006,21.95468],[87.91076,21.95287],[87.91289,21.95024],[87.91635,21.94841],[87.92013,21.94939],[87.92431,21.94828],[87.92566,21.94685],[87.92823,21.94585],[87.93211,21.94347],[87.93218,21.93985],[87.93066,21.93795],[87.92932,21.93141],[87.92758,21.92805],[87.92696,21.92568],[87.92754,21.92406],[87.92695,21.9229],[87.9217,21.92367],[87.91851,21.92231],[87.91697,21.92233],[87.91409,21.92394],[87.91307,21.92345],[87.9123,21.92222],[87.91257,21.91987],[87.91406,21.91837],[87.91428,21.9125],[87.91392,21.9114],[87.91207,21.90941],[87.91085,21.90913],[87.91321,21.90778],[87.91385,21.90639],[87.91545,21.9051],[87.91556,21.9044],[87.91481,21.90281],[87.91266,21.90121],[87.91054,21.90126],[87.90968,21.90004],[87.9078,21.90014],[87.90766,21.90281],[87.90462,21.90384],[87.90088,21.9037],[87.90201,21.90979],[87.90412,21.91482],[87.9044,21.91624],[87.9039,21.917],[87.9046,21.91778],[87.90453,21.91907],[87.90545,21.91925],[87.90593,21.92016],[87.90144,21.9244],[87.9001,21.925],[87.89817,21.92527],[87.89753,21.92404],[87.89746,21.9224],[87.89389,21.92366],[87.89152,21.92511],[87.88967,21.92535],[87.88807,21.92669],[87.88595,21.92736],[87.88486,21.92873],[87.88168,21.93033],[87.87802,21.92977],[87.87772,21.92844],[87.87864,21.92623],[87.87869,21.92464],[87.87484,21.92369],[87.87471,21.91947],[87.87362,21.91726],[87.86969,21.91662],[87.86529,21.91403],[87.86148,21.91395],[87.86067,21.91146],[87.86059,21.90769],[87.86249,21.90635],[87.8614,21.90365],[87.86182,21.90271],[87.86398,21.90205],[87.86416,21.90117],[87.86568,21.90054],[87.86596,21.89925],[87.86339,21.89576],[87.86137,21.8882],[87.86023,21.88936],[87.85689,21.89118],[87.84686,21.89199],[87.84186,21.8936],[87.84058,21.89458],[87.83923,21.89596],[87.83838,21.89816],[87.83863,21.90365],[87.83804,21.90752],[87.83758,21.90831],[87.8304,21.91317],[87.82405,21.91229],[87.8202,21.90953],[87.81912,21.90922],[87.81791,21.90928],[87.81351,21.91101]]]}},{"type":"Feature","bbox":[87.85763,21.79411,88.00144,21.94347],"properties":{"kind":"block","block":"Khejuri-II","lgd":2957},"geometry":{"type":"Polygon","coordinates":[[[87.90258,21.79979],[87.89463,21.79658],[87.89443,21.79579],[87.8855,21.79411],[87.88264,21.79923],[87.88049,21.80828],[87.87297,21.8227],[87.86949,21.82147],[87.86953,21.82063],[87.86848,21.81882],[87.86499,21.81877],[87.86444,21.82048],[87.86102,21.81968],[87.86369,21.82404],[87.86471,21.82738],[87.86437,21.82967],[87.86572,21.83181],[87.86514,21.83229],[87.86455,21.83206],[87.86196,21.83029],[87.86228,21.83385],[87.86281,21.83451],[87.86568,21.83321],[87.86748,21.83167],[87.86819,21.83182],[87.87174,21.83614],[87.874,21.83659],[87.87497,21.85116],[87.87841,21.86035],[87.87852,21.86302],[87.87787,21.86482],[87.87633,21.86619],[87.87364,21.86734],[87.87047,21.868],[87.86652,21.86705],[87.86438,21.86711],[87.86215,21.86784],[87.85881,21.8704],[87.85793,21.87254],[87.85763,21.87407],[87.85885,21.87417],[87.85985,21.87719],[87.8626,21.88197],[87.86285,21.88411],[87.86137,21.8882],[87.86339,21.89576],[87.86596,21.89925],[87.86568,21.90054],[87.86416,21.90117],[87.86398,21.90205],[87.86182,21.90271],[87.8614,21.90365],[87.86249,21.90635],[87.86059,21.90769],[87.86067,21.91146],[87.86148,21.91395],[87.86529,21.91403],[87.86969,21.91662],[87.87362,21.91726],[87.87471,21.91947],[87.87484,21.92369],[87.87869,21.92464],[87.87864,21.92623],[87.87772,21.92844],[87.87802,21.92977],[87.88168,21.93033],[87.88486,21.92873],[87.88595,21.92736],[87.88807,21.92669],[87.88967,21.92535],[87.89152,21.92511],[87.89389,21.92366],[87.89746,21.9224],[87.89753,21.92404],[87.89817,21.92527],[87.9001,21.925],[87.90144,21.9244],[87.90593,21.92016],[87.90545,21.91925],[87.90453,21.91907],[87.9046,21.91778],[87.9039,21.917],[87.9044,21.91624],[87.90412,21.91482],[87.90201,21.90979],[87.90088,21.9037],[87.90462,21.90384],[87.90766,21.90281],[87.9078,21.90014],[87.90968,21.90004],[87.91054,21.90126],[87.91266,21.90121],[87.91481,21.90281],[87.91556,21.9044],[87.91545,21.9051],[87.91385,21.90639],[87.91321,21.90778],[87.91085,21.90913],[87.91207,21.90941],[87.91392,21.9114],[87.91428,21.9125],[87.91406,21.91837],[87.91257,21.91987],[87.9123,21.92222],[87.91307,21.92345],[87.91409,21.92394],[87.91697,21.92233],[87.91851,21.92231],[87.9217,21.92367],[87.92695,21.9229],[87.92754,21.92406],[87.92696,21.92568],[87.92758,21.92805],[87.92932,21.93141],[87.93066,21.93795],[87.93218,21.93985],[87.93211,21.94347],[87.93738,21.93923],[87.93785,21.93863],[87.93804,21.93619],[87.93883,21.93551],[87.94308,21.93465],[87.9439,21.93495],[87.94606,21.93732],[87.94897,21.93798],[87.95123,21.93804],[87.95483,21.93685],[87.95818,21.93349],[87.96419,21.92532],[87.96699,21.91907],[87.96709,21.91721],[87.96852,21.9135],[87.96867,21.91125],[87.96937,21.9093],[87.96817,21.90523],[87.96603,21.90196],[87.965,21.8971],[87.96576,21.89507],[87.96815,21.89254],[87.97074,21.89121],[87.975,21.89036],[87.97942,21.8903],[87.98211,21.89095],[87.98288,21.89167],[87.98395,21.89436],[87.98581,21.89545],[87.98643,21.89802],[87.98898,21.89915],[87.98931,21.90169],[87.99172,21.9037],[88.0,21.90534],[88.0,21.90469],[88.00144,21.90548],[88.00123,21.9042],[87.99481,21.89291],[87.98623,21.88266],[87.97763,21.86864],[87.9749,21.86532],[87.97093,21.86328],[87.96922,21.85943],[87.96942,21.85752],[87.96808,21.85477],[87.96311,21.84934],[87.96125,21.84819],[87.95838,21.84388],[87.95525,21.84133],[87.95458,21.83962],[87.95373,21.83883],[87.9534,21.83725],[87.94922,21.8357],[87.94835,21.83337],[87.94516,21.83574],[87.94812,21.83293],[87.94781,21.83198],[87.94674,21.82985],[87.94062,21.82345],[87.93554,21.8192],[87.92102,21.80885],[87.92053,21.80922],[87.91779,21.80724],[87.91693,21.80583],[87.91208,21.80332],[87.91174,21.80363],[87.91208,21.80458],[87.91112,21.80458],[87.91054,21.80386],[87.90883,21.80349],[87.90885,21.80222],[87.9098,21.80199],[87.91195,21.8028],[87.91174,21.80195],[87.90666,21.80011],[87.90632,21.80116],[87.90288,21.80066],[87.90258,21.79979]]]}},{"type":"Feature","bbox":[87.75125,22.36292,87.90054,22.51939],"properties":{"kind":"block","block":"Kolaghat","lgd":2958},"geometry":{"type":"Polygon","coordinates":[[[87.77939,22.39089],[87.78024,22.39386],[87.77971,22.39481],[87.77836,22.39485],[87.77819,22.39426],[87.7752,22.39549],[87.77538,22.39678],[87.77451,22.39695],[87.77467,22.39884],[87.77431,22.39943],[87.77261,22.39927],[87.7725,22.40381],[87.77291,22.40519],[87.77255,22.40583],[87.76159,22.40706],[87.76093,22.40505],[87.76037,22.40482],[87.75901,22.40562],[87.759,22.4069],[87.75578,22.40697],[87.75561,22.40799],[87.75482,22.4084],[87.75468,22.40939],[87.75388,22.4101],[87.75384,22.41189],[87.75253,22.41217],[87.75308,22.41607],[87.75251,22.41651],[87.75324,22.41749],[87.75239,22.41862],[87.75318,22.42108],[87.75401,22.42134],[87.75422,22.42536],[87.75573,22.42579],[87.75589,22.42725],[87.75697,22.42892],[87.75617,22.42947],[87.75589,22.431],[87.75713,22.43147],[87.75836,22.43368],[87.75823,22.43449],[87.76001,22.43627],[87.76047,22.43827],[87.76022,22.44145],[87.75948,22.44218],[87.75926,22.44468],[87.75719,22.44497],[87.75833,22.44992],[87.75585,22.45064],[87.7582,22.45814],[87.75524,22.45896],[87.75725,22.46375],[87.75338,22.46466],[87.75262,22.46654],[87.75254,22.46976],[87.75125,22.47388],[87.75714,22.47303],[87.76165,22.47322],[87.76218,22.4736],[87.76249,22.4749],[87.7703,22.47774],[87.77658,22.47861],[87.77892,22.48167],[87.78456,22.48514],[87.78517,22.4837],[87.78767,22.48077],[87.78812,22.47813],[87.79045,22.47936],[87.79351,22.47902],[87.79431,22.48009],[87.79647,22.48069],[87.79864,22.48241],[87.79949,22.48428],[87.80176,22.48631],[87.80267,22.48844],[87.80547,22.49068],[87.80836,22.4925],[87.81457,22.49486],[87.81609,22.49593],[87.81642,22.49709],[87.81595,22.49872],[87.81684,22.49938],[87.81913,22.49925],[87.82166,22.49978],[87.82511,22.49857],[87.82898,22.50012],[87.83116,22.50165],[87.83223,22.50393],[87.83337,22.5045],[87.83928,22.50553],[87.84375,22.50866],[87.84656,22.50974],[87.84633,22.5118],[87.85195,22.51128],[87.8561,22.50992],[87.85735,22.51],[87.85874,22.51078],[87.8652,22.51094],[87.86841,22.51042],[87.87235,22.5109],[87.88389,22.50918],[87.88484,22.50936],[87.88517,22.51321],[87.88605,22.51622],[87.88774,22.51809],[87.89064,22.51939],[87.89139,22.51606],[87.89115,22.51484],[87.88898,22.5128],[87.88632,22.51156],[87.88453,22.50656],[87.88039,22.50342],[87.87991,22.50264],[87.87965,22.49783],[87.88283,22.49082],[87.88611,22.48735],[87.89054,22.48417],[87.89287,22.48127],[87.89315,22.4801],[87.89268,22.47757],[87.89195,22.47549],[87.89084,22.47402],[87.88511,22.46935],[87.87825,22.46008],[87.87513,22.45449],[87.87448,22.45121],[87.87524,22.44664],[87.87693,22.44322],[87.87813,22.44122],[87.88133,22.4379],[87.88179,22.43765],[87.88334,22.43845],[87.89137,22.43276],[87.89927,22.42996],[87.89686,22.42323],[87.90054,22.41898],[87.89832,22.41741],[87.89664,22.41688],[87.89718,22.41206],[87.89304,22.41166],[87.89054,22.41061],[87.88977,22.41088],[87.88995,22.41321],[87.88948,22.41579],[87.88594,22.41587],[87.8848,22.4164],[87.88453,22.41726],[87.88363,22.41661],[87.88444,22.41543],[87.88369,22.41554],[87.88366,22.41489],[87.88279,22.41493],[87.88136,22.41596],[87.88252,22.41634],[87.88331,22.41772],[87.88152,22.41734],[87.88038,22.41791],[87.88022,22.41931],[87.87937,22.42019],[87.87957,22.42088],[87.87849,22.42112],[87.87794,22.41731],[87.87737,22.41686],[87.87639,22.41691],[87.87655,22.41829],[87.87572,22.41903],[87.87286,22.41962],[87.87128,22.41955],[87.86897,22.41843],[87.8642,22.41919],[87.86326,22.41982],[87.85896,22.42027],[87.85848,22.41744],[87.85984,22.41657],[87.85923,22.41418],[87.85828,22.4142],[87.85821,22.41369],[87.85596,22.41421],[87.85301,22.41403],[87.8525,22.41541],[87.84999,22.41616],[87.85039,22.41683],[87.8525,22.41742],[87.85187,22.41997],[87.85093,22.4201],[87.85085,22.42065],[87.8499,22.42117],[87.84898,22.42031],[87.84784,22.42026],[87.84678,22.41775],[87.84729,22.41703],[87.84621,22.41621],[87.84623,22.41503],[87.84465,22.41485],[87.8441,22.41433],[87.84383,22.41179],[87.84154,22.41015],[87.84235,22.40928],[87.84197,22.40762],[87.84374,22.40687],[87.84293,22.40399],[87.8437,22.40257],[87.84478,22.4016],[87.84864,22.40104],[87.84864,22.39972],[87.85288,22.39632],[87.85275,22.3949],[87.85544,22.39377],[87.8547,22.38745],[87.8556,22.384],[87.8507,22.38411],[87.84978,22.38331],[87.84933,22.38038],[87.84854,22.37958],[87.84963,22.37809],[87.85037,22.37477],[87.84929,22.37356],[87.84602,22.37406],[87.84567,22.37341],[87.84043,22.37252],[87.83882,22.37129],[87.84004,22.36991],[87.83985,22.36532],[87.83648,22.36447],[87.83612,22.36292],[87.83427,22.36312],[87.83365,22.36626],[87.83391,22.36869],[87.83334,22.3691],[87.83138,22.36897],[87.82921,22.368],[87.82851,22.36814],[87.82875,22.36986],[87.82728,22.37064],[87.82497,22.36955],[87.82366,22.36988],[87.82125,22.36942],[87.81999,22.36966],[87.81996,22.3703],[87.81758,22.37029],[87.81421,22.37109],[87.81306,22.37086],[87.8116,22.36832],[87.81043,22.37167],[87.81003,22.3779],[87.80887,22.37853],[87.80731,22.37812],[87.8077,22.38034],[87.80533,22.38246],[87.80438,22.38179],[87.80236,22.38149],[87.8023,22.38317],[87.80101,22.38334],[87.79979,22.38455],[87.79964,22.38792],[87.79239,22.38799],[87.78891,22.38902],[87.77882,22.39037],[87.77939,22.39089]]]}},{"type":"Feature","bbox":[87.91089,22.09781,88.09076,22.26473],"properties":{"kind":"block","block":"Mahishadal","lgd":2959},"geometry":{"type":"MultiPolygon","coordinates":[[[[87.98636,22.12965],[87.98628,22.12902],[87.98409,22.12696],[87.9831,22.12657],[87.98306,22.12518],[87.98364,22.12517],[87.98344,22.12403],[87.98135,22.12348],[87.98163,22.12191],[87.98268,22.12211],[87.98265,22.1214],[87.98205,22.12092],[87.983,22.12058],[87.98236,22.11953],[87.98203,22.12021],[87.97959,22.1207],[87.9796,22.11896],[87.98128,22.11882],[87.98175,22.11683],[87.97965,22.11623],[87.97942,22.11545],[87.97867,22.11509],[87.97805,22.10791],[87.97505,22.10801],[87.97286,22.10716],[87.96311,22.09883],[87.9601,22.09821],[87.95843,22.09833],[87.95823,22.09781],[87.95534,22.09976],[87.95229,22.10275],[87.94911,22.10608],[87.94792,22.10799],[87.93646,22.11717],[87.92996,22.12101],[87.92059,22.12543],[87.91593,22.12729],[87.91089,22.12847],[87.91229,22.13375],[87.91241,22.13994],[87.91624,22.15068],[87.91623,22.15196],[87.91882,22.1585],[87.92041,22.15921],[87.9226,22.15908],[87.92456,22.16091],[87.92517,22.16083],[87.92656,22.1603],[87.9309,22.1549],[87.93282,22.15427],[87.93774,22.15523],[87.94414,22.15889],[87.94681,22.1592],[87.94831,22.16156],[87.94784,22.1628],[87.94843,22.16309],[87.95003,22.16236],[87.95088,22.16035],[87.95081,22.15742],[87.95249,22.15706],[87.95377,22.15756],[87.95399,22.15986],[87.95519,22.16089],[87.95607,22.16062],[87.95704,22.16253],[87.95613,22.16288],[87.95709,22.16332],[87.96252,22.16198],[87.96326,22.16418],[87.96262,22.1656],[87.96414,22.16666],[87.96462,22.16784],[87.96528,22.16778],[87.96469,22.17],[87.96244,22.17389],[87.96026,22.17623],[87.95953,22.17228],[87.95891,22.17282],[87.95696,22.17228],[87.95582,22.17268],[87.95526,22.17755],[87.95404,22.17826],[87.95388,22.17891],[87.95192,22.17814],[87.95137,22.1798],[87.95269,22.18288],[87.95531,22.183],[87.95414,22.18521],[87.95415,22.1876],[87.95557,22.19098],[87.95699,22.19209],[87.95606,22.19335],[87.95593,22.19434],[87.95764,22.20095],[87.96172,22.20509],[87.96229,22.20834],[87.96918,22.21812],[87.97429,22.22227],[87.97714,22.22084],[87.98257,22.21474],[87.98389,22.21407],[87.98387,22.21843],[87.98128,22.21899],[87.97617,22.22367],[87.97523,22.2334],[87.97802,22.2334],[87.9817,22.23189],[87.98201,22.23108],[87.98164,22.22902],[87.98511,22.22814],[87.98601,22.22707],[87.9859,22.22798],[87.98226,22.22914],[87.98251,22.23074],[87.98327,22.23055],[87.98641,22.22888],[87.99186,22.2245],[87.99212,22.22223],[87.99777,22.20843],[88.0,22.20648],[88.00675,22.20263],[88.01744,22.19953],[88.02342,22.19969],[88.02701,22.20188],[88.02842,22.20653],[88.02927,22.20778],[88.03168,22.20888],[88.03478,22.20893],[88.03835,22.20757],[88.04452,22.20659],[88.04972,22.20477],[88.05212,22.20247],[88.05406,22.19974],[88.05895,22.19514],[88.06669,22.18884],[88.06973,22.18851],[88.075,22.18693],[88.08585,22.18661],[88.08782,22.18556],[88.09076,22.18647],[88.0896,22.18115],[88.08913,22.18028],[88.08765,22.18034],[88.08834,22.17767],[88.08799,22.17315],[88.08528,22.1725],[88.08495,22.17126],[88.08534,22.17034],[88.08437,22.17014],[88.08391,22.16912],[88.08131,22.16835],[88.0785,22.16565],[88.07667,22.16273],[88.07582,22.1627],[88.07564,22.16207],[88.07475,22.16227],[88.07451,22.16125],[88.0648,22.16362],[88.06314,22.16358],[88.06321,22.16094],[88.06222,22.15758],[88.06302,22.15523],[88.06457,22.15399],[88.06477,22.15176],[88.06258,22.15133],[88.06115,22.15219],[88.05544,22.15321],[88.0553,22.15476],[88.05424,22.15531],[88.04953,22.15087],[88.04791,22.15186],[88.04512,22.15172],[88.04251,22.15259],[88.04078,22.15217],[88.03805,22.14701],[88.03667,22.14663],[88.03527,22.14718],[88.03303,22.14649],[88.03266,22.14586],[88.03348,22.14452],[88.03414,22.14445],[88.03453,22.14345],[88.03371,22.14219],[88.03355,22.1402],[88.03493,22.13715],[88.03265,22.13297],[88.03164,22.13242],[88.03082,22.13221],[88.02665,22.13318],[88.02325,22.13312],[88.01955,22.13391],[88.01864,22.13324],[88.01747,22.13349],[88.01608,22.13287],[88.01521,22.133],[88.01351,22.13594],[88.01244,22.13553],[88.00954,22.13568],[88.00547,22.13261],[88.00431,22.1334],[88.00361,22.13554],[87.99895,22.13512],[87.99827,22.13237],[87.99731,22.13193],[87.98932,22.13251],[87.98853,22.13124],[87.98636,22.12965]]],[[[87.99516,22.24941],[87.9957,22.24846],[87.99548,22.24495],[88.00014,22.24296],[87.99612,22.23828],[87.98649,22.23826],[87.98494,22.23932],[87.98397,22.24073],[87.9814,22.24237],[87.9795,22.24458],[87.97671,22.24918],[87.96985,22.25617],[87.96949,22.25822],[87.96811,22.25996],[87.96836,22.26473],[87.97897,22.26035],[87.99032,22.25322],[87.99516,22.24941]]]]}},{"type":"Feature","bbox":[87.69919,22.15933,87.8311,22.31675],"properties":{"kind":"block","block":"Moyna","lgd":2960},"geometry":{"type":"Polygon","coordinates":[[[87.74566,22.17582],[87.74445,22.174],[87.74284,22.17323],[87.74036,22.17511],[87.73462,22.17662],[87.73276,22.17593],[87.7321,22.17389],[87.73064,22.17295],[87.72605,22.17294],[87.72061,22.17448],[87.71902,22.17439],[87.71403,22.17238],[87.71268,22.17037],[87.70867,22.17633],[87.70953,22.18052],[87.71008,22.18082],[87.71302,22.17994],[87.7154,22.1871],[87.71644,22.18588],[87.71713,22.18382],[87.71871,22.18213],[87.71993,22.18182],[87.72149,22.18283],[87.72294,22.18282],[87.72391,22.18344],[87.72762,22.18674],[87.72925,22.18988],[87.7284,22.19253],[87.72915,22.19426],[87.72883,22.19654],[87.72978,22.20111],[87.72974,22.20337],[87.72695,22.20443],[87.71763,22.20512],[87.71309,22.20607],[87.71253,22.20753],[87.71401,22.21453],[87.7136,22.21554],[87.71096,22.21636],[87.70191,22.21695],[87.69919,22.21839],[87.70027,22.22771],[87.70002,22.23148],[87.70184,22.24288],[87.70297,22.24491],[87.70349,22.2478],[87.70392,22.25549],[87.70575,22.26923],[87.70774,22.26945],[87.70673,22.27313],[87.707,22.27577],[87.70563,22.27895],[87.7079,22.28625],[87.71216,22.29284],[87.71427,22.29704],[87.71896,22.30871],[87.72058,22.31435],[87.72243,22.31675],[87.73005,22.31125],[87.73399,22.30959],[87.73649,22.30734],[87.74287,22.30621],[87.74945,22.30716],[87.75157,22.30705],[87.75248,22.30584],[87.75373,22.30577],[87.75855,22.30688],[87.76084,22.30519],[87.76402,22.30374],[87.76375,22.30255],[87.76877,22.30161],[87.77191,22.29955],[87.77689,22.2982],[87.77953,22.29638],[87.78242,22.29536],[87.78357,22.293],[87.78553,22.291],[87.79021,22.29279],[87.79063,22.29243],[87.78907,22.29168],[87.78908,22.29026],[87.78823,22.28985],[87.78908,22.28604],[87.79163,22.27932],[87.79675,22.27054],[87.80004,22.26658],[87.80053,22.26477],[87.79993,22.2596],[87.7997,22.24821],[87.807,22.24193],[87.81107,22.23669],[87.81258,22.23647],[87.81193,22.23347],[87.81355,22.22831],[87.81233,22.2276],[87.81407,22.22247],[87.81376,22.22005],[87.81105,22.21302],[87.81031,22.20687],[87.81072,22.20512],[87.81164,22.20513],[87.81191,22.20413],[87.81766,22.19771],[87.81855,22.19615],[87.81965,22.19078],[87.81913,22.1896],[87.81538,22.18856],[87.817,22.1851],[87.81576,22.18326],[87.81577,22.18209],[87.81875,22.1769],[87.82287,22.17161],[87.82399,22.17124],[87.82862,22.17172],[87.82965,22.17129],[87.83032,22.16911],[87.82862,22.16575],[87.82864,22.1648],[87.8311,22.16353],[87.83086,22.16293],[87.82583,22.16493],[87.82385,22.16461],[87.81806,22.16011],[87.81667,22.15933],[87.81593,22.1594],[87.81382,22.1666],[87.81238,22.16834],[87.81062,22.16868],[87.80813,22.16784],[87.80525,22.16571],[87.80256,22.16736],[87.79875,22.16821],[87.79378,22.16621],[87.78689,22.16584],[87.78205,22.16436],[87.77955,22.16414],[87.77438,22.16649],[87.77074,22.16654],[87.7676,22.16761],[87.76232,22.16789],[87.75882,22.16907],[87.75675,22.16986],[87.75547,22.17184],[87.75466,22.1723],[87.75083,22.17199],[87.75007,22.17384],[87.74762,22.17662],[87.74566,22.17582]]]}},{"type":"Feature","bbox":[87.81031,22.12922,87.97446,22.26105],"properties":{"kind":"block","block":"Nandakumar","lgd":2961},"geometry":{"type":"Polygon","coordinates":[[[87.84848,22.16369],[87.84342,22.16216],[87.83086,22.16293],[87.8311,22.16353],[87.82864,22.1648],[87.82862,22.16575],[87.83032,22.16911],[87.82965,22.17129],[87.82862,22.17172],[87.82399,22.17124],[87.82287,22.17161],[87.81875,22.1769],[87.81577,22.18209],[87.81576,22.18326],[87.817,22.1851],[87.81538,22.18856],[87.81913,22.1896],[87.81965,22.19078],[87.81945,22.19284],[87.81766,22.19771],[87.81191,22.20413],[87.81164,22.20513],[87.81072,22.20512],[87.81031,22.20687],[87.81105,22.21302],[87.81376,22.22005],[87.81407,22.22247],[87.81233,22.2276],[87.81355,22.22831],[87.81193,22.23347],[87.81376,22.24168],[87.81536,22.24287],[87.81355,22.24645],[87.81388,22.24719],[87.81482,22.24762],[87.81756,22.2476],[87.81977,22.24666],[87.82501,22.24557],[87.82506,22.24774],[87.82413,22.25167],[87.82409,22.25844],[87.82426,22.25928],[87.82569,22.26031],[87.8272,22.26069],[87.83224,22.25791],[87.83655,22.257],[87.83801,22.25612],[87.83922,22.25397],[87.84212,22.25634],[87.84585,22.25154],[87.84719,22.25164],[87.84948,22.25537],[87.85068,22.2586],[87.85337,22.25865],[87.86352,22.25697],[87.86283,22.25913],[87.86181,22.25981],[87.86216,22.26067],[87.86513,22.26079],[87.86648,22.26036],[87.87414,22.26085],[87.8749,22.26052],[87.87673,22.25632],[87.87706,22.2536],[87.88025,22.25334],[87.88271,22.25587],[87.88464,22.25685],[87.8904,22.25786],[87.89063,22.25876],[87.89114,22.25888],[87.8931,22.25776],[87.89633,22.25797],[87.89823,22.25928],[87.899,22.25891],[87.90637,22.25898],[87.90707,22.25711],[87.90895,22.25682],[87.909,22.2554],[87.90961,22.25499],[87.91073,22.2551],[87.9118,22.25616],[87.91425,22.25552],[87.91718,22.26073],[87.91846,22.26105],[87.92406,22.25918],[87.92588,22.25981],[87.92666,22.25933],[87.92818,22.25948],[87.93051,22.25848],[87.93237,22.25845],[87.93428,22.2571],[87.93663,22.25732],[87.93803,22.25635],[87.94117,22.25747],[87.94452,22.25593],[87.94455,22.25714],[87.95288,22.25078],[87.95894,22.24444],[87.96469,22.24236],[87.96802,22.24045],[87.97108,22.23776],[87.97246,22.23567],[87.97315,22.23259],[87.97231,22.2284],[87.9734,22.22279],[87.97446,22.22286],[87.97429,22.22227],[87.96918,22.21812],[87.96769,22.21623],[87.96229,22.20834],[87.96172,22.20509],[87.95764,22.20095],[87.95593,22.19434],[87.95606,22.19335],[87.95699,22.19209],[87.95557,22.19098],[87.95415,22.1876],[87.95414,22.18521],[87.95531,22.183],[87.95269,22.18288],[87.95137,22.1798],[87.95192,22.17814],[87.95388,22.17891],[87.95404,22.17826],[87.95526,22.17755],[87.95582,22.17268],[87.95696,22.17228],[87.95891,22.17282],[87.95953,22.17228],[87.96026,22.17623],[87.96244,22.17389],[87.96469,22.17],[87.96528,22.16778],[87.96462,22.16784],[87.96414,22.16666],[87.96262,22.1656],[87.96326,22.16418],[87.96252,22.16198],[87.95709,22.16332],[87.95613,22.16288],[87.95704,22.16253],[87.95607,22.16062],[87.95519,22.16089],[87.95399,22.15986],[87.95377,22.15756],[87.95249,22.15706],[87.95081,22.15742],[87.95088,22.16035],[87.95003,22.16236],[87.94843,22.16309],[87.94784,22.1628],[87.94831,22.16156],[87.94681,22.1592],[87.94414,22.15889],[87.93774,22.15523],[87.93282,22.15427],[87.9309,22.1549],[87.92656,22.1603],[87.92517,22.16083],[87.92456,22.16091],[87.9226,22.15908],[87.92041,22.15921],[87.91882,22.1585],[87.91623,22.15196],[87.91624,22.15068],[87.91241,22.13994],[87.91229,22.13375],[87.91096,22.12922],[87.90913,22.12995],[87.89818,22.13119],[87.89196,22.13413],[87.88416,22.141],[87.87345,22.14509],[87.8692,22.14925],[87.86477,22.15546],[87.86301,22.15668],[87.85564,22.15965],[87.85165,22.16292],[87.84848,22.16369]]]}},{"type":"Feature","bbox":[87.91517,21.8903,88.05666,22.07994],"properties":{"kind":"block","block":"Nandigram-I","lgd":2962},"geometry":{"type":"Polygon","coordinates":[[[87.92823,21.94585],[87.92985,21.94672],[87.93128,21.94838],[87.9317,21.95304],[87.93232,21.95455],[87.93797,21.9532],[87.93806,21.95523],[87.93759,21.95633],[87.93805,21.95792],[87.93715,21.95851],[87.93695,21.95924],[87.93839,21.96138],[87.93997,21.96524],[87.93847,21.96682],[87.93707,21.96739],[87.93441,21.97155],[87.93421,21.97236],[87.93506,21.97351],[87.934,21.97425],[87.93392,21.97693],[87.93263,21.97714],[87.93316,21.98018],[87.93277,21.98246],[87.93227,21.98285],[87.92987,21.98264],[87.92862,21.98389],[87.92091,21.99653],[87.91833,21.99797],[87.91607,21.99731],[87.91642,22.00169],[87.91517,22.00481],[87.91547,22.00525],[87.91682,22.00537],[87.91862,22.00489],[87.92203,22.00812],[87.92251,22.00963],[87.92246,22.01463],[87.92326,22.01737],[87.9233,22.02034],[87.92423,22.02206],[87.92416,22.02417],[87.92443,22.02525],[87.92565,22.02641],[87.9275,22.02984],[87.92744,22.03229],[87.92677,22.03418],[87.92752,22.03694],[87.92602,22.03866],[87.92582,22.0401],[87.92641,22.03973],[87.92687,22.04062],[87.92659,22.04125],[87.93035,22.04029],[87.93205,22.03859],[87.93199,22.03758],[87.93327,22.03694],[87.93314,22.03779],[87.93392,22.03779],[87.93567,22.03682],[87.93655,22.03914],[87.94031,22.03872],[87.9409,22.04105],[87.94166,22.04139],[87.94275,22.04315],[87.94265,22.04412],[87.94879,22.04349],[87.94851,22.04557],[87.94997,22.04591],[87.9546,22.04575],[87.95622,22.04528],[87.95694,22.04632],[87.95834,22.04481],[87.96239,22.04527],[87.9624,22.04604],[87.96606,22.04673],[87.96642,22.04724],[87.96513,22.0475],[87.96555,22.05178],[87.96393,22.05221],[87.96469,22.05378],[87.965,22.057],[87.96409,22.05889],[87.9646,22.06044],[87.96953,22.05914],[87.96834,22.06043],[87.9682,22.06224],[87.96916,22.06242],[87.97038,22.06562],[87.97032,22.07056],[87.96976,22.07093],[87.97056,22.07192],[87.97609,22.07413],[87.97852,22.07348],[87.97944,22.07239],[87.9801,22.07641],[87.98405,22.07479],[87.98477,22.0738],[87.98483,22.07283],[87.99304,22.07298],[87.99627,22.07568],[87.99935,22.07994],[88.00403,22.07676],[88.01438,22.07261],[88.02243,22.0688],[88.02598,22.06512],[88.02802,22.05973],[88.02899,22.05123],[88.02824,22.04338],[88.02844,22.03908],[88.03172,22.03255],[88.03828,22.03493],[88.03936,22.03458],[88.04001,22.03505],[88.04479,22.03525],[88.04602,22.03587],[88.04672,22.03424],[88.04669,22.031],[88.04851,22.03075],[88.05291,22.02897],[88.05246,22.02619],[88.05626,22.02577],[88.05639,22.02442],[88.05576,22.02239],[88.05666,22.0224],[88.05359,22.01677],[88.05122,22.0152],[88.04997,22.01376],[88.04994,22.01283],[88.05242,22.00732],[88.04961,22.00081],[88.0466,21.99777],[88.04539,21.99554],[88.04097,21.99006],[88.04082,21.98894],[88.036,21.98218],[88.03214,21.97135],[88.02857,21.96518],[88.02566,21.96186],[88.02528,21.95957],[88.02145,21.95151],[88.02046,21.94793],[88.01773,21.94309],[88.01349,21.942],[88.01098,21.94299],[88.01113,21.94171],[88.01289,21.94118],[88.01565,21.94188],[88.01635,21.94143],[88.01662,21.94021],[88.01529,21.93762],[88.01367,21.93251],[88.0127,21.92553],[88.01174,21.92284],[88.01198,21.92092],[88.00255,21.90653],[88.00366,21.906],[87.99172,21.9037],[87.98931,21.90169],[87.98898,21.89915],[87.98643,21.89802],[87.98581,21.89545],[87.98395,21.89436],[87.98288,21.89167],[87.98211,21.89095],[87.97942,21.8903],[87.975,21.89036],[87.96955,21.89168],[87.96706,21.89349],[87.96518,21.89606],[87.965,21.8971],[87.96603,21.90196],[87.96817,21.90523],[87.96937,21.9093],[87.96867,21.91125],[87.96852,21.9135],[87.96709,21.91721],[87.96699,21.91907],[87.96419,21.92532],[87.95818,21.93349],[87.95483,21.93685],[87.95123,21.93804],[87.94606,21.93732],[87.9439,21.93495],[87.94308,21.93465],[87.93883,21.93551],[87.93804,21.93619],[87.93785,21.93863],[87.93738,21.93923],[87.93402,21.94213],[87.92823,21.94585]]]}},{"type":"Feature","bbox":[87.8407,21.94585,87.99935,22.10801],"properties":{"kind":"block","block":"Nandigram-II","lgd":2963},"geometry":{"type":"Polygon","coordinates":[[[87.87904,21.96846],[87.8761,21.96593],[87.87477,21.9654],[87.87199,21.9648],[87.86721,21.96544],[87.86432,21.96465],[87.85928,21.96704],[87.85622,21.97269],[87.85545,21.97332],[87.84977,21.97264],[87.84507,21.97324],[87.84485,21.97483],[87.843,21.97715],[87.8407,21.97721],[87.84371,21.98181],[87.84651,21.98499],[87.84758,21.98834],[87.84693,21.9912],[87.84824,21.99761],[87.8482,22.00167],[87.84701,22.00385],[87.84536,22.00495],[87.8452,22.00591],[87.84643,22.00738],[87.84869,22.00799],[87.84989,22.00887],[87.85067,22.01031],[87.85052,22.01216],[87.85125,22.01371],[87.85337,22.01472],[87.8543,22.01622],[87.85452,22.01997],[87.85632,22.02205],[87.85654,22.02349],[87.85563,22.02552],[87.85585,22.02673],[87.85718,22.02739],[87.85949,22.02704],[87.85993,22.02782],[87.8598,22.02954],[87.86126,22.03133],[87.86165,22.0336],[87.86732,22.03355],[87.86802,22.04109],[87.8687,22.04382],[87.87282,22.05292],[87.8748,22.05459],[87.87799,22.05576],[87.8784,22.05672],[87.87789,22.05926],[87.88187,22.06248],[87.88583,22.06332],[87.88807,22.06595],[87.89245,22.06888],[87.89404,22.06789],[87.89454,22.06348],[87.8957,22.06231],[87.89811,22.06222],[87.89884,22.06484],[87.90008,22.06494],[87.90073,22.06759],[87.90368,22.06765],[87.90383,22.06715],[87.90491,22.0671],[87.911,22.0673],[87.91216,22.06896],[87.9159,22.07167],[87.9197,22.07246],[87.92167,22.07214],[87.92137,22.07364],[87.92007,22.07411],[87.92174,22.07504],[87.92208,22.07613],[87.9219,22.07761],[87.92311,22.08275],[87.9229,22.08567],[87.92364,22.08795],[87.92512,22.08869],[87.92742,22.08886],[87.92938,22.08827],[87.93036,22.0871],[87.93025,22.08613],[87.93226,22.08782],[87.93462,22.08775],[87.93706,22.08684],[87.94156,22.08734],[87.9432,22.09283],[87.94198,22.09571],[87.94263,22.09662],[87.94941,22.09574],[87.95217,22.09701],[87.95298,22.09863],[87.95477,22.10034],[87.95823,22.09781],[87.95843,22.09833],[87.9601,22.09821],[87.96311,22.09883],[87.97286,22.10716],[87.97505,22.10801],[87.97886,22.10788],[87.98264,22.1042],[87.99417,22.08542],[87.99935,22.07994],[87.99627,22.07568],[87.99304,22.07298],[87.98483,22.07283],[87.98477,22.0738],[87.98405,22.07479],[87.9801,22.07641],[87.97944,22.07239],[87.97852,22.07348],[87.97609,22.07413],[87.97056,22.07192],[87.96976,22.07093],[87.97032,22.07056],[87.97038,22.06562],[87.96916,22.06242],[87.9682,22.06224],[87.96834,22.06043],[87.96953,22.05914],[87.9646,22.06044],[87.96409,22.05889],[87.965,22.057],[87.96469,22.05378],[87.96393,22.05221],[87.96555,22.05178],[87.96513,22.0475],[87.96642,22.04724],[87.96606,22.04673],[87.9624,22.04604],[87.96239,22.04527],[87.95834,22.04481],[87.95694,22.04632],[87.95622,22.04528],[87.9546,22.04575],[87.94997,22.04591],[87.94851,22.04557],[87.94879,22.04349],[87.94265,22.04412],[87.94275,22.04315],[87.94166,22.04139],[87.9409,22.04105],[87.94031,22.03872],[87.93655,22.03914],[87.93567,22.03682],[87.93392,22.03779],[87.93314,22.03779],[87.93327,22.03694],[87.93199,22.03758],[87.93205,22.03859],[87.93035,22.04029],[87.92659,22.04125],[87.92687,22.04062],[87.92641,22.03973],[87.92582,22.0401],[87.92602,22.03866],[87.92752,22.03694],[87.92677,22.03418],[87.92744,22.03229],[87.9275,22.02984],[87.92565,22.02641],[87.92443,22.02525],[87.92416,22.02417],[87.92423,22.02206],[87.9233,22.02034],[87.92326,22.01737],[87.92246,22.01463],[87.92251,22.00963],[87.92203,22.00812],[87.91923,22.00522],[87.91862,22.00489],[87.91547,22.00525],[87.91517,22.00481],[87.91642,22.00169],[87.91607,21.99731],[87.91833,21.99797],[87.92091,21.99653],[87.92862,21.98389],[87.92987,21.98264],[87.93227,21.98285],[87.93277,21.98246],[87.93316,21.98018],[87.93263,21.97714],[87.93392,21.97693],[87.934,21.97425],[87.93506,21.97351],[87.93421,21.97236],[87.93441,21.97155],[87.93707,21.96739],[87.93847,21.96682],[87.93997,21.96524],[87.93839,21.96138],[87.93695,21.95924],[87.93715,21.95851],[87.93805,21.95792],[87.93759,21.95633],[87.93806,21.95523],[87.93797,21.9532],[87.93232,21.95455],[87.9317,21.95304],[87.93128,21.94838],[87.92985,21.94672],[87.92823,21.94585],[87.92566,21.94685],[87.92431,21.94828],[87.92013,21.94939],[87.91635,21.94841],[87.91289,21.95024],[87.91076,21.95287],[87.91006,21.95468],[87.91,21.95632],[87.911,21.9595],[87.90864,21.96393],[87.90628,21.96601],[87.90027,21.96734],[87.89764,21.96632],[87.896,21.96642],[87.89362,21.96688],[87.89204,21.96777],[87.88693,21.96867],[87.88066,21.96883],[87.87904,21.96846]]]}},{"type":"Feature","bbox":[87.64388,22.29106,87.83788,22.50738],"properties":{"kind":"block","block":"Panskura-I","lgd":2964},"geometry":{"type":"Polygon","coordinates":[[[87.68212,22.3256],[87.67773,22.3245],[87.67529,22.32484],[87.67374,22.32644],[87.67324,22.32783],[87.67357,22.32905],[87.67291,22.32938],[87.67135,22.32713],[87.66804,22.32753],[87.66729,22.32533],[87.66547,22.32367],[87.66429,22.32331],[87.6639,22.32407],[87.66433,22.32651],[87.66348,22.32919],[87.66543,22.33081],[87.66535,22.33121],[87.65993,22.33074],[87.65658,22.33196],[87.65517,22.33154],[87.6541,22.32839],[87.65158,22.32685],[87.65101,22.32551],[87.64921,22.32603],[87.64746,22.32512],[87.647,22.32636],[87.6471,22.3298],[87.64979,22.33085],[87.6501,22.33124],[87.64979,22.3323],[87.64844,22.33281],[87.64646,22.33167],[87.64546,22.33183],[87.64422,22.33286],[87.64431,22.33367],[87.64592,22.33537],[87.64627,22.3369],[87.64443,22.34038],[87.64388,22.34442],[87.64393,22.34555],[87.64547,22.34855],[87.64503,22.35878],[87.64612,22.36251],[87.64467,22.36291],[87.64431,22.36354],[87.6479,22.3674],[87.64854,22.37055],[87.64837,22.37312],[87.64935,22.37573],[87.65107,22.37811],[87.65424,22.3969],[87.6549,22.3985],[87.65784,22.4006],[87.65822,22.40764],[87.65809,22.4093],[87.65617,22.41039],[87.65624,22.41709],[87.65537,22.42062],[87.65276,22.42086],[87.65184,22.42674],[87.65102,22.4267],[87.64896,22.42975],[87.64659,22.4308],[87.64608,22.43146],[87.64595,22.43378],[87.64605,22.43508],[87.64761,22.43711],[87.64979,22.43879],[87.65302,22.44677],[87.6525,22.44706],[87.65228,22.44803],[87.65275,22.45011],[87.65308,22.45086],[87.65385,22.45106],[87.65465,22.45281],[87.65617,22.45285],[87.65661,22.45336],[87.65675,22.45622],[87.65825,22.45761],[87.65904,22.46148],[87.6595,22.46197],[87.66405,22.46092],[87.66515,22.46111],[87.66754,22.46018],[87.67085,22.46062],[87.67229,22.4646],[87.67355,22.46525],[87.67424,22.46852],[87.67363,22.46984],[87.67337,22.4774],[87.67278,22.47984],[87.67371,22.48157],[87.67381,22.48365],[87.67467,22.48462],[87.67649,22.48496],[87.6771,22.48619],[87.67985,22.48684],[87.68327,22.4888],[87.68899,22.48989],[87.69032,22.49986],[87.69048,22.50506],[87.69136,22.50738],[87.69329,22.50688],[87.69858,22.50429],[87.70151,22.50107],[87.70267,22.49854],[87.70656,22.49483],[87.70899,22.49025],[87.71012,22.48937],[87.71509,22.48853],[87.71774,22.48903],[87.72267,22.48907],[87.72439,22.4883],[87.72891,22.4885],[87.73898,22.48729],[87.74146,22.48528],[87.74165,22.48436],[87.74074,22.48217],[87.74148,22.48104],[87.74358,22.47959],[87.74556,22.47918],[87.74639,22.47854],[87.74624,22.47752],[87.74537,22.47641],[87.74543,22.47508],[87.74628,22.47455],[87.75125,22.47388],[87.75254,22.46976],[87.75262,22.46654],[87.75338,22.46466],[87.75725,22.46375],[87.75524,22.45896],[87.7582,22.45814],[87.75585,22.45064],[87.75833,22.44992],[87.75719,22.44497],[87.75926,22.44468],[87.75948,22.44218],[87.76022,22.44145],[87.76047,22.43827],[87.76001,22.43627],[87.75823,22.43449],[87.75836,22.43368],[87.75713,22.43147],[87.75589,22.431],[87.75617,22.42947],[87.75697,22.42892],[87.75589,22.42725],[87.75573,22.42579],[87.75422,22.42536],[87.75401,22.42134],[87.75318,22.42108],[87.75239,22.41862],[87.75324,22.41749],[87.75251,22.41651],[87.75308,22.41607],[87.75253,22.41217],[87.75384,22.41189],[87.75388,22.4101],[87.75468,22.40939],[87.75482,22.4084],[87.75561,22.40799],[87.75578,22.40697],[87.759,22.4069],[87.75901,22.40562],[87.76037,22.40482],[87.76093,22.40505],[87.76159,22.40706],[87.77255,22.40583],[87.77291,22.40519],[87.7725,22.40381],[87.77261,22.39927],[87.77431,22.39943],[87.77467,22.39884],[87.77451,22.39695],[87.77538,22.39678],[87.7752,22.39549],[87.77819,22.39426],[87.77836,22.39485],[87.77971,22.39481],[87.78024,22.39386],[87.77939,22.39089],[87.77882,22.39037],[87.78891,22.38902],[87.79239,22.38799],[87.79964,22.38792],[87.79979,22.38455],[87.80101,22.38334],[87.8023,22.38317],[87.80236,22.38149],[87.80438,22.38179],[87.80533,22.38246],[87.8077,22.38034],[87.80731,22.37812],[87.80887,22.37853],[87.81003,22.3779],[87.81043,22.37167],[87.8116,22.36832],[87.81306,22.37086],[87.81421,22.37109],[87.81758,22.37029],[87.81996,22.3703],[87.81999,22.36966],[87.82125,22.36942],[87.82366,22.36988],[87.82497,22.36955],[87.82728,22.37064],[87.82875,22.36986],[87.82851,22.36814],[87.82921,22.368],[87.83138,22.36897],[87.83334,22.3691],[87.83391,22.36869],[87.83365,22.36626],[87.83427,22.36312],[87.83612,22.36292],[87.83648,22.36447],[87.83788,22.36469],[87.83736,22.3624],[87.83776,22.36194],[87.83602,22.3591],[87.83541,22.35873],[87.8351,22.35944],[87.83395,22.35877],[87.83364,22.35802],[87.83184,22.35753],[87.83142,22.3563],[87.83052,22.35646],[87.83023,22.3548],[87.83074,22.35422],[87.83066,22.35345],[87.8286,22.35137],[87.82755,22.35146],[87.8255,22.34976],[87.8238,22.34948],[87.82015,22.35099],[87.8175,22.35072],[87.81655,22.34979],[87.81704,22.34877],[87.81676,22.34817],[87.81516,22.34755],[87.81382,22.34492],[87.81254,22.34509],[87.81152,22.34324],[87.81016,22.34276],[87.80899,22.34429],[87.80826,22.34403],[87.80897,22.34257],[87.81059,22.34209],[87.81092,22.34167],[87.81061,22.34106],[87.80844,22.33935],[87.8081,22.33834],[87.80706,22.33865],[87.80615,22.3372],[87.8032,22.33856],[87.80259,22.33826],[87.80046,22.33529],[87.80107,22.33431],[87.80024,22.33026],[87.79965,22.32966],[87.79552,22.32966],[87.79539,22.32856],[87.79367,22.32737],[87.79198,22.32538],[87.79062,22.32512],[87.78999,22.32177],[87.78761,22.32189],[87.78685,22.32234],[87.78655,22.31946],[87.78801,22.31873],[87.78779,22.31651],[87.78667,22.31595],[87.7867,22.31399],[87.79042,22.31318],[87.78958,22.30953],[87.78834,22.30992],[87.78807,22.31066],[87.78706,22.31075],[87.78706,22.31013],[87.78634,22.30991],[87.78528,22.30594],[87.78553,22.30414],[87.78342,22.30429],[87.78466,22.30088],[87.78566,22.29454],[87.78691,22.29243],[87.78785,22.29172],[87.7864,22.29106],[87.78488,22.29144],[87.78242,22.29536],[87.77953,22.29638],[87.77689,22.2982],[87.77191,22.29955],[87.76877,22.30161],[87.76375,22.30255],[87.76402,22.30374],[87.76084,22.30519],[87.75855,22.30688],[87.75373,22.30577],[87.75248,22.30584],[87.75157,22.30705],[87.74945,22.30716],[87.74287,22.30621],[87.73649,22.30734],[87.73399,22.30959],[87.73005,22.31125],[87.72243,22.31675],[87.72364,22.31805],[87.72384,22.31934],[87.72145,22.32116],[87.71603,22.32299],[87.7146,22.32392],[87.70679,22.32595],[87.70591,22.32794],[87.69833,22.32926],[87.6952,22.3269],[87.69099,22.32711],[87.68987,22.3268],[87.68923,22.32589],[87.68212,22.3256]]]}},{"type":"Feature","bbox":[87.46006,21.7805,87.68642,22.10475],"properties":{"kind":"block","block":"Patashpur-I","lgd":2965},"geometry":{"type":"MultiPolygon","coordinates":[[[[87.61963,21.79535],[87.61773,21.78803],[87.61085,21.78654],[87.60503,21.78653],[87.60513,21.78243],[87.60393,21.78054],[87.60322,21.7805],[87.60323,21.78787],[87.60202,21.79688],[87.59975,21.80449],[87.60232,21.80485],[87.60346,21.80579],[87.60713,21.80627],[87.60749,21.8081],[87.6131,21.807],[87.61279,21.8045],[87.61316,21.80241],[87.61458,21.80012],[87.61963,21.79535]]],[[[87.47947,21.99044],[87.47983,21.99704],[87.47834,22.00168],[87.4716,22.0033],[87.46893,22.00478],[87.46441,22.0055],[87.46113,22.00535],[87.46043,22.00573],[87.46006,22.00718],[87.46109,22.00936],[87.46332,22.01176],[87.46359,22.01262],[87.46243,22.01881],[87.46265,22.02037],[87.46466,22.02448],[87.46515,22.02657],[87.47064,22.02752],[87.47219,22.02873],[87.47269,22.02958],[87.47164,22.03074],[87.47159,22.03164],[87.47441,22.03263],[87.47501,22.03325],[87.4752,22.03546],[87.47752,22.0355],[87.47725,22.03743],[87.47799,22.03775],[87.479,22.03781],[87.48146,22.03634],[87.48265,22.03358],[87.48394,22.03191],[87.48499,22.03133],[87.48591,22.03187],[87.48629,22.03468],[87.48921,22.04132],[87.49006,22.04549],[87.48475,22.04513],[87.48162,22.04625],[87.47883,22.046],[87.47836,22.04837],[87.47839,22.05245],[87.48036,22.05943],[87.48212,22.06114],[87.4862,22.06177],[87.48712,22.06263],[87.48644,22.06361],[87.485,22.06425],[87.47686,22.06592],[87.47704,22.068],[87.47682,22.06856],[87.47541,22.0689],[87.47448,22.0736],[87.47509,22.07462],[87.47701,22.0748],[87.47835,22.07559],[87.48441,22.08171],[87.48784,22.08312],[87.49011,22.08503],[87.49085,22.08581],[87.49142,22.08857],[87.49193,22.08896],[87.50375,22.08849],[87.50935,22.0872],[87.51062,22.08792],[87.51406,22.08839],[87.51904,22.08757],[87.53082,22.08864],[87.53285,22.08765],[87.53261,22.08478],[87.53319,22.08396],[87.5368,22.08165],[87.53907,22.08146],[87.54352,22.08415],[87.55374,22.08269],[87.55538,22.08324],[87.56101,22.09186],[87.5635,22.09419],[87.5674,22.09501],[87.57244,22.09327],[87.57551,22.09323],[87.58234,22.09661],[87.58653,22.09963],[87.59429,22.103],[87.61237,22.10025],[87.61525,22.10193],[87.62439,22.10172],[87.63838,22.10451],[87.64399,22.10331],[87.65247,22.10312],[87.66009,22.10357],[87.66236,22.10439],[87.66501,22.10461],[87.67341,22.10475],[87.67387,22.10378],[87.67449,22.09401],[87.67427,22.09023],[87.67511,22.0842],[87.6719,22.08398],[87.67039,22.08302],[87.6714,22.07801],[87.67433,22.07816],[87.67649,22.0792],[87.67646,22.08496],[87.68116,22.08534],[87.68642,22.08498],[87.68528,22.07817],[87.68436,22.07777],[87.68438,22.06941],[87.6839,22.06634],[87.68496,22.06282],[87.68484,22.06179],[87.68193,22.06273],[87.67709,22.06253],[87.67592,22.0584],[87.67273,22.05748],[87.67085,22.05789],[87.66809,22.05578],[87.66739,22.05462],[87.66799,22.05128],[87.6678,22.05008],[87.66714,22.04941],[87.66126,22.04941],[87.65922,22.04882],[87.65636,22.0501],[87.65577,22.04416],[87.64979,22.04547],[87.64871,22.04463],[87.64995,22.04332],[87.64824,22.03543],[87.65106,22.03472],[87.65341,22.03493],[87.65434,22.03232],[87.65004,22.03323],[87.64832,22.03337],[87.64759,22.0329],[87.6398,22.0335],[87.63738,22.03161],[87.63735,22.03026],[87.63326,22.03031],[87.63275,22.02934],[87.63148,22.02895],[87.63133,22.02816],[87.62987,22.02823],[87.62985,22.02878],[87.62577,22.02931],[87.62564,22.03146],[87.62668,22.03176],[87.62681,22.03306],[87.62748,22.03343],[87.62693,22.03411],[87.62828,22.03611],[87.62662,22.03619],[87.62716,22.03825],[87.62662,22.03865],[87.62521,22.03851],[87.62513,22.03726],[87.62389,22.03627],[87.62076,22.03618],[87.62046,22.03463],[87.61835,22.03445],[87.6183,22.03268],[87.61729,22.03217],[87.61339,22.03182],[87.61406,22.02942],[87.61588,22.02619],[87.6148,22.02348],[87.61276,22.02177],[87.61131,22.01862],[87.61149,22.01781],[87.61339,22.01777],[87.6136,22.01718],[87.61141,22.01005],[87.61193,22.00876],[87.61179,22.00731],[87.61093,22.00695],[87.61061,22.00606],[87.61067,22.00506],[87.61165,22.00435],[87.61351,22.00401],[87.61223,22.00332],[87.61036,22.0026],[87.60945,22.00283],[87.59999,22.00134],[87.59663,22.0014],[87.59543,22.00216],[87.59414,22.00207],[87.593,22.00284],[87.59288,22.00435],[87.59221,22.00408],[87.59101,22.00193],[87.58639,22.00297],[87.58601,22.00399],[87.58669,22.00556],[87.58679,22.0082],[87.58581,22.00882],[87.58289,22.00852],[87.57968,22.00893],[87.57904,22.00991],[87.57698,22.01067],[87.57523,22.01056],[87.57416,22.01331],[87.57157,22.01443],[87.56945,22.01613],[87.56768,22.01541],[87.56614,22.01556],[87.56505,22.01747],[87.56679,22.02069],[87.56737,22.02313],[87.56519,22.02442],[87.56456,22.02825],[87.56512,22.03183],[87.56463,22.03282],[87.5647,22.03604],[87.56015,22.03542],[87.55965,22.03239],[87.5564,22.03281],[87.5562,22.03351],[87.55284,22.03405],[87.55313,22.03625],[87.55176,22.03713],[87.55118,22.03686],[87.54989,22.03782],[87.54927,22.03722],[87.54646,22.03799],[87.54622,22.04035],[87.54474,22.04102],[87.54462,22.04036],[87.54304,22.04029],[87.54238,22.03579],[87.53843,22.03576],[87.53837,22.03537],[87.53618,22.03448],[87.53554,22.03492],[87.53218,22.03509],[87.53142,22.03144],[87.53048,22.03097],[87.52747,22.03118],[87.52679,22.0258],[87.52615,22.02576],[87.52579,22.025],[87.52364,22.02537],[87.52367,22.02456],[87.52689,22.02417],[87.53034,22.02441],[87.53015,22.02313],[87.5257,22.0228],[87.52462,22.02105],[87.52279,22.0215],[87.52104,22.01964],[87.52011,22.01925],[87.51508,22.01974],[87.51538,22.02083],[87.51428,22.02093],[87.51414,22.01997],[87.50999,22.02062],[87.51047,22.01666],[87.51131,22.01636],[87.51073,22.01458],[87.51162,22.01431],[87.51222,22.01292],[87.51358,22.01259],[87.51364,22.01093],[87.51138,22.01083],[87.51127,22.01293],[87.50938,22.01299],[87.50928,22.0123],[87.50697,22.0113],[87.50556,22.01156],[87.50123,22.01097],[87.50076,22.01043],[87.49575,22.01021],[87.49466,22.00975],[87.49367,22.00762],[87.49218,22.00762],[87.49214,22.00634],[87.49119,22.00623],[87.49204,22.00417],[87.49273,22.00358],[87.4942,22.00366],[87.49643,22.00245],[87.49662,22.00144],[87.49635,22.00038],[87.4948,22.00013],[87.49357,21.99916],[87.49365,21.99794],[87.49525,21.99746],[87.49563,21.99652],[87.49666,21.99606],[87.49817,21.99603],[87.49811,21.99643],[87.49998,21.99674],[87.50054,21.99616],[87.50162,21.99651],[87.50235,21.99604],[87.50178,21.99478],[87.50213,21.99388],[87.50274,21.9937],[87.5027,21.99297],[87.50206,21.99134],[87.49934,21.99144],[87.49831,21.99065],[87.49727,21.99051],[87.49668,21.98837],[87.49187,21.98866],[87.49091,21.98609],[87.48335,21.9862],[87.48324,21.99013],[87.47947,21.99044]]]]}},{"type":"Feature","bbox":[87.47919,21.90819,87.68153,22.04102],"properties":{"kind":"block","block":"Patashpur-II","lgd":2966},"geometry":{"type":"Polygon","coordinates":[[[87.52262,21.91283],[87.51761,21.91502],[87.51667,21.91472],[87.51345,21.91703],[87.51137,21.92051],[87.51162,21.92358],[87.50925,21.92605],[87.50888,21.93135],[87.50932,21.93376],[87.50896,21.93412],[87.50918,21.93843],[87.50726,21.93878],[87.50763,21.94056],[87.5085,21.94087],[87.5107,21.94051],[87.51066,21.94553],[87.51003,21.94582],[87.51003,21.94772],[87.51254,21.94798],[87.51314,21.95101],[87.51262,21.95162],[87.50976,21.95233],[87.50916,21.95505],[87.50799,21.95679],[87.5063,21.95805],[87.50155,21.9593],[87.50027,21.95929],[87.49758,21.95754],[87.48952,21.95678],[87.48597,21.95712],[87.48591,21.95991],[87.48472,21.96138],[87.48434,21.96298],[87.48479,21.96672],[87.4846,21.96959],[87.48143,21.9781],[87.47919,21.97969],[87.48091,21.98333],[87.48282,21.98221],[87.48345,21.9823],[87.48335,21.9862],[87.49091,21.98609],[87.49187,21.98866],[87.49668,21.98837],[87.49727,21.99051],[87.49831,21.99065],[87.49934,21.99144],[87.50206,21.99134],[87.5027,21.99297],[87.50274,21.9937],[87.50213,21.99388],[87.50178,21.99478],[87.50235,21.99604],[87.50162,21.99651],[87.50054,21.99616],[87.49998,21.99674],[87.49811,21.99643],[87.49817,21.99603],[87.49666,21.99606],[87.49563,21.99652],[87.49525,21.99746],[87.49365,21.99794],[87.49357,21.99916],[87.4948,22.00013],[87.49635,22.00038],[87.49662,22.00144],[87.49643,22.00245],[87.4942,22.00366],[87.49273,22.00358],[87.49204,22.00417],[87.49119,22.00623],[87.49214,22.00634],[87.49218,22.00762],[87.49367,22.00762],[87.49466,22.00975],[87.49575,22.01021],[87.50076,22.01043],[87.50123,22.01097],[87.50556,22.01156],[87.50697,22.0113],[87.50928,22.0123],[87.50938,22.01299],[87.51127,22.01293],[87.51138,22.01083],[87.51364,22.01093],[87.51358,22.01259],[87.51222,22.01292],[87.51162,22.01431],[87.51073,22.01458],[87.51131,22.01636],[87.51047,22.01666],[87.50999,22.02062],[87.51414,22.01997],[87.51428,22.02093],[87.51538,22.02083],[87.51508,22.01974],[87.52011,22.01925],[87.52104,22.01964],[87.52279,22.0215],[87.52462,22.02105],[87.5257,22.0228],[87.53015,22.02313],[87.53034,22.02441],[87.52456,22.02429],[87.52367,22.02456],[87.52364,22.02537],[87.52579,22.025],[87.52615,22.02576],[87.52679,22.0258],[87.52747,22.03118],[87.53048,22.03097],[87.53142,22.03144],[87.53218,22.03509],[87.53554,22.03492],[87.53618,22.03448],[87.53837,22.03537],[87.53843,22.03576],[87.54238,22.03579],[87.54304,22.04029],[87.54462,22.04036],[87.54474,22.04102],[87.54622,22.04035],[87.54646,22.03799],[87.54927,22.03722],[87.54989,22.03782],[87.55118,22.03686],[87.55176,22.03713],[87.55313,22.03625],[87.55284,22.03405],[87.5562,22.03351],[87.5564,22.03281],[87.55965,22.03239],[87.56015,22.03542],[87.5647,22.03604],[87.56463,22.03282],[87.56512,22.03183],[87.56456,22.02825],[87.56519,22.02442],[87.56737,22.02313],[87.56679,22.02069],[87.56505,22.01747],[87.56614,22.01556],[87.56768,22.01541],[87.56945,22.01613],[87.57157,22.01443],[87.57416,22.01331],[87.57523,22.01056],[87.57698,22.01067],[87.57904,22.00991],[87.57968,22.00893],[87.58289,22.00852],[87.58581,22.00882],[87.58679,22.0082],[87.58669,22.00556],[87.58601,22.00399],[87.58639,22.00297],[87.59101,22.00193],[87.59221,22.00408],[87.59288,22.00435],[87.593,22.00284],[87.59663,22.0014],[87.60237,22.00152],[87.60945,22.00283],[87.61036,22.0026],[87.61351,22.00401],[87.61165,22.00435],[87.61067,22.00506],[87.61061,22.00606],[87.61093,22.00695],[87.61179,22.00731],[87.61193,22.00876],[87.61141,22.01005],[87.6136,22.01718],[87.61339,22.01777],[87.61149,22.01781],[87.61131,22.01862],[87.61276,22.02177],[87.6148,22.02348],[87.61588,22.02619],[87.61406,22.02942],[87.61339,22.03182],[87.61729,22.03217],[87.6183,22.03268],[87.61835,22.03445],[87.62046,22.03463],[87.62076,22.03618],[87.62389,22.03627],[87.62513,22.03726],[87.62521,22.03851],[87.62662,22.03865],[87.62716,22.03825],[87.62662,22.03619],[87.62828,22.03611],[87.62693,22.03411],[87.62748,22.03343],[87.62681,22.03306],[87.62668,22.03176],[87.62564,22.03146],[87.62577,22.02931],[87.62985,22.02878],[87.62987,22.02823],[87.63133,22.02816],[87.63148,22.02895],[87.63275,22.02934],[87.63326,22.03031],[87.63735,22.03026],[87.63738,22.03161],[87.6398,22.0335],[87.64759,22.0329],[87.64667,22.03061],[87.64653,22.02717],[87.64855,22.02021],[87.6496,22.01882],[87.65144,22.01903],[87.65325,22.01853],[87.65495,22.02031],[87.65488,22.02324],[87.65716,22.02025],[87.65768,22.01832],[87.65662,22.01551],[87.65483,22.01522],[87.65374,22.01424],[87.65233,22.01411],[87.65229,22.00895],[87.65148,22.00648],[87.65269,22.00366],[87.65358,22.00319],[87.65698,22.0035],[87.66005,22.00317],[87.66155,22.00257],[87.66384,22.00005],[87.67261,21.99921],[87.67465,21.99604],[87.67693,21.98377],[87.67837,21.96825],[87.68147,21.96274],[87.68153,21.96151],[87.67938,21.95194],[87.68049,21.93962],[87.68028,21.9291],[87.67991,21.92834],[87.6787,21.92765],[87.6732,21.92649],[87.67162,21.9254],[87.66997,21.92124],[87.67007,21.91385],[87.67071,21.91206],[87.67256,21.90932],[87.67336,21.90887],[87.67242,21.90819],[87.66454,21.91109],[87.65238,21.91342],[87.64777,21.91886],[87.64187,21.91854],[87.63908,21.91791],[87.63607,21.91806],[87.63097,21.91583],[87.62385,21.91381],[87.6237,21.91566],[87.62418,21.91759],[87.62384,21.91816],[87.61871,21.92159],[87.60613,21.93225],[87.60215,21.93283],[87.60135,21.93558],[87.59826,21.93963],[87.59942,21.941],[87.59891,21.94154],[87.59123,21.94216],[87.58849,21.94116],[87.58786,21.93846],[87.58575,21.93675],[87.58437,21.93679],[87.58047,21.93493],[87.57523,21.93575],[87.57288,21.93448],[87.56903,21.93641],[87.56945,21.93865],[87.56792,21.93918],[87.56702,21.94037],[87.56583,21.9404],[87.56466,21.93896],[87.56279,21.93815],[87.56266,21.93642],[87.55797,21.93625],[87.55572,21.93556],[87.55364,21.93372],[87.55054,21.93421],[87.5496,21.93293],[87.54878,21.93291],[87.54843,21.93214],[87.54927,21.93122],[87.54933,21.92761],[87.54535,21.92767],[87.54455,21.92542],[87.54228,21.92539],[87.54185,21.92237],[87.5388,21.92241],[87.53819,21.92217],[87.538,21.92145],[87.5359,21.92134],[87.53307,21.92023],[87.52583,21.92008],[87.52539,21.91947],[87.5242,21.91949],[87.52382,21.91739],[87.52421,21.91643],[87.52262,21.91283]]]}},{"type":"Feature","bbox":[87.44478,21.61126,87.64217,21.7528],"properties":{"kind":"block","block":"Ramnagar-I","lgd":2967},"geometry":{"type":"Polygon","coordinates":[[[87.48453,21.62394],[87.48613,21.63112],[87.48599,21.63226],[87.48543,21.63263],[87.48179,21.63264],[87.48152,21.63338],[87.48052,21.63335],[87.48028,21.63461],[87.48106,21.63618],[87.47934,21.63687],[87.47937,21.63906],[87.4777,21.64042],[87.47758,21.64183],[87.47667,21.64193],[87.47606,21.64353],[87.47517,21.64399],[87.47516,21.64478],[87.47653,21.64497],[87.47647,21.64693],[87.47227,21.64767],[87.47187,21.64849],[87.47256,21.65247],[87.46456,21.65135],[87.46083,21.65033],[87.46037,21.6514],[87.46079,21.65274],[87.4605,21.65544],[87.46248,21.65865],[87.46122,21.66251],[87.46714,21.66402],[87.46754,21.6674],[87.46694,21.66891],[87.46673,21.67857],[87.46945,21.67873],[87.46945,21.68193],[87.46872,21.68219],[87.46861,21.68309],[87.46886,21.68355],[87.47111,21.68401],[87.47084,21.68858],[87.46975,21.68867],[87.46959,21.68935],[87.47095,21.68971],[87.47102,21.69059],[87.47198,21.69065],[87.47123,21.69618],[87.47363,21.69711],[87.47354,21.6981],[87.47244,21.69801],[87.47258,21.69908],[87.47149,21.69869],[87.47194,21.70244],[87.47131,21.70435],[87.47018,21.70533],[87.47206,21.70655],[87.47266,21.71032],[87.47372,21.71271],[87.47336,21.71496],[87.47181,21.71553],[87.47123,21.71742],[87.46952,21.71834],[87.46755,21.7186],[87.46582,21.72308],[87.46366,21.72471],[87.46346,21.72538],[87.46366,21.72804],[87.46408,21.72834],[87.46575,21.72747],[87.46711,21.72763],[87.46908,21.73229],[87.46781,21.73265],[87.46557,21.73179],[87.4627,21.73205],[87.46302,21.73267],[87.45881,21.73401],[87.44784,21.734],[87.44658,21.73434],[87.44478,21.73403],[87.44511,21.73843],[87.44585,21.73875],[87.4495,21.73781],[87.45319,21.7378],[87.45432,21.73909],[87.45389,21.74028],[87.45518,21.7418],[87.4582,21.7421],[87.46088,21.7434],[87.46111,21.7442],[87.45877,21.75216],[87.47094,21.7528],[87.47169,21.7508],[87.47332,21.74071],[87.47433,21.73755],[87.47533,21.73642],[87.48089,21.73672],[87.48048,21.74003],[87.48314,21.74079],[87.48299,21.74237],[87.48339,21.74282],[87.48556,21.74282],[87.4862,21.74153],[87.4854,21.73792],[87.48773,21.73423],[87.48909,21.72694],[87.49231,21.72805],[87.50011,21.7319],[87.50173,21.73154],[87.50296,21.73195],[87.50707,21.73466],[87.50903,21.73504],[87.51038,21.73488],[87.51284,21.73357],[87.5134,21.73207],[87.51445,21.73124],[87.5159,21.73113],[87.51711,21.72958],[87.51969,21.72949],[87.51995,21.72342],[87.51886,21.72236],[87.51903,21.71845],[87.51838,21.71861],[87.51787,21.71945],[87.51539,21.71919],[87.51519,21.72168],[87.50504,21.71941],[87.50628,21.71754],[87.50616,21.71691],[87.50816,21.7164],[87.50799,21.71536],[87.50627,21.7147],[87.50369,21.71272],[87.50272,21.71276],[87.50223,21.71177],[87.49797,21.71206],[87.49626,21.71169],[87.49721,21.7083],[87.49754,21.7044],[87.49953,21.70168],[87.49959,21.70019],[87.50058,21.6982],[87.50498,21.69836],[87.50586,21.70073],[87.50578,21.70441],[87.51005,21.70496],[87.51148,21.70453],[87.51086,21.69933],[87.51134,21.69911],[87.51726,21.69946],[87.51878,21.69976],[87.52041,21.7009],[87.52187,21.70099],[87.52626,21.70008],[87.53553,21.69991],[87.53499,21.6978],[87.5353,21.69722],[87.53734,21.69746],[87.53779,21.69799],[87.53769,21.69994],[87.53966,21.69991],[87.53993,21.69436],[87.54374,21.69352],[87.54523,21.69369],[87.5463,21.68997],[87.5465,21.68657],[87.54612,21.68448],[87.54643,21.68393],[87.54803,21.68301],[87.55082,21.6824],[87.55661,21.68232],[87.56084,21.68143],[87.56157,21.68656],[87.56331,21.68858],[87.56555,21.68936],[87.56574,21.68989],[87.56752,21.69013],[87.56739,21.69147],[87.56898,21.69163],[87.5692,21.69203],[87.57053,21.69179],[87.57213,21.6884],[87.58228,21.68611],[87.58225,21.68382],[87.58306,21.68281],[87.57962,21.67833],[87.57973,21.6777],[87.5813,21.67697],[87.58077,21.67587],[87.58125,21.67529],[87.58137,21.67344],[87.58284,21.67225],[87.58384,21.67296],[87.59179,21.6727],[87.59387,21.67393],[87.59651,21.67414],[87.59699,21.6748],[87.59829,21.67519],[87.60489,21.67589],[87.60696,21.67694],[87.60832,21.67845],[87.61194,21.67786],[87.61614,21.67902],[87.6168,21.67798],[87.61761,21.67381],[87.62115,21.67188],[87.62238,21.67052],[87.62261,21.66802],[87.6292,21.66389],[87.63155,21.66389],[87.63373,21.66606],[87.63523,21.66634],[87.638,21.66555],[87.63892,21.66484],[87.63989,21.66498],[87.64118,21.66329],[87.64217,21.65954],[87.63718,21.65559],[87.63434,21.64959],[87.63195,21.6478],[87.61837,21.64483],[87.60056,21.64226],[87.56559,21.63455],[87.5625,21.63426],[87.55659,21.63498],[87.55533,21.6357],[87.55412,21.63785],[87.55356,21.63805],[87.55142,21.63406],[87.55127,21.63207],[87.55172,21.63155],[87.54784,21.63138],[87.54318,21.62894],[87.53369,21.62644],[87.5331,21.62526],[87.53156,21.62487],[87.53019,21.62521],[87.52904,21.62428],[87.52643,21.62341],[87.51549,21.62129],[87.51005,21.61922],[87.49762,21.6161],[87.49642,21.61515],[87.48479,21.61126],[87.48495,21.621],[87.48453,21.62394]]]}},{"type":"Feature","bbox":[87.49626,21.64852,87.72285,21.78086],"properties":{"kind":"block","block":"Ramnagar-II","lgd":2968},"geometry":{"type":"Polygon","coordinates":[[[87.54612,21.68448],[87.5463,21.68997],[87.54523,21.69369],[87.54374,21.69352],[87.53993,21.69436],[87.53966,21.69991],[87.53769,21.69994],[87.53779,21.69799],[87.53734,21.69746],[87.5353,21.69722],[87.53499,21.6978],[87.53553,21.69991],[87.52626,21.70008],[87.52187,21.70099],[87.52041,21.7009],[87.51878,21.69976],[87.51726,21.69946],[87.51134,21.69911],[87.51086,21.69933],[87.51148,21.70453],[87.51005,21.70496],[87.50578,21.70441],[87.50586,21.70073],[87.50498,21.69836],[87.50058,21.6982],[87.49959,21.70019],[87.49953,21.70168],[87.49754,21.7044],[87.49721,21.7083],[87.49626,21.71169],[87.49797,21.71206],[87.50223,21.71177],[87.50272,21.71276],[87.50369,21.71272],[87.50627,21.7147],[87.50799,21.71536],[87.50816,21.7164],[87.50616,21.71691],[87.50628,21.71754],[87.50504,21.71941],[87.51519,21.72168],[87.51539,21.71919],[87.51787,21.71945],[87.51838,21.71861],[87.51903,21.71845],[87.51886,21.72236],[87.51995,21.72342],[87.51969,21.72949],[87.54343,21.73591],[87.55066,21.74294],[87.56032,21.74414],[87.57552,21.74705],[87.57755,21.75083],[87.57872,21.75566],[87.58054,21.75869],[87.58236,21.75931],[87.58515,21.75922],[87.59044,21.76017],[87.59533,21.76139],[87.59839,21.76422],[87.60203,21.77262],[87.60322,21.7805],[87.61337,21.78086],[87.61532,21.78052],[87.62114,21.77725],[87.62432,21.77626],[87.62721,21.77621],[87.62812,21.77556],[87.62931,21.77233],[87.63349,21.77],[87.63742,21.76862],[87.64277,21.76891],[87.64485,21.76811],[87.6456,21.76571],[87.64516,21.76382],[87.6439,21.76343],[87.64449,21.75938],[87.64439,21.75083],[87.64642,21.74934],[87.65231,21.74963],[87.65475,21.74815],[87.65739,21.74507],[87.66409,21.73898],[87.66067,21.73703],[87.65693,21.73676],[87.65524,21.73536],[87.6522,21.73104],[87.65189,21.72965],[87.64895,21.72425],[87.64781,21.72137],[87.64837,21.72063],[87.65458,21.72037],[87.65846,21.72187],[87.66752,21.72202],[87.6712,21.72069],[87.67312,21.71889],[87.67575,21.71818],[87.68061,21.71781],[87.67904,21.71369],[87.68147,21.71213],[87.68385,21.71657],[87.68827,21.71193],[87.68919,21.71],[87.69001,21.70772],[87.68973,21.70335],[87.69134,21.70256],[87.69436,21.70371],[87.69429,21.70268],[87.69559,21.70158],[87.69374,21.69767],[87.69398,21.69585],[87.69217,21.69315],[87.69205,21.68694],[87.69285,21.68638],[87.69471,21.68634],[87.69759,21.68847],[87.70051,21.68786],[87.7001,21.6868],[87.70048,21.68503],[87.70329,21.68377],[87.70392,21.68222],[87.70854,21.68118],[87.71105,21.68],[87.71882,21.6744],[87.72034,21.6718],[87.72285,21.67004],[87.71269,21.66533],[87.70011,21.6615],[87.68479,21.65585],[87.67396,21.65253],[87.66572,21.65081],[87.64987,21.64852],[87.64482,21.64968],[87.6415,21.65196],[87.64098,21.65298],[87.64046,21.65482],[87.64068,21.65638],[87.64365,21.65925],[87.64595,21.66046],[87.64604,21.66094],[87.64483,21.66123],[87.64393,21.66311],[87.64333,21.66285],[87.64326,21.66096],[87.64217,21.65954],[87.64118,21.66329],[87.63989,21.66498],[87.63892,21.66484],[87.638,21.66555],[87.63523,21.66634],[87.63373,21.66606],[87.63155,21.66389],[87.6292,21.66389],[87.62727,21.66475],[87.62261,21.66802],[87.62238,21.67052],[87.62115,21.67188],[87.61761,21.67381],[87.6168,21.67798],[87.61614,21.67902],[87.61194,21.67786],[87.60832,21.67845],[87.60696,21.67694],[87.60489,21.67589],[87.59829,21.67519],[87.59699,21.6748],[87.59651,21.67414],[87.59387,21.67393],[87.59179,21.6727],[87.58384,21.67296],[87.58284,21.67225],[87.58137,21.67344],[87.58125,21.67529],[87.58077,21.67587],[87.5813,21.67697],[87.57973,21.6777],[87.57962,21.67833],[87.58306,21.68281],[87.58225,21.68382],[87.58228,21.68611],[87.57213,21.6884],[87.57053,21.69179],[87.5692,21.69203],[87.56898,21.69163],[87.56739,21.69147],[87.56752,21.69013],[87.56574,21.68989],[87.56555,21.68936],[87.56331,21.68858],[87.56157,21.68656],[87.56084,21.68143],[87.55661,21.68232],[87.55082,21.6824],[87.54803,21.68301],[87.54612,21.68448]]]}},{"type":"Feature","bbox":[87.84154,22.29414,87.95578,22.42996],"properties":{"kind":"block","block":"Shahid Matangini","lgd":2969},"geometry":{"type":"Polygon","coordinates":[[[87.87411,22.32123],[87.87193,22.32184],[87.87078,22.3211],[87.86961,22.32139],[87.86904,22.32085],[87.86706,22.32128],[87.86685,22.32248],[87.86463,22.32252],[87.86369,22.32394],[87.86246,22.32412],[87.86205,22.32482],[87.85994,22.3255],[87.8566,22.32567],[87.85531,22.32513],[87.85503,22.32551],[87.85514,22.32671],[87.85612,22.32831],[87.8564,22.33359],[87.85709,22.33366],[87.85659,22.33619],[87.85735,22.34129],[87.8574,22.34326],[87.85527,22.34444],[87.85537,22.34612],[87.85474,22.34628],[87.85457,22.34709],[87.85577,22.3562],[87.85495,22.35656],[87.85469,22.35771],[87.84744,22.35946],[87.84971,22.36226],[87.85123,22.36265],[87.85082,22.36356],[87.85503,22.36981],[87.85069,22.36977],[87.84841,22.36685],[87.84683,22.36733],[87.84679,22.3679],[87.84456,22.36848],[87.84501,22.37013],[87.84561,22.37071],[87.84491,22.3721],[87.84595,22.37216],[87.84638,22.37327],[87.84602,22.37406],[87.84885,22.37343],[87.85037,22.37477],[87.84963,22.37809],[87.84854,22.37958],[87.84933,22.38038],[87.84978,22.38331],[87.8507,22.38411],[87.8556,22.384],[87.8547,22.38745],[87.85544,22.39377],[87.85275,22.3949],[87.85288,22.39632],[87.84864,22.39972],[87.84864,22.40104],[87.84478,22.4016],[87.8437,22.40257],[87.84293,22.40399],[87.84374,22.40687],[87.84197,22.40762],[87.84235,22.40928],[87.84154,22.41015],[87.84383,22.41179],[87.8441,22.41433],[87.84465,22.41485],[87.84623,22.41503],[87.84621,22.41621],[87.84729,22.41703],[87.84678,22.41775],[87.84742,22.41977],[87.84784,22.42026],[87.84967,22.42064],[87.8499,22.42117],[87.85085,22.42065],[87.85093,22.4201],[87.85187,22.41997],[87.85245,22.41845],[87.8525,22.41742],[87.85039,22.41683],[87.84999,22.41616],[87.85032,22.41578],[87.8525,22.41541],[87.85301,22.41403],[87.85596,22.41421],[87.85821,22.41369],[87.85828,22.4142],[87.85923,22.41418],[87.85984,22.41657],[87.85848,22.41744],[87.85896,22.42027],[87.86326,22.41982],[87.8642,22.41919],[87.86897,22.41843],[87.87128,22.41955],[87.87286,22.41962],[87.87572,22.41903],[87.87655,22.41829],[87.87639,22.41691],[87.87737,22.41686],[87.87794,22.41731],[87.87849,22.42112],[87.87957,22.42088],[87.87937,22.42019],[87.88022,22.41931],[87.88038,22.41791],[87.88152,22.41734],[87.88331,22.41772],[87.88252,22.41634],[87.88136,22.41596],[87.88279,22.41493],[87.88366,22.41489],[87.88369,22.41554],[87.88444,22.41543],[87.88363,22.41661],[87.88453,22.41726],[87.8848,22.4164],[87.88594,22.41587],[87.88948,22.41579],[87.88995,22.41321],[87.88977,22.41088],[87.89054,22.41061],[87.89304,22.41166],[87.89718,22.41206],[87.89664,22.41688],[87.89832,22.41741],[87.90054,22.41898],[87.89686,22.42323],[87.89927,22.42996],[87.91398,22.42647],[87.92025,22.42447],[87.92568,22.42155],[87.93134,22.41764],[87.9333,22.41578],[87.93529,22.41285],[87.93898,22.40507],[87.93977,22.40169],[87.94005,22.39584],[87.9436,22.38221],[87.94872,22.37572],[87.95382,22.36572],[87.95578,22.35646],[87.95411,22.3381],[87.95183,22.32423],[87.95172,22.32194],[87.95275,22.31625],[87.95273,22.31396],[87.94931,22.30709],[87.94894,22.3051],[87.95077,22.29414],[87.93978,22.30045],[87.93825,22.3044],[87.9352,22.30624],[87.93453,22.30824],[87.93435,22.30746],[87.93296,22.30829],[87.93167,22.30806],[87.92885,22.31019],[87.92503,22.30958],[87.92293,22.31153],[87.9235,22.31208],[87.92167,22.31424],[87.91941,22.31581],[87.91809,22.31569],[87.91566,22.31694],[87.91345,22.31717],[87.91233,22.31826],[87.91175,22.31822],[87.91085,22.31696],[87.90833,22.31851],[87.90791,22.31823],[87.90703,22.31873],[87.90562,22.31627],[87.9032,22.31712],[87.90311,22.31621],[87.90204,22.31611],[87.90164,22.31914],[87.9035,22.32015],[87.90442,22.32179],[87.90392,22.32437],[87.90332,22.32524],[87.90018,22.32766],[87.8991,22.32653],[87.89794,22.32641],[87.89681,22.3254],[87.88979,22.32794],[87.88872,22.32647],[87.88787,22.32689],[87.88736,22.32592],[87.88487,22.32601],[87.88396,22.32453],[87.88297,22.32446],[87.88182,22.32658],[87.87948,22.32572],[87.87886,22.32583],[87.87898,22.32708],[87.8751,22.32768],[87.87444,22.32616],[87.87454,22.32306],[87.87411,22.32123]]]}},{"type":"Feature","bbox":[88.06005,22.05958,88.19054,22.1922],"properties":{"kind":"block","block":"Sutahata","lgd":2970},"geometry":{"type":"Polygon","coordinates":[[[88.1038,22.09809],[88.10317,22.09749],[88.10016,22.09761],[88.09873,22.09719],[88.09762,22.09868],[88.09646,22.09876],[88.0961,22.10041],[88.09454,22.10071],[88.0956,22.10312],[88.09791,22.10262],[88.09922,22.10629],[88.09739,22.10749],[88.09746,22.10875],[88.09833,22.10982],[88.09465,22.11071],[88.09535,22.11134],[88.09567,22.11281],[88.09478,22.11406],[88.09088,22.11669],[88.08966,22.11668],[88.08957,22.1171],[88.09082,22.11756],[88.09101,22.11811],[88.08999,22.11776],[88.08925,22.11826],[88.08835,22.1181],[88.08793,22.12084],[88.0883,22.12217],[88.08625,22.1224],[88.08625,22.12162],[88.08406,22.1219],[88.08454,22.12549],[88.08197,22.12573],[88.08124,22.12473],[88.07947,22.1252],[88.07859,22.12624],[88.07925,22.1285],[88.07321,22.12989],[88.07341,22.13111],[88.07412,22.13141],[88.07458,22.13255],[88.07421,22.13321],[88.07496,22.13326],[88.07533,22.13633],[88.07477,22.13653],[88.07465,22.13723],[88.0749,22.13889],[88.07329,22.13926],[88.07218,22.14173],[88.07071,22.14102],[88.06909,22.14176],[88.06877,22.14481],[88.06528,22.14784],[88.0647,22.14812],[88.06349,22.14694],[88.06005,22.14721],[88.06031,22.14924],[88.06162,22.14975],[88.06258,22.15133],[88.06477,22.15176],[88.06457,22.15399],[88.06302,22.15523],[88.06222,22.15758],[88.06321,22.16094],[88.06314,22.16358],[88.0648,22.16362],[88.07451,22.16125],[88.07475,22.16227],[88.07564,22.16207],[88.07582,22.1627],[88.07667,22.16273],[88.0785,22.16565],[88.08131,22.16835],[88.08391,22.16912],[88.08437,22.17014],[88.08534,22.17034],[88.08495,22.17126],[88.08528,22.1725],[88.08799,22.17315],[88.08834,22.17767],[88.08765,22.18034],[88.08913,22.18028],[88.0896,22.18115],[88.09076,22.18647],[88.09234,22.18758],[88.09515,22.19099],[88.09772,22.19065],[88.09985,22.1915],[88.10103,22.19057],[88.10337,22.1922],[88.11174,22.18934],[88.1186,22.18793],[88.12164,22.18677],[88.12328,22.18697],[88.12922,22.1858],[88.1306,22.18653],[88.13204,22.18637],[88.13668,22.1842],[88.1389,22.18078],[88.14104,22.17912],[88.14448,22.17334],[88.14474,22.1721],[88.15585,22.15813],[88.15712,22.15627],[88.1571,22.15557],[88.15798,22.15553],[88.15952,22.15313],[88.16087,22.15225],[88.16142,22.15077],[88.16195,22.15073],[88.16566,22.14689],[88.16883,22.14483],[88.16924,22.1431],[88.17047,22.14265],[88.17257,22.13743],[88.17602,22.13346],[88.18117,22.12574],[88.1895,22.11712],[88.19054,22.1142],[88.18943,22.10808],[88.18548,22.09824],[88.18341,22.09445],[88.17818,22.08836],[88.17664,22.08572],[88.17042,22.07888],[88.16959,22.07897],[88.16909,22.07784],[88.16798,22.07693],[88.16367,22.07426],[88.16306,22.07272],[88.15969,22.06988],[88.15931,22.06853],[88.15767,22.06696],[88.15193,22.0624],[88.14683,22.05958],[88.14051,22.06338],[88.14235,22.06668],[88.1422,22.0685],[88.14427,22.07045],[88.14568,22.07053],[88.1461,22.07274],[88.14566,22.07341],[88.14189,22.07525],[88.14058,22.07531],[88.13867,22.07398],[88.13613,22.06897],[88.13292,22.06875],[88.13183,22.07419],[88.12762,22.0742],[88.12647,22.07506],[88.12513,22.0749],[88.12503,22.07656],[88.12426,22.07732],[88.12461,22.0796],[88.12381,22.08049],[88.12175,22.08011],[88.12088,22.08112],[88.12094,22.08419],[88.11968,22.08456],[88.11866,22.08573],[88.1187,22.08868],[88.11676,22.09047],[88.1151,22.09057],[88.1147,22.09164],[88.11317,22.09133],[88.11187,22.09223],[88.1074,22.09259],[88.10753,22.09331],[88.10671,22.09336],[88.10668,22.09429],[88.10761,22.09403],[88.10809,22.09594],[88.1067,22.09682],[88.10683,22.09833],[88.10611,22.09892],[88.10538,22.09815],[88.1038,22.09809]]]}},{"type":"Feature","bbox":[87.78342,22.23647,87.95593,22.37406],"properties":{"kind":"block","block":"Tamluk","lgd":2971},"geometry":{"type":"Polygon","coordinates":[[[87.83922,22.25397],[87.83801,22.25612],[87.83655,22.257],[87.83224,22.25791],[87.8272,22.26069],[87.82569,22.26031],[87.82426,22.25928],[87.82409,22.25844],[87.82413,22.25167],[87.82506,22.24774],[87.82501,22.24557],[87.81977,22.24666],[87.81756,22.2476],[87.81482,22.24762],[87.81388,22.24719],[87.81355,22.24645],[87.81536,22.24287],[87.81376,22.24168],[87.81258,22.23647],[87.81107,22.23669],[87.807,22.24193],[87.7997,22.24821],[87.79993,22.2596],[87.80056,22.26347],[87.80004,22.26658],[87.79675,22.27054],[87.79125,22.28016],[87.78908,22.28604],[87.78823,22.28985],[87.78908,22.29026],[87.78907,22.29168],[87.79063,22.29243],[87.79021,22.29279],[87.78785,22.29172],[87.78691,22.29243],[87.78566,22.29454],[87.78466,22.30088],[87.78342,22.30429],[87.78553,22.30414],[87.78528,22.30594],[87.78592,22.30876],[87.78634,22.30991],[87.78706,22.31013],[87.78706,22.31075],[87.78807,22.31066],[87.78834,22.30992],[87.78958,22.30953],[87.79018,22.31107],[87.79042,22.31318],[87.7867,22.31399],[87.78667,22.31595],[87.78779,22.31651],[87.78801,22.31873],[87.78655,22.31946],[87.78685,22.32234],[87.78761,22.32189],[87.78999,22.32177],[87.79062,22.32512],[87.79198,22.32538],[87.79367,22.32737],[87.79539,22.32856],[87.79552,22.32966],[87.79965,22.32966],[87.80024,22.33026],[87.80107,22.33431],[87.80046,22.33529],[87.80146,22.33707],[87.8032,22.33856],[87.80615,22.3372],[87.80706,22.33865],[87.8081,22.33834],[87.80844,22.33935],[87.81092,22.34167],[87.80897,22.34257],[87.80826,22.34403],[87.80899,22.34429],[87.81016,22.34276],[87.81152,22.34324],[87.81254,22.34509],[87.81382,22.34492],[87.81516,22.34755],[87.81676,22.34817],[87.81704,22.34877],[87.81655,22.34979],[87.8175,22.35072],[87.82015,22.35099],[87.8238,22.34948],[87.82459,22.34955],[87.8255,22.34976],[87.82755,22.35146],[87.8286,22.35137],[87.82938,22.35188],[87.83066,22.35345],[87.83074,22.35422],[87.83023,22.3548],[87.83052,22.35646],[87.83142,22.3563],[87.83184,22.35753],[87.83364,22.35802],[87.83395,22.35877],[87.8351,22.35944],[87.83541,22.35873],[87.83602,22.3591],[87.83776,22.36194],[87.83736,22.3624],[87.83788,22.36469],[87.83985,22.36532],[87.84004,22.36991],[87.83882,22.37129],[87.84043,22.37252],[87.84567,22.37341],[87.84602,22.37406],[87.84638,22.37327],[87.84595,22.37216],[87.84491,22.3721],[87.84561,22.37071],[87.84501,22.37013],[87.84456,22.36848],[87.84679,22.3679],[87.84683,22.36733],[87.84841,22.36685],[87.85069,22.36977],[87.85503,22.36981],[87.85082,22.36356],[87.85123,22.36265],[87.84971,22.36226],[87.84744,22.35946],[87.85469,22.35771],[87.85495,22.35656],[87.85577,22.3562],[87.85457,22.34709],[87.85474,22.34628],[87.85537,22.34612],[87.85527,22.34444],[87.8574,22.34326],[87.85659,22.33619],[87.85709,22.33366],[87.8564,22.33359],[87.85612,22.32831],[87.85514,22.32671],[87.85531,22.32513],[87.8566,22.32567],[87.85994,22.3255],[87.86205,22.32482],[87.86246,22.32412],[87.86369,22.32394],[87.86463,22.32252],[87.86617,22.32278],[87.86722,22.32188],[87.86706,22.32128],[87.86904,22.32085],[87.86961,22.32139],[87.87078,22.3211],[87.87193,22.32184],[87.87411,22.32123],[87.87454,22.32306],[87.87444,22.32616],[87.8751,22.32768],[87.87898,22.32708],[87.87886,22.32583],[87.87948,22.32572],[87.88182,22.32658],[87.88297,22.32446],[87.88396,22.32453],[87.88487,22.32601],[87.88736,22.32592],[87.88787,22.32689],[87.88872,22.32647],[87.88979,22.32794],[87.89681,22.3254],[87.89794,22.32641],[87.8991,22.32653],[87.90018,22.32766],[87.90332,22.32524],[87.90392,22.32437],[87.90442,22.32179],[87.9035,22.32015],[87.90164,22.31914],[87.90204,22.31611],[87.90311,22.31621],[87.9032,22.31712],[87.90562,22.31627],[87.90703,22.31873],[87.90791,22.31823],[87.90833,22.31851],[87.91085,22.31696],[87.91175,22.31822],[87.91233,22.31826],[87.91345,22.31717],[87.91566,22.31694],[87.91809,22.31569],[87.91941,22.31581],[87.92167,22.31424],[87.9235,22.31208],[87.92293,22.31153],[87.92503,22.30958],[87.92885,22.31019],[87.93167,22.30806],[87.93296,22.30829],[87.93435,22.30746],[87.93453,22.30824],[87.9352,22.30624],[87.93825,22.3044],[87.93978,22.30045],[87.95077,22.29414],[87.95308,22.28483],[87.9548,22.27256],[87.95593,22.26973],[87.94907,22.26096],[87.94691,22.25703],[87.947,22.25575],[87.94834,22.25419],[87.94455,22.25714],[87.94452,22.25593],[87.94117,22.25747],[87.93803,22.25635],[87.93663,22.25732],[87.93428,22.2571],[87.93237,22.25845],[87.93051,22.25848],[87.92818,22.25948],[87.92666,22.25933],[87.92588,22.25981],[87.92406,22.25918],[87.91846,22.26105],[87.91718,22.26073],[87.91425,22.25552],[87.9118,22.25616],[87.91073,22.2551],[87.90961,22.25499],[87.909,22.2554],[87.90895,22.25682],[87.90707,22.25711],[87.90637,22.25898],[87.899,22.25891],[87.89823,22.25928],[87.89633,22.25797],[87.8931,22.25776],[87.89114,22.25888],[87.89063,22.25876],[87.8904,22.25786],[87.88464,22.25685],[87.88271,22.25587],[87.88025,22.25334],[87.87706,22.2536],[87.87673,22.25632],[87.8749,22.26052],[87.87037,22.26088],[87.86648,22.26036],[87.86513,22.26079],[87.86216,22.26067],[87.86181,22.25981],[87.86283,22.25913],[87.86352,22.25697],[87.85337,22.25865],[87.85068,22.2586],[87.84948,22.25537],[87.84719,22.25164],[87.84585,22.25154],[87.84212,22.25634],[87.83922,22.25397]]]}},{"type":"Feature","bbox":[87.84973,22.41061,87.90054,22.43845],"properties":{"kind":"gp","gp":"Amalhanda","block":"Kolaghat","lgd":110086},"geometry":{"type":"Polygon","coordinates":[[[87.8525,22.41541],[87.84999,22.41616],[87.85039,22.41683],[87.8525,22.41742],[87.85187,22.41997],[87.85243,22.42057],[87.8519,22.42262],[87.85016,22.4227],[87.84973,22.42535],[87.85239,22.42579],[87.85257,22.42689],[87.86335,22.42644],[87.86062,22.4292],[87.85955,22.43251],[87.85978,22.43407],[87.86051,22.434],[87.86147,22.43335],[87.8615,22.43263],[87.86251,22.43236],[87.86501,22.43225],[87.86545,22.43281],[87.86695,22.43215],[87.86924,22.43105],[87.86913,22.42967],[87.8701,22.42903],[87.87116,22.42908],[87.87077,22.43348],[87.87114,22.43417],[87.87301,22.43556],[87.87685,22.4361],[87.87939,22.43697],[87.88063,22.43665],[87.88334,22.43845],[87.89137,22.43276],[87.89927,22.42996],[87.89686,22.42323],[87.90054,22.41898],[87.89832,22.41741],[87.89664,22.41688],[87.89718,22.41206],[87.89304,22.41166],[87.89054,22.41061],[87.88977,22.41088],[87.88995,22.41321],[87.88948,22.41579],[87.88594,22.41587],[87.8848,22.4164],[87.88453,22.41726],[87.88363,22.41661],[87.88444,22.41543],[87.88369,22.41554],[87.88366,22.41489],[87.88279,22.41493],[87.88136,22.41596],[87.88252,22.41634],[87.88331,22.41772],[87.88152,22.41734],[87.88038,22.41791],[87.88022,22.41931],[87.87937,22.42019],[87.87957,22.42088],[87.87849,22.42112],[87.87794,22.41731],[87.87737,22.41686],[87.87639,22.41691],[87.87655,22.41829],[87.87572,22.41903],[87.87286,22.41962],[87.87128,22.41955],[87.86897,22.41843],[87.8642,22.41919],[87.86326,22.41982],[87.85896,22.42027],[87.85848,22.41744],[87.85984,22.41657],[87.85923,22.41418],[87.85828,22.4142],[87.85821,22.41369],[87.85596,22.41421],[87.85301,22.41403],[87.8525,22.41541]]]}},{"type":"Feature","bbox":[87.58644,22.04831,87.61793,22.09022],"properties":{"kind":"gp","gp":"Amarshi-I","block":"Patashpur-I","lgd":110163},"geometry":{"type":"Polygon","coordinates":[[[87.60215,22.05472],[87.60043,22.05476],[87.59753,22.054],[87.59388,22.05551],[87.59387,22.05679],[87.59484,22.05724],[87.59552,22.05678],[87.59639,22.05789],[87.59557,22.05857],[87.59422,22.06132],[87.59334,22.06191],[87.59121,22.06202],[87.59081,22.06483],[87.59294,22.0701],[87.59373,22.07084],[87.59574,22.07085],[87.59534,22.07246],[87.59461,22.07283],[87.59438,22.07564],[87.59299,22.07615],[87.59062,22.07616],[87.59045,22.07724],[87.58727,22.08015],[87.58644,22.08211],[87.58663,22.08265],[87.59127,22.0838],[87.59061,22.08611],[87.59118,22.08751],[87.5925,22.08854],[87.59843,22.08891],[87.60405,22.09022],[87.60541,22.08991],[87.60733,22.08863],[87.60824,22.08866],[87.60839,22.08786],[87.608,22.0857],[87.6084,22.0856],[87.60834,22.08399],[87.60445,22.08209],[87.60226,22.07446],[87.60365,22.07404],[87.60649,22.0756],[87.60755,22.07481],[87.60698,22.07388],[87.60566,22.067],[87.60642,22.06611],[87.6063,22.06496],[87.60569,22.06474],[87.60592,22.0613],[87.60812,22.0612],[87.60838,22.06193],[87.60989,22.06196],[87.61121,22.0643],[87.61228,22.06511],[87.61249,22.06313],[87.61488,22.06341],[87.61591,22.06437],[87.61793,22.06105],[87.61727,22.05535],[87.61651,22.05513],[87.61546,22.05106],[87.61382,22.05155],[87.61233,22.04831],[87.61055,22.0492],[87.60856,22.05211],[87.60621,22.05238],[87.60533,22.0549],[87.60336,22.05535],[87.60215,22.05472]]]}},{"type":"Feature","bbox":[87.57957,22.0603,87.64236,22.10407],"properties":{"kind":"gp","gp":"Amarshi-Ii","block":"Patashpur-I","lgd":110164},"geometry":{"type":"Polygon","coordinates":[[[87.6063,22.06496],[87.60642,22.06611],[87.60566,22.067],[87.60698,22.07388],[87.60755,22.07481],[87.60649,22.0756],[87.60365,22.07404],[87.60226,22.07446],[87.60445,22.08209],[87.60834,22.08399],[87.6084,22.0856],[87.608,22.0857],[87.60824,22.08866],[87.60733,22.08863],[87.60541,22.08991],[87.60323,22.09023],[87.59843,22.08891],[87.59356,22.08884],[87.59118,22.08751],[87.59061,22.08611],[87.59127,22.0838],[87.58663,22.08265],[87.58433,22.09169],[87.58297,22.09456],[87.58255,22.09497],[87.58033,22.09452],[87.57957,22.09503],[87.58653,22.09963],[87.59429,22.103],[87.61237,22.10025],[87.61525,22.10193],[87.62439,22.10172],[87.63534,22.10407],[87.63542,22.10178],[87.63661,22.09872],[87.63776,22.09753],[87.6403,22.09229],[87.64106,22.0923],[87.64236,22.08933],[87.6418,22.08877],[87.64131,22.08659],[87.63872,22.08288],[87.63868,22.08043],[87.63435,22.08202],[87.63162,22.08231],[87.62965,22.08206],[87.6286,22.08118],[87.6302,22.07788],[87.62831,22.07596],[87.62857,22.07479],[87.62915,22.07461],[87.62882,22.07257],[87.62939,22.07183],[87.62945,22.06916],[87.63182,22.06894],[87.63192,22.06793],[87.63361,22.0683],[87.63371,22.06714],[87.63238,22.06709],[87.63199,22.06399],[87.62598,22.06416],[87.62572,22.06471],[87.62425,22.06415],[87.62201,22.06452],[87.62176,22.06498],[87.62078,22.06483],[87.62044,22.06168],[87.62113,22.06144],[87.62109,22.06084],[87.62074,22.06035],[87.61788,22.0603],[87.61755,22.06202],[87.61677,22.06241],[87.61591,22.06437],[87.61488,22.06341],[87.61249,22.06313],[87.61228,22.06511],[87.61121,22.0643],[87.60989,22.06196],[87.60838,22.06193],[87.60812,22.0612],[87.60592,22.0613],[87.60569,22.06474],[87.6063,22.06496]]]}},{"type":"Feature","bbox":[87.86682,21.9648,87.91353,21.99931],"properties":{"kind":"gp","gp":"Amdabad-I","block":"Nandigram-II","lgd":110142},"geometry":{"type":"Polygon","coordinates":[[[87.89204,21.96777],[87.88693,21.96867],[87.88066,21.96883],[87.87815,21.96802],[87.8771,21.96666],[87.87477,21.9654],[87.87199,21.9648],[87.86872,21.96541],[87.86816,21.96827],[87.87035,21.97299],[87.87032,21.97558],[87.86953,21.97839],[87.86795,21.98011],[87.86682,21.98236],[87.86744,21.98583],[87.86822,21.9867],[87.87405,21.99002],[87.88077,21.99319],[87.887,21.99891],[87.88829,21.99813],[87.89519,21.99753],[87.89714,21.99822],[87.89832,21.9979],[87.89935,21.99879],[87.90148,21.99865],[87.9032,21.99931],[87.90716,21.99718],[87.91196,21.99607],[87.91299,21.99501],[87.91293,21.9918],[87.91353,21.99066],[87.91234,21.9887],[87.91068,21.98326],[87.90837,21.97841],[87.90567,21.97515],[87.90443,21.9727],[87.90114,21.96834],[87.90077,21.96715],[87.90027,21.96734],[87.89764,21.96632],[87.896,21.96642],[87.89362,21.96688],[87.89204,21.96777]]]}},{"type":"Feature","bbox":[87.887,21.94828,87.93534,22.0088],"properties":{"kind":"gp","gp":"Amdabad-Ii","block":"Nandigram-II","lgd":110143},"geometry":{"type":"Polygon","coordinates":[[[87.93279,21.97669],[87.93317,21.96914],[87.93264,21.9672],[87.9335,21.96526],[87.93529,21.96394],[87.93534,21.96318],[87.93505,21.96237],[87.93102,21.95892],[87.93106,21.95559],[87.92773,21.95415],[87.92717,21.95182],[87.92611,21.94998],[87.92499,21.94943],[87.92431,21.94828],[87.92013,21.94939],[87.91635,21.94841],[87.91289,21.95024],[87.91076,21.95287],[87.91006,21.95468],[87.91,21.95632],[87.911,21.9595],[87.90864,21.96393],[87.90628,21.96601],[87.90077,21.96715],[87.90114,21.96834],[87.90443,21.9727],[87.90567,21.97515],[87.90837,21.97841],[87.91068,21.98326],[87.91234,21.9887],[87.91353,21.99066],[87.91293,21.9918],[87.91299,21.99501],[87.91196,21.99607],[87.90716,21.99718],[87.9032,21.99931],[87.90148,21.99865],[87.89935,21.99879],[87.89832,21.9979],[87.89714,21.99822],[87.89519,21.99753],[87.88829,21.99813],[87.887,21.99891],[87.89005,22.0068],[87.89374,22.00684],[87.89934,22.0088],[87.90001,22.00821],[87.9053,22.00816],[87.90667,22.00774],[87.90937,22.00273],[87.9117,22.00123],[87.91605,21.99993],[87.91607,21.99731],[87.91833,21.99797],[87.92091,21.99653],[87.92862,21.98389],[87.92987,21.98264],[87.93227,21.98285],[87.93277,21.98246],[87.93316,21.98018],[87.93279,21.97669]]]}},{"type":"Feature","bbox":[87.94349,22.20573,88.00014,22.26473],"properties":{"kind":"gp","gp":"Amritaberia","block":"Mahishadal","lgd":110099},"geometry":{"type":"MultiPolygon","coordinates":[[[[87.98434,22.2102],[87.98361,22.2102],[87.98233,22.20843],[87.98209,22.21025],[87.98129,22.21097],[87.98063,22.21092],[87.97965,22.21011],[87.97852,22.2102],[87.97825,22.20898],[87.9771,22.20945],[87.97635,22.20916],[87.97623,22.2078],[87.97394,22.20736],[87.97082,22.20805],[87.97039,22.2103],[87.96891,22.20996],[87.96872,22.21148],[87.96966,22.21377],[87.96649,22.21442],[87.9635,22.2103],[87.96333,22.2115],[87.96129,22.21199],[87.95744,22.21388],[87.95745,22.21256],[87.95598,22.21219],[87.95479,22.20903],[87.95239,22.20814],[87.95082,22.20573],[87.94738,22.20614],[87.94678,22.21012],[87.9459,22.21088],[87.94586,22.21756],[87.94349,22.22365],[87.94584,22.22629],[87.94633,22.23066],[87.94817,22.23311],[87.95138,22.23636],[87.95608,22.23706],[87.95635,22.23754],[87.9548,22.23935],[87.9568,22.24106],[87.95894,22.24444],[87.96469,22.24236],[87.96802,22.24045],[87.97108,22.23776],[87.97292,22.23434],[87.97303,22.23044],[87.97231,22.2284],[87.9734,22.22279],[87.97446,22.22286],[87.97429,22.22227],[87.97714,22.22084],[87.98257,22.21474],[87.98389,22.21407],[87.98476,22.21184],[87.98434,22.2102]]],[[[87.9947,22.25007],[87.9957,22.24846],[87.99548,22.24495],[88.00014,22.24296],[87.99612,22.23828],[87.98649,22.23826],[87.98494,22.23932],[87.98397,22.24073],[87.9814,22.24237],[87.9795,22.24458],[87.97671,22.24918],[87.96985,22.25617],[87.96949,22.25822],[87.96811,22.25996],[87.96836,22.26473],[87.97388,22.26271],[87.9809,22.25917],[87.9947,22.25007]]]]}},{"type":"Feature","bbox":[87.80319,21.83073,87.87852,21.91317],"properties":{"kind":"gp","gp":"Amtalia","block":"Deshapran","lgd":110047},"geometry":{"type":"Polygon","coordinates":[[[87.85107,21.83527],[87.84919,21.83442],[87.84471,21.83104],[87.84253,21.83073],[87.84056,21.83107],[87.83979,21.83183],[87.83768,21.83715],[87.83656,21.83835],[87.83334,21.83958],[87.83274,21.84029],[87.82965,21.83973],[87.82936,21.84252],[87.83048,21.84337],[87.83107,21.84513],[87.83175,21.84491],[87.83241,21.84376],[87.83358,21.84355],[87.83383,21.8443],[87.83278,21.84653],[87.83183,21.84717],[87.82977,21.84755],[87.82918,21.8464],[87.82696,21.84686],[87.82527,21.84633],[87.82392,21.84657],[87.82378,21.84558],[87.82188,21.84641],[87.821,21.8474],[87.821,21.85014],[87.82175,21.8519],[87.82082,21.85392],[87.81902,21.85531],[87.81562,21.85632],[87.81325,21.8555],[87.81174,21.85561],[87.80951,21.8585],[87.80951,21.86124],[87.81022,21.86291],[87.80627,21.86369],[87.80667,21.86489],[87.8064,21.86578],[87.80319,21.86667],[87.80375,21.87601],[87.80448,21.87802],[87.8056,21.87976],[87.80918,21.88091],[87.80991,21.88353],[87.81297,21.88421],[87.81529,21.88359],[87.81782,21.88122],[87.8271,21.87621],[87.82992,21.87488],[87.83344,21.87451],[87.83491,21.87358],[87.83644,21.87875],[87.83734,21.8803],[87.83743,21.88174],[87.83571,21.88233],[87.83546,21.88311],[87.83377,21.88407],[87.83409,21.88835],[87.83368,21.88909],[87.83264,21.88986],[87.83107,21.89009],[87.83045,21.8915],[87.82914,21.89187],[87.82862,21.89071],[87.82713,21.89045],[87.82679,21.88948],[87.82578,21.88934],[87.82388,21.89172],[87.81893,21.89365],[87.81852,21.8971],[87.81903,21.89944],[87.82205,21.90023],[87.82298,21.90006],[87.82419,21.89877],[87.82502,21.89972],[87.82555,21.90243],[87.82537,21.90496],[87.82171,21.91055],[87.82405,21.91229],[87.8304,21.91317],[87.83758,21.90831],[87.83863,21.90365],[87.83838,21.89816],[87.83923,21.89596],[87.84186,21.8936],[87.84686,21.89199],[87.85689,21.89118],[87.86023,21.88936],[87.86137,21.8882],[87.86285,21.88411],[87.8626,21.88197],[87.85985,21.87719],[87.85885,21.87417],[87.85763,21.87407],[87.85881,21.8704],[87.86028,21.86904],[87.86438,21.86711],[87.86652,21.86705],[87.87047,21.868],[87.87364,21.86734],[87.87633,21.86619],[87.87787,21.86482],[87.87852,21.86302],[87.87841,21.86035],[87.87497,21.85116],[87.87443,21.84445],[87.87018,21.84428],[87.86953,21.84374],[87.86686,21.84323],[87.86519,21.84195],[87.86422,21.84071],[87.86281,21.83451],[87.86228,21.83385],[87.86074,21.83328],[87.85857,21.83389],[87.85503,21.83587],[87.85107,21.83527]]]}},{"type":"Feature","bbox":[87.78342,22.29424,87.82913,22.33119],"properties":{"kind":"gp","gp":"Anantapur-I","block":"Tamluk","lgd":110212},"geometry":{"type":"Polygon","coordinates":[[[87.80043,22.29875],[87.80177,22.29868],[87.80178,22.29761],[87.80119,22.29671],[87.80134,22.29527],[87.79375,22.29424],[87.79351,22.29665],[87.79389,22.29788],[87.79186,22.29924],[87.7912,22.2987],[87.7899,22.29859],[87.78981,22.29913],[87.78771,22.29934],[87.78639,22.29844],[87.78505,22.2988],[87.78342,22.30429],[87.78553,22.30414],[87.78528,22.30594],[87.78634,22.30991],[87.78706,22.31013],[87.78706,22.31075],[87.78807,22.31066],[87.78834,22.30992],[87.78958,22.30953],[87.79042,22.31318],[87.7867,22.31399],[87.78667,22.31595],[87.78779,22.31651],[87.78801,22.31873],[87.78655,22.31946],[87.78685,22.32234],[87.78761,22.32189],[87.78999,22.32177],[87.79062,22.32512],[87.79198,22.32538],[87.79444,22.32789],[87.79527,22.32757],[87.79584,22.32615],[87.80012,22.32578],[87.80278,22.33119],[87.80359,22.32982],[87.8069,22.32672],[87.80812,22.32602],[87.81061,22.3272],[87.81085,22.32666],[87.81231,22.32601],[87.8127,22.32477],[87.81517,22.32429],[87.81535,22.32489],[87.8163,22.3253],[87.81651,22.325],[87.81996,22.32747],[87.8226,22.32847],[87.82627,22.32811],[87.82774,22.32629],[87.82909,22.32579],[87.82794,22.32476],[87.82778,22.32338],[87.82807,22.32182],[87.82913,22.32148],[87.82882,22.32014],[87.8271,22.32152],[87.826,22.32175],[87.82603,22.32053],[87.82506,22.32026],[87.82419,22.31738],[87.82353,22.31727],[87.82252,22.31574],[87.81944,22.31626],[87.81921,22.31437],[87.81872,22.3139],[87.81696,22.31402],[87.81698,22.31249],[87.81581,22.31147],[87.8142,22.30832],[87.81223,22.30871],[87.81265,22.30934],[87.81206,22.31025],[87.80996,22.31122],[87.80726,22.31161],[87.80641,22.31112],[87.80576,22.30922],[87.80749,22.30928],[87.80796,22.30807],[87.8062,22.30888],[87.80579,22.30836],[87.8067,22.3076],[87.80484,22.30605],[87.80371,22.30647],[87.80311,22.30604],[87.80269,22.30359],[87.80328,22.30316],[87.80318,22.3022],[87.80053,22.30169],[87.80043,22.29875]]]}},{"type":"Feature","bbox":[87.80043,22.28912,87.84016,22.326],"properties":{"kind":"gp","gp":"Anantapur-Ii","block":"Tamluk","lgd":110213},"geometry":{"type":"Polygon","coordinates":[[[87.83367,22.29641],[87.83166,22.29475],[87.83286,22.29425],[87.83248,22.29227],[87.83506,22.29109],[87.8365,22.28912],[87.83018,22.2919],[87.83014,22.29143],[87.8282,22.2922],[87.81647,22.29395],[87.80134,22.29527],[87.80119,22.29671],[87.80178,22.29761],[87.80177,22.29868],[87.80043,22.29875],[87.80053,22.30169],[87.80318,22.3022],[87.80328,22.30316],[87.80269,22.30359],[87.80311,22.30604],[87.80371,22.30647],[87.80484,22.30605],[87.8067,22.3076],[87.80579,22.30836],[87.8062,22.30888],[87.80796,22.30807],[87.80749,22.30928],[87.80576,22.30922],[87.80641,22.31112],[87.80726,22.31161],[87.80996,22.31122],[87.81206,22.31025],[87.81265,22.30934],[87.81223,22.30871],[87.8142,22.30832],[87.81581,22.31147],[87.81698,22.31249],[87.81696,22.31402],[87.81872,22.3139],[87.81921,22.31437],[87.81944,22.31626],[87.82252,22.31574],[87.82353,22.31727],[87.82419,22.31738],[87.82506,22.32026],[87.82603,22.32053],[87.826,22.32175],[87.8271,22.32152],[87.82882,22.32014],[87.82913,22.32148],[87.82807,22.32182],[87.82794,22.32476],[87.82909,22.32579],[87.83303,22.3228],[87.83312,22.32369],[87.83212,22.32496],[87.83337,22.326],[87.83392,22.32554],[87.83367,22.32509],[87.83405,22.32439],[87.83356,22.322],[87.83723,22.31991],[87.83697,22.31694],[87.83749,22.31674],[87.83758,22.31569],[87.8381,22.31531],[87.83789,22.31361],[87.83897,22.31244],[87.83901,22.3099],[87.83801,22.30737],[87.84005,22.30607],[87.84016,22.30527],[87.83774,22.29646],[87.83553,22.29678],[87.83513,22.29587],[87.83367,22.29641]]]}},{"type":"Feature","bbox":[87.59045,21.90819,87.68149,21.99604],"properties":{"kind":"gp","gp":"Argoal","block":"Patashpur-II","lgd":110172},"geometry":{"type":"MultiPolygon","coordinates":[[[[87.61144,21.95521],[87.61149,21.95327],[87.60928,21.95273],[87.60858,21.95189],[87.60819,21.94796],[87.60689,21.94813],[87.60697,21.95002],[87.60618,21.94987],[87.60468,21.94772],[87.60541,21.94713],[87.60606,21.94737],[87.60992,21.94663],[87.61044,21.94584],[87.61224,21.94573],[87.61456,21.94689],[87.61578,21.94565],[87.61551,21.94464],[87.61058,21.94408],[87.60878,21.94465],[87.60828,21.94382],[87.60843,21.94187],[87.60407,21.94167],[87.60374,21.94252],[87.59976,21.94209],[87.59891,21.94154],[87.59123,21.94216],[87.59199,21.94418],[87.59187,21.94634],[87.59045,21.94909],[87.5917,21.94938],[87.59199,21.95074],[87.59529,21.95145],[87.59976,21.95141],[87.59976,21.95321],[87.59934,21.95356],[87.60031,21.95467],[87.60171,21.9597],[87.60254,21.96048],[87.60608,21.96091],[87.60621,21.96025],[87.60782,21.95961],[87.60995,21.95789],[87.60981,21.95682],[87.61144,21.95521]]],[[[87.63607,21.91806],[87.63269,21.91663],[87.63246,21.91807],[87.6325,21.91888],[87.63375,21.91963],[87.63955,21.91964],[87.6402,21.9273],[87.63996,21.92872],[87.64591,21.93115],[87.65119,21.93202],[87.64994,21.93699],[87.6511,21.94498],[87.65196,21.94639],[87.6482,21.94701],[87.64333,21.9467],[87.64347,21.95128],[87.64291,21.95433],[87.64539,21.9544],[87.64719,21.95371],[87.6482,21.95396],[87.64835,21.95285],[87.65075,21.95171],[87.65105,21.95494],[87.65187,21.95596],[87.6523,21.96066],[87.65363,21.96317],[87.64929,21.96549],[87.64118,21.96809],[87.63899,21.96816],[87.63634,21.96951],[87.63448,21.96991],[87.63004,21.96948],[87.6288,21.97015],[87.63031,21.97792],[87.63138,21.97872],[87.63241,21.98164],[87.6364,21.98164],[87.63772,21.98261],[87.64586,21.98339],[87.64745,21.9827],[87.65829,21.98316],[87.65875,21.9846],[87.66115,21.98704],[87.66811,21.9905],[87.66977,21.99314],[87.67,21.99519],[87.67468,21.99557],[87.67465,21.99604],[87.67693,21.98377],[87.67837,21.96825],[87.68149,21.9623],[87.67543,21.96244],[87.67471,21.96202],[87.67019,21.96271],[87.66974,21.96705],[87.66913,21.9688],[87.66605,21.96885],[87.66555,21.96777],[87.6657,21.96655],[87.66463,21.96474],[87.66117,21.96558],[87.66103,21.96413],[87.6605,21.96376],[87.6605,21.96159],[87.6629,21.96101],[87.66488,21.95991],[87.66512,21.9603],[87.66806,21.95985],[87.66803,21.95844],[87.67181,21.95764],[87.6721,21.95708],[87.67511,21.95702],[87.67789,21.95744],[87.67943,21.95841],[87.68097,21.95836],[87.67935,21.9508],[87.68053,21.93737],[87.67921,21.93629],[87.67427,21.9345],[87.67414,21.93413],[87.67537,21.93351],[87.67537,21.93285],[87.67297,21.93314],[87.67266,21.93083],[87.66811,21.93116],[87.66716,21.93021],[87.66618,21.92797],[87.6661,21.92655],[87.67013,21.92499],[87.67092,21.92401],[87.66997,21.92124],[87.67007,21.91385],[87.67071,21.91206],[87.67256,21.90932],[87.67336,21.90887],[87.67242,21.90819],[87.66454,21.91109],[87.65238,21.91342],[87.64777,21.91886],[87.63607,21.91806]]]]}},{"type":"Feature","bbox":[87.6661,21.90567,87.72682,21.99576],"properties":{"kind":"gp","gp":"Arjunnagar","block":"Bhagawanpur-II","lgd":110012},"geometry":{"type":"Polygon","coordinates":[[[87.67256,21.90932],[87.67007,21.91385],[87.66997,21.92124],[87.67092,21.92401],[87.67013,21.92499],[87.6661,21.92655],[87.66618,21.92797],[87.66716,21.93021],[87.66811,21.93116],[87.67266,21.93083],[87.67297,21.93314],[87.67537,21.93285],[87.67537,21.93351],[87.67414,21.93413],[87.67427,21.9345],[87.67921,21.93629],[87.68053,21.93737],[87.67938,21.95194],[87.68153,21.96151],[87.68147,21.96274],[87.67837,21.96825],[87.67693,21.98377],[87.67503,21.99503],[87.68364,21.99574],[87.68559,21.99576],[87.68878,21.99466],[87.69003,21.99519],[87.69908,21.98718],[87.70016,21.9856],[87.70424,21.98449],[87.70703,21.98446],[87.71032,21.98264],[87.71377,21.97925],[87.71969,21.97153],[87.7224,21.97057],[87.72331,21.96904],[87.72437,21.96843],[87.72617,21.9684],[87.72682,21.96785],[87.72511,21.9673],[87.72337,21.96128],[87.72242,21.96098],[87.72198,21.95896],[87.71863,21.95978],[87.71766,21.96147],[87.7142,21.96216],[87.70959,21.964],[87.70992,21.96159],[87.7082,21.96162],[87.70588,21.96052],[87.70663,21.95842],[87.70575,21.9566],[87.7098,21.95448],[87.71162,21.95225],[87.71014,21.95192],[87.70884,21.95097],[87.70885,21.95146],[87.70585,21.95108],[87.70296,21.94692],[87.70337,21.94413],[87.70194,21.94149],[87.70277,21.94069],[87.70292,21.93928],[87.70394,21.93925],[87.70446,21.93689],[87.70364,21.93562],[87.7025,21.93553],[87.70293,21.93394],[87.7015,21.93058],[87.70175,21.92733],[87.69956,21.92582],[87.6973,21.91808],[87.69449,21.9183],[87.69231,21.91786],[87.69165,21.91655],[87.69148,21.91433],[87.69041,21.91316],[87.69059,21.91253],[87.68782,21.91024],[87.68676,21.90678],[87.68517,21.90634],[87.68458,21.90567],[87.68475,21.90687],[87.68268,21.90838],[87.67405,21.90847],[87.67256,21.90932]]]}},{"type":"Feature","bbox":[88.08957,22.09047,88.11959,22.1246],"properties":{"kind":"gp","gp":"Ashadtalia","block":"Sutahata","lgd":110206},"geometry":{"type":"Polygon","coordinates":[[[88.11708,22.09409],[88.11633,22.09359],[88.11601,22.09191],[88.11683,22.09102],[88.11676,22.09047],[88.1151,22.09057],[88.1147,22.09164],[88.11317,22.09133],[88.11187,22.09223],[88.1074,22.09259],[88.10753,22.09331],[88.10671,22.09336],[88.10668,22.09429],[88.10761,22.09403],[88.10809,22.09594],[88.1067,22.09682],[88.10683,22.09833],[88.10611,22.09892],[88.10538,22.09815],[88.1038,22.09809],[88.10317,22.09749],[88.10016,22.09761],[88.09873,22.09719],[88.09762,22.09868],[88.09646,22.09876],[88.0961,22.10041],[88.09454,22.10071],[88.0956,22.10312],[88.09791,22.10262],[88.09922,22.10629],[88.09739,22.10749],[88.09746,22.10875],[88.09833,22.10982],[88.09465,22.11071],[88.09535,22.11134],[88.09567,22.11281],[88.09478,22.11406],[88.09088,22.11669],[88.08966,22.11668],[88.08957,22.1171],[88.09082,22.11756],[88.09128,22.11865],[88.09262,22.11883],[88.09316,22.12043],[88.09416,22.12038],[88.09644,22.12146],[88.09681,22.12077],[88.09946,22.12084],[88.10014,22.12256],[88.09942,22.12303],[88.0995,22.1246],[88.10277,22.12417],[88.10294,22.12326],[88.10233,22.12283],[88.10242,22.12206],[88.10323,22.12122],[88.10596,22.12053],[88.10571,22.11919],[88.10487,22.11925],[88.10455,22.11799],[88.10572,22.11708],[88.10514,22.11654],[88.10602,22.11592],[88.10937,22.11565],[88.11026,22.11497],[88.11087,22.1162],[88.11364,22.11555],[88.11378,22.11004],[88.11549,22.10839],[88.11668,22.1083],[88.1166,22.10652],[88.11706,22.10563],[88.11755,22.10559],[88.11761,22.10442],[88.11691,22.10438],[88.11756,22.10284],[88.11959,22.10267],[88.11928,22.09873],[88.11744,22.09774],[88.11708,22.09409]]]}},{"type":"Feature","bbox":[87.77404,21.84061,87.83743,21.91055],"properties":{"kind":"gp","gp":"Aurai","block":"Deshapran","lgd":110048},"geometry":{"type":"Polygon","coordinates":[[[87.81115,21.84955],[87.80845,21.84707],[87.80627,21.8446],[87.80588,21.84105],[87.80462,21.84061],[87.80376,21.84119],[87.8014,21.84123],[87.79768,21.84303],[87.79256,21.84394],[87.79291,21.84769],[87.7923,21.84852],[87.78864,21.84943],[87.78795,21.85083],[87.78579,21.85113],[87.78326,21.8524],[87.77565,21.85322],[87.7754,21.85372],[87.77429,21.8538],[87.77438,21.85508],[87.77547,21.85655],[87.77574,21.85765],[87.77537,21.85923],[87.77621,21.86115],[87.77404,21.86209],[87.7755,21.86732],[87.77655,21.86684],[87.77888,21.86831],[87.78054,21.86804],[87.78195,21.87085],[87.78248,21.87364],[87.78482,21.87676],[87.78376,21.87876],[87.78431,21.88162],[87.78409,21.88281],[87.78486,21.88479],[87.78711,21.88889],[87.78952,21.89106],[87.7903,21.89258],[87.79122,21.8923],[87.79157,21.89316],[87.79325,21.89327],[87.79479,21.89787],[87.7958,21.89785],[87.79716,21.89986],[87.80452,21.90078],[87.81061,21.90404],[87.8138,21.90483],[87.81615,21.90668],[87.81791,21.90928],[87.8202,21.90953],[87.82171,21.91055],[87.82537,21.90496],[87.82555,21.90243],[87.82502,21.89972],[87.82419,21.89877],[87.82298,21.90006],[87.82205,21.90023],[87.81903,21.89944],[87.81852,21.8971],[87.81893,21.89365],[87.82388,21.89172],[87.82578,21.88934],[87.82679,21.88948],[87.82713,21.89045],[87.82862,21.89071],[87.82914,21.89187],[87.83045,21.8915],[87.83107,21.89009],[87.83264,21.88986],[87.83368,21.88909],[87.83409,21.88835],[87.83377,21.88407],[87.83546,21.88311],[87.83571,21.88233],[87.83743,21.88174],[87.83734,21.8803],[87.83644,21.87875],[87.83491,21.87358],[87.83344,21.87451],[87.82992,21.87488],[87.8271,21.87621],[87.81782,21.88122],[87.81635,21.88281],[87.81433,21.88395],[87.81297,21.88421],[87.80991,21.88353],[87.80918,21.88091],[87.8056,21.87976],[87.80375,21.87601],[87.80319,21.86667],[87.8064,21.86578],[87.80667,21.86489],[87.80627,21.86369],[87.81022,21.86291],[87.80951,21.86124],[87.80951,21.8585],[87.81174,21.85561],[87.81051,21.85179],[87.81115,21.84955]]]}},{"type":"Feature","bbox":[87.60393,21.76289,87.66125,21.81159],"properties":{"kind":"gp","gp":"Badalpur","block":"Contai-I","lgd":110031},"geometry":{"type":"Polygon","coordinates":[[[87.64485,21.76811],[87.64277,21.76891],[87.63742,21.76862],[87.63349,21.77],[87.62931,21.77233],[87.62812,21.77556],[87.62721,21.77621],[87.62432,21.77626],[87.62114,21.77725],[87.61532,21.78052],[87.61064,21.7809],[87.60393,21.78054],[87.60513,21.78243],[87.60503,21.78653],[87.61085,21.78654],[87.61773,21.78803],[87.61949,21.79437],[87.61963,21.79535],[87.61367,21.80139],[87.61279,21.8045],[87.6131,21.807],[87.60917,21.80781],[87.60993,21.80926],[87.61128,21.8104],[87.61853,21.81159],[87.62379,21.8103],[87.62494,21.80897],[87.62618,21.8024],[87.62999,21.79978],[87.63188,21.79962],[87.63498,21.80091],[87.63822,21.80399],[87.63887,21.80528],[87.63856,21.80217],[87.6396,21.80296],[87.64243,21.80245],[87.64215,21.79976],[87.64074,21.79726],[87.64146,21.79325],[87.64689,21.78936],[87.6497,21.78298],[87.64887,21.78211],[87.6487,21.78092],[87.64933,21.77989],[87.65077,21.77844],[87.65353,21.77682],[87.65349,21.77604],[87.65478,21.77591],[87.658,21.77393],[87.66087,21.77097],[87.66125,21.76926],[87.66074,21.76844],[87.65609,21.76551],[87.65574,21.76457],[87.64911,21.76289],[87.64846,21.764],[87.64516,21.76382],[87.6456,21.76571],[87.64485,21.76811]]]}},{"type":"Feature","bbox":[87.57647,21.69389,87.64043,21.72862],"properties":{"kind":"gp","gp":"Badalpur","block":"Ramnagar-II","lgd":110188},"geometry":{"type":"Polygon","coordinates":[[[87.58969,21.70182],[87.58808,21.69583],[87.58889,21.69389],[87.58488,21.69489],[87.58445,21.69455],[87.58207,21.69505],[87.58044,21.69595],[87.57647,21.69682],[87.5775,21.70046],[87.57905,21.7109],[87.58056,21.71114],[87.58032,21.71217],[87.57858,21.71417],[87.57718,21.71864],[87.57724,21.72026],[87.57831,21.72118],[87.57852,21.72255],[87.57914,21.72302],[87.58003,21.72281],[87.58042,21.72402],[87.57862,21.72416],[87.57753,21.72694],[87.58806,21.72774],[87.59431,21.7271],[87.6001,21.72862],[87.60082,21.7264],[87.60017,21.72418],[87.60278,21.72478],[87.60422,21.72408],[87.60553,21.72497],[87.61046,21.72586],[87.61223,21.72667],[87.61276,21.72599],[87.62351,21.72417],[87.62534,21.72421],[87.62571,21.72494],[87.62696,21.72499],[87.6278,21.72443],[87.63091,21.72472],[87.63485,21.7242],[87.63786,21.7229],[87.63746,21.72155],[87.64024,21.72041],[87.64043,21.71961],[87.63826,21.71528],[87.63558,21.71264],[87.63585,21.71128],[87.62633,21.71639],[87.62467,21.71261],[87.62536,21.71249],[87.62406,21.70843],[87.62158,21.70527],[87.62109,21.7038],[87.62127,21.70117],[87.61537,21.70297],[87.6073,21.70331],[87.60158,21.70529],[87.59547,21.70624],[87.59363,21.70601],[87.59202,21.70492],[87.58969,21.70182]],[[87.60234,21.7097],[87.59369,21.71015],[87.593,21.70926],[87.59598,21.70911],[87.60106,21.70729],[87.60221,21.70751],[87.60234,21.7097]]]}},{"type":"Feature","bbox":[87.44478,21.66136,87.53517,21.7528],"properties":{"kind":"gp","gp":"Badhia","block":"Ramnagar-I","lgd":110179},"geometry":{"type":"MultiPolygon","coordinates":[[[[87.47595,21.67039],[87.47641,21.67136],[87.47552,21.67393],[87.47534,21.67634],[87.48043,21.67777],[87.48422,21.67788],[87.48513,21.67399],[87.48605,21.67341],[87.48782,21.67379],[87.48839,21.67308],[87.48856,21.67244],[87.48772,21.67148],[87.49114,21.66655],[87.49115,21.66447],[87.4921,21.66227],[87.49091,21.66217],[87.48985,21.66136],[87.48799,21.66251],[87.48677,21.662],[87.4823,21.66158],[87.48208,21.66379],[87.47749,21.66318],[87.47704,21.66347],[87.47732,21.66578],[87.47472,21.66504],[87.47307,21.66509],[87.47441,21.66568],[87.47449,21.66726],[87.47592,21.66825],[87.47595,21.67039]]],[[[87.47983,21.69241],[87.47716,21.6937],[87.47374,21.69279],[87.47162,21.69274],[87.47123,21.69618],[87.47363,21.69711],[87.47354,21.6981],[87.47244,21.69801],[87.47258,21.69908],[87.47149,21.69869],[87.47194,21.70244],[87.47131,21.70435],[87.47018,21.70533],[87.47206,21.70655],[87.4724,21.70734],[87.47266,21.71032],[87.47372,21.71271],[87.47369,21.7142],[87.47336,21.71496],[87.47144,21.71597],[87.47123,21.71742],[87.46952,21.71834],[87.46755,21.7186],[87.46582,21.72308],[87.46366,21.72471],[87.46346,21.72538],[87.46366,21.72804],[87.46408,21.72834],[87.46575,21.72747],[87.46711,21.72763],[87.46908,21.73229],[87.46781,21.73265],[87.46557,21.73179],[87.4627,21.73205],[87.46302,21.73267],[87.45881,21.73401],[87.44784,21.734],[87.44658,21.73434],[87.44478,21.73403],[87.44511,21.73843],[87.44585,21.73875],[87.4495,21.73781],[87.45319,21.7378],[87.45432,21.73909],[87.45389,21.74028],[87.45518,21.7418],[87.4582,21.7421],[87.46088,21.7434],[87.46111,21.7442],[87.45877,21.75216],[87.47094,21.7528],[87.47169,21.7508],[87.47332,21.74071],[87.47433,21.73755],[87.47533,21.73642],[87.48089,21.73672],[87.48048,21.74003],[87.48314,21.74079],[87.48299,21.74237],[87.48339,21.74282],[87.48556,21.74282],[87.4862,21.74153],[87.4854,21.73792],[87.48773,21.73423],[87.48909,21.72694],[87.49231,21.72805],[87.50011,21.7319],[87.50173,21.73154],[87.50296,21.73195],[87.50707,21.73466],[87.50903,21.73504],[87.51038,21.73488],[87.51284,21.73357],[87.5134,21.73207],[87.51445,21.73124],[87.5159,21.73113],[87.51711,21.72958],[87.51969,21.72949],[87.51995,21.72342],[87.51886,21.72236],[87.51903,21.71845],[87.51838,21.71861],[87.51787,21.71945],[87.51699,21.71944],[87.51314,21.71818],[87.51027,21.71779],[87.51144,21.71332],[87.51113,21.71007],[87.51208,21.70913],[87.51337,21.70922],[87.51352,21.70885],[87.51718,21.70805],[87.51774,21.70688],[87.51836,21.70725],[87.52075,21.70714],[87.52567,21.7065],[87.52986,21.70776],[87.53496,21.7104],[87.53517,21.70912],[87.53433,21.70813],[87.53423,21.70542],[87.53001,21.70423],[87.52903,21.70322],[87.52813,21.70028],[87.52626,21.70008],[87.52041,21.7009],[87.51878,21.69976],[87.51726,21.69946],[87.51134,21.69911],[87.51086,21.69933],[87.51148,21.70453],[87.51005,21.70496],[87.50629,21.70469],[87.50562,21.70368],[87.50586,21.70073],[87.50498,21.69836],[87.50058,21.6982],[87.50023,21.69583],[87.49731,21.69512],[87.49487,21.69177],[87.4927,21.69291],[87.49204,21.69395],[87.49056,21.69466],[87.49053,21.69527],[87.48945,21.69518],[87.48789,21.69446],[87.48765,21.69353],[87.4871,21.69327],[87.48767,21.69254],[87.48647,21.69162],[87.48545,21.69154],[87.48529,21.68948],[87.48373,21.6894],[87.48225,21.69308],[87.47983,21.69241]]]]}},{"type":"Feature","bbox":[87.81501,22.47456,87.87531,22.5118],"properties":{"kind":"gp","gp":"Baishnabchak","block":"Kolaghat","lgd":110087},"geometry":{"type":"Polygon","coordinates":[[[87.81569,22.48824],[87.81674,22.48915],[87.82702,22.49211],[87.82673,22.49443],[87.82827,22.497],[87.8281,22.49822],[87.82898,22.50012],[87.83116,22.50165],[87.83223,22.50393],[87.83337,22.5045],[87.83928,22.50553],[87.84375,22.50866],[87.84656,22.50974],[87.84633,22.5118],[87.85195,22.51128],[87.8561,22.50992],[87.85735,22.51],[87.85874,22.51078],[87.8652,22.51094],[87.86841,22.51042],[87.87235,22.5109],[87.87531,22.51049],[87.87401,22.50683],[87.87482,22.50534],[87.87209,22.50454],[87.87015,22.50316],[87.87075,22.49853],[87.87065,22.49779],[87.86979,22.49768],[87.87054,22.49681],[87.8704,22.49551],[87.86582,22.49575],[87.86544,22.49491],[87.8646,22.49469],[87.86395,22.49526],[87.86245,22.49486],[87.86233,22.49603],[87.85955,22.49627],[87.85901,22.49245],[87.8582,22.49025],[87.8583,22.48501],[87.85736,22.48228],[87.85692,22.48165],[87.85465,22.48135],[87.85325,22.47887],[87.85164,22.47885],[87.85057,22.47611],[87.84924,22.47583],[87.84867,22.47456],[87.84787,22.47464],[87.84794,22.4755],[87.84746,22.47562],[87.84664,22.47977],[87.84674,22.48045],[87.84944,22.4813],[87.84932,22.48295],[87.84855,22.48325],[87.84805,22.48551],[87.84094,22.48576],[87.84001,22.48708],[87.83977,22.48875],[87.83885,22.48852],[87.83198,22.4824],[87.82872,22.48179],[87.82696,22.47966],[87.82503,22.47832],[87.82216,22.47759],[87.82087,22.47869],[87.81614,22.4802],[87.81501,22.48314],[87.81569,22.48824]]]}},{"type":"Feature","bbox":[87.70859,22.16414,87.79264,22.20502],"properties":{"kind":"gp","gp":"Bakcha","block":"Moyna","lgd":110109},"geometry":{"type":"Polygon","coordinates":[[[87.76674,22.16769],[87.76232,22.16789],[87.75675,22.16986],[87.75547,22.17184],[87.75466,22.1723],[87.75083,22.17199],[87.75007,22.17384],[87.74762,22.17662],[87.74626,22.17627],[87.74445,22.174],[87.74284,22.17323],[87.74036,22.17511],[87.73462,22.17662],[87.73276,22.17593],[87.7321,22.17389],[87.73064,22.17295],[87.72605,22.17294],[87.72061,22.17448],[87.71902,22.17439],[87.71403,22.17238],[87.71268,22.17037],[87.71082,22.17281],[87.70859,22.17703],[87.70953,22.18052],[87.71008,22.18082],[87.71302,22.17994],[87.7154,22.1871],[87.71644,22.18588],[87.71713,22.18382],[87.71871,22.18213],[87.71993,22.18182],[87.72149,22.18283],[87.72294,22.18282],[87.72391,22.18344],[87.72762,22.18674],[87.72925,22.18988],[87.7284,22.19253],[87.72915,22.19426],[87.72883,22.19654],[87.7299,22.20239],[87.72888,22.20502],[87.73358,22.20427],[87.74983,22.20319],[87.75043,22.2027],[87.75894,22.20202],[87.76538,22.20089],[87.77276,22.20096],[87.77103,22.19891],[87.77102,22.19833],[87.77964,22.19747],[87.78271,22.19428],[87.78141,22.19185],[87.78076,22.19151],[87.78037,22.18636],[87.78079,22.18451],[87.78339,22.18459],[87.78557,22.18535],[87.78767,22.18541],[87.78809,22.18494],[87.78862,22.18329],[87.78856,22.17941],[87.78959,22.17874],[87.78956,22.17828],[87.78591,22.16872],[87.79082,22.16959],[87.79215,22.16941],[87.79264,22.16868],[87.79073,22.16808],[87.78878,22.16602],[87.78076,22.16414],[87.77955,22.16414],[87.77438,22.16649],[87.77074,22.16654],[87.76674,22.16769]]]}},{"type":"Feature","bbox":[87.5692,21.6727,87.61567,21.70611],"properties":{"kind":"gp","gp":"Balisai","block":"Ramnagar-II","lgd":110189},"geometry":{"type":"Polygon","coordinates":[[[87.61341,21.68621],[87.61481,21.6838],[87.61567,21.68354],[87.61517,21.68105],[87.61547,21.6791],[87.61194,21.67786],[87.60832,21.67845],[87.60696,21.67694],[87.60489,21.67589],[87.59829,21.67519],[87.59699,21.6748],[87.59651,21.67414],[87.59387,21.67393],[87.59179,21.6727],[87.58494,21.67292],[87.58491,21.67564],[87.58666,21.67714],[87.58659,21.67797],[87.58419,21.68226],[87.58225,21.68382],[87.58228,21.68611],[87.57213,21.6884],[87.57053,21.69179],[87.5692,21.69203],[87.56925,21.69271],[87.57004,21.69389],[87.57066,21.69405],[87.57171,21.69717],[87.57365,21.69756],[87.58044,21.69595],[87.58207,21.69505],[87.58445,21.69455],[87.58488,21.69489],[87.58889,21.69389],[87.58808,21.69583],[87.58969,21.70182],[87.59101,21.704],[87.59363,21.70601],[87.59694,21.70611],[87.60158,21.70529],[87.6073,21.70331],[87.6104,21.70288],[87.6138,21.70307],[87.61549,21.69555],[87.61426,21.69234],[87.61442,21.68809],[87.61347,21.68816],[87.61341,21.68621]]]}},{"type":"Feature","bbox":[87.85764,22.34736,87.8955,22.38599],"properties":{"kind":"gp","gp":"Balluk-I","block":"Shahid Matangini","lgd":110196},"geometry":{"type":"Polygon","coordinates":[[[87.89512,22.35376],[87.8955,22.34945],[87.89488,22.34862],[87.89319,22.34813],[87.89242,22.34736],[87.88916,22.34767],[87.88871,22.34955],[87.88655,22.35006],[87.88698,22.35135],[87.8773,22.35278],[87.87523,22.35353],[87.87364,22.35322],[87.87298,22.35122],[87.87135,22.35155],[87.87188,22.3526],[87.86786,22.35258],[87.86747,22.35182],[87.86619,22.35227],[87.86641,22.35277],[87.8659,22.35318],[87.86198,22.35375],[87.86236,22.35505],[87.86185,22.35551],[87.86058,22.35486],[87.85764,22.35526],[87.85834,22.35744],[87.85918,22.35743],[87.85989,22.35843],[87.86068,22.35817],[87.86106,22.35726],[87.86402,22.35679],[87.86503,22.35691],[87.86501,22.35795],[87.86575,22.35791],[87.86656,22.36001],[87.86655,22.36105],[87.86579,22.36188],[87.86633,22.36314],[87.8673,22.36306],[87.86704,22.36379],[87.8659,22.36402],[87.86444,22.36786],[87.86813,22.36739],[87.86889,22.36784],[87.86881,22.36842],[87.86945,22.369],[87.86943,22.37053],[87.87024,22.37188],[87.87148,22.37193],[87.87348,22.374],[87.87581,22.37384],[87.87598,22.37455],[87.87689,22.37471],[87.87996,22.37262],[87.88111,22.37323],[87.88147,22.374],[87.88225,22.37428],[87.88206,22.3754],[87.8831,22.38004],[87.88287,22.3809],[87.88396,22.38116],[87.88417,22.38268],[87.88585,22.38327],[87.88681,22.38593],[87.89043,22.38599],[87.89177,22.38581],[87.89193,22.38476],[87.8943,22.38389],[87.89509,22.38292],[87.89425,22.37975],[87.89313,22.37833],[87.89252,22.37654],[87.89303,22.37426],[87.88978,22.37397],[87.89001,22.37135],[87.88877,22.36923],[87.88584,22.37092],[87.88549,22.37154],[87.88484,22.37121],[87.88396,22.3675],[87.88415,22.36678],[87.88549,22.36614],[87.88744,22.36771],[87.88894,22.36785],[87.89102,22.36674],[87.89253,22.36487],[87.89357,22.36435],[87.8943,22.3612],[87.89308,22.36127],[87.89244,22.36026],[87.89242,22.35865],[87.89279,22.35645],[87.89445,22.35526],[87.89512,22.35376]]]}},{"type":"Feature","bbox":[87.84456,22.34415,87.88622,22.38999],"properties":{"kind":"gp","gp":"Balluk-Ii","block":"Shahid Matangini","lgd":110197},"geometry":{"type":"Polygon","coordinates":[[[87.85786,22.355],[87.86058,22.35486],[87.86185,22.35551],[87.86236,22.35505],[87.86198,22.35375],[87.8659,22.35318],[87.86641,22.35277],[87.86619,22.35227],[87.86747,22.35182],[87.86786,22.35258],[87.86847,22.35259],[87.86868,22.35211],[87.8676,22.35024],[87.86769,22.34756],[87.86451,22.34825],[87.86331,22.34764],[87.86238,22.34801],[87.86152,22.35163],[87.85953,22.35184],[87.85879,22.35163],[87.8586,22.35028],[87.85773,22.34936],[87.85804,22.34755],[87.85729,22.34706],[87.8565,22.34456],[87.85617,22.34415],[87.85527,22.34444],[87.85537,22.34612],[87.85474,22.34628],[87.85457,22.34709],[87.85577,22.3562],[87.85495,22.35656],[87.85469,22.35771],[87.84744,22.35946],[87.84971,22.36226],[87.85123,22.36265],[87.85082,22.36356],[87.85503,22.36981],[87.85069,22.36977],[87.84841,22.36685],[87.84683,22.36733],[87.84679,22.3679],[87.84456,22.36848],[87.84501,22.37013],[87.84561,22.37071],[87.84491,22.3721],[87.84595,22.37216],[87.84638,22.37327],[87.84602,22.37406],[87.84885,22.37343],[87.85037,22.37477],[87.84963,22.37809],[87.84854,22.37958],[87.84933,22.38038],[87.84978,22.38331],[87.8507,22.38411],[87.8556,22.384],[87.85686,22.37949],[87.86498,22.37903],[87.86518,22.38113],[87.86761,22.38303],[87.86799,22.38416],[87.86746,22.38626],[87.86809,22.38644],[87.86829,22.38721],[87.86959,22.38786],[87.87093,22.38779],[87.87205,22.38859],[87.872,22.38977],[87.87259,22.38999],[87.87391,22.38998],[87.8739,22.38881],[87.87717,22.38843],[87.87715,22.38725],[87.87805,22.3871],[87.87802,22.38656],[87.88426,22.3851],[87.88622,22.3851],[87.88585,22.38327],[87.88417,22.38268],[87.88396,22.38116],[87.88052,22.38077],[87.87915,22.37995],[87.87759,22.37824],[87.87705,22.37695],[87.87622,22.3766],[87.87581,22.37384],[87.87348,22.374],[87.87148,22.37193],[87.87024,22.37188],[87.86943,22.37053],[87.86945,22.369],[87.86881,22.36842],[87.86889,22.36784],[87.86813,22.36739],[87.86444,22.36786],[87.8659,22.36402],[87.86704,22.36379],[87.8673,22.36306],[87.86633,22.36314],[87.86579,22.36188],[87.86655,22.36105],[87.86656,22.36001],[87.86575,22.35791],[87.86501,22.35795],[87.86503,22.35691],[87.86402,22.35679],[87.86106,22.35726],[87.86068,22.35817],[87.85989,22.35843],[87.85918,22.35743],[87.85834,22.35744],[87.85786,22.355]]]}},{"type":"Feature","bbox":[87.77284,21.7209,87.84383,21.78005],"properties":{"kind":"gp","gp":"Bamunia","block":"Deshapran","lgd":110049},"geometry":{"type":"MultiPolygon","coordinates":[[[[87.80163,21.72855],[87.80074,21.72937],[87.79946,21.72946],[87.79544,21.72708],[87.79187,21.7281],[87.78751,21.73152],[87.78524,21.7311],[87.78203,21.72921],[87.78108,21.7298],[87.78079,21.72828],[87.7812,21.72641],[87.7798,21.72378],[87.77699,21.72292],[87.77932,21.72647],[87.78043,21.72704],[87.77951,21.72732],[87.77676,21.73055],[87.77632,21.7313],[87.77658,21.73292],[87.77284,21.73319],[87.77473,21.73545],[87.77933,21.73594],[87.77952,21.73985],[87.77658,21.74058],[87.77701,21.74537],[87.78005,21.74506],[87.78099,21.74961],[87.78305,21.74928],[87.78328,21.75178],[87.78393,21.75175],[87.78402,21.7511],[87.78476,21.75125],[87.78515,21.75238],[87.78164,21.75377],[87.78124,21.75487],[87.78331,21.75606],[87.78314,21.75813],[87.78801,21.75966],[87.78836,21.76079],[87.78757,21.76135],[87.78837,21.76321],[87.78849,21.7686],[87.79452,21.76436],[87.79493,21.76575],[87.79452,21.76585],[87.79443,21.76692],[87.79469,21.76986],[87.79537,21.76974],[87.797,21.77122],[87.79768,21.77118],[87.79825,21.77059],[87.79765,21.76994],[87.79846,21.76918],[87.7992,21.77014],[87.8007,21.76867],[87.80195,21.76952],[87.80179,21.77122],[87.80225,21.77183],[87.80302,21.77187],[87.80372,21.77292],[87.80554,21.77326],[87.80646,21.77574],[87.80704,21.77614],[87.80895,21.7758],[87.81068,21.77711],[87.81124,21.77708],[87.81257,21.77413],[87.81324,21.77474],[87.81431,21.7746],[87.81499,21.77389],[87.81523,21.77288],[87.81318,21.77226],[87.81552,21.77194],[87.81575,21.77115],[87.817,21.771],[87.81728,21.77156],[87.81859,21.77092],[87.82019,21.77099],[87.81967,21.77216],[87.82007,21.77332],[87.82292,21.77325],[87.82538,21.77404],[87.82845,21.7722],[87.83607,21.77014],[87.83495,21.76707],[87.83558,21.76399],[87.8366,21.76188],[87.83424,21.7553],[87.8341,21.75139],[87.83696,21.74868],[87.83814,21.74877],[87.83828,21.74759],[87.8409,21.74722],[87.84115,21.7445],[87.84383,21.7411],[87.837,21.73643],[87.83397,21.73508],[87.83077,21.7312],[87.8272,21.72855],[87.82685,21.72766],[87.81764,21.7209],[87.80963,21.72612],[87.80681,21.726],[87.80342,21.72808],[87.80163,21.72855]],[[87.80989,21.76799],[87.80937,21.76942],[87.80989,21.77091],[87.8097,21.77204],[87.80765,21.77279],[87.80695,21.77246],[87.80611,21.77279],[87.80507,21.77132],[87.80413,21.77117],[87.80394,21.77026],[87.80243,21.77002],[87.80153,21.76581],[87.80663,21.76585],[87.80725,21.76445],[87.80989,21.76799]]],[[[87.80803,21.77809],[87.8061,21.77939],[87.80671,21.78005],[87.8105,21.77973],[87.81116,21.77925],[87.81114,21.7783],[87.81052,21.77789],[87.80803,21.77809]]]]}},{"type":"Feature","bbox":[87.90755,21.87889,87.96937,21.94347],"properties":{"kind":"gp","gp":"Baratala","block":"Khejuri-II","lgd":110081},"geometry":{"type":"Polygon","coordinates":[[[87.92962,21.89048],[87.92863,21.8869],[87.92839,21.88339],[87.92918,21.88161],[87.92917,21.87937],[87.9247,21.87889],[87.92405,21.88048],[87.92108,21.8817],[87.92145,21.88558],[87.9201,21.88713],[87.91527,21.88891],[87.91494,21.89208],[87.91212,21.89325],[87.91023,21.8934],[87.90997,21.8946],[87.90881,21.89582],[87.90842,21.89809],[87.90755,21.89957],[87.9078,21.90014],[87.90968,21.90004],[87.91054,21.90126],[87.91266,21.90121],[87.91481,21.90281],[87.91556,21.9044],[87.91545,21.9051],[87.91385,21.90639],[87.91321,21.90778],[87.91085,21.90913],[87.91207,21.90941],[87.91392,21.9114],[87.91428,21.9125],[87.91406,21.91837],[87.91257,21.91987],[87.9123,21.92222],[87.91307,21.92345],[87.91409,21.92394],[87.91697,21.92233],[87.91851,21.92231],[87.9217,21.92367],[87.92695,21.9229],[87.92754,21.92406],[87.92696,21.92568],[87.92758,21.92805],[87.92932,21.93141],[87.93066,21.93795],[87.93218,21.93985],[87.93211,21.94347],[87.93738,21.93923],[87.93785,21.93863],[87.93804,21.93619],[87.93883,21.93551],[87.94308,21.93465],[87.9439,21.93495],[87.94606,21.93732],[87.95123,21.93804],[87.95483,21.93685],[87.95642,21.9355],[87.96419,21.92532],[87.96699,21.91907],[87.96709,21.91721],[87.96852,21.9135],[87.96867,21.91125],[87.96937,21.9093],[87.96817,21.90523],[87.96603,21.90196],[87.96531,21.89901],[87.95793,21.9015],[87.9573,21.89906],[87.95447,21.89978],[87.95399,21.89827],[87.95246,21.89636],[87.95134,21.89606],[87.94801,21.89705],[87.94824,21.89812],[87.94561,21.89803],[87.94413,21.89754],[87.94447,21.89406],[87.9404,21.89362],[87.94041,21.89426],[87.93808,21.89719],[87.93813,21.8986],[87.93377,21.89838],[87.93301,21.89806],[87.93249,21.89691],[87.92923,21.89637],[87.92962,21.89048]]]}},{"type":"Feature","bbox":[87.81031,22.20042,87.84236,22.26069],"properties":{"kind":"gp","gp":"Bargodagodar","block":"Nandakumar","lgd":110120},"geometry":{"type":"Polygon","coordinates":[[[87.84162,22.21087],[87.83997,22.20971],[87.83642,22.21039],[87.83494,22.20776],[87.82855,22.20079],[87.82706,22.20166],[87.82109,22.20042],[87.81814,22.20434],[87.8167,22.20731],[87.81164,22.20513],[87.81072,22.20512],[87.81031,22.20687],[87.81105,22.21302],[87.81376,22.22005],[87.81407,22.22247],[87.81233,22.2276],[87.81355,22.22831],[87.81193,22.23347],[87.81376,22.24168],[87.81536,22.24287],[87.81355,22.24645],[87.81388,22.24719],[87.81482,22.24762],[87.81756,22.2476],[87.81977,22.24666],[87.82501,22.24557],[87.82506,22.24774],[87.82413,22.25167],[87.82409,22.25844],[87.82426,22.25928],[87.82657,22.26069],[87.82862,22.26009],[87.83224,22.25791],[87.83655,22.257],[87.83801,22.25612],[87.83922,22.25397],[87.84212,22.25634],[87.84121,22.25307],[87.84009,22.25196],[87.83912,22.2493],[87.8396,22.24785],[87.84134,22.24652],[87.84163,22.24459],[87.8416,22.24079],[87.83911,22.23718],[87.84124,22.23572],[87.84156,22.23499],[87.84124,22.23373],[87.8395,22.23224],[87.83894,22.23092],[87.84055,22.22685],[87.83964,22.22575],[87.83945,22.22468],[87.84201,22.22296],[87.84158,22.219],[87.8409,22.21721],[87.84226,22.21452],[87.84236,22.21321],[87.84162,22.21087]]]}},{"type":"Feature","bbox":[87.51776,22.01732,87.65636,22.07202],"properties":{"kind":"gp","gp":"Barhat","block":"Patashpur-I","lgd":110165},"geometry":{"type":"MultiPolygon","coordinates":[[[[87.52579,22.025],[87.52364,22.02537],[87.52367,22.02456],[87.52689,22.02417],[87.53034,22.02441],[87.53015,22.02313],[87.5257,22.0228],[87.52462,22.02105],[87.52279,22.0215],[87.52104,22.01964],[87.52011,22.01925],[87.51776,22.01961],[87.51781,22.02189],[87.51881,22.02189],[87.51949,22.02267],[87.51991,22.02682],[87.519,22.0269],[87.51887,22.02805],[87.5194,22.03178],[87.52103,22.03287],[87.52041,22.03386],[87.52102,22.03696],[87.52238,22.03748],[87.52275,22.03698],[87.52377,22.03694],[87.524,22.03751],[87.52482,22.03743],[87.52506,22.0368],[87.5265,22.03706],[87.52723,22.03588],[87.52672,22.03542],[87.52747,22.03118],[87.52681,22.02691],[87.52717,22.02692],[87.52679,22.0258],[87.52615,22.02576],[87.52579,22.025]]],[[[87.62622,22.02406],[87.62572,22.02383],[87.62519,22.02506],[87.62468,22.02454],[87.62504,22.02236],[87.6246,22.02233],[87.62402,22.02336],[87.62407,22.01859],[87.62029,22.02044],[87.61765,22.01766],[87.61634,22.01732],[87.61633,22.01776],[87.61506,22.01808],[87.61482,22.01774],[87.61149,22.01781],[87.61131,22.01862],[87.61276,22.02177],[87.6148,22.02348],[87.61588,22.02619],[87.61406,22.02942],[87.60974,22.02904],[87.60952,22.03277],[87.61063,22.03622],[87.60408,22.03665],[87.60426,22.03785],[87.60278,22.03797],[87.6027,22.03848],[87.60121,22.03886],[87.60169,22.04155],[87.60352,22.04161],[87.604,22.0479],[87.60163,22.04842],[87.5971,22.04845],[87.5946,22.04908],[87.59628,22.05242],[87.59514,22.05243],[87.59528,22.05292],[87.59753,22.054],[87.60043,22.05476],[87.60215,22.05472],[87.60336,22.05535],[87.60533,22.0549],[87.60621,22.05238],[87.60856,22.05211],[87.61055,22.0492],[87.61233,22.04831],[87.61382,22.05155],[87.61546,22.05106],[87.61651,22.05513],[87.61727,22.05535],[87.61788,22.0603],[87.62074,22.06035],[87.62109,22.06084],[87.62113,22.06144],[87.62044,22.06168],[87.62078,22.06483],[87.62176,22.06498],[87.62201,22.06452],[87.62425,22.06415],[87.62572,22.06471],[87.62598,22.06416],[87.63199,22.06399],[87.63238,22.06709],[87.63371,22.06714],[87.63423,22.07053],[87.63483,22.07066],[87.63505,22.0716],[87.63828,22.07202],[87.64176,22.07061],[87.64289,22.0697],[87.64258,22.06633],[87.64395,22.06405],[87.6463,22.06172],[87.65004,22.06103],[87.6524,22.06144],[87.65198,22.06052],[87.65183,22.05516],[87.65211,22.05057],[87.65636,22.0501],[87.65577,22.04416],[87.64979,22.04547],[87.64871,22.04463],[87.64995,22.04332],[87.64926,22.04086],[87.65124,22.03973],[87.65347,22.03917],[87.65427,22.03683],[87.65341,22.03493],[87.65434,22.03232],[87.65004,22.03323],[87.64832,22.03337],[87.64759,22.0329],[87.6398,22.0335],[87.63738,22.03161],[87.63735,22.03026],[87.63326,22.03031],[87.63275,22.02934],[87.63148,22.02895],[87.63133,22.02816],[87.62987,22.02823],[87.62985,22.02878],[87.62577,22.02931],[87.62578,22.02755],[87.62497,22.02578],[87.62633,22.02511],[87.62622,22.02406]]]]}},{"type":"Feature","bbox":[87.44872,21.87278,87.52496,21.93938],"properties":{"kind":"gp","gp":"Barida","block":"Egra-I","lgd":110055},"geometry":{"type":"Polygon","coordinates":[[[87.48797,21.88189],[87.4862,21.87282],[87.48441,21.87278],[87.48337,21.87323],[87.48323,21.87398],[87.47959,21.87491],[87.47959,21.87632],[87.47757,21.87788],[87.47617,21.87847],[87.47568,21.87783],[87.47566,21.87951],[87.47487,21.88087],[87.47223,21.8808],[87.47067,21.87991],[87.46978,21.87823],[87.46911,21.8784],[87.46865,21.87779],[87.46694,21.8788],[87.46473,21.87895],[87.46294,21.8786],[87.46278,21.87733],[87.46187,21.87711],[87.46083,21.87875],[87.45944,21.8783],[87.4598,21.87722],[87.45848,21.87659],[87.45609,21.87635],[87.45684,21.8735],[87.45601,21.87308],[87.45583,21.87483],[87.45211,21.87575],[87.45061,21.87656],[87.44958,21.88137],[87.44946,21.88763],[87.44872,21.89017],[87.44974,21.89267],[87.45253,21.89165],[87.45498,21.8916],[87.45698,21.89238],[87.46052,21.89681],[87.46433,21.89605],[87.46711,21.89609],[87.47159,21.89842],[87.47712,21.89929],[87.47777,21.9071],[87.47877,21.90826],[87.479,21.90998],[87.48052,21.91292],[87.48078,21.91446],[87.48409,21.92108],[87.48315,21.92309],[87.48282,21.92665],[87.48104,21.93029],[87.48147,21.93905],[87.48638,21.93845],[87.48901,21.93938],[87.4921,21.93774],[87.49359,21.93742],[87.49525,21.93781],[87.49676,21.93556],[87.49952,21.93439],[87.50896,21.93412],[87.50932,21.93376],[87.50888,21.93135],[87.50925,21.92605],[87.51162,21.92358],[87.51137,21.92051],[87.51272,21.91805],[87.51457,21.91598],[87.51667,21.91472],[87.51852,21.91473],[87.52064,21.91338],[87.52401,21.91224],[87.52401,21.91171],[87.52496,21.91124],[87.52358,21.90682],[87.52198,21.90659],[87.52189,21.90562],[87.52144,21.90565],[87.52155,21.90683],[87.52027,21.90698],[87.51974,21.90436],[87.51737,21.90413],[87.51619,21.90468],[87.51445,21.90455],[87.51432,21.90098],[87.51357,21.90045],[87.51229,21.9004],[87.51204,21.89931],[87.5128,21.8961],[87.51375,21.89623],[87.51424,21.89488],[87.51417,21.89246],[87.51182,21.89219],[87.51152,21.89079],[87.51048,21.89058],[87.51254,21.89021],[87.51323,21.8878],[87.51404,21.88754],[87.51407,21.88684],[87.51516,21.88687],[87.51532,21.88426],[87.51457,21.8818],[87.51108,21.88219],[87.51024,21.88193],[87.50967,21.87989],[87.50907,21.8793],[87.50597,21.87981],[87.50457,21.87838],[87.50298,21.87846],[87.50042,21.87753],[87.49627,21.87856],[87.4942,21.87866],[87.49367,21.87802],[87.49292,21.87806],[87.49268,21.87856],[87.49083,21.8791],[87.49102,21.87993],[87.48909,21.88122],[87.48869,21.88207],[87.48797,21.88189]]]}},{"type":"Feature","bbox":[87.6973,21.91586,87.77662,21.96785],"properties":{"kind":"gp","gp":"Baroj","block":"Bhagawanpur-II","lgd":110013},"geometry":{"type":"Polygon","coordinates":[[[87.70351,21.91656],[87.6973,21.91808],[87.69956,21.92582],[87.70175,21.92733],[87.7015,21.93058],[87.70293,21.93394],[87.7025,21.93553],[87.70364,21.93562],[87.70446,21.93689],[87.70394,21.93925],[87.70292,21.93928],[87.70277,21.94069],[87.70194,21.94149],[87.70337,21.94413],[87.70296,21.94692],[87.70585,21.95108],[87.70885,21.95146],[87.70884,21.95097],[87.71014,21.95192],[87.71162,21.95225],[87.7098,21.95448],[87.70575,21.9566],[87.70663,21.95842],[87.70588,21.96052],[87.7082,21.96162],[87.70992,21.96159],[87.70959,21.964],[87.7142,21.96216],[87.71766,21.96147],[87.71863,21.95978],[87.72198,21.95896],[87.72242,21.96098],[87.72337,21.96128],[87.72511,21.9673],[87.72682,21.96785],[87.73131,21.96394],[87.73777,21.95944],[87.74105,21.95765],[87.74775,21.95555],[87.74781,21.95392],[87.74975,21.95126],[87.74996,21.94961],[87.75095,21.94863],[87.7527,21.9479],[87.75392,21.9465],[87.75256,21.9412],[87.7538,21.93849],[87.75582,21.93727],[87.75602,21.93627],[87.75426,21.93292],[87.75429,21.93152],[87.75814,21.92987],[87.75863,21.92902],[87.75715,21.92595],[87.75731,21.92518],[87.76038,21.92386],[87.7615,21.91989],[87.76257,21.91943],[87.76622,21.92122],[87.76981,21.9194],[87.77432,21.91876],[87.77662,21.91654],[87.77327,21.91623],[87.77153,21.91709],[87.76785,21.91586],[87.75698,21.91744],[87.75108,21.91673],[87.74354,21.91956],[87.74057,21.92022],[87.73768,21.91979],[87.73286,21.91637],[87.73127,21.91624],[87.72662,21.91698],[87.7244,21.91863],[87.72123,21.91934],[87.71741,21.91892],[87.71182,21.91924],[87.70957,21.91888],[87.70552,21.91682],[87.70351,21.91656]]]}},{"type":"Feature","bbox":[87.97805,22.06844,88.04011,22.13594],"properties":{"kind":"gp","gp":"Baruttarhingli","block":"Haldia","lgd":110071},"geometry":{"type":"Polygon","coordinates":[[[88.02563,22.09169],[88.02334,22.09039],[88.02346,22.0874],[88.02413,22.08615],[88.02315,22.08565],[88.02326,22.08643],[88.02267,22.08653],[88.02235,22.08601],[88.02232,22.08487],[88.02289,22.08421],[88.02264,22.08172],[88.02203,22.08159],[88.02213,22.07951],[88.02345,22.07903],[88.02363,22.07805],[88.02523,22.07708],[88.02639,22.07281],[88.02277,22.06844],[88.01438,22.07261],[88.00403,22.07676],[87.99829,22.08066],[87.99417,22.08542],[87.98264,22.1042],[87.97886,22.10788],[87.97805,22.10791],[87.97867,22.11509],[87.97942,22.11545],[87.97965,22.11623],[87.98175,22.11683],[87.98128,22.11882],[87.9796,22.11896],[87.97959,22.1207],[87.98203,22.12021],[87.98236,22.11953],[87.983,22.12058],[87.98205,22.12092],[87.98265,22.1214],[87.98268,22.12211],[87.98163,22.12191],[87.98135,22.12348],[87.98344,22.12403],[87.98364,22.12517],[87.98306,22.12518],[87.9831,22.12657],[87.98409,22.12696],[87.98628,22.12902],[87.98636,22.12965],[87.98853,22.13124],[87.98889,22.1323],[87.99731,22.13193],[87.99827,22.13237],[87.99895,22.13512],[88.00361,22.13554],[88.00431,22.1334],[88.00547,22.13261],[88.00954,22.13568],[88.01244,22.13553],[88.01351,22.13594],[88.01521,22.133],[88.01608,22.13287],[88.01661,22.1334],[88.01864,22.13324],[88.01955,22.13391],[88.02325,22.13312],[88.02665,22.13318],[88.03082,22.13221],[88.03265,22.13297],[88.03353,22.13113],[88.03321,22.12993],[88.03241,22.12998],[88.03251,22.12831],[88.0341,22.1275],[88.03654,22.12786],[88.0394,22.12598],[88.04011,22.12242],[88.03958,22.1211],[88.03988,22.11819],[88.03897,22.11727],[88.03934,22.11681],[88.03899,22.1162],[88.03637,22.11625],[88.03535,22.11539],[88.03234,22.115],[88.03225,22.11387],[88.02994,22.11357],[88.02817,22.11402],[88.02771,22.11347],[88.027,22.11359],[88.02724,22.11285],[88.02667,22.11189],[88.02272,22.11221],[88.02117,22.11129],[88.02167,22.11058],[88.02048,22.10865],[88.02101,22.10796],[88.02011,22.10669],[88.02111,22.10543],[88.02068,22.10384],[88.02088,22.10231],[88.01904,22.10071],[88.02258,22.09996],[88.0229,22.09711],[88.02678,22.09776],[88.02692,22.09543],[88.02808,22.09406],[88.02804,22.09353],[88.0256,22.09231],[88.02563,22.09169]]]}},{"type":"Feature","bbox":[87.46037,21.63906,87.52106,21.71945],"properties":{"kind":"gp","gp":"Basantapur","block":"Ramnagar-I","lgd":110180},"geometry":{"type":"MultiPolygon","coordinates":[[[[87.48832,21.64179],[87.48553,21.64017],[87.48448,21.64025],[87.48346,21.64097],[87.4828,21.64217],[87.4818,21.64221],[87.48163,21.64158],[87.4822,21.64066],[87.47937,21.63906],[87.4777,21.64042],[87.47758,21.64183],[87.47667,21.64193],[87.47606,21.64353],[87.47517,21.64399],[87.47516,21.64478],[87.47653,21.64497],[87.47629,21.6472],[87.47227,21.64767],[87.47191,21.6493],[87.4725,21.65067],[87.47256,21.65247],[87.46456,21.65135],[87.46083,21.65033],[87.46037,21.6514],[87.46079,21.65274],[87.4605,21.65544],[87.46248,21.65865],[87.46122,21.66251],[87.46714,21.66402],[87.46754,21.6674],[87.46694,21.66891],[87.46686,21.67262],[87.4755,21.67508],[87.47641,21.67136],[87.47595,21.67039],[87.47592,21.66825],[87.47449,21.66726],[87.47441,21.66568],[87.47307,21.66509],[87.47472,21.66504],[87.47732,21.66578],[87.47691,21.66428],[87.47749,21.66318],[87.48165,21.66392],[87.48208,21.66379],[87.4823,21.66158],[87.48677,21.662],[87.48799,21.66251],[87.48985,21.66136],[87.49091,21.66217],[87.4921,21.66227],[87.49115,21.66447],[87.49114,21.66655],[87.48908,21.67002],[87.48827,21.67048],[87.49313,21.67017],[87.49451,21.67062],[87.49499,21.67144],[87.49864,21.67189],[87.49941,21.67109],[87.5084,21.67281],[87.50735,21.66772],[87.5069,21.66729],[87.50644,21.66772],[87.5038,21.66669],[87.50279,21.66737],[87.50055,21.66667],[87.50082,21.66572],[87.50228,21.66434],[87.50317,21.66421],[87.50252,21.66353],[87.50375,21.66177],[87.50377,21.66039],[87.50578,21.65874],[87.50404,21.6574],[87.50466,21.6567],[87.5053,21.65707],[87.50609,21.65663],[87.50661,21.65529],[87.50364,21.65531],[87.5034,21.65631],[87.50247,21.65629],[87.50237,21.65556],[87.50161,21.655],[87.50225,21.65396],[87.50214,21.65266],[87.50141,21.65341],[87.49876,21.65408],[87.4987,21.65188],[87.49747,21.65025],[87.49866,21.64762],[87.4978,21.64633],[87.50037,21.6428],[87.50009,21.64112],[87.49402,21.6399],[87.49344,21.64037],[87.49337,21.64737],[87.49278,21.64784],[87.49284,21.64632],[87.49232,21.64632],[87.49109,21.64763],[87.4895,21.64776],[87.4891,21.6474],[87.48832,21.64179]]],[[[87.5166,21.71583],[87.51561,21.71466],[87.51633,21.71154],[87.51898,21.70822],[87.51909,21.70707],[87.51774,21.70688],[87.51718,21.70805],[87.51141,21.70951],[87.51144,21.71332],[87.51027,21.71779],[87.51314,21.71818],[87.51699,21.71944],[87.51787,21.71945],[87.51838,21.71861],[87.52106,21.71803],[87.5166,21.71583]]]]}},{"type":"Feature","bbox":[87.78972,21.78513,87.87443,21.84445],"properties":{"kind":"gp","gp":"Basantia","block":"Deshapran","lgd":110050},"geometry":{"type":"Polygon","coordinates":[[[87.83382,21.78975],[87.83418,21.78886],[87.83362,21.78766],[87.83027,21.78803],[87.82755,21.78683],[87.82661,21.78688],[87.82515,21.78845],[87.82309,21.78886],[87.82245,21.7897],[87.81998,21.79017],[87.81882,21.79119],[87.81768,21.79098],[87.81651,21.79286],[87.8156,21.7931],[87.81443,21.79273],[87.81392,21.79074],[87.81009,21.78806],[87.80969,21.7867],[87.80871,21.78589],[87.80758,21.78643],[87.80694,21.7853],[87.80638,21.78605],[87.8042,21.78605],[87.80256,21.78513],[87.8011,21.78577],[87.80139,21.78703],[87.80008,21.78892],[87.7977,21.78859],[87.79653,21.78739],[87.79667,21.78979],[87.79514,21.79044],[87.79682,21.79188],[87.79692,21.79294],[87.79261,21.79584],[87.78972,21.79707],[87.79008,21.79842],[87.79116,21.79871],[87.79191,21.79951],[87.79276,21.80152],[87.79363,21.8017],[87.7951,21.80093],[87.79617,21.80164],[87.79787,21.80135],[87.79838,21.80049],[87.79956,21.80018],[87.80109,21.80087],[87.80073,21.802],[87.80346,21.80386],[87.80504,21.80386],[87.80672,21.80221],[87.80745,21.80233],[87.8087,21.80531],[87.81221,21.80974],[87.81799,21.80715],[87.81921,21.81064],[87.82336,21.80982],[87.82351,21.81096],[87.82436,21.81163],[87.82551,21.81382],[87.82646,21.81351],[87.82783,21.81115],[87.83,21.80913],[87.83145,21.80879],[87.83344,21.81002],[87.83421,21.80995],[87.83474,21.80885],[87.83319,21.80622],[87.83024,21.80585],[87.82802,21.80437],[87.82671,21.80257],[87.82966,21.80272],[87.83457,21.80394],[87.83371,21.8052],[87.83622,21.80808],[87.83536,21.80946],[87.83737,21.81244],[87.83646,21.81274],[87.8412,21.82109],[87.83867,21.82545],[87.83877,21.82715],[87.84281,21.82657],[87.84351,21.826],[87.84326,21.82186],[87.84541,21.82163],[87.84596,21.82199],[87.84536,21.81731],[87.85097,21.822],[87.85469,21.82588],[87.86437,21.82967],[87.86555,21.83106],[87.86572,21.83181],[87.86514,21.83229],[87.86196,21.83029],[87.86178,21.8314],[87.86422,21.84071],[87.86519,21.84195],[87.86686,21.84323],[87.86953,21.84374],[87.87018,21.84428],[87.87443,21.84445],[87.87398,21.83506],[87.87286,21.82788],[87.87297,21.8227],[87.86949,21.82147],[87.86953,21.82063],[87.86782,21.81783],[87.86818,21.81382],[87.86782,21.81281],[87.86675,21.81245],[87.86418,21.81271],[87.86215,21.81068],[87.85985,21.8105],[87.85769,21.81122],[87.85431,21.80865],[87.85101,21.80869],[87.84547,21.81035],[87.84182,21.80992],[87.8416,21.80761],[87.84207,21.80588],[87.84133,21.80067],[87.84176,21.79837],[87.84021,21.79486],[87.84136,21.79267],[87.84113,21.79214],[87.83609,21.79256],[87.83432,21.79158],[87.83382,21.78975]]]}},{"type":"Feature","bbox":[87.67163,21.98349,87.72364,22.05378],"properties":{"kind":"gp","gp":"Basudevberia","block":"Bhagawanpur-II","lgd":110014},"geometry":{"type":"Polygon","coordinates":[[[87.70016,21.9856],[87.69003,21.99519],[87.68878,21.99466],[87.68559,21.99576],[87.6781,21.9953],[87.67847,22.00076],[87.67558,22.00037],[87.67512,22.00151],[87.67609,22.00477],[87.6767,22.00961],[87.67356,22.01156],[87.67456,22.01497],[87.67484,22.0183],[87.67418,22.01848],[87.67414,22.02056],[87.67363,22.02132],[87.67168,22.02203],[87.67163,22.02462],[87.67512,22.02482],[87.67844,22.0261],[87.67888,22.02825],[87.68011,22.0285],[87.68182,22.02717],[87.685,22.0275],[87.68793,22.02686],[87.69034,22.03415],[87.69163,22.03458],[87.6948,22.03366],[87.69508,22.03576],[87.69594,22.03751],[87.69426,22.03829],[87.69087,22.04385],[87.68976,22.04479],[87.69311,22.04576],[87.69782,22.05289],[87.6989,22.05378],[87.70243,22.05361],[87.70254,22.05294],[87.70313,22.05264],[87.70438,22.05267],[87.70609,22.04802],[87.71053,22.04752],[87.71083,22.04688],[87.71367,22.0466],[87.71528,22.04674],[87.71526,22.04722],[87.72079,22.04681],[87.72176,22.04969],[87.72338,22.04943],[87.72356,22.04428],[87.72306,22.04024],[87.72364,22.04013],[87.72183,22.03406],[87.72128,22.02763],[87.71271,22.0323],[87.7091,22.03295],[87.70777,22.03093],[87.7073,22.02922],[87.70778,22.02682],[87.70737,22.02148],[87.70855,22.02111],[87.70896,22.02027],[87.71085,22.02064],[87.71261,22.01986],[87.71272,22.0189],[87.7075,22.01788],[87.70482,22.01509],[87.70292,22.01417],[87.70222,22.01287],[87.70912,22.01126],[87.70851,22.0089],[87.70689,22.00724],[87.70728,22.00248],[87.7077,22.00184],[87.71298,22.00015],[87.71441,22.00016],[87.71381,21.9959],[87.71153,21.99624],[87.71056,21.99527],[87.70922,21.99557],[87.70904,21.99503],[87.70945,21.99149],[87.70988,21.99068],[87.71099,21.99039],[87.71019,21.98839],[87.70952,21.9879],[87.70912,21.98349],[87.70703,21.98446],[87.70424,21.98449],[87.70016,21.9856]]]}},{"type":"Feature","bbox":[87.59654,21.7805,87.6439,21.83863],"properties":{"kind":"gp","gp":"Basudevpur","block":"Egra-II","lgd":110063},"geometry":{"type":"Polygon","coordinates":[[[87.6131,21.807],[87.61279,21.8045],[87.61367,21.80139],[87.61963,21.79535],[87.61773,21.78803],[87.61085,21.78654],[87.60503,21.78653],[87.60513,21.78243],[87.60393,21.78054],[87.60322,21.7805],[87.60323,21.78787],[87.60202,21.79688],[87.59762,21.81006],[87.59654,21.81093],[87.59757,21.81209],[87.59812,21.8148],[87.60237,21.81323],[87.60371,21.81345],[87.60978,21.81248],[87.60968,21.81762],[87.61038,21.82026],[87.61043,21.82379],[87.60733,21.82403],[87.60647,21.82508],[87.6083,21.82783],[87.60827,21.82849],[87.61375,21.82872],[87.61541,21.83008],[87.61979,21.8311],[87.62339,21.83096],[87.62388,21.83123],[87.62433,21.83358],[87.62393,21.83397],[87.62494,21.83847],[87.6266,21.83863],[87.63076,21.8371],[87.63014,21.83638],[87.63003,21.83534],[87.63223,21.83262],[87.63607,21.83029],[87.63907,21.82994],[87.64153,21.82868],[87.64308,21.82537],[87.6439,21.8173],[87.64299,21.81355],[87.63822,21.80399],[87.63498,21.80091],[87.63188,21.79962],[87.62999,21.79978],[87.62618,21.8024],[87.62494,21.80897],[87.62379,21.8103],[87.61853,21.81159],[87.61537,21.81137],[87.61128,21.8104],[87.60993,21.80926],[87.60917,21.80781],[87.6131,21.807]]]}},{"type":"Feature","bbox":[87.88949,22.17839,87.92488,22.22449],"properties":{"kind":"gp","gp":"Basudevpur","block":"Nandakumar","lgd":110121},"geometry":{"type":"Polygon","coordinates":[[[87.92348,22.19617],[87.92368,22.19201],[87.92132,22.19115],[87.92107,22.19049],[87.92176,22.18852],[87.92161,22.18662],[87.92034,22.18627],[87.92006,22.18568],[87.91592,22.18555],[87.9156,22.18429],[87.91475,22.18441],[87.91432,22.18326],[87.91583,22.18077],[87.91188,22.18102],[87.91176,22.18245],[87.91136,22.18255],[87.91011,22.18058],[87.90956,22.18076],[87.90961,22.18],[87.90827,22.1792],[87.90833,22.17839],[87.90724,22.17848],[87.90594,22.17965],[87.90597,22.18059],[87.90524,22.18183],[87.90361,22.18105],[87.90204,22.18223],[87.90075,22.18169],[87.9001,22.18254],[87.9012,22.18498],[87.9004,22.18533],[87.89985,22.18451],[87.89853,22.18469],[87.89669,22.18414],[87.89519,22.18503],[87.89479,22.18646],[87.89141,22.18771],[87.8918,22.19008],[87.89099,22.19074],[87.88949,22.19089],[87.89129,22.19418],[87.89171,22.19635],[87.89115,22.19709],[87.89135,22.19912],[87.89224,22.20111],[87.89256,22.204],[87.89592,22.20553],[87.89684,22.20525],[87.901,22.2059],[87.90268,22.20759],[87.90265,22.21118],[87.90048,22.21199],[87.89491,22.21807],[87.8958,22.21791],[87.89622,22.21834],[87.89679,22.22034],[87.89646,22.22164],[87.89729,22.22397],[87.89919,22.22394],[87.90014,22.22449],[87.90637,22.22314],[87.90768,22.22134],[87.91,22.22051],[87.91491,22.22059],[87.91663,22.21869],[87.91713,22.21558],[87.92018,22.21523],[87.9209,22.21576],[87.92375,22.21599],[87.92462,22.21512],[87.92488,22.21397],[87.92417,22.20356],[87.9235,22.19856],[87.92279,22.19813],[87.92348,22.19617]]]}},{"type":"Feature","bbox":[87.62385,21.85651,87.68696,21.91886],"properties":{"kind":"gp","gp":"Bathuary","block":"Egra-II","lgd":110064},"geometry":{"type":"Polygon","coordinates":[[[87.62988,21.87069],[87.63279,21.87272],[87.63277,21.87624],[87.63152,21.87994],[87.63186,21.88085],[87.631,21.88519],[87.63419,21.88767],[87.63407,21.89307],[87.63364,21.89434],[87.63389,21.89784],[87.63295,21.89889],[87.63285,21.90102],[87.63361,21.90181],[87.63328,21.90413],[87.62895,21.90352],[87.6286,21.90572],[87.62637,21.90904],[87.62548,21.91219],[87.62385,21.91381],[87.63097,21.91583],[87.63607,21.91806],[87.63908,21.91791],[87.64187,21.91854],[87.64777,21.91886],[87.65238,21.91342],[87.65407,21.91284],[87.66179,21.91179],[87.66732,21.91029],[87.67242,21.90819],[87.67336,21.90887],[87.67405,21.90847],[87.68268,21.90838],[87.68475,21.90687],[87.68242,21.88838],[87.68235,21.88442],[87.68282,21.88322],[87.68673,21.88073],[87.68696,21.88006],[87.68649,21.87953],[87.68447,21.88],[87.68295,21.8789],[87.68049,21.8749],[87.67408,21.86964],[87.66986,21.86849],[87.66909,21.86742],[87.66409,21.86651],[87.65914,21.8678],[87.65792,21.86661],[87.65739,21.86267],[87.6561,21.8605],[87.65266,21.85902],[87.63755,21.85773],[87.63522,21.85674],[87.63321,21.85651],[87.63131,21.86081],[87.63004,21.86542],[87.62988,21.87069]]]}},{"type":"Feature","bbox":[87.73201,22.0625,87.78353,22.11537],"properties":{"kind":"gp","gp":"Benudia","block":"Bhagawanpur-I","lgd":110002},"geometry":{"type":"Polygon","coordinates":[[[87.75225,22.08376],[87.74863,22.0843],[87.74839,22.08258],[87.74717,22.08052],[87.7446,22.07954],[87.74073,22.08038],[87.73932,22.08048],[87.73921,22.07999],[87.73685,22.08055],[87.73642,22.0812],[87.73688,22.08308],[87.73806,22.08307],[87.73805,22.08353],[87.73612,22.08419],[87.73464,22.08543],[87.73482,22.08613],[87.7356,22.08616],[87.73545,22.08757],[87.73621,22.08962],[87.73398,22.09027],[87.73303,22.08969],[87.73201,22.09008],[87.73632,22.09352],[87.74121,22.09595],[87.74264,22.09745],[87.74358,22.09758],[87.74391,22.09988],[87.74284,22.09991],[87.74351,22.10154],[87.74335,22.10303],[87.74418,22.1032],[87.74421,22.10559],[87.75192,22.10638],[87.7508,22.10221],[87.75119,22.09904],[87.75234,22.09657],[87.75723,22.09813],[87.75942,22.09831],[87.75934,22.10128],[87.75997,22.10481],[87.75971,22.10743],[87.76193,22.10907],[87.76751,22.11132],[87.76797,22.114],[87.77334,22.11537],[87.77356,22.11303],[87.77265,22.10383],[87.77516,22.10393],[87.77721,22.10345],[87.77906,22.10432],[87.78005,22.10403],[87.78353,22.10458],[87.78146,22.09337],[87.77992,22.09149],[87.77486,22.09067],[87.77239,22.09103],[87.77184,22.08768],[87.77436,22.08452],[87.7732,22.08409],[87.77038,22.08476],[87.76848,22.08486],[87.76765,22.08443],[87.76437,22.08583],[87.76238,22.08567],[87.76409,22.08159],[87.76379,22.08001],[87.76863,22.07867],[87.76872,22.07826],[87.77642,22.0756],[87.77637,22.07427],[87.77517,22.07331],[87.77395,22.06556],[87.77244,22.06568],[87.77008,22.06434],[87.76971,22.06382],[87.76987,22.06261],[87.76852,22.0625],[87.76568,22.06389],[87.76174,22.0637],[87.76182,22.06568],[87.76102,22.06626],[87.75696,22.06709],[87.75691,22.06815],[87.75616,22.06851],[87.75624,22.06932],[87.75678,22.0708],[87.75739,22.07077],[87.75724,22.0721],[87.75635,22.07302],[87.75659,22.07505],[87.75587,22.07783],[87.75418,22.07944],[87.75394,22.08175],[87.75247,22.08152],[87.7517,22.08189],[87.75225,22.08376]]]}},{"type":"Feature","bbox":[88.04006,22.1513,88.09076,22.20247],"properties":{"kind":"gp","gp":"Betkundu","block":"Mahishadal","lgd":110100},"geometry":{"type":"Polygon","coordinates":[[[88.06222,22.15758],[88.06302,22.15523],[88.06457,22.15399],[88.06477,22.15176],[88.06389,22.15177],[88.06379,22.1513],[88.05544,22.15321],[88.0553,22.15476],[88.05348,22.15592],[88.0533,22.15815],[88.05251,22.15986],[88.04523,22.16032],[88.04412,22.1594],[88.04265,22.15985],[88.04067,22.1654],[88.04093,22.16633],[88.04006,22.16857],[88.04057,22.17038],[88.04516,22.17046],[88.04489,22.17353],[88.04199,22.17357],[88.04095,22.17389],[88.04083,22.17454],[88.04223,22.17695],[88.04349,22.18215],[88.04476,22.18245],[88.0449,22.18414],[88.04721,22.18956],[88.04792,22.19244],[88.05027,22.19575],[88.05212,22.20247],[88.05406,22.19974],[88.05895,22.19514],[88.06669,22.18884],[88.06973,22.18851],[88.075,22.18693],[88.08585,22.18661],[88.08782,22.18556],[88.09076,22.18647],[88.0896,22.18115],[88.08913,22.18028],[88.08765,22.18034],[88.08834,22.17767],[88.08799,22.17315],[88.08528,22.1725],[88.08495,22.17126],[88.08534,22.17034],[88.08437,22.17014],[88.08391,22.16912],[88.08131,22.16835],[88.0785,22.16565],[88.07667,22.16273],[88.07582,22.1627],[88.07564,22.16207],[88.07475,22.16227],[88.07451,22.16125],[88.0648,22.16362],[88.06314,22.16358],[88.06321,22.16094],[88.06222,22.15758]]]}},{"type":"Feature","bbox":[87.71349,22.09173,87.76954,22.1359],"properties":{"kind":"gp","gp":"Bhagwanpur","block":"Bhagawanpur-I","lgd":110003},"geometry":{"type":"Polygon","coordinates":[[[87.74335,22.10303],[87.74351,22.10154],[87.74284,22.09991],[87.74391,22.09988],[87.74358,22.09758],[87.74264,22.09745],[87.74121,22.09595],[87.73841,22.09473],[87.73376,22.09173],[87.7322,22.09542],[87.73194,22.09858],[87.72521,22.09595],[87.72159,22.09392],[87.72057,22.09758],[87.72056,22.09986],[87.72175,22.10364],[87.72434,22.10902],[87.72426,22.10969],[87.72277,22.10835],[87.72101,22.11148],[87.7192,22.11302],[87.71771,22.11528],[87.71712,22.11957],[87.71619,22.12227],[87.71349,22.1223],[87.71364,22.12643],[87.71652,22.1254],[87.71737,22.12661],[87.71699,22.12908],[87.71817,22.12873],[87.71867,22.13002],[87.71929,22.13034],[87.71967,22.13559],[87.72384,22.13526],[87.72401,22.13363],[87.7263,22.1334],[87.72701,22.13519],[87.7309,22.13497],[87.72967,22.12809],[87.73336,22.12792],[87.73385,22.12876],[87.73961,22.12764],[87.74012,22.1285],[87.73995,22.12952],[87.74059,22.13007],[87.74091,22.13134],[87.74084,22.13268],[87.74949,22.1359],[87.75042,22.13457],[87.75136,22.13423],[87.75629,22.1348],[87.75671,22.12892],[87.75742,22.12825],[87.75859,22.12813],[87.76348,22.12925],[87.76493,22.12906],[87.76542,22.13008],[87.76641,22.12915],[87.76692,22.12921],[87.7669,22.12852],[87.76521,22.12723],[87.76434,22.12478],[87.76435,22.12333],[87.76549,22.12295],[87.76706,22.12153],[87.76903,22.12178],[87.7689,22.11578],[87.76954,22.11449],[87.76797,22.114],[87.76751,22.11132],[87.76193,22.10907],[87.75971,22.10743],[87.75997,22.10481],[87.75934,22.10128],[87.75942,22.09831],[87.75723,22.09813],[87.75234,22.09657],[87.75119,22.09904],[87.7508,22.10221],[87.75192,22.10638],[87.74421,22.10559],[87.74418,22.1032],[87.74335,22.10303]]]}},{"type":"Feature","bbox":[87.66856,21.85034,87.72662,21.91934],"properties":{"kind":"gp","gp":"Bhajachaulia","block":"Contai-III","lgd":110039},"geometry":{"type":"Polygon","coordinates":[[[87.67367,21.86011],[87.67099,21.8612],[87.67109,21.86606],[87.66856,21.8673],[87.66986,21.86849],[87.67216,21.86884],[87.67563,21.87071],[87.67803,21.87326],[87.68049,21.8749],[87.68295,21.8789],[87.68447,21.88],[87.68649,21.87953],[87.68696,21.88006],[87.68673,21.88073],[87.68282,21.88322],[87.68235,21.88442],[87.68242,21.88838],[87.68414,21.90269],[87.68458,21.90567],[87.68517,21.90634],[87.68676,21.90678],[87.68782,21.91024],[87.69059,21.91253],[87.69041,21.91316],[87.69148,21.91433],[87.69165,21.91655],[87.69231,21.91786],[87.69449,21.9183],[87.6973,21.91808],[87.70029,21.91698],[87.70351,21.91656],[87.70552,21.91682],[87.70957,21.91888],[87.71182,21.91924],[87.71741,21.91892],[87.72123,21.91934],[87.7244,21.91863],[87.72662,21.91698],[87.72504,21.91368],[87.72121,21.90944],[87.72127,21.90859],[87.72285,21.908],[87.72248,21.90652],[87.72108,21.90472],[87.72017,21.90256],[87.72004,21.90184],[87.72073,21.90063],[87.71661,21.8953],[87.71067,21.8904],[87.70693,21.88497],[87.70548,21.88538],[87.70467,21.88255],[87.70167,21.88298],[87.69627,21.88482],[87.69566,21.87807],[87.70171,21.87739],[87.70231,21.87781],[87.70135,21.87455],[87.70099,21.86884],[87.70237,21.86535],[87.70264,21.8631],[87.70201,21.86076],[87.70263,21.85936],[87.6989,21.8507],[87.69729,21.85034],[87.6941,21.8508],[87.69279,21.85041],[87.68694,21.85074],[87.68128,21.85363],[87.67603,21.85556],[87.67582,21.857],[87.6762,21.8579],[87.67469,21.8588],[87.67367,21.86011]]]}},{"type":"Feature","bbox":[87.96393,22.01846,88.02899,22.07994],"properties":{"kind":"gp","gp":"Bhakutia","block":"Nandigram-I","lgd":110132},"geometry":{"type":"Polygon","coordinates":[[[87.98382,22.02499],[87.98088,22.02731],[87.97986,22.02748],[87.9786,22.02632],[87.97868,22.0255],[87.97829,22.02526],[87.97664,22.02527],[87.97669,22.02741],[87.96899,22.02682],[87.96888,22.03213],[87.96759,22.03198],[87.96768,22.03342],[87.96566,22.03537],[87.96737,22.04116],[87.96685,22.04142],[87.96794,22.04448],[87.96801,22.04758],[87.96513,22.0475],[87.96555,22.05178],[87.96393,22.05221],[87.96469,22.05378],[87.965,22.057],[87.96409,22.05889],[87.9646,22.06044],[87.96953,22.05914],[87.96834,22.06043],[87.9682,22.06224],[87.96916,22.06242],[87.97038,22.06562],[87.97032,22.07056],[87.96976,22.07093],[87.97056,22.07192],[87.97609,22.07413],[87.97852,22.07348],[87.97944,22.07239],[87.9801,22.07641],[87.98405,22.07479],[87.98477,22.0738],[87.98483,22.07283],[87.99304,22.07298],[87.99627,22.07568],[87.99935,22.07994],[88.00403,22.07676],[88.01438,22.07261],[88.02243,22.0688],[88.02598,22.06512],[88.02802,22.05973],[88.02899,22.05123],[88.02849,22.04592],[88.01968,22.04805],[88.01768,22.04931],[88.01286,22.04889],[88.0114,22.04991],[88.00996,22.04939],[88.00923,22.0478],[88.01184,22.04746],[88.01161,22.04522],[88.01204,22.04445],[88.00956,22.04351],[88.00772,22.04179],[88.00757,22.04069],[88.00641,22.03976],[88.00621,22.03791],[88.00507,22.03667],[88.00394,22.03623],[88.00389,22.03495],[88.00151,22.03557],[88.00002,22.0349],[87.9993,22.03305],[87.99424,22.03302],[87.99442,22.02932],[87.99636,22.02865],[87.99602,22.02792],[87.9965,22.02747],[87.99667,22.02573],[87.99621,22.02529],[87.99663,22.02462],[87.99613,22.02392],[87.99419,22.02391],[87.99402,22.02311],[87.99306,22.02228],[87.99283,22.02053],[87.99238,22.02055],[87.99212,22.01964],[87.99256,22.0195],[87.99275,22.01855],[87.99214,22.01846],[87.99164,22.01911],[87.98996,22.01862],[87.98682,22.019],[87.98583,22.01963],[87.98584,22.0204],[87.98433,22.02075],[87.983,22.01989],[87.98252,22.0213],[87.98283,22.02273],[87.98407,22.02428],[87.98382,22.02499]]]}},{"type":"Feature","bbox":[87.7725,22.3879,87.83497,22.41541],"properties":{"kind":"gp","gp":"Bhogpur","block":"Kolaghat","lgd":110088},"geometry":{"type":"Polygon","coordinates":[[[87.79239,22.38799],[87.77882,22.39037],[87.77939,22.39089],[87.78024,22.39386],[87.77971,22.39481],[87.77836,22.39485],[87.77819,22.39426],[87.7752,22.39549],[87.77538,22.39678],[87.77451,22.39695],[87.77467,22.39884],[87.77431,22.39943],[87.77261,22.39927],[87.7725,22.40381],[87.77291,22.40519],[87.77255,22.40583],[87.77634,22.40534],[87.77694,22.4056],[87.7772,22.40751],[87.77776,22.40673],[87.77899,22.40664],[87.78122,22.40538],[87.78841,22.40558],[87.79228,22.40488],[87.79211,22.40699],[87.79422,22.40717],[87.79462,22.41015],[87.79633,22.40966],[87.79593,22.40446],[87.7989,22.40423],[87.7997,22.40595],[87.80409,22.40605],[87.80403,22.40683],[87.80301,22.40734],[87.80305,22.40893],[87.80397,22.41204],[87.80501,22.41204],[87.80565,22.41395],[87.81047,22.41423],[87.81074,22.41509],[87.81383,22.41541],[87.8147,22.41461],[87.81493,22.41362],[87.81559,22.41365],[87.81559,22.4128],[87.81653,22.41214],[87.81645,22.41171],[87.81718,22.41162],[87.81755,22.41287],[87.81915,22.41334],[87.82116,22.41175],[87.82172,22.41237],[87.82312,22.41217],[87.82275,22.41141],[87.82421,22.41088],[87.8242,22.41169],[87.82484,22.41193],[87.82872,22.41201],[87.82866,22.41286],[87.83477,22.41149],[87.83423,22.41013],[87.83307,22.41017],[87.83263,22.4091],[87.8332,22.40875],[87.83392,22.40899],[87.83353,22.40697],[87.83419,22.40578],[87.83375,22.40292],[87.83497,22.40251],[87.83488,22.40004],[87.833,22.39719],[87.83127,22.39723],[87.83037,22.39586],[87.8274,22.39665],[87.82577,22.39575],[87.82315,22.39633],[87.8228,22.39686],[87.81438,22.3984],[87.81005,22.3985],[87.80837,22.39897],[87.80813,22.39559],[87.80732,22.39474],[87.80613,22.39054],[87.80784,22.38908],[87.80619,22.38862],[87.80439,22.38904],[87.80319,22.3884],[87.80043,22.3887],[87.79964,22.38792],[87.79733,22.38822],[87.79476,22.3879],[87.79239,22.38799]]]}},{"type":"Feature","bbox":[87.67039,22.05623,87.72434,22.14002],"properties":{"kind":"gp","gp":"Bibhisanpur","block":"Bhagawanpur-I","lgd":110004},"geometry":{"type":"Polygon","coordinates":[[[87.68552,22.06092],[87.68484,22.06179],[87.68496,22.06282],[87.6839,22.06634],[87.68438,22.06941],[87.6841,22.07331],[87.68436,22.07777],[87.68528,22.07817],[87.68642,22.08498],[87.68116,22.08534],[87.67646,22.08496],[87.67649,22.0792],[87.67326,22.07802],[87.6714,22.07801],[87.67107,22.07872],[87.67039,22.08302],[87.6719,22.08398],[87.67511,22.0842],[87.67427,22.09023],[87.67449,22.09401],[87.67387,22.10378],[87.67341,22.10475],[87.67447,22.10743],[87.67758,22.11164],[87.68555,22.11677],[87.69093,22.12238],[87.69874,22.12383],[87.70169,22.12517],[87.70277,22.13069],[87.70354,22.13848],[87.70453,22.14002],[87.70524,22.13927],[87.70895,22.13815],[87.71125,22.13608],[87.71236,22.13395],[87.71699,22.12908],[87.71737,22.12661],[87.71652,22.1254],[87.71364,22.12643],[87.71349,22.1223],[87.71619,22.12227],[87.71712,22.11957],[87.71771,22.11528],[87.7192,22.11302],[87.72101,22.11148],[87.72277,22.10835],[87.72426,22.10969],[87.72434,22.10902],[87.72175,22.10364],[87.72056,22.09986],[87.72057,22.09758],[87.72159,22.09392],[87.72064,22.08852],[87.7195,22.08712],[87.71601,22.0873],[87.70771,22.0853],[87.70733,22.08462],[87.70558,22.08495],[87.70424,22.08304],[87.70544,22.08214],[87.70134,22.07711],[87.70111,22.07588],[87.69961,22.07364],[87.69955,22.07],[87.69795,22.07004],[87.69568,22.06167],[87.69506,22.06102],[87.69391,22.0609],[87.6935,22.0627],[87.68891,22.0605],[87.68806,22.06083],[87.68659,22.05623],[87.68552,22.06092]]]}},{"type":"Feature","bbox":[87.81673,21.8882,87.87881,21.95952],"properties":{"kind":"gp","gp":"Birbandar","block":"Khejuri-I","lgd":110075},"geometry":{"type":"Polygon","coordinates":[[[87.86398,21.90205],[87.86416,21.90117],[87.86568,21.90054],[87.86596,21.89925],[87.86339,21.89576],[87.86137,21.8882],[87.86023,21.88936],[87.85689,21.89118],[87.84686,21.89199],[87.84186,21.8936],[87.84058,21.89458],[87.83923,21.89596],[87.83838,21.89816],[87.83863,21.90365],[87.83804,21.90752],[87.83758,21.90831],[87.83151,21.91263],[87.82939,21.91322],[87.82405,21.91229],[87.8202,21.90953],[87.81791,21.90928],[87.81743,21.90972],[87.81889,21.9114],[87.8191,21.91494],[87.81893,21.91651],[87.81695,21.9201],[87.81673,21.92193],[87.82261,21.91957],[87.82419,21.91975],[87.82601,21.92194],[87.82662,21.92576],[87.82731,21.9268],[87.82868,21.92743],[87.83345,21.92806],[87.83508,21.93002],[87.83546,21.93428],[87.83739,21.93618],[87.83635,21.9381],[87.83838,21.94044],[87.83846,21.94926],[87.83783,21.9505],[87.83786,21.95334],[87.83893,21.95489],[87.83889,21.9578],[87.84066,21.95952],[87.84655,21.95736],[87.84902,21.95746],[87.85046,21.95857],[87.8517,21.95864],[87.8539,21.95772],[87.85557,21.95247],[87.85549,21.95012],[87.8544,21.9485],[87.85449,21.94686],[87.85672,21.94549],[87.85866,21.94605],[87.86167,21.94578],[87.86507,21.94311],[87.86728,21.94402],[87.86735,21.94292],[87.86813,21.94172],[87.8718,21.94116],[87.87344,21.94137],[87.87461,21.9433],[87.87507,21.94333],[87.87426,21.94028],[87.87844,21.93592],[87.87881,21.932],[87.87772,21.92844],[87.87864,21.92623],[87.87869,21.92464],[87.87484,21.92369],[87.87502,21.92162],[87.87409,21.91783],[87.87362,21.91726],[87.868,21.91593],[87.86529,21.91403],[87.86148,21.91395],[87.86067,21.91146],[87.86059,21.90769],[87.86249,21.90635],[87.8614,21.90365],[87.86182,21.90271],[87.86398,21.90205]]]}},{"type":"Feature","bbox":[87.8407,21.96466,87.90131,22.04181],"properties":{"kind":"gp","gp":"Birulia","block":"Nandigram-II","lgd":110144},"geometry":{"type":"Polygon","coordinates":[[[87.86679,21.98357],[87.86712,21.9814],[87.86953,21.97839],[87.87032,21.97558],[87.87035,21.97299],[87.86816,21.96827],[87.86872,21.96541],[87.86721,21.96544],[87.86523,21.96466],[87.86324,21.96493],[87.85928,21.96704],[87.85622,21.97269],[87.85545,21.97332],[87.84977,21.97264],[87.84507,21.97324],[87.84485,21.97483],[87.843,21.97715],[87.8407,21.97721],[87.84371,21.98181],[87.84651,21.98499],[87.84758,21.98834],[87.84693,21.9912],[87.84824,21.99761],[87.8482,22.00167],[87.84701,22.00385],[87.84536,22.00495],[87.8452,22.00591],[87.84643,22.00738],[87.84869,22.00799],[87.85037,22.00946],[87.85052,22.01216],[87.85125,22.01371],[87.85337,22.01472],[87.8543,22.01622],[87.85452,22.01997],[87.85632,22.02205],[87.85654,22.02349],[87.85563,22.02552],[87.85585,22.02673],[87.85718,22.02739],[87.85949,22.02704],[87.85993,22.02782],[87.8598,22.02954],[87.86126,22.03133],[87.86165,22.0336],[87.87072,22.03355],[87.87624,22.03223],[87.87855,22.03218],[87.87946,22.03248],[87.88195,22.03521],[87.88567,22.04181],[87.89133,22.04089],[87.89228,22.0401],[87.8926,22.03894],[87.8959,22.03779],[87.89615,22.03729],[87.89526,22.03527],[87.89501,22.03063],[87.89323,22.02834],[87.89293,22.02584],[87.89157,22.02531],[87.89103,22.02448],[87.89257,22.02093],[87.89305,22.01676],[87.8948,22.01479],[87.90131,22.01203],[87.89897,22.00846],[87.89374,22.00684],[87.89005,22.0068],[87.88754,21.9999],[87.88458,21.99649],[87.88077,21.99319],[87.87771,21.99201],[87.86822,21.9867],[87.86744,21.98583],[87.86679,21.98357]]]}},{"type":"Feature","bbox":[87.83697,22.29315,87.86779,22.32567],"properties":{"kind":"gp","gp":"Bishnubar-I","block":"Tamluk","lgd":110214},"geometry":{"type":"Polygon","coordinates":[[[87.83774,22.29646],[87.84005,22.30607],[87.83801,22.30737],[87.83901,22.3099],[87.83897,22.31244],[87.83789,22.31361],[87.8381,22.31531],[87.83758,22.31569],[87.83749,22.31674],[87.83697,22.31694],[87.83723,22.31991],[87.84267,22.32288],[87.84381,22.32257],[87.84513,22.32401],[87.84711,22.32429],[87.84931,22.32397],[87.84949,22.32492],[87.85071,22.32479],[87.85203,22.32552],[87.85503,22.32551],[87.85531,22.32513],[87.8566,22.32567],[87.85994,22.3255],[87.86205,22.32482],[87.86246,22.32412],[87.86369,22.32394],[87.86463,22.32252],[87.86685,22.32248],[87.86722,22.32188],[87.86711,22.3201],[87.86673,22.3184],[87.8658,22.31738],[87.86613,22.31671],[87.86667,22.3168],[87.86711,22.31792],[87.86759,22.31778],[87.86779,22.3156],[87.86619,22.31557],[87.86538,22.31637],[87.86444,22.31589],[87.86404,22.314],[87.86462,22.3134],[87.86442,22.31207],[87.8613,22.31262],[87.85933,22.31199],[87.85786,22.31213],[87.85676,22.30596],[87.85519,22.30578],[87.85513,22.30414],[87.85439,22.30341],[87.85412,22.30202],[87.85204,22.30161],[87.8491,22.30008],[87.8481,22.29707],[87.84364,22.29315],[87.84089,22.29374],[87.84014,22.29428],[87.84005,22.29551],[87.83774,22.29646]]]}},{"type":"Feature","bbox":[87.84852,22.28805,87.88233,22.32184],"properties":{"kind":"gp","gp":"Bishnubar-Ii","block":"Tamluk","lgd":110215},"geometry":{"type":"Polygon","coordinates":[[[87.87752,22.29351],[87.87746,22.28981],[87.87552,22.28961],[87.87501,22.28934],[87.87483,22.28831],[87.87351,22.28805],[87.87262,22.29035],[87.87191,22.29065],[87.87024,22.29093],[87.86992,22.29037],[87.86756,22.29058],[87.86725,22.29021],[87.86268,22.29162],[87.85036,22.29318],[87.85119,22.29607],[87.851,22.29715],[87.84852,22.29811],[87.8491,22.30008],[87.85204,22.30161],[87.85412,22.30202],[87.85439,22.30341],[87.85513,22.30414],[87.85519,22.30578],[87.85676,22.30596],[87.85786,22.31213],[87.85933,22.31199],[87.8613,22.31262],[87.86442,22.31207],[87.86462,22.3134],[87.86404,22.314],[87.86444,22.31589],[87.86538,22.31637],[87.86619,22.31557],[87.86779,22.3156],[87.86759,22.31778],[87.86711,22.31792],[87.86667,22.3168],[87.86613,22.31671],[87.8658,22.31738],[87.86673,22.3184],[87.86706,22.32128],[87.86904,22.32085],[87.86961,22.32139],[87.87078,22.3211],[87.87193,22.32184],[87.87364,22.32152],[87.87411,22.32123],[87.87439,22.3184],[87.87933,22.32059],[87.88064,22.31785],[87.88192,22.31736],[87.88233,22.31536],[87.88197,22.31469],[87.88111,22.31466],[87.88165,22.31283],[87.88189,22.30862],[87.87953,22.30897],[87.87878,22.3081],[87.87824,22.30377],[87.87877,22.30306],[87.87737,22.30294],[87.8773,22.30191],[87.87783,22.30111],[87.87951,22.30045],[87.88096,22.30066],[87.88061,22.29822],[87.8813,22.2975],[87.88195,22.29464],[87.88051,22.29391],[87.87808,22.29406],[87.87752,22.29351]]]}},{"type":"Feature","bbox":[87.92007,22.0632,87.96524,22.10034],"properties":{"kind":"gp","gp":"Boyal-I","block":"Nandigram-II","lgd":110145},"geometry":{"type":"Polygon","coordinates":[[[87.9374,22.06512],[87.93634,22.06464],[87.93669,22.0676],[87.93584,22.06739],[87.93578,22.06687],[87.93155,22.06725],[87.93037,22.0663],[87.92955,22.0632],[87.92801,22.0633],[87.92661,22.0639],[87.92549,22.06856],[87.92227,22.06944],[87.92161,22.07062],[87.92137,22.07364],[87.92007,22.07411],[87.92174,22.07504],[87.92208,22.07613],[87.9219,22.07761],[87.92311,22.08275],[87.9229,22.08567],[87.92364,22.08795],[87.92512,22.08869],[87.92742,22.08886],[87.92938,22.08827],[87.93036,22.0871],[87.93025,22.08613],[87.93226,22.08782],[87.93462,22.08775],[87.93706,22.08684],[87.94156,22.08734],[87.9432,22.09283],[87.94198,22.09571],[87.94263,22.09662],[87.94941,22.09574],[87.95217,22.09701],[87.95298,22.09863],[87.95477,22.10034],[87.95823,22.09781],[87.95651,22.09347],[87.95719,22.09305],[87.95743,22.09209],[87.95783,22.09406],[87.95962,22.0944],[87.95934,22.09519],[87.96245,22.09434],[87.96164,22.09216],[87.96188,22.09081],[87.96133,22.0901],[87.95913,22.08827],[87.95828,22.08805],[87.9566,22.08875],[87.95648,22.08791],[87.95712,22.08567],[87.95813,22.08475],[87.96142,22.0838],[87.9624,22.08773],[87.9628,22.08806],[87.96436,22.08715],[87.96354,22.08351],[87.96524,22.08161],[87.96434,22.08117],[87.96314,22.07805],[87.96399,22.07469],[87.96371,22.07222],[87.95996,22.07038],[87.95906,22.06942],[87.95809,22.06706],[87.9568,22.06686],[87.95649,22.06434],[87.95559,22.06396],[87.9531,22.06436],[87.95109,22.06381],[87.94257,22.06516],[87.9374,22.06512]]]}},{"type":"Feature","bbox":[87.94214,22.04349,87.99935,22.10801],"properties":{"kind":"gp","gp":"Boyal-Ii","block":"Nandigram-II","lgd":110146},"geometry":{"type":"Polygon","coordinates":[[[87.97013,22.06483],[87.96916,22.06242],[87.9682,22.06224],[87.96834,22.06043],[87.96953,22.05914],[87.9646,22.06044],[87.96409,22.05889],[87.965,22.057],[87.96469,22.05378],[87.96393,22.05221],[87.96555,22.05178],[87.96513,22.0475],[87.96642,22.04724],[87.96606,22.04673],[87.9624,22.04604],[87.96239,22.04527],[87.95834,22.04481],[87.95694,22.04632],[87.95622,22.04528],[87.9546,22.04575],[87.94997,22.04591],[87.94851,22.04557],[87.94879,22.04349],[87.94265,22.04412],[87.94244,22.04547],[87.94312,22.04793],[87.94591,22.05254],[87.94789,22.05393],[87.94584,22.05611],[87.94423,22.05589],[87.94432,22.05665],[87.94299,22.05707],[87.94274,22.05781],[87.94327,22.05901],[87.94402,22.0592],[87.94364,22.06047],[87.94438,22.06115],[87.94447,22.06195],[87.94348,22.06316],[87.94214,22.06349],[87.94257,22.06516],[87.95109,22.06381],[87.9531,22.06436],[87.95559,22.06396],[87.95649,22.06434],[87.9568,22.06686],[87.95809,22.06706],[87.95906,22.06942],[87.95996,22.07038],[87.96371,22.07222],[87.96399,22.07469],[87.96314,22.07805],[87.96434,22.08117],[87.96524,22.08161],[87.96354,22.08351],[87.96436,22.08715],[87.9628,22.08806],[87.9624,22.08773],[87.96142,22.0838],[87.95813,22.08475],[87.95659,22.08669],[87.9566,22.08875],[87.95828,22.08805],[87.95913,22.08827],[87.96188,22.09081],[87.96164,22.09216],[87.96245,22.09434],[87.95934,22.09519],[87.95962,22.0944],[87.95783,22.09406],[87.95743,22.09209],[87.95719,22.09305],[87.95651,22.09347],[87.95843,22.09833],[87.9601,22.09821],[87.96311,22.09883],[87.97286,22.10716],[87.97505,22.10801],[87.97886,22.10788],[87.98264,22.1042],[87.99417,22.08542],[87.99935,22.07994],[87.99627,22.07568],[87.99304,22.07298],[87.98483,22.07283],[87.98477,22.0738],[87.98405,22.07479],[87.9801,22.07641],[87.97944,22.07239],[87.97852,22.07348],[87.97609,22.07413],[87.97056,22.07192],[87.96976,22.07093],[87.97032,22.07056],[87.97054,22.06815],[87.97013,22.06483]],[[87.97203,22.08774],[87.97434,22.08766],[87.97566,22.09392],[87.96978,22.09358],[87.96902,22.0873],[87.97153,22.08721],[87.97203,22.08774]]]}},{"type":"Feature","bbox":[87.82727,22.0275,87.87849,22.07328],"properties":{"kind":"gp","gp":"Brajalalchak","block":"Chandipur","lgd":110021},"geometry":{"type":"Polygon","coordinates":[[[87.85134,22.0301],[87.84683,22.0289],[87.84388,22.02873],[87.84086,22.0275],[87.83932,22.0279],[87.83881,22.02874],[87.83895,22.03064],[87.8376,22.03255],[87.8377,22.03538],[87.83703,22.03853],[87.83501,22.04468],[87.83589,22.04778],[87.83512,22.04857],[87.83533,22.05202],[87.83426,22.05315],[87.82992,22.05339],[87.82727,22.05452],[87.828,22.05461],[87.8288,22.05765],[87.8288,22.06176],[87.83088,22.06392],[87.83069,22.06664],[87.83162,22.07036],[87.8329,22.07029],[87.83381,22.07099],[87.83532,22.07092],[87.83656,22.06948],[87.83713,22.07082],[87.8377,22.07108],[87.85127,22.07089],[87.85176,22.07266],[87.85364,22.07184],[87.85788,22.07192],[87.8595,22.07081],[87.86211,22.07064],[87.86415,22.07197],[87.86767,22.07222],[87.86938,22.07328],[87.86961,22.07234],[87.87057,22.07147],[87.87107,22.07167],[87.87196,22.07029],[87.87303,22.07039],[87.87353,22.06945],[87.87337,22.06738],[87.87382,22.06679],[87.8753,22.06643],[87.87651,22.06362],[87.87583,22.06183],[87.87849,22.05952],[87.87789,22.05926],[87.8784,22.05672],[87.87799,22.05576],[87.8748,22.05459],[87.87282,22.05292],[87.8687,22.04382],[87.86802,22.04109],[87.86732,22.03355],[87.86138,22.03361],[87.8569,22.03272],[87.85134,22.0301]]]}},{"type":"Feature","bbox":[87.48303,21.99939,87.63902,22.08231],"properties":{"kind":"gp","gp":"Brajalalpur","block":"Patashpur-I","lgd":110166},"geometry":{"type":"MultiPolygon","coordinates":[[[[87.48906,22.00067],[87.48892,21.99985],[87.48777,21.99939],[87.4866,21.99991],[87.48305,22.00009],[87.48303,22.00197],[87.48438,22.00635],[87.48554,22.00694],[87.48677,22.00871],[87.48823,22.00827],[87.49037,22.00839],[87.49204,22.00417],[87.49006,22.00419],[87.48983,22.0013],[87.48906,22.00067]]],[[[87.51059,22.00455],[87.51086,22.00653],[87.5101,22.00686],[87.51068,22.00889],[87.51392,22.0083],[87.51453,22.00443],[87.51059,22.00455]]],[[[87.58305,22.01031],[87.5822,22.01432],[87.58248,22.02013],[87.58221,22.021],[87.57987,22.02147],[87.57933,22.02235],[87.57981,22.02523],[87.57696,22.02537],[87.57631,22.02238],[87.57657,22.02158],[87.57587,22.02115],[87.57543,22.01959],[87.57479,22.01958],[87.57504,22.01782],[87.57373,22.01787],[87.57327,22.01708],[87.57313,22.0163],[87.57415,22.01447],[87.57416,22.01331],[87.57157,22.01443],[87.56945,22.01613],[87.56768,22.01541],[87.56614,22.01556],[87.56505,22.01747],[87.56679,22.02069],[87.56737,22.02313],[87.56519,22.02442],[87.56456,22.02825],[87.56512,22.03183],[87.56463,22.03282],[87.5647,22.03604],[87.5655,22.03965],[87.56613,22.04032],[87.56646,22.04189],[87.57206,22.04164],[87.5719,22.04389],[87.57045,22.04411],[87.57068,22.05022],[87.57129,22.05048],[87.57156,22.05133],[87.56951,22.05226],[87.56792,22.05367],[87.56796,22.05423],[87.57016,22.05495],[87.57523,22.05518],[87.57562,22.05663],[87.57747,22.05846],[87.57777,22.05948],[87.57837,22.05966],[87.57891,22.06115],[87.59097,22.06036],[87.59149,22.06114],[87.59121,22.06202],[87.59334,22.06191],[87.59493,22.06056],[87.59557,22.05857],[87.59639,22.05789],[87.59552,22.05678],[87.59484,22.05724],[87.59387,22.05679],[87.59388,22.05551],[87.59753,22.054],[87.59528,22.05292],[87.59514,22.05243],[87.59628,22.05242],[87.5946,22.04908],[87.5971,22.04845],[87.60163,22.04842],[87.604,22.0479],[87.60352,22.04161],[87.60169,22.04155],[87.60145,22.0388],[87.60021,22.0387],[87.59708,22.03956],[87.59657,22.04019],[87.59725,22.04167],[87.59386,22.0427],[87.59326,22.04343],[87.59028,22.04458],[87.58959,22.04391],[87.58994,22.04159],[87.59195,22.04169],[87.5943,22.03855],[87.59938,22.03371],[87.60282,22.03259],[87.60806,22.029],[87.60828,22.02814],[87.61116,22.02759],[87.61243,22.02813],[87.61469,22.02818],[87.61539,22.02711],[87.61588,22.02619],[87.61571,22.02509],[87.6148,22.02348],[87.61276,22.02177],[87.61131,22.01862],[87.61149,22.01781],[87.61339,22.01777],[87.6136,22.01718],[87.61141,22.01005],[87.61193,22.00876],[87.61179,22.00731],[87.61093,22.00695],[87.61067,22.00506],[87.61165,22.00435],[87.61351,22.00401],[87.61036,22.0026],[87.60945,22.00283],[87.59999,22.00134],[87.59663,22.0014],[87.59543,22.00216],[87.59414,22.00207],[87.593,22.00284],[87.59288,22.00435],[87.59221,22.00408],[87.59101,22.00193],[87.58812,22.00232],[87.58751,22.00291],[87.58639,22.00297],[87.58601,22.00399],[87.58669,22.00556],[87.58679,22.0082],[87.58581,22.00882],[87.58289,22.00852],[87.58167,22.00883],[87.58305,22.01031]]],[[[87.62915,22.07461],[87.62857,22.07479],[87.62831,22.07596],[87.6302,22.07788],[87.6286,22.08118],[87.62965,22.08206],[87.63162,22.08231],[87.63435,22.08202],[87.63902,22.08026],[87.63803,22.07781],[87.63882,22.07486],[87.63828,22.07202],[87.63505,22.0716],[87.63483,22.07066],[87.63423,22.07053],[87.6344,22.06982],[87.63361,22.0683],[87.63192,22.06793],[87.63182,22.06894],[87.62945,22.06916],[87.62939,22.07183],[87.62882,22.07257],[87.62915,22.07461]]]]}},{"type":"Feature","bbox":[87.75125,22.43903,87.81568,22.48514],"properties":{"kind":"gp","gp":"Brindabanchak","block":"Kolaghat","lgd":110089},"geometry":{"type":"Polygon","coordinates":[[[87.78037,22.44184],[87.77659,22.44139],[87.7763,22.4406],[87.7724,22.43991],[87.77197,22.43903],[87.76795,22.43904],[87.76586,22.44004],[87.76335,22.44022],[87.76275,22.44105],[87.75948,22.44218],[87.75952,22.4534],[87.76102,22.45539],[87.76233,22.45904],[87.76354,22.45957],[87.76356,22.46019],[87.76276,22.46142],[87.75972,22.45882],[87.7582,22.45814],[87.75524,22.45896],[87.75725,22.46375],[87.75338,22.46466],[87.75262,22.46654],[87.75254,22.46976],[87.75125,22.47388],[87.75714,22.47303],[87.76165,22.47322],[87.76218,22.4736],[87.76249,22.4749],[87.7703,22.47774],[87.77658,22.47861],[87.77892,22.48167],[87.78456,22.48514],[87.78517,22.4837],[87.78767,22.48077],[87.78812,22.47813],[87.79045,22.47936],[87.79219,22.47911],[87.79312,22.47592],[87.79298,22.4748],[87.79169,22.47303],[87.79062,22.46918],[87.79197,22.46897],[87.79202,22.46817],[87.79329,22.46719],[87.79396,22.46849],[87.79495,22.46769],[87.79988,22.46574],[87.79955,22.46542],[87.80141,22.4605],[87.80479,22.45672],[87.8056,22.45619],[87.80955,22.45822],[87.8096,22.45734],[87.8134,22.45696],[87.81435,22.45931],[87.81568,22.4588],[87.81531,22.45744],[87.81476,22.45733],[87.81448,22.4565],[87.81393,22.45657],[87.81249,22.45317],[87.81169,22.45264],[87.80938,22.45276],[87.80823,22.4522],[87.80772,22.45149],[87.80726,22.44547],[87.80613,22.44468],[87.80511,22.4454],[87.80491,22.44495],[87.80364,22.4452],[87.80334,22.44395],[87.80236,22.44398],[87.80213,22.44153],[87.80104,22.44143],[87.80077,22.44216],[87.79586,22.44267],[87.79502,22.44201],[87.7856,22.4419],[87.78534,22.44126],[87.78413,22.44162],[87.78422,22.44038],[87.78037,22.44184]]]}},{"type":"Feature","bbox":[87.85353,22.06804,87.89245,22.12068],"properties":{"kind":"gp","gp":"Brindabanpur-I","block":"Chandipur","lgd":110022},"geometry":{"type":"Polygon","coordinates":[[[87.88016,22.08911],[87.88015,22.08708],[87.88609,22.08346],[87.88766,22.08182],[87.88827,22.07814],[87.88632,22.07705],[87.88698,22.07462],[87.88779,22.07347],[87.89245,22.06888],[87.89121,22.06804],[87.89023,22.06858],[87.89072,22.06917],[87.88958,22.07073],[87.88789,22.0724],[87.88731,22.07197],[87.88673,22.07285],[87.88025,22.07348],[87.87811,22.07262],[87.87559,22.07324],[87.87294,22.07543],[87.87226,22.07526],[87.87148,22.07572],[87.86933,22.07776],[87.86922,22.08172],[87.86652,22.07944],[87.86229,22.08054],[87.86116,22.08105],[87.86055,22.08204],[87.85999,22.08203],[87.85929,22.08087],[87.85869,22.08175],[87.85919,22.08199],[87.85944,22.0843],[87.86016,22.08586],[87.8593,22.08721],[87.85932,22.09049],[87.85424,22.09156],[87.85372,22.09574],[87.85353,22.09796],[87.85435,22.10283],[87.85547,22.10561],[87.85614,22.10562],[87.85706,22.10687],[87.85765,22.1086],[87.85823,22.1085],[87.8588,22.11031],[87.85843,22.11181],[87.85603,22.11197],[87.85417,22.11843],[87.8547,22.12068],[87.85624,22.11984],[87.85643,22.12058],[87.85774,22.12026],[87.85954,22.11824],[87.86748,22.1121],[87.87327,22.11061],[87.87663,22.10827],[87.87715,22.10696],[87.87677,22.10467],[87.87704,22.10348],[87.87943,22.10251],[87.88218,22.10269],[87.88254,22.10232],[87.88235,22.09968],[87.88089,22.09691],[87.87893,22.09652],[87.87683,22.09712],[87.87562,22.09586],[87.87638,22.0939],[87.87834,22.09158],[87.87966,22.0919],[87.87919,22.08928],[87.88016,22.08911]]]}},{"type":"Feature","bbox":[87.85318,22.10069,87.89858,22.15012],"properties":{"kind":"gp","gp":"Brindabanpur-Ii","block":"Chandipur","lgd":110023},"geometry":{"type":"Polygon","coordinates":[[[87.86748,22.1121],[87.85954,22.11824],[87.85774,22.12026],[87.85643,22.12058],[87.85624,22.11984],[87.85416,22.12073],[87.85486,22.12427],[87.85318,22.12966],[87.85514,22.1341],[87.85769,22.13691],[87.85899,22.13941],[87.86033,22.1391],[87.86097,22.14123],[87.86479,22.1468],[87.86863,22.15012],[87.87345,22.14509],[87.88416,22.141],[87.89196,22.13413],[87.89858,22.13114],[87.8964,22.12746],[87.89584,22.12518],[87.89662,22.12189],[87.89634,22.11956],[87.89602,22.11807],[87.89447,22.11628],[87.89408,22.11371],[87.89354,22.11317],[87.89353,22.11173],[87.89277,22.11019],[87.89286,22.10705],[87.89387,22.10438],[87.89327,22.10199],[87.89359,22.10089],[87.89199,22.10069],[87.89175,22.10132],[87.88717,22.10257],[87.88396,22.10277],[87.88254,22.10232],[87.88218,22.10269],[87.87826,22.1028],[87.87704,22.10348],[87.87677,22.10467],[87.87715,22.10696],[87.87663,22.10827],[87.87327,22.11061],[87.86748,22.1121]]]}},{"type":"Feature","bbox":[87.89846,22.21211,87.93513,22.26105],"properties":{"kind":"gp","gp":"Byabattarhatpaschim","block":"Nandakumar","lgd":110122},"geometry":{"type":"Polygon","coordinates":[[[87.91491,22.22059],[87.90842,22.221],[87.90768,22.22134],[87.90637,22.22314],[87.90014,22.22449],[87.90015,22.22671],[87.89886,22.22813],[87.89912,22.22906],[87.89846,22.23091],[87.89893,22.23319],[87.89927,22.23272],[87.9002,22.2327],[87.90004,22.23339],[87.9005,22.2337],[87.90241,22.23322],[87.90299,22.23545],[87.90247,22.23619],[87.90269,22.23719],[87.90292,22.23775],[87.90417,22.23772],[87.90295,22.23955],[87.90243,22.24185],[87.90398,22.24151],[87.90597,22.24212],[87.90651,22.24307],[87.90751,22.24279],[87.90878,22.24322],[87.90895,22.24463],[87.90697,22.24594],[87.90691,22.2484],[87.90614,22.249],[87.90584,22.25005],[87.90677,22.25072],[87.90717,22.25209],[87.90628,22.25669],[87.90637,22.25898],[87.90707,22.25711],[87.90895,22.25682],[87.909,22.2554],[87.90961,22.25499],[87.91073,22.2551],[87.9118,22.25616],[87.91425,22.25552],[87.91718,22.26073],[87.91846,22.26105],[87.92406,22.25918],[87.92588,22.25981],[87.92709,22.25939],[87.92549,22.24875],[87.9257,22.24768],[87.92692,22.24709],[87.92647,22.24505],[87.92693,22.24394],[87.92687,22.24161],[87.92611,22.24104],[87.92662,22.24075],[87.92724,22.23716],[87.92703,22.23559],[87.92764,22.23166],[87.92745,22.23066],[87.9248,22.22948],[87.92494,22.2256],[87.92344,22.22158],[87.92725,22.2204],[87.93083,22.22005],[87.93153,22.22029],[87.93178,22.22103],[87.93422,22.22136],[87.93513,22.22105],[87.93477,22.21627],[87.93371,22.21394],[87.93375,22.21285],[87.93093,22.21314],[87.93006,22.21211],[87.92934,22.21215],[87.92903,22.21371],[87.92788,22.21479],[87.92462,22.21512],[87.92375,22.21599],[87.9209,22.21576],[87.92018,22.21523],[87.91713,22.21558],[87.91693,22.2177],[87.91605,22.21952],[87.91491,22.22059]]]}},{"type":"Feature","bbox":[87.92344,22.21775,87.95894,22.25939],"properties":{"kind":"gp","gp":"Byabattarhatpurba","block":"Nandakumar","lgd":110123},"geometry":{"type":"Polygon","coordinates":[[[87.92745,22.23066],[87.92724,22.23716],[87.92662,22.24075],[87.92611,22.24104],[87.92687,22.24161],[87.92693,22.24394],[87.92647,22.24505],[87.92692,22.24709],[87.9257,22.24768],[87.92549,22.24875],[87.92709,22.25939],[87.93237,22.25845],[87.93511,22.25691],[87.93663,22.25732],[87.93803,22.25635],[87.94117,22.25747],[87.94452,22.25593],[87.94455,22.25714],[87.95288,22.25078],[87.95894,22.24444],[87.9568,22.24106],[87.9548,22.23935],[87.95635,22.23754],[87.95608,22.23706],[87.95138,22.23636],[87.94633,22.23066],[87.94584,22.22629],[87.94349,22.22365],[87.9452,22.21995],[87.94534,22.21823],[87.94339,22.21775],[87.94131,22.2182],[87.94033,22.2179],[87.93823,22.21873],[87.93702,22.21808],[87.93631,22.21846],[87.9362,22.21937],[87.93515,22.21931],[87.93513,22.22105],[87.93422,22.22136],[87.93178,22.22103],[87.93153,22.22029],[87.93083,22.22005],[87.92725,22.2204],[87.92344,22.22158],[87.92494,22.2256],[87.9248,22.22948],[87.92745,22.23066]]]}},{"type":"Feature","bbox":[88.06005,22.11776,88.11712,22.16642],"properties":{"kind":"gp","gp":"Chaitanyapur","block":"Sutahata","lgd":110207},"geometry":{"type":"Polygon","coordinates":[[[88.0883,22.12217],[88.08625,22.1224],[88.08625,22.12162],[88.08406,22.1219],[88.08454,22.12549],[88.08197,22.12573],[88.08124,22.12473],[88.07947,22.1252],[88.07859,22.12624],[88.07925,22.1285],[88.07355,22.12953],[88.07321,22.12989],[88.07341,22.13111],[88.07412,22.13141],[88.07458,22.13255],[88.07421,22.13321],[88.07496,22.13326],[88.07533,22.13633],[88.07477,22.13653],[88.07465,22.13723],[88.0749,22.13889],[88.07329,22.13926],[88.07218,22.14173],[88.07071,22.14102],[88.06909,22.14176],[88.06877,22.14481],[88.06528,22.14784],[88.0647,22.14812],[88.06349,22.14694],[88.06005,22.14721],[88.06031,22.14924],[88.06162,22.14975],[88.06258,22.15133],[88.06477,22.15176],[88.06457,22.15399],[88.06302,22.15523],[88.06222,22.15758],[88.06321,22.16094],[88.06314,22.16358],[88.0648,22.16362],[88.07451,22.16125],[88.07475,22.16227],[88.07564,22.16207],[88.07582,22.1627],[88.07667,22.16273],[88.07933,22.16642],[88.08246,22.16456],[88.08379,22.1648],[88.08639,22.16353],[88.08783,22.16391],[88.0883,22.16278],[88.09177,22.16303],[88.09171,22.16393],[88.09211,22.16411],[88.09232,22.16184],[88.09352,22.16045],[88.09347,22.15988],[88.09485,22.1604],[88.09485,22.16105],[88.09557,22.16151],[88.09681,22.16082],[88.10253,22.15944],[88.10302,22.15819],[88.10938,22.15746],[88.10983,22.15625],[88.11151,22.15626],[88.1115,22.15563],[88.11451,22.1545],[88.11552,22.15326],[88.11554,22.15247],[88.11638,22.1525],[88.11634,22.15123],[88.11712,22.14902],[88.11655,22.1481],[88.11585,22.14822],[88.11437,22.14665],[88.11419,22.14487],[88.10882,22.14507],[88.10901,22.14376],[88.10845,22.14185],[88.10764,22.14104],[88.1075,22.13997],[88.10828,22.13762],[88.11102,22.13694],[88.11182,22.1359],[88.11064,22.13462],[88.11027,22.13211],[88.11093,22.13096],[88.11053,22.12701],[88.10948,22.12528],[88.10763,22.12544],[88.10713,22.12475],[88.10626,22.12512],[88.10439,22.12414],[88.0995,22.1246],[88.09942,22.12303],[88.10014,22.12256],[88.09915,22.12061],[88.09681,22.12077],[88.09644,22.12146],[88.09607,22.121],[88.09502,22.12105],[88.09416,22.12038],[88.09316,22.12043],[88.09262,22.11883],[88.09128,22.11865],[88.08999,22.11776],[88.08925,22.11826],[88.08835,22.1181],[88.08793,22.12084],[88.0883,22.12217]]]}},{"type":"Feature","bbox":[87.7098,22.30577,87.75921,22.33817],"properties":{"kind":"gp","gp":"Chaitanyapur-I","block":"Panskura-I","lgd":110149},"geometry":{"type":"Polygon","coordinates":[[[87.73649,22.30734],[87.73399,22.30959],[87.73005,22.31125],[87.72243,22.31675],[87.72364,22.31805],[87.72384,22.31934],[87.72145,22.32116],[87.71603,22.32299],[87.7146,22.32392],[87.7098,22.32487],[87.71054,22.32672],[87.71221,22.32889],[87.71228,22.33005],[87.7118,22.3308],[87.71261,22.3344],[87.71351,22.33458],[87.71414,22.33552],[87.71637,22.33531],[87.71728,22.33477],[87.71739,22.33297],[87.71831,22.33241],[87.71809,22.32992],[87.71876,22.32794],[87.71954,22.32831],[87.7214,22.32797],[87.72152,22.32867],[87.72268,22.32886],[87.72314,22.33049],[87.72147,22.33232],[87.7265,22.33168],[87.72761,22.33274],[87.72979,22.33262],[87.73067,22.33375],[87.73393,22.3329],[87.73742,22.33125],[87.73891,22.33388],[87.73992,22.33507],[87.74127,22.33536],[87.74307,22.33817],[87.74709,22.33568],[87.74656,22.33474],[87.74659,22.3335],[87.74807,22.33345],[87.74799,22.33246],[87.74868,22.33128],[87.74979,22.3313],[87.75096,22.32733],[87.75183,22.32706],[87.75169,22.3264],[87.7512,22.32638],[87.75062,22.3229],[87.7521,22.32253],[87.75358,22.32291],[87.75487,22.32606],[87.7561,22.32775],[87.75723,22.32705],[87.75921,22.32338],[87.75678,22.32249],[87.75742,22.32165],[87.75678,22.31958],[87.75731,22.31557],[87.75481,22.31543],[87.75527,22.31286],[87.75723,22.31262],[87.75837,22.313],[87.75881,22.31247],[87.7583,22.30851],[87.75855,22.30688],[87.75373,22.30577],[87.75248,22.30584],[87.75157,22.30705],[87.74945,22.30716],[87.74287,22.30621],[87.73649,22.30734]]]}},{"type":"Feature","bbox":[87.70561,22.32672,87.74706,22.36458],"properties":{"kind":"gp","gp":"Chaitanyapur-Ii","block":"Panskura-I","lgd":110150},"geometry":{"type":"Polygon","coordinates":[[[87.7118,22.3308],[87.71228,22.33005],[87.71221,22.32889],[87.71114,22.32707],[87.71054,22.32672],[87.70968,22.32698],[87.70969,22.32807],[87.70921,22.32885],[87.70799,22.32945],[87.70692,22.33222],[87.70816,22.33405],[87.70774,22.33497],[87.70693,22.33446],[87.70616,22.3352],[87.70571,22.33784],[87.70617,22.34074],[87.70561,22.34313],[87.70745,22.34607],[87.70748,22.34769],[87.71041,22.34871],[87.71053,22.34931],[87.70949,22.3508],[87.70979,22.35448],[87.71026,22.35455],[87.71043,22.35561],[87.71009,22.35658],[87.70957,22.35614],[87.70891,22.35633],[87.70956,22.35806],[87.71363,22.35802],[87.71439,22.36032],[87.71366,22.36123],[87.71388,22.36217],[87.71748,22.36151],[87.71927,22.36303],[87.72214,22.36121],[87.72335,22.36129],[87.72515,22.36028],[87.72669,22.36062],[87.72668,22.35947],[87.72811,22.35949],[87.72813,22.3604],[87.72904,22.3604],[87.73077,22.36134],[87.73235,22.3642],[87.73294,22.36458],[87.73406,22.36395],[87.73344,22.36176],[87.73398,22.36129],[87.73389,22.3593],[87.73506,22.35501],[87.73426,22.35405],[87.7334,22.35137],[87.73343,22.34939],[87.73626,22.35064],[87.7364,22.35218],[87.73719,22.35315],[87.73641,22.35461],[87.73688,22.35504],[87.73856,22.35509],[87.73914,22.35566],[87.7432,22.35348],[87.74364,22.35079],[87.7431,22.35082],[87.74258,22.35208],[87.74053,22.3524],[87.74044,22.3493],[87.74104,22.34849],[87.74079,22.34772],[87.74205,22.34733],[87.74206,22.34664],[87.74118,22.34669],[87.74128,22.34595],[87.74205,22.34568],[87.74225,22.3465],[87.74366,22.34628],[87.74362,22.34542],[87.74441,22.34465],[87.74547,22.34509],[87.7464,22.34398],[87.74706,22.34396],[87.74677,22.34155],[87.74603,22.34151],[87.7449,22.33737],[87.74271,22.338],[87.74127,22.33536],[87.73992,22.33507],[87.73742,22.33125],[87.73393,22.3329],[87.73067,22.33375],[87.72979,22.33262],[87.72761,22.33274],[87.7265,22.33168],[87.72147,22.33232],[87.72314,22.33049],[87.72268,22.32886],[87.72152,22.32867],[87.7214,22.32797],[87.71954,22.32831],[87.71876,22.32794],[87.71809,22.32992],[87.71831,22.33241],[87.71739,22.33297],[87.71728,22.33477],[87.71637,22.33531],[87.71414,22.33552],[87.71351,22.33458],[87.71261,22.3344],[87.7118,22.3308]]]}},{"type":"Feature","bbox":[88.01904,22.08554,88.06833,22.11359],"properties":{"kind":"gp","gp":"Chakdwipa","block":"Haldia","lgd":110072},"geometry":{"type":"Polygon","coordinates":[[[88.02334,22.09039],[88.02563,22.09169],[88.0256,22.09231],[88.02804,22.09353],[88.02808,22.09406],[88.02692,22.09543],[88.02678,22.09776],[88.0229,22.09711],[88.02258,22.09996],[88.01904,22.10071],[88.02088,22.10231],[88.02068,22.10384],[88.02111,22.10543],[88.02011,22.10669],[88.02101,22.10796],[88.02048,22.10865],[88.02167,22.11058],[88.02117,22.11129],[88.02272,22.11221],[88.02667,22.11189],[88.02724,22.11285],[88.027,22.11359],[88.03262,22.11287],[88.03469,22.11218],[88.03687,22.11226],[88.03771,22.11289],[88.03949,22.11316],[88.04531,22.1128],[88.04812,22.11307],[88.05094,22.11158],[88.05282,22.11159],[88.05332,22.11099],[88.05562,22.11031],[88.05959,22.11007],[88.05985,22.10861],[88.0607,22.10808],[88.06048,22.1051],[88.06307,22.10498],[88.06565,22.10799],[88.06656,22.10823],[88.06828,22.10708],[88.06833,22.10553],[88.06703,22.10509],[88.06688,22.103],[88.06607,22.10253],[88.06524,22.10042],[88.06517,22.09813],[88.06415,22.09739],[88.06389,22.09519],[88.06185,22.09538],[88.0621,22.09437],[88.06168,22.09214],[88.06061,22.08905],[88.06149,22.08761],[88.05863,22.08676],[88.05297,22.08868],[88.04435,22.08941],[88.04279,22.08816],[88.0402,22.08706],[88.03408,22.08554],[88.03256,22.08558],[88.02968,22.0872],[88.02944,22.08686],[88.02346,22.0874],[88.02334,22.09039]]]}},{"type":"Feature","bbox":[87.85944,22.20304,87.90268,22.23827],"properties":{"kind":"gp","gp":"Chakshimulia","block":"Nandakumar","lgd":110124},"geometry":{"type":"Polygon","coordinates":[[[87.88572,22.20527],[87.88207,22.20463],[87.88035,22.20551],[87.87849,22.20452],[87.87596,22.20397],[87.87429,22.20522],[87.87282,22.20553],[87.87239,22.2045],[87.86832,22.20339],[87.86357,22.20428],[87.86304,22.20499],[87.86171,22.20495],[87.86011,22.20401],[87.86046,22.20576],[87.8597,22.20648],[87.85951,22.20743],[87.86036,22.2102],[87.86099,22.2159],[87.86013,22.21636],[87.85992,22.21774],[87.86004,22.22041],[87.86063,22.22136],[87.86024,22.225],[87.85944,22.22519],[87.8596,22.22659],[87.86105,22.22987],[87.86327,22.23051],[87.86389,22.23401],[87.86508,22.23704],[87.86691,22.23656],[87.86736,22.23721],[87.87304,22.23827],[87.87485,22.23738],[87.87241,22.22958],[87.87787,22.22869],[87.87981,22.23423],[87.88281,22.23294],[87.88206,22.23164],[87.88232,22.23068],[87.88373,22.23068],[87.88574,22.22859],[87.88847,22.22901],[87.88989,22.23044],[87.89063,22.23059],[87.89138,22.22987],[87.89098,22.22707],[87.88901,22.22573],[87.89027,22.22437],[87.89027,22.22237],[87.90048,22.21199],[87.90265,22.21118],[87.90268,22.20759],[87.901,22.2059],[87.89684,22.20525],[87.89592,22.20553],[87.88922,22.20304],[87.8873,22.20462],[87.88572,22.20527]]]}},{"type":"Feature","bbox":[87.77193,21.76004,87.83881,21.7931],"properties":{"kind":"gp","gp":"Chalti","block":"Deshapran","lgd":110051},"geometry":{"type":"MultiPolygon","coordinates":[[[[87.80507,21.77132],[87.80611,21.77279],[87.80695,21.77246],[87.80765,21.77279],[87.8097,21.77204],[87.80989,21.77091],[87.80937,21.76942],[87.80989,21.76799],[87.80725,21.76445],[87.80663,21.76585],[87.80153,21.76581],[87.80243,21.77002],[87.80394,21.77026],[87.80413,21.77117],[87.80507,21.77132]]],[[[87.77981,21.76295],[87.77913,21.76348],[87.77917,21.7647],[87.77838,21.76592],[87.77634,21.76671],[87.77529,21.76883],[87.77362,21.76901],[87.77385,21.77432],[87.77466,21.77424],[87.77535,21.77558],[87.77262,21.77633],[87.77193,21.77842],[87.77202,21.77998],[87.77304,21.78173],[87.77867,21.78098],[87.78479,21.78203],[87.78398,21.78324],[87.78392,21.785],[87.78595,21.78554],[87.78627,21.78651],[87.7857,21.78707],[87.78578,21.78851],[87.78753,21.78805],[87.79142,21.78888],[87.79323,21.78852],[87.79471,21.78924],[87.79514,21.79044],[87.79667,21.78979],[87.79653,21.78739],[87.7977,21.78859],[87.80008,21.78892],[87.80139,21.78703],[87.8011,21.78577],[87.80256,21.78513],[87.8042,21.78605],[87.80638,21.78605],[87.80694,21.7853],[87.80758,21.78643],[87.80871,21.78589],[87.80969,21.7867],[87.81009,21.78806],[87.81274,21.78962],[87.81392,21.79074],[87.81443,21.79273],[87.8156,21.7931],[87.81651,21.79286],[87.81768,21.79098],[87.81882,21.79119],[87.81998,21.79017],[87.82245,21.7897],[87.82309,21.78886],[87.82515,21.78845],[87.82661,21.78688],[87.82755,21.78683],[87.83027,21.78803],[87.83362,21.78766],[87.83418,21.78886],[87.83382,21.78975],[87.83482,21.78935],[87.83692,21.78959],[87.83842,21.78832],[87.83881,21.78674],[87.83825,21.78405],[87.83872,21.78174],[87.83763,21.77794],[87.83413,21.77596],[87.83399,21.77493],[87.83623,21.77143],[87.83607,21.77014],[87.82845,21.7722],[87.82538,21.77404],[87.82292,21.77325],[87.82007,21.77332],[87.81967,21.77216],[87.82019,21.77099],[87.81859,21.77092],[87.81728,21.77156],[87.817,21.771],[87.81575,21.77115],[87.81552,21.77194],[87.81318,21.77226],[87.81523,21.77288],[87.81499,21.77389],[87.81431,21.7746],[87.81324,21.77474],[87.81257,21.77413],[87.81124,21.77708],[87.81068,21.77711],[87.80895,21.7758],[87.80704,21.77614],[87.80646,21.77574],[87.80554,21.77326],[87.80372,21.77292],[87.80302,21.77187],[87.80225,21.77183],[87.80179,21.77122],[87.80195,21.76952],[87.8007,21.76867],[87.7992,21.77014],[87.79846,21.76918],[87.79765,21.76994],[87.79825,21.77059],[87.79768,21.77118],[87.797,21.77122],[87.79537,21.76974],[87.79469,21.76986],[87.79443,21.76692],[87.79452,21.76585],[87.79493,21.76575],[87.79452,21.76436],[87.78849,21.7686],[87.78837,21.76321],[87.78757,21.76135],[87.78512,21.76254],[87.78394,21.76203],[87.78224,21.76004],[87.78097,21.76064],[87.77952,21.7601],[87.77981,21.76295]],[[87.81052,21.77789],[87.81114,21.7783],[87.81116,21.77925],[87.8105,21.77973],[87.80671,21.78005],[87.8061,21.77939],[87.80716,21.77854],[87.81052,21.77789]]]]}},{"type":"Feature","bbox":[87.50158,21.82047,87.58413,21.88219],"properties":{"kind":"gp","gp":"Chatri","block":"Egra-II","lgd":110056},"geometry":{"type":"Polygon","coordinates":[[[87.54027,21.83294],[87.54113,21.83719],[87.54001,21.83824],[87.53657,21.83926],[87.53676,21.84046],[87.53537,21.84048],[87.53494,21.84148],[87.53426,21.84156],[87.53427,21.8425],[87.53363,21.84329],[87.5303,21.844],[87.5297,21.84371],[87.5295,21.84292],[87.52845,21.8427],[87.52692,21.84336],[87.52629,21.84308],[87.52461,21.84065],[87.52425,21.83896],[87.51918,21.83511],[87.51763,21.83501],[87.51718,21.83373],[87.51651,21.83345],[87.51657,21.83255],[87.51596,21.83245],[87.51572,21.83313],[87.51179,21.83328],[87.51132,21.83384],[87.50812,21.83355],[87.50922,21.84486],[87.50977,21.84501],[87.50985,21.84707],[87.50913,21.84993],[87.50967,21.85076],[87.50971,21.85222],[87.50912,21.85251],[87.50924,21.85327],[87.50979,21.85342],[87.51026,21.85295],[87.51414,21.8537],[87.51421,21.85504],[87.51467,21.85502],[87.51514,21.8558],[87.51562,21.85882],[87.5153,21.85999],[87.51372,21.86008],[87.51334,21.86133],[87.51361,21.86471],[87.51252,21.86617],[87.51138,21.86675],[87.50984,21.86612],[87.51027,21.86863],[87.51151,21.86984],[87.51049,21.87043],[87.51074,21.87094],[87.50968,21.87095],[87.50991,21.87292],[87.51058,21.87412],[87.51224,21.87399],[87.51404,21.87584],[87.5165,21.87594],[87.51661,21.87655],[87.51863,21.87702],[87.51871,21.87772],[87.51761,21.8783],[87.51748,21.87783],[87.51665,21.87786],[87.5167,21.87865],[87.51591,21.87878],[87.5159,21.87667],[87.51047,21.87712],[87.51038,21.87501],[87.50959,21.87439],[87.5091,21.87428],[87.5085,21.87501],[87.50902,21.87556],[87.50594,21.87576],[87.50551,21.87556],[87.50532,21.87359],[87.50452,21.8735],[87.50338,21.87386],[87.50158,21.87611],[87.50206,21.87793],[87.50298,21.87846],[87.50457,21.87838],[87.50597,21.87981],[87.50907,21.8793],[87.50967,21.87989],[87.51024,21.88193],[87.51108,21.88219],[87.51457,21.8818],[87.51932,21.88042],[87.52408,21.87987],[87.52435,21.87942],[87.52371,21.87796],[87.52539,21.87823],[87.52735,21.87765],[87.52777,21.8771],[87.5301,21.87699],[87.52964,21.87476],[87.53293,21.87442],[87.53378,21.87359],[87.53501,21.87331],[87.538,21.87351],[87.53799,21.8747],[87.54025,21.8745],[87.5413,21.87502],[87.54162,21.8743],[87.54268,21.87433],[87.5425,21.87538],[87.54408,21.8755],[87.54451,21.87627],[87.54591,21.87589],[87.5483,21.87615],[87.54816,21.87365],[87.54934,21.87341],[87.54944,21.87063],[87.55276,21.87025],[87.55297,21.86782],[87.55268,21.86677],[87.55176,21.8669],[87.55162,21.86574],[87.54868,21.86501],[87.54834,21.8629],[87.5496,21.86284],[87.55088,21.86116],[87.55097,21.8599],[87.54938,21.85846],[87.54949,21.85755],[87.5501,21.85752],[87.55011,21.85578],[87.55268,21.85516],[87.5529,21.85448],[87.55419,21.85495],[87.55489,21.85425],[87.55686,21.8546],[87.55713,21.85189],[87.55932,21.85129],[87.56064,21.84961],[87.56065,21.8482],[87.55738,21.84608],[87.55911,21.84021],[87.56232,21.84059],[87.56382,21.84015],[87.56484,21.84176],[87.56492,21.84273],[87.56856,21.84134],[87.57,21.83975],[87.57385,21.84028],[87.57451,21.84105],[87.57714,21.84092],[87.57737,21.84221],[87.57828,21.8427],[87.5793,21.84212],[87.57986,21.83962],[87.58174,21.83699],[87.58247,21.83691],[87.58272,21.836],[87.58348,21.83587],[87.58409,21.83445],[87.58352,21.83193],[87.58382,21.82929],[87.58305,21.82713],[87.58413,21.82408],[87.58276,21.82422],[87.58178,21.82499],[87.58016,21.82498],[87.57955,21.82367],[87.57859,21.82291],[87.57927,21.82082],[87.5771,21.82047],[87.57246,21.82177],[87.57189,21.82252],[87.56992,21.82298],[87.56472,21.82549],[87.56366,21.82478],[87.56235,21.82529],[87.55325,21.82592],[87.5489,21.82901],[87.54619,21.82982],[87.54509,21.82938],[87.54408,21.83051],[87.54141,21.83145],[87.54027,21.83294]]]}},{"type":"Feature","bbox":[87.79881,22.10896,87.85486,22.13436],"properties":{"kind":"gp","gp":"Chaukhali","block":"Chandipur","lgd":110024},"geometry":{"type":"Polygon","coordinates":[[[87.82422,22.1118],[87.81923,22.11078],[87.81849,22.11098],[87.81546,22.10896],[87.81257,22.11041],[87.8126,22.11148],[87.81097,22.1129],[87.80454,22.11357],[87.80397,22.11417],[87.79881,22.11341],[87.80139,22.11762],[87.80033,22.11899],[87.80348,22.11989],[87.80476,22.12139],[87.80435,22.12217],[87.80008,22.12326],[87.79995,22.12648],[87.80151,22.12713],[87.80125,22.12815],[87.80395,22.12827],[87.80413,22.12771],[87.80688,22.12757],[87.80963,22.1268],[87.80953,22.1285],[87.81386,22.12908],[87.81595,22.12904],[87.81588,22.12836],[87.8166,22.12806],[87.82894,22.12977],[87.83168,22.12813],[87.83416,22.13064],[87.83788,22.1297],[87.83848,22.12791],[87.83985,22.1276],[87.8416,22.12979],[87.84474,22.13078],[87.84838,22.13186],[87.85131,22.13112],[87.85223,22.13137],[87.85236,22.13217],[87.85146,22.13415],[87.85277,22.13436],[87.85353,22.1339],[87.85337,22.13225],[87.85276,22.13131],[87.8535,22.13094],[87.85318,22.12966],[87.85486,22.12427],[87.85416,22.12073],[87.85258,22.12031],[87.85232,22.11892],[87.8482,22.12043],[87.84722,22.12039],[87.84594,22.11934],[87.84388,22.11879],[87.84282,22.11448],[87.84001,22.113],[87.83327,22.11384],[87.83334,22.11293],[87.83274,22.11286],[87.83173,22.11347],[87.82884,22.11362],[87.82822,22.11437],[87.82687,22.1129],[87.82422,22.1118]]]}},{"type":"Feature","bbox":[87.57313,22.00883,87.68613,22.10451],"properties":{"kind":"gp","gp":"Chistipur-I","block":"Patashpur-I","lgd":110167},"geometry":{"type":"MultiPolygon","coordinates":[[[[87.57987,22.02147],[87.58221,22.021],[87.58248,22.02013],[87.5822,22.01432],[87.58305,22.01031],[87.58167,22.00883],[87.57968,22.00893],[87.57904,22.00991],[87.57698,22.01067],[87.57523,22.01056],[87.57416,22.01331],[87.57415,22.01447],[87.57313,22.0163],[87.57373,22.01787],[87.57504,22.01782],[87.57479,22.01958],[87.57543,22.01959],[87.57587,22.02115],[87.57657,22.02158],[87.57631,22.02238],[87.57696,22.02537],[87.57981,22.02523],[87.57933,22.02235],[87.57987,22.02147]]],[[[87.68436,22.07777],[87.6841,22.07331],[87.68438,22.06941],[87.6839,22.06634],[87.68496,22.06282],[87.68484,22.06179],[87.68308,22.06257],[87.67978,22.06277],[87.67709,22.06253],[87.67671,22.06138],[87.67631,22.06529],[87.67444,22.06563],[87.67448,22.06646],[87.67622,22.06652],[87.67621,22.06716],[87.67448,22.06725],[87.67464,22.06822],[87.6764,22.06857],[87.6764,22.06774],[87.67704,22.06775],[87.67687,22.07126],[87.6751,22.07159],[87.67411,22.07046],[87.6741,22.07213],[87.67346,22.07369],[87.67446,22.07374],[87.67468,22.07476],[87.67433,22.07816],[87.67649,22.0792],[87.67646,22.08496],[87.68116,22.08534],[87.68429,22.08488],[87.68613,22.08513],[87.68528,22.07817],[87.68436,22.07777]]],[[[87.64289,22.0697],[87.64176,22.07061],[87.63828,22.07202],[87.63882,22.07486],[87.63803,22.07781],[87.63902,22.08026],[87.63841,22.08128],[87.63872,22.08288],[87.64131,22.08659],[87.6418,22.08877],[87.64236,22.08933],[87.64106,22.0923],[87.6403,22.09229],[87.63776,22.09753],[87.63661,22.09872],[87.63542,22.10178],[87.63534,22.10407],[87.63838,22.10451],[87.64399,22.10331],[87.65247,22.10312],[87.66009,22.10357],[87.66236,22.10439],[87.66311,22.10342],[87.66221,22.09679],[87.66421,22.0959],[87.66362,22.09392],[87.66397,22.0908],[87.66367,22.08659],[87.66292,22.08633],[87.66232,22.08327],[87.66124,22.08259],[87.65823,22.08283],[87.65641,22.08237],[87.65617,22.07999],[87.65756,22.07931],[87.65754,22.0782],[87.65818,22.07819],[87.65823,22.07676],[87.65985,22.07686],[87.65967,22.07561],[87.66033,22.07508],[87.66318,22.07425],[87.6626,22.07256],[87.66201,22.07141],[87.6599,22.07048],[87.65817,22.06907],[87.65748,22.06535],[87.65884,22.06457],[87.65504,22.06175],[87.65239,22.06173],[87.65004,22.06103],[87.6463,22.06172],[87.64395,22.06405],[87.64258,22.06633],[87.64289,22.0697]],[[87.65049,22.09122],[87.64961,22.08144],[87.65117,22.08122],[87.65204,22.08182],[87.65519,22.08235],[87.65589,22.09587],[87.65637,22.0959],[87.65703,22.09906],[87.65746,22.10179],[87.65713,22.10245],[87.65018,22.09758],[87.64996,22.09283],[87.65049,22.09122]]]]}},{"type":"Feature","bbox":[87.64961,22.04882,87.68563,22.10475],"properties":{"kind":"gp","gp":"Chistipur-Ii","block":"Patashpur-I","lgd":110168},"geometry":{"type":"MultiPolygon","coordinates":[[[[87.66799,22.05128],[87.6678,22.05008],[87.66714,22.04941],[87.66126,22.04941],[87.65922,22.04882],[87.65636,22.0501],[87.65211,22.05057],[87.65198,22.06052],[87.65239,22.06173],[87.65504,22.06175],[87.65884,22.06457],[87.65748,22.06535],[87.65817,22.06907],[87.6599,22.07048],[87.66201,22.07141],[87.66318,22.07425],[87.66033,22.07508],[87.65967,22.07561],[87.65985,22.07686],[87.65823,22.07676],[87.65818,22.07819],[87.65754,22.0782],[87.65756,22.07931],[87.65617,22.07999],[87.65641,22.08237],[87.65823,22.08283],[87.66124,22.08259],[87.66232,22.08327],[87.66292,22.08633],[87.66367,22.08659],[87.66397,22.0908],[87.66362,22.09392],[87.66421,22.0959],[87.66221,22.09679],[87.66311,22.10342],[87.66236,22.10439],[87.67341,22.10475],[87.67387,22.10378],[87.67449,22.09401],[87.67427,22.09023],[87.67511,22.0842],[87.6719,22.08398],[87.67039,22.08302],[87.67107,22.07872],[87.6714,22.07801],[87.67433,22.07816],[87.67468,22.07476],[87.67446,22.07374],[87.67346,22.07369],[87.6741,22.07213],[87.67411,22.07046],[87.6751,22.07159],[87.67687,22.07126],[87.67704,22.06775],[87.6764,22.06774],[87.6764,22.06857],[87.67464,22.06822],[87.67448,22.06725],[87.67621,22.06716],[87.67622,22.06652],[87.67448,22.06646],[87.67444,22.06563],[87.67631,22.06529],[87.67671,22.06138],[87.67709,22.06253],[87.67978,22.06277],[87.68308,22.06257],[87.68484,22.06179],[87.68489,22.05965],[87.68563,22.05964],[87.68546,22.05739],[87.68316,22.05616],[87.67676,22.05724],[87.6763,22.05838],[87.67273,22.05748],[87.67085,22.05789],[87.66809,22.05578],[87.66739,22.05462],[87.66799,22.05128]]],[[[87.65018,22.09758],[87.65713,22.10245],[87.65746,22.10179],[87.65703,22.09906],[87.65637,22.0959],[87.65589,22.09587],[87.65519,22.08235],[87.65204,22.08182],[87.65117,22.08122],[87.64961,22.08144],[87.65049,22.09122],[87.64996,22.09283],[87.65018,22.09758]]]]}},{"type":"Feature","bbox":[87.86203,22.21791,87.90895,22.25928],"properties":{"kind":"gp","gp":"Dakshinnarikelda","block":"Nandakumar","lgd":110125},"geometry":{"type":"Polygon","coordinates":[[[87.89138,22.22987],[87.89063,22.23059],[87.88989,22.23044],[87.88847,22.22901],[87.88574,22.22859],[87.88373,22.23068],[87.88232,22.23068],[87.88206,22.23164],[87.88281,22.23294],[87.87981,22.23423],[87.87787,22.22869],[87.87241,22.22958],[87.87485,22.23738],[87.87304,22.23827],[87.86736,22.23721],[87.86691,22.23656],[87.86545,22.23712],[87.86454,22.23679],[87.86203,22.23725],[87.86285,22.2495],[87.86434,22.25158],[87.86446,22.25353],[87.86558,22.25532],[87.86686,22.25582],[87.86923,22.2549],[87.86983,22.25543],[87.87074,22.25531],[87.87197,22.25491],[87.87213,22.25411],[87.87322,22.25413],[87.87294,22.25618],[87.87518,22.25617],[87.87523,22.25497],[87.87688,22.2551],[87.87706,22.2536],[87.88025,22.25334],[87.88271,22.25587],[87.88464,22.25685],[87.8904,22.25786],[87.89063,22.25876],[87.89114,22.25888],[87.8931,22.25776],[87.89633,22.25797],[87.89823,22.25928],[87.899,22.25891],[87.90637,22.25898],[87.90628,22.25669],[87.90717,22.25209],[87.90677,22.25072],[87.90584,22.25005],[87.90614,22.249],[87.90691,22.2484],[87.90697,22.24594],[87.90895,22.24463],[87.90878,22.24322],[87.90751,22.24279],[87.90651,22.24307],[87.90597,22.24212],[87.90398,22.24151],[87.90243,22.24185],[87.90295,22.23955],[87.90417,22.23772],[87.90292,22.23775],[87.90269,22.23719],[87.90247,22.23619],[87.90299,22.23545],[87.90241,22.23322],[87.9005,22.2337],[87.90004,22.23339],[87.9002,22.2327],[87.89927,22.23272],[87.89893,22.23319],[87.89846,22.23091],[87.89912,22.22906],[87.89886,22.22813],[87.90015,22.22671],[87.90014,22.22449],[87.89919,22.22394],[87.89729,22.22397],[87.8969,22.22353],[87.89646,22.22164],[87.89679,22.22034],[87.8958,22.21791],[87.89491,22.21807],[87.89297,22.2199],[87.89211,22.2201],[87.89027,22.22237],[87.89027,22.22437],[87.88901,22.22573],[87.89098,22.22707],[87.89138,22.22987]]]}},{"type":"Feature","bbox":[87.83382,21.7411,87.8855,21.8227],"properties":{"kind":"gp","gp":"Dariyapur","block":"Deshapran","lgd":110052},"geometry":{"type":"Polygon","coordinates":[[[87.85802,21.75068],[87.84383,21.7411],[87.84115,21.7445],[87.8409,21.74722],[87.83828,21.74759],[87.83814,21.74877],[87.83696,21.74868],[87.8341,21.75139],[87.83424,21.7553],[87.8366,21.76188],[87.83558,21.76399],[87.83495,21.76707],[87.83623,21.77143],[87.83399,21.77493],[87.83413,21.77596],[87.83763,21.77794],[87.83872,21.78174],[87.83825,21.78405],[87.83881,21.78674],[87.83783,21.789],[87.83692,21.78959],[87.83482,21.78935],[87.83382,21.78975],[87.83382,21.79032],[87.83432,21.79158],[87.83609,21.79256],[87.84113,21.79214],[87.84136,21.79267],[87.84021,21.79486],[87.84176,21.79837],[87.84133,21.80067],[87.84207,21.80588],[87.8416,21.80761],[87.84182,21.80992],[87.84547,21.81035],[87.85101,21.80869],[87.85431,21.80865],[87.85769,21.81122],[87.85985,21.8105],[87.86215,21.81068],[87.86418,21.81271],[87.86675,21.81245],[87.86782,21.81281],[87.86818,21.81382],[87.86782,21.81783],[87.86953,21.82063],[87.86949,21.82147],[87.87297,21.8227],[87.88049,21.80828],[87.88264,21.79923],[87.8855,21.79411],[87.88327,21.79335],[87.8855,21.79022],[87.88372,21.78249],[87.88298,21.78128],[87.87864,21.77732],[87.87704,21.77483],[87.8722,21.77238],[87.87025,21.76941],[87.86664,21.76685],[87.86253,21.75762],[87.85726,21.7538],[87.86165,21.75621],[87.86201,21.75592],[87.86114,21.75379],[87.85802,21.75068]]]}},{"type":"Feature","bbox":[87.91517,21.97527,87.96535,22.00966],"properties":{"kind":"gp","gp":"Daudpur","block":"Nandigram-I","lgd":110133},"geometry":{"type":"Polygon","coordinates":[[[87.95321,21.98461],[87.95218,21.9819],[87.94825,21.98061],[87.94751,21.97963],[87.94759,21.97699],[87.94664,21.9764],[87.94201,21.97726],[87.93844,21.97645],[87.93763,21.97527],[87.93291,21.97736],[87.93263,21.97714],[87.93316,21.98018],[87.93277,21.98246],[87.93227,21.98285],[87.92987,21.98264],[87.92862,21.98389],[87.92091,21.99653],[87.91833,21.99797],[87.91607,21.99731],[87.91642,22.00169],[87.91517,22.00481],[87.91547,22.00525],[87.91682,22.00537],[87.91862,22.00489],[87.92049,22.00526],[87.92566,22.00747],[87.92662,22.00654],[87.92866,22.00794],[87.93468,22.00729],[87.93677,22.0077],[87.9366,22.00687],[87.93789,22.00638],[87.93825,22.0036],[87.9397,22.00169],[87.94141,22.00129],[87.94243,22.00204],[87.94233,22.00293],[87.94363,22.00339],[87.94379,22.00419],[87.94496,22.00501],[87.9463,22.00341],[87.94734,22.00297],[87.94756,22.00188],[87.94933,22.00154],[87.95074,22.00173],[87.95069,22.00231],[87.95436,22.00239],[87.95508,22.00334],[87.95406,22.00469],[87.9559,22.00559],[87.957,22.00542],[87.95759,22.00448],[87.95826,22.00493],[87.95813,22.00711],[87.959,22.00966],[87.96016,22.00952],[87.95997,22.00903],[87.96218,22.00749],[87.96241,22.00635],[87.96202,22.00587],[87.96103,22.00586],[87.96098,22.00498],[87.9621,22.00486],[87.96227,22.0043],[87.9614,22.00286],[87.96245,22.00184],[87.9647,22.00154],[87.96461,22.00089],[87.96535,22.0002],[87.96529,21.99921],[87.96391,21.99821],[87.96213,21.99857],[87.96211,21.99749],[87.9634,21.9957],[87.96332,21.99448],[87.96506,21.99466],[87.96454,21.99289],[87.96524,21.99231],[87.96459,21.9903],[87.9627,21.98971],[87.96255,21.98857],[87.9613,21.98756],[87.95648,21.98797],[87.95555,21.98553],[87.9543,21.98554],[87.95321,21.98461]],[[87.95443,21.99687],[87.95671,21.99598],[87.95726,21.99691],[87.9573,22.00081],[87.95422,22.00081],[87.95443,21.99687]]]}},{"type":"Feature","bbox":[87.63003,21.81314,87.69729,21.8678],"properties":{"kind":"gp","gp":"Debendra","block":"Contai-III","lgd":110040},"geometry":{"type":"Polygon","coordinates":[[[87.66315,21.82533],[87.66541,21.8237],[87.66374,21.81799],[87.66317,21.81764],[87.66173,21.8186],[87.65886,21.8182],[87.65703,21.8186],[87.65425,21.82038],[87.65065,21.81807],[87.64871,21.81534],[87.6428,21.81314],[87.6439,21.8173],[87.64361,21.82271],[87.64289,21.82624],[87.64153,21.82868],[87.63907,21.82994],[87.63607,21.83029],[87.63223,21.83262],[87.63003,21.83534],[87.63014,21.83638],[87.63338,21.84013],[87.63439,21.8439],[87.63418,21.84545],[87.6308,21.84909],[87.64151,21.84917],[87.64163,21.85048],[87.64268,21.85071],[87.64139,21.8522],[87.64118,21.85357],[87.64262,21.85824],[87.65266,21.85902],[87.65499,21.85977],[87.6561,21.8605],[87.65739,21.86267],[87.65792,21.86661],[87.65914,21.8678],[87.66409,21.86651],[87.66856,21.8673],[87.67109,21.86606],[87.67099,21.8612],[87.67301,21.86069],[87.67469,21.8588],[87.6762,21.8579],[87.67582,21.857],[87.67603,21.85556],[87.68128,21.85363],[87.68694,21.85074],[87.69279,21.85041],[87.6941,21.8508],[87.69729,21.85034],[87.69361,21.8487],[87.69221,21.84664],[87.69187,21.8423],[87.69275,21.83724],[87.69166,21.83183],[87.69065,21.83043],[87.68809,21.83017],[87.68725,21.83248],[87.68606,21.83403],[87.68013,21.83589],[87.67616,21.83616],[87.67446,21.83836],[87.67317,21.83905],[87.67234,21.83845],[87.67206,21.83369],[87.6707,21.83261],[87.67134,21.82979],[87.67062,21.82877],[87.66685,21.8297],[87.66372,21.82922],[87.66304,21.82653],[87.66315,21.82533]]]}},{"type":"Feature","bbox":[88.05935,22.05767,88.09922,22.11669],"properties":{"kind":"gp","gp":"Debhog","block":"Haldia","lgd":110073},"geometry":{"type":"MultiPolygon","coordinates":[[[[88.06313,22.06772],[88.06622,22.06989],[88.06765,22.07201],[88.06878,22.07498],[88.07507,22.07411],[88.07587,22.07144],[88.07461,22.06858],[88.07455,22.06646],[88.07604,22.06535],[88.07677,22.06416],[88.07703,22.06131],[88.07397,22.06146],[88.07276,22.06058],[88.07261,22.05963],[88.06974,22.05984],[88.07018,22.05939],[88.06992,22.05767],[88.06674,22.05871],[88.05935,22.05991],[88.05957,22.0617],[88.06144,22.06202],[88.06313,22.06772]]],[[[88.06061,22.08905],[88.06168,22.09214],[88.0621,22.09437],[88.06185,22.09538],[88.06389,22.09519],[88.06415,22.09739],[88.06517,22.09813],[88.06524,22.10042],[88.06607,22.10253],[88.06688,22.103],[88.06703,22.10509],[88.06833,22.10553],[88.06828,22.10708],[88.07026,22.10752],[88.07479,22.10631],[88.07693,22.10873],[88.07766,22.10871],[88.07832,22.10959],[88.07859,22.1112],[88.07986,22.11244],[88.08083,22.1112],[88.08414,22.11187],[88.08545,22.11541],[88.08666,22.11551],[88.08738,22.11487],[88.08904,22.11568],[88.08966,22.11668],[88.09088,22.11669],[88.09478,22.11406],[88.09567,22.11281],[88.09535,22.11134],[88.09465,22.11071],[88.09833,22.10982],[88.09746,22.10875],[88.09739,22.10749],[88.09922,22.10629],[88.09791,22.10262],[88.0956,22.10312],[88.09402,22.09934],[88.09389,22.09772],[88.09187,22.098],[88.09135,22.09215],[88.09019,22.09156],[88.08999,22.08803],[88.09102,22.08783],[88.08877,22.0871],[88.08472,22.08745],[88.08303,22.08842],[88.08087,22.08729],[88.07843,22.0879],[88.07661,22.08771],[88.07386,22.08895],[88.07252,22.08902],[88.06575,22.08892],[88.06563,22.08838],[88.06149,22.08761],[88.06061,22.08905]]]]}},{"type":"Feature","bbox":[87.53579,21.69147,87.58056,21.74628],"properties":{"kind":"gp","gp":"Depal","block":"Ramnagar-II","lgd":110190},"geometry":{"type":"Polygon","coordinates":[[[87.53813,21.72315],[87.54024,21.72329],[87.54054,21.72376],[87.53854,21.72829],[87.53802,21.73426],[87.5444,21.73658],[87.55066,21.74294],[87.57281,21.74628],[87.57308,21.74238],[87.5722,21.73995],[87.57192,21.73724],[87.57566,21.73719],[87.57645,21.73027],[87.57766,21.726],[87.57862,21.72416],[87.58042,21.72402],[87.58003,21.72281],[87.57914,21.72302],[87.57852,21.72255],[87.57831,21.72118],[87.57724,21.72026],[87.57718,21.71864],[87.57858,21.71417],[87.58032,21.71217],[87.58056,21.71114],[87.57905,21.7109],[87.5775,21.70046],[87.57647,21.69682],[87.57365,21.69756],[87.57171,21.69717],[87.57066,21.69405],[87.57004,21.69389],[87.56898,21.69163],[87.56739,21.69147],[87.56783,21.69594],[87.56676,21.69649],[87.56653,21.69912],[87.56446,21.70045],[87.56262,21.70035],[87.56251,21.70142],[87.5659,21.70948],[87.56515,21.71359],[87.56514,21.71498],[87.56566,21.71506],[87.5652,21.71808],[87.56271,21.71924],[87.55698,21.72009],[87.55395,21.72493],[87.54943,21.72256],[87.54872,21.72327],[87.54789,21.72261],[87.54642,21.72263],[87.54506,21.72214],[87.54394,21.72053],[87.5401,21.71968],[87.53985,21.71707],[87.53881,21.71597],[87.53695,21.71554],[87.53709,21.71843],[87.53594,21.71974],[87.53579,21.72221],[87.53829,21.72205],[87.53813,21.72315]]]}},{"type":"Feature","bbox":[87.79964,22.36292,87.8556,22.40637],"properties":{"kind":"gp","gp":"Deriachak","block":"Kolaghat","lgd":110090},"geometry":{"type":"Polygon","coordinates":[[[87.84567,22.37341],[87.84043,22.37252],[87.83882,22.37129],[87.84004,22.36991],[87.83985,22.36532],[87.83648,22.36447],[87.83612,22.36292],[87.83427,22.36312],[87.83365,22.36626],[87.83391,22.36869],[87.83334,22.3691],[87.83138,22.36897],[87.82921,22.368],[87.82851,22.36814],[87.82875,22.36986],[87.82728,22.37064],[87.82497,22.36955],[87.82366,22.36988],[87.82125,22.36942],[87.81999,22.36966],[87.81996,22.3703],[87.81758,22.37029],[87.81421,22.37109],[87.81306,22.37086],[87.8116,22.36832],[87.81043,22.37167],[87.81003,22.3779],[87.80887,22.37853],[87.80731,22.37812],[87.8077,22.38034],[87.80533,22.38246],[87.80438,22.38179],[87.80236,22.38149],[87.8023,22.38317],[87.80101,22.38334],[87.79979,22.38455],[87.79964,22.38792],[87.80043,22.3887],[87.80319,22.3884],[87.80439,22.38904],[87.80619,22.38862],[87.80784,22.38908],[87.80613,22.39054],[87.80732,22.39474],[87.80813,22.39559],[87.80837,22.39897],[87.81005,22.3985],[87.81438,22.3984],[87.8228,22.39686],[87.82315,22.39633],[87.82577,22.39575],[87.8274,22.39665],[87.83037,22.39586],[87.83127,22.39723],[87.833,22.39719],[87.83488,22.40004],[87.83497,22.40251],[87.83375,22.40292],[87.83419,22.40578],[87.83898,22.40538],[87.84015,22.40637],[87.84127,22.40521],[87.84072,22.40332],[87.84145,22.40325],[87.84161,22.40272],[87.84339,22.40371],[87.84332,22.40313],[87.84478,22.4016],[87.84864,22.40104],[87.84864,22.39972],[87.85288,22.39632],[87.85275,22.3949],[87.85544,22.39377],[87.8547,22.38745],[87.8556,22.384],[87.8507,22.38411],[87.84978,22.38331],[87.84933,22.38038],[87.84854,22.37958],[87.84963,22.37809],[87.85037,22.37477],[87.84885,22.37343],[87.84602,22.37406],[87.84567,22.37341]]]}},{"type":"Feature","bbox":[87.56758,21.87627,87.62895,21.94216],"properties":{"kind":"gp","gp":"Deshbandhu","block":"Egra-II","lgd":110065},"geometry":{"type":"Polygon","coordinates":[[[87.57565,21.88644],[87.57615,21.88991],[87.57858,21.88948],[87.57897,21.89022],[87.57824,21.89077],[87.57572,21.89108],[87.5761,21.8929],[87.57485,21.8939],[87.57381,21.89395],[87.57342,21.89513],[87.57183,21.89544],[87.57156,21.89675],[87.57064,21.89684],[87.57006,21.89875],[87.56943,21.89923],[87.56866,21.89905],[87.56908,21.90284],[87.56794,21.90357],[87.56795,21.90586],[87.56856,21.90715],[87.56758,21.90717],[87.56787,21.9089],[87.57213,21.90949],[87.57224,21.91078],[87.57393,21.91285],[87.57349,21.91354],[87.57397,21.91442],[87.57438,21.9144],[87.5748,21.91639],[87.57538,21.91695],[87.57517,21.92004],[87.57385,21.92047],[87.5741,21.92211],[87.57674,21.92794],[87.57953,21.92851],[87.58015,21.93054],[87.58019,21.93192],[87.5793,21.93259],[87.57978,21.93493],[87.58367,21.93613],[87.58437,21.93679],[87.58575,21.93675],[87.58786,21.93846],[87.58849,21.94116],[87.58954,21.94184],[87.59123,21.94216],[87.59891,21.94154],[87.59942,21.941],[87.59826,21.93963],[87.60135,21.93558],[87.60215,21.93283],[87.60613,21.93225],[87.61871,21.92159],[87.62384,21.91816],[87.62418,21.91759],[87.6237,21.91566],[87.62385,21.91381],[87.62548,21.91219],[87.62637,21.90904],[87.6286,21.90572],[87.62895,21.90352],[87.62592,21.90134],[87.62271,21.90116],[87.6196,21.90273],[87.61916,21.9036],[87.61974,21.9044],[87.61946,21.90519],[87.61854,21.90493],[87.61627,21.90284],[87.61403,21.902],[87.61312,21.89998],[87.61179,21.90007],[87.60944,21.89834],[87.60747,21.89756],[87.60616,21.89791],[87.60519,21.89639],[87.60366,21.89592],[87.60075,21.89683],[87.6002,21.89774],[87.59903,21.89736],[87.59755,21.89812],[87.5939,21.90355],[87.593,21.9042],[87.59218,21.90129],[87.5919,21.89717],[87.59256,21.89467],[87.59247,21.89037],[87.59353,21.88601],[87.59296,21.87973],[87.59274,21.87908],[87.58658,21.87627],[87.58578,21.87697],[87.58673,21.88104],[87.58615,21.88157],[87.58481,21.88159],[87.58307,21.88289],[87.57732,21.88416],[87.57565,21.88644]]]}},{"type":"Feature","bbox":[88.02771,22.10498,88.09101,22.15531],"properties":{"kind":"gp","gp":"Deulpota","block":"Haldia","lgd":110074},"geometry":{"type":"Polygon","coordinates":[[[88.07121,22.11764],[88.07338,22.11766],[88.07546,22.11655],[88.0757,22.12287],[88.07768,22.12217],[88.07966,22.12208],[88.07947,22.1252],[88.08124,22.12473],[88.08197,22.12573],[88.08454,22.12549],[88.08406,22.1219],[88.08625,22.12162],[88.08625,22.1224],[88.0883,22.12217],[88.08793,22.12084],[88.08835,22.1181],[88.08925,22.11826],[88.08999,22.11776],[88.09101,22.11811],[88.09082,22.11756],[88.08957,22.1171],[88.08904,22.11568],[88.08738,22.11487],[88.08666,22.11551],[88.08545,22.11541],[88.08414,22.11187],[88.08083,22.1112],[88.07986,22.11244],[88.07859,22.1112],[88.07832,22.10959],[88.07766,22.10871],[88.07693,22.10873],[88.07479,22.10631],[88.07026,22.10752],[88.06781,22.10712],[88.06656,22.10823],[88.06565,22.10799],[88.06307,22.10498],[88.06048,22.1051],[88.0607,22.10808],[88.05985,22.10861],[88.05959,22.11007],[88.05562,22.11031],[88.05332,22.11099],[88.05282,22.11159],[88.05094,22.11158],[88.04812,22.11307],[88.04531,22.1128],[88.03949,22.11316],[88.03771,22.11289],[88.03687,22.11226],[88.03469,22.11218],[88.03262,22.11287],[88.02771,22.11347],[88.02817,22.11402],[88.02994,22.11357],[88.03225,22.11387],[88.03234,22.115],[88.03535,22.11539],[88.03637,22.11625],[88.03899,22.1162],[88.03934,22.11681],[88.03897,22.11727],[88.03988,22.11819],[88.03958,22.1211],[88.04011,22.12242],[88.0394,22.12598],[88.03654,22.12786],[88.0341,22.1275],[88.03251,22.12831],[88.03241,22.12998],[88.03321,22.12993],[88.03353,22.13113],[88.03265,22.13297],[88.03493,22.13715],[88.03355,22.1402],[88.03371,22.14219],[88.03453,22.14345],[88.03414,22.14445],[88.03348,22.14452],[88.03266,22.14586],[88.03303,22.14649],[88.03527,22.14718],[88.03667,22.14663],[88.03805,22.14701],[88.04078,22.15217],[88.04251,22.15259],[88.04512,22.15172],[88.04791,22.15186],[88.04953,22.15087],[88.05424,22.15531],[88.0553,22.15476],[88.05544,22.15321],[88.06204,22.15187],[88.06258,22.15133],[88.06162,22.14975],[88.06031,22.14924],[88.06005,22.14721],[88.06349,22.14694],[88.0647,22.14812],[88.06528,22.14784],[88.06877,22.14481],[88.06909,22.14176],[88.07071,22.14102],[88.07218,22.14173],[88.07329,22.13926],[88.0749,22.13889],[88.07465,22.13723],[88.07477,22.13653],[88.07533,22.13633],[88.07496,22.13326],[88.07329,22.13341],[88.07271,22.13427],[88.071,22.13463],[88.06742,22.1345],[88.06678,22.13385],[88.06549,22.13368],[88.06382,22.12836],[88.0636,22.12641],[88.06624,22.12645],[88.06594,22.12323],[88.0662,22.12153],[88.06701,22.12126],[88.06681,22.11862],[88.07072,22.11813],[88.07121,22.11764]]]}},{"type":"Feature","bbox":[87.89644,22.29414,87.95574,22.35601],"properties":{"kind":"gp","gp":"Dhalhara","block":"Shahid Matangini","lgd":110198},"geometry":{"type":"Polygon","coordinates":[[[87.90562,22.31627],[87.9032,22.31712],[87.90311,22.31621],[87.90204,22.31611],[87.90164,22.31914],[87.9035,22.32015],[87.90442,22.32179],[87.90392,22.32437],[87.90018,22.32766],[87.89929,22.32771],[87.8989,22.3288],[87.89644,22.33084],[87.89737,22.33193],[87.89713,22.33343],[87.89883,22.33586],[87.90059,22.33649],[87.90083,22.33782],[87.90238,22.34045],[87.90803,22.34295],[87.91173,22.34309],[87.91244,22.34592],[87.91192,22.3461],[87.91221,22.34833],[87.91345,22.34903],[87.91392,22.35142],[87.9153,22.35119],[87.92332,22.35341],[87.92403,22.35181],[87.92478,22.35331],[87.92562,22.35365],[87.9277,22.35323],[87.93059,22.35432],[87.93194,22.35413],[87.93317,22.3548],[87.94039,22.35459],[87.95574,22.35601],[87.95411,22.3381],[87.95183,22.32423],[87.95172,22.32194],[87.95275,22.31625],[87.95273,22.31396],[87.94931,22.30709],[87.94894,22.3051],[87.95077,22.29414],[87.93978,22.30045],[87.93825,22.3044],[87.9352,22.30624],[87.93453,22.30824],[87.93435,22.30746],[87.93296,22.30829],[87.93167,22.30806],[87.92885,22.31019],[87.92503,22.30958],[87.92293,22.31153],[87.9235,22.31208],[87.92167,22.31424],[87.91941,22.31581],[87.91809,22.31569],[87.91566,22.31694],[87.91345,22.31717],[87.91233,22.31826],[87.91175,22.31822],[87.91085,22.31696],[87.90833,22.31851],[87.90791,22.31823],[87.90703,22.31873],[87.90562,22.31627]]]}},{"type":"Feature","bbox":[87.79525,21.80879,87.86572,21.85632],"properties":{"kind":"gp","gp":"Dhobaberia","block":"Deshapran","lgd":110053},"geometry":{"type":"Polygon","coordinates":[[[87.80838,21.81715],[87.8071,21.81873],[87.80447,21.8178],[87.80106,21.81798],[87.8024,21.81917],[87.8034,21.82372],[87.80306,21.82412],[87.80061,21.82345],[87.79999,21.82394],[87.79743,21.82338],[87.79622,21.82433],[87.79667,21.82704],[87.79865,21.82987],[87.79938,21.83386],[87.79887,21.83492],[87.79794,21.83535],[87.79692,21.83749],[87.79525,21.83883],[87.79731,21.83914],[87.79804,21.83976],[87.79881,21.84221],[87.80224,21.841],[87.80376,21.84119],[87.80462,21.84061],[87.80588,21.84105],[87.80627,21.8446],[87.81115,21.84955],[87.81051,21.85179],[87.81174,21.85561],[87.81325,21.8555],[87.81562,21.85632],[87.81902,21.85531],[87.82082,21.85392],[87.82175,21.8519],[87.821,21.85014],[87.821,21.8474],[87.82188,21.84641],[87.82378,21.84558],[87.82392,21.84657],[87.82527,21.84633],[87.82696,21.84686],[87.82918,21.8464],[87.82977,21.84755],[87.83183,21.84717],[87.83278,21.84653],[87.83383,21.8443],[87.83358,21.84355],[87.83241,21.84376],[87.83175,21.84491],[87.83107,21.84513],[87.83048,21.84337],[87.82936,21.84252],[87.82965,21.83973],[87.83274,21.84029],[87.83334,21.83958],[87.83656,21.83835],[87.83768,21.83715],[87.83979,21.83183],[87.84056,21.83107],[87.84253,21.83073],[87.84471,21.83104],[87.84919,21.83442],[87.85107,21.83527],[87.85503,21.83587],[87.85857,21.83389],[87.86074,21.83328],[87.86228,21.83385],[87.86196,21.83029],[87.86455,21.83206],[87.86514,21.83229],[87.86572,21.83181],[87.86437,21.82967],[87.85469,21.82588],[87.85097,21.822],[87.84536,21.81731],[87.84596,21.82199],[87.84541,21.82163],[87.84326,21.82186],[87.84351,21.826],[87.84281,21.82657],[87.83877,21.82715],[87.83867,21.82545],[87.8412,21.82109],[87.83787,21.81579],[87.8377,21.81435],[87.83543,21.8118],[87.8352,21.8108],[87.83145,21.80879],[87.82894,21.8098],[87.82646,21.81351],[87.82551,21.81382],[87.82436,21.81163],[87.82351,21.81096],[87.82336,21.80982],[87.8227,21.80966],[87.81921,21.81064],[87.81969,21.81199],[87.81878,21.81238],[87.81899,21.8148],[87.81812,21.81602],[87.81517,21.81603],[87.81414,21.8151],[87.81338,21.81533],[87.81309,21.81496],[87.8136,21.81386],[87.81316,21.81275],[87.80914,21.81444],[87.80906,21.81547],[87.80813,21.81564],[87.80838,21.81715]]]}},{"type":"Feature","bbox":[87.87987,22.06222,87.95477,22.12206],"properties":{"kind":"gp","gp":"Dibakarpur","block":"Chandipur","lgd":110025},"geometry":{"type":"Polygon","coordinates":[[[87.911,22.0673],[87.90491,22.0671],[87.90383,22.06715],[87.90368,22.06765],[87.90073,22.06759],[87.90008,22.06494],[87.89884,22.06484],[87.89811,22.06222],[87.8957,22.06231],[87.89454,22.06348],[87.89404,22.06789],[87.89208,22.06902],[87.88698,22.07462],[87.88632,22.07705],[87.88827,22.07814],[87.88766,22.08182],[87.88609,22.08346],[87.88015,22.08708],[87.87987,22.08837],[87.88016,22.08911],[87.8863,22.08881],[87.88831,22.08946],[87.88898,22.089],[87.88952,22.08743],[87.8921,22.08731],[87.89243,22.08669],[87.89395,22.08633],[87.89461,22.08632],[87.89472,22.08778],[87.89774,22.08668],[87.90082,22.0872],[87.90077,22.08632],[87.9014,22.08567],[87.90456,22.08508],[87.90535,22.09207],[87.90426,22.09438],[87.90503,22.09546],[87.90778,22.09352],[87.91465,22.09219],[87.91803,22.0925],[87.9239,22.09547],[87.92753,22.09505],[87.9292,22.09559],[87.93378,22.0958],[87.93392,22.09869],[87.93315,22.10168],[87.9309,22.10274],[87.92831,22.10346],[87.92783,22.10313],[87.92563,22.10436],[87.92413,22.10449],[87.9237,22.10562],[87.92382,22.10743],[87.92542,22.11173],[87.92612,22.11672],[87.9278,22.12206],[87.93646,22.11717],[87.94233,22.11284],[87.94792,22.10799],[87.94911,22.10608],[87.95477,22.10034],[87.95298,22.09863],[87.95217,22.09701],[87.94941,22.09574],[87.94263,22.09662],[87.94198,22.09571],[87.9432,22.09283],[87.94156,22.08734],[87.93706,22.08684],[87.93462,22.08775],[87.93226,22.08782],[87.93025,22.08613],[87.93036,22.0871],[87.92938,22.08827],[87.92742,22.08886],[87.92512,22.08869],[87.92364,22.08795],[87.9229,22.08567],[87.92311,22.08275],[87.9219,22.07761],[87.92208,22.07613],[87.92174,22.07504],[87.92007,22.07411],[87.92137,22.07364],[87.92167,22.07214],[87.9197,22.07246],[87.9159,22.07167],[87.91216,22.06896],[87.911,22.0673]]]}},{"type":"Feature","bbox":[87.53953,21.75394,87.60323,21.82549],"properties":{"kind":"gp","gp":"Dubda","block":"Egra-II","lgd":110066},"geometry":{"type":"Polygon","coordinates":[[[87.60323,21.78787],[87.60323,21.77997],[87.60203,21.77262],[87.59839,21.76422],[87.59533,21.76139],[87.58515,21.75922],[87.58236,21.75931],[87.58054,21.75869],[87.57962,21.75717],[87.57708,21.75659],[87.5754,21.75491],[87.57192,21.75536],[87.56845,21.75394],[87.56825,21.75563],[87.56671,21.75843],[87.57093,21.76025],[87.57241,21.75995],[87.57269,21.76073],[87.57555,21.76129],[87.57562,21.7619],[87.57639,21.76226],[87.58041,21.76272],[87.58119,21.76303],[87.58135,21.76391],[87.5819,21.76361],[87.58273,21.76437],[87.58316,21.76531],[87.58277,21.76638],[87.58303,21.76707],[87.5806,21.76992],[87.58077,21.77158],[87.58002,21.77284],[87.57729,21.77325],[87.57674,21.77222],[87.5755,21.77237],[87.57556,21.77338],[87.57504,21.77358],[87.56964,21.77249],[87.56841,21.77206],[87.5681,21.77062],[87.56613,21.7705],[87.56599,21.76946],[87.56407,21.76876],[87.56403,21.76814],[87.56153,21.76915],[87.56005,21.77165],[87.56069,21.77223],[87.56335,21.77201],[87.56265,21.77359],[87.56192,21.7734],[87.56175,21.77429],[87.55971,21.77483],[87.55599,21.77335],[87.55171,21.77365],[87.55121,21.77412],[87.54812,21.7741],[87.54347,21.77557],[87.54039,21.77568],[87.53983,21.77645],[87.53953,21.78039],[87.54245,21.78649],[87.54285,21.78954],[87.54333,21.79071],[87.54394,21.79086],[87.54417,21.79207],[87.54353,21.79282],[87.54045,21.79302],[87.5412,21.79499],[87.54119,21.79812],[87.54088,21.80024],[87.54039,21.8004],[87.54052,21.80249],[87.54306,21.80272],[87.54388,21.80371],[87.54454,21.80372],[87.54461,21.80502],[87.54396,21.80505],[87.54398,21.80603],[87.54205,21.80649],[87.54333,21.81211],[87.54396,21.81302],[87.54451,21.81658],[87.55073,21.81486],[87.55093,21.81566],[87.55162,21.81513],[87.55277,21.8152],[87.55436,21.81611],[87.55634,21.81646],[87.55644,21.8169],[87.55725,21.81695],[87.55789,21.81808],[87.55945,21.81849],[87.56218,21.82266],[87.56472,21.82549],[87.56992,21.82298],[87.57189,21.82252],[87.57246,21.82177],[87.5771,21.82047],[87.57927,21.82082],[87.57924,21.82019],[87.58035,21.81955],[87.58144,21.81981],[87.5833,21.81927],[87.58285,21.81821],[87.58271,21.81328],[87.58433,21.80951],[87.5856,21.80841],[87.58698,21.80841],[87.58835,21.8092],[87.59654,21.81093],[87.59762,21.81006],[87.60202,21.79688],[87.60323,21.78787]]]}},{"type":"Feature","bbox":[87.6439,21.74562,87.70186,21.78866],"properties":{"kind":"gp","gp":"Dulalpur","block":"Contai-I","lgd":110032},"geometry":{"type":"Polygon","coordinates":[[[87.66986,21.75385],[87.66814,21.75173],[87.66704,21.75164],[87.66381,21.75199],[87.66358,21.7494],[87.66082,21.74851],[87.65448,21.74961],[87.64875,21.74975],[87.64642,21.74934],[87.64439,21.75083],[87.64449,21.75938],[87.6439,21.76343],[87.64656,21.76411],[87.64846,21.764],[87.64911,21.76289],[87.65574,21.76457],[87.65609,21.76551],[87.66074,21.76844],[87.66125,21.76926],[87.66087,21.77097],[87.658,21.77393],[87.65478,21.77591],[87.65349,21.77604],[87.65353,21.77682],[87.65077,21.77844],[87.64933,21.77989],[87.6487,21.78092],[87.64887,21.78211],[87.6497,21.78298],[87.65091,21.78262],[87.65076,21.78196],[87.65138,21.78193],[87.65142,21.78127],[87.65235,21.78166],[87.6552,21.78144],[87.65523,21.78064],[87.65603,21.78012],[87.65728,21.78111],[87.6605,21.78],[87.6604,21.77953],[87.6618,21.77868],[87.66256,21.77889],[87.66288,21.78034],[87.66375,21.78045],[87.66489,21.77977],[87.66509,21.77913],[87.66627,21.77925],[87.66624,21.77867],[87.66739,21.77887],[87.6674,21.77967],[87.6691,21.77926],[87.66929,21.77466],[87.67088,21.77165],[87.67508,21.77201],[87.67723,21.77271],[87.67805,21.78121],[87.67905,21.78209],[87.67998,21.78197],[87.68057,21.78355],[87.68022,21.78456],[87.68206,21.78589],[87.6821,21.78701],[87.68477,21.78695],[87.68491,21.78866],[87.6881,21.78804],[87.68855,21.78668],[87.68994,21.7866],[87.69032,21.78187],[87.68861,21.77932],[87.68865,21.7772],[87.68804,21.77502],[87.6837,21.77371],[87.68404,21.76959],[87.6858,21.76823],[87.68813,21.76797],[87.68813,21.76735],[87.6919,21.76747],[87.70014,21.76968],[87.69987,21.76766],[87.69745,21.7668],[87.69907,21.76165],[87.70036,21.76013],[87.70142,21.76004],[87.70186,21.75929],[87.69828,21.7588],[87.69279,21.75957],[87.69009,21.76268],[87.68496,21.76205],[87.6841,21.76156],[87.68216,21.75987],[87.68115,21.75979],[87.68095,21.7571],[87.68197,21.75434],[87.68285,21.75403],[87.67974,21.74924],[87.67883,21.74606],[87.67694,21.74718],[87.6763,21.74675],[87.67626,21.74599],[87.6755,21.74562],[87.67482,21.74638],[87.67413,21.74637],[87.6736,21.74716],[87.67421,21.74785],[87.67399,21.74824],[87.67139,21.74941],[87.67227,21.75191],[87.67118,21.75222],[87.66986,21.75385]]]}},{"type":"Feature","bbox":[87.74156,21.788,87.78206,21.84071],"properties":{"kind":"gp","gp":"Durmuth","block":"Contai-III","lgd":110041},"geometry":{"type":"MultiPolygon","coordinates":[[[[87.7472,21.7891],[87.74204,21.788],[87.74223,21.79206],[87.7427,21.79241],[87.74164,21.79393],[87.74156,21.79758],[87.74305,21.79766],[87.74467,21.79891],[87.7451,21.79819],[87.74465,21.79633],[87.74655,21.79584],[87.74926,21.7961],[87.75219,21.79339],[87.75282,21.79248],[87.7528,21.79131],[87.75454,21.7911],[87.75499,21.78841],[87.7472,21.7891]]],[[[87.75248,21.802],[87.75263,21.8031],[87.75372,21.80408],[87.75345,21.80509],[87.75515,21.80674],[87.75464,21.80773],[87.75466,21.81018],[87.74998,21.81161],[87.74844,21.81574],[87.74707,21.8157],[87.74608,21.82177],[87.74523,21.82385],[87.74398,21.82422],[87.74252,21.82383],[87.74307,21.82676],[87.74195,21.82744],[87.74348,21.82885],[87.74458,21.83287],[87.74586,21.83445],[87.75047,21.83271],[87.75136,21.83324],[87.75346,21.83324],[87.75425,21.83274],[87.7565,21.83519],[87.75744,21.83522],[87.75907,21.83494],[87.75922,21.83256],[87.76138,21.83164],[87.76242,21.83303],[87.76421,21.83282],[87.76765,21.83468],[87.76798,21.83608],[87.76871,21.83658],[87.76871,21.83976],[87.76971,21.84071],[87.77131,21.84067],[87.77184,21.83967],[87.77566,21.83966],[87.77705,21.83883],[87.7765,21.83724],[87.77723,21.83564],[87.77807,21.83471],[87.78097,21.8336],[87.78206,21.83258],[87.78121,21.83213],[87.78024,21.83],[87.77746,21.83022],[87.77602,21.82799],[87.77491,21.82805],[87.77503,21.82451],[87.77306,21.82085],[87.76944,21.82004],[87.76781,21.82016],[87.76592,21.81543],[87.76418,21.81417],[87.75978,21.80884],[87.7586,21.80901],[87.75849,21.80791],[87.75644,21.80475],[87.75611,21.80253],[87.75492,21.80092],[87.75248,21.802]]]]}},{"type":"Feature","bbox":[87.78384,21.99278,87.86165,22.03725],"properties":{"kind":"gp","gp":"Garbari-I","block":"Khejuri-I","lgd":110015},"geometry":{"type":"Polygon","coordinates":[[[87.8482,22.00167],[87.84737,21.99278],[87.84414,21.99285],[87.84407,21.99344],[87.84284,21.9938],[87.84284,21.9945],[87.84093,21.99524],[87.83441,21.99494],[87.83458,21.99691],[87.83366,21.9983],[87.83394,22.00032],[87.83358,22.00192],[87.83212,22.00246],[87.82549,22.00198],[87.81538,22.00326],[87.81433,22.00326],[87.81185,22.00205],[87.80799,22.00298],[87.80432,22.00184],[87.79965,22.00155],[87.80061,21.99918],[87.79997,21.99589],[87.79883,21.99558],[87.79893,21.99469],[87.79737,21.99504],[87.79608,21.99394],[87.79497,21.99382],[87.79405,21.99509],[87.79251,21.9951],[87.79275,21.99565],[87.79213,21.99629],[87.78775,21.99786],[87.78893,22.00094],[87.78873,22.00387],[87.78694,22.00405],[87.78581,22.00473],[87.78427,22.0041],[87.78384,22.00655],[87.78791,22.00607],[87.78878,22.0066],[87.78983,22.00843],[87.79201,22.01493],[87.79195,22.0165],[87.7931,22.01858],[87.79291,22.01952],[87.79354,22.02004],[87.79323,22.02201],[87.79409,22.02462],[87.79527,22.02427],[87.79588,22.02549],[87.79661,22.0255],[87.79733,22.02751],[87.7992,22.02777],[87.79962,22.02987],[87.79712,22.03073],[87.79258,22.03094],[87.78886,22.03306],[87.78873,22.03507],[87.79157,22.03478],[87.80129,22.03145],[87.80425,22.02911],[87.80874,22.0285],[87.81822,22.02414],[87.81937,22.02429],[87.81998,22.02861],[87.82125,22.02737],[87.82164,22.02761],[87.82128,22.03046],[87.82177,22.03349],[87.82092,22.03605],[87.8214,22.03725],[87.82278,22.03706],[87.82508,22.03572],[87.82874,22.03593],[87.83004,22.03549],[87.83038,22.03605],[87.83224,22.03505],[87.83456,22.0345],[87.83605,22.03468],[87.83676,22.03435],[87.83677,22.03375],[87.83767,22.03413],[87.8376,22.03255],[87.83895,22.03064],[87.83881,22.02874],[87.83932,22.0279],[87.8403,22.02747],[87.84388,22.02873],[87.84683,22.0289],[87.85134,22.0301],[87.8569,22.03272],[87.86165,22.0336],[87.86126,22.03133],[87.8598,22.02954],[87.85993,22.02782],[87.85949,22.02704],[87.85718,22.02739],[87.85585,22.02673],[87.85563,22.02552],[87.85654,22.02349],[87.85632,22.02205],[87.85452,22.01997],[87.8543,22.01622],[87.85337,22.01472],[87.85125,22.01371],[87.85052,22.01216],[87.85037,22.00946],[87.84869,22.00799],[87.84643,22.00738],[87.8452,22.00591],[87.84536,22.00495],[87.84701,22.00385],[87.8482,22.00167]]]}},{"type":"Feature","bbox":[87.77715,21.98543,87.81185,22.0366],"properties":{"kind":"gp","gp":"Garbari-Ii","block":"Bhagawanpur-I","lgd":110016},"geometry":{"type":"MultiPolygon","coordinates":[[[[87.80061,21.99028],[87.79951,21.98952],[87.79852,21.98706],[87.79319,21.98543],[87.79198,21.98592],[87.79197,21.98718],[87.79312,21.98866],[87.79305,21.99228],[87.79162,21.99357],[87.7925,21.99373],[87.79251,21.9951],[87.79405,21.99509],[87.79497,21.99382],[87.79608,21.99394],[87.79737,21.99504],[87.79893,21.99469],[87.79883,21.99558],[87.79997,21.99589],[87.80041,21.99698],[87.80061,21.99918],[87.79965,22.00155],[87.80432,22.00184],[87.80799,22.00298],[87.81185,22.00205],[87.81134,22.00097],[87.81176,22.00036],[87.80968,21.99825],[87.80673,21.99659],[87.80351,21.99614],[87.80281,21.99443],[87.80157,21.99303],[87.80061,21.99028]]],[[[87.7931,22.01858],[87.79195,22.0165],[87.79201,22.01493],[87.78983,22.00843],[87.78878,22.0066],[87.78791,22.00607],[87.7805,22.00669],[87.78115,22.01277],[87.78078,22.01835],[87.78138,22.02665],[87.77715,22.02702],[87.77727,22.03125],[87.7823,22.0314],[87.78413,22.03358],[87.78561,22.0366],[87.78873,22.03507],[87.78886,22.03306],[87.79258,22.03094],[87.79712,22.03073],[87.79962,22.02987],[87.7992,22.02777],[87.79733,22.02751],[87.79661,22.0255],[87.79588,22.02549],[87.79527,22.02427],[87.79409,22.02462],[87.79323,22.02201],[87.79354,22.02004],[87.79291,22.01952],[87.7931,22.01858]]]]}},{"type":"Feature","bbox":[87.96784,22.14481,87.99695,22.18829],"properties":{"kind":"gp","gp":"Garhkamalpur","block":"Mahishadal","lgd":110101},"geometry":{"type":"Polygon","coordinates":[[[87.98637,22.14516],[87.98593,22.14497],[87.98508,22.1463],[87.98431,22.14634],[87.98389,22.14485],[87.98181,22.14481],[87.97948,22.14912],[87.97798,22.14992],[87.97782,22.15243],[87.97859,22.15516],[87.978,22.15617],[87.9761,22.15631],[87.97512,22.15485],[87.97532,22.15154],[87.97366,22.14887],[87.97276,22.14967],[87.97353,22.15039],[87.97277,22.15057],[87.97218,22.15155],[87.97152,22.152],[87.96918,22.1521],[87.96784,22.15761],[87.96796,22.15837],[87.97052,22.16183],[87.97063,22.16391],[87.97189,22.16477],[87.97222,22.16426],[87.97193,22.16345],[87.97305,22.16312],[87.97331,22.16205],[87.97414,22.16174],[87.97433,22.16219],[87.976,22.16168],[87.97767,22.16523],[87.97861,22.16458],[87.97929,22.16314],[87.98099,22.16233],[87.98214,22.1633],[87.98139,22.16526],[87.98265,22.16997],[87.98134,22.1711],[87.97799,22.17131],[87.97747,22.17281],[87.97816,22.17805],[87.97767,22.1788],[87.97762,22.18198],[87.97893,22.18485],[87.9803,22.18603],[87.97935,22.18722],[87.9807,22.18829],[87.98598,22.18793],[87.99001,22.18619],[87.99126,22.18673],[87.99255,22.18627],[87.99279,22.18561],[87.9919,22.1843],[87.99165,22.18091],[87.99289,22.18122],[87.99357,22.17891],[87.99311,22.17806],[87.99347,22.17469],[87.99278,22.1714],[87.99303,22.17082],[87.99457,22.17138],[87.99676,22.17093],[87.99695,22.1687],[87.99651,22.16751],[87.99481,22.16684],[87.99518,22.16373],[87.99381,22.16047],[87.99233,22.16002],[87.99286,22.15954],[87.99275,22.15834],[87.9917,22.15787],[87.99149,22.15714],[87.9925,22.15494],[87.99142,22.15393],[87.99161,22.15298],[87.99381,22.15052],[87.99463,22.14877],[87.99291,22.14708],[87.99141,22.14773],[87.99062,22.14755],[87.99031,22.14847],[87.98738,22.14908],[87.98637,22.14516]]]}},{"type":"Feature","bbox":[87.64837,22.35589,87.72496,22.40173],"properties":{"kind":"gp","gp":"Ghoshpur","block":"Panskura-I","lgd":110151},"geometry":{"type":"Polygon","coordinates":[[[87.69256,22.36781],[87.68779,22.3671],[87.68691,22.36762],[87.68642,22.3674],[87.68566,22.36545],[87.68214,22.36553],[87.6813,22.36541],[87.68105,22.36484],[87.6791,22.3653],[87.6782,22.36505],[87.67519,22.36666],[87.67058,22.36728],[87.67045,22.36852],[87.66949,22.36872],[87.66917,22.36672],[87.66829,22.36645],[87.6657,22.36687],[87.66497,22.36824],[87.66236,22.36823],[87.66101,22.36888],[87.66042,22.3703],[87.65855,22.37134],[87.65839,22.37275],[87.65773,22.37296],[87.65242,22.37175],[87.64856,22.37177],[87.64837,22.37312],[87.64935,22.37573],[87.65107,22.37811],[87.65424,22.3969],[87.6549,22.3985],[87.65634,22.39933],[87.66032,22.39904],[87.66094,22.39973],[87.6634,22.40078],[87.66433,22.40068],[87.66564,22.40173],[87.66782,22.40133],[87.6689,22.40025],[87.67171,22.39919],[87.67329,22.39756],[87.67486,22.39684],[87.67713,22.39819],[87.67981,22.39756],[87.67985,22.39999],[87.68088,22.40055],[87.6818,22.39923],[87.68731,22.39802],[87.69471,22.39503],[87.69513,22.39608],[87.69841,22.39586],[87.69896,22.39646],[87.7019,22.39755],[87.70508,22.39768],[87.70772,22.39713],[87.70727,22.39537],[87.70789,22.39506],[87.7077,22.39434],[87.70831,22.39385],[87.7078,22.39263],[87.70683,22.393],[87.70475,22.39274],[87.70378,22.38942],[87.70505,22.3858],[87.71064,22.38317],[87.71133,22.38231],[87.7115,22.38101],[87.70894,22.37605],[87.70872,22.3743],[87.71023,22.37281],[87.71156,22.37238],[87.71621,22.37452],[87.7222,22.37643],[87.72392,22.37639],[87.72486,22.37552],[87.72496,22.37308],[87.72376,22.36859],[87.72335,22.36129],[87.72214,22.36121],[87.71927,22.36303],[87.71748,22.36151],[87.71388,22.36217],[87.71366,22.36123],[87.71439,22.36032],[87.71363,22.35802],[87.70805,22.35817],[87.70765,22.35857],[87.70399,22.35589],[87.70355,22.3565],[87.70357,22.35859],[87.70291,22.35899],[87.70329,22.36405],[87.70403,22.36466],[87.70527,22.3645],[87.70555,22.36607],[87.70441,22.3663],[87.7034,22.36552],[87.70251,22.3655],[87.70182,22.36711],[87.69991,22.36692],[87.69902,22.36784],[87.6968,22.36781],[87.69639,22.36892],[87.69516,22.36935],[87.69537,22.37026],[87.69301,22.37111],[87.69251,22.37053],[87.69256,22.36781]]]}},{"type":"Feature","bbox":[87.64605,22.39138,87.71399,22.45891],"properties":{"kind":"gp","gp":"Gobindanagar","block":"Panskura-I","lgd":110152},"geometry":{"type":"Polygon","coordinates":[[[87.67985,22.39999],[87.67981,22.39756],[87.67713,22.39819],[87.67486,22.39684],[87.67329,22.39756],[87.67171,22.39919],[87.6689,22.40025],[87.66782,22.40133],[87.66564,22.40173],[87.66433,22.40068],[87.6634,22.40078],[87.66094,22.39973],[87.66032,22.39904],[87.65634,22.39933],[87.65784,22.4006],[87.65822,22.40764],[87.65809,22.4093],[87.65617,22.41039],[87.65624,22.41709],[87.65537,22.42062],[87.65276,22.42086],[87.65184,22.42674],[87.65102,22.4267],[87.64896,22.42975],[87.64659,22.4308],[87.64608,22.43146],[87.64605,22.43508],[87.64761,22.43711],[87.64979,22.43879],[87.65051,22.44064],[87.65427,22.43806],[87.65627,22.43759],[87.65623,22.43821],[87.65784,22.4383],[87.65925,22.43905],[87.66234,22.44427],[87.66358,22.44807],[87.66462,22.44872],[87.67036,22.44902],[87.67635,22.45061],[87.67685,22.45004],[87.68118,22.45106],[87.68216,22.45173],[87.68259,22.45445],[87.68152,22.455],[87.68268,22.45705],[87.68506,22.45879],[87.68622,22.45891],[87.68745,22.45595],[87.68759,22.45441],[87.68441,22.45087],[87.68354,22.449],[87.68519,22.44894],[87.68576,22.44806],[87.68513,22.44782],[87.68515,22.44725],[87.68667,22.44495],[87.68772,22.4445],[87.6876,22.44341],[87.69077,22.44397],[87.69315,22.44385],[87.69454,22.44099],[87.69688,22.43929],[87.69964,22.4385],[87.70151,22.43887],[87.70271,22.4397],[87.70466,22.4389],[87.70517,22.43994],[87.706,22.43962],[87.70639,22.43863],[87.70842,22.4382],[87.70986,22.43399],[87.71116,22.43397],[87.71162,22.43241],[87.71072,22.43157],[87.71108,22.42835],[87.71324,22.42759],[87.71306,22.42379],[87.71035,22.42443],[87.71057,22.42568],[87.70854,22.42769],[87.70862,22.42973],[87.70367,22.43067],[87.69877,22.42599],[87.69836,22.42344],[87.69957,22.42095],[87.70448,22.41934],[87.70343,22.41832],[87.70353,22.41652],[87.70472,22.41613],[87.70413,22.41494],[87.70258,22.41366],[87.70256,22.4123],[87.70605,22.40871],[87.70954,22.40709],[87.71096,22.40699],[87.71201,22.40637],[87.71291,22.40495],[87.71284,22.4038],[87.71183,22.40257],[87.71062,22.39965],[87.71396,22.39604],[87.71286,22.39572],[87.71399,22.39397],[87.71396,22.3925],[87.71311,22.39154],[87.71157,22.39138],[87.7077,22.39434],[87.70789,22.39506],[87.70727,22.39537],[87.70772,22.39713],[87.70508,22.39768],[87.7019,22.39755],[87.69896,22.39646],[87.69841,22.39586],[87.69513,22.39608],[87.69471,22.39503],[87.68731,22.39802],[87.6818,22.39923],[87.68088,22.40055],[87.67985,22.39999]]]}},{"type":"Feature","bbox":[87.50055,21.65188,87.55438,21.6889],"properties":{"kind":"gp","gp":"Gobra","block":"Ramnagar-I","lgd":110181},"geometry":{"type":"Polygon","coordinates":[[[87.53173,21.65412],[87.52354,21.65452],[87.51993,21.65506],[87.51786,21.6556],[87.51794,21.65649],[87.51027,21.65518],[87.50661,21.65529],[87.50609,21.65663],[87.5053,21.65707],[87.50466,21.6567],[87.50404,21.6574],[87.50578,21.65874],[87.50377,21.66039],[87.50375,21.66177],[87.50252,21.66353],[87.50317,21.66421],[87.50228,21.66434],[87.50082,21.66572],[87.50055,21.66667],[87.50279,21.66737],[87.5038,21.66669],[87.50644,21.66772],[87.5069,21.66729],[87.50735,21.66772],[87.5084,21.67281],[87.50984,21.67294],[87.50988,21.67432],[87.51294,21.67465],[87.51319,21.67508],[87.51389,21.67437],[87.51499,21.67447],[87.5209,21.67702],[87.52054,21.67986],[87.52095,21.68111],[87.52715,21.68165],[87.53304,21.68338],[87.53301,21.68775],[87.53368,21.68772],[87.5343,21.68861],[87.5363,21.6889],[87.53723,21.68685],[87.53859,21.68675],[87.53936,21.68619],[87.53999,21.68643],[87.54451,21.68521],[87.54625,21.68529],[87.5473,21.67745],[87.55244,21.67706],[87.55344,21.67559],[87.55438,21.66816],[87.55308,21.66281],[87.55234,21.66258],[87.55196,21.66294],[87.55201,21.66641],[87.54568,21.66686],[87.54416,21.66534],[87.54313,21.66501],[87.54246,21.66255],[87.5425,21.66163],[87.54367,21.66114],[87.5427,21.65719],[87.54326,21.65686],[87.54326,21.65588],[87.54193,21.65449],[87.542,21.65369],[87.54438,21.65332],[87.54426,21.65188],[87.53678,21.65239],[87.53173,21.65412]]]}},{"type":"Feature","bbox":[87.73458,22.20089,87.78572,22.23654],"properties":{"kind":"gp","gp":"Gojina","block":"Moyna","lgd":110110},"geometry":{"type":"Polygon","coordinates":[[[87.73571,22.20779],[87.73714,22.21092],[87.73458,22.21138],[87.73507,22.21368],[87.73639,22.21556],[87.73722,22.2154],[87.73685,22.21985],[87.73921,22.21985],[87.73955,22.22187],[87.74028,22.22266],[87.74083,22.22651],[87.7426,22.22994],[87.74349,22.23064],[87.74555,22.231],[87.75181,22.23053],[87.75494,22.23153],[87.75579,22.23223],[87.76031,22.23108],[87.76502,22.23457],[87.77007,22.23654],[87.76895,22.23272],[87.76887,22.22832],[87.76801,22.22515],[87.77154,22.22453],[87.77054,22.21954],[87.7725,22.21901],[87.77274,22.21842],[87.7742,22.21822],[87.77394,22.21769],[87.77441,22.21734],[87.77887,22.2174],[87.78378,22.21534],[87.78461,22.21555],[87.78468,22.21459],[87.78572,22.21408],[87.78454,22.21238],[87.78103,22.20952],[87.77804,22.2033],[87.77435,22.20428],[87.77276,22.20096],[87.76538,22.20089],[87.75894,22.20202],[87.75043,22.2027],[87.74983,22.20319],[87.73549,22.20425],[87.73571,22.20779]]]}},{"type":"Feature","bbox":[87.70563,22.26414,87.74754,22.31675],"properties":{"kind":"gp","gp":"Gokulnagar","block":"Moyna","lgd":110111},"geometry":{"type":"Polygon","coordinates":[[[87.71444,22.26431],[87.70733,22.26828],[87.70779,22.27036],[87.70673,22.27313],[87.707,22.27577],[87.70563,22.27895],[87.70849,22.28755],[87.71216,22.29284],[87.71516,22.2991],[87.72127,22.31561],[87.72243,22.31675],[87.73005,22.31125],[87.73399,22.30959],[87.73649,22.30734],[87.74287,22.30621],[87.74723,22.3068],[87.74754,22.30131],[87.74618,22.29626],[87.74639,22.29489],[87.74754,22.2945],[87.74698,22.29397],[87.747,22.29291],[87.74645,22.29259],[87.74665,22.29121],[87.74617,22.29058],[87.74614,22.28319],[87.74568,22.28089],[87.74663,22.2784],[87.74754,22.27748],[87.74754,22.27259],[87.74386,22.27123],[87.74316,22.2726],[87.74196,22.27232],[87.74105,22.27023],[87.729,22.2673],[87.72529,22.26753],[87.72261,22.26842],[87.71726,22.26923],[87.71645,22.26414],[87.71444,22.26431]]]}},{"type":"Feature","bbox":[87.92431,21.91872,87.98668,21.97958],"properties":{"kind":"gp","gp":"Gokulnagar","block":"Nandigram-I","lgd":110134},"geometry":{"type":"Polygon","coordinates":[[[87.93402,21.94213],[87.92823,21.94585],[87.92566,21.94685],[87.92431,21.94828],[87.92499,21.94943],[87.92611,21.94998],[87.92717,21.95182],[87.92773,21.95415],[87.93106,21.95559],[87.93102,21.95892],[87.93505,21.96237],[87.93534,21.96318],[87.93529,21.96394],[87.9335,21.96526],[87.93264,21.9672],[87.93317,21.96914],[87.93291,21.97736],[87.93763,21.97527],[87.93844,21.97645],[87.94201,21.97726],[87.94535,21.97678],[87.94664,21.9764],[87.94615,21.97459],[87.94802,21.97492],[87.9491,21.97666],[87.95309,21.97955],[87.95469,21.97958],[87.95481,21.97816],[87.9541,21.97583],[87.95456,21.97458],[87.95543,21.97411],[87.95425,21.9702],[87.95452,21.96933],[87.95693,21.96912],[87.95794,21.9709],[87.95914,21.97093],[87.96024,21.97489],[87.96241,21.97477],[87.96318,21.97515],[87.96499,21.97395],[87.96643,21.97402],[87.96592,21.97309],[87.96626,21.97261],[87.96466,21.96979],[87.96658,21.96912],[87.9673,21.96808],[87.96992,21.96796],[87.97023,21.96841],[87.97154,21.96773],[87.97401,21.96775],[87.97502,21.96954],[87.97577,21.96911],[87.97729,21.96922],[87.97798,21.96888],[87.97815,21.96812],[87.98146,21.96787],[87.98189,21.9695],[87.98338,21.96972],[87.98552,21.96904],[87.9849,21.96697],[87.98668,21.96526],[87.98659,21.9618],[87.98276,21.96178],[87.98255,21.96092],[87.97875,21.9612],[87.9764,21.96105],[87.97573,21.96062],[87.9769,21.95844],[87.97668,21.95631],[87.97584,21.95448],[87.97564,21.95062],[87.97742,21.949],[87.97782,21.94684],[87.98039,21.94605],[87.9806,21.94466],[87.97931,21.94236],[87.9765,21.94132],[87.9749,21.93992],[87.97436,21.93906],[87.97478,21.93723],[87.97446,21.9361],[87.97394,21.93555],[87.97192,21.93536],[87.97207,21.93247],[87.97057,21.93137],[87.9715,21.9304],[87.97182,21.92765],[87.97059,21.92359],[87.96765,21.91967],[87.96763,21.91872],[87.96703,21.91874],[87.96419,21.92532],[87.95818,21.93349],[87.95483,21.93685],[87.95123,21.93804],[87.94897,21.93798],[87.94606,21.93732],[87.9439,21.93495],[87.94104,21.93488],[87.93883,21.93551],[87.93804,21.93619],[87.93785,21.93863],[87.93402,21.94213]]]}},{"type":"Feature","bbox":[87.47448,22.03097,87.53848,22.08896],"properties":{"kind":"gp","gp":"Gokulpur","block":"Patashpur-I","lgd":110169},"geometry":{"type":"Polygon","coordinates":[[[87.49006,22.04549],[87.48475,22.04513],[87.48263,22.04605],[87.47883,22.046],[87.47854,22.0465],[87.47839,22.05245],[87.48036,22.05943],[87.48212,22.06114],[87.4862,22.06177],[87.48712,22.06263],[87.48644,22.06361],[87.485,22.06425],[87.47686,22.06592],[87.47704,22.068],[87.47682,22.06856],[87.47541,22.0689],[87.47448,22.0736],[87.47509,22.07462],[87.47701,22.0748],[87.47835,22.07559],[87.48441,22.08171],[87.48784,22.08312],[87.49011,22.08503],[87.49085,22.08581],[87.49142,22.08857],[87.49193,22.08896],[87.50375,22.08849],[87.50935,22.0872],[87.51062,22.08792],[87.51406,22.08839],[87.51904,22.08757],[87.53082,22.08864],[87.53285,22.08765],[87.53261,22.08478],[87.53319,22.08396],[87.5368,22.08165],[87.53816,22.08144],[87.53566,22.08001],[87.52851,22.07804],[87.52805,22.07696],[87.52826,22.07562],[87.5292,22.07543],[87.52992,22.07614],[87.53026,22.07575],[87.53223,22.07694],[87.53481,22.07715],[87.53476,22.0777],[87.53663,22.07846],[87.53824,22.07624],[87.53848,22.07494],[87.53693,22.07276],[87.53672,22.07119],[87.53708,22.06745],[87.53785,22.06637],[87.53788,22.0649],[87.53667,22.06444],[87.53669,22.06309],[87.5345,22.06165],[87.53475,22.06053],[87.53426,22.06005],[87.53439,22.05871],[87.53486,22.05869],[87.53506,22.05794],[87.53569,22.05794],[87.53537,22.05479],[87.5358,22.05399],[87.53518,22.05285],[87.53621,22.05088],[87.53571,22.04972],[87.53468,22.049],[87.53388,22.04941],[87.53222,22.04924],[87.53198,22.04843],[87.53153,22.04415],[87.5334,22.0442],[87.53383,22.04355],[87.53504,22.04316],[87.53481,22.04266],[87.53338,22.04251],[87.53207,22.03314],[87.53152,22.03323],[87.53142,22.03144],[87.53048,22.03097],[87.52747,22.03118],[87.52672,22.03542],[87.52723,22.03588],[87.5265,22.03706],[87.52506,22.0368],[87.52482,22.03743],[87.524,22.03751],[87.52377,22.03694],[87.52275,22.03698],[87.52238,22.03748],[87.52102,22.03696],[87.52041,22.03386],[87.52103,22.03287],[87.5194,22.03178],[87.51772,22.03212],[87.51631,22.03437],[87.51532,22.03498],[87.51354,22.03496],[87.51345,22.03607],[87.51183,22.03896],[87.51226,22.04089],[87.51182,22.04106],[87.51196,22.04227],[87.51042,22.0429],[87.50965,22.04607],[87.50769,22.04624],[87.50807,22.04733],[87.50768,22.05016],[87.5043,22.05051],[87.50221,22.04855],[87.49637,22.04906],[87.49006,22.04549]]]}},{"type":"Feature","bbox":[87.84883,22.46331,87.89315,22.51939],"properties":{"kind":"gp","gp":"Gopalnagar","block":"Kolaghat","lgd":110091},"geometry":{"type":"Polygon","coordinates":[[[87.86616,22.46466],[87.86316,22.46584],[87.86258,22.46523],[87.86179,22.46527],[87.86015,22.46704],[87.8588,22.46739],[87.8576,22.46977],[87.85535,22.46978],[87.85459,22.46934],[87.85402,22.46978],[87.85418,22.47114],[87.8534,22.47161],[87.85181,22.4716],[87.85121,22.47206],[87.85073,22.47147],[87.84896,22.47101],[87.84883,22.47219],[87.84984,22.473],[87.84999,22.47376],[87.85129,22.47427],[87.85547,22.4738],[87.85568,22.47631],[87.85614,22.47762],[87.85683,22.47811],[87.85672,22.47953],[87.85561,22.47921],[87.85398,22.47962],[87.85465,22.48135],[87.85692,22.48165],[87.8583,22.48501],[87.8582,22.49025],[87.85901,22.49245],[87.85955,22.49627],[87.86233,22.49603],[87.86245,22.49486],[87.86395,22.49526],[87.8646,22.49469],[87.86544,22.49491],[87.86582,22.49575],[87.8704,22.49551],[87.87054,22.49681],[87.86979,22.49768],[87.87065,22.49779],[87.87075,22.49853],[87.87015,22.50316],[87.87209,22.50454],[87.87482,22.50534],[87.87401,22.50683],[87.87531,22.51049],[87.88484,22.50936],[87.88517,22.51321],[87.88605,22.51622],[87.88774,22.51809],[87.89064,22.51939],[87.89139,22.51606],[87.89115,22.51484],[87.88898,22.5128],[87.88632,22.51156],[87.88453,22.50656],[87.88039,22.50342],[87.87991,22.50264],[87.87965,22.49783],[87.88283,22.49082],[87.88611,22.48735],[87.89054,22.48417],[87.89287,22.48127],[87.89315,22.4801],[87.89195,22.47549],[87.89084,22.47402],[87.88511,22.46935],[87.88152,22.46465],[87.87845,22.46484],[87.87641,22.46563],[87.87504,22.46685],[87.87298,22.46728],[87.8721,22.46664],[87.87254,22.46621],[87.87234,22.46567],[87.87159,22.46631],[87.87088,22.46594],[87.86969,22.46621],[87.86936,22.46702],[87.86862,22.4667],[87.86942,22.46498],[87.8692,22.464],[87.86763,22.4638],[87.86726,22.46331],[87.86616,22.46466]]]}},{"type":"Feature","bbox":[87.52805,22.03239,87.59574,22.09503],"properties":{"kind":"gp","gp":"Gopalpur","block":"Patashpur-I","lgd":110170},"geometry":{"type":"Polygon","coordinates":[[[87.54927,22.03722],[87.54618,22.03832],[87.54622,22.04035],[87.54541,22.04099],[87.54572,22.04123],[87.54528,22.04247],[87.54467,22.0422],[87.54364,22.04288],[87.53481,22.04266],[87.53504,22.04316],[87.53383,22.04355],[87.5334,22.0442],[87.53153,22.04415],[87.53222,22.04924],[87.53388,22.04941],[87.53468,22.049],[87.53571,22.04972],[87.53621,22.05088],[87.53518,22.05285],[87.5358,22.05399],[87.53537,22.05479],[87.53569,22.05794],[87.53506,22.05794],[87.53486,22.05869],[87.53439,22.05871],[87.53426,22.06005],[87.53475,22.06053],[87.5345,22.06165],[87.53669,22.06309],[87.53667,22.06444],[87.53788,22.0649],[87.53785,22.06637],[87.53708,22.06745],[87.53672,22.07119],[87.53693,22.07276],[87.53848,22.07494],[87.53824,22.07624],[87.53663,22.07846],[87.53476,22.0777],[87.53481,22.07715],[87.53223,22.07694],[87.53026,22.07575],[87.52992,22.07614],[87.5292,22.07543],[87.52826,22.07562],[87.52805,22.07696],[87.52851,22.07804],[87.53566,22.08001],[87.53727,22.08118],[87.53994,22.0819],[87.54352,22.08415],[87.54561,22.08405],[87.54895,22.08308],[87.5546,22.08282],[87.5567,22.08487],[87.56101,22.09186],[87.5635,22.09419],[87.56509,22.09482],[87.56894,22.09475],[87.57387,22.093],[87.57551,22.09323],[87.57957,22.09503],[87.58114,22.09445],[87.58255,22.09497],[87.58433,22.09169],[87.58653,22.08345],[87.58663,22.08129],[87.58727,22.08015],[87.59045,22.07724],[87.59062,22.07616],[87.59299,22.07615],[87.59438,22.07564],[87.59461,22.07283],[87.59534,22.07246],[87.59574,22.07085],[87.59373,22.07084],[87.59294,22.0701],[87.59081,22.06483],[87.59149,22.06114],[87.59097,22.06036],[87.57891,22.06115],[87.57837,22.05966],[87.57777,22.05948],[87.57747,22.05846],[87.57562,22.05663],[87.57523,22.05518],[87.57016,22.05495],[87.56796,22.05423],[87.56792,22.05367],[87.56951,22.05226],[87.57156,22.05133],[87.57129,22.05048],[87.57068,22.05022],[87.57045,22.04411],[87.5719,22.04389],[87.57206,22.04164],[87.56646,22.04189],[87.5647,22.03604],[87.56015,22.03542],[87.55965,22.03239],[87.5564,22.03281],[87.5562,22.03351],[87.55284,22.03405],[87.55313,22.03625],[87.54989,22.03782],[87.54927,22.03722]]]}},{"type":"Feature","bbox":[88.10764,22.12535,88.16408,22.17863],"properties":{"kind":"gp","gp":"Guaberia","block":"Sutahata","lgd":110208},"geometry":{"type":"Polygon","coordinates":[[[88.11182,22.1359],[88.11102,22.13694],[88.10828,22.13762],[88.1079,22.1387],[88.10764,22.14104],[88.10845,22.14185],[88.10901,22.14376],[88.10882,22.14507],[88.11419,22.14487],[88.11437,22.14665],[88.11585,22.14822],[88.11655,22.1481],[88.11712,22.14902],[88.11634,22.15123],[88.11638,22.1525],[88.11554,22.15247],[88.11552,22.15326],[88.11451,22.1545],[88.1115,22.15563],[88.11151,22.15626],[88.11433,22.15788],[88.11546,22.1574],[88.11692,22.15752],[88.11811,22.158],[88.11813,22.1587],[88.11948,22.15977],[88.1211,22.15976],[88.12114,22.1615],[88.1188,22.16188],[88.11844,22.16141],[88.1172,22.16194],[88.11746,22.16432],[88.11791,22.16451],[88.11795,22.16541],[88.12193,22.16554],[88.12338,22.16801],[88.12138,22.16884],[88.122,22.17258],[88.12101,22.17309],[88.12102,22.17439],[88.11807,22.17568],[88.11966,22.17863],[88.12083,22.17861],[88.12063,22.17741],[88.12246,22.17673],[88.12475,22.17685],[88.12528,22.1757],[88.12815,22.17536],[88.12985,22.17667],[88.13005,22.17826],[88.13168,22.17837],[88.13723,22.17727],[88.13672,22.17476],[88.1361,22.17412],[88.13878,22.17371],[88.13846,22.16898],[88.1403,22.16834],[88.1441,22.16928],[88.14456,22.1679],[88.14607,22.16832],[88.14686,22.16935],[88.15585,22.15813],[88.15712,22.15627],[88.1571,22.15557],[88.15798,22.15553],[88.15952,22.15313],[88.16087,22.15225],[88.16142,22.15077],[88.16195,22.15073],[88.16408,22.1485],[88.16228,22.14825],[88.16167,22.14714],[88.1602,22.14615],[88.15976,22.14495],[88.15774,22.14624],[88.1565,22.14564],[88.15075,22.14483],[88.15211,22.14066],[88.14973,22.13879],[88.14184,22.1378],[88.14121,22.13736],[88.13996,22.13759],[88.13904,22.13585],[88.13572,22.13532],[88.1348,22.13323],[88.13438,22.13316],[88.13482,22.13115],[88.13393,22.12961],[88.13301,22.12948],[88.13209,22.12837],[88.13235,22.12749],[88.13147,22.12535],[88.12717,22.12619],[88.12704,22.12719],[88.12651,22.12741],[88.12654,22.12942],[88.12132,22.12989],[88.12152,22.13155],[88.12115,22.13204],[88.11987,22.12922],[88.11915,22.12917],[88.11914,22.12858],[88.11784,22.12776],[88.1152,22.12899],[88.11078,22.12976],[88.11093,22.13096],[88.11027,22.13211],[88.11064,22.13462],[88.11182,22.1359]]]}},{"type":"Feature","bbox":[87.76045,22.10746,87.82711,22.16868],"properties":{"kind":"gp","gp":"Gurgram","block":"Bhagawanpur-I","lgd":110005},"geometry":{"type":"Polygon","coordinates":[[[87.78044,22.11422],[87.7761,22.1138],[87.77316,22.11121],[87.77356,22.11303],[87.77334,22.11537],[87.76954,22.11449],[87.7689,22.11578],[87.76903,22.12178],[87.76706,22.12153],[87.76549,22.12295],[87.76435,22.12333],[87.76434,22.12478],[87.76521,22.12723],[87.7669,22.12852],[87.76692,22.12921],[87.76641,22.12915],[87.7642,22.13146],[87.76435,22.13363],[87.76565,22.13733],[87.76466,22.13758],[87.76396,22.1388],[87.76414,22.141],[87.76541,22.14432],[87.76045,22.14463],[87.76672,22.1529],[87.76622,22.16093],[87.76674,22.16769],[87.77074,22.16654],[87.77438,22.16649],[87.77955,22.16414],[87.78076,22.16414],[87.78689,22.16584],[87.79378,22.16621],[87.79875,22.16821],[87.80256,22.16736],[87.80525,22.16571],[87.80813,22.16784],[87.81062,22.16868],[87.81301,22.16785],[87.81382,22.1666],[87.81538,22.16064],[87.81593,22.1594],[87.81667,22.15933],[87.8228,22.16409],[87.82568,22.16473],[87.82711,22.16266],[87.82576,22.1574],[87.82525,22.15689],[87.82292,22.15656],[87.82281,22.1489],[87.82105,22.148],[87.81978,22.1463],[87.81959,22.14504],[87.8157,22.14518],[87.81482,22.1446],[87.81076,22.14538],[87.80087,22.13778],[87.79978,22.13523],[87.79974,22.13125],[87.79902,22.13083],[87.79878,22.1297],[87.79995,22.12648],[87.80008,22.12326],[87.80435,22.12217],[87.80476,22.12139],[87.80348,22.11989],[87.80033,22.11899],[87.80139,22.11762],[87.79881,22.11341],[87.79723,22.11205],[87.79632,22.11225],[87.79381,22.111],[87.79371,22.10935],[87.79174,22.11068],[87.79057,22.11074],[87.78645,22.10746],[87.78675,22.11552],[87.7843,22.11551],[87.78044,22.11422]]]}},{"type":"Feature","bbox":[87.63856,21.77165,87.69259,21.83905],"properties":{"kind":"gp","gp":"Haipur","block":"Contai-I","lgd":110033},"geometry":{"type":"Polygon","coordinates":[[[87.6605,21.78],[87.65728,21.78111],[87.65603,21.78012],[87.65523,21.78064],[87.6552,21.78144],[87.65384,21.78166],[87.65142,21.78127],[87.65138,21.78193],[87.65076,21.78196],[87.65091,21.78262],[87.6497,21.78298],[87.64689,21.78936],[87.64146,21.79325],[87.64074,21.79726],[87.64215,21.79976],[87.64243,21.80245],[87.6396,21.80296],[87.63856,21.80217],[87.63887,21.80528],[87.6428,21.81314],[87.64871,21.81534],[87.65065,21.81807],[87.65425,21.82038],[87.65703,21.8186],[87.65886,21.8182],[87.66173,21.8186],[87.66317,21.81764],[87.66374,21.81799],[87.66495,21.82255],[87.66626,21.82531],[87.66816,21.82499],[87.66823,21.82582],[87.66983,21.82751],[87.66993,21.82883],[87.67062,21.82877],[87.67134,21.82979],[87.6707,21.83261],[87.67206,21.83369],[87.67234,21.83845],[87.67317,21.83905],[87.67446,21.83836],[87.67616,21.83616],[87.68013,21.83589],[87.68489,21.8345],[87.68667,21.83348],[87.68783,21.83073],[87.6863,21.82914],[87.68594,21.82632],[87.68676,21.82517],[87.68721,21.82277],[87.69171,21.81941],[87.69259,21.81767],[87.69224,21.81425],[87.69175,21.81223],[87.69031,21.80998],[87.68971,21.81005],[87.68934,21.80931],[87.69052,21.80719],[87.68877,21.80663],[87.6881,21.80541],[87.68153,21.80004],[87.6811,21.79911],[87.67976,21.79842],[87.67952,21.79729],[87.68195,21.79682],[87.6825,21.7958],[87.68168,21.79334],[87.68466,21.79319],[87.68383,21.79103],[87.68467,21.79066],[87.68504,21.78767],[87.68477,21.78695],[87.6821,21.78701],[87.68206,21.78589],[87.68022,21.78456],[87.68057,21.78355],[87.67998,21.78197],[87.67905,21.78209],[87.67805,21.78121],[87.67723,21.77271],[87.67508,21.77201],[87.67088,21.77165],[87.66929,21.77466],[87.6691,21.77926],[87.6674,21.77967],[87.66739,21.77887],[87.66624,21.77867],[87.66627,21.77925],[87.66509,21.77913],[87.66489,21.77977],[87.66375,21.78045],[87.66288,21.78034],[87.66256,21.77889],[87.6618,21.77868],[87.6604,21.77953],[87.6605,21.78]],[[87.64883,21.79412],[87.64874,21.7953],[87.64937,21.79692],[87.64864,21.79787],[87.64906,21.79913],[87.64561,21.79941],[87.64485,21.79784],[87.6433,21.79681],[87.64314,21.79547],[87.64883,21.79412]],[[87.67963,21.80809],[87.67989,21.81089],[87.67854,21.81138],[87.67786,21.81233],[87.67617,21.81089],[87.67595,21.80987],[87.67463,21.80823],[87.6774,21.80672],[87.67883,21.80691],[87.67963,21.80809]]]}},{"type":"Feature","bbox":[87.49985,21.67509,87.5463,21.70496],"properties":{"kind":"gp","gp":"Haldia-I","block":"Ramnagar-I","lgd":110182},"geometry":{"type":"Polygon","coordinates":[[[87.51588,21.68066],[87.51311,21.68074],[87.51382,21.68485],[87.5109,21.68651],[87.50814,21.68665],[87.50758,21.68862],[87.50363,21.68836],[87.50335,21.68925],[87.5001,21.68923],[87.49985,21.69326],[87.50055,21.6947],[87.50023,21.69583],[87.50058,21.6982],[87.50498,21.69836],[87.50586,21.70073],[87.50562,21.70368],[87.50629,21.70469],[87.51005,21.70496],[87.51148,21.70453],[87.51086,21.69933],[87.51134,21.69911],[87.51726,21.69946],[87.51878,21.69976],[87.52041,21.7009],[87.52187,21.70099],[87.52626,21.70008],[87.53553,21.69991],[87.53499,21.6978],[87.5353,21.69722],[87.53734,21.69746],[87.53779,21.69799],[87.53769,21.69994],[87.53966,21.69991],[87.53993,21.69436],[87.54374,21.69352],[87.54523,21.69369],[87.5463,21.68997],[87.54625,21.68529],[87.54451,21.68521],[87.53999,21.68643],[87.53936,21.68619],[87.53859,21.68675],[87.53723,21.68685],[87.5363,21.6889],[87.5343,21.68861],[87.53368,21.68772],[87.53301,21.68775],[87.53304,21.68338],[87.52715,21.68165],[87.52095,21.68111],[87.52054,21.67986],[87.5209,21.67702],[87.51904,21.6759],[87.51785,21.6759],[87.51611,21.67509],[87.51543,21.67912],[87.51588,21.67941],[87.51588,21.68066]]]}},{"type":"Feature","bbox":[87.46673,21.67017,87.51611,21.69583],"properties":{"kind":"gp","gp":"Haldia-Ii","block":"Ramnagar-I","lgd":110183},"geometry":{"type":"Polygon","coordinates":[[[87.48772,21.67148],[87.48856,21.67244],[87.48839,21.67308],[87.48782,21.67379],[87.48605,21.67341],[87.48513,21.67399],[87.48422,21.67788],[87.48346,21.67808],[87.48043,21.67777],[87.47534,21.67634],[87.4755,21.67508],[87.46686,21.67262],[87.46673,21.67857],[87.46945,21.67873],[87.46945,21.68193],[87.46872,21.68219],[87.46861,21.68309],[87.46886,21.68355],[87.47111,21.68401],[87.47084,21.68858],[87.46975,21.68867],[87.46959,21.68935],[87.47095,21.68971],[87.47102,21.69059],[87.47198,21.69065],[87.47162,21.69274],[87.47374,21.69279],[87.47716,21.6937],[87.47983,21.69241],[87.48225,21.69308],[87.48373,21.6894],[87.48529,21.68948],[87.48545,21.69154],[87.48647,21.69162],[87.48767,21.69254],[87.4871,21.69327],[87.48765,21.69353],[87.48789,21.69446],[87.48945,21.69518],[87.49053,21.69527],[87.49056,21.69466],[87.49204,21.69395],[87.4927,21.69291],[87.49487,21.69177],[87.49731,21.69512],[87.50023,21.69583],[87.50055,21.6947],[87.49985,21.69326],[87.5001,21.68923],[87.50335,21.68925],[87.50363,21.68836],[87.50758,21.68862],[87.50814,21.68665],[87.5109,21.68651],[87.51382,21.68485],[87.51311,21.68074],[87.51588,21.68066],[87.51588,21.67941],[87.51543,21.67912],[87.51611,21.67509],[87.51499,21.67447],[87.51389,21.67437],[87.51319,21.67508],[87.51294,21.67465],[87.50988,21.67432],[87.50984,21.67294],[87.49941,21.67109],[87.49864,21.67189],[87.49499,21.67144],[87.49451,21.67062],[87.49313,21.67017],[87.48827,21.67048],[87.48772,21.67148]]]}},{"type":"Feature","bbox":[87.85763,21.86705,87.92444,21.93033],"properties":{"kind":"gp","gp":"Haludbari","block":"Khejuri-II","lgd":110082},"geometry":{"type":"Polygon","coordinates":[[[87.91023,21.8934],[87.91212,21.89325],[87.91494,21.89208],[87.91527,21.88891],[87.9201,21.88713],[87.92145,21.88558],[87.92108,21.8817],[87.92405,21.88048],[87.92444,21.87945],[87.92148,21.87934],[87.91742,21.87828],[87.91443,21.87664],[87.91319,21.87683],[87.90961,21.8741],[87.9063,21.87423],[87.90649,21.87362],[87.90421,21.873],[87.89861,21.87331],[87.89543,21.87484],[87.89139,21.87602],[87.88699,21.87602],[87.88142,21.87369],[87.87696,21.87003],[87.87542,21.86933],[87.87364,21.86734],[87.87047,21.868],[87.86652,21.86705],[87.86438,21.86711],[87.86215,21.86784],[87.85881,21.8704],[87.85763,21.87407],[87.85885,21.87417],[87.85985,21.87719],[87.8626,21.88197],[87.86285,21.88411],[87.86137,21.8882],[87.86339,21.89576],[87.86596,21.89925],[87.86568,21.90054],[87.86416,21.90117],[87.86398,21.90205],[87.86182,21.90271],[87.8614,21.90365],[87.86249,21.90635],[87.86059,21.90769],[87.86067,21.91146],[87.86148,21.91395],[87.86529,21.91403],[87.86969,21.91662],[87.87362,21.91726],[87.87471,21.91947],[87.87484,21.92369],[87.87869,21.92464],[87.87864,21.92623],[87.87772,21.92844],[87.87802,21.92977],[87.88168,21.93033],[87.88486,21.92873],[87.88595,21.92736],[87.88807,21.92669],[87.88967,21.92535],[87.89152,21.92511],[87.89389,21.92366],[87.89746,21.9224],[87.89753,21.92404],[87.89817,21.92527],[87.9001,21.925],[87.90144,21.9244],[87.90593,21.92016],[87.90545,21.91925],[87.90453,21.91907],[87.9046,21.91778],[87.9039,21.917],[87.9044,21.91624],[87.90412,21.91482],[87.90201,21.90979],[87.90088,21.9037],[87.90462,21.90384],[87.90766,21.90281],[87.90755,21.89957],[87.90842,21.89809],[87.90881,21.89582],[87.90997,21.8946],[87.91023,21.8934]]]}},{"type":"Feature","bbox":[87.7477,21.91654,87.8097,21.97871],"properties":{"kind":"gp","gp":"Haria","block":"Khejuri-I","lgd":110076},"geometry":{"type":"Polygon","coordinates":[[[87.7812,21.9255],[87.78114,21.92453],[87.78222,21.92368],[87.7812,21.92143],[87.78134,21.9179],[87.77662,21.91654],[87.77432,21.91876],[87.76981,21.9194],[87.76622,21.92122],[87.76257,21.91943],[87.7615,21.91989],[87.76038,21.92386],[87.75731,21.92518],[87.75715,21.92595],[87.75863,21.92902],[87.75814,21.92987],[87.75429,21.93152],[87.75426,21.93292],[87.75602,21.93627],[87.75582,21.93727],[87.7538,21.93849],[87.75256,21.9412],[87.75392,21.9465],[87.7527,21.9479],[87.75095,21.94863],[87.74996,21.94961],[87.74975,21.95126],[87.74781,21.95392],[87.7477,21.96727],[87.7517,21.96741],[87.75266,21.96666],[87.75268,21.9655],[87.75333,21.9654],[87.757,21.96679],[87.76015,21.96662],[87.76109,21.96734],[87.76116,21.96947],[87.76168,21.9698],[87.76259,21.97255],[87.76292,21.97294],[87.76396,21.97289],[87.76451,21.9763],[87.76556,21.97625],[87.76564,21.97677],[87.76956,21.97622],[87.76959,21.97674],[87.77248,21.97647],[87.7725,21.97688],[87.77383,21.97664],[87.77803,21.97437],[87.77978,21.9744],[87.78728,21.97698],[87.78884,21.97871],[87.79194,21.97782],[87.79392,21.97557],[87.79528,21.97501],[87.79703,21.975],[87.7982,21.97432],[87.79928,21.97194],[87.80073,21.97028],[87.80464,21.96801],[87.80589,21.96795],[87.80777,21.96956],[87.8097,21.97005],[87.80792,21.95839],[87.80818,21.95067],[87.80745,21.95035],[87.80705,21.94931],[87.80195,21.94807],[87.79692,21.94911],[87.79314,21.95063],[87.79008,21.94996],[87.79098,21.94885],[87.78996,21.94789],[87.78877,21.94426],[87.78854,21.94178],[87.78619,21.93554],[87.78317,21.92955],[87.78241,21.92904],[87.78268,21.92731],[87.7812,21.9255]],[[87.78875,21.95621],[87.79132,21.95597],[87.79272,21.96083],[87.78939,21.96232],[87.7877,21.95804],[87.78875,21.95621]]]}},{"type":"Feature","bbox":[87.91939,22.00129,87.96269,22.04315],"properties":{"kind":"gp","gp":"Haripur","block":"Nandigram-I","lgd":110135},"geometry":{"type":"Polygon","coordinates":[[[87.9574,22.01432],[87.95513,22.01284],[87.95564,22.0112],[87.95626,22.01121],[87.95661,22.01008],[87.95639,22.00859],[87.95545,22.00742],[87.95594,22.00528],[87.95406,22.00469],[87.95508,22.00334],[87.95436,22.00239],[87.95069,22.00231],[87.95074,22.00173],[87.94933,22.00154],[87.94756,22.00188],[87.94734,22.00297],[87.9463,22.00341],[87.94496,22.00501],[87.94379,22.00419],[87.94363,22.00339],[87.94233,22.00293],[87.94243,22.00204],[87.94141,22.00129],[87.9397,22.00169],[87.93825,22.0036],[87.93789,22.00638],[87.9366,22.00687],[87.93677,22.0077],[87.93468,22.00729],[87.92866,22.00794],[87.92662,22.00654],[87.92566,22.00747],[87.91939,22.00499],[87.92203,22.00812],[87.92251,22.00963],[87.92246,22.01463],[87.92326,22.01737],[87.9233,22.02034],[87.92423,22.02206],[87.92416,22.02417],[87.92443,22.02525],[87.92565,22.02641],[87.9275,22.02984],[87.92744,22.03229],[87.92677,22.03418],[87.92752,22.03694],[87.92602,22.03866],[87.92582,22.0401],[87.92641,22.03973],[87.92687,22.04062],[87.92659,22.04125],[87.93035,22.04029],[87.93205,22.03859],[87.93199,22.03758],[87.93327,22.03694],[87.93314,22.03779],[87.93392,22.03779],[87.93567,22.03682],[87.93655,22.03914],[87.94031,22.03872],[87.9409,22.04105],[87.94166,22.04139],[87.94275,22.04315],[87.94426,22.04017],[87.94653,22.03886],[87.94657,22.03813],[87.94859,22.03766],[87.94822,22.03408],[87.94888,22.03412],[87.94879,22.03205],[87.95053,22.03154],[87.95008,22.03043],[87.95718,22.02966],[87.95785,22.02924],[87.95819,22.02734],[87.95916,22.02771],[87.95966,22.02853],[87.96269,22.0276],[87.9623,22.02478],[87.96116,22.02481],[87.96082,22.02333],[87.96179,22.02228],[87.96183,22.02159],[87.95965,22.02168],[87.9592,22.02033],[87.95999,22.01982],[87.95926,22.01937],[87.95928,22.01879],[87.95847,22.01849],[87.95849,22.0166],[87.95785,22.01637],[87.9574,22.01432]]]}},{"type":"Feature","bbox":[87.64388,22.32331,87.71054,22.37296],"properties":{"kind":"gp","gp":"Haur","block":"Panskura-I","lgd":110153},"geometry":{"type":"Polygon","coordinates":[[[87.68857,22.32581],[87.68212,22.3256],[87.67773,22.3245],[87.67529,22.32484],[87.67374,22.32644],[87.67324,22.32783],[87.67357,22.32905],[87.67291,22.32938],[87.67135,22.32713],[87.66804,22.32753],[87.66729,22.32533],[87.66547,22.32367],[87.66429,22.32331],[87.6639,22.32407],[87.66433,22.32651],[87.66348,22.32919],[87.66543,22.33081],[87.66535,22.33121],[87.65993,22.33074],[87.65658,22.33196],[87.65517,22.33154],[87.6541,22.32839],[87.65158,22.32685],[87.65101,22.32551],[87.64921,22.32603],[87.64711,22.3253],[87.6471,22.3298],[87.6501,22.33124],[87.64929,22.33269],[87.64844,22.33281],[87.64646,22.33167],[87.64546,22.33183],[87.64422,22.33286],[87.64431,22.33367],[87.64592,22.33537],[87.64627,22.3369],[87.64443,22.34038],[87.64388,22.34442],[87.64393,22.34555],[87.64547,22.34855],[87.64503,22.35878],[87.64612,22.36251],[87.64467,22.36291],[87.64431,22.36354],[87.6479,22.3674],[87.64856,22.37177],[87.65242,22.37175],[87.65773,22.37296],[87.65839,22.37275],[87.65855,22.37134],[87.66042,22.3703],[87.66101,22.36888],[87.66236,22.36823],[87.66497,22.36824],[87.6657,22.36687],[87.66829,22.36645],[87.66917,22.36672],[87.66949,22.36872],[87.67045,22.36852],[87.67058,22.36728],[87.67519,22.36666],[87.6782,22.36505],[87.6791,22.3653],[87.68105,22.36484],[87.6813,22.36541],[87.68214,22.36553],[87.68566,22.36545],[87.6858,22.36642],[87.68691,22.36762],[87.68779,22.3671],[87.69176,22.36803],[87.69256,22.36781],[87.69251,22.37053],[87.69301,22.37111],[87.69537,22.37026],[87.69516,22.36935],[87.69639,22.36892],[87.6968,22.36781],[87.69902,22.36784],[87.69991,22.36692],[87.70182,22.36711],[87.70251,22.3655],[87.7034,22.36552],[87.70441,22.3663],[87.70555,22.36607],[87.70527,22.3645],[87.70403,22.36466],[87.70329,22.36405],[87.70291,22.35899],[87.70357,22.35859],[87.70355,22.3565],[87.70399,22.35589],[87.70765,22.35857],[87.70956,22.35806],[87.70891,22.35633],[87.70957,22.35614],[87.71009,22.35658],[87.71043,22.35561],[87.70941,22.35214],[87.71041,22.34871],[87.70748,22.34769],[87.70745,22.34607],[87.70561,22.34313],[87.70617,22.34074],[87.70571,22.33784],[87.70616,22.3352],[87.70693,22.33446],[87.70774,22.33497],[87.70816,22.33405],[87.70692,22.33222],[87.70799,22.32945],[87.70921,22.32885],[87.70968,22.32698],[87.71054,22.32672],[87.7098,22.32487],[87.70679,22.32595],[87.70591,22.32794],[87.69913,22.32933],[87.69833,22.32926],[87.6952,22.3269],[87.69099,22.32711],[87.68857,22.32581]]]}},{"type":"Feature","bbox":[88.13014,22.1105,88.17722,22.14624],"properties":{"kind":"gp","gp":"Horkhali","block":"Sutahata","lgd":110209},"geometry":{"type":"Polygon","coordinates":[[[88.14099,22.11751],[88.14004,22.11915],[88.13153,22.12178],[88.13141,22.12318],[88.13088,22.12334],[88.13014,22.12554],[88.13147,22.12535],[88.13235,22.12749],[88.13209,22.12837],[88.13301,22.12948],[88.13393,22.12961],[88.13482,22.13115],[88.13438,22.13316],[88.1348,22.13323],[88.13572,22.13532],[88.13904,22.13585],[88.13996,22.13759],[88.14121,22.13736],[88.14184,22.1378],[88.14973,22.13879],[88.15211,22.14066],[88.15075,22.14483],[88.1565,22.14564],[88.15774,22.14624],[88.15924,22.14504],[88.15841,22.14402],[88.15873,22.14344],[88.15719,22.14178],[88.15998,22.14074],[88.1613,22.13851],[88.16215,22.13663],[88.16246,22.13234],[88.16029,22.13247],[88.1578,22.13086],[88.15716,22.13155],[88.15658,22.13148],[88.15592,22.13001],[88.15468,22.13],[88.15461,22.12965],[88.15332,22.1299],[88.1534,22.13129],[88.15086,22.13198],[88.15076,22.12961],[88.15117,22.1293],[88.15077,22.12359],[88.15302,22.12356],[88.15511,22.12274],[88.15702,22.1212],[88.15717,22.12035],[88.16334,22.12074],[88.16284,22.12209],[88.15847,22.12303],[88.15886,22.12502],[88.1606,22.12562],[88.16061,22.12837],[88.16136,22.12948],[88.16271,22.12978],[88.16379,22.12801],[88.16529,22.12872],[88.16497,22.12969],[88.17102,22.12873],[88.17472,22.12069],[88.17722,22.11365],[88.17422,22.11323],[88.1731,22.11399],[88.17162,22.11159],[88.17016,22.1105],[88.1693,22.1106],[88.16912,22.11151],[88.16988,22.11352],[88.16963,22.11519],[88.167,22.11836],[88.16502,22.11914],[88.16296,22.1179],[88.15732,22.11678],[88.15626,22.11321],[88.15205,22.11343],[88.15244,22.11652],[88.15238,22.1174],[88.15176,22.11767],[88.14652,22.11695],[88.14495,22.11766],[88.14172,22.11789],[88.14099,22.11751]]]}},{"type":"Feature","bbox":[87.80367,22.08186,87.8588,22.12068],"properties":{"kind":"gp","gp":"Iswarpur","block":"Chandipur","lgd":110026},"geometry":{"type":"Polygon","coordinates":[[[87.81623,22.0872],[87.81085,22.08552],[87.80825,22.08283],[87.80786,22.08323],[87.80659,22.08234],[87.80472,22.08186],[87.8048,22.08427],[87.8062,22.08575],[87.80771,22.08907],[87.8067,22.09031],[87.80403,22.09039],[87.80575,22.09961],[87.80367,22.10689],[87.80454,22.11357],[87.81097,22.1129],[87.8126,22.11148],[87.81257,22.11041],[87.81546,22.10896],[87.81849,22.11098],[87.81923,22.11078],[87.82557,22.1123],[87.82687,22.1129],[87.82822,22.11437],[87.82884,22.11362],[87.83173,22.11347],[87.83274,22.11286],[87.83334,22.11293],[87.83327,22.11384],[87.84001,22.113],[87.84282,22.11448],[87.84388,22.11879],[87.84594,22.11934],[87.84722,22.12039],[87.8482,22.12043],[87.85232,22.11892],[87.85258,22.12031],[87.8547,22.12068],[87.85417,22.11843],[87.85603,22.11197],[87.85843,22.11181],[87.8588,22.11031],[87.85823,22.1085],[87.85765,22.1086],[87.85706,22.10687],[87.85614,22.10562],[87.85547,22.10561],[87.85435,22.10283],[87.85353,22.09796],[87.85424,22.09156],[87.85192,22.09158],[87.84873,22.09018],[87.84505,22.09026],[87.84317,22.09215],[87.83975,22.09187],[87.83727,22.09055],[87.83524,22.08772],[87.83294,22.08669],[87.82881,22.08681],[87.82835,22.08736],[87.82575,22.08789],[87.82192,22.08753],[87.8191,22.08836],[87.81681,22.08776],[87.81623,22.0872]]]}},{"type":"Feature","bbox":[87.64871,21.99503,87.70047,22.06335],"properties":{"kind":"gp","gp":"Itaberia","block":"Bhagawanpur-II","lgd":110017},"geometry":{"type":"Polygon","coordinates":[[[87.65615,22.0086],[87.65471,22.00878],[87.65467,22.01248],[87.65256,22.01235],[87.65233,22.01411],[87.65374,22.01424],[87.65483,22.01522],[87.65662,22.01551],[87.65748,22.01746],[87.65716,22.02025],[87.65488,22.02324],[87.65448,22.02535],[87.6555,22.02685],[87.65714,22.02694],[87.65756,22.02772],[87.65739,22.02873],[87.65504,22.0309],[87.65495,22.03188],[87.65371,22.03351],[87.65341,22.03493],[87.65427,22.03683],[87.65347,22.03917],[87.65124,22.03973],[87.64926,22.04086],[87.64995,22.04332],[87.64871,22.04463],[87.64918,22.04523],[87.64979,22.04547],[87.65577,22.04416],[87.65636,22.0501],[87.65922,22.04882],[87.66126,22.04941],[87.66714,22.04941],[87.6678,22.05008],[87.66799,22.05128],[87.66739,22.05462],[87.66809,22.05578],[87.67085,22.05789],[87.67273,22.05748],[87.6763,22.05838],[87.67676,22.05724],[87.68316,22.05616],[87.68546,22.05739],[87.68563,22.05964],[87.68489,22.05965],[87.68484,22.06179],[87.68552,22.06092],[87.68659,22.05623],[87.68806,22.06083],[87.68891,22.0605],[87.6935,22.0627],[87.69391,22.0609],[87.69667,22.06171],[87.69731,22.06296],[87.69935,22.06335],[87.7003,22.06277],[87.7,22.06141],[87.70034,22.06005],[87.69987,22.05852],[87.70047,22.05654],[87.6989,22.05378],[87.69782,22.05289],[87.69311,22.04576],[87.68976,22.04479],[87.69087,22.04385],[87.69426,22.03829],[87.69594,22.03751],[87.69508,22.03576],[87.6948,22.03366],[87.69163,22.03458],[87.69034,22.03415],[87.68793,22.02686],[87.685,22.0275],[87.68182,22.02717],[87.68011,22.0285],[87.67888,22.02825],[87.67844,22.0261],[87.67512,22.02482],[87.67163,22.02462],[87.67168,22.02203],[87.67363,22.02132],[87.67414,22.02056],[87.67418,22.01848],[87.67484,22.0183],[87.67456,22.01497],[87.67356,22.01156],[87.6767,22.00961],[87.67609,22.00477],[87.67512,22.00151],[87.67558,22.00037],[87.67847,22.00076],[87.6781,21.9953],[87.67503,21.99503],[87.67261,21.99921],[87.66384,22.00005],[87.66155,22.00257],[87.66141,22.00597],[87.65709,22.00692],[87.65634,22.00738],[87.65615,22.0086]]]}},{"type":"Feature","bbox":[87.91089,22.09781,87.99962,22.15921],"properties":{"kind":"gp","gp":"Itamogra-Ii","block":"Mahishadal","lgd":110103},"geometry":{"type":"Polygon","coordinates":[[[87.92798,22.15198],[87.92849,22.14961],[87.93002,22.14866],[87.93019,22.14957],[87.93153,22.14947],[87.93116,22.14816],[87.93054,22.14796],[87.9306,22.14693],[87.92998,22.14682],[87.92905,22.14497],[87.92925,22.14412],[87.93032,22.14357],[87.92991,22.14287],[87.93088,22.14144],[87.92978,22.14073],[87.92994,22.14001],[87.93133,22.13883],[87.93045,22.13305],[87.93418,22.13214],[87.93639,22.13448],[87.9367,22.1334],[87.93624,22.13131],[87.93767,22.13142],[87.93771,22.12926],[87.93948,22.12841],[87.94076,22.12936],[87.94179,22.13169],[87.94447,22.13042],[87.94585,22.13046],[87.94732,22.13118],[87.94831,22.13083],[87.94929,22.13021],[87.94945,22.12599],[87.95,22.12506],[87.95207,22.12509],[87.95281,22.12316],[87.95556,22.12158],[87.95588,22.12221],[87.95722,22.12286],[87.95703,22.12442],[87.95828,22.12485],[87.95877,22.12634],[87.96029,22.12743],[87.96387,22.13344],[87.96411,22.13483],[87.96704,22.1349],[87.96832,22.13449],[87.97008,22.13531],[87.9721,22.13285],[87.97573,22.13095],[87.97515,22.13477],[87.97549,22.13585],[87.97598,22.13575],[87.97593,22.13234],[87.97643,22.13254],[87.97635,22.13643],[87.97508,22.1371],[87.97557,22.13776],[87.97636,22.13738],[87.97594,22.1442],[87.97525,22.14424],[87.97525,22.14295],[87.97296,22.14402],[87.97366,22.14887],[87.97532,22.15154],[87.97512,22.15485],[87.9761,22.15631],[87.978,22.15617],[87.97859,22.15516],[87.97782,22.15243],[87.97798,22.14992],[87.97948,22.14912],[87.98181,22.14481],[87.98389,22.14485],[87.98431,22.14634],[87.98508,22.1463],[87.98593,22.14497],[87.98637,22.14516],[87.98738,22.14908],[87.98808,22.14919],[87.99031,22.14847],[87.99062,22.14755],[87.99141,22.14773],[87.99291,22.14708],[87.9935,22.14804],[87.99427,22.14804],[87.99521,22.14473],[87.99856,22.14367],[87.99822,22.14202],[87.99962,22.14113],[87.99827,22.13237],[87.99731,22.13193],[87.98889,22.1323],[87.98853,22.13124],[87.98636,22.12965],[87.98628,22.12902],[87.98409,22.12696],[87.9831,22.12657],[87.98306,22.12518],[87.98364,22.12517],[87.98344,22.12403],[87.98135,22.12348],[87.98163,22.12191],[87.98268,22.12211],[87.98265,22.1214],[87.98205,22.12092],[87.983,22.12058],[87.98236,22.11953],[87.98203,22.12021],[87.97959,22.1207],[87.9796,22.11896],[87.98128,22.11882],[87.98175,22.11683],[87.97965,22.11623],[87.97942,22.11545],[87.97867,22.11509],[87.97805,22.10791],[87.97505,22.10801],[87.97286,22.10716],[87.96311,22.09883],[87.9601,22.09821],[87.95843,22.09833],[87.95823,22.09781],[87.95534,22.09976],[87.95229,22.10275],[87.94911,22.10608],[87.94792,22.10799],[87.93646,22.11717],[87.92996,22.12101],[87.92059,22.12543],[87.91593,22.12729],[87.91089,22.12847],[87.91229,22.13375],[87.91241,22.13994],[87.91624,22.15068],[87.91623,22.15196],[87.91882,22.1585],[87.92041,22.15921],[87.91918,22.14958],[87.9197,22.14811],[87.92129,22.14617],[87.92219,22.14616],[87.92177,22.14871],[87.92321,22.14753],[87.92644,22.15134],[87.92751,22.15227],[87.92798,22.15198]]]}},{"type":"Feature","bbox":[87.79878,22.12648,87.86863,22.16493],"properties":{"kind":"gp","gp":"Jalpai","block":"Chandipur","lgd":110027},"geometry":{"type":"Polygon","coordinates":[[[87.81595,22.12904],[87.80953,22.1285],[87.80963,22.1268],[87.80688,22.12757],[87.80413,22.12771],[87.80395,22.12827],[87.80125,22.12815],[87.80151,22.12713],[87.79995,22.12648],[87.79878,22.1297],[87.79902,22.13083],[87.79974,22.13125],[87.79978,22.13523],[87.80142,22.13849],[87.81076,22.14538],[87.81482,22.1446],[87.8157,22.14518],[87.81959,22.14504],[87.81978,22.1463],[87.82105,22.148],[87.82281,22.1489],[87.82292,22.15656],[87.82525,22.15689],[87.82576,22.1574],[87.82711,22.16266],[87.82568,22.16473],[87.82471,22.16473],[87.82583,22.16493],[87.82962,22.16327],[87.83409,22.16251],[87.84342,22.16216],[87.84848,22.16369],[87.85027,22.16352],[87.85165,22.16292],[87.85564,22.15965],[87.86301,22.15668],[87.86477,22.15546],[87.86863,22.15012],[87.86479,22.1468],[87.86097,22.14123],[87.86033,22.1391],[87.85899,22.13941],[87.85769,22.13691],[87.85595,22.13536],[87.8535,22.13094],[87.85276,22.13131],[87.85337,22.13225],[87.85353,22.1339],[87.85277,22.13436],[87.85146,22.13415],[87.85236,22.13217],[87.85223,22.13137],[87.85131,22.13112],[87.84838,22.13186],[87.84474,22.13078],[87.8416,22.12979],[87.83985,22.1276],[87.83848,22.12791],[87.83788,22.1297],[87.83416,22.13064],[87.83168,22.12813],[87.82894,22.12977],[87.8166,22.12806],[87.81588,22.12836],[87.81595,22.12904]],[[87.8282,22.1486],[87.83259,22.1483],[87.83383,22.15143],[87.83448,22.15484],[87.83123,22.15547],[87.8308,22.15645],[87.83045,22.15639],[87.8282,22.1486]]]}},{"type":"Feature","bbox":[87.87364,21.83904,87.95022,21.87962],"properties":{"kind":"gp","gp":"Janka","block":"Khejuri-II","lgd":110083},"geometry":{"type":"Polygon","coordinates":[[[87.91812,21.84521],[87.91705,21.84602],[87.91316,21.84607],[87.91241,21.84521],[87.91243,21.84406],[87.91325,21.84336],[87.91088,21.8431],[87.91046,21.84237],[87.90994,21.84242],[87.90963,21.84316],[87.90862,21.84337],[87.90867,21.84477],[87.90287,21.84516],[87.90217,21.84169],[87.90099,21.84229],[87.89487,21.84161],[87.89054,21.84208],[87.89063,21.84089],[87.88903,21.8408],[87.88839,21.83984],[87.88717,21.83999],[87.88672,21.83947],[87.88354,21.83904],[87.8816,21.83928],[87.88125,21.8407],[87.87911,21.84114],[87.87889,21.84202],[87.8782,21.84228],[87.87689,21.84175],[87.87407,21.84183],[87.87497,21.85116],[87.87841,21.86035],[87.87852,21.86302],[87.87787,21.86482],[87.87633,21.86619],[87.87364,21.86734],[87.87542,21.86933],[87.87696,21.87003],[87.88142,21.87369],[87.88699,21.87602],[87.89139,21.87602],[87.89543,21.87484],[87.89861,21.87331],[87.90421,21.873],[87.90649,21.87362],[87.9063,21.87423],[87.90961,21.8741],[87.91319,21.87683],[87.91443,21.87664],[87.91742,21.87828],[87.92148,21.87934],[87.92444,21.87945],[87.9247,21.87889],[87.92592,21.87886],[87.93414,21.87962],[87.93401,21.87683],[87.93515,21.87659],[87.9333,21.87369],[87.93642,21.8698],[87.93749,21.86677],[87.94098,21.8671],[87.9417,21.86658],[87.94157,21.86608],[87.93979,21.86644],[87.93901,21.86507],[87.93906,21.8638],[87.93974,21.86335],[87.93969,21.86184],[87.94168,21.86024],[87.94495,21.86064],[87.94819,21.86044],[87.9501,21.85848],[87.95022,21.85613],[87.94945,21.85467],[87.94846,21.85424],[87.94768,21.85302],[87.94357,21.84948],[87.94397,21.84688],[87.94151,21.84652],[87.93964,21.84887],[87.93804,21.84668],[87.9382,21.84524],[87.93968,21.84211],[87.93824,21.84076],[87.93603,21.84046],[87.93587,21.84253],[87.93413,21.84349],[87.93405,21.84482],[87.93533,21.84907],[87.93334,21.84915],[87.93252,21.84985],[87.93166,21.85194],[87.93205,21.85362],[87.93099,21.85368],[87.93013,21.85274],[87.92961,21.85],[87.92871,21.84896],[87.92914,21.84759],[87.92773,21.84599],[87.9257,21.84592],[87.92463,21.84469],[87.92402,21.84478],[87.92428,21.84594],[87.91957,21.84573],[87.91812,21.84521]]]}},{"type":"Feature","bbox":[87.44481,21.78974,87.51871,21.88087],"properties":{"kind":"gp","gp":"Jerthan","block":"Egra-I","lgd":110057},"geometry":{"type":"MultiPolygon","coordinates":[[[[87.44489,21.80052],[87.44548,21.80102],[87.44576,21.80254],[87.44821,21.80194],[87.45268,21.80242],[87.45311,21.80121],[87.45652,21.80091],[87.45647,21.79995],[87.45736,21.79973],[87.45802,21.79472],[87.45896,21.79476],[87.45932,21.79245],[87.45897,21.78984],[87.45644,21.79041],[87.45638,21.79001],[87.45507,21.79021],[87.45298,21.78974],[87.4507,21.79157],[87.44939,21.79168],[87.44942,21.79217],[87.44639,21.79319],[87.44597,21.79766],[87.44481,21.79776],[87.44489,21.80052]]],[[[87.49874,21.8663],[87.49974,21.86683],[87.50019,21.87068],[87.49903,21.87096],[87.50011,21.87543],[87.49988,21.87663],[87.50042,21.87753],[87.50143,21.87801],[87.50206,21.87793],[87.50158,21.87611],[87.50338,21.87386],[87.50452,21.8735],[87.50532,21.87359],[87.50551,21.87556],[87.50594,21.87576],[87.50902,21.87556],[87.5085,21.87501],[87.5091,21.87428],[87.50959,21.87439],[87.51038,21.87501],[87.51047,21.87712],[87.5159,21.87667],[87.51591,21.87878],[87.5167,21.87865],[87.51665,21.87786],[87.51748,21.87783],[87.51761,21.8783],[87.51871,21.87772],[87.51863,21.87702],[87.51661,21.87655],[87.5165,21.87594],[87.51404,21.87584],[87.51224,21.87399],[87.51058,21.87412],[87.50991,21.87292],[87.50968,21.87095],[87.51074,21.87094],[87.51049,21.87043],[87.51151,21.86984],[87.51027,21.86863],[87.50984,21.86612],[87.51138,21.86675],[87.51252,21.86617],[87.51361,21.86471],[87.51334,21.86133],[87.51372,21.86008],[87.5153,21.85999],[87.51562,21.85882],[87.51514,21.8558],[87.51467,21.85502],[87.51421,21.85504],[87.51414,21.8537],[87.51026,21.85295],[87.50979,21.85342],[87.50924,21.85327],[87.50912,21.85251],[87.50971,21.85222],[87.50967,21.85076],[87.50913,21.84993],[87.50985,21.84707],[87.50977,21.84501],[87.50922,21.84486],[87.50862,21.83572],[87.50796,21.8332],[87.50486,21.83309],[87.50481,21.83141],[87.50416,21.83127],[87.49726,21.83218],[87.49613,21.83356],[87.49299,21.83407],[87.49144,21.8341],[87.49073,21.83211],[87.48595,21.8331],[87.48317,21.8332],[87.48021,21.83418],[87.47602,21.83407],[87.47526,21.83456],[87.47419,21.83443],[87.47418,21.83492],[87.46854,21.83581],[87.46905,21.83714],[87.46849,21.8373],[87.46802,21.8383],[87.4664,21.83899],[87.46079,21.83914],[87.45899,21.84006],[87.45866,21.83951],[87.45554,21.83966],[87.45482,21.84172],[87.45305,21.84379],[87.45207,21.84445],[87.45075,21.8443],[87.45046,21.84482],[87.45124,21.84538],[87.45651,21.84531],[87.45617,21.85101],[87.45678,21.85398],[87.45463,21.85541],[87.45432,21.85652],[87.45549,21.85741],[87.45521,21.86019],[87.45708,21.86104],[87.45678,21.86201],[87.45744,21.86453],[87.45636,21.86755],[87.45601,21.87016],[87.45601,21.87308],[87.45684,21.8735],[87.45609,21.87635],[87.45848,21.87659],[87.4598,21.87722],[87.45944,21.8783],[87.46083,21.87875],[87.46187,21.87711],[87.46278,21.87733],[87.46294,21.8786],[87.46473,21.87895],[87.46694,21.8788],[87.46865,21.87779],[87.46911,21.8784],[87.46978,21.87823],[87.47067,21.87991],[87.47223,21.8808],[87.47487,21.88087],[87.47566,21.87951],[87.47568,21.87783],[87.47617,21.87847],[87.47892,21.87702],[87.47959,21.87632],[87.47959,21.87491],[87.48323,21.87398],[87.48337,21.87323],[87.48441,21.87278],[87.4862,21.87282],[87.485,21.86747],[87.4896,21.86746],[87.49874,21.8663]]]]}},{"type":"Feature","bbox":[88.12088,22.07367,88.18246,22.11914],"properties":{"kind":"gp","gp":"Joynagar","block":"Sutahata","lgd":110210},"geometry":{"type":"MultiPolygon","coordinates":[[[[88.15082,22.08771],[88.14995,22.08721],[88.14994,22.08502],[88.14854,22.08264],[88.14789,22.07885],[88.14724,22.07852],[88.14771,22.0776],[88.14689,22.07367],[88.14519,22.07394],[88.14522,22.07544],[88.14171,22.0766],[88.14069,22.07619],[88.13782,22.07696],[88.13575,22.07662],[88.13438,22.07711],[88.13019,22.07582],[88.12962,22.0764],[88.1274,22.07565],[88.12531,22.07571],[88.12426,22.07732],[88.12461,22.0796],[88.12381,22.08049],[88.12175,22.08011],[88.12088,22.08112],[88.12094,22.08419],[88.12191,22.08589],[88.12223,22.08928],[88.12527,22.08878],[88.12837,22.0894],[88.13,22.09027],[88.1305,22.09016],[88.13144,22.08863],[88.13325,22.08835],[88.13618,22.08888],[88.13861,22.09026],[88.13981,22.09219],[88.14116,22.09197],[88.14218,22.09033],[88.15078,22.08943],[88.15082,22.08771]]],[[[88.16911,22.09611],[88.16812,22.09429],[88.16716,22.09397],[88.16661,22.09478],[88.16604,22.09473],[88.16608,22.09395],[88.16232,22.09541],[88.16024,22.09425],[88.15811,22.09419],[88.15615,22.09459],[88.15509,22.09537],[88.15618,22.09672],[88.15338,22.09703],[88.15085,22.09813],[88.1513,22.09875],[88.15115,22.10411],[88.14954,22.10692],[88.14695,22.10858],[88.1483,22.10969],[88.14911,22.11248],[88.15116,22.11226],[88.15205,22.11343],[88.15626,22.11321],[88.15732,22.11678],[88.16296,22.1179],[88.16502,22.11914],[88.167,22.11836],[88.16963,22.11519],[88.16988,22.11352],[88.16912,22.11151],[88.1693,22.1106],[88.17016,22.1105],[88.17162,22.11159],[88.1731,22.11399],[88.17422,22.11323],[88.17722,22.11365],[88.17808,22.11161],[88.18009,22.10964],[88.18246,22.10491],[88.18112,22.10377],[88.18052,22.09958],[88.18012,22.09922],[88.18022,22.09614],[88.17832,22.09548],[88.17024,22.09696],[88.16911,22.09611]]]]}},{"type":"Feature","bbox":[87.72515,21.95555,87.79319,22.01158],"properties":{"kind":"gp","gp":"Jukhia","block":"Bhagawanpur-II","lgd":110018},"geometry":{"type":"Polygon","coordinates":[[[87.72515,21.97026],[87.72609,21.97345],[87.72534,21.97624],[87.72731,21.97952],[87.72971,21.98216],[87.72904,21.98336],[87.73014,21.98517],[87.73023,21.98699],[87.73134,21.98813],[87.73433,21.99449],[87.73604,21.99631],[87.73732,21.99694],[87.73732,21.99803],[87.74022,21.99879],[87.74116,22.00103],[87.74105,22.0025],[87.74217,22.00814],[87.74342,22.00861],[87.74505,22.01158],[87.75106,22.0113],[87.75979,22.00854],[87.76069,22.01054],[87.76586,22.00959],[87.77355,22.00666],[87.78384,22.00655],[87.78427,22.0041],[87.78581,22.00473],[87.78694,22.00405],[87.78873,22.00387],[87.78893,22.00094],[87.78775,21.99786],[87.79055,21.9971],[87.79275,21.99565],[87.7925,21.99373],[87.79162,21.99357],[87.7916,21.9932],[87.79305,21.99228],[87.79312,21.98866],[87.79197,21.98718],[87.79198,21.98592],[87.79319,21.98543],[87.79305,21.98474],[87.79257,21.98424],[87.7908,21.98398],[87.78616,21.98498],[87.78337,21.98506],[87.78304,21.98473],[87.78322,21.98099],[87.78884,21.97871],[87.78834,21.97792],[87.78476,21.97584],[87.77978,21.9744],[87.77803,21.97437],[87.77383,21.97664],[87.7725,21.97688],[87.77248,21.97647],[87.76959,21.97674],[87.76956,21.97622],[87.76564,21.97677],[87.76556,21.97625],[87.76451,21.9763],[87.76396,21.97289],[87.76292,21.97294],[87.76259,21.97255],[87.76168,21.9698],[87.76116,21.96947],[87.76109,21.96734],[87.76015,21.96662],[87.757,21.96679],[87.75333,21.9654],[87.75268,21.9655],[87.75266,21.96666],[87.7517,21.96741],[87.7477,21.96727],[87.74775,21.95555],[87.74105,21.95765],[87.73777,21.95944],[87.73131,21.96394],[87.72617,21.9684],[87.72559,21.96842],[87.72515,21.97026]]]}},{"type":"Feature","bbox":[87.46349,21.72694,87.54415,21.79694],"properties":{"kind":"gp","gp":"Jumki","block":"Egra-I","lgd":110058},"geometry":{"type":"Polygon","coordinates":[[[87.50707,21.73466],[87.50296,21.73195],[87.50173,21.73154],[87.50011,21.7319],[87.49231,21.72805],[87.48909,21.72694],[87.48773,21.73423],[87.4854,21.73792],[87.4862,21.74153],[87.48556,21.74282],[87.48339,21.74282],[87.48299,21.74237],[87.48314,21.74079],[87.48048,21.74003],[87.48089,21.73672],[87.47533,21.73642],[87.47433,21.73755],[87.47332,21.74071],[87.47169,21.7508],[87.47094,21.7528],[87.46498,21.75249],[87.46497,21.75341],[87.46356,21.75458],[87.46349,21.75591],[87.46443,21.75578],[87.46467,21.75629],[87.46423,21.75952],[87.47573,21.76041],[87.47761,21.76111],[87.47837,21.76071],[87.47984,21.76122],[87.48062,21.76303],[87.48296,21.7626],[87.48298,21.76475],[87.48948,21.76517],[87.4914,21.76459],[87.49285,21.76501],[87.49661,21.76407],[87.49879,21.76201],[87.50133,21.77417],[87.4996,21.77421],[87.49991,21.77705],[87.49944,21.77998],[87.50029,21.78038],[87.50075,21.78321],[87.5003,21.78336],[87.50004,21.7847],[87.49332,21.78525],[87.48778,21.78425],[87.48598,21.78451],[87.48585,21.78412],[87.48191,21.78392],[87.48203,21.78246],[87.48099,21.78212],[87.4813,21.78361],[87.48063,21.78443],[87.48071,21.78522],[87.48159,21.78605],[87.48151,21.78786],[87.48756,21.78844],[87.49154,21.78816],[87.49179,21.78995],[87.49383,21.79064],[87.49393,21.79689],[87.49495,21.79694],[87.49778,21.79526],[87.50853,21.7927],[87.51195,21.79262],[87.51723,21.79345],[87.52057,21.7932],[87.52561,21.79171],[87.52634,21.79212],[87.53366,21.7904],[87.53509,21.79284],[87.53505,21.79417],[87.53667,21.79417],[87.53909,21.79299],[87.54353,21.79282],[87.54415,21.7923],[87.54394,21.79086],[87.54333,21.79071],[87.54245,21.78649],[87.53953,21.78039],[87.53699,21.78003],[87.53124,21.78103],[87.53106,21.77721],[87.52889,21.7774],[87.52831,21.77655],[87.52858,21.77407],[87.52985,21.77272],[87.52928,21.77191],[87.53022,21.77195],[87.53,21.77139],[87.53168,21.77051],[87.5314,21.76943],[87.52983,21.76841],[87.52988,21.76789],[87.52384,21.76767],[87.51706,21.76841],[87.51785,21.76647],[87.51765,21.76234],[87.51631,21.76247],[87.51533,21.75644],[87.51213,21.75717],[87.51127,21.75067],[87.51135,21.74366],[87.51396,21.74335],[87.51438,21.74676],[87.51559,21.74732],[87.52006,21.74728],[87.52659,21.74603],[87.5271,21.74517],[87.5272,21.73975],[87.52826,21.73401],[87.52816,21.73162],[87.51942,21.72939],[87.51711,21.72958],[87.5159,21.73113],[87.51445,21.73124],[87.5134,21.73207],[87.51284,21.73357],[87.51038,21.73488],[87.50707,21.73466]]]}},{"type":"Feature","bbox":[87.57192,21.72408,87.61917,21.76689],"properties":{"kind":"gp","gp":"Kadua","block":"Ramnagar-II","lgd":110191},"geometry":{"type":"Polygon","coordinates":[[[87.61877,21.73283],[87.61792,21.73198],[87.61828,21.73066],[87.61739,21.72832],[87.61892,21.72865],[87.61917,21.72788],[87.61682,21.72754],[87.61604,21.72551],[87.61276,21.72599],[87.61223,21.72667],[87.61046,21.72586],[87.60553,21.72497],[87.60422,21.72408],[87.60278,21.72478],[87.60017,21.72418],[87.60082,21.7264],[87.6001,21.72862],[87.59431,21.7271],[87.58806,21.72774],[87.57753,21.72694],[87.57645,21.73027],[87.57566,21.73719],[87.57192,21.73724],[87.5722,21.73995],[87.57308,21.74238],[87.57281,21.74628],[87.57552,21.74705],[87.57625,21.74779],[87.57755,21.75083],[87.57872,21.75566],[87.58054,21.75869],[87.58236,21.75931],[87.58515,21.75922],[87.59044,21.76017],[87.59533,21.76139],[87.59839,21.76422],[87.59955,21.76689],[87.60384,21.7659],[87.60848,21.76076],[87.60975,21.76077],[87.60892,21.76076],[87.61093,21.75936],[87.61355,21.75876],[87.61434,21.75673],[87.61602,21.75572],[87.61556,21.75345],[87.61675,21.74338],[87.61659,21.74162],[87.61877,21.73283]]]}},{"type":"Feature","bbox":[87.76863,22.02414,87.83767,22.08458],"properties":{"kind":"gp","gp":"Kajlagarh","block":"Bhagawanpur-I","lgd":110006},"geometry":{"type":"Polygon","coordinates":[[[87.80129,22.03145],[87.79157,22.03478],[87.78743,22.03546],[87.78629,22.03627],[87.78808,22.0379],[87.78849,22.03895],[87.78779,22.03975],[87.7902,22.04313],[87.79176,22.04656],[87.79462,22.05003],[87.79603,22.05286],[87.79857,22.05609],[87.79888,22.05869],[87.80035,22.05894],[87.80004,22.06004],[87.79693,22.05912],[87.79171,22.06184],[87.7881,22.06462],[87.78557,22.0637],[87.78511,22.06396],[87.78589,22.06531],[87.78501,22.06564],[87.78488,22.06682],[87.78284,22.06695],[87.78287,22.06753],[87.78123,22.06771],[87.78076,22.06607],[87.77962,22.06683],[87.77945,22.06593],[87.77708,22.06652],[87.77646,22.06533],[87.77395,22.06556],[87.77517,22.07331],[87.77637,22.07427],[87.77642,22.0756],[87.76872,22.07826],[87.76863,22.07867],[87.77245,22.07963],[87.7738,22.08107],[87.7744,22.08114],[87.77436,22.08452],[87.77951,22.08458],[87.7806,22.08406],[87.78163,22.08249],[87.78236,22.0824],[87.78482,22.08349],[87.78872,22.08303],[87.7918,22.08049],[87.79225,22.07927],[87.79168,22.07729],[87.79241,22.07568],[87.79225,22.07389],[87.79328,22.07394],[87.7965,22.07211],[87.80087,22.07156],[87.8056,22.06962],[87.80651,22.06972],[87.8071,22.07159],[87.80793,22.07158],[87.80775,22.07283],[87.81152,22.07428],[87.81239,22.07286],[87.81469,22.07248],[87.8173,22.0707],[87.81741,22.06591],[87.81697,22.0649],[87.81751,22.06355],[87.81927,22.06334],[87.82002,22.06216],[87.82238,22.06159],[87.82159,22.05738],[87.82165,22.05517],[87.82727,22.05452],[87.82992,22.05339],[87.83301,22.0535],[87.83426,22.05315],[87.83533,22.05202],[87.83512,22.04857],[87.83589,22.04778],[87.83501,22.04468],[87.83703,22.03853],[87.83767,22.03413],[87.83677,22.03375],[87.83676,22.03435],[87.83605,22.03468],[87.83456,22.0345],[87.83224,22.03505],[87.83038,22.03605],[87.83004,22.03549],[87.82874,22.03593],[87.82508,22.03572],[87.82278,22.03706],[87.8214,22.03725],[87.82092,22.03605],[87.82177,22.03349],[87.82128,22.03046],[87.82164,22.02761],[87.82125,22.02737],[87.81998,22.02861],[87.81937,22.02429],[87.81822,22.02414],[87.80874,22.0285],[87.80425,22.02911],[87.80129,22.03145]]]}},{"type":"Feature","bbox":[87.85617,22.33765,87.95578,22.38833],"properties":{"kind":"gp","gp":"Kakharda","block":"Shahid Matangini","lgd":110199},"geometry":{"type":"MultiPolygon","coordinates":[[[[87.86702,22.34286],[87.86506,22.34228],[87.86524,22.34145],[87.86602,22.34102],[87.86577,22.34],[87.86477,22.34001],[87.86474,22.3389],[87.8632,22.33809],[87.86053,22.33855],[87.8599,22.33765],[87.85889,22.33806],[87.85906,22.33895],[87.85716,22.34062],[87.8574,22.34326],[87.85617,22.34415],[87.85729,22.34706],[87.85804,22.34755],[87.85773,22.34936],[87.8586,22.35028],[87.85879,22.35163],[87.86152,22.35163],[87.86238,22.34801],[87.86331,22.34764],[87.86451,22.34825],[87.86769,22.34756],[87.86778,22.34468],[87.86702,22.34286]]],[[[87.89445,22.35526],[87.89279,22.35645],[87.89242,22.35865],[87.89244,22.36026],[87.89308,22.36127],[87.8943,22.3612],[87.89357,22.36435],[87.89253,22.36487],[87.89102,22.36674],[87.88894,22.36785],[87.88744,22.36771],[87.88549,22.36614],[87.88415,22.36678],[87.88396,22.3675],[87.88484,22.37121],[87.88549,22.37154],[87.88584,22.37092],[87.88877,22.36923],[87.89001,22.37135],[87.88978,22.37397],[87.89303,22.37426],[87.89252,22.37654],[87.89313,22.37833],[87.89425,22.37975],[87.89484,22.38193],[87.89747,22.3828],[87.89976,22.38238],[87.90159,22.38265],[87.90214,22.38351],[87.90291,22.38358],[87.90303,22.38429],[87.90619,22.38332],[87.9091,22.38385],[87.91082,22.38308],[87.91105,22.38352],[87.91193,22.38317],[87.91149,22.3819],[87.90974,22.38004],[87.90816,22.37982],[87.90798,22.37883],[87.90683,22.37809],[87.906,22.37871],[87.90502,22.37742],[87.90405,22.37702],[87.90356,22.37639],[87.90387,22.37538],[87.90334,22.3748],[87.90504,22.3753],[87.90667,22.37456],[87.90832,22.37474],[87.90878,22.3741],[87.90944,22.37487],[87.91378,22.37453],[87.91597,22.37542],[87.91842,22.37797],[87.92101,22.3774],[87.92108,22.3779],[87.92756,22.3776],[87.92821,22.38108],[87.92781,22.38462],[87.9268,22.3855],[87.92921,22.38671],[87.93084,22.38647],[87.94201,22.38833],[87.9436,22.38221],[87.94872,22.37572],[87.95382,22.36572],[87.95578,22.35646],[87.95574,22.35601],[87.94039,22.35459],[87.93317,22.3548],[87.93194,22.35413],[87.93059,22.35432],[87.9277,22.35323],[87.92562,22.35365],[87.92478,22.35331],[87.92403,22.35181],[87.92332,22.35341],[87.9153,22.35119],[87.91392,22.35142],[87.91345,22.34903],[87.91221,22.34833],[87.91192,22.3461],[87.91244,22.34592],[87.91173,22.34309],[87.91094,22.3429],[87.90928,22.3433],[87.90803,22.34295],[87.90815,22.34352],[87.9076,22.34393],[87.90582,22.34444],[87.90571,22.34594],[87.90412,22.34621],[87.90341,22.34792],[87.90109,22.34831],[87.90124,22.34926],[87.89922,22.35048],[87.8955,22.34945],[87.89512,22.35376],[87.89445,22.35526]]]]}},{"type":"Feature","bbox":[87.76238,22.07735,87.80771,22.11552],"properties":{"kind":"gp","gp":"Kakra","block":"Bhagawanpur-I","lgd":110007},"geometry":{"type":"MultiPolygon","coordinates":[[[[87.76238,22.08567],[87.76437,22.08583],[87.76765,22.08443],[87.76848,22.08486],[87.77038,22.08476],[87.7732,22.08409],[87.77436,22.08452],[87.77468,22.08162],[87.77245,22.07963],[87.77016,22.07887],[87.76735,22.07878],[87.76379,22.08001],[87.76414,22.08106],[87.76238,22.08567]]],[[[87.77239,22.09103],[87.77486,22.09067],[87.77992,22.09149],[87.78146,22.09337],[87.78347,22.10282],[87.78353,22.10458],[87.78005,22.10403],[87.77906,22.10432],[87.77721,22.10345],[87.77516,22.10393],[87.77265,22.10383],[87.77316,22.11121],[87.77497,22.11301],[87.7761,22.1138],[87.78044,22.11422],[87.7843,22.11551],[87.78675,22.11552],[87.78645,22.10746],[87.79057,22.11074],[87.79174,22.11068],[87.79371,22.10935],[87.79381,22.111],[87.79632,22.11225],[87.79723,22.11205],[87.79881,22.11341],[87.80397,22.11417],[87.80454,22.11357],[87.80367,22.10689],[87.80575,22.09961],[87.80403,22.09039],[87.8067,22.09031],[87.80771,22.08907],[87.8062,22.08575],[87.8048,22.08427],[87.80463,22.08116],[87.7993,22.08059],[87.79588,22.07735],[87.79183,22.0778],[87.79225,22.07927],[87.7918,22.08049],[87.78872,22.08303],[87.78482,22.08349],[87.78236,22.0824],[87.78163,22.08249],[87.7806,22.08406],[87.77951,22.08458],[87.77436,22.08452],[87.77184,22.08768],[87.77239,22.09103]]]]}},{"type":"Feature","bbox":[87.86728,21.90004,87.93218,21.96883],"properties":{"kind":"gp","gp":"Kalagechhia","block":"Khejuri-I","lgd":110077},"geometry":{"type":"Polygon","coordinates":[[[87.91321,21.90778],[87.91385,21.90639],[87.91545,21.9051],[87.91556,21.9044],[87.91481,21.90281],[87.91266,21.90121],[87.91054,21.90126],[87.90968,21.90004],[87.9078,21.90014],[87.90766,21.90281],[87.90462,21.90384],[87.90088,21.9037],[87.90201,21.90979],[87.90412,21.91482],[87.9044,21.91624],[87.9039,21.917],[87.9046,21.91778],[87.90453,21.91907],[87.90545,21.91925],[87.90593,21.92016],[87.90144,21.9244],[87.9001,21.925],[87.89817,21.92527],[87.89753,21.92404],[87.89746,21.9224],[87.89389,21.92366],[87.89152,21.92511],[87.88967,21.92535],[87.88807,21.92669],[87.88595,21.92736],[87.88486,21.92873],[87.88168,21.93033],[87.8783,21.92979],[87.87881,21.932],[87.87844,21.93592],[87.87426,21.94028],[87.87507,21.94333],[87.87461,21.9433],[87.87344,21.94137],[87.8718,21.94116],[87.86813,21.94172],[87.86735,21.94292],[87.86728,21.94402],[87.86979,21.94304],[87.87071,21.94352],[87.87248,21.94739],[87.87272,21.95115],[87.87346,21.95134],[87.87648,21.95039],[87.8776,21.94956],[87.87914,21.94957],[87.88235,21.94809],[87.8845,21.94769],[87.88664,21.94804],[87.88524,21.95504],[87.88621,21.95943],[87.88528,21.96046],[87.88147,21.96086],[87.87745,21.95981],[87.87706,21.96005],[87.87712,21.96168],[87.87816,21.96272],[87.87477,21.9654],[87.8771,21.96666],[87.87815,21.96802],[87.88066,21.96883],[87.88693,21.96867],[87.89204,21.96777],[87.89362,21.96688],[87.896,21.96642],[87.89764,21.96632],[87.90027,21.96734],[87.90628,21.96601],[87.90864,21.96393],[87.911,21.9595],[87.91,21.95632],[87.91006,21.95468],[87.91076,21.95287],[87.91289,21.95024],[87.91635,21.94841],[87.92013,21.94939],[87.92431,21.94828],[87.92566,21.94685],[87.92823,21.94585],[87.93211,21.94347],[87.93218,21.93985],[87.93066,21.93795],[87.92932,21.93141],[87.92758,21.92805],[87.92696,21.92568],[87.92754,21.92406],[87.92695,21.9229],[87.9217,21.92367],[87.91851,21.92231],[87.91697,21.92233],[87.91409,21.92394],[87.91307,21.92345],[87.9123,21.92222],[87.91257,21.91987],[87.91406,21.91837],[87.91428,21.9125],[87.91392,21.9114],[87.91207,21.90941],[87.91085,21.90913],[87.91321,21.90778]]]}},{"type":"Feature","bbox":[87.97192,21.91961,88.02467,21.98664],"properties":{"kind":"gp","gp":"Kalicharanpur","block":"Nandigram-I","lgd":110136},"geometry":{"type":"MultiPolygon","coordinates":[[[[88.01289,21.94118],[88.01565,21.94188],[88.01635,21.94143],[88.01662,21.94021],[88.01529,21.93762],[88.01367,21.93251],[88.0127,21.92553],[88.01174,21.92284],[88.01198,21.92092],[88.01092,21.91961],[88.0081,21.921],[88.00701,21.92071],[88.00054,21.92167],[87.99648,21.92098],[88.00015,21.92535],[88.0019,21.93055],[88.00773,21.94205],[88.0075,21.94294],[88.00857,21.94296],[88.00914,21.94236],[88.01098,21.94299],[88.01113,21.94171],[88.01289,21.94118]]],[[[88.00392,21.94477],[88.00292,21.94126],[88.00303,21.93896],[87.99928,21.92922],[87.99395,21.93003],[87.99117,21.92728],[87.98895,21.93062],[87.98895,21.93268],[87.98812,21.93311],[87.98666,21.93269],[87.9841,21.93294],[87.98276,21.93385],[87.98212,21.93354],[87.9806,21.93408],[87.97868,21.93226],[87.97701,21.93235],[87.97409,21.93342],[87.97207,21.93247],[87.97192,21.93536],[87.97394,21.93555],[87.97446,21.9361],[87.97478,21.93723],[87.97436,21.93906],[87.9749,21.93992],[87.9765,21.94132],[87.97931,21.94236],[87.9806,21.94466],[87.98039,21.94605],[87.97782,21.94684],[87.97742,21.949],[87.97564,21.95062],[87.97584,21.95448],[87.97668,21.95631],[87.9769,21.95844],[87.97573,21.96062],[87.9764,21.96105],[87.97875,21.9612],[87.98255,21.96092],[87.98276,21.96178],[87.98659,21.9618],[87.98672,21.96331],[87.98719,21.9628],[87.98892,21.9629],[87.98971,21.96374],[87.98956,21.96877],[87.99029,21.96919],[87.99081,21.97033],[87.99134,21.97502],[87.99238,21.97599],[87.99359,21.97971],[87.99361,21.98274],[87.9954,21.98379],[87.99558,21.98474],[87.99491,21.98567],[87.99625,21.98664],[88.00047,21.98646],[88.00081,21.9859],[87.9998,21.98408],[88.00168,21.98332],[88.00295,21.98459],[88.00319,21.98036],[88.00272,21.97759],[88.00231,21.97619],[88.00086,21.97529],[88.00688,21.97367],[88.0116,21.97148],[88.01266,21.97204],[88.01418,21.97468],[88.01405,21.97526],[88.0156,21.97495],[88.01641,21.97548],[88.01751,21.97538],[88.01612,21.9703],[88.0176,21.96964],[88.01728,21.96502],[88.01494,21.96115],[88.01635,21.95993],[88.01742,21.95991],[88.01738,21.95926],[88.02467,21.95814],[88.02145,21.95151],[88.02011,21.94735],[88.01135,21.9489],[88.01114,21.94822],[88.01057,21.94836],[88.01074,21.94912],[88.007,21.94964],[88.00396,21.94965],[88.00392,21.94477]]]]}},{"type":"Feature","bbox":[87.63791,21.64852,87.74823,21.7222],"properties":{"kind":"gp","gp":"Kalindi","block":"Contai-I","lgd":110192},"geometry":{"type":"Polygon","coordinates":[[[87.64987,21.64852],[87.64482,21.64968],[87.6415,21.65196],[87.64098,21.65298],[87.64046,21.65482],[87.64068,21.65638],[87.64365,21.65925],[87.64595,21.66046],[87.64604,21.66094],[87.64483,21.66123],[87.64393,21.66311],[87.64333,21.66285],[87.64326,21.66096],[87.64217,21.65954],[87.64118,21.66329],[87.63989,21.66498],[87.63974,21.66635],[87.64081,21.66891],[87.64072,21.66986],[87.63815,21.67217],[87.63791,21.67301],[87.64029,21.67501],[87.64205,21.67582],[87.64158,21.67811],[87.64259,21.67993],[87.6424,21.68179],[87.64495,21.68176],[87.64627,21.68297],[87.65134,21.68447],[87.6511,21.68534],[87.6522,21.68982],[87.65085,21.69064],[87.65082,21.69121],[87.65329,21.69375],[87.65334,21.69507],[87.65715,21.69462],[87.65976,21.69919],[87.65961,21.69977],[87.6604,21.69971],[87.66184,21.7026],[87.66348,21.70429],[87.66477,21.70658],[87.66373,21.70819],[87.66468,21.71005],[87.66582,21.71579],[87.66531,21.71783],[87.66627,21.72002],[87.66635,21.7222],[87.6712,21.72069],[87.67312,21.71889],[87.67575,21.71818],[87.68061,21.71781],[87.68385,21.71657],[87.68827,21.71193],[87.69001,21.70772],[87.68973,21.70335],[87.69059,21.70277],[87.69288,21.70288],[87.69807,21.70552],[87.69903,21.70476],[87.70048,21.70477],[87.70059,21.70172],[87.70321,21.70123],[87.70345,21.70031],[87.70118,21.69521],[87.70043,21.69109],[87.70083,21.68952],[87.70268,21.69382],[87.70567,21.6988],[87.70852,21.69889],[87.70935,21.69939],[87.71087,21.69717],[87.71384,21.69437],[87.71967,21.69246],[87.72319,21.69278],[87.72703,21.69394],[87.72785,21.69503],[87.72657,21.69751],[87.72707,21.69837],[87.73086,21.69776],[87.73467,21.69944],[87.74383,21.69637],[87.74374,21.69604],[87.74681,21.69464],[87.74804,21.69344],[87.74823,21.69071],[87.7477,21.6889],[87.74459,21.68543],[87.73721,21.68152],[87.73261,21.68082],[87.73227,21.68002],[87.73329,21.67956],[87.73656,21.68012],[87.73907,21.6811],[87.73954,21.68073],[87.73711,21.6782],[87.73071,21.67399],[87.71848,21.66784],[87.70849,21.66386],[87.70011,21.6615],[87.68479,21.65585],[87.67396,21.65253],[87.66572,21.65081],[87.64987,21.64852]]]}},{"type":"Feature","bbox":[87.91015,22.13214,87.95007,22.18144],"properties":{"kind":"gp","gp":"Kalyanpur","block":"Nandakumar","lgd":110126},"geometry":{"type":"Polygon","coordinates":[[[87.94801,22.14809],[87.94886,22.14428],[87.95007,22.14295],[87.94839,22.14306],[87.94711,22.14396],[87.94437,22.14318],[87.93958,22.14046],[87.93884,22.1394],[87.9368,22.13861],[87.93628,22.13666],[87.93639,22.13448],[87.93418,22.13214],[87.93045,22.13305],[87.93133,22.13883],[87.92994,22.14001],[87.92978,22.14073],[87.93088,22.14144],[87.92991,22.14287],[87.93032,22.14357],[87.92925,22.14412],[87.92905,22.14497],[87.92998,22.14682],[87.9306,22.14693],[87.93054,22.14796],[87.93116,22.14816],[87.93153,22.14947],[87.93019,22.14957],[87.93002,22.14866],[87.92849,22.14961],[87.92798,22.15198],[87.92751,22.15227],[87.92321,22.14753],[87.92177,22.14871],[87.92219,22.14616],[87.92129,22.14617],[87.92037,22.14709],[87.91918,22.14958],[87.92041,22.15921],[87.91917,22.15872],[87.918,22.16262],[87.91535,22.16196],[87.91438,22.16474],[87.91429,22.16724],[87.91378,22.16765],[87.91082,22.1678],[87.91015,22.16954],[87.91188,22.17121],[87.91166,22.1731],[87.91243,22.17366],[87.91312,22.17567],[87.91404,22.17614],[87.91424,22.17685],[87.91506,22.17707],[87.91965,22.17524],[87.92033,22.17723],[87.92006,22.17951],[87.92049,22.18054],[87.92167,22.18138],[87.92346,22.18144],[87.92373,22.1806],[87.92498,22.1811],[87.92691,22.17837],[87.92601,22.17418],[87.92669,22.17067],[87.92621,22.16881],[87.92681,22.16727],[87.92667,22.16565],[87.92517,22.16083],[87.92656,22.1603],[87.9309,22.1549],[87.93282,22.15427],[87.93774,22.15523],[87.94414,22.15889],[87.94648,22.15915],[87.94232,22.15348],[87.94181,22.15165],[87.94315,22.15102],[87.94508,22.15096],[87.94499,22.15005],[87.94606,22.14822],[87.94801,22.14809]]]}},{"type":"Feature","bbox":[87.83376,21.94304,87.88664,21.97332],"properties":{"kind":"gp","gp":"Kamarda","block":"Khejuri-I","lgd":110078},"geometry":{"type":"Polygon","coordinates":[[[87.87199,21.9648],[87.87477,21.9654],[87.87816,21.96272],[87.87712,21.96168],[87.87706,21.96005],[87.87745,21.95981],[87.88147,21.96086],[87.88528,21.96046],[87.88621,21.95943],[87.88524,21.95504],[87.88664,21.94804],[87.8845,21.94769],[87.88235,21.94809],[87.87346,21.95134],[87.87272,21.95115],[87.87248,21.94739],[87.87071,21.94352],[87.86979,21.94304],[87.86663,21.94397],[87.86507,21.94311],[87.86167,21.94578],[87.85866,21.94605],[87.85672,21.94549],[87.85449,21.94686],[87.8544,21.9485],[87.85549,21.95012],[87.85557,21.95247],[87.8539,21.95772],[87.8517,21.95864],[87.85046,21.95857],[87.84902,21.95746],[87.84655,21.95736],[87.83928,21.96025],[87.83887,21.96154],[87.83911,21.9637],[87.83796,21.96493],[87.83588,21.96491],[87.83482,21.96538],[87.83404,21.96634],[87.83376,21.96977],[87.83929,21.97311],[87.84561,21.97311],[87.84743,21.97249],[87.85545,21.97332],[87.85622,21.97269],[87.85928,21.96704],[87.86085,21.9661],[87.86432,21.96465],[87.86721,21.96544],[87.87199,21.9648]]]}},{"type":"Feature","bbox":[87.75077,21.85052,87.81791,21.92038],"properties":{"kind":"gp","gp":"Kanaidighi","block":"Contai-III","lgd":110042},"geometry":{"type":"Polygon","coordinates":[[[87.75701,21.86113],[87.7573,21.86331],[87.75788,21.86332],[87.75857,21.86251],[87.75958,21.86281],[87.76023,21.86247],[87.76061,21.86329],[87.76213,21.86398],[87.76322,21.86857],[87.76411,21.86963],[87.76268,21.86966],[87.76011,21.87063],[87.75948,21.87186],[87.75718,21.87178],[87.75092,21.87406],[87.75077,21.8789],[87.75431,21.88182],[87.75603,21.88231],[87.75762,21.88392],[87.75832,21.88468],[87.75799,21.88678],[87.75921,21.88783],[87.76491,21.88903],[87.76541,21.8951],[87.76771,21.89514],[87.76988,21.90055],[87.77076,21.90078],[87.77242,21.90031],[87.77336,21.90414],[87.77579,21.9062],[87.7759,21.90804],[87.77672,21.90872],[87.77978,21.90891],[87.78088,21.91016],[87.78409,21.91475],[87.7836,21.91822],[87.79999,21.9203],[87.80184,21.92038],[87.80711,21.91942],[87.80978,21.91782],[87.81122,21.91584],[87.81167,21.91293],[87.81351,21.91101],[87.81791,21.90928],[87.81615,21.90668],[87.8138,21.90483],[87.81061,21.90404],[87.80452,21.90078],[87.79716,21.89986],[87.7958,21.89785],[87.79479,21.89787],[87.79325,21.89327],[87.79157,21.89316],[87.79122,21.8923],[87.7903,21.89258],[87.78952,21.89106],[87.78711,21.88889],[87.78409,21.88281],[87.78431,21.88162],[87.78376,21.87876],[87.78482,21.87676],[87.78248,21.87364],[87.78195,21.87085],[87.78054,21.86804],[87.77888,21.86831],[87.77655,21.86684],[87.7755,21.86732],[87.77062,21.8526],[87.76861,21.8519],[87.76773,21.85052],[87.76497,21.85059],[87.76033,21.85478],[87.75511,21.85819],[87.75557,21.86109],[87.75701,21.86113]]]}},{"type":"Feature","bbox":[87.52672,21.90018,87.58019,21.9404],"properties":{"kind":"gp","gp":"Kasba-Egra","block":"Egra-I","lgd":110059},"geometry":{"type":"MultiPolygon","coordinates":[[[[87.54611,21.91896],[87.54504,21.91261],[87.54352,21.90991],[87.54349,21.90929],[87.54409,21.90917],[87.54399,21.90812],[87.54335,21.90749],[87.54217,21.90733],[87.54235,21.90657],[87.54315,21.90671],[87.54344,21.90547],[87.54053,21.90474],[87.53941,21.90611],[87.5387,21.90614],[87.53814,21.90494],[87.53611,21.90439],[87.53604,21.90698],[87.53452,21.90741],[87.53587,21.91117],[87.53404,21.91157],[87.53385,21.91299],[87.53221,21.91329],[87.53184,21.91155],[87.53058,21.91254],[87.53116,21.91457],[87.53091,21.91679],[87.53031,21.91748],[87.52856,21.91717],[87.52842,21.91956],[87.52672,21.91992],[87.53307,21.92023],[87.5359,21.92134],[87.538,21.92145],[87.53819,21.92217],[87.54018,21.92252],[87.53994,21.92112],[87.54116,21.92066],[87.54116,21.92009],[87.5423,21.91946],[87.54427,21.91967],[87.54425,21.92064],[87.54655,21.92052],[87.54737,21.92489],[87.54846,21.92756],[87.54535,21.92767],[87.54553,21.9294],[87.54605,21.93007],[87.54604,21.93385],[87.54875,21.93562],[87.54917,21.93449],[87.54878,21.93291],[87.5496,21.93293],[87.55054,21.93421],[87.55364,21.93372],[87.55322,21.9296],[87.55458,21.92928],[87.55451,21.928],[87.5528,21.9276],[87.55227,21.92672],[87.55218,21.92447],[87.55236,21.92383],[87.55377,21.92359],[87.55472,21.9227],[87.55656,21.92289],[87.55481,21.92122],[87.55225,21.92007],[87.5502,21.92048],[87.55028,21.92123],[87.54794,21.92139],[87.54734,21.91868],[87.54611,21.91896]]],[[[87.56795,21.90586],[87.56794,21.90357],[87.56908,21.90284],[87.56874,21.90026],[87.56597,21.90018],[87.56432,21.90134],[87.56446,21.90191],[87.56303,21.90225],[87.56226,21.90171],[87.56218,21.90288],[87.56095,21.90415],[87.56087,21.90483],[87.55852,21.90544],[87.55875,21.90605],[87.56003,21.90617],[87.56048,21.90879],[87.56114,21.90889],[87.56111,21.91007],[87.55764,21.91091],[87.55692,21.91147],[87.55673,21.91271],[87.55616,21.91269],[87.55603,21.91372],[87.55609,21.91531],[87.55693,21.91556],[87.55736,21.9184],[87.55795,21.91825],[87.55826,21.92026],[87.55761,21.92209],[87.55656,21.92289],[87.55866,21.92394],[87.56001,21.92595],[87.56005,21.92863],[87.55882,21.92981],[87.55869,21.93089],[87.55937,21.93635],[87.56266,21.93642],[87.56279,21.93815],[87.56466,21.93896],[87.56583,21.9404],[87.56702,21.94037],[87.56792,21.93918],[87.56945,21.93865],[87.56903,21.93641],[87.57288,21.93448],[87.57523,21.93575],[87.57978,21.93493],[87.5793,21.93259],[87.58019,21.93192],[87.57953,21.92851],[87.57674,21.92794],[87.5741,21.92211],[87.57385,21.92047],[87.57517,21.92004],[87.57538,21.91695],[87.5748,21.91639],[87.57438,21.9144],[87.57397,21.91442],[87.57349,21.91354],[87.57393,21.91285],[87.57224,21.91078],[87.57213,21.90949],[87.56787,21.9089],[87.56758,21.90717],[87.56856,21.90715],[87.56795,21.90586]]]]}},{"type":"Feature","bbox":[87.98709,21.95814,88.05234,22.0282],"properties":{"kind":"gp","gp":"Kendumarijalpai","block":"Nandigram-I","lgd":110137},"geometry":{"type":"Polygon","coordinates":[[[88.00272,21.97759],[88.00295,21.98459],[88.00145,21.98568],[88.00207,21.98914],[87.99826,21.99064],[87.99797,21.98993],[87.9972,21.99005],[87.99732,21.99338],[87.99664,21.99372],[87.99693,21.99512],[87.99632,21.99523],[87.9973,21.99692],[87.99708,21.9995],[87.99641,21.99988],[87.99472,21.99848],[87.99407,21.99728],[87.99251,21.99671],[87.99126,21.99705],[87.9905,21.99674],[87.99001,21.99741],[87.99011,21.99848],[87.98951,21.99859],[87.98983,21.99984],[87.98924,22.00113],[87.98709,22.00213],[87.98716,22.00276],[87.98811,22.00325],[87.98852,22.00414],[87.99293,22.00625],[87.99556,22.00549],[87.99596,22.00622],[87.99893,22.00571],[88.0005,22.01066],[88.00211,22.01268],[88.00319,22.01216],[88.00351,22.00931],[88.00559,22.0097],[88.00618,22.00924],[88.00656,22.00667],[88.00746,22.00467],[88.0119,22.00256],[88.01711,22.00112],[88.01994,21.9995],[88.02172,21.9991],[88.02407,22.00116],[88.02552,22.00069],[88.02893,22.00669],[88.02871,22.00716],[88.02429,22.00822],[88.02405,22.0103],[88.02283,22.00995],[88.02071,22.01094],[88.01844,22.00861],[88.01773,22.00898],[88.01739,22.01093],[88.01678,22.01107],[88.01756,22.0118],[88.01818,22.01169],[88.0181,22.01104],[88.01969,22.01084],[88.02147,22.01327],[88.02225,22.01338],[88.02348,22.01262],[88.02923,22.01243],[88.03003,22.01481],[88.02959,22.01769],[88.02594,22.01865],[88.02567,22.01951],[88.02667,22.02153],[88.02843,22.02345],[88.03417,22.0282],[88.03693,22.02544],[88.05122,22.0152],[88.04997,22.01376],[88.04994,22.01283],[88.05159,22.00987],[88.05234,22.00659],[88.04961,22.00081],[88.0466,21.99777],[88.04539,21.99554],[88.04097,21.99006],[88.04082,21.98894],[88.036,21.98218],[88.03214,21.97135],[88.02857,21.96518],[88.02566,21.96186],[88.02467,21.95814],[88.01738,21.95926],[88.01742,21.95991],[88.01635,21.95993],[88.01494,21.96115],[88.01728,21.96502],[88.0176,21.96964],[88.01612,21.9703],[88.01751,21.97538],[88.01641,21.97548],[88.0156,21.97495],[88.01405,21.97526],[88.01418,21.97468],[88.01266,21.97204],[88.0116,21.97148],[88.00688,21.97367],[88.00086,21.97529],[88.00231,21.97619],[88.00272,21.97759]]]}},{"type":"Feature","bbox":[87.70639,22.41788,87.76047,22.4885],"properties":{"kind":"gp","gp":"Keshapat","block":"Panskura-I","lgd":110154},"geometry":{"type":"Polygon","coordinates":[[[87.71624,22.42032],[87.71716,22.42204],[87.71933,22.42313],[87.7191,22.42734],[87.71386,22.42834],[87.71324,22.42759],[87.71108,22.42835],[87.71072,22.43157],[87.71162,22.43241],[87.71116,22.43397],[87.70986,22.43399],[87.70842,22.4382],[87.70639,22.43863],[87.70639,22.44073],[87.70757,22.4429],[87.70766,22.44576],[87.7103,22.44678],[87.71093,22.44859],[87.71316,22.44861],[87.715,22.44799],[87.71577,22.44845],[87.71743,22.44848],[87.71837,22.44804],[87.71997,22.44849],[87.72003,22.4497],[87.72156,22.45064],[87.72269,22.45069],[87.72281,22.45133],[87.72388,22.45116],[87.72489,22.45435],[87.72235,22.4545],[87.72207,22.45964],[87.72655,22.46198],[87.72719,22.46305],[87.72746,22.46762],[87.7265,22.46863],[87.72645,22.47072],[87.72718,22.4739],[87.72587,22.47419],[87.72735,22.48043],[87.72746,22.48206],[87.72693,22.48261],[87.7275,22.48757],[87.72823,22.4885],[87.72891,22.4885],[87.73898,22.48729],[87.74146,22.48528],[87.74165,22.48436],[87.74074,22.48217],[87.74148,22.48104],[87.74358,22.47959],[87.74556,22.47918],[87.74639,22.47854],[87.74624,22.47752],[87.74537,22.47641],[87.74543,22.47508],[87.74628,22.47455],[87.75125,22.47388],[87.75254,22.46976],[87.75262,22.46654],[87.75338,22.46466],[87.75725,22.46375],[87.75524,22.45896],[87.7582,22.45814],[87.75585,22.45064],[87.75833,22.44992],[87.75719,22.44497],[87.75926,22.44468],[87.75948,22.44218],[87.76022,22.44145],[87.76047,22.43827],[87.76001,22.43627],[87.75823,22.43449],[87.75836,22.43368],[87.75713,22.43147],[87.75476,22.43058],[87.75362,22.43098],[87.75349,22.43209],[87.7518,22.43362],[87.75186,22.43585],[87.74917,22.43466],[87.7495,22.43391],[87.74902,22.43294],[87.74667,22.4329],[87.74518,22.4316],[87.74062,22.43243],[87.738,22.43217],[87.73742,22.43282],[87.73743,22.43512],[87.73604,22.43563],[87.73599,22.43784],[87.73501,22.43822],[87.73425,22.43763],[87.73317,22.43305],[87.73417,22.43284],[87.73415,22.43196],[87.73281,22.43236],[87.73261,22.4305],[87.73175,22.42987],[87.73125,22.42771],[87.73154,22.4271],[87.73097,22.42684],[87.73029,22.42009],[87.72503,22.41938],[87.72318,22.41796],[87.71802,22.41788],[87.71779,22.41954],[87.71624,22.42032]]]}},{"type":"Feature","bbox":[87.78941,22.32831,87.83788,22.38246],"properties":{"kind":"gp","gp":"Khandakhola","block":"Panskura-I","lgd":110155},"geometry":{"type":"Polygon","coordinates":[[[87.81152,22.34324],[87.81016,22.34276],[87.80899,22.34429],[87.80826,22.34403],[87.80897,22.34257],[87.81092,22.34167],[87.80844,22.33935],[87.8081,22.33834],[87.80706,22.33865],[87.80615,22.3372],[87.8032,22.33856],[87.80146,22.33707],[87.80046,22.33529],[87.80107,22.33431],[87.80024,22.33026],[87.79965,22.32966],[87.79552,22.32966],[87.79539,22.32856],[87.79357,22.32831],[87.78941,22.3306],[87.79401,22.34633],[87.79099,22.34698],[87.79102,22.34746],[87.79452,22.34654],[87.79569,22.34889],[87.79731,22.34894],[87.7989,22.35169],[87.79925,22.35321],[87.79893,22.35549],[87.80038,22.35541],[87.80072,22.35677],[87.80368,22.35641],[87.8038,22.35793],[87.8029,22.35807],[87.80307,22.36045],[87.80388,22.36044],[87.80413,22.36134],[87.80494,22.36125],[87.80602,22.36351],[87.80612,22.36442],[87.80524,22.36563],[87.80164,22.36694],[87.80123,22.36986],[87.79808,22.37276],[87.79939,22.37384],[87.80073,22.37382],[87.80101,22.37438],[87.80239,22.37471],[87.80246,22.37533],[87.80318,22.37564],[87.80314,22.37774],[87.80219,22.37776],[87.80217,22.37973],[87.8044,22.37935],[87.80484,22.38089],[87.80438,22.38179],[87.80533,22.38246],[87.8077,22.38034],[87.80731,22.37812],[87.80887,22.37853],[87.81003,22.3779],[87.81043,22.37167],[87.8116,22.36832],[87.81306,22.37086],[87.81421,22.37109],[87.81758,22.37029],[87.81996,22.3703],[87.81999,22.36966],[87.82125,22.36942],[87.82366,22.36988],[87.82497,22.36955],[87.82728,22.37064],[87.82875,22.36986],[87.82851,22.36814],[87.82921,22.368],[87.83138,22.36897],[87.83334,22.3691],[87.83391,22.36869],[87.83365,22.36626],[87.83427,22.36312],[87.83612,22.36292],[87.83648,22.36447],[87.83788,22.36469],[87.83739,22.36104],[87.83602,22.3591],[87.83541,22.35873],[87.8351,22.35944],[87.83395,22.35877],[87.83364,22.35802],[87.83184,22.35753],[87.83142,22.3563],[87.83052,22.35646],[87.83023,22.3548],[87.83074,22.35422],[87.83066,22.35345],[87.82938,22.35188],[87.8286,22.35137],[87.82755,22.35146],[87.8255,22.34976],[87.82459,22.34955],[87.8238,22.34948],[87.82015,22.35099],[87.8175,22.35072],[87.81655,22.34979],[87.81704,22.34877],[87.81676,22.34817],[87.81516,22.34755],[87.81382,22.34492],[87.81254,22.34509],[87.81152,22.34324]]]}},{"type":"Feature","bbox":[87.79062,22.45493,87.84944,22.50012],"properties":{"kind":"gp","gp":"Khangdihi","block":"Kolaghat","lgd":110092},"geometry":{"type":"Polygon","coordinates":[[[87.79495,22.46769],[87.79396,22.46849],[87.79329,22.46719],[87.79202,22.46817],[87.79197,22.46897],[87.79062,22.46918],[87.79169,22.47303],[87.79298,22.4748],[87.79312,22.47592],[87.79219,22.47911],[87.79351,22.47902],[87.79431,22.48009],[87.79647,22.48069],[87.79864,22.48241],[87.79949,22.48428],[87.80176,22.48631],[87.80267,22.48844],[87.80547,22.49068],[87.80836,22.4925],[87.81457,22.49486],[87.81609,22.49593],[87.81642,22.49709],[87.81595,22.49872],[87.81684,22.49938],[87.81913,22.49925],[87.82166,22.49978],[87.82511,22.49857],[87.82898,22.50012],[87.8281,22.49822],[87.82827,22.497],[87.82673,22.49443],[87.82702,22.49211],[87.81674,22.48915],[87.81569,22.48824],[87.81501,22.48314],[87.81614,22.4802],[87.82087,22.47869],[87.82216,22.47759],[87.82503,22.47832],[87.82696,22.47966],[87.82872,22.48179],[87.83198,22.4824],[87.83716,22.48733],[87.83977,22.48875],[87.84001,22.48708],[87.84094,22.48576],[87.84805,22.48551],[87.84855,22.48325],[87.84932,22.48295],[87.84944,22.4813],[87.84674,22.48045],[87.84787,22.47464],[87.84637,22.47339],[87.84486,22.47339],[87.84433,22.47233],[87.84276,22.47202],[87.8428,22.46917],[87.84066,22.46819],[87.84073,22.46717],[87.84414,22.4672],[87.84426,22.46649],[87.84514,22.46697],[87.84564,22.46631],[87.8449,22.46397],[87.84386,22.46347],[87.84364,22.46237],[87.84217,22.46245],[87.84147,22.46108],[87.84028,22.46116],[87.83965,22.45703],[87.83647,22.45739],[87.83574,22.45697],[87.83481,22.45725],[87.83415,22.45847],[87.83215,22.45858],[87.8315,22.4581],[87.83127,22.4571],[87.82865,22.45636],[87.82745,22.45675],[87.82515,22.45495],[87.82401,22.45541],[87.82389,22.45606],[87.82118,22.45493],[87.81896,22.45493],[87.81897,22.45553],[87.81448,22.4565],[87.81568,22.4588],[87.81435,22.45931],[87.8134,22.45696],[87.8096,22.45734],[87.80955,22.45822],[87.8056,22.45619],[87.80141,22.4605],[87.79955,22.46542],[87.79988,22.46574],[87.79495,22.46769]]]}},{"type":"Feature","bbox":[87.47919,21.91283,87.54228,21.99544],"properties":{"kind":"gp","gp":"Khar","block":"Patashpur-II","lgd":110173},"geometry":{"type":"Polygon","coordinates":[[[87.50896,21.93412],[87.49952,21.93439],[87.49676,21.93556],[87.49533,21.93753],[87.49632,21.94066],[87.49898,21.94372],[87.499,21.94482],[87.49807,21.94712],[87.49831,21.94875],[87.49937,21.95005],[87.50038,21.95025],[87.50534,21.94813],[87.51176,21.94781],[87.5129,21.94847],[87.51314,21.95101],[87.51262,21.95162],[87.50976,21.95233],[87.50916,21.95505],[87.50799,21.95679],[87.5063,21.95805],[87.50155,21.9593],[87.50027,21.95929],[87.49758,21.95754],[87.48952,21.95678],[87.48597,21.95712],[87.48591,21.95991],[87.48472,21.96138],[87.48434,21.96298],[87.48479,21.96672],[87.4846,21.96959],[87.48143,21.9781],[87.47919,21.97969],[87.48091,21.98333],[87.48282,21.98221],[87.48345,21.9823],[87.48324,21.99013],[87.48263,21.99039],[87.4865,21.98922],[87.48995,21.98961],[87.49036,21.98903],[87.49187,21.98866],[87.50142,21.98817],[87.50141,21.99006],[87.50259,21.98988],[87.50268,21.99076],[87.50545,21.99092],[87.50626,21.99537],[87.50843,21.99544],[87.50854,21.99424],[87.51027,21.99393],[87.51094,21.99331],[87.51492,21.99322],[87.5151,21.99435],[87.51731,21.99421],[87.51674,21.99126],[87.51714,21.99065],[87.5182,21.99042],[87.51815,21.98953],[87.5188,21.98854],[87.5212,21.9885],[87.5218,21.98791],[87.52177,21.98523],[87.52847,21.9849],[87.52848,21.98309],[87.52786,21.98323],[87.52712,21.9821],[87.52686,21.97956],[87.52702,21.9789],[87.52767,21.97861],[87.52721,21.97808],[87.52727,21.97631],[87.52793,21.97628],[87.52763,21.97445],[87.52568,21.9748],[87.52557,21.97632],[87.52474,21.97625],[87.52473,21.97481],[87.52363,21.9749],[87.52347,21.9741],[87.52303,21.97401],[87.52206,21.97498],[87.52097,21.97456],[87.5201,21.97346],[87.52037,21.97264],[87.51998,21.97059],[87.52156,21.9707],[87.52214,21.96982],[87.52265,21.9712],[87.52436,21.97141],[87.52667,21.97041],[87.52674,21.96967],[87.52587,21.96952],[87.52547,21.96874],[87.52586,21.96791],[87.52428,21.96795],[87.52348,21.96597],[87.5235,21.96442],[87.52478,21.96399],[87.52531,21.96157],[87.52486,21.95809],[87.52579,21.95705],[87.5259,21.95278],[87.5266,21.95274],[87.52646,21.95212],[87.52742,21.95183],[87.52971,21.95194],[87.53014,21.95111],[87.53623,21.95007],[87.53664,21.94897],[87.53653,21.94606],[87.53731,21.94467],[87.5373,21.94361],[87.53644,21.9427],[87.53648,21.94044],[87.5374,21.93969],[87.53826,21.93975],[87.53858,21.93863],[87.53667,21.93637],[87.537,21.9355],[87.53789,21.93505],[87.53845,21.93537],[87.54062,21.93481],[87.54169,21.9351],[87.54168,21.92888],[87.54228,21.92539],[87.54185,21.92237],[87.5388,21.92241],[87.53819,21.92217],[87.538,21.92145],[87.5359,21.92134],[87.53307,21.92023],[87.52583,21.92008],[87.52539,21.91947],[87.5242,21.91949],[87.52382,21.91739],[87.52421,21.91643],[87.52262,21.91283],[87.52064,21.91338],[87.51852,21.91473],[87.51667,21.91472],[87.51345,21.91703],[87.51137,21.92051],[87.51162,21.92358],[87.50925,21.92605],[87.50888,21.93135],[87.50932,21.93376],[87.50896,21.93412]]]}},{"type":"Feature","bbox":[87.88681,22.38193,87.94017,22.42996],"properties":{"kind":"gp","gp":"Kharui-I","block":"Shahid Matangini","lgd":110200},"geometry":{"type":"Polygon","coordinates":[[[87.88878,22.39351],[87.89115,22.39467],[87.89496,22.3959],[87.89517,22.39675],[87.89443,22.39711],[87.89384,22.39824],[87.8947,22.40041],[87.89461,22.40495],[87.89168,22.405],[87.89154,22.40908],[87.89196,22.41135],[87.89718,22.41206],[87.89664,22.41688],[87.89832,22.41741],[87.90054,22.41898],[87.89686,22.42323],[87.89927,22.42996],[87.91398,22.42647],[87.92025,22.42447],[87.92568,22.42155],[87.93134,22.41764],[87.9333,22.41578],[87.93529,22.41285],[87.93898,22.40507],[87.93977,22.40169],[87.94017,22.3954],[87.92936,22.39248],[87.92924,22.39467],[87.92698,22.39532],[87.9267,22.39747],[87.92591,22.39656],[87.9251,22.39691],[87.92264,22.39429],[87.92058,22.39413],[87.92002,22.39358],[87.91953,22.39361],[87.9194,22.39496],[87.91842,22.39512],[87.91819,22.39463],[87.91657,22.3943],[87.91526,22.39517],[87.91417,22.39377],[87.91413,22.39502],[87.91331,22.39607],[87.9104,22.39747],[87.90799,22.39829],[87.90554,22.3976],[87.90446,22.39812],[87.90428,22.39763],[87.90527,22.39684],[87.90454,22.39607],[87.90522,22.39566],[87.90467,22.39392],[87.90308,22.39377],[87.90224,22.3931],[87.90207,22.39226],[87.90102,22.39171],[87.90157,22.38935],[87.90101,22.38848],[87.89922,22.38815],[87.89817,22.38598],[87.89747,22.3828],[87.89484,22.38193],[87.89509,22.38292],[87.8943,22.38389],[87.89193,22.38476],[87.89177,22.38581],[87.88681,22.38593],[87.8877,22.39394],[87.88878,22.39351]]]}},{"type":"Feature","bbox":[87.89747,22.3741,87.94201,22.39829],"properties":{"kind":"gp","gp":"Kharui-Ii","block":"Shahid Matangini","lgd":110201},"geometry":{"type":"Polygon","coordinates":[[[87.91586,22.3839],[87.91618,22.37957],[87.91593,22.37897],[87.91488,22.37856],[87.91434,22.37496],[87.91378,22.37453],[87.90944,22.37487],[87.90878,22.3741],[87.90832,22.37474],[87.90667,22.37456],[87.90504,22.3753],[87.90334,22.3748],[87.90387,22.37538],[87.90356,22.37639],[87.906,22.37871],[87.90683,22.37809],[87.90798,22.37883],[87.90816,22.37982],[87.90974,22.38004],[87.91149,22.3819],[87.91193,22.38317],[87.91105,22.38352],[87.91082,22.38308],[87.9091,22.38385],[87.90619,22.38332],[87.90303,22.38429],[87.90291,22.38358],[87.90214,22.38351],[87.90159,22.38265],[87.89976,22.38238],[87.89747,22.3828],[87.89817,22.38598],[87.89922,22.38815],[87.90101,22.38848],[87.90157,22.38935],[87.90102,22.39171],[87.90207,22.39226],[87.90224,22.3931],[87.90308,22.39377],[87.90467,22.39392],[87.90522,22.39566],[87.90454,22.39607],[87.90527,22.39684],[87.90428,22.39763],[87.90446,22.39812],[87.90554,22.3976],[87.90799,22.39829],[87.9104,22.39747],[87.91331,22.39607],[87.91413,22.39502],[87.91417,22.39377],[87.91526,22.39517],[87.91657,22.3943],[87.91819,22.39463],[87.91842,22.39512],[87.9194,22.39496],[87.91953,22.39361],[87.92002,22.39358],[87.92058,22.39413],[87.92264,22.39429],[87.9251,22.39691],[87.92591,22.39656],[87.9267,22.39747],[87.92698,22.39532],[87.92924,22.39467],[87.92936,22.39248],[87.94017,22.3954],[87.94201,22.38833],[87.93084,22.38647],[87.92921,22.38671],[87.9268,22.3855],[87.91586,22.3839]]]}},{"type":"Feature","bbox":[87.8801,21.79987,88.00144,21.90548],"properties":{"kind":"gp","gp":"Khejuri","block":"Khejuri-II","lgd":110084},"geometry":{"type":"MultiPolygon","coordinates":[[[[87.89862,21.80594],[87.89709,21.80327],[87.89453,21.80271],[87.89336,21.80104],[87.89168,21.80106],[87.89137,21.80057],[87.89019,21.80037],[87.88894,21.80077],[87.88513,21.79987],[87.88391,21.80051],[87.88232,21.80018],[87.88182,21.8038],[87.8801,21.80907],[87.8839,21.81006],[87.88486,21.81101],[87.88767,21.81171],[87.88961,21.81034],[87.89756,21.80893],[87.89832,21.80804],[87.89815,21.80722],[87.89905,21.80737],[87.90005,21.80647],[87.89862,21.80594]]],[[[87.94606,21.82913],[87.94271,21.82597],[87.94224,21.82624],[87.94247,21.82809],[87.94394,21.83038],[87.94314,21.83343],[87.94406,21.83415],[87.94461,21.83582],[87.94514,21.83578],[87.94453,21.83793],[87.94215,21.83849],[87.93904,21.84292],[87.93804,21.84668],[87.93964,21.84887],[87.94151,21.84652],[87.94397,21.84688],[87.94357,21.84948],[87.94768,21.85302],[87.94846,21.85424],[87.94945,21.85467],[87.95022,21.85613],[87.9501,21.85848],[87.94819,21.86044],[87.94495,21.86064],[87.94168,21.86024],[87.94032,21.86106],[87.93969,21.86184],[87.93974,21.86335],[87.93906,21.8638],[87.93901,21.86507],[87.93979,21.86644],[87.94157,21.86608],[87.9417,21.86658],[87.94098,21.8671],[87.93749,21.86677],[87.93642,21.8698],[87.9333,21.87369],[87.93515,21.87659],[87.93401,21.87683],[87.93414,21.87962],[87.9288,21.87915],[87.92917,21.87937],[87.92918,21.88161],[87.92839,21.88339],[87.92863,21.8869],[87.92962,21.89048],[87.92923,21.89637],[87.93249,21.89691],[87.93301,21.89806],[87.93377,21.89838],[87.93813,21.8986],[87.93808,21.89719],[87.94041,21.89426],[87.9404,21.89362],[87.94447,21.89406],[87.94413,21.89754],[87.94824,21.89812],[87.94801,21.89705],[87.95134,21.89606],[87.95246,21.89636],[87.95399,21.89827],[87.95447,21.89978],[87.9573,21.89906],[87.95793,21.9015],[87.96531,21.89901],[87.96518,21.89606],[87.96706,21.89349],[87.96955,21.89168],[87.975,21.89036],[87.97942,21.8903],[87.98211,21.89095],[87.98288,21.89167],[87.98395,21.89436],[87.98581,21.89545],[87.98643,21.89802],[87.98898,21.89915],[87.98931,21.90169],[87.99172,21.9037],[88.0,21.90534],[88.0,21.90469],[88.00144,21.90548],[88.00123,21.9042],[87.99481,21.89291],[87.98623,21.88266],[87.97763,21.86864],[87.9755,21.8659],[87.97358,21.86439],[87.9729,21.86522],[87.97271,21.87041],[87.96624,21.86677],[87.96621,21.86459],[87.96555,21.86434],[87.96705,21.86065],[87.96693,21.85941],[87.96797,21.85936],[87.96816,21.85862],[87.96918,21.85864],[87.96942,21.85752],[87.96835,21.85523],[87.96576,21.85194],[87.96311,21.84934],[87.96125,21.84819],[87.95838,21.84388],[87.95525,21.84133],[87.95458,21.83962],[87.95373,21.83883],[87.9534,21.83725],[87.94922,21.8357],[87.94835,21.83337],[87.94516,21.83574],[87.94812,21.83293],[87.94606,21.82913]]]]}},{"type":"Feature","bbox":[87.88567,21.99993,87.92752,22.04827],"properties":{"kind":"gp","gp":"Khodambari-I","block":"Nandigram-II","lgd":110147},"geometry":{"type":"Polygon","coordinates":[[[87.92326,22.01737],[87.92246,22.01463],[87.92251,22.00963],[87.92203,22.00812],[87.91862,22.00489],[87.91682,22.00537],[87.91547,22.00525],[87.91517,22.00481],[87.91642,22.00169],[87.91605,21.99993],[87.9117,22.00123],[87.90937,22.00273],[87.90667,22.00774],[87.9053,22.00816],[87.90001,22.00821],[87.89934,22.0088],[87.90131,22.01203],[87.8948,22.01479],[87.89305,22.01676],[87.89257,22.02093],[87.89103,22.02448],[87.89157,22.02531],[87.89293,22.02584],[87.89323,22.02834],[87.89501,22.03063],[87.89526,22.03527],[87.89615,22.03729],[87.8959,22.03779],[87.8926,22.03894],[87.89228,22.0401],[87.89133,22.04089],[87.88567,22.04181],[87.8873,22.0445],[87.8908,22.04422],[87.89204,22.04311],[87.8967,22.04227],[87.89747,22.0417],[87.89828,22.04002],[87.8991,22.03962],[87.90146,22.04038],[87.90219,22.03975],[87.90482,22.04033],[87.9053,22.0418],[87.90743,22.0427],[87.90783,22.04366],[87.90739,22.04516],[87.90835,22.04567],[87.9111,22.04416],[87.91182,22.04445],[87.91231,22.0438],[87.91347,22.0438],[87.9138,22.04513],[87.91538,22.04752],[87.91422,22.04823],[87.91664,22.04785],[87.91786,22.04827],[87.91904,22.04582],[87.92116,22.0442],[87.92065,22.04208],[87.91883,22.03883],[87.92021,22.03771],[87.92306,22.03726],[87.92582,22.0401],[87.92602,22.03866],[87.92752,22.03694],[87.92677,22.03418],[87.92744,22.03229],[87.9275,22.02984],[87.92565,22.02641],[87.92443,22.02525],[87.92423,22.02206],[87.9233,22.02034],[87.92326,22.01737]]]}},{"type":"Feature","bbox":[87.8908,22.03682,87.94789,22.07246],"properties":{"kind":"gp","gp":"Khodambari-Ii","block":"Nandigram-II","lgd":110148},"geometry":{"type":"Polygon","coordinates":[[[87.92659,22.04125],[87.92687,22.04062],[87.92641,22.03973],[87.92582,22.0401],[87.92306,22.03726],[87.92021,22.03771],[87.91883,22.03883],[87.92065,22.04208],[87.92116,22.0442],[87.91904,22.04582],[87.91786,22.04827],[87.91664,22.04785],[87.91422,22.04823],[87.91538,22.04752],[87.9138,22.04513],[87.91347,22.0438],[87.91231,22.0438],[87.91182,22.04445],[87.9111,22.04416],[87.90835,22.04567],[87.90739,22.04516],[87.90783,22.04366],[87.90743,22.0427],[87.9053,22.0418],[87.90482,22.04033],[87.90219,22.03975],[87.90146,22.04038],[87.8991,22.03962],[87.89828,22.04002],[87.89747,22.0417],[87.8967,22.04227],[87.89204,22.04311],[87.89113,22.04368],[87.8908,22.04572],[87.89189,22.04992],[87.89273,22.05075],[87.89359,22.05336],[87.89459,22.05418],[87.89896,22.05521],[87.89909,22.05657],[87.89831,22.05764],[87.89748,22.06039],[87.89884,22.06484],[87.90008,22.06494],[87.90073,22.06759],[87.90368,22.06765],[87.90383,22.06715],[87.90491,22.0671],[87.911,22.0673],[87.91216,22.06896],[87.9159,22.07167],[87.9197,22.07246],[87.92167,22.07214],[87.92161,22.07062],[87.92227,22.06944],[87.92549,22.06856],[87.92661,22.0639],[87.92801,22.0633],[87.92955,22.0632],[87.93037,22.0663],[87.93155,22.06725],[87.93578,22.06687],[87.93584,22.06739],[87.93669,22.0676],[87.93634,22.06464],[87.9374,22.06512],[87.94253,22.06507],[87.94214,22.06349],[87.94348,22.06316],[87.94447,22.06195],[87.94438,22.06115],[87.94364,22.06047],[87.94402,22.0592],[87.94327,22.05901],[87.94274,22.05781],[87.94299,22.05707],[87.94432,22.05665],[87.94423,22.05589],[87.94584,22.05611],[87.94789,22.05393],[87.94591,22.05254],[87.94312,22.04793],[87.94244,22.04547],[87.94275,22.04315],[87.94166,22.04139],[87.9409,22.04105],[87.94031,22.03872],[87.93655,22.03914],[87.93567,22.03682],[87.93392,22.03779],[87.93314,22.03779],[87.93327,22.03694],[87.93199,22.03758],[87.93205,22.03859],[87.93035,22.04029],[87.92659,22.04125]]]}},{"type":"Feature","bbox":[87.94766,22.13473,88.05424,22.21097],"properties":{"kind":"gp","gp":"Kismatnaikundi","block":"Mahishadal","lgd":110104},"geometry":{"type":"MultiPolygon","coordinates":[[[[88.04265,22.15985],[88.04412,22.1594],[88.04523,22.16032],[88.05251,22.15986],[88.0533,22.15815],[88.05348,22.15592],[88.05424,22.15531],[88.05287,22.15372],[88.05022,22.15457],[88.03833,22.15608],[88.03788,22.15402],[88.03622,22.15422],[88.03613,22.15275],[88.03506,22.15057],[88.03589,22.14699],[88.03527,22.14718],[88.03303,22.14649],[88.03266,22.14586],[88.03348,22.14452],[88.03414,22.14445],[88.03453,22.14345],[88.03371,22.14219],[88.03355,22.1402],[88.03493,22.13715],[88.03415,22.13529],[88.03363,22.13473],[88.03303,22.13588],[88.02929,22.13596],[88.02771,22.13654],[88.02729,22.13698],[88.02737,22.13894],[88.02509,22.13952],[88.02456,22.14167],[88.02576,22.14395],[88.02678,22.14452],[88.02698,22.14587],[88.02627,22.14568],[88.0262,22.14508],[88.02536,22.14531],[88.02458,22.14713],[88.02369,22.1479],[88.02244,22.14797],[88.02066,22.14893],[88.0201,22.15037],[88.0208,22.15177],[88.02,22.15268],[88.01798,22.15286],[88.01743,22.15441],[88.01795,22.15494],[88.01639,22.15729],[88.01657,22.16228],[88.01932,22.16201],[88.02421,22.16039],[88.02609,22.16321],[88.02756,22.1635],[88.02823,22.16445],[88.02826,22.16626],[88.02784,22.16678],[88.02826,22.16823],[88.02953,22.16843],[88.0319,22.16724],[88.03236,22.16821],[88.03525,22.16756],[88.036,22.17002],[88.03662,22.17006],[88.03717,22.17109],[88.03815,22.17119],[88.03972,22.16963],[88.04093,22.16633],[88.04067,22.1654],[88.04265,22.15985]]],[[[87.96583,22.15784],[87.96475,22.16009],[87.96208,22.16132],[87.96326,22.16418],[87.96262,22.1656],[87.96414,22.16666],[87.96462,22.16784],[87.96528,22.16778],[87.96469,22.17],[87.96209,22.17425],[87.96304,22.17601],[87.96465,22.17581],[87.96614,22.17626],[87.96653,22.1759],[87.96829,22.17679],[87.96945,22.17662],[87.97002,22.17723],[87.96994,22.17932],[87.97059,22.17993],[87.97227,22.18018],[87.97148,22.18124],[87.9719,22.18337],[87.97354,22.1834],[87.97333,22.18864],[87.97392,22.18961],[87.97748,22.19033],[87.98011,22.1897],[87.9807,22.18829],[87.97935,22.18722],[87.9803,22.18603],[87.97893,22.18485],[87.97762,22.18198],[87.97767,22.1788],[87.97816,22.17805],[87.97747,22.17281],[87.97799,22.17131],[87.98134,22.1711],[87.98265,22.16997],[87.98139,22.16526],[87.98214,22.1633],[87.98099,22.16233],[87.97929,22.16314],[87.97861,22.16458],[87.97767,22.16523],[87.976,22.16168],[87.97433,22.16219],[87.97414,22.16174],[87.97331,22.16205],[87.97305,22.16312],[87.97193,22.16345],[87.97222,22.16426],[87.97189,22.16477],[87.9681,22.16188],[87.96583,22.15784]]],[[[87.95144,22.16604],[87.95161,22.1668],[87.95089,22.1671],[87.9507,22.16802],[87.94822,22.16779],[87.94829,22.16945],[87.94766,22.17115],[87.94792,22.17453],[87.94953,22.17898],[87.95137,22.1798],[87.95269,22.18288],[87.95531,22.183],[87.95414,22.18521],[87.95415,22.1876],[87.95557,22.19098],[87.95699,22.19209],[87.95606,22.19335],[87.95593,22.19434],[87.95764,22.20095],[87.95939,22.20258],[87.96002,22.20037],[87.96122,22.20015],[87.96208,22.20101],[87.96316,22.20077],[87.96362,22.20176],[87.96338,22.20253],[87.96526,22.20419],[87.96462,22.20502],[87.96628,22.20647],[87.96903,22.20648],[87.96904,22.20734],[87.97082,22.20805],[87.97394,22.20736],[87.97541,22.20754],[87.97623,22.2078],[87.97635,22.20916],[87.9771,22.20945],[87.97825,22.20898],[87.97852,22.2102],[87.97965,22.21011],[87.98129,22.21097],[87.9823,22.20967],[87.98233,22.20843],[87.98144,22.20712],[87.982,22.20436],[87.98354,22.2016],[87.98019,22.20147],[87.98015,22.20087],[87.9762,22.20165],[87.97324,22.2015],[87.97207,22.19754],[87.9726,22.1962],[87.97205,22.19517],[87.97107,22.195],[87.97197,22.19322],[87.97301,22.19241],[87.97254,22.18999],[87.97228,22.18966],[87.97088,22.19057],[87.96843,22.19066],[87.96646,22.18735],[87.96397,22.1877],[87.9644,22.18706],[87.96423,22.1856],[87.96228,22.1848],[87.96174,22.18527],[87.96126,22.18492],[87.96093,22.18414],[87.96154,22.18347],[87.96111,22.18304],[87.96119,22.18046],[87.95979,22.17467],[87.95976,22.17268],[87.95757,22.16799],[87.95721,22.1654],[87.9557,22.16533],[87.95246,22.16618],[87.95144,22.16604]]]]}},{"type":"Feature","bbox":[87.84731,22.4263,87.88179,22.44871],"properties":{"kind":"gp","gp":"Kola-I","block":"Kolaghat","lgd":110093},"geometry":{"type":"Polygon","coordinates":[[[87.8482,22.42697],[87.84731,22.42801],[87.84889,22.42818],[87.84934,22.43202],[87.85171,22.43225],[87.85184,22.43345],[87.85265,22.43341],[87.85239,22.43218],[87.853,22.43241],[87.85316,22.43323],[87.85443,22.43324],[87.85552,22.4324],[87.85556,22.43164],[87.85664,22.43153],[87.85665,22.43267],[87.85738,22.43392],[87.85707,22.43459],[87.85285,22.43617],[87.85262,22.43778],[87.85328,22.44067],[87.85783,22.44199],[87.86122,22.44235],[87.86394,22.44374],[87.86841,22.4451],[87.86834,22.44664],[87.86777,22.4475],[87.86844,22.4483],[87.87479,22.44871],[87.87524,22.44664],[87.87813,22.44122],[87.88179,22.43765],[87.88063,22.43665],[87.87939,22.43697],[87.87685,22.4361],[87.87301,22.43556],[87.87114,22.43417],[87.87077,22.43348],[87.87116,22.42908],[87.8701,22.42903],[87.86913,22.42967],[87.86924,22.43105],[87.86695,22.43215],[87.86545,22.43281],[87.86501,22.43225],[87.86251,22.43236],[87.8615,22.43263],[87.86147,22.43335],[87.86051,22.434],[87.85978,22.43407],[87.85955,22.43251],[87.86062,22.4292],[87.86246,22.42761],[87.86335,22.42644],[87.86296,22.4263],[87.8482,22.42697]]]}},{"type":"Feature","bbox":[87.83927,22.44711,87.88152,22.47206],"properties":{"kind":"gp","gp":"Kola-Ii","block":"Kolaghat","lgd":110094},"geometry":{"type":"Polygon","coordinates":[[[87.84147,22.46108],[87.84217,22.46245],[87.84364,22.46237],[87.84386,22.46347],[87.8449,22.46397],[87.84564,22.46631],[87.84514,22.46697],[87.84426,22.46649],[87.84414,22.4672],[87.84073,22.46717],[87.84066,22.46819],[87.8428,22.46917],[87.843,22.47117],[87.84716,22.47079],[87.85073,22.47147],[87.85121,22.47206],[87.85418,22.47114],[87.85402,22.46978],[87.85459,22.46934],[87.85535,22.46978],[87.8576,22.46977],[87.8588,22.46739],[87.86015,22.46704],[87.86179,22.46527],[87.86258,22.46523],[87.86316,22.46584],[87.86616,22.46466],[87.86726,22.46331],[87.86763,22.4638],[87.8692,22.464],[87.86942,22.46498],[87.86862,22.4667],[87.86936,22.46702],[87.86969,22.46621],[87.87088,22.46594],[87.87159,22.46631],[87.87234,22.46567],[87.87254,22.46621],[87.8721,22.46664],[87.87298,22.46728],[87.87504,22.46685],[87.87641,22.46563],[87.87845,22.46484],[87.88152,22.46465],[87.87611,22.45674],[87.87035,22.45688],[87.87014,22.45891],[87.86908,22.45964],[87.86878,22.46056],[87.86745,22.45957],[87.86393,22.45875],[87.85962,22.45879],[87.85864,22.456],[87.85722,22.45513],[87.85992,22.45305],[87.85927,22.45029],[87.85703,22.44917],[87.85549,22.44925],[87.85417,22.44805],[87.85183,22.44716],[87.84516,22.44711],[87.84291,22.44796],[87.84339,22.45285],[87.83927,22.45374],[87.84028,22.46116],[87.84147,22.46108]]]}},{"type":"Feature","bbox":[87.7392,22.00666,87.80035,22.06975],"properties":{"kind":"gp","gp":"Kotbarh","block":"Bhagawanpur-I","lgd":110008},"geometry":{"type":"Polygon","coordinates":[[[87.76069,22.01054],[87.75979,22.00854],[87.75106,22.0113],[87.74505,22.01158],[87.7449,22.01453],[87.74702,22.01492],[87.74873,22.01354],[87.74982,22.01967],[87.74835,22.0201],[87.74486,22.01904],[87.74459,22.0202],[87.74023,22.0191],[87.74033,22.02078],[87.7392,22.02235],[87.73978,22.02254],[87.7405,22.02179],[87.74147,22.0233],[87.74202,22.02296],[87.74228,22.02414],[87.74358,22.02417],[87.74466,22.02576],[87.74429,22.02653],[87.74435,22.03077],[87.74162,22.03242],[87.74257,22.03424],[87.74108,22.03993],[87.74178,22.04016],[87.74254,22.04141],[87.7425,22.04261],[87.75226,22.04453],[87.7508,22.04925],[87.75318,22.05043],[87.75352,22.05141],[87.7551,22.05271],[87.75494,22.05384],[87.75373,22.05369],[87.75327,22.05429],[87.75065,22.05473],[87.75054,22.05587],[87.75253,22.06235],[87.7512,22.06251],[87.75075,22.06329],[87.75072,22.06629],[87.75256,22.06678],[87.75364,22.06899],[87.75353,22.06975],[87.75447,22.06939],[87.75444,22.06895],[87.75691,22.06815],[87.75696,22.06709],[87.76016,22.06652],[87.76182,22.06568],[87.76174,22.0637],[87.76568,22.06389],[87.76684,22.06299],[87.76934,22.06251],[87.76987,22.06261],[87.76971,22.06382],[87.77008,22.06434],[87.77244,22.06568],[87.77646,22.06533],[87.77708,22.06652],[87.77945,22.06593],[87.77962,22.06683],[87.78076,22.06607],[87.78123,22.06771],[87.78287,22.06753],[87.78284,22.06695],[87.78488,22.06682],[87.78501,22.06564],[87.78589,22.06531],[87.78511,22.06396],[87.78557,22.0637],[87.7881,22.06462],[87.79171,22.06184],[87.79693,22.05912],[87.80004,22.06004],[87.80035,22.05894],[87.79888,22.05869],[87.79857,22.05609],[87.79603,22.05286],[87.79462,22.05003],[87.79176,22.04656],[87.7902,22.04313],[87.78779,22.03975],[87.78849,22.03895],[87.78808,22.0379],[87.78629,22.03627],[87.78561,22.0366],[87.78508,22.0361],[87.78413,22.03358],[87.7823,22.0314],[87.77727,22.03125],[87.77715,22.02702],[87.78138,22.02665],[87.78078,22.01835],[87.78115,22.01277],[87.7805,22.00669],[87.77355,22.00666],[87.76586,22.00959],[87.76069,22.01054]]]}},{"type":"Feature","bbox":[88.07933,22.15625,88.14694,22.1922],"properties":{"kind":"gp","gp":"Kukrahati","block":"Sutahata","lgd":110211},"geometry":{"type":"Polygon","coordinates":[[[88.10302,22.15819],[88.10253,22.15944],[88.09681,22.16082],[88.09557,22.16151],[88.09485,22.16105],[88.09485,22.1604],[88.09347,22.15988],[88.09352,22.16045],[88.09232,22.16184],[88.09211,22.16411],[88.09171,22.16393],[88.09177,22.16303],[88.0883,22.16278],[88.08783,22.16391],[88.08639,22.16353],[88.08379,22.1648],[88.08246,22.16456],[88.07933,22.16642],[88.08131,22.16835],[88.08391,22.16912],[88.08437,22.17014],[88.08534,22.17034],[88.08495,22.17126],[88.08528,22.1725],[88.08799,22.17315],[88.08834,22.17767],[88.08765,22.18034],[88.08913,22.18028],[88.09076,22.18647],[88.09234,22.18758],[88.09515,22.19099],[88.09772,22.19065],[88.09985,22.1915],[88.10103,22.19057],[88.10337,22.1922],[88.11174,22.18934],[88.1186,22.18793],[88.12164,22.18677],[88.12328,22.18697],[88.12922,22.1858],[88.1306,22.18653],[88.13377,22.18572],[88.13668,22.1842],[88.1389,22.18078],[88.14104,22.17912],[88.14448,22.17334],[88.14474,22.1721],[88.14694,22.16907],[88.14456,22.1679],[88.1441,22.16928],[88.1403,22.16834],[88.13846,22.16898],[88.13878,22.17371],[88.1361,22.17412],[88.13672,22.17476],[88.13723,22.17727],[88.13168,22.17837],[88.13005,22.17826],[88.12985,22.17667],[88.12815,22.17536],[88.12528,22.1757],[88.12475,22.17685],[88.12246,22.17673],[88.12063,22.17741],[88.12083,22.17861],[88.11966,22.17863],[88.11807,22.17568],[88.12102,22.17439],[88.12101,22.17309],[88.122,22.17258],[88.12138,22.16884],[88.12338,22.16801],[88.12193,22.16554],[88.11795,22.16541],[88.11718,22.16326],[88.1172,22.16194],[88.11844,22.16141],[88.1188,22.16188],[88.12114,22.1615],[88.1211,22.15976],[88.11948,22.15977],[88.11813,22.1587],[88.11811,22.158],[88.11692,22.15752],[88.11546,22.1574],[88.11433,22.15788],[88.11151,22.15626],[88.10983,22.15625],[88.10938,22.15746],[88.10302,22.15819]]]}},{"type":"Feature","bbox":[87.86732,22.03223,87.89909,22.07543],"properties":{"kind":"gp","gp":"Kulbari","block":"Chandipur","lgd":110028},"geometry":{"type":"Polygon","coordinates":[[[87.89748,22.06039],[87.89831,22.05764],[87.89909,22.05657],[87.89896,22.05521],[87.89459,22.05418],[87.89359,22.05336],[87.89273,22.05075],[87.89189,22.04992],[87.8908,22.04422],[87.8873,22.0445],[87.88195,22.03521],[87.87946,22.03248],[87.87624,22.03223],[87.87072,22.03355],[87.86732,22.03355],[87.86802,22.04109],[87.8687,22.04382],[87.87282,22.05292],[87.8748,22.05459],[87.87799,22.05576],[87.8784,22.05672],[87.87789,22.05926],[87.87849,22.05952],[87.87583,22.06183],[87.87651,22.06362],[87.8753,22.06643],[87.87382,22.06679],[87.87337,22.06738],[87.87353,22.06945],[87.87303,22.07039],[87.87196,22.07029],[87.87107,22.07167],[87.87057,22.07147],[87.86961,22.07234],[87.86938,22.07328],[87.87042,22.07424],[87.87294,22.07543],[87.87559,22.07324],[87.87811,22.07262],[87.88025,22.07348],[87.88615,22.07307],[87.88731,22.07197],[87.88789,22.0724],[87.89072,22.06917],[87.89023,22.06858],[87.89121,22.06804],[87.89245,22.06888],[87.89404,22.06789],[87.89454,22.06348],[87.8957,22.06231],[87.89811,22.06222],[87.89748,22.06039]]]}},{"type":"Feature","bbox":[87.90956,22.16961,87.95414,22.21937],"properties":{"kind":"gp","gp":"Kumarara","block":"Nandakumar","lgd":110127},"geometry":{"type":"Polygon","coordinates":[[[87.93215,22.17319],[87.93194,22.17108],[87.93141,22.17039],[87.9286,22.17077],[87.92667,22.16961],[87.92601,22.17418],[87.92691,22.17837],[87.92498,22.1811],[87.92373,22.1806],[87.92346,22.18144],[87.92167,22.18138],[87.92049,22.18054],[87.92006,22.17951],[87.92033,22.17723],[87.91965,22.17524],[87.91506,22.17707],[87.91272,22.17704],[87.91138,22.17775],[87.91085,22.17907],[87.91021,22.1791],[87.90961,22.18],[87.90956,22.18076],[87.91011,22.18058],[87.91136,22.18255],[87.91176,22.18245],[87.91188,22.18102],[87.91583,22.18077],[87.91432,22.18326],[87.91475,22.18441],[87.9156,22.18429],[87.91592,22.18555],[87.92006,22.18568],[87.92034,22.18627],[87.92161,22.18662],[87.92176,22.18852],[87.92107,22.19049],[87.92132,22.19115],[87.92368,22.19201],[87.92384,22.19347],[87.92279,22.19813],[87.9235,22.19856],[87.92417,22.20356],[87.92488,22.21397],[87.92462,22.21512],[87.92788,22.21479],[87.92903,22.21371],[87.92934,22.21215],[87.93006,22.21211],[87.93093,22.21314],[87.93375,22.21285],[87.93515,22.21931],[87.9362,22.21937],[87.93631,22.21846],[87.93702,22.21808],[87.93823,22.21873],[87.94033,22.2179],[87.94131,22.2182],[87.94339,22.21775],[87.94534,22.21823],[87.94586,22.21756],[87.9459,22.21088],[87.94678,22.21012],[87.94704,22.20703],[87.94738,22.20614],[87.95082,22.20573],[87.95113,22.20489],[87.95077,22.20291],[87.95248,22.19994],[87.95284,22.19735],[87.94989,22.19622],[87.94907,22.19403],[87.94803,22.19352],[87.94629,22.19354],[87.94548,22.19025],[87.94627,22.1892],[87.9497,22.18729],[87.95402,22.18655],[87.95414,22.18521],[87.95055,22.18591],[87.95057,22.18489],[87.94982,22.18462],[87.94882,22.18487],[87.94853,22.18601],[87.9473,22.18654],[87.94663,22.18566],[87.94641,22.18276],[87.94576,22.18208],[87.94578,22.17959],[87.94372,22.17384],[87.9445,22.17327],[87.94553,22.17349],[87.94501,22.17242],[87.94317,22.17282],[87.94284,22.17332],[87.94279,22.17649],[87.93787,22.1775],[87.93672,22.17902],[87.93464,22.17604],[87.93429,22.17432],[87.9331,22.17415],[87.93215,22.17319]]]}},{"type":"Feature","bbox":[87.83894,22.20401,87.87688,22.26085],"properties":{"kind":"gp","gp":"Kumarchak","block":"Nandakumar","lgd":110128},"geometry":{"type":"Polygon","coordinates":[[[87.86099,22.2159],[87.86013,22.20901],[87.85951,22.20743],[87.8597,22.20648],[87.86046,22.20576],[87.86011,22.20401],[87.85644,22.20465],[87.85603,22.20574],[87.85381,22.20737],[87.85293,22.20741],[87.85159,22.21061],[87.85221,22.21084],[87.8511,22.2138],[87.84706,22.21498],[87.84377,22.21406],[87.84264,22.21409],[87.84226,22.21452],[87.8409,22.21721],[87.84158,22.219],[87.84201,22.22296],[87.83945,22.22468],[87.83964,22.22575],[87.84055,22.22685],[87.83894,22.23092],[87.8395,22.23224],[87.84124,22.23373],[87.84156,22.23499],[87.84124,22.23572],[87.83911,22.23718],[87.8416,22.24079],[87.84163,22.24459],[87.84134,22.24652],[87.8396,22.24785],[87.83912,22.2493],[87.84009,22.25196],[87.84121,22.25307],[87.84212,22.25634],[87.84585,22.25154],[87.84719,22.25164],[87.84948,22.25537],[87.85068,22.2586],[87.85337,22.25865],[87.86352,22.25697],[87.86283,22.25913],[87.86181,22.25981],[87.86216,22.26067],[87.86513,22.26079],[87.86648,22.26036],[87.87414,22.26085],[87.8749,22.26052],[87.87688,22.2551],[87.87523,22.25497],[87.87518,22.25617],[87.87294,22.25618],[87.87285,22.25532],[87.87345,22.25457],[87.87322,22.25413],[87.87213,22.25411],[87.87197,22.25491],[87.87074,22.25531],[87.86983,22.25543],[87.86923,22.2549],[87.86686,22.25582],[87.86558,22.25532],[87.86446,22.25353],[87.86434,22.25158],[87.86285,22.2495],[87.86203,22.23725],[87.86508,22.23704],[87.86389,22.23401],[87.86327,22.23051],[87.86105,22.22987],[87.8596,22.22659],[87.85944,22.22519],[87.86024,22.225],[87.86063,22.22136],[87.86004,22.22041],[87.85992,22.21774],[87.86013,22.21636],[87.86099,22.2159]]]}},{"type":"Feature","bbox":[87.70118,21.87155,87.76924,21.92022],"properties":{"kind":"gp","gp":"Kumirda","block":"Contai-III","lgd":110043},"geometry":{"type":"Polygon","coordinates":[[[87.70803,21.87527],[87.70619,21.87603],[87.70464,21.87497],[87.70357,21.87488],[87.70258,21.87343],[87.70118,21.87309],[87.70231,21.87781],[87.70538,21.88418],[87.70548,21.88538],[87.70693,21.88497],[87.71067,21.8904],[87.71661,21.8953],[87.72073,21.90063],[87.72004,21.90184],[87.72017,21.90256],[87.72108,21.90472],[87.72248,21.90652],[87.72285,21.908],[87.72127,21.90859],[87.72121,21.90944],[87.72504,21.91368],[87.72662,21.91698],[87.73286,21.91637],[87.73768,21.91979],[87.74057,21.92022],[87.74354,21.91956],[87.75108,21.91673],[87.75698,21.91744],[87.76501,21.91601],[87.76904,21.91602],[87.76904,21.91357],[87.76682,21.90525],[87.76924,21.89932],[87.76916,21.89809],[87.76771,21.89514],[87.76541,21.8951],[87.76491,21.88903],[87.75921,21.88783],[87.75799,21.88678],[87.75832,21.88468],[87.75603,21.88231],[87.75431,21.88182],[87.75077,21.8789],[87.74947,21.87992],[87.7495,21.88108],[87.74883,21.88233],[87.74952,21.88365],[87.74858,21.885],[87.74381,21.88448],[87.74396,21.8824],[87.74194,21.87667],[87.74021,21.87668],[87.73926,21.87412],[87.73815,21.87348],[87.73764,21.87182],[87.73631,21.87155],[87.73032,21.87162],[87.72456,21.87269],[87.72456,21.87419],[87.72289,21.87512],[87.72053,21.87392],[87.71792,21.8742],[87.71512,21.873],[87.71183,21.8739],[87.70995,21.87532],[87.70864,21.87565],[87.70803,21.87527]]]}},{"type":"Feature","bbox":[87.68594,21.7856,87.74998,21.84644],"properties":{"kind":"gp","gp":"Kusumpur","block":"Contai-III","lgd":110044},"geometry":{"type":"Polygon","coordinates":[[[87.71253,21.79976],[87.70946,21.80159],[87.70746,21.80219],[87.70179,21.80217],[87.69963,21.8011],[87.69541,21.80356],[87.69289,21.80636],[87.69096,21.80683],[87.68934,21.80931],[87.68971,21.81005],[87.69031,21.80998],[87.69175,21.81223],[87.69259,21.81767],[87.69171,21.81941],[87.68721,21.82277],[87.68676,21.82517],[87.68594,21.82632],[87.68602,21.82769],[87.6863,21.82914],[87.68783,21.83073],[87.68809,21.83017],[87.69065,21.83043],[87.69166,21.83183],[87.69344,21.83953],[87.69405,21.84644],[87.69705,21.8459],[87.6967,21.84374],[87.69764,21.84296],[87.70532,21.84119],[87.70442,21.83785],[87.70015,21.83642],[87.7006,21.83184],[87.7021,21.83004],[87.70381,21.82988],[87.70892,21.83145],[87.71175,21.83008],[87.71195,21.82919],[87.71475,21.82949],[87.71741,21.8287],[87.71792,21.82803],[87.72135,21.82631],[87.72741,21.82633],[87.73024,21.83106],[87.73241,21.83076],[87.7334,21.83005],[87.73383,21.82904],[87.73594,21.83101],[87.73588,21.83139],[87.73697,21.83172],[87.73705,21.83237],[87.73812,21.83247],[87.73898,21.83442],[87.73933,21.83698],[87.74376,21.83671],[87.74489,21.83599],[87.74586,21.83445],[87.74458,21.83287],[87.74348,21.82885],[87.74195,21.82744],[87.74307,21.82676],[87.74252,21.82383],[87.74398,21.82422],[87.74523,21.82385],[87.74608,21.82177],[87.74707,21.8157],[87.74844,21.81574],[87.74998,21.81161],[87.74636,21.81226],[87.74419,21.81178],[87.74154,21.80857],[87.73864,21.80746],[87.73353,21.80244],[87.73155,21.79871],[87.73082,21.79606],[87.73259,21.79577],[87.73344,21.79431],[87.73472,21.79424],[87.73522,21.79368],[87.73922,21.79398],[87.74057,21.79386],[87.74114,21.79322],[87.7379,21.79159],[87.73414,21.79212],[87.73394,21.79152],[87.72825,21.78842],[87.72621,21.7856],[87.72183,21.78944],[87.71931,21.78907],[87.7194,21.79036],[87.71611,21.79571],[87.71556,21.79884],[87.71253,21.79976]]]}},{"type":"Feature","bbox":[87.78304,21.96795,87.84778,22.00326],"properties":{"kind":"gp","gp":"Lakshi","block":"Khejuri-I","lgd":110079},"geometry":{"type":"Polygon","coordinates":[[[87.8407,21.97721],[87.843,21.97715],[87.84485,21.97483],[87.84507,21.97324],[87.84778,21.97278],[87.83929,21.97311],[87.83721,21.97214],[87.83537,21.9704],[87.83417,21.97025],[87.83327,21.97143],[87.83156,21.97233],[87.8292,21.97208],[87.82757,21.971],[87.82343,21.97055],[87.81109,21.97033],[87.80777,21.96956],[87.80589,21.96795],[87.80464,21.96801],[87.80073,21.97028],[87.79928,21.97194],[87.7982,21.97432],[87.79703,21.975],[87.79528,21.97501],[87.79392,21.97557],[87.79194,21.97782],[87.78957,21.97832],[87.78322,21.98099],[87.78304,21.98473],[87.78337,21.98506],[87.78616,21.98498],[87.7908,21.98398],[87.79257,21.98424],[87.79319,21.98543],[87.79852,21.98706],[87.79951,21.98952],[87.80061,21.99028],[87.80157,21.99303],[87.80281,21.99443],[87.80351,21.99614],[87.80806,21.99711],[87.81176,22.00036],[87.81134,22.00097],[87.81185,22.00205],[87.81433,22.00326],[87.82549,22.00198],[87.83212,22.00246],[87.83358,22.00192],[87.83388,22.00103],[87.83366,21.9983],[87.83458,21.99691],[87.83441,21.99494],[87.84093,21.99524],[87.84284,21.9945],[87.84284,21.9938],[87.84407,21.99344],[87.84414,21.99285],[87.84737,21.99278],[87.84693,21.9912],[87.84758,21.98834],[87.84714,21.98651],[87.84651,21.98499],[87.84371,21.98181],[87.8407,21.97721]]]}},{"type":"Feature","bbox":[87.94548,22.14663,88.05287,22.20048],"properties":{"kind":"gp","gp":"Lakshya-I","block":"Mahishadal","lgd":110105},"geometry":{"type":"MultiPolygon","coordinates":[[[[88.04791,22.15186],[88.04512,22.15172],[88.04251,22.15259],[88.04078,22.15217],[88.0387,22.14764],[88.03667,22.14663],[88.03589,22.14699],[88.03506,22.15057],[88.03613,22.15275],[88.03622,22.15422],[88.03788,22.15402],[88.03833,22.15608],[88.05022,22.15457],[88.05287,22.15372],[88.04953,22.15087],[88.04791,22.15186]]],[[[88.01459,22.15718],[88.00824,22.15907],[88.00863,22.16072],[88.00794,22.16543],[88.00641,22.1689],[88.0065,22.16964],[88.00756,22.16961],[88.00611,22.17233],[88.00705,22.17261],[88.006,22.1738],[88.00726,22.17396],[88.00731,22.1749],[88.01189,22.17464],[88.0122,22.17651],[88.01309,22.1765],[88.0143,22.17896],[88.01729,22.17899],[88.01798,22.18279],[88.02438,22.1794],[88.03771,22.17589],[88.03876,22.17882],[88.04064,22.17996],[88.04076,22.1812],[88.04342,22.18113],[88.04289,22.18041],[88.04223,22.17695],[88.04083,22.17454],[88.04095,22.17389],[88.04199,22.17357],[88.04489,22.17353],[88.04516,22.17046],[88.04202,22.17023],[88.04103,22.17059],[88.04057,22.17038],[88.04006,22.16857],[88.03874,22.17089],[88.03717,22.17109],[88.03662,22.17006],[88.036,22.17002],[88.03525,22.16756],[88.03236,22.16821],[88.0319,22.16724],[88.02953,22.16843],[88.02826,22.16823],[88.02784,22.16678],[88.02826,22.16626],[88.02823,22.16445],[88.02756,22.1635],[88.02609,22.16321],[88.02421,22.16039],[88.01932,22.16201],[88.01657,22.16228],[88.01639,22.15729],[88.01459,22.15718]]],[[[87.95699,22.19209],[87.95557,22.19098],[87.95402,22.18655],[87.9497,22.18729],[87.94627,22.1892],[87.94548,22.19025],[87.94629,22.19354],[87.94803,22.19352],[87.94907,22.19403],[87.94989,22.19622],[87.95284,22.19735],[87.95248,22.19994],[87.95377,22.20048],[87.95753,22.20039],[87.95593,22.19434],[87.95606,22.19335],[87.95699,22.19209]]]]}},{"type":"Feature","bbox":[87.99142,22.13221,88.03363,22.18184],"properties":{"kind":"gp","gp":"Lakshya-Ii","block":"Mahishadal","lgd":110106},"geometry":{"type":"Polygon","coordinates":[[[88.00954,22.13568],[88.00547,22.13261],[88.00431,22.1334],[88.00361,22.13554],[87.99895,22.13512],[87.99962,22.14113],[87.99822,22.14202],[87.99856,22.14367],[87.99521,22.14473],[87.99427,22.14804],[87.99463,22.14877],[87.99381,22.15052],[87.99161,22.15298],[87.99142,22.15393],[87.9925,22.15494],[87.99149,22.15714],[87.9917,22.15787],[87.99275,22.15834],[87.99286,22.15954],[87.99233,22.16002],[87.99381,22.16047],[87.99518,22.16373],[87.99481,22.16684],[87.99651,22.16751],[87.99695,22.1687],[87.99676,22.17093],[87.99457,22.17138],[87.99303,22.17082],[87.99278,22.1714],[87.99347,22.17469],[87.99311,22.17806],[87.99405,22.17899],[87.99448,22.18063],[87.99722,22.1803],[87.9974,22.18184],[88.00008,22.18136],[87.99966,22.17767],[88.00642,22.17686],[88.00786,22.17713],[88.00806,22.17833],[88.00883,22.17832],[88.0093,22.17935],[88.01598,22.17883],[88.0143,22.17896],[88.01309,22.1765],[88.0122,22.17651],[88.01189,22.17464],[88.00731,22.1749],[88.00726,22.17396],[88.006,22.1738],[88.00705,22.17261],[88.00611,22.17233],[88.00756,22.16961],[88.0065,22.16964],[88.00641,22.1689],[88.00794,22.16543],[88.00863,22.16072],[88.00824,22.15907],[88.01459,22.15718],[88.01639,22.15729],[88.01795,22.15494],[88.01743,22.15441],[88.01798,22.15286],[88.02,22.15268],[88.0208,22.15177],[88.0201,22.15037],[88.02066,22.14893],[88.02244,22.14797],[88.02369,22.1479],[88.02458,22.14713],[88.02536,22.14531],[88.0262,22.14508],[88.02627,22.14568],[88.02698,22.14587],[88.02678,22.14452],[88.02576,22.14395],[88.02456,22.14167],[88.02509,22.13952],[88.02737,22.13894],[88.02729,22.13698],[88.02771,22.13654],[88.02929,22.13596],[88.03303,22.13588],[88.03363,22.13473],[88.03265,22.13297],[88.03082,22.13221],[88.02665,22.13318],[88.02325,22.13312],[88.01955,22.13391],[88.01864,22.13324],[88.01747,22.13349],[88.01608,22.13287],[88.01521,22.133],[88.01351,22.13594],[88.01244,22.13553],[88.00954,22.13568]]]}},{"type":"Feature","bbox":[87.69187,21.82631,87.76411,21.87603],"properties":{"kind":"gp","gp":"Lauda","block":"Contai-III","lgd":110045},"geometry":{"type":"Polygon","coordinates":[[[87.71792,21.82803],[87.71741,21.8287],[87.71475,21.82949],[87.71195,21.82919],[87.71175,21.83008],[87.70892,21.83145],[87.70381,21.82988],[87.7021,21.83004],[87.701,21.8309],[87.70015,21.83642],[87.70442,21.83785],[87.70532,21.84119],[87.69764,21.84296],[87.6967,21.84374],[87.69705,21.8459],[87.69405,21.84644],[87.69381,21.84599],[87.69344,21.83953],[87.69275,21.83724],[87.69187,21.8423],[87.69221,21.84664],[87.69361,21.8487],[87.69476,21.8494],[87.6989,21.8507],[87.70263,21.85936],[87.70201,21.86076],[87.70264,21.8631],[87.70237,21.86535],[87.70099,21.86884],[87.70118,21.87309],[87.70258,21.87343],[87.70357,21.87488],[87.70464,21.87497],[87.70619,21.87603],[87.70803,21.87527],[87.70864,21.87565],[87.70995,21.87532],[87.71183,21.8739],[87.71512,21.873],[87.71792,21.8742],[87.72053,21.87392],[87.72289,21.87512],[87.72456,21.87419],[87.72456,21.87269],[87.73032,21.87162],[87.73631,21.87155],[87.73764,21.87182],[87.73815,21.87348],[87.73926,21.87412],[87.7424,21.874],[87.7431,21.87197],[87.74527,21.8717],[87.7465,21.87095],[87.74692,21.86893],[87.74933,21.8715],[87.75067,21.87208],[87.75092,21.87406],[87.75718,21.87178],[87.75948,21.87186],[87.76011,21.87063],[87.76268,21.86966],[87.76411,21.86963],[87.76322,21.86857],[87.76213,21.86398],[87.76061,21.86329],[87.76023,21.86247],[87.75958,21.86281],[87.75857,21.86251],[87.75788,21.86332],[87.7573,21.86331],[87.75701,21.86113],[87.75634,21.86086],[87.75477,21.86159],[87.75333,21.86093],[87.7487,21.85695],[87.74711,21.85373],[87.74472,21.85248],[87.74394,21.85117],[87.74244,21.85064],[87.73875,21.83859],[87.73776,21.8386],[87.73733,21.83787],[87.73859,21.83769],[87.73933,21.83698],[87.73898,21.83442],[87.73812,21.83247],[87.73705,21.83237],[87.73697,21.83172],[87.73588,21.83139],[87.73594,21.83101],[87.73383,21.82904],[87.7334,21.83005],[87.73241,21.83076],[87.73024,21.83106],[87.72741,21.82633],[87.72135,21.82631],[87.71792,21.82803]],[[87.71825,21.83024],[87.72159,21.83068],[87.72167,21.83198],[87.71943,21.83195],[87.71943,21.83125],[87.71835,21.83121],[87.71945,21.83283],[87.71967,21.83601],[87.71736,21.83713],[87.71369,21.83736],[87.71335,21.83663],[87.7153,21.83509],[87.7147,21.83414],[87.71486,21.83099],[87.71667,21.8313],[87.71825,21.83024]]]}},{"type":"Feature","bbox":[87.97431,21.98332,88.03003,22.03791],"properties":{"kind":"gp","gp":"Mahammadpur","block":"Nandigram-I","lgd":110138},"geometry":{"type":"Polygon","coordinates":[[[87.99251,21.99671],[87.99407,21.99728],[87.99472,21.99848],[87.99641,21.99988],[87.99708,21.9995],[87.9973,21.99692],[87.99632,21.99523],[87.99693,21.99512],[87.99664,21.99372],[87.99732,21.99338],[87.9972,21.99005],[87.99797,21.98993],[87.99826,21.99064],[88.00207,21.98914],[88.00145,21.98568],[88.00275,21.98472],[88.0024,21.98367],[88.00168,21.98332],[87.9998,21.98408],[88.00081,21.9859],[88.00047,21.98646],[87.99625,21.98664],[87.99491,21.98567],[87.99413,21.98721],[87.99095,21.98688],[87.98996,21.98823],[87.98853,21.98827],[87.98937,21.99063],[87.98888,21.99134],[87.98954,21.99204],[87.9894,21.99323],[87.99029,21.99356],[87.99006,21.9945],[87.98786,21.99546],[87.98695,21.99535],[87.98696,21.99619],[87.98752,21.99666],[87.98638,21.99818],[87.98522,21.99794],[87.98519,21.99688],[87.9832,21.99649],[87.98256,21.99748],[87.98304,21.99803],[87.982,21.99977],[87.98085,21.9991],[87.97834,21.99965],[87.97837,22.00023],[87.9776,22.00031],[87.9768,22.00135],[87.97492,22.00152],[87.97431,22.00302],[87.97688,22.00342],[87.98089,22.00182],[87.98328,22.00219],[87.9827,22.0047],[87.98303,22.00552],[87.98275,22.00765],[87.98374,22.00902],[87.98343,22.01003],[87.98222,22.0104],[87.98107,22.01181],[87.983,22.01441],[87.98374,22.02047],[87.98584,22.0204],[87.98583,22.01963],[87.98682,22.019],[87.98996,22.01862],[87.99164,22.01911],[87.99214,22.01846],[87.99275,22.01855],[87.99256,22.0195],[87.99212,22.01964],[87.99238,22.02055],[87.99283,22.02053],[87.99306,22.02228],[87.99402,22.02311],[87.99419,22.02391],[87.99613,22.02392],[87.99663,22.02462],[87.99621,22.02529],[87.99667,22.02573],[87.9965,22.02747],[87.99602,22.02792],[87.99636,22.02865],[87.99442,22.02932],[87.99424,22.03302],[87.9993,22.03305],[88.00002,22.0349],[88.00151,22.03557],[88.00389,22.03495],[88.00394,22.03623],[88.00507,22.03667],[88.00621,22.03791],[88.00654,22.03712],[88.00761,22.03725],[88.0076,22.03579],[88.0091,22.03532],[88.0094,22.03467],[88.01198,22.03323],[88.01219,22.03096],[88.01168,22.02755],[88.01291,22.02601],[88.01444,22.02542],[88.01436,22.02479],[88.01635,22.02338],[88.01637,22.02083],[88.01511,22.01969],[88.01964,22.0191],[88.02099,22.01764],[88.02261,22.01791],[88.0228,22.0197],[88.02567,22.01951],[88.02594,22.01865],[88.02959,22.01769],[88.03003,22.01481],[88.02923,22.01243],[88.02348,22.01262],[88.02225,22.01338],[88.02147,22.01327],[88.01969,22.01084],[88.0181,22.01104],[88.01818,22.01169],[88.01756,22.0118],[88.01678,22.01107],[88.01768,22.01029],[88.01773,22.00898],[88.01844,22.00861],[88.02071,22.01094],[88.02283,22.00995],[88.02405,22.0103],[88.02429,22.00822],[88.02803,22.00758],[88.02893,22.00669],[88.02552,22.00069],[88.02407,22.00116],[88.02172,21.9991],[88.01994,21.9995],[88.01711,22.00112],[88.0119,22.00256],[88.00746,22.00467],[88.00656,22.00667],[88.00618,22.00924],[88.00559,22.0097],[88.00351,22.00931],[88.00319,22.01216],[88.00211,22.01268],[88.0005,22.01066],[87.99893,22.00571],[87.99596,22.00622],[87.99556,22.00549],[87.99293,22.00625],[87.98896,22.00443],[87.98716,22.00276],[87.98709,22.00213],[87.98924,22.00113],[87.98983,21.99984],[87.98951,21.99859],[87.99011,21.99848],[87.99001,21.99741],[87.9905,21.99674],[87.99126,21.99705],[87.99251,21.99671]]]}},{"type":"Feature","bbox":[87.70428,22.12873,87.75811,22.17662],"properties":{"kind":"gp","gp":"Mahammadpur-I","block":"Bhagawanpur-I","lgd":110009},"geometry":{"type":"Polygon","coordinates":[[[87.73097,22.13675],[87.7309,22.13497],[87.72701,22.13519],[87.7263,22.1334],[87.72401,22.13363],[87.72384,22.13526],[87.71967,22.13559],[87.71929,22.13034],[87.71867,22.13002],[87.71817,22.12873],[87.71699,22.12908],[87.71519,22.1307],[87.71236,22.13395],[87.71125,22.13608],[87.70895,22.13815],[87.70524,22.13927],[87.70453,22.14002],[87.70451,22.14372],[87.70527,22.14808],[87.70489,22.15153],[87.70428,22.15272],[87.70832,22.15779],[87.70901,22.16083],[87.70873,22.16473],[87.71403,22.17238],[87.71902,22.17439],[87.72061,22.17448],[87.72605,22.17294],[87.73064,22.17295],[87.7321,22.17389],[87.73276,22.17593],[87.73462,22.17662],[87.74036,22.17511],[87.74284,22.17323],[87.74445,22.174],[87.74626,22.17627],[87.74762,22.17662],[87.75007,22.17384],[87.75083,22.17199],[87.75466,22.1723],[87.75547,22.17184],[87.75617,22.17033],[87.75811,22.16945],[87.75771,22.16732],[87.75484,22.16601],[87.75468,22.16503],[87.75652,22.15718],[87.75618,22.15487],[87.75585,22.15436],[87.75433,22.15409],[87.75189,22.15258],[87.7498,22.15199],[87.74931,22.14799],[87.74842,22.14798],[87.74716,22.14699],[87.74618,22.14745],[87.73878,22.14703],[87.73815,22.1466],[87.73378,22.14711],[87.73231,22.14584],[87.7302,22.1402],[87.72967,22.13804],[87.73097,22.13675]]]}},{"type":"Feature","bbox":[87.72967,22.12764,87.76674,22.16945],"properties":{"kind":"gp","gp":"Mahammadpur-Ii","block":"Bhagawanpur-I","lgd":110010},"geometry":{"type":"Polygon","coordinates":[[[87.73336,22.12792],[87.72967,22.12809],[87.73097,22.13675],[87.72967,22.13804],[87.73231,22.14584],[87.73378,22.14711],[87.73815,22.1466],[87.73878,22.14703],[87.74618,22.14745],[87.74716,22.14699],[87.74842,22.14798],[87.74931,22.14799],[87.7498,22.15199],[87.75189,22.15258],[87.75433,22.15409],[87.75585,22.15436],[87.75618,22.15487],[87.75652,22.15718],[87.75523,22.16162],[87.75484,22.16601],[87.75771,22.16732],[87.75811,22.16945],[87.76232,22.16789],[87.76674,22.16769],[87.76622,22.16093],[87.76672,22.1529],[87.76045,22.14463],[87.76541,22.14432],[87.76414,22.141],[87.76396,22.1388],[87.76466,22.13758],[87.76565,22.13733],[87.76435,22.13363],[87.7642,22.13146],[87.75779,22.13519],[87.75136,22.13423],[87.75042,22.13457],[87.74949,22.1359],[87.74084,22.13268],[87.74091,22.13134],[87.74059,22.13007],[87.73995,22.12952],[87.74012,22.1285],[87.73961,22.12764],[87.73385,22.12876],[87.73336,22.12792]]]}},{"type":"Feature","bbox":[87.65231,21.7149,87.71768,21.76268],"properties":{"kind":"gp","gp":"Mahisagot","block":"Contai-I","lgd":110034},"geometry":{"type":"Polygon","coordinates":[[[87.68674,21.7196],[87.68687,21.71636],[87.68581,21.7149],[87.68256,21.7173],[87.67312,21.71889],[87.6712,21.72069],[87.66752,21.72202],[87.65846,21.72187],[87.65647,21.72125],[87.65697,21.72379],[87.65559,21.72383],[87.65357,21.72267],[87.65274,21.72317],[87.65381,21.72726],[87.65539,21.72924],[87.65736,21.73298],[87.65798,21.73272],[87.65933,21.73364],[87.66073,21.73532],[87.66149,21.73764],[87.66409,21.73898],[87.65739,21.74507],[87.65475,21.74815],[87.65231,21.74963],[87.66205,21.74864],[87.66358,21.7494],[87.66381,21.75199],[87.66814,21.75173],[87.66986,21.75385],[87.67118,21.75222],[87.67227,21.75191],[87.67139,21.74941],[87.67399,21.74824],[87.67421,21.74785],[87.6736,21.74716],[87.67413,21.74637],[87.67482,21.74638],[87.6755,21.74562],[87.67626,21.74599],[87.6763,21.74675],[87.67694,21.74718],[87.67883,21.74606],[87.67974,21.74924],[87.68285,21.75403],[87.68197,21.75434],[87.68095,21.7571],[87.68115,21.75979],[87.68216,21.75987],[87.68496,21.76205],[87.68724,21.76244],[87.69009,21.76268],[87.69279,21.75957],[87.6952,21.75904],[87.69828,21.7588],[87.70384,21.75954],[87.70525,21.7613],[87.70882,21.76013],[87.70869,21.75945],[87.70965,21.75906],[87.71013,21.75823],[87.71106,21.75952],[87.7137,21.75927],[87.71371,21.75873],[87.71453,21.75812],[87.71597,21.75832],[87.71768,21.75751],[87.71671,21.75355],[87.71513,21.75413],[87.71526,21.75145],[87.71438,21.74679],[87.71254,21.74601],[87.71127,21.74253],[87.7109,21.74247],[87.71167,21.74091],[87.7112,21.73857],[87.70888,21.73831],[87.70851,21.74081],[87.70785,21.74091],[87.70699,21.74],[87.70456,21.73917],[87.70331,21.74027],[87.70186,21.73973],[87.70035,21.73769],[87.70023,21.73556],[87.69957,21.73473],[87.70102,21.73375],[87.69957,21.73276],[87.69814,21.73313],[87.69731,21.73218],[87.69856,21.73197],[87.69939,21.72961],[87.69745,21.72389],[87.6985,21.72369],[87.69942,21.72262],[87.70184,21.72371],[87.70352,21.72237],[87.70351,21.72016],[87.70288,21.71852],[87.70042,21.71762],[87.69976,21.71673],[87.69902,21.71723],[87.68847,21.71872],[87.68751,21.71957],[87.68674,21.7196]],[[87.68805,21.74771],[87.68825,21.74523],[87.69034,21.7448],[87.69619,21.74557],[87.69606,21.74837],[87.69714,21.74862],[87.69389,21.75065],[87.69209,21.75021],[87.68922,21.74888],[87.68922,21.74823],[87.68805,21.74771]]]}},{"type":"Feature","bbox":[87.59955,21.72026,87.66409,21.7809],"properties":{"kind":"gp","gp":"Maithana","block":"Ramnagar-II","lgd":110193},"geometry":{"type":"Polygon","coordinates":[[[87.63873,21.72238],[87.63485,21.7242],[87.63091,21.72472],[87.6278,21.72443],[87.62696,21.72499],[87.62571,21.72494],[87.62534,21.72421],[87.62351,21.72417],[87.61604,21.72551],[87.61682,21.72754],[87.61917,21.72788],[87.61892,21.72865],[87.61739,21.72832],[87.61828,21.73066],[87.61792,21.73198],[87.61877,21.73283],[87.61659,21.74162],[87.61675,21.74338],[87.61556,21.75345],[87.61614,21.75533],[87.61434,21.75673],[87.61355,21.75876],[87.61093,21.75936],[87.60892,21.76076],[87.60975,21.76077],[87.60848,21.76076],[87.60384,21.7659],[87.59955,21.76689],[87.60203,21.77262],[87.60322,21.7805],[87.61064,21.7809],[87.61532,21.78052],[87.62114,21.77725],[87.62432,21.77626],[87.62721,21.77621],[87.62812,21.77556],[87.62931,21.77233],[87.63349,21.77],[87.63742,21.76862],[87.64392,21.76879],[87.64518,21.7675],[87.6456,21.76571],[87.64516,21.76382],[87.6439,21.76343],[87.64449,21.75938],[87.64439,21.75083],[87.6448,21.75022],[87.64642,21.74934],[87.65231,21.74963],[87.65475,21.74815],[87.65739,21.74507],[87.66409,21.73898],[87.66067,21.73703],[87.65693,21.73676],[87.65588,21.7361],[87.6522,21.73104],[87.64781,21.72137],[87.64624,21.72026],[87.6434,21.72072],[87.64294,21.72177],[87.63873,21.72238]]]}},{"type":"Feature","bbox":[87.75087,21.69385,87.81312,21.77549],"properties":{"kind":"gp","gp":"Majilapur","block":"Contai-I","lgd":110035},"geometry":{"type":"MultiPolygon","coordinates":[[[[87.75983,21.70049],[87.75882,21.69898],[87.7568,21.69811],[87.75182,21.69954],[87.75336,21.69997],[87.75613,21.6993],[87.75741,21.69976],[87.75746,21.70023],[87.75324,21.70026],[87.75112,21.6994],[87.75087,21.7003],[87.75119,21.70158],[87.75469,21.70684],[87.7557,21.70721],[87.75903,21.70709],[87.76178,21.70505],[87.76315,21.70483],[87.76374,21.70659],[87.76559,21.70676],[87.76521,21.70857],[87.7657,21.70931],[87.76493,21.71225],[87.7677,21.71202],[87.76751,21.71035],[87.76851,21.70924],[87.77486,21.70761],[87.77673,21.71333],[87.77619,21.71429],[87.77419,21.715],[87.77475,21.71637],[87.77529,21.71639],[87.77619,21.71466],[87.78042,21.71095],[87.78295,21.71097],[87.78303,21.71154],[87.78443,21.71165],[87.7844,21.70894],[87.78979,21.71053],[87.79701,21.71592],[87.79923,21.71583],[87.80042,21.71676],[87.80215,21.71564],[87.80512,21.7177],[87.80636,21.71602],[87.81312,21.71032],[87.8103,21.70738],[87.80507,21.70342],[87.80001,21.70095],[87.79598,21.69819],[87.78542,21.69419],[87.7734,21.69385],[87.76968,21.69416],[87.76169,21.69793],[87.76041,21.70171],[87.75993,21.70146],[87.75983,21.70049]]],[[[87.764,21.71461],[87.76301,21.71461],[87.76241,21.71631],[87.76087,21.71592],[87.7592,21.71461],[87.75764,21.71423],[87.75806,21.71374],[87.75725,21.7135],[87.75769,21.7118],[87.75681,21.71076],[87.75415,21.71104],[87.75592,21.714],[87.75486,21.72012],[87.75368,21.72111],[87.75554,21.7212],[87.7562,21.72685],[87.75591,21.72793],[87.75885,21.72854],[87.76015,21.72512],[87.76056,21.72102],[87.76376,21.72127],[87.76455,21.72078],[87.76467,21.71957],[87.76361,21.71883],[87.76352,21.71742],[87.76412,21.71604],[87.764,21.71461]]],[[[87.77933,21.73594],[87.77473,21.73545],[87.77221,21.73269],[87.76955,21.73397],[87.76775,21.73605],[87.76508,21.73638],[87.76427,21.73577],[87.76447,21.73507],[87.7636,21.73359],[87.75966,21.73439],[87.76022,21.7397],[87.76204,21.73943],[87.76263,21.73982],[87.76622,21.74505],[87.7669,21.74766],[87.76204,21.7481],[87.76147,21.74997],[87.76085,21.75065],[87.75992,21.75073],[87.7593,21.75163],[87.76006,21.75427],[87.76065,21.75424],[87.76172,21.75562],[87.76184,21.7569],[87.7611,21.7582],[87.76164,21.75884],[87.76256,21.75853],[87.76344,21.76066],[87.76657,21.76003],[87.76709,21.76054],[87.76684,21.76214],[87.76731,21.7627],[87.7666,21.76316],[87.76524,21.76293],[87.7651,21.76407],[87.76459,21.76448],[87.76487,21.76497],[87.76245,21.76605],[87.76296,21.7672],[87.76348,21.77247],[87.76397,21.77249],[87.764,21.77549],[87.76497,21.77529],[87.76577,21.77437],[87.76698,21.77202],[87.77378,21.77307],[87.77362,21.76901],[87.77529,21.76883],[87.77634,21.76671],[87.77838,21.76592],[87.77917,21.7647],[87.77913,21.76348],[87.77981,21.76295],[87.77952,21.7601],[87.77893,21.7604],[87.77821,21.7599],[87.77826,21.75448],[87.77782,21.75397],[87.77577,21.7545],[87.77488,21.75328],[87.77082,21.75159],[87.77277,21.74894],[87.77393,21.7485],[87.77458,21.74865],[87.77528,21.75007],[87.77754,21.75128],[87.77971,21.74941],[87.78099,21.74961],[87.78005,21.74506],[87.77701,21.74537],[87.77658,21.74058],[87.77952,21.73985],[87.77933,21.73594]]]]}},{"type":"Feature","bbox":[87.54816,21.82115,87.59736,21.89722],"properties":{"kind":"gp","gp":"Manjusree","block":"Egra-II","lgd":110067},"geometry":{"type":"Polygon","coordinates":[[[87.56131,21.84055],[87.55911,21.84021],[87.55738,21.84608],[87.56065,21.8482],[87.56064,21.84961],[87.55932,21.85129],[87.55713,21.85189],[87.55686,21.8546],[87.55489,21.85425],[87.55419,21.85495],[87.5529,21.85448],[87.55268,21.85516],[87.55011,21.85578],[87.5501,21.85752],[87.54949,21.85755],[87.54938,21.85846],[87.54989,21.8592],[87.5507,21.85933],[87.55088,21.86116],[87.5496,21.86284],[87.54834,21.8629],[87.54868,21.86501],[87.55162,21.86574],[87.55176,21.8669],[87.55268,21.86677],[87.55276,21.87025],[87.54944,21.87063],[87.54934,21.87341],[87.54816,21.87365],[87.5483,21.87615],[87.54945,21.88136],[87.54991,21.88188],[87.554,21.88163],[87.55396,21.88104],[87.5547,21.88098],[87.55514,21.88162],[87.55686,21.88157],[87.5578,21.88059],[87.55743,21.87738],[87.55851,21.87742],[87.55855,21.87813],[87.55973,21.8795],[87.56023,21.88232],[87.55967,21.88253],[87.55972,21.88356],[87.5604,21.88464],[87.56031,21.88644],[87.55985,21.88709],[87.55512,21.88779],[87.55558,21.8902],[87.555,21.89121],[87.55523,21.89274],[87.55554,21.89347],[87.55629,21.89343],[87.55696,21.89525],[87.5591,21.89487],[87.55891,21.89634],[87.56036,21.896],[87.56065,21.89643],[87.56346,21.89545],[87.56386,21.89578],[87.5644,21.8954],[87.56719,21.89531],[87.56734,21.89469],[87.56842,21.89476],[87.56906,21.8972],[87.56964,21.89722],[87.56972,21.89542],[87.57342,21.89513],[87.57381,21.89395],[87.57485,21.8939],[87.5761,21.8929],[87.57572,21.89108],[87.57824,21.89077],[87.57897,21.89022],[87.57858,21.88948],[87.57615,21.88991],[87.57565,21.88644],[87.57732,21.88416],[87.58307,21.88289],[87.58481,21.88159],[87.58615,21.88157],[87.58673,21.88104],[87.58611,21.87754],[87.58495,21.87621],[87.58418,21.87403],[87.58355,21.86841],[87.58522,21.8675],[87.59248,21.86639],[87.5968,21.86415],[87.59613,21.86067],[87.59589,21.85353],[87.59608,21.85177],[87.59736,21.84845],[87.59736,21.84589],[87.59659,21.84463],[87.5944,21.84366],[87.59256,21.84123],[87.59223,21.83756],[87.59419,21.83436],[87.59091,21.82972],[87.59096,21.82514],[87.59052,21.82364],[87.58864,21.82132],[87.58566,21.82115],[87.58462,21.82257],[87.58305,21.82713],[87.58382,21.82929],[87.58352,21.83193],[87.58409,21.83445],[87.58348,21.83587],[87.58272,21.836],[87.58247,21.83691],[87.58174,21.83699],[87.57986,21.83962],[87.5793,21.84212],[87.57828,21.8427],[87.57737,21.84221],[87.57714,21.84092],[87.57451,21.84105],[87.57385,21.84028],[87.57,21.83975],[87.56856,21.84134],[87.56492,21.84273],[87.56484,21.84176],[87.56382,21.84015],[87.56131,21.84055]]]}},{"type":"Feature","bbox":[87.73733,21.77955,87.8034,21.86209],"properties":{"kind":"gp","gp":"Marishda","block":"Contai-III","lgd":110046},"geometry":{"type":"MultiPolygon","coordinates":[[[[87.76052,21.78492],[87.76062,21.7805],[87.75847,21.77955],[87.75812,21.78022],[87.75869,21.78219],[87.75548,21.78277],[87.75036,21.78282],[87.75034,21.78357],[87.75246,21.78534],[87.75255,21.78834],[87.75499,21.78841],[87.75629,21.78549],[87.76052,21.78492]]],[[[87.76871,21.83658],[87.76798,21.83608],[87.76765,21.83468],[87.76421,21.83282],[87.76242,21.83303],[87.76138,21.83164],[87.75922,21.83256],[87.75907,21.83494],[87.7565,21.83519],[87.75425,21.83274],[87.75346,21.83324],[87.75136,21.83324],[87.75047,21.83271],[87.74586,21.83445],[87.74489,21.83599],[87.74376,21.83671],[87.73933,21.83698],[87.73859,21.83769],[87.73733,21.83787],[87.73776,21.8386],[87.73875,21.83859],[87.74244,21.85064],[87.74394,21.85117],[87.74472,21.85248],[87.74711,21.85373],[87.7487,21.85695],[87.75333,21.86093],[87.75477,21.86159],[87.75557,21.86109],[87.75511,21.85819],[87.76033,21.85478],[87.76497,21.85059],[87.76773,21.85052],[87.76861,21.8519],[87.77062,21.8526],[87.77276,21.85955],[87.77404,21.86209],[87.77494,21.86201],[87.77621,21.86115],[87.77537,21.85923],[87.77574,21.85765],[87.77547,21.85655],[87.77438,21.85508],[87.77429,21.8538],[87.7754,21.85372],[87.77565,21.85322],[87.78326,21.8524],[87.78579,21.85113],[87.78795,21.85083],[87.78864,21.84943],[87.79115,21.84908],[87.79291,21.84769],[87.79256,21.84394],[87.79768,21.84303],[87.79881,21.84221],[87.79804,21.83976],[87.79731,21.83914],[87.79525,21.83883],[87.79692,21.83749],[87.79794,21.83535],[87.79887,21.83492],[87.79938,21.83386],[87.79865,21.82987],[87.79667,21.82704],[87.79622,21.82433],[87.79743,21.82338],[87.79999,21.82394],[87.80061,21.82345],[87.80306,21.82412],[87.8034,21.82372],[87.8024,21.81917],[87.80031,21.81845],[87.79966,21.81708],[87.79606,21.81772],[87.79625,21.8161],[87.79437,21.81342],[87.79254,21.81279],[87.79242,21.81212],[87.7908,21.8109],[87.78919,21.81208],[87.78922,21.81291],[87.79017,21.81515],[87.79198,21.81738],[87.79231,21.82095],[87.79319,21.82121],[87.79301,21.82309],[87.79155,21.8232],[87.79152,21.82275],[87.78519,21.82302],[87.78358,21.82441],[87.78069,21.82479],[87.78024,21.83],[87.78121,21.83213],[87.78206,21.83258],[87.78097,21.8336],[87.77807,21.83471],[87.77723,21.83564],[87.7765,21.83724],[87.77705,21.83883],[87.77566,21.83966],[87.77184,21.83967],[87.77131,21.84067],[87.76971,21.84071],[87.76871,21.83976],[87.76871,21.83658]]]]}},{"type":"Feature","bbox":[87.60732,21.95171,87.68149,22.0335],"properties":{"kind":"gp","gp":"Mathura","block":"Patashpur-II","lgd":110174},"geometry":{"type":"MultiPolygon","coordinates":[[[[87.64209,21.96061],[87.64181,21.96148],[87.63981,21.96208],[87.63892,21.96353],[87.63776,21.96395],[87.63778,21.96616],[87.63845,21.96652],[87.6387,21.96817],[87.64118,21.96809],[87.64929,21.96549],[87.65363,21.96317],[87.6523,21.96066],[87.65187,21.95596],[87.65105,21.95494],[87.65075,21.95171],[87.64835,21.95285],[87.6482,21.95396],[87.64719,21.95371],[87.64539,21.9544],[87.64291,21.95433],[87.64273,21.95766],[87.64204,21.95784],[87.64221,21.95894],[87.64158,21.95909],[87.64209,21.96061]]],[[[87.68149,21.9623],[87.68097,21.95836],[87.67943,21.95841],[87.67789,21.95744],[87.67511,21.95702],[87.6721,21.95708],[87.67181,21.95764],[87.66803,21.95844],[87.66806,21.95985],[87.66512,21.9603],[87.66488,21.95991],[87.6629,21.96101],[87.6605,21.96159],[87.6605,21.96376],[87.66103,21.96413],[87.66117,21.96558],[87.66463,21.96474],[87.6657,21.96655],[87.66555,21.96777],[87.66605,21.96885],[87.66913,21.9688],[87.66974,21.96705],[87.67019,21.96271],[87.67471,21.96202],[87.67543,21.96244],[87.68149,21.9623]]],[[[87.60766,21.98216],[87.60792,21.98285],[87.60732,21.98464],[87.60767,21.98513],[87.60873,21.98477],[87.61066,21.98553],[87.61215,21.98525],[87.61218,21.9848],[87.61447,21.98594],[87.61442,21.98661],[87.61238,21.98772],[87.61178,21.99036],[87.61071,21.99052],[87.61189,21.99237],[87.61186,21.99584],[87.61151,21.99737],[87.60971,21.99786],[87.61068,22.00068],[87.61036,22.0026],[87.61351,22.00401],[87.61165,22.00435],[87.61067,22.00506],[87.61061,22.00606],[87.61093,22.00695],[87.61179,22.00731],[87.61193,22.00876],[87.61141,22.01005],[87.61235,22.01231],[87.61279,22.01521],[87.61353,22.01593],[87.61339,22.01777],[87.61506,22.01808],[87.61633,22.01776],[87.61634,22.01732],[87.61765,22.01766],[87.62029,22.02044],[87.62407,22.01859],[87.62402,22.02336],[87.6246,22.02233],[87.62504,22.02236],[87.62468,22.02454],[87.62519,22.02506],[87.62572,22.02383],[87.62622,22.02406],[87.62633,22.02511],[87.62497,22.02578],[87.62578,22.02755],[87.62577,22.02931],[87.62985,22.02878],[87.62987,22.02823],[87.63133,22.02816],[87.63148,22.02895],[87.63275,22.02934],[87.63326,22.03031],[87.63735,22.03026],[87.63738,22.03161],[87.6398,22.0335],[87.64759,22.0329],[87.64832,22.03337],[87.65004,22.03323],[87.65495,22.03188],[87.65504,22.0309],[87.65739,22.02873],[87.65756,22.02772],[87.65714,22.02694],[87.6555,22.02685],[87.65448,22.02535],[87.65488,22.02324],[87.65716,22.02025],[87.65768,22.01832],[87.65662,22.01551],[87.65483,22.01522],[87.65374,22.01424],[87.65233,22.01411],[87.65256,22.01235],[87.65467,22.01248],[87.65471,22.00878],[87.65615,22.0086],[87.65634,22.00738],[87.65928,22.00622],[87.66141,22.00597],[87.66155,22.00257],[87.66384,22.00005],[87.67261,21.99921],[87.67468,21.99557],[87.67,21.99519],[87.66977,21.99314],[87.66811,21.9905],[87.66115,21.98704],[87.65875,21.9846],[87.65829,21.98316],[87.64745,21.9827],[87.64586,21.98339],[87.63772,21.98261],[87.6364,21.98164],[87.63241,21.98164],[87.63138,21.97872],[87.63031,21.97792],[87.62928,21.97385],[87.62557,21.97499],[87.62541,21.97304],[87.62454,21.97293],[87.62301,21.9716],[87.62321,21.97053],[87.62044,21.97149],[87.62035,21.97366],[87.61795,21.97423],[87.61811,21.9714],[87.61877,21.97062],[87.61971,21.97092],[87.62004,21.9692],[87.61868,21.96894],[87.61835,21.96962],[87.61361,21.97114],[87.6127,21.9727],[87.61288,21.97556],[87.61038,21.97594],[87.61017,21.9771],[87.60933,21.97735],[87.60766,21.98216]]]]}},{"type":"Feature","bbox":[87.74914,22.2239,87.79923,22.25904],"properties":{"kind":"gp","gp":"Moyna-I","block":"Moyna","lgd":110112},"geometry":{"type":"Polygon","coordinates":[[[87.76801,22.22515],[87.76887,22.22832],[87.76895,22.23272],[87.77007,22.23654],[87.76502,22.23457],[87.76031,22.23108],[87.75579,22.23223],[87.75494,22.23153],[87.75181,22.23053],[87.74914,22.23058],[87.75089,22.23378],[87.75183,22.23464],[87.75271,22.23828],[87.75384,22.23847],[87.75584,22.24813],[87.75705,22.24981],[87.75274,22.24998],[87.75236,22.25045],[87.75247,22.25448],[87.76124,22.25474],[87.77163,22.25868],[87.77369,22.25879],[87.77452,22.25793],[87.77429,22.25893],[87.77664,22.25904],[87.77659,22.25825],[87.7786,22.25783],[87.77878,22.25679],[87.7793,22.25726],[87.78064,22.25719],[87.78074,22.25673],[87.78002,22.25635],[87.78049,22.2559],[87.7819,22.25609],[87.78182,22.2569],[87.78711,22.2564],[87.78716,22.25712],[87.78853,22.25896],[87.79663,22.25815],[87.79923,22.24492],[87.79401,22.24561],[87.78888,22.24539],[87.78276,22.23247],[87.77962,22.2239],[87.77154,22.22453],[87.76801,22.22515]]]}},{"type":"Feature","bbox":[87.77054,22.20594,87.81407,22.24561],"properties":{"kind":"gp","gp":"Moyna-Ii","block":"Moyna","lgd":110113},"geometry":{"type":"Polygon","coordinates":[[[87.81105,22.21302],[87.81031,22.20687],[87.8093,22.20719],[87.80699,22.20665],[87.8058,22.20692],[87.80293,22.20594],[87.80269,22.20641],[87.80326,22.20769],[87.80592,22.21042],[87.8066,22.21209],[87.80695,22.21725],[87.79613,22.21866],[87.79775,22.21477],[87.79482,22.2143],[87.78868,22.21588],[87.78572,22.21408],[87.78468,22.21459],[87.78461,22.21555],[87.78378,22.21534],[87.77887,22.2174],[87.77441,22.21734],[87.77394,22.21769],[87.7742,22.21822],[87.77274,22.21842],[87.7725,22.21901],[87.77054,22.21954],[87.77154,22.22453],[87.77962,22.2239],[87.78276,22.23247],[87.78888,22.24539],[87.79401,22.24561],[87.80011,22.24515],[87.80197,22.24427],[87.80564,22.23996],[87.80679,22.23608],[87.80771,22.23579],[87.80843,22.23373],[87.80921,22.23332],[87.80991,22.23386],[87.81005,22.2361],[87.81107,22.23669],[87.81258,22.23647],[87.81193,22.23347],[87.81355,22.22831],[87.81233,22.2276],[87.81407,22.22247],[87.81376,22.22005],[87.81105,22.21302]]]}},{"type":"Feature","bbox":[87.70222,21.9682,87.80825,22.08323],"properties":{"kind":"gp","gp":"Mugberia","block":"Bhagawanpur-II","lgd":110019},"geometry":{"type":"MultiPolygon","coordinates":[[[[87.72515,21.97026],[87.72539,21.9682],[87.72331,21.96904],[87.7224,21.97057],[87.71969,21.97153],[87.71377,21.97925],[87.70912,21.98349],[87.70952,21.9879],[87.71019,21.98839],[87.71099,21.99039],[87.70988,21.99068],[87.70945,21.99149],[87.70904,21.99503],[87.70922,21.99557],[87.71056,21.99527],[87.71153,21.99624],[87.71381,21.9959],[87.71441,22.00016],[87.71298,22.00015],[87.7077,22.00184],[87.70728,22.00248],[87.70689,22.00724],[87.70851,22.0089],[87.70912,22.01126],[87.70222,22.01287],[87.70292,22.01417],[87.70482,22.01509],[87.7075,22.01788],[87.71272,22.0189],[87.71261,22.01986],[87.71085,22.02064],[87.70896,22.02027],[87.70855,22.02111],[87.70737,22.02148],[87.70778,22.02682],[87.7073,22.02922],[87.70777,22.03093],[87.7091,22.03295],[87.71271,22.0323],[87.72128,22.02763],[87.7234,22.02733],[87.723,22.02527],[87.72678,22.02471],[87.72642,22.01922],[87.72587,22.01779],[87.72849,22.01682],[87.72936,22.01747],[87.72941,22.0184],[87.73077,22.01886],[87.73134,22.0215],[87.73485,22.02141],[87.73609,22.01988],[87.73667,22.02141],[87.73796,22.02201],[87.73925,22.02136],[87.73983,22.02009],[87.73957,22.01819],[87.74537,22.01908],[87.74835,22.0201],[87.74982,22.01967],[87.74873,22.01354],[87.74702,22.01492],[87.7449,22.01453],[87.74505,22.01158],[87.74342,22.00861],[87.74217,22.00814],[87.74105,22.0025],[87.74116,22.00103],[87.74022,21.99879],[87.73732,21.99803],[87.73732,21.99694],[87.73604,21.99631],[87.73433,21.99449],[87.73134,21.98813],[87.73023,21.98699],[87.73014,21.98517],[87.72904,21.98336],[87.72971,21.98216],[87.72731,21.97952],[87.72534,21.97624],[87.72609,21.97345],[87.72515,21.97026]]],[[[87.80793,22.07158],[87.8071,22.07159],[87.80651,22.06972],[87.8056,22.06962],[87.80087,22.07156],[87.7965,22.07211],[87.79328,22.07394],[87.79225,22.07389],[87.79241,22.07568],[87.79168,22.07729],[87.79183,22.0778],[87.79346,22.07791],[87.79588,22.07735],[87.7993,22.08059],[87.80463,22.08116],[87.80786,22.08323],[87.80825,22.08283],[87.8082,22.08035],[87.8074,22.07491],[87.80793,22.07158]]]]}},{"type":"Feature","bbox":[87.65051,22.43759,87.72823,22.50738],"properties":{"kind":"gp","gp":"Mysora","block":"Panskura-I","lgd":110156},"geometry":{"type":"Polygon","coordinates":[[[87.65925,22.43905],[87.65784,22.4383],[87.65623,22.43821],[87.65627,22.43759],[87.65427,22.43806],[87.65051,22.44064],[87.65302,22.44677],[87.6525,22.44706],[87.65228,22.44803],[87.65308,22.45086],[87.65385,22.45106],[87.65465,22.45281],[87.65617,22.45285],[87.65661,22.45336],[87.65675,22.45622],[87.65825,22.45761],[87.65863,22.46013],[87.6595,22.46197],[87.66405,22.46092],[87.66515,22.46111],[87.66754,22.46018],[87.67085,22.46062],[87.67229,22.4646],[87.67388,22.46584],[87.67424,22.46852],[87.67363,22.46984],[87.67337,22.4774],[87.67278,22.47984],[87.67371,22.48157],[87.67381,22.48365],[87.67467,22.48462],[87.67649,22.48496],[87.6771,22.48619],[87.67985,22.48684],[87.68327,22.4888],[87.68899,22.48989],[87.69032,22.49986],[87.69048,22.50506],[87.69136,22.50738],[87.69329,22.50688],[87.69858,22.50429],[87.70151,22.50107],[87.70267,22.49854],[87.70656,22.49483],[87.70899,22.49025],[87.71012,22.48937],[87.71509,22.48853],[87.71774,22.48903],[87.72267,22.48907],[87.72439,22.4883],[87.72823,22.4885],[87.72722,22.48655],[87.72693,22.48261],[87.72746,22.48206],[87.72735,22.48043],[87.72587,22.47419],[87.72718,22.4739],[87.72645,22.47072],[87.7265,22.46863],[87.72746,22.46762],[87.72719,22.46305],[87.72655,22.46198],[87.72207,22.45964],[87.72235,22.4545],[87.72489,22.45435],[87.72388,22.45116],[87.72281,22.45133],[87.72269,22.45069],[87.72156,22.45064],[87.72003,22.4497],[87.71997,22.44849],[87.71837,22.44804],[87.71743,22.44848],[87.71577,22.44845],[87.715,22.44799],[87.71316,22.44861],[87.71093,22.44859],[87.7103,22.44678],[87.70766,22.44576],[87.70757,22.4429],[87.70639,22.44073],[87.70639,22.43863],[87.706,22.43962],[87.70517,22.43994],[87.70466,22.4389],[87.70271,22.4397],[87.70151,22.43887],[87.69964,22.4385],[87.69688,22.43929],[87.69454,22.44099],[87.69315,22.44385],[87.69077,22.44397],[87.6876,22.44341],[87.68772,22.4445],[87.68667,22.44495],[87.68515,22.44725],[87.68513,22.44782],[87.68576,22.44806],[87.68519,22.44894],[87.68354,22.449],[87.68441,22.45087],[87.68759,22.45441],[87.68745,22.45595],[87.68622,22.45891],[87.68506,22.45879],[87.68335,22.45789],[87.68152,22.455],[87.68259,22.45445],[87.68216,22.45173],[87.68118,22.45106],[87.67685,22.45004],[87.67635,22.45061],[87.67036,22.44902],[87.66462,22.44872],[87.66358,22.44807],[87.66234,22.44427],[87.65925,22.43905]]]}},{"type":"Feature","bbox":[87.77102,22.17358,87.80695,22.21866],"properties":{"kind":"gp","gp":"Naichanpur-I","block":"Moyna","lgd":110114},"geometry":{"type":"Polygon","coordinates":[[[87.79254,22.18037],[87.79298,22.17648],[87.79178,22.17489],[87.79034,22.17483],[87.79038,22.17392],[87.78804,22.17358],[87.78959,22.17874],[87.78856,22.17941],[87.78862,22.18329],[87.78809,22.18494],[87.78767,22.18541],[87.78557,22.18535],[87.78339,22.18459],[87.78079,22.18451],[87.78039,22.18893],[87.78076,22.19151],[87.78141,22.19185],[87.78271,22.19428],[87.78202,22.19539],[87.77964,22.19747],[87.77102,22.19833],[87.77103,22.19891],[87.77276,22.20096],[87.77435,22.20428],[87.77804,22.2033],[87.78103,22.20952],[87.78787,22.21572],[87.78868,22.21588],[87.79482,22.2143],[87.79775,22.21477],[87.79613,22.21866],[87.80695,22.21725],[87.80682,22.21353],[87.80592,22.21042],[87.80326,22.20769],[87.80269,22.20641],[87.80293,22.20594],[87.80091,22.20484],[87.8004,22.20241],[87.79908,22.2003],[87.79871,22.19874],[87.80022,22.19705],[87.79915,22.19253],[87.79702,22.19188],[87.7968,22.18894],[87.79487,22.18583],[87.79254,22.18037]]]}},{"type":"Feature","bbox":[87.78591,22.15933,87.86103,22.21498],"properties":{"kind":"gp","gp":"Naichanpur-Ii","block":"Nandakumar","lgd":110115},"geometry":{"type":"Polygon","coordinates":[[[87.82962,22.16327],[87.82583,22.16493],[87.82385,22.16461],[87.81806,22.16011],[87.81667,22.15933],[87.81593,22.1594],[87.81382,22.1666],[87.81238,22.16834],[87.81062,22.16868],[87.80813,22.16784],[87.80525,22.16571],[87.80256,22.16736],[87.80002,22.1682],[87.79799,22.16803],[87.79378,22.16621],[87.78878,22.16602],[87.79073,22.16808],[87.79264,22.16868],[87.79215,22.16941],[87.79082,22.16959],[87.78591,22.16872],[87.78713,22.17259],[87.78804,22.17358],[87.79038,22.17392],[87.79034,22.17483],[87.79178,22.17489],[87.79298,22.17648],[87.79254,22.18037],[87.79487,22.18583],[87.7968,22.18894],[87.79702,22.19188],[87.79915,22.19253],[87.7999,22.19465],[87.80022,22.19705],[87.79871,22.19874],[87.79908,22.2003],[87.8004,22.20241],[87.80091,22.20484],[87.8058,22.20692],[87.80699,22.20665],[87.8093,22.20719],[87.81031,22.20687],[87.81072,22.20512],[87.81164,22.20513],[87.8167,22.20731],[87.81814,22.20434],[87.82109,22.20042],[87.82706,22.20166],[87.82855,22.20079],[87.83494,22.20776],[87.83642,22.21039],[87.83997,22.20971],[87.84162,22.21087],[87.84236,22.21321],[87.84226,22.21452],[87.84264,22.21409],[87.84377,22.21406],[87.84706,22.21498],[87.85028,22.21418],[87.8511,22.2138],[87.85167,22.21245],[87.85221,22.21084],[87.85159,22.21061],[87.85293,22.20741],[87.85381,22.20737],[87.85603,22.20574],[87.85583,22.20519],[87.85409,22.20434],[87.85339,22.2023],[87.8558,22.2006],[87.85649,22.20139],[87.85838,22.20197],[87.85977,22.20156],[87.86103,22.19897],[87.85883,22.19636],[87.85893,22.19285],[87.85707,22.19133],[87.85638,22.18993],[87.8573,22.18585],[87.85647,22.18423],[87.85524,22.1832],[87.84862,22.17998],[87.84644,22.17994],[87.84598,22.17955],[87.84591,22.17845],[87.84769,22.17581],[87.84764,22.17293],[87.84943,22.17182],[87.85298,22.17239],[87.8542,22.17187],[87.85557,22.16985],[87.85539,22.16812],[87.85468,22.16647],[87.85123,22.1631],[87.84848,22.16369],[87.84342,22.16216],[87.83409,22.16251],[87.82962,22.16327]]]}},{"type":"Feature","bbox":[87.46006,21.98817,87.51991,22.05051],"properties":{"kind":"gp","gp":"Naipur","block":"Patashpur-I","lgd":110171},"geometry":{"type":"Polygon","coordinates":[[[87.50142,21.98817],[87.49036,21.98903],[87.48995,21.98961],[87.4865,21.98922],[87.48263,21.99039],[87.47947,21.99044],[87.47983,21.99704],[87.47834,22.00168],[87.4716,22.0033],[87.46893,22.00478],[87.46043,22.00573],[87.46006,22.00718],[87.46109,22.00936],[87.46332,22.01176],[87.46359,22.01262],[87.46265,22.01629],[87.46265,22.02037],[87.46466,22.02448],[87.46515,22.02657],[87.47064,22.02752],[87.47219,22.02873],[87.47269,22.02958],[87.47164,22.03074],[87.47159,22.03164],[87.47441,22.03263],[87.47501,22.03325],[87.4752,22.03546],[87.47752,22.0355],[87.47725,22.03743],[87.479,22.03781],[87.48146,22.03634],[87.48265,22.03358],[87.48394,22.03191],[87.48499,22.03133],[87.48591,22.03187],[87.48629,22.03468],[87.48921,22.04132],[87.49006,22.04549],[87.49637,22.04906],[87.50221,22.04855],[87.5043,22.05051],[87.50768,22.05016],[87.50807,22.04733],[87.50769,22.04624],[87.50965,22.04607],[87.51042,22.0429],[87.51196,22.04227],[87.51182,22.04106],[87.51226,22.04089],[87.51183,22.03896],[87.51345,22.03607],[87.51354,22.03496],[87.51532,22.03498],[87.51631,22.03437],[87.51772,22.03212],[87.5194,22.03178],[87.51887,22.02805],[87.519,22.0269],[87.51991,22.02682],[87.51949,22.02267],[87.51881,22.02189],[87.51781,22.02189],[87.51776,22.01961],[87.51508,22.01974],[87.51538,22.02083],[87.51428,22.02093],[87.51414,22.01997],[87.50999,22.02062],[87.51047,22.01666],[87.51131,22.01636],[87.51073,22.01458],[87.51162,22.01431],[87.51222,22.01292],[87.51358,22.01259],[87.51364,22.01093],[87.51559,22.01111],[87.51769,22.00991],[87.51763,22.00818],[87.51068,22.00889],[87.5101,22.00686],[87.51086,22.00653],[87.51059,22.00455],[87.50843,21.99544],[87.50626,21.99537],[87.50545,21.99092],[87.50268,21.99076],[87.50259,21.98988],[87.50141,21.99006],[87.50142,21.98817]],[[87.48677,22.00871],[87.48554,22.00694],[87.48438,22.00635],[87.48303,22.00197],[87.48305,22.00009],[87.4866,21.99991],[87.48777,21.99939],[87.48892,21.99985],[87.48906,22.00067],[87.48983,22.0013],[87.49006,22.00419],[87.49204,22.00417],[87.49037,22.00839],[87.48823,22.00827],[87.48677,22.00871]]]}},{"type":"Feature","bbox":[87.87562,22.08508,87.93392,22.13114],"properties":{"kind":"gp","gp":"Nandapurbaraghuni","block":"Chandipur","lgd":110029},"geometry":{"type":"Polygon","coordinates":[[[87.90426,22.09438],[87.90535,22.09207],[87.90456,22.08508],[87.9014,22.08567],[87.90077,22.08632],[87.90082,22.0872],[87.89774,22.08668],[87.89472,22.08778],[87.89461,22.08632],[87.89395,22.08633],[87.89243,22.08669],[87.8921,22.08731],[87.88952,22.08743],[87.88898,22.089],[87.88831,22.08946],[87.8863,22.08881],[87.88123,22.08882],[87.87919,22.08928],[87.87966,22.0919],[87.87834,22.09158],[87.87565,22.09511],[87.87562,22.09586],[87.87683,22.09712],[87.87893,22.09652],[87.88089,22.09691],[87.88235,22.09968],[87.88254,22.10232],[87.88396,22.10277],[87.88717,22.10257],[87.89175,22.10132],[87.89199,22.10069],[87.89359,22.10089],[87.89327,22.10199],[87.89387,22.10438],[87.89286,22.10705],[87.89277,22.11019],[87.89353,22.11173],[87.89354,22.11317],[87.89408,22.11371],[87.89447,22.11628],[87.89602,22.11807],[87.89634,22.11956],[87.89662,22.12189],[87.89584,22.12518],[87.8964,22.12746],[87.89858,22.13114],[87.90913,22.12995],[87.91096,22.12922],[87.91089,22.12847],[87.91593,22.12729],[87.9278,22.12206],[87.92612,22.11672],[87.92542,22.11173],[87.92382,22.10743],[87.9237,22.10562],[87.92413,22.10449],[87.92563,22.10436],[87.92783,22.10313],[87.92831,22.10346],[87.9309,22.10274],[87.93315,22.10168],[87.93392,22.09869],[87.93378,22.0958],[87.9292,22.09559],[87.92753,22.09505],[87.9239,22.09547],[87.91803,22.0925],[87.91465,22.09219],[87.91095,22.09319],[87.90878,22.09324],[87.90503,22.09546],[87.90426,22.09438]]]}},{"type":"Feature","bbox":[87.94265,22.00099,87.98407,22.04758],"properties":{"kind":"gp","gp":"Nandigram","block":"Nandigram-I","lgd":110139},"geometry":{"type":"Polygon","coordinates":[[[87.96708,22.00507],[87.96625,22.00492],[87.9647,22.00154],[87.96245,22.00184],[87.9614,22.00286],[87.96227,22.0043],[87.9621,22.00486],[87.96098,22.00498],[87.96103,22.00586],[87.96202,22.00587],[87.96241,22.00635],[87.96218,22.00749],[87.95997,22.00903],[87.96016,22.00952],[87.959,22.00966],[87.95813,22.00711],[87.95826,22.00493],[87.95759,22.00448],[87.957,22.00542],[87.9559,22.00559],[87.95545,22.00742],[87.95639,22.00859],[87.95661,22.01008],[87.95626,22.01121],[87.95564,22.0112],[87.95513,22.01284],[87.9574,22.01432],[87.95785,22.01637],[87.95849,22.0166],[87.95847,22.01849],[87.95928,22.01879],[87.95926,22.01937],[87.95999,22.01982],[87.9592,22.02033],[87.95965,22.02168],[87.96183,22.02159],[87.96179,22.02228],[87.96082,22.02333],[87.96116,22.02481],[87.9623,22.02478],[87.96269,22.0276],[87.95966,22.02853],[87.95916,22.02771],[87.95819,22.02734],[87.95785,22.02924],[87.95718,22.02966],[87.95008,22.03043],[87.95053,22.03154],[87.94879,22.03205],[87.94888,22.03412],[87.94822,22.03408],[87.94859,22.03766],[87.94657,22.03813],[87.94653,22.03886],[87.94426,22.04017],[87.94335,22.04145],[87.94265,22.04412],[87.94879,22.04349],[87.94851,22.04557],[87.94997,22.04591],[87.9546,22.04575],[87.95622,22.04528],[87.95694,22.04632],[87.95834,22.04481],[87.96239,22.04527],[87.9624,22.04604],[87.96606,22.04673],[87.96642,22.04724],[87.96801,22.04758],[87.96794,22.04448],[87.96685,22.04142],[87.96737,22.04116],[87.96566,22.03537],[87.96768,22.03342],[87.96759,22.03198],[87.96888,22.03213],[87.96899,22.02682],[87.97669,22.02741],[87.97664,22.02527],[87.97829,22.02526],[87.97868,22.0255],[87.9786,22.02632],[87.97986,22.02748],[87.98088,22.02731],[87.98382,22.02499],[87.98407,22.02428],[87.98283,22.02273],[87.98252,22.0213],[87.983,22.01989],[87.98374,22.02047],[87.98352,22.01688],[87.983,22.01441],[87.98107,22.01181],[87.98222,22.0104],[87.98343,22.01003],[87.98374,22.00902],[87.98275,22.00765],[87.98303,22.00552],[87.9827,22.0047],[87.98328,22.00219],[87.98089,22.00182],[87.97688,22.00342],[87.97431,22.00302],[87.97406,22.00102],[87.97172,22.00099],[87.97014,22.00135],[87.96942,22.00234],[87.96846,22.00274],[87.96824,22.00386],[87.9684,22.00516],[87.96896,22.00543],[87.9688,22.00606],[87.96763,22.00585],[87.96708,22.00507]]]}},{"type":"Feature","bbox":[88.00093,22.17589,88.05212,22.20904],"properties":{"kind":"gp","gp":"Natshal-I","block":"Mahishadal","lgd":110107},"geometry":{"type":"Polygon","coordinates":[[[88.01881,22.18308],[88.02276,22.18901],[88.02335,22.19131],[88.02581,22.193],[88.02619,22.19475],[88.02542,22.19585],[88.02384,22.19661],[88.02277,22.19794],[88.017,22.19843],[88.01428,22.19714],[88.00655,22.19929],[88.00424,22.20115],[88.00379,22.20257],[88.00277,22.20308],[88.00093,22.20602],[88.00675,22.20263],[88.0102,22.20134],[88.01893,22.19942],[88.02342,22.19969],[88.02602,22.20093],[88.02701,22.20188],[88.02842,22.20653],[88.02927,22.20778],[88.03305,22.20904],[88.03478,22.20893],[88.03835,22.20757],[88.04452,22.20659],[88.04972,22.20477],[88.05212,22.20247],[88.05027,22.19575],[88.04792,22.19244],[88.04721,22.18956],[88.0449,22.18414],[88.04476,22.18245],[88.04349,22.18215],[88.04342,22.18113],[88.04076,22.1812],[88.04064,22.17996],[88.03876,22.17882],[88.03771,22.17589],[88.02438,22.1794],[88.01798,22.18279],[88.01881,22.18308]]]}},{"type":"Feature","bbox":[87.98366,22.17686,88.02619,22.20969],"properties":{"kind":"gp","gp":"Natshal-Ii","block":"Mahishadal","lgd":243875},"geometry":{"type":"Polygon","coordinates":[[[88.01782,22.18235],[88.01786,22.1805],[88.01729,22.17899],[88.0093,22.17935],[88.00883,22.17832],[88.00806,22.17833],[88.00786,22.17713],[88.00642,22.17686],[87.99966,22.17767],[88.00008,22.18136],[87.9974,22.18184],[87.99722,22.1803],[87.99448,22.18063],[87.99405,22.17899],[87.99357,22.17891],[87.99289,22.18122],[87.99165,22.18091],[87.9919,22.1843],[87.99279,22.18561],[87.99255,22.18627],[87.99126,22.18673],[87.99001,22.18619],[87.98598,22.18793],[87.98366,22.18787],[87.98508,22.18987],[87.98759,22.19136],[87.98842,22.19248],[87.98838,22.19515],[87.98712,22.19631],[87.98675,22.19757],[87.98669,22.2009],[87.98752,22.2024],[87.98891,22.20267],[87.98925,22.20445],[87.99182,22.20745],[87.99209,22.20969],[87.99619,22.20894],[87.9964,22.20844],[87.99763,22.20872],[88.00093,22.20602],[88.00277,22.20308],[88.00379,22.20257],[88.00424,22.20115],[88.00655,22.19929],[88.01428,22.19714],[88.017,22.19843],[88.02277,22.19794],[88.02384,22.19661],[88.02542,22.19585],[88.02619,22.19475],[88.02581,22.193],[88.02335,22.19131],[88.02276,22.18901],[88.02146,22.18742],[88.02123,22.18645],[88.01782,22.18235]]]}},{"type":"Feature","bbox":[87.71765,21.69637,87.77234,21.76985],"properties":{"kind":"gp","gp":"Nayaput","block":"Contai-I","lgd":110036},"geometry":{"type":"Polygon","coordinates":[[[87.7497,21.70003],[87.74802,21.69928],[87.74699,21.69978],[87.74499,21.69653],[87.74383,21.69637],[87.73543,21.69944],[87.73309,21.70239],[87.73429,21.70557],[87.73088,21.703],[87.72606,21.70311],[87.72399,21.70606],[87.71862,21.70836],[87.71765,21.70985],[87.71793,21.71185],[87.71956,21.71216],[87.73113,21.71137],[87.73355,21.70953],[87.73382,21.7102],[87.73276,21.71159],[87.7292,21.71417],[87.72967,21.71552],[87.73057,21.71642],[87.73399,21.71693],[87.73413,21.71731],[87.72975,21.71909],[87.72948,21.72204],[87.73348,21.72142],[87.7352,21.72217],[87.7351,21.72399],[87.73681,21.72536],[87.73692,21.72649],[87.73742,21.72666],[87.73713,21.72991],[87.73736,21.73051],[87.73834,21.73053],[87.73843,21.73141],[87.7375,21.73142],[87.73693,21.73225],[87.73632,21.73144],[87.73307,21.73035],[87.72904,21.73052],[87.72903,21.72892],[87.72827,21.72854],[87.72804,21.72753],[87.72614,21.72856],[87.72523,21.73102],[87.72801,21.73217],[87.72978,21.73391],[87.73024,21.73621],[87.73243,21.73625],[87.73157,21.73738],[87.7317,21.73893],[87.73234,21.73997],[87.73161,21.74],[87.73096,21.74145],[87.73119,21.74262],[87.7332,21.74354],[87.73395,21.7453],[87.73522,21.74527],[87.73582,21.74695],[87.73529,21.74908],[87.73332,21.75062],[87.73344,21.75109],[87.73479,21.7515],[87.73541,21.75111],[87.73575,21.75182],[87.73387,21.75343],[87.73378,21.75622],[87.73444,21.75723],[87.7353,21.75592],[87.73942,21.75447],[87.73954,21.75578],[87.7407,21.75588],[87.73908,21.75705],[87.73887,21.7579],[87.74036,21.76138],[87.74614,21.76092],[87.74704,21.76327],[87.74751,21.76985],[87.74906,21.76921],[87.75395,21.76495],[87.75769,21.76592],[87.76015,21.76584],[87.75822,21.75682],[87.7573,21.75794],[87.75622,21.75771],[87.75513,21.75877],[87.75464,21.75708],[87.75221,21.75617],[87.75227,21.75556],[87.75319,21.75516],[87.75258,21.75371],[87.75341,21.75315],[87.75357,21.75234],[87.75553,21.75203],[87.75663,21.75262],[87.75778,21.75252],[87.75992,21.75073],[87.76085,21.75065],[87.76204,21.7481],[87.7669,21.74766],[87.76622,21.74505],[87.76263,21.73982],[87.76204,21.73943],[87.76022,21.7397],[87.75966,21.73439],[87.7636,21.73359],[87.76447,21.73507],[87.76427,21.73577],[87.76508,21.73638],[87.76775,21.73605],[87.76955,21.73397],[87.77221,21.73269],[87.77234,21.73158],[87.76877,21.72921],[87.76899,21.72653],[87.76823,21.72379],[87.76721,21.72373],[87.76641,21.72197],[87.76455,21.72078],[87.76376,21.72127],[87.76056,21.72102],[87.76015,21.72512],[87.75885,21.72854],[87.75591,21.72793],[87.7562,21.72685],[87.75554,21.7212],[87.75368,21.72111],[87.75486,21.72012],[87.75586,21.71337],[87.75336,21.70947],[87.7526,21.70937],[87.75238,21.70845],[87.75449,21.70853],[87.75567,21.7094],[87.75769,21.7118],[87.75725,21.7135],[87.75806,21.71374],[87.75764,21.71423],[87.76241,21.71631],[87.76285,21.71587],[87.76292,21.71262],[87.76493,21.71225],[87.7657,21.70931],[87.76521,21.70857],[87.76559,21.70676],[87.76374,21.70659],[87.76315,21.70483],[87.76178,21.70505],[87.75903,21.70709],[87.7557,21.70721],[87.75469,21.70684],[87.75119,21.70158],[87.75112,21.6994],[87.7497,21.70003]],[[87.73524,21.70578],[87.74003,21.70439],[87.74092,21.70739],[87.73966,21.70742],[87.73614,21.71012],[87.73406,21.70912],[87.73492,21.70721],[87.73429,21.70557],[87.73524,21.70578]]]}},{"type":"Feature","bbox":[87.87286,21.79411,87.94514,21.85368],"properties":{"kind":"gp","gp":"Nijkasba","block":"Khejuri-II","lgd":110085},"geometry":{"type":"Polygon","coordinates":[[[87.90258,21.79979],[87.89463,21.79658],[87.89443,21.79579],[87.8855,21.79411],[87.88232,21.80018],[87.88391,21.80051],[87.88513,21.79987],[87.88894,21.80077],[87.89019,21.80037],[87.89137,21.80057],[87.89168,21.80106],[87.89336,21.80104],[87.89453,21.80271],[87.89709,21.80327],[87.89862,21.80594],[87.90005,21.80647],[87.89905,21.80737],[87.89815,21.80722],[87.89832,21.80804],[87.89756,21.80893],[87.88961,21.81034],[87.88767,21.81171],[87.88486,21.81101],[87.8839,21.81006],[87.8801,21.80907],[87.87297,21.8227],[87.87286,21.82788],[87.87398,21.83506],[87.87407,21.84183],[87.87689,21.84175],[87.8782,21.84228],[87.87889,21.84202],[87.87911,21.84114],[87.88125,21.8407],[87.8816,21.83928],[87.88354,21.83904],[87.88672,21.83947],[87.88717,21.83999],[87.88839,21.83984],[87.88903,21.8408],[87.89063,21.84089],[87.89054,21.84208],[87.89487,21.84161],[87.90099,21.84229],[87.90217,21.84169],[87.90287,21.84516],[87.90867,21.84477],[87.90862,21.84337],[87.90963,21.84316],[87.90994,21.84242],[87.91046,21.84237],[87.91088,21.8431],[87.91325,21.84336],[87.91243,21.84406],[87.91241,21.84521],[87.91316,21.84607],[87.91705,21.84602],[87.91812,21.84521],[87.91957,21.84573],[87.92428,21.84594],[87.92402,21.84478],[87.92463,21.84469],[87.9257,21.84592],[87.92639,21.84564],[87.92843,21.84652],[87.92914,21.84759],[87.92871,21.84896],[87.92961,21.85],[87.93013,21.85274],[87.93099,21.85368],[87.93205,21.85362],[87.93166,21.85194],[87.93252,21.84985],[87.93334,21.84915],[87.93533,21.84907],[87.93405,21.84482],[87.93413,21.84349],[87.93587,21.84253],[87.93603,21.84046],[87.93824,21.84076],[87.93968,21.84211],[87.94215,21.83849],[87.94453,21.83793],[87.94514,21.83578],[87.94461,21.83582],[87.94406,21.83415],[87.94314,21.83343],[87.94394,21.83038],[87.94247,21.82809],[87.94224,21.82624],[87.94271,21.82597],[87.94062,21.82345],[87.93554,21.8192],[87.92102,21.80885],[87.92053,21.80922],[87.91779,21.80724],[87.91693,21.80583],[87.91208,21.80332],[87.91174,21.80363],[87.91208,21.80458],[87.91112,21.80458],[87.91054,21.80386],[87.90883,21.80349],[87.90885,21.80222],[87.9098,21.80199],[87.91195,21.8028],[87.91174,21.80195],[87.90666,21.80011],[87.90632,21.80116],[87.90288,21.80066],[87.90258,21.79979]]]}},{"type":"Feature","bbox":[87.79444,22.31986,87.8574,22.37406],"properties":{"kind":"gp","gp":"Nilkunthia","block":"Tamluk","lgd":110216},"geometry":{"type":"Polygon","coordinates":[[[87.8127,22.32477],[87.81231,22.32601],[87.81085,22.32666],[87.81061,22.3272],[87.80812,22.32602],[87.8069,22.32672],[87.80359,22.32982],[87.80278,22.33119],[87.80012,22.32578],[87.79584,22.32615],[87.79527,22.32757],[87.79444,22.32789],[87.79539,22.32856],[87.79552,22.32966],[87.79965,22.32966],[87.80024,22.33026],[87.80107,22.33431],[87.80046,22.33529],[87.80146,22.33707],[87.8032,22.33856],[87.80615,22.3372],[87.80706,22.33865],[87.8081,22.33834],[87.80844,22.33935],[87.81092,22.34167],[87.80897,22.34257],[87.80826,22.34403],[87.80899,22.34429],[87.81016,22.34276],[87.81152,22.34324],[87.81254,22.34509],[87.81382,22.34492],[87.81516,22.34755],[87.81676,22.34817],[87.81704,22.34877],[87.81655,22.34979],[87.8175,22.35072],[87.82015,22.35099],[87.8238,22.34948],[87.82459,22.34955],[87.8255,22.34976],[87.82755,22.35146],[87.8286,22.35137],[87.82938,22.35188],[87.83066,22.35345],[87.83074,22.35422],[87.83023,22.3548],[87.83052,22.35646],[87.83142,22.3563],[87.83184,22.35753],[87.83364,22.35802],[87.83395,22.35877],[87.8351,22.35944],[87.83541,22.35873],[87.83602,22.3591],[87.83776,22.36194],[87.83736,22.3624],[87.83788,22.36469],[87.83985,22.36532],[87.84004,22.36991],[87.83882,22.37129],[87.84043,22.37252],[87.84567,22.37341],[87.84602,22.37406],[87.84638,22.37327],[87.84595,22.37216],[87.84491,22.3721],[87.84561,22.37071],[87.84501,22.37013],[87.84456,22.36848],[87.84679,22.3679],[87.84683,22.36733],[87.84841,22.36685],[87.85069,22.36977],[87.85503,22.36981],[87.85082,22.36356],[87.85123,22.36265],[87.84971,22.36226],[87.84744,22.35946],[87.85469,22.35771],[87.85495,22.35656],[87.85577,22.3562],[87.85457,22.34709],[87.85474,22.34628],[87.85537,22.34612],[87.85527,22.34444],[87.8574,22.34326],[87.85735,22.34129],[87.85659,22.33619],[87.85709,22.33366],[87.8564,22.33359],[87.85612,22.32831],[87.85514,22.32671],[87.85503,22.32551],[87.85203,22.32552],[87.85071,22.32479],[87.84949,22.32492],[87.84931,22.32397],[87.84711,22.32429],[87.84513,22.32401],[87.84381,22.32257],[87.84267,22.32288],[87.83673,22.31986],[87.83356,22.322],[87.83405,22.32439],[87.83367,22.32509],[87.83392,22.32554],[87.83337,22.326],[87.83212,22.32496],[87.83312,22.32369],[87.83303,22.3228],[87.82962,22.32551],[87.82774,22.32629],[87.82627,22.32811],[87.82167,22.32835],[87.81651,22.325],[87.8163,22.3253],[87.81535,22.32489],[87.81517,22.32429],[87.8127,22.32477]]]}},{"type":"Feature","bbox":[87.80734,22.05461,87.87226,22.09215],"properties":{"kind":"gp","gp":"Osmanpur","block":"Chandipur","lgd":110030},"geometry":{"type":"Polygon","coordinates":[[[87.8308,22.06607],[87.83088,22.06392],[87.8288,22.06176],[87.8288,22.05765],[87.828,22.05461],[87.82165,22.05517],[87.82159,22.05738],[87.82238,22.06159],[87.82002,22.06216],[87.81927,22.06334],[87.81751,22.06355],[87.81699,22.06436],[87.81741,22.06591],[87.8173,22.0707],[87.81469,22.07248],[87.81239,22.07286],[87.81152,22.07428],[87.80775,22.07283],[87.80734,22.07339],[87.80825,22.08283],[87.81085,22.08552],[87.81351,22.08607],[87.81681,22.08776],[87.8191,22.08836],[87.82192,22.08753],[87.82575,22.08789],[87.82835,22.08736],[87.82881,22.08681],[87.83294,22.08669],[87.83524,22.08772],[87.83727,22.09055],[87.83975,22.09187],[87.84317,22.09215],[87.84505,22.09026],[87.84873,22.09018],[87.85192,22.09158],[87.85424,22.09156],[87.85932,22.09049],[87.8593,22.08721],[87.86016,22.08586],[87.85944,22.0843],[87.85919,22.08199],[87.85869,22.08175],[87.85929,22.08087],[87.85999,22.08203],[87.86055,22.08204],[87.86116,22.08105],[87.86229,22.08054],[87.86652,22.07944],[87.86922,22.08172],[87.86933,22.07776],[87.87226,22.07526],[87.86767,22.07222],[87.86519,22.07228],[87.86211,22.07064],[87.8595,22.07081],[87.85788,22.07192],[87.85364,22.07184],[87.85176,22.07266],[87.85127,22.07089],[87.8377,22.07108],[87.83713,22.07082],[87.83656,22.06948],[87.83532,22.07092],[87.83381,22.07099],[87.8329,22.07029],[87.83162,22.07036],[87.8308,22.06607]]]}},{"type":"Feature","bbox":[87.47934,21.61126,87.54708,21.65649],"properties":{"kind":"gp","gp":"Padima-I","block":"Ramnagar-I","lgd":110184},"geometry":{"type":"MultiPolygon","coordinates":[[[[87.48453,21.62496],[87.48613,21.63112],[87.48599,21.63226],[87.48543,21.63263],[87.48179,21.63264],[87.48152,21.63338],[87.48052,21.63335],[87.48028,21.63461],[87.48117,21.63589],[87.47934,21.63687],[87.47937,21.63906],[87.4822,21.64066],[87.48163,21.64158],[87.4818,21.64221],[87.4828,21.64217],[87.48448,21.64025],[87.48675,21.6407],[87.48832,21.64179],[87.4891,21.6474],[87.4895,21.64776],[87.49109,21.64763],[87.49232,21.64632],[87.49284,21.64632],[87.49278,21.64784],[87.49337,21.64737],[87.49344,21.64037],[87.49402,21.6399],[87.49238,21.63921],[87.49052,21.63915],[87.48882,21.63781],[87.48863,21.63706],[87.48758,21.63689],[87.48749,21.63591],[87.48579,21.63513],[87.48606,21.63375],[87.48696,21.63279],[87.48655,21.63216],[87.49082,21.63315],[87.49109,21.63395],[87.49429,21.63607],[87.49461,21.63982],[87.50009,21.64112],[87.50037,21.6428],[87.4978,21.64633],[87.49866,21.64762],[87.49747,21.65025],[87.4987,21.65188],[87.49876,21.65408],[87.50141,21.65341],[87.50214,21.65266],[87.50225,21.65396],[87.50161,21.655],[87.50237,21.65556],[87.50247,21.65629],[87.5034,21.65631],[87.50364,21.65531],[87.50549,21.65506],[87.5093,21.6555],[87.51027,21.65518],[87.51794,21.65649],[87.51734,21.65493],[87.51468,21.65375],[87.51425,21.65292],[87.51457,21.65075],[87.51412,21.6495],[87.51496,21.64663],[87.51632,21.64448],[87.51662,21.64235],[87.51637,21.63988],[87.51561,21.63971],[87.51577,21.6378],[87.51464,21.63755],[87.51409,21.63612],[87.5134,21.63643],[87.51298,21.63555],[87.5133,21.63385],[87.51209,21.63321],[87.51078,21.63361],[87.50948,21.63303],[87.50971,21.63235],[87.51278,21.63284],[87.51622,21.63099],[87.5154,21.62983],[87.51614,21.62689],[87.51475,21.62296],[87.52108,21.62357],[87.52616,21.62336],[87.51549,21.62129],[87.51005,21.61922],[87.49762,21.6161],[87.49642,21.61515],[87.48479,21.61126],[87.48453,21.62496]]],[[[87.54708,21.6426],[87.54676,21.64147],[87.54489,21.6415],[87.54472,21.64218],[87.54364,21.64272],[87.54327,21.6442],[87.54482,21.64461],[87.54658,21.6436],[87.54708,21.6426]]]]}},{"type":"Feature","bbox":[87.48596,21.62296,87.57645,21.6556],"properties":{"kind":"gp","gp":"Padima-Ii","block":"Ramnagar-I","lgd":110185},"geometry":{"type":"MultiPolygon","coordinates":[[[[87.48696,21.63279],[87.48606,21.63375],[87.48596,21.63547],[87.48749,21.63591],[87.48758,21.63689],[87.48863,21.63706],[87.48882,21.63781],[87.49052,21.63915],[87.49461,21.63982],[87.49429,21.63607],[87.49109,21.63395],[87.49082,21.63315],[87.48655,21.63216],[87.48696,21.63279]]],[[[87.57009,21.6403],[87.57078,21.64088],[87.57576,21.63932],[87.57645,21.63682],[87.57157,21.63573],[87.56953,21.63819],[87.57009,21.6403]]],[[[87.52904,21.62428],[87.52616,21.62336],[87.52108,21.62357],[87.51475,21.62296],[87.51614,21.62689],[87.5154,21.62983],[87.51622,21.63099],[87.51278,21.63284],[87.50971,21.63235],[87.50948,21.63303],[87.51078,21.63361],[87.51209,21.63321],[87.5133,21.63385],[87.51298,21.63555],[87.5134,21.63643],[87.51409,21.63612],[87.51464,21.63755],[87.51577,21.6378],[87.51561,21.63971],[87.51637,21.63988],[87.51632,21.64448],[87.51496,21.64663],[87.51412,21.6495],[87.51457,21.65075],[87.51425,21.65292],[87.51468,21.65375],[87.51734,21.65493],[87.51786,21.6556],[87.52354,21.65452],[87.53173,21.65412],[87.53678,21.65239],[87.54191,21.65189],[87.54811,21.65198],[87.55064,21.65263],[87.55263,21.6523],[87.55436,21.65121],[87.55452,21.64886],[87.55733,21.64923],[87.55833,21.64888],[87.5587,21.64814],[87.56452,21.6478],[87.56553,21.65021],[87.56671,21.65031],[87.56711,21.65325],[87.5704,21.65046],[87.57057,21.64919],[87.569,21.64735],[87.56881,21.6417],[87.56953,21.6398],[87.56905,21.63914],[87.56434,21.63766],[87.56059,21.63485],[87.56055,21.6344],[87.55659,21.63498],[87.55533,21.6357],[87.55412,21.63785],[87.55356,21.63805],[87.55142,21.63406],[87.55127,21.63207],[87.55172,21.63155],[87.54784,21.63138],[87.54318,21.62894],[87.53369,21.62644],[87.5331,21.62526],[87.53156,21.62487],[87.53019,21.62521],[87.52904,21.62428]],[[87.54676,21.64147],[87.54708,21.6426],[87.54577,21.64434],[87.54482,21.64461],[87.54327,21.6442],[87.54364,21.64272],[87.54472,21.64218],[87.54489,21.6415],[87.54676,21.64147]]]]}},{"type":"Feature","bbox":[87.83166,22.25154,87.87104,22.29811],"properties":{"kind":"gp","gp":"Padumpur-I","block":"Tamluk","lgd":110217},"geometry":{"type":"Polygon","coordinates":[[[87.86513,22.26079],[87.86216,22.26067],[87.86181,22.25981],[87.86283,22.25913],[87.86352,22.25697],[87.85337,22.25865],[87.85068,22.2586],[87.84948,22.25537],[87.84719,22.25164],[87.84585,22.25154],[87.84022,22.25866],[87.8334,22.2726],[87.83286,22.27515],[87.83386,22.27746],[87.83544,22.27936],[87.83492,22.28019],[87.83359,22.27987],[87.83313,22.28036],[87.83505,22.28102],[87.8351,22.28296],[87.8357,22.28286],[87.83688,22.28652],[87.83568,22.28745],[87.8365,22.28912],[87.83506,22.29109],[87.83248,22.29227],[87.83286,22.29425],[87.83166,22.29475],[87.83187,22.29513],[87.83367,22.29641],[87.83513,22.29587],[87.83553,22.29678],[87.83649,22.29681],[87.83935,22.29603],[87.84005,22.29551],[87.84014,22.29428],[87.84089,22.29374],[87.84364,22.29315],[87.8481,22.29707],[87.84852,22.29811],[87.851,22.29715],[87.85119,22.29607],[87.85036,22.29318],[87.85886,22.29195],[87.85772,22.28861],[87.8539,22.289],[87.8533,22.28807],[87.85444,22.28375],[87.85641,22.28322],[87.85655,22.28014],[87.85556,22.27935],[87.85519,22.27803],[87.85544,22.27673],[87.85492,22.27557],[87.85338,22.27519],[87.8497,22.27535],[87.84835,22.27247],[87.84908,22.27228],[87.8509,22.27333],[87.84971,22.27054],[87.85571,22.27015],[87.85823,22.26709],[87.86139,22.26578],[87.86267,22.26606],[87.8656,22.26503],[87.86577,22.26658],[87.86512,22.26672],[87.86477,22.26857],[87.86405,22.26872],[87.86423,22.26971],[87.86348,22.27005],[87.86325,22.27102],[87.8652,22.27217],[87.87104,22.27042],[87.87066,22.26842],[87.86952,22.26779],[87.86892,22.26515],[87.86989,22.26423],[87.86931,22.26223],[87.87037,22.26088],[87.86648,22.26036],[87.86513,22.26079]]]}},{"type":"Feature","bbox":[87.84835,22.26085,87.88782,22.29195],"properties":{"kind":"gp","gp":"Padumpur-Ii","block":"Tamluk","lgd":110218},"geometry":{"type":"Polygon","coordinates":[[[87.88183,22.26351],[87.8749,22.26205],[87.87414,22.26085],[87.87037,22.26088],[87.86931,22.26223],[87.86989,22.26423],[87.86892,22.26515],[87.86952,22.26779],[87.87066,22.26842],[87.87104,22.27042],[87.8652,22.27217],[87.86325,22.27102],[87.86348,22.27005],[87.86423,22.26971],[87.86405,22.26872],[87.86477,22.26857],[87.86512,22.26672],[87.86577,22.26658],[87.8656,22.26503],[87.86267,22.26606],[87.86139,22.26578],[87.85823,22.26709],[87.85571,22.27015],[87.84971,22.27054],[87.8509,22.27333],[87.84908,22.27228],[87.84835,22.27247],[87.84936,22.27505],[87.85492,22.27557],[87.85544,22.27673],[87.85519,22.27803],[87.85556,22.27935],[87.85655,22.28014],[87.85641,22.28322],[87.85444,22.28375],[87.85346,22.28665],[87.85386,22.28705],[87.8533,22.28807],[87.8539,22.289],[87.85772,22.28861],[87.85886,22.29195],[87.86483,22.2912],[87.86725,22.29021],[87.86756,22.29058],[87.86992,22.29037],[87.87024,22.29093],[87.87191,22.29065],[87.87262,22.29035],[87.87351,22.28805],[87.87483,22.28831],[87.87501,22.28934],[87.87552,22.28961],[87.87746,22.28981],[87.88122,22.28884],[87.88112,22.28774],[87.88272,22.28784],[87.88275,22.28704],[87.88758,22.28683],[87.88782,22.28585],[87.88665,22.28087],[87.88514,22.27947],[87.88397,22.27933],[87.88503,22.27299],[87.88405,22.27175],[87.88329,22.26924],[87.88339,22.26759],[87.88196,22.26751],[87.88211,22.2646],[87.88183,22.26351]]]}},{"type":"Feature","bbox":[87.51561,21.68143,87.56653,21.73426],"properties":{"kind":"gp","gp":"Paldhui","block":"Ramnagar-II","lgd":110194},"geometry":{"type":"Polygon","coordinates":[[[87.54374,21.69352],[87.53993,21.69436],[87.53966,21.69991],[87.53769,21.69994],[87.53779,21.69799],[87.53734,21.69746],[87.5353,21.69722],[87.53499,21.6978],[87.53553,21.69991],[87.52879,21.69992],[87.52813,21.70028],[87.52903,21.70322],[87.53001,21.70423],[87.53423,21.70542],[87.53433,21.70813],[87.53517,21.70912],[87.53496,21.7104],[87.52986,21.70776],[87.52567,21.7065],[87.51909,21.70707],[87.51898,21.70822],[87.51633,21.71154],[87.51561,21.71466],[87.5166,21.71583],[87.52106,21.71803],[87.51903,21.71845],[87.51875,21.72007],[87.51912,21.72113],[87.51886,21.72236],[87.51995,21.72342],[87.51969,21.72949],[87.53802,21.73426],[87.53854,21.72829],[87.54054,21.72376],[87.54024,21.72329],[87.53813,21.72315],[87.53829,21.72205],[87.53579,21.72221],[87.53594,21.71974],[87.53709,21.71843],[87.53695,21.71554],[87.53881,21.71597],[87.53985,21.71707],[87.5401,21.71968],[87.54394,21.72053],[87.54506,21.72214],[87.54642,21.72263],[87.54789,21.72261],[87.54872,21.72327],[87.54943,21.72256],[87.55395,21.72493],[87.55698,21.72009],[87.56271,21.71924],[87.5652,21.71808],[87.56566,21.71506],[87.56514,21.71498],[87.56515,21.71359],[87.5659,21.70948],[87.56251,21.70142],[87.56262,21.70035],[87.56446,21.70045],[87.56653,21.69912],[87.56573,21.69476],[87.56304,21.69512],[87.5628,21.69339],[87.56438,21.69318],[87.56602,21.69192],[87.56555,21.68936],[87.56331,21.68858],[87.56157,21.68656],[87.56084,21.68143],[87.55661,21.68232],[87.55082,21.6824],[87.54803,21.68301],[87.54643,21.68393],[87.54612,21.68448],[87.5465,21.68657],[87.5463,21.68997],[87.54523,21.69369],[87.54374,21.69352]]]}},{"type":"Feature","bbox":[87.51974,21.90233,87.59199,21.98669],"properties":{"kind":"gp","gp":"Panchet","block":"Patashpur-II","lgd":110175},"geometry":{"type":"MultiPolygon","coordinates":[[[[87.52595,21.91669],[87.52609,21.91505],[87.52721,21.91495],[87.52835,21.91375],[87.52845,21.91093],[87.53044,21.91132],[87.53058,21.91254],[87.53184,21.91155],[87.53221,21.91329],[87.53385,21.91299],[87.53404,21.91157],[87.53587,21.91117],[87.53452,21.90741],[87.53604,21.90698],[87.53611,21.90439],[87.53329,21.904],[87.53127,21.903],[87.53139,21.90233],[87.52972,21.90268],[87.52896,21.9047],[87.52717,21.90435],[87.52687,21.9037],[87.52381,21.90363],[87.52056,21.90477],[87.51974,21.90436],[87.52027,21.90698],[87.52155,21.90683],[87.52144,21.90565],[87.52189,21.90562],[87.52198,21.90659],[87.52358,21.90682],[87.52408,21.90895],[87.52453,21.90897],[87.52496,21.91124],[87.52262,21.91283],[87.52421,21.91643],[87.52382,21.91739],[87.5242,21.91949],[87.52539,21.91947],[87.52583,21.92008],[87.52842,21.91956],[87.52831,21.91825],[87.52739,21.91811],[87.52716,21.91667],[87.52595,21.91669]]],[[[87.54228,21.92539],[87.54168,21.92888],[87.54169,21.9351],[87.54062,21.93481],[87.53845,21.93537],[87.53789,21.93505],[87.537,21.9355],[87.53667,21.93637],[87.53858,21.93863],[87.53826,21.93975],[87.5374,21.93969],[87.53648,21.94044],[87.53644,21.9427],[87.5373,21.94361],[87.53731,21.94467],[87.53653,21.94606],[87.53664,21.94897],[87.53623,21.95007],[87.53014,21.95111],[87.52971,21.95194],[87.52742,21.95183],[87.52646,21.95212],[87.5266,21.95274],[87.5259,21.95278],[87.52579,21.95705],[87.52486,21.95809],[87.52531,21.96157],[87.52478,21.96399],[87.5235,21.96442],[87.52348,21.96597],[87.52428,21.96795],[87.52586,21.96791],[87.52547,21.96874],[87.52587,21.96952],[87.52674,21.96967],[87.52667,21.97041],[87.52436,21.97141],[87.52265,21.9712],[87.52214,21.96982],[87.52156,21.9707],[87.51998,21.97059],[87.51996,21.9717],[87.52037,21.97264],[87.5201,21.97346],[87.52097,21.97456],[87.52206,21.97498],[87.52303,21.97401],[87.52347,21.9741],[87.52363,21.9749],[87.52473,21.97481],[87.52474,21.97625],[87.52557,21.97632],[87.52568,21.9748],[87.52763,21.97445],[87.52793,21.97628],[87.52907,21.97696],[87.52908,21.97788],[87.53102,21.97786],[87.53105,21.97838],[87.52892,21.9791],[87.52956,21.9801],[87.5302,21.98026],[87.53107,21.97951],[87.53239,21.97939],[87.53162,21.98019],[87.5319,21.98092],[87.53253,21.98096],[87.5332,21.97817],[87.53462,21.97804],[87.53515,21.97853],[87.53578,21.97839],[87.5357,21.97777],[87.53653,21.97773],[87.53755,21.9797],[87.5386,21.9845],[87.53984,21.98481],[87.54082,21.98609],[87.54203,21.98484],[87.5438,21.98399],[87.54649,21.98377],[87.54742,21.98505],[87.54768,21.98669],[87.54929,21.98654],[87.55194,21.98534],[87.55232,21.98237],[87.55345,21.98062],[87.5533,21.97974],[87.55412,21.97961],[87.5543,21.98065],[87.5547,21.98074],[87.56036,21.98108],[87.56095,21.98035],[87.56123,21.97839],[87.56096,21.97643],[87.57019,21.97566],[87.57037,21.97477],[87.57166,21.97343],[87.57152,21.97279],[87.57244,21.97068],[87.5739,21.97048],[87.575,21.96951],[87.57387,21.96498],[87.57518,21.96457],[87.57537,21.96406],[87.57979,21.96324],[87.57948,21.96159],[87.57855,21.96131],[87.57914,21.95928],[87.58001,21.95858],[87.58516,21.95823],[87.5843,21.95641],[87.58176,21.95338],[87.5842,21.95189],[87.59033,21.94973],[87.59187,21.94634],[87.59199,21.94418],[87.59123,21.94216],[87.58849,21.94116],[87.58762,21.93816],[87.58575,21.93675],[87.58437,21.93679],[87.58047,21.93493],[87.57523,21.93575],[87.57288,21.93448],[87.56903,21.93641],[87.56945,21.93865],[87.56792,21.93918],[87.56702,21.94037],[87.56583,21.9404],[87.56466,21.93896],[87.56279,21.93815],[87.56266,21.93642],[87.55937,21.93635],[87.55869,21.93089],[87.55882,21.92981],[87.56005,21.92863],[87.56001,21.92595],[87.55866,21.92394],[87.55565,21.92266],[87.55236,21.92383],[87.55218,21.92447],[87.55227,21.92672],[87.5528,21.9276],[87.55451,21.928],[87.55458,21.92928],[87.55322,21.9296],[87.55364,21.93372],[87.55054,21.93421],[87.5496,21.93293],[87.54878,21.93291],[87.54917,21.93449],[87.54875,21.93562],[87.54604,21.93385],[87.54605,21.93007],[87.54455,21.92542],[87.54228,21.92539]]]]}},{"type":"Feature","bbox":[87.43643,21.78916,87.49945,21.84482],"properties":{"kind":"gp","gp":"Panchrol","block":"Egra-I","lgd":110060},"geometry":{"type":"Polygon","coordinates":[[[87.45896,21.79476],[87.45802,21.79472],[87.45736,21.79973],[87.45647,21.79995],[87.45652,21.80091],[87.45311,21.80121],[87.45268,21.80242],[87.44821,21.80194],[87.44576,21.80254],[87.44456,21.79944],[87.44326,21.79982],[87.44328,21.80087],[87.44223,21.80163],[87.4409,21.80143],[87.43643,21.80403],[87.43852,21.80825],[87.43726,21.81279],[87.4388,21.81335],[87.44128,21.82102],[87.44479,21.82151],[87.44465,21.82728],[87.44381,21.82945],[87.44135,21.83162],[87.44066,21.83382],[87.44106,21.84009],[87.44567,21.84138],[87.45046,21.84482],[87.45075,21.8443],[87.45207,21.84445],[87.45305,21.84379],[87.45482,21.84172],[87.45554,21.83966],[87.45866,21.83951],[87.45899,21.84006],[87.46079,21.83914],[87.4664,21.83899],[87.46802,21.8383],[87.46849,21.8373],[87.46905,21.83714],[87.46854,21.83581],[87.47418,21.83492],[87.47419,21.83443],[87.47526,21.83456],[87.47602,21.83407],[87.48021,21.83418],[87.48317,21.8332],[87.48595,21.8331],[87.49073,21.83211],[87.49144,21.8341],[87.49535,21.83377],[87.49613,21.83356],[87.49726,21.83218],[87.49945,21.83181],[87.49909,21.82808],[87.49794,21.82721],[87.49618,21.82735],[87.49599,21.82665],[87.49467,21.82672],[87.49309,21.82283],[87.49113,21.82209],[87.49076,21.82088],[87.492,21.82012],[87.49144,21.81891],[87.49312,21.81867],[87.49255,21.81791],[87.49266,21.81711],[87.49016,21.81297],[87.48933,21.81032],[87.4892,21.80734],[87.4883,21.80422],[87.48714,21.79535],[87.48153,21.79611],[87.48106,21.79461],[87.48042,21.79464],[87.48035,21.79398],[87.47853,21.79394],[87.4787,21.79222],[87.47714,21.79191],[87.47679,21.79109],[87.47253,21.79169],[87.47235,21.79122],[87.46977,21.79157],[87.46945,21.78916],[87.46686,21.79007],[87.46529,21.78962],[87.4641,21.79065],[87.46206,21.78978],[87.45897,21.78984],[87.45932,21.79245],[87.45896,21.79476]]]}},{"type":"Feature","bbox":[87.51127,21.73162,87.58316,21.77483],"properties":{"kind":"gp","gp":"Paniparul","block":"Egra-II","lgd":110068},"geometry":{"type":"Polygon","coordinates":[[[87.52816,21.73162],[87.52826,21.73401],[87.5272,21.73975],[87.5271,21.74517],[87.52659,21.74603],[87.52006,21.74728],[87.51559,21.74732],[87.51438,21.74676],[87.51396,21.74335],[87.51135,21.74366],[87.51127,21.75067],[87.51213,21.75717],[87.51533,21.75644],[87.51631,21.76247],[87.51765,21.76234],[87.51785,21.76647],[87.51706,21.76841],[87.52384,21.76767],[87.52988,21.76789],[87.52983,21.76841],[87.5314,21.76943],[87.53168,21.77051],[87.53,21.77139],[87.53022,21.77195],[87.52928,21.77191],[87.52985,21.77272],[87.52904,21.77377],[87.5323,21.77352],[87.53255,21.77404],[87.5376,21.77321],[87.53914,21.77371],[87.53942,21.77422],[87.54437,21.77376],[87.54604,21.77389],[87.54675,21.77452],[87.55599,21.77335],[87.55971,21.77483],[87.56175,21.77429],[87.56192,21.7734],[87.56265,21.77359],[87.56335,21.77201],[87.56069,21.77223],[87.56005,21.77165],[87.56153,21.76915],[87.56403,21.76814],[87.56407,21.76876],[87.56599,21.76946],[87.56613,21.7705],[87.5681,21.77062],[87.56841,21.77206],[87.56964,21.77249],[87.57504,21.77358],[87.57556,21.77338],[87.5755,21.77237],[87.57674,21.77222],[87.57729,21.77325],[87.58002,21.77284],[87.58077,21.77158],[87.5806,21.76992],[87.58303,21.76707],[87.58277,21.76638],[87.58316,21.76531],[87.58273,21.76437],[87.5819,21.76361],[87.58135,21.76391],[87.58119,21.76303],[87.58041,21.76272],[87.57639,21.76226],[87.57562,21.7619],[87.57555,21.76129],[87.57269,21.76073],[87.57241,21.75995],[87.57093,21.76025],[87.56671,21.75843],[87.56825,21.75563],[87.56845,21.75394],[87.57192,21.75536],[87.5754,21.75491],[87.57708,21.75659],[87.57962,21.75717],[87.57872,21.75566],[87.57755,21.75083],[87.57552,21.74705],[87.56032,21.74414],[87.55066,21.74294],[87.54343,21.73591],[87.52816,21.73162]]]}},{"type":"Feature","bbox":[87.69836,22.40014,87.7604,22.43822],"properties":{"kind":"gp","gp":"Panskura-I","block":"Panskura-I","lgd":110157},"geometry":{"type":"Polygon","coordinates":[[[87.75251,22.41651],[87.75308,22.41607],[87.75253,22.41217],[87.75384,22.41189],[87.75388,22.4101],[87.75468,22.40939],[87.75482,22.4084],[87.75561,22.40799],[87.75578,22.40697],[87.759,22.4069],[87.75901,22.40562],[87.76037,22.40482],[87.7604,22.40321],[87.76015,22.40182],[87.75966,22.40153],[87.75534,22.40076],[87.75118,22.4009],[87.74962,22.40014],[87.74855,22.40031],[87.74867,22.4011],[87.74799,22.40132],[87.74385,22.4017],[87.74397,22.40292],[87.74333,22.40387],[87.73785,22.40499],[87.73646,22.40808],[87.73078,22.40743],[87.72636,22.4078],[87.72471,22.40751],[87.71905,22.40817],[87.71674,22.41069],[87.71565,22.41035],[87.71557,22.40949],[87.71199,22.40928],[87.71096,22.40699],[87.70763,22.40789],[87.7045,22.40991],[87.70256,22.4123],[87.70258,22.41366],[87.70413,22.41494],[87.70472,22.41613],[87.70353,22.41652],[87.70343,22.41832],[87.70448,22.41934],[87.69957,22.42095],[87.69836,22.42344],[87.69839,22.4248],[87.69877,22.42599],[87.70367,22.43067],[87.70862,22.42973],[87.70854,22.42769],[87.71057,22.42568],[87.71035,22.42443],[87.71306,22.42379],[87.71324,22.42759],[87.71386,22.42834],[87.71674,22.42806],[87.7191,22.42734],[87.71946,22.42369],[87.71823,22.42226],[87.71716,22.42204],[87.71624,22.42032],[87.71779,22.41954],[87.71802,22.41788],[87.72318,22.41796],[87.72503,22.41938],[87.73029,22.42009],[87.73097,22.42684],[87.73154,22.4271],[87.73125,22.42771],[87.73175,22.42987],[87.73261,22.4305],[87.73281,22.43236],[87.73415,22.43196],[87.73417,22.43284],[87.73317,22.43305],[87.73425,22.43763],[87.73501,22.43822],[87.73599,22.43784],[87.73604,22.43563],[87.73743,22.43512],[87.73742,22.43282],[87.738,22.43217],[87.74062,22.43243],[87.74518,22.4316],[87.74667,22.4329],[87.74902,22.43294],[87.7495,22.43391],[87.74917,22.43466],[87.75186,22.43585],[87.7518,22.43362],[87.75349,22.43209],[87.75362,22.43098],[87.75583,22.43075],[87.75617,22.42947],[87.75697,22.42892],[87.75589,22.42725],[87.75573,22.42579],[87.75422,22.42536],[87.75401,22.42134],[87.75318,22.42108],[87.75258,22.41927],[87.75239,22.41862],[87.75324,22.41749],[87.75251,22.41651]]]}},{"type":"Feature","bbox":[87.70465,22.23728,87.7578,22.27371],"properties":{"kind":"gp","gp":"Paramanandapur","block":"Moyna","lgd":110116},"geometry":{"type":"Polygon","coordinates":[[[87.75274,22.24998],[87.75705,22.24981],[87.75584,22.24813],[87.75384,22.23847],[87.74872,22.23853],[87.74565,22.23794],[87.74477,22.23728],[87.74413,22.23785],[87.74289,22.24107],[87.73832,22.24766],[87.72786,22.24605],[87.72474,22.24775],[87.71881,22.24768],[87.71821,22.24665],[87.7101,22.24424],[87.70483,22.24476],[87.70465,22.24782],[87.70589,22.25216],[87.70642,22.26147],[87.70762,22.26727],[87.70733,22.26828],[87.71444,22.26431],[87.71645,22.26414],[87.71726,22.26923],[87.72261,22.26842],[87.72529,22.26753],[87.729,22.2673],[87.74105,22.27023],[87.74196,22.27232],[87.74316,22.2726],[87.74386,22.27123],[87.74942,22.27308],[87.75024,22.27254],[87.75658,22.27371],[87.75655,22.27296],[87.7578,22.27187],[87.75577,22.27141],[87.75586,22.27066],[87.75502,22.26917],[87.75447,22.26451],[87.7535,22.26253],[87.75422,22.25958],[87.75247,22.25448],[87.75236,22.25045],[87.75274,22.24998]]]}},{"type":"Feature","bbox":[87.50843,21.97631,87.5753,22.04288],"properties":{"kind":"gp","gp":"Pataspur","block":"Patashpur-II","lgd":110176},"geometry":{"type":"Polygon","coordinates":[[[87.53313,21.97964],[87.53253,21.98096],[87.5319,21.98092],[87.53162,21.98019],[87.53239,21.97939],[87.53107,21.97951],[87.5302,21.98026],[87.52956,21.9801],[87.52892,21.9791],[87.53105,21.97838],[87.53102,21.97786],[87.52908,21.97788],[87.52907,21.97696],[87.52727,21.97631],[87.52721,21.97808],[87.52767,21.97861],[87.52702,21.9789],[87.52686,21.97956],[87.52712,21.9821],[87.52786,21.98323],[87.52848,21.98309],[87.52847,21.9849],[87.52177,21.98523],[87.5218,21.98791],[87.5212,21.9885],[87.5188,21.98854],[87.51815,21.98953],[87.5182,21.99042],[87.51714,21.99065],[87.51674,21.99126],[87.51731,21.99421],[87.5151,21.99435],[87.51492,21.99322],[87.51094,21.99331],[87.51027,21.99393],[87.50854,21.99424],[87.50843,21.99544],[87.51019,22.00406],[87.51059,22.00455],[87.51453,22.00443],[87.51392,22.0083],[87.51763,22.00818],[87.51769,22.00991],[87.51559,22.01111],[87.51364,22.01093],[87.51358,22.01259],[87.51222,22.01292],[87.51162,22.01431],[87.51073,22.01458],[87.51131,22.01636],[87.51047,22.01666],[87.50999,22.02062],[87.51414,22.01997],[87.51428,22.02093],[87.51538,22.02083],[87.51508,22.01974],[87.52011,22.01925],[87.52104,22.01964],[87.52279,22.0215],[87.52462,22.02105],[87.5257,22.0228],[87.53015,22.02313],[87.53034,22.02441],[87.52456,22.02429],[87.52367,22.02456],[87.52364,22.02537],[87.52579,22.025],[87.52615,22.02576],[87.52679,22.0258],[87.52747,22.03118],[87.53048,22.03097],[87.53142,22.03144],[87.53152,22.03323],[87.53207,22.03314],[87.53338,22.04251],[87.54364,22.04288],[87.54467,22.0422],[87.54528,22.04247],[87.54572,22.04123],[87.54541,22.04099],[87.54622,22.04035],[87.54646,22.03799],[87.54927,22.03722],[87.54989,22.03782],[87.55118,22.03686],[87.55176,22.03713],[87.55313,22.03625],[87.55284,22.03405],[87.5562,22.03351],[87.5564,22.03281],[87.55965,22.03239],[87.56015,22.03542],[87.5647,22.03604],[87.56463,22.03282],[87.56512,22.03183],[87.56456,22.02825],[87.56519,22.02442],[87.56737,22.02313],[87.56679,22.02069],[87.56505,22.01747],[87.56614,22.01556],[87.56768,22.01541],[87.56945,22.01613],[87.57157,22.01443],[87.57416,22.01331],[87.5753,22.01098],[87.57412,22.00898],[87.57315,22.00855],[87.57235,22.00055],[87.57175,21.99899],[87.57171,21.99704],[87.57218,21.99691],[87.57227,21.99584],[87.56958,21.99608],[87.56926,21.99525],[87.56707,21.99504],[87.56361,21.99526],[87.56338,21.99453],[87.56379,21.99356],[87.56453,21.99337],[87.5642,21.99029],[87.56232,21.99061],[87.56213,21.98999],[87.55989,21.99018],[87.55951,21.99178],[87.561,21.99241],[87.5621,21.99368],[87.56178,21.99557],[87.55892,21.99527],[87.55722,21.99558],[87.55693,21.99397],[87.55574,21.99389],[87.55414,21.99213],[87.5543,21.99157],[87.55286,21.99105],[87.55171,21.99177],[87.55068,21.99167],[87.55071,21.99079],[87.54931,21.99111],[87.54925,21.99156],[87.54828,21.99172],[87.54776,21.99266],[87.54666,21.98936],[87.54749,21.98866],[87.54768,21.98669],[87.54742,21.98505],[87.54649,21.98377],[87.5438,21.98399],[87.54203,21.98484],[87.54082,21.98609],[87.53984,21.98481],[87.5386,21.9845],[87.53755,21.9797],[87.53653,21.97773],[87.5357,21.97777],[87.53578,21.97839],[87.53515,21.97853],[87.53462,21.97804],[87.5332,21.97817],[87.53313,21.97964]]]}},{"type":"Feature","bbox":[87.87746,22.27759,87.9108,22.30941],"properties":{"kind":"gp","gp":"Pipulberia-I","block":"Tamluk","lgd":110219},"geometry":{"type":"Polygon","coordinates":[[[87.89691,22.28256],[87.89896,22.28318],[87.89786,22.28477],[87.89602,22.28413],[87.89534,22.28436],[87.89448,22.28368],[87.89327,22.28401],[87.8931,22.28455],[87.89163,22.28463],[87.89092,22.28508],[87.89071,22.28651],[87.88919,22.28705],[87.8836,22.2868],[87.88275,22.28704],[87.88272,22.28784],[87.88112,22.28774],[87.88122,22.28884],[87.87746,22.28981],[87.87752,22.29351],[87.87808,22.29406],[87.88051,22.29391],[87.88195,22.29464],[87.8813,22.2975],[87.88061,22.29822],[87.88096,22.30066],[87.88244,22.30082],[87.88436,22.29995],[87.88936,22.29989],[87.89574,22.30039],[87.89561,22.30093],[87.89816,22.30114],[87.89868,22.30154],[87.89855,22.30208],[87.90024,22.30294],[87.89964,22.30439],[87.90207,22.30941],[87.90409,22.30933],[87.90418,22.30887],[87.90771,22.30816],[87.90766,22.30673],[87.90843,22.30657],[87.9081,22.30529],[87.90694,22.30505],[87.90566,22.29965],[87.90582,22.29879],[87.90826,22.29862],[87.90866,22.29631],[87.91017,22.29429],[87.91078,22.29414],[87.90981,22.28965],[87.9107,22.28876],[87.9108,22.28773],[87.90886,22.28749],[87.91026,22.28348],[87.90626,22.28109],[87.90273,22.27759],[87.89806,22.28049],[87.89691,22.28256]]]}},{"type":"Feature","bbox":[87.7997,22.23647,87.90562,22.32794],"properties":{"kind":"gp","gp":"Pipulberia-Ii","block":"Tamluk","lgd":110220},"geometry":{"type":"MultiPolygon","coordinates":[[[[87.80856,22.26552],[87.80931,22.26588],[87.81007,22.26502],[87.81283,22.26552],[87.81281,22.26591],[87.81424,22.26673],[87.81529,22.26689],[87.81672,22.26445],[87.81694,22.26488],[87.82138,22.26461],[87.82171,22.26509],[87.82361,22.26464],[87.8232,22.26168],[87.82436,22.26052],[87.82413,22.25167],[87.82506,22.24774],[87.82501,22.24557],[87.81977,22.24666],[87.81756,22.2476],[87.81482,22.24762],[87.81388,22.24719],[87.81355,22.24645],[87.81536,22.24287],[87.81376,22.24168],[87.81258,22.23647],[87.81107,22.23669],[87.807,22.24193],[87.7997,22.24821],[87.79993,22.2596],[87.80056,22.26347],[87.80004,22.26658],[87.80043,22.26716],[87.80862,22.26663],[87.80856,22.26552]]],[[[87.88649,22.30278],[87.88691,22.30009],[87.88436,22.29995],[87.88244,22.30082],[87.87951,22.30045],[87.87783,22.30111],[87.8773,22.30191],[87.87737,22.30294],[87.87877,22.30306],[87.87824,22.30377],[87.87878,22.3081],[87.87953,22.30897],[87.88189,22.30862],[87.88165,22.31283],[87.88111,22.31466],[87.88197,22.31469],[87.88233,22.31536],[87.88192,22.31736],[87.88064,22.31785],[87.87933,22.32059],[87.88437,22.32195],[87.88371,22.32325],[87.88487,22.32601],[87.88736,22.32592],[87.88787,22.32689],[87.88872,22.32647],[87.88979,22.32794],[87.89681,22.3254],[87.89794,22.32641],[87.8991,22.32653],[87.90018,22.32766],[87.90332,22.32524],[87.90392,22.32437],[87.90442,22.32179],[87.9035,22.32015],[87.90164,22.31914],[87.90204,22.31611],[87.90311,22.31621],[87.9032,22.31712],[87.90451,22.31697],[87.90562,22.31627],[87.90548,22.31482],[87.90411,22.31462],[87.90376,22.31411],[87.90402,22.31368],[87.90253,22.31222],[87.90151,22.30769],[87.90083,22.3073],[87.89964,22.30439],[87.90024,22.30294],[87.89855,22.30208],[87.89868,22.30154],[87.89816,22.30114],[87.89561,22.30093],[87.89574,22.30039],[87.88936,22.29989],[87.88899,22.30399],[87.89128,22.30525],[87.89202,22.30666],[87.89183,22.30765],[87.88943,22.30998],[87.88615,22.30993],[87.88587,22.30799],[87.88335,22.30836],[87.88386,22.30609],[87.88649,22.30278]]]]}},{"type":"Feature","bbox":[87.74877,22.37134,87.78596,22.40706],"properties":{"kind":"gp","gp":"Pratappur-I","block":"Panskura-I","lgd":110158},"geometry":{"type":"Polygon","coordinates":[[[87.76611,22.37924],[87.7662,22.38004],[87.76301,22.38032],[87.76246,22.37902],[87.76228,22.37675],[87.7646,22.37629],[87.76441,22.37485],[87.76551,22.3738],[87.76548,22.37277],[87.76318,22.37134],[87.76073,22.37256],[87.75993,22.37164],[87.75951,22.37189],[87.75992,22.37311],[87.75957,22.37373],[87.75722,22.37567],[87.75412,22.37714],[87.75241,22.37699],[87.74964,22.37945],[87.74883,22.37949],[87.74877,22.3817],[87.75032,22.38261],[87.7521,22.38294],[87.75265,22.38487],[87.75179,22.38616],[87.75236,22.38666],[87.75162,22.38736],[87.75214,22.38832],[87.75148,22.38886],[87.75252,22.3911],[87.75185,22.3913],[87.75156,22.39237],[87.75272,22.39518],[87.75534,22.40076],[87.76015,22.40182],[87.76037,22.40482],[87.76093,22.40505],[87.76159,22.40706],[87.77255,22.40583],[87.77291,22.40519],[87.7725,22.40381],[87.77261,22.39927],[87.77431,22.39943],[87.77467,22.39884],[87.77451,22.39695],[87.77538,22.39678],[87.7752,22.39549],[87.77819,22.39426],[87.77836,22.39485],[87.77971,22.39481],[87.78024,22.39386],[87.77939,22.39089],[87.77882,22.39037],[87.78545,22.3895],[87.78502,22.38608],[87.78596,22.38533],[87.78547,22.38436],[87.78168,22.38418],[87.78112,22.38194],[87.78173,22.38093],[87.78368,22.38064],[87.78341,22.37917],[87.77655,22.38027],[87.77327,22.38019],[87.77242,22.37752],[87.76784,22.37783],[87.7678,22.37906],[87.76611,22.37924]]]}},{"type":"Feature","bbox":[87.7334,22.34398,87.75576,22.36504],"properties":{"kind":"gp","gp":"Pratappur-Ii","block":"Panskura-I","lgd":110159},"geometry":{"type":"Polygon","coordinates":[[[87.74766,22.36207],[87.75066,22.36269],[87.7517,22.36191],[87.75576,22.36133],[87.7549,22.36023],[87.75547,22.35896],[87.75489,22.35747],[87.75485,22.35421],[87.75415,22.35246],[87.75469,22.3516],[87.75437,22.34964],[87.75307,22.34765],[87.75315,22.34645],[87.75226,22.34636],[87.75204,22.34536],[87.74988,22.34529],[87.74975,22.34435],[87.7465,22.34443],[87.7464,22.34398],[87.74547,22.34509],[87.74441,22.34465],[87.74362,22.34542],[87.74366,22.34628],[87.74225,22.3465],[87.74205,22.34568],[87.74128,22.34595],[87.74118,22.34669],[87.74206,22.34664],[87.74205,22.34733],[87.74079,22.34772],[87.74053,22.3524],[87.74258,22.35208],[87.7431,22.35082],[87.74364,22.35079],[87.7432,22.35348],[87.73914,22.35566],[87.73856,22.35509],[87.73688,22.35504],[87.73641,22.35461],[87.73719,22.35315],[87.7364,22.35218],[87.73626,22.35064],[87.73343,22.34939],[87.7334,22.35137],[87.73426,22.35405],[87.73506,22.35501],[87.73389,22.3593],[87.73398,22.36129],[87.73344,22.36176],[87.73428,22.36452],[87.735,22.36504],[87.73626,22.36472],[87.73718,22.36355],[87.73813,22.3637],[87.73857,22.36115],[87.74185,22.36106],[87.74236,22.36337],[87.74186,22.36384],[87.74476,22.36357],[87.74558,22.36234],[87.74766,22.36207]]]}},{"type":"Feature","bbox":[87.80491,22.42678,87.85876,22.45858],"properties":{"kind":"gp","gp":"Pulshita","block":"Kolaghat","lgd":110095},"geometry":{"type":"Polygon","coordinates":[[[87.85328,22.44067],[87.85262,22.43778],[87.85285,22.43617],[87.85707,22.43459],[87.85738,22.43392],[87.85665,22.43267],[87.85664,22.43153],[87.85556,22.43164],[87.85552,22.4324],[87.85443,22.43324],[87.85316,22.43323],[87.853,22.43241],[87.85239,22.43218],[87.85265,22.43341],[87.85184,22.43345],[87.85171,22.43225],[87.84934,22.43202],[87.84889,22.42818],[87.84731,22.42801],[87.84752,22.42746],[87.84405,22.42872],[87.83911,22.42678],[87.83467,22.42698],[87.83387,22.42757],[87.83208,22.42716],[87.83113,22.42864],[87.82992,22.4295],[87.83011,22.43054],[87.82928,22.43144],[87.82896,22.43318],[87.82753,22.43333],[87.82644,22.43457],[87.82618,22.43772],[87.82397,22.43761],[87.82265,22.43869],[87.82303,22.4417],[87.82212,22.44177],[87.8212,22.4405],[87.81904,22.44121],[87.81461,22.44083],[87.8131,22.44124],[87.81066,22.44064],[87.80491,22.44495],[87.80511,22.4454],[87.80613,22.44468],[87.80726,22.44547],[87.80772,22.45149],[87.80823,22.4522],[87.80938,22.45276],[87.81169,22.45264],[87.81249,22.45317],[87.81393,22.45657],[87.81897,22.45553],[87.81896,22.45493],[87.82118,22.45493],[87.82389,22.45606],[87.82401,22.45541],[87.82515,22.45495],[87.82745,22.45675],[87.82988,22.45654],[87.83025,22.45711],[87.83127,22.4571],[87.8315,22.4581],[87.83215,22.45858],[87.83415,22.45847],[87.83481,22.45725],[87.83574,22.45697],[87.83647,22.45739],[87.83965,22.45703],[87.83927,22.45374],[87.84339,22.45285],[87.84291,22.44796],[87.84516,22.44711],[87.84857,22.44744],[87.85004,22.44708],[87.85183,22.44716],[87.85417,22.44805],[87.85554,22.44526],[87.85599,22.44546],[87.85604,22.4439],[87.85876,22.44428],[87.85846,22.44321],[87.85745,22.44279],[87.85783,22.44199],[87.85328,22.44067]]]}},{"type":"Feature","bbox":[87.75204,22.30414,87.79495,22.36133],"properties":{"kind":"gp","gp":"Purusottampur","block":"Panskura-I","lgd":110160},"geometry":{"type":"Polygon","coordinates":[[[87.78655,22.31946],[87.78801,22.31873],[87.78779,22.31651],[87.78667,22.31595],[87.7867,22.31399],[87.79042,22.31318],[87.79018,22.31107],[87.78958,22.30953],[87.78834,22.30992],[87.78807,22.31066],[87.78706,22.31075],[87.78706,22.31013],[87.78634,22.30991],[87.78592,22.30876],[87.78528,22.30594],[87.78553,22.30414],[87.78342,22.30429],[87.78395,22.30474],[87.77818,22.30761],[87.77747,22.30866],[87.77587,22.30915],[87.77556,22.31009],[87.77634,22.31247],[87.77649,22.31552],[87.7761,22.31749],[87.77515,22.3175],[87.77429,22.31823],[87.76958,22.31883],[87.76913,22.32043],[87.77071,22.32122],[87.77086,22.32243],[87.77157,22.32244],[87.77158,22.32301],[87.77079,22.32337],[87.77166,22.32436],[87.77404,22.3244],[87.77407,22.32535],[87.77607,22.32506],[87.77678,22.32704],[87.77848,22.32723],[87.78142,22.32646],[87.784,22.32646],[87.78002,22.32982],[87.78085,22.33055],[87.7805,22.33129],[87.78071,22.33277],[87.77957,22.3339],[87.77964,22.335],[87.77795,22.33695],[87.77518,22.33815],[87.77318,22.3381],[87.76989,22.33929],[87.76902,22.33923],[87.76293,22.33569],[87.76092,22.3372],[87.75896,22.33679],[87.75988,22.34225],[87.759,22.34325],[87.75774,22.34364],[87.75795,22.34455],[87.7547,22.34467],[87.75204,22.34536],[87.75226,22.34636],[87.75315,22.34645],[87.75307,22.34765],[87.75437,22.34964],[87.75469,22.3516],[87.75415,22.35246],[87.75485,22.35421],[87.75489,22.35747],[87.75547,22.35896],[87.7549,22.36023],[87.75576,22.36133],[87.76402,22.35889],[87.77005,22.35647],[87.77152,22.35814],[87.77377,22.35935],[87.77779,22.35527],[87.78258,22.3561],[87.78751,22.3514],[87.79012,22.3476],[87.79102,22.34746],[87.79099,22.34698],[87.79401,22.34633],[87.78941,22.3306],[87.79357,22.32831],[87.79495,22.32852],[87.79198,22.32538],[87.79062,22.32512],[87.78999,22.32177],[87.78761,22.32189],[87.78685,22.32234],[87.78655,22.31946]]]}},{"type":"Feature","bbox":[87.7449,22.291,87.78785,22.34543],"properties":{"kind":"gp","gp":"Radhaballavchak","block":"Panskura-I","lgd":110161},"geometry":{"type":"Polygon","coordinates":[[[87.78566,22.29454],[87.78691,22.29243],[87.78785,22.29172],[87.78553,22.291],[87.78357,22.293],[87.78242,22.29536],[87.77953,22.29638],[87.77689,22.2982],[87.77191,22.29955],[87.76877,22.30161],[87.76375,22.30255],[87.76402,22.30374],[87.76084,22.30519],[87.75855,22.30688],[87.7583,22.30851],[87.75881,22.31247],[87.75837,22.313],[87.75723,22.31262],[87.75527,22.31286],[87.75481,22.31543],[87.75731,22.31557],[87.75678,22.31958],[87.75742,22.32165],[87.75678,22.32249],[87.75921,22.32338],[87.75723,22.32705],[87.7561,22.32775],[87.75487,22.32606],[87.75358,22.32291],[87.7521,22.32253],[87.75062,22.3229],[87.7512,22.32638],[87.75169,22.3264],[87.75183,22.32706],[87.75096,22.32733],[87.74979,22.3313],[87.74868,22.33128],[87.74799,22.33246],[87.74807,22.33345],[87.74659,22.3335],[87.74656,22.33474],[87.74709,22.33568],[87.7449,22.33737],[87.74603,22.34151],[87.74677,22.34155],[87.74706,22.34396],[87.7464,22.34398],[87.7465,22.34443],[87.74975,22.34435],[87.74988,22.34529],[87.75063,22.34543],[87.75795,22.34455],[87.75774,22.34364],[87.759,22.34325],[87.75988,22.34225],[87.75896,22.33679],[87.76092,22.3372],[87.76293,22.33569],[87.76902,22.33923],[87.76989,22.33929],[87.77318,22.3381],[87.77518,22.33815],[87.77795,22.33695],[87.77964,22.335],[87.77957,22.3339],[87.78071,22.33277],[87.7805,22.33129],[87.78085,22.33055],[87.78002,22.32982],[87.784,22.32646],[87.78142,22.32646],[87.77848,22.32723],[87.77678,22.32704],[87.77607,22.32506],[87.77407,22.32535],[87.77404,22.3244],[87.77166,22.32436],[87.77079,22.32337],[87.77158,22.32301],[87.77157,22.32244],[87.77086,22.32243],[87.77071,22.32122],[87.76913,22.32043],[87.76958,22.31883],[87.77429,22.31823],[87.77515,22.3175],[87.7761,22.31749],[87.77649,22.31552],[87.77634,22.31247],[87.77556,22.31009],[87.77587,22.30915],[87.77747,22.30866],[87.77818,22.30761],[87.78395,22.30474],[87.78342,22.30429],[87.78466,22.30088],[87.78566,22.29454]]]}},{"type":"Feature","bbox":[87.70401,22.01682,87.75523,22.06978],"properties":{"kind":"gp","gp":"Radhapur","block":"Bhagawanpur-II","lgd":110020},"geometry":{"type":"Polygon","coordinates":[[[87.74108,22.03993],[87.74257,22.03424],[87.74162,22.03242],[87.74435,22.03077],[87.74429,22.02653],[87.74466,22.02576],[87.74358,22.02417],[87.74228,22.02414],[87.74202,22.02296],[87.74147,22.0233],[87.7405,22.02179],[87.73978,22.02254],[87.7392,22.02235],[87.74033,22.02078],[87.74023,22.0191],[87.74459,22.0202],[87.74486,22.01904],[87.73957,22.01819],[87.73983,22.02009],[87.73925,22.02136],[87.73796,22.02201],[87.73667,22.02141],[87.73609,22.01988],[87.73485,22.02141],[87.73134,22.0215],[87.73077,22.01886],[87.72941,22.0184],[87.72902,22.017],[87.72849,22.01682],[87.72587,22.01779],[87.72642,22.01922],[87.72678,22.02471],[87.723,22.02527],[87.7234,22.02733],[87.72128,22.02763],[87.72183,22.03406],[87.72364,22.04013],[87.72306,22.04024],[87.72356,22.04428],[87.72338,22.04943],[87.72176,22.04969],[87.72079,22.04681],[87.71526,22.04722],[87.71528,22.04674],[87.71367,22.0466],[87.71083,22.04688],[87.71053,22.04752],[87.70763,22.04811],[87.70609,22.04802],[87.70401,22.05415],[87.70431,22.05538],[87.70517,22.05643],[87.70673,22.05691],[87.71366,22.05594],[87.72167,22.05582],[87.72144,22.05643],[87.72286,22.05659],[87.72303,22.05946],[87.72397,22.05986],[87.72549,22.05991],[87.72554,22.0589],[87.72831,22.05867],[87.73047,22.05727],[87.73233,22.061],[87.73468,22.06346],[87.73637,22.06978],[87.73837,22.06925],[87.74201,22.06927],[87.7473,22.06855],[87.74737,22.06787],[87.75072,22.06629],[87.75075,22.06329],[87.7512,22.06251],[87.75253,22.06235],[87.75054,22.05587],[87.75065,22.05473],[87.75327,22.05429],[87.75373,22.05369],[87.75494,22.05384],[87.75523,22.05334],[87.75318,22.05043],[87.7508,22.04925],[87.75226,22.04453],[87.7425,22.04261],[87.74254,22.04141],[87.74178,22.04016],[87.74108,22.03993]]]}},{"type":"Feature","bbox":[87.7565,22.34654,87.80612,22.3895],"properties":{"kind":"gp","gp":"Raghunathbari","block":"Panskura-I","lgd":110162},"geometry":{"type":"Polygon","coordinates":[[[87.78453,22.35463],[87.78203,22.35623],[87.78138,22.35571],[87.77779,22.35527],[87.77377,22.35935],[87.77152,22.35814],[87.77005,22.35647],[87.7582,22.3607],[87.75916,22.36268],[87.75917,22.36373],[87.75797,22.36517],[87.75798,22.36696],[87.75674,22.36766],[87.7565,22.36865],[87.75801,22.37335],[87.75895,22.37344],[87.75903,22.37394],[87.75992,22.37311],[87.75951,22.37189],[87.75993,22.37164],[87.76073,22.37256],[87.76318,22.37134],[87.76548,22.37277],[87.76551,22.3738],[87.76441,22.37485],[87.7646,22.37629],[87.76228,22.37675],[87.76301,22.38032],[87.7662,22.38004],[87.76611,22.37924],[87.7678,22.37906],[87.76784,22.37783],[87.76896,22.3777],[87.77242,22.37752],[87.77327,22.38019],[87.77655,22.38027],[87.78341,22.37917],[87.78368,22.38064],[87.78173,22.38093],[87.78112,22.38194],[87.78168,22.38418],[87.78547,22.38436],[87.78596,22.38533],[87.78502,22.38608],[87.78545,22.3895],[87.79239,22.38799],[87.79964,22.38792],[87.80011,22.38403],[87.80101,22.38334],[87.8023,22.38317],[87.80236,22.38149],[87.80438,22.38179],[87.80484,22.38089],[87.8044,22.37935],[87.80217,22.37973],[87.80219,22.37776],[87.80314,22.37774],[87.80318,22.37564],[87.80246,22.37533],[87.80239,22.37471],[87.80101,22.37438],[87.80073,22.37382],[87.79939,22.37384],[87.79808,22.37276],[87.80123,22.36986],[87.80164,22.36694],[87.80524,22.36563],[87.80612,22.36442],[87.80494,22.36125],[87.80413,22.36134],[87.80388,22.36044],[87.80307,22.36045],[87.8029,22.35807],[87.8038,22.35793],[87.80368,22.35641],[87.80072,22.35677],[87.80038,22.35541],[87.79893,22.35549],[87.79925,22.35321],[87.79826,22.35029],[87.79731,22.34894],[87.79569,22.34889],[87.79452,22.34654],[87.79012,22.3476],[87.78751,22.3514],[87.78422,22.35424],[87.78453,22.35463]]]}},{"type":"Feature","bbox":[87.87331,22.32446,87.90815,22.3809],"properties":{"kind":"gp","gp":"Raghunathpur-I","block":"Shahid Matangini","lgd":110202},"geometry":{"type":"MultiPolygon","coordinates":[[[[87.88396,22.32453],[87.88297,22.32446],[87.88182,22.32658],[87.87948,22.32572],[87.87886,22.32583],[87.87898,22.32708],[87.87437,22.32779],[87.87374,22.32825],[87.87392,22.32923],[87.87331,22.33125],[87.87444,22.33162],[87.87498,22.3366],[87.87635,22.33714],[87.87799,22.33698],[87.8791,22.33739],[87.87977,22.33832],[87.88164,22.33765],[87.88528,22.33742],[87.88621,22.33752],[87.88632,22.33794],[87.88731,22.33781],[87.88753,22.33895],[87.88659,22.33932],[87.88667,22.34118],[87.8873,22.34161],[87.88715,22.34291],[87.88539,22.34436],[87.88484,22.34349],[87.88285,22.34234],[87.88197,22.34421],[87.88197,22.34565],[87.88295,22.34592],[87.88442,22.34731],[87.88655,22.35006],[87.88871,22.34955],[87.88916,22.34767],[87.89242,22.34736],[87.89319,22.34813],[87.89488,22.34862],[87.8955,22.34945],[87.89922,22.35048],[87.90124,22.34926],[87.90109,22.34831],[87.90341,22.34792],[87.90412,22.34621],[87.90571,22.34594],[87.90582,22.34444],[87.90815,22.34352],[87.90803,22.34295],[87.90238,22.34045],[87.90083,22.33782],[87.90059,22.33649],[87.89883,22.33586],[87.89713,22.33343],[87.89737,22.33193],[87.89644,22.33084],[87.8989,22.3288],[87.89969,22.3275],[87.8991,22.32653],[87.89794,22.32641],[87.89681,22.3254],[87.88979,22.32794],[87.88872,22.32647],[87.88787,22.32689],[87.88736,22.32592],[87.88487,22.32601],[87.88396,22.32453]]],[[[87.88206,22.3754],[87.88225,22.37428],[87.87996,22.37262],[87.87689,22.37471],[87.87598,22.37455],[87.87622,22.3766],[87.87705,22.37695],[87.87759,22.37824],[87.87915,22.37995],[87.88052,22.38077],[87.88287,22.3809],[87.88206,22.3754]]]]}},{"type":"Feature","bbox":[87.85503,22.32085,87.92802,22.3855],"properties":{"kind":"gp","gp":"Raghunathpur-Ii","block":"Shahid Matangini","lgd":110203},"geometry":{"type":"MultiPolygon","coordinates":[[[[87.87392,22.32923],[87.87374,22.32825],[87.8751,22.32768],[87.87444,22.32616],[87.87454,22.32306],[87.87411,22.32123],[87.87193,22.32184],[87.87078,22.3211],[87.86961,22.32139],[87.86904,22.32085],[87.86706,22.32128],[87.86685,22.32248],[87.86463,22.32252],[87.86369,22.32394],[87.86246,22.32412],[87.86205,22.32482],[87.85994,22.3255],[87.8566,22.32567],[87.85531,22.32513],[87.85503,22.32551],[87.85514,22.32671],[87.85612,22.32831],[87.8564,22.33359],[87.85709,22.33366],[87.85659,22.33619],[87.85716,22.34062],[87.85906,22.33895],[87.85889,22.33806],[87.8599,22.33765],[87.86053,22.33855],[87.8632,22.33809],[87.86474,22.3389],[87.86477,22.34001],[87.86577,22.34],[87.86602,22.34102],[87.86524,22.34145],[87.86506,22.34228],[87.86702,22.34286],[87.86778,22.34468],[87.86746,22.34917],[87.86868,22.35211],[87.86847,22.35259],[87.87188,22.3526],[87.87135,22.35155],[87.87298,22.35122],[87.87364,22.35322],[87.87596,22.35349],[87.8773,22.35278],[87.88698,22.35135],[87.88655,22.35006],[87.88442,22.34731],[87.88295,22.34592],[87.88197,22.34565],[87.88197,22.34421],[87.88285,22.34234],[87.88484,22.34349],[87.88539,22.34436],[87.88715,22.34291],[87.8873,22.34161],[87.88667,22.34118],[87.88659,22.33932],[87.88753,22.33895],[87.88731,22.33781],[87.88632,22.33794],[87.88621,22.33752],[87.88528,22.33742],[87.88164,22.33765],[87.87977,22.33832],[87.8791,22.33739],[87.87799,22.33698],[87.87635,22.33714],[87.87498,22.3366],[87.87444,22.33162],[87.87331,22.33125],[87.87392,22.32923]]],[[[87.92756,22.3776],[87.92108,22.3779],[87.92101,22.3774],[87.91842,22.37797],[87.91597,22.37542],[87.91378,22.37453],[87.91481,22.37612],[87.91488,22.37856],[87.91593,22.37897],[87.91618,22.37957],[87.91586,22.3839],[87.9268,22.3855],[87.92781,22.38462],[87.92802,22.37861],[87.92756,22.3776]]]]}},{"type":"Feature","bbox":[87.67952,21.7448,87.72682,21.80719],"properties":{"kind":"gp","gp":"Raipur-Paschimbarh","block":"Contai-I","lgd":110037},"geometry":{"type":"MultiPolygon","coordinates":[[[[87.69389,21.75065],[87.69714,21.74862],[87.69606,21.74837],[87.69619,21.74557],[87.69034,21.7448],[87.68825,21.74523],[87.68797,21.74582],[87.68805,21.74771],[87.68922,21.74823],[87.68922,21.74888],[87.69389,21.75065]]],[[[87.70186,21.75929],[87.70142,21.76004],[87.70036,21.76013],[87.69907,21.76165],[87.69745,21.7668],[87.69987,21.76766],[87.70014,21.76968],[87.6919,21.76747],[87.68813,21.76735],[87.68813,21.76797],[87.6858,21.76823],[87.68404,21.76959],[87.6837,21.77371],[87.68804,21.77502],[87.68865,21.7772],[87.68861,21.77932],[87.69032,21.78187],[87.68994,21.7866],[87.68855,21.78668],[87.68786,21.78962],[87.69063,21.79016],[87.6913,21.79116],[87.69078,21.79123],[87.68986,21.79329],[87.68789,21.79313],[87.68496,21.79393],[87.68466,21.79319],[87.68168,21.79334],[87.6825,21.7958],[87.68195,21.79682],[87.67952,21.79729],[87.67976,21.79842],[87.6811,21.79911],[87.68153,21.80004],[87.6881,21.80541],[87.68877,21.80663],[87.69052,21.80719],[87.69289,21.80636],[87.69541,21.80356],[87.69963,21.8011],[87.70179,21.80217],[87.70839,21.80207],[87.71253,21.79976],[87.71556,21.79884],[87.71611,21.79571],[87.7194,21.79036],[87.71931,21.78907],[87.71855,21.78861],[87.71234,21.78912],[87.7133,21.78593],[87.71299,21.7821],[87.7118,21.78182],[87.71282,21.77918],[87.71388,21.77855],[87.71334,21.77614],[87.71097,21.77223],[87.71146,21.77156],[87.719,21.77399],[87.71688,21.77456],[87.71699,21.77714],[87.71939,21.77735],[87.71953,21.77801],[87.72096,21.77805],[87.72184,21.7772],[87.72345,21.77357],[87.72375,21.77024],[87.72452,21.76958],[87.7247,21.76668],[87.7253,21.7665],[87.72595,21.76501],[87.72682,21.76009],[87.72503,21.75888],[87.72266,21.75882],[87.71865,21.75696],[87.71597,21.75832],[87.71453,21.75812],[87.71371,21.75873],[87.7137,21.75927],[87.71106,21.75952],[87.71013,21.75823],[87.70965,21.75906],[87.70869,21.75945],[87.70882,21.76013],[87.70525,21.7613],[87.70384,21.75954],[87.70186,21.75929]],[[87.70295,21.78459],[87.70241,21.78476],[87.7013,21.78362],[87.70109,21.78254],[87.70434,21.78229],[87.70446,21.78045],[87.70552,21.77969],[87.70613,21.78003],[87.7062,21.78203],[87.70775,21.78288],[87.70802,21.78407],[87.70657,21.78441],[87.707,21.78602],[87.70541,21.78619],[87.70458,21.7873],[87.70335,21.78759],[87.70295,21.78459]],[[87.70229,21.76802],[87.7019,21.76568],[87.70441,21.76579],[87.70541,21.7667],[87.70589,21.76911],[87.70566,21.77184],[87.70138,21.77057],[87.70229,21.76802]]]]}},{"type":"Feature","bbox":[87.92517,22.12158,87.97643,22.17902],"properties":{"kind":"gp","gp":"Ramani Mohan Maity","block":"Nandakumar","lgd":110102},"geometry":{"type":"Polygon","coordinates":[[[87.94585,22.13046],[87.94447,22.13042],[87.94179,22.13169],[87.94024,22.12874],[87.93948,22.12841],[87.93771,22.12926],[87.93767,22.13142],[87.93624,22.13131],[87.9367,22.1334],[87.93628,22.13666],[87.9368,22.13861],[87.93884,22.1394],[87.93958,22.14046],[87.94437,22.14318],[87.94711,22.14396],[87.94839,22.14306],[87.95007,22.14295],[87.94886,22.14428],[87.94801,22.14809],[87.94606,22.14822],[87.94499,22.15005],[87.94508,22.15096],[87.94315,22.15102],[87.94181,22.15165],[87.94232,22.15348],[87.94648,22.15915],[87.94414,22.15889],[87.93774,22.15523],[87.93282,22.15427],[87.9309,22.1549],[87.92656,22.1603],[87.92517,22.16083],[87.92667,22.16565],[87.92681,22.16727],[87.92621,22.16881],[87.92667,22.16961],[87.9286,22.17077],[87.93141,22.17039],[87.93194,22.17108],[87.93215,22.17319],[87.9331,22.17415],[87.93429,22.17432],[87.93464,22.17604],[87.93672,22.17902],[87.93787,22.1775],[87.94279,22.17649],[87.94284,22.17332],[87.94317,22.17282],[87.94766,22.17115],[87.94829,22.16945],[87.94822,22.16779],[87.9507,22.16802],[87.95089,22.1671],[87.95161,22.1668],[87.95144,22.16604],[87.95246,22.16618],[87.9557,22.16533],[87.95721,22.1654],[87.95757,22.16799],[87.95976,22.17268],[87.96026,22.17623],[87.96244,22.17389],[87.96469,22.17],[87.96528,22.16778],[87.96462,22.16784],[87.96414,22.16666],[87.96262,22.1656],[87.96326,22.16418],[87.96208,22.16132],[87.96475,22.16009],[87.96583,22.15784],[87.9681,22.16188],[87.97063,22.16391],[87.97052,22.16183],[87.96796,22.15837],[87.96856,22.15411],[87.96918,22.1521],[87.97152,22.152],[87.97277,22.15057],[87.97353,22.15039],[87.97276,22.14967],[87.97366,22.14887],[87.97296,22.14402],[87.97525,22.14295],[87.97525,22.14424],[87.97594,22.1442],[87.97636,22.13738],[87.97557,22.13776],[87.97508,22.1371],[87.97635,22.13643],[87.97643,22.13254],[87.97593,22.13234],[87.97598,22.13575],[87.97549,22.13585],[87.97515,22.13477],[87.97573,22.13095],[87.9721,22.13285],[87.97008,22.13531],[87.96832,22.13449],[87.96704,22.1349],[87.96411,22.13483],[87.96387,22.13344],[87.96029,22.12743],[87.95877,22.12634],[87.95828,22.12485],[87.95703,22.12442],[87.95722,22.12286],[87.95588,22.12221],[87.95556,22.12158],[87.95281,22.12316],[87.95207,22.12509],[87.95,22.12506],[87.94945,22.12599],[87.94929,22.13021],[87.94732,22.13118],[87.94585,22.13046]]]}},{"type":"Feature","bbox":[87.70191,22.20388,87.75271,22.24775],"properties":{"kind":"gp","gp":"Ramchak","block":"Moyna","lgd":110117},"geometry":{"type":"Polygon","coordinates":[[[87.73507,22.21368],[87.73458,22.21138],[87.73714,22.21092],[87.73571,22.20779],[87.73549,22.20425],[87.72888,22.20502],[87.72909,22.20388],[87.72695,22.20443],[87.71763,22.20512],[87.71309,22.20607],[87.71253,22.20753],[87.71401,22.21453],[87.7136,22.21554],[87.71096,22.21636],[87.70191,22.21695],[87.70233,22.21717],[87.7022,22.22494],[87.70263,22.22691],[87.70227,22.23525],[87.70366,22.23692],[87.70459,22.23917],[87.70483,22.24476],[87.7101,22.24424],[87.71821,22.24665],[87.71881,22.24768],[87.72474,22.24775],[87.72786,22.24605],[87.73832,22.24766],[87.74289,22.24107],[87.74413,22.23785],[87.74477,22.23728],[87.74565,22.23794],[87.74872,22.23853],[87.75247,22.23875],[87.75271,22.23828],[87.75183,22.23464],[87.74907,22.23094],[87.74555,22.231],[87.74349,22.23064],[87.7426,22.22994],[87.74083,22.22651],[87.74028,22.22266],[87.73955,22.22187],[87.73921,22.21985],[87.73685,22.21985],[87.73722,22.2154],[87.73639,22.21556],[87.73507,22.21368]]]}},{"type":"Feature","bbox":[87.48763,21.7904,87.56411,21.844],"properties":{"kind":"gp","gp":"Rishibankimchandra","block":"Egra-I","lgd":110061},"geometry":{"type":"Polygon","coordinates":[[[87.50513,21.79335],[87.49778,21.79526],[87.49495,21.79694],[87.49393,21.79689],[87.49386,21.79571],[87.4907,21.79586],[87.49062,21.7964],[87.48987,21.79652],[87.4905,21.79953],[87.48763,21.7999],[87.4881,21.80057],[87.48933,21.81032],[87.49016,21.81297],[87.49266,21.81711],[87.49255,21.81791],[87.49312,21.81867],[87.49144,21.81891],[87.492,21.82012],[87.49076,21.82088],[87.49113,21.82209],[87.49309,21.82283],[87.49467,21.82672],[87.49599,21.82665],[87.49618,21.82735],[87.49794,21.82721],[87.49909,21.82808],[87.49945,21.83181],[87.50416,21.83127],[87.50481,21.83141],[87.50486,21.83309],[87.50796,21.8332],[87.50966,21.83379],[87.51572,21.83313],[87.51596,21.83245],[87.51657,21.83255],[87.51651,21.83345],[87.51718,21.83373],[87.51763,21.83501],[87.51918,21.83511],[87.52425,21.83896],[87.52461,21.84065],[87.52629,21.84308],[87.52692,21.84336],[87.52845,21.8427],[87.5295,21.84292],[87.5297,21.84371],[87.5303,21.844],[87.53363,21.84329],[87.53427,21.8425],[87.53426,21.84156],[87.53494,21.84148],[87.53537,21.84048],[87.53676,21.84046],[87.53657,21.83926],[87.54001,21.83824],[87.54113,21.83719],[87.54027,21.83294],[87.54141,21.83145],[87.54408,21.83051],[87.54509,21.82938],[87.54619,21.82982],[87.5489,21.82901],[87.55325,21.82592],[87.56411,21.82485],[87.55945,21.81849],[87.55789,21.81808],[87.55725,21.81695],[87.55644,21.8169],[87.55634,21.81646],[87.55436,21.81611],[87.55277,21.8152],[87.55162,21.81513],[87.55093,21.81566],[87.55073,21.81486],[87.54451,21.81658],[87.54396,21.81302],[87.54333,21.81211],[87.54205,21.80649],[87.54398,21.80603],[87.54396,21.80505],[87.54461,21.80502],[87.54454,21.80372],[87.54388,21.80371],[87.54306,21.80272],[87.54052,21.80249],[87.54039,21.8004],[87.54088,21.80024],[87.5412,21.79499],[87.54045,21.79302],[87.53909,21.79299],[87.53667,21.79417],[87.53505,21.79417],[87.53509,21.79284],[87.53366,21.7904],[87.52634,21.79212],[87.52561,21.79171],[87.52057,21.7932],[87.51723,21.79345],[87.51195,21.79262],[87.50513,21.79335]]]}},{"type":"Feature","bbox":[87.64314,21.69246,87.76738,21.79941],"properties":{"kind":"gp","gp":"Sabajput","block":"Contai-I","lgd":110038},"geometry":{"type":"MultiPolygon","coordinates":[[[[87.76301,21.71461],[87.76436,21.71444],[87.76581,21.71272],[87.76732,21.71285],[87.76738,21.71207],[87.76292,21.71262],[87.76301,21.71461]]],[[[87.72399,21.70606],[87.72606,21.70311],[87.72657,21.69751],[87.72785,21.69503],[87.72703,21.69394],[87.72319,21.69278],[87.71967,21.69246],[87.71582,21.69342],[87.71241,21.69549],[87.70935,21.69939],[87.70925,21.70025],[87.71293,21.70443],[87.71338,21.70553],[87.71084,21.70898],[87.71002,21.7126],[87.70808,21.71319],[87.70179,21.71246],[87.70112,21.71183],[87.70213,21.70925],[87.70115,21.70725],[87.69288,21.70288],[87.69059,21.70277],[87.68973,21.70335],[87.69001,21.70772],[87.68919,21.71],[87.68827,21.71193],[87.68581,21.7149],[87.68687,21.71636],[87.68674,21.7196],[87.68751,21.71957],[87.68847,21.71872],[87.69902,21.71723],[87.69976,21.71673],[87.70042,21.71762],[87.70288,21.71852],[87.70351,21.72016],[87.70352,21.72237],[87.70184,21.72371],[87.69942,21.72262],[87.6985,21.72369],[87.69745,21.72389],[87.69939,21.72961],[87.69856,21.73197],[87.69731,21.73218],[87.69814,21.73313],[87.69957,21.73276],[87.70102,21.73375],[87.69957,21.73473],[87.70023,21.73556],[87.70035,21.73769],[87.70186,21.73973],[87.70331,21.74027],[87.70456,21.73917],[87.70699,21.74],[87.70785,21.74091],[87.70851,21.74081],[87.70888,21.73831],[87.7112,21.73857],[87.71167,21.74091],[87.7109,21.74247],[87.71127,21.74253],[87.71254,21.74601],[87.71438,21.74679],[87.71526,21.75145],[87.71513,21.75413],[87.71671,21.75355],[87.71768,21.75751],[87.71865,21.75696],[87.72266,21.75882],[87.72503,21.75888],[87.72682,21.76009],[87.72903,21.75987],[87.73136,21.75727],[87.73314,21.75706],[87.73378,21.75622],[87.73387,21.75343],[87.73575,21.75182],[87.73541,21.75111],[87.73479,21.7515],[87.73344,21.75109],[87.73332,21.75062],[87.73529,21.74908],[87.73582,21.74695],[87.73522,21.74527],[87.73395,21.7453],[87.7332,21.74354],[87.73119,21.74262],[87.73096,21.74145],[87.73161,21.74],[87.73234,21.73997],[87.7317,21.73893],[87.73157,21.73738],[87.73243,21.73625],[87.73135,21.73626],[87.73027,21.73809],[87.72924,21.73852],[87.72867,21.74007],[87.73001,21.74123],[87.73035,21.74212],[87.73039,21.74288],[87.72972,21.74334],[87.72475,21.74102],[87.71797,21.74105],[87.71745,21.7399],[87.7145,21.73883],[87.71561,21.73688],[87.71546,21.73566],[87.71915,21.73532],[87.72091,21.73043],[87.72305,21.73038],[87.72348,21.72802],[87.72572,21.72795],[87.72614,21.72856],[87.72804,21.72753],[87.72827,21.72854],[87.72903,21.72892],[87.72904,21.73052],[87.73307,21.73035],[87.73632,21.73144],[87.73693,21.73225],[87.7375,21.73142],[87.73843,21.73141],[87.73834,21.73053],[87.73736,21.73051],[87.73713,21.72991],[87.73742,21.72666],[87.73692,21.72649],[87.73681,21.72536],[87.7351,21.72399],[87.7352,21.72217],[87.73348,21.72142],[87.72513,21.7223],[87.72281,21.7206],[87.72449,21.71651],[87.726,21.71518],[87.7292,21.71417],[87.73179,21.71248],[87.73382,21.7102],[87.73355,21.70953],[87.73113,21.71137],[87.71956,21.71216],[87.71793,21.71185],[87.71765,21.70985],[87.71862,21.70836],[87.72399,21.70606]]],[[[87.73942,21.75447],[87.7353,21.75592],[87.73444,21.75723],[87.73468,21.75838],[87.73288,21.75903],[87.73302,21.75998],[87.73161,21.76078],[87.7316,21.76161],[87.733,21.76375],[87.73713,21.76295],[87.73796,21.76386],[87.73894,21.76393],[87.73884,21.76226],[87.74036,21.76138],[87.73887,21.7579],[87.73908,21.75705],[87.7407,21.75588],[87.73954,21.75578],[87.73942,21.75447]]],[[[87.6448,21.79491],[87.64314,21.79547],[87.6433,21.79681],[87.64485,21.79784],[87.64561,21.79941],[87.64906,21.79913],[87.64864,21.79787],[87.64937,21.79692],[87.64874,21.7953],[87.64883,21.79412],[87.6448,21.79491]]]]}},{"type":"Feature","bbox":[87.8055,22.40272,87.85257,22.44177],"properties":{"kind":"gp","gp":"Sagarbarh","block":"Kolaghat","lgd":110096},"geometry":{"type":"Polygon","coordinates":[[[87.81915,22.41334],[87.81755,22.41287],[87.81718,22.41162],[87.81645,22.41171],[87.81653,22.41214],[87.81559,22.4128],[87.81559,22.41365],[87.81493,22.41362],[87.8147,22.41461],[87.81383,22.41541],[87.81074,22.41509],[87.81047,22.41423],[87.80565,22.41395],[87.80648,22.41604],[87.80698,22.41564],[87.80806,22.41683],[87.80869,22.41666],[87.80902,22.41589],[87.81023,22.41623],[87.81039,22.417],[87.81037,22.41844],[87.80706,22.41855],[87.80777,22.41994],[87.80786,22.42151],[87.8055,22.42369],[87.80776,22.42849],[87.80873,22.42841],[87.80941,22.43137],[87.81112,22.43134],[87.81152,22.43369],[87.81124,22.43419],[87.80967,22.43461],[87.80948,22.43376],[87.80857,22.43367],[87.80911,22.4364],[87.80817,22.43655],[87.80791,22.43721],[87.80832,22.43773],[87.81036,22.4379],[87.81069,22.43945],[87.80951,22.44134],[87.81066,22.44064],[87.8131,22.44124],[87.81461,22.44083],[87.81904,22.44121],[87.8212,22.4405],[87.82212,22.44177],[87.82303,22.4417],[87.82265,22.43869],[87.82397,22.43761],[87.82618,22.43772],[87.82644,22.43457],[87.82753,22.43333],[87.82896,22.43318],[87.82928,22.43144],[87.83011,22.43054],[87.82992,22.4295],[87.83113,22.42864],[87.83208,22.42716],[87.83387,22.42757],[87.83467,22.42698],[87.83911,22.42678],[87.84405,22.42872],[87.8482,22.42697],[87.85013,22.42661],[87.85257,22.42689],[87.85239,22.42579],[87.84973,22.42535],[87.85016,22.4227],[87.8519,22.42262],[87.85243,22.42057],[87.85187,22.41997],[87.85093,22.4201],[87.85085,22.42065],[87.8499,22.42117],[87.84898,22.42031],[87.84784,22.42026],[87.84678,22.41775],[87.84729,22.41703],[87.84621,22.41621],[87.84623,22.41503],[87.84465,22.41485],[87.8441,22.41433],[87.84383,22.41179],[87.84154,22.41015],[87.84235,22.40928],[87.84197,22.40762],[87.84374,22.40687],[87.84293,22.40399],[87.84339,22.40371],[87.84161,22.40272],[87.84145,22.40325],[87.84072,22.40332],[87.84127,22.40521],[87.84015,22.40637],[87.83898,22.40538],[87.83419,22.40578],[87.83353,22.40697],[87.83392,22.40899],[87.8332,22.40875],[87.83263,22.4091],[87.83307,22.41017],[87.83423,22.41013],[87.83477,22.41149],[87.82866,22.41286],[87.82872,22.41201],[87.82484,22.41193],[87.8242,22.41169],[87.82421,22.41088],[87.82275,22.41141],[87.82312,22.41217],[87.82172,22.41237],[87.82116,22.41175],[87.81915,22.41334]]]}},{"type":"Feature","bbox":[87.426,21.74028,87.50133,21.88207],"properties":{"kind":"gp","gp":"Sahara","block":"Egra-I","lgd":110062},"geometry":{"type":"MultiPolygon","coordinates":[[[[87.45389,21.74028],[87.452,21.74078],[87.4492,21.74357],[87.44543,21.74379],[87.44718,21.74579],[87.44723,21.74662],[87.44673,21.74727],[87.44523,21.74768],[87.44481,21.7499],[87.4453,21.75224],[87.44453,21.7525],[87.44415,21.75649],[87.44555,21.76816],[87.44425,21.76844],[87.44401,21.76923],[87.44029,21.76993],[87.44033,21.77179],[87.44152,21.77321],[87.43945,21.7756],[87.43914,21.78066],[87.43809,21.78186],[87.43882,21.78979],[87.43653,21.79232],[87.43542,21.79271],[87.42791,21.79299],[87.426,21.79597],[87.42876,21.79891],[87.43101,21.80314],[87.43168,21.80364],[87.43464,21.80356],[87.43643,21.80403],[87.4409,21.80143],[87.44223,21.80163],[87.44328,21.80087],[87.44326,21.79982],[87.44494,21.79961],[87.44481,21.79776],[87.44597,21.79766],[87.44639,21.79319],[87.44942,21.79217],[87.44939,21.79168],[87.4507,21.79157],[87.45298,21.78974],[87.45507,21.79021],[87.45638,21.79001],[87.45644,21.79041],[87.45772,21.79039],[87.45845,21.78987],[87.46206,21.78978],[87.4641,21.79065],[87.46529,21.78962],[87.46686,21.79007],[87.46945,21.78916],[87.46977,21.79157],[87.47235,21.79122],[87.47253,21.79169],[87.47679,21.79109],[87.47714,21.79191],[87.4787,21.79222],[87.47853,21.79394],[87.48035,21.79398],[87.48042,21.79464],[87.48106,21.79461],[87.48153,21.79611],[87.48714,21.79535],[87.48763,21.7999],[87.4905,21.79953],[87.48987,21.79652],[87.49062,21.7964],[87.4907,21.79586],[87.49386,21.79571],[87.49411,21.7953],[87.49383,21.79064],[87.49179,21.78995],[87.49154,21.78816],[87.48756,21.78844],[87.48151,21.78786],[87.48159,21.78605],[87.48071,21.78522],[87.48063,21.78443],[87.4813,21.78361],[87.48099,21.78212],[87.48203,21.78246],[87.48191,21.78392],[87.48585,21.78412],[87.48598,21.78451],[87.48778,21.78425],[87.49332,21.78525],[87.50004,21.7847],[87.5003,21.78336],[87.50075,21.78321],[87.50029,21.78038],[87.49944,21.77998],[87.49991,21.77705],[87.4996,21.77421],[87.50133,21.77417],[87.49879,21.76201],[87.49661,21.76407],[87.49285,21.76501],[87.4914,21.76459],[87.48948,21.76517],[87.48517,21.76499],[87.48298,21.76475],[87.48296,21.7626],[87.48062,21.76303],[87.47984,21.76122],[87.47837,21.76071],[87.47761,21.76111],[87.47573,21.76041],[87.46423,21.75952],[87.46467,21.75629],[87.46443,21.75578],[87.46349,21.75591],[87.46356,21.75458],[87.46497,21.75341],[87.46498,21.75249],[87.45877,21.75216],[87.46111,21.7442],[87.46088,21.7434],[87.4582,21.7421],[87.45518,21.7418],[87.45389,21.74028]]],[[[87.48797,21.88189],[87.48869,21.88207],[87.48909,21.88122],[87.49102,21.87993],[87.49083,21.8791],[87.49268,21.87856],[87.49292,21.87806],[87.49367,21.87802],[87.4942,21.87866],[87.49627,21.87856],[87.50042,21.87753],[87.49988,21.87663],[87.50011,21.87543],[87.49903,21.87096],[87.50019,21.87068],[87.49974,21.86683],[87.49874,21.8663],[87.49463,21.86707],[87.485,21.86747],[87.48604,21.87116],[87.48797,21.88189]]]]}},{"type":"Feature","bbox":[87.94615,21.9628,87.99558,22.00606],"properties":{"kind":"gp","gp":"Samsabad","block":"Nandigram-I","lgd":110140},"geometry":{"type":"Polygon","coordinates":[[[87.98996,21.98823],[87.99095,21.98688],[87.99413,21.98721],[87.99558,21.98474],[87.9954,21.98379],[87.99361,21.98274],[87.99359,21.97971],[87.99238,21.97599],[87.99134,21.97502],[87.99081,21.97033],[87.99029,21.96919],[87.98956,21.96877],[87.98971,21.96374],[87.98892,21.9629],[87.98719,21.9628],[87.98672,21.96331],[87.98668,21.96526],[87.9849,21.96697],[87.98552,21.96904],[87.98431,21.96956],[87.98189,21.9695],[87.98146,21.96787],[87.97815,21.96812],[87.97798,21.96888],[87.97729,21.96922],[87.97577,21.96911],[87.97502,21.96954],[87.97401,21.96775],[87.97154,21.96773],[87.97023,21.96841],[87.96992,21.96796],[87.9673,21.96808],[87.96658,21.96912],[87.96466,21.96979],[87.96626,21.97261],[87.96592,21.97309],[87.96643,21.97402],[87.96499,21.97395],[87.96318,21.97515],[87.96241,21.97477],[87.96024,21.97489],[87.95914,21.97093],[87.95794,21.9709],[87.95693,21.96912],[87.95452,21.96933],[87.95425,21.9702],[87.95543,21.97411],[87.95456,21.97458],[87.9541,21.97583],[87.95481,21.97816],[87.95469,21.97958],[87.95309,21.97955],[87.9491,21.97666],[87.94802,21.97492],[87.94615,21.97459],[87.94664,21.9764],[87.94759,21.97699],[87.94751,21.97963],[87.94825,21.98061],[87.95218,21.9819],[87.95321,21.98461],[87.9543,21.98554],[87.95555,21.98553],[87.95648,21.98797],[87.9613,21.98756],[87.96255,21.98857],[87.9627,21.98971],[87.96459,21.9903],[87.96524,21.99231],[87.96454,21.99289],[87.96506,21.99466],[87.96332,21.99448],[87.9634,21.9957],[87.96211,21.99749],[87.96213,21.99857],[87.96391,21.99821],[87.96529,21.99921],[87.96535,22.0002],[87.96461,22.00089],[87.9647,22.00154],[87.96625,22.00492],[87.96708,22.00507],[87.96763,22.00585],[87.9688,22.00606],[87.96896,22.00543],[87.9684,22.00516],[87.96824,22.00386],[87.96846,22.00274],[87.96942,22.00234],[87.97014,22.00135],[87.97406,22.00102],[87.97445,22.00193],[87.9768,22.00135],[87.9776,22.00031],[87.97837,22.00023],[87.97834,21.99965],[87.97938,21.99929],[87.98085,21.9991],[87.982,21.99977],[87.98304,21.99803],[87.98256,21.99748],[87.9832,21.99649],[87.98519,21.99688],[87.98522,21.99794],[87.98638,21.99818],[87.98752,21.99666],[87.98696,21.99619],[87.98695,21.99535],[87.98786,21.99546],[87.99006,21.9945],[87.99029,21.99356],[87.9894,21.99323],[87.98954,21.99204],[87.98888,21.99134],[87.98937,21.99063],[87.98853,21.98827],[87.98996,21.98823]]]}},{"type":"Feature","bbox":[87.73444,21.75159,87.80657,21.82453],"properties":{"kind":"gp","gp":"Sarada","block":"Deshapran","lgd":110054},"geometry":{"type":"MultiPolygon","coordinates":[[[[87.73734,21.76349],[87.73713,21.76295],[87.73459,21.76351],[87.73498,21.7656],[87.73444,21.76576],[87.73466,21.76671],[87.73542,21.76636],[87.73538,21.76743],[87.73469,21.76831],[87.73504,21.76878],[87.74104,21.76703],[87.74049,21.76484],[87.73734,21.76349]]],[[[87.75822,21.75682],[87.76015,21.76584],[87.75769,21.76592],[87.75395,21.76495],[87.74906,21.76921],[87.74751,21.76985],[87.74741,21.76593],[87.74699,21.76523],[87.74546,21.76659],[87.74474,21.76665],[87.74445,21.7659],[87.74397,21.76585],[87.74352,21.76704],[87.74245,21.76717],[87.74298,21.76814],[87.7423,21.77061],[87.74251,21.77207],[87.7414,21.77429],[87.74224,21.77661],[87.74622,21.77801],[87.74593,21.77644],[87.74634,21.77577],[87.74736,21.77548],[87.74747,21.77502],[87.75016,21.77502],[87.75083,21.77541],[87.75106,21.77754],[87.75563,21.77789],[87.75671,21.77926],[87.76186,21.7807],[87.76242,21.77926],[87.7633,21.77891],[87.764,21.77549],[87.76397,21.77249],[87.76348,21.77247],[87.76296,21.7672],[87.76245,21.76605],[87.76487,21.76497],[87.76459,21.76448],[87.7651,21.76407],[87.76524,21.76293],[87.7666,21.76316],[87.76731,21.7627],[87.76684,21.76214],[87.76709,21.76054],[87.76657,21.76003],[87.76344,21.76066],[87.76256,21.75853],[87.76164,21.75884],[87.7611,21.7582],[87.76184,21.7569],[87.76172,21.75562],[87.76065,21.75424],[87.76006,21.75427],[87.7593,21.75163],[87.75875,21.75159],[87.75778,21.75252],[87.75663,21.75262],[87.75553,21.75203],[87.75357,21.75234],[87.75341,21.75315],[87.75258,21.75371],[87.75319,21.75516],[87.75227,21.75556],[87.75221,21.75617],[87.75464,21.75708],[87.75513,21.75877],[87.75622,21.75771],[87.7573,21.75794],[87.75822,21.75682]]],[[[87.76733,21.78968],[87.76703,21.79152],[87.76494,21.79201],[87.76047,21.79438],[87.75981,21.79849],[87.75807,21.79915],[87.75771,21.79982],[87.7567,21.79934],[87.75577,21.7995],[87.75492,21.80092],[87.75611,21.80253],[87.75644,21.80475],[87.75849,21.80791],[87.7586,21.80901],[87.75978,21.80884],[87.76418,21.81417],[87.76592,21.81543],[87.76781,21.82016],[87.76944,21.82004],[87.77306,21.82085],[87.77503,21.82451],[87.7778,21.82453],[87.77815,21.82428],[87.77626,21.82142],[87.7777,21.82011],[87.77689,21.81678],[87.77785,21.81565],[87.77858,21.81554],[87.77931,21.81615],[87.7815,21.81551],[87.78299,21.81708],[87.78317,21.81417],[87.78377,21.81381],[87.78519,21.81506],[87.78756,21.81937],[87.78783,21.82103],[87.78932,21.82278],[87.79301,21.82309],[87.79319,21.82121],[87.79231,21.82095],[87.79198,21.81738],[87.79017,21.81515],[87.78922,21.81291],[87.78919,21.81208],[87.7908,21.8109],[87.79242,21.81212],[87.79254,21.81279],[87.79437,21.81342],[87.79625,21.8161],[87.79606,21.81772],[87.79966,21.81708],[87.80031,21.81845],[87.80151,21.81857],[87.80106,21.81798],[87.80411,21.81808],[87.80522,21.81731],[87.80474,21.81612],[87.8048,21.81372],[87.80314,21.81327],[87.80293,21.81176],[87.80573,21.81093],[87.80657,21.81009],[87.80646,21.80912],[87.8051,21.80886],[87.80572,21.80753],[87.80497,21.80649],[87.8031,21.80622],[87.80346,21.80386],[87.80073,21.802],[87.80109,21.80087],[87.79956,21.80018],[87.79838,21.80049],[87.79787,21.80135],[87.79617,21.80164],[87.7951,21.80093],[87.79363,21.8017],[87.79276,21.80152],[87.79191,21.79951],[87.79116,21.79871],[87.79008,21.79842],[87.78972,21.79707],[87.79261,21.79584],[87.79692,21.79294],[87.79682,21.79188],[87.79481,21.79023],[87.79471,21.78924],[87.79323,21.78852],[87.79142,21.78888],[87.78753,21.78805],[87.78578,21.78851],[87.7857,21.78707],[87.78627,21.78651],[87.78595,21.78554],[87.78392,21.785],[87.78398,21.78324],[87.78479,21.78203],[87.78385,21.78211],[87.78214,21.78545],[87.78072,21.78559],[87.77858,21.7875],[87.77817,21.79122],[87.77722,21.79111],[87.77606,21.78946],[87.77524,21.78996],[87.77602,21.79148],[87.77588,21.79316],[87.77449,21.79316],[87.77422,21.7942],[87.77339,21.79467],[87.77298,21.79331],[87.77045,21.79451],[87.76957,21.78957],[87.76733,21.78968]]]]}},{"type":"Feature","bbox":[87.58285,21.80841,87.64268,21.85824],"properties":{"kind":"gp","gp":"Sarbodaya","block":"Egra-II","lgd":110069},"geometry":{"type":"Polygon","coordinates":[[[87.58566,21.82115],[87.58864,21.82132],[87.59052,21.82364],[87.59096,21.82514],[87.59091,21.82972],[87.59419,21.83436],[87.59223,21.83756],[87.59256,21.84123],[87.5944,21.84366],[87.59659,21.84463],[87.59736,21.84589],[87.59716,21.84928],[87.60595,21.8513],[87.60958,21.84719],[87.61567,21.8475],[87.61925,21.84678],[87.62593,21.84728],[87.6266,21.84766],[87.62692,21.85366],[87.62907,21.85363],[87.62908,21.85141],[87.63154,21.85084],[87.63454,21.85613],[87.63556,21.85704],[87.63755,21.85773],[87.64262,21.85824],[87.64118,21.85357],[87.64139,21.8522],[87.64268,21.85071],[87.64163,21.85048],[87.64151,21.84917],[87.6308,21.84909],[87.63418,21.84545],[87.63439,21.8439],[87.63338,21.84013],[87.63076,21.8371],[87.6266,21.83863],[87.62494,21.83847],[87.62393,21.83397],[87.62433,21.83358],[87.62388,21.83123],[87.61979,21.8311],[87.61541,21.83008],[87.61375,21.82872],[87.60827,21.82849],[87.6083,21.82783],[87.60647,21.82508],[87.60733,21.82403],[87.61043,21.82379],[87.61038,21.82026],[87.60968,21.81762],[87.60978,21.81248],[87.60371,21.81345],[87.60237,21.81323],[87.59812,21.8148],[87.59757,21.81209],[87.59654,21.81093],[87.58835,21.8092],[87.58698,21.80841],[87.5856,21.80841],[87.58433,21.80951],[87.58296,21.81219],[87.58285,21.81821],[87.58394,21.82009],[87.58566,21.82115]]]}},{"type":"Feature","bbox":[87.61341,21.67188,87.66635,21.7229],"properties":{"kind":"gp","gp":"Satilapur","block":"Ramnagar-II","lgd":110195},"geometry":{"type":"Polygon","coordinates":[[[87.64259,21.67993],[87.64158,21.67811],[87.64205,21.67582],[87.64029,21.67501],[87.63791,21.67301],[87.63459,21.67402],[87.62946,21.67269],[87.62115,21.67188],[87.61857,21.67296],[87.61761,21.67381],[87.6168,21.67798],[87.61614,21.67902],[87.61547,21.6791],[87.61517,21.68105],[87.61567,21.68354],[87.61481,21.6838],[87.61341,21.68621],[87.61347,21.68816],[87.61442,21.68809],[87.61426,21.69234],[87.61549,21.69555],[87.6138,21.70307],[87.62127,21.70117],[87.62109,21.7038],[87.62158,21.70527],[87.62406,21.70843],[87.62536,21.71249],[87.62467,21.71261],[87.62633,21.71639],[87.63585,21.71128],[87.63558,21.71264],[87.63826,21.71528],[87.64043,21.71961],[87.64024,21.72041],[87.63746,21.72155],[87.63786,21.7229],[87.63873,21.72238],[87.64153,21.72224],[87.64294,21.72177],[87.6434,21.72072],[87.64624,21.72026],[87.64781,21.72137],[87.64837,21.72063],[87.65458,21.72037],[87.65846,21.72187],[87.66635,21.7222],[87.66627,21.72002],[87.66531,21.71783],[87.66582,21.71579],[87.66468,21.71005],[87.66373,21.70819],[87.66477,21.70658],[87.66348,21.70429],[87.66184,21.7026],[87.6604,21.69971],[87.65961,21.69977],[87.65976,21.69919],[87.65715,21.69462],[87.65334,21.69507],[87.65329,21.69375],[87.65082,21.69121],[87.65085,21.69064],[87.6522,21.68982],[87.6511,21.68534],[87.65134,21.68447],[87.64627,21.68297],[87.64495,21.68176],[87.6424,21.68179],[87.64259,21.67993]]]}},{"type":"Feature","bbox":[87.95077,22.17425,87.99763,22.23074],"properties":{"kind":"gp","gp":"Satishsamanta","block":"Mahishadal","lgd":110108},"geometry":{"type":"MultiPolygon","coordinates":[[[[87.97354,22.1834],[87.9719,22.18337],[87.97148,22.18124],[87.97227,22.18018],[87.97059,22.17993],[87.96994,22.17932],[87.97002,22.17723],[87.96945,22.17662],[87.96829,22.17679],[87.96653,22.1759],[87.96614,22.17626],[87.96465,22.17581],[87.96304,22.17601],[87.96209,22.17425],[87.96026,22.17623],[87.96119,22.18046],[87.96111,22.18304],[87.96154,22.18347],[87.96093,22.18414],[87.96174,22.18527],[87.96228,22.1848],[87.96423,22.1856],[87.9644,22.18706],[87.96397,22.1877],[87.96646,22.18735],[87.96843,22.19066],[87.97088,22.19057],[87.97228,22.18966],[87.97254,22.18999],[87.97301,22.19241],[87.97197,22.19322],[87.97107,22.195],[87.97205,22.19517],[87.9726,22.1962],[87.97207,22.19754],[87.97324,22.2015],[87.9762,22.20165],[87.98015,22.20087],[87.98019,22.20147],[87.98354,22.2016],[87.982,22.20436],[87.98144,22.20712],[87.98472,22.21112],[87.98389,22.21407],[87.9833,22.22299],[87.98585,22.22497],[87.98585,22.22572],[87.98676,22.22662],[87.98601,22.22707],[87.9859,22.22798],[87.98226,22.22914],[87.98251,22.23074],[87.98641,22.22888],[87.99186,22.2245],[87.99212,22.22223],[87.99763,22.20872],[87.9964,22.20844],[87.99619,22.20894],[87.99209,22.20969],[87.99182,22.20745],[87.98925,22.20445],[87.98891,22.20267],[87.98752,22.2024],[87.98669,22.2009],[87.98675,22.19757],[87.98712,22.19631],[87.98838,22.19515],[87.98842,22.19248],[87.98759,22.19136],[87.98508,22.18987],[87.98366,22.18787],[87.9807,22.18829],[87.98011,22.1897],[87.97748,22.19033],[87.97392,22.18961],[87.97333,22.18864],[87.97354,22.1834]]],[[[87.95753,22.20039],[87.95674,22.20021],[87.95377,22.20048],[87.95248,22.19994],[87.95077,22.20291],[87.95113,22.20489],[87.95082,22.20573],[87.95151,22.20695],[87.95298,22.20856],[87.95479,22.20903],[87.95598,22.21219],[87.95745,22.21256],[87.95744,22.21388],[87.96129,22.21199],[87.96333,22.2115],[87.9635,22.2103],[87.96649,22.21442],[87.96966,22.21377],[87.96866,22.21062],[87.96891,22.20996],[87.97039,22.2103],[87.97082,22.20805],[87.96904,22.20734],[87.96903,22.20648],[87.96628,22.20647],[87.96548,22.20588],[87.96462,22.20502],[87.96526,22.20419],[87.96338,22.20253],[87.96362,22.20176],[87.96316,22.20077],[87.96208,22.20101],[87.96122,22.20015],[87.96002,22.20037],[87.95939,22.20258],[87.95753,22.20039]]]]}},{"type":"Feature","bbox":[87.84816,22.17783,87.87907,22.20574],"properties":{"kind":"gp","gp":"Seoraberiajalpai-I","block":"Nandakumar","lgd":110129},"geometry":{"type":"Polygon","coordinates":[[[87.85288,22.18212],[87.85647,22.18423],[87.8573,22.18585],[87.85638,22.18993],[87.85707,22.19133],[87.85893,22.19285],[87.85883,22.19636],[87.86103,22.19897],[87.85977,22.20156],[87.85838,22.20197],[87.85649,22.20139],[87.8558,22.2006],[87.85339,22.2023],[87.85409,22.20434],[87.85583,22.20519],[87.85603,22.20574],[87.85644,22.20465],[87.86011,22.20401],[87.86171,22.20495],[87.86304,22.20499],[87.86357,22.20428],[87.86832,22.20339],[87.87239,22.2045],[87.87282,22.20553],[87.87429,22.20522],[87.87596,22.20397],[87.87849,22.20452],[87.87832,22.20238],[87.87907,22.20011],[87.87875,22.1988],[87.87758,22.19759],[87.87835,22.1948],[87.87794,22.19267],[87.87718,22.19215],[87.87481,22.19182],[87.87152,22.19203],[87.86663,22.1839],[87.86619,22.18204],[87.86495,22.18149],[87.86492,22.1804],[87.85901,22.18074],[87.85842,22.17975],[87.85874,22.17827],[87.85839,22.17783],[87.8549,22.1796],[87.85428,22.17793],[87.84841,22.17843],[87.84816,22.17897],[87.85029,22.18025],[87.85139,22.18034],[87.85137,22.18083],[87.85288,22.18212]]]}},{"type":"Feature","bbox":[87.84591,22.12922,87.91646,22.20551],"properties":{"kind":"gp","gp":"Seoraberiajalpai-Ii","block":"Nandakumar","lgd":110130},"geometry":{"type":"Polygon","coordinates":[[[87.88445,22.16375],[87.88372,22.15977],[87.8877,22.159],[87.88867,22.15607],[87.89118,22.15449],[87.89293,22.15455],[87.89339,22.15605],[87.89493,22.15589],[87.89954,22.15781],[87.90025,22.15755],[87.899,22.15697],[87.89867,22.15631],[87.89904,22.15575],[87.90166,22.15584],[87.90788,22.15499],[87.90862,22.15312],[87.90939,22.15248],[87.91093,22.153],[87.91478,22.15149],[87.91506,22.15205],[87.91646,22.15263],[87.91624,22.15068],[87.91241,22.13994],[87.91229,22.13375],[87.91096,22.12922],[87.90913,22.12995],[87.89818,22.13119],[87.89196,22.13413],[87.88416,22.141],[87.87345,22.14509],[87.8692,22.14925],[87.86477,22.15546],[87.86301,22.15668],[87.85564,22.15965],[87.85123,22.1631],[87.85468,22.16647],[87.85557,22.16985],[87.8542,22.17187],[87.85298,22.17239],[87.84943,22.17182],[87.84764,22.17293],[87.84769,22.17581],[87.84591,22.17845],[87.84598,22.17955],[87.84644,22.17994],[87.84862,22.17998],[87.85288,22.18212],[87.85137,22.18083],[87.85139,22.18034],[87.85029,22.18025],[87.84816,22.17897],[87.84841,22.17843],[87.85428,22.17793],[87.8549,22.1796],[87.85839,22.17783],[87.85874,22.17827],[87.85842,22.17975],[87.85901,22.18074],[87.86492,22.1804],[87.86495,22.18149],[87.86619,22.18204],[87.86663,22.1839],[87.87152,22.19203],[87.87481,22.19182],[87.87718,22.19215],[87.87794,22.19267],[87.87835,22.1948],[87.87758,22.19759],[87.87875,22.1988],[87.87907,22.20011],[87.87832,22.20238],[87.87849,22.20452],[87.88035,22.20551],[87.88207,22.20463],[87.88572,22.20527],[87.88922,22.20304],[87.89256,22.204],[87.89224,22.20111],[87.89135,22.19912],[87.89115,22.19709],[87.89171,22.19635],[87.89129,22.19418],[87.88949,22.19089],[87.89099,22.19074],[87.8918,22.19008],[87.89141,22.18771],[87.89479,22.18646],[87.89534,22.18544],[87.89275,22.18364],[87.89096,22.18301],[87.89082,22.18059],[87.88987,22.17909],[87.89039,22.17758],[87.88967,22.17316],[87.89018,22.17136],[87.88513,22.1679],[87.88184,22.16458],[87.88445,22.16375]]]}},{"type":"Feature","bbox":[87.84154,22.3985,87.88331,22.42117],"properties":{"kind":"gp","gp":"Shantipur-I","block":"Shahid Matangini","lgd":110204},"geometry":{"type":"Polygon","coordinates":[[[87.85596,22.41421],[87.85821,22.41369],[87.85828,22.4142],[87.85923,22.41418],[87.85984,22.41657],[87.85848,22.41744],[87.85896,22.42027],[87.86326,22.41982],[87.8642,22.41919],[87.86897,22.41843],[87.87128,22.41955],[87.87286,22.41962],[87.87572,22.41903],[87.87655,22.41829],[87.87639,22.41691],[87.87737,22.41686],[87.87794,22.41731],[87.87849,22.42112],[87.87957,22.42088],[87.87937,22.42019],[87.88022,22.41931],[87.88038,22.41791],[87.88152,22.41734],[87.88331,22.41772],[87.88252,22.41634],[87.88136,22.41596],[87.88223,22.4154],[87.88152,22.41496],[87.88129,22.41403],[87.882,22.41372],[87.88081,22.4087],[87.87815,22.40547],[87.87626,22.40455],[87.87602,22.40379],[87.87677,22.40261],[87.87498,22.40155],[87.87483,22.40043],[87.87378,22.39987],[87.87171,22.39945],[87.86632,22.39969],[87.86594,22.3985],[87.86043,22.39957],[87.86028,22.40019],[87.86182,22.40086],[87.86324,22.40229],[87.86296,22.40469],[87.8625,22.40522],[87.85882,22.40529],[87.85828,22.40457],[87.85689,22.40447],[87.85653,22.4041],[87.85676,22.40226],[87.85658,22.40188],[87.8558,22.40196],[87.85549,22.40118],[87.85282,22.40158],[87.84864,22.40104],[87.84478,22.4016],[87.8437,22.40257],[87.84293,22.40399],[87.84374,22.40687],[87.84197,22.40762],[87.84235,22.40928],[87.84154,22.41015],[87.84383,22.41179],[87.8441,22.41433],[87.84465,22.41485],[87.84623,22.41503],[87.84621,22.41621],[87.84729,22.41703],[87.84678,22.41775],[87.84784,22.42026],[87.84898,22.42031],[87.8499,22.42117],[87.85085,22.42065],[87.85093,22.4201],[87.85187,22.41997],[87.8525,22.41742],[87.85039,22.41683],[87.84999,22.41616],[87.8525,22.41541],[87.85301,22.41403],[87.85596,22.41421]]]}},{"type":"Feature","bbox":[87.84864,22.37903,87.89517,22.41726],"properties":{"kind":"gp","gp":"Shantipur-Ii","block":"Shahid Matangini","lgd":110205},"geometry":{"type":"Polygon","coordinates":[[[87.86746,22.38626],[87.86799,22.38416],[87.86761,22.38303],[87.86518,22.38113],[87.86498,22.37903],[87.85686,22.37949],[87.8547,22.38745],[87.85544,22.39377],[87.85275,22.3949],[87.85288,22.39632],[87.84864,22.39972],[87.84864,22.40104],[87.85282,22.40158],[87.85549,22.40118],[87.8558,22.40196],[87.85658,22.40188],[87.85676,22.40226],[87.85653,22.4041],[87.85689,22.40447],[87.85828,22.40457],[87.85882,22.40529],[87.8625,22.40522],[87.86296,22.40469],[87.86324,22.40229],[87.86182,22.40086],[87.86028,22.40019],[87.86043,22.39957],[87.86594,22.3985],[87.86632,22.39969],[87.87171,22.39945],[87.87378,22.39987],[87.87483,22.40043],[87.87498,22.40155],[87.87677,22.40261],[87.87602,22.40379],[87.87626,22.40455],[87.87815,22.40547],[87.88081,22.4087],[87.882,22.41372],[87.88129,22.41403],[87.88152,22.41496],[87.88223,22.4154],[87.88366,22.41489],[87.88369,22.41554],[87.88444,22.41543],[87.88363,22.41661],[87.88453,22.41726],[87.8848,22.4164],[87.88594,22.41587],[87.88948,22.41579],[87.88995,22.41321],[87.88977,22.41088],[87.89054,22.41061],[87.89196,22.41135],[87.89154,22.40908],[87.89168,22.405],[87.89461,22.40495],[87.8947,22.40041],[87.89384,22.39824],[87.89443,22.39711],[87.89517,22.39675],[87.89496,22.3959],[87.88878,22.39351],[87.8877,22.39394],[87.88681,22.38593],[87.88622,22.3851],[87.88426,22.3851],[87.87802,22.38656],[87.87805,22.3871],[87.87715,22.38725],[87.87717,22.38843],[87.8739,22.38881],[87.87391,22.38998],[87.872,22.38977],[87.87205,22.38859],[87.87093,22.38779],[87.86959,22.38786],[87.86829,22.38721],[87.86809,22.38644],[87.86746,22.38626]]]}},{"type":"Feature","bbox":[87.88184,22.15149,87.91917,22.18533],"properties":{"kind":"gp","gp":"Shitalpurpaschim","block":"Nandakumar","lgd":110131},"geometry":{"type":"Polygon","coordinates":[[[87.91082,22.1678],[87.91378,22.16765],[87.91429,22.16724],[87.91472,22.16305],[87.91535,22.16196],[87.918,22.16262],[87.91917,22.15872],[87.91646,22.15263],[87.91506,22.15205],[87.91478,22.15149],[87.91093,22.153],[87.90939,22.15248],[87.90862,22.15312],[87.90788,22.15499],[87.90166,22.15584],[87.89904,22.15575],[87.89867,22.15631],[87.899,22.15697],[87.90025,22.15755],[87.89954,22.15781],[87.89493,22.15589],[87.89339,22.15605],[87.89293,22.15455],[87.89118,22.15449],[87.88867,22.15607],[87.8877,22.159],[87.88372,22.15977],[87.88445,22.16375],[87.88184,22.16458],[87.88513,22.1679],[87.89018,22.17136],[87.88967,22.17316],[87.89039,22.17758],[87.88987,22.17909],[87.89082,22.18059],[87.89096,22.18301],[87.89519,22.18503],[87.89669,22.18414],[87.89853,22.18469],[87.89985,22.18451],[87.9004,22.18533],[87.9012,22.18498],[87.9001,22.18254],[87.90075,22.18169],[87.90204,22.18223],[87.90361,22.18105],[87.90524,22.18183],[87.90597,22.18059],[87.90594,22.17965],[87.90724,22.17848],[87.90833,22.17839],[87.90827,22.1792],[87.90961,22.18],[87.91021,22.1791],[87.91085,22.17907],[87.91138,22.17775],[87.91424,22.17685],[87.91404,22.17614],[87.91312,22.17567],[87.91243,22.17366],[87.91166,22.1731],[87.91188,22.17121],[87.91015,22.16954],[87.91082,22.1678]]]}},{"type":"Feature","bbox":[87.77561,22.40423,87.81152,22.4452],"properties":{"kind":"gp","gp":"Siddha-I","block":"Kolaghat","lgd":110097},"geometry":{"type":"Polygon","coordinates":[[[87.79593,22.40446],[87.79633,22.40966],[87.79462,22.41015],[87.79422,22.40717],[87.79211,22.40699],[87.79228,22.40488],[87.78841,22.40558],[87.78122,22.40538],[87.77899,22.40664],[87.77776,22.40673],[87.7772,22.40751],[87.77712,22.40934],[87.77781,22.41526],[87.77588,22.41751],[87.77561,22.41885],[87.77679,22.41893],[87.77666,22.41966],[87.77748,22.41984],[87.77775,22.42217],[87.77857,22.42228],[87.7786,22.42297],[87.78131,22.42359],[87.78304,22.42337],[87.7831,22.42526],[87.78383,22.4257],[87.78479,22.428],[87.78587,22.42828],[87.78681,22.42984],[87.78886,22.42984],[87.79072,22.43052],[87.793,22.43036],[87.79286,22.43219],[87.79352,22.43362],[87.7911,22.43465],[87.79029,22.43477],[87.78966,22.43419],[87.78959,22.43219],[87.78712,22.43212],[87.7871,22.43613],[87.78813,22.43633],[87.78816,22.43683],[87.7863,22.43707],[87.78644,22.43856],[87.78555,22.43901],[87.78534,22.44076],[87.78422,22.44038],[87.78413,22.44162],[87.78534,22.44126],[87.7856,22.4419],[87.79502,22.44201],[87.79586,22.44267],[87.80077,22.44216],[87.80104,22.44143],[87.80213,22.44153],[87.80236,22.44398],[87.80334,22.44395],[87.80364,22.4452],[87.80491,22.44495],[87.80673,22.44337],[87.80809,22.44287],[87.81069,22.43945],[87.81036,22.4379],[87.80832,22.43773],[87.80791,22.43721],[87.80817,22.43655],[87.80911,22.4364],[87.80857,22.43367],[87.80948,22.43376],[87.80967,22.43461],[87.81124,22.43419],[87.81152,22.43369],[87.81112,22.43134],[87.80941,22.43137],[87.80873,22.42841],[87.80776,22.42849],[87.8055,22.42369],[87.80786,22.42151],[87.80777,22.41994],[87.80706,22.41855],[87.81037,22.41844],[87.81023,22.41623],[87.80902,22.41589],[87.80869,22.41666],[87.80806,22.41683],[87.80698,22.41564],[87.80648,22.41604],[87.80585,22.41526],[87.80541,22.41283],[87.80501,22.41204],[87.80397,22.41204],[87.80305,22.40893],[87.80301,22.40734],[87.80403,22.40683],[87.80409,22.40605],[87.7997,22.40595],[87.7989,22.40423],[87.79593,22.40446]]]}},{"type":"Feature","bbox":[87.75239,22.40482,87.79352,22.44191],"properties":{"kind":"gp","gp":"Sidhha-Ii","block":"Kolaghat","lgd":110098},"geometry":{"type":"Polygon","coordinates":[[[87.77166,22.40575],[87.76159,22.40706],[87.76093,22.40505],[87.76037,22.40482],[87.75901,22.40562],[87.759,22.4069],[87.75578,22.40697],[87.75561,22.40799],[87.75482,22.4084],[87.75468,22.40939],[87.75388,22.4101],[87.75384,22.41189],[87.75253,22.41217],[87.75308,22.41607],[87.75251,22.41651],[87.75324,22.41749],[87.75239,22.41862],[87.75318,22.42108],[87.75401,22.42134],[87.75422,22.42536],[87.75573,22.42579],[87.75589,22.42725],[87.75697,22.42892],[87.75617,22.42947],[87.75589,22.431],[87.75713,22.43147],[87.75836,22.43368],[87.75823,22.43449],[87.76001,22.43627],[87.76047,22.43827],[87.76002,22.4419],[87.76275,22.44105],[87.76335,22.44022],[87.76586,22.44004],[87.76795,22.43904],[87.77197,22.43903],[87.7724,22.43991],[87.7763,22.4406],[87.77659,22.44139],[87.77873,22.44133],[87.77898,22.44191],[87.78037,22.44184],[87.78422,22.44038],[87.78534,22.44076],[87.78555,22.43901],[87.78644,22.43856],[87.7863,22.43707],[87.78816,22.43683],[87.78813,22.43633],[87.7871,22.43613],[87.78712,22.43212],[87.78959,22.43219],[87.78966,22.43419],[87.79029,22.43477],[87.7911,22.43465],[87.79352,22.43362],[87.79286,22.43219],[87.793,22.43036],[87.79072,22.43052],[87.78886,22.42984],[87.78681,22.42984],[87.78587,22.42828],[87.78479,22.428],[87.78383,22.4257],[87.7831,22.42526],[87.78304,22.42337],[87.78131,22.42359],[87.7786,22.42297],[87.77857,22.42228],[87.77775,22.42217],[87.77748,22.41984],[87.77666,22.41966],[87.77679,22.41893],[87.77561,22.41885],[87.77588,22.41751],[87.77781,22.41526],[87.77694,22.4056],[87.77437,22.40534],[87.77347,22.40593],[87.77166,22.40575]]]}},{"type":"Feature","bbox":[87.69568,22.05264,87.75739,22.09858],"properties":{"kind":"gp","gp":"Simulia","block":"Bhagawanpur-I","lgd":110011},"geometry":{"type":"Polygon","coordinates":[[[87.72167,22.05582],[87.71366,22.05594],[87.70673,22.05691],[87.70517,22.05643],[87.70431,22.05538],[87.70401,22.05415],[87.70438,22.05267],[87.70313,22.05264],[87.70254,22.05294],[87.70243,22.05361],[87.6989,22.05378],[87.70047,22.05654],[87.69987,22.05852],[87.70034,22.06005],[87.7,22.06141],[87.7003,22.06277],[87.69935,22.06335],[87.69731,22.06296],[87.69667,22.06171],[87.69568,22.06167],[87.69795,22.07004],[87.69955,22.07],[87.69961,22.07364],[87.70111,22.07588],[87.70134,22.07711],[87.70544,22.08214],[87.70424,22.08304],[87.70558,22.08495],[87.70733,22.08462],[87.70771,22.0853],[87.71601,22.0873],[87.7195,22.08712],[87.72064,22.08852],[87.72159,22.09392],[87.72521,22.09595],[87.73194,22.09858],[87.7322,22.09542],[87.73376,22.09173],[87.73201,22.09008],[87.73303,22.08969],[87.73398,22.09027],[87.73621,22.08962],[87.73545,22.08757],[87.7356,22.08616],[87.73482,22.08613],[87.73464,22.08543],[87.73612,22.08419],[87.73805,22.08353],[87.73806,22.08307],[87.73688,22.08308],[87.73642,22.0812],[87.73685,22.08055],[87.73921,22.07999],[87.73932,22.08048],[87.74073,22.08038],[87.7446,22.07954],[87.74717,22.08052],[87.74839,22.08258],[87.74863,22.0843],[87.75198,22.08398],[87.75225,22.08376],[87.7517,22.08189],[87.75247,22.08152],[87.75394,22.08175],[87.75418,22.07944],[87.75587,22.07783],[87.75659,22.07505],[87.75635,22.07302],[87.75724,22.0721],[87.75739,22.07077],[87.75678,22.0708],[87.75616,22.06851],[87.75444,22.06895],[87.75447,22.06939],[87.75353,22.06975],[87.75364,22.06899],[87.75256,22.06678],[87.75072,22.06629],[87.74737,22.06787],[87.7473,22.06855],[87.74201,22.06927],[87.73837,22.06925],[87.73637,22.06978],[87.73468,22.06346],[87.73233,22.061],[87.73047,22.05727],[87.72831,22.05867],[87.72554,22.0589],[87.72549,22.05991],[87.72397,22.05986],[87.72303,22.05946],[87.72286,22.05659],[87.72144,22.05643],[87.72167,22.05582]]]}},{"type":"Feature","bbox":[87.965,21.8903,88.02011,21.94965],"properties":{"kind":"gp","gp":"Sonachura","block":"Nandigram-I","lgd":110141},"geometry":{"type":"Polygon","coordinates":[[[87.975,21.89036],[87.97074,21.89121],[87.96815,21.89254],[87.96576,21.89507],[87.965,21.8971],[87.96603,21.90196],[87.96817,21.90523],[87.96937,21.9093],[87.96867,21.91125],[87.96852,21.9135],[87.96709,21.91721],[87.96703,21.91874],[87.96763,21.91872],[87.96765,21.91967],[87.97059,21.92359],[87.97108,21.92491],[87.97182,21.92765],[87.9715,21.9304],[87.97057,21.93137],[87.97297,21.93321],[87.97409,21.93342],[87.97701,21.93235],[87.97868,21.93226],[87.9806,21.93408],[87.98113,21.93405],[87.98212,21.93354],[87.98276,21.93385],[87.9841,21.93294],[87.98666,21.93269],[87.98812,21.93311],[87.98895,21.93268],[87.98895,21.93062],[87.99117,21.92728],[87.99395,21.93003],[87.99928,21.92922],[88.00303,21.93896],[88.00292,21.94126],[88.00392,21.94477],[88.00396,21.94965],[88.01074,21.94912],[88.01057,21.94836],[88.01114,21.94822],[88.01135,21.9489],[88.02011,21.94735],[88.01773,21.94309],[88.01349,21.942],[88.01098,21.94299],[88.00914,21.94236],[88.00857,21.94296],[88.0075,21.94294],[88.00773,21.94205],[88.0019,21.93055],[88.00015,21.92535],[87.99648,21.92098],[88.00054,21.92167],[88.00701,21.92071],[88.0081,21.921],[88.01092,21.91961],[88.006,21.91217],[88.00426,21.90865],[88.00255,21.90653],[88.00366,21.906],[87.99172,21.9037],[87.98931,21.90169],[87.98898,21.89915],[87.98643,21.89802],[87.98581,21.89545],[87.98395,21.89436],[87.98288,21.89167],[87.98211,21.89095],[87.97942,21.8903],[87.975,21.89036]]]}},{"type":"Feature","bbox":[87.57855,21.91381,87.65196,22.00283],"properties":{"kind":"gp","gp":"South Khanda","block":"Patashpur-II","lgd":110177},"geometry":{"type":"MultiPolygon","coordinates":[[[[87.61871,21.92159],[87.60613,21.93225],[87.60215,21.93283],[87.60135,21.93558],[87.59826,21.93963],[87.59942,21.941],[87.59891,21.94154],[87.59976,21.94209],[87.60374,21.94252],[87.60407,21.94167],[87.60843,21.94187],[87.60828,21.94382],[87.60878,21.94465],[87.61058,21.94408],[87.61551,21.94464],[87.61578,21.94565],[87.61456,21.94689],[87.61224,21.94573],[87.61044,21.94584],[87.60992,21.94663],[87.60606,21.94737],[87.60541,21.94713],[87.60468,21.94772],[87.60618,21.94987],[87.60697,21.95002],[87.60689,21.94813],[87.60819,21.94796],[87.60858,21.95189],[87.60928,21.95273],[87.61149,21.95327],[87.61144,21.95521],[87.60981,21.95682],[87.60995,21.95789],[87.60782,21.95961],[87.60621,21.96025],[87.60608,21.96091],[87.60254,21.96048],[87.60171,21.9597],[87.60031,21.95467],[87.59934,21.95356],[87.59803,21.95428],[87.5952,21.9541],[87.59486,21.95336],[87.59509,21.95119],[87.59199,21.95074],[87.5917,21.94938],[87.59045,21.94909],[87.59033,21.94973],[87.5842,21.95189],[87.58176,21.95338],[87.5843,21.95641],[87.58516,21.95823],[87.58001,21.95858],[87.57914,21.95928],[87.57855,21.96131],[87.57948,21.96159],[87.57979,21.96324],[87.58289,21.96311],[87.58453,21.96391],[87.58433,21.9656],[87.58537,21.96605],[87.58766,21.96506],[87.58992,21.96971],[87.59074,21.96907],[87.5907,21.96829],[87.59259,21.96832],[87.59403,21.96968],[87.59932,21.96708],[87.60369,21.96633],[87.60335,21.96769],[87.60084,21.96817],[87.60266,21.96878],[87.60392,21.96826],[87.60445,21.96718],[87.60546,21.96698],[87.60641,21.96844],[87.60561,21.97044],[87.60665,21.9716],[87.60804,21.97132],[87.60926,21.97287],[87.6109,21.97158],[87.61174,21.97214],[87.61189,21.97284],[87.6127,21.9727],[87.61361,21.97114],[87.61835,21.96962],[87.61868,21.96894],[87.62004,21.9692],[87.61971,21.97092],[87.61877,21.97062],[87.61811,21.9714],[87.61795,21.97423],[87.62035,21.97366],[87.62044,21.97149],[87.62321,21.97053],[87.62301,21.9716],[87.62454,21.97293],[87.62541,21.97304],[87.62557,21.97499],[87.62928,21.97385],[87.6288,21.97015],[87.63004,21.96948],[87.63448,21.96991],[87.63892,21.96843],[87.63845,21.96652],[87.63778,21.96616],[87.63776,21.96395],[87.63892,21.96353],[87.63981,21.96208],[87.64181,21.96148],[87.64209,21.96061],[87.64158,21.95909],[87.64221,21.95894],[87.64204,21.95784],[87.64273,21.95766],[87.64296,21.95271],[87.64347,21.95128],[87.64333,21.9467],[87.6482,21.94701],[87.65196,21.94639],[87.6511,21.94498],[87.64994,21.93699],[87.65119,21.93202],[87.64591,21.93115],[87.63996,21.92872],[87.6402,21.9273],[87.63955,21.91964],[87.63375,21.91963],[87.6325,21.91888],[87.63269,21.91663],[87.62385,21.91381],[87.6237,21.91566],[87.62418,21.91759],[87.61871,21.92159]]],[[[87.60697,21.99817],[87.60511,21.99676],[87.60505,21.99389],[87.60804,21.99339],[87.60864,21.9916],[87.60976,21.99134],[87.6087,21.99069],[87.60727,21.99122],[87.60482,21.9936],[87.60114,21.99424],[87.60035,21.99363],[87.59578,21.9938],[87.59484,21.99149],[87.59434,21.99126],[87.5946,21.99014],[87.59351,21.98742],[87.59113,21.98724],[87.58922,21.98779],[87.58921,21.98849],[87.58753,21.99009],[87.58842,21.99426],[87.59237,21.9938],[87.59603,21.9948],[87.59663,22.0014],[87.60237,22.00152],[87.60945,22.00283],[87.61036,22.0026],[87.61046,21.99963],[87.60971,21.99786],[87.60697,21.99817]]]]}},{"type":"Feature","bbox":[87.54666,21.95141,87.61447,22.01067],"properties":{"kind":"gp","gp":"Sreerampur","block":"Patashpur-II","lgd":110178},"geometry":{"type":"MultiPolygon","coordinates":[[[[87.59803,21.95428],[87.59934,21.95356],[87.59976,21.95321],[87.59976,21.95141],[87.59529,21.95145],[87.59486,21.95336],[87.5952,21.9541],[87.59803,21.95428]]],[[[87.575,21.96951],[87.5739,21.97048],[87.57244,21.97068],[87.57152,21.97279],[87.57166,21.97343],[87.57037,21.97477],[87.57019,21.97566],[87.56096,21.97643],[87.56123,21.97839],[87.56095,21.98035],[87.56036,21.98108],[87.5547,21.98074],[87.5543,21.98065],[87.55412,21.97961],[87.5533,21.97974],[87.55345,21.98062],[87.55232,21.98237],[87.55194,21.98534],[87.54929,21.98654],[87.54768,21.98669],[87.54749,21.98866],[87.54666,21.98936],[87.54776,21.99266],[87.54828,21.99172],[87.54925,21.99156],[87.54931,21.99111],[87.55071,21.99079],[87.55068,21.99167],[87.55171,21.99177],[87.55286,21.99105],[87.5543,21.99157],[87.55414,21.99213],[87.55574,21.99389],[87.55693,21.99397],[87.55722,21.99558],[87.55892,21.99527],[87.56178,21.99557],[87.5621,21.99368],[87.561,21.99241],[87.55951,21.99178],[87.55989,21.99018],[87.56213,21.98999],[87.56232,21.99061],[87.5642,21.99029],[87.56453,21.99337],[87.56379,21.99356],[87.56338,21.99453],[87.56361,21.99526],[87.56707,21.99504],[87.56926,21.99525],[87.56958,21.99608],[87.57227,21.99584],[87.57218,21.99691],[87.57171,21.99704],[87.57175,21.99899],[87.57235,22.00055],[87.57315,22.00855],[87.57412,22.00898],[87.57523,22.01056],[87.57698,22.01067],[87.57904,22.00991],[87.57968,22.00893],[87.58289,22.00852],[87.58581,22.00882],[87.58679,22.0082],[87.58669,22.00556],[87.58601,22.00399],[87.58639,22.00297],[87.59101,22.00193],[87.59221,22.00408],[87.59288,22.00435],[87.593,22.00284],[87.59663,22.0014],[87.59603,21.9948],[87.59237,21.9938],[87.58842,21.99426],[87.58753,21.99009],[87.58921,21.98849],[87.58922,21.98779],[87.59113,21.98724],[87.59351,21.98742],[87.5946,21.99014],[87.59434,21.99126],[87.59484,21.99149],[87.59578,21.9938],[87.5972,21.99403],[87.60035,21.99363],[87.60114,21.99424],[87.60482,21.9936],[87.60727,21.99122],[87.6087,21.99069],[87.60976,21.99134],[87.60864,21.9916],[87.60804,21.99339],[87.60505,21.99389],[87.60511,21.99676],[87.60697,21.99817],[87.61151,21.99737],[87.61189,21.99237],[87.61071,21.99052],[87.61178,21.99036],[87.61238,21.98772],[87.61442,21.98661],[87.61447,21.98594],[87.61218,21.9848],[87.61215,21.98525],[87.61066,21.98553],[87.60873,21.98477],[87.60767,21.98513],[87.60732,21.98464],[87.60792,21.98285],[87.60766,21.98216],[87.60933,21.97735],[87.61017,21.9771],[87.61038,21.97594],[87.61288,21.97556],[87.6127,21.9727],[87.61189,21.97284],[87.61174,21.97214],[87.6109,21.97158],[87.60926,21.97287],[87.60804,21.97132],[87.60665,21.9716],[87.60561,21.97044],[87.60641,21.96844],[87.60546,21.96698],[87.60445,21.96718],[87.60392,21.96826],[87.60266,21.96878],[87.60084,21.96817],[87.60335,21.96769],[87.60369,21.96633],[87.59932,21.96708],[87.59403,21.96968],[87.59259,21.96832],[87.5907,21.96829],[87.59074,21.96907],[87.58992,21.96971],[87.58766,21.96506],[87.58537,21.96605],[87.58433,21.9656],[87.58453,21.96391],[87.58289,21.96311],[87.57537,21.96406],[87.57518,21.96457],[87.57387,21.96498],[87.575,21.96951]]]]}},{"type":"Feature","bbox":[87.80829,22.25397,87.89202,22.30998],"properties":{"kind":"gp","gp":"Sreerampur-I","block":"Tamluk","lgd":110221},"geometry":{"type":"MultiPolygon","coordinates":[[[[87.84022,22.25866],[87.84212,22.25634],[87.83922,22.25397],[87.83801,22.25612],[87.83655,22.257],[87.83224,22.25791],[87.8272,22.26069],[87.82569,22.26031],[87.82426,22.25928],[87.82436,22.26052],[87.8232,22.26168],[87.82361,22.26464],[87.82171,22.26509],[87.82138,22.26461],[87.81694,22.26488],[87.81672,22.26445],[87.81529,22.26689],[87.81424,22.26673],[87.81281,22.26591],[87.81283,22.26552],[87.81007,22.26502],[87.80931,22.26588],[87.80856,22.26552],[87.80829,22.26689],[87.81143,22.26724],[87.81189,22.26832],[87.81278,22.26856],[87.81193,22.26965],[87.81216,22.2711],[87.81118,22.27136],[87.81243,22.27352],[87.81345,22.27332],[87.81371,22.27445],[87.81534,22.27594],[87.81857,22.27653],[87.8193,22.27836],[87.81878,22.27878],[87.82007,22.28094],[87.81967,22.28196],[87.82119,22.28364],[87.82076,22.28476],[87.82157,22.28612],[87.82108,22.28765],[87.82191,22.288],[87.82238,22.29013],[87.82324,22.29083],[87.82201,22.2909],[87.82181,22.29141],[87.82323,22.29201],[87.82328,22.2928],[87.8282,22.2922],[87.83014,22.29143],[87.83018,22.2919],[87.8365,22.28912],[87.83568,22.28745],[87.83688,22.28652],[87.8357,22.28286],[87.8351,22.28296],[87.83523,22.28138],[87.83313,22.28036],[87.83359,22.27987],[87.83492,22.28019],[87.83544,22.27936],[87.83386,22.27746],[87.83286,22.27515],[87.8334,22.2726],[87.84022,22.25866]]],[[[87.88615,22.30993],[87.88943,22.30998],[87.89183,22.30765],[87.89202,22.30666],[87.89128,22.30525],[87.88899,22.30399],[87.88936,22.29989],[87.88691,22.30009],[87.88649,22.30278],[87.88386,22.30609],[87.88335,22.30836],[87.88587,22.30799],[87.88615,22.30993]]]]}},{"type":"Feature","bbox":[87.78505,22.26658,87.82328,22.29934],"properties":{"kind":"gp","gp":"Sreerampur-Ii","block":"Tamluk","lgd":110222},"geometry":{"type":"Polygon","coordinates":[[[87.81081,22.26705],[87.80043,22.26716],[87.80004,22.26658],[87.79734,22.26974],[87.79163,22.27932],[87.78908,22.28604],[87.78823,22.28985],[87.78908,22.29026],[87.78907,22.29168],[87.79063,22.29243],[87.79021,22.29279],[87.78785,22.29172],[87.78691,22.29243],[87.78566,22.29454],[87.78505,22.2988],[87.78639,22.29844],[87.78771,22.29934],[87.78981,22.29913],[87.7899,22.29859],[87.7912,22.2987],[87.79186,22.29924],[87.79389,22.29788],[87.79351,22.29665],[87.79375,22.29424],[87.80134,22.29527],[87.81647,22.29395],[87.82328,22.2928],[87.82323,22.29201],[87.82181,22.29141],[87.82201,22.2909],[87.82324,22.29083],[87.82238,22.29013],[87.82191,22.288],[87.82108,22.28765],[87.82157,22.28612],[87.82076,22.28476],[87.82119,22.28364],[87.81967,22.28196],[87.82007,22.28094],[87.81878,22.27878],[87.8193,22.27836],[87.81857,22.27653],[87.81534,22.27594],[87.81371,22.27445],[87.81345,22.27332],[87.81243,22.27352],[87.81122,22.27193],[87.81118,22.27136],[87.81234,22.27076],[87.81193,22.26965],[87.81278,22.26856],[87.81189,22.26832],[87.81143,22.26724],[87.81081,22.26705]]]}},{"type":"Feature","bbox":[87.74568,22.27748,87.78787,22.30705],"properties":{"kind":"gp","gp":"Srikantha","block":"Moyna","lgd":110118},"geometry":{"type":"Polygon","coordinates":[[[87.7637,22.27845],[87.75943,22.27897],[87.75755,22.27827],[87.75749,22.2778],[87.7538,22.27837],[87.74754,22.27837],[87.74754,22.27748],[87.74663,22.2784],[87.74568,22.28089],[87.74614,22.28319],[87.74617,22.29058],[87.74665,22.29121],[87.74645,22.29259],[87.747,22.29291],[87.74698,22.29397],[87.74754,22.2945],[87.74639,22.29489],[87.74618,22.29626],[87.74754,22.30131],[87.74723,22.3068],[87.75157,22.30705],[87.75248,22.30584],[87.75373,22.30577],[87.75855,22.30688],[87.76084,22.30519],[87.76402,22.30374],[87.76375,22.30255],[87.76877,22.30161],[87.77191,22.29955],[87.77689,22.2982],[87.78064,22.29588],[87.78136,22.29345],[87.78419,22.29003],[87.78781,22.28034],[87.78787,22.2787],[87.78368,22.27804],[87.77937,22.27796],[87.77147,22.27878],[87.7637,22.27845]]]}},{"type":"Feature","bbox":[87.54643,21.66177,87.59726,21.69912],"properties":{"kind":"gp","gp":"Talgachhari-I","block":"Ramnagar-I","lgd":110186},"geometry":{"type":"Polygon","coordinates":[[[87.57495,21.66894],[87.57501,21.66791],[87.57406,21.66773],[87.57389,21.66881],[87.57216,21.66917],[87.572,21.66986],[87.57093,21.67056],[87.56694,21.67087],[87.56526,21.67048],[87.56428,21.66953],[87.56292,21.66905],[87.56114,21.67076],[87.56124,21.66744],[87.55823,21.66754],[87.55574,21.66668],[87.55422,21.66694],[87.55438,21.66974],[87.55344,21.67559],[87.55244,21.67706],[87.5473,21.67745],[87.54643,21.68393],[87.54803,21.68301],[87.55082,21.6824],[87.55661,21.68232],[87.56084,21.68143],[87.56157,21.68656],[87.56331,21.68858],[87.56555,21.68936],[87.56574,21.68989],[87.56602,21.69192],[87.56438,21.69318],[87.5628,21.69339],[87.56304,21.69512],[87.56573,21.69476],[87.56653,21.69912],[87.56676,21.69649],[87.56783,21.69594],[87.56739,21.69147],[87.56898,21.69163],[87.5692,21.69203],[87.57053,21.69179],[87.57213,21.6884],[87.58228,21.68611],[87.58225,21.68382],[87.58419,21.68226],[87.58659,21.67797],[87.58666,21.67714],[87.58491,21.67564],[87.58494,21.67292],[87.59179,21.6727],[87.59387,21.67393],[87.59651,21.67414],[87.59726,21.67061],[87.59713,21.66575],[87.59607,21.66177],[87.59129,21.6619],[87.58376,21.66336],[87.58121,21.66294],[87.57735,21.66327],[87.57617,21.66357],[87.57694,21.66838],[87.57495,21.66894]]]}},{"type":"Feature","bbox":[87.54193,21.6344,87.64217,21.6791],"properties":{"kind":"gp","gp":"Talgachhari-Ii","block":"Ramnagar-I","lgd":110187},"geometry":{"type":"Polygon","coordinates":[[[87.57576,21.63932],[87.57987,21.63785],[87.58024,21.63874],[87.57992,21.6414],[87.5787,21.64182],[87.57082,21.64095],[87.57009,21.6403],[87.56953,21.63819],[87.57157,21.63573],[87.56559,21.63455],[87.56055,21.6344],[87.56059,21.63485],[87.56434,21.63766],[87.56905,21.63914],[87.56953,21.6398],[87.56881,21.6417],[87.569,21.64735],[87.57057,21.64919],[87.5704,21.65046],[87.56711,21.65325],[87.56671,21.65031],[87.56553,21.65021],[87.56452,21.6478],[87.5587,21.64814],[87.55833,21.64888],[87.55733,21.64923],[87.55452,21.64886],[87.55436,21.65121],[87.55263,21.6523],[87.55064,21.65263],[87.54975,21.65216],[87.54426,21.65188],[87.54438,21.65332],[87.542,21.65369],[87.54193,21.65449],[87.54326,21.65588],[87.54326,21.65686],[87.5427,21.65719],[87.54367,21.66114],[87.5425,21.66163],[87.54246,21.66255],[87.54313,21.66501],[87.54416,21.66534],[87.54568,21.66686],[87.55201,21.66641],[87.55174,21.66414],[87.55234,21.66258],[87.55308,21.66281],[87.55422,21.66694],[87.55574,21.66668],[87.55823,21.66754],[87.56124,21.66744],[87.56114,21.67076],[87.56292,21.66905],[87.56428,21.66953],[87.56526,21.67048],[87.56973,21.67073],[87.57093,21.67056],[87.572,21.66986],[87.57216,21.66917],[87.57389,21.66881],[87.57406,21.66773],[87.57501,21.66791],[87.57495,21.66894],[87.57694,21.66838],[87.57617,21.66357],[87.57944,21.66298],[87.58376,21.66336],[87.59129,21.6619],[87.59607,21.66177],[87.59713,21.66575],[87.59726,21.67061],[87.59651,21.67414],[87.59699,21.6748],[87.60489,21.67589],[87.60696,21.67694],[87.60832,21.67845],[87.61194,21.67786],[87.61547,21.6791],[87.61614,21.67902],[87.6168,21.67798],[87.61761,21.67381],[87.62115,21.67188],[87.62238,21.67052],[87.62261,21.66802],[87.62727,21.66475],[87.6292,21.66389],[87.63155,21.66389],[87.63373,21.66606],[87.63523,21.66634],[87.638,21.66555],[87.63892,21.66484],[87.63989,21.66498],[87.64118,21.66329],[87.64217,21.65954],[87.63718,21.65559],[87.63434,21.64959],[87.63195,21.6478],[87.61837,21.64483],[87.60056,21.64226],[87.57645,21.63682],[87.57576,21.63932]]]}},{"type":"Feature","bbox":[87.78114,21.90928,87.84066,21.97233],"properties":{"kind":"gp","gp":"Tikashi","block":"Khejuri-I","lgd":110080},"geometry":{"type":"Polygon","coordinates":[[[87.81736,21.9189],[87.81893,21.91651],[87.8191,21.91494],[87.81889,21.9114],[87.81743,21.90972],[87.81791,21.90928],[87.81351,21.91101],[87.81167,21.91293],[87.81122,21.91584],[87.80978,21.91782],[87.80711,21.91942],[87.80184,21.92038],[87.79999,21.9203],[87.78134,21.9179],[87.7812,21.92143],[87.78222,21.92368],[87.78114,21.92453],[87.7812,21.9255],[87.78268,21.92731],[87.78241,21.92904],[87.78317,21.92955],[87.78619,21.93554],[87.78854,21.94178],[87.78877,21.94426],[87.78996,21.94789],[87.79098,21.94885],[87.79008,21.94996],[87.79314,21.95063],[87.79692,21.94911],[87.80195,21.94807],[87.80705,21.94931],[87.80745,21.95035],[87.80818,21.95067],[87.80792,21.95839],[87.8097,21.97005],[87.81718,21.97062],[87.82343,21.97055],[87.82757,21.971],[87.8292,21.97208],[87.83156,21.97233],[87.83327,21.97143],[87.83417,21.97025],[87.8337,21.96804],[87.83404,21.96634],[87.83588,21.96491],[87.83796,21.96493],[87.83911,21.9637],[87.83887,21.96154],[87.83928,21.96025],[87.84066,21.95952],[87.83889,21.9578],[87.83893,21.95489],[87.83786,21.95334],[87.83783,21.9505],[87.83846,21.94926],[87.83838,21.94044],[87.83635,21.9381],[87.83739,21.93618],[87.83546,21.93428],[87.83508,21.93002],[87.83447,21.92892],[87.83345,21.92806],[87.8317,21.92754],[87.82868,21.92743],[87.82731,21.9268],[87.82662,21.92576],[87.82601,21.92194],[87.82419,21.91975],[87.82261,21.91957],[87.81673,21.92193],[87.81736,21.9189]]]}},{"type":"Feature","bbox":[87.74754,22.23332,87.81107,22.29588],"properties":{"kind":"gp","gp":"Tilkhoja","block":"Moyna","lgd":110119},"geometry":{"type":"Polygon","coordinates":[[[87.75345,22.25821],[87.75394,22.2583],[87.75422,22.25958],[87.7535,22.26253],[87.75447,22.26451],[87.75502,22.26917],[87.75586,22.27066],[87.75577,22.27141],[87.7578,22.27187],[87.75655,22.27296],[87.75658,22.27371],[87.75024,22.27254],[87.74942,22.27308],[87.74754,22.27259],[87.74754,22.27837],[87.7538,22.27837],[87.75749,22.2778],[87.75755,22.27827],[87.75943,22.27897],[87.7637,22.27845],[87.77147,22.27878],[87.77937,22.27796],[87.78787,22.2787],[87.78781,22.28034],[87.78419,22.29003],[87.78136,22.29345],[87.78064,22.29588],[87.78242,22.29536],[87.78357,22.293],[87.78553,22.291],[87.79021,22.29279],[87.79063,22.29243],[87.78907,22.29168],[87.78908,22.29026],[87.78823,22.28985],[87.78908,22.28604],[87.79125,22.28016],[87.79675,22.27054],[87.80004,22.26658],[87.80053,22.26477],[87.79993,22.2596],[87.7997,22.24821],[87.807,22.24193],[87.81107,22.23669],[87.81005,22.2361],[87.80991,22.23386],[87.80921,22.23332],[87.80843,22.23373],[87.80771,22.23579],[87.80679,22.23608],[87.80564,22.23996],[87.80197,22.24427],[87.80011,22.24515],[87.79923,22.24492],[87.79663,22.25815],[87.78853,22.25896],[87.78716,22.25712],[87.78711,22.2564],[87.78182,22.2569],[87.7819,22.25609],[87.78049,22.2559],[87.78002,22.25635],[87.78074,22.25673],[87.78064,22.25719],[87.7793,22.25726],[87.77878,22.25679],[87.7786,22.25783],[87.77659,22.25825],[87.77664,22.25904],[87.77429,22.25893],[87.77452,22.25793],[87.77369,22.25879],[87.77163,22.25868],[87.76124,22.25474],[87.75247,22.25448],[87.75345,22.25821]]]}},{"type":"Feature","bbox":[87.87414,22.25334,87.91765,22.28705],"properties":{"kind":"gp","gp":"Uttarsonamui","block":"Tamluk","lgd":110223},"geometry":{"type":"Polygon","coordinates":[[[87.8904,22.25786],[87.88464,22.25685],[87.88271,22.25587],[87.88025,22.25334],[87.87706,22.2536],[87.87673,22.25632],[87.8749,22.26052],[87.87414,22.26085],[87.8749,22.26205],[87.88183,22.26351],[87.88196,22.26751],[87.88339,22.26759],[87.88329,22.26924],[87.88405,22.27175],[87.88503,22.27299],[87.88397,22.27933],[87.88514,22.27947],[87.88665,22.28087],[87.88782,22.28585],[87.88758,22.28683],[87.88919,22.28705],[87.89071,22.28651],[87.89092,22.28508],[87.8931,22.28455],[87.89327,22.28401],[87.89448,22.28368],[87.89534,22.28436],[87.89602,22.28413],[87.89786,22.28477],[87.89896,22.28318],[87.89691,22.28256],[87.89737,22.28137],[87.89806,22.28049],[87.90273,22.27759],[87.90996,22.27581],[87.91032,22.2751],[87.91224,22.27489],[87.91317,22.27541],[87.91571,22.27551],[87.91765,22.27497],[87.91638,22.27217],[87.91564,22.26881],[87.91546,22.26447],[87.91231,22.2646],[87.91198,22.26361],[87.91566,22.26365],[87.91675,22.26324],[87.91718,22.26073],[87.91425,22.25552],[87.9118,22.25616],[87.91073,22.2551],[87.90961,22.25499],[87.909,22.2554],[87.90895,22.25682],[87.90707,22.25711],[87.90637,22.25898],[87.899,22.25891],[87.89823,22.25928],[87.89633,22.25797],[87.8931,22.25776],[87.89114,22.25888],[87.89063,22.25876],[87.8904,22.25786]]]}},{"type":"Feature","bbox":[87.58355,21.84678,87.63522,21.90519],"properties":{"kind":"gp","gp":"Vivekananda","block":"Egra-II","lgd":110070},"geometry":{"type":"Polygon","coordinates":[[[87.62692,21.85366],[87.6266,21.84766],[87.62286,21.84681],[87.61925,21.84678],[87.61567,21.8475],[87.60958,21.84719],[87.60595,21.8513],[87.59716,21.84928],[87.59608,21.85177],[87.59589,21.85353],[87.59613,21.86067],[87.5968,21.86415],[87.59248,21.86639],[87.58522,21.8675],[87.58355,21.86841],[87.58418,21.87403],[87.58495,21.87621],[87.58578,21.87697],[87.58658,21.87627],[87.59042,21.87794],[87.59274,21.87908],[87.59296,21.87973],[87.59353,21.88601],[87.59247,21.89037],[87.59256,21.89467],[87.5919,21.89717],[87.59218,21.90129],[87.593,21.9042],[87.5939,21.90355],[87.59755,21.89812],[87.59903,21.89736],[87.6002,21.89774],[87.60075,21.89683],[87.60366,21.89592],[87.60519,21.89639],[87.60616,21.89791],[87.60747,21.89756],[87.60944,21.89834],[87.61179,21.90007],[87.61312,21.89998],[87.61403,21.902],[87.61627,21.90284],[87.61854,21.90493],[87.61946,21.90519],[87.61974,21.9044],[87.61916,21.9036],[87.6196,21.90273],[87.62271,21.90116],[87.62592,21.90134],[87.62895,21.90352],[87.63328,21.90413],[87.63361,21.90181],[87.63285,21.90102],[87.63295,21.89889],[87.63389,21.89784],[87.63364,21.89434],[87.63407,21.89307],[87.63419,21.88767],[87.631,21.88519],[87.63186,21.88085],[87.63152,21.87994],[87.63277,21.87624],[87.63279,21.87272],[87.62988,21.87069],[87.62974,21.86949],[87.63021,21.86412],[87.6323,21.85819],[87.63321,21.85651],[87.63522,21.85674],[87.63154,21.85084],[87.62908,21.85141],[87.62907,21.85363],[87.62692,21.85366]]]}}]}