{"type":"FeatureCollection","attribution":"Block and gram panchayat outlines: Survey of India village boundaries with Local Government Directory codes, via INDIAN-SHAPEFILES (MIT). Simplified to about 30 m. Approximate.","features":[{"type":"Feature","bbox":[88.37872,22.26708,88.60065,22.42306],"properties":{"kind":"block","block":"Baruipur","lgd":2745},"geometry":{"type":"Polygon","coordinates":[[[88.42481,22.29268],[88.42059,22.29238],[88.41983,22.29291],[88.41921,22.29588],[88.4186,22.29643],[88.41735,22.29653],[88.4161,22.29835],[88.41385,22.29885],[88.41381,22.30157],[88.41274,22.30231],[88.41299,22.30467],[88.41012,22.30637],[88.41219,22.30887],[88.41438,22.3088],[88.41524,22.30959],[88.41339,22.31247],[88.41468,22.31491],[88.41446,22.31649],[88.4129,22.31716],[88.40928,22.31724],[88.40806,22.31571],[88.40644,22.31604],[88.40521,22.31541],[88.40414,22.31584],[88.40285,22.31846],[88.40129,22.31857],[88.40008,22.31935],[88.39848,22.31895],[88.39759,22.31938],[88.39648,22.3205],[88.39584,22.32248],[88.39274,22.32283],[88.39228,22.3243],[88.38997,22.32427],[88.3893,22.32506],[88.3885,22.32696],[88.38884,22.32781],[88.38818,22.33051],[88.38902,22.33102],[88.38867,22.33196],[88.38897,22.33254],[88.38981,22.33246],[88.39099,22.33431],[88.39172,22.33394],[88.39195,22.33572],[88.38986,22.3378],[88.3895,22.33918],[88.38884,22.33979],[88.38743,22.3405],[88.38285,22.34133],[88.38154,22.34354],[88.38212,22.34391],[88.38217,22.34562],[88.38269,22.34587],[88.38429,22.34531],[88.38447,22.34602],[88.38526,22.34648],[88.38803,22.34687],[88.38856,22.34792],[88.38688,22.34921],[88.3805,22.35111],[88.37911,22.35213],[88.37872,22.35314],[88.37909,22.35425],[88.38008,22.3553],[88.38178,22.355],[88.38214,22.35549],[88.38192,22.35734],[88.38133,22.35844],[88.38015,22.35856],[88.37953,22.36153],[88.37874,22.3619],[88.37936,22.36421],[88.37872,22.36521],[88.37998,22.36541],[88.38154,22.36654],[88.38388,22.36949],[88.38517,22.3693],[88.38532,22.36817],[88.38599,22.36795],[88.38961,22.36829],[88.38977,22.36877],[88.39051,22.3687],[88.39079,22.36956],[88.39263,22.36928],[88.39264,22.36737],[88.39497,22.36667],[88.39628,22.36781],[88.39658,22.369],[88.39803,22.36937],[88.39856,22.37055],[88.40414,22.3699],[88.40316,22.3714],[88.40343,22.37305],[88.40688,22.37259],[88.40789,22.37202],[88.40845,22.37588],[88.40889,22.37658],[88.41033,22.37714],[88.4103,22.37829],[88.41105,22.37842],[88.41157,22.38091],[88.413,22.38134],[88.41434,22.38293],[88.41614,22.38319],[88.41635,22.39358],[88.4179,22.39343],[88.41777,22.39077],[88.42206,22.39038],[88.42271,22.39095],[88.42394,22.39082],[88.42659,22.38967],[88.42847,22.3895],[88.42918,22.39198],[88.42847,22.39202],[88.42744,22.39328],[88.42744,22.39425],[88.42838,22.39469],[88.42871,22.39729],[88.42649,22.39811],[88.42688,22.3993],[88.42758,22.3991],[88.42789,22.39969],[88.42914,22.40001],[88.42912,22.40086],[88.4299,22.40037],[88.43061,22.40063],[88.43395,22.40005],[88.43402,22.40314],[88.43785,22.40212],[88.43904,22.40232],[88.43995,22.40439],[88.43934,22.40503],[88.44011,22.40985],[88.43984,22.41174],[88.44078,22.41226],[88.441,22.41358],[88.44708,22.41099],[88.44888,22.41097],[88.453,22.40957],[88.45501,22.40978],[88.45622,22.41321],[88.45592,22.41489],[88.45712,22.41751],[88.4592,22.41682],[88.45992,22.41705],[88.46001,22.41629],[88.46064,22.41644],[88.46091,22.41763],[88.46153,22.41814],[88.46178,22.41749],[88.46248,22.4173],[88.46244,22.41667],[88.46329,22.41628],[88.46359,22.41691],[88.46525,22.41636],[88.46718,22.419],[88.46718,22.41997],[88.46779,22.41991],[88.4687,22.42306],[88.46933,22.42303],[88.46902,22.42147],[88.46953,22.42072],[88.46935,22.41842],[88.47016,22.41744],[88.47344,22.41577],[88.47133,22.41128],[88.47274,22.41141],[88.47282,22.41271],[88.47353,22.41266],[88.47441,22.41128],[88.47607,22.4108],[88.47593,22.41008],[88.47738,22.40994],[88.47792,22.41121],[88.47981,22.41226],[88.48042,22.41213],[88.48031,22.41153],[88.47971,22.41129],[88.4804,22.41035],[88.48755,22.40596],[88.48829,22.4064],[88.49117,22.40602],[88.49162,22.40697],[88.49207,22.40694],[88.49289,22.40566],[88.49653,22.40497],[88.4965,22.40361],[88.49742,22.40368],[88.49776,22.40433],[88.49899,22.40429],[88.50004,22.40338],[88.49906,22.39935],[88.49966,22.39904],[88.50058,22.40015],[88.50175,22.39833],[88.50108,22.39613],[88.50187,22.39526],[88.5028,22.39506],[88.50355,22.39348],[88.50599,22.39292],[88.50683,22.39332],[88.50835,22.39578],[88.50969,22.40093],[88.51175,22.40057],[88.51256,22.40101],[88.51421,22.39992],[88.51673,22.40014],[88.52013,22.399],[88.52173,22.39769],[88.52157,22.39599],[88.51829,22.39044],[88.51536,22.38634],[88.51394,22.38565],[88.51252,22.38399],[88.51409,22.3799],[88.51557,22.37393],[88.51817,22.37122],[88.51888,22.37006],[88.51932,22.36757],[88.52199,22.3639],[88.52254,22.35954],[88.52338,22.35948],[88.52491,22.36031],[88.52645,22.36169],[88.53099,22.36204],[88.53226,22.3614],[88.53326,22.3621],[88.53627,22.36204],[88.53681,22.36095],[88.53851,22.36],[88.53832,22.35827],[88.53681,22.35593],[88.53725,22.35488],[88.53927,22.3541],[88.5424,22.35487],[88.54541,22.35922],[88.54865,22.3609],[88.54973,22.3621],[88.55147,22.36013],[88.55111,22.35899],[88.55023,22.35845],[88.5507,22.35776],[88.55174,22.35796],[88.55228,22.3589],[88.5538,22.35877],[88.5556,22.35775],[88.55437,22.35583],[88.55541,22.35504],[88.55531,22.35402],[88.5546,22.35341],[88.55367,22.35378],[88.55416,22.35039],[88.55694,22.3493],[88.55691,22.35051],[88.55847,22.35109],[88.55746,22.3529],[88.55774,22.35329],[88.55977,22.35326],[88.56439,22.35527],[88.57059,22.35445],[88.57173,22.35478],[88.57371,22.3568],[88.57697,22.35556],[88.57992,22.35545],[88.58288,22.35734],[88.58609,22.36251],[88.58895,22.3609],[88.58939,22.35917],[88.5903,22.35873],[88.59164,22.35576],[88.59384,22.35512],[88.59745,22.35239],[88.5994,22.35224],[88.60023,22.35162],[88.60065,22.35043],[88.59992,22.3474],[88.59732,22.34487],[88.59644,22.34274],[88.59523,22.34189],[88.59382,22.33923],[88.5915,22.33691],[88.58627,22.33618],[88.58483,22.33698],[88.58274,22.3356],[88.58207,22.33391],[88.57863,22.33385],[88.57798,22.33344],[88.57514,22.3279],[88.57305,22.32568],[88.57373,22.32428],[88.57354,22.32317],[88.57033,22.31309],[88.5709,22.31042],[88.57604,22.30863],[88.57656,22.30741],[88.57605,22.30584],[88.57156,22.30241],[88.57134,22.30174],[88.56967,22.30084],[88.56729,22.30125],[88.56719,22.30223],[88.56935,22.30934],[88.5695,22.31098],[88.5687,22.31174],[88.56523,22.31196],[88.56405,22.31308],[88.5596,22.31365],[88.55737,22.31525],[88.55554,22.3146],[88.55546,22.31358],[88.55369,22.31202],[88.55197,22.30888],[88.55087,22.3043],[88.54922,22.3003],[88.54482,22.29412],[88.54247,22.2866],[88.53891,22.27966],[88.53569,22.27069],[88.53563,22.26973],[88.53666,22.26767],[88.53633,22.26708],[88.53385,22.26722],[88.5319,22.26884],[88.53043,22.26911],[88.5276,22.26823],[88.52557,22.26832],[88.5201,22.27005],[88.5158,22.27081],[88.51323,22.2727],[88.512,22.27522],[88.50859,22.27533],[88.5046,22.2744],[88.49491,22.27533],[88.49476,22.27604],[88.49305,22.2768],[88.49297,22.27768],[88.49093,22.27825],[88.48837,22.28049],[88.48723,22.27985],[88.48705,22.27817],[88.48627,22.27712],[88.48333,22.27729],[88.48244,22.27558],[88.48162,22.27553],[88.47945,22.27614],[88.47925,22.27909],[88.47573,22.27938],[88.47577,22.28092],[88.47463,22.28104],[88.47442,22.28017],[88.47314,22.28046],[88.47315,22.28104],[88.47137,22.28131],[88.47073,22.28096],[88.46851,22.28175],[88.46824,22.28016],[88.46729,22.27958],[88.46677,22.27806],[88.46557,22.2775],[88.46518,22.27655],[88.46454,22.27414],[88.46541,22.27354],[88.46483,22.27221],[88.46328,22.2713],[88.46181,22.2712],[88.46177,22.27193],[88.46116,22.27206],[88.46101,22.27131],[88.46041,22.27119],[88.45995,22.27203],[88.4608,22.27471],[88.46041,22.27648],[88.45973,22.27652],[88.45913,22.27842],[88.45786,22.27932],[88.4543,22.27994],[88.45381,22.27927],[88.452,22.2795],[88.45167,22.28],[88.45088,22.27974],[88.45098,22.28071],[88.4496,22.28063],[88.44897,22.27993],[88.44787,22.28],[88.44774,22.27946],[88.44692,22.27932],[88.44654,22.28001],[88.44462,22.2799],[88.44384,22.27798],[88.44079,22.27655],[88.44002,22.27506],[88.43969,22.27263],[88.44028,22.27166],[88.43948,22.27058],[88.43694,22.27292],[88.43158,22.27593],[88.43177,22.27793],[88.43294,22.28077],[88.43294,22.28259],[88.43223,22.28312],[88.43073,22.28294],[88.42771,22.28093],[88.42661,22.28201],[88.42618,22.2843],[88.42772,22.28931],[88.42549,22.28994],[88.42481,22.29268]]]}},{"type":"Feature","bbox":[88.6279,21.94309,88.97019,22.37419],"properties":{"kind":"block","block":"Basanti","lgd":2746},"geometry":{"type":"Polygon","coordinates":[[[88.68962,21.94972],[88.68069,21.9438],[88.67862,21.94309],[88.67679,21.94399],[88.67231,21.94745],[88.66159,21.95235],[88.65682,21.95365],[88.64905,21.9535],[88.64389,21.95239],[88.64029,21.94969],[88.63824,21.94937],[88.63462,21.95105],[88.63072,21.95436],[88.6279,21.95886],[88.62802,21.96559],[88.62883,21.97148],[88.63262,21.99199],[88.63497,21.99743],[88.63766,21.99997],[88.63849,22.00414],[88.63731,22.0086],[88.63488,22.01077],[88.63303,22.0113],[88.63996,22.02127],[88.64063,22.02309],[88.64396,22.03733],[88.64465,22.04818],[88.64435,22.05697],[88.63965,22.07458],[88.63735,22.08254],[88.63362,22.09014],[88.63013,22.09888],[88.63065,22.10722],[88.63208,22.11719],[88.63365,22.12386],[88.63178,22.13563],[88.63251,22.1353],[88.63444,22.13569],[88.63593,22.1385],[88.63937,22.14115],[88.64097,22.14319],[88.64128,22.14659],[88.63945,22.15472],[88.63945,22.15758],[88.64319,22.16485],[88.64906,22.17145],[88.6549,22.17552],[88.66312,22.18015],[88.67203,22.19538],[88.67392,22.20045],[88.67416,22.20431],[88.67342,22.20539],[88.67038,22.2065],[88.66239,22.20806],[88.65574,22.207],[88.64583,22.20814],[88.64298,22.20754],[88.63987,22.2081],[88.63727,22.21019],[88.63267,22.21281],[88.63125,22.21764],[88.63109,22.22259],[88.63157,22.22435],[88.63435,22.22936],[88.63846,22.2316],[88.64494,22.23906],[88.64884,22.24621],[88.65113,22.25297],[88.65477,22.26078],[88.66012,22.26686],[88.66358,22.27211],[88.66655,22.27482],[88.67094,22.28058],[88.67164,22.2831],[88.67206,22.29081],[88.67093,22.29531],[88.6676,22.3029],[88.66739,22.30658],[88.66763,22.30905],[88.66866,22.31212],[88.66992,22.31374],[88.6743,22.31753],[88.67967,22.31987],[88.69435,22.32155],[88.69698,22.32284],[88.69885,22.3249],[88.699,22.32562],[88.69836,22.32679],[88.70582,22.32854],[88.70849,22.3299],[88.71325,22.33388],[88.71883,22.33478],[88.7276,22.3348],[88.73219,22.33719],[88.7372,22.34127],[88.7408,22.34182],[88.74271,22.34336],[88.74469,22.34363],[88.74647,22.34308],[88.74747,22.34195],[88.74782,22.34056],[88.74701,22.33781],[88.74484,22.33532],[88.7443,22.33387],[88.7443,22.32948],[88.74506,22.32692],[88.74636,22.3254],[88.74781,22.32542],[88.7499,22.32736],[88.74919,22.33123],[88.7498,22.33364],[88.74967,22.33665],[88.75033,22.33872],[88.74989,22.34198],[88.75076,22.34412],[88.7531,22.34523],[88.75579,22.34363],[88.7566,22.34126],[88.75658,22.33872],[88.75776,22.33747],[88.76254,22.33819],[88.76427,22.33939],[88.76494,22.34017],[88.76491,22.34146],[88.76414,22.34261],[88.76425,22.34361],[88.76555,22.3444],[88.7672,22.3438],[88.76859,22.34261],[88.77156,22.3423],[88.77361,22.34132],[88.77874,22.3374],[88.78261,22.33657],[88.78442,22.33894],[88.78952,22.34215],[88.78996,22.34295],[88.78972,22.344],[88.78836,22.3451],[88.78308,22.34723],[88.78104,22.354],[88.7786,22.35846],[88.77607,22.3614],[88.77593,22.36246],[88.77915,22.36505],[88.78152,22.36608],[88.78302,22.3676],[88.78736,22.3696],[88.79048,22.37041],[88.79661,22.3705],[88.79917,22.37348],[88.80029,22.37386],[88.80337,22.37359],[88.80846,22.37419],[88.81209,22.37194],[88.82013,22.37167],[88.82159,22.37022],[88.81998,22.36561],[88.82006,22.36441],[88.82184,22.36101],[88.81816,22.36061],[88.81713,22.35965],[88.81518,22.35329],[88.8116,22.34896],[88.8091,22.34069],[88.80317,22.32964],[88.80602,22.32539],[88.81016,22.32165],[88.8109,22.32039],[88.81071,22.31571],[88.80769,22.30953],[88.80446,22.29793],[88.80437,22.29104],[88.80556,22.28618],[88.81321,22.28608],[88.8159,22.28434],[88.81657,22.28313],[88.81695,22.27766],[88.81522,22.27682],[88.81474,22.27218],[88.81381,22.26952],[88.81459,22.26521],[88.81513,22.26443],[88.81708,22.26355],[88.81912,22.26352],[88.82404,22.26532],[88.82518,22.26524],[88.82599,22.26457],[88.82858,22.26528],[88.82999,22.26648],[88.83236,22.26974],[88.83489,22.27041],[88.83612,22.27412],[88.83693,22.27508],[88.8385,22.27592],[88.84089,22.27553],[88.84231,22.2763],[88.84371,22.27911],[88.84819,22.28282],[88.84958,22.28676],[88.85056,22.28839],[88.85124,22.28842],[88.85274,22.28457],[88.85612,22.28258],[88.85763,22.28012],[88.8635,22.27713],[88.86411,22.27566],[88.86408,22.27345],[88.86548,22.27172],[88.86742,22.27198],[88.87216,22.27525],[88.87599,22.27534],[88.8782,22.27454],[88.88204,22.26797],[88.88455,22.2679],[88.88732,22.26705],[88.88844,22.2662],[88.8906,22.25894],[88.89491,22.25553],[88.89553,22.25461],[88.89562,22.25254],[88.90238,22.25248],[88.90578,22.2517],[88.90596,22.25498],[88.90753,22.25919],[88.90688,22.26378],[88.90772,22.26623],[88.90844,22.26757],[88.91503,22.27087],[88.91579,22.27069],[88.92248,22.26151],[88.92389,22.26024],[88.92521,22.2608],[88.92727,22.26358],[88.93539,22.26299],[88.93469,22.25823],[88.93566,22.25601],[88.93839,22.25293],[88.94037,22.25189],[88.94954,22.24908],[88.9532,22.24587],[88.95511,22.2429],[88.95628,22.24019],[88.95838,22.23189],[88.95939,22.22299],[88.96188,22.21494],[88.9643,22.20981],[88.96962,22.20308],[88.97019,22.2005],[88.96188,22.19552],[88.9593,22.19326],[88.95119,22.19184],[88.95037,22.1924],[88.94936,22.1921],[88.94332,22.19387],[88.94096,22.19273],[88.94,22.19196],[88.94013,22.18994],[88.94194,22.18772],[88.94474,22.18571],[88.94509,22.18475],[88.94378,22.18414],[88.93995,22.18391],[88.93466,22.1818],[88.93291,22.17912],[88.93278,22.17723],[88.9322,22.17639],[88.9305,22.17701],[88.92846,22.17895],[88.92715,22.17954],[88.92258,22.17935],[88.91831,22.17558],[88.92046,22.17155],[88.92053,22.16894],[88.9168,22.16673],[88.91349,22.1671],[88.90997,22.16918],[88.9014,22.17666],[88.90113,22.17755],[88.89569,22.17794],[88.89362,22.17755],[88.8914,22.17571],[88.88958,22.17571],[88.88814,22.17307],[88.88724,22.16991],[88.88728,22.16774],[88.88646,22.16664],[88.88557,22.16359],[88.89039,22.15921],[88.89105,22.15828],[88.89099,22.15669],[88.89141,22.15598],[88.89936,22.14898],[88.8998,22.14791],[88.89992,22.1435],[88.8993,22.14171],[88.90126,22.13959],[88.90983,22.12741],[88.91552,22.1233],[88.91892,22.11983],[88.91942,22.11793],[88.92172,22.1141],[88.92402,22.10838],[88.92435,22.10519],[88.9236,22.10459],[88.92355,22.10352],[88.92435,22.10181],[88.92418,22.09989],[88.92371,22.09902],[88.92292,22.09914],[88.9221,22.09719],[88.91857,22.09218],[88.91511,22.08984],[88.91239,22.08954],[88.91072,22.08865],[88.90612,22.09138],[88.89789,22.0923],[88.89316,22.09171],[88.88326,22.08652],[88.87526,22.08933],[88.87095,22.08986],[88.86812,22.091],[88.86222,22.09497],[88.85167,22.10494],[88.85046,22.10711],[88.84954,22.11457],[88.84693,22.12008],[88.84525,22.12199],[88.84221,22.12346],[88.84195,22.12404],[88.83692,22.1253],[88.82869,22.12647],[88.82313,22.12646],[88.82199,22.12752],[88.82011,22.12812],[88.81985,22.12721],[88.81664,22.12871],[88.81524,22.12992],[88.81298,22.13026],[88.80771,22.13274],[88.80666,22.13272],[88.8048,22.13019],[88.79909,22.12657],[88.79835,22.12538],[88.79598,22.11883],[88.79576,22.1167],[88.79621,22.11405],[88.79585,22.11343],[88.78493,22.11483],[88.77877,22.11225],[88.77536,22.11029],[88.77296,22.10718],[88.77193,22.10708],[88.77186,22.10475],[88.77093,22.10279],[88.77041,22.09326],[88.76926,22.09266],[88.7675,22.09268],[88.76521,22.09102],[88.75652,22.08804],[88.7546,22.08689],[88.75175,22.08382],[88.74955,22.08055],[88.74757,22.07145],[88.74335,22.06655],[88.74249,22.06647],[88.74121,22.06546],[88.73965,22.06232],[88.74078,22.06159],[88.74075,22.06059],[88.73808,22.05359],[88.72824,22.04419],[88.73207,22.04144],[88.73603,22.03607],[88.74041,22.02528],[88.74012,22.02064],[88.73933,22.01835],[88.73417,22.00933],[88.73331,22.00666],[88.72554,22.00268],[88.71367,21.99873],[88.7102,21.99595],[88.70267,21.98683],[88.69939,21.97939],[88.69625,21.97572],[88.69417,21.9707],[88.69065,21.97213],[88.68965,21.97163],[88.68956,21.97018],[88.69212,21.9684],[88.69423,21.96596],[88.69425,21.9588],[88.69558,21.95134],[88.69473,21.95101],[88.695,21.95315],[88.69345,21.95566],[88.69067,21.95568],[88.69088,21.95286],[88.68962,21.94972]]]}},{"type":"Feature","bbox":[88.47365,22.39346,88.6572,22.52944],"properties":{"kind":"block","block":"Bhangar-I","lgd":2747},"geometry":{"type":"Polygon","coordinates":[[[88.57374,22.39376],[88.56962,22.39346],[88.56792,22.39385],[88.56633,22.39485],[88.56524,22.39598],[88.56124,22.40366],[88.55956,22.40476],[88.55192,22.40674],[88.53933,22.41306],[88.53916,22.41382],[88.54222,22.42055],[88.54392,22.42619],[88.54433,22.4285],[88.54403,22.43245],[88.53456,22.43413],[88.53158,22.43623],[88.52629,22.43827],[88.52438,22.43995],[88.52072,22.44456],[88.51961,22.44859],[88.52013,22.45445],[88.51966,22.45526],[88.50926,22.4563],[88.50628,22.45759],[88.50273,22.46131],[88.49422,22.46587],[88.48841,22.47541],[88.48228,22.48273],[88.48213,22.48543],[88.47956,22.49632],[88.47482,22.51104],[88.47365,22.51313],[88.47663,22.51541],[88.47878,22.51814],[88.5048,22.51109],[88.52124,22.51244],[88.52154,22.51477],[88.5228,22.51709],[88.52492,22.51618],[88.52555,22.51687],[88.52665,22.51657],[88.52668,22.51612],[88.52784,22.51563],[88.52853,22.51644],[88.52929,22.51602],[88.53164,22.51601],[88.53201,22.51636],[88.53303,22.51617],[88.53321,22.51208],[88.53405,22.51113],[88.53391,22.51059],[88.53538,22.51019],[88.53617,22.50907],[88.53675,22.50741],[88.53611,22.50709],[88.53732,22.50583],[88.5373,22.50453],[88.53824,22.50487],[88.5386,22.50421],[88.53855,22.5026],[88.54047,22.50176],[88.54253,22.50193],[88.54324,22.5025],[88.54428,22.50211],[88.54523,22.50087],[88.54588,22.5011],[88.54822,22.50048],[88.54907,22.50079],[88.54982,22.50298],[88.5513,22.50492],[88.55122,22.50572],[88.55014,22.50703],[88.55,22.5084],[88.55036,22.51076],[88.55131,22.51104],[88.54872,22.5163],[88.54817,22.51832],[88.54869,22.51872],[88.54873,22.51987],[88.55012,22.51988],[88.55104,22.51483],[88.55277,22.51155],[88.55622,22.50749],[88.55843,22.50613],[88.56681,22.50253],[88.56833,22.50265],[88.57286,22.50503],[88.57537,22.50484],[88.57641,22.50381],[88.57741,22.50364],[88.57947,22.50419],[88.60281,22.51379],[88.60932,22.5177],[88.61671,22.51932],[88.62169,22.52147],[88.6247,22.52203],[88.62969,22.52445],[88.63185,22.5242],[88.63869,22.52659],[88.64296,22.52678],[88.64434,22.52792],[88.64536,22.52799],[88.64681,22.52944],[88.64869,22.52862],[88.65228,22.52826],[88.65302,22.52752],[88.6527,22.52541],[88.65199,22.52196],[88.65072,22.51955],[88.65439,22.51818],[88.65434,22.51707],[88.6572,22.51552],[88.65654,22.5138],[88.65477,22.51316],[88.65672,22.51048],[88.65651,22.50627],[88.6522,22.50448],[88.65067,22.49966],[88.64933,22.49771],[88.64936,22.49546],[88.65273,22.49588],[88.64868,22.49175],[88.64802,22.48985],[88.64657,22.48877],[88.64577,22.48645],[88.64497,22.48571],[88.63953,22.48534],[88.63749,22.48395],[88.63734,22.48253],[88.63794,22.48003],[88.63744,22.47663],[88.63898,22.47262],[88.6407,22.47018],[88.64135,22.46708],[88.63875,22.46589],[88.6383,22.46522],[88.63918,22.46261],[88.63646,22.45662],[88.63545,22.45297],[88.63404,22.45152],[88.63437,22.4505],[88.63287,22.44976],[88.63019,22.44938],[88.62568,22.45134],[88.62305,22.45166],[88.62228,22.45155],[88.62015,22.44947],[88.6203,22.44758],[88.62265,22.44545],[88.62259,22.44421],[88.62384,22.44231],[88.62408,22.43913],[88.62467,22.43778],[88.62605,22.43698],[88.62617,22.43564],[88.6253,22.43449],[88.62321,22.43458],[88.61998,22.43355],[88.61735,22.43426],[88.61522,22.4342],[88.61408,22.4313],[88.61194,22.42804],[88.61198,22.42535],[88.61051,22.42103],[88.60671,22.41446],[88.60598,22.41137],[88.60358,22.41046],[88.60081,22.41027],[88.59762,22.41089],[88.59585,22.41052],[88.59244,22.40525],[88.5927,22.40367],[88.5951,22.39981],[88.59483,22.39831],[88.5937,22.39703],[88.59022,22.3957],[88.58833,22.39714],[88.58605,22.39769],[88.57374,22.39376]]]}},{"type":"Feature","bbox":[88.45823,22.50048,88.64681,22.62507],"properties":{"kind":"block","block":"Bhangar-II","lgd":2748},"geometry":{"type":"Polygon","coordinates":[[[88.54982,22.50298],[88.54907,22.50079],[88.54822,22.50048],[88.54588,22.5011],[88.54523,22.50087],[88.54428,22.50211],[88.54324,22.5025],[88.54253,22.50193],[88.54047,22.50176],[88.53855,22.5026],[88.5386,22.50421],[88.53824,22.50487],[88.5373,22.50453],[88.53732,22.50583],[88.53611,22.50709],[88.53675,22.50741],[88.53617,22.50907],[88.53538,22.51019],[88.53391,22.51059],[88.53405,22.51113],[88.53321,22.51208],[88.53303,22.51617],[88.52929,22.51602],[88.52853,22.51644],[88.52784,22.51563],[88.52668,22.51612],[88.52665,22.51657],[88.52555,22.51687],[88.52492,22.51618],[88.5228,22.51709],[88.52154,22.51477],[88.52124,22.51244],[88.5048,22.51109],[88.47878,22.51814],[88.48083,22.5195],[88.48154,22.52081],[88.48149,22.52192],[88.48257,22.52283],[88.48344,22.52503],[88.48325,22.52622],[88.47779,22.53752],[88.47707,22.5457],[88.47719,22.54817],[88.47806,22.55067],[88.47217,22.55421],[88.45823,22.56768],[88.45887,22.56803],[88.46048,22.56685],[88.46392,22.5655],[88.46489,22.56616],[88.4652,22.56786],[88.46678,22.56901],[88.46574,22.57004],[88.46648,22.57128],[88.46594,22.57289],[88.46726,22.57383],[88.46984,22.57329],[88.47151,22.57419],[88.4731,22.57658],[88.4746,22.575],[88.47278,22.57345],[88.47382,22.57153],[88.47478,22.57115],[88.47485,22.56977],[88.47612,22.56881],[88.47614,22.56803],[88.47689,22.56764],[88.47677,22.56705],[88.47854,22.56728],[88.47926,22.56657],[88.48177,22.5671],[88.48178,22.56595],[88.48336,22.56466],[88.48348,22.56171],[88.48419,22.56019],[88.48479,22.55962],[88.48793,22.55924],[88.49024,22.55798],[88.49308,22.55784],[88.49337,22.55482],[88.49549,22.55485],[88.49672,22.55581],[88.5,22.55611],[88.50147,22.55688],[88.50345,22.55606],[88.5045,22.55709],[88.50619,22.55682],[88.50854,22.55884],[88.5099,22.55759],[88.51169,22.55867],[88.51222,22.55656],[88.5115,22.55397],[88.51262,22.55186],[88.51616,22.55149],[88.51662,22.5509],[88.51825,22.55133],[88.5195,22.54979],[88.52225,22.55069],[88.52544,22.55278],[88.52258,22.55568],[88.52245,22.55634],[88.52287,22.55843],[88.52191,22.56029],[88.52201,22.56115],[88.52366,22.56475],[88.5299,22.569],[88.53509,22.57456],[88.53797,22.5748],[88.53848,22.57544],[88.538,22.57895],[88.53926,22.58045],[88.54037,22.57996],[88.54093,22.5806],[88.54035,22.58136],[88.54178,22.58146],[88.54215,22.58195],[88.54135,22.58522],[88.54299,22.58531],[88.54391,22.58588],[88.54447,22.58667],[88.54455,22.58939],[88.54709,22.59163],[88.54728,22.59301],[88.55272,22.59146],[88.55314,22.59168],[88.5534,22.59269],[88.55309,22.59303],[88.54813,22.59578],[88.54655,22.59971],[88.54557,22.60013],[88.54562,22.60337],[88.54419,22.60377],[88.54401,22.60506],[88.54652,22.60932],[88.54713,22.60951],[88.54975,22.60811],[88.55097,22.60863],[88.55256,22.61263],[88.55337,22.613],[88.55404,22.61465],[88.55409,22.61681],[88.55342,22.61715],[88.55388,22.6176],[88.55467,22.6174],[88.55544,22.61846],[88.5598,22.61815],[88.56022,22.61902],[88.55834,22.62],[88.55828,22.62145],[88.55958,22.62189],[88.55974,22.62507],[88.56501,22.62367],[88.5699,22.62106],[88.57449,22.61954],[88.57599,22.61775],[88.57668,22.61514],[88.57772,22.61412],[88.58198,22.61207],[88.58371,22.61258],[88.58668,22.61524],[88.58933,22.61558],[88.59372,22.61369],[88.5943,22.61257],[88.59406,22.60972],[88.59446,22.60903],[88.59403,22.60861],[88.5929,22.60885],[88.59176,22.60711],[88.59234,22.60307],[88.59203,22.60063],[88.59065,22.59743],[88.59131,22.59689],[88.59928,22.59605],[88.60052,22.59242],[88.60482,22.59234],[88.60624,22.59203],[88.60706,22.59102],[88.60946,22.59165],[88.61153,22.59129],[88.61145,22.59028],[88.61256,22.58768],[88.61198,22.58392],[88.6128,22.58353],[88.61275,22.5821],[88.61336,22.58173],[88.61687,22.58191],[88.61772,22.58073],[88.61843,22.58115],[88.62018,22.58075],[88.62129,22.58149],[88.62002,22.58179],[88.61989,22.5828],[88.62259,22.58228],[88.62386,22.5807],[88.62293,22.57973],[88.62494,22.57897],[88.62534,22.57759],[88.62711,22.57578],[88.62531,22.57175],[88.62552,22.56808],[88.62451,22.56619],[88.62327,22.56577],[88.62383,22.56491],[88.62338,22.56273],[88.62436,22.56213],[88.62531,22.5626],[88.62618,22.5604],[88.6261,22.55908],[88.62822,22.55804],[88.63028,22.55819],[88.63062,22.5578],[88.63068,22.55635],[88.62999,22.55408],[88.63055,22.55262],[88.62944,22.54792],[88.63356,22.54517],[88.63439,22.54401],[88.6369,22.54316],[88.63718,22.5422],[88.63837,22.54148],[88.6397,22.53883],[88.64079,22.538],[88.64157,22.53561],[88.64379,22.53261],[88.64428,22.53113],[88.64681,22.52944],[88.64536,22.52799],[88.64434,22.52792],[88.64296,22.52678],[88.63869,22.52659],[88.63185,22.5242],[88.62969,22.52445],[88.6247,22.52203],[88.62169,22.52147],[88.61671,22.51932],[88.60932,22.5177],[88.60281,22.51379],[88.57947,22.50419],[88.57741,22.50364],[88.57641,22.50381],[88.57537,22.50484],[88.57286,22.50503],[88.56833,22.50265],[88.56681,22.50253],[88.56537,22.50301],[88.55622,22.50749],[88.55277,22.51155],[88.55104,22.51483],[88.55012,22.51988],[88.54873,22.51987],[88.54869,22.51872],[88.54817,22.51832],[88.54872,22.5163],[88.55131,22.51104],[88.55036,22.51076],[88.55,22.5084],[88.55014,22.50703],[88.55122,22.50572],[88.5513,22.50492],[88.54982,22.50298]]]}},{"type":"Feature","bbox":[88.25413,22.32441,88.39195,22.46766],"properties":{"kind":"block","block":"Bishnupur-I","lgd":2749},"geometry":{"type":"Polygon","coordinates":[[[88.28463,22.32949],[88.28047,22.32848],[88.27985,22.32731],[88.27877,22.32834],[88.27875,22.32974],[88.27804,22.33122],[88.27516,22.33234],[88.2717,22.33275],[88.27123,22.33243],[88.26995,22.33331],[88.27061,22.33391],[88.27023,22.33491],[88.2729,22.33783],[88.27479,22.33917],[88.27706,22.33968],[88.27813,22.3391],[88.27856,22.34145],[88.28317,22.34364],[88.28399,22.34803],[88.28557,22.34868],[88.28922,22.3483],[88.29277,22.35027],[88.29506,22.35356],[88.29475,22.35492],[88.29355,22.35637],[88.29478,22.35982],[88.29539,22.36027],[88.29939,22.35959],[88.30015,22.35987],[88.30304,22.36279],[88.3031,22.3644],[88.3046,22.3649],[88.30333,22.36555],[88.30201,22.36742],[88.302,22.36816],[88.30065,22.36782],[88.29991,22.36864],[88.30022,22.36973],[88.2992,22.37059],[88.29696,22.37092],[88.29621,22.37156],[88.29681,22.37571],[88.29625,22.37614],[88.29413,22.37607],[88.29118,22.37685],[88.29029,22.37695],[88.28844,22.37445],[88.28701,22.37461],[88.28745,22.37445],[88.28768,22.37338],[88.28742,22.37232],[88.28822,22.37168],[88.28723,22.3709],[88.28142,22.37047],[88.28023,22.37071],[88.27977,22.37129],[88.27907,22.37045],[88.27153,22.37064],[88.26929,22.3698],[88.26755,22.36975],[88.26031,22.37558],[88.25927,22.37867],[88.25922,22.38033],[88.25824,22.38213],[88.25925,22.38323],[88.25584,22.38633],[88.25413,22.38718],[88.25585,22.38825],[88.25541,22.38873],[88.25631,22.38977],[88.25821,22.39011],[88.2591,22.39224],[88.26138,22.39175],[88.26137,22.39063],[88.26316,22.39015],[88.26323,22.38881],[88.26456,22.3891],[88.26503,22.3897],[88.26526,22.39294],[88.2647,22.39358],[88.265,22.39506],[88.26562,22.39539],[88.26454,22.39678],[88.26462,22.39767],[88.26576,22.39761],[88.26609,22.39819],[88.26559,22.39926],[88.26645,22.40162],[88.26515,22.40269],[88.26528,22.40597],[88.26466,22.40602],[88.26421,22.40941],[88.26361,22.41036],[88.26432,22.41088],[88.26448,22.41173],[88.26577,22.411],[88.26576,22.41166],[88.26642,22.41221],[88.26589,22.41294],[88.26626,22.41358],[88.26695,22.41319],[88.26813,22.41335],[88.26891,22.41543],[88.2679,22.41628],[88.27026,22.41727],[88.26912,22.42073],[88.26782,22.4209],[88.26765,22.42234],[88.26795,22.42383],[88.2687,22.42359],[88.26922,22.42478],[88.27009,22.42534],[88.27115,22.42526],[88.27101,22.42668],[88.27163,22.428],[88.2816,22.42213],[88.28269,22.42285],[88.28348,22.42543],[88.28467,22.42682],[88.28652,22.42721],[88.29163,22.42707],[88.29254,22.42581],[88.29108,22.42419],[88.29309,22.42466],[88.29507,22.42445],[88.29497,22.42796],[88.29546,22.42987],[88.29506,22.4311],[88.2931,22.43218],[88.29422,22.43554],[88.29272,22.43637],[88.29255,22.43699],[88.291,22.43675],[88.28782,22.43732],[88.29104,22.44172],[88.29034,22.44201],[88.29149,22.44526],[88.28965,22.44538],[88.28899,22.44688],[88.28544,22.44853],[88.28762,22.45488],[88.28948,22.45336],[88.29021,22.45464],[88.29164,22.45409],[88.29239,22.455],[88.29488,22.45366],[88.2967,22.45505],[88.30367,22.4556],[88.30386,22.4572],[88.30475,22.45637],[88.3052,22.45698],[88.3092,22.45767],[88.31098,22.45647],[88.31755,22.45718],[88.31956,22.45811],[88.31975,22.45907],[88.32499,22.45907],[88.32542,22.45924],[88.32522,22.4606],[88.32253,22.46213],[88.32309,22.4652],[88.32264,22.46534],[88.32285,22.46628],[88.32223,22.46641],[88.32367,22.46738],[88.32585,22.46766],[88.32658,22.46757],[88.32708,22.46646],[88.33342,22.46674],[88.33192,22.46517],[88.33178,22.4639],[88.33244,22.46227],[88.33421,22.46162],[88.33405,22.45976],[88.33493,22.46],[88.33609,22.46138],[88.33852,22.46057],[88.33973,22.4609],[88.34177,22.46259],[88.34414,22.46072],[88.34417,22.45948],[88.3421,22.45892],[88.34114,22.45793],[88.34114,22.45717],[88.34178,22.45688],[88.34174,22.45589],[88.343,22.45583],[88.34349,22.4553],[88.34281,22.45389],[88.34496,22.4504],[88.34418,22.44949],[88.34453,22.44866],[88.34757,22.44881],[88.34837,22.44787],[88.34755,22.44305],[88.34588,22.44166],[88.34672,22.44072],[88.34698,22.43925],[88.34612,22.43702],[88.34633,22.43541],[88.34421,22.43278],[88.34434,22.43224],[88.34539,22.43208],[88.3524,22.43237],[88.35353,22.42855],[88.35225,22.42216],[88.3526,22.42119],[88.35494,22.42165],[88.35654,22.42058],[88.35466,22.41644],[88.35279,22.41367],[88.35313,22.41238],[88.35275,22.41099],[88.35424,22.40785],[88.35573,22.40725],[88.35701,22.40569],[88.35832,22.40549],[88.35895,22.40819],[88.35984,22.40977],[88.35904,22.41023],[88.35927,22.41168],[88.35979,22.41182],[88.36005,22.41272],[88.36002,22.41457],[88.36122,22.41518],[88.36358,22.41516],[88.36392,22.4146],[88.36377,22.40912],[88.36413,22.40749],[88.36486,22.40728],[88.36963,22.40922],[88.37008,22.41005],[88.36908,22.41187],[88.37013,22.41297],[88.36982,22.41426],[88.37044,22.41542],[88.37086,22.41557],[88.37421,22.41347],[88.37448,22.41085],[88.37217,22.41031],[88.37246,22.40944],[88.37128,22.4062],[88.37081,22.40121],[88.37131,22.39958],[88.37104,22.39758],[88.37775,22.39471],[88.3785,22.39293],[88.3801,22.39262],[88.38067,22.39118],[88.38212,22.39021],[88.38214,22.38896],[88.38141,22.38731],[88.38052,22.38687],[88.37992,22.38731],[88.37897,22.38668],[88.37803,22.38721],[88.37735,22.38677],[88.37813,22.38583],[88.37759,22.38553],[88.37772,22.38497],[88.37672,22.38445],[88.37669,22.38387],[88.37735,22.38342],[88.3801,22.38368],[88.38058,22.37911],[88.37981,22.37769],[88.37814,22.37657],[88.3793,22.37446],[88.37903,22.3708],[88.37984,22.36927],[88.37971,22.368],[88.37621,22.36653],[88.37657,22.36576],[88.37793,22.3657],[88.37878,22.36618],[88.38037,22.3658],[88.37872,22.36521],[88.37936,22.36421],[88.37874,22.3619],[88.37953,22.36153],[88.38015,22.35856],[88.38133,22.35844],[88.38192,22.35734],[88.38214,22.35549],[88.38178,22.355],[88.38008,22.3553],[88.37909,22.35425],[88.37872,22.35314],[88.37911,22.35213],[88.3805,22.35111],[88.38688,22.34921],[88.38856,22.34792],[88.38803,22.34687],[88.38526,22.34648],[88.38447,22.34602],[88.38429,22.34531],[88.38269,22.34587],[88.38217,22.34562],[88.38212,22.34391],[88.38154,22.34354],[88.38285,22.34133],[88.38743,22.3405],[88.38884,22.33979],[88.3895,22.33918],[88.38986,22.3378],[88.39195,22.33572],[88.39172,22.33394],[88.39099,22.33431],[88.38981,22.33246],[88.38897,22.33254],[88.38867,22.33196],[88.38902,22.33102],[88.38818,22.33051],[88.38884,22.32781],[88.3885,22.32696],[88.3893,22.32506],[88.38699,22.32441],[88.38434,22.32513],[88.38397,22.32542],[88.38407,22.32778],[88.38324,22.32795],[88.38269,22.32921],[88.37936,22.32778],[88.37622,22.32841],[88.37485,22.32722],[88.37269,22.3278],[88.36604,22.32631],[88.36476,22.32666],[88.36356,22.3279],[88.36261,22.32793],[88.36036,22.32678],[88.35826,22.32732],[88.35632,22.32698],[88.35376,22.32876],[88.3512,22.32977],[88.35067,22.3318],[88.34775,22.33249],[88.34575,22.33163],[88.34467,22.33295],[88.34216,22.3332],[88.34023,22.33274],[88.33937,22.33117],[88.33826,22.33229],[88.33005,22.33409],[88.32807,22.33578],[88.32778,22.3367],[88.32592,22.33679],[88.32419,22.33596],[88.32328,22.33366],[88.32365,22.33271],[88.32303,22.33174],[88.32056,22.33249],[88.3193,22.33363],[88.3167,22.33306],[88.31485,22.33388],[88.31387,22.33358],[88.31429,22.3328],[88.31291,22.33285],[88.31205,22.33199],[88.31018,22.33241],[88.30601,22.33229],[88.30374,22.3314],[88.30253,22.32979],[88.30117,22.32901],[88.29877,22.33024],[88.29776,22.33016],[88.29696,22.32901],[88.29458,22.32941],[88.29386,22.32856],[88.2918,22.32951],[88.2909,22.32928],[88.29072,22.33051],[88.28949,22.33065],[88.28832,22.33178],[88.28565,22.32986],[88.28544,22.32918],[88.28463,22.32949]],[[88.32542,22.45924],[88.32543,22.45922],[88.32543,22.45924],[88.32542,22.45924]]]}},{"type":"Feature","bbox":[88.19869,22.32522,88.3046,22.45412],"properties":{"kind":"block","block":"Bishnupur-II","lgd":2750},"geometry":{"type":"Polygon","coordinates":[[[88.22031,22.33372],[88.21801,22.33199],[88.2164,22.33198],[88.21386,22.33115],[88.21421,22.33227],[88.21347,22.33236],[88.21338,22.33367],[88.21157,22.33372],[88.21111,22.33445],[88.21127,22.33791],[88.21019,22.33817],[88.21042,22.33913],[88.2083,22.33934],[88.2064,22.34075],[88.20445,22.34141],[88.20421,22.34054],[88.20271,22.34119],[88.2029,22.34179],[88.20373,22.34194],[88.20376,22.34348],[88.20494,22.34382],[88.20541,22.34339],[88.20623,22.34459],[88.20562,22.34619],[88.20414,22.3456],[88.20385,22.34438],[88.20294,22.34431],[88.20196,22.34503],[88.20193,22.34607],[88.2029,22.34707],[88.20535,22.34745],[88.20543,22.34979],[88.20466,22.3499],[88.20478,22.35122],[88.20418,22.35276],[88.20477,22.35314],[88.20387,22.35412],[88.20649,22.35719],[88.20752,22.35769],[88.2087,22.3576],[88.20887,22.35831],[88.21039,22.35779],[88.21043,22.35695],[88.21173,22.35676],[88.21289,22.35735],[88.21179,22.35814],[88.21164,22.35969],[88.21105,22.35986],[88.21112,22.36186],[88.20995,22.36273],[88.20958,22.36429],[88.20605,22.36512],[88.2061,22.36581],[88.20528,22.36624],[88.20508,22.36851],[88.20446,22.36907],[88.20436,22.37133],[88.20234,22.37156],[88.20227,22.37235],[88.20098,22.37329],[88.20063,22.37464],[88.19976,22.37507],[88.20072,22.3775],[88.20383,22.37794],[88.20306,22.37935],[88.20158,22.37948],[88.20132,22.38048],[88.19964,22.38249],[88.19998,22.38386],[88.19869,22.38715],[88.19891,22.38865],[88.20026,22.38944],[88.19943,22.39395],[88.20001,22.39735],[88.20064,22.39835],[88.20238,22.39843],[88.20315,22.40062],[88.20589,22.40059],[88.20676,22.40307],[88.20734,22.40333],[88.20742,22.40451],[88.20798,22.40497],[88.20683,22.40615],[88.20746,22.40728],[88.20685,22.40887],[88.2061,22.40897],[88.20615,22.40975],[88.20667,22.4106],[88.2084,22.41085],[88.20877,22.41322],[88.21006,22.41375],[88.20956,22.41575],[88.20897,22.41582],[88.20919,22.41731],[88.20884,22.41771],[88.20945,22.41852],[88.20921,22.42105],[88.20965,22.42233],[88.20891,22.42289],[88.20745,22.42303],[88.20765,22.42462],[88.21085,22.42496],[88.2111,22.42596],[88.21022,22.42639],[88.211,22.42832],[88.2073,22.42901],[88.20732,22.42995],[88.20773,22.42998],[88.20763,22.43092],[88.20879,22.43091],[88.20947,22.43233],[88.21013,22.43238],[88.21039,22.4344],[88.21278,22.43591],[88.21289,22.43809],[88.21384,22.43835],[88.21501,22.43754],[88.21541,22.44047],[88.21668,22.44089],[88.21638,22.44201],[88.21726,22.44263],[88.21737,22.44381],[88.2159,22.44424],[88.21589,22.44514],[88.21656,22.44512],[88.21654,22.44626],[88.21707,22.44656],[88.21721,22.4498],[88.2195,22.44921],[88.22099,22.45066],[88.22398,22.45031],[88.22686,22.45146],[88.23452,22.45031],[88.23502,22.45214],[88.23718,22.45233],[88.23727,22.4533],[88.23824,22.45412],[88.23878,22.45343],[88.23799,22.4521],[88.23768,22.44987],[88.23566,22.44998],[88.23504,22.44886],[88.23504,22.44791],[88.23597,22.44763],[88.23623,22.44654],[88.23789,22.4464],[88.237,22.44377],[88.23765,22.44376],[88.23867,22.44486],[88.23906,22.4463],[88.24036,22.44632],[88.24047,22.44698],[88.24242,22.44587],[88.2443,22.44556],[88.24595,22.44626],[88.2468,22.44728],[88.2503,22.44781],[88.25251,22.44754],[88.2548,22.44501],[88.25637,22.44499],[88.25714,22.44428],[88.25729,22.44306],[88.25795,22.44269],[88.25737,22.44069],[88.25593,22.4395],[88.25719,22.43834],[88.25614,22.43723],[88.25711,22.43576],[88.25792,22.43557],[88.25867,22.43449],[88.25989,22.43452],[88.26036,22.43372],[88.26247,22.4343],[88.26272,22.43315],[88.26398,22.43264],[88.26405,22.43026],[88.26351,22.43029],[88.26264,22.42808],[88.26139,22.42689],[88.26064,22.42407],[88.26105,22.42367],[88.26049,22.42268],[88.26071,22.42129],[88.25914,22.4215],[88.25828,22.42251],[88.25853,22.42308],[88.25804,22.42382],[88.25647,22.42367],[88.25638,22.42299],[88.25712,22.4227],[88.25715,22.42189],[88.25631,22.42155],[88.25618,22.42063],[88.25448,22.42105],[88.25339,22.41821],[88.25428,22.41614],[88.25261,22.41082],[88.25489,22.40898],[88.25791,22.40844],[88.25889,22.40942],[88.26149,22.40832],[88.2609,22.40795],[88.26175,22.4076],[88.26393,22.40768],[88.26436,22.40809],[88.26466,22.40602],[88.26528,22.40597],[88.26515,22.40269],[88.26645,22.40162],[88.26559,22.39926],[88.26609,22.39819],[88.26576,22.39761],[88.26462,22.39767],[88.26454,22.39678],[88.26562,22.39539],[88.265,22.39506],[88.2647,22.39358],[88.26526,22.39294],[88.26486,22.39149],[88.26539,22.39121],[88.26456,22.3891],[88.26323,22.38881],[88.26316,22.39015],[88.26137,22.39063],[88.26138,22.39175],[88.2591,22.39224],[88.25821,22.39011],[88.25631,22.38977],[88.25541,22.38873],[88.25585,22.38825],[88.25413,22.38718],[88.25584,22.38633],[88.25925,22.38323],[88.25824,22.38213],[88.25922,22.38033],[88.25927,22.37867],[88.26031,22.37558],[88.26755,22.36975],[88.26929,22.3698],[88.27153,22.37064],[88.27907,22.37045],[88.27977,22.37129],[88.28023,22.37071],[88.28142,22.37047],[88.28723,22.3709],[88.28822,22.37168],[88.28742,22.37232],[88.28768,22.37338],[88.28745,22.37445],[88.28701,22.37461],[88.28844,22.37445],[88.29029,22.37695],[88.29413,22.37607],[88.29625,22.37614],[88.29681,22.37571],[88.29621,22.37156],[88.29696,22.37092],[88.2992,22.37059],[88.30022,22.36973],[88.29991,22.36864],[88.30065,22.36782],[88.302,22.36816],[88.30201,22.36742],[88.30333,22.36555],[88.3046,22.3649],[88.3031,22.3644],[88.30304,22.36279],[88.30015,22.35987],[88.29939,22.35959],[88.29539,22.36027],[88.29478,22.35982],[88.29355,22.35637],[88.29475,22.35492],[88.29506,22.35356],[88.29277,22.35027],[88.28922,22.3483],[88.28557,22.34868],[88.28399,22.34803],[88.28317,22.34364],[88.27856,22.34145],[88.27813,22.3391],[88.27706,22.33968],[88.27479,22.33917],[88.2729,22.33783],[88.27023,22.33491],[88.27061,22.33391],[88.26995,22.33331],[88.27123,22.33243],[88.26906,22.32985],[88.26409,22.33353],[88.2636,22.33475],[88.26261,22.33554],[88.26073,22.33539],[88.25925,22.33445],[88.25997,22.33398],[88.25957,22.3325],[88.26052,22.33229],[88.26093,22.33129],[88.26062,22.33075],[88.25943,22.33161],[88.25828,22.33164],[88.25761,22.32899],[88.25528,22.32894],[88.25461,22.32804],[88.25457,22.32641],[88.25355,22.32638],[88.25313,22.32743],[88.24895,22.32964],[88.24726,22.33126],[88.24727,22.33204],[88.24497,22.33286],[88.24343,22.33284],[88.24223,22.33074],[88.24282,22.32934],[88.24261,22.32765],[88.24171,22.32669],[88.24125,22.32522],[88.24082,22.32522],[88.23906,22.32562],[88.23842,22.32628],[88.2347,22.32666],[88.23258,22.32756],[88.23063,22.32793],[88.23014,22.3271],[88.22888,22.32736],[88.22888,22.32793],[88.22699,22.32785],[88.22806,22.33176],[88.22638,22.33267],[88.22648,22.33341],[88.22552,22.33428],[88.22457,22.33366],[88.22264,22.33405],[88.22134,22.33514],[88.22047,22.33458],[88.22031,22.33372]]]}},{"type":"Feature","bbox":[88.11815,22.42177,88.24174,22.4982],"properties":{"kind":"block","block":"Budge Budge-I","lgd":2751},"geometry":{"type":"Polygon","coordinates":[[[88.15988,22.44091],[88.15972,22.43934],[88.16024,22.43849],[88.16186,22.43842],[88.16442,22.43735],[88.16627,22.4352],[88.16587,22.4319],[88.16543,22.43203],[88.16475,22.42811],[88.16261,22.42796],[88.16233,22.42575],[88.16059,22.42618],[88.15997,22.42538],[88.15863,22.42547],[88.15795,22.42498],[88.15635,22.42529],[88.15628,22.42582],[88.15572,22.42595],[88.15588,22.42754],[88.15524,22.42786],[88.15433,22.42768],[88.15345,22.42687],[88.15352,22.42635],[88.1515,22.42475],[88.15115,22.42322],[88.14888,22.423],[88.14879,22.42208],[88.14803,22.42177],[88.14666,22.42213],[88.14566,22.42462],[88.1405,22.42314],[88.13864,22.42629],[88.12779,22.43891],[88.12193,22.44877],[88.11934,22.45497],[88.11822,22.46208],[88.11815,22.46402],[88.11867,22.46558],[88.12314,22.4712],[88.12604,22.47328],[88.1298,22.47496],[88.14306,22.47807],[88.16012,22.47903],[88.16857,22.48183],[88.17058,22.48287],[88.17653,22.48867],[88.18371,22.49431],[88.18685,22.49773],[88.19294,22.49211],[88.19463,22.48921],[88.19554,22.48867],[88.19533,22.48609],[88.20183,22.48739],[88.20508,22.48599],[88.20546,22.48685],[88.20438,22.4874],[88.2042,22.48958],[88.20377,22.49067],[88.20322,22.49092],[88.20423,22.49402],[88.20341,22.49403],[88.20442,22.49515],[88.20495,22.4971],[88.2074,22.49769],[88.20776,22.4982],[88.20898,22.49817],[88.20867,22.4964],[88.20909,22.49604],[88.21056,22.49649],[88.21042,22.49505],[88.21117,22.49456],[88.21062,22.49364],[88.21144,22.49249],[88.21046,22.49085],[88.21219,22.49079],[88.21382,22.48941],[88.21683,22.48849],[88.21756,22.48732],[88.2189,22.48777],[88.2199,22.48688],[88.22021,22.48743],[88.22625,22.4891],[88.22618,22.49729],[88.22679,22.4976],[88.22928,22.49756],[88.23054,22.49703],[88.23088,22.49455],[88.23176,22.49448],[88.23161,22.49374],[88.23415,22.49159],[88.23442,22.48921],[88.23371,22.48833],[88.23531,22.48564],[88.23627,22.4853],[88.23682,22.48739],[88.23803,22.4881],[88.24044,22.48789],[88.23906,22.48544],[88.23913,22.48448],[88.24174,22.48416],[88.24034,22.48187],[88.24036,22.48083],[88.23866,22.47874],[88.23848,22.4774],[88.23712,22.4772],[88.23746,22.47535],[88.23451,22.47544],[88.23398,22.47274],[88.2315,22.47252],[88.23034,22.47398],[88.23135,22.47475],[88.23161,22.47719],[88.22927,22.47699],[88.2279,22.47005],[88.22498,22.46773],[88.22331,22.463],[88.22345,22.46153],[88.22286,22.46102],[88.22125,22.46083],[88.21934,22.45551],[88.2174,22.45264],[88.21761,22.45132],[88.21721,22.45083],[88.21707,22.44656],[88.21654,22.44626],[88.21656,22.44512],[88.2135,22.44615],[88.21179,22.44583],[88.21107,22.4469],[88.21086,22.44857],[88.20882,22.44793],[88.20861,22.44676],[88.20647,22.44614],[88.20617,22.44472],[88.20548,22.44457],[88.2017,22.44453],[88.19964,22.44615],[88.19939,22.44696],[88.19626,22.44748],[88.19304,22.44564],[88.19205,22.44355],[88.19022,22.44144],[88.18934,22.4416],[88.18854,22.43961],[88.18903,22.43949],[88.18715,22.43677],[88.18491,22.43806],[88.18295,22.43816],[88.18261,22.43901],[88.17997,22.43964],[88.18023,22.44225],[88.18,22.44304],[88.17862,22.44431],[88.17458,22.44477],[88.17392,22.44389],[88.17319,22.44385],[88.17173,22.44437],[88.17097,22.44587],[88.17042,22.44599],[88.16956,22.44257],[88.16572,22.44176],[88.16485,22.44068],[88.16429,22.44089],[88.16388,22.44191],[88.16262,22.44229],[88.1626,22.44324],[88.161,22.44352],[88.15988,22.44091]]]}},{"type":"Feature","bbox":[88.09135,22.3356,88.21737,22.44857],"properties":{"kind":"block","block":"Budge Budge-II","lgd":2752},"geometry":{"type":"Polygon","coordinates":[[[88.16925,22.35195],[88.16919,22.3512],[88.16852,22.35121],[88.16768,22.35019],[88.16376,22.35064],[88.16318,22.35097],[88.16296,22.3527],[88.1621,22.3534],[88.15827,22.35313],[88.15807,22.35401],[88.15695,22.35432],[88.15572,22.35555],[88.1546,22.35521],[88.1541,22.35419],[88.15307,22.35499],[88.15128,22.35499],[88.15122,22.35369],[88.15001,22.35303],[88.14995,22.35444],[88.14936,22.35458],[88.14936,22.35518],[88.1505,22.35478],[88.15017,22.35576],[88.14731,22.35584],[88.14731,22.35515],[88.14502,22.35525],[88.14357,22.35444],[88.14233,22.35188],[88.14154,22.35183],[88.14019,22.35217],[88.14215,22.35398],[88.14209,22.35467],[88.13977,22.35602],[88.13812,22.35575],[88.13438,22.35616],[88.13408,22.35696],[88.13296,22.35666],[88.13239,22.35745],[88.13145,22.35751],[88.13047,22.35556],[88.12685,22.35345],[88.1259,22.35357],[88.12482,22.35441],[88.12377,22.3545],[88.1228,22.3558],[88.11921,22.35592],[88.11906,22.35764],[88.11632,22.35837],[88.11406,22.35962],[88.11095,22.36004],[88.11074,22.35824],[88.10818,22.35869],[88.10801,22.35991],[88.10634,22.36107],[88.10555,22.36232],[88.09135,22.36521],[88.09702,22.37452],[88.10048,22.37842],[88.11986,22.39257],[88.12748,22.39692],[88.13229,22.39865],[88.14097,22.40808],[88.14199,22.41045],[88.14251,22.41584],[88.14231,22.41915],[88.1405,22.42314],[88.14566,22.42462],[88.14666,22.42213],[88.14803,22.42177],[88.14879,22.42208],[88.14888,22.423],[88.15115,22.42322],[88.1515,22.42475],[88.15352,22.42635],[88.15345,22.42687],[88.15433,22.42768],[88.15588,22.42754],[88.15572,22.42595],[88.15628,22.42582],[88.15635,22.42529],[88.15795,22.42498],[88.15863,22.42547],[88.15997,22.42538],[88.16059,22.42618],[88.16233,22.42575],[88.16261,22.42796],[88.16475,22.42811],[88.16543,22.43203],[88.16587,22.4319],[88.16627,22.4352],[88.16442,22.43735],[88.16186,22.43842],[88.16024,22.43849],[88.15972,22.43934],[88.15988,22.44091],[88.161,22.44352],[88.1626,22.44324],[88.16262,22.44229],[88.16388,22.44191],[88.16429,22.44089],[88.16485,22.44068],[88.16572,22.44176],[88.16956,22.44257],[88.17042,22.44599],[88.17097,22.44587],[88.17173,22.44437],[88.17319,22.44385],[88.17392,22.44389],[88.17458,22.44477],[88.17862,22.44431],[88.18,22.44304],[88.18023,22.44225],[88.17997,22.43964],[88.18261,22.43901],[88.18295,22.43816],[88.18491,22.43806],[88.18715,22.43677],[88.18903,22.43949],[88.18854,22.43961],[88.18934,22.4416],[88.19022,22.44144],[88.19205,22.44355],[88.19304,22.44564],[88.19517,22.44697],[88.19739,22.44746],[88.19939,22.44696],[88.19964,22.44615],[88.2017,22.44453],[88.20548,22.44457],[88.20617,22.44472],[88.20647,22.44614],[88.20861,22.44676],[88.20882,22.44793],[88.21086,22.44857],[88.21107,22.4469],[88.21179,22.44583],[88.2135,22.44615],[88.21589,22.44514],[88.2159,22.44424],[88.21737,22.44381],[88.21726,22.44263],[88.21638,22.44201],[88.21668,22.44089],[88.21541,22.44047],[88.21501,22.43754],[88.21384,22.43835],[88.21289,22.43809],[88.21278,22.43591],[88.21039,22.4344],[88.21013,22.43238],[88.20947,22.43233],[88.20879,22.43091],[88.20763,22.43092],[88.2073,22.42901],[88.211,22.42832],[88.21022,22.42639],[88.2111,22.42596],[88.21085,22.42496],[88.20765,22.42462],[88.20745,22.42303],[88.20891,22.42289],[88.20965,22.42233],[88.20921,22.42105],[88.20945,22.41852],[88.20884,22.41771],[88.20919,22.41731],[88.20897,22.41582],[88.20956,22.41575],[88.21006,22.41375],[88.20877,22.41322],[88.2084,22.41085],[88.20667,22.4106],[88.20615,22.40975],[88.2061,22.40897],[88.20685,22.40887],[88.20746,22.40728],[88.20683,22.40615],[88.20798,22.40497],[88.20742,22.40451],[88.20734,22.40333],[88.20676,22.40307],[88.20589,22.40059],[88.20315,22.40062],[88.20238,22.39843],[88.20064,22.39835],[88.20001,22.39735],[88.19946,22.3925],[88.20019,22.39125],[88.20026,22.38944],[88.19891,22.38865],[88.19869,22.38715],[88.19998,22.38386],[88.19964,22.38249],[88.20003,22.38177],[88.20132,22.38048],[88.20158,22.37948],[88.20306,22.37935],[88.20383,22.37794],[88.20072,22.3775],[88.19976,22.37507],[88.20063,22.37464],[88.20098,22.37329],[88.20227,22.37235],[88.20234,22.37156],[88.20436,22.37133],[88.20446,22.36907],[88.20508,22.36851],[88.20528,22.36624],[88.2061,22.36581],[88.20605,22.36512],[88.20958,22.36429],[88.20995,22.36273],[88.21112,22.36186],[88.21105,22.35986],[88.21164,22.35969],[88.21179,22.35814],[88.21289,22.35735],[88.21173,22.35676],[88.21043,22.35695],[88.21039,22.35779],[88.20887,22.35831],[88.2087,22.3576],[88.20752,22.35769],[88.20649,22.35719],[88.20387,22.35412],[88.20477,22.35314],[88.20418,22.35276],[88.20478,22.35122],[88.20466,22.3499],[88.20543,22.34979],[88.20535,22.34745],[88.2029,22.34707],[88.20193,22.34607],[88.20196,22.34503],[88.20294,22.34431],[88.20385,22.34438],[88.20414,22.3456],[88.20562,22.34619],[88.20623,22.34459],[88.20541,22.34339],[88.20494,22.34382],[88.20376,22.34348],[88.20373,22.34194],[88.2029,22.34179],[88.20271,22.34119],[88.20358,22.34111],[88.20366,22.34066],[88.20176,22.34072],[88.20121,22.33728],[88.20202,22.33612],[88.20156,22.3356],[88.20077,22.33575],[88.20057,22.33749],[88.1998,22.33875],[88.19786,22.33878],[88.19581,22.33726],[88.1955,22.33789],[88.19597,22.33857],[88.19332,22.33819],[88.19261,22.339],[88.19391,22.33906],[88.19383,22.34065],[88.19171,22.3404],[88.19073,22.34112],[88.18962,22.34092],[88.18883,22.34127],[88.18883,22.34215],[88.18825,22.34249],[88.18717,22.34194],[88.18651,22.34465],[88.18298,22.34615],[88.18188,22.34646],[88.18113,22.34522],[88.18022,22.3451],[88.17848,22.34563],[88.17744,22.34436],[88.17512,22.34489],[88.1745,22.34561],[88.17505,22.35047],[88.17445,22.35094],[88.17313,22.35092],[88.17334,22.35226],[88.17286,22.35272],[88.17223,22.35217],[88.16904,22.35277],[88.16866,22.35209],[88.16925,22.35195]]]}},{"type":"Feature","bbox":[88.53563,22.1353,88.699,22.35263],"properties":{"kind":"block","block":"Canning-I","lgd":2753},"geometry":{"type":"Polygon","coordinates":[[[88.59742,22.21976],[88.59636,22.2178],[88.59177,22.21478],[88.59071,22.21493],[88.58561,22.21834],[88.58137,22.21973],[88.57958,22.2209],[88.57682,22.22353],[88.57408,22.22817],[88.57403,22.23144],[88.57486,22.23494],[88.57301,22.23789],[88.56769,22.24244],[88.56515,22.24339],[88.55856,22.24457],[88.55109,22.24796],[88.54772,22.25003],[88.54665,22.25164],[88.54432,22.25321],[88.54348,22.25445],[88.54086,22.26328],[88.53805,22.26515],[88.53633,22.26708],[88.53666,22.26767],[88.53563,22.26973],[88.53569,22.27069],[88.53891,22.27966],[88.54247,22.2866],[88.54482,22.29412],[88.54922,22.3003],[88.55087,22.3043],[88.55197,22.30888],[88.55369,22.31202],[88.55546,22.31358],[88.55554,22.3146],[88.55737,22.31525],[88.5596,22.31365],[88.56405,22.31308],[88.56523,22.31196],[88.5687,22.31174],[88.5695,22.31098],[88.56935,22.30934],[88.56719,22.30223],[88.56729,22.30125],[88.56967,22.30084],[88.57134,22.30174],[88.57156,22.30241],[88.57605,22.30584],[88.57656,22.30741],[88.57604,22.30863],[88.5709,22.31042],[88.57033,22.31309],[88.57354,22.32317],[88.57373,22.32428],[88.57305,22.32568],[88.57514,22.3279],[88.57798,22.33344],[88.57863,22.33385],[88.58207,22.33391],[88.58274,22.3356],[88.58483,22.33698],[88.58627,22.33618],[88.5915,22.33691],[88.59382,22.33923],[88.59523,22.34189],[88.59644,22.34274],[88.59732,22.34487],[88.59992,22.3474],[88.60065,22.35043],[88.60023,22.35162],[88.60132,22.35249],[88.60236,22.35263],[88.60595,22.35204],[88.61368,22.34959],[88.6172,22.34951],[88.62046,22.35005],[88.62264,22.34953],[88.62555,22.3477],[88.62708,22.3461],[88.63339,22.34428],[88.6395,22.34536],[88.64702,22.34464],[88.64907,22.34528],[88.6527,22.34758],[88.65692,22.34761],[88.65779,22.34723],[88.65879,22.34538],[88.66039,22.3383],[88.66315,22.33072],[88.66747,22.32592],[88.67102,22.32415],[88.67627,22.32416],[88.68312,22.32649],[88.68857,22.32606],[88.69435,22.32632],[88.69627,22.32736],[88.69754,22.32757],[88.69822,22.32722],[88.699,22.32562],[88.69885,22.3249],[88.69581,22.32216],[88.69435,22.32155],[88.67967,22.31987],[88.6743,22.31753],[88.66992,22.31374],[88.66866,22.31212],[88.66763,22.30905],[88.66728,22.30423],[88.67093,22.29531],[88.67206,22.29081],[88.67164,22.2831],[88.67094,22.28058],[88.66655,22.27482],[88.66358,22.27211],[88.66012,22.26686],[88.65477,22.26078],[88.65113,22.25297],[88.64884,22.24621],[88.64494,22.23906],[88.63846,22.2316],[88.63435,22.22936],[88.63157,22.22435],[88.63109,22.22259],[88.63125,22.21764],[88.63267,22.21281],[88.63727,22.21019],[88.63987,22.2081],[88.64298,22.20754],[88.64583,22.20814],[88.65574,22.207],[88.66239,22.20806],[88.67038,22.2065],[88.67342,22.20539],[88.67416,22.20431],[88.67392,22.20045],[88.67203,22.19538],[88.66312,22.18015],[88.6549,22.17552],[88.64906,22.17145],[88.64319,22.16485],[88.64127,22.16169],[88.63945,22.15758],[88.63945,22.15472],[88.64128,22.14659],[88.64097,22.14319],[88.63937,22.14115],[88.63593,22.1385],[88.63444,22.13569],[88.63251,22.1353],[88.63178,22.13563],[88.63091,22.14808],[88.63284,22.15335],[88.63359,22.158],[88.62707,22.16554],[88.62553,22.16938],[88.62614,22.17524],[88.62508,22.1825],[88.62893,22.192],[88.62847,22.19424],[88.62784,22.1955],[88.61979,22.20077],[88.61729,22.2018],[88.6156,22.20814],[88.61339,22.21198],[88.61412,22.21423],[88.60505,22.21929],[88.60107,22.22059],[88.59794,22.22257],[88.59742,22.21976]]]}},{"type":"Feature","bbox":[88.51252,22.32393,88.78996,22.49589],"properties":{"kind":"block","block":"Canning-II","lgd":2754},"geometry":{"type":"Polygon","coordinates":[[[88.57697,22.35556],[88.57371,22.3568],[88.57173,22.35478],[88.57059,22.35445],[88.56439,22.35527],[88.55977,22.35326],[88.55774,22.35329],[88.55746,22.3529],[88.55847,22.35109],[88.55691,22.35051],[88.55694,22.3493],[88.55416,22.35039],[88.55367,22.35378],[88.5546,22.35341],[88.55531,22.35402],[88.55541,22.35504],[88.55437,22.35583],[88.5556,22.35775],[88.5538,22.35877],[88.55228,22.3589],[88.55174,22.35796],[88.5507,22.35776],[88.55023,22.35845],[88.55111,22.35899],[88.55147,22.36013],[88.54973,22.3621],[88.54865,22.3609],[88.54541,22.35922],[88.5424,22.35487],[88.53927,22.3541],[88.53725,22.35488],[88.53681,22.35593],[88.53832,22.35827],[88.53851,22.36],[88.53681,22.36095],[88.53627,22.36204],[88.53326,22.3621],[88.53226,22.3614],[88.53099,22.36204],[88.52645,22.36169],[88.52491,22.36031],[88.52338,22.35948],[88.52254,22.35954],[88.52199,22.3639],[88.51932,22.36757],[88.51888,22.37006],[88.51817,22.37122],[88.51557,22.37393],[88.51409,22.3799],[88.51252,22.38399],[88.51394,22.38565],[88.51536,22.38634],[88.52157,22.39599],[88.52173,22.39769],[88.52013,22.399],[88.52202,22.40459],[88.52273,22.40559],[88.52461,22.40569],[88.5303,22.40317],[88.53116,22.40424],[88.53057,22.40489],[88.53035,22.40761],[88.53068,22.40893],[88.53205,22.41063],[88.53223,22.41232],[88.53078,22.41389],[88.5306,22.41491],[88.53523,22.42652],[88.53668,22.42762],[88.53966,22.42651],[88.54124,22.42432],[88.54114,22.42276],[88.53879,22.41836],[88.53972,22.4144],[88.53916,22.41382],[88.53933,22.41306],[88.55192,22.40674],[88.5582,22.40522],[88.56124,22.40366],[88.56524,22.39598],[88.56792,22.39385],[88.57067,22.39343],[88.57374,22.39376],[88.58605,22.39769],[88.58833,22.39714],[88.59022,22.3957],[88.5937,22.39703],[88.59483,22.39831],[88.5951,22.39981],[88.5927,22.40367],[88.59244,22.40525],[88.59585,22.41052],[88.59762,22.41089],[88.60081,22.41027],[88.60358,22.41046],[88.60598,22.41137],[88.60671,22.41446],[88.61051,22.42103],[88.61198,22.42535],[88.61194,22.42804],[88.61408,22.4313],[88.61522,22.4342],[88.61735,22.43426],[88.61998,22.43355],[88.62321,22.43458],[88.6253,22.43449],[88.62617,22.43564],[88.62605,22.43698],[88.62467,22.43778],[88.62408,22.43913],[88.62384,22.44231],[88.62259,22.44421],[88.62265,22.44545],[88.6203,22.44758],[88.62015,22.44947],[88.62228,22.45155],[88.62305,22.45166],[88.62568,22.45134],[88.63019,22.44938],[88.63287,22.44976],[88.63437,22.4505],[88.63404,22.45152],[88.63545,22.45297],[88.63646,22.45662],[88.63918,22.46261],[88.6383,22.46522],[88.63875,22.46589],[88.64135,22.46708],[88.6407,22.47018],[88.63898,22.47262],[88.63744,22.47663],[88.63794,22.48003],[88.63734,22.48253],[88.63749,22.48395],[88.63953,22.48534],[88.64497,22.48571],[88.64577,22.48645],[88.64657,22.48877],[88.64802,22.48985],[88.64868,22.49175],[88.65273,22.49588],[88.65371,22.49589],[88.65689,22.49453],[88.66069,22.49501],[88.66206,22.49453],[88.66411,22.4929],[88.66578,22.49274],[88.66554,22.491],[88.66878,22.48933],[88.67569,22.48443],[88.67623,22.48354],[88.67567,22.48272],[88.67587,22.48135],[88.67741,22.47975],[88.67988,22.47867],[88.6856,22.47387],[88.68589,22.47221],[88.68519,22.47181],[88.68687,22.46684],[88.69208,22.46285],[88.69956,22.46102],[88.70431,22.46082],[88.70317,22.45881],[88.70664,22.45684],[88.7078,22.45409],[88.70807,22.45141],[88.7076,22.44941],[88.70648,22.44797],[88.70617,22.4482],[88.70319,22.44572],[88.7023,22.4432],[88.70225,22.44131],[88.70346,22.43778],[88.70313,22.4364],[88.70375,22.43611],[88.70384,22.43373],[88.70439,22.43313],[88.70815,22.43227],[88.71138,22.43002],[88.71363,22.42997],[88.71547,22.42761],[88.71627,22.42726],[88.71686,22.42773],[88.72221,22.42763],[88.72389,22.42619],[88.72646,22.42542],[88.72942,22.42364],[88.72997,22.42395],[88.73167,22.42087],[88.73419,22.42062],[88.73336,22.41107],[88.73557,22.41026],[88.74218,22.40298],[88.74533,22.40237],[88.74774,22.40105],[88.74833,22.39991],[88.74912,22.39952],[88.75161,22.40142],[88.7528,22.40132],[88.7555,22.39839],[88.75542,22.39741],[88.75074,22.39388],[88.75057,22.39254],[88.75112,22.3918],[88.75305,22.39155],[88.75582,22.39281],[88.75897,22.39676],[88.76079,22.398],[88.76434,22.39491],[88.76799,22.39273],[88.76869,22.39199],[88.76824,22.39077],[88.76197,22.38735],[88.76136,22.38653],[88.76224,22.38318],[88.7651,22.37954],[88.76771,22.37992],[88.77027,22.38374],[88.77231,22.38786],[88.77282,22.3883],[88.77409,22.38771],[88.77286,22.38279],[88.76926,22.37775],[88.76827,22.37481],[88.77022,22.37117],[88.7714,22.37039],[88.77328,22.37019],[88.77551,22.37105],[88.77879,22.37117],[88.78029,22.37031],[88.78302,22.3676],[88.78152,22.36608],[88.77915,22.36505],[88.77593,22.36246],[88.77607,22.3614],[88.77989,22.35635],[88.78104,22.354],[88.78308,22.34723],[88.78919,22.34464],[88.78996,22.34295],[88.78952,22.34215],[88.78442,22.33894],[88.78261,22.33657],[88.78191,22.33654],[88.77874,22.3374],[88.77361,22.34132],[88.77156,22.3423],[88.76859,22.34261],[88.7672,22.3438],[88.76517,22.34438],[88.76425,22.34361],[88.76414,22.34261],[88.76491,22.34146],[88.76494,22.34017],[88.76427,22.33939],[88.76254,22.33819],[88.75776,22.33747],[88.75658,22.33872],[88.7566,22.34126],[88.75579,22.34363],[88.7531,22.34523],[88.75149,22.34479],[88.75037,22.34346],[88.74989,22.34198],[88.75033,22.33872],[88.74967,22.33665],[88.7498,22.33364],[88.74919,22.33123],[88.7499,22.32736],[88.74781,22.32542],[88.74636,22.3254],[88.74506,22.32692],[88.7443,22.32948],[88.7443,22.33387],[88.74484,22.33532],[88.74701,22.33781],[88.74782,22.34056],[88.74747,22.34195],[88.74647,22.34308],[88.74469,22.34363],[88.74271,22.34336],[88.7408,22.34182],[88.7372,22.34127],[88.73219,22.33719],[88.7276,22.3348],[88.71883,22.33478],[88.71325,22.33388],[88.70849,22.3299],[88.70437,22.32802],[88.69836,22.32679],[88.69754,22.32757],[88.69627,22.32736],[88.69435,22.32632],[88.68857,22.32606],[88.68312,22.32649],[88.67627,22.32416],[88.67251,22.32393],[88.67102,22.32415],[88.66747,22.32592],[88.66315,22.33072],[88.66039,22.3383],[88.65879,22.34538],[88.65779,22.34723],[88.65692,22.34761],[88.6527,22.34758],[88.64907,22.34528],[88.64702,22.34464],[88.6395,22.34536],[88.63339,22.34428],[88.62708,22.3461],[88.62419,22.34871],[88.62046,22.35005],[88.6172,22.34951],[88.61368,22.34959],[88.60425,22.35243],[88.60132,22.35249],[88.60023,22.35162],[88.5994,22.35224],[88.59745,22.35239],[88.59384,22.35512],[88.59164,22.35576],[88.5903,22.35873],[88.58939,22.35917],[88.58895,22.3609],[88.58609,22.36251],[88.58382,22.3585],[88.58157,22.35632],[88.57992,22.35545],[88.57697,22.35556]]]}},{"type":"Feature","bbox":[88.13277,22.1673,88.27333,22.26706],"properties":{"kind":"block","block":"Diamond Harbour-I","lgd":2755},"geometry":{"type":"Polygon","coordinates":[[[88.19275,22.17953],[88.18955,22.18368],[88.18934,22.18576],[88.18822,22.18769],[88.18614,22.18774],[88.18271,22.19095],[88.18151,22.191],[88.18125,22.19163],[88.17932,22.19223],[88.17706,22.19377],[88.17046,22.19566],[88.16858,22.19717],[88.16341,22.1988],[88.15842,22.19948],[88.1564,22.19856],[88.1493,22.20006],[88.14821,22.19993],[88.14554,22.20096],[88.14428,22.20074],[88.14115,22.20193],[88.14075,22.20157],[88.13573,22.2013],[88.13373,22.20162],[88.13277,22.20217],[88.13372,22.20314],[88.1328,22.20861],[88.13311,22.2091],[88.14082,22.211],[88.14113,22.21428],[88.14213,22.21762],[88.14292,22.21873],[88.14526,22.22019],[88.14709,22.22042],[88.14818,22.21936],[88.1499,22.21891],[88.15042,22.21932],[88.1501,22.22036],[88.14717,22.22381],[88.1507,22.22461],[88.14987,22.2263],[88.14954,22.22918],[88.15221,22.2289],[88.15349,22.23046],[88.15431,22.23055],[88.15436,22.23167],[88.15537,22.23212],[88.15552,22.2336],[88.15492,22.23493],[88.15624,22.23453],[88.15667,22.2353],[88.15825,22.23552],[88.15916,22.23486],[88.15995,22.23512],[88.16229,22.23405],[88.1635,22.23409],[88.1653,22.23121],[88.16525,22.23045],[88.16851,22.22981],[88.16871,22.22917],[88.17053,22.22804],[88.17318,22.22822],[88.17446,22.22751],[88.17608,22.22755],[88.1776,22.22828],[88.1781,22.22906],[88.17924,22.22887],[88.17969,22.22989],[88.17899,22.23013],[88.17901,22.23187],[88.18016,22.23132],[88.18034,22.22896],[88.18241,22.22861],[88.18232,22.23164],[88.18105,22.23186],[88.18108,22.23245],[88.18336,22.23241],[88.18403,22.23171],[88.184,22.22994],[88.18464,22.22916],[88.18399,22.22897],[88.18289,22.22741],[88.18406,22.22762],[88.18564,22.22692],[88.1849,22.22474],[88.1853,22.22198],[88.18466,22.21913],[88.18484,22.2169],[88.18626,22.21644],[88.18637,22.21689],[88.18762,22.2169],[88.18796,22.21753],[88.18915,22.21725],[88.19105,22.21845],[88.19229,22.2181],[88.19331,22.21882],[88.19428,22.22052],[88.19435,22.21822],[88.1949,22.21776],[88.19815,22.21755],[88.19907,22.21834],[88.20105,22.21747],[88.20314,22.21968],[88.2045,22.21949],[88.20368,22.21831],[88.20476,22.2167],[88.20549,22.21079],[88.2068,22.21074],[88.20663,22.20932],[88.21004,22.20862],[88.21324,22.20941],[88.21476,22.20907],[88.21738,22.20975],[88.21942,22.20955],[88.21965,22.211],[88.22044,22.21093],[88.22134,22.2121],[88.22358,22.21953],[88.22431,22.21962],[88.2244,22.2202],[88.2232,22.22078],[88.22431,22.2225],[88.22522,22.22597],[88.22744,22.22798],[88.22882,22.22791],[88.22965,22.22847],[88.22945,22.22923],[88.22758,22.22953],[88.22777,22.23263],[88.2268,22.2373],[88.22413,22.23752],[88.22037,22.2386],[88.22031,22.24123],[88.21867,22.24481],[88.21441,22.24858],[88.21302,22.24889],[88.2126,22.25157],[88.21124,22.25403],[88.21148,22.25828],[88.21263,22.25835],[88.21261,22.25903],[88.2104,22.26114],[88.2096,22.26106],[88.20939,22.26254],[88.20795,22.26343],[88.20723,22.26339],[88.20999,22.26479],[88.20972,22.26658],[88.21505,22.26625],[88.2206,22.26706],[88.22246,22.26643],[88.22462,22.26663],[88.23045,22.26336],[88.23436,22.26277],[88.23452,22.26323],[88.23555,22.263],[88.23607,22.26581],[88.23754,22.26529],[88.23804,22.26365],[88.23899,22.26371],[88.23928,22.26453],[88.24176,22.26429],[88.24172,22.26368],[88.24251,22.2634],[88.24244,22.26118],[88.25026,22.25979],[88.25124,22.25756],[88.25191,22.25742],[88.25297,22.25913],[88.25382,22.2588],[88.25379,22.25726],[88.25433,22.25703],[88.25561,22.25765],[88.25738,22.25759],[88.25834,22.25693],[88.26138,22.25678],[88.26044,22.25545],[88.26036,22.25412],[88.26154,22.25406],[88.26223,22.25529],[88.26417,22.25438],[88.2646,22.25539],[88.2653,22.25553],[88.26707,22.253],[88.26679,22.25244],[88.26859,22.25231],[88.269,22.25145],[88.26846,22.25119],[88.26808,22.24919],[88.26877,22.24773],[88.26816,22.24704],[88.26851,22.24656],[88.26733,22.24519],[88.26829,22.2423],[88.26844,22.24018],[88.26748,22.23916],[88.26569,22.23891],[88.26446,22.23768],[88.26346,22.23805],[88.26278,22.23765],[88.26346,22.2366],[88.26292,22.23336],[88.26387,22.23272],[88.26372,22.23082],[88.26467,22.2305],[88.26465,22.2253],[88.26378,22.2249],[88.26319,22.22384],[88.26319,22.22234],[88.26401,22.2216],[88.26338,22.21799],[88.26559,22.2157],[88.26541,22.21479],[88.26687,22.21372],[88.26607,22.2088],[88.26564,22.20855],[88.26532,22.20498],[88.269,22.20467],[88.26878,22.20023],[88.26974,22.20015],[88.26961,22.19668],[88.27248,22.19471],[88.27333,22.19064],[88.27324,22.18917],[88.27007,22.1825],[88.26771,22.18286],[88.26708,22.18185],[88.26194,22.18459],[88.25849,22.1803],[88.25746,22.18024],[88.25625,22.17874],[88.25537,22.17865],[88.25435,22.18018],[88.25189,22.18066],[88.25013,22.18021],[88.24985,22.17883],[88.25029,22.17687],[88.24951,22.17429],[88.24705,22.17015],[88.24473,22.16987],[88.24096,22.1706],[88.23531,22.17003],[88.2307,22.17017],[88.22766,22.1715],[88.2236,22.17253],[88.22135,22.17254],[88.21796,22.17424],[88.21547,22.17391],[88.21002,22.17462],[88.2076,22.17201],[88.20805,22.17012],[88.20461,22.16763],[88.20317,22.1673],[88.2018,22.16802],[88.20035,22.17037],[88.19689,22.17405],[88.19535,22.17751],[88.19275,22.17953]]]}},{"type":"Feature","bbox":[88.06905,22.20209,88.22965,22.29056],"properties":{"kind":"block","block":"Diamond Harbour-II","lgd":2756},"geometry":{"type":"Polygon","coordinates":[[[88.11505,22.20913],[88.1092,22.20997],[88.102,22.2096],[88.10037,22.21002],[88.09751,22.20887],[88.08779,22.20784],[88.085,22.20871],[88.07278,22.20948],[88.07142,22.21099],[88.06934,22.21191],[88.06905,22.2135],[88.07009,22.21559],[88.08439,22.23376],[88.08768,22.24242],[88.08743,22.24422],[88.08814,22.24573],[88.08873,22.25],[88.08785,22.25597],[88.08316,22.25686],[88.08302,22.26321],[88.08353,22.26936],[88.08439,22.2731],[88.08657,22.28046],[88.08748,22.28548],[88.08984,22.29056],[88.10268,22.28803],[88.10408,22.28732],[88.10454,22.28617],[88.10611,22.28507],[88.10795,22.28563],[88.10908,22.28667],[88.10956,22.28584],[88.11136,22.2849],[88.11138,22.28423],[88.11563,22.28461],[88.11606,22.28546],[88.11788,22.28475],[88.11874,22.28505],[88.1189,22.28609],[88.11983,22.28711],[88.12081,22.28679],[88.12071,22.28521],[88.12141,22.28441],[88.12215,22.28481],[88.12256,22.28395],[88.1243,22.28329],[88.12566,22.28616],[88.12502,22.28695],[88.12568,22.28758],[88.12567,22.28845],[88.1263,22.28899],[88.12936,22.2888],[88.13024,22.28815],[88.13008,22.28751],[88.13078,22.2873],[88.1311,22.28792],[88.13315,22.28738],[88.1333,22.28676],[88.1355,22.28653],[88.13554,22.28412],[88.13786,22.284],[88.13836,22.28238],[88.14033,22.28271],[88.14141,22.28146],[88.14068,22.27981],[88.14372,22.27965],[88.14437,22.28],[88.14475,22.28102],[88.14662,22.28179],[88.14841,22.28108],[88.14994,22.28172],[88.15071,22.2827],[88.15216,22.28198],[88.15523,22.28173],[88.15653,22.28264],[88.15817,22.28244],[88.15831,22.28171],[88.15972,22.28143],[88.16206,22.28217],[88.16218,22.27719],[88.16814,22.27678],[88.17045,22.27741],[88.17079,22.27638],[88.17302,22.27629],[88.17359,22.27686],[88.17593,22.27613],[88.17514,22.2745],[88.17501,22.27244],[88.1757,22.27249],[88.17523,22.27086],[88.17603,22.27074],[88.17696,22.27228],[88.17657,22.273],[88.17724,22.27319],[88.17715,22.2743],[88.1793,22.27522],[88.17973,22.27364],[88.1806,22.27368],[88.18006,22.27194],[88.18084,22.271],[88.18166,22.27116],[88.18199,22.27201],[88.18332,22.27292],[88.1861,22.27387],[88.18925,22.27329],[88.19257,22.27372],[88.1936,22.27236],[88.19366,22.27117],[88.19484,22.27177],[88.19692,22.27114],[88.19758,22.27177],[88.19797,22.27097],[88.19947,22.27152],[88.19983,22.27315],[88.20065,22.27319],[88.20521,22.26742],[88.20972,22.26658],[88.20999,22.26479],[88.20723,22.26339],[88.20795,22.26343],[88.20939,22.26254],[88.2096,22.26106],[88.2104,22.26114],[88.21261,22.25903],[88.21263,22.25835],[88.21148,22.25828],[88.21124,22.25403],[88.2126,22.25157],[88.21302,22.24889],[88.21441,22.24858],[88.21867,22.24481],[88.22031,22.24123],[88.22037,22.2386],[88.22413,22.23752],[88.2268,22.2373],[88.22777,22.23263],[88.22758,22.22953],[88.22945,22.22923],[88.22965,22.22847],[88.22882,22.22791],[88.22744,22.22798],[88.22522,22.22597],[88.22431,22.2225],[88.2232,22.22078],[88.2244,22.2202],[88.22431,22.21962],[88.22358,22.21953],[88.22134,22.2121],[88.22044,22.21093],[88.21965,22.211],[88.21942,22.20955],[88.21738,22.20975],[88.21476,22.20907],[88.21324,22.20941],[88.21004,22.20862],[88.20663,22.20932],[88.2068,22.21074],[88.20549,22.21079],[88.20476,22.2167],[88.20368,22.21831],[88.2045,22.21949],[88.20314,22.21968],[88.20105,22.21747],[88.19907,22.21834],[88.19815,22.21755],[88.1949,22.21776],[88.19435,22.21822],[88.19428,22.22052],[88.19331,22.21882],[88.19229,22.2181],[88.19105,22.21845],[88.18915,22.21725],[88.18796,22.21753],[88.18762,22.2169],[88.18637,22.21689],[88.18626,22.21644],[88.18484,22.2169],[88.18466,22.21913],[88.1853,22.22198],[88.1849,22.22474],[88.18564,22.22692],[88.18406,22.22762],[88.18289,22.22741],[88.18399,22.22897],[88.18464,22.22916],[88.184,22.22994],[88.18403,22.23171],[88.18336,22.23241],[88.18108,22.23245],[88.18105,22.23186],[88.18232,22.23164],[88.18241,22.22861],[88.18034,22.22896],[88.18016,22.23132],[88.17901,22.23187],[88.17899,22.23013],[88.17969,22.22989],[88.17924,22.22887],[88.1781,22.22906],[88.1776,22.22828],[88.17608,22.22755],[88.17446,22.22751],[88.17318,22.22822],[88.17053,22.22804],[88.16871,22.22917],[88.16851,22.22981],[88.16525,22.23045],[88.1653,22.23121],[88.1635,22.23409],[88.16229,22.23405],[88.15995,22.23512],[88.15916,22.23486],[88.15825,22.23552],[88.15667,22.2353],[88.15624,22.23453],[88.15492,22.23493],[88.15552,22.2336],[88.15537,22.23212],[88.15436,22.23167],[88.15431,22.23055],[88.15349,22.23046],[88.15221,22.2289],[88.14954,22.22918],[88.14987,22.2263],[88.1507,22.22461],[88.14717,22.22381],[88.1501,22.22036],[88.15042,22.21932],[88.1499,22.21891],[88.14818,22.21936],[88.14709,22.22042],[88.14526,22.22019],[88.14292,22.21873],[88.14149,22.21597],[88.14082,22.211],[88.13311,22.2091],[88.1328,22.20861],[88.13372,22.20314],[88.13277,22.20217],[88.13176,22.20209],[88.12943,22.20321],[88.12504,22.20648],[88.12443,22.20671],[88.12389,22.2055],[88.12278,22.20635],[88.12273,22.20712],[88.11838,22.20826],[88.1168,22.20945],[88.11505,22.20913]]]}},{"type":"Feature","bbox":[88.08981,22.2568,88.27458,22.36521],"properties":{"kind":"block","block":"Falta","lgd":2757},"geometry":{"type":"Polygon","coordinates":[[[88.13554,22.28412],[88.1355,22.28653],[88.1333,22.28676],[88.13315,22.28738],[88.1311,22.28792],[88.13078,22.2873],[88.13008,22.28751],[88.13024,22.28815],[88.12936,22.2888],[88.12733,22.28905],[88.12567,22.28845],[88.12568,22.28758],[88.12502,22.28695],[88.12566,22.28616],[88.1243,22.28329],[88.12256,22.28395],[88.12215,22.28481],[88.12141,22.28441],[88.12071,22.28521],[88.12081,22.28679],[88.11983,22.28711],[88.1189,22.28609],[88.11874,22.28505],[88.11788,22.28475],[88.11606,22.28546],[88.11563,22.28461],[88.11138,22.28423],[88.11136,22.2849],[88.10956,22.28584],[88.10908,22.28667],[88.10795,22.28563],[88.10611,22.28507],[88.10454,22.28617],[88.10408,22.28732],[88.10268,22.28803],[88.08984,22.29056],[88.09607,22.30432],[88.09692,22.30702],[88.09769,22.31244],[88.09601,22.32938],[88.0965,22.33355],[88.09623,22.3406],[88.0971,22.34778],[88.09546,22.35319],[88.09427,22.35544],[88.09232,22.3569],[88.08989,22.35977],[88.08981,22.36159],[88.09135,22.36521],[88.10555,22.36232],[88.10634,22.36107],[88.10801,22.35991],[88.10818,22.35869],[88.11074,22.35824],[88.11095,22.36004],[88.11406,22.35962],[88.11632,22.35837],[88.11906,22.35764],[88.11921,22.35592],[88.1228,22.3558],[88.12377,22.3545],[88.12482,22.35441],[88.1259,22.35357],[88.12685,22.35345],[88.13047,22.35556],[88.13145,22.35751],[88.13239,22.35745],[88.13296,22.35666],[88.13408,22.35696],[88.13438,22.35616],[88.13812,22.35575],[88.13977,22.35602],[88.14209,22.35467],[88.14215,22.35398],[88.14019,22.35217],[88.14154,22.35183],[88.14233,22.35188],[88.14357,22.35444],[88.14502,22.35525],[88.14731,22.35515],[88.14731,22.35584],[88.15017,22.35576],[88.1505,22.35478],[88.14936,22.35518],[88.14936,22.35458],[88.14995,22.35444],[88.15001,22.35303],[88.15122,22.35369],[88.15128,22.35499],[88.15307,22.35499],[88.1541,22.35419],[88.1546,22.35521],[88.15572,22.35555],[88.15695,22.35432],[88.15807,22.35401],[88.15827,22.35313],[88.1621,22.3534],[88.16296,22.3527],[88.16318,22.35097],[88.16376,22.35064],[88.16768,22.35019],[88.16852,22.35121],[88.16919,22.3512],[88.16925,22.35195],[88.16866,22.35209],[88.16904,22.35277],[88.17223,22.35217],[88.17286,22.35272],[88.17334,22.35226],[88.17313,22.35092],[88.17445,22.35094],[88.17505,22.35047],[88.1745,22.34561],[88.17512,22.34489],[88.17744,22.34436],[88.17848,22.34563],[88.18022,22.3451],[88.18113,22.34522],[88.18188,22.34646],[88.18298,22.34615],[88.18651,22.34465],[88.18717,22.34194],[88.18825,22.34249],[88.18883,22.34215],[88.18883,22.34127],[88.18962,22.34092],[88.19073,22.34112],[88.19171,22.3404],[88.19383,22.34065],[88.19391,22.33906],[88.19261,22.339],[88.19332,22.33819],[88.19597,22.33857],[88.1955,22.33789],[88.19581,22.33726],[88.19786,22.33878],[88.1998,22.33875],[88.20057,22.33749],[88.20077,22.33575],[88.20156,22.3356],[88.20202,22.33612],[88.20121,22.33728],[88.20176,22.34072],[88.20421,22.34054],[88.20445,22.34141],[88.2064,22.34075],[88.2083,22.33934],[88.21042,22.33913],[88.21019,22.33817],[88.21127,22.33791],[88.21111,22.33445],[88.21157,22.33372],[88.21338,22.33367],[88.21347,22.33236],[88.21421,22.33227],[88.21386,22.33115],[88.2164,22.33198],[88.21801,22.33199],[88.21996,22.33329],[88.22047,22.33458],[88.22134,22.33514],[88.22264,22.33405],[88.22457,22.33366],[88.22552,22.33428],[88.22648,22.33341],[88.22638,22.33267],[88.22806,22.33176],[88.22699,22.32785],[88.22888,22.32793],[88.22888,22.32736],[88.23014,22.3271],[88.23063,22.32793],[88.2347,22.32666],[88.23842,22.32628],[88.23906,22.32562],[88.24125,22.32522],[88.24288,22.32858],[88.24223,22.33074],[88.24343,22.33284],[88.24497,22.33286],[88.24727,22.33204],[88.24726,22.33126],[88.24895,22.32964],[88.25313,22.32743],[88.25355,22.32638],[88.25288,22.32463],[88.2532,22.32387],[88.2559,22.3234],[88.2566,22.32224],[88.2596,22.32301],[88.26227,22.32491],[88.26428,22.3248],[88.26514,22.32359],[88.26453,22.32242],[88.26313,22.32229],[88.26209,22.32159],[88.26147,22.31721],[88.26258,22.31656],[88.26405,22.31817],[88.26587,22.31757],[88.26654,22.31685],[88.26563,22.3122],[88.26474,22.312],[88.26465,22.31139],[88.26552,22.31102],[88.26476,22.30777],[88.26624,22.30662],[88.26714,22.30669],[88.26793,22.3054],[88.26746,22.30337],[88.267,22.30339],[88.2653,22.30007],[88.26501,22.29696],[88.26547,22.29673],[88.26587,22.29732],[88.26793,22.297],[88.26991,22.29235],[88.26986,22.29015],[88.268,22.28722],[88.26583,22.28584],[88.26656,22.28516],[88.26571,22.28399],[88.26583,22.28289],[88.26524,22.28193],[88.26506,22.28017],[88.26625,22.27927],[88.26761,22.27954],[88.26767,22.27702],[88.26946,22.2751],[88.27052,22.27015],[88.27143,22.27073],[88.27203,22.27052],[88.27231,22.26952],[88.27309,22.26951],[88.27338,22.26773],[88.27444,22.2677],[88.27447,22.26686],[88.27371,22.2665],[88.27437,22.26472],[88.27383,22.26397],[88.27393,22.2618],[88.27458,22.26168],[88.27428,22.26083],[88.2728,22.26099],[88.27222,22.25966],[88.27011,22.2602],[88.26984,22.26088],[88.26901,22.26104],[88.26939,22.25958],[88.26874,22.2586],[88.26664,22.25739],[88.26499,22.2573],[88.26445,22.25759],[88.26474,22.2583],[88.26376,22.25841],[88.26369,22.25688],[88.26291,22.2569],[88.26283,22.25808],[88.2616,22.25815],[88.26153,22.25755],[88.26216,22.25734],[88.26201,22.2568],[88.25834,22.25693],[88.25738,22.25759],[88.25561,22.25765],[88.25433,22.25703],[88.25379,22.25726],[88.25382,22.2588],[88.25297,22.25913],[88.25191,22.25742],[88.25124,22.25756],[88.25026,22.25979],[88.24244,22.26118],[88.24251,22.2634],[88.24172,22.26368],[88.24176,22.26429],[88.23928,22.26453],[88.23899,22.26371],[88.23804,22.26365],[88.23754,22.26529],[88.23607,22.26581],[88.23555,22.263],[88.23452,22.26323],[88.23436,22.26277],[88.23045,22.26336],[88.22462,22.26663],[88.22246,22.26643],[88.2206,22.26706],[88.21505,22.26625],[88.20855,22.26672],[88.20521,22.26742],[88.20065,22.27319],[88.19983,22.27315],[88.19947,22.27152],[88.19797,22.27097],[88.19758,22.27177],[88.19692,22.27114],[88.19484,22.27177],[88.19366,22.27117],[88.1936,22.27236],[88.19257,22.27372],[88.18925,22.27329],[88.1861,22.27387],[88.18332,22.27292],[88.18199,22.27201],[88.18166,22.27116],[88.18084,22.271],[88.18006,22.27194],[88.1806,22.27368],[88.17973,22.27364],[88.1793,22.27522],[88.17715,22.2743],[88.17724,22.27319],[88.17657,22.273],[88.17696,22.27228],[88.17667,22.27154],[88.17603,22.27074],[88.17523,22.27086],[88.1757,22.27249],[88.17501,22.27244],[88.17514,22.2745],[88.17593,22.27613],[88.17359,22.27686],[88.17302,22.27629],[88.17079,22.27638],[88.17045,22.27741],[88.16814,22.27678],[88.16218,22.27719],[88.16206,22.28217],[88.15972,22.28143],[88.15831,22.28171],[88.15817,22.28244],[88.15653,22.28264],[88.15523,22.28173],[88.15216,22.28198],[88.15071,22.2827],[88.14994,22.28172],[88.14841,22.28108],[88.14662,22.28179],[88.14475,22.28102],[88.14437,22.28],[88.14372,22.27965],[88.14068,22.27981],[88.14141,22.28146],[88.14033,22.28271],[88.13836,22.28238],[88.13786,22.284],[88.13554,22.28412]]]}},{"type":"Feature","bbox":[88.68443,21.53416,89.15112,22.20627],"properties":{"kind":"block","block":"Gosaba","lgd":2758},"geometry":{"type":"MultiPolygon","coordinates":[[[[88.8378,21.60478],[88.84023,21.60428],[88.84555,21.60209],[88.85558,21.5997],[88.86126,21.59763],[88.86619,21.59715],[88.86708,21.59634],[88.86893,21.59667],[88.87034,21.59531],[88.87298,21.59442],[88.87586,21.59258],[88.87844,21.58928],[88.87849,21.58826],[88.87903,21.58808],[88.87993,21.58871],[88.88137,21.58657],[88.88489,21.58306],[88.88889,21.58095],[88.89189,21.5812],[88.89417,21.5791],[88.89624,21.57537],[88.89711,21.57559],[88.89745,21.57525],[88.90368,21.56137],[88.90572,21.55564],[88.90573,21.55123],[88.90628,21.54829],[88.90599,21.54756],[88.90134,21.54461],[88.90068,21.54333],[88.89666,21.54179],[88.8916,21.53803],[88.88787,21.53677],[88.88596,21.53555],[88.88142,21.53416],[88.87777,21.53493],[88.8766,21.53494],[88.87609,21.5344],[88.87456,21.53537],[88.8737,21.53458],[88.86327,21.53635],[88.86171,21.53587],[88.85942,21.53629],[88.85849,21.536],[88.85789,21.53614],[88.85785,21.53717],[88.85693,21.53742],[88.85595,21.53663],[88.85181,21.54006],[88.84884,21.54058],[88.84808,21.54245],[88.84197,21.54616],[88.84234,21.54779],[88.83964,21.54794],[88.83998,21.5487],[88.83969,21.54909],[88.83758,21.54926],[88.83664,21.54995],[88.83507,21.55014],[88.83385,21.54979],[88.83108,21.55126],[88.83047,21.5531],[88.83116,21.55381],[88.83007,21.55442],[88.82995,21.55503],[88.83038,21.55634],[88.82982,21.56022],[88.82755,21.56356],[88.82683,21.566],[88.8285,21.56581],[88.82952,21.5662],[88.82898,21.57052],[88.82975,21.57188],[88.82828,21.57261],[88.82613,21.57194],[88.82601,21.57278],[88.82643,21.57451],[88.82752,21.57495],[88.82699,21.57829],[88.82772,21.57859],[88.82763,21.57963],[88.8292,21.58277],[88.82895,21.58574],[88.82997,21.59307],[88.82945,21.59458],[88.83061,21.5972],[88.82979,21.60318],[88.83014,21.60368],[88.83148,21.60398],[88.83209,21.60847],[88.83258,21.60906],[88.83401,21.60804],[88.83597,21.6079],[88.83698,21.60543],[88.8378,21.60478]]],[[[89.14713,21.60011],[89.14819,21.60099],[89.14948,21.60121],[89.15079,21.60051],[89.15112,21.59867],[89.1504,21.59663],[89.14869,21.59447],[89.14728,21.59351],[89.14334,21.59245],[89.13889,21.59296],[89.13604,21.59483],[89.13519,21.59642],[89.13505,21.59778],[89.13576,21.60059],[89.13701,21.60141],[89.13919,21.60133],[89.14005,21.60033],[89.13941,21.5965],[89.14102,21.59535],[89.14392,21.596],[89.1452,21.59721],[89.14636,21.60038],[89.14713,21.60011]]],[[[88.94687,21.6007],[88.94792,21.59909],[88.94818,21.59692],[88.94721,21.59571],[88.94649,21.59552],[88.94561,21.59654],[88.94468,21.59927],[88.94494,21.59991],[88.94687,21.6007]]],[[[88.7738,21.64011],[88.7734,21.6372],[88.77157,21.63178],[88.77296,21.62577],[88.77604,21.61959],[88.7911,21.60393],[88.79394,21.60007],[88.79723,21.59708],[88.80005,21.59124],[88.79705,21.58802],[88.79481,21.58212],[88.78417,21.57701],[88.77812,21.5749],[88.77611,21.56984],[88.75974,21.56478],[88.74672,21.56514],[88.74203,21.56219],[88.73869,21.56402],[88.72624,21.56664],[88.72023,21.56948],[88.71544,21.57246],[88.71236,21.57723],[88.70859,21.58472],[88.70721,21.59015],[88.70827,21.59782],[88.71077,21.60547],[88.71209,21.61471],[88.71749,21.62278],[88.7185,21.62661],[88.71884,21.63474],[88.7175,21.64401],[88.71397,21.65127],[88.70636,21.66083],[88.68726,21.67931],[88.68443,21.68431],[88.68666,21.68948],[88.69251,21.72016],[88.69341,21.72066],[88.69483,21.71861],[88.69826,21.71045],[88.69932,21.69528],[88.7018,21.68787],[88.70778,21.68137],[88.7303,21.66409],[88.74379,21.65212],[88.74978,21.64962],[88.75242,21.64801],[88.75923,21.65246],[88.76898,21.65595],[88.77466,21.64929],[88.77691,21.64346],[88.7738,21.64011]]],[[[89.029,21.86747],[89.03134,21.86396],[89.02951,21.85405],[89.02753,21.85024],[89.02915,21.84548],[89.02844,21.8314],[89.02235,21.82165],[89.01833,21.81772],[89.01604,21.81276],[89.01237,21.79423],[89.014,21.79037],[89.01579,21.77974],[89.01928,21.77044],[89.01946,21.76615],[89.02253,21.76092],[89.02445,21.76045],[89.0323,21.75223],[89.03775,21.74449],[89.0418,21.74105],[89.05592,21.73252],[89.05561,21.72756],[89.05896,21.72572],[89.06157,21.7223],[89.06223,21.71753],[89.06409,21.713],[89.07027,21.70615],[89.07166,21.70185],[89.07186,21.69914],[89.06841,21.69422],[89.06742,21.6922],[89.06764,21.69107],[89.06884,21.69038],[89.07269,21.68988],[89.08126,21.6812],[89.0853,21.67664],[89.09356,21.66368],[89.09433,21.65036],[89.0942,21.64134],[89.08783,21.63443],[89.08297,21.63223],[89.07979,21.62934],[89.07805,21.62553],[89.07528,21.62384],[89.07398,21.62182],[89.07118,21.61994],[89.07117,21.61915],[89.06813,21.61738],[89.06072,21.61573],[89.05049,21.61557],[89.05112,21.61691],[89.05067,21.61951],[89.04949,21.62145],[89.0488,21.62394],[89.03788,21.63183],[89.03195,21.63504],[89.02918,21.63513],[89.02681,21.63854],[89.0259,21.64217],[89.02426,21.64557],[89.02503,21.64895],[89.02701,21.65254],[89.02648,21.65819],[89.02407,21.65822],[89.02133,21.65193],[89.02004,21.6463],[89.01996,21.64043],[89.02325,21.63407],[89.0285,21.62972],[89.03329,21.62763],[89.0352,21.6258],[89.03517,21.62354],[89.03654,21.61833],[89.03554,21.61541],[89.02767,21.60512],[89.02378,21.60291],[89.01728,21.60344],[89.01245,21.60305],[89.00667,21.6038],[88.99798,21.60323],[88.99776,21.60481],[88.9983,21.60909],[88.99792,21.61655],[88.99914,21.61811],[88.99727,21.62197],[88.99534,21.62222],[88.98947,21.61597],[88.97981,21.61541],[88.96829,21.61983],[88.96064,21.62489],[88.95415,21.62722],[88.94987,21.63156],[88.94514,21.63862],[88.94038,21.64364],[88.93872,21.64614],[88.94297,21.6567],[88.94352,21.66211],[88.95283,21.68119],[88.95131,21.69385],[88.94901,21.70201],[88.94639,21.70497],[88.93684,21.71267],[88.92126,21.72152],[88.92177,21.72355],[88.92746,21.7319],[88.93091,21.73879],[88.93171,21.74443],[88.9313,21.74985],[88.92276,21.76124],[88.92084,21.76239],[88.91744,21.76062],[88.91621,21.75905],[88.91591,21.75522],[88.91731,21.75137],[88.92018,21.74885],[88.9223,21.74476],[88.92202,21.74183],[88.91858,21.73781],[88.91684,21.73421],[88.91439,21.73153],[88.91387,21.72883],[88.91376,21.72048],[88.91467,21.71618],[88.9211,21.70956],[88.92589,21.70612],[88.93516,21.70282],[88.93949,21.69664],[88.94013,21.68904],[88.93296,21.66426],[88.9286,21.6552],[88.92594,21.64618],[88.92297,21.63231],[88.91749,21.63213],[88.90908,21.63992],[88.90473,21.64589],[88.89107,21.65239],[88.88413,21.66117],[88.88251,21.67396],[88.87969,21.68534],[88.87145,21.69483],[88.86965,21.70417],[88.87001,21.71036],[88.87161,21.71909],[88.88026,21.74586],[88.87722,21.76661],[88.87334,21.77196],[88.86349,21.77849],[88.85832,21.78104],[88.85022,21.78242],[88.84001,21.78189],[88.83506,21.78279],[88.83491,21.7858],[88.83902,21.79444],[88.84117,21.80661],[88.84153,21.81563],[88.83739,21.83193],[88.8368,21.84303],[88.83837,21.84783],[88.84298,21.85554],[88.85374,21.86625],[88.85451,21.87968],[88.85315,21.88889],[88.84964,21.89648],[88.83987,21.90639],[88.83375,21.91],[88.82543,21.91388],[88.82249,21.91862],[88.82062,21.92338],[88.81901,21.92926],[88.81975,21.93061],[88.82159,21.93019],[88.8282,21.92627],[88.83393,21.9209],[88.83861,21.9178],[88.8493,21.91272],[88.85969,21.91271],[88.86783,21.91578],[88.87489,21.91988],[88.87862,21.91871],[88.88162,21.91698],[88.88838,21.91645],[88.90259,21.92103],[88.90843,21.92434],[88.91182,21.93088],[88.91744,21.92875],[88.92485,21.92257],[88.93731,21.91475],[88.98386,21.89525],[89.02482,21.87131],[89.029,21.86747]]],[[[88.99585,22.20382],[88.99706,22.2055],[89.01392,22.20079],[89.01905,22.19826],[89.02128,22.1953],[89.02274,22.19176],[89.02345,22.18858],[89.02126,22.17676],[89.02126,22.16772],[89.02279,22.16042],[89.02474,22.15523],[89.02943,22.14907],[89.03341,22.14538],[89.04516,22.13902],[89.04952,22.13579],[89.05411,22.13057],[89.05948,22.1209],[89.05967,22.12015],[89.05589,22.11949],[89.05076,22.1162],[89.04542,22.11058],[89.04162,22.10562],[89.04007,22.10249],[89.03786,22.09421],[89.03847,22.08468],[89.03989,22.07634],[89.04328,22.06167],[89.04559,22.05807],[89.04781,22.05311],[89.05163,22.04861],[89.05533,22.04036],[89.07274,22.01926],[89.07606,22.01134],[89.07723,22.00639],[89.07758,21.9999],[89.07873,21.99476],[89.07967,21.98397],[89.07669,21.96677],[89.07626,21.95937],[89.07274,21.94444],[89.06953,21.93388],[89.06799,21.93165],[89.06424,21.93038],[89.05131,21.93003],[89.03514,21.92699],[89.03022,21.92881],[89.02782,21.92889],[89.027,21.93029],[89.02496,21.93101],[89.0141,21.94062],[89.00746,21.94392],[89.00244,21.94538],[89.00024,21.94692],[89.0,21.9479],[88.99914,21.94822],[88.99739,21.95025],[88.9963,21.95494],[88.9974,21.95754],[88.99876,21.95819],[89.0,21.95806],[89.0,21.95858],[88.99912,21.95903],[88.99988,21.96072],[89.00679,21.9669],[89.01245,21.97296],[89.0141,21.97672],[89.01433,21.97999],[89.01182,21.98426],[89.00736,21.98608],[89.00208,21.98548],[89.0011,21.98604],[89.00154,21.98667],[89.00895,21.98993],[89.01549,21.99498],[89.01807,21.99587],[89.02365,21.99609],[89.02717,21.99751],[89.03038,22.00105],[89.02906,22.00173],[89.02744,22.0011],[89.02644,21.99891],[89.02479,21.9978],[89.01702,21.99773],[89.01374,21.99653],[89.00653,21.99075],[89.00032,21.98767],[88.99895,21.98453],[88.98938,21.97426],[88.98829,21.97439],[88.98902,21.98341],[88.98629,21.98682],[88.98378,21.98911],[88.9721,21.99207],[88.96935,21.9938],[88.96952,21.99763],[88.971,22.00009],[88.9644,22.00609],[88.95359,22.01219],[88.93565,22.01181],[88.93064,22.00052],[88.93392,21.9927],[88.93293,21.99079],[88.93109,21.9889],[88.92219,21.98314],[88.91781,21.98093],[88.91672,21.98117],[88.916,21.98174],[88.91509,21.9857],[88.91402,21.98718],[88.91196,21.99544],[88.91511,22.00846],[88.90808,22.00974],[88.90247,22.00385],[88.90242,22.00046],[88.90165,21.99686],[88.90313,21.98079],[88.90454,21.97761],[88.90523,21.97467],[88.90809,21.97147],[88.90829,21.96808],[88.90767,21.95836],[88.90562,21.94957],[88.90625,21.94279],[88.90635,21.93216],[88.90436,21.92789],[88.89705,21.92413],[88.89293,21.92373],[88.88668,21.92171],[88.882,21.92409],[88.87537,21.92433],[88.86767,21.92377],[88.85824,21.92036],[88.85155,21.92155],[88.84211,21.92476],[88.83709,21.93109],[88.83079,21.93745],[88.82388,21.94105],[88.81614,21.94177],[88.80944,21.94074],[88.80575,21.93807],[88.80434,21.93269],[88.79987,21.92675],[88.79904,21.9221],[88.80526,21.91271],[88.81328,21.90383],[88.82039,21.90127],[88.82763,21.90006],[88.83339,21.89638],[88.8398,21.88636],[88.83999,21.88206],[88.83822,21.87666],[88.83254,21.867],[88.82007,21.83776],[88.82222,21.82598],[88.82598,21.81735],[88.82906,21.81257],[88.83083,21.80807],[88.82661,21.80226],[88.82242,21.79426],[88.8215,21.78824],[88.82148,21.78144],[88.82455,21.77437],[88.83258,21.7662],[88.83741,21.76606],[88.84812,21.76434],[88.86374,21.76359],[88.8647,21.76144],[88.86314,21.75484],[88.85211,21.74415],[88.84506,21.73035],[88.84116,21.71688],[88.84042,21.69927],[88.84316,21.68245],[88.85005,21.66624],[88.85736,21.65319],[88.86075,21.64468],[88.86155,21.64094],[88.85824,21.63725],[88.85544,21.6357],[88.85409,21.63345],[88.84972,21.63169],[88.84716,21.6298],[88.84739,21.62912],[88.84884,21.62911],[88.84991,21.62808],[88.84929,21.62707],[88.84495,21.62734],[88.84409,21.62645],[88.8442,21.62531],[88.84647,21.62337],[88.84669,21.62156],[88.84559,21.6191],[88.84316,21.61948],[88.84003,21.62061],[88.8386,21.62176],[88.8351,21.62214],[88.83234,21.62364],[88.82812,21.62425],[88.82621,21.62574],[88.8255,21.6271],[88.82478,21.62734],[88.82367,21.62554],[88.82188,21.62726],[88.81935,21.6274],[88.81864,21.62899],[88.81729,21.62731],[88.81249,21.62928],[88.80818,21.63215],[88.80449,21.63716],[88.80496,21.63883],[88.81083,21.64403],[88.82003,21.6579],[88.82116,21.66071],[88.82244,21.66702],[88.82216,21.67347],[88.81985,21.68152],[88.81744,21.68719],[88.8174,21.69318],[88.81942,21.70073],[88.81839,21.70481],[88.81459,21.71073],[88.80934,21.71576],[88.80536,21.71614],[88.80298,21.71753],[88.79431,21.71562],[88.78581,21.71193],[88.7708,21.70132],[88.76777,21.70045],[88.76426,21.70037],[88.76271,21.70197],[88.76266,21.70443],[88.7653,21.70644],[88.77293,21.70969],[88.78072,21.71443],[88.78391,21.71907],[88.78439,21.72337],[88.7832,21.72752],[88.7809,21.73196],[88.78464,21.73368],[88.79346,21.73599],[88.79383,21.73701],[88.79349,21.73836],[88.79146,21.74008],[88.78735,21.74058],[88.78615,21.74138],[88.78605,21.74285],[88.78971,21.7453],[88.79057,21.74676],[88.79144,21.74878],[88.79049,21.75003],[88.78927,21.74914],[88.7835,21.74141],[88.78408,21.73982],[88.78648,21.73855],[88.78963,21.73875],[88.7899,21.73787],[88.78143,21.73533],[88.77704,21.73244],[88.77335,21.73341],[88.75683,21.73474],[88.75587,21.73532],[88.7551,21.74448],[88.75715,21.75088],[88.75851,21.75358],[88.76265,21.75624],[88.76534,21.75915],[88.7672,21.76252],[88.76721,21.76331],[88.76531,21.76615],[88.76218,21.76754],[88.75518,21.7684],[88.75121,21.76946],[88.75013,21.77049],[88.75014,21.77128],[88.75088,21.77206],[88.75662,21.77697],[88.75773,21.77899],[88.76568,21.78636],[88.76877,21.7922],[88.77017,21.79806],[88.77167,21.80189],[88.77646,21.8076],[88.7777,21.81052],[88.77644,21.81641],[88.77757,21.81956],[88.78076,21.82314],[88.78115,21.82517],[88.7791,21.82609],[88.77704,21.82544],[88.77707,21.82336],[88.77566,21.82105],[88.77403,21.81677],[88.77507,21.81342],[88.77483,21.81025],[88.77023,21.80545],[88.7668,21.79874],[88.76412,21.78957],[88.75736,21.78249],[88.7548,21.78049],[88.75042,21.77839],[88.74662,21.77391],[88.74553,21.77324],[88.74692,21.7686],[88.74834,21.76621],[88.7535,21.76311],[88.75772,21.76261],[88.75977,21.7618],[88.75947,21.76041],[88.75318,21.75204],[88.75084,21.73783],[88.75235,21.7333],[88.75761,21.7285],[88.76604,21.72683],[88.77305,21.72653],[88.77593,21.72537],[88.77712,21.72355],[88.77757,21.72128],[88.77307,21.71894],[88.76656,21.7171],[88.76043,21.71293],[88.75758,21.7087],[88.75655,21.70297],[88.75947,21.69701],[88.76384,21.69429],[88.7687,21.69369],[88.77647,21.69601],[88.79102,21.70339],[88.79933,21.7063],[88.80687,21.70665],[88.80993,21.70448],[88.80846,21.68398],[88.80697,21.67577],[88.80794,21.66268],[88.80365,21.65929],[88.79645,21.65592],[88.79216,21.65618],[88.78362,21.66011],[88.77681,21.66393],[88.77026,21.66572],[88.76282,21.66435],[88.75712,21.66272],[88.75,21.65817],[88.74479,21.66083],[88.74009,21.66633],[88.72791,21.67721],[88.71762,21.6835],[88.71141,21.68958],[88.70913,21.69677],[88.7049,21.71826],[88.69785,21.73405],[88.69376,21.74531],[88.69459,21.75344],[88.69958,21.76153],[88.70481,21.77165],[88.71128,21.78698],[88.71234,21.79977],[88.71115,21.80689],[88.70766,21.81364],[88.6993,21.83647],[88.69604,21.84259],[88.69758,21.84957],[88.69888,21.85907],[88.71325,21.88991],[88.71587,21.90355],[88.71656,21.9207],[88.72275,21.93215],[88.72388,21.96646],[88.72549,21.97954],[88.74084,21.98796],[88.74355,21.99177],[88.75039,21.99757],[88.75188,22.00094],[88.75146,22.00623],[88.73331,22.00666],[88.73417,22.00933],[88.73933,22.01835],[88.74012,22.02064],[88.74041,22.02528],[88.73603,22.03607],[88.73207,22.04144],[88.72824,22.04419],[88.73808,22.05359],[88.74075,22.06059],[88.74078,22.06159],[88.73965,22.06232],[88.74121,22.06546],[88.74249,22.06647],[88.74335,22.06655],[88.74757,22.07145],[88.74955,22.08055],[88.75175,22.08382],[88.7546,22.08689],[88.75652,22.08804],[88.76521,22.09102],[88.7675,22.09268],[88.76926,22.09266],[88.77041,22.09326],[88.77093,22.10279],[88.77186,22.10475],[88.77193,22.10708],[88.77296,22.10718],[88.77536,22.11029],[88.77749,22.11161],[88.78493,22.11483],[88.79585,22.11343],[88.79621,22.11405],[88.79576,22.1167],[88.79598,22.11883],[88.79835,22.12538],[88.79909,22.12657],[88.8048,22.13019],[88.80666,22.13272],[88.80771,22.13274],[88.81298,22.13026],[88.81524,22.12992],[88.81664,22.12871],[88.81985,22.12721],[88.82011,22.12812],[88.82199,22.12752],[88.82313,22.12646],[88.82869,22.12647],[88.83692,22.1253],[88.84195,22.12404],[88.84221,22.12346],[88.84525,22.12199],[88.84693,22.12008],[88.84954,22.11457],[88.85046,22.10711],[88.85167,22.10494],[88.86222,22.09497],[88.86812,22.091],[88.87095,22.08986],[88.87526,22.08933],[88.88326,22.08652],[88.89316,22.09171],[88.89909,22.09239],[88.90487,22.09171],[88.90772,22.09057],[88.91072,22.08865],[88.91239,22.08954],[88.91511,22.08984],[88.9174,22.0912],[88.91857,22.09218],[88.9221,22.09719],[88.92292,22.09914],[88.92371,22.09902],[88.92418,22.09989],[88.92435,22.10181],[88.92355,22.10352],[88.9236,22.10459],[88.92435,22.10519],[88.92402,22.10838],[88.92172,22.1141],[88.91942,22.11793],[88.91892,22.11983],[88.91552,22.1233],[88.90983,22.12741],[88.90126,22.13959],[88.8993,22.14171],[88.89992,22.1435],[88.8998,22.14791],[88.89936,22.14898],[88.89141,22.15598],[88.89099,22.15669],[88.89105,22.15828],[88.89039,22.15921],[88.88557,22.16359],[88.88646,22.16664],[88.88728,22.16774],[88.88751,22.17143],[88.88958,22.17571],[88.8914,22.17571],[88.89362,22.17755],[88.89569,22.17794],[88.90113,22.17755],[88.9014,22.17666],[88.90997,22.16918],[88.91349,22.1671],[88.9168,22.16673],[88.92053,22.16894],[88.92046,22.17155],[88.91831,22.17558],[88.92258,22.17935],[88.92715,22.17954],[88.92846,22.17895],[88.9305,22.17701],[88.9322,22.17639],[88.93278,22.17723],[88.93291,22.17912],[88.93466,22.1818],[88.93995,22.18391],[88.94378,22.18414],[88.94509,22.18475],[88.94474,22.18571],[88.94194,22.18772],[88.94013,22.18994],[88.94,22.19196],[88.94237,22.19362],[88.94406,22.19375],[88.94936,22.1921],[88.95037,22.1924],[88.95119,22.19184],[88.9593,22.19326],[88.96188,22.19552],[88.97019,22.2005],[88.96962,22.20308],[88.96713,22.20627],[88.96967,22.20431],[88.97345,22.20243],[88.97569,22.20147],[88.97968,22.20085],[88.98879,22.20187],[88.99373,22.20314],[88.99585,22.20382]]],[[[89.00977,21.98033],[89.00997,21.9774],[89.00495,21.97261],[88.9942,21.96484],[88.98875,21.95532],[88.98857,21.95104],[88.98924,21.94782],[88.99112,21.94408],[88.99484,21.94201],[89.00193,21.93978],[89.00685,21.93735],[89.0133,21.93152],[89.01697,21.92641],[89.01931,21.92108],[89.01655,21.9139],[89.0164,21.91165],[89.01441,21.90795],[89.01308,21.9074],[89.01279,21.90379],[89.01229,21.90301],[88.99951,21.90463],[88.99483,21.90616],[88.98908,21.90961],[88.9825,21.91465],[88.96763,21.92194],[88.9661,21.92382],[88.96302,21.92527],[88.94648,21.92878],[88.94097,21.93234],[88.93631,21.936],[88.92882,21.94511],[88.92842,21.95142],[88.92494,21.96127],[88.92487,21.96511],[88.92611,21.96746],[88.93646,21.97457],[88.94089,21.97935],[88.94436,21.98608],[88.94482,21.99329],[88.94364,22.00087],[88.94628,22.00005],[88.9539,21.99996],[88.95388,21.99883],[88.95616,21.99711],[88.96484,21.99554],[88.96601,21.99271],[88.96885,21.98884],[88.9709,21.98848],[88.97487,21.98674],[88.98307,21.98551],[88.98439,21.98459],[88.98378,21.97602],[88.98496,21.97353],[88.98759,21.97147],[88.9894,21.97144],[88.99244,21.97242],[89.00448,21.98243],[89.00654,21.98263],[89.00977,21.98033]]]]}},{"type":"Feature","bbox":[88.40776,22.15533,88.59128,22.28175],"properties":{"kind":"block","block":"Jaynagar-I","lgd":2759},"geometry":{"type":"Polygon","coordinates":[[[88.42717,22.16138],[88.42523,22.15974],[88.42448,22.16036],[88.42265,22.15794],[88.42026,22.15623],[88.41864,22.15628],[88.41843,22.15533],[88.4179,22.15604],[88.41895,22.15722],[88.41838,22.15782],[88.41749,22.15753],[88.41699,22.15823],[88.41736,22.15875],[88.41496,22.16037],[88.41554,22.16156],[88.41277,22.16271],[88.41189,22.16237],[88.40962,22.16354],[88.41341,22.16803],[88.4159,22.16999],[88.41499,22.17122],[88.41478,22.17369],[88.41304,22.17353],[88.41216,22.17401],[88.41039,22.17285],[88.40963,22.17297],[88.4119,22.17473],[88.4122,22.1801],[88.40916,22.18114],[88.40926,22.18223],[88.40776,22.18252],[88.40834,22.18336],[88.40958,22.18338],[88.40981,22.18446],[88.41174,22.18744],[88.41388,22.18835],[88.4138,22.18988],[88.41293,22.18988],[88.41256,22.19089],[88.41687,22.19018],[88.4173,22.19116],[88.41883,22.19067],[88.41934,22.19163],[88.41825,22.1917],[88.41829,22.193],[88.41702,22.19337],[88.41768,22.19465],[88.41737,22.19519],[88.41427,22.19578],[88.41448,22.19712],[88.41504,22.19736],[88.41521,22.20117],[88.4164,22.20213],[88.41625,22.20354],[88.41561,22.20374],[88.41521,22.2051],[88.41534,22.20642],[88.41606,22.2077],[88.4161,22.20937],[88.41695,22.21068],[88.4187,22.21156],[88.4201,22.21156],[88.41875,22.21452],[88.41897,22.21727],[88.41943,22.21786],[88.42191,22.2184],[88.4216,22.21934],[88.42268,22.22005],[88.42332,22.22168],[88.42287,22.22434],[88.42395,22.2238],[88.42436,22.22403],[88.42707,22.22773],[88.42767,22.22763],[88.43032,22.22894],[88.43011,22.23077],[88.43088,22.23104],[88.43152,22.23032],[88.43154,22.22936],[88.43464,22.22793],[88.43538,22.22835],[88.43546,22.23101],[88.43623,22.23187],[88.43786,22.23175],[88.43779,22.23301],[88.43639,22.23296],[88.43559,22.23382],[88.43461,22.23247],[88.43408,22.23254],[88.43398,22.23317],[88.43334,22.23335],[88.43286,22.23589],[88.43338,22.23709],[88.4347,22.23667],[88.43698,22.23886],[88.43915,22.23837],[88.43878,22.2395],[88.43955,22.24133],[88.43881,22.2415],[88.43883,22.24204],[88.43952,22.24229],[88.4395,22.24293],[88.43867,22.24251],[88.43765,22.24278],[88.43762,22.24352],[88.4369,22.24357],[88.43667,22.24421],[88.43738,22.24483],[88.43765,22.24666],[88.43897,22.24676],[88.43892,22.24727],[88.44048,22.24698],[88.44149,22.24794],[88.44146,22.25038],[88.44212,22.25085],[88.44051,22.25253],[88.44089,22.2529],[88.44185,22.25251],[88.44266,22.25289],[88.44254,22.25377],[88.44155,22.25405],[88.44146,22.25471],[88.44246,22.25533],[88.44169,22.2558],[88.44093,22.25564],[88.43935,22.25835],[88.43951,22.26376],[88.44029,22.26399],[88.44136,22.26542],[88.4407,22.26725],[88.43963,22.26736],[88.43937,22.26782],[88.43928,22.26975],[88.44028,22.27166],[88.43969,22.27263],[88.44002,22.27506],[88.44079,22.27655],[88.44384,22.27798],[88.44462,22.2799],[88.44654,22.28001],[88.44692,22.27932],[88.44774,22.27946],[88.44787,22.28],[88.44897,22.27993],[88.4496,22.28063],[88.45098,22.28071],[88.45088,22.27974],[88.45167,22.28],[88.452,22.2795],[88.45381,22.27927],[88.4543,22.27994],[88.45786,22.27932],[88.45913,22.27842],[88.45973,22.27652],[88.46041,22.27648],[88.4608,22.27471],[88.45995,22.27203],[88.46041,22.27119],[88.46101,22.27131],[88.46116,22.27206],[88.46177,22.27193],[88.46181,22.2712],[88.46328,22.2713],[88.46483,22.27221],[88.46541,22.27354],[88.46454,22.27414],[88.46518,22.27655],[88.46557,22.2775],[88.46677,22.27806],[88.46729,22.27958],[88.46824,22.28016],[88.46851,22.28175],[88.47073,22.28096],[88.47137,22.28131],[88.47315,22.28104],[88.47314,22.28046],[88.47442,22.28017],[88.47463,22.28104],[88.47577,22.28092],[88.47573,22.27938],[88.47925,22.27909],[88.47945,22.27614],[88.48162,22.27553],[88.48244,22.27558],[88.48333,22.27729],[88.48627,22.27712],[88.48705,22.27817],[88.48723,22.27985],[88.48837,22.28049],[88.49093,22.27825],[88.49297,22.27768],[88.49305,22.2768],[88.49476,22.27604],[88.49491,22.27533],[88.5046,22.2744],[88.50859,22.27533],[88.512,22.27522],[88.51323,22.2727],[88.5158,22.27081],[88.5201,22.27005],[88.52557,22.26832],[88.5276,22.26823],[88.53043,22.26911],[88.5319,22.26884],[88.53385,22.26722],[88.53633,22.26708],[88.53805,22.26515],[88.54086,22.26328],[88.54273,22.25594],[88.54432,22.25321],[88.54665,22.25164],[88.54772,22.25003],[88.55583,22.24566],[88.56041,22.24398],[88.56515,22.24339],[88.56769,22.24244],[88.57431,22.23635],[88.57486,22.23494],[88.57403,22.23144],[88.57408,22.22817],[88.57682,22.22353],[88.58137,22.21973],[88.58561,22.21834],[88.59128,22.21485],[88.5901,22.21292],[88.58928,22.20885],[88.58829,22.20653],[88.58074,22.19779],[88.57594,22.19145],[88.57493,22.18977],[88.57498,22.18895],[88.57628,22.18778],[88.57296,22.18455],[88.5714,22.185],[88.57114,22.18572],[88.56873,22.18522],[88.56732,22.18609],[88.56407,22.18677],[88.5629,22.18761],[88.56151,22.18769],[88.56068,22.18618],[88.55425,22.18775],[88.55109,22.18622],[88.54839,22.1884],[88.54646,22.18684],[88.54333,22.18559],[88.54293,22.18644],[88.53857,22.1902],[88.5352,22.19004],[88.53486,22.19214],[88.53426,22.19285],[88.53182,22.19384],[88.53135,22.19447],[88.53053,22.19924],[88.52975,22.19943],[88.52894,22.20054],[88.52758,22.20034],[88.52704,22.2015],[88.52618,22.20184],[88.52281,22.20163],[88.52145,22.20216],[88.52097,22.20077],[88.52407,22.19883],[88.52318,22.19728],[88.52389,22.19625],[88.52393,22.19486],[88.52341,22.19203],[88.51943,22.19116],[88.51839,22.19146],[88.51758,22.19513],[88.5172,22.19533],[88.51568,22.19502],[88.51169,22.19785],[88.51018,22.19679],[88.50892,22.19658],[88.50705,22.1975],[88.50619,22.19684],[88.50543,22.19695],[88.50131,22.19953],[88.50106,22.20079],[88.49911,22.20196],[88.49684,22.20216],[88.49656,22.20258],[88.49344,22.19778],[88.49031,22.19703],[88.48564,22.20035],[88.47718,22.20338],[88.47706,22.20435],[88.47642,22.20463],[88.47658,22.20672],[88.4728,22.20768],[88.47268,22.20997],[88.47193,22.21054],[88.46895,22.21081],[88.46688,22.21171],[88.46546,22.21293],[88.46247,22.21326],[88.4625,22.21204],[88.46205,22.21164],[88.4623,22.20857],[88.45953,22.20769],[88.4594,22.20561],[88.45833,22.2057],[88.45795,22.20435],[88.45735,22.2041],[88.45668,22.20063],[88.45815,22.2002],[88.45775,22.19883],[88.45509,22.19301],[88.45549,22.19293],[88.45442,22.19021],[88.4502,22.1832],[88.44689,22.17938],[88.44666,22.17815],[88.44588,22.17742],[88.44325,22.17733],[88.4437,22.17864],[88.4487,22.18232],[88.44946,22.18373],[88.44926,22.18417],[88.4469,22.18174],[88.44091,22.17725],[88.44132,22.1767],[88.43842,22.17375],[88.43864,22.17313],[88.43245,22.16942],[88.43226,22.16986],[88.4304,22.16883],[88.43092,22.16801],[88.43068,22.16749],[88.42956,22.16759],[88.42966,22.16694],[88.42884,22.16539],[88.42952,22.16419],[88.42916,22.1634],[88.4279,22.16283],[88.42857,22.1608],[88.42749,22.16068],[88.42717,22.16138]]]}},{"type":"Feature","bbox":[88.40427,21.98042,88.55532,22.21326],"properties":{"kind":"block","block":"Jaynagar-II","lgd":2760},"geometry":{"type":"Polygon","coordinates":[[[88.47695,22.11411],[88.46269,22.11585],[88.46068,22.11526],[88.45785,22.11417],[88.45362,22.11099],[88.45221,22.11097],[88.44947,22.11583],[88.44962,22.11769],[88.45049,22.11879],[88.45413,22.11965],[88.45406,22.1201],[88.45474,22.12049],[88.45758,22.12135],[88.46199,22.12187],[88.46445,22.12115],[88.46572,22.12135],[88.46648,22.12253],[88.46619,22.1251],[88.46469,22.12807],[88.45755,22.13768],[88.45762,22.13943],[88.45826,22.14066],[88.45908,22.14184],[88.46133,22.14339],[88.46122,22.14443],[88.46059,22.14512],[88.45755,22.1463],[88.4552,22.14823],[88.45443,22.14816],[88.45395,22.14761],[88.45382,22.14327],[88.45228,22.14167],[88.45141,22.14162],[88.44785,22.14328],[88.44622,22.14215],[88.44296,22.14173],[88.43711,22.14292],[88.43483,22.14536],[88.43425,22.1474],[88.4293,22.1477],[88.42914,22.14817],[88.42634,22.14778],[88.42464,22.14635],[88.42298,22.14744],[88.41852,22.14843],[88.40427,22.14787],[88.40553,22.15186],[88.40894,22.1563],[88.4089,22.15691],[88.40715,22.15802],[88.40962,22.16354],[88.41189,22.16237],[88.41277,22.16271],[88.41554,22.16156],[88.41496,22.16037],[88.41736,22.15875],[88.41699,22.15823],[88.41749,22.15753],[88.41838,22.15782],[88.41895,22.15722],[88.4179,22.15604],[88.41843,22.15533],[88.41864,22.15628],[88.42026,22.15623],[88.42265,22.15794],[88.42448,22.16036],[88.42523,22.15974],[88.42717,22.16138],[88.42749,22.16068],[88.42857,22.1608],[88.4279,22.16283],[88.42916,22.1634],[88.42952,22.16419],[88.42884,22.16539],[88.42966,22.16694],[88.42956,22.16759],[88.43068,22.16749],[88.43092,22.16801],[88.4304,22.16883],[88.43226,22.16986],[88.43245,22.16942],[88.43864,22.17313],[88.43842,22.17375],[88.44132,22.1767],[88.44091,22.17725],[88.4469,22.18174],[88.44926,22.18417],[88.44946,22.18373],[88.4487,22.18232],[88.4437,22.17864],[88.44325,22.17733],[88.44588,22.17742],[88.44666,22.17815],[88.44689,22.17938],[88.4502,22.1832],[88.45442,22.19021],[88.45549,22.19293],[88.45509,22.19301],[88.45775,22.19883],[88.45815,22.2002],[88.45668,22.20063],[88.45735,22.2041],[88.45795,22.20435],[88.45833,22.2057],[88.4594,22.20561],[88.45953,22.20769],[88.4623,22.20857],[88.46205,22.21164],[88.4625,22.21204],[88.46247,22.21326],[88.46546,22.21293],[88.46688,22.21171],[88.46895,22.21081],[88.47193,22.21054],[88.47268,22.20997],[88.4728,22.20768],[88.47658,22.20672],[88.47642,22.20463],[88.47706,22.20435],[88.47718,22.20338],[88.48564,22.20035],[88.49031,22.19703],[88.49344,22.19778],[88.49656,22.20258],[88.49684,22.20216],[88.49911,22.20196],[88.50106,22.20079],[88.50131,22.19953],[88.50543,22.19695],[88.50619,22.19684],[88.50705,22.1975],[88.50892,22.19658],[88.51018,22.19679],[88.51169,22.19785],[88.51568,22.19502],[88.5172,22.19533],[88.51758,22.19513],[88.51839,22.19146],[88.51943,22.19116],[88.52341,22.19203],[88.52393,22.19486],[88.52389,22.19625],[88.52318,22.19728],[88.52407,22.19883],[88.52097,22.20077],[88.52145,22.20216],[88.52281,22.20163],[88.52618,22.20184],[88.52704,22.2015],[88.52758,22.20034],[88.52894,22.20054],[88.52975,22.19943],[88.53053,22.19924],[88.53135,22.19447],[88.53182,22.19384],[88.53426,22.19285],[88.53486,22.19214],[88.5352,22.19004],[88.53857,22.1902],[88.54293,22.18644],[88.54333,22.18559],[88.54304,22.18364],[88.54335,22.1828],[88.54497,22.18147],[88.54478,22.1805],[88.54887,22.1786],[88.54883,22.17746],[88.54933,22.17676],[88.5517,22.17467],[88.55133,22.17366],[88.5519,22.17313],[88.55218,22.1708],[88.55162,22.16649],[88.5524,22.16518],[88.55516,22.16272],[88.5548,22.15994],[88.55532,22.15572],[88.55459,22.15256],[88.5542,22.15161],[88.55178,22.14913],[88.55035,22.14613],[88.54682,22.14294],[88.54517,22.13986],[88.54503,22.13419],[88.53618,22.13803],[88.53554,22.13584],[88.53508,22.13575],[88.53205,22.13639],[88.52834,22.13809],[88.52569,22.13797],[88.52498,22.13297],[88.52549,22.13262],[88.52475,22.13122],[88.52646,22.13023],[88.5282,22.12764],[88.52822,22.1215],[88.52879,22.11627],[88.52967,22.1141],[88.53036,22.11008],[88.53124,22.10966],[88.53053,22.10779],[88.53014,22.10263],[88.53082,22.09772],[88.53015,22.095],[88.53016,22.09319],[88.53076,22.09184],[88.5303,22.09027],[88.53115,22.08685],[88.5312,22.08456],[88.53013,22.08063],[88.52695,22.0766],[88.52449,22.07148],[88.52498,22.06435],[88.52625,22.0617],[88.5288,22.0597],[88.53663,22.05885],[88.53972,22.05796],[88.54727,22.05459],[88.54883,22.0518],[88.55205,22.0489],[88.55365,22.04605],[88.55382,22.04278],[88.55135,22.03636],[88.5499,22.01812],[88.54838,22.0082],[88.55502,22.00687],[88.554,22.00308],[88.55252,22.0],[88.54131,21.98191],[88.53664,21.98042],[88.53565,21.98419],[88.52946,21.98666],[88.52164,21.98848],[88.51632,21.98917],[88.51708,21.98986],[88.51521,21.99337],[88.51062,21.99625],[88.50335,21.9976],[88.50072,21.99998],[88.49745,22.00512],[88.49312,22.00732],[88.48625,22.00937],[88.47755,22.01072],[88.47691,22.01215],[88.46695,22.01095],[88.46455,22.01231],[88.46335,22.01468],[88.46221,22.01468],[88.46054,22.02438],[88.46055,22.02747],[88.46287,22.03706],[88.46435,22.04131],[88.46636,22.04477],[88.48038,22.04252],[88.48677,22.04523],[88.4896,22.04725],[88.48973,22.04782],[88.49393,22.04898],[88.499,22.0489],[88.50081,22.04985],[88.50093,22.05082],[88.49901,22.0545],[88.49745,22.05635],[88.49267,22.06023],[88.49045,22.06448],[88.49066,22.06848],[88.49264,22.07331],[88.49181,22.07694],[88.49057,22.0784],[88.48473,22.08033],[88.48516,22.08141],[88.4885,22.08423],[88.49096,22.08817],[88.4909,22.09282],[88.4894,22.09651],[88.48981,22.09698],[88.48884,22.09701],[88.48526,22.09926],[88.48384,22.10293],[88.4847,22.10748],[88.48632,22.11061],[88.48693,22.11396],[88.48656,22.11493],[88.48397,22.11531],[88.47695,22.11411]]]}},{"type":"Feature","bbox":[88.1497,21.55653,88.31306,22.00238],"properties":{"kind":"block","block":"Kak Dwip","lgd":2761},"geometry":{"type":"MultiPolygon","coordinates":[[[[88.2152,21.67455],[88.20805,21.67481],[88.20586,21.67542],[88.20029,21.68135],[88.19975,21.6827],[88.19923,21.68966],[88.20384,21.69139],[88.20993,21.6922],[88.21457,21.69441],[88.21892,21.69811],[88.22043,21.70188],[88.21958,21.70757],[88.21307,21.71826],[88.21208,21.72041],[88.21125,21.72441],[88.21153,21.72851],[88.21429,21.74067],[88.21485,21.75353],[88.21456,21.75429],[88.21472,21.75575],[88.21561,21.75691],[88.21507,21.75812],[88.21496,21.76342],[88.21399,21.76777],[88.21496,21.77281],[88.21529,21.77803],[88.21391,21.78335],[88.21162,21.78783],[88.21156,21.78981],[88.20936,21.79238],[88.20661,21.79687],[88.20392,21.8062],[88.20392,21.80792],[88.20238,21.80703],[88.2007,21.81089],[88.20048,21.812],[88.20186,21.81775],[88.20239,21.82125],[88.20238,21.823],[88.20201,21.8252],[88.20119,21.82729],[88.20083,21.8308],[88.19979,21.83597],[88.1946,21.84556],[88.19269,21.84673],[88.18611,21.85476],[88.1849,21.85424],[88.18404,21.8546],[88.18105,21.85798],[88.18113,21.85956],[88.17981,21.85938],[88.17856,21.86087],[88.17897,21.86177],[88.17749,21.86156],[88.17504,21.86528],[88.17434,21.86899],[88.16759,21.87853],[88.16376,21.88303],[88.16322,21.88457],[88.16325,21.88638],[88.1646,21.89295],[88.166,21.8959],[88.16949,21.90097],[88.17218,21.91071],[88.17361,21.91181],[88.17321,21.9124],[88.17336,21.91467],[88.17154,21.92323],[88.17088,21.92928],[88.16839,21.93276],[88.1669,21.93627],[88.16465,21.93832],[88.16342,21.9405],[88.15702,21.94721],[88.15575,21.94918],[88.15094,21.9539],[88.1497,21.95766],[88.15338,21.96432],[88.16132,21.9707],[88.16808,21.97473],[88.17799,21.98714],[88.18375,21.99178],[88.19384,22.00238],[88.19507,22.00207],[88.19667,22.00071],[88.19542,21.99728],[88.19645,21.99459],[88.19604,21.99242],[88.19633,21.9919],[88.1979,21.9908],[88.20705,21.98898],[88.20754,21.98967],[88.20909,21.98857],[88.21141,21.98809],[88.21228,21.98814],[88.21227,21.98895],[88.21724,21.98832],[88.21865,21.98663],[88.21815,21.98462],[88.21886,21.98379],[88.22254,21.98364],[88.22273,21.97973],[88.22528,21.97887],[88.22593,21.97533],[88.22856,21.97393],[88.22842,21.97084],[88.23332,21.97088],[88.2331,21.96658],[88.23202,21.96322],[88.2321,21.96017],[88.2292,21.95111],[88.22518,21.94419],[88.22425,21.94079],[88.23463,21.93865],[88.23474,21.93687],[88.2341,21.93584],[88.23529,21.93618],[88.23708,21.93476],[88.23746,21.93515],[88.23731,21.93723],[88.24007,21.93759],[88.24029,21.93936],[88.24636,21.93831],[88.2539,21.93792],[88.25707,21.93722],[88.26264,21.938],[88.26518,21.93898],[88.26684,21.94002],[88.26724,21.94157],[88.26965,21.94149],[88.2711,21.94849],[88.27209,21.94857],[88.27336,21.94387],[88.27473,21.9433],[88.27531,21.93693],[88.27443,21.93245],[88.27155,21.92741],[88.26895,21.92397],[88.26768,21.9206],[88.26781,21.91793],[88.26936,21.91281],[88.27304,21.90769],[88.27432,21.90349],[88.27532,21.899],[88.27507,21.89297],[88.27339,21.88887],[88.26366,21.88103],[88.25565,21.87221],[88.25497,21.87015],[88.25632,21.86472],[88.25822,21.86098],[88.26109,21.85853],[88.2641,21.85752],[88.27683,21.85614],[88.28149,21.85653],[88.29512,21.85939],[88.30065,21.85966],[88.30107,21.86087],[88.30914,21.85506],[88.31216,21.85052],[88.31306,21.84796],[88.31247,21.84169],[88.31184,21.8395],[88.31049,21.8406],[88.30603,21.83877],[88.29484,21.83796],[88.29062,21.83715],[88.28521,21.83559],[88.27639,21.83219],[88.26804,21.82692],[88.26206,21.82232],[88.25605,21.81671],[88.25411,21.81255],[88.25269,21.80584],[88.25318,21.79705],[88.25545,21.78557],[88.25661,21.78349],[88.25877,21.7804],[88.26781,21.77113],[88.26823,21.7681],[88.27344,21.76512],[88.27917,21.76061],[88.27546,21.75822],[88.2702,21.75364],[88.27086,21.74988],[88.26955,21.7461],[88.2682,21.74318],[88.26216,21.73469],[88.26151,21.73277],[88.26163,21.73156],[88.26301,21.72949],[88.26419,21.72886],[88.27448,21.72757],[88.27564,21.72664],[88.27935,21.71408],[88.2817,21.7097],[88.28379,21.70696],[88.28193,21.70625],[88.28378,21.70317],[88.28949,21.69575],[88.29075,21.6957],[88.29421,21.69199],[88.29446,21.68974],[88.29678,21.68685],[88.30025,21.68448],[88.30117,21.68242],[88.30354,21.67173],[88.30378,21.66986],[88.30265,21.66062],[88.2976,21.64453],[88.29513,21.6389],[88.29229,21.63499],[88.28918,21.62518],[88.28789,21.62422],[88.28879,21.61996],[88.28808,21.619],[88.28817,21.61793],[88.28691,21.61748],[88.28715,21.61561],[88.28697,21.61407],[88.28628,21.61386],[88.2863,21.60967],[88.28511,21.60875],[88.28598,21.60756],[88.28667,21.60445],[88.28442,21.60071],[88.28543,21.59804],[88.28875,21.5963],[88.29347,21.59628],[88.29493,21.59585],[88.29562,21.59339],[88.29886,21.59125],[88.30144,21.58767],[88.30959,21.58272],[88.3103,21.58164],[88.30858,21.57911],[88.3069,21.57758],[88.30455,21.57381],[88.30321,21.57307],[88.30282,21.57218],[88.30021,21.57102],[88.299,21.56877],[88.2979,21.56819],[88.29353,21.56303],[88.28798,21.56094],[88.28442,21.55902],[88.27648,21.55668],[88.27419,21.55702],[88.26685,21.55653],[88.25729,21.55835],[88.25508,21.55813],[88.25321,21.55863],[88.24842,21.56174],[88.2475,21.5634],[88.24408,21.56633],[88.24267,21.57001],[88.24047,21.57292],[88.23953,21.57559],[88.23705,21.57654],[88.238,21.57767],[88.24467,21.5787],[88.24481,21.57948],[88.24353,21.58045],[88.24327,21.58204],[88.24434,21.58538],[88.24555,21.58691],[88.24491,21.58898],[88.24294,21.59259],[88.24085,21.59471],[88.2398,21.59682],[88.23887,21.59734],[88.23862,21.59858],[88.2359,21.60199],[88.23628,21.60499],[88.23556,21.60582],[88.23086,21.60944],[88.22586,21.61022],[88.22227,21.61194],[88.21846,21.61593],[88.21913,21.61851],[88.22078,21.62172],[88.22111,21.62385],[88.22535,21.62763],[88.22887,21.62963],[88.23341,21.63405],[88.23492,21.63671],[88.23559,21.6402],[88.23705,21.6438],[88.23641,21.64446],[88.2357,21.65017],[88.23165,21.65628],[88.23145,21.65812],[88.23256,21.66443],[88.23353,21.66736],[88.233,21.66911],[88.23166,21.6711],[88.22793,21.67489],[88.22456,21.67596],[88.21904,21.67563],[88.2152,21.67455]]],[[[88.19546,21.82368],[88.19206,21.8304],[88.19353,21.8344],[88.19619,21.83813],[88.19729,21.84052],[88.19967,21.83595],[88.20109,21.82715],[88.20191,21.82513],[88.20229,21.82131],[88.20179,21.8179],[88.19768,21.82274],[88.19546,21.82368]]],[[[88.17149,21.8587],[88.16727,21.86386],[88.16619,21.86947],[88.16667,21.86958],[88.16916,21.86757],[88.17167,21.86499],[88.17683,21.85738],[88.18179,21.85205],[88.19185,21.84346],[88.19521,21.83948],[88.19203,21.8339],[88.19072,21.83056],[88.18975,21.83048],[88.18876,21.83112],[88.18236,21.8384],[88.17751,21.84586],[88.17149,21.8587]]],[[[88.16528,21.87916],[88.16677,21.87869],[88.1677,21.87685],[88.17064,21.87331],[88.17165,21.87065],[88.17357,21.86853],[88.17418,21.86729],[88.1742,21.86555],[88.17479,21.86492],[88.17427,21.86369],[88.17383,21.86356],[88.17047,21.86814],[88.16925,21.86879],[88.16483,21.87837],[88.16528,21.87916]]]]}},{"type":"Feature","bbox":[88.19384,21.93476,88.32184,22.17462],"properties":{"kind":"block","block":"Kulpi","lgd":2762},"geometry":{"type":"Polygon","coordinates":[[[88.22842,21.97084],[88.22856,21.97393],[88.22593,21.97533],[88.22528,21.97887],[88.22273,21.97973],[88.22254,21.98364],[88.21886,21.98379],[88.21815,21.98462],[88.21865,21.98663],[88.21724,21.98832],[88.21227,21.98895],[88.21228,21.98814],[88.21141,21.98809],[88.20909,21.98857],[88.20754,21.98967],[88.20705,21.98898],[88.1979,21.9908],[88.19633,21.9919],[88.19604,21.99242],[88.19645,21.99459],[88.19542,21.99728],[88.19667,22.00071],[88.19507,22.00207],[88.19384,22.00238],[88.19806,22.00787],[88.20219,22.01543],[88.21055,22.02795],[88.21124,22.03016],[88.21331,22.03387],[88.21473,22.03859],[88.21454,22.04046],[88.2159,22.04701],[88.2161,22.05189],[88.22245,22.06749],[88.22449,22.08029],[88.22441,22.08992],[88.22222,22.09977],[88.21922,22.10849],[88.21688,22.11204],[88.21624,22.12248],[88.21517,22.12449],[88.21233,22.12699],[88.21072,22.13369],[88.21113,22.13719],[88.20974,22.1474],[88.21043,22.14895],[88.20533,22.16151],[88.20471,22.16416],[88.20512,22.16476],[88.20408,22.16543],[88.20317,22.1673],[88.20461,22.16763],[88.20805,22.17012],[88.2076,22.17201],[88.21002,22.17462],[88.21547,22.17391],[88.21796,22.17424],[88.22135,22.17254],[88.2236,22.17253],[88.22766,22.1715],[88.2307,22.17017],[88.23531,22.17003],[88.24096,22.1706],[88.24473,22.16987],[88.24705,22.17015],[88.24775,22.17094],[88.24961,22.17038],[88.25486,22.16743],[88.25539,22.1679],[88.25586,22.17002],[88.2594,22.16901],[88.26048,22.1693],[88.26207,22.16895],[88.26328,22.16744],[88.26469,22.16762],[88.26657,22.1663],[88.26788,22.16649],[88.26973,22.16576],[88.26989,22.16526],[88.27042,22.16685],[88.27205,22.16659],[88.27206,22.16778],[88.27273,22.16815],[88.27348,22.16808],[88.27292,22.16762],[88.27425,22.167],[88.27692,22.16714],[88.27775,22.1649],[88.27834,22.16532],[88.27948,22.16483],[88.27949,22.16543],[88.28152,22.16515],[88.28259,22.16833],[88.28366,22.16787],[88.28365,22.16431],[88.28457,22.16423],[88.2846,22.16368],[88.28322,22.16352],[88.28349,22.16272],[88.285,22.16261],[88.285,22.16319],[88.28575,22.16321],[88.28671,22.16518],[88.2863,22.16561],[88.28654,22.16641],[88.28697,22.1669],[88.28781,22.16672],[88.28802,22.16723],[88.29005,22.1663],[88.28991,22.16568],[88.29071,22.16552],[88.28875,22.16125],[88.28886,22.16038],[88.28924,22.16031],[88.28892,22.15805],[88.28783,22.15674],[88.28842,22.15623],[88.28835,22.15557],[88.28906,22.15556],[88.28921,22.1541],[88.2889,22.15253],[88.28706,22.1502],[88.28671,22.14787],[88.2872,22.14757],[88.28694,22.14625],[88.28749,22.14609],[88.28763,22.14339],[88.28712,22.14232],[88.28637,22.14191],[88.28549,22.14222],[88.28413,22.14033],[88.28518,22.13967],[88.2847,22.13898],[88.28563,22.13896],[88.2856,22.13754],[88.28498,22.13749],[88.28519,22.13671],[88.28605,22.13616],[88.2859,22.13556],[88.28449,22.13542],[88.28475,22.13496],[88.28429,22.13398],[88.28531,22.13351],[88.28549,22.13163],[88.28422,22.13117],[88.28384,22.13056],[88.28447,22.13027],[88.2843,22.12865],[88.28336,22.12876],[88.28346,22.12814],[88.28489,22.1278],[88.28549,22.12811],[88.2861,22.12741],[88.28498,22.12687],[88.28066,22.11982],[88.28072,22.11746],[88.27995,22.11343],[88.28339,22.11245],[88.28223,22.1081],[88.28208,22.10321],[88.28243,22.10307],[88.28258,22.10083],[88.28439,22.09735],[88.2846,22.09594],[88.28411,22.09471],[88.2828,22.09465],[88.28296,22.0941],[88.28467,22.09354],[88.28304,22.09308],[88.28334,22.09158],[88.28216,22.09083],[88.28283,22.08963],[88.28222,22.08799],[88.28245,22.08627],[88.28322,22.08642],[88.28442,22.08571],[88.2843,22.08454],[88.28569,22.08425],[88.28709,22.08437],[88.28716,22.08495],[88.29071,22.08474],[88.29054,22.08355],[88.29108,22.08359],[88.29105,22.08283],[88.29248,22.08115],[88.29224,22.07884],[88.2929,22.07886],[88.29292,22.07426],[88.29356,22.07424],[88.29399,22.07504],[88.29525,22.07489],[88.29674,22.07759],[88.29731,22.07749],[88.29554,22.07236],[88.29696,22.07208],[88.29768,22.07143],[88.30209,22.07176],[88.30401,22.07315],[88.30412,22.07381],[88.30642,22.07338],[88.30666,22.07386],[88.30817,22.07306],[88.30851,22.07349],[88.30821,22.07494],[88.31044,22.07421],[88.31088,22.07575],[88.31276,22.07554],[88.31467,22.07642],[88.31537,22.07621],[88.31595,22.07762],[88.31757,22.0772],[88.31674,22.0758],[88.31668,22.07394],[88.31717,22.07281],[88.31736,22.06895],[88.318,22.06752],[88.31796,22.06488],[88.31821,22.06388],[88.32015,22.06249],[88.32101,22.06064],[88.321,22.05129],[88.32184,22.05023],[88.32174,22.04875],[88.32079,22.04866],[88.32048,22.04524],[88.31901,22.04178],[88.32054,22.04079],[88.32109,22.03956],[88.31921,22.0341],[88.31538,22.03425],[88.31244,22.03272],[88.31172,22.03314],[88.31154,22.0342],[88.3106,22.03469],[88.30875,22.03406],[88.30852,22.03335],[88.30614,22.03165],[88.30574,22.03124],[88.30839,22.02575],[88.30685,22.02402],[88.30116,22.0209],[88.30068,22.01936],[88.29688,22.01281],[88.29688,22.0104],[88.29947,22.00546],[88.29963,22.00353],[88.29757,21.99784],[88.29642,21.99608],[88.29513,21.9919],[88.29625,21.98802],[88.29605,21.9867],[88.29907,21.98554],[88.30316,21.98121],[88.30562,21.97497],[88.30632,21.97145],[88.30625,21.96832],[88.30593,21.96799],[88.30235,21.96817],[88.29646,21.96577],[88.29518,21.96646],[88.29079,21.97319],[88.28689,21.9749],[88.28525,21.97482],[88.27613,21.97169],[88.27532,21.97043],[88.27502,21.96574],[88.27323,21.96152],[88.27409,21.95979],[88.27144,21.95798],[88.27098,21.95343],[88.27209,21.94857],[88.2711,21.94849],[88.27085,21.94797],[88.26965,21.94149],[88.26724,21.94157],[88.26684,21.94002],[88.26264,21.938],[88.25707,21.93722],[88.2539,21.93792],[88.24636,21.93831],[88.24029,21.93936],[88.24007,21.93759],[88.23731,21.93723],[88.23746,21.93515],[88.23708,21.93476],[88.23529,21.93618],[88.2341,21.93584],[88.23474,21.93687],[88.23463,21.93865],[88.22425,21.94079],[88.22518,21.94419],[88.2292,21.95111],[88.2321,21.96017],[88.23202,21.96322],[88.23346,21.9689],[88.23332,21.97088],[88.22842,21.97084]]]}},{"type":"Feature","bbox":[88.48475,21.52722,88.67009,22.22257],"properties":{"kind":"block","block":"Kultali","lgd":2763},"geometry":{"type":"MultiPolygon","coordinates":[[[[88.53748,21.57707],[88.53695,21.57513],[88.53395,21.57293],[88.53423,21.57079],[88.53383,21.56942],[88.53259,21.56747],[88.53172,21.56458],[88.53067,21.56372],[88.53276,21.56175],[88.53289,21.56006],[88.53406,21.55793],[88.53367,21.55629],[88.53459,21.55523],[88.53392,21.55409],[88.53512,21.5516],[88.5353,21.54991],[88.53759,21.54681],[88.53906,21.54285],[88.54022,21.54179],[88.54214,21.54098],[88.544,21.53921],[88.54687,21.53857],[88.54779,21.53761],[88.54783,21.53667],[88.54516,21.53322],[88.54238,21.53303],[88.53818,21.5302],[88.53637,21.52808],[88.53449,21.52722],[88.52093,21.52779],[88.51462,21.53023],[88.51308,21.53263],[88.51232,21.53168],[88.51129,21.5318],[88.51013,21.53309],[88.50928,21.53298],[88.50897,21.5336],[88.50633,21.53416],[88.50091,21.53761],[88.49953,21.53775],[88.49715,21.53985],[88.49681,21.54218],[88.49802,21.54312],[88.49987,21.5429],[88.5,21.54629],[88.49927,21.54789],[88.4983,21.54834],[88.49746,21.54757],[88.49666,21.54789],[88.49593,21.54722],[88.49506,21.54768],[88.49223,21.54784],[88.48996,21.54696],[88.48593,21.54979],[88.48475,21.55258],[88.48538,21.56258],[88.48504,21.56357],[88.48754,21.5704],[88.48829,21.57405],[88.4883,21.57539],[88.48715,21.57784],[88.48765,21.57948],[88.48705,21.58015],[88.48801,21.58162],[88.49049,21.58893],[88.49138,21.58987],[88.4929,21.59317],[88.49377,21.59352],[88.49342,21.59451],[88.49591,21.59762],[88.49624,21.59925],[88.49789,21.60071],[88.49866,21.60096],[88.50019,21.59953],[88.50135,21.59714],[88.50663,21.59294],[88.5102,21.59189],[88.52039,21.58666],[88.52766,21.58537],[88.53196,21.58396],[88.53373,21.58264],[88.5365,21.57925],[88.53748,21.57707]]],[[[88.60874,21.61994],[88.60608,21.61456],[88.60267,21.61254],[88.59669,21.6126],[88.5969,21.61353],[88.59492,21.61541],[88.59254,21.61637],[88.587,21.62015],[88.58187,21.62561],[88.56682,21.63507],[88.56283,21.63567],[88.55649,21.6389],[88.5493,21.63841],[88.54234,21.6409],[88.5374,21.64505],[88.53465,21.64917],[88.5311,21.65275],[88.52855,21.65706],[88.52819,21.66042],[88.52622,21.66287],[88.52623,21.66417],[88.52986,21.66749],[88.53089,21.67084],[88.53054,21.67551],[88.52884,21.6829],[88.52588,21.68647],[88.52611,21.68908],[88.52814,21.69242],[88.52717,21.69542],[88.52344,21.70049],[88.5223,21.70573],[88.52033,21.70892],[88.51858,21.71341],[88.5184,21.71528],[88.51927,21.72124],[88.51913,21.72777],[88.51817,21.73077],[88.51323,21.73566],[88.51287,21.73928],[88.50819,21.7492],[88.50629,21.75836],[88.50782,21.77121],[88.51129,21.77882],[88.51617,21.78736],[88.53351,21.80286],[88.54227,21.81144],[88.54317,21.81171],[88.54496,21.81132],[88.54705,21.81009],[88.55183,21.8093],[88.55541,21.80778],[88.55679,21.80599],[88.55697,21.80478],[88.56184,21.80249],[88.56628,21.79723],[88.57043,21.79318],[88.57327,21.78849],[88.57404,21.78587],[88.56459,21.77962],[88.56175,21.77592],[88.5599,21.77109],[88.56007,21.76792],[88.5616,21.76212],[88.56812,21.75553],[88.57263,21.74784],[88.57377,21.74224],[88.57332,21.73833],[88.57209,21.7348],[88.57206,21.732],[88.57355,21.72266],[88.57968,21.71738],[88.58347,21.71716],[88.58624,21.71527],[88.58841,21.71282],[88.58834,21.70592],[88.58872,21.70405],[88.59048,21.70105],[88.59242,21.69618],[88.59598,21.69298],[88.59873,21.6896],[88.60626,21.68449],[88.60862,21.68148],[88.6054,21.67872],[88.60597,21.67647],[88.60716,21.6759],[88.60512,21.67163],[88.60269,21.66811],[88.59885,21.66423],[88.59142,21.65946],[88.59101,21.65834],[88.59337,21.65552],[88.5945,21.64917],[88.59842,21.64335],[88.60095,21.63717],[88.60093,21.63512],[88.60405,21.6295],[88.60482,21.62688],[88.6078,21.62536],[88.60857,21.62255],[88.60874,21.61994]]],[[[88.57382,21.85559],[88.56944,21.85118],[88.56621,21.84708],[88.56422,21.84823],[88.56534,21.84666],[88.56474,21.84386],[88.56261,21.83957],[88.56121,21.83483],[88.55877,21.8295],[88.55739,21.8278],[88.55669,21.82769],[88.55261,21.83104],[88.55192,21.83272],[88.55603,21.83816],[88.55826,21.84225],[88.5598,21.84679],[88.55997,21.85151],[88.55831,21.85775],[88.55533,21.86395],[88.5539,21.86808],[88.55344,21.87211],[88.55405,21.87567],[88.55495,21.87723],[88.55669,21.87861],[88.55873,21.87963],[88.56211,21.8804],[88.57076,21.8795],[88.57442,21.87966],[88.57505,21.87899],[88.57508,21.8781],[88.57421,21.87554],[88.57385,21.86942],[88.57425,21.86185],[88.57382,21.85559]]],[[[88.57343,21.88107],[88.56841,21.88194],[88.55874,21.88139],[88.55489,21.87943],[88.55298,21.87668],[88.55199,21.87174],[88.55242,21.86736],[88.55762,21.85534],[88.55853,21.85212],[88.55847,21.84831],[88.55811,21.8457],[88.5567,21.84269],[88.55189,21.83598],[88.55048,21.8331],[88.55047,21.8309],[88.55415,21.82512],[88.55457,21.82234],[88.55417,21.81733],[88.55304,21.81661],[88.55148,21.8167],[88.54904,21.81754],[88.54759,21.82045],[88.54792,21.82135],[88.54738,21.82143],[88.54656,21.82413],[88.54505,21.82653],[88.54508,21.82761],[88.54411,21.82797],[88.54284,21.82961],[88.53933,21.8309],[88.53881,21.83233],[88.5396,21.83425],[88.53933,21.83459],[88.53792,21.83229],[88.53566,21.8335],[88.53463,21.83609],[88.53356,21.83735],[88.53298,21.84118],[88.53206,21.84409],[88.53108,21.84552],[88.53099,21.84819],[88.53161,21.84882],[88.54263,21.8538],[88.54348,21.85496],[88.54436,21.86089],[88.5415,21.86903],[88.54186,21.87036],[88.54824,21.87552],[88.55034,21.87879],[88.54998,21.88349],[88.54873,21.8876],[88.54878,21.89197],[88.5468,21.89473],[88.54267,21.89754],[88.54144,21.89898],[88.54109,21.90115],[88.54225,21.90329],[88.54342,21.90395],[88.54507,21.90381],[88.55519,21.89942],[88.56241,21.89719],[88.56607,21.89832],[88.56995,21.90069],[88.57043,21.90049],[88.57207,21.89566],[88.57572,21.88761],[88.57615,21.88306],[88.57499,21.8815],[88.57343,21.88107]]],[[[88.59995,21.93731],[88.60598,21.93167],[88.60929,21.92679],[88.61,21.92448],[88.61003,21.92247],[88.60919,21.91846],[88.60685,21.91455],[88.60595,21.91138],[88.60172,21.90572],[88.59006,21.89668],[88.58729,21.89395],[88.58362,21.89164],[88.58257,21.89144],[88.58041,21.89254],[88.57655,21.89339],[88.57492,21.89886],[88.57308,21.90216],[88.57298,21.90499],[88.56679,21.91236],[88.56264,21.9155],[88.55704,21.91734],[88.55213,21.9198],[88.54987,21.923],[88.55131,21.93182],[88.5508,21.93587],[88.54957,21.94021],[88.54716,21.94384],[88.54484,21.94917],[88.54345,21.95436],[88.54267,21.96028],[88.54281,21.96498],[88.54348,21.96855],[88.54438,21.97086],[88.54733,21.97266],[88.55245,21.97345],[88.5563,21.9729],[88.55746,21.97218],[88.56281,21.96221],[88.5653,21.95988],[88.56872,21.95842],[88.57206,21.95854],[88.57535,21.95953],[88.58878,21.95284],[88.59175,21.95086],[88.59488,21.94712],[88.59995,21.93731]]],[[[88.53681,21.86335],[88.5392,21.86247],[88.53936,21.86155],[88.53856,21.85824],[88.53751,21.85671],[88.53023,21.85397],[88.52914,21.85398],[88.52951,21.85511],[88.52869,21.8556],[88.52644,21.8524],[88.52537,21.85261],[88.52294,21.8543],[88.52039,21.8571],[88.51905,21.85969],[88.51363,21.86303],[88.51302,21.86435],[88.50998,21.8653],[88.50094,21.87172],[88.50064,21.8722],[88.5011,21.8738],[88.49722,21.87609],[88.49643,21.87714],[88.49601,21.88261],[88.49648,21.88442],[88.49745,21.88573],[88.49691,21.88612],[88.49873,21.89169],[88.50516,21.90427],[88.51312,21.91418],[88.50917,21.91532],[88.50816,21.9152],[88.51115,21.92132],[88.51104,21.92724],[88.515,21.93832],[88.51349,21.94109],[88.50759,21.94884],[88.50119,21.95429],[88.49797,21.95862],[88.49572,21.96033],[88.49391,21.96249],[88.49318,21.96385],[88.49334,21.96795],[88.49403,21.97064],[88.49745,21.97472],[88.49911,21.97825],[88.50183,21.98125],[88.51268,21.98742],[88.51324,21.98798],[88.51319,21.989],[88.51404,21.9885],[88.51632,21.98917],[88.51822,21.98906],[88.52946,21.98666],[88.53565,21.98419],[88.53664,21.98042],[88.54131,21.98191],[88.55252,22.0],[88.554,22.00308],[88.55502,22.00687],[88.54838,22.0082],[88.5499,22.01812],[88.55135,22.03636],[88.55382,22.04278],[88.55365,22.04605],[88.55312,22.0474],[88.54883,22.0518],[88.54727,22.05459],[88.53972,22.05796],[88.53663,22.05885],[88.5288,22.0597],[88.52625,22.0617],[88.52498,22.06435],[88.52449,22.07148],[88.52695,22.0766],[88.53013,22.08063],[88.5312,22.08456],[88.53115,22.08685],[88.5303,22.09027],[88.53076,22.09184],[88.53016,22.09319],[88.53015,22.095],[88.53082,22.09772],[88.53014,22.10263],[88.53053,22.10779],[88.53124,22.10966],[88.53036,22.11008],[88.52967,22.1141],[88.52879,22.11627],[88.52822,22.1215],[88.5282,22.12764],[88.52646,22.13023],[88.52475,22.13122],[88.52549,22.13262],[88.52498,22.13297],[88.52569,22.13797],[88.52834,22.13809],[88.53205,22.13639],[88.53508,22.13575],[88.53554,22.13584],[88.53618,22.13803],[88.54503,22.13419],[88.54517,22.13986],[88.54682,22.14294],[88.55035,22.14613],[88.55178,22.14913],[88.5542,22.15161],[88.55459,22.15256],[88.55532,22.15572],[88.5548,22.15994],[88.55516,22.16272],[88.5524,22.16518],[88.55162,22.16649],[88.55218,22.1708],[88.5519,22.17313],[88.55133,22.17366],[88.5517,22.17467],[88.54933,22.17676],[88.54883,22.17746],[88.54887,22.1786],[88.54478,22.1805],[88.54497,22.18147],[88.54335,22.1828],[88.54304,22.18364],[88.54333,22.18559],[88.54646,22.18684],[88.54839,22.1884],[88.55109,22.18622],[88.55425,22.18775],[88.56068,22.18618],[88.56151,22.18769],[88.5629,22.18761],[88.56407,22.18677],[88.56732,22.18609],[88.56873,22.18522],[88.57114,22.18572],[88.5714,22.185],[88.57296,22.18455],[88.57628,22.18778],[88.57498,22.18895],[88.57493,22.18977],[88.57594,22.19145],[88.58074,22.19779],[88.58829,22.20653],[88.5909,22.21452],[88.59636,22.2178],[88.59742,22.21976],[88.59794,22.22257],[88.60107,22.22059],[88.60505,22.21929],[88.61412,22.21423],[88.61339,22.21198],[88.6156,22.20814],[88.61729,22.2018],[88.61979,22.20077],[88.62784,22.1955],[88.62847,22.19424],[88.62893,22.192],[88.62508,22.1825],[88.62614,22.17524],[88.62553,22.16938],[88.62707,22.16554],[88.63359,22.158],[88.63284,22.15335],[88.63091,22.14808],[88.63178,22.13563],[88.63365,22.12386],[88.63208,22.11719],[88.63065,22.10722],[88.63013,22.09888],[88.63362,22.09014],[88.63735,22.08254],[88.64435,22.05697],[88.64465,22.04818],[88.64396,22.03733],[88.63996,22.02127],[88.63303,22.0113],[88.63074,22.01196],[88.62351,22.01146],[88.61284,22.0064],[88.60897,22.00386],[88.60277,21.99758],[88.59958,21.99207],[88.59659,21.99073],[88.59579,21.98924],[88.59482,21.98868],[88.58851,21.99075],[88.58607,21.9902],[88.58513,21.99059],[88.58364,21.99393],[88.57963,21.99821],[88.57975,21.99896],[88.58116,22.00004],[88.57794,21.99866],[88.57544,22.00004],[88.57124,22.00044],[88.57144,21.99998],[88.57649,21.9983],[88.58089,21.99553],[88.58224,21.99408],[88.58411,21.98998],[88.58368,21.98861],[88.57582,21.98124],[88.5741,21.9779],[88.57534,21.96331],[88.57494,21.96208],[88.57389,21.96109],[88.57081,21.95972],[88.5687,21.95992],[88.56751,21.96077],[88.56566,21.96258],[88.56374,21.96523],[88.56355,21.96625],[88.55973,21.9713],[88.55675,21.97396],[88.55452,21.97463],[88.55398,21.97636],[88.55328,21.97629],[88.55292,21.9753],[88.54775,21.97446],[88.54404,21.97302],[88.5426,21.97083],[88.54122,21.96716],[88.53631,21.96808],[88.53547,21.96871],[88.53552,21.96824],[88.53748,21.96718],[88.54092,21.96672],[88.54122,21.96599],[88.54097,21.9614],[88.54251,21.95139],[88.54242,21.94962],[88.54056,21.94955],[88.54247,21.94855],[88.54859,21.93814],[88.54903,21.93324],[88.54883,21.93135],[88.54807,21.9302],[88.54843,21.92874],[88.54788,21.92645],[88.54815,21.92207],[88.54883,21.92027],[88.55309,21.91488],[88.56061,21.9129],[88.56137,21.91177],[88.56743,21.90751],[88.5686,21.90567],[88.56875,21.90408],[88.56677,21.9008],[88.56525,21.89947],[88.56365,21.89864],[88.56024,21.8989],[88.55439,21.90107],[88.55132,21.90289],[88.54938,21.90334],[88.54535,21.90542],[88.54383,21.9057],[88.54106,21.9074],[88.54089,21.90629],[88.54141,21.90473],[88.53957,21.90296],[88.53886,21.90104],[88.53902,21.89911],[88.54072,21.89644],[88.54605,21.89307],[88.5462,21.88933],[88.54749,21.88338],[88.54749,21.88074],[88.53997,21.87988],[88.53746,21.87856],[88.53724,21.87799],[88.53974,21.87932],[88.54293,21.8797],[88.54567,21.87979],[88.5465,21.87894],[88.54551,21.87762],[88.53921,21.87326],[88.53792,21.86976],[88.5377,21.8672],[88.53876,21.86324],[88.53732,21.86361],[88.53398,21.86692],[88.53208,21.869],[88.53063,21.87193],[88.52851,21.87306],[88.51863,21.87561],[88.52011,21.8746],[88.52929,21.87221],[88.53046,21.87098],[88.53231,21.86761],[88.53681,21.86335]]],[[[88.63513,21.65306],[88.6361,21.65087],[88.63232,21.65],[88.63158,21.64941],[88.63092,21.64967],[88.62858,21.65145],[88.62812,21.65364],[88.62741,21.65444],[88.62776,21.65503],[88.62664,21.65569],[88.63018,21.67037],[88.63142,21.67067],[88.63045,21.67135],[88.63088,21.67329],[88.63141,21.67445],[88.63516,21.67865],[88.63723,21.67978],[88.64121,21.67963],[88.64257,21.67879],[88.6421,21.67821],[88.64098,21.67267],[88.63879,21.66928],[88.63825,21.66753],[88.63852,21.66655],[88.63696,21.66567],[88.63505,21.66294],[88.63536,21.6625],[88.6363,21.66425],[88.6377,21.66545],[88.63711,21.6629],[88.63447,21.65926],[88.634,21.65787],[88.63505,21.65569],[88.63513,21.65306]]],[[[88.62527,21.76555],[88.62768,21.76141],[88.62801,21.7581],[88.6293,21.75516],[88.62975,21.75147],[88.62946,21.74543],[88.63003,21.74116],[88.62988,21.73614],[88.62756,21.72931],[88.62364,21.72405],[88.6205,21.71858],[88.61762,21.71582],[88.61616,21.7127],[88.61256,21.70882],[88.61246,21.70745],[88.61092,21.70477],[88.60354,21.70777],[88.59796,21.71292],[88.59723,21.71416],[88.59706,21.71568],[88.60004,21.71796],[88.61049,21.72232],[88.62028,21.72804],[88.62321,21.73309],[88.62312,21.73509],[88.62173,21.74005],[88.61934,21.74337],[88.61567,21.74572],[88.61166,21.74724],[88.60432,21.74748],[88.60253,21.74812],[88.60035,21.7494],[88.59905,21.75127],[88.58739,21.75721],[88.58858,21.76304],[88.58883,21.77659],[88.59044,21.78078],[88.59259,21.78316],[88.6031,21.78495],[88.6084,21.78459],[88.60977,21.78382],[88.61861,21.78349],[88.62061,21.78238],[88.62152,21.78116],[88.62568,21.7712],[88.62492,21.77009],[88.62552,21.76808],[88.62527,21.76555]]],[[[88.58857,21.72329],[88.5805,21.72613],[88.5788,21.72753],[88.57903,21.72879],[88.58367,21.73685],[88.58489,21.74309],[88.58458,21.74843],[88.58253,21.75449],[88.57872,21.75856],[88.57825,21.7599],[88.57634,21.76101],[88.57086,21.76668],[88.5689,21.76948],[88.56929,21.77014],[88.57174,21.77143],[88.57829,21.7737],[88.58223,21.77641],[88.58389,21.77618],[88.58464,21.77432],[88.58586,21.76719],[88.58531,21.76445],[88.58408,21.76161],[88.58407,21.75973],[88.58482,21.75693],[88.58726,21.7533],[88.59436,21.75004],[88.59845,21.74708],[88.60458,21.74439],[88.61218,21.74274],[88.61649,21.74114],[88.61888,21.73919],[88.6197,21.73696],[88.61951,21.73425],[88.61873,21.7325],[88.61576,21.72948],[88.60713,21.72627],[88.60228,21.72554],[88.60167,21.72483],[88.59417,21.72151],[88.59397,21.72065],[88.59293,21.72053],[88.58857,21.72329]]],[[[88.66048,21.89288],[88.65917,21.88814],[88.65667,21.88443],[88.65502,21.87851],[88.65476,21.87538],[88.65279,21.87249],[88.6541,21.86855],[88.65464,21.86511],[88.65159,21.85977],[88.65211,21.85769],[88.6505,21.84971],[88.65037,21.8369],[88.64886,21.82465],[88.6459,21.81561],[88.64486,21.80768],[88.64422,21.78975],[88.64456,21.78794],[88.6314,21.79102],[88.62109,21.79664],[88.61002,21.79868],[88.60305,21.79825],[88.59653,21.79709],[88.59197,21.79764],[88.58631,21.80152],[88.58245,21.80795],[88.57822,21.81349],[88.57683,21.81793],[88.58021,21.83473],[88.58481,21.84498],[88.59186,21.85253],[88.59791,21.86274],[88.60306,21.87448],[88.61703,21.89605],[88.63117,21.91015],[88.63664,21.92178],[88.63852,21.9222],[88.64492,21.91932],[88.65078,21.91731],[88.65359,21.91777],[88.66501,21.91427],[88.66864,21.91457],[88.67009,21.91422],[88.67007,21.91242],[88.66595,21.90196],[88.66289,21.89788],[88.66048,21.89288]]],[[[88.60935,21.94545],[88.61378,21.94002],[88.61503,21.93751],[88.61368,21.93568],[88.61022,21.93479],[88.61036,21.93411],[88.61218,21.93444],[88.61428,21.93415],[88.61442,21.93329],[88.61368,21.93213],[88.61252,21.93163],[88.61027,21.93272],[88.60935,21.93084],[88.61118,21.92987],[88.61078,21.92937],[88.60923,21.92965],[88.6079,21.93103],[88.60818,21.93158],[88.60875,21.93119],[88.60978,21.93294],[88.60881,21.93349],[88.60892,21.93424],[88.6083,21.9343],[88.60813,21.93533],[88.60615,21.93565],[88.60422,21.93469],[88.60361,21.9358],[88.60303,21.9358],[88.60057,21.93786],[88.59569,21.9472],[88.59197,21.95155],[88.57838,21.95898],[88.57649,21.96064],[88.57679,21.96589],[88.57636,21.9697],[88.57763,21.97009],[88.5778,21.97067],[88.57644,21.97076],[88.576,21.97145],[88.57583,21.97517],[88.57596,21.97794],[88.57743,21.98128],[88.57878,21.9828],[88.58425,21.98676],[88.58547,21.9887],[88.58554,21.98979],[88.58811,21.99046],[88.59304,21.98852],[88.59526,21.9883],[88.59745,21.99083],[88.59916,21.991],[88.59964,21.9915],[88.60299,21.99745],[88.60608,22.00005],[88.6071,22.00005],[88.60387,21.9936],[88.60172,21.98646],[88.59895,21.97422],[88.59849,21.96938],[88.60008,21.96205],[88.60935,21.94545]]]]}},{"type":"Feature","bbox":[88.24775,22.16156,88.37178,22.33554],"properties":{"kind":"block","block":"Magra Hat-I","lgd":2764},"geometry":{"type":"Polygon","coordinates":[[[88.27949,22.16543],[88.27948,22.16483],[88.27834,22.16532],[88.27775,22.1649],[88.27692,22.16714],[88.27425,22.167],[88.27292,22.16762],[88.27348,22.16808],[88.27273,22.16815],[88.27206,22.16778],[88.27205,22.16659],[88.27042,22.16685],[88.26989,22.16526],[88.26973,22.16576],[88.26788,22.16649],[88.26657,22.1663],[88.26469,22.16762],[88.26328,22.16744],[88.26207,22.16895],[88.26048,22.1693],[88.2594,22.16901],[88.25586,22.17002],[88.25539,22.1679],[88.25486,22.16743],[88.24961,22.17038],[88.24775,22.17094],[88.24818,22.17256],[88.24951,22.17429],[88.25029,22.17687],[88.24985,22.17883],[88.25013,22.18021],[88.25189,22.18066],[88.25435,22.18018],[88.25537,22.17865],[88.25625,22.17874],[88.25746,22.18024],[88.25849,22.1803],[88.26194,22.18459],[88.26708,22.18185],[88.26771,22.18286],[88.27007,22.1825],[88.27324,22.18917],[88.27333,22.19064],[88.27248,22.19471],[88.26961,22.19668],[88.26974,22.20015],[88.26878,22.20023],[88.269,22.20467],[88.26532,22.20498],[88.26564,22.20855],[88.26607,22.2088],[88.26687,22.21372],[88.26541,22.21479],[88.26559,22.2157],[88.26338,22.21799],[88.26401,22.2216],[88.26319,22.22234],[88.26319,22.22384],[88.26378,22.2249],[88.26465,22.2253],[88.26467,22.2305],[88.26372,22.23082],[88.26387,22.23272],[88.26292,22.23336],[88.26346,22.2366],[88.26278,22.23765],[88.26346,22.23805],[88.26446,22.23768],[88.26569,22.23891],[88.26748,22.23916],[88.26844,22.24018],[88.26829,22.2423],[88.26733,22.24519],[88.26851,22.24656],[88.26816,22.24704],[88.26877,22.24773],[88.26808,22.24919],[88.26846,22.25119],[88.269,22.25145],[88.26859,22.25231],[88.26679,22.25244],[88.26707,22.253],[88.2653,22.25553],[88.2646,22.25539],[88.26417,22.25438],[88.26223,22.25529],[88.26154,22.25406],[88.26036,22.25412],[88.26044,22.25545],[88.26138,22.25678],[88.26201,22.2568],[88.26216,22.25734],[88.26153,22.25755],[88.2616,22.25815],[88.26283,22.25808],[88.26291,22.2569],[88.26369,22.25688],[88.26376,22.25841],[88.26474,22.2583],[88.26445,22.25759],[88.26499,22.2573],[88.26664,22.25739],[88.26874,22.2586],[88.26939,22.25958],[88.26901,22.26104],[88.26984,22.26088],[88.27011,22.2602],[88.27222,22.25966],[88.2728,22.26099],[88.27428,22.26083],[88.27458,22.26168],[88.27393,22.2618],[88.27383,22.26397],[88.27433,22.26554],[88.27377,22.26556],[88.27371,22.2665],[88.27447,22.26686],[88.27444,22.2677],[88.27338,22.26773],[88.27309,22.26951],[88.27231,22.26952],[88.27203,22.27052],[88.27143,22.27073],[88.27052,22.27015],[88.26946,22.2751],[88.26767,22.27702],[88.26761,22.27954],[88.26625,22.27927],[88.26506,22.28017],[88.26524,22.28193],[88.26583,22.28289],[88.26571,22.28399],[88.26656,22.28516],[88.26583,22.28584],[88.268,22.28722],[88.26986,22.29015],[88.26991,22.29235],[88.26793,22.297],[88.26587,22.29732],[88.26547,22.29673],[88.26501,22.29696],[88.2653,22.30007],[88.267,22.30339],[88.26746,22.30337],[88.26793,22.3054],[88.26714,22.30669],[88.26624,22.30662],[88.26476,22.30777],[88.26552,22.31102],[88.26465,22.31139],[88.26474,22.312],[88.26563,22.3122],[88.26654,22.31685],[88.26587,22.31757],[88.26405,22.31817],[88.26258,22.31656],[88.26147,22.31721],[88.26209,22.32159],[88.26313,22.32229],[88.26453,22.32242],[88.26514,22.32359],[88.26428,22.3248],[88.26227,22.32491],[88.2596,22.32301],[88.2566,22.32224],[88.2559,22.3234],[88.2532,22.32387],[88.25288,22.32463],[88.25355,22.32638],[88.25457,22.32641],[88.25461,22.32804],[88.25528,22.32894],[88.25761,22.32899],[88.2579,22.33134],[88.25943,22.33161],[88.26062,22.33075],[88.26093,22.33129],[88.26052,22.33229],[88.25957,22.3325],[88.25997,22.33398],[88.25925,22.33445],[88.26073,22.33539],[88.26261,22.33554],[88.2636,22.33475],[88.26409,22.33353],[88.26906,22.32985],[88.2717,22.33275],[88.27622,22.33205],[88.27804,22.33122],[88.27875,22.32974],[88.27877,22.32834],[88.27985,22.32731],[88.28047,22.32848],[88.28214,22.32912],[88.28463,22.32949],[88.28544,22.32918],[88.28565,22.32986],[88.28832,22.33178],[88.28949,22.33065],[88.29072,22.33051],[88.2909,22.32928],[88.2918,22.32951],[88.29386,22.32856],[88.29458,22.32941],[88.29696,22.32901],[88.29776,22.33016],[88.29877,22.33024],[88.30117,22.32901],[88.30253,22.32979],[88.30374,22.3314],[88.30626,22.33237],[88.31205,22.33199],[88.31291,22.33285],[88.31429,22.3328],[88.31387,22.33358],[88.31485,22.33388],[88.3167,22.33306],[88.3193,22.33363],[88.32056,22.33249],[88.31904,22.33038],[88.3182,22.33032],[88.31832,22.32906],[88.31876,22.32836],[88.31996,22.32848],[88.32048,22.32757],[88.31805,22.32471],[88.31881,22.32392],[88.31803,22.32152],[88.3185,22.32126],[88.31796,22.31888],[88.31897,22.31768],[88.31817,22.3142],[88.3208,22.31358],[88.3205,22.3103],[88.31965,22.30822],[88.32328,22.30688],[88.32293,22.30579],[88.32095,22.30461],[88.31997,22.30215],[88.32085,22.30181],[88.32077,22.30131],[88.31965,22.30089],[88.31933,22.30027],[88.32012,22.2969],[88.32176,22.29694],[88.32215,22.29796],[88.3231,22.29789],[88.32435,22.29676],[88.32441,22.29494],[88.32398,22.29386],[88.3231,22.29356],[88.32419,22.29152],[88.32522,22.29167],[88.3255,22.29308],[88.3265,22.29228],[88.32588,22.29108],[88.32529,22.2911],[88.32504,22.29004],[88.32358,22.29006],[88.32343,22.28739],[88.32538,22.28717],[88.32549,22.28655],[88.32489,22.28594],[88.32388,22.28591],[88.3242,22.28473],[88.32391,22.28055],[88.32311,22.2805],[88.32315,22.27607],[88.32221,22.27622],[88.32197,22.27566],[88.3214,22.27561],[88.32125,22.27411],[88.32059,22.27362],[88.32058,22.27195],[88.32476,22.27203],[88.32444,22.26844],[88.32346,22.26841],[88.32354,22.26732],[88.32467,22.26703],[88.32399,22.26259],[88.32613,22.26226],[88.32664,22.26169],[88.32678,22.2635],[88.32725,22.26328],[88.32728,22.26233],[88.32861,22.26293],[88.32928,22.26124],[88.32766,22.26114],[88.32759,22.26003],[88.32899,22.25983],[88.32797,22.25936],[88.32764,22.25667],[88.32688,22.25647],[88.32661,22.25441],[88.32329,22.25315],[88.32266,22.25129],[88.32127,22.25075],[88.32039,22.2492],[88.32026,22.24839],[88.32104,22.24786],[88.32001,22.2475],[88.32142,22.24567],[88.32039,22.24306],[88.32118,22.24277],[88.32217,22.24145],[88.32217,22.24022],[88.32367,22.23997],[88.32465,22.24413],[88.32603,22.2447],[88.32594,22.24304],[88.32869,22.24343],[88.32882,22.24269],[88.32949,22.24251],[88.32962,22.24063],[88.3304,22.24038],[88.33039,22.23969],[88.33211,22.23958],[88.33307,22.23983],[88.33284,22.24071],[88.33341,22.24166],[88.33453,22.24154],[88.33439,22.2405],[88.33488,22.24037],[88.33596,22.24089],[88.33822,22.24043],[88.33852,22.24178],[88.34129,22.24312],[88.34145,22.24368],[88.34409,22.24355],[88.34474,22.2441],[88.34896,22.24313],[88.34931,22.2418],[88.35081,22.24057],[88.35098,22.23621],[88.35006,22.23605],[88.3499,22.23511],[88.35062,22.23442],[88.35044,22.23292],[88.35137,22.23285],[88.35078,22.23199],[88.35254,22.23139],[88.35268,22.23062],[88.35536,22.22996],[88.35527,22.22815],[88.36047,22.22611],[88.35981,22.22109],[88.3619,22.22152],[88.36198,22.22226],[88.36337,22.22237],[88.36444,22.2219],[88.36391,22.21895],[88.36239,22.21775],[88.36237,22.21712],[88.36358,22.21747],[88.36342,22.21376],[88.36379,22.21288],[88.36623,22.21344],[88.36772,22.2132],[88.36769,22.21254],[88.36692,22.21217],[88.36706,22.2107],[88.36608,22.21073],[88.36584,22.21018],[88.36627,22.20939],[88.36667,22.20947],[88.36817,22.20784],[88.37178,22.2087],[88.36993,22.20023],[88.37032,22.19945],[88.36998,22.19576],[88.37153,22.19412],[88.37137,22.19199],[88.37034,22.19182],[88.36973,22.18825],[88.36683,22.18795],[88.36542,22.18675],[88.36404,22.18709],[88.36279,22.18619],[88.36,22.18625],[88.35982,22.18586],[88.35671,22.18713],[88.35633,22.18671],[88.34949,22.18836],[88.34958,22.1892],[88.34854,22.18933],[88.34757,22.18868],[88.34538,22.18915],[88.34578,22.19111],[88.34538,22.19302],[88.34435,22.19331],[88.3443,22.19391],[88.3429,22.19414],[88.34283,22.19485],[88.34384,22.19507],[88.34396,22.19844],[88.34472,22.20013],[88.348,22.20145],[88.34814,22.20248],[88.3474,22.20384],[88.34797,22.20599],[88.34707,22.20628],[88.34636,22.20731],[88.34505,22.20727],[88.34444,22.20821],[88.34447,22.20899],[88.34498,22.20921],[88.3444,22.21093],[88.34465,22.21196],[88.3436,22.21241],[88.34215,22.21228],[88.34179,22.21185],[88.34123,22.21254],[88.33902,22.21194],[88.33786,22.21107],[88.33718,22.21109],[88.33569,22.20915],[88.33392,22.20865],[88.33521,22.21457],[88.333,22.21461],[88.33289,22.21352],[88.33107,22.21366],[88.33141,22.21592],[88.3293,22.2169],[88.32559,22.21651],[88.32336,22.21657],[88.32332,22.21722],[88.32284,22.2174],[88.32212,22.217],[88.31731,22.21748],[88.31714,22.217],[88.31537,22.21752],[88.31524,22.21714],[88.3116,22.2188],[88.31162,22.21922],[88.31055,22.21928],[88.31067,22.21778],[88.30851,22.21783],[88.30848,22.21742],[88.30748,22.21737],[88.30668,22.21443],[88.30582,22.21435],[88.30565,22.21392],[88.30272,22.21416],[88.30261,22.2152],[88.30196,22.21517],[88.3018,22.21662],[88.29969,22.21601],[88.29885,22.21636],[88.29486,22.21457],[88.29289,22.21132],[88.29497,22.20986],[88.29493,22.20936],[88.29679,22.20906],[88.29752,22.20568],[88.29601,22.19869],[88.29603,22.19806],[88.29708,22.19783],[88.29659,22.19599],[88.29782,22.19551],[88.29776,22.19511],[88.29882,22.19438],[88.30162,22.19386],[88.30173,22.19293],[88.30763,22.19218],[88.30759,22.19152],[88.30657,22.19176],[88.30636,22.19089],[88.30845,22.1903],[88.30932,22.19114],[88.31497,22.19157],[88.31498,22.19102],[88.31601,22.1905],[88.31547,22.18834],[88.31579,22.18627],[88.31453,22.18526],[88.31527,22.18372],[88.31573,22.17888],[88.31399,22.17926],[88.31485,22.17546],[88.31431,22.17358],[88.3147,22.17147],[88.31515,22.17014],[88.31572,22.1698],[88.31708,22.16572],[88.31751,22.16277],[88.31683,22.16388],[88.3149,22.16181],[88.31263,22.16222],[88.3131,22.16394],[88.31113,22.16413],[88.31082,22.16267],[88.30557,22.16365],[88.3052,22.16318],[88.30333,22.16322],[88.30305,22.16156],[88.30041,22.16267],[88.30108,22.16535],[88.29807,22.16598],[88.29666,22.16418],[88.29544,22.16406],[88.29545,22.1649],[88.29347,22.1649],[88.29252,22.16414],[88.29186,22.16499],[88.29097,22.1648],[88.29071,22.16552],[88.28991,22.16568],[88.29005,22.1663],[88.28802,22.16723],[88.28781,22.16672],[88.28697,22.1669],[88.28654,22.16641],[88.2863,22.16561],[88.28671,22.16518],[88.28575,22.16321],[88.285,22.16319],[88.285,22.16261],[88.28349,22.16272],[88.28322,22.16352],[88.2846,22.16368],[88.28457,22.16423],[88.28365,22.16431],[88.28366,22.16787],[88.28259,22.16833],[88.28152,22.16515],[88.27949,22.16543]]]}},{"type":"Feature","bbox":[88.31796,22.18257,88.44266,22.33679],"properties":{"kind":"block","block":"Magra Hat-II","lgd":2765},"geometry":{"type":"Polygon","coordinates":[[[88.35254,22.23139],[88.35078,22.23199],[88.35137,22.23285],[88.35044,22.23292],[88.35062,22.23442],[88.3499,22.23511],[88.35006,22.23605],[88.35098,22.23621],[88.35081,22.24057],[88.34931,22.2418],[88.34896,22.24313],[88.34715,22.24381],[88.34474,22.2441],[88.34409,22.24355],[88.34145,22.24368],[88.34129,22.24312],[88.33852,22.24178],[88.33822,22.24043],[88.33596,22.24089],[88.33488,22.24037],[88.33439,22.2405],[88.33453,22.24154],[88.33341,22.24166],[88.33284,22.24071],[88.33307,22.23983],[88.33211,22.23958],[88.33039,22.23969],[88.3304,22.24038],[88.32962,22.24063],[88.32949,22.24251],[88.32882,22.24269],[88.32869,22.24343],[88.32594,22.24304],[88.32603,22.2447],[88.32465,22.24413],[88.32367,22.23997],[88.32217,22.24022],[88.32217,22.24145],[88.32118,22.24277],[88.32039,22.24306],[88.32142,22.24567],[88.32001,22.2475],[88.32104,22.24786],[88.32026,22.24839],[88.32039,22.2492],[88.32127,22.25075],[88.32266,22.25129],[88.32329,22.25315],[88.32661,22.25441],[88.32688,22.25647],[88.32764,22.25667],[88.32797,22.25936],[88.32899,22.25983],[88.32759,22.26003],[88.32766,22.26114],[88.32928,22.26124],[88.32861,22.26293],[88.32728,22.26233],[88.32725,22.26328],[88.32678,22.2635],[88.32664,22.26169],[88.32613,22.26226],[88.32399,22.26259],[88.32467,22.26703],[88.32354,22.26732],[88.32346,22.26841],[88.32444,22.26844],[88.32476,22.27203],[88.32058,22.27195],[88.32059,22.27362],[88.32125,22.27411],[88.3214,22.27561],[88.32197,22.27566],[88.32221,22.27622],[88.32315,22.27607],[88.32311,22.2805],[88.32391,22.28055],[88.3242,22.28473],[88.32388,22.28591],[88.32489,22.28594],[88.32549,22.28655],[88.32538,22.28717],[88.32343,22.28739],[88.32358,22.29006],[88.32504,22.29004],[88.32529,22.2911],[88.32588,22.29108],[88.3265,22.29228],[88.3255,22.29308],[88.32522,22.29167],[88.32419,22.29152],[88.32409,22.29232],[88.32317,22.29305],[88.3231,22.29356],[88.32398,22.29386],[88.32441,22.29494],[88.32435,22.29676],[88.3231,22.29789],[88.32215,22.29796],[88.32176,22.29694],[88.32012,22.2969],[88.31933,22.30027],[88.31965,22.30089],[88.32077,22.30131],[88.32085,22.30181],[88.31997,22.30215],[88.32095,22.30461],[88.32293,22.30579],[88.32328,22.30688],[88.31965,22.30822],[88.3205,22.3103],[88.3208,22.31358],[88.31817,22.3142],[88.31897,22.31768],[88.31796,22.31888],[88.3185,22.32126],[88.31803,22.32152],[88.31881,22.32392],[88.31805,22.32471],[88.32048,22.32757],[88.31996,22.32848],[88.31876,22.32836],[88.3182,22.33032],[88.31904,22.33038],[88.32056,22.33249],[88.32303,22.33174],[88.32365,22.33271],[88.32328,22.33366],[88.32419,22.33596],[88.32592,22.33679],[88.32778,22.3367],[88.32807,22.33578],[88.33005,22.33409],[88.33826,22.33229],[88.33937,22.33117],[88.34023,22.33274],[88.34216,22.3332],[88.34467,22.33295],[88.34575,22.33163],[88.34775,22.33249],[88.35067,22.3318],[88.3512,22.32977],[88.35376,22.32876],[88.35632,22.32698],[88.35826,22.32732],[88.36036,22.32678],[88.36261,22.32793],[88.36356,22.3279],[88.36476,22.32666],[88.36604,22.32631],[88.37269,22.3278],[88.37485,22.32722],[88.37622,22.32841],[88.37936,22.32778],[88.38269,22.32921],[88.38324,22.32795],[88.38407,22.32778],[88.38397,22.32542],[88.38434,22.32513],[88.38699,22.32441],[88.3893,22.32506],[88.38997,22.32427],[88.39228,22.3243],[88.39274,22.32283],[88.39584,22.32248],[88.39648,22.3205],[88.39759,22.31938],[88.39848,22.31895],[88.40008,22.31935],[88.40129,22.31857],[88.40285,22.31846],[88.40414,22.31584],[88.40521,22.31541],[88.40644,22.31604],[88.40806,22.31571],[88.40928,22.31724],[88.4129,22.31716],[88.41446,22.31649],[88.41468,22.31491],[88.41339,22.31247],[88.41524,22.30959],[88.41438,22.3088],[88.41219,22.30887],[88.41012,22.30637],[88.41299,22.30467],[88.41274,22.30231],[88.41381,22.30157],[88.41385,22.29885],[88.4161,22.29835],[88.41735,22.29653],[88.4186,22.29643],[88.41921,22.29588],[88.41983,22.29291],[88.42059,22.29238],[88.42514,22.29248],[88.42549,22.28994],[88.42772,22.28931],[88.42618,22.2843],[88.42661,22.28201],[88.42771,22.28093],[88.43073,22.28294],[88.43223,22.28312],[88.43294,22.28259],[88.43294,22.28077],[88.43177,22.27793],[88.43158,22.27593],[88.43694,22.27292],[88.4388,22.27127],[88.43948,22.27058],[88.43937,22.26782],[88.44121,22.26662],[88.44136,22.26542],[88.44088,22.26452],[88.43951,22.26376],[88.43918,22.26101],[88.43964,22.26056],[88.43919,22.2593],[88.44093,22.25564],[88.44169,22.2558],[88.44246,22.25533],[88.44146,22.25471],[88.44155,22.25405],[88.44254,22.25377],[88.44266,22.25289],[88.44185,22.25251],[88.44089,22.2529],[88.44051,22.25253],[88.44212,22.25085],[88.44146,22.25038],[88.44149,22.24794],[88.44048,22.24698],[88.43892,22.24727],[88.43897,22.24676],[88.43765,22.24666],[88.43738,22.24483],[88.43667,22.24421],[88.4369,22.24357],[88.43762,22.24352],[88.43765,22.24278],[88.43867,22.24251],[88.4395,22.24293],[88.43952,22.24229],[88.43883,22.24204],[88.43881,22.2415],[88.43955,22.24133],[88.43878,22.2395],[88.43915,22.23837],[88.43698,22.23886],[88.4347,22.23667],[88.43338,22.23709],[88.43286,22.23589],[88.43334,22.23335],[88.43398,22.23317],[88.43408,22.23254],[88.43461,22.23247],[88.43559,22.23382],[88.43639,22.23296],[88.43779,22.23301],[88.43786,22.23175],[88.43623,22.23187],[88.43546,22.23101],[88.43538,22.22835],[88.43464,22.22793],[88.43154,22.22936],[88.43152,22.23032],[88.43088,22.23104],[88.43011,22.23077],[88.43032,22.22894],[88.42767,22.22763],[88.42707,22.22773],[88.42436,22.22403],[88.42395,22.2238],[88.42287,22.22434],[88.42332,22.22168],[88.42268,22.22005],[88.4216,22.21934],[88.42191,22.2184],[88.41943,22.21786],[88.41897,22.21727],[88.41875,22.21452],[88.4201,22.21156],[88.4187,22.21156],[88.41695,22.21068],[88.4161,22.20937],[88.41606,22.2077],[88.41534,22.20642],[88.41521,22.2051],[88.41561,22.20374],[88.41625,22.20354],[88.4164,22.20213],[88.41521,22.20117],[88.41504,22.19736],[88.41448,22.19712],[88.41427,22.19578],[88.41737,22.19519],[88.41768,22.19465],[88.41702,22.19337],[88.41829,22.193],[88.41825,22.1917],[88.41934,22.19163],[88.41883,22.19067],[88.4173,22.19116],[88.41687,22.19018],[88.41256,22.19089],[88.41293,22.18988],[88.4138,22.18988],[88.41388,22.18835],[88.41174,22.18744],[88.41097,22.18601],[88.40845,22.18714],[88.40674,22.1898],[88.40556,22.19028],[88.40393,22.18989],[88.40113,22.19062],[88.39963,22.18863],[88.39833,22.18865],[88.39725,22.18808],[88.3962,22.18854],[88.39564,22.18802],[88.39465,22.18818],[88.39427,22.18743],[88.39367,22.18749],[88.39284,22.18872],[88.39022,22.18932],[88.39026,22.19042],[88.38966,22.19056],[88.38891,22.18811],[88.38687,22.18819],[88.38688,22.18859],[88.3858,22.18876],[88.38574,22.19191],[88.38125,22.193],[88.37905,22.19051],[88.37892,22.18922],[88.37798,22.18804],[88.3797,22.18721],[88.37995,22.1865],[88.37642,22.18732],[88.37595,22.18632],[88.37449,22.18634],[88.37396,22.18359],[88.37314,22.18292],[88.37189,22.18257],[88.37105,22.18304],[88.37119,22.18427],[88.36993,22.18438],[88.36995,22.18691],[88.36891,22.18665],[88.36973,22.18825],[88.37034,22.19182],[88.37137,22.19199],[88.37153,22.19412],[88.36998,22.19576],[88.37032,22.19945],[88.36993,22.20023],[88.37178,22.2087],[88.36817,22.20784],[88.36667,22.20947],[88.36627,22.20939],[88.36584,22.21018],[88.36608,22.21073],[88.36706,22.2107],[88.36692,22.21217],[88.36769,22.21254],[88.36772,22.2132],[88.36623,22.21344],[88.36379,22.21288],[88.36342,22.21376],[88.36358,22.21747],[88.36237,22.21712],[88.36239,22.21775],[88.36391,22.21895],[88.36444,22.2219],[88.36337,22.22237],[88.36198,22.22226],[88.3619,22.22152],[88.35981,22.22109],[88.36047,22.22611],[88.35527,22.22815],[88.35536,22.22996],[88.35268,22.23062],[88.35254,22.23139]]]}},{"type":"Feature","bbox":[88.27995,22.07075,88.4159,22.21928],"properties":{"kind":"block","block":"Mandirbazar","lgd":2766},"geometry":{"type":"Polygon","coordinates":[[[88.30851,22.07349],[88.30817,22.07306],[88.30666,22.07386],[88.30642,22.07338],[88.30412,22.07381],[88.30401,22.07315],[88.30209,22.07176],[88.29768,22.07143],[88.29696,22.07208],[88.29599,22.07203],[88.29554,22.07236],[88.29571,22.07313],[88.29731,22.07749],[88.29674,22.07759],[88.29525,22.07489],[88.29399,22.07504],[88.29356,22.07424],[88.29292,22.07426],[88.2929,22.07886],[88.29224,22.07884],[88.29248,22.08115],[88.29105,22.08283],[88.29108,22.08359],[88.29054,22.08355],[88.29071,22.08474],[88.28716,22.08495],[88.28709,22.08437],[88.28569,22.08425],[88.2843,22.08454],[88.28442,22.08571],[88.28322,22.08642],[88.28245,22.08627],[88.28222,22.08799],[88.28283,22.08963],[88.28216,22.09083],[88.28334,22.09158],[88.28304,22.09308],[88.28467,22.09354],[88.28296,22.0941],[88.2828,22.09465],[88.28411,22.09471],[88.2846,22.09594],[88.28439,22.09735],[88.28258,22.10083],[88.28243,22.10307],[88.28208,22.10321],[88.28223,22.1081],[88.28339,22.11245],[88.27995,22.11343],[88.28072,22.11746],[88.28066,22.11982],[88.28498,22.12687],[88.2861,22.12741],[88.28549,22.12811],[88.28489,22.1278],[88.28346,22.12814],[88.28336,22.12876],[88.2843,22.12865],[88.28447,22.13027],[88.28384,22.13056],[88.28422,22.13117],[88.28549,22.13163],[88.28531,22.13351],[88.28429,22.13398],[88.28475,22.13496],[88.28449,22.13542],[88.2859,22.13556],[88.28605,22.13616],[88.28519,22.13671],[88.28498,22.13749],[88.2856,22.13754],[88.28563,22.13896],[88.2847,22.13898],[88.28518,22.13967],[88.28413,22.14033],[88.28549,22.14222],[88.28637,22.14191],[88.28712,22.14232],[88.28763,22.14339],[88.28749,22.14609],[88.28694,22.14625],[88.2872,22.14757],[88.28671,22.14787],[88.28706,22.1502],[88.2889,22.15253],[88.28921,22.1541],[88.28906,22.15556],[88.28835,22.15557],[88.28842,22.15623],[88.28783,22.15674],[88.28892,22.15805],[88.28924,22.16031],[88.28886,22.16038],[88.28875,22.16125],[88.28987,22.16387],[88.29071,22.16552],[88.29097,22.1648],[88.29186,22.16499],[88.29252,22.16414],[88.29347,22.1649],[88.29545,22.1649],[88.29544,22.16406],[88.29666,22.16418],[88.29807,22.16598],[88.30108,22.16535],[88.30041,22.16267],[88.30305,22.16156],[88.30333,22.16322],[88.3052,22.16318],[88.30557,22.16365],[88.31082,22.16267],[88.31113,22.16413],[88.3131,22.16394],[88.31263,22.16222],[88.3149,22.16181],[88.31683,22.16388],[88.31751,22.16277],[88.31708,22.16572],[88.31572,22.1698],[88.31515,22.17014],[88.3147,22.17147],[88.31431,22.17358],[88.31485,22.17546],[88.31399,22.17926],[88.31573,22.17888],[88.31527,22.18372],[88.31453,22.18526],[88.31579,22.18627],[88.31547,22.18834],[88.31601,22.1905],[88.31498,22.19102],[88.31497,22.19157],[88.30932,22.19114],[88.30845,22.1903],[88.30636,22.19089],[88.30657,22.19176],[88.30759,22.19152],[88.30763,22.19218],[88.30173,22.19293],[88.30162,22.19386],[88.29882,22.19438],[88.29776,22.19511],[88.29782,22.19551],[88.29659,22.19599],[88.29708,22.19783],[88.29603,22.19806],[88.29601,22.19869],[88.29752,22.20568],[88.29679,22.20906],[88.29493,22.20936],[88.29497,22.20986],[88.29289,22.21132],[88.29486,22.21457],[88.29885,22.21636],[88.29969,22.21601],[88.3018,22.21662],[88.30196,22.21517],[88.30261,22.2152],[88.30272,22.21416],[88.30565,22.21392],[88.30582,22.21435],[88.30668,22.21443],[88.30748,22.21737],[88.30848,22.21742],[88.30851,22.21783],[88.31067,22.21778],[88.31055,22.21928],[88.31162,22.21922],[88.3116,22.2188],[88.31524,22.21714],[88.31537,22.21752],[88.31714,22.217],[88.31731,22.21748],[88.32212,22.217],[88.32284,22.2174],[88.32332,22.21722],[88.32336,22.21657],[88.33008,22.21672],[88.33141,22.21592],[88.33107,22.21366],[88.33289,22.21352],[88.333,22.21461],[88.33521,22.21457],[88.33392,22.20865],[88.33569,22.20915],[88.33718,22.21109],[88.33786,22.21107],[88.33902,22.21194],[88.34123,22.21254],[88.34179,22.21185],[88.34215,22.21228],[88.3436,22.21241],[88.34465,22.21196],[88.3444,22.21093],[88.34498,22.20921],[88.34447,22.20899],[88.34444,22.20821],[88.34505,22.20727],[88.34636,22.20731],[88.34707,22.20628],[88.34797,22.20599],[88.3474,22.20384],[88.34814,22.20248],[88.348,22.20145],[88.34472,22.20013],[88.34396,22.19844],[88.34384,22.19507],[88.34283,22.19485],[88.3429,22.19414],[88.3443,22.19391],[88.34435,22.19331],[88.34538,22.19302],[88.34578,22.19111],[88.34538,22.18915],[88.34757,22.18868],[88.34854,22.18933],[88.34958,22.1892],[88.34949,22.18836],[88.35633,22.18671],[88.35671,22.18713],[88.35982,22.18586],[88.36,22.18625],[88.36279,22.18619],[88.36404,22.18709],[88.36542,22.18675],[88.36683,22.18795],[88.36973,22.18825],[88.36891,22.18665],[88.36995,22.18691],[88.36993,22.18438],[88.37119,22.18427],[88.37105,22.18304],[88.37189,22.18257],[88.37396,22.18359],[88.37449,22.18634],[88.37595,22.18632],[88.37642,22.18732],[88.37995,22.1865],[88.3797,22.18721],[88.37798,22.18804],[88.37892,22.18922],[88.37905,22.19051],[88.38125,22.193],[88.38574,22.19191],[88.3858,22.18876],[88.38688,22.18859],[88.38687,22.18819],[88.38891,22.18811],[88.38966,22.19056],[88.39026,22.19042],[88.39022,22.18932],[88.39284,22.18872],[88.39367,22.18749],[88.39427,22.18743],[88.39465,22.18818],[88.39564,22.18802],[88.3962,22.18854],[88.39725,22.18808],[88.39833,22.18865],[88.39963,22.18863],[88.40113,22.19062],[88.40393,22.18989],[88.40556,22.19028],[88.40674,22.1898],[88.40845,22.18714],[88.41097,22.18601],[88.40981,22.18446],[88.40958,22.18338],[88.40834,22.18336],[88.40776,22.18252],[88.40926,22.18223],[88.40916,22.18114],[88.4122,22.1801],[88.4119,22.17473],[88.40963,22.17297],[88.41039,22.17285],[88.41216,22.17401],[88.41304,22.17353],[88.41478,22.17369],[88.41499,22.17122],[88.4159,22.16999],[88.41042,22.16492],[88.40905,22.16275],[88.40715,22.15802],[88.4089,22.15691],[88.40894,22.1563],[88.40553,22.15186],[88.40427,22.14787],[88.4011,22.14753],[88.40211,22.14637],[88.40049,22.14574],[88.39993,22.14724],[88.39863,22.14729],[88.39838,22.14675],[88.39587,22.14597],[88.39614,22.14477],[88.39573,22.1443],[88.39035,22.14511],[88.38998,22.14464],[88.38701,22.1456],[88.38376,22.1432],[88.38255,22.14341],[88.38117,22.14232],[88.38024,22.14226],[88.37911,22.14325],[88.37784,22.14181],[88.37626,22.1426],[88.37546,22.14183],[88.37453,22.14182],[88.37405,22.14031],[88.37329,22.14011],[88.3719,22.13644],[88.37087,22.13591],[88.36989,22.13131],[88.36764,22.13022],[88.36572,22.13253],[88.36644,22.134],[88.36564,22.13417],[88.36576,22.13515],[88.3643,22.1357],[88.36421,22.13715],[88.36474,22.13777],[88.36422,22.13837],[88.36172,22.13543],[88.36063,22.13584],[88.3598,22.13559],[88.35893,22.13372],[88.35698,22.13132],[88.35547,22.13094],[88.35543,22.13048],[88.35658,22.12989],[88.3593,22.13038],[88.36097,22.12918],[88.36087,22.12872],[88.35876,22.12872],[88.35758,22.12797],[88.35555,22.12541],[88.35305,22.12578],[88.35266,22.1251],[88.35295,22.12386],[88.35131,22.11959],[88.35134,22.11848],[88.34869,22.11493],[88.34799,22.11329],[88.3479,22.11052],[88.34673,22.10433],[88.34764,22.10151],[88.35012,22.0992],[88.35231,22.09881],[88.34635,22.0916],[88.34469,22.09286],[88.34281,22.09273],[88.34259,22.09222],[88.3413,22.09253],[88.339,22.09189],[88.33963,22.09093],[88.33903,22.0902],[88.33775,22.09068],[88.33816,22.08833],[88.33859,22.08825],[88.33866,22.0865],[88.33768,22.08568],[88.33776,22.08399],[88.33526,22.08202],[88.33402,22.08222],[88.33448,22.07858],[88.33176,22.07075],[88.33078,22.07185],[88.32599,22.07317],[88.32565,22.07371],[88.32569,22.07638],[88.32751,22.07849],[88.32694,22.08027],[88.32584,22.08155],[88.32421,22.08159],[88.32211,22.07984],[88.32093,22.07799],[88.31744,22.07806],[88.31757,22.0772],[88.31595,22.07762],[88.31537,22.07621],[88.31467,22.07642],[88.31276,22.07554],[88.31088,22.07575],[88.31044,22.07421],[88.30821,22.07494],[88.30851,22.07349]]]}},{"type":"Feature","bbox":[88.29544,21.98586,88.49096,22.14843],"properties":{"kind":"block","block":"Mathurapur I","lgd":2767},"geometry":{"type":"Polygon","coordinates":[[[88.31626,21.98855],[88.30522,21.99121],[88.29731,21.99278],[88.29544,21.99273],[88.29963,22.00353],[88.29947,22.00546],[88.29688,22.0104],[88.29688,22.01281],[88.30068,22.01936],[88.30116,22.0209],[88.30685,22.02402],[88.30839,22.02575],[88.30574,22.03124],[88.30614,22.03165],[88.30947,22.03439],[88.3106,22.03469],[88.31154,22.0342],[88.31172,22.03314],[88.31244,22.03272],[88.31538,22.03425],[88.31921,22.0341],[88.31934,22.03517],[88.32021,22.03608],[88.32109,22.03956],[88.32054,22.04079],[88.31901,22.04178],[88.32048,22.04524],[88.32079,22.04866],[88.32174,22.04875],[88.32184,22.05023],[88.321,22.05129],[88.32078,22.06158],[88.31821,22.06388],[88.31796,22.06488],[88.318,22.06752],[88.31736,22.06895],[88.31717,22.07281],[88.31668,22.07394],[88.31744,22.07806],[88.32093,22.07799],[88.32211,22.07984],[88.32421,22.08159],[88.32584,22.08155],[88.32694,22.08027],[88.32751,22.07849],[88.32569,22.07638],[88.32565,22.07371],[88.32599,22.07317],[88.33078,22.07185],[88.33176,22.07075],[88.33448,22.07858],[88.33402,22.08222],[88.33526,22.08202],[88.33776,22.08399],[88.33768,22.08568],[88.33866,22.0865],[88.33859,22.08825],[88.33816,22.08833],[88.33775,22.09068],[88.33903,22.0902],[88.33963,22.09093],[88.339,22.09189],[88.3413,22.09253],[88.34259,22.09222],[88.34281,22.09273],[88.34469,22.09286],[88.34635,22.0916],[88.35231,22.09881],[88.35012,22.0992],[88.34764,22.10151],[88.34669,22.1057],[88.3479,22.11052],[88.34799,22.11329],[88.34869,22.11493],[88.35134,22.11848],[88.35131,22.11959],[88.35295,22.12386],[88.35266,22.1251],[88.35305,22.12578],[88.35555,22.12541],[88.35758,22.12797],[88.35876,22.12872],[88.36087,22.12872],[88.36097,22.12918],[88.3593,22.13038],[88.35658,22.12989],[88.35543,22.13048],[88.35547,22.13094],[88.35698,22.13132],[88.35893,22.13372],[88.3598,22.13559],[88.36063,22.13584],[88.36172,22.13543],[88.36422,22.13837],[88.36474,22.13777],[88.36421,22.13715],[88.3643,22.1357],[88.36576,22.13515],[88.36564,22.13417],[88.36644,22.134],[88.36572,22.13253],[88.36764,22.13022],[88.36989,22.13131],[88.37087,22.13591],[88.3719,22.13644],[88.37329,22.14011],[88.37405,22.14031],[88.37453,22.14182],[88.37546,22.14183],[88.37626,22.1426],[88.37784,22.14181],[88.37911,22.14325],[88.38024,22.14226],[88.38117,22.14232],[88.38255,22.14341],[88.38376,22.1432],[88.38701,22.1456],[88.38998,22.14464],[88.39035,22.14511],[88.39573,22.1443],[88.39614,22.14477],[88.39587,22.14597],[88.39838,22.14675],[88.39863,22.14729],[88.39993,22.14724],[88.40049,22.14574],[88.40211,22.14637],[88.4011,22.14753],[88.4104,22.14833],[88.41852,22.14843],[88.42298,22.14744],[88.42464,22.14635],[88.42634,22.14778],[88.42914,22.14817],[88.4293,22.1477],[88.43425,22.1474],[88.43483,22.14536],[88.43711,22.14292],[88.44296,22.14173],[88.44622,22.14215],[88.44785,22.14328],[88.45141,22.14162],[88.45228,22.14167],[88.45382,22.14327],[88.45395,22.14761],[88.45443,22.14816],[88.4552,22.14823],[88.45755,22.1463],[88.46059,22.14512],[88.46122,22.14443],[88.46133,22.14339],[88.45908,22.14184],[88.45826,22.14066],[88.45762,22.13943],[88.45755,22.13768],[88.46469,22.12807],[88.46619,22.1251],[88.46648,22.12253],[88.46572,22.12135],[88.46445,22.12115],[88.46199,22.12187],[88.45758,22.12135],[88.45474,22.12049],[88.45406,22.1201],[88.45413,22.11965],[88.45049,22.11879],[88.44962,22.11769],[88.44947,22.11583],[88.45221,22.11097],[88.45362,22.11099],[88.45785,22.11417],[88.46269,22.11585],[88.47695,22.11411],[88.48397,22.11531],[88.48656,22.11493],[88.48693,22.11396],[88.48632,22.11061],[88.4847,22.10748],[88.48384,22.10293],[88.48526,22.09926],[88.48884,22.09701],[88.48981,22.09698],[88.4894,22.09651],[88.4909,22.09282],[88.49096,22.08817],[88.4885,22.08423],[88.48516,22.08141],[88.48473,22.08033],[88.48377,22.07982],[88.4813,22.07993],[88.47632,22.08176],[88.47315,22.08369],[88.46796,22.08439],[88.46353,22.08665],[88.45832,22.08764],[88.44902,22.09459],[88.4426,22.09734],[88.4416,22.09822],[88.44129,22.10038],[88.44012,22.10126],[88.44033,22.10291],[88.43973,22.10385],[88.43868,22.10284],[88.43848,22.1014],[88.43615,22.09984],[88.43549,22.09889],[88.43499,22.0959],[88.43434,22.09564],[88.4335,22.09622],[88.4333,22.09727],[88.4338,22.09874],[88.43326,22.10158],[88.43416,22.10421],[88.43086,22.10198],[88.43048,22.10069],[88.42907,22.09963],[88.42756,22.09957],[88.42766,22.09656],[88.42687,22.09612],[88.42631,22.09656],[88.42382,22.0965],[88.4218,22.09732],[88.42166,22.09284],[88.42002,22.09249],[88.4151,22.09353],[88.41372,22.09287],[88.41359,22.09205],[88.41065,22.09311],[88.41008,22.09208],[88.40937,22.09229],[88.40885,22.0919],[88.40934,22.091],[88.40837,22.09081],[88.40596,22.09422],[88.40427,22.0935],[88.40323,22.095],[88.40279,22.09459],[88.40325,22.09405],[88.40253,22.09371],[88.40147,22.09417],[88.40158,22.09545],[88.40054,22.09567],[88.40049,22.09207],[88.39938,22.09215],[88.39866,22.09325],[88.39766,22.09318],[88.39795,22.09447],[88.39691,22.09472],[88.39694,22.09573],[88.39494,22.09554],[88.3943,22.09507],[88.3936,22.09562],[88.39259,22.09497],[88.38878,22.09766],[88.38705,22.09593],[88.38352,22.0964],[88.38286,22.09691],[88.3826,22.09605],[88.38159,22.09534],[88.37918,22.09486],[88.37882,22.09141],[88.37986,22.08975],[88.38139,22.08846],[88.38365,22.08793],[88.38544,22.08793],[88.39048,22.08921],[88.39359,22.08572],[88.39454,22.0838],[88.39441,22.08297],[88.3902,22.08264],[88.38378,22.07983],[88.38362,22.07783],[88.38536,22.07526],[88.38815,22.07238],[88.38859,22.07159],[88.3883,22.0702],[88.38532,22.06737],[88.38232,22.0659],[88.37593,22.06866],[88.37516,22.06829],[88.37412,22.06543],[88.37411,22.0631],[88.37339,22.0613],[88.37516,22.06043],[88.38657,22.05887],[88.39064,22.0564],[88.39525,22.05503],[88.39595,22.05426],[88.39751,22.05219],[88.39785,22.05094],[88.39741,22.04794],[88.39544,22.04858],[88.38746,22.04754],[88.38633,22.0468],[88.38519,22.04452],[88.38738,22.04079],[88.40135,22.03565],[88.40583,22.03284],[88.4061,22.03211],[88.40475,22.02891],[88.40389,22.02492],[88.40222,22.02291],[88.40077,22.02226],[88.39919,22.02241],[88.39562,22.0254],[88.38973,22.02931],[88.38577,22.03375],[88.38346,22.0341],[88.37712,22.0298],[88.37643,22.0288],[88.37627,22.02741],[88.38316,22.02069],[88.38465,22.01647],[88.38496,22.01072],[88.38458,22.00964],[88.38341,22.00818],[88.38021,22.00581],[88.37348,22.00382],[88.36631,22.00287],[88.36263,21.99973],[88.36153,22.00005],[88.3596,21.99869],[88.35791,21.99682],[88.35587,21.99287],[88.35317,21.99017],[88.34639,21.98963],[88.34412,21.98657],[88.34212,21.98586],[88.3238,21.98652],[88.31946,21.98697],[88.31626,21.98855]]]}},{"type":"Feature","bbox":[88.36243,21.88111,88.51708,22.10421],"properties":{"kind":"block","block":"Mathurapur-II","lgd":2768},"geometry":{"type":"Polygon","coordinates":[[[88.41805,21.90261],[88.41529,21.88969],[88.41321,21.88585],[88.40874,21.88175],[88.40701,21.88111],[88.40462,21.88111],[88.40255,21.88186],[88.39871,21.88642],[88.39189,21.8908],[88.38786,21.89489],[88.3864,21.89921],[88.3869,21.90179],[88.38847,21.90503],[88.39517,21.9115],[88.40529,21.91876],[88.40595,21.92006],[88.4054,21.92189],[88.40321,21.92527],[88.39637,21.93408],[88.39549,21.93717],[88.39637,21.94774],[88.39622,21.94989],[88.39523,21.95156],[88.39084,21.95486],[88.38414,21.95849],[88.37887,21.96219],[88.37752,21.96417],[88.37702,21.96618],[88.37714,21.96748],[88.37848,21.96902],[88.38733,21.97137],[88.39861,21.97611],[88.40982,21.98737],[88.41006,21.9905],[88.401,22.00063],[88.39997,22.00142],[88.39789,22.00164],[88.38494,21.99277],[88.38225,21.99144],[88.37845,21.99151],[88.37549,21.9905],[88.37067,21.98741],[88.36833,21.98461],[88.36583,21.98389],[88.36351,21.98393],[88.36243,21.9891],[88.36263,21.99973],[88.36631,22.00287],[88.37348,22.00382],[88.38021,22.00581],[88.38341,22.00818],[88.38458,22.00964],[88.38496,22.01072],[88.38432,22.0183],[88.38164,22.02256],[88.37627,22.02741],[88.37643,22.0288],[88.37865,22.03095],[88.38346,22.0341],[88.38485,22.03415],[88.38577,22.03375],[88.38973,22.02931],[88.39562,22.0254],[88.39784,22.02323],[88.39919,22.02241],[88.40077,22.02226],[88.40222,22.02291],[88.40389,22.02492],[88.40475,22.02891],[88.4061,22.03211],[88.40504,22.03347],[88.40135,22.03565],[88.38738,22.04079],[88.38519,22.04452],[88.38633,22.0468],[88.38746,22.04754],[88.39544,22.04858],[88.39741,22.04794],[88.39785,22.05094],[88.39751,22.05219],[88.39525,22.05503],[88.39064,22.0564],[88.38657,22.05887],[88.37516,22.06043],[88.37339,22.0613],[88.37411,22.0631],[88.37412,22.06543],[88.37516,22.06829],[88.37593,22.06866],[88.38232,22.0659],[88.38532,22.06737],[88.3883,22.0702],[88.38859,22.07159],[88.38815,22.07238],[88.38536,22.07526],[88.38362,22.07783],[88.38378,22.07983],[88.3902,22.08264],[88.39441,22.08297],[88.39454,22.0838],[88.39359,22.08572],[88.39048,22.08921],[88.38544,22.08793],[88.38139,22.08846],[88.37986,22.08975],[88.37882,22.09141],[88.37918,22.09486],[88.38159,22.09534],[88.3826,22.09605],[88.38286,22.09691],[88.38352,22.0964],[88.38705,22.09593],[88.38878,22.09766],[88.39259,22.09497],[88.3936,22.09562],[88.3943,22.09507],[88.39494,22.09554],[88.39694,22.09573],[88.39691,22.09472],[88.39795,22.09447],[88.39766,22.09318],[88.39866,22.09325],[88.39938,22.09215],[88.40049,22.09207],[88.40054,22.09567],[88.40158,22.09545],[88.40147,22.09417],[88.40253,22.09371],[88.40325,22.09405],[88.40279,22.09459],[88.40323,22.095],[88.40427,22.0935],[88.40596,22.09422],[88.40837,22.09081],[88.40934,22.091],[88.40885,22.0919],[88.40937,22.09229],[88.41008,22.09208],[88.41065,22.09311],[88.41359,22.09205],[88.41372,22.09287],[88.4151,22.09353],[88.42002,22.09249],[88.42166,22.09284],[88.4218,22.09732],[88.42382,22.0965],[88.42631,22.09656],[88.42687,22.09612],[88.42766,22.09656],[88.42756,22.09957],[88.42907,22.09963],[88.43048,22.10069],[88.43086,22.10198],[88.43416,22.10421],[88.43326,22.10158],[88.4338,22.09874],[88.4333,22.09727],[88.4335,22.09622],[88.43434,22.09564],[88.43499,22.0959],[88.43549,22.09889],[88.43615,22.09984],[88.43848,22.1014],[88.43868,22.10284],[88.43973,22.10385],[88.44033,22.10291],[88.44012,22.10126],[88.44129,22.10038],[88.4416,22.09822],[88.4426,22.09734],[88.44902,22.09459],[88.45832,22.08764],[88.46353,22.08665],[88.46796,22.08439],[88.47315,22.08369],[88.47632,22.08176],[88.4813,22.07993],[88.48377,22.07982],[88.48473,22.08033],[88.48603,22.07961],[88.48851,22.07929],[88.49057,22.0784],[88.49181,22.07694],[88.49264,22.07331],[88.49066,22.06848],[88.49045,22.06448],[88.49267,22.06023],[88.49745,22.05635],[88.49901,22.0545],[88.50062,22.05173],[88.50081,22.04985],[88.499,22.0489],[88.49393,22.04898],[88.48973,22.04782],[88.4896,22.04725],[88.48677,22.04523],[88.48038,22.04252],[88.46636,22.04477],[88.46435,22.04131],[88.46287,22.03706],[88.46082,22.02927],[88.46054,22.02438],[88.46221,22.01468],[88.46335,22.01468],[88.46455,22.01231],[88.46592,22.01132],[88.46804,22.01097],[88.47691,22.01215],[88.47755,22.01072],[88.48625,22.00937],[88.49312,22.00732],[88.49745,22.00512],[88.50072,21.99998],[88.50335,21.9976],[88.51218,21.9956],[88.51521,21.99337],[88.51675,21.99103],[88.51708,21.98986],[88.51632,21.98917],[88.51404,21.9885],[88.51319,21.989],[88.51324,21.98798],[88.51268,21.98742],[88.50183,21.98125],[88.49911,21.97825],[88.49745,21.97472],[88.49403,21.97064],[88.49318,21.96615],[88.49318,21.96385],[88.49391,21.96249],[88.49572,21.96033],[88.49797,21.95862],[88.50119,21.95429],[88.50759,21.94884],[88.51349,21.94109],[88.515,21.93832],[88.51104,21.92724],[88.51115,21.92132],[88.50816,21.9152],[88.50917,21.91532],[88.51312,21.91418],[88.50516,21.90427],[88.49873,21.89169],[88.49577,21.88366],[88.49419,21.88273],[88.49216,21.88251],[88.48943,21.88323],[88.48004,21.8887],[88.47554,21.89036],[88.46402,21.89283],[88.45993,21.89424],[88.45567,21.89751],[88.45328,21.90221],[88.45128,21.90466],[88.44959,21.90566],[88.43876,21.90601],[88.43625,21.90418],[88.43456,21.9022],[88.4329,21.90138],[88.4311,21.9012],[88.42286,21.9039],[88.41967,21.90397],[88.41805,21.90261]]]}},{"type":"Feature","bbox":[88.18239,21.60522,88.3947,21.86183],"properties":{"kind":"block","block":"Namkhana","lgd":2769},"geometry":{"type":"MultiPolygon","coordinates":[[[[88.34479,21.64921],[88.34658,21.64863],[88.34976,21.64852],[88.35046,21.6468],[88.34344,21.63759],[88.34615,21.63317],[88.3443,21.6276],[88.34062,21.62307],[88.33956,21.61941],[88.32691,21.61322],[88.32278,21.60781],[88.31785,21.60522],[88.3091,21.608],[88.30645,21.61495],[88.30661,21.62359],[88.30745,21.63247],[88.30942,21.63963],[88.31391,21.65211],[88.31611,21.66274],[88.3161,21.67237],[88.31453,21.68022],[88.31129,21.6891],[88.30569,21.69959],[88.30661,21.70563],[88.31336,21.70371],[88.31915,21.70385],[88.32891,21.70209],[88.33367,21.69982],[88.34338,21.69209],[88.34711,21.68515],[88.35025,21.68046],[88.35142,21.67728],[88.3516,21.67486],[88.35078,21.67262],[88.34856,21.66933],[88.34745,21.66663],[88.34472,21.66395],[88.34371,21.6619],[88.34643,21.6546],[88.34621,21.65162],[88.34479,21.64921]]],[[[88.21178,21.62326],[88.21033,21.61978],[88.20828,21.61922],[88.20744,21.61317],[88.20852,21.61183],[88.20925,21.60981],[88.20864,21.60791],[88.20599,21.60892],[88.20322,21.61351],[88.2019,21.61777],[88.19527,21.6451],[88.19262,21.65114],[88.19033,21.6545],[88.18864,21.65988],[88.18828,21.66503],[88.18346,21.67421],[88.18286,21.67712],[88.18322,21.68295],[88.18239,21.6867],[88.19441,21.6962],[88.1979,21.70048],[88.1994,21.70313],[88.20219,21.70607],[88.20709,21.70907],[88.20855,21.70819],[88.2089,21.70729],[88.20858,21.70524],[88.20473,21.70002],[88.20121,21.69699],[88.19683,21.69204],[88.19411,21.68737],[88.19359,21.68419],[88.19545,21.67936],[88.19668,21.67891],[88.20568,21.67176],[88.21515,21.67038],[88.21974,21.66912],[88.22507,21.66599],[88.2275,21.65006],[88.2265,21.63932],[88.22529,21.63591],[88.22396,21.63425],[88.22142,21.63177],[88.21744,21.62942],[88.21346,21.62572],[88.21178,21.62326]]],[[[88.38747,21.71858],[88.38998,21.71832],[88.39153,21.71785],[88.39391,21.71604],[88.3947,21.71377],[88.39218,21.70834],[88.39089,21.70676],[88.38349,21.70066],[88.37539,21.69703],[88.37244,21.69437],[88.37082,21.69372],[88.36953,21.69393],[88.36933,21.69295],[88.36853,21.69219],[88.36539,21.69083],[88.36583,21.68991],[88.36569,21.68804],[88.36455,21.68658],[88.36294,21.68557],[88.36173,21.68611],[88.36023,21.68572],[88.35982,21.68631],[88.35707,21.68646],[88.35619,21.68808],[88.35068,21.69194],[88.34622,21.69944],[88.34095,21.70668],[88.33844,21.71158],[88.33867,21.7139],[88.34157,21.71609],[88.34592,21.71792],[88.34732,21.7197],[88.34853,21.72254],[88.34815,21.72903],[88.34515,21.73775],[88.34302,21.7515],[88.34315,21.75325],[88.3447,21.75724],[88.3459,21.75889],[88.34763,21.76018],[88.35395,21.76193],[88.35711,21.76215],[88.35988,21.76332],[88.37029,21.76376],[88.37559,21.76522],[88.37654,21.76609],[88.37812,21.76642],[88.38284,21.7644],[88.38542,21.76407],[88.38719,21.76317],[88.38991,21.76078],[88.39011,21.75854],[88.38743,21.75454],[88.38634,21.75166],[88.38731,21.75024],[88.3871,21.74343],[88.38571,21.74017],[88.38257,21.73793],[88.37655,21.73767],[88.37149,21.73664],[88.36777,21.73412],[88.36535,21.73307],[88.36401,21.73013],[88.36337,21.72732],[88.36353,21.72469],[88.36732,21.71962],[88.37071,21.71793],[88.3764,21.717],[88.38747,21.71858]]],[[[88.30088,21.7254],[88.29913,21.71941],[88.29929,21.71492],[88.29596,21.71692],[88.2933,21.71607],[88.29192,21.71631],[88.29157,21.71551],[88.29254,21.71268],[88.29189,21.71206],[88.29014,21.71366],[88.28934,21.71525],[88.28938,21.71742],[88.28709,21.71964],[88.286,21.72158],[88.28536,21.72422],[88.28467,21.72404],[88.28336,21.72677],[88.28171,21.73293],[88.27976,21.73492],[88.28138,21.74342],[88.28347,21.74871],[88.28501,21.75028],[88.28419,21.75086],[88.28546,21.75491],[88.2866,21.76901],[88.28904,21.77862],[88.29615,21.77068],[88.29781,21.76809],[88.30112,21.75486],[88.30125,21.75084],[88.30173,21.75084],[88.30175,21.74774],[88.30469,21.73619],[88.30496,21.73246],[88.30088,21.7254]]],[[[88.32889,21.70895],[88.32618,21.70948],[88.3208,21.70874],[88.31371,21.71044],[88.30947,21.71283],[88.30707,21.71506],[88.30615,21.71768],[88.30631,21.72102],[88.30904,21.72955],[88.30948,21.73385],[88.30564,21.74832],[88.30311,21.76396],[88.30231,21.7662],[88.30224,21.76897],[88.30161,21.76896],[88.30097,21.77321],[88.30005,21.77346],[88.3,21.77678],[88.2991,21.77707],[88.29996,21.78141],[88.29807,21.78324],[88.29614,21.78382],[88.29371,21.78598],[88.29055,21.7869],[88.28827,21.78896],[88.28858,21.78937],[88.28683,21.79165],[88.28297,21.78946],[88.28281,21.78844],[88.2843,21.7877],[88.2861,21.78565],[88.28646,21.78365],[88.28558,21.77979],[88.28184,21.76881],[88.27948,21.76573],[88.2808,21.76438],[88.28172,21.76227],[88.27917,21.76061],[88.27344,21.76512],[88.26823,21.7681],[88.26781,21.77113],[88.25877,21.7804],[88.25661,21.78349],[88.25545,21.78557],[88.25318,21.79705],[88.25269,21.80584],[88.25411,21.81255],[88.25605,21.81671],[88.26206,21.82232],[88.27223,21.82983],[88.27639,21.83219],[88.28107,21.83413],[88.29062,21.83715],[88.29484,21.83796],[88.30603,21.83877],[88.31049,21.8406],[88.31184,21.8395],[88.31247,21.84169],[88.31306,21.84796],[88.31216,21.85052],[88.31029,21.8536],[88.31346,21.8566],[88.31771,21.85944],[88.32314,21.86131],[88.32854,21.86183],[88.33419,21.86161],[88.33903,21.86095],[88.3442,21.85752],[88.35031,21.85669],[88.35475,21.8567],[88.35613,21.8581],[88.35919,21.8576],[88.35902,21.85677],[88.35528,21.8523],[88.35589,21.84859],[88.35652,21.84698],[88.35752,21.84609],[88.35649,21.84462],[88.35702,21.84317],[88.35694,21.84108],[88.35609,21.83697],[88.35479,21.83422],[88.35444,21.83119],[88.35963,21.81479],[88.36099,21.8133],[88.36526,21.81043],[88.36524,21.8046],[88.36123,21.79925],[88.36193,21.79853],[88.36531,21.79775],[88.36842,21.79771],[88.38337,21.79123],[88.38466,21.79016],[88.37937,21.78762],[88.37617,21.7814],[88.3752,21.77565],[88.37499,21.77182],[88.37541,21.77127],[88.37463,21.76813],[88.37257,21.76758],[88.36884,21.76752],[88.36661,21.76807],[88.3634,21.7673],[88.35531,21.76689],[88.34662,21.76342],[88.34269,21.76113],[88.3427,21.76041],[88.34007,21.75743],[88.33995,21.75478],[88.33856,21.75136],[88.33977,21.75038],[88.3399,21.73947],[88.34397,21.7243],[88.3443,21.72104],[88.33817,21.71677],[88.33573,21.71393],[88.33389,21.71393],[88.33326,21.71447],[88.33172,21.71816],[88.33112,21.72507],[88.33048,21.7259],[88.32725,21.72649],[88.32585,21.72569],[88.32544,21.72464],[88.32488,21.71911],[88.3263,21.71369],[88.32909,21.70931],[88.32889,21.70895]]]]}},{"type":"Feature","bbox":[88.25497,21.58953,88.50002,22.00175],"properties":{"kind":"block","block":"Pathar Pratima","lgd":2770},"geometry":{"type":"MultiPolygon","coordinates":[[[[88.4081,21.59482],[88.40726,21.59473],[88.40667,21.59401],[88.4077,21.5928],[88.4076,21.59031],[88.4071,21.58969],[88.40538,21.58953],[88.4038,21.59042],[88.4025,21.58986],[88.40213,21.59032],[88.40011,21.5901],[88.39937,21.59129],[88.39672,21.59009],[88.39551,21.59566],[88.39633,21.59631],[88.39548,21.59664],[88.39322,21.59941],[88.39154,21.59935],[88.38986,21.60128],[88.38806,21.60198],[88.38761,21.60451],[88.38544,21.60855],[88.38475,21.61084],[88.38539,21.6121],[88.38625,21.61215],[88.38863,21.61474],[88.38922,21.61606],[88.39151,21.6186],[88.39333,21.62139],[88.39361,21.62354],[88.39301,21.62527],[88.3894,21.62727],[88.38711,21.62947],[88.38572,21.63261],[88.38588,21.63673],[88.38629,21.63735],[88.38897,21.63685],[88.3895,21.63946],[88.39086,21.64029],[88.39084,21.64073],[88.38896,21.64152],[88.38794,21.64298],[88.38761,21.64639],[88.38681,21.64706],[88.38662,21.64988],[88.38546,21.6524],[88.38548,21.65549],[88.38098,21.66247],[88.38132,21.664],[88.38226,21.66428],[88.38254,21.66635],[88.38204,21.67295],[88.38257,21.67736],[88.38249,21.68302],[88.3882,21.68961],[88.39058,21.69018],[88.39564,21.69448],[88.40164,21.70211],[88.40133,21.70307],[88.40302,21.70532],[88.40436,21.709],[88.40475,21.71177],[88.40394,21.71347],[88.4044,21.71416],[88.40424,21.71663],[88.40363,21.71675],[88.40168,21.72097],[88.39619,21.72519],[88.39134,21.72633],[88.3872,21.72635],[88.37253,21.72384],[88.37005,21.72443],[88.36876,21.72698],[88.36927,21.72823],[88.37213,21.72955],[88.38392,21.73231],[88.38912,21.73575],[88.39095,21.73838],[88.39246,21.74331],[88.39254,21.74594],[88.39451,21.75373],[88.39502,21.75448],[88.39583,21.75464],[88.39854,21.75338],[88.40018,21.75169],[88.40035,21.749],[88.39894,21.74396],[88.40115,21.73813],[88.40205,21.73673],[88.40398,21.73564],[88.40759,21.73485],[88.41121,21.73102],[88.41221,21.72841],[88.41491,21.72675],[88.41489,21.72425],[88.41614,21.72311],[88.41724,21.72037],[88.41839,21.71932],[88.41948,21.72009],[88.42106,21.7191],[88.42168,21.71814],[88.42117,21.71712],[88.42272,21.71499],[88.42458,21.70825],[88.42814,21.70251],[88.42756,21.70105],[88.42603,21.701],[88.42585,21.70057],[88.42337,21.70007],[88.41961,21.69837],[88.41343,21.69309],[88.4113,21.68547],[88.41184,21.68423],[88.41161,21.68207],[88.41041,21.67965],[88.41191,21.67839],[88.41377,21.67466],[88.41417,21.67208],[88.41325,21.66975],[88.41078,21.66616],[88.4112,21.66589],[88.41081,21.65994],[88.41169,21.65322],[88.41553,21.64745],[88.42079,21.64198],[88.42634,21.63783],[88.42866,21.63509],[88.42915,21.63268],[88.43103,21.63],[88.43225,21.62589],[88.43182,21.61986],[88.43103,21.61899],[88.42318,21.61737],[88.41858,21.61504],[88.41516,21.61437],[88.41367,21.61354],[88.40918,21.6083],[88.4059,21.60233],[88.40695,21.60133],[88.40846,21.5956],[88.4081,21.59482]]],[[[88.38888,21.76816],[88.38838,21.76913],[88.38829,21.77307],[88.38804,21.77352],[88.38562,21.77376],[88.38424,21.77506],[88.3835,21.77733],[88.38361,21.77912],[88.38853,21.78411],[88.39748,21.79141],[88.3992,21.79229],[88.39972,21.79327],[88.40236,21.79536],[88.40682,21.80023],[88.41113,21.80308],[88.41684,21.80918],[88.41962,21.81144],[88.42273,21.81031],[88.42346,21.81048],[88.42406,21.80979],[88.42604,21.80919],[88.42672,21.80757],[88.42636,21.80685],[88.42769,21.80156],[88.42999,21.79927],[88.43104,21.79938],[88.43244,21.79811],[88.43457,21.79813],[88.4362,21.79855],[88.43773,21.79991],[88.44182,21.80049],[88.44713,21.79736],[88.44894,21.79464],[88.45004,21.79434],[88.45129,21.79255],[88.45257,21.79226],[88.45316,21.79114],[88.45457,21.79074],[88.45524,21.78933],[88.45633,21.78895],[88.45744,21.78946],[88.46222,21.78885],[88.46458,21.7906],[88.46599,21.79331],[88.46772,21.79366],[88.47116,21.79313],[88.47143,21.79183],[88.47081,21.79069],[88.46573,21.78621],[88.46277,21.78262],[88.4603,21.77514],[88.45984,21.77474],[88.45903,21.77016],[88.45825,21.76942],[88.45778,21.76701],[88.45803,21.76525],[88.45864,21.7651],[88.45811,21.76374],[88.45863,21.76361],[88.45527,21.75244],[88.45424,21.7527],[88.45305,21.75159],[88.4532,21.75084],[88.45582,21.75003],[88.45394,21.73078],[88.45363,21.72074],[88.45339,21.71924],[88.4528,21.71854],[88.45411,21.70962],[88.45476,21.70831],[88.45491,21.70514],[88.45744,21.70387],[88.45928,21.70052],[88.45926,21.69837],[88.46003,21.69616],[88.46218,21.69421],[88.46599,21.68745],[88.46766,21.68262],[88.47028,21.67785],[88.47151,21.67388],[88.46898,21.66943],[88.46889,21.66649],[88.46804,21.66644],[88.46696,21.66741],[88.46587,21.66731],[88.46514,21.6663],[88.46517,21.66075],[88.46447,21.65657],[88.46323,21.65358],[88.46132,21.65088],[88.46119,21.64981],[88.46003,21.64846],[88.46012,21.64558],[88.45906,21.64264],[88.45946,21.63976],[88.45805,21.63767],[88.45739,21.63465],[88.45555,21.63201],[88.45571,21.63037],[88.45437,21.6292],[88.45336,21.62582],[88.45567,21.62595],[88.45529,21.62401],[88.45365,21.62107],[88.45016,21.61177],[88.44746,21.60854],[88.43977,21.60679],[88.4382,21.6052],[88.43716,21.60562],[88.43651,21.60535],[88.43532,21.604],[88.43239,21.60375],[88.43057,21.60489],[88.42831,21.60449],[88.42746,21.60472],[88.42716,21.60532],[88.43463,21.60815],[88.43668,21.60972],[88.43946,21.61316],[88.44116,21.61815],[88.44146,21.62002],[88.4408,21.62124],[88.44113,21.62283],[88.43692,21.63249],[88.42953,21.64288],[88.42614,21.64552],[88.423,21.64898],[88.42038,21.65314],[88.42102,21.6676],[88.42073,21.67355],[88.41914,21.68293],[88.41984,21.69018],[88.42267,21.6915],[88.42885,21.69562],[88.43091,21.69825],[88.43286,21.70219],[88.43249,21.70438],[88.43008,21.71075],[88.42713,21.71458],[88.42653,21.71612],[88.42662,21.71842],[88.42231,21.71996],[88.42138,21.72078],[88.41468,21.73092],[88.41162,21.73446],[88.40818,21.73661],[88.40598,21.73746],[88.40409,21.73759],[88.40317,21.73838],[88.4011,21.74418],[88.40237,21.74733],[88.40231,21.75004],[88.40291,21.75174],[88.40542,21.7534],[88.40531,21.75447],[88.40365,21.75419],[88.40316,21.75611],[88.40046,21.7546],[88.39763,21.75492],[88.39598,21.75695],[88.3957,21.76176],[88.39206,21.76581],[88.38888,21.76816]]],[[[88.49545,21.82325],[88.49636,21.82315],[88.49744,21.82141],[88.49842,21.82072],[88.49882,21.81598],[88.50002,21.81182],[88.49942,21.81077],[88.49375,21.80703],[88.49051,21.80393],[88.48811,21.80264],[88.48546,21.79886],[88.48065,21.80053],[88.47856,21.80048],[88.47772,21.79995],[88.47366,21.80019],[88.4714,21.79978],[88.4646,21.80009],[88.46335,21.80061],[88.45751,21.80733],[88.45323,21.81079],[88.4519,21.81302],[88.45189,21.81364],[88.45282,21.81434],[88.46158,21.81877],[88.4671,21.82097],[88.4676,21.82075],[88.47308,21.8293],[88.47512,21.83398],[88.47694,21.83406],[88.47835,21.83495],[88.48165,21.83509],[88.48318,21.83491],[88.48321,21.83416],[88.48673,21.8345],[88.48796,21.83405],[88.49081,21.82894],[88.4955,21.82462],[88.49545,21.82325]]],[[[88.30914,21.85506],[88.30498,21.85838],[88.30107,21.86087],[88.30065,21.85966],[88.29512,21.85939],[88.28149,21.85653],[88.27683,21.85614],[88.2663,21.8572],[88.26109,21.85853],[88.25822,21.86098],[88.25632,21.86472],[88.25497,21.87015],[88.25565,21.87221],[88.26366,21.88103],[88.27339,21.88887],[88.27507,21.89297],[88.27532,21.899],[88.27432,21.90349],[88.27304,21.90769],[88.26936,21.91281],[88.26781,21.91793],[88.26768,21.9206],[88.26895,21.92397],[88.27387,21.93099],[88.27531,21.93693],[88.27473,21.9433],[88.27336,21.94387],[88.27098,21.95343],[88.27144,21.95798],[88.27409,21.95979],[88.27323,21.96152],[88.27502,21.96574],[88.27532,21.97043],[88.27613,21.97169],[88.28525,21.97482],[88.28689,21.9749],[88.29079,21.97319],[88.29518,21.96646],[88.29646,21.96577],[88.30235,21.96817],[88.30593,21.96799],[88.30625,21.96832],[88.30632,21.97145],[88.30457,21.97827],[88.30316,21.98121],[88.3009,21.98379],[88.29907,21.98554],[88.29605,21.9867],[88.29625,21.98802],[88.29513,21.9919],[88.29544,21.99273],[88.29731,21.99278],[88.31249,21.98969],[88.31626,21.98855],[88.31946,21.98697],[88.325,21.9864],[88.34212,21.98586],[88.34412,21.98657],[88.34639,21.98963],[88.35317,21.99017],[88.35587,21.99287],[88.35791,21.99682],[88.36153,22.00005],[88.36263,21.99973],[88.36243,21.9891],[88.36282,21.9858],[88.36351,21.98393],[88.36479,21.98379],[88.36833,21.98461],[88.37067,21.98741],[88.37549,21.9905],[88.37845,21.99151],[88.38225,21.99144],[88.38494,21.99277],[88.39789,22.00164],[88.39881,22.00175],[88.401,22.00063],[88.40794,21.99327],[88.41006,21.9905],[88.40982,21.98737],[88.39861,21.97611],[88.38733,21.97137],[88.37848,21.96902],[88.37714,21.96748],[88.37752,21.96417],[88.37887,21.96219],[88.38414,21.95849],[88.39084,21.95486],[88.39523,21.95156],[88.39622,21.94989],[88.39637,21.94774],[88.39549,21.93717],[88.39637,21.93408],[88.40321,21.92527],[88.4054,21.92189],[88.40595,21.92006],[88.40529,21.91876],[88.39517,21.9115],[88.38847,21.90503],[88.3869,21.90179],[88.3864,21.89921],[88.38786,21.89489],[88.39189,21.8908],[88.39871,21.88642],[88.40255,21.88186],[88.40462,21.88111],[88.40701,21.88111],[88.40874,21.88175],[88.41321,21.88585],[88.41529,21.88969],[88.41751,21.89901],[88.41829,21.8991],[88.41962,21.90204],[88.4209,21.90298],[88.42294,21.90255],[88.42994,21.8994],[88.43431,21.89897],[88.43501,21.89942],[88.43598,21.90205],[88.43778,21.90382],[88.43955,21.90437],[88.44073,21.90579],[88.44405,21.90477],[88.44573,21.90545],[88.44768,21.90552],[88.45066,21.90492],[88.45143,21.90437],[88.45418,21.89854],[88.45788,21.89453],[88.46208,21.89274],[88.47059,21.89123],[88.47507,21.88984],[88.475,21.88906],[88.47649,21.88812],[88.47826,21.88101],[88.48304,21.87203],[88.48559,21.86226],[88.48622,21.86248],[88.48713,21.85968],[88.4866,21.85943],[88.48801,21.85479],[88.48728,21.85437],[88.48867,21.85141],[88.4889,21.84732],[88.4885,21.84252],[88.48786,21.84038],[88.4842,21.8383],[88.48322,21.83869],[88.47815,21.83854],[88.47329,21.83753],[88.46886,21.83436],[88.46576,21.82717],[88.46268,21.82527],[88.45867,21.82409],[88.45551,21.82395],[88.4491,21.81755],[88.44737,21.81299],[88.44864,21.80588],[88.4541,21.80015],[88.46008,21.79608],[88.46108,21.79496],[88.4604,21.79244],[88.45917,21.79189],[88.45742,21.79244],[88.44516,21.80303],[88.43529,21.80112],[88.43316,21.80303],[88.43312,21.801],[88.43229,21.80033],[88.43047,21.80038],[88.42918,21.80106],[88.42823,21.80315],[88.42754,21.80957],[88.42574,21.81146],[88.42545,21.81267],[88.42588,21.81452],[88.42493,21.81468],[88.42389,21.81445],[88.42335,21.81333],[88.42216,21.81306],[88.41742,21.81316],[88.41758,21.81172],[88.41519,21.80973],[88.41115,21.80519],[88.40409,21.80009],[88.38466,21.79016],[88.38337,21.79123],[88.36842,21.79771],[88.36531,21.79775],[88.36193,21.79853],[88.36123,21.79925],[88.36524,21.8046],[88.36526,21.81043],[88.36099,21.8133],[88.35963,21.81479],[88.35444,21.83119],[88.35479,21.83422],[88.35609,21.83697],[88.35694,21.84108],[88.35702,21.84317],[88.35649,21.84462],[88.35752,21.84609],[88.35652,21.84698],[88.35589,21.84859],[88.35528,21.8523],[88.35902,21.85677],[88.35919,21.8576],[88.35613,21.8581],[88.35475,21.8567],[88.35031,21.85669],[88.3442,21.85752],[88.33903,21.86095],[88.32854,21.86183],[88.32314,21.86131],[88.31771,21.85944],[88.31346,21.8566],[88.31029,21.8536],[88.30914,21.85506]]]]}},{"type":"Feature","bbox":[88.00957,21.54076,88.20825,21.9307],"properties":{"kind":"block","block":"Sagar","lgd":2771},"geometry":{"type":"MultiPolygon","coordinates":[[[[88.01281,21.54721],[88.01171,21.54863],[88.00957,21.55418],[88.01037,21.5593],[88.01248,21.56032],[88.0141,21.55997],[88.01633,21.56292],[88.01685,21.56295],[88.01728,21.56222],[88.01743,21.55949],[88.01868,21.55556],[88.01865,21.55207],[88.01594,21.54729],[88.01375,21.54684],[88.01281,21.54721]]],[[[88.0458,21.697],[88.04393,21.69312],[88.04293,21.69235],[88.04266,21.69294],[88.04487,21.69936],[88.04543,21.6994],[88.04602,21.69813],[88.0458,21.697]]],[[[88.04997,21.69934],[88.05197,21.70266],[88.05316,21.70182],[88.05155,21.69911],[88.05133,21.69623],[88.04953,21.69447],[88.0493,21.69502],[88.04997,21.69934]]],[[[88.04309,21.70088],[88.04236,21.70306],[88.04248,21.70816],[88.04296,21.70885],[88.04396,21.70365],[88.0447,21.70229],[88.04364,21.70059],[88.04309,21.70088]]],[[[88.05625,21.71014],[88.05446,21.7067],[88.05427,21.70433],[88.05331,21.70306],[88.05237,21.70361],[88.05218,21.70491],[88.05371,21.71088],[88.05423,21.7113],[88.05618,21.71109],[88.05625,21.71014]]],[[[88.04297,21.64948],[88.04146,21.64937],[88.04144,21.64998],[88.0436,21.65168],[88.04297,21.65222],[88.04336,21.65314],[88.04284,21.65366],[88.04202,21.6531],[88.04167,21.65376],[88.04175,21.65573],[88.0426,21.65702],[88.04395,21.66335],[88.04316,21.66608],[88.04467,21.66658],[88.045,21.66878],[88.04493,21.6704],[88.0423,21.67039],[88.04179,21.67123],[88.04135,21.67556],[88.04161,21.67596],[88.04467,21.6758],[88.04511,21.67622],[88.04342,21.67729],[88.0434,21.67845],[88.04634,21.68697],[88.04957,21.68695],[88.05081,21.68738],[88.05094,21.68784],[88.04985,21.68805],[88.05436,21.70077],[88.05502,21.7071],[88.05607,21.70912],[88.05693,21.70972],[88.05624,21.71157],[88.05435,21.71137],[88.05397,21.71176],[88.05411,21.71669],[88.05521,21.72095],[88.05883,21.72701],[88.05994,21.72996],[88.06153,21.73099],[88.06392,21.7315],[88.06434,21.73272],[88.0656,21.73318],[88.06477,21.73477],[88.06342,21.73488],[88.06272,21.73547],[88.06345,21.73745],[88.06501,21.73783],[88.0674,21.73936],[88.06942,21.73971],[88.0702,21.74076],[88.07059,21.74584],[88.07141,21.74893],[88.07294,21.75041],[88.07649,21.75176],[88.07644,21.75258],[88.07355,21.75803],[88.07343,21.75952],[88.07681,21.77742],[88.07958,21.78176],[88.08052,21.78256],[88.0836,21.78352],[88.08423,21.78459],[88.08364,21.78629],[88.08496,21.79403],[88.08669,21.79866],[88.08903,21.80225],[88.09252,21.80923],[88.09581,21.81261],[88.09631,21.81368],[88.09668,21.81578],[88.09807,21.81822],[88.09959,21.82701],[88.10214,21.83303],[88.10394,21.835],[88.10562,21.83836],[88.10866,21.84205],[88.1095,21.84428],[88.11197,21.84698],[88.11388,21.85073],[88.11714,21.85122],[88.11928,21.85577],[88.121,21.86272],[88.12365,21.86513],[88.12586,21.86817],[88.13014,21.87151],[88.13134,21.8732],[88.13584,21.87533],[88.13711,21.86973],[88.14115,21.86184],[88.14094,21.85865],[88.14315,21.85818],[88.14637,21.85404],[88.1484,21.85045],[88.14922,21.84793],[88.15129,21.84507],[88.15346,21.83877],[88.15479,21.83741],[88.15516,21.83539],[88.1571,21.8321],[88.1663,21.82472],[88.16742,21.82272],[88.16866,21.81844],[88.16834,21.81358],[88.16985,21.81265],[88.17096,21.8091],[88.16944,21.80746],[88.16767,21.80406],[88.16665,21.80125],[88.1656,21.79483],[88.16602,21.79007],[88.16756,21.78719],[88.16771,21.78504],[88.16886,21.78245],[88.16854,21.77438],[88.16883,21.75564],[88.16772,21.75358],[88.16935,21.75004],[88.1698,21.74594],[88.17083,21.74264],[88.17125,21.7401],[88.1705,21.73801],[88.17061,21.73632],[88.16868,21.7334],[88.16721,21.73237],[88.16749,21.7296],[88.16587,21.72637],[88.16586,21.72255],[88.16533,21.72091],[88.15949,21.71219],[88.15745,21.70811],[88.15525,21.70259],[88.15468,21.69993],[88.1539,21.69902],[88.15415,21.69863],[88.15351,21.69777],[88.15324,21.69548],[88.1526,21.69503],[88.153,21.69379],[88.15233,21.69116],[88.1528,21.69004],[88.15324,21.68196],[88.14891,21.68009],[88.14495,21.67964],[88.13961,21.6798],[88.13443,21.679],[88.13412,21.67783],[88.13473,21.67649],[88.13733,21.67628],[88.14108,21.67461],[88.14137,21.67144],[88.14179,21.6707],[88.14331,21.66996],[88.14355,21.66756],[88.14322,21.66666],[88.14227,21.66648],[88.14213,21.66347],[88.14232,21.66298],[88.14384,21.66265],[88.1441,21.66217],[88.14354,21.64901],[88.14462,21.64861],[88.14511,21.64696],[88.14554,21.64156],[88.14508,21.63898],[88.14261,21.63908],[88.14227,21.63577],[88.14058,21.63235],[88.13863,21.63078],[88.13712,21.63039],[88.13674,21.62908],[88.1352,21.62806],[88.13242,21.62764],[88.12928,21.62884],[88.12611,21.62902],[88.12454,21.62751],[88.12453,21.62649],[88.1239,21.62573],[88.11868,21.6254],[88.115,21.62559],[88.11225,21.62732],[88.09333,21.62986],[88.09051,21.63088],[88.09035,21.63162],[88.09095,21.6331],[88.09074,21.63529],[88.09174,21.63804],[88.09144,21.6387],[88.08761,21.63769],[88.08449,21.6361],[88.08151,21.63597],[88.08055,21.63438],[88.07905,21.63366],[88.07712,21.63372],[88.0738,21.63476],[88.07308,21.63441],[88.071,21.63466],[88.06961,21.63517],[88.06987,21.63563],[88.06943,21.63605],[88.06719,21.63576],[88.06463,21.63652],[88.05729,21.63939],[88.05526,21.64103],[88.05137,21.64266],[88.04731,21.64524],[88.04297,21.64948]]],[[[88.18567,21.57529],[88.18548,21.57287],[88.18669,21.5712],[88.18667,21.56913],[88.18745,21.56749],[88.18636,21.56491],[88.18748,21.56408],[88.18785,21.56308],[88.18859,21.55785],[88.19117,21.5548],[88.19214,21.55428],[88.19363,21.55067],[88.19375,21.54899],[88.19497,21.54774],[88.197,21.54771],[88.19743,21.54606],[88.19817,21.54599],[88.19928,21.5469],[88.20229,21.54785],[88.20405,21.54729],[88.20446,21.54669],[88.19933,21.54213],[88.19697,21.54097],[88.19363,21.54076],[88.19074,21.54202],[88.18705,21.54252],[88.17817,21.54677],[88.17562,21.55004],[88.17554,21.55137],[88.17385,21.55414],[88.17202,21.55985],[88.17128,21.5675],[88.16924,21.57662],[88.16715,21.58201],[88.16498,21.58403],[88.16394,21.5861],[88.1639,21.59715],[88.1643,21.59924],[88.16663,21.60276],[88.16731,21.60261],[88.16658,21.59995],[88.16655,21.59774],[88.16602,21.59691],[88.16593,21.59031],[88.168,21.58657],[88.17086,21.58448],[88.17441,21.58406],[88.17959,21.5848],[88.1806,21.58376],[88.1848,21.58323],[88.18633,21.58154],[88.18641,21.58072],[88.18499,21.57707],[88.18567,21.57529]]],[[[88.18906,21.6948],[88.1868,21.69165],[88.18303,21.68853],[88.18137,21.68826],[88.18086,21.68885],[88.18133,21.69016],[88.18154,21.69607],[88.18234,21.69956],[88.18581,21.70767],[88.18948,21.71333],[88.19235,21.71634],[88.20354,21.72584],[88.20579,21.71842],[88.20825,21.71346],[88.20802,21.71209],[88.20719,21.70988],[88.20593,21.70828],[88.20219,21.70607],[88.19552,21.70303],[88.1922,21.70018],[88.19042,21.69804],[88.18906,21.6948]]],[[[88.19361,21.75951],[88.19265,21.75819],[88.1924,21.75939],[88.19307,21.7647],[88.19417,21.76665],[88.19449,21.76854],[88.19419,21.76878],[88.19388,21.76672],[88.19301,21.76517],[88.19225,21.76478],[88.19144,21.76483],[88.19071,21.76594],[88.19016,21.76868],[88.19171,21.77485],[88.19219,21.77931],[88.19261,21.77971],[88.19319,21.77958],[88.19386,21.77849],[88.19747,21.77098],[88.19816,21.76842],[88.1979,21.76624],[88.1964,21.7632],[88.19408,21.76164],[88.19361,21.75951]]],[[[88.18569,21.79021],[88.18152,21.78383],[88.18082,21.78405],[88.18012,21.78513],[88.17666,21.79134],[88.17634,21.79346],[88.17905,21.79933],[88.18232,21.79566],[88.18569,21.79021]]],[[[88.13909,21.92273],[88.1447,21.91768],[88.14502,21.91689],[88.13886,21.90637],[88.13781,21.90594],[88.1377,21.90448],[88.13333,21.9004],[88.13001,21.89913],[88.12663,21.89997],[88.12303,21.90699],[88.12098,21.90922],[88.11938,21.90965],[88.11829,21.91376],[88.1154,21.91924],[88.11546,21.92108],[88.11681,21.92388],[88.12411,21.9307],[88.1253,21.93019],[88.13026,21.93016],[88.13315,21.92849],[88.13664,21.92558],[88.13779,21.92226],[88.13867,21.92297],[88.13909,21.92273]]]]}},{"type":"Feature","bbox":[88.34281,22.3657,88.54433,22.52256],"properties":{"kind":"block","block":"Sonarpur","lgd":2772},"geometry":{"type":"Polygon","coordinates":[[[88.39497,22.36667],[88.39264,22.36737],[88.39263,22.36928],[88.39079,22.36956],[88.39051,22.3687],[88.38977,22.36877],[88.38961,22.36829],[88.38599,22.36795],[88.38532,22.36817],[88.38517,22.3693],[88.38388,22.36949],[88.38154,22.36654],[88.38037,22.3658],[88.37878,22.36618],[88.37793,22.3657],[88.37657,22.36576],[88.37621,22.36653],[88.37971,22.368],[88.37984,22.36927],[88.37903,22.3708],[88.3793,22.37446],[88.37814,22.37657],[88.37981,22.37769],[88.38058,22.37911],[88.3801,22.38368],[88.37735,22.38342],[88.37669,22.38387],[88.37672,22.38445],[88.37772,22.38497],[88.37759,22.38553],[88.37813,22.38583],[88.37735,22.38677],[88.37803,22.38721],[88.37897,22.38668],[88.37992,22.38731],[88.38052,22.38687],[88.38141,22.38731],[88.38214,22.38896],[88.38212,22.39021],[88.38067,22.39118],[88.3801,22.39262],[88.3785,22.39293],[88.37775,22.39471],[88.37104,22.39758],[88.37131,22.39958],[88.37081,22.40121],[88.37128,22.4062],[88.37246,22.40944],[88.37217,22.41031],[88.37448,22.41085],[88.37421,22.41347],[88.37086,22.41557],[88.37044,22.41542],[88.36982,22.41426],[88.37013,22.41297],[88.36908,22.41187],[88.37008,22.41005],[88.36963,22.40922],[88.36486,22.40728],[88.36413,22.40749],[88.36377,22.40912],[88.36392,22.4146],[88.36358,22.41516],[88.36122,22.41518],[88.36002,22.41457],[88.36005,22.41272],[88.35979,22.41182],[88.35927,22.41168],[88.35904,22.41023],[88.35984,22.40977],[88.35895,22.40819],[88.35832,22.40549],[88.35701,22.40569],[88.35573,22.40725],[88.35424,22.40785],[88.35275,22.41099],[88.35313,22.41238],[88.35279,22.41367],[88.35466,22.41644],[88.35654,22.42058],[88.35494,22.42165],[88.3526,22.42119],[88.35225,22.42216],[88.35353,22.42855],[88.3524,22.43237],[88.34434,22.43224],[88.34421,22.43278],[88.34633,22.43541],[88.34612,22.43702],[88.34698,22.43925],[88.34672,22.44072],[88.34588,22.44166],[88.34755,22.44305],[88.34837,22.44787],[88.34757,22.44881],[88.34453,22.44866],[88.34418,22.44949],[88.34496,22.4504],[88.34281,22.45389],[88.34349,22.4553],[88.34319,22.45569],[88.34369,22.45515],[88.34575,22.45583],[88.34878,22.45514],[88.35169,22.45514],[88.35227,22.45694],[88.35486,22.45962],[88.35551,22.45943],[88.35623,22.46036],[88.35698,22.46029],[88.35805,22.4618],[88.35858,22.46187],[88.36069,22.45999],[88.35998,22.4597],[88.35968,22.45843],[88.36171,22.45741],[88.36128,22.45692],[88.36057,22.45704],[88.36033,22.45478],[88.36218,22.4534],[88.36227,22.45222],[88.36551,22.45263],[88.3663,22.45473],[88.3681,22.45485],[88.36837,22.4563],[88.36882,22.45626],[88.36957,22.45472],[88.3691,22.4534],[88.36828,22.45343],[88.36814,22.45211],[88.37039,22.45061],[88.37213,22.45032],[88.37251,22.45288],[88.37318,22.45401],[88.37427,22.45426],[88.3743,22.45495],[88.37532,22.45526],[88.37524,22.4538],[88.37685,22.45548],[88.3777,22.45436],[88.38004,22.45521],[88.38018,22.45702],[88.38231,22.45871],[88.3824,22.46018],[88.3793,22.46347],[88.37946,22.46409],[88.3853,22.46553],[88.38801,22.46521],[88.39442,22.46651],[88.39526,22.46862],[88.39977,22.47248],[88.40603,22.47209],[88.4069,22.47656],[88.40663,22.47713],[88.40723,22.47766],[88.40794,22.47794],[88.41424,22.4772],[88.41558,22.48124],[88.41671,22.48165],[88.4167,22.4832],[88.41786,22.48514],[88.41798,22.48688],[88.41738,22.48708],[88.41715,22.4879],[88.4175,22.49009],[88.41575,22.48956],[88.4121,22.49123],[88.4112,22.49099],[88.41145,22.49249],[88.41231,22.4922],[88.41284,22.49288],[88.41437,22.49281],[88.41447,22.49524],[88.41322,22.49601],[88.4132,22.49765],[88.41273,22.49831],[88.4114,22.49802],[88.4114,22.49845],[88.41069,22.4987],[88.41115,22.49959],[88.41034,22.50178],[88.41401,22.50384],[88.41581,22.50554],[88.41604,22.51217],[88.41644,22.51203],[88.41685,22.51346],[88.41787,22.51332],[88.41856,22.51508],[88.41978,22.515],[88.41996,22.517],[88.42148,22.5176],[88.42106,22.52122],[88.42222,22.52247],[88.42442,22.52063],[88.42293,22.51836],[88.42328,22.51709],[88.42403,22.51746],[88.42511,22.5171],[88.42709,22.51837],[88.42981,22.51646],[88.43165,22.5171],[88.43441,22.51635],[88.43559,22.51451],[88.43469,22.51441],[88.43486,22.51399],[88.43733,22.51238],[88.43979,22.50855],[88.44426,22.51125],[88.44824,22.50724],[88.44943,22.50849],[88.45112,22.50902],[88.45407,22.50888],[88.45589,22.51507],[88.45831,22.51675],[88.45848,22.51736],[88.45706,22.51813],[88.45727,22.51897],[88.45957,22.51914],[88.46049,22.52016],[88.46108,22.52256],[88.47454,22.51829],[88.47878,22.51814],[88.47663,22.51541],[88.47365,22.51313],[88.47482,22.51104],[88.47956,22.49632],[88.48275,22.48189],[88.48841,22.47541],[88.49422,22.46587],[88.50273,22.46131],[88.50628,22.45759],[88.50926,22.4563],[88.51966,22.45526],[88.52013,22.45445],[88.51961,22.44859],[88.52072,22.44456],[88.52438,22.43995],[88.52629,22.43827],[88.53158,22.43623],[88.53456,22.43413],[88.54403,22.43245],[88.54433,22.4285],[88.54392,22.42619],[88.54222,22.42055],[88.54011,22.41572],[88.53959,22.41484],[88.53879,22.41836],[88.54114,22.42276],[88.54124,22.42432],[88.53966,22.42651],[88.53668,22.42762],[88.53523,22.42652],[88.5306,22.41491],[88.53078,22.41389],[88.53223,22.41232],[88.53205,22.41063],[88.53068,22.40893],[88.53035,22.40761],[88.53057,22.40489],[88.53116,22.40424],[88.5303,22.40317],[88.52461,22.40569],[88.52273,22.40559],[88.52013,22.399],[88.51673,22.40014],[88.51421,22.39992],[88.51256,22.40101],[88.51175,22.40057],[88.50969,22.40093],[88.50835,22.39578],[88.5075,22.39425],[88.50599,22.39292],[88.50472,22.39299],[88.50355,22.39348],[88.5028,22.39506],[88.50187,22.39526],[88.50108,22.39613],[88.50175,22.39833],[88.50058,22.40015],[88.49966,22.39904],[88.49906,22.39935],[88.50004,22.40338],[88.49899,22.40429],[88.49776,22.40433],[88.49742,22.40368],[88.4965,22.40361],[88.49653,22.40497],[88.49289,22.40566],[88.49207,22.40694],[88.49162,22.40697],[88.49117,22.40602],[88.48829,22.4064],[88.48755,22.40596],[88.4804,22.41035],[88.47971,22.41129],[88.48031,22.41153],[88.48042,22.41213],[88.47981,22.41226],[88.47792,22.41121],[88.47738,22.40994],[88.47593,22.41008],[88.47607,22.4108],[88.47441,22.41128],[88.47353,22.41266],[88.47282,22.41271],[88.47274,22.41141],[88.47133,22.41128],[88.47344,22.41577],[88.47016,22.41744],[88.46935,22.41842],[88.46953,22.42072],[88.46902,22.42147],[88.46933,22.42303],[88.4687,22.42306],[88.46779,22.41991],[88.46718,22.41997],[88.46718,22.419],[88.46525,22.41636],[88.46359,22.41691],[88.46329,22.41628],[88.46244,22.41667],[88.46248,22.4173],[88.46178,22.41749],[88.46153,22.41814],[88.46091,22.41763],[88.46064,22.41644],[88.46001,22.41629],[88.45992,22.41705],[88.4592,22.41682],[88.45712,22.41751],[88.45592,22.41489],[88.45622,22.41321],[88.45501,22.40978],[88.453,22.40957],[88.44888,22.41097],[88.44708,22.41099],[88.441,22.41358],[88.44078,22.41226],[88.43984,22.41174],[88.44011,22.40985],[88.43934,22.40503],[88.43995,22.40439],[88.43904,22.40232],[88.43785,22.40212],[88.43402,22.40314],[88.43395,22.40005],[88.43061,22.40063],[88.4299,22.40037],[88.42912,22.40086],[88.42914,22.40001],[88.42789,22.39969],[88.42758,22.3991],[88.42688,22.3993],[88.42649,22.39811],[88.42871,22.39729],[88.42838,22.39469],[88.42744,22.39425],[88.42744,22.39328],[88.42847,22.39202],[88.42918,22.39198],[88.42888,22.38985],[88.42847,22.3895],[88.42659,22.38967],[88.42271,22.39095],[88.42206,22.39038],[88.41777,22.39077],[88.4179,22.39343],[88.41635,22.39358],[88.41614,22.38319],[88.41434,22.38293],[88.413,22.38134],[88.41157,22.38091],[88.41105,22.37842],[88.4103,22.37829],[88.41033,22.37714],[88.40889,22.37658],[88.40845,22.37588],[88.40789,22.37202],[88.40688,22.37259],[88.40343,22.37305],[88.40316,22.3714],[88.40414,22.3699],[88.39856,22.37055],[88.39803,22.36937],[88.39658,22.369],[88.39628,22.36781],[88.39497,22.36667]]]}},{"type":"Feature","bbox":[88.18685,22.4076,88.29942,22.54925],"properties":{"kind":"block","block":"Thakurpukur Mahestola","lgd":2773},"geometry":{"type":"Polygon","coordinates":[[[88.24047,22.44698],[88.24036,22.44632],[88.23906,22.4463],[88.23867,22.44486],[88.23765,22.44376],[88.237,22.44377],[88.23789,22.4464],[88.23623,22.44654],[88.23597,22.44763],[88.23504,22.44791],[88.23566,22.44998],[88.23768,22.44987],[88.23799,22.4521],[88.23878,22.45343],[88.23824,22.45412],[88.23727,22.4533],[88.23718,22.45233],[88.23502,22.45214],[88.23452,22.45031],[88.22686,22.45146],[88.22398,22.45031],[88.22099,22.45066],[88.2195,22.44921],[88.21721,22.4498],[88.2174,22.45264],[88.21934,22.45551],[88.22103,22.46048],[88.22345,22.46153],[88.22331,22.463],[88.22498,22.46773],[88.2279,22.47005],[88.22927,22.47699],[88.23161,22.47719],[88.23135,22.47475],[88.23034,22.47398],[88.2315,22.47252],[88.23398,22.47274],[88.23451,22.47544],[88.23746,22.47535],[88.23712,22.4772],[88.23848,22.4774],[88.23866,22.47874],[88.24036,22.48083],[88.24034,22.48187],[88.24174,22.48416],[88.23913,22.48448],[88.23906,22.48544],[88.24044,22.48789],[88.23803,22.4881],[88.23682,22.48739],[88.23627,22.4853],[88.23531,22.48564],[88.23371,22.48833],[88.23442,22.48921],[88.23415,22.49159],[88.23161,22.49374],[88.23176,22.49448],[88.23088,22.49455],[88.23054,22.49703],[88.22928,22.49756],[88.22618,22.49729],[88.22625,22.4891],[88.22021,22.48743],[88.2199,22.48688],[88.2189,22.48777],[88.21756,22.48732],[88.21683,22.48849],[88.21382,22.48941],[88.21219,22.49079],[88.21046,22.49085],[88.21144,22.49249],[88.21062,22.49364],[88.21117,22.49456],[88.21042,22.49505],[88.21056,22.49649],[88.20909,22.49604],[88.20867,22.4964],[88.20898,22.49817],[88.20776,22.4982],[88.2074,22.49769],[88.20495,22.4971],[88.20442,22.49515],[88.20341,22.49403],[88.20423,22.49402],[88.20322,22.49092],[88.2042,22.48958],[88.20438,22.4874],[88.20546,22.48685],[88.20508,22.48599],[88.20183,22.48739],[88.19533,22.48609],[88.19554,22.48867],[88.19463,22.48921],[88.19294,22.49211],[88.18685,22.49773],[88.19235,22.50489],[88.19688,22.50901],[88.20363,22.5139],[88.20865,22.5166],[88.21308,22.51781],[88.23252,22.51959],[88.23759,22.52174],[88.23917,22.52343],[88.24144,22.52813],[88.24203,22.53234],[88.2408,22.53499],[88.23687,22.53879],[88.23485,22.54191],[88.23407,22.5442],[88.23363,22.54916],[88.24003,22.54925],[88.24384,22.54815],[88.24479,22.54538],[88.24688,22.54471],[88.24839,22.54313],[88.25083,22.54239],[88.25252,22.54071],[88.25323,22.54311],[88.25797,22.54133],[88.25712,22.5383],[88.25533,22.53853],[88.25537,22.53695],[88.25649,22.5362],[88.25643,22.53578],[88.25764,22.53539],[88.2578,22.53464],[88.2589,22.53456],[88.2601,22.53291],[88.26104,22.53291],[88.26109,22.53464],[88.26487,22.53369],[88.26511,22.53502],[88.26751,22.53554],[88.26758,22.5361],[88.26833,22.53641],[88.26811,22.5369],[88.26873,22.53682],[88.26899,22.5375],[88.2712,22.53712],[88.27137,22.53884],[88.27321,22.53869],[88.27335,22.53918],[88.27381,22.53906],[88.27507,22.54168],[88.27636,22.54136],[88.27618,22.5402],[88.27862,22.53997],[88.27982,22.5395],[88.27974,22.5391],[88.28218,22.53878],[88.28203,22.53779],[88.28359,22.53816],[88.28539,22.53721],[88.28559,22.5377],[88.28693,22.53719],[88.28826,22.53721],[88.28833,22.53756],[88.29089,22.53707],[88.29165,22.53459],[88.2905,22.53174],[88.29109,22.53004],[88.2892,22.5274],[88.29012,22.52578],[88.28943,22.52512],[88.29027,22.52445],[88.28996,22.52165],[88.29168,22.51617],[88.29395,22.51685],[88.29846,22.51698],[88.2969,22.50703],[88.29942,22.50608],[88.29905,22.50375],[88.29802,22.50304],[88.29645,22.49964],[88.29516,22.49903],[88.29394,22.49638],[88.29263,22.49619],[88.29201,22.4953],[88.29076,22.49145],[88.2893,22.49177],[88.28863,22.49145],[88.28599,22.48628],[88.2862,22.48554],[88.27909,22.48699],[88.2763,22.48814],[88.2751,22.4881],[88.27191,22.49035],[88.27265,22.49113],[88.27166,22.49152],[88.27121,22.49098],[88.26862,22.4904],[88.26831,22.48709],[88.27109,22.48582],[88.27276,22.48558],[88.27348,22.48505],[88.27306,22.48335],[88.27345,22.48316],[88.27339,22.48242],[88.27597,22.482],[88.27535,22.47945],[88.27685,22.47897],[88.27688,22.47728],[88.27847,22.47678],[88.27835,22.47605],[88.27878,22.47592],[88.27843,22.47499],[88.27898,22.47413],[88.27876,22.47181],[88.27967,22.47212],[88.28298,22.46988],[88.28367,22.47013],[88.28642,22.46924],[88.28661,22.46952],[88.28786,22.46861],[88.28784,22.46578],[88.2883,22.46568],[88.28767,22.46308],[88.28901,22.46196],[88.2875,22.45603],[88.28743,22.45492],[88.28781,22.45482],[88.28544,22.44853],[88.28899,22.44688],[88.28965,22.44538],[88.29149,22.44526],[88.29034,22.44201],[88.29104,22.44172],[88.28782,22.43732],[88.291,22.43675],[88.29255,22.43699],[88.29272,22.43637],[88.29422,22.43554],[88.2931,22.43218],[88.29506,22.4311],[88.29546,22.42987],[88.29497,22.42796],[88.29507,22.42445],[88.29309,22.42466],[88.29108,22.42419],[88.29254,22.42581],[88.29163,22.42707],[88.28652,22.42721],[88.28467,22.42682],[88.28348,22.42543],[88.28269,22.42285],[88.2816,22.42213],[88.27163,22.428],[88.27101,22.42668],[88.27115,22.42526],[88.27009,22.42534],[88.26922,22.42478],[88.2687,22.42359],[88.26795,22.42383],[88.26765,22.42234],[88.26782,22.4209],[88.26912,22.42073],[88.27026,22.41727],[88.2679,22.41628],[88.26891,22.41543],[88.26813,22.41335],[88.26695,22.41319],[88.26626,22.41358],[88.26589,22.41294],[88.26642,22.41221],[88.26576,22.41166],[88.26577,22.411],[88.26448,22.41173],[88.26432,22.41088],[88.26361,22.41036],[88.26436,22.40809],[88.26393,22.40768],[88.26175,22.4076],[88.2609,22.40795],[88.26149,22.40832],[88.25889,22.40942],[88.25791,22.40844],[88.25489,22.40898],[88.25261,22.41082],[88.25428,22.41614],[88.25339,22.41821],[88.25448,22.42105],[88.25618,22.42063],[88.25631,22.42155],[88.25715,22.42189],[88.25712,22.4227],[88.25638,22.42299],[88.25647,22.42367],[88.25804,22.42382],[88.25853,22.42308],[88.25828,22.42251],[88.25914,22.4215],[88.26071,22.42129],[88.26049,22.42268],[88.26105,22.42367],[88.26064,22.42407],[88.26139,22.42689],[88.26264,22.42808],[88.26351,22.43029],[88.26405,22.43026],[88.26398,22.43264],[88.26272,22.43315],[88.26247,22.4343],[88.26036,22.43372],[88.25989,22.43452],[88.25867,22.43449],[88.25792,22.43557],[88.25711,22.43576],[88.25614,22.43723],[88.25719,22.43834],[88.25593,22.4395],[88.25737,22.44069],[88.25795,22.44269],[88.25729,22.44306],[88.25714,22.44428],[88.25637,22.44499],[88.2548,22.44501],[88.25251,22.44754],[88.2503,22.44781],[88.2468,22.44728],[88.24595,22.44626],[88.2443,22.44556],[88.24242,22.44587],[88.24047,22.44698]]]}},{"type":"Feature","bbox":[88.3105,21.99973,88.4061,22.05441],"properties":{"kind":"gp","gp":"Abad Bhagawanpur","block":"Mathurapur I","lgd":108220},"geometry":{"type":"Polygon","coordinates":[[[88.33188,22.01521],[88.32765,22.01318],[88.32709,22.01168],[88.32642,22.01115],[88.32475,22.0111],[88.32185,22.00936],[88.32024,22.01009],[88.31974,22.01136],[88.31604,22.01197],[88.31475,22.01356],[88.3105,22.01403],[88.31126,22.01554],[88.31123,22.01668],[88.31344,22.01704],[88.31807,22.02174],[88.32189,22.02156],[88.32415,22.02315],[88.32258,22.02414],[88.3214,22.02368],[88.31973,22.02382],[88.31913,22.02452],[88.31691,22.02512],[88.31834,22.02578],[88.31881,22.02705],[88.319,22.03034],[88.3199,22.0325],[88.31921,22.0341],[88.31934,22.03517],[88.32021,22.03608],[88.32109,22.03956],[88.32054,22.04079],[88.31901,22.04178],[88.32048,22.04524],[88.32079,22.04866],[88.32174,22.04875],[88.32184,22.05023],[88.321,22.05129],[88.32104,22.05441],[88.32194,22.05362],[88.32205,22.05096],[88.32504,22.05099],[88.32566,22.05021],[88.32833,22.04946],[88.32921,22.04859],[88.33228,22.04732],[88.33288,22.04548],[88.33795,22.04343],[88.33939,22.04238],[88.33752,22.03896],[88.3388,22.03992],[88.3443,22.04075],[88.34558,22.04229],[88.34688,22.04248],[88.35159,22.03982],[88.35583,22.03885],[88.35772,22.03868],[88.35876,22.03916],[88.36013,22.03872],[88.36085,22.03774],[88.36592,22.03627],[88.36729,22.03807],[88.37099,22.03713],[88.37332,22.04277],[88.37599,22.04191],[88.37859,22.04847],[88.3799,22.04869],[88.38353,22.04779],[88.3854,22.05294],[88.38633,22.05352],[88.38988,22.05116],[88.39544,22.04858],[88.39015,22.04812],[88.38746,22.04754],[88.38633,22.0468],[88.38519,22.04452],[88.38738,22.04079],[88.40135,22.03565],[88.40504,22.03347],[88.4061,22.03211],[88.40475,22.02891],[88.40389,22.02492],[88.40222,22.02291],[88.40077,22.02226],[88.39919,22.02241],[88.39784,22.02323],[88.39562,22.0254],[88.38973,22.02931],[88.38577,22.03375],[88.38485,22.03415],[88.38346,22.0341],[88.37865,22.03095],[88.37643,22.0288],[88.37627,22.02741],[88.38164,22.02256],[88.38432,22.0183],[88.38496,22.01072],[88.38458,22.00964],[88.38341,22.00818],[88.38021,22.00581],[88.37348,22.00382],[88.36631,22.00287],[88.36263,21.99973],[88.36153,22.00005],[88.36163,22.00279],[88.36366,22.0041],[88.36352,22.00476],[88.36224,22.00593],[88.36107,22.00606],[88.3596,22.00526],[88.35755,22.00521],[88.35517,22.00625],[88.35411,22.0081],[88.35403,22.01072],[88.34733,22.0147],[88.34291,22.01794],[88.34001,22.01709],[88.33857,22.01798],[88.33697,22.01715],[88.33391,22.01804],[88.33319,22.01766],[88.33275,22.01616],[88.33182,22.01582],[88.33188,22.01521]]]}},{"type":"Feature","bbox":[88.38383,21.79189,88.50002,21.84911],"properties":{"kind":"gp","gp":"Achintyanagar","block":"Pathar Pratima","lgd":108248},"geometry":{"type":"MultiPolygon","coordinates":[[[[88.48673,21.8345],[88.48796,21.83405],[88.49081,21.82894],[88.4955,21.82462],[88.49545,21.82325],[88.49636,21.82315],[88.49744,21.82141],[88.49842,21.82072],[88.49882,21.81598],[88.50002,21.81182],[88.49942,21.81077],[88.49375,21.80703],[88.49051,21.80393],[88.48811,21.80264],[88.48546,21.79886],[88.48065,21.80053],[88.47856,21.80048],[88.47772,21.79995],[88.47366,21.80019],[88.4714,21.79978],[88.4646,21.80009],[88.46335,21.80061],[88.45751,21.80733],[88.45323,21.81079],[88.45189,21.81364],[88.46158,21.81877],[88.4671,21.82097],[88.4676,21.82075],[88.47308,21.8293],[88.47512,21.83398],[88.47694,21.83406],[88.47835,21.83495],[88.48165,21.83509],[88.48318,21.83491],[88.48321,21.83416],[88.48673,21.8345]]],[[[88.45551,21.82395],[88.4491,21.81755],[88.44737,21.81299],[88.44761,21.81011],[88.44864,21.80588],[88.44945,21.80476],[88.4541,21.80015],[88.46008,21.79608],[88.46108,21.79496],[88.4604,21.79244],[88.45917,21.79189],[88.45742,21.79244],[88.44516,21.80303],[88.43529,21.80112],[88.43316,21.80303],[88.43312,21.801],[88.43229,21.80033],[88.43047,21.80038],[88.42918,21.80106],[88.42823,21.80315],[88.42754,21.80957],[88.42574,21.81146],[88.42545,21.81267],[88.42588,21.81452],[88.42493,21.81468],[88.42389,21.81445],[88.42335,21.81333],[88.42216,21.81306],[88.41742,21.81316],[88.41758,21.81172],[88.41519,21.80973],[88.41115,21.80519],[88.40409,21.80009],[88.3919,21.79372],[88.38933,21.79634],[88.39197,21.8042],[88.39153,21.81046],[88.38601,21.8233],[88.38406,21.83033],[88.38383,21.8358],[88.38587,21.84017],[88.39181,21.84863],[88.39316,21.84838],[88.3981,21.84584],[88.40131,21.84373],[88.40551,21.84293],[88.40707,21.83989],[88.40834,21.83886],[88.40979,21.83878],[88.41233,21.83904],[88.41431,21.84147],[88.41451,21.84362],[88.41599,21.84598],[88.41842,21.8489],[88.41983,21.84911],[88.42067,21.84838],[88.42089,21.84707],[88.42349,21.84343],[88.42465,21.84321],[88.4254,21.84443],[88.42984,21.84539],[88.43477,21.84532],[88.43694,21.84462],[88.4377,21.84384],[88.43783,21.84271],[88.43483,21.83954],[88.43496,21.83801],[88.43604,21.83695],[88.43913,21.83629],[88.44235,21.83464],[88.44906,21.82934],[88.46023,21.82454],[88.45867,21.82409],[88.45551,21.82395]]]]}},{"type":"Feature","bbox":[88.29728,22.38503,88.33404,22.43147],"properties":{"kind":"gp","gp":"Amgachhia","block":"Bishnupur-I","lgd":108028},"geometry":{"type":"Polygon","coordinates":[[[88.32276,22.39443],[88.32265,22.39368],[88.31994,22.39286],[88.31591,22.39317],[88.31459,22.39282],[88.31419,22.39227],[88.31428,22.3905],[88.31338,22.39008],[88.31332,22.38923],[88.31256,22.38901],[88.31242,22.3885],[88.31307,22.3883],[88.31273,22.38681],[88.31166,22.38654],[88.31049,22.38503],[88.30865,22.3855],[88.3089,22.38744],[88.3068,22.38886],[88.30769,22.39155],[88.30688,22.39264],[88.30537,22.39316],[88.30495,22.39203],[88.30395,22.3919],[88.30157,22.39441],[88.30338,22.39445],[88.30525,22.39637],[88.30536,22.3978],[88.30144,22.39846],[88.30171,22.39951],[88.30284,22.40005],[88.30332,22.40173],[88.30102,22.40179],[88.30072,22.40251],[88.30118,22.40315],[88.30095,22.40492],[88.30055,22.40495],[88.30031,22.40591],[88.29973,22.4059],[88.2995,22.4066],[88.30013,22.40703],[88.29921,22.40834],[88.29995,22.41531],[88.29865,22.41564],[88.29848,22.41686],[88.29767,22.41737],[88.29728,22.41841],[88.29732,22.42015],[88.29787,22.42034],[88.29814,22.42249],[88.29769,22.42358],[88.29815,22.42467],[88.29896,22.42453],[88.2994,22.42661],[88.29814,22.42731],[88.29827,22.42776],[88.29996,22.42726],[88.30026,22.4296],[88.301,22.42993],[88.30623,22.42844],[88.30606,22.43147],[88.30746,22.43085],[88.30773,22.43023],[88.30937,22.43112],[88.31044,22.43104],[88.31009,22.42992],[88.31106,22.42891],[88.31185,22.42882],[88.31258,22.42691],[88.31308,22.42342],[88.31253,22.42308],[88.31254,22.42192],[88.31362,22.41824],[88.31323,22.41674],[88.31096,22.41682],[88.31093,22.41547],[88.31511,22.4165],[88.31585,22.41729],[88.31981,22.41712],[88.32061,22.41596],[88.31955,22.4136],[88.32049,22.41192],[88.3237,22.41133],[88.32406,22.41061],[88.32375,22.40812],[88.32277,22.40671],[88.32352,22.4059],[88.324,22.40603],[88.3247,22.40887],[88.32607,22.40921],[88.32705,22.41057],[88.32928,22.41078],[88.33077,22.40985],[88.32996,22.40532],[88.3306,22.40311],[88.33014,22.40223],[88.33027,22.39609],[88.33296,22.39601],[88.33404,22.3939],[88.3302,22.39388],[88.3298,22.39543],[88.32435,22.39671],[88.32091,22.39848],[88.31947,22.39529],[88.32276,22.39443]]]}},{"type":"Feature","bbox":[88.69698,22.2997,88.77204,22.34523],"properties":{"kind":"gp","gp":"Amjhara","block":"Basanti","lgd":107996},"geometry":{"type":"Polygon","coordinates":[[[88.76012,22.30509],[88.73561,22.30627],[88.73324,22.30027],[88.73012,22.30031],[88.72732,22.2997],[88.7262,22.30033],[88.72627,22.30105],[88.72379,22.30147],[88.72394,22.30316],[88.7233,22.30352],[88.71572,22.30432],[88.716,22.302],[88.70639,22.30274],[88.70604,22.3077],[88.70536,22.30909],[88.70552,22.31079],[88.7042,22.31219],[88.70485,22.31446],[88.70375,22.31529],[88.70358,22.31602],[88.70155,22.31638],[88.7002,22.32082],[88.69698,22.32284],[88.69885,22.3249],[88.699,22.32562],[88.69836,22.32679],[88.70582,22.32854],[88.70849,22.3299],[88.71404,22.33412],[88.71883,22.33478],[88.7276,22.3348],[88.73219,22.33719],[88.7372,22.34127],[88.7408,22.34182],[88.74271,22.34336],[88.74469,22.34363],[88.74647,22.34308],[88.74747,22.34195],[88.74782,22.34056],[88.74701,22.33781],[88.74484,22.33532],[88.7443,22.33387],[88.7443,22.32948],[88.74506,22.32692],[88.74636,22.3254],[88.74781,22.32542],[88.7499,22.32736],[88.74919,22.33123],[88.7498,22.33364],[88.74967,22.33665],[88.75033,22.33872],[88.74989,22.34198],[88.75076,22.34412],[88.7531,22.34523],[88.75514,22.34424],[88.75623,22.34282],[88.75658,22.33872],[88.75706,22.33791],[88.75929,22.33742],[88.76254,22.33819],[88.76427,22.33939],[88.76749,22.33589],[88.77004,22.3315],[88.77118,22.32883],[88.77061,22.32819],[88.77204,22.32435],[88.77192,22.32201],[88.77147,22.32062],[88.77019,22.31932],[88.76686,22.31752],[88.76615,22.31585],[88.76986,22.31052],[88.76814,22.30942],[88.76166,22.30817],[88.76012,22.30509]]]}},{"type":"Feature","bbox":[88.31796,22.21657,88.42332,22.33679],"properties":{"kind":"gp","gp":"Amratala","block":"Magra Hat-II","lgd":108196},"geometry":{"type":"MultiPolygon","coordinates":[[[[88.42191,22.2184],[88.41943,22.21786],[88.41901,22.21657],[88.41816,22.21664],[88.41705,22.21878],[88.416,22.2183],[88.41233,22.21909],[88.41163,22.22037],[88.41164,22.22177],[88.41248,22.22216],[88.41209,22.22312],[88.41313,22.22296],[88.41331,22.22193],[88.4142,22.22196],[88.41497,22.22298],[88.41683,22.22335],[88.41688,22.22417],[88.41754,22.22375],[88.41943,22.22375],[88.41954,22.22332],[88.42155,22.22378],[88.42284,22.22356],[88.42332,22.22168],[88.42268,22.22005],[88.4216,22.21934],[88.42191,22.2184]]],[[[88.33958,22.29673],[88.3399,22.29619],[88.34089,22.29603],[88.34092,22.29549],[88.34194,22.29513],[88.34245,22.29425],[88.3438,22.29415],[88.3442,22.29609],[88.34494,22.29605],[88.34569,22.29698],[88.34623,22.29667],[88.34609,22.29544],[88.34658,22.29531],[88.34897,22.2971],[88.3499,22.29861],[88.352,22.30036],[88.35296,22.29987],[88.35594,22.29961],[88.35625,22.29591],[88.35699,22.29558],[88.35749,22.29607],[88.35854,22.29563],[88.35735,22.29275],[88.35827,22.29252],[88.35736,22.2895],[88.35799,22.28943],[88.35724,22.28546],[88.35523,22.28492],[88.35353,22.28525],[88.35201,22.28744],[88.3524,22.28829],[88.35196,22.28904],[88.35133,22.28897],[88.35001,22.29065],[88.34961,22.29231],[88.34863,22.29228],[88.34595,22.28891],[88.34575,22.28527],[88.34523,22.285],[88.34518,22.28323],[88.34643,22.28294],[88.34663,22.27901],[88.3449,22.2798],[88.3445,22.27927],[88.34079,22.28001],[88.3403,22.27891],[88.33822,22.27913],[88.33709,22.28076],[88.33555,22.28076],[88.33483,22.28154],[88.33347,22.28192],[88.33042,22.28196],[88.33128,22.27973],[88.33094,22.27889],[88.32837,22.27843],[88.32739,22.27881],[88.32643,22.27491],[88.3294,22.27457],[88.32941,22.27379],[88.32988,22.27379],[88.3301,22.27315],[88.33126,22.2732],[88.33133,22.2721],[88.33081,22.27182],[88.3273,22.27234],[88.32721,22.27326],[88.32639,22.27325],[88.32648,22.27272],[88.32549,22.27261],[88.32538,22.27179],[88.32426,22.27221],[88.32058,22.27195],[88.32059,22.27362],[88.32125,22.27411],[88.3214,22.27561],[88.32197,22.27566],[88.32221,22.27622],[88.32315,22.27607],[88.32311,22.2805],[88.32391,22.28055],[88.3242,22.28473],[88.32388,22.28591],[88.32489,22.28594],[88.32549,22.28655],[88.32538,22.28717],[88.32343,22.28739],[88.32358,22.29006],[88.32504,22.29004],[88.32529,22.2911],[88.32588,22.29108],[88.3265,22.29228],[88.3255,22.29308],[88.32522,22.29167],[88.32419,22.29152],[88.3231,22.29356],[88.32398,22.29386],[88.32441,22.29494],[88.32435,22.29676],[88.3231,22.29789],[88.32215,22.29796],[88.32176,22.29694],[88.32012,22.2969],[88.31933,22.30027],[88.31965,22.30089],[88.32077,22.30131],[88.32085,22.30181],[88.31997,22.30215],[88.32095,22.30461],[88.32293,22.30579],[88.32328,22.30688],[88.31965,22.30822],[88.3205,22.3103],[88.3208,22.31358],[88.31817,22.3142],[88.31897,22.31768],[88.31796,22.31888],[88.3185,22.32126],[88.31803,22.32152],[88.31881,22.32392],[88.31805,22.32471],[88.32048,22.32757],[88.31996,22.32848],[88.31876,22.32836],[88.3182,22.33032],[88.31904,22.33038],[88.32056,22.33249],[88.32303,22.33174],[88.32365,22.33271],[88.32328,22.33366],[88.32419,22.33596],[88.32592,22.33679],[88.32778,22.3367],[88.32807,22.33578],[88.33092,22.33374],[88.33187,22.33088],[88.33178,22.32693],[88.33215,22.32624],[88.33174,22.32314],[88.32952,22.31785],[88.33254,22.31681],[88.33193,22.31423],[88.33105,22.31448],[88.33049,22.3134],[88.33006,22.31085],[88.33206,22.31028],[88.3319,22.30859],[88.33088,22.30689],[88.33213,22.30641],[88.33205,22.30574],[88.33344,22.30556],[88.33464,22.30429],[88.33457,22.30278],[88.33343,22.30229],[88.33324,22.30133],[88.33398,22.30037],[88.33348,22.30003],[88.33469,22.29933],[88.336,22.29709],[88.33875,22.29644],[88.33958,22.29673]]]]}},{"type":"Feature","bbox":[88.88745,22.22058,88.95904,22.27087],"properties":{"kind":"gp","gp":"Amtali","block":"Basanti","lgd":108115},"geometry":{"type":"Polygon","coordinates":[[[88.91527,22.23468],[88.91687,22.23401],[88.91501,22.23081],[88.91501,22.22844],[88.91581,22.22648],[88.91493,22.22328],[88.9139,22.22176],[88.91201,22.22058],[88.90734,22.22214],[88.90168,22.22528],[88.8956,22.22952],[88.88964,22.23533],[88.88841,22.23749],[88.88784,22.24147],[88.89054,22.24577],[88.88745,22.247],[88.88986,22.25031],[88.89114,22.25124],[88.89168,22.25251],[88.89507,22.25153],[88.89562,22.25254],[88.90238,22.25248],[88.90578,22.2517],[88.90596,22.25498],[88.90753,22.25919],[88.90688,22.26378],[88.90772,22.26623],[88.90844,22.26757],[88.91503,22.27087],[88.91579,22.27069],[88.92248,22.26151],[88.92389,22.26024],[88.92521,22.2608],[88.92727,22.26358],[88.93539,22.26299],[88.93469,22.25823],[88.93566,22.25601],[88.93839,22.25293],[88.94037,22.25189],[88.94954,22.24908],[88.9532,22.24587],[88.95628,22.24019],[88.95838,22.23189],[88.95904,22.22608],[88.95617,22.22541],[88.95166,22.22525],[88.93405,22.22775],[88.92838,22.2289],[88.92383,22.23061],[88.91734,22.23614],[88.91544,22.23635],[88.91527,22.23468]]]}},{"type":"Feature","bbox":[88.29485,22.10759,88.32942,22.15839],"properties":{"kind":"gp","gp":"Anchana","block":"Mandirbazar","lgd":108210},"geometry":{"type":"Polygon","coordinates":[[[88.30358,22.11006],[88.30273,22.11096],[88.29991,22.11156],[88.30056,22.11417],[88.30217,22.11647],[88.30138,22.11739],[88.30152,22.11838],[88.30222,22.11824],[88.3021,22.1211],[88.30131,22.12118],[88.30214,22.12201],[88.30484,22.12212],[88.30501,22.1234],[88.30442,22.12342],[88.30448,22.12425],[88.30408,22.12439],[88.30507,22.12577],[88.30581,22.12565],[88.3068,22.12661],[88.30768,22.12799],[88.30645,22.13009],[88.30541,22.13051],[88.30682,22.13599],[88.30633,22.13611],[88.30616,22.13435],[88.30468,22.13478],[88.30483,22.13608],[88.30197,22.13626],[88.30204,22.13533],[88.29903,22.13561],[88.29866,22.13586],[88.299,22.13656],[88.30001,22.13644],[88.30009,22.1369],[88.29963,22.13738],[88.29807,22.13722],[88.2962,22.1379],[88.29556,22.13882],[88.29579,22.13961],[88.29485,22.14043],[88.29569,22.14125],[88.29651,22.14324],[88.29713,22.14323],[88.29723,22.14252],[88.29773,22.1425],[88.29816,22.14483],[88.30151,22.14535],[88.30152,22.14446],[88.30284,22.14501],[88.30219,22.14535],[88.30259,22.14698],[88.30423,22.14738],[88.3044,22.14815],[88.3058,22.14838],[88.30773,22.15081],[88.30686,22.15294],[88.30826,22.15337],[88.3082,22.15551],[88.30978,22.1559],[88.3101,22.15457],[88.31383,22.15372],[88.31468,22.15631],[88.31524,22.15681],[88.3193,22.15721],[88.32034,22.15835],[88.32106,22.15839],[88.32167,22.15687],[88.32376,22.15711],[88.32376,22.15628],[88.32242,22.15398],[88.32429,22.15323],[88.32482,22.1521],[88.32395,22.14981],[88.32203,22.14755],[88.32171,22.14521],[88.32099,22.14416],[88.32154,22.14318],[88.32337,22.14354],[88.3262,22.14247],[88.32889,22.14327],[88.32942,22.14205],[88.3282,22.13952],[88.3273,22.13499],[88.32717,22.13346],[88.32789,22.13211],[88.32771,22.1306],[88.32489,22.12724],[88.32566,22.12462],[88.3255,22.12247],[88.32486,22.12138],[88.32523,22.11974],[88.32587,22.11911],[88.32566,22.11829],[88.32361,22.11674],[88.3192,22.11698],[88.31681,22.11648],[88.31416,22.1118],[88.31143,22.10908],[88.30363,22.10759],[88.30358,22.11006]]]}},{"type":"Feature","bbox":[88.33768,22.36481,88.38214,22.39712],"properties":{"kind":"gp","gp":"Andhar Manik","block":"Bishnupur-I","lgd":108029},"geometry":{"type":"Polygon","coordinates":[[[88.35102,22.36585],[88.35029,22.3676],[88.34945,22.36778],[88.34895,22.36998],[88.34929,22.37075],[88.3479,22.37069],[88.34744,22.37127],[88.34662,22.37085],[88.34504,22.37099],[88.34524,22.37176],[88.34368,22.3729],[88.34416,22.37357],[88.34546,22.37359],[88.3458,22.37431],[88.34477,22.37525],[88.34396,22.37501],[88.34346,22.37657],[88.33768,22.37927],[88.33853,22.38311],[88.33989,22.38266],[88.34017,22.38394],[88.34104,22.3844],[88.34497,22.38373],[88.34558,22.38632],[88.35039,22.38775],[88.35293,22.38918],[88.353,22.39028],[88.35385,22.39125],[88.35391,22.39291],[88.35481,22.39291],[88.35482,22.39467],[88.35659,22.39595],[88.35977,22.39596],[88.36148,22.39467],[88.36297,22.39564],[88.36484,22.39564],[88.36826,22.39446],[88.36933,22.3949],[88.36938,22.39559],[88.3704,22.39563],[88.37023,22.3969],[88.37243,22.39712],[88.37775,22.39471],[88.3785,22.39293],[88.3801,22.39262],[88.38067,22.39118],[88.38212,22.39021],[88.38214,22.38896],[88.38141,22.38731],[88.38052,22.38687],[88.37992,22.38731],[88.37897,22.38668],[88.37803,22.38721],[88.37735,22.38677],[88.37813,22.38583],[88.37759,22.38553],[88.37772,22.38497],[88.37672,22.38445],[88.37669,22.38387],[88.37735,22.38342],[88.3801,22.38368],[88.38058,22.37911],[88.37981,22.37769],[88.37814,22.37657],[88.3793,22.37446],[88.37926,22.37275],[88.37505,22.37254],[88.37556,22.375],[88.37356,22.37511],[88.3736,22.37375],[88.37299,22.37229],[88.37486,22.37062],[88.37445,22.36721],[88.37494,22.36718],[88.37476,22.36558],[88.37122,22.36536],[88.371,22.36581],[88.365,22.36504],[88.35925,22.36576],[88.35065,22.36481],[88.35102,22.36585]]]}},{"type":"Feature","bbox":[88.24866,22.44269,88.26982,22.48866],"properties":{"kind":"gp","gp":"Asuti-I","block":"Thakurpukur Mahestola","lgd":108283},"geometry":{"type":"Polygon","coordinates":[[[88.26324,22.46485],[88.2625,22.46307],[88.26377,22.46264],[88.26314,22.45916],[88.26174,22.45523],[88.25916,22.45628],[88.25852,22.45603],[88.25867,22.45505],[88.25964,22.4548],[88.25975,22.45325],[88.26344,22.45119],[88.26396,22.44642],[88.26132,22.4445],[88.26126,22.44512],[88.25944,22.44522],[88.25848,22.44424],[88.25795,22.44269],[88.25729,22.44306],[88.25714,22.44428],[88.25637,22.44499],[88.2548,22.44501],[88.25251,22.44754],[88.24908,22.44758],[88.24954,22.45068],[88.24866,22.45242],[88.24995,22.45307],[88.2509,22.4549],[88.25154,22.45489],[88.25311,22.45628],[88.25537,22.45714],[88.25602,22.46021],[88.25393,22.46167],[88.25401,22.46292],[88.25331,22.46335],[88.25315,22.46408],[88.24968,22.46509],[88.25128,22.47065],[88.24984,22.47327],[88.24997,22.47461],[88.24891,22.47592],[88.24912,22.47673],[88.25095,22.47605],[88.25153,22.4779],[88.25325,22.47887],[88.25339,22.47935],[88.25231,22.48037],[88.2504,22.48057],[88.25049,22.48207],[88.25227,22.48244],[88.25251,22.48385],[88.25361,22.48431],[88.25451,22.48387],[88.25462,22.48473],[88.25535,22.48547],[88.25406,22.48645],[88.25421,22.48732],[88.25684,22.48855],[88.2581,22.48793],[88.25862,22.48797],[88.25898,22.48866],[88.26116,22.48818],[88.26099,22.48747],[88.2635,22.48614],[88.2635,22.48371],[88.26671,22.48149],[88.26488,22.47885],[88.26758,22.4788],[88.26764,22.47761],[88.26617,22.47666],[88.26767,22.47479],[88.26982,22.47448],[88.26867,22.47309],[88.26755,22.47289],[88.26537,22.47081],[88.26509,22.46952],[88.2639,22.46802],[88.26324,22.46485]]]}},{"type":"Feature","bbox":[88.26039,22.42213,88.28901,22.51903],"properties":{"kind":"gp","gp":"Asuti-Ii","block":"Thakurpukur Mahestola","lgd":108284},"geometry":{"type":"MultiPolygon","coordinates":[[[[88.2813,22.42807],[88.28209,22.4273],[88.28467,22.42682],[88.28348,22.42543],[88.28269,22.42285],[88.2816,22.42213],[88.27163,22.428],[88.27283,22.43057],[88.27544,22.43336],[88.27742,22.43262],[88.27889,22.43526],[88.2827,22.43444],[88.28395,22.43735],[88.28573,22.43702],[88.28618,22.43755],[88.28782,22.43732],[88.28546,22.43434],[88.28467,22.43182],[88.28397,22.43147],[88.28202,22.42866],[88.28124,22.4288],[88.2813,22.42807]]],[[[88.26894,22.45892],[88.27145,22.45924],[88.27149,22.45976],[88.26852,22.46008],[88.26855,22.46094],[88.2655,22.46046],[88.26239,22.45736],[88.26377,22.46264],[88.2625,22.46307],[88.26253,22.46366],[88.26324,22.46485],[88.2639,22.46802],[88.26509,22.46952],[88.26537,22.47081],[88.26755,22.47289],[88.26867,22.47309],[88.26982,22.47448],[88.26767,22.47479],[88.26617,22.47666],[88.26764,22.47761],[88.26758,22.4788],[88.26488,22.47885],[88.26671,22.48149],[88.26567,22.48186],[88.26552,22.48268],[88.26726,22.48235],[88.26882,22.48115],[88.2696,22.48169],[88.27003,22.48308],[88.26737,22.48455],[88.26831,22.48709],[88.27109,22.48582],[88.27276,22.48558],[88.27348,22.48505],[88.27306,22.48335],[88.27345,22.48316],[88.27339,22.48242],[88.27597,22.482],[88.27535,22.47945],[88.27685,22.47897],[88.27688,22.47728],[88.27847,22.47678],[88.27835,22.47605],[88.27878,22.47592],[88.27843,22.47499],[88.27898,22.47413],[88.27876,22.47181],[88.27967,22.47212],[88.28298,22.46988],[88.28367,22.47013],[88.28642,22.46924],[88.28661,22.46952],[88.28775,22.46879],[88.28784,22.46578],[88.2883,22.46568],[88.28767,22.46308],[88.28901,22.46196],[88.2875,22.45603],[88.28743,22.45492],[88.28781,22.45482],[88.28544,22.44853],[88.28491,22.44935],[88.28267,22.44928],[88.28178,22.45058],[88.2798,22.45084],[88.27889,22.45183],[88.27754,22.45172],[88.27698,22.45012],[88.26747,22.45088],[88.26638,22.45173],[88.2681,22.45718],[88.26865,22.45724],[88.26894,22.45892]],[[88.27983,22.46905],[88.27861,22.46985],[88.27802,22.46936],[88.27643,22.47017],[88.27362,22.47018],[88.27299,22.4691],[88.27271,22.46349],[88.27787,22.46241],[88.27942,22.46363],[88.28004,22.46621],[88.27983,22.46905]]],[[[88.26845,22.51877],[88.26914,22.51856],[88.26972,22.51903],[88.27105,22.51823],[88.27045,22.51662],[88.26887,22.51555],[88.26879,22.51417],[88.26943,22.51281],[88.26959,22.51048],[88.27162,22.5109],[88.27201,22.51004],[88.26981,22.50746],[88.26454,22.50709],[88.2634,22.50858],[88.26054,22.50989],[88.26039,22.51123],[88.26121,22.51145],[88.26474,22.51594],[88.26619,22.51551],[88.2668,22.51647],[88.26598,22.51711],[88.26663,22.51838],[88.26761,22.51772],[88.26845,22.51877]]]]}},{"type":"Feature","bbox":[88.69521,22.3254,88.78996,22.36646],"properties":{"kind":"gp","gp":"Atharobanki","block":"Canning-II","lgd":108077},"geometry":{"type":"Polygon","coordinates":[[[88.71404,22.33412],[88.70849,22.3299],[88.70582,22.32854],[88.70052,22.32714],[88.69836,22.32679],[88.69754,22.32757],[88.69521,22.32672],[88.69571,22.33866],[88.69864,22.34417],[88.69967,22.3475],[88.69753,22.34978],[88.69696,22.35205],[88.69726,22.35302],[88.69889,22.35481],[88.70272,22.35579],[88.70399,22.35664],[88.70445,22.35813],[88.70143,22.36102],[88.69915,22.36445],[88.70126,22.36646],[88.72729,22.36454],[88.75281,22.36442],[88.75368,22.36372],[88.7558,22.36336],[88.75592,22.36294],[88.76969,22.3619],[88.77526,22.36165],[88.77593,22.36246],[88.77607,22.3614],[88.7786,22.35846],[88.78104,22.354],[88.78308,22.34723],[88.78919,22.34464],[88.78996,22.34295],[88.78952,22.34215],[88.78442,22.33894],[88.78261,22.33657],[88.78191,22.33654],[88.77874,22.3374],[88.77361,22.34132],[88.77156,22.3423],[88.76859,22.34261],[88.7672,22.3438],[88.76517,22.34438],[88.76425,22.34361],[88.76414,22.34261],[88.76491,22.34146],[88.76494,22.34017],[88.76427,22.33939],[88.76254,22.33819],[88.75776,22.33747],[88.75658,22.33872],[88.7566,22.34126],[88.75579,22.34363],[88.7531,22.34523],[88.75149,22.34479],[88.75037,22.34346],[88.74989,22.34198],[88.75033,22.33872],[88.74967,22.33665],[88.7498,22.33364],[88.74919,22.33123],[88.7499,22.32736],[88.74781,22.32542],[88.74636,22.3254],[88.74506,22.32692],[88.7443,22.32948],[88.7443,22.33387],[88.74484,22.33532],[88.74701,22.33781],[88.74782,22.34056],[88.74747,22.34195],[88.74579,22.34347],[88.74271,22.34336],[88.7408,22.34182],[88.7372,22.34127],[88.73219,22.33719],[88.7276,22.3348],[88.71883,22.33478],[88.71404,22.33412]]]}},{"type":"Feature","bbox":[88.22425,21.93476,88.27209,22.02157],"properties":{"kind":"gp","gp":"Baburmahal","block":"Kulpi","lgd":108162},"geometry":{"type":"MultiPolygon","coordinates":[[[[88.26121,22.00727],[88.26178,22.00643],[88.26326,22.00571],[88.26333,22.00446],[88.26246,22.00361],[88.26011,22.0037],[88.25985,22.00313],[88.25788,22.00288],[88.25699,22.00217],[88.25555,21.99501],[88.25692,21.99231],[88.25997,21.99271],[88.25975,21.98967],[88.26125,21.98636],[88.2644,21.98615],[88.26539,21.985],[88.26423,21.98471],[88.25898,21.98084],[88.25703,21.97734],[88.25747,21.97587],[88.25838,21.9748],[88.2597,21.97014],[88.26143,21.96817],[88.26642,21.96469],[88.26683,21.96226],[88.26751,21.96135],[88.26753,21.9599],[88.26968,21.95964],[88.27144,21.95798],[88.27098,21.95343],[88.27209,21.94857],[88.2711,21.94849],[88.27085,21.94797],[88.26965,21.94149],[88.26724,21.94157],[88.26684,21.94002],[88.26518,21.93898],[88.26264,21.938],[88.25707,21.93722],[88.2539,21.93792],[88.24636,21.93831],[88.24029,21.93936],[88.24007,21.93759],[88.23731,21.93723],[88.23746,21.93515],[88.23708,21.93476],[88.23529,21.93618],[88.2341,21.93584],[88.23474,21.93687],[88.23463,21.93865],[88.22425,21.94079],[88.22518,21.94419],[88.2292,21.95111],[88.2321,21.96017],[88.23202,21.96322],[88.2331,21.96658],[88.23332,21.97088],[88.23697,21.98246],[88.2372,21.98397],[88.23632,21.98573],[88.23937,21.98744],[88.23901,21.98977],[88.24047,21.99141],[88.24138,21.99349],[88.24409,21.99321],[88.2451,21.99359],[88.24677,21.99938],[88.24713,21.9999],[88.248,21.99997],[88.24821,22.00205],[88.24942,22.00539],[88.24999,22.00563],[88.25038,22.00793],[88.25375,22.00802],[88.25417,22.00864],[88.2554,22.00864],[88.25613,22.00936],[88.2569,22.01227],[88.25806,22.01181],[88.25902,22.01045],[88.26084,22.01088],[88.2619,22.00852],[88.26121,22.00727]]],[[[88.25036,22.01988],[88.25041,22.01831],[88.24834,22.01446],[88.24816,22.01113],[88.246,22.01133],[88.24522,22.01106],[88.24456,22.00957],[88.24346,22.00956],[88.243,22.01285],[88.24371,22.01301],[88.24382,22.01384],[88.24472,22.01464],[88.24465,22.019],[88.24509,22.01961],[88.24643,22.01992],[88.24631,22.02157],[88.24893,22.02085],[88.25036,22.01988]]]]}},{"type":"Feature","bbox":[88.41521,22.19414,88.44566,22.2184],"properties":{"kind":"gp","gp":"Baharu Kshetra","block":"Jaynagar-I","lgd":108129},"geometry":{"type":"Polygon","coordinates":[[[88.43117,22.21543],[88.43225,22.21485],[88.43399,22.21556],[88.43587,22.21537],[88.43589,22.21453],[88.43692,22.21381],[88.43736,22.21256],[88.44028,22.2146],[88.43943,22.21076],[88.43941,22.20625],[88.44022,22.20551],[88.44046,22.2039],[88.44158,22.20355],[88.44175,22.20273],[88.44453,22.20246],[88.4445,22.20165],[88.44335,22.20134],[88.44231,22.1998],[88.44321,22.19949],[88.44311,22.19875],[88.44514,22.19849],[88.44488,22.19792],[88.44566,22.19771],[88.44496,22.19571],[88.44432,22.19592],[88.4446,22.19669],[88.44345,22.19704],[88.44369,22.19773],[88.44191,22.19899],[88.44128,22.1978],[88.44227,22.19723],[88.44185,22.19658],[88.44077,22.19687],[88.43977,22.19522],[88.43742,22.19512],[88.43683,22.19414],[88.43558,22.19473],[88.4356,22.19551],[88.43481,22.19639],[88.43543,22.19656],[88.43534,22.19723],[88.43459,22.19768],[88.43348,22.19627],[88.43394,22.19514],[88.4336,22.19458],[88.43277,22.19491],[88.43322,22.19755],[88.43018,22.19706],[88.42895,22.2],[88.42537,22.19971],[88.42563,22.20056],[88.42522,22.20111],[88.4224,22.20265],[88.42126,22.20115],[88.42017,22.20124],[88.41912,22.20008],[88.41817,22.20039],[88.41823,22.20135],[88.41612,22.20168],[88.41625,22.20354],[88.41561,22.20374],[88.41521,22.2051],[88.41606,22.2077],[88.4161,22.20937],[88.41695,22.21068],[88.4187,22.21156],[88.4201,22.21156],[88.41875,22.21452],[88.41897,22.21727],[88.41943,22.21786],[88.42191,22.2184],[88.42304,22.21788],[88.42417,22.21658],[88.42439,22.21384],[88.42585,22.2137],[88.42695,22.21497],[88.43024,22.21418],[88.43117,22.21543]]]}},{"type":"Feature","bbox":[88.44947,22.09025,88.53124,22.14931],"properties":{"kind":"gp","gp":"Baishata","block":"Jaynagar-II","lgd":108141},"geometry":{"type":"Polygon","coordinates":[[[88.48816,22.09738],[88.48468,22.09998],[88.48384,22.10293],[88.4847,22.10748],[88.48632,22.11061],[88.48693,22.11396],[88.48656,22.11493],[88.48397,22.11531],[88.47695,22.11411],[88.46269,22.11585],[88.45785,22.11417],[88.45362,22.11099],[88.45221,22.11097],[88.44947,22.11583],[88.44962,22.11769],[88.45049,22.11879],[88.45413,22.11965],[88.45406,22.1201],[88.45474,22.12049],[88.45758,22.12135],[88.46199,22.12187],[88.46445,22.12115],[88.46572,22.12135],[88.46648,22.12253],[88.46619,22.1251],[88.46469,22.12807],[88.45755,22.13768],[88.45762,22.13943],[88.45993,22.14254],[88.46146,22.1415],[88.46125,22.14073],[88.46264,22.13997],[88.4661,22.13925],[88.47149,22.14055],[88.47401,22.14254],[88.4759,22.14239],[88.47721,22.14147],[88.47886,22.1391],[88.4804,22.13841],[88.48261,22.13853],[88.48332,22.13912],[88.48564,22.1381],[88.48734,22.13705],[88.48739,22.13555],[88.48872,22.13525],[88.48875,22.13465],[88.49401,22.13436],[88.49591,22.13642],[88.49614,22.14284],[88.49726,22.14459],[88.49824,22.14852],[88.49956,22.14862],[88.49997,22.14931],[88.50213,22.14869],[88.50144,22.14553],[88.50169,22.14286],[88.50293,22.14283],[88.50507,22.14143],[88.51099,22.14014],[88.51288,22.1394],[88.51329,22.13866],[88.51816,22.13786],[88.51823,22.13613],[88.52042,22.13453],[88.52358,22.13414],[88.52348,22.13337],[88.52427,22.13269],[88.52498,22.13297],[88.52549,22.13262],[88.52475,22.13122],[88.52646,22.13023],[88.52786,22.12861],[88.52879,22.11627],[88.52967,22.1141],[88.53036,22.11008],[88.53124,22.10966],[88.53053,22.10779],[88.53014,22.10263],[88.53082,22.09772],[88.53015,22.095],[88.53065,22.09078],[88.52961,22.09025],[88.52479,22.09084],[88.52265,22.0916],[88.51609,22.09897],[88.50336,22.09818],[88.49674,22.09924],[88.49277,22.0983],[88.48981,22.09698],[88.48816,22.09738]]]}},{"type":"Feature","bbox":[88.19946,22.3877,88.24817,22.41379],"properties":{"kind":"gp","gp":"Bakhrahat","block":"Bishnupur-II","lgd":108039},"geometry":{"type":"Polygon","coordinates":[[[88.22015,22.38807],[88.21719,22.3877],[88.21319,22.39061],[88.21269,22.39209],[88.21061,22.39241],[88.20622,22.3926],[88.20026,22.38944],[88.20019,22.39125],[88.19946,22.3925],[88.20001,22.39735],[88.20064,22.39835],[88.20238,22.39843],[88.20315,22.40062],[88.20589,22.40059],[88.20676,22.40307],[88.20734,22.40333],[88.20742,22.40451],[88.20798,22.40497],[88.20683,22.40615],[88.20746,22.40728],[88.20685,22.40887],[88.2061,22.40897],[88.20615,22.40975],[88.20667,22.4106],[88.2084,22.41085],[88.20877,22.41322],[88.21006,22.41375],[88.21076,22.41273],[88.21363,22.4126],[88.21536,22.41278],[88.21679,22.41379],[88.21784,22.41273],[88.21998,22.41307],[88.22147,22.41272],[88.22288,22.41132],[88.22493,22.41055],[88.22509,22.40845],[88.22611,22.40821],[88.22967,22.40883],[88.22983,22.40752],[88.2307,22.40745],[88.23325,22.40871],[88.23523,22.40842],[88.23535,22.40752],[88.23603,22.40747],[88.23735,22.4077],[88.23882,22.40879],[88.24027,22.40816],[88.24052,22.40632],[88.24152,22.40611],[88.24401,22.40695],[88.24567,22.4068],[88.24696,22.40631],[88.24817,22.4047],[88.24637,22.40329],[88.24495,22.4031],[88.2437,22.40354],[88.24042,22.40267],[88.238,22.40055],[88.23752,22.39954],[88.23778,22.39824],[88.23708,22.39743],[88.23253,22.39463],[88.22942,22.39354],[88.22899,22.39258],[88.22776,22.39182],[88.22759,22.39039],[88.22558,22.39094],[88.22033,22.38926],[88.22015,22.38807]]]}},{"type":"Feature","bbox":[88.70147,22.05359,88.7546,22.10318],"properties":{"kind":"gp","gp":"Bali-I","block":"Basanti","lgd":108116},"geometry":{"type":"Polygon","coordinates":[[[88.73965,22.06232],[88.74078,22.06159],[88.74075,22.06059],[88.73808,22.05359],[88.71802,22.05803],[88.7133,22.05949],[88.70915,22.06204],[88.70494,22.06713],[88.70281,22.07161],[88.70147,22.07695],[88.70165,22.08052],[88.70347,22.08219],[88.70359,22.08282],[88.70494,22.08328],[88.71351,22.0893],[88.71811,22.09178],[88.73231,22.10318],[88.73533,22.10173],[88.73709,22.10185],[88.74034,22.09878],[88.74137,22.09853],[88.74507,22.09909],[88.7505,22.09824],[88.7516,22.09756],[88.75218,22.09638],[88.75168,22.093],[88.75383,22.08991],[88.7546,22.08689],[88.75175,22.08382],[88.74955,22.08055],[88.74757,22.07145],[88.74335,22.06655],[88.74249,22.06647],[88.74121,22.06546],[88.73965,22.06232]]]}},{"type":"Feature","bbox":[88.73231,22.08689,88.79897,22.16566],"properties":{"kind":"gp","gp":"Bali-Ii","block":"Basanti","lgd":108117},"geometry":{"type":"Polygon","coordinates":[[[88.76092,22.08976],[88.7546,22.08689],[88.75383,22.08991],[88.75168,22.093],[88.75218,22.09638],[88.7516,22.09756],[88.7505,22.09824],[88.74507,22.09909],[88.74137,22.09853],[88.74034,22.09878],[88.73709,22.10185],[88.73533,22.10173],[88.73231,22.10318],[88.73741,22.11113],[88.74245,22.12847],[88.74453,22.13244],[88.74578,22.13382],[88.74756,22.1349],[88.75138,22.13411],[88.75577,22.14008],[88.76438,22.13989],[88.76891,22.14137],[88.77204,22.14601],[88.77383,22.15344],[88.77587,22.15691],[88.7812,22.16011],[88.78973,22.16402],[88.79193,22.16566],[88.79345,22.16407],[88.7959,22.16302],[88.79598,22.16096],[88.79744,22.15733],[88.79724,22.15681],[88.79514,22.15574],[88.79546,22.15237],[88.79809,22.14816],[88.79897,22.14509],[88.79796,22.14065],[88.79685,22.13959],[88.79237,22.13972],[88.791,22.13899],[88.79017,22.1363],[88.78838,22.13263],[88.78689,22.13079],[88.78367,22.12361],[88.77612,22.12052],[88.77512,22.11859],[88.7746,22.11494],[88.77257,22.11007],[88.77186,22.10475],[88.77093,22.10279],[88.77041,22.09326],[88.76926,22.09266],[88.7675,22.09268],[88.76521,22.09102],[88.76092,22.08976]]]}},{"type":"Feature","bbox":[88.46985,22.19701,88.54207,22.26911],"properties":{"kind":"gp","gp":"Bamangachhi","block":"Jaynagar-I","lgd":108130},"geometry":{"type":"Polygon","coordinates":[[[88.51125,22.22217],[88.50515,22.21085],[88.49737,22.20381],[88.49344,22.19778],[88.49128,22.19701],[88.49031,22.19703],[88.48564,22.20035],[88.47718,22.20338],[88.47706,22.20435],[88.47642,22.20463],[88.47658,22.20672],[88.4728,22.20768],[88.47268,22.20997],[88.46985,22.21098],[88.47136,22.21637],[88.47323,22.21981],[88.47342,22.22142],[88.47256,22.2245],[88.47295,22.22536],[88.47389,22.22538],[88.47684,22.22963],[88.4773,22.232],[88.47909,22.23509],[88.47948,22.23845],[88.48104,22.23955],[88.48352,22.23929],[88.48302,22.24738],[88.48561,22.24863],[88.48964,22.24857],[88.49065,22.24797],[88.49086,22.25056],[88.48978,22.25208],[88.49102,22.25418],[88.4913,22.25592],[88.4967,22.2632],[88.4997,22.26322],[88.50301,22.26248],[88.50855,22.26315],[88.50949,22.26189],[88.51133,22.26138],[88.51102,22.25974],[88.51164,22.25886],[88.51557,22.25833],[88.51656,22.25908],[88.52003,22.26448],[88.52045,22.26475],[88.52278,22.26395],[88.52362,22.26428],[88.52557,22.26832],[88.5276,22.26823],[88.53043,22.26911],[88.5319,22.26884],[88.53385,22.26722],[88.53633,22.26708],[88.53805,22.26515],[88.54086,22.26328],[88.54207,22.25948],[88.53746,22.25833],[88.53606,22.25736],[88.53366,22.25727],[88.53148,22.25814],[88.52762,22.25808],[88.52665,22.25697],[88.52667,22.2561],[88.52782,22.25496],[88.53177,22.25407],[88.53227,22.25288],[88.53148,22.24997],[88.53013,22.2492],[88.52752,22.24956],[88.52664,22.24984],[88.52685,22.25076],[88.52291,22.24942],[88.52158,22.24821],[88.52159,22.24116],[88.51886,22.24236],[88.51864,22.24394],[88.51768,22.24385],[88.51736,22.24303],[88.51797,22.24279],[88.51705,22.24206],[88.51666,22.23911],[88.51472,22.23499],[88.51323,22.23011],[88.51168,22.22832],[88.51125,22.22217]],[[88.5064,22.243],[88.50651,22.24256],[88.50995,22.24373],[88.51179,22.24586],[88.51316,22.24564],[88.51698,22.24641],[88.51605,22.25167],[88.51507,22.25113],[88.51423,22.24973],[88.50541,22.24312],[88.5064,22.243]]]}},{"type":"Feature","bbox":[88.45823,22.55336,88.48336,22.57658],"properties":{"kind":"gp","gp":"Bamanghata","block":"Bhangar-II","lgd":108018},"geometry":{"type":"Polygon","coordinates":[[[88.48178,22.56595],[88.48336,22.56466],[88.48246,22.5644],[88.48201,22.56273],[88.48133,22.5621],[88.47901,22.56187],[88.47817,22.55977],[88.47857,22.55843],[88.47923,22.55842],[88.47783,22.55699],[88.47689,22.55732],[88.47367,22.55336],[88.47217,22.55421],[88.46581,22.56009],[88.45823,22.56768],[88.45887,22.56803],[88.46048,22.56685],[88.46392,22.5655],[88.46489,22.56616],[88.4652,22.56786],[88.46678,22.56901],[88.46574,22.57004],[88.46648,22.57128],[88.46594,22.57289],[88.46726,22.57383],[88.46984,22.57329],[88.47151,22.57419],[88.4731,22.57658],[88.4746,22.575],[88.47278,22.57345],[88.47382,22.57153],[88.47478,22.57115],[88.47485,22.56977],[88.47612,22.56881],[88.47614,22.56803],[88.47689,22.56764],[88.47677,22.56705],[88.47854,22.56728],[88.47926,22.56657],[88.48177,22.5671],[88.48178,22.56595]]]}},{"type":"Feature","bbox":[88.3835,21.71965,88.44587,21.81153],"properties":{"kind":"gp","gp":"Banashyamnagar","block":"Pathar Pratima","lgd":108249},"geometry":{"type":"Polygon","coordinates":[[[88.42814,21.75438],[88.42809,21.75289],[88.42366,21.74299],[88.42392,21.74087],[88.42604,21.7363],[88.42187,21.73601],[88.42534,21.72764],[88.42517,21.72498],[88.42319,21.71965],[88.42138,21.72078],[88.41468,21.73092],[88.41162,21.73446],[88.40818,21.73661],[88.40598,21.73746],[88.40409,21.73759],[88.40317,21.73838],[88.4011,21.74418],[88.40237,21.74733],[88.40231,21.75004],[88.40291,21.75174],[88.40542,21.7534],[88.40531,21.75447],[88.40365,21.75419],[88.40316,21.75611],[88.39951,21.75443],[88.39763,21.75492],[88.39657,21.75585],[88.39598,21.75695],[88.3957,21.76176],[88.39206,21.76581],[88.38888,21.76816],[88.38838,21.76913],[88.38804,21.77352],[88.38493,21.77422],[88.3835,21.77733],[88.38361,21.77912],[88.38706,21.78278],[88.39748,21.79141],[88.3992,21.79229],[88.39972,21.79327],[88.40236,21.79536],[88.40682,21.80023],[88.41113,21.80308],[88.41684,21.80918],[88.42022,21.81153],[88.42103,21.81088],[88.42346,21.81048],[88.42406,21.80979],[88.42604,21.80919],[88.42672,21.80757],[88.42636,21.80685],[88.42769,21.80156],[88.42999,21.79927],[88.43104,21.79938],[88.43244,21.79811],[88.43457,21.79813],[88.4362,21.79855],[88.43773,21.79991],[88.44182,21.80049],[88.44587,21.79808],[88.44265,21.79333],[88.4413,21.78575],[88.43958,21.78171],[88.4367,21.77739],[88.4309,21.77277],[88.42421,21.76626],[88.42481,21.76185],[88.42814,21.75438]]]}},{"type":"Feature","bbox":[88.20879,22.30926,88.25452,22.33514],"properties":{"kind":"gp","gp":"Banganagar-I","block":"Falta","lgd":108102},"geometry":{"type":"Polygon","coordinates":[[[88.24125,22.32522],[88.24171,22.32669],[88.24261,22.32765],[88.24282,22.32934],[88.24223,22.33074],[88.24343,22.33284],[88.24497,22.33286],[88.24727,22.33204],[88.24726,22.33126],[88.24895,22.32964],[88.25313,22.32743],[88.25355,22.32638],[88.25288,22.32463],[88.2532,22.32387],[88.25409,22.32382],[88.25452,22.32322],[88.25393,22.32276],[88.25335,22.3207],[88.25271,22.32013],[88.25096,22.31987],[88.25108,22.31938],[88.24992,22.31776],[88.24826,22.30926],[88.24643,22.3102],[88.24224,22.31021],[88.24156,22.31058],[88.24187,22.31206],[88.24062,22.31226],[88.24066,22.31173],[88.23925,22.31181],[88.23928,22.31227],[88.23853,22.3125],[88.23241,22.30961],[88.23293,22.31182],[88.23115,22.31205],[88.23096,22.31083],[88.23022,22.31074],[88.22955,22.3114],[88.22929,22.31281],[88.22452,22.31411],[88.22411,22.31455],[88.22442,22.3153],[88.22383,22.31525],[88.22347,22.31462],[88.22078,22.3152],[88.21964,22.31482],[88.21734,22.31345],[88.21711,22.31201],[88.21584,22.31079],[88.21396,22.31273],[88.21428,22.31446],[88.21512,22.31477],[88.21538,22.31569],[88.2141,22.31624],[88.21385,22.31562],[88.21288,22.31562],[88.21159,22.31481],[88.21083,22.31484],[88.21079,22.31558],[88.20942,22.31544],[88.20941,22.31675],[88.21019,22.31798],[88.20879,22.31945],[88.20945,22.32159],[88.21161,22.3209],[88.21257,22.32424],[88.21116,22.32493],[88.21257,22.3258],[88.21281,22.32651],[88.21216,22.32697],[88.21209,22.33004],[88.21497,22.33167],[88.21801,22.33199],[88.21996,22.33329],[88.22047,22.33458],[88.22134,22.33514],[88.22264,22.33405],[88.22457,22.33366],[88.22552,22.33428],[88.22648,22.33341],[88.22638,22.33267],[88.22806,22.33176],[88.22699,22.32785],[88.22888,22.32793],[88.22888,22.32736],[88.23014,22.3271],[88.23063,22.32793],[88.2347,22.32666],[88.23842,22.32628],[88.23906,22.32562],[88.24125,22.32522]]]}},{"type":"Feature","bbox":[88.23246,22.29067,88.26793,22.32491],"properties":{"kind":"gp","gp":"Banganagar-Ii","block":"Falta","lgd":108103},"geometry":{"type":"Polygon","coordinates":[[[88.23348,22.29651],[88.23457,22.3018],[88.23246,22.30335],[88.23348,22.30635],[88.2354,22.30616],[88.23672,22.30696],[88.2375,22.30993],[88.23666,22.31019],[88.23686,22.3117],[88.23853,22.3125],[88.23928,22.31227],[88.23925,22.31181],[88.24066,22.31173],[88.24062,22.31226],[88.24187,22.31206],[88.24156,22.31058],[88.24224,22.31021],[88.24643,22.3102],[88.24826,22.30926],[88.24992,22.31776],[88.25108,22.31938],[88.25096,22.31987],[88.25271,22.32013],[88.25335,22.3207],[88.25393,22.32276],[88.25452,22.32322],[88.25409,22.32382],[88.2559,22.3234],[88.2566,22.32224],[88.2596,22.32301],[88.26227,22.32491],[88.26428,22.3248],[88.26481,22.32434],[88.26514,22.32359],[88.26453,22.32242],[88.26313,22.32229],[88.26209,22.32159],[88.26147,22.31721],[88.26258,22.31656],[88.26405,22.31817],[88.26587,22.31757],[88.26654,22.31685],[88.26563,22.3122],[88.26474,22.312],[88.26465,22.31139],[88.26552,22.31102],[88.26476,22.30777],[88.26624,22.30662],[88.26714,22.30669],[88.26793,22.3054],[88.26746,22.30337],[88.267,22.30339],[88.2653,22.30007],[88.26501,22.29696],[88.25855,22.29782],[88.25758,22.29962],[88.25738,22.3011],[88.25556,22.29867],[88.25475,22.2991],[88.25436,22.29878],[88.25388,22.30022],[88.24996,22.30034],[88.24764,22.29585],[88.24851,22.2936],[88.24785,22.29242],[88.24641,22.29288],[88.24576,22.29234],[88.24517,22.29263],[88.24343,22.29067],[88.24286,22.29141],[88.2431,22.29189],[88.24077,22.29284],[88.23894,22.29124],[88.23666,22.29136],[88.23526,22.29207],[88.23511,22.29388],[88.23576,22.29475],[88.23348,22.29651]]]}},{"type":"Feature","bbox":[88.35275,22.40527,88.40076,22.44801],"properties":{"kind":"gp","gp":"Bangooghly-I","block":"Sonarpur","lgd":108272},"geometry":{"type":"Polygon","coordinates":[[[88.37704,22.41426],[88.37578,22.4134],[88.37448,22.41085],[88.37421,22.41347],[88.37086,22.41557],[88.37044,22.41542],[88.36982,22.41426],[88.37013,22.41297],[88.36908,22.41187],[88.37008,22.41005],[88.36963,22.40922],[88.36486,22.40728],[88.36413,22.40749],[88.36377,22.40912],[88.36392,22.4146],[88.36358,22.41516],[88.36122,22.41518],[88.36002,22.41457],[88.36005,22.41272],[88.35979,22.41182],[88.35927,22.41168],[88.35904,22.41023],[88.35984,22.40977],[88.35795,22.40527],[88.35701,22.40569],[88.35573,22.40725],[88.35424,22.40785],[88.35275,22.41099],[88.35313,22.41238],[88.35279,22.41367],[88.35466,22.41644],[88.35654,22.42058],[88.35715,22.42068],[88.35748,22.42135],[88.35694,22.42199],[88.35569,22.42227],[88.35657,22.42323],[88.35617,22.42403],[88.35631,22.42553],[88.3573,22.42565],[88.35795,22.42673],[88.35775,22.42886],[88.35862,22.43211],[88.35962,22.43363],[88.36173,22.4338],[88.36182,22.43455],[88.36285,22.4346],[88.36314,22.43336],[88.36435,22.43362],[88.36451,22.43619],[88.36726,22.43804],[88.36966,22.43827],[88.36983,22.43905],[88.37202,22.43843],[88.37189,22.43725],[88.37721,22.43549],[88.37825,22.43435],[88.37961,22.43603],[88.37922,22.43631],[88.38084,22.43787],[88.3814,22.43955],[88.38411,22.44013],[88.38709,22.44165],[88.38737,22.44228],[88.38866,22.44185],[88.38731,22.4459],[88.39024,22.44731],[88.39012,22.44801],[88.39113,22.44775],[88.39416,22.44308],[88.39417,22.43696],[88.39512,22.43488],[88.39643,22.43288],[88.39824,22.43163],[88.39875,22.43024],[88.40076,22.42852],[88.39882,22.42709],[88.3983,22.42575],[88.39713,22.42498],[88.39421,22.42441],[88.39403,22.42354],[88.39341,22.42326],[88.39322,22.42093],[88.39196,22.42075],[88.39184,22.42136],[88.3904,22.4214],[88.38933,22.41874],[88.38754,22.41905],[88.38572,22.41819],[88.38437,22.41844],[88.38417,22.41792],[88.3751,22.41813],[88.37476,22.4165],[88.3756,22.41631],[88.37541,22.41528],[88.37704,22.41426]]]}},{"type":"Feature","bbox":[88.34421,22.42058,88.36983,22.45147],"properties":{"kind":"gp","gp":"Banhooghly-Ii","block":"Sonarpur","lgd":108273},"geometry":{"type":"Polygon","coordinates":[[[88.3692,22.44267],[88.36952,22.44129],[88.36856,22.4403],[88.36876,22.43958],[88.36983,22.43905],[88.36966,22.43827],[88.36726,22.43804],[88.36451,22.43619],[88.36435,22.43362],[88.36314,22.43336],[88.36285,22.4346],[88.36182,22.43455],[88.36173,22.4338],[88.35962,22.43363],[88.35862,22.43211],[88.35775,22.42886],[88.35795,22.42673],[88.3573,22.42565],[88.35631,22.42553],[88.35617,22.42403],[88.35657,22.42323],[88.35569,22.42227],[88.35694,22.42199],[88.35748,22.42135],[88.35715,22.42068],[88.35654,22.42058],[88.35421,22.42175],[88.3526,22.42119],[88.35225,22.42216],[88.35353,22.42855],[88.3524,22.43237],[88.34539,22.43208],[88.34434,22.43224],[88.34421,22.43278],[88.34633,22.43541],[88.34612,22.43702],[88.34698,22.43925],[88.34672,22.44072],[88.34588,22.44166],[88.34755,22.44305],[88.34837,22.44787],[88.34757,22.44881],[88.34897,22.44906],[88.34977,22.44859],[88.35053,22.44966],[88.35253,22.4493],[88.35446,22.45077],[88.35464,22.45147],[88.35528,22.4513],[88.35557,22.44992],[88.35626,22.44992],[88.35671,22.45104],[88.35737,22.45108],[88.35846,22.44951],[88.3606,22.44828],[88.36035,22.44632],[88.36215,22.44615],[88.36213,22.44461],[88.36353,22.44467],[88.36354,22.44416],[88.36543,22.44348],[88.36574,22.44437],[88.36792,22.44381],[88.3692,22.44267]]]}},{"type":"Feature","bbox":[88.51252,22.3493,88.56913,22.40569],"properties":{"kind":"gp","gp":"Bansra","block":"Canning-II","lgd":108067},"geometry":{"type":"Polygon","coordinates":[[[88.56598,22.37422],[88.56534,22.37159],[88.56504,22.3638],[88.56436,22.36306],[88.56427,22.36006],[88.56249,22.35837],[88.56112,22.35568],[88.56096,22.35368],[88.55774,22.35329],[88.55746,22.3529],[88.55847,22.35109],[88.55691,22.35051],[88.55694,22.3493],[88.55416,22.35039],[88.55367,22.35378],[88.5546,22.35341],[88.55531,22.35402],[88.55541,22.35504],[88.55437,22.35583],[88.5556,22.35775],[88.5538,22.35877],[88.55228,22.3589],[88.55174,22.35796],[88.5507,22.35776],[88.55023,22.35845],[88.55111,22.35899],[88.55147,22.36013],[88.54973,22.3621],[88.54865,22.3609],[88.54541,22.35922],[88.5424,22.35487],[88.53927,22.3541],[88.53725,22.35488],[88.53681,22.35593],[88.53832,22.35827],[88.53851,22.36],[88.53681,22.36095],[88.53627,22.36204],[88.53326,22.3621],[88.53226,22.3614],[88.53099,22.36204],[88.52645,22.36169],[88.52491,22.36031],[88.52338,22.35948],[88.52254,22.35954],[88.52199,22.3639],[88.51932,22.36757],[88.51888,22.37006],[88.51817,22.37122],[88.51557,22.37393],[88.51409,22.3799],[88.51252,22.38399],[88.51394,22.38565],[88.51536,22.38634],[88.52003,22.39313],[88.52157,22.39599],[88.52173,22.39769],[88.52013,22.399],[88.52202,22.40459],[88.52273,22.40559],[88.52461,22.40569],[88.5303,22.40317],[88.53158,22.40218],[88.53211,22.40101],[88.53362,22.40039],[88.53394,22.39999],[88.53363,22.3991],[88.53276,22.39797],[88.53391,22.39614],[88.53555,22.39664],[88.53673,22.39637],[88.53703,22.39364],[88.53772,22.39306],[88.53785,22.39073],[88.54097,22.39053],[88.54255,22.39112],[88.54331,22.39325],[88.54343,22.39644],[88.55046,22.39563],[88.55169,22.39201],[88.5524,22.39167],[88.55115,22.38966],[88.55164,22.38731],[88.55221,22.38725],[88.55223,22.38615],[88.55129,22.38597],[88.55075,22.38416],[88.54864,22.38435],[88.5486,22.38494],[88.54793,22.3851],[88.54617,22.37803],[88.54678,22.37654],[88.54787,22.37556],[88.5477,22.37491],[88.54654,22.37488],[88.54716,22.37397],[88.54834,22.37333],[88.54943,22.37349],[88.55094,22.37205],[88.5503,22.37102],[88.55101,22.37089],[88.55503,22.37318],[88.56023,22.37699],[88.56181,22.37728],[88.5637,22.37874],[88.56591,22.37929],[88.56714,22.37826],[88.56893,22.3777],[88.56913,22.37658],[88.56598,22.37422]]]}},{"type":"Feature","bbox":[88.21063,21.87015,88.27532,21.94857],"properties":{"kind":"gp","gp":"Bapuji","block":"Kak Dwip","lgd":108151},"geometry":{"type":"Polygon","coordinates":[[[88.26226,21.87961],[88.25565,21.87221],[88.25497,21.87015],[88.24886,21.87208],[88.24191,21.87604],[88.23746,21.8779],[88.23883,21.88203],[88.23886,21.88457],[88.23795,21.88974],[88.2393,21.89356],[88.23616,21.89853],[88.23447,21.90221],[88.23362,21.90499],[88.23373,21.90701],[88.23258,21.90768],[88.22762,21.90874],[88.22628,21.90931],[88.22509,21.91057],[88.22398,21.91203],[88.22395,21.91274],[88.22581,21.91722],[88.22366,21.91963],[88.2213,21.92075],[88.22426,21.93266],[88.22043,21.93411],[88.22035,21.93486],[88.21063,21.93955],[88.21157,21.94194],[88.21421,21.94254],[88.22062,21.93983],[88.22396,21.93945],[88.22425,21.94079],[88.22562,21.94071],[88.23376,21.93897],[88.23463,21.93865],[88.23491,21.93785],[88.2341,21.93584],[88.23529,21.93618],[88.23708,21.93476],[88.23746,21.93515],[88.23731,21.93723],[88.24007,21.93759],[88.24029,21.93936],[88.24636,21.93831],[88.2539,21.93792],[88.25707,21.93722],[88.26264,21.938],[88.26518,21.93898],[88.26684,21.94002],[88.26724,21.94157],[88.26965,21.94149],[88.27085,21.94797],[88.2711,21.94849],[88.27209,21.94857],[88.27336,21.94387],[88.27473,21.9433],[88.27531,21.93693],[88.27387,21.93099],[88.26836,21.92275],[88.26768,21.9206],[88.26781,21.91793],[88.26936,21.91281],[88.27304,21.90769],[88.27432,21.90349],[88.27532,21.899],[88.27507,21.89297],[88.27339,21.88887],[88.26226,21.87961]]]}},{"type":"Feature","bbox":[88.67203,22.16711,88.74538,22.21041],"properties":{"kind":"gp","gp":"Basanti","block":"Basanti","lgd":107997},"geometry":{"type":"Polygon","coordinates":[[[88.70691,22.16742],[88.709,22.17714],[88.71064,22.17881],[88.70912,22.1809],[88.69793,22.18192],[88.68895,22.18517],[88.69165,22.19103],[88.69081,22.19326],[88.69148,22.19453],[88.69076,22.19551],[88.68801,22.19629],[88.68037,22.19555],[88.67203,22.19538],[88.67392,22.20045],[88.67416,22.20431],[88.68293,22.20742],[88.69537,22.20746],[88.69547,22.21041],[88.69791,22.21018],[88.70644,22.20733],[88.70934,22.2061],[88.71629,22.20122],[88.72545,22.19837],[88.7279,22.19702],[88.733,22.19574],[88.73712,22.19857],[88.73959,22.19939],[88.74256,22.19939],[88.7429,22.19884],[88.74217,22.1966],[88.74283,22.19648],[88.74223,22.18952],[88.74299,22.18528],[88.74169,22.18525],[88.7412,22.18385],[88.74191,22.18183],[88.74353,22.17982],[88.74407,22.17734],[88.74538,22.17527],[88.74163,22.16973],[88.7392,22.16913],[88.73448,22.17107],[88.72944,22.17038],[88.72787,22.1697],[88.72758,22.1681],[88.71976,22.16959],[88.71792,22.16711],[88.71129,22.16847],[88.70691,22.16742]]]}},{"type":"Feature","bbox":[88.21614,22.19286,88.26002,22.23727],"properties":{"kind":"gp","gp":"Basuldanga","block":"Diamond Harbour-I","lgd":108086},"geometry":{"type":"Polygon","coordinates":[[[88.24038,22.19497],[88.2352,22.1964],[88.23526,22.19742],[88.23439,22.19749],[88.23465,22.19812],[88.23546,22.19802],[88.23566,22.20061],[88.23257,22.20265],[88.23172,22.20254],[88.23166,22.2016],[88.22979,22.20073],[88.22939,22.19886],[88.22621,22.19972],[88.22494,22.19949],[88.22465,22.20098],[88.22072,22.20222],[88.22081,22.20326],[88.21771,22.20583],[88.21804,22.20673],[88.21729,22.20693],[88.21733,22.20754],[88.21614,22.2092],[88.21738,22.20975],[88.21942,22.20955],[88.21965,22.211],[88.22044,22.21093],[88.22134,22.2121],[88.22274,22.21741],[88.22358,22.21953],[88.22431,22.21962],[88.2244,22.2202],[88.2232,22.22078],[88.22431,22.2225],[88.22522,22.22597],[88.22744,22.22798],[88.22882,22.22791],[88.22965,22.22847],[88.22981,22.22969],[88.23121,22.22969],[88.23131,22.23042],[88.23327,22.23029],[88.23277,22.22797],[88.23363,22.22775],[88.2345,22.228],[88.23509,22.22882],[88.23593,22.22866],[88.23639,22.22936],[88.2362,22.23107],[88.23685,22.23448],[88.23822,22.23495],[88.2394,22.23718],[88.24026,22.23695],[88.24021,22.23658],[88.2428,22.23727],[88.24451,22.23699],[88.24294,22.23349],[88.24546,22.23267],[88.24464,22.23047],[88.24611,22.22993],[88.24607,22.2294],[88.24691,22.22925],[88.24711,22.22986],[88.24649,22.23073],[88.24569,22.23062],[88.24633,22.23211],[88.24693,22.23162],[88.24679,22.23088],[88.24765,22.2311],[88.24753,22.23006],[88.24816,22.22992],[88.24979,22.23017],[88.25023,22.23167],[88.25269,22.23204],[88.25375,22.2328],[88.25541,22.2319],[88.25579,22.23231],[88.25705,22.23229],[88.25727,22.23327],[88.2584,22.23384],[88.25843,22.23171],[88.25891,22.2315],[88.25872,22.22948],[88.26002,22.2291],[88.25866,22.22801],[88.25765,22.22623],[88.25855,22.22443],[88.25811,22.22364],[88.25597,22.22463],[88.25457,22.22204],[88.2529,22.22233],[88.25202,22.21833],[88.25115,22.21729],[88.25061,22.21465],[88.2495,22.21242],[88.24751,22.21264],[88.24567,22.20696],[88.24599,22.20625],[88.24469,22.20607],[88.24474,22.20556],[88.24705,22.20512],[88.24673,22.20196],[88.24753,22.20128],[88.24778,22.19918],[88.24742,22.19567],[88.24903,22.19553],[88.24889,22.19286],[88.24607,22.19445],[88.24038,22.19497]]]}},{"type":"Feature","bbox":[88.47878,22.50048,88.55131,22.53657],"properties":{"kind":"gp","gp":"Beenta-I","block":"Bhangar-II","lgd":108019},"geometry":{"type":"Polygon","coordinates":[[[88.55122,22.50572],[88.5513,22.50492],[88.54982,22.50298],[88.54907,22.50079],[88.54822,22.50048],[88.54588,22.5011],[88.54523,22.50087],[88.54428,22.50211],[88.54324,22.5025],[88.54253,22.50193],[88.53926,22.50212],[88.53855,22.5026],[88.53824,22.50487],[88.5373,22.50453],[88.53732,22.50583],[88.53611,22.50709],[88.53675,22.50741],[88.53617,22.50907],[88.53538,22.51019],[88.53391,22.51059],[88.53405,22.51113],[88.53321,22.51208],[88.53303,22.51617],[88.53201,22.51636],[88.53164,22.51601],[88.52929,22.51602],[88.52853,22.51644],[88.52784,22.51563],[88.52668,22.51612],[88.52665,22.51657],[88.52555,22.51687],[88.52492,22.51618],[88.5228,22.51709],[88.52154,22.51477],[88.52124,22.51244],[88.5048,22.51109],[88.47878,22.51814],[88.48083,22.5195],[88.48181,22.52251],[88.48257,22.52283],[88.48325,22.52436],[88.48451,22.52482],[88.48523,22.52633],[88.48714,22.52803],[88.48626,22.53329],[88.48663,22.53502],[88.48804,22.53562],[88.48984,22.53563],[88.49455,22.53446],[88.4952,22.53141],[88.49878,22.53191],[88.49905,22.53333],[88.50063,22.53381],[88.50132,22.53603],[88.50454,22.53657],[88.50583,22.53654],[88.50725,22.53436],[88.5102,22.53366],[88.51028,22.53237],[88.51339,22.53189],[88.51653,22.53352],[88.51801,22.53404],[88.51836,22.53377],[88.51984,22.53527],[88.52192,22.53397],[88.52184,22.53313],[88.52636,22.53246],[88.52585,22.53073],[88.52647,22.53048],[88.52575,22.5284],[88.52669,22.52763],[88.52843,22.52756],[88.52807,22.52586],[88.5295,22.52551],[88.5296,22.52465],[88.53124,22.52459],[88.53158,22.52371],[88.53421,22.52258],[88.53503,22.52295],[88.53498,22.52365],[88.53554,22.52421],[88.53695,22.52382],[88.53759,22.52548],[88.54186,22.52478],[88.54289,22.52408],[88.54555,22.52736],[88.54553,22.5282],[88.54648,22.52791],[88.54692,22.52878],[88.54636,22.53027],[88.54765,22.53074],[88.54885,22.5291],[88.55,22.52614],[88.55012,22.51988],[88.54873,22.51987],[88.54869,22.51872],[88.54817,22.51832],[88.55131,22.51104],[88.55036,22.51076],[88.55,22.5084],[88.55014,22.50703],[88.55122,22.50572]]]}},{"type":"Feature","bbox":[88.47367,22.52258,88.54765,22.56466],"properties":{"kind":"gp","gp":"Beenta-Ii","block":"Bhangar-II","lgd":108020},"geometry":{"type":"Polygon","coordinates":[[[88.52807,22.52586],[88.52843,22.52756],[88.52669,22.52763],[88.52575,22.5284],[88.52647,22.53048],[88.52585,22.53073],[88.52636,22.53246],[88.52184,22.53313],[88.52192,22.53397],[88.51984,22.53527],[88.51836,22.53377],[88.51801,22.53404],[88.51653,22.53352],[88.51339,22.53189],[88.51028,22.53237],[88.5102,22.53366],[88.50725,22.53436],[88.50583,22.53654],[88.50454,22.53657],[88.50132,22.53603],[88.50063,22.53381],[88.49905,22.53333],[88.49878,22.53191],[88.4952,22.53141],[88.49455,22.53446],[88.48984,22.53563],[88.48804,22.53562],[88.48663,22.53502],[88.48626,22.53329],[88.48714,22.52803],[88.48523,22.52633],[88.48451,22.52482],[88.48325,22.52436],[88.48325,22.52622],[88.47779,22.53752],[88.47707,22.5457],[88.47719,22.54817],[88.47806,22.55067],[88.47367,22.55336],[88.47689,22.55732],[88.47783,22.55699],[88.47923,22.55842],[88.47857,22.55843],[88.47817,22.55977],[88.47901,22.56187],[88.48133,22.5621],[88.48201,22.56273],[88.48246,22.5644],[88.48336,22.56466],[88.48348,22.56171],[88.48419,22.56019],[88.48479,22.55962],[88.48793,22.55924],[88.49024,22.55798],[88.49308,22.55784],[88.49337,22.55482],[88.49549,22.55485],[88.49672,22.55581],[88.5,22.55611],[88.50147,22.55688],[88.50345,22.55606],[88.5045,22.55709],[88.50619,22.55682],[88.50854,22.55884],[88.5099,22.55759],[88.51169,22.55867],[88.51222,22.55656],[88.5115,22.55397],[88.51262,22.55186],[88.51616,22.55149],[88.51662,22.5509],[88.51825,22.55133],[88.5195,22.54979],[88.52225,22.55069],[88.5249,22.55221],[88.52583,22.55099],[88.53174,22.54857],[88.53296,22.54862],[88.53197,22.54447],[88.53252,22.54155],[88.53524,22.53921],[88.54448,22.53357],[88.54765,22.53074],[88.54636,22.53027],[88.54692,22.52878],[88.54648,22.52791],[88.54553,22.5282],[88.54555,22.52736],[88.54289,22.52408],[88.54186,22.52478],[88.53759,22.52548],[88.53695,22.52382],[88.53554,22.52421],[88.53498,22.52365],[88.53503,22.52295],[88.53421,22.52258],[88.53158,22.52371],[88.53124,22.52459],[88.5296,22.52465],[88.5295,22.52551],[88.52807,22.52586]]]}},{"type":"Feature","bbox":[88.464,22.35312,88.52254,22.39473],"properties":{"kind":"gp","gp":"Begumpur","block":"Baruipur","lgd":107977},"geometry":{"type":"Polygon","coordinates":[[[88.4829,22.36373],[88.48287,22.36424],[88.48176,22.36433],[88.48081,22.36372],[88.48069,22.36232],[88.47978,22.36164],[88.47875,22.3624],[88.47841,22.36214],[88.47766,22.36374],[88.47657,22.36385],[88.47691,22.36454],[88.47536,22.36463],[88.47534,22.36361],[88.47477,22.36362],[88.47438,22.36428],[88.4709,22.36511],[88.46974,22.36252],[88.46791,22.36385],[88.46611,22.36387],[88.46665,22.36455],[88.46633,22.36857],[88.46713,22.36901],[88.46755,22.37005],[88.46757,22.37082],[88.46658,22.37195],[88.4667,22.37301],[88.46717,22.37441],[88.46817,22.37416],[88.46895,22.37459],[88.46946,22.37588],[88.46795,22.37648],[88.46577,22.37633],[88.464,22.37814],[88.46658,22.37866],[88.46651,22.37793],[88.4674,22.37778],[88.47166,22.37891],[88.47165,22.37943],[88.47272,22.37992],[88.47291,22.38125],[88.47441,22.38145],[88.47495,22.38282],[88.47688,22.38294],[88.47692,22.38434],[88.47776,22.3847],[88.478,22.38552],[88.47723,22.38661],[88.47833,22.38685],[88.47779,22.38892],[88.47862,22.3891],[88.47888,22.3927],[88.4796,22.39279],[88.47998,22.3944],[88.48089,22.39404],[88.48264,22.39473],[88.48479,22.39344],[88.48736,22.39411],[88.49031,22.39361],[88.49161,22.39165],[88.49135,22.38819],[88.49829,22.38795],[88.49953,22.38765],[88.49965,22.38701],[88.50112,22.38604],[88.50313,22.38615],[88.50388,22.38893],[88.5049,22.38903],[88.50643,22.38859],[88.50884,22.38868],[88.51069,22.38929],[88.51338,22.38779],[88.51373,22.38836],[88.51582,22.38727],[88.51536,22.38634],[88.51394,22.38565],[88.51252,22.38399],[88.51256,22.38315],[88.51409,22.3799],[88.51557,22.37393],[88.51817,22.37122],[88.51888,22.37006],[88.51932,22.36757],[88.52199,22.3639],[88.52254,22.35954],[88.52191,22.35914],[88.52194,22.35789],[88.51986,22.35367],[88.51603,22.35312],[88.51446,22.35538],[88.51359,22.35586],[88.50978,22.35508],[88.50789,22.35595],[88.5081,22.35749],[88.50625,22.35798],[88.50471,22.35794],[88.50019,22.35592],[88.49888,22.35592],[88.49481,22.35658],[88.49459,22.35609],[88.49292,22.3562],[88.49265,22.35673],[88.48548,22.35792],[88.48563,22.36064],[88.48811,22.36188],[88.48846,22.36257],[88.48748,22.36268],[88.48645,22.36363],[88.4829,22.36373]]]}},{"type":"Feature","bbox":[88.49824,22.13269,88.55532,22.20216],"properties":{"kind":"gp","gp":"Beledurganagar","block":"Jaynagar-II","lgd":108142},"geometry":{"type":"Polygon","coordinates":[[[88.5542,22.15161],[88.55178,22.14913],[88.55035,22.14613],[88.54682,22.14294],[88.54517,22.13986],[88.54484,22.1341],[88.53618,22.13803],[88.53554,22.13584],[88.53508,22.13575],[88.53205,22.13639],[88.52834,22.13809],[88.52569,22.13797],[88.52498,22.13297],[88.52427,22.13269],[88.52348,22.13337],[88.52358,22.13414],[88.52042,22.13453],[88.51823,22.13613],[88.51816,22.13786],[88.51329,22.13866],[88.51288,22.1394],[88.51099,22.14014],[88.50507,22.14143],[88.50293,22.14283],[88.50169,22.14286],[88.50144,22.14553],[88.50213,22.14869],[88.49997,22.14931],[88.49956,22.14862],[88.49824,22.14852],[88.49846,22.15119],[88.49965,22.15215],[88.50039,22.154],[88.50234,22.15449],[88.50426,22.15303],[88.50709,22.15333],[88.50925,22.15846],[88.5073,22.15903],[88.50458,22.16092],[88.50004,22.16282],[88.49989,22.1667],[88.50193,22.175],[88.5012,22.17733],[88.50502,22.17886],[88.50864,22.17951],[88.51155,22.17877],[88.51473,22.17868],[88.52212,22.17879],[88.52305,22.1792],[88.52393,22.18279],[88.52459,22.19109],[88.5244,22.19168],[88.52341,22.19203],[88.52389,22.19625],[88.52318,22.19728],[88.52407,22.19883],[88.52097,22.20077],[88.52145,22.20216],[88.52281,22.20163],[88.52618,22.20184],[88.52704,22.2015],[88.52758,22.20034],[88.52894,22.20054],[88.52975,22.19943],[88.53053,22.19924],[88.53135,22.19447],[88.53182,22.19384],[88.53426,22.19285],[88.53486,22.19214],[88.5352,22.19004],[88.53857,22.1902],[88.54293,22.18644],[88.54333,22.18559],[88.54304,22.18364],[88.54335,22.1828],[88.54497,22.18147],[88.54478,22.1805],[88.54887,22.1786],[88.54883,22.17746],[88.54933,22.17676],[88.5517,22.17467],[88.55133,22.17366],[88.5519,22.17313],[88.55218,22.1708],[88.55162,22.16649],[88.5524,22.16518],[88.55516,22.16272],[88.5548,22.15994],[88.55532,22.15572],[88.5542,22.15161]]]}},{"type":"Feature","bbox":[88.55706,22.30083,88.60065,22.36564],"properties":{"kind":"gp","gp":"Belegachhia","block":"Baruipur","lgd":107978},"geometry":{"type":"Polygon","coordinates":[[[88.5709,22.31042],[88.57604,22.30863],[88.57656,22.30741],[88.57605,22.30584],[88.57156,22.30241],[88.57134,22.30174],[88.56967,22.30084],[88.56796,22.30083],[88.56729,22.30125],[88.56719,22.30223],[88.5695,22.31098],[88.5687,22.31174],[88.56523,22.31196],[88.56405,22.31308],[88.5596,22.31365],[88.55737,22.31525],[88.56046,22.3183],[88.56122,22.31986],[88.56109,22.32211],[88.56051,22.32321],[88.55768,22.32433],[88.55871,22.32668],[88.5603,22.32847],[88.56169,22.33344],[88.55987,22.33442],[88.55706,22.33498],[88.55874,22.33885],[88.55877,22.34023],[88.56154,22.3415],[88.56207,22.34473],[88.56358,22.34546],[88.57038,22.35355],[88.57059,22.35445],[88.56635,22.35526],[88.56439,22.35527],[88.56096,22.35368],[88.56112,22.35568],[88.56249,22.35837],[88.56427,22.36006],[88.56436,22.36306],[88.56504,22.3638],[88.56501,22.36236],[88.56583,22.36061],[88.5682,22.35786],[88.57207,22.35643],[88.57328,22.35724],[88.57262,22.36212],[88.57154,22.36263],[88.57067,22.3647],[88.57115,22.36564],[88.57482,22.3647],[88.57636,22.36379],[88.57784,22.36505],[88.58218,22.36554],[88.58417,22.362],[88.58418,22.36141],[88.58235,22.3606],[88.58288,22.35734],[88.58609,22.36251],[88.58693,22.36228],[88.58895,22.3609],[88.58939,22.35917],[88.5903,22.35873],[88.59164,22.35576],[88.59384,22.35512],[88.59745,22.35239],[88.5994,22.35224],[88.60023,22.35162],[88.60065,22.35043],[88.59992,22.3474],[88.59732,22.34487],[88.59644,22.34274],[88.59523,22.34189],[88.59382,22.33923],[88.5915,22.33691],[88.58627,22.33618],[88.58483,22.33698],[88.58274,22.3356],[88.58207,22.33391],[88.57863,22.33385],[88.57798,22.33344],[88.57514,22.3279],[88.57305,22.32568],[88.57373,22.32428],[88.57354,22.32317],[88.57033,22.31309],[88.5709,22.31042]]]}},{"type":"Feature","bbox":[88.19384,21.97084,88.23937,22.05552],"properties":{"kind":"gp","gp":"Belpukur","block":"Kulpi","lgd":108163},"geometry":{"type":"Polygon","coordinates":[[[88.23648,21.99648],[88.23582,21.99489],[88.23729,21.99275],[88.23808,21.98894],[88.23937,21.98744],[88.23632,21.98573],[88.2372,21.98397],[88.23697,21.98246],[88.23332,21.97088],[88.22842,21.97084],[88.22856,21.97393],[88.22593,21.97533],[88.22528,21.97887],[88.22273,21.97973],[88.22254,21.98364],[88.21886,21.98379],[88.21815,21.98462],[88.21865,21.98663],[88.21724,21.98832],[88.21227,21.98895],[88.21228,21.98814],[88.21141,21.98809],[88.20909,21.98857],[88.20754,21.98967],[88.20705,21.98898],[88.20114,21.99006],[88.1979,21.9908],[88.19604,21.99242],[88.19645,21.99459],[88.19557,21.99621],[88.19549,21.99834],[88.19668,22.0],[88.19667,22.00071],[88.19507,22.00207],[88.19384,22.00238],[88.19806,22.00787],[88.20219,22.01543],[88.21055,22.02795],[88.21124,22.03016],[88.21331,22.03387],[88.21473,22.03859],[88.21454,22.04046],[88.2159,22.04701],[88.2161,22.05189],[88.21778,22.05552],[88.21873,22.05515],[88.2205,22.05329],[88.22413,22.04654],[88.22437,22.0459],[88.22392,22.04486],[88.22433,22.04347],[88.22331,22.04141],[88.22104,22.03014],[88.21761,22.02476],[88.21502,22.02214],[88.22768,22.0189],[88.22942,22.01948],[88.23456,22.0185],[88.23327,22.01626],[88.23323,22.0153],[88.23385,22.01444],[88.23326,22.01356],[88.23203,22.0132],[88.23109,22.01182],[88.23347,22.01189],[88.23598,22.01081],[88.23786,22.0114],[88.23838,22.01054],[88.23826,22.00951],[88.23766,22.00898],[88.23582,22.00899],[88.23458,22.0073],[88.23434,22.00538],[88.2353,22.00486],[88.23528,22.00372],[88.23728,22.00355],[88.23841,22.00239],[88.23741,22.00114],[88.2367,22.00108],[88.23584,21.99862],[88.23461,21.99875],[88.23456,21.99828],[88.23648,21.99648]]]}},{"type":"Feature","bbox":[88.12239,22.29214,88.14486,22.32163],"properties":{"kind":"gp","gp":"Belsingha-I","block":"Falta","lgd":108104},"geometry":{"type":"Polygon","coordinates":[[[88.12362,22.30143],[88.12506,22.30429],[88.12351,22.30447],[88.12348,22.30722],[88.12239,22.30816],[88.12381,22.30878],[88.12322,22.31069],[88.12336,22.31178],[88.12281,22.31257],[88.12385,22.31583],[88.12349,22.31714],[88.12385,22.31773],[88.12366,22.32045],[88.12649,22.32163],[88.12866,22.3214],[88.12849,22.3199],[88.13012,22.31959],[88.13667,22.32016],[88.13796,22.31924],[88.1378,22.31867],[88.13907,22.31805],[88.141,22.31791],[88.14201,22.31719],[88.14013,22.31294],[88.14146,22.31205],[88.14086,22.31069],[88.14205,22.30938],[88.14467,22.30933],[88.14397,22.30422],[88.14461,22.30276],[88.14349,22.30034],[88.14351,22.29886],[88.14486,22.29827],[88.14469,22.29605],[88.14326,22.29641],[88.14215,22.29886],[88.141,22.29913],[88.14038,22.29857],[88.1393,22.29859],[88.13834,22.29939],[88.13708,22.29701],[88.13639,22.29705],[88.13559,22.29585],[88.13608,22.2947],[88.13767,22.29382],[88.13791,22.29319],[88.13638,22.29277],[88.13597,22.29214],[88.13473,22.29235],[88.13448,22.29475],[88.13113,22.29446],[88.13188,22.29679],[88.13086,22.29811],[88.1294,22.29811],[88.12386,22.29999],[88.12362,22.30143]]]}},{"type":"Feature","bbox":[88.14013,22.28108,88.17437,22.31429],"properties":{"kind":"gp","gp":"Belsingha-Ii","block":"Falta","lgd":108105},"geometry":{"type":"Polygon","coordinates":[[[88.17435,22.29168],[88.17437,22.28957],[88.17294,22.28801],[88.17315,22.28705],[88.17265,22.28636],[88.17085,22.28562],[88.17095,22.28484],[88.17039,22.28448],[88.17024,22.2836],[88.16819,22.28294],[88.1672,22.28166],[88.16237,22.28158],[88.16206,22.28217],[88.15972,22.28143],[88.15831,22.28171],[88.15817,22.28244],[88.15653,22.28264],[88.15523,22.28173],[88.15216,22.28198],[88.15071,22.2827],[88.14994,22.28172],[88.14841,22.28108],[88.14739,22.28177],[88.14508,22.28112],[88.14382,22.28159],[88.14365,22.28262],[88.14584,22.28726],[88.14498,22.28772],[88.14516,22.28931],[88.14466,22.29068],[88.14499,22.29317],[88.14341,22.29309],[88.1431,22.29382],[88.14383,22.2947],[88.14371,22.29639],[88.14469,22.29605],[88.14499,22.29659],[88.14486,22.29827],[88.14351,22.29886],[88.14364,22.30093],[88.14461,22.30276],[88.14397,22.30422],[88.14463,22.3073],[88.14425,22.30839],[88.14475,22.30877],[88.14415,22.3096],[88.14205,22.30938],[88.14118,22.31012],[88.14086,22.31069],[88.14146,22.31205],[88.14013,22.31294],[88.14045,22.31429],[88.14301,22.31345],[88.14333,22.31111],[88.14427,22.31147],[88.14539,22.31117],[88.14592,22.3102],[88.14747,22.31061],[88.14886,22.3121],[88.14924,22.31344],[88.1499,22.31364],[88.15379,22.31294],[88.15397,22.31216],[88.15482,22.31211],[88.15512,22.31128],[88.15607,22.31139],[88.15682,22.30971],[88.1587,22.30966],[88.1603,22.31059],[88.16116,22.31022],[88.16102,22.30949],[88.16287,22.30903],[88.16376,22.31043],[88.16454,22.3108],[88.16516,22.30951],[88.1658,22.30934],[88.16621,22.30976],[88.16607,22.30845],[88.16739,22.30748],[88.16746,22.30688],[88.16915,22.30613],[88.1694,22.30672],[88.17123,22.30708],[88.1734,22.30696],[88.17287,22.30309],[88.17312,22.30196],[88.16849,22.3008],[88.168,22.29922],[88.1672,22.29883],[88.16734,22.29654],[88.16693,22.29573],[88.16764,22.29569],[88.1689,22.29384],[88.17148,22.29386],[88.17235,22.29206],[88.17435,22.29168]]]}},{"type":"Feature","bbox":[88.08691,22.25412,88.15033,22.29056],"properties":{"kind":"gp","gp":"Bhadura Haridas","block":"Diamond Harbour-II","lgd":108094},"geometry":{"type":"Polygon","coordinates":[[[88.13151,22.26231],[88.12617,22.26474],[88.12291,22.26025],[88.12254,22.25823],[88.12269,22.2568],[88.12524,22.25582],[88.1241,22.25412],[88.12067,22.25431],[88.12096,22.25684],[88.11794,22.25759],[88.11801,22.25917],[88.11324,22.25987],[88.11404,22.26095],[88.11484,22.26578],[88.11311,22.26707],[88.11316,22.27321],[88.11212,22.27412],[88.11233,22.27491],[88.11173,22.27544],[88.1101,22.27495],[88.10974,22.27548],[88.10674,22.27516],[88.10512,22.2757],[88.1044,22.27621],[88.10476,22.27736],[88.10446,22.27792],[88.10356,22.27806],[88.10335,22.27961],[88.10199,22.27973],[88.10181,22.27895],[88.10124,22.27867],[88.1,22.27884],[88.09992,22.28027],[88.09848,22.2807],[88.08691,22.28225],[88.08748,22.28548],[88.08913,22.28953],[88.08984,22.29056],[88.10268,22.28803],[88.10408,22.28732],[88.10454,22.28617],[88.10611,22.28507],[88.10795,22.28563],[88.10908,22.28667],[88.10956,22.28584],[88.11136,22.2849],[88.11138,22.28423],[88.11563,22.28461],[88.11606,22.28546],[88.11788,22.28475],[88.11874,22.28505],[88.1189,22.28609],[88.11983,22.28711],[88.12081,22.28679],[88.12071,22.28521],[88.12141,22.28441],[88.12215,22.28481],[88.12256,22.28395],[88.1243,22.28329],[88.12566,22.28616],[88.12502,22.28695],[88.12568,22.28758],[88.12567,22.28845],[88.1263,22.28899],[88.12936,22.2888],[88.13024,22.28815],[88.13008,22.28751],[88.13078,22.2873],[88.1311,22.28792],[88.13315,22.28738],[88.1333,22.28676],[88.1355,22.28653],[88.13554,22.28412],[88.13786,22.284],[88.13836,22.28238],[88.14033,22.28271],[88.14141,22.28146],[88.14068,22.27981],[88.14372,22.27965],[88.14437,22.28],[88.14475,22.28102],[88.14662,22.28179],[88.14841,22.28108],[88.14994,22.28172],[88.15033,22.28138],[88.14969,22.28029],[88.15032,22.27947],[88.14888,22.27644],[88.14962,22.27513],[88.14889,22.27452],[88.14698,22.27458],[88.1467,22.27581],[88.14559,22.27539],[88.145,22.27351],[88.14541,22.27293],[88.14531,22.27171],[88.14463,22.27152],[88.14411,22.27193],[88.1444,22.27255],[88.14259,22.27331],[88.1424,22.27469],[88.141,22.27456],[88.14071,22.27344],[88.13991,22.27285],[88.13809,22.27304],[88.13604,22.27255],[88.13509,22.27178],[88.13561,22.27094],[88.13688,22.27026],[88.13702,22.26895],[88.13466,22.26829],[88.1326,22.26962],[88.13238,22.26867],[88.1313,22.2676],[88.1317,22.26733],[88.13129,22.26614],[88.13151,22.26231]]]}},{"type":"Feature","bbox":[88.52191,22.53357,88.57608,22.5748],"properties":{"kind":"gp","gp":"Bhagawanpur","block":"Bhangar-II","lgd":108021},"geometry":{"type":"Polygon","coordinates":[[[88.57079,22.53811],[88.56985,22.53786],[88.56876,22.53558],[88.56736,22.53488],[88.56265,22.53706],[88.56174,22.53666],[88.56,22.53755],[88.56005,22.538],[88.55878,22.53881],[88.55982,22.54138],[88.55795,22.54216],[88.55762,22.54288],[88.55877,22.54533],[88.55666,22.54637],[88.55687,22.54775],[88.55649,22.54837],[88.55394,22.54851],[88.55346,22.54819],[88.55315,22.54666],[88.55334,22.54522],[88.55068,22.54557],[88.55058,22.55072],[88.55002,22.55064],[88.54983,22.54491],[88.5488,22.54005],[88.54838,22.53999],[88.54916,22.5452],[88.54876,22.54717],[88.54932,22.54852],[88.54922,22.55086],[88.5489,22.55207],[88.54768,22.55207],[88.54574,22.54531],[88.5456,22.54167],[88.54396,22.5377],[88.5453,22.53519],[88.54448,22.53357],[88.53524,22.53921],[88.53252,22.54155],[88.53197,22.54447],[88.53296,22.54862],[88.53174,22.54857],[88.52583,22.55099],[88.5249,22.55221],[88.52544,22.55278],[88.52258,22.55568],[88.52287,22.55843],[88.52191,22.56029],[88.52201,22.56115],[88.52366,22.56475],[88.5299,22.569],[88.53559,22.57478],[88.53654,22.57446],[88.53797,22.5748],[88.53918,22.57333],[88.5395,22.57127],[88.54103,22.57065],[88.54121,22.5701],[88.54421,22.56994],[88.54418,22.57042],[88.54634,22.5699],[88.54833,22.57141],[88.54868,22.57127],[88.54795,22.56919],[88.54715,22.5684],[88.54645,22.56894],[88.54557,22.56791],[88.54837,22.56558],[88.54831,22.56461],[88.54909,22.56355],[88.55036,22.56297],[88.55586,22.56721],[88.56284,22.57167],[88.57045,22.56841],[88.57098,22.56871],[88.57346,22.56694],[88.57218,22.56455],[88.57214,22.56348],[88.56959,22.55895],[88.57212,22.55733],[88.57279,22.55772],[88.57411,22.55726],[88.57608,22.55562],[88.574,22.54793],[88.57382,22.53982],[88.57297,22.53991],[88.57207,22.53712],[88.57079,22.53811]]]}},{"type":"Feature","bbox":[88.29277,22.33117,88.34216,22.36563],"properties":{"kind":"gp","gp":"Bhandaria Kastekumari","block":"Bishnupur-I","lgd":108030},"geometry":{"type":"Polygon","coordinates":[[[88.32419,22.33596],[88.32328,22.33366],[88.32365,22.33271],[88.32303,22.33174],[88.32056,22.33249],[88.3193,22.33363],[88.3167,22.33306],[88.31485,22.33388],[88.31387,22.33358],[88.31429,22.3328],[88.31291,22.33285],[88.31205,22.33199],[88.30626,22.33237],[88.30294,22.33745],[88.30317,22.33776],[88.29974,22.33898],[88.30005,22.33919],[88.29717,22.34307],[88.29723,22.34492],[88.29401,22.34815],[88.29277,22.35027],[88.29506,22.35356],[88.29705,22.35225],[88.29879,22.35366],[88.30184,22.35293],[88.30529,22.35131],[88.3071,22.35209],[88.30854,22.35672],[88.30823,22.35818],[88.30538,22.35901],[88.30669,22.36354],[88.30645,22.36417],[88.30702,22.36454],[88.30968,22.36376],[88.31057,22.36288],[88.31407,22.36538],[88.31698,22.36563],[88.31923,22.36557],[88.31931,22.36397],[88.31986,22.36307],[88.32177,22.36396],[88.32607,22.36414],[88.32871,22.36499],[88.33232,22.36479],[88.33208,22.36408],[88.33457,22.36177],[88.3346,22.36028],[88.33395,22.35986],[88.33539,22.35939],[88.33532,22.35791],[88.33589,22.35741],[88.33626,22.35778],[88.33788,22.35749],[88.33788,22.35672],[88.33669,22.35556],[88.3363,22.35449],[88.339,22.35324],[88.33971,22.352],[88.33889,22.35149],[88.33791,22.35247],[88.33697,22.35262],[88.33695,22.35151],[88.3346,22.34951],[88.33353,22.3499],[88.33028,22.34851],[88.32682,22.3486],[88.32651,22.34761],[88.32856,22.34634],[88.32981,22.34738],[88.33688,22.34412],[88.33788,22.34056],[88.34034,22.33876],[88.34005,22.33795],[88.34085,22.33739],[88.34032,22.33687],[88.34161,22.33597],[88.34122,22.33455],[88.34199,22.33414],[88.34216,22.3332],[88.34023,22.33274],[88.33937,22.33117],[88.33826,22.33229],[88.33005,22.33409],[88.32807,22.33578],[88.32778,22.3367],[88.32592,22.33679],[88.32419,22.33596]]]}},{"type":"Feature","bbox":[88.63013,22.04818,88.74189,22.19629],"properties":{"kind":"gp","gp":"Bharatgarh","block":"Basanti","lgd":107998},"geometry":{"type":"Polygon","coordinates":[[[88.65754,22.13954],[88.66065,22.13025],[88.66617,22.12567],[88.67469,22.11077],[88.6776,22.10935],[88.6872,22.10765],[88.69125,22.10508],[88.6936,22.1043],[88.70002,22.10325],[88.70474,22.10362],[88.71478,22.08977],[88.70664,22.08481],[88.70494,22.08328],[88.70359,22.08282],[88.70347,22.08219],[88.70165,22.08052],[88.70147,22.07695],[88.70383,22.06924],[88.68889,22.06492],[88.68657,22.06388],[88.68515,22.06795],[88.68423,22.07842],[88.68073,22.07851],[88.67613,22.07684],[88.67065,22.07768],[88.66696,22.07995],[88.66234,22.08132],[88.66073,22.08278],[88.66017,22.08482],[88.66041,22.08595],[88.65865,22.08898],[88.65406,22.0886],[88.64698,22.08626],[88.64608,22.08219],[88.65232,22.07269],[88.65485,22.06342],[88.65863,22.05732],[88.65959,22.0527],[88.64465,22.04818],[88.64435,22.05697],[88.63965,22.07458],[88.63735,22.08254],[88.63362,22.09014],[88.63013,22.09888],[88.63065,22.10722],[88.63208,22.11719],[88.63365,22.12386],[88.63178,22.13563],[88.63251,22.1353],[88.63444,22.13569],[88.63593,22.1385],[88.63937,22.14115],[88.64097,22.14319],[88.64128,22.14659],[88.63945,22.15472],[88.63945,22.15758],[88.64319,22.16485],[88.64906,22.17145],[88.6549,22.17552],[88.66312,22.18015],[88.67203,22.19538],[88.68037,22.19555],[88.68801,22.19629],[88.69076,22.19551],[88.69148,22.19453],[88.69081,22.19326],[88.69165,22.19103],[88.68895,22.18517],[88.69793,22.18192],[88.70912,22.1809],[88.71064,22.17881],[88.709,22.17714],[88.7086,22.1761],[88.70691,22.16742],[88.71129,22.16847],[88.71792,22.16711],[88.71976,22.16959],[88.72758,22.1681],[88.72787,22.1697],[88.729,22.16802],[88.73722,22.16108],[88.74189,22.15891],[88.70188,22.15991],[88.69189,22.14155],[88.69022,22.1399],[88.68695,22.1345],[88.68573,22.1345],[88.68296,22.13583],[88.67164,22.1396],[88.66822,22.13782],[88.66736,22.13829],[88.66586,22.14039],[88.66436,22.14113],[88.66012,22.13935],[88.65848,22.13986],[88.65754,22.13954]]]}},{"type":"Feature","bbox":[88.60155,22.53228,88.63439,22.58392],"properties":{"kind":"gp","gp":"Bhogali-I","block":"Bhangar-II","lgd":108022},"geometry":{"type":"Polygon","coordinates":[[[88.63356,22.54517],[88.63439,22.54401],[88.63343,22.54314],[88.63063,22.53718],[88.62979,22.53662],[88.62995,22.53472],[88.62926,22.53451],[88.62759,22.53644],[88.62687,22.53626],[88.62835,22.53253],[88.62744,22.53228],[88.6274,22.53299],[88.62677,22.5335],[88.6258,22.53339],[88.62545,22.53468],[88.62492,22.53404],[88.62525,22.53333],[88.62489,22.53285],[88.62409,22.53403],[88.62228,22.53286],[88.62216,22.5345],[88.62149,22.53559],[88.62063,22.53536],[88.6205,22.53586],[88.6223,22.53639],[88.62127,22.53884],[88.62062,22.53904],[88.61906,22.54217],[88.6175,22.54215],[88.61711,22.54117],[88.61503,22.54166],[88.61599,22.54601],[88.61071,22.54641],[88.61021,22.54706],[88.609,22.54649],[88.6065,22.54354],[88.60371,22.54352],[88.6045,22.54372],[88.60457,22.54465],[88.60386,22.54532],[88.60371,22.54635],[88.60275,22.54677],[88.60293,22.54846],[88.60171,22.54893],[88.60155,22.5494],[88.60308,22.54975],[88.6028,22.55223],[88.60343,22.55226],[88.60375,22.55291],[88.60272,22.55316],[88.60297,22.55389],[88.60432,22.55399],[88.60325,22.55461],[88.6036,22.55829],[88.60442,22.5589],[88.6031,22.55927],[88.60321,22.5632],[88.60266,22.56559],[88.60344,22.56679],[88.60388,22.56954],[88.60521,22.5696],[88.60521,22.57015],[88.60403,22.57057],[88.60289,22.57178],[88.60309,22.5729],[88.60472,22.57334],[88.60531,22.57574],[88.60716,22.57561],[88.60694,22.57474],[88.6077,22.57459],[88.60906,22.57747],[88.61126,22.57767],[88.61198,22.58392],[88.6128,22.58353],[88.61275,22.5821],[88.61336,22.58173],[88.61687,22.58191],[88.61772,22.58073],[88.61843,22.58115],[88.62018,22.58075],[88.62129,22.58149],[88.62002,22.58179],[88.61989,22.5828],[88.62259,22.58228],[88.62386,22.5807],[88.62293,22.57973],[88.62494,22.57897],[88.62534,22.57759],[88.6269,22.57633],[88.62706,22.57527],[88.62531,22.57175],[88.62552,22.56808],[88.62451,22.56619],[88.62327,22.56577],[88.62383,22.56491],[88.62338,22.56273],[88.62436,22.56213],[88.62531,22.5626],[88.62618,22.5604],[88.6261,22.55908],[88.62822,22.55804],[88.63028,22.55819],[88.63062,22.5578],[88.63068,22.55635],[88.62999,22.55408],[88.63055,22.55262],[88.62944,22.54792],[88.63356,22.54517]]]}},{"type":"Feature","bbox":[88.59617,22.5177,88.64681,22.54706],"properties":{"kind":"gp","gp":"Bhogali-Ii","block":"Bhangar-II","lgd":108023},"geometry":{"type":"Polygon","coordinates":[[[88.63185,22.5242],[88.62969,22.52445],[88.6247,22.52203],[88.62169,22.52147],[88.61671,22.51932],[88.60932,22.5177],[88.60945,22.51833],[88.61046,22.51905],[88.61061,22.52021],[88.61121,22.52041],[88.61065,22.5211],[88.60858,22.52083],[88.60814,22.52213],[88.60676,22.52218],[88.60693,22.52375],[88.60559,22.52435],[88.60509,22.52567],[88.60473,22.52504],[88.6029,22.52493],[88.6029,22.52342],[88.60236,22.5232],[88.60178,22.52416],[88.6009,22.52603],[88.60092,22.52715],[88.5998,22.5278],[88.59889,22.52997],[88.59939,22.53196],[88.59916,22.53497],[88.59617,22.53956],[88.59753,22.53999],[88.60034,22.53936],[88.60149,22.54048],[88.60123,22.54091],[88.60167,22.54217],[88.60334,22.54219],[88.60371,22.54352],[88.6065,22.54354],[88.609,22.54649],[88.61021,22.54706],[88.61071,22.54641],[88.61599,22.54601],[88.61503,22.54166],[88.61711,22.54117],[88.6175,22.54215],[88.61906,22.54217],[88.62062,22.53904],[88.62127,22.53884],[88.6223,22.53639],[88.6205,22.53586],[88.62063,22.53536],[88.62149,22.53559],[88.62216,22.5345],[88.62228,22.53286],[88.62409,22.53403],[88.62489,22.53285],[88.62525,22.53333],[88.62492,22.53404],[88.62545,22.53468],[88.6258,22.53339],[88.62677,22.5335],[88.6274,22.53299],[88.62744,22.53228],[88.62835,22.53253],[88.62687,22.53626],[88.62759,22.53644],[88.62926,22.53451],[88.62995,22.53472],[88.62979,22.53662],[88.63063,22.53718],[88.63343,22.54314],[88.63439,22.54401],[88.6369,22.54316],[88.63718,22.5422],[88.63837,22.54148],[88.6397,22.53883],[88.64079,22.538],[88.64157,22.53561],[88.64379,22.53261],[88.64428,22.53113],[88.64681,22.52944],[88.64536,22.52799],[88.64434,22.52792],[88.64296,22.52678],[88.63869,22.52659],[88.63185,22.5242]]]}},{"type":"Feature","bbox":[88.76472,22.16552,88.83986,22.2321],"properties":{"kind":"gp","gp":"Bipradaspur","block":"Basanti","lgd":108118},"geometry":{"type":"Polygon","coordinates":[[[88.76525,22.18614],[88.7667,22.191],[88.76472,22.1911],[88.76483,22.19274],[88.76553,22.195],[88.767,22.19725],[88.76904,22.19824],[88.77657,22.19771],[88.77752,22.19875],[88.77792,22.20232],[88.77765,22.21139],[88.77849,22.21412],[88.77996,22.21552],[88.78014,22.21657],[88.77938,22.21912],[88.78102,22.22478],[88.78476,22.22575],[88.78604,22.22693],[88.78577,22.22852],[88.78639,22.2321],[88.79034,22.23202],[88.79158,22.23094],[88.79205,22.2289],[88.79295,22.22765],[88.79368,22.22459],[88.79334,22.22112],[88.7959,22.21924],[88.80151,22.21628],[88.80389,22.21406],[88.80549,22.21423],[88.80568,22.21223],[88.80726,22.2096],[88.80815,22.20897],[88.81401,22.2081],[88.81694,22.20597],[88.81818,22.20407],[88.81871,22.20213],[88.8181,22.19872],[88.81874,22.19753],[88.82789,22.19908],[88.83137,22.19382],[88.83836,22.1804],[88.83986,22.17576],[88.83976,22.17177],[88.83814,22.1689],[88.83489,22.16626],[88.83122,22.16552],[88.82948,22.16567],[88.82322,22.16798],[88.8126,22.17482],[88.8084,22.17593],[88.80526,22.17501],[88.79865,22.16799],[88.794,22.16918],[88.7892,22.16856],[88.78545,22.17172],[88.7808,22.17412],[88.77702,22.17685],[88.77284,22.18103],[88.76715,22.1825],[88.76525,22.18614]]]}},{"type":"Feature","bbox":[88.59422,22.43273,88.65273,22.50685],"properties":{"kind":"gp","gp":"Bodra","block":"Bhangar-I","lgd":108009},"geometry":{"type":"Polygon","coordinates":[[[88.62228,22.45155],[88.62051,22.45004],[88.62006,22.44813],[88.62265,22.44545],[88.62259,22.44421],[88.62384,22.44231],[88.62408,22.43913],[88.6167,22.43997],[88.61477,22.43924],[88.6144,22.43828],[88.61613,22.43755],[88.61639,22.437],[88.61546,22.43479],[88.61487,22.43492],[88.61435,22.43273],[88.61359,22.43282],[88.61359,22.43392],[88.61115,22.43711],[88.61105,22.4381],[88.61145,22.43827],[88.61063,22.43983],[88.60969,22.4407],[88.60853,22.4407],[88.60751,22.44233],[88.60351,22.44127],[88.60259,22.44171],[88.60264,22.44214],[88.60059,22.44189],[88.59914,22.44251],[88.59868,22.44295],[88.599,22.44346],[88.59766,22.44401],[88.59795,22.4445],[88.59666,22.44477],[88.59663,22.44537],[88.59888,22.44824],[88.59796,22.44898],[88.59786,22.45262],[88.59728,22.45368],[88.59771,22.45438],[88.59666,22.45446],[88.59422,22.45661],[88.59533,22.45569],[88.59569,22.45663],[88.59682,22.45631],[88.59889,22.45834],[88.59731,22.46008],[88.59639,22.4631],[88.59682,22.46459],[88.5992,22.4646],[88.59935,22.46519],[88.59847,22.46527],[88.59824,22.46611],[88.5981,22.46766],[88.59854,22.46856],[88.60162,22.46917],[88.60209,22.46976],[88.60225,22.47186],[88.603,22.47192],[88.60296,22.47249],[88.60376,22.47313],[88.60388,22.4718],[88.60434,22.47157],[88.60416,22.47039],[88.60497,22.47038],[88.60463,22.47182],[88.60564,22.47176],[88.60566,22.471],[88.60633,22.47097],[88.60651,22.47188],[88.60732,22.47192],[88.60752,22.47077],[88.60909,22.47038],[88.60932,22.46951],[88.60989,22.46937],[88.61087,22.47011],[88.61192,22.47008],[88.61195,22.47061],[88.61395,22.47066],[88.61415,22.47128],[88.61477,22.47133],[88.61448,22.47258],[88.61492,22.47467],[88.61786,22.47546],[88.61824,22.47598],[88.61881,22.47578],[88.61878,22.47511],[88.62196,22.47453],[88.6227,22.47517],[88.62312,22.47792],[88.62125,22.47839],[88.62067,22.47794],[88.62176,22.48231],[88.62059,22.48256],[88.62062,22.48322],[88.62146,22.48349],[88.62163,22.48469],[88.62213,22.48465],[88.62221,22.48622],[88.62338,22.48644],[88.62353,22.48702],[88.62219,22.4873],[88.62038,22.48953],[88.61983,22.49145],[88.61903,22.4911],[88.61783,22.49163],[88.61783,22.49237],[88.61839,22.49261],[88.61869,22.49175],[88.62008,22.4931],[88.61995,22.49371],[88.62119,22.49367],[88.62194,22.4945],[88.62406,22.49546],[88.62405,22.49737],[88.62533,22.49756],[88.62528,22.49678],[88.62602,22.49696],[88.62663,22.49771],[88.62635,22.49877],[88.6269,22.499],[88.62745,22.50071],[88.62654,22.50162],[88.62663,22.50217],[88.62899,22.50254],[88.63101,22.50139],[88.63922,22.49892],[88.64009,22.50054],[88.64054,22.5046],[88.64459,22.50361],[88.64419,22.50685],[88.64521,22.50606],[88.65018,22.50473],[88.65183,22.50351],[88.65067,22.49966],[88.64933,22.49771],[88.64936,22.49546],[88.65273,22.49588],[88.64868,22.49175],[88.64802,22.48985],[88.64657,22.48877],[88.64577,22.48645],[88.64497,22.48571],[88.63953,22.48534],[88.63749,22.48395],[88.63734,22.48253],[88.63794,22.48003],[88.63744,22.47663],[88.63898,22.47262],[88.6407,22.47018],[88.64135,22.46708],[88.63875,22.46589],[88.6383,22.46522],[88.63918,22.46261],[88.63646,22.45662],[88.63545,22.45297],[88.63404,22.45152],[88.63437,22.4505],[88.63287,22.44976],[88.63019,22.44938],[88.62568,22.45134],[88.62228,22.45155]]]}},{"type":"Feature","bbox":[88.20422,22.17808,88.24649,22.20941],"properties":{"kind":"gp","gp":"Bolsiddhi Kalinagar","block":"Diamond Harbour-I","lgd":108087},"geometry":{"type":"Polygon","coordinates":[[[88.21927,22.18126],[88.2219,22.18475],[88.22064,22.18563],[88.21439,22.18699],[88.21482,22.18635],[88.21455,22.18596],[88.2137,22.18687],[88.21257,22.18681],[88.21219,22.18775],[88.21057,22.18809],[88.21009,22.1875],[88.20905,22.18756],[88.2088,22.1888],[88.20964,22.18906],[88.20968,22.18977],[88.20852,22.1905],[88.20856,22.19198],[88.20673,22.19346],[88.20626,22.19472],[88.2071,22.196],[88.20799,22.19961],[88.20688,22.19982],[88.20625,22.20079],[88.20647,22.2025],[88.20422,22.20732],[88.20482,22.20882],[88.20663,22.20932],[88.21004,22.20862],[88.21324,22.20941],[88.21614,22.2092],[88.21733,22.20754],[88.21729,22.20693],[88.21804,22.20673],[88.21771,22.20583],[88.22081,22.20326],[88.22072,22.20222],[88.22465,22.20098],[88.22494,22.19949],[88.22621,22.19972],[88.22939,22.19886],[88.22979,22.20073],[88.23166,22.2016],[88.23172,22.20254],[88.23257,22.20265],[88.23566,22.20061],[88.23546,22.19802],[88.23465,22.19812],[88.23439,22.19749],[88.23526,22.19742],[88.2352,22.1964],[88.23834,22.19528],[88.24649,22.19429],[88.24571,22.19307],[88.24421,22.19316],[88.24394,22.19148],[88.24106,22.19113],[88.23891,22.19139],[88.23918,22.19034],[88.23604,22.19022],[88.236,22.18953],[88.23429,22.18988],[88.23342,22.18737],[88.23389,22.18735],[88.23394,22.18645],[88.23326,22.18657],[88.23287,22.18424],[88.23141,22.18197],[88.23175,22.18134],[88.23158,22.17895],[88.22982,22.1792],[88.22882,22.17808],[88.22783,22.17818],[88.22862,22.17979],[88.2261,22.18094],[88.22214,22.17987],[88.22198,22.17902],[88.2208,22.17944],[88.22071,22.18062],[88.21927,22.18126]]]}},{"type":"Feature","bbox":[88.33844,21.68557,88.3947,21.76642],"properties":{"kind":"gp","gp":"Brajaballavpur","block":"Namkhana","lgd":108250},"geometry":{"type":"Polygon","coordinates":[[[88.37071,21.71793],[88.3764,21.717],[88.38747,21.71858],[88.38998,21.71832],[88.39153,21.71785],[88.39391,21.71604],[88.3947,21.71377],[88.39218,21.70834],[88.39089,21.70676],[88.38349,21.70066],[88.37539,21.69703],[88.37244,21.69437],[88.37082,21.69372],[88.36953,21.69393],[88.36933,21.69295],[88.36853,21.69219],[88.36539,21.69083],[88.36583,21.68991],[88.36569,21.68804],[88.36455,21.68658],[88.36294,21.68557],[88.36173,21.68611],[88.36023,21.68572],[88.35982,21.68631],[88.35707,21.68646],[88.35619,21.68808],[88.35068,21.69194],[88.34622,21.69944],[88.34095,21.70668],[88.33844,21.71158],[88.33867,21.7139],[88.34157,21.71609],[88.34592,21.71792],[88.34732,21.7197],[88.34853,21.72254],[88.34815,21.72903],[88.34515,21.73775],[88.34302,21.7515],[88.34315,21.75325],[88.3447,21.75724],[88.3459,21.75889],[88.34763,21.76018],[88.35395,21.76193],[88.35711,21.76215],[88.35988,21.76332],[88.37029,21.76376],[88.37559,21.76522],[88.37654,21.76609],[88.37812,21.76642],[88.38284,21.7644],[88.38542,21.76407],[88.38719,21.76317],[88.38991,21.76078],[88.39011,21.75854],[88.38743,21.75454],[88.38634,21.75166],[88.38731,21.75024],[88.3871,21.74343],[88.38571,21.74017],[88.38257,21.73793],[88.37655,21.73767],[88.37149,21.73664],[88.36777,21.73412],[88.36535,21.73307],[88.36373,21.72919],[88.36328,21.72591],[88.36353,21.72469],[88.36732,21.71962],[88.37071,21.71793]]]}},{"type":"Feature","bbox":[88.51474,22.27167,88.56122,22.33954],"properties":{"kind":"gp","gp":"Brindakhali","block":"Baruipur","lgd":107979},"geometry":{"type":"Polygon","coordinates":[[[88.54122,22.28382],[88.53891,22.27966],[88.53607,22.27167],[88.53321,22.27245],[88.52988,22.27554],[88.52785,22.27555],[88.5267,22.27473],[88.52628,22.27492],[88.52694,22.27627],[88.52312,22.27827],[88.52095,22.27821],[88.52045,22.27632],[88.5191,22.27618],[88.51884,22.27667],[88.52121,22.28276],[88.52408,22.28183],[88.52402,22.27951],[88.52471,22.2783],[88.52728,22.27858],[88.53027,22.27826],[88.5311,22.27888],[88.53133,22.28063],[88.53041,22.2804],[88.53049,22.28622],[88.52622,22.28974],[88.52618,22.29082],[88.525,22.2914],[88.52645,22.29454],[88.52633,22.29658],[88.52833,22.30157],[88.52456,22.3026],[88.52466,22.30331],[88.52715,22.30536],[88.52723,22.30663],[88.52623,22.30883],[88.5248,22.30968],[88.52469,22.31137],[88.52355,22.31241],[88.52351,22.31338],[88.52265,22.31455],[88.52474,22.3154],[88.52422,22.31599],[88.51706,22.3169],[88.51745,22.31838],[88.51474,22.32215],[88.51501,22.32309],[88.51719,22.32498],[88.51718,22.32827],[88.51936,22.33095],[88.51795,22.33537],[88.51865,22.33954],[88.5294,22.33569],[88.53432,22.33167],[88.54265,22.33081],[88.55093,22.32804],[88.55191,22.32562],[88.55264,22.32507],[88.55962,22.32387],[88.56109,22.32211],[88.56122,22.31986],[88.56046,22.3183],[88.55737,22.31525],[88.55554,22.3146],[88.55546,22.31358],[88.55281,22.31077],[88.55038,22.30297],[88.54922,22.3003],[88.54482,22.29412],[88.54122,22.28382]]]}},{"type":"Feature","bbox":[88.19206,21.79642,88.26653,21.84939],"properties":{"kind":"gp","gp":"Budhakhali","block":"Kak Dwip","lgd":108241},"geometry":{"type":"MultiPolygon","coordinates":[[[[88.20596,21.79973],[88.20392,21.8062],[88.20392,21.80792],[88.20321,21.80722],[88.20238,21.80703],[88.20201,21.80747],[88.20048,21.812],[88.20186,21.81775],[88.20239,21.82125],[88.20238,21.823],[88.20201,21.8252],[88.20119,21.82729],[88.20083,21.8308],[88.19979,21.83597],[88.19846,21.83834],[88.21626,21.8372],[88.21438,21.83947],[88.21483,21.83994],[88.22897,21.8426],[88.22956,21.84312],[88.23155,21.84799],[88.23236,21.84883],[88.23391,21.84939],[88.23543,21.84906],[88.23867,21.84569],[88.24017,21.84526],[88.24405,21.84724],[88.24804,21.83779],[88.2494,21.83562],[88.24917,21.83404],[88.25297,21.83438],[88.25528,21.83331],[88.25712,21.83144],[88.25772,21.82882],[88.26021,21.82771],[88.26297,21.82728],[88.26653,21.82568],[88.26206,21.82232],[88.25541,21.81578],[88.25304,21.80887],[88.25269,21.80584],[88.25293,21.79897],[88.2471,21.79677],[88.24464,21.79642],[88.20596,21.79973]]],[[[88.20229,21.82131],[88.20179,21.8179],[88.19768,21.82274],[88.19546,21.82368],[88.19236,21.82916],[88.19206,21.83123],[88.19241,21.83218],[88.19729,21.84052],[88.19967,21.83595],[88.20109,21.82715],[88.20191,21.82513],[88.20229,21.82131]]]]}},{"type":"Feature","bbox":[88.09135,22.35345,88.13593,22.39515],"properties":{"kind":"gp","gp":"Burul","block":"Budge Budge-II","lgd":108056},"geometry":{"type":"Polygon","coordinates":[[[88.13096,22.35604],[88.12685,22.35345],[88.1259,22.35357],[88.12482,22.35441],[88.12377,22.3545],[88.1228,22.3558],[88.11921,22.35592],[88.11906,22.35764],[88.11632,22.35837],[88.11406,22.35962],[88.11095,22.36004],[88.11074,22.35824],[88.10818,22.35869],[88.10801,22.35991],[88.10634,22.36107],[88.10555,22.36232],[88.09135,22.36521],[88.09702,22.37452],[88.10048,22.37842],[88.1178,22.39117],[88.12463,22.39515],[88.12851,22.39079],[88.12903,22.38942],[88.12891,22.38698],[88.13127,22.38301],[88.12744,22.37869],[88.12684,22.37726],[88.12754,22.37625],[88.1269,22.37305],[88.12615,22.37251],[88.12632,22.37144],[88.12711,22.37078],[88.12728,22.36986],[88.12664,22.36927],[88.12696,22.36818],[88.12517,22.36646],[88.12602,22.36505],[88.12576,22.36471],[88.12381,22.36496],[88.12339,22.36331],[88.12591,22.36342],[88.1269,22.36407],[88.12855,22.36266],[88.13193,22.36191],[88.1328,22.36118],[88.13463,22.36127],[88.13455,22.35785],[88.13538,22.35747],[88.13593,22.35606],[88.13438,22.35616],[88.13408,22.35696],[88.13296,22.35666],[88.13239,22.35745],[88.13145,22.35751],[88.13096,22.35604]]]}},{"type":"Feature","bbox":[88.16939,22.43677,88.20882,22.46451],"properties":{"kind":"gp","gp":"Buta","block":"Budge Budge-I","lgd":108050},"geometry":{"type":"Polygon","coordinates":[[[88.20336,22.45127],[88.20682,22.44925],[88.20711,22.4483],[88.20882,22.44793],[88.20861,22.44676],[88.20647,22.44614],[88.20617,22.44472],[88.2017,22.44453],[88.19964,22.44615],[88.19939,22.44696],[88.19626,22.44748],[88.19304,22.44564],[88.19205,22.44355],[88.19022,22.44144],[88.18934,22.4416],[88.18854,22.43961],[88.18903,22.43949],[88.18715,22.43677],[88.18491,22.43806],[88.18295,22.43816],[88.18261,22.43901],[88.17997,22.43964],[88.18023,22.44225],[88.18,22.44304],[88.17862,22.44431],[88.17458,22.44477],[88.17392,22.44389],[88.17319,22.44385],[88.17173,22.44437],[88.16949,22.44773],[88.16985,22.44976],[88.16939,22.45388],[88.17053,22.45489],[88.17084,22.45811],[88.17164,22.45843],[88.17127,22.46018],[88.1739,22.46069],[88.1764,22.45979],[88.17928,22.45981],[88.18068,22.46002],[88.18144,22.46103],[88.18274,22.46023],[88.18261,22.45938],[88.18535,22.45904],[88.18576,22.46064],[88.18645,22.46123],[88.18608,22.46228],[88.18714,22.46451],[88.19288,22.46136],[88.1988,22.46229],[88.20161,22.46228],[88.20315,22.46301],[88.20487,22.46308],[88.20851,22.45733],[88.20704,22.45699],[88.20637,22.45512],[88.20578,22.45508],[88.20359,22.4522],[88.20336,22.45127]]]}},{"type":"Feature","bbox":[88.27108,22.35637,88.3046,22.381],"properties":{"kind":"gp","gp":"Chak Enayetnagar","block":"Bishnupur-II","lgd":108040},"geometry":{"type":"Polygon","coordinates":[[[88.30065,22.36782],[88.302,22.36816],[88.30201,22.36742],[88.30333,22.36555],[88.3046,22.3649],[88.3031,22.3644],[88.30304,22.36279],[88.29939,22.35959],[88.29539,22.36027],[88.29478,22.35982],[88.29355,22.35637],[88.29106,22.35706],[88.28834,22.3603],[88.28738,22.36243],[88.28758,22.3639],[88.28826,22.36481],[88.28687,22.36637],[88.2809,22.36956],[88.27977,22.37129],[88.27907,22.37045],[88.27575,22.37059],[88.27607,22.37151],[88.27555,22.3744],[88.27395,22.37426],[88.27331,22.37198],[88.27268,22.37151],[88.27139,22.37236],[88.27108,22.3777],[88.27247,22.37763],[88.27271,22.38052],[88.27776,22.381],[88.27909,22.38074],[88.27875,22.37771],[88.2805,22.3764],[88.28361,22.37587],[88.28701,22.37461],[88.28844,22.37445],[88.29029,22.37695],[88.29413,22.37607],[88.29625,22.37614],[88.29681,22.37571],[88.29621,22.37156],[88.29696,22.37092],[88.2992,22.37059],[88.30022,22.36973],[88.29991,22.36864],[88.30065,22.36782]]]}},{"type":"Feature","bbox":[88.17718,22.38303,88.20798,22.41256],"properties":{"kind":"gp","gp":"Chakmanik","block":"Budge Budge-II","lgd":108057},"geometry":{"type":"Polygon","coordinates":[[[88.17752,22.39408],[88.18062,22.39421],[88.18139,22.39814],[88.18063,22.39801],[88.18126,22.4],[88.18416,22.40207],[88.18443,22.40414],[88.18519,22.40477],[88.18547,22.40822],[88.18474,22.40847],[88.18481,22.40912],[88.18349,22.41063],[88.18814,22.41256],[88.18969,22.41099],[88.18983,22.41156],[88.19077,22.41189],[88.19575,22.4112],[88.19716,22.40969],[88.19767,22.40993],[88.19849,22.40924],[88.19894,22.41015],[88.19993,22.40962],[88.20075,22.41005],[88.20148,22.40979],[88.20148,22.40918],[88.20257,22.4087],[88.20292,22.40913],[88.2037,22.40879],[88.20383,22.40947],[88.2053,22.40931],[88.2054,22.4087],[88.20685,22.40887],[88.20746,22.40728],[88.20683,22.40615],[88.20798,22.40497],[88.20742,22.40451],[88.20734,22.40333],[88.20676,22.40307],[88.20589,22.40059],[88.20315,22.40062],[88.20238,22.39843],[88.20064,22.39835],[88.20001,22.39735],[88.19946,22.3925],[88.20019,22.39125],[88.20026,22.38944],[88.19815,22.38848],[88.19743,22.38764],[88.19701,22.38502],[88.19488,22.38303],[88.19366,22.38355],[88.19293,22.38328],[88.19277,22.38396],[88.19125,22.38466],[88.19215,22.38639],[88.19082,22.3885],[88.18893,22.38894],[88.18803,22.38994],[88.18558,22.39053],[88.18215,22.39009],[88.18227,22.39129],[88.18156,22.39301],[88.18017,22.39302],[88.17952,22.39238],[88.17748,22.39265],[88.17718,22.39346],[88.17752,22.39408]]]}},{"type":"Feature","bbox":[88.54396,22.50253,88.61121,22.55207],"properties":{"kind":"gp","gp":"Chaltaberia","block":"Bhangar-II","lgd":108024},"geometry":{"type":"Polygon","coordinates":[[[88.60281,22.51379],[88.58514,22.50684],[88.57947,22.50419],[88.57741,22.50364],[88.57641,22.50381],[88.57537,22.50484],[88.57286,22.50503],[88.56833,22.50265],[88.56681,22.50253],[88.56537,22.50301],[88.55622,22.50749],[88.55277,22.51155],[88.55053,22.51631],[88.54959,22.52751],[88.54765,22.53074],[88.54448,22.53357],[88.5453,22.53519],[88.54396,22.5377],[88.5456,22.54167],[88.54574,22.54531],[88.54768,22.55207],[88.5489,22.55207],[88.54922,22.55086],[88.54932,22.54852],[88.54876,22.54717],[88.54916,22.5452],[88.54838,22.53999],[88.5488,22.54005],[88.54983,22.54491],[88.55002,22.55064],[88.55058,22.55072],[88.55068,22.54557],[88.55334,22.54522],[88.55346,22.54819],[88.55649,22.54837],[88.55687,22.54775],[88.55666,22.54637],[88.55877,22.54533],[88.55762,22.54288],[88.55795,22.54216],[88.55982,22.54138],[88.55878,22.53881],[88.56005,22.538],[88.56,22.53755],[88.56174,22.53666],[88.56265,22.53706],[88.56736,22.53488],[88.56876,22.53558],[88.56985,22.53786],[88.57079,22.53811],[88.57207,22.53712],[88.57297,22.53991],[88.57382,22.53982],[88.57387,22.53852],[88.5776,22.53771],[88.57956,22.53671],[88.57791,22.53462],[88.57761,22.53144],[88.57798,22.53084],[88.57606,22.52747],[88.57594,22.52621],[88.57387,22.52149],[88.57315,22.52102],[88.57179,22.51833],[88.57227,22.51803],[88.57206,22.51677],[88.57563,22.51528],[88.57619,22.5146],[88.57609,22.51395],[88.57674,22.51391],[88.57763,22.51572],[88.57945,22.51541],[88.58121,22.51992],[88.58139,22.52484],[88.58267,22.52827],[88.58403,22.52805],[88.58433,22.52845],[88.58691,22.52739],[88.58694,22.52643],[88.58803,22.52601],[88.58792,22.52432],[88.5885,22.52354],[88.59046,22.52371],[88.59082,22.52434],[88.59373,22.52351],[88.59396,22.52394],[88.59739,22.5225],[88.59816,22.52395],[88.59787,22.52461],[88.59926,22.52479],[88.59967,22.52401],[88.6004,22.5239],[88.6009,22.52603],[88.60236,22.5232],[88.6029,22.52342],[88.6029,22.52493],[88.60473,22.52504],[88.60509,22.52567],[88.60559,22.52435],[88.60693,22.52375],[88.60676,22.52218],[88.60814,22.52213],[88.60858,22.52083],[88.61065,22.5211],[88.61121,22.52041],[88.61061,22.52021],[88.61046,22.51905],[88.60945,22.51833],[88.60932,22.5177],[88.60281,22.51379]]]}},{"type":"Feature","bbox":[88.50541,22.24256,88.52557,22.27254],"properties":{"kind":"gp","gp":"Chaltaberia","block":"Jaynagar-I","lgd":108131},"geometry":{"type":"MultiPolygon","coordinates":[[[[88.51698,22.24641],[88.51316,22.24564],[88.51179,22.24586],[88.50995,22.24373],[88.50651,22.24256],[88.5064,22.243],[88.50541,22.24312],[88.51423,22.24973],[88.51507,22.25113],[88.51605,22.25167],[88.51698,22.24641]]],[[[88.52557,22.26832],[88.52362,22.26428],[88.52278,22.26395],[88.52045,22.26475],[88.52003,22.26448],[88.51656,22.25908],[88.51557,22.25833],[88.51164,22.25886],[88.51102,22.25974],[88.51133,22.26138],[88.50949,22.26189],[88.50855,22.26315],[88.5107,22.26889],[88.51346,22.27254],[88.5158,22.27081],[88.52557,22.26832]]]]}},{"type":"Feature","bbox":[88.23906,22.2568,88.27458,22.3011],"properties":{"kind":"gp","gp":"Chaluari","block":"Falta","lgd":108106},"geometry":{"type":"Polygon","coordinates":[[[88.2616,22.25815],[88.26153,22.25755],[88.26216,22.25734],[88.26201,22.2568],[88.25834,22.25693],[88.25738,22.25759],[88.25561,22.25765],[88.25433,22.25703],[88.25379,22.25726],[88.25382,22.2588],[88.25297,22.25913],[88.25191,22.25742],[88.25124,22.25756],[88.25026,22.25979],[88.247,22.26049],[88.24661,22.26642],[88.24514,22.26633],[88.24281,22.26704],[88.24288,22.26798],[88.23981,22.26924],[88.23906,22.27006],[88.23959,22.27118],[88.23928,22.27208],[88.24154,22.27315],[88.2418,22.27436],[88.24082,22.27509],[88.24121,22.27548],[88.24042,22.27692],[88.24363,22.2752],[88.24386,22.2764],[88.24464,22.27712],[88.2456,22.27702],[88.24568,22.27786],[88.24451,22.27866],[88.2446,22.27919],[88.24261,22.27959],[88.24239,22.28052],[88.24133,22.28037],[88.24071,22.2795],[88.24007,22.27975],[88.24015,22.28408],[88.24032,22.28468],[88.24085,22.28469],[88.24164,22.28802],[88.24289,22.2891],[88.24239,22.2902],[88.24286,22.29141],[88.24343,22.29067],[88.24517,22.29263],[88.24576,22.29234],[88.24641,22.29288],[88.24785,22.29242],[88.24851,22.2936],[88.24764,22.29585],[88.24996,22.30034],[88.25388,22.30022],[88.25436,22.29878],[88.25475,22.2991],[88.25556,22.29867],[88.25738,22.3011],[88.25758,22.29962],[88.25855,22.29782],[88.26173,22.29768],[88.26547,22.29673],[88.26587,22.29732],[88.26793,22.297],[88.2694,22.29423],[88.26986,22.29015],[88.268,22.28722],[88.26583,22.28584],[88.26656,22.28516],[88.26571,22.28399],[88.26583,22.28289],[88.26524,22.28193],[88.26506,22.28017],[88.26625,22.27927],[88.26761,22.27954],[88.26767,22.27702],[88.26946,22.2751],[88.27052,22.27015],[88.27143,22.27073],[88.27203,22.27052],[88.27231,22.26952],[88.27309,22.26951],[88.27338,22.26773],[88.27444,22.2677],[88.27447,22.26686],[88.27371,22.2665],[88.27437,22.26472],[88.27383,22.26397],[88.27393,22.2618],[88.27458,22.26168],[88.27428,22.26083],[88.2728,22.26099],[88.27222,22.25966],[88.27011,22.2602],[88.26984,22.26088],[88.26901,22.26104],[88.26939,22.25958],[88.26874,22.2586],[88.26664,22.25739],[88.26499,22.2573],[88.26445,22.25759],[88.26474,22.2583],[88.26376,22.25841],[88.26369,22.25688],[88.26291,22.2569],[88.26283,22.25808],[88.2616,22.25815]]]}},{"type":"Feature","bbox":[88.48252,22.386,88.52173,22.40697],"properties":{"kind":"gp","gp":"Champahati","block":"Baruipur","lgd":107980},"geometry":{"type":"Polygon","coordinates":[[[88.52013,22.399],[88.52173,22.39769],[88.52157,22.39599],[88.51829,22.39044],[88.51582,22.38727],[88.51373,22.38836],[88.51338,22.38779],[88.51069,22.38929],[88.50884,22.38868],[88.50388,22.38893],[88.50313,22.38615],[88.50188,22.386],[88.50112,22.38604],[88.49965,22.38701],[88.49953,22.38765],[88.49829,22.38795],[88.49135,22.38819],[88.49161,22.39165],[88.49031,22.39361],[88.48736,22.39411],[88.48479,22.39344],[88.48264,22.39473],[88.48326,22.39716],[88.48252,22.3977],[88.48293,22.39983],[88.48367,22.3998],[88.48431,22.40088],[88.48377,22.4021],[88.48463,22.40346],[88.48459,22.40499],[88.48594,22.40664],[88.48755,22.40596],[88.48829,22.4064],[88.4898,22.40595],[88.49117,22.40602],[88.49162,22.40697],[88.49207,22.40694],[88.49289,22.40566],[88.49653,22.40497],[88.4965,22.40361],[88.49742,22.40368],[88.49776,22.40433],[88.49899,22.40429],[88.50004,22.40338],[88.49906,22.39935],[88.49966,22.39904],[88.50058,22.40015],[88.50175,22.39833],[88.50108,22.39613],[88.50187,22.39526],[88.5028,22.39506],[88.50355,22.39348],[88.50472,22.39299],[88.50599,22.39292],[88.5075,22.39425],[88.50835,22.39578],[88.50969,22.40093],[88.51175,22.40057],[88.51256,22.40101],[88.51421,22.39992],[88.51673,22.40014],[88.52013,22.399]]]}},{"type":"Feature","bbox":[88.52997,22.41257,88.58586,22.4642],"properties":{"kind":"gp","gp":"Chandaneswar-I","block":"Bhangar-I","lgd":108010},"geometry":{"type":"Polygon","coordinates":[[[88.56197,22.42141],[88.56291,22.41974],[88.56385,22.42019],[88.56446,22.41929],[88.56362,22.41903],[88.56367,22.41578],[88.56508,22.41493],[88.56488,22.41314],[88.56431,22.41325],[88.5638,22.41257],[88.55969,22.41404],[88.55932,22.41327],[88.55874,22.41325],[88.5586,22.41382],[88.5564,22.41373],[88.5554,22.41486],[88.55547,22.41542],[88.55322,22.41626],[88.55164,22.41446],[88.55068,22.41502],[88.5485,22.41282],[88.54527,22.41423],[88.53916,22.41382],[88.54222,22.42055],[88.54392,22.42619],[88.54433,22.4285],[88.54403,22.43245],[88.53456,22.43413],[88.52997,22.43683],[88.53215,22.43939],[88.53405,22.44016],[88.53499,22.4385],[88.53545,22.43846],[88.53657,22.44049],[88.53764,22.44077],[88.54001,22.44013],[88.54094,22.44091],[88.54266,22.44064],[88.54283,22.44113],[88.54439,22.44066],[88.54596,22.44354],[88.54694,22.44438],[88.54786,22.44399],[88.54803,22.44322],[88.54872,22.44348],[88.55076,22.44252],[88.55095,22.44199],[88.55327,22.44142],[88.55305,22.44315],[88.55445,22.44291],[88.55447,22.44213],[88.55491,22.44203],[88.55655,22.44249],[88.5563,22.44312],[88.55712,22.44421],[88.55851,22.44422],[88.56019,22.44611],[88.56051,22.44724],[88.55927,22.44655],[88.55898,22.44686],[88.5593,22.44769],[88.55803,22.44818],[88.55778,22.44878],[88.55597,22.44895],[88.55471,22.44961],[88.55448,22.45174],[88.55516,22.45172],[88.55496,22.45389],[88.55574,22.4537],[88.55559,22.45488],[88.55606,22.45567],[88.55504,22.45569],[88.55445,22.45734],[88.55498,22.45801],[88.5543,22.45935],[88.55583,22.46159],[88.55625,22.46322],[88.55812,22.46313],[88.55952,22.4642],[88.56214,22.4617],[88.56138,22.46063],[88.56165,22.45977],[88.56322,22.45793],[88.5656,22.45622],[88.56504,22.45568],[88.56651,22.45514],[88.56848,22.45278],[88.56799,22.45153],[88.57193,22.45041],[88.57327,22.44843],[88.57251,22.44841],[88.57222,22.44647],[88.57283,22.44618],[88.57343,22.44662],[88.57505,22.44564],[88.57557,22.44438],[88.57486,22.44432],[88.57569,22.44319],[88.57681,22.44385],[88.57685,22.44454],[88.57765,22.44452],[88.57817,22.44365],[88.57861,22.44416],[88.57774,22.4451],[88.57794,22.44596],[88.5785,22.44591],[88.5793,22.44513],[88.57944,22.4429],[88.58129,22.44171],[88.58177,22.44223],[88.58375,22.44155],[88.58485,22.44058],[88.58387,22.43792],[88.58431,22.43759],[88.58411,22.43675],[88.58495,22.43664],[88.58586,22.43473],[88.58535,22.43428],[88.58518,22.43219],[88.58182,22.43172],[88.58157,22.4309],[88.58029,22.43154],[88.58066,22.42815],[88.57845,22.42905],[88.57829,22.42736],[88.57766,22.42717],[88.57745,22.42643],[88.57794,22.42309],[88.57638,22.4228],[88.57673,22.42377],[88.57601,22.42394],[88.57543,22.42241],[88.57432,22.42269],[88.57197,22.42225],[88.57236,22.42151],[88.57305,22.42163],[88.57289,22.4205],[88.57083,22.42073],[88.57078,22.422],[88.57002,22.42238],[88.56976,22.42155],[88.56898,22.42179],[88.56856,22.42123],[88.56849,22.41947],[88.56704,22.41951],[88.56701,22.42012],[88.5655,22.41987],[88.56294,22.42178],[88.56197,22.42141]]]}},{"type":"Feature","bbox":[88.52017,22.43683,88.56051,22.48443],"properties":{"kind":"gp","gp":"Chandaneswar-Ii","block":"Bhangar-I","lgd":108011},"geometry":{"type":"Polygon","coordinates":[[[88.53215,22.43939],[88.52997,22.43683],[88.52629,22.43827],[88.52438,22.43995],[88.52135,22.44342],[88.52017,22.44733],[88.52293,22.44787],[88.52617,22.45005],[88.52824,22.45221],[88.52804,22.45262],[88.53273,22.45939],[88.53345,22.46135],[88.53382,22.46543],[88.53288,22.4672],[88.533,22.46945],[88.53477,22.47296],[88.53511,22.47538],[88.5359,22.47661],[88.53896,22.47903],[88.54075,22.48147],[88.54046,22.48226],[88.54305,22.48389],[88.54617,22.48443],[88.54693,22.48367],[88.54456,22.48288],[88.54747,22.48008],[88.54816,22.47864],[88.54767,22.47789],[88.54939,22.4751],[88.5493,22.47428],[88.55008,22.4731],[88.55112,22.4732],[88.55337,22.47158],[88.55625,22.4671],[88.55625,22.46322],[88.55583,22.46159],[88.5543,22.45935],[88.55498,22.45801],[88.55445,22.45734],[88.55504,22.45569],[88.55606,22.45567],[88.55559,22.45488],[88.55574,22.4537],[88.55496,22.45389],[88.55516,22.45172],[88.55448,22.45174],[88.55471,22.44961],[88.55597,22.44895],[88.55778,22.44878],[88.55803,22.44818],[88.5593,22.44769],[88.55898,22.44686],[88.55927,22.44655],[88.56051,22.44724],[88.56019,22.44611],[88.55851,22.44422],[88.55712,22.44421],[88.5563,22.44312],[88.55655,22.44249],[88.55491,22.44203],[88.55447,22.44213],[88.55445,22.44291],[88.55305,22.44315],[88.55327,22.44142],[88.55095,22.44199],[88.55076,22.44252],[88.54872,22.44348],[88.54803,22.44322],[88.54786,22.44399],[88.54694,22.44438],[88.54596,22.44354],[88.54439,22.44066],[88.54283,22.44113],[88.54266,22.44064],[88.54094,22.44091],[88.54001,22.44013],[88.53764,22.44077],[88.53657,22.44049],[88.53545,22.43846],[88.53499,22.4385],[88.53405,22.44016],[88.53215,22.43939]]]}},{"type":"Feature","bbox":[88.26208,22.33612,88.29506,22.37129],"properties":{"kind":"gp","gp":"Chandi","block":"Bishnupur-II","lgd":108041},"geometry":{"type":"Polygon","coordinates":[[[88.28826,22.36481],[88.28738,22.36243],[88.28834,22.3603],[88.29106,22.35706],[88.29355,22.35637],[88.29475,22.35492],[88.29506,22.35356],[88.29439,22.35239],[88.29277,22.35027],[88.28922,22.3483],[88.28557,22.34868],[88.28399,22.34803],[88.28317,22.34364],[88.27856,22.34145],[88.27813,22.3391],[88.27706,22.33968],[88.27479,22.33917],[88.27142,22.33612],[88.27037,22.33751],[88.27138,22.33944],[88.27122,22.34158],[88.27067,22.34239],[88.27116,22.34375],[88.27018,22.34547],[88.26884,22.34586],[88.26794,22.3454],[88.26751,22.3445],[88.26669,22.3445],[88.26664,22.34647],[88.26602,22.3465],[88.26481,22.34532],[88.26382,22.34508],[88.2628,22.3453],[88.26248,22.3469],[88.26256,22.35143],[88.26324,22.35278],[88.26208,22.3533],[88.2623,22.35519],[88.2633,22.35532],[88.2632,22.35602],[88.26266,22.35609],[88.26274,22.35744],[88.26438,22.35822],[88.26437,22.35952],[88.26377,22.36043],[88.26695,22.36187],[88.26695,22.36433],[88.26597,22.3653],[88.26675,22.3666],[88.266,22.36974],[88.26668,22.37021],[88.26755,22.36975],[88.26929,22.3698],[88.27153,22.37064],[88.27907,22.37045],[88.27977,22.37129],[88.2809,22.36956],[88.28687,22.36637],[88.28826,22.36481]]]}},{"type":"Feature","bbox":[88.25212,22.02822,88.32184,22.07056],"properties":{"kind":"gp","gp":"Chandipur","block":"Kulpi","lgd":108164},"geometry":{"type":"Polygon","coordinates":[[[88.28483,22.03049],[88.27757,22.03258],[88.275,22.03392],[88.27418,22.03583],[88.27526,22.03932],[88.27812,22.03955],[88.28019,22.04212],[88.28129,22.04268],[88.27999,22.04524],[88.28079,22.04677],[88.28047,22.04851],[88.28112,22.05024],[88.28086,22.05379],[88.28011,22.05479],[88.27819,22.05471],[88.27635,22.05326],[88.27466,22.0527],[88.27158,22.05269],[88.27062,22.05382],[88.27059,22.05459],[88.27226,22.06079],[88.27205,22.06131],[88.26746,22.06105],[88.26617,22.06168],[88.26558,22.0629],[88.2657,22.0652],[88.26409,22.06527],[88.26417,22.06491],[88.25865,22.06531],[88.25539,22.06882],[88.25361,22.06994],[88.25282,22.06794],[88.25212,22.06823],[88.25307,22.07035],[88.25385,22.07056],[88.25909,22.06618],[88.26623,22.06565],[88.2667,22.06212],[88.26743,22.06163],[88.27087,22.06205],[88.27206,22.06195],[88.27296,22.06121],[88.27308,22.05929],[88.27135,22.05381],[88.27179,22.05346],[88.27472,22.05363],[88.27929,22.05589],[88.28132,22.05491],[88.28194,22.05318],[88.28456,22.05299],[88.28617,22.05557],[88.28759,22.05636],[88.28953,22.05597],[88.29148,22.0612],[88.2937,22.06089],[88.29404,22.06248],[88.2954,22.06233],[88.29544,22.06334],[88.29627,22.06334],[88.2962,22.06087],[88.29703,22.06096],[88.29721,22.06211],[88.29788,22.06217],[88.29827,22.06357],[88.30117,22.06245],[88.29963,22.05833],[88.3016,22.05784],[88.30175,22.05704],[88.30361,22.05659],[88.30407,22.05594],[88.30388,22.05503],[88.3048,22.05122],[88.30409,22.05005],[88.3034,22.05008],[88.30403,22.04936],[88.30505,22.04987],[88.31064,22.04998],[88.31248,22.05173],[88.31407,22.05194],[88.31879,22.05052],[88.31998,22.05268],[88.32096,22.05308],[88.321,22.05129],[88.32184,22.05023],[88.32174,22.04875],[88.32079,22.04866],[88.32048,22.04524],[88.31901,22.04178],[88.32054,22.04079],[88.32109,22.03956],[88.31921,22.0341],[88.31538,22.03425],[88.31244,22.03272],[88.31172,22.03314],[88.31154,22.0342],[88.3106,22.03469],[88.30947,22.03439],[88.30574,22.03124],[88.30714,22.02852],[88.30584,22.02822],[88.29567,22.03052],[88.29429,22.03137],[88.28837,22.0303],[88.28483,22.03049]]]}},{"type":"Feature","bbox":[88.34545,22.15019,88.39456,22.18825],"properties":{"kind":"gp","gp":"Chandpur","block":"Mandirbazar","lgd":108211},"geometry":{"type":"MultiPolygon","coordinates":[[[[88.35171,22.16429],[88.35378,22.16367],[88.35385,22.16132],[88.35545,22.16079],[88.35599,22.15925],[88.35575,22.15889],[88.35374,22.15947],[88.35339,22.15896],[88.35463,22.15825],[88.35529,22.15839],[88.35542,22.15757],[88.35143,22.15791],[88.35137,22.1594],[88.35091,22.15991],[88.3489,22.15953],[88.34843,22.15861],[88.34814,22.1603],[88.34722,22.1604],[88.34674,22.15973],[88.34556,22.15983],[88.34545,22.16189],[88.34612,22.16196],[88.34786,22.16407],[88.35171,22.16429]]],[[[88.36607,22.15827],[88.36799,22.15882],[88.37091,22.16419],[88.37167,22.16487],[88.36929,22.16731],[88.36505,22.16683],[88.36387,22.16874],[88.36408,22.17252],[88.36187,22.17314],[88.3618,22.17481],[88.36117,22.17556],[88.35373,22.17775],[88.35291,22.17755],[88.35415,22.17876],[88.35362,22.179],[88.35353,22.1802],[88.3519,22.1808],[88.35278,22.18153],[88.35209,22.18275],[88.34925,22.1831],[88.3498,22.18414],[88.35064,22.18408],[88.35107,22.18571],[88.34918,22.18576],[88.34881,22.18756],[88.35052,22.18737],[88.35089,22.18794],[88.35633,22.18671],[88.35671,22.18713],[88.35982,22.18586],[88.36,22.18625],[88.36279,22.18619],[88.36404,22.18709],[88.36542,22.18675],[88.36683,22.18795],[88.36973,22.18825],[88.36891,22.18665],[88.36995,22.18691],[88.36993,22.18438],[88.37119,22.18427],[88.37105,22.18304],[88.37189,22.18257],[88.37396,22.18359],[88.37449,22.18634],[88.37595,22.18632],[88.37561,22.18199],[88.37668,22.18],[88.37755,22.17653],[88.37855,22.17592],[88.37825,22.17344],[88.38053,22.1724],[88.38168,22.17404],[88.38192,22.1748],[88.38141,22.17542],[88.38196,22.17631],[88.38291,22.17598],[88.38396,22.17712],[88.38477,22.17679],[88.38554,22.17594],[88.38541,22.17534],[88.38594,22.17517],[88.38701,22.17645],[88.38874,22.17593],[88.38954,22.17741],[88.39042,22.17742],[88.39068,22.17697],[88.38951,22.17466],[88.3917,22.17394],[88.39123,22.17177],[88.39281,22.17128],[88.39335,22.17258],[88.39445,22.17349],[88.39397,22.17228],[88.39456,22.17167],[88.39297,22.16951],[88.39276,22.1673],[88.39173,22.16696],[88.39157,22.1658],[88.39073,22.16559],[88.39057,22.16506],[88.39181,22.16506],[88.39166,22.16311],[88.39069,22.16303],[88.39003,22.16149],[88.38661,22.16208],[88.38652,22.16084],[88.38742,22.15992],[88.38732,22.15872],[88.38654,22.15849],[88.38637,22.15754],[88.38548,22.15768],[88.38554,22.15839],[88.38255,22.15835],[88.38206,22.15727],[88.38079,22.15738],[88.38004,22.15644],[88.37942,22.1571],[88.37805,22.15702],[88.37784,22.15603],[88.37723,22.15614],[88.37489,22.15446],[88.3704,22.15463],[88.36938,22.15239],[88.36741,22.15019],[88.36559,22.15083],[88.36585,22.15401],[88.36495,22.15638],[88.3663,22.15666],[88.36582,22.15719],[88.36607,22.15827]]]]}},{"type":"Feature","bbox":[88.76414,22.30534,88.82184,22.37419],"properties":{"kind":"gp","gp":"Charabidya","block":"Basanti","lgd":107999},"geometry":{"type":"Polygon","coordinates":[[[88.8091,22.34069],[88.80317,22.32964],[88.80602,22.32539],[88.80922,22.3221],[88.80631,22.32159],[88.80268,22.31994],[88.80018,22.31811],[88.79915,22.31884],[88.79264,22.31423],[88.79205,22.31259],[88.78997,22.31138],[88.78935,22.31163],[88.78889,22.31017],[88.78729,22.30904],[88.78618,22.30862],[88.78239,22.30921],[88.78093,22.30844],[88.77797,22.30534],[88.77275,22.30739],[88.77168,22.30823],[88.76676,22.31474],[88.76615,22.31585],[88.76641,22.31684],[88.77147,22.32062],[88.77204,22.32435],[88.77061,22.32819],[88.77118,22.32883],[88.77004,22.3315],[88.76749,22.33589],[88.76427,22.33939],[88.76494,22.34017],[88.76491,22.34146],[88.76414,22.34261],[88.76425,22.34361],[88.76555,22.3444],[88.7672,22.3438],[88.76859,22.34261],[88.77156,22.3423],[88.77361,22.34132],[88.77874,22.3374],[88.78191,22.33654],[88.78261,22.33657],[88.78442,22.33894],[88.78952,22.34215],[88.78996,22.34295],[88.78919,22.34464],[88.78308,22.34723],[88.78104,22.354],[88.77989,22.35635],[88.77607,22.3614],[88.77593,22.36246],[88.77915,22.36505],[88.78152,22.36608],[88.78302,22.3676],[88.78736,22.3696],[88.79048,22.37041],[88.79661,22.3705],[88.79917,22.37348],[88.80029,22.37386],[88.80337,22.37359],[88.80846,22.37419],[88.81209,22.37194],[88.819,22.37199],[88.82116,22.37094],[88.82159,22.37022],[88.82138,22.36906],[88.81998,22.36561],[88.82006,22.36441],[88.82184,22.36101],[88.81816,22.36061],[88.81713,22.35965],[88.81518,22.35329],[88.81107,22.34779],[88.8091,22.34069]]]}},{"type":"Feature","bbox":[88.21721,22.44376,88.25602,22.49608],"properties":{"kind":"gp","gp":"Chatta","block":"Thakurpukur Mahestola","lgd":108285},"geometry":{"type":"Polygon","coordinates":[[[88.24908,22.44758],[88.2468,22.44728],[88.24595,22.44626],[88.2443,22.44556],[88.24242,22.44587],[88.24047,22.44698],[88.24036,22.44632],[88.23906,22.4463],[88.23867,22.44486],[88.23765,22.44376],[88.237,22.44377],[88.23789,22.4464],[88.23623,22.44654],[88.23597,22.44763],[88.23504,22.44791],[88.23504,22.44886],[88.23566,22.44998],[88.23768,22.44987],[88.23799,22.4521],[88.23878,22.45343],[88.23824,22.45412],[88.23727,22.4533],[88.23718,22.45233],[88.23502,22.45214],[88.23452,22.45031],[88.22686,22.45146],[88.22398,22.45031],[88.22099,22.45066],[88.2195,22.44921],[88.21721,22.4498],[88.2174,22.45264],[88.21934,22.45551],[88.22103,22.46048],[88.22345,22.46153],[88.22331,22.463],[88.22498,22.46773],[88.2279,22.47005],[88.22927,22.47699],[88.23161,22.47719],[88.23135,22.47475],[88.23034,22.47398],[88.2315,22.47252],[88.23398,22.47274],[88.23451,22.47544],[88.23746,22.47535],[88.23712,22.4772],[88.23848,22.4774],[88.23866,22.47874],[88.24036,22.48083],[88.24034,22.48187],[88.24174,22.48416],[88.23913,22.48448],[88.23906,22.48544],[88.23996,22.48648],[88.24069,22.48866],[88.24208,22.48962],[88.24161,22.49115],[88.24347,22.49453],[88.24318,22.49568],[88.24351,22.49608],[88.24427,22.49529],[88.24585,22.49554],[88.24672,22.49445],[88.24693,22.4928],[88.24757,22.49231],[88.24931,22.49262],[88.25093,22.49166],[88.25124,22.49027],[88.25262,22.48988],[88.25301,22.48828],[88.25421,22.48732],[88.25406,22.48645],[88.25535,22.48547],[88.25462,22.48473],[88.25451,22.48387],[88.25361,22.48431],[88.25251,22.48385],[88.25227,22.48244],[88.25049,22.48207],[88.2504,22.48057],[88.25231,22.48037],[88.25339,22.47935],[88.25153,22.4779],[88.25095,22.47605],[88.24912,22.47673],[88.24891,22.47592],[88.24997,22.47461],[88.24984,22.47327],[88.25128,22.47065],[88.24968,22.46509],[88.25315,22.46408],[88.25331,22.46335],[88.25401,22.46292],[88.25393,22.46167],[88.25602,22.46021],[88.25537,22.45714],[88.25311,22.45628],[88.25154,22.45489],[88.2509,22.4549],[88.24995,22.45307],[88.24866,22.45242],[88.24954,22.45068],[88.24908,22.44758]]]}},{"type":"Feature","bbox":[88.86764,22.16663,88.92074,22.23749],"properties":{"kind":"gp","gp":"Chhota Mollakhali","block":"Basanti","lgd":108119},"geometry":{"type":"Polygon","coordinates":[[[88.88958,22.17571],[88.88751,22.17143],[88.88728,22.16774],[88.88666,22.16663],[88.8824,22.16997],[88.88093,22.17173],[88.87994,22.17092],[88.8715,22.17084],[88.87056,22.17557],[88.87056,22.17801],[88.86771,22.18544],[88.86764,22.18918],[88.86809,22.19106],[88.87188,22.1919],[88.87563,22.19379],[88.88103,22.19823],[88.88415,22.20286],[88.88565,22.20642],[88.8858,22.20775],[88.88334,22.21204],[88.8814,22.2133],[88.87757,22.2143],[88.87711,22.21562],[88.87857,22.21768],[88.87843,22.21975],[88.87632,22.22103],[88.87782,22.22132],[88.87925,22.22296],[88.87876,22.22371],[88.87503,22.22388],[88.87479,22.22425],[88.87389,22.23293],[88.87398,22.23422],[88.87522,22.23544],[88.87747,22.2364],[88.87836,22.2365],[88.87981,22.23526],[88.88193,22.2349],[88.88315,22.23516],[88.88494,22.23645],[88.88587,22.23639],[88.88841,22.23749],[88.88964,22.23533],[88.89234,22.23234],[88.90168,22.22528],[88.91092,22.22069],[88.91257,22.22083],[88.91661,22.21969],[88.91604,22.21867],[88.91676,22.21546],[88.9168,22.2121],[88.91451,22.20671],[88.90943,22.19882],[88.90522,22.19901],[88.90426,22.19945],[88.90377,22.19869],[88.90419,22.19843],[88.90394,22.19566],[88.90493,22.19321],[88.90454,22.19141],[88.90591,22.1915],[88.90902,22.18959],[88.91134,22.18572],[88.91131,22.18457],[88.91316,22.18283],[88.91972,22.17331],[88.92074,22.17039],[88.92053,22.16894],[88.9168,22.16673],[88.91349,22.1671],[88.90812,22.17062],[88.9014,22.17666],[88.90113,22.17755],[88.89569,22.17794],[88.89362,22.17755],[88.8914,22.17571],[88.88958,22.17571]]]}},{"type":"Feature","bbox":[88.18588,22.44512,88.24174,22.49756],"properties":{"kind":"gp","gp":"Chingripota","block":"Budge Budge-I","lgd":108051},"geometry":{"type":"Polygon","coordinates":[[[88.21761,22.45132],[88.21721,22.45083],[88.21707,22.44656],[88.21654,22.44626],[88.21656,22.44512],[88.2135,22.44615],[88.21179,22.44583],[88.21107,22.4469],[88.21086,22.44857],[88.20882,22.44793],[88.20711,22.4483],[88.20682,22.44925],[88.20323,22.45156],[88.20578,22.45508],[88.20637,22.45512],[88.20704,22.45699],[88.20851,22.45733],[88.20487,22.46308],[88.20315,22.46301],[88.20161,22.46228],[88.1988,22.46229],[88.19288,22.46136],[88.18714,22.46451],[88.18732,22.46547],[88.18588,22.46641],[88.19074,22.47009],[88.19041,22.4706],[88.19165,22.47241],[88.19225,22.4753],[88.19295,22.47568],[88.19265,22.47613],[88.19335,22.47697],[88.19448,22.48173],[88.19525,22.48189],[88.19533,22.48609],[88.20183,22.48739],[88.20606,22.48535],[88.2069,22.48593],[88.20677,22.48372],[88.2086,22.484],[88.20817,22.48293],[88.2083,22.48028],[88.20875,22.47961],[88.21078,22.48037],[88.21213,22.47997],[88.21276,22.48142],[88.21349,22.48132],[88.21386,22.48329],[88.21382,22.48941],[88.21683,22.48849],[88.21756,22.48732],[88.2189,22.48777],[88.2199,22.48688],[88.22021,22.48743],[88.22625,22.4891],[88.22618,22.49729],[88.22928,22.49756],[88.23054,22.49703],[88.23088,22.49455],[88.23176,22.49448],[88.23161,22.49374],[88.23415,22.49159],[88.23442,22.48921],[88.23371,22.48833],[88.23531,22.48564],[88.23627,22.4853],[88.23682,22.48739],[88.23803,22.4881],[88.24044,22.48789],[88.23906,22.48544],[88.23913,22.48448],[88.24174,22.48416],[88.24034,22.48187],[88.24036,22.48083],[88.23866,22.47874],[88.23848,22.4774],[88.23712,22.4772],[88.23746,22.47535],[88.23451,22.47544],[88.23398,22.47274],[88.2315,22.47252],[88.23077,22.47297],[88.23034,22.47398],[88.23135,22.47475],[88.23161,22.47719],[88.22927,22.47699],[88.2279,22.47005],[88.22498,22.46773],[88.22331,22.463],[88.22345,22.46153],[88.22103,22.46048],[88.21934,22.45551],[88.2174,22.45264],[88.21761,22.45132]]]}},{"type":"Feature","bbox":[88.74545,22.24139,88.81095,22.3221],"properties":{"kind":"gp","gp":"Chunakhali","block":"Basanti","lgd":108000},"geometry":{"type":"Polygon","coordinates":[[[88.79415,22.2771],[88.7934,22.27166],[88.7939,22.26927],[88.79215,22.26077],[88.79149,22.25952],[88.79019,22.25873],[88.78648,22.25884],[88.77215,22.25126],[88.77145,22.25027],[88.76944,22.24396],[88.76772,22.24139],[88.7635,22.24341],[88.76202,22.24339],[88.76048,22.24182],[88.75806,22.24492],[88.75451,22.24684],[88.75403,22.2478],[88.75436,22.25236],[88.75336,22.25538],[88.75315,22.25793],[88.75357,22.26063],[88.75551,22.2651],[88.7556,22.2704],[88.75619,22.27333],[88.74618,22.27775],[88.74545,22.27875],[88.74589,22.27963],[88.75064,22.28296],[88.75295,22.28555],[88.75561,22.28622],[88.75779,22.28807],[88.75949,22.29192],[88.7587,22.29409],[88.75936,22.2983],[88.75909,22.30334],[88.76166,22.30817],[88.76814,22.30942],[88.76986,22.31052],[88.77275,22.30739],[88.77797,22.30534],[88.78093,22.30844],[88.78239,22.30921],[88.78618,22.30862],[88.78729,22.30904],[88.78889,22.31017],[88.78935,22.31163],[88.78997,22.31138],[88.79205,22.31259],[88.79264,22.31423],[88.79915,22.31884],[88.80018,22.31811],[88.80268,22.31994],[88.80631,22.32159],[88.80922,22.3221],[88.81016,22.32165],[88.8109,22.32039],[88.81095,22.31734],[88.81071,22.31571],[88.80769,22.30953],[88.80446,22.29793],[88.80437,22.29104],[88.80556,22.28618],[88.80509,22.28377],[88.80394,22.28173],[88.79951,22.27776],[88.79415,22.2771]]]}},{"type":"Feature","bbox":[88.48876,21.98042,88.55502,22.06808],"properties":{"kind":"gp","gp":"Chuprijhara","block":"Jaynagar-II","lgd":108143},"geometry":{"type":"Polygon","coordinates":[[[88.54838,22.0082],[88.55502,22.00687],[88.554,22.00308],[88.55252,22.0],[88.54131,21.98191],[88.53664,21.98042],[88.53565,21.98419],[88.52946,21.98666],[88.52164,21.98848],[88.51632,21.98917],[88.51708,21.98986],[88.51549,21.99295],[88.51944,21.99504],[88.52089,21.99733],[88.52024,21.99864],[88.52066,21.99921],[88.52756,22.0034],[88.52857,22.0049],[88.52781,22.00591],[88.52667,22.00638],[88.52256,22.00631],[88.51367,22.00292],[88.5103,22.00286],[88.50876,22.00325],[88.5066,22.00529],[88.50593,22.00689],[88.50611,22.00849],[88.5088,22.01056],[88.51346,22.01157],[88.51635,22.01282],[88.51783,22.01899],[88.52431,22.01769],[88.52531,22.02839],[88.52378,22.02882],[88.52064,22.02778],[88.5195,22.02826],[88.51895,22.03111],[88.52257,22.03756],[88.52297,22.04041],[88.51709,22.04046],[88.51287,22.04129],[88.5075,22.04069],[88.50843,22.04507],[88.50563,22.0455],[88.50017,22.04517],[88.49962,22.04312],[88.48931,22.04573],[88.48876,22.04659],[88.48973,22.04782],[88.49393,22.04898],[88.499,22.0489],[88.50081,22.04985],[88.50062,22.05173],[88.49901,22.0545],[88.49661,22.05698],[88.49686,22.05772],[88.4999,22.05542],[88.50006,22.05446],[88.50376,22.05443],[88.50436,22.05485],[88.50889,22.05405],[88.5071,22.06162],[88.50615,22.06389],[88.5098,22.06268],[88.51279,22.06029],[88.51882,22.0629],[88.52045,22.06475],[88.52119,22.06728],[88.52462,22.06808],[88.52544,22.06301],[88.52727,22.06064],[88.5288,22.0597],[88.53663,22.05885],[88.53972,22.05796],[88.54727,22.05459],[88.54883,22.0518],[88.55312,22.0474],[88.55384,22.04428],[88.55382,22.04278],[88.55135,22.03636],[88.5499,22.01812],[88.54838,22.0082]]]}},{"type":"Feature","bbox":[88.4216,22.21256,88.45755,22.25845],"properties":{"kind":"gp","gp":"Dakshin Barasat","block":"Jaynagar-I","lgd":108132},"geometry":{"type":"Polygon","coordinates":[[[88.44028,22.2146],[88.43736,22.21256],[88.43692,22.21381],[88.43589,22.21453],[88.43587,22.21537],[88.43399,22.21556],[88.43225,22.21485],[88.43117,22.21543],[88.43024,22.21418],[88.42695,22.21497],[88.42585,22.2137],[88.42439,22.21384],[88.4239,22.21714],[88.42191,22.2184],[88.4216,22.21934],[88.42268,22.22005],[88.42332,22.22168],[88.42287,22.22434],[88.42395,22.2238],[88.42436,22.22403],[88.42707,22.22773],[88.42767,22.22763],[88.43032,22.22894],[88.43011,22.23077],[88.43088,22.23104],[88.43152,22.23032],[88.43154,22.22936],[88.43464,22.22793],[88.43538,22.22835],[88.43546,22.23101],[88.43623,22.23187],[88.43786,22.23175],[88.43779,22.23301],[88.43639,22.23296],[88.43559,22.23382],[88.43461,22.23247],[88.43408,22.23254],[88.43398,22.23317],[88.43334,22.23335],[88.43286,22.23589],[88.43338,22.23709],[88.4347,22.23667],[88.43698,22.23886],[88.43915,22.23837],[88.43878,22.2395],[88.43955,22.24133],[88.43881,22.2415],[88.43883,22.24204],[88.43952,22.24229],[88.4395,22.24293],[88.43867,22.24251],[88.43765,22.24278],[88.43762,22.24352],[88.4369,22.24357],[88.43667,22.24421],[88.43738,22.24483],[88.43765,22.24666],[88.43897,22.24676],[88.43892,22.24727],[88.44048,22.24698],[88.44149,22.24794],[88.44146,22.25038],[88.44212,22.25085],[88.44051,22.25253],[88.44089,22.2529],[88.44185,22.25251],[88.44266,22.25289],[88.44254,22.25377],[88.44155,22.25405],[88.44146,22.25471],[88.44246,22.25533],[88.44169,22.2558],[88.44093,22.25564],[88.43935,22.25835],[88.43982,22.25845],[88.44158,22.25835],[88.44151,22.25719],[88.44309,22.25696],[88.44325,22.25762],[88.44558,22.25802],[88.4481,22.2543],[88.44989,22.25394],[88.44974,22.25499],[88.45037,22.25519],[88.45041,22.25025],[88.4514,22.25052],[88.45154,22.24964],[88.45306,22.24924],[88.45254,22.24858],[88.4537,22.24794],[88.45367,22.24756],[88.45217,22.24741],[88.45233,22.24526],[88.4533,22.24448],[88.45319,22.24275],[88.45437,22.24285],[88.454,22.23919],[88.45755,22.23758],[88.45624,22.23351],[88.4564,22.23225],[88.45492,22.23063],[88.4534,22.22723],[88.45284,22.22505],[88.4535,22.2249],[88.45331,22.22422],[88.45222,22.22387],[88.45355,22.22336],[88.45353,22.22229],[88.45305,22.22215],[88.45137,22.21847],[88.44991,22.21858],[88.44818,22.21688],[88.44307,22.21512],[88.44207,22.215],[88.44049,22.21562],[88.43942,22.21523],[88.43932,22.21486],[88.44028,22.2146]]]}},{"type":"Feature","bbox":[88.37561,22.1443,88.4159,22.193],"properties":{"kind":"gp","gp":"Dakshin Bishnupur","block":"Mandirbazar","lgd":108212},"geometry":{"type":"Polygon","coordinates":[[[88.40836,22.1574],[88.40894,22.1563],[88.40553,22.15186],[88.40427,22.14787],[88.4011,22.14753],[88.40211,22.14637],[88.40049,22.14574],[88.39993,22.14724],[88.39863,22.14729],[88.39838,22.14675],[88.39587,22.14597],[88.39614,22.14477],[88.39573,22.1443],[88.39035,22.14511],[88.38998,22.14464],[88.38823,22.14548],[88.38587,22.14686],[88.37804,22.15421],[88.37805,22.15702],[88.37942,22.1571],[88.38004,22.15644],[88.38079,22.15738],[88.38206,22.15727],[88.38255,22.15835],[88.38414,22.15851],[88.38554,22.15839],[88.38548,22.15768],[88.38637,22.15754],[88.38654,22.15849],[88.38732,22.15872],[88.38742,22.15992],[88.38652,22.16084],[88.38661,22.16208],[88.39003,22.16149],[88.39069,22.16303],[88.39166,22.16311],[88.39181,22.16506],[88.39057,22.16506],[88.39073,22.16559],[88.39157,22.1658],[88.39173,22.16696],[88.39276,22.1673],[88.39297,22.16951],[88.39456,22.17167],[88.39397,22.17228],[88.39445,22.17349],[88.39335,22.17258],[88.39281,22.17128],[88.39123,22.17177],[88.3917,22.17394],[88.38951,22.17466],[88.39068,22.17697],[88.39042,22.17742],[88.38954,22.17741],[88.38874,22.17593],[88.38701,22.17645],[88.38594,22.17517],[88.38541,22.17534],[88.38554,22.17594],[88.38477,22.17679],[88.38396,22.17712],[88.38291,22.17598],[88.38196,22.17631],[88.38141,22.17542],[88.38192,22.1748],[88.38168,22.17404],[88.38053,22.1724],[88.37825,22.17344],[88.37855,22.17592],[88.37755,22.17653],[88.37668,22.18],[88.37561,22.18199],[88.37595,22.18632],[88.37642,22.18732],[88.37995,22.1865],[88.3797,22.18721],[88.37798,22.18804],[88.38046,22.19242],[88.38125,22.193],[88.38574,22.19191],[88.3858,22.18876],[88.38688,22.18859],[88.38687,22.18819],[88.38891,22.18811],[88.38966,22.19056],[88.39026,22.19042],[88.39022,22.18932],[88.39284,22.18872],[88.39367,22.18749],[88.39427,22.18743],[88.39465,22.18818],[88.39564,22.18802],[88.3962,22.18854],[88.39725,22.18808],[88.39833,22.18865],[88.39963,22.18863],[88.40113,22.19062],[88.40393,22.18989],[88.40556,22.19028],[88.40674,22.1898],[88.40845,22.18714],[88.41097,22.18601],[88.40981,22.18446],[88.40958,22.18338],[88.40834,22.18336],[88.40776,22.18252],[88.40926,22.18223],[88.40916,22.18114],[88.4122,22.1801],[88.4119,22.17473],[88.40963,22.17297],[88.41039,22.17285],[88.41216,22.17401],[88.41304,22.17353],[88.41478,22.17369],[88.41499,22.17122],[88.4159,22.16999],[88.41042,22.16492],[88.40905,22.16275],[88.40715,22.15802],[88.40836,22.1574]]]}},{"type":"Feature","bbox":[88.29513,21.94058,88.36099,21.9986],"properties":{"kind":"gp","gp":"Dakshin Gangadharpur","block":"Mathurapur I","lgd":108251},"geometry":{"type":"Polygon","coordinates":[[[88.30156,21.95062],[88.30308,21.96193],[88.30507,21.96327],[88.30613,21.9647],[88.30632,21.97145],[88.30457,21.97827],[88.30316,21.98121],[88.29907,21.98554],[88.29605,21.9867],[88.29625,21.98802],[88.29513,21.9919],[88.29758,21.9986],[88.30638,21.99663],[88.30825,21.9969],[88.31519,21.99545],[88.31423,21.9939],[88.31398,21.98924],[88.31946,21.98697],[88.33969,21.98568],[88.34212,21.98586],[88.34412,21.98657],[88.34513,21.98771],[88.34536,21.98691],[88.3464,21.98654],[88.34724,21.98552],[88.34808,21.9834],[88.34784,21.98011],[88.35263,21.98203],[88.35668,21.98268],[88.35925,21.98111],[88.36058,21.97906],[88.36099,21.97773],[88.36066,21.97593],[88.35876,21.97362],[88.35581,21.97326],[88.3494,21.97472],[88.34844,21.97398],[88.34823,21.97181],[88.3501,21.97009],[88.35041,21.96703],[88.34981,21.96574],[88.34641,21.96323],[88.34604,21.96228],[88.34801,21.96152],[88.35417,21.96246],[88.35653,21.96106],[88.35709,21.95908],[88.35802,21.9539],[88.35754,21.95192],[88.35612,21.95016],[88.35419,21.94933],[88.35195,21.94855],[88.35197,21.95046],[88.34816,21.95612],[88.3461,21.95836],[88.34376,21.95872],[88.34284,21.9564],[88.34234,21.9562],[88.34136,21.95282],[88.33912,21.95145],[88.33743,21.95222],[88.33358,21.95764],[88.33112,21.95094],[88.33116,21.9483],[88.32866,21.94512],[88.3255,21.94345],[88.3242,21.94058],[88.32122,21.94179],[88.31787,21.94419],[88.31538,21.94427],[88.3031,21.94937],[88.30156,21.95062]]]}},{"type":"Feature","bbox":[88.26995,22.32731,88.30854,22.3649],"properties":{"kind":"gp","gp":"Dakshin Gauripur Chakdhir","block":"Bishnupur-I","lgd":108031},"geometry":{"type":"MultiPolygon","coordinates":[[[[88.28736,22.33074],[88.28565,22.32986],[88.28544,22.32918],[88.28463,22.32949],[88.28214,22.32912],[88.28047,22.32848],[88.27985,22.32731],[88.27877,22.32834],[88.27875,22.32974],[88.27804,22.33122],[88.27516,22.33234],[88.2717,22.33275],[88.27123,22.33243],[88.26995,22.33331],[88.27061,22.33391],[88.27023,22.33491],[88.2729,22.33783],[88.27542,22.33942],[88.27706,22.33968],[88.27813,22.3391],[88.27856,22.34145],[88.28317,22.34364],[88.28399,22.34803],[88.28557,22.34868],[88.28922,22.3483],[88.29277,22.35027],[88.29401,22.34815],[88.29723,22.34492],[88.29717,22.34307],[88.30005,22.33919],[88.29974,22.33898],[88.30317,22.33776],[88.30294,22.33745],[88.30626,22.33237],[88.30374,22.3314],[88.30253,22.32979],[88.30117,22.32901],[88.29877,22.33024],[88.29776,22.33016],[88.29696,22.32901],[88.29458,22.32941],[88.29386,22.32856],[88.2918,22.32951],[88.2909,22.32928],[88.29072,22.33051],[88.28949,22.33065],[88.28832,22.33178],[88.28736,22.33074]]],[[[88.30538,22.35901],[88.30823,22.35818],[88.30854,22.35672],[88.3071,22.35209],[88.30529,22.35131],[88.29989,22.35353],[88.29879,22.35366],[88.29705,22.35225],[88.29637,22.35238],[88.29506,22.35356],[88.29475,22.35492],[88.29355,22.35637],[88.29478,22.35982],[88.29539,22.36027],[88.29939,22.35959],[88.30015,22.35987],[88.30304,22.36279],[88.3031,22.3644],[88.30357,22.36477],[88.3046,22.3649],[88.30567,22.36416],[88.30645,22.36417],[88.30669,22.36354],[88.30538,22.35901]]]]}},{"type":"Feature","bbox":[88.32104,22.03627,88.37586,22.07075],"properties":{"kind":"gp","gp":"Dakshin Lakshminarayanpur","block":"Mathurapur I","lgd":108221},"geometry":{"type":"Polygon","coordinates":[[[88.3491,22.04137],[88.34688,22.04248],[88.34558,22.04229],[88.3443,22.04075],[88.3388,22.03992],[88.33752,22.03896],[88.33939,22.04238],[88.33795,22.04343],[88.33288,22.04548],[88.33228,22.04732],[88.32921,22.04859],[88.32833,22.04946],[88.32566,22.05021],[88.32504,22.05099],[88.32205,22.05096],[88.32194,22.05362],[88.32104,22.05441],[88.32196,22.05522],[88.32392,22.05622],[88.32481,22.05617],[88.3306,22.05473],[88.33142,22.05585],[88.33164,22.05825],[88.33062,22.06597],[88.33106,22.06942],[88.33176,22.07075],[88.33408,22.06745],[88.33841,22.06778],[88.34407,22.06601],[88.34581,22.06642],[88.34714,22.06591],[88.34816,22.06445],[88.34973,22.06369],[88.35261,22.06491],[88.35364,22.0648],[88.35745,22.06158],[88.36073,22.0602],[88.3621,22.06031],[88.36673,22.06325],[88.37114,22.0614],[88.37339,22.0613],[88.37516,22.06043],[88.37586,22.0578],[88.37569,22.05587],[88.37408,22.05012],[88.37332,22.04277],[88.37099,22.03713],[88.36729,22.03807],[88.36592,22.03627],[88.36085,22.03774],[88.36013,22.03872],[88.35876,22.03916],[88.35772,22.03868],[88.35328,22.03929],[88.3498,22.04053],[88.3491,22.04137]]]}},{"type":"Feature","bbox":[88.34513,21.95415,88.41006,22.00164],"properties":{"kind":"gp","gp":"Dakshin Raipur","block":"Pathar Pratima","lgd":108252},"geometry":{"type":"Polygon","coordinates":[[[88.38733,21.97137],[88.37848,21.96902],[88.37714,21.96748],[88.37752,21.96417],[88.37887,21.96219],[88.38522,21.95789],[88.38068,21.95443],[88.37641,21.95415],[88.37496,21.95475],[88.36854,21.96119],[88.36545,21.9636],[88.36341,21.96433],[88.35974,21.96453],[88.35555,21.96179],[88.35313,21.96255],[88.34683,21.96165],[88.34604,21.96228],[88.34641,21.96323],[88.34981,21.96574],[88.35041,21.96703],[88.3501,21.97009],[88.34823,21.97181],[88.34844,21.97398],[88.3494,21.97472],[88.35727,21.97315],[88.35876,21.97362],[88.3599,21.97481],[88.36066,21.97593],[88.36099,21.97773],[88.36004,21.98028],[88.35668,21.98268],[88.35263,21.98203],[88.34784,21.98011],[88.34808,21.9834],[88.34724,21.98552],[88.3464,21.98654],[88.34536,21.98691],[88.34513,21.98771],[88.34555,21.98891],[88.34697,21.98985],[88.35317,21.99017],[88.35587,21.99287],[88.35791,21.99682],[88.36153,22.00005],[88.36263,21.99973],[88.36243,21.9891],[88.36282,21.9858],[88.36351,21.98393],[88.36583,21.98389],[88.36833,21.98461],[88.37067,21.98741],[88.37549,21.9905],[88.37845,21.99151],[88.38225,21.99144],[88.38494,21.99277],[88.39789,22.00164],[88.39997,22.00142],[88.40305,21.99869],[88.41006,21.9905],[88.40982,21.98737],[88.39861,21.97611],[88.38733,21.97137]]]}},{"type":"Feature","bbox":[88.57033,22.28002,88.61579,22.33212],"properties":{"kind":"gp","gp":"Daria","block":"Canning-I","lgd":108068},"geometry":{"type":"Polygon","coordinates":[[[88.61026,22.29236],[88.60895,22.28788],[88.60476,22.28371],[88.60392,22.28227],[88.60474,22.28007],[88.59878,22.28002],[88.59506,22.28196],[88.58833,22.28397],[88.58497,22.28441],[88.58431,22.28339],[88.58448,22.28286],[88.58146,22.2829],[88.58017,22.28317],[88.57904,22.28412],[88.57771,22.28658],[88.57867,22.28916],[88.57559,22.29176],[88.5765,22.29586],[88.57563,22.29708],[88.57458,22.29725],[88.57392,22.2984],[88.57203,22.29975],[88.57179,22.30137],[88.5721,22.30233],[88.57605,22.30584],[88.57656,22.30741],[88.57604,22.30863],[88.5709,22.31042],[88.57033,22.31309],[88.57354,22.32317],[88.57373,22.32428],[88.57305,22.32568],[88.57514,22.3279],[88.57747,22.33212],[88.58087,22.33137],[88.58465,22.3321],[88.58887,22.33041],[88.59075,22.33163],[88.59147,22.3313],[88.59247,22.33197],[88.59439,22.33082],[88.59357,22.32973],[88.59499,22.32909],[88.59682,22.32941],[88.59692,22.32854],[88.5984,22.3263],[88.60149,22.32432],[88.60248,22.32433],[88.60664,22.32671],[88.61245,22.3248],[88.61579,22.323],[88.61495,22.32214],[88.61107,22.3204],[88.60987,22.31814],[88.60766,22.3166],[88.60746,22.31728],[88.60635,22.31733],[88.60496,22.31687],[88.60435,22.3158],[88.60361,22.30973],[88.60513,22.30894],[88.60765,22.30917],[88.61062,22.30537],[88.60815,22.30274],[88.60769,22.30138],[88.60765,22.30079],[88.60962,22.29783],[88.60934,22.2951],[88.61026,22.29236]]]}},{"type":"Feature","bbox":[88.18238,22.28535,88.23293,22.33372],"properties":{"kind":"gp","gp":"Debipur","block":"Falta","lgd":108107},"geometry":{"type":"Polygon","coordinates":[[[88.18661,22.29696],[88.18915,22.29761],[88.19178,22.29721],[88.19196,22.30012],[88.1931,22.30141],[88.19041,22.30201],[88.18883,22.30082],[88.18765,22.30065],[88.18477,22.30265],[88.18295,22.30295],[88.18277,22.3041],[88.18396,22.30381],[88.18395,22.30421],[88.18275,22.30487],[88.18238,22.3064],[88.18333,22.30676],[88.185,22.30621],[88.18539,22.31061],[88.18656,22.31284],[88.18308,22.31407],[88.18287,22.31589],[88.18342,22.31837],[88.19031,22.31856],[88.19024,22.32524],[88.19234,22.326],[88.19342,22.32543],[88.19586,22.32706],[88.19744,22.32727],[88.19849,22.327],[88.19842,22.32655],[88.19915,22.32705],[88.19978,22.3266],[88.19998,22.3297],[88.20167,22.33133],[88.20381,22.32974],[88.21106,22.33037],[88.2117,22.3314],[88.21157,22.33372],[88.21338,22.33367],[88.21347,22.33236],[88.21421,22.33227],[88.21386,22.33115],[88.21209,22.33004],[88.21216,22.32697],[88.21281,22.32651],[88.21257,22.3258],[88.21116,22.32493],[88.21257,22.32424],[88.21161,22.3209],[88.20945,22.32159],[88.20879,22.31945],[88.21019,22.31798],[88.20941,22.31675],[88.20942,22.31544],[88.21079,22.31558],[88.21083,22.31484],[88.21159,22.31481],[88.21288,22.31562],[88.21385,22.31562],[88.2141,22.31624],[88.21538,22.31569],[88.21512,22.31477],[88.21428,22.31446],[88.21396,22.31273],[88.21584,22.31079],[88.21711,22.31201],[88.21734,22.31345],[88.22078,22.3152],[88.22347,22.31462],[88.22383,22.31525],[88.22442,22.3153],[88.22411,22.31455],[88.22452,22.31411],[88.22929,22.31281],[88.22955,22.3114],[88.23022,22.31074],[88.23096,22.31083],[88.23115,22.31205],[88.23293,22.31182],[88.23241,22.30961],[88.22737,22.30915],[88.22674,22.30574],[88.22242,22.30236],[88.22311,22.30141],[88.22264,22.30101],[88.22295,22.30028],[88.22213,22.29902],[88.22148,22.29908],[88.22099,22.29792],[88.22028,22.29242],[88.2206,22.2918],[88.21926,22.29129],[88.21784,22.29162],[88.21661,22.29119],[88.21558,22.29164],[88.21359,22.29123],[88.21309,22.2898],[88.21101,22.2896],[88.21086,22.29075],[88.21182,22.29227],[88.21008,22.29258],[88.20916,22.29356],[88.20743,22.2942],[88.19981,22.29508],[88.19806,22.29107],[88.19672,22.29118],[88.19686,22.28936],[88.19622,22.288],[88.19734,22.28788],[88.19659,22.2867],[88.19559,22.28693],[88.19518,22.28565],[88.19457,22.28625],[88.19373,22.28535],[88.19287,22.28599],[88.19065,22.28614],[88.19083,22.28655],[88.18942,22.28669],[88.18729,22.28788],[88.18697,22.28996],[88.18526,22.29196],[88.18579,22.29319],[88.18529,22.29381],[88.18551,22.29515],[88.18661,22.29696]]]}},{"type":"Feature","bbox":[88.38117,22.11706,88.57867,22.30343],"properties":{"kind":"gp","gp":"Debipur","block":"Mathurapur I","lgd":108222},"geometry":{"type":"MultiPolygon","coordinates":[[[[88.38778,22.13424],[88.38706,22.13338],[88.38588,22.13334],[88.3849,22.1326],[88.38425,22.13304],[88.38371,22.13283],[88.38332,22.1333],[88.38411,22.13544],[88.38348,22.13605],[88.38279,22.1359],[88.3833,22.13786],[88.3824,22.13947],[88.38246,22.1403],[88.38195,22.14058],[88.38197,22.14147],[88.38117,22.14232],[88.38255,22.14341],[88.38376,22.1432],[88.38701,22.1456],[88.38998,22.14464],[88.39035,22.14511],[88.39573,22.1443],[88.39614,22.14477],[88.39587,22.14597],[88.39838,22.14675],[88.39863,22.14729],[88.39993,22.14724],[88.40049,22.14574],[88.40211,22.14637],[88.4011,22.14753],[88.41379,22.14836],[88.41313,22.14675],[88.4117,22.14553],[88.41308,22.1451],[88.41238,22.14157],[88.41335,22.13977],[88.41423,22.1398],[88.41412,22.14174],[88.41532,22.14271],[88.41507,22.14316],[88.41603,22.14302],[88.41983,22.13954],[88.42146,22.13922],[88.42187,22.13828],[88.42373,22.13803],[88.42376,22.13629],[88.42281,22.13623],[88.42217,22.13711],[88.42081,22.13691],[88.42047,22.13753],[88.41941,22.13615],[88.41967,22.13554],[88.41907,22.13535],[88.41657,22.13598],[88.41619,22.13692],[88.41501,22.13582],[88.4161,22.13503],[88.416,22.13444],[88.41801,22.13329],[88.4182,22.13268],[88.41878,22.13254],[88.41898,22.13337],[88.41976,22.13292],[88.42038,22.13332],[88.42078,22.13273],[88.42048,22.13182],[88.41962,22.13113],[88.42061,22.13113],[88.4209,22.12923],[88.42268,22.12821],[88.42263,22.12786],[88.42068,22.12761],[88.42061,22.12686],[88.41826,22.1254],[88.41828,22.12385],[88.41903,22.1237],[88.41883,22.12327],[88.41943,22.12228],[88.41932,22.12087],[88.41562,22.12107],[88.41363,22.11706],[88.41288,22.11724],[88.41281,22.11885],[88.4108,22.11804],[88.41028,22.11858],[88.41101,22.11911],[88.41121,22.11995],[88.41004,22.12176],[88.40835,22.12191],[88.4082,22.1227],[88.40761,22.12223],[88.40603,22.1227],[88.40505,22.12197],[88.40435,22.12244],[88.4037,22.12199],[88.40269,22.12215],[88.40235,22.12283],[88.40158,22.12265],[88.40033,22.11962],[88.39899,22.12002],[88.39859,22.12072],[88.39747,22.12056],[88.39725,22.12301],[88.39546,22.12393],[88.39516,22.12608],[88.39408,22.12712],[88.39334,22.12967],[88.39231,22.13036],[88.39268,22.13124],[88.38778,22.13424]]],[[[88.568,22.28772],[88.5673,22.28671],[88.56078,22.28826],[88.56265,22.29261],[88.5637,22.29357],[88.56437,22.29507],[88.56441,22.29736],[88.56729,22.30125],[88.56967,22.30084],[88.57322,22.30343],[88.57179,22.30137],[88.57203,22.29975],[88.57392,22.2984],[88.57458,22.29725],[88.57563,22.29708],[88.5765,22.29586],[88.57559,22.29176],[88.57867,22.28916],[88.57771,22.28658],[88.57646,22.28629],[88.57613,22.287],[88.57077,22.28802],[88.568,22.28772]]]]}},{"type":"Feature","bbox":[88.2268,22.22775,88.269,22.25765],"properties":{"kind":"gp","gp":"Derak","block":"Diamond Harbour-I","lgd":108088},"geometry":{"type":"Polygon","coordinates":[[[88.22692,22.2412],[88.22863,22.24141],[88.23083,22.24073],[88.23217,22.24329],[88.23272,22.24371],[88.23349,22.24337],[88.234,22.24452],[88.2368,22.24264],[88.23871,22.24569],[88.23897,22.24766],[88.24011,22.24747],[88.24081,22.24603],[88.2419,22.24733],[88.24413,22.2485],[88.24546,22.25132],[88.24589,22.25125],[88.2467,22.2524],[88.25127,22.2534],[88.25311,22.25266],[88.25407,22.25653],[88.25561,22.25765],[88.25738,22.25759],[88.25834,22.25693],[88.26138,22.25678],[88.26044,22.25545],[88.26036,22.25412],[88.26154,22.25406],[88.26223,22.25529],[88.26417,22.25438],[88.2646,22.25539],[88.2653,22.25553],[88.26707,22.253],[88.26679,22.25244],[88.26859,22.25231],[88.269,22.25145],[88.26846,22.25119],[88.26808,22.24919],[88.26877,22.24773],[88.26816,22.24704],[88.26851,22.24656],[88.26733,22.24519],[88.26829,22.2423],[88.26844,22.24018],[88.26748,22.23916],[88.26569,22.23891],[88.26446,22.23768],[88.26346,22.23805],[88.26278,22.23765],[88.26346,22.2366],[88.26292,22.23336],[88.26147,22.23269],[88.25941,22.23298],[88.25891,22.2315],[88.25843,22.23171],[88.2584,22.23384],[88.25791,22.23387],[88.25705,22.23229],[88.25579,22.23231],[88.25541,22.2319],[88.25375,22.2328],[88.25269,22.23204],[88.25023,22.23167],[88.24979,22.23017],[88.24753,22.23006],[88.24765,22.2311],[88.24679,22.23088],[88.24693,22.23162],[88.24633,22.23211],[88.24569,22.23062],[88.24649,22.23073],[88.24711,22.22986],[88.24691,22.22925],[88.24607,22.2294],[88.24611,22.22993],[88.24464,22.23047],[88.24546,22.23267],[88.24294,22.23349],[88.24451,22.23699],[88.2428,22.23727],[88.24021,22.23658],[88.24026,22.23695],[88.2394,22.23718],[88.23822,22.23495],[88.23685,22.23448],[88.2362,22.23107],[88.23639,22.22936],[88.23593,22.22866],[88.23509,22.22882],[88.2345,22.228],[88.23363,22.22775],[88.23277,22.22797],[88.23327,22.23029],[88.23257,22.23046],[88.23131,22.23042],[88.23121,22.22969],[88.22981,22.22969],[88.22945,22.22923],[88.22758,22.22953],[88.22777,22.23263],[88.2268,22.2373],[88.22692,22.2412]]]}},{"type":"Feature","bbox":[88.54727,21.98868,88.61597,22.06554],"properties":{"kind":"gp","gp":"Deulbari Debipur","block":"Kultali","lgd":108176},"geometry":{"type":"Polygon","coordinates":[[[88.60897,22.00386],[88.60277,21.99758],[88.59958,21.99207],[88.59659,21.99073],[88.59579,21.98924],[88.59482,21.98868],[88.58851,21.99075],[88.58607,21.9902],[88.58513,21.99059],[88.58364,21.99393],[88.57963,21.99821],[88.57975,21.99896],[88.58116,22.00004],[88.57794,21.99866],[88.57718,21.99875],[88.57544,22.00004],[88.57124,22.00044],[88.56283,22.0037],[88.56018,22.0043],[88.55912,22.00537],[88.55502,22.00687],[88.54838,22.0082],[88.5499,22.01812],[88.55135,22.03636],[88.55382,22.04278],[88.55384,22.04428],[88.55312,22.0474],[88.54883,22.0518],[88.54727,22.05459],[88.54804,22.05505],[88.55099,22.05506],[88.55189,22.05573],[88.55895,22.05678],[88.56048,22.05892],[88.56316,22.06554],[88.56877,22.06136],[88.57033,22.05732],[88.57508,22.0552],[88.57587,22.05348],[88.57547,22.05101],[88.57599,22.05061],[88.57537,22.04821],[88.57574,22.04737],[88.58063,22.04623],[88.58514,22.04448],[88.58767,22.04334],[88.58711,22.04216],[88.58833,22.04169],[88.59492,22.04217],[88.59825,22.03844],[88.60097,22.03842],[88.60358,22.03379],[88.60387,22.03232],[88.60311,22.02712],[88.6034,22.02515],[88.60405,22.02448],[88.60971,22.02268],[88.60865,22.02003],[88.61293,22.0172],[88.61493,22.01483],[88.6157,22.01198],[88.61597,22.00806],[88.60897,22.00386]]]}},{"type":"Feature","bbox":[88.63734,22.41965,88.70431,22.49589],"properties":{"kind":"gp","gp":"Deuli-I","block":"Canning-II","lgd":108078},"geometry":{"type":"Polygon","coordinates":[[[88.68651,22.45311],[88.68778,22.44733],[88.684,22.44319],[88.68349,22.43788],[88.68116,22.43477],[88.68094,22.43306],[88.68705,22.42491],[88.68923,22.42373],[88.68817,22.42223],[88.6847,22.41965],[88.68498,22.4226],[88.67943,22.42365],[88.67827,22.42452],[88.67785,22.42818],[88.67451,22.43209],[88.67401,22.43207],[88.6732,22.43343],[88.66944,22.43353],[88.67204,22.44479],[88.66353,22.44374],[88.66285,22.44403],[88.66398,22.44588],[88.6634,22.44686],[88.6606,22.44476],[88.65995,22.44476],[88.65885,22.44693],[88.65777,22.44759],[88.65778,22.44882],[88.65871,22.4497],[88.66046,22.45003],[88.66175,22.45095],[88.66124,22.45172],[88.65827,22.45177],[88.65556,22.45459],[88.64889,22.45646],[88.64768,22.45839],[88.64585,22.45942],[88.64504,22.46076],[88.64327,22.46222],[88.64125,22.46296],[88.63918,22.46261],[88.6383,22.46522],[88.63966,22.4664],[88.64112,22.46675],[88.64127,22.46841],[88.63744,22.47663],[88.63794,22.48003],[88.63734,22.48253],[88.63749,22.48395],[88.63953,22.48534],[88.64497,22.48571],[88.64577,22.48645],[88.64657,22.48877],[88.64802,22.48985],[88.64868,22.49175],[88.65273,22.49588],[88.65371,22.49589],[88.65689,22.49453],[88.66069,22.49501],[88.66206,22.49453],[88.66411,22.4929],[88.66578,22.49274],[88.66554,22.491],[88.66878,22.48933],[88.67569,22.48443],[88.67623,22.48354],[88.67567,22.48272],[88.67587,22.48135],[88.67741,22.47975],[88.67988,22.47867],[88.6856,22.47387],[88.68589,22.47221],[88.68519,22.47181],[88.68687,22.46684],[88.69208,22.46285],[88.69369,22.46218],[88.69956,22.46102],[88.70431,22.46082],[88.70317,22.45881],[88.70102,22.45771],[88.69664,22.45806],[88.68993,22.45576],[88.68931,22.45603],[88.68773,22.45854],[88.68685,22.45821],[88.68783,22.45691],[88.68738,22.45583],[88.6857,22.45422],[88.68651,22.45311]]]}},{"type":"Feature","bbox":[88.6789,22.3927,88.73167,22.45881],"properties":{"kind":"gp","gp":"Deuli-Ii","block":"Canning-II","lgd":108079},"geometry":{"type":"Polygon","coordinates":[[[88.69071,22.39558],[88.68667,22.39492],[88.68569,22.39529],[88.68411,22.39713],[88.682,22.40272],[88.67927,22.4057],[88.6789,22.41334],[88.67937,22.41528],[88.68817,22.42223],[88.68923,22.42373],[88.68705,22.42491],[88.68404,22.42943],[88.68168,22.43178],[88.68094,22.43306],[88.68116,22.43477],[88.68349,22.43788],[88.68386,22.43921],[88.68356,22.44096],[88.68424,22.44365],[88.68778,22.44733],[88.68651,22.45311],[88.6857,22.45422],[88.68738,22.45583],[88.68783,22.45691],[88.68685,22.45821],[88.68773,22.45854],[88.68931,22.45603],[88.68993,22.45576],[88.69664,22.45806],[88.70102,22.45771],[88.70317,22.45881],[88.70664,22.45684],[88.7078,22.45409],[88.70807,22.45141],[88.7076,22.44941],[88.70648,22.44797],[88.70617,22.4482],[88.70319,22.44572],[88.7023,22.4432],[88.70225,22.44131],[88.70325,22.43881],[88.70313,22.4364],[88.70375,22.43611],[88.70384,22.43373],[88.70618,22.43248],[88.70815,22.43227],[88.71138,22.43002],[88.71363,22.42997],[88.71547,22.42761],[88.71627,22.42726],[88.71686,22.42773],[88.72221,22.42763],[88.72389,22.42619],[88.72646,22.42542],[88.72942,22.42364],[88.72997,22.42395],[88.73167,22.42087],[88.72862,22.41896],[88.72736,22.41877],[88.7258,22.41896],[88.72388,22.42053],[88.72188,22.42045],[88.72231,22.41766],[88.72119,22.41629],[88.72013,22.41599],[88.71943,22.41666],[88.71917,22.4181],[88.7181,22.4181],[88.71668,22.41709],[88.71497,22.41711],[88.713,22.4159],[88.71427,22.41301],[88.71766,22.41209],[88.71829,22.41132],[88.71879,22.40805],[88.71853,22.40641],[88.7173,22.40555],[88.71506,22.4078],[88.71287,22.40922],[88.71176,22.40965],[88.71021,22.4094],[88.70951,22.40842],[88.71146,22.40594],[88.71177,22.40482],[88.7112,22.40326],[88.7099,22.40188],[88.70901,22.4013],[88.70457,22.40222],[88.70379,22.40167],[88.70364,22.39946],[88.70125,22.39678],[88.6992,22.39543],[88.69847,22.39398],[88.6955,22.3927],[88.69454,22.39381],[88.69071,22.39558]]]}},{"type":"Feature","bbox":[88.08234,21.6254,88.15333,21.69008],"properties":{"kind":"gp","gp":"Dhablat","block":"Sagar","lgd":108263},"geometry":{"type":"Polygon","coordinates":[[[88.13674,21.62908],[88.13388,21.62762],[88.13242,21.62764],[88.12928,21.62884],[88.12611,21.62902],[88.12454,21.62751],[88.12453,21.62649],[88.1239,21.62573],[88.11868,21.6254],[88.115,21.62559],[88.11225,21.62732],[88.09333,21.62986],[88.09051,21.63088],[88.09035,21.63162],[88.09095,21.6331],[88.09074,21.63529],[88.09174,21.63804],[88.09144,21.6387],[88.08834,21.63791],[88.09099,21.64511],[88.09106,21.65084],[88.08897,21.65826],[88.0837,21.66632],[88.08234,21.66972],[88.08408,21.66992],[88.08573,21.67149],[88.08762,21.67444],[88.08701,21.67541],[88.08744,21.67881],[88.08858,21.68123],[88.0906,21.6833],[88.09243,21.68424],[88.09305,21.68552],[88.097,21.68835],[88.09974,21.68955],[88.1012,21.68979],[88.10626,21.6892],[88.1092,21.69008],[88.12605,21.68147],[88.12927,21.68341],[88.12987,21.68234],[88.13659,21.68161],[88.13961,21.68191],[88.15281,21.68513],[88.15333,21.68376],[88.15324,21.68196],[88.14891,21.68009],[88.14495,21.67964],[88.13961,21.6798],[88.13443,21.679],[88.13412,21.67783],[88.13473,21.67649],[88.13733,21.67628],[88.14108,21.67461],[88.14137,21.67144],[88.14179,21.6707],[88.14331,21.66996],[88.14355,21.66756],[88.14322,21.66666],[88.14227,21.66648],[88.14213,21.66347],[88.14232,21.66298],[88.14384,21.66265],[88.1441,21.66217],[88.14354,21.64901],[88.14462,21.64861],[88.14511,21.64696],[88.14554,21.64156],[88.14508,21.63898],[88.14261,21.63908],[88.14227,21.63577],[88.14058,21.63235],[88.13863,21.63078],[88.13712,21.63039],[88.13674,21.62908]]]}},{"type":"Feature","bbox":[88.35243,22.27062,88.39906,22.31054],"properties":{"kind":"gp","gp":"Dhamua Dakshin","block":"Magra Hat-II","lgd":108197},"geometry":{"type":"Polygon","coordinates":[[[88.35861,22.27679],[88.35826,22.27778],[88.35844,22.27901],[88.35909,22.27935],[88.35943,22.28051],[88.35727,22.28093],[88.35707,22.28205],[88.3566,22.28225],[88.35752,22.28801],[88.3579,22.28802],[88.35799,22.28943],[88.35736,22.2895],[88.35827,22.29252],[88.35735,22.29275],[88.35854,22.29563],[88.35749,22.29607],[88.35699,22.29558],[88.35625,22.29591],[88.35594,22.29961],[88.35296,22.29987],[88.35243,22.30043],[88.35601,22.30186],[88.35625,22.3031],[88.35787,22.30319],[88.35804,22.30357],[88.3611,22.30347],[88.36135,22.30512],[88.36077,22.30593],[88.36178,22.30593],[88.36192,22.30632],[88.36278,22.30632],[88.36419,22.305],[88.36455,22.3039],[88.36648,22.30319],[88.36675,22.30391],[88.36737,22.30382],[88.36671,22.30592],[88.36682,22.30717],[88.36939,22.30839],[88.3692,22.30965],[88.37056,22.31054],[88.37219,22.3101],[88.37207,22.30866],[88.37319,22.30846],[88.37328,22.30782],[88.37504,22.30744],[88.37629,22.30753],[88.37636,22.30912],[88.3771,22.30954],[88.37835,22.3092],[88.37976,22.30735],[88.38106,22.30723],[88.38097,22.30639],[88.38043,22.3065],[88.38004,22.30564],[88.38065,22.3055],[88.38104,22.30401],[88.38616,22.30435],[88.38613,22.3036],[88.38902,22.30256],[88.38918,22.30348],[88.39041,22.30351],[88.39072,22.3047],[88.39273,22.30416],[88.39419,22.30139],[88.3945,22.29886],[88.3936,22.2966],[88.39453,22.29618],[88.39461,22.29555],[88.39535,22.29558],[88.39472,22.2938],[88.3955,22.29349],[88.39552,22.29291],[88.39671,22.29282],[88.39662,22.29188],[88.39874,22.28969],[88.39906,22.28788],[88.39691,22.2872],[88.39685,22.28602],[88.39613,22.28606],[88.39522,22.2843],[88.39461,22.28452],[88.39421,22.28388],[88.39285,22.28445],[88.39222,22.28314],[88.39313,22.28299],[88.39252,22.28082],[88.38928,22.2818],[88.38733,22.28145],[88.38713,22.28197],[88.38533,22.28276],[88.38522,22.28195],[88.38475,22.28192],[88.38441,22.28288],[88.38272,22.28287],[88.38269,22.28194],[88.38015,22.28166],[88.3772,22.28219],[88.37618,22.2794],[88.37934,22.27804],[88.38009,22.27859],[88.38068,22.27825],[88.38084,22.27677],[88.38154,22.27595],[88.3803,22.27588],[88.37979,22.27524],[88.37846,22.27572],[88.37745,22.27341],[88.37799,22.27254],[88.38067,22.27281],[88.38074,22.27122],[88.3786,22.27133],[88.37789,22.27219],[88.37685,22.27208],[88.37623,22.27106],[88.37451,22.27062],[88.37414,22.27115],[88.36986,22.2716],[88.37133,22.27391],[88.36874,22.276],[88.36915,22.27685],[88.36887,22.27939],[88.3672,22.27913],[88.36629,22.27748],[88.36011,22.27661],[88.35861,22.27679]]]}},{"type":"Feature","bbox":[88.35668,22.30256,88.39482,22.32921],"properties":{"kind":"gp","gp":"Dhamua Uttar","block":"Magra Hat-II","lgd":108198},"geometry":{"type":"Polygon","coordinates":[[[88.39199,22.30747],[88.39482,22.30582],[88.39427,22.3051],[88.39284,22.30564],[88.39175,22.30518],[88.39166,22.30472],[88.39072,22.3047],[88.39041,22.30351],[88.38918,22.30348],[88.38902,22.30256],[88.38613,22.3036],[88.38616,22.30435],[88.38104,22.30401],[88.38065,22.3055],[88.38004,22.30564],[88.38043,22.3065],[88.38097,22.30639],[88.38106,22.30723],[88.37976,22.30735],[88.37835,22.3092],[88.3771,22.30954],[88.37636,22.30912],[88.37629,22.30753],[88.37504,22.30744],[88.37328,22.30782],[88.37319,22.30846],[88.37207,22.30866],[88.37219,22.3101],[88.37056,22.31054],[88.3692,22.30965],[88.36939,22.30839],[88.36682,22.30717],[88.36671,22.30592],[88.36737,22.30382],[88.36675,22.30391],[88.36648,22.30319],[88.36455,22.3039],[88.36419,22.305],[88.36278,22.30632],[88.36077,22.30593],[88.36054,22.30655],[88.35905,22.30657],[88.35908,22.30794],[88.36007,22.30894],[88.35841,22.30897],[88.35668,22.31329],[88.35703,22.31506],[88.35675,22.31689],[88.36027,22.31638],[88.36059,22.31728],[88.36112,22.31734],[88.36293,22.31673],[88.36453,22.31842],[88.36361,22.32167],[88.36253,22.32327],[88.36063,22.32386],[88.36036,22.32678],[88.36261,22.32793],[88.36356,22.3279],[88.36476,22.32666],[88.36604,22.32631],[88.37269,22.3278],[88.37485,22.32722],[88.37622,22.32841],[88.37936,22.32778],[88.38269,22.32921],[88.38324,22.32795],[88.38407,22.32778],[88.38397,22.32542],[88.38434,22.32513],[88.38355,22.32344],[88.38589,22.32253],[88.3865,22.32075],[88.38727,22.32054],[88.38667,22.31837],[88.38865,22.31698],[88.38924,22.31611],[88.38918,22.3151],[88.39036,22.31425],[88.39053,22.31266],[88.39123,22.31225],[88.39134,22.31084],[88.39177,22.3107],[88.39177,22.30922],[88.3923,22.30902],[88.39199,22.30747]]]}},{"type":"Feature","bbox":[88.36237,22.18257,88.41934,22.22279],"properties":{"kind":"gp","gp":"Dhanpota","block":"Magra Hat-II","lgd":108199},"geometry":{"type":"Polygon","coordinates":[[[88.39427,22.18743],[88.39367,22.18749],[88.39284,22.18872],[88.39022,22.18932],[88.39026,22.19042],[88.38966,22.19056],[88.38891,22.18811],[88.38687,22.18819],[88.38688,22.18859],[88.3858,22.18876],[88.38574,22.19191],[88.38125,22.193],[88.37905,22.19051],[88.37892,22.18922],[88.37798,22.18804],[88.3797,22.18721],[88.37995,22.1865],[88.37642,22.18732],[88.37595,22.18632],[88.37449,22.18634],[88.37396,22.18359],[88.37314,22.18292],[88.37189,22.18257],[88.37105,22.18304],[88.37119,22.18427],[88.36993,22.18438],[88.36995,22.18691],[88.36891,22.18665],[88.36973,22.18825],[88.37034,22.19182],[88.37137,22.19199],[88.37153,22.19412],[88.36998,22.19576],[88.37032,22.19945],[88.36993,22.20023],[88.37178,22.2087],[88.36817,22.20784],[88.36584,22.21018],[88.36608,22.21073],[88.36706,22.2107],[88.36692,22.21217],[88.36769,22.21254],[88.36772,22.2132],[88.36623,22.21344],[88.36379,22.21288],[88.36342,22.21376],[88.36358,22.21747],[88.36237,22.21712],[88.36239,22.21775],[88.36391,22.21895],[88.36437,22.2226],[88.36678,22.22232],[88.36706,22.22186],[88.36971,22.22129],[88.37002,22.22208],[88.37062,22.22197],[88.37167,22.22279],[88.37258,22.22275],[88.37299,22.2221],[88.37394,22.22185],[88.37421,22.22274],[88.3754,22.22259],[88.37342,22.21886],[88.37366,22.21692],[88.38268,22.21159],[88.38476,22.21075],[88.38592,22.21093],[88.38648,22.21013],[88.39014,22.20915],[88.38986,22.20731],[88.39083,22.20662],[88.38953,22.20464],[88.39285,22.20187],[88.39262,22.20064],[88.39303,22.20021],[88.39384,22.20048],[88.39872,22.19806],[88.40076,22.20001],[88.40207,22.20016],[88.40743,22.19845],[88.40777,22.19932],[88.40985,22.1986],[88.41183,22.19953],[88.41206,22.20021],[88.41339,22.20018],[88.41357,22.20078],[88.41232,22.20096],[88.41232,22.20312],[88.41345,22.20403],[88.41361,22.20492],[88.41521,22.2051],[88.41561,22.20374],[88.41625,22.20354],[88.4164,22.20213],[88.41521,22.20117],[88.41504,22.19736],[88.41448,22.19712],[88.41427,22.19578],[88.41737,22.19519],[88.41768,22.19465],[88.41702,22.19337],[88.41829,22.193],[88.41825,22.1917],[88.41934,22.19163],[88.41883,22.19067],[88.4173,22.19116],[88.41687,22.19018],[88.41256,22.19089],[88.41293,22.18988],[88.4138,22.18988],[88.41388,22.18835],[88.41174,22.18744],[88.41097,22.18601],[88.40845,22.18714],[88.40674,22.1898],[88.40556,22.19028],[88.40393,22.18989],[88.40113,22.19062],[88.39963,22.18863],[88.39833,22.18865],[88.39725,22.18808],[88.3962,22.18854],[88.39564,22.18802],[88.39465,22.18818],[88.39427,22.18743]]]}},{"type":"Feature","bbox":[88.27995,22.10126,88.32376,22.16598],"properties":{"kind":"gp","gp":"Dhanurhat","block":"Mandirbazar","lgd":108213},"geometry":{"type":"Polygon","coordinates":[[[88.29423,22.10911],[88.29161,22.10887],[88.29359,22.10805],[88.29255,22.10621],[88.29203,22.10304],[88.29325,22.10271],[88.29316,22.10163],[88.29171,22.10136],[88.29113,22.1021],[88.28912,22.10214],[88.2887,22.10293],[88.28802,22.10287],[88.28719,22.10126],[88.28579,22.1016],[88.28582,22.10216],[88.28208,22.10321],[88.28223,22.1081],[88.28339,22.11245],[88.27995,22.11343],[88.28072,22.11746],[88.28066,22.11982],[88.28498,22.12687],[88.2861,22.12741],[88.28549,22.12811],[88.28489,22.1278],[88.28346,22.12814],[88.28336,22.12876],[88.2843,22.12865],[88.28447,22.13027],[88.28384,22.13056],[88.28422,22.13117],[88.28549,22.13163],[88.28531,22.13351],[88.28429,22.13398],[88.28475,22.13496],[88.28449,22.13542],[88.2859,22.13556],[88.28605,22.13616],[88.28519,22.13671],[88.28498,22.13749],[88.2856,22.13754],[88.28563,22.13896],[88.2847,22.13898],[88.28518,22.13967],[88.28413,22.14033],[88.28549,22.14222],[88.28637,22.14191],[88.28712,22.14232],[88.28763,22.14339],[88.28749,22.14609],[88.28694,22.14625],[88.2872,22.14757],[88.28671,22.14787],[88.28706,22.1502],[88.2889,22.15253],[88.28921,22.1541],[88.28906,22.15556],[88.28835,22.15557],[88.28842,22.15623],[88.28783,22.15674],[88.28892,22.15805],[88.28922,22.15931],[88.28875,22.16125],[88.29071,22.16552],[88.29097,22.1648],[88.29186,22.16499],[88.29252,22.16414],[88.29347,22.1649],[88.29545,22.1649],[88.29544,22.16406],[88.29666,22.16418],[88.29807,22.16598],[88.30108,22.16535],[88.30041,22.16267],[88.30305,22.16156],[88.30333,22.16322],[88.3052,22.16318],[88.30557,22.16365],[88.31082,22.16267],[88.31113,22.16413],[88.3131,22.16394],[88.31263,22.16222],[88.3149,22.16181],[88.31683,22.16388],[88.31751,22.16277],[88.31812,22.16308],[88.31895,22.16205],[88.32051,22.16203],[88.32376,22.15711],[88.32167,22.15687],[88.32106,22.15839],[88.32034,22.15835],[88.3193,22.15721],[88.31524,22.15681],[88.31468,22.15631],[88.31383,22.15372],[88.3101,22.15457],[88.30978,22.1559],[88.3082,22.15551],[88.30826,22.15337],[88.30686,22.15294],[88.30773,22.15081],[88.3058,22.14838],[88.3044,22.14815],[88.30423,22.14738],[88.30259,22.14698],[88.30219,22.14535],[88.30284,22.14501],[88.30152,22.14446],[88.30151,22.14535],[88.29816,22.14483],[88.29773,22.1425],[88.29723,22.14252],[88.29713,22.14323],[88.29651,22.14324],[88.29569,22.14125],[88.29485,22.14043],[88.29579,22.13961],[88.29556,22.13882],[88.2962,22.1379],[88.29807,22.13722],[88.29963,22.13738],[88.30009,22.1369],[88.30001,22.13644],[88.299,22.13656],[88.29866,22.13586],[88.29903,22.13561],[88.30204,22.13533],[88.30197,22.13626],[88.30483,22.13608],[88.30468,22.13478],[88.30616,22.13435],[88.30633,22.13611],[88.30682,22.13599],[88.30541,22.13051],[88.30645,22.13009],[88.30768,22.12799],[88.3068,22.12661],[88.30581,22.12565],[88.30507,22.12577],[88.30408,22.12439],[88.30448,22.12425],[88.30442,22.12342],[88.30501,22.1234],[88.30484,22.12212],[88.30214,22.12201],[88.30131,22.12118],[88.3021,22.1211],[88.30222,22.11824],[88.30152,22.11838],[88.30138,22.11739],[88.30217,22.11647],[88.30056,22.11417],[88.29991,22.11156],[88.30273,22.11096],[88.30358,22.11006],[88.30363,22.10759],[88.30045,22.107],[88.29786,22.10732],[88.29434,22.10961],[88.29423,22.10911]]]}},{"type":"Feature","bbox":[88.44142,22.302,88.47662,22.34047],"properties":{"kind":"gp","gp":"Dhapdhapi-I","block":"Baruipur","lgd":107981},"geometry":{"type":"Polygon","coordinates":[[[88.46462,22.30685],[88.46559,22.30236],[88.46417,22.302],[88.46413,22.30294],[88.46286,22.30453],[88.45954,22.30652],[88.45847,22.30846],[88.45791,22.31079],[88.45491,22.31416],[88.45397,22.31483],[88.44969,22.314],[88.44748,22.31405],[88.44729,22.31479],[88.44544,22.31528],[88.44304,22.31672],[88.44183,22.31833],[88.44223,22.32101],[88.44142,22.32121],[88.44214,22.32432],[88.44285,22.32472],[88.44871,22.32292],[88.448,22.32545],[88.44917,22.3297],[88.44848,22.33296],[88.44681,22.33662],[88.44667,22.33964],[88.44783,22.34035],[88.45042,22.3397],[88.45083,22.34018],[88.45135,22.33969],[88.452,22.34047],[88.4545,22.33872],[88.4541,22.33822],[88.45521,22.33673],[88.45537,22.33412],[88.46091,22.32978],[88.46123,22.3289],[88.46066,22.32852],[88.46143,22.32695],[88.46227,22.32797],[88.46456,22.32534],[88.46513,22.32568],[88.46506,22.32634],[88.46596,22.32757],[88.46576,22.32841],[88.46877,22.32755],[88.46879,22.32819],[88.46988,22.32823],[88.47017,22.3288],[88.47255,22.32782],[88.47203,22.32576],[88.4725,22.32466],[88.47189,22.32413],[88.46995,22.32465],[88.46943,22.32251],[88.46983,22.32229],[88.47054,22.32316],[88.47113,22.32165],[88.47204,22.32096],[88.47224,22.31929],[88.47184,22.31825],[88.47394,22.31723],[88.47471,22.31729],[88.47445,22.31651],[88.47572,22.31588],[88.47592,22.31654],[88.47662,22.31635],[88.47616,22.31516],[88.47566,22.31544],[88.47452,22.31479],[88.47368,22.31017],[88.47192,22.30879],[88.47116,22.30871],[88.4713,22.31079],[88.47023,22.31378],[88.46925,22.31345],[88.46636,22.31525],[88.46582,22.31492],[88.46586,22.31428],[88.46691,22.31401],[88.46778,22.31309],[88.46776,22.31228],[88.46688,22.31233],[88.46591,22.31126],[88.46747,22.30786],[88.46639,22.30806],[88.46624,22.30742],[88.46462,22.30685]]]}},{"type":"Feature","bbox":[88.46256,22.27932,88.49111,22.3162],"properties":{"kind":"gp","gp":"Dhapdhapi-Ii","block":"Baruipur","lgd":107982},"geometry":{"type":"Polygon","coordinates":[[[88.46964,22.28945],[88.47066,22.28983],[88.46647,22.29149],[88.46256,22.29477],[88.46451,22.2963],[88.46425,22.29728],[88.46474,22.29806],[88.46417,22.302],[88.46559,22.30236],[88.46462,22.30685],[88.46624,22.30742],[88.46639,22.30806],[88.46747,22.30786],[88.46591,22.31126],[88.46688,22.31233],[88.46776,22.31228],[88.46778,22.31309],[88.46691,22.31401],[88.46586,22.31428],[88.46582,22.31492],[88.46636,22.31525],[88.46925,22.31345],[88.47023,22.31378],[88.4713,22.31079],[88.47116,22.30871],[88.47192,22.30879],[88.47368,22.31017],[88.47452,22.31479],[88.47566,22.31544],[88.47671,22.31508],[88.47714,22.3162],[88.48019,22.31526],[88.48075,22.31367],[88.48211,22.31306],[88.48283,22.31327],[88.48307,22.31438],[88.48431,22.3141],[88.48467,22.31462],[88.48577,22.31471],[88.48525,22.3138],[88.48655,22.31312],[88.48626,22.31242],[88.48701,22.31212],[88.48723,22.3126],[88.48802,22.31255],[88.49004,22.3107],[88.48969,22.30754],[88.49111,22.3041],[88.48945,22.30052],[88.48584,22.30056],[88.48499,22.30008],[88.48154,22.3004],[88.47954,22.30119],[88.47871,22.29986],[88.47811,22.29979],[88.47671,22.30058],[88.47582,22.30242],[88.47593,22.3033],[88.4742,22.30406],[88.47365,22.30358],[88.4721,22.30451],[88.47091,22.30299],[88.47117,22.3011],[88.47217,22.30094],[88.47223,22.29992],[88.47364,22.29831],[88.47526,22.29794],[88.47842,22.29572],[88.47605,22.29412],[88.47642,22.29356],[88.47332,22.29081],[88.47364,22.28993],[88.47328,22.28976],[88.47407,22.28893],[88.47711,22.28815],[88.47734,22.28747],[88.47648,22.2859],[88.47728,22.28478],[88.47796,22.28464],[88.4781,22.28305],[88.4765,22.27932],[88.47573,22.27938],[88.47577,22.28092],[88.47463,22.28104],[88.47442,22.28017],[88.47314,22.28046],[88.47315,22.28104],[88.47137,22.28131],[88.47073,22.28096],[88.46916,22.28164],[88.46946,22.2828],[88.46843,22.28428],[88.46841,22.28558],[88.46796,22.28573],[88.46964,22.28945]]]}},{"type":"Feature","bbox":[88.11202,21.74804,88.16886,21.81566],"properties":{"kind":"gp","gp":"Dhaspara Sumatinagar-I","block":"Sagar","lgd":108264},"geometry":{"type":"Polygon","coordinates":[[[88.16564,21.75284],[88.16182,21.74898],[88.15993,21.74819],[88.15589,21.74804],[88.15599,21.7503],[88.14989,21.75294],[88.14915,21.75371],[88.14965,21.75645],[88.14647,21.75746],[88.14762,21.76153],[88.14899,21.7637],[88.15033,21.76379],[88.15144,21.76456],[88.15124,21.76576],[88.15335,21.768],[88.14637,21.76996],[88.14025,21.7734],[88.13336,21.77483],[88.13318,21.77634],[88.13171,21.77855],[88.12754,21.78028],[88.118,21.78302],[88.11202,21.78687],[88.11302,21.78856],[88.11275,21.79137],[88.1197,21.79608],[88.12123,21.79746],[88.122,21.79918],[88.11939,21.8018],[88.11858,21.80492],[88.11864,21.80764],[88.11965,21.80946],[88.12557,21.80925],[88.12719,21.81021],[88.12828,21.81151],[88.1301,21.81495],[88.1315,21.81478],[88.13447,21.81566],[88.13626,21.81389],[88.13786,21.81443],[88.13961,21.81203],[88.14213,21.81106],[88.14163,21.81025],[88.14169,21.80764],[88.15076,21.79878],[88.15293,21.79908],[88.16623,21.79877],[88.1656,21.79483],[88.16602,21.79007],[88.16756,21.78719],[88.16771,21.78504],[88.16886,21.78245],[88.16854,21.77438],[88.16883,21.75564],[88.16772,21.75358],[88.16564,21.75284]]]}},{"type":"Feature","bbox":[88.12589,21.68158,88.17125,21.77483],"properties":{"kind":"gp","gp":"Dhaspara Sumatinagar-Ii","block":"Sagar","lgd":108265},"geometry":{"type":"Polygon","coordinates":[[[88.15635,21.7056],[88.15468,21.69993],[88.15351,21.69777],[88.15324,21.69548],[88.1526,21.69503],[88.153,21.69379],[88.15233,21.69116],[88.1528,21.69004],[88.15281,21.68513],[88.13961,21.68191],[88.13659,21.68161],[88.12987,21.68234],[88.12927,21.68341],[88.12589,21.68158],[88.12591,21.68616],[88.12851,21.68861],[88.13625,21.69193],[88.1396,21.69589],[88.14021,21.69866],[88.13704,21.70816],[88.13476,21.71277],[88.13159,21.71808],[88.12633,21.72448],[88.1287,21.72622],[88.12723,21.72931],[88.12671,21.73162],[88.12759,21.73344],[88.13909,21.74537],[88.14355,21.75093],[88.14383,21.75382],[88.14316,21.75551],[88.14119,21.75794],[88.13903,21.75894],[88.13281,21.76332],[88.12876,21.76689],[88.12819,21.76837],[88.12833,21.76981],[88.13336,21.77483],[88.14025,21.7734],[88.14637,21.76996],[88.15335,21.768],[88.15124,21.76576],[88.15144,21.76456],[88.15033,21.76379],[88.14899,21.7637],[88.14762,21.76153],[88.14647,21.75746],[88.14965,21.75645],[88.14915,21.75371],[88.14989,21.75294],[88.15599,21.7503],[88.15589,21.74804],[88.15993,21.74819],[88.16182,21.74898],[88.16564,21.75284],[88.16742,21.75358],[88.1691,21.75084],[88.17125,21.7401],[88.1705,21.73801],[88.17061,21.73632],[88.16868,21.7334],[88.16721,21.73237],[88.16749,21.7296],[88.16587,21.72637],[88.16586,21.72255],[88.16533,21.72091],[88.15949,21.71219],[88.15635,21.7056]]]}},{"type":"Feature","bbox":[88.26408,21.96577,88.30839,22.03441],"properties":{"kind":"gp","gp":"Dhola","block":"Kulpi","lgd":108165},"geometry":{"type":"Polygon","coordinates":[[[88.29079,21.97319],[88.28615,21.97486],[88.28423,21.97821],[88.27687,21.98285],[88.26961,21.98477],[88.26539,21.985],[88.2644,21.98615],[88.26612,21.98819],[88.26408,21.98982],[88.2649,21.99152],[88.26729,21.98972],[88.26798,21.98971],[88.26838,21.99041],[88.26799,21.99121],[88.26851,21.99162],[88.26909,21.99122],[88.26964,21.9916],[88.27181,21.99113],[88.27382,21.99615],[88.27377,21.99761],[88.27511,21.99834],[88.27562,22.00034],[88.27898,21.99939],[88.27949,22.00383],[88.27936,22.00594],[88.27888,22.00641],[88.28252,22.00966],[88.28182,22.01064],[88.283,22.01438],[88.28223,22.01492],[88.28437,22.01776],[88.28441,22.01838],[88.28369,22.01872],[88.28372,22.01964],[88.28158,22.01942],[88.28163,22.0207],[88.27928,22.02151],[88.27639,22.01794],[88.27501,22.0204],[88.27617,22.0233],[88.27522,22.02364],[88.27451,22.02281],[88.27467,22.02369],[88.27314,22.02381],[88.27393,22.02512],[88.27399,22.02635],[88.27354,22.02652],[88.27415,22.02767],[88.27562,22.02759],[88.27581,22.02829],[88.27128,22.02864],[88.27179,22.02925],[88.2716,22.03023],[88.27325,22.03014],[88.27322,22.032],[88.27419,22.03441],[88.27757,22.03258],[88.28362,22.03058],[88.28685,22.03018],[88.29429,22.03137],[88.29567,22.03052],[88.30137,22.02909],[88.30584,22.02822],[88.30714,22.02852],[88.30839,22.0263],[88.30839,22.02575],[88.30685,22.02402],[88.30116,22.0209],[88.30068,22.01936],[88.29688,22.01281],[88.29688,22.0104],[88.29947,22.00546],[88.29963,22.00353],[88.29757,21.99784],[88.29642,21.99608],[88.29513,21.9919],[88.29625,21.98802],[88.29605,21.9867],[88.29907,21.98554],[88.3009,21.98379],[88.30316,21.98121],[88.30457,21.97827],[88.30632,21.97145],[88.30625,21.96832],[88.30593,21.96799],[88.30235,21.96817],[88.29646,21.96577],[88.29518,21.96646],[88.29079,21.97319]]]}},{"type":"Feature","bbox":[88.51125,22.18895,88.59128,22.25948],"properties":{"kind":"gp","gp":"Dhosa Chandaneswar","block":"Jaynagar-I","lgd":108133},"geometry":{"type":"Polygon","coordinates":[[[88.58074,22.19779],[88.57594,22.19145],[88.57493,22.18977],[88.57498,22.18895],[88.57173,22.18983],[88.57052,22.19112],[88.57046,22.19257],[88.56972,22.19342],[88.56889,22.19364],[88.56462,22.1972],[88.56311,22.19775],[88.56308,22.20326],[88.5627,22.20369],[88.5634,22.20527],[88.55845,22.20492],[88.55855,22.21623],[88.55261,22.21633],[88.55184,22.21669],[88.55292,22.21869],[88.55019,22.21855],[88.54453,22.21992],[88.54505,22.22221],[88.54624,22.22156],[88.54676,22.22249],[88.54694,22.22436],[88.54617,22.22487],[88.54571,22.228],[88.54314,22.22794],[88.53935,22.23006],[88.53252,22.23039],[88.53072,22.23023],[88.5263,22.22856],[88.52453,22.22864],[88.52421,22.22915],[88.51872,22.2314],[88.51636,22.2284],[88.51446,22.22868],[88.51456,22.22795],[88.51585,22.22742],[88.51347,22.22106],[88.51125,22.22217],[88.51168,22.22832],[88.51323,22.23011],[88.51472,22.23499],[88.51666,22.23911],[88.51705,22.24206],[88.51797,22.24279],[88.51736,22.24303],[88.51768,22.24385],[88.51864,22.24394],[88.51886,22.24236],[88.52159,22.24116],[88.52158,22.24821],[88.52291,22.24942],[88.52685,22.25076],[88.52664,22.24984],[88.52752,22.24956],[88.53013,22.2492],[88.53148,22.24997],[88.53227,22.25288],[88.53177,22.25407],[88.52782,22.25496],[88.52667,22.2561],[88.52665,22.25697],[88.52762,22.25808],[88.53148,22.25814],[88.53366,22.25727],[88.53606,22.25736],[88.53746,22.25833],[88.54207,22.25948],[88.54273,22.25594],[88.54348,22.25445],[88.54432,22.25321],[88.54665,22.25164],[88.54772,22.25003],[88.55109,22.24796],[88.55856,22.24457],[88.56515,22.24339],[88.56769,22.24244],[88.57301,22.23789],[88.57486,22.23494],[88.57403,22.23144],[88.57408,22.22817],[88.57682,22.22353],[88.58137,22.21973],[88.58561,22.21834],[88.59128,22.21485],[88.5901,22.21292],[88.58928,22.20885],[88.58829,22.20653],[88.58074,22.19779]]]}},{"type":"Feature","bbox":[88.34626,21.86888,88.40595,21.96453],"properties":{"kind":"gp","gp":"Digambarpur","block":"Pathar Pratima","lgd":108253},"geometry":{"type":"Polygon","coordinates":[[[88.39795,21.88695],[88.39817,21.88418],[88.39369,21.87973],[88.39088,21.87555],[88.39001,21.8712],[88.38544,21.87202],[88.38326,21.87143],[88.38109,21.87],[88.38024,21.86888],[88.37253,21.87564],[88.37191,21.87549],[88.37081,21.87372],[88.36996,21.87355],[88.3654,21.87571],[88.3671,21.88165],[88.36906,21.89596],[88.36842,21.90223],[88.36753,21.90585],[88.36631,21.90955],[88.36426,21.9135],[88.36022,21.91993],[88.35833,21.92198],[88.3562,21.92198],[88.34862,21.92911],[88.34697,21.93386],[88.34626,21.94285],[88.34683,21.94758],[88.3498,21.95098],[88.35124,21.95135],[88.35197,21.95046],[88.35195,21.94855],[88.35612,21.95016],[88.35754,21.95192],[88.35802,21.9539],[88.35709,21.95908],[88.35653,21.96106],[88.35555,21.96179],[88.35974,21.96453],[88.36341,21.96433],[88.36545,21.9636],[88.36854,21.96119],[88.37382,21.95549],[88.37641,21.95415],[88.38068,21.95443],[88.38522,21.95789],[88.3933,21.95321],[88.39523,21.95156],[88.39622,21.94989],[88.39549,21.93717],[88.39637,21.93408],[88.40321,21.92527],[88.4054,21.92189],[88.40595,21.92006],[88.40529,21.91876],[88.39675,21.91277],[88.39129,21.90808],[88.38847,21.90503],[88.3869,21.90179],[88.3864,21.89921],[88.38786,21.89489],[88.39024,21.8921],[88.39795,21.88695]]]}},{"type":"Feature","bbox":[88.60765,22.2887,88.67093,22.31697],"properties":{"kind":"gp","gp":"Dighirpar","block":"Canning-I","lgd":108069},"geometry":{"type":"Polygon","coordinates":[[[88.65562,22.2983],[88.65703,22.2897],[88.64757,22.28955],[88.64638,22.29036],[88.64464,22.29073],[88.64201,22.29047],[88.64188,22.2899],[88.64034,22.28958],[88.63982,22.28997],[88.63735,22.2889],[88.63544,22.2887],[88.63046,22.29157],[88.62965,22.29093],[88.62962,22.29162],[88.60949,22.29831],[88.60765,22.30079],[88.60769,22.30138],[88.60815,22.30274],[88.61062,22.30537],[88.6198,22.30468],[88.62415,22.30318],[88.62839,22.30602],[88.62984,22.30751],[88.63351,22.31697],[88.63618,22.31489],[88.63774,22.31444],[88.64097,22.3143],[88.64634,22.31525],[88.64888,22.31474],[88.65126,22.31362],[88.65319,22.31381],[88.65325,22.31432],[88.65587,22.31525],[88.65957,22.31562],[88.66293,22.31309],[88.66819,22.31085],[88.66763,22.30905],[88.66728,22.30423],[88.67093,22.29531],[88.66793,22.29589],[88.66758,22.29649],[88.66275,22.29735],[88.66225,22.29698],[88.6616,22.29742],[88.65562,22.2983]]]}},{"type":"Feature","bbox":[88.36243,21.94046,88.46665,22.04074],"properties":{"kind":"gp","gp":"Dighirpar-Bakultala","block":"Mathurapur-II","lgd":108230},"geometry":{"type":"MultiPolygon","coordinates":[[[[88.44656,21.98718],[88.4464,21.98245],[88.44734,21.97876],[88.44731,21.97617],[88.44511,21.96999],[88.44525,21.96794],[88.44623,21.96575],[88.44969,21.96224],[88.45292,21.9616],[88.45669,21.96185],[88.46119,21.96147],[88.46462,21.9606],[88.46619,21.95914],[88.46665,21.95762],[88.46605,21.95584],[88.46476,21.95415],[88.45874,21.95041],[88.45498,21.94721],[88.45251,21.94235],[88.45,21.94113],[88.44683,21.94046],[88.44164,21.94851],[88.43611,21.95122],[88.42554,21.95458],[88.42362,21.95624],[88.42077,21.96188],[88.41987,21.9656],[88.415,21.97002],[88.41303,21.97072],[88.40948,21.97065],[88.40217,21.97178],[88.40018,21.97319],[88.39829,21.97597],[88.40663,21.98376],[88.40982,21.98737],[88.41006,21.9905],[88.40704,21.9941],[88.40923,21.9949],[88.42762,21.99806],[88.43222,21.99797],[88.43445,21.99373],[88.43829,21.98966],[88.43982,21.9885],[88.44093,21.99068],[88.44219,21.98853],[88.44656,21.98718]]],[[[88.38225,21.99144],[88.37845,21.99151],[88.37549,21.9905],[88.37067,21.98741],[88.36833,21.98461],[88.36583,21.98389],[88.36351,21.98393],[88.36243,21.9891],[88.36263,21.99973],[88.36631,22.00287],[88.37348,22.00382],[88.38021,22.00581],[88.38341,22.00818],[88.38496,22.01072],[88.38432,22.0183],[88.38164,22.02256],[88.37627,22.02741],[88.37643,22.0288],[88.37712,22.0298],[88.38346,22.0341],[88.38485,22.03415],[88.38577,22.03375],[88.38973,22.02931],[88.39562,22.0254],[88.39784,22.02323],[88.39919,22.02241],[88.40077,22.02226],[88.40222,22.02291],[88.40389,22.02492],[88.40475,22.02891],[88.4061,22.03211],[88.40504,22.03347],[88.40135,22.03565],[88.39502,22.03802],[88.40248,22.03915],[88.40606,22.03794],[88.40875,22.03848],[88.41029,22.03791],[88.41164,22.03843],[88.4148,22.03679],[88.41493,22.03605],[88.41691,22.03454],[88.41798,22.03444],[88.41775,22.03646],[88.41807,22.03697],[88.41959,22.03731],[88.42039,22.04074],[88.42613,22.03931],[88.42615,22.03798],[88.41637,22.01511],[88.41469,22.01019],[88.40922,21.99799],[88.40704,21.9941],[88.401,22.00063],[88.39881,22.00175],[88.39789,22.00164],[88.38225,21.99144]]]]}},{"type":"Feature","bbox":[88.32001,22.23958,88.36519,22.26166],"properties":{"kind":"gp","gp":"Dihikalas","block":"Magra Hat-II","lgd":108200},"geometry":{"type":"Polygon","coordinates":[[[88.36276,22.24737],[88.36141,22.24461],[88.36076,22.24468],[88.35893,22.24297],[88.3577,22.24314],[88.35677,22.24166],[88.35557,22.24136],[88.35388,22.24219],[88.35425,22.24403],[88.35383,22.24447],[88.35278,22.2442],[88.35292,22.24503],[88.35247,22.24493],[88.35212,22.24297],[88.35115,22.24266],[88.35081,22.24057],[88.34931,22.2418],[88.34896,22.24313],[88.34474,22.2441],[88.34409,22.24355],[88.34145,22.24368],[88.34129,22.24312],[88.33852,22.24178],[88.33822,22.24043],[88.33596,22.24089],[88.33488,22.24037],[88.33439,22.2405],[88.33453,22.24154],[88.33341,22.24166],[88.33284,22.24071],[88.33307,22.23983],[88.33211,22.23958],[88.33039,22.23969],[88.3304,22.24038],[88.32962,22.24063],[88.32949,22.24251],[88.32882,22.24269],[88.32869,22.24343],[88.32594,22.24304],[88.32603,22.2447],[88.32465,22.24413],[88.32367,22.23997],[88.32217,22.24022],[88.32217,22.24145],[88.32118,22.24277],[88.32039,22.24306],[88.32142,22.24567],[88.32001,22.2475],[88.32343,22.24851],[88.3261,22.24652],[88.32898,22.24693],[88.3305,22.24578],[88.33228,22.24528],[88.33266,22.2447],[88.33242,22.24415],[88.3339,22.24387],[88.33413,22.24449],[88.33374,22.24508],[88.3343,22.24531],[88.33526,22.24391],[88.33602,22.24432],[88.33652,22.24684],[88.33695,22.2497],[88.33658,22.2508],[88.33781,22.25303],[88.33865,22.25324],[88.33994,22.25579],[88.33947,22.25603],[88.33943,22.25785],[88.33857,22.25863],[88.33901,22.26036],[88.34345,22.25947],[88.34395,22.26002],[88.34541,22.25905],[88.34589,22.26132],[88.34792,22.26068],[88.34836,22.26144],[88.34911,22.26166],[88.35057,22.26106],[88.35492,22.26059],[88.35505,22.25942],[88.35692,22.25816],[88.35665,22.25732],[88.35721,22.25674],[88.35792,22.2566],[88.36008,22.25765],[88.35983,22.25614],[88.36076,22.25563],[88.36519,22.25723],[88.36452,22.25667],[88.36303,22.25263],[88.36253,22.2491],[88.36351,22.24877],[88.36325,22.24736],[88.36276,22.24737]]]}},{"type":"Feature","bbox":[88.13229,22.37758,88.17209,22.42466],"properties":{"kind":"gp","gp":"Dongaria Raipur","block":"Budge Budge-II","lgd":108058},"geometry":{"type":"Polygon","coordinates":[[[88.1435,22.38846],[88.14001,22.38966],[88.1394,22.39093],[88.13973,22.39352],[88.13817,22.39604],[88.13229,22.39865],[88.14097,22.40808],[88.14199,22.41045],[88.14251,22.41584],[88.14231,22.41915],[88.1405,22.42314],[88.14534,22.42466],[88.14666,22.42213],[88.14949,22.42092],[88.15262,22.41542],[88.15666,22.41164],[88.15753,22.40948],[88.15765,22.40719],[88.16024,22.4053],[88.16526,22.40377],[88.16935,22.40311],[88.16803,22.40264],[88.16601,22.40305],[88.16567,22.40229],[88.16819,22.39999],[88.16806,22.39951],[88.16878,22.39878],[88.16842,22.39819],[88.16975,22.39749],[88.17209,22.39351],[88.168,22.39063],[88.16672,22.39051],[88.16632,22.38989],[88.16225,22.38978],[88.15973,22.38755],[88.15916,22.38693],[88.15915,22.3864],[88.15968,22.38616],[88.15887,22.38508],[88.15914,22.3835],[88.15819,22.38194],[88.1583,22.38062],[88.15646,22.38038],[88.15688,22.37758],[88.15521,22.37984],[88.15177,22.38251],[88.15177,22.38331],[88.14898,22.38334],[88.14639,22.38471],[88.14492,22.38631],[88.14486,22.3875],[88.1435,22.38846]]]}},{"type":"Feature","bbox":[88.26538,21.78706,88.35238,21.86183],"properties":{"kind":"gp","gp":"Durbachati","block":"Namkhana","lgd":108254},"geometry":{"type":"Polygon","coordinates":[[[88.29652,21.80425],[88.29849,21.80265],[88.30363,21.80083],[88.311,21.7972],[88.31187,21.79561],[88.31191,21.79286],[88.31174,21.79104],[88.31077,21.78951],[88.30903,21.78816],[88.30533,21.78706],[88.30108,21.78821],[88.29176,21.792],[88.28999,21.79166],[88.28915,21.7907],[88.28767,21.79078],[88.28683,21.79165],[88.28548,21.79108],[88.27991,21.79202],[88.27049,21.79668],[88.26538,21.80144],[88.26619,21.80452],[88.27303,21.80944],[88.28145,21.81317],[88.30133,21.82391],[88.30909,21.83244],[88.30986,21.83583],[88.31184,21.8395],[88.31294,21.84505],[88.31306,21.84796],[88.31216,21.85052],[88.31029,21.8536],[88.31346,21.8566],[88.31771,21.85944],[88.32314,21.86131],[88.32854,21.86183],[88.33903,21.86095],[88.3442,21.85752],[88.34245,21.85526],[88.34262,21.85441],[88.34451,21.8531],[88.35193,21.85059],[88.35238,21.84657],[88.34761,21.84133],[88.34333,21.83863],[88.3399,21.83777],[88.33385,21.8381],[88.33215,21.83728],[88.33104,21.83531],[88.33181,21.83113],[88.33157,21.82811],[88.33064,21.82657],[88.32886,21.82518],[88.3241,21.82501],[88.3166,21.82908],[88.31313,21.83034],[88.31216,21.82928],[88.31244,21.82806],[88.31596,21.8217],[88.31588,21.81891],[88.3106,21.80746],[88.30515,21.80685],[88.29839,21.80741],[88.29663,21.80621],[88.29652,21.80425]]]}},{"type":"Feature","bbox":[88.53916,22.39343,88.62617,22.44477],"properties":{"kind":"gp","gp":"Durgapur","block":"Bhangar-I","lgd":108012},"geometry":{"type":"MultiPolygon","coordinates":[[[[88.57374,22.39376],[88.57067,22.39343],[88.56792,22.39385],[88.56524,22.39598],[88.56124,22.40366],[88.5582,22.40522],[88.55192,22.40674],[88.54235,22.41137],[88.53933,22.41306],[88.53916,22.41382],[88.54527,22.41423],[88.5485,22.41282],[88.55068,22.41502],[88.55164,22.41446],[88.55322,22.41626],[88.55547,22.41542],[88.5554,22.41486],[88.5564,22.41373],[88.5586,22.41382],[88.55874,22.41325],[88.55932,22.41327],[88.55969,22.41404],[88.5638,22.41257],[88.56431,22.41325],[88.56488,22.41314],[88.56508,22.41493],[88.56367,22.41578],[88.56362,22.41903],[88.56446,22.41929],[88.56385,22.42019],[88.56291,22.41974],[88.56197,22.42141],[88.56294,22.42178],[88.5655,22.41987],[88.56701,22.42012],[88.56704,22.41951],[88.56849,22.41947],[88.56856,22.42123],[88.56898,22.42179],[88.56976,22.42155],[88.57002,22.42238],[88.57078,22.422],[88.57083,22.42073],[88.57289,22.4205],[88.57305,22.42163],[88.57236,22.42151],[88.57197,22.42225],[88.57432,22.42269],[88.57543,22.42241],[88.57601,22.42394],[88.57673,22.42377],[88.57638,22.4228],[88.57794,22.42309],[88.57745,22.42643],[88.57766,22.42717],[88.57829,22.42736],[88.57845,22.42905],[88.58066,22.42815],[88.58029,22.43154],[88.58157,22.4309],[88.58182,22.43172],[88.58518,22.43219],[88.58535,22.43428],[88.58586,22.43473],[88.58495,22.43664],[88.58411,22.43675],[88.58431,22.43759],[88.58387,22.43792],[88.58485,22.44058],[88.58425,22.44109],[88.58522,22.44193],[88.58728,22.44184],[88.58791,22.4408],[88.58923,22.44086],[88.58934,22.44049],[88.59084,22.44075],[88.59322,22.44192],[88.59506,22.44201],[88.59666,22.44477],[88.59795,22.4445],[88.59766,22.44401],[88.599,22.44346],[88.59868,22.44295],[88.60059,22.44189],[88.60264,22.44214],[88.60259,22.44171],[88.60351,22.44127],[88.60751,22.44233],[88.60853,22.4407],[88.60969,22.4407],[88.61063,22.43983],[88.61145,22.43827],[88.61105,22.4381],[88.61115,22.43711],[88.61359,22.43392],[88.61359,22.43282],[88.61435,22.43273],[88.61408,22.4313],[88.61194,22.42804],[88.61198,22.42535],[88.61051,22.42103],[88.60671,22.41446],[88.60598,22.41137],[88.60358,22.41046],[88.60081,22.41027],[88.59762,22.41089],[88.59585,22.41052],[88.5923,22.4046],[88.5951,22.39981],[88.59483,22.39831],[88.5937,22.39703],[88.59022,22.3957],[88.58833,22.39714],[88.58605,22.39769],[88.57374,22.39376]]],[[[88.6253,22.43449],[88.62321,22.43458],[88.61998,22.43355],[88.61735,22.43426],[88.61522,22.4342],[88.61477,22.43361],[88.61446,22.43401],[88.61487,22.43492],[88.61546,22.43479],[88.61639,22.437],[88.61613,22.43755],[88.6144,22.43828],[88.61477,22.43924],[88.6167,22.43997],[88.62408,22.43913],[88.62467,22.43778],[88.62605,22.43698],[88.62617,22.43564],[88.6253,22.43449]]]]}},{"type":"Feature","bbox":[88.24775,22.16156,88.31751,22.20226],"properties":{"kind":"gp","gp":"Ektara","block":"Magra Hat-I","lgd":108185},"geometry":{"type":"Polygon","coordinates":[[[88.28259,22.16833],[88.28152,22.16515],[88.27949,22.16543],[88.27948,22.16483],[88.27834,22.16532],[88.27775,22.1649],[88.27692,22.16714],[88.27425,22.167],[88.27292,22.16762],[88.27348,22.16808],[88.27273,22.16815],[88.27206,22.16778],[88.27205,22.16659],[88.27042,22.16685],[88.26989,22.16526],[88.26973,22.16576],[88.26788,22.16649],[88.26657,22.1663],[88.26469,22.16762],[88.26328,22.16744],[88.26207,22.16895],[88.26048,22.1693],[88.2594,22.16901],[88.25586,22.17002],[88.25539,22.1679],[88.25486,22.16743],[88.24961,22.17038],[88.24775,22.17094],[88.24818,22.17256],[88.24951,22.17429],[88.25029,22.17687],[88.24985,22.17883],[88.25013,22.18021],[88.25189,22.18066],[88.25435,22.18018],[88.25537,22.17865],[88.25625,22.17874],[88.25746,22.18024],[88.25849,22.1803],[88.26194,22.18459],[88.26708,22.18185],[88.26771,22.18286],[88.27007,22.1825],[88.27324,22.18917],[88.27333,22.19064],[88.27248,22.19471],[88.26961,22.19668],[88.27018,22.20226],[88.27598,22.20175],[88.27748,22.2009],[88.27767,22.19931],[88.27936,22.19832],[88.2796,22.19883],[88.28498,22.19759],[88.28655,22.19547],[88.28824,22.19567],[88.29014,22.19499],[88.29095,22.19512],[88.29191,22.19694],[88.29491,22.19482],[88.29529,22.19617],[88.29616,22.19574],[88.29637,22.1949],[88.2975,22.19462],[88.29782,22.19551],[88.29659,22.19599],[88.29708,22.19783],[88.29603,22.19806],[88.29635,22.19976],[88.29922,22.19854],[88.29968,22.20041],[88.30495,22.19987],[88.30429,22.19721],[88.3049,22.19705],[88.30421,22.19304],[88.3048,22.19295],[88.30492,22.19232],[88.30568,22.19223],[88.30592,22.19268],[88.30763,22.19218],[88.30759,22.19152],[88.30657,22.19176],[88.30636,22.19089],[88.30845,22.1903],[88.30932,22.19114],[88.31497,22.19157],[88.31498,22.19102],[88.31601,22.1905],[88.31547,22.18834],[88.31579,22.18627],[88.31453,22.18526],[88.31527,22.18372],[88.31573,22.17888],[88.31399,22.17926],[88.31485,22.17546],[88.31431,22.17358],[88.3147,22.17147],[88.31515,22.17014],[88.31572,22.1698],[88.31708,22.16572],[88.31751,22.16277],[88.31683,22.16388],[88.3149,22.16181],[88.31263,22.16222],[88.3131,22.16394],[88.31113,22.16413],[88.31082,22.16267],[88.30557,22.16365],[88.3052,22.16318],[88.30333,22.16322],[88.30305,22.16156],[88.30041,22.16267],[88.30108,22.16535],[88.29807,22.16598],[88.29666,22.16418],[88.29544,22.16406],[88.29545,22.1649],[88.29347,22.1649],[88.29252,22.16414],[88.29186,22.16499],[88.29097,22.1648],[88.29071,22.16552],[88.28991,22.16568],[88.29005,22.1663],[88.28802,22.16723],[88.28781,22.16672],[88.28697,22.1669],[88.28654,22.16641],[88.2863,22.16561],[88.28671,22.16518],[88.28575,22.16321],[88.285,22.16319],[88.285,22.16261],[88.28349,22.16272],[88.28322,22.16352],[88.2846,22.16368],[88.28457,22.16423],[88.28365,22.16431],[88.28366,22.16787],[88.28259,22.16833]]]}},{"type":"Feature","bbox":[88.08984,22.27965,88.14584,22.34045],"properties":{"kind":"gp","gp":"Falta","block":"Falta","lgd":108108},"geometry":{"type":"Polygon","coordinates":[[[88.14584,22.28726],[88.14365,22.28262],[88.14382,22.28159],[88.14508,22.28112],[88.14437,22.28],[88.14372,22.27965],[88.14068,22.27981],[88.14141,22.28146],[88.14033,22.28271],[88.13836,22.28238],[88.13786,22.284],[88.13554,22.28412],[88.1355,22.28653],[88.1333,22.28676],[88.13315,22.28738],[88.1311,22.28792],[88.13078,22.2873],[88.13008,22.28751],[88.13024,22.28815],[88.12936,22.2888],[88.1263,22.28899],[88.12567,22.28845],[88.12568,22.28758],[88.12502,22.28695],[88.12566,22.28616],[88.1243,22.28329],[88.12256,22.28395],[88.12215,22.28481],[88.12141,22.28441],[88.12071,22.28521],[88.12081,22.28679],[88.11983,22.28711],[88.1189,22.28609],[88.11874,22.28505],[88.11788,22.28475],[88.11606,22.28546],[88.11563,22.28461],[88.11138,22.28423],[88.11136,22.2849],[88.10956,22.28584],[88.10908,22.28667],[88.10795,22.28563],[88.10611,22.28507],[88.10454,22.28617],[88.10408,22.28732],[88.10268,22.28803],[88.08984,22.29056],[88.09607,22.30432],[88.09739,22.30942],[88.09769,22.31244],[88.09601,22.32938],[88.09645,22.33498],[88.10399,22.33546],[88.10598,22.33627],[88.1074,22.33997],[88.10878,22.34045],[88.11058,22.34012],[88.11121,22.3393],[88.11316,22.33876],[88.11273,22.33201],[88.11414,22.33146],[88.11495,22.33162],[88.11534,22.33243],[88.11628,22.33253],[88.11875,22.3307],[88.11976,22.32925],[88.12303,22.32878],[88.12428,22.32978],[88.12278,22.32678],[88.12087,22.3261],[88.11991,22.32426],[88.12366,22.32045],[88.12383,22.31946],[88.12349,22.31714],[88.12385,22.31583],[88.12281,22.31257],[88.12336,22.31178],[88.12322,22.31069],[88.12381,22.30878],[88.12239,22.30816],[88.12348,22.30722],[88.12351,22.30447],[88.12506,22.30429],[88.12362,22.30143],[88.12386,22.29999],[88.1294,22.29811],[88.13086,22.29811],[88.13188,22.29679],[88.13113,22.29446],[88.13448,22.29475],[88.13473,22.29235],[88.13597,22.29214],[88.13638,22.29277],[88.13791,22.29319],[88.13767,22.29382],[88.13608,22.2947],[88.13559,22.29585],[88.13639,22.29705],[88.13708,22.29701],[88.13834,22.29939],[88.1393,22.29859],[88.14038,22.29857],[88.141,22.29913],[88.14215,22.29886],[88.14248,22.29754],[88.14371,22.29639],[88.14383,22.2947],[88.1431,22.29382],[88.14341,22.29309],[88.14499,22.29317],[88.14466,22.29068],[88.14516,22.28931],[88.14498,22.28772],[88.14584,22.28726]]]}},{"type":"Feature","bbox":[88.1951,22.26049,88.247,22.3117],"properties":{"kind":"gp","gp":"Fatepur","block":"Falta","lgd":108109},"geometry":{"type":"Polygon","coordinates":[[[88.2206,22.26706],[88.21505,22.26625],[88.21148,22.26636],[88.20521,22.26742],[88.20065,22.27319],[88.19983,22.27315],[88.19954,22.27388],[88.19987,22.27457],[88.1986,22.27558],[88.19569,22.2759],[88.1951,22.27856],[88.20101,22.27807],[88.20249,22.28025],[88.20806,22.27888],[88.20929,22.28017],[88.21411,22.28006],[88.21611,22.28205],[88.21704,22.28228],[88.21754,22.28394],[88.21693,22.28566],[88.21503,22.28589],[88.2142,22.28437],[88.21222,22.28377],[88.21155,22.28441],[88.21205,22.28525],[88.21307,22.28534],[88.21403,22.28758],[88.21664,22.28859],[88.21636,22.29007],[88.21598,22.28995],[88.21497,22.29126],[88.21558,22.29164],[88.21661,22.29119],[88.21784,22.29162],[88.21926,22.29129],[88.2206,22.2918],[88.22028,22.29242],[88.22099,22.29792],[88.22148,22.29908],[88.22213,22.29902],[88.22295,22.30028],[88.22264,22.30101],[88.22311,22.30141],[88.22242,22.30236],[88.22674,22.30574],[88.22737,22.30915],[88.2282,22.30949],[88.23131,22.30927],[88.23686,22.3117],[88.23666,22.31019],[88.2375,22.30993],[88.23672,22.30696],[88.2354,22.30616],[88.23348,22.30635],[88.23246,22.30335],[88.23457,22.3018],[88.23348,22.29651],[88.23576,22.29475],[88.23511,22.29388],[88.23542,22.29324],[88.23507,22.29271],[88.23526,22.29207],[88.23666,22.29136],[88.23894,22.29124],[88.24077,22.29284],[88.2431,22.29189],[88.24239,22.2902],[88.24289,22.2891],[88.24164,22.28802],[88.24085,22.28469],[88.24032,22.28468],[88.24015,22.28408],[88.24007,22.27975],[88.24071,22.2795],[88.24133,22.28037],[88.24239,22.28052],[88.24261,22.27959],[88.2446,22.27919],[88.24451,22.27866],[88.24568,22.27786],[88.2456,22.27702],[88.24464,22.27712],[88.24386,22.2764],[88.24363,22.2752],[88.24042,22.27692],[88.24121,22.27548],[88.24082,22.27509],[88.2418,22.27436],[88.24154,22.27315],[88.23928,22.27208],[88.23959,22.27118],[88.23906,22.27006],[88.23981,22.26924],[88.24288,22.26798],[88.24281,22.26704],[88.24514,22.26633],[88.24661,22.26642],[88.247,22.26049],[88.24244,22.26118],[88.24251,22.2634],[88.24172,22.26368],[88.24176,22.26429],[88.23928,22.26453],[88.23899,22.26371],[88.23804,22.26365],[88.23754,22.26529],[88.23607,22.26581],[88.23555,22.263],[88.23452,22.26323],[88.23436,22.26277],[88.23045,22.26336],[88.22462,22.26663],[88.22246,22.26643],[88.2206,22.26706]]]}},{"type":"Feature","bbox":[88.66358,22.24299,88.76012,22.30627],"properties":{"kind":"gp","gp":"Foolmalancha","block":"Basanti","lgd":108001},"geometry":{"type":"Polygon","coordinates":[[[88.74618,22.27775],[88.75619,22.27333],[88.7556,22.2704],[88.75551,22.2651],[88.75357,22.26063],[88.75315,22.25793],[88.75447,22.2511],[88.75403,22.2478],[88.75451,22.24684],[88.75806,22.24492],[88.75924,22.24337],[88.75852,22.24299],[88.74057,22.24751],[88.73374,22.24867],[88.67484,22.26495],[88.67207,22.26588],[88.66904,22.2678],[88.66358,22.27211],[88.66655,22.27482],[88.66898,22.2779],[88.68008,22.2748],[88.68187,22.27475],[88.68518,22.27635],[88.69051,22.27734],[88.6909,22.27723],[88.69046,22.27366],[88.6953,22.27396],[88.70207,22.27186],[88.70137,22.27015],[88.69905,22.26718],[88.70321,22.26506],[88.70462,22.26749],[88.70436,22.26858],[88.7047,22.26938],[88.70876,22.273],[88.70939,22.27449],[88.7106,22.27528],[88.71206,22.27982],[88.71677,22.2801],[88.71725,22.28448],[88.71715,22.28516],[88.71547,22.2853],[88.71215,22.28405],[88.71222,22.28647],[88.7133,22.28749],[88.71216,22.28931],[88.71251,22.2901],[88.71065,22.29281],[88.70746,22.29929],[88.7062,22.3021],[88.70639,22.30274],[88.716,22.302],[88.71572,22.30432],[88.7233,22.30352],[88.72394,22.30316],[88.72379,22.30147],[88.72627,22.30105],[88.7262,22.30033],[88.72732,22.2997],[88.73012,22.30031],[88.73324,22.30027],[88.73561,22.30627],[88.76012,22.30509],[88.75909,22.30334],[88.75936,22.2983],[88.7587,22.29409],[88.7594,22.29123],[88.75706,22.28737],[88.75561,22.28622],[88.75295,22.28555],[88.74999,22.28239],[88.74589,22.27963],[88.74545,22.27875],[88.74618,22.27775]]]}},{"type":"Feature","bbox":[88.237,21.55813,88.28875,21.63833],"properties":{"kind":"gp","gp":"Frezarganj","block":"Kak Dwip","lgd":108242},"geometry":{"type":"Polygon","coordinates":[[[88.26851,21.5646],[88.25836,21.55817],[88.25508,21.55813],[88.25321,21.55863],[88.24977,21.56057],[88.24842,21.56174],[88.2475,21.5634],[88.24408,21.56633],[88.24267,21.57001],[88.24047,21.57292],[88.23953,21.57559],[88.237,21.57682],[88.238,21.57767],[88.24467,21.5787],[88.24847,21.58181],[88.25298,21.58637],[88.2561,21.59398],[88.25605,21.59557],[88.25479,21.59883],[88.25037,21.60544],[88.24232,21.61491],[88.24074,21.61879],[88.24154,21.6228],[88.24348,21.62543],[88.24772,21.62748],[88.25441,21.62927],[88.25104,21.63354],[88.25013,21.63536],[88.24948,21.63833],[88.25315,21.63228],[88.25508,21.6312],[88.25776,21.63171],[88.26094,21.62936],[88.26324,21.62633],[88.2663,21.62044],[88.26664,21.61382],[88.26823,21.61211],[88.26962,21.6142],[88.26892,21.61513],[88.26894,21.61812],[88.26975,21.62154],[88.26907,21.62279],[88.27874,21.62651],[88.28086,21.62242],[88.28254,21.61739],[88.28062,21.61267],[88.27902,21.6022],[88.28151,21.59884],[88.28509,21.5988],[88.28599,21.59763],[88.28875,21.5963],[88.28582,21.59423],[88.28592,21.59154],[88.28461,21.58761],[88.28591,21.58512],[88.28519,21.58244],[88.28552,21.58036],[88.28722,21.5778],[88.28696,21.57638],[88.28619,21.57583],[88.28478,21.57607],[88.27713,21.58026],[88.27609,21.58017],[88.27388,21.5766],[88.27373,21.57528],[88.27572,21.57144],[88.27529,21.56986],[88.26851,21.5646]]]}},{"type":"Feature","bbox":[88.40427,22.14162,88.46839,22.165],"properties":{"kind":"gp","gp":"Futigoda","block":"Jaynagar-II","lgd":108144},"geometry":{"type":"Polygon","coordinates":[[[88.45168,22.16483],[88.45711,22.16155],[88.46073,22.15857],[88.46839,22.1546],[88.46373,22.14885],[88.46227,22.14609],[88.4613,22.14601],[88.46014,22.14704],[88.4562,22.1486],[88.45443,22.14816],[88.45395,22.14761],[88.45382,22.14327],[88.45228,22.14167],[88.45141,22.14162],[88.44785,22.14328],[88.44622,22.14215],[88.44296,22.14173],[88.43776,22.14257],[88.43483,22.14536],[88.43425,22.1474],[88.4293,22.1477],[88.42914,22.14817],[88.42634,22.14778],[88.42464,22.14635],[88.42298,22.14744],[88.41852,22.14843],[88.40427,22.14787],[88.40553,22.15186],[88.40894,22.1563],[88.4089,22.15691],[88.40715,22.15802],[88.40962,22.16354],[88.41189,22.16237],[88.41277,22.16271],[88.41554,22.16156],[88.41496,22.16037],[88.41736,22.15875],[88.41699,22.15823],[88.41749,22.15753],[88.41838,22.15782],[88.41895,22.15722],[88.4179,22.15604],[88.41843,22.15533],[88.41864,22.15628],[88.42026,22.15623],[88.42265,22.15794],[88.42448,22.16036],[88.42523,22.15974],[88.42717,22.16138],[88.42749,22.16068],[88.42857,22.1608],[88.4279,22.16283],[88.42916,22.1634],[88.43191,22.16118],[88.4324,22.1626],[88.43194,22.16362],[88.43233,22.16484],[88.43523,22.16408],[88.43602,22.16489],[88.43938,22.16363],[88.43909,22.16184],[88.44115,22.16073],[88.44316,22.16076],[88.4439,22.16139],[88.44761,22.162],[88.44737,22.165],[88.45168,22.16483]]]}},{"type":"Feature","bbox":[88.38098,21.60451,88.43225,21.7109],"properties":{"kind":"gp","gp":"G Plot","block":"Pathar Pratima","lgd":108255},"geometry":{"type":"Polygon","coordinates":[[[88.43103,21.61899],[88.42318,21.61737],[88.41858,21.61504],[88.41516,21.61437],[88.41367,21.61354],[88.40918,21.6083],[88.40718,21.60459],[88.38761,21.60451],[88.38544,21.60855],[88.38475,21.61084],[88.38539,21.6121],[88.38625,21.61215],[88.38863,21.61474],[88.38922,21.61606],[88.39151,21.6186],[88.39333,21.62139],[88.39361,21.62354],[88.39301,21.62527],[88.3894,21.62727],[88.38711,21.62947],[88.38572,21.63261],[88.38588,21.63673],[88.38629,21.63735],[88.38897,21.63685],[88.3895,21.63946],[88.39086,21.64029],[88.39084,21.64073],[88.38896,21.64152],[88.38794,21.64298],[88.38761,21.64639],[88.38681,21.64706],[88.38662,21.64988],[88.38546,21.6524],[88.38548,21.65549],[88.38098,21.66247],[88.38132,21.664],[88.38226,21.66428],[88.38254,21.66635],[88.38204,21.67295],[88.38257,21.67736],[88.38249,21.68302],[88.3882,21.68961],[88.39058,21.69018],[88.39564,21.69448],[88.39849,21.69762],[88.40091,21.70158],[88.40164,21.70211],[88.40379,21.70141],[88.40446,21.70388],[88.40823,21.7109],[88.41612,21.70936],[88.41581,21.70412],[88.41298,21.70044],[88.41283,21.69965],[88.41219,21.69937],[88.41464,21.69867],[88.4157,21.69512],[88.41343,21.69309],[88.41247,21.69028],[88.4113,21.68547],[88.41184,21.68423],[88.41161,21.68207],[88.41041,21.67965],[88.41191,21.67839],[88.41425,21.6734],[88.41325,21.66975],[88.41078,21.66616],[88.4112,21.66589],[88.41081,21.65994],[88.41105,21.65583],[88.41169,21.65322],[88.41752,21.64503],[88.42634,21.63783],[88.42866,21.63509],[88.42915,21.63268],[88.43103,21.63],[88.43225,21.62589],[88.43182,21.61986],[88.43103,21.61899]]]}},{"type":"Feature","bbox":[88.28216,22.07143,88.3224,22.10961],"properties":{"kind":"gp","gp":"Gabberia","block":"Mandirbazar","lgd":108214},"geometry":{"type":"Polygon","coordinates":[[[88.30821,22.07494],[88.30851,22.07349],[88.30817,22.07306],[88.30666,22.07386],[88.30642,22.07338],[88.30412,22.07381],[88.30401,22.07315],[88.30209,22.07176],[88.29768,22.07143],[88.29696,22.07208],[88.29554,22.07236],[88.29731,22.07749],[88.29674,22.07759],[88.29525,22.07489],[88.29399,22.07504],[88.29356,22.07424],[88.29292,22.07426],[88.2929,22.07886],[88.29224,22.07884],[88.29248,22.08115],[88.29105,22.08283],[88.29108,22.08359],[88.29054,22.08355],[88.29071,22.08474],[88.28716,22.08495],[88.28709,22.08437],[88.28569,22.08425],[88.2843,22.08454],[88.28442,22.08571],[88.28322,22.08642],[88.28245,22.08627],[88.28222,22.08799],[88.28283,22.08963],[88.28216,22.09083],[88.28334,22.09158],[88.28304,22.09308],[88.28467,22.09354],[88.28296,22.0941],[88.2828,22.09465],[88.28411,22.09471],[88.2846,22.09594],[88.28439,22.09735],[88.28258,22.10083],[88.28243,22.10307],[88.28582,22.10216],[88.28579,22.1016],[88.28719,22.10126],[88.28802,22.10287],[88.2887,22.10293],[88.28912,22.10214],[88.29113,22.1021],[88.29171,22.10136],[88.29316,22.10163],[88.29325,22.10271],[88.29203,22.10304],[88.29255,22.10621],[88.29359,22.10805],[88.29161,22.10887],[88.29423,22.10911],[88.29434,22.10961],[88.29786,22.10732],[88.30149,22.10707],[88.3063,22.10815],[88.30659,22.10734],[88.30619,22.10565],[88.30991,22.10508],[88.31065,22.10392],[88.30969,22.10369],[88.30981,22.10296],[88.31088,22.10217],[88.31407,22.10049],[88.31682,22.10076],[88.31601,22.09811],[88.31947,22.09771],[88.31962,22.09598],[88.31892,22.09466],[88.3224,22.09361],[88.32214,22.09162],[88.32078,22.08906],[88.31976,22.08943],[88.31928,22.08898],[88.31703,22.08996],[88.31702,22.08939],[88.31559,22.08939],[88.31475,22.08713],[88.31437,22.08718],[88.31375,22.08396],[88.31188,22.08421],[88.3115,22.08216],[88.31078,22.08172],[88.31115,22.08093],[88.312,22.08068],[88.31289,22.08136],[88.31407,22.08076],[88.31434,22.07971],[88.31682,22.07925],[88.31537,22.07621],[88.31467,22.07642],[88.31276,22.07554],[88.31088,22.07575],[88.31044,22.07421],[88.30821,22.07494]]]}},{"type":"Feature","bbox":[88.12339,22.35514,88.16172,22.39865],"properties":{"kind":"gp","gp":"Gaja Poyali","block":"Budge Budge-II","lgd":108059},"geometry":{"type":"Polygon","coordinates":[[[88.1459,22.36437],[88.14578,22.3635],[88.14495,22.36262],[88.14491,22.36047],[88.14369,22.36036],[88.14398,22.35924],[88.14501,22.35865],[88.14508,22.35725],[88.14396,22.35635],[88.14172,22.35601],[88.14132,22.35514],[88.13977,22.35602],[88.13593,22.35606],[88.13538,22.35747],[88.13455,22.35785],[88.13463,22.36127],[88.1328,22.36118],[88.13193,22.36191],[88.12855,22.36266],[88.1269,22.36407],[88.12591,22.36342],[88.12339,22.36331],[88.12381,22.36496],[88.12576,22.36471],[88.12602,22.36505],[88.12517,22.36646],[88.12696,22.36818],[88.12664,22.36927],[88.12728,22.36986],[88.12711,22.37078],[88.12632,22.37144],[88.12615,22.37251],[88.1269,22.37305],[88.12754,22.37625],[88.12684,22.37726],[88.12744,22.37869],[88.13127,22.38301],[88.12891,22.38698],[88.12903,22.38942],[88.12851,22.39079],[88.12463,22.39515],[88.12921,22.39775],[88.13229,22.39865],[88.13705,22.39677],[88.13817,22.39604],[88.13952,22.39408],[88.1394,22.39093],[88.14001,22.38966],[88.1435,22.38846],[88.14486,22.3875],[88.14492,22.38631],[88.14639,22.38471],[88.14898,22.38334],[88.15177,22.38331],[88.15177,22.38251],[88.15521,22.37984],[88.15688,22.37758],[88.15646,22.38038],[88.15978,22.38059],[88.16128,22.37963],[88.16172,22.37847],[88.16158,22.3748],[88.16064,22.3743],[88.16073,22.3725],[88.15487,22.37313],[88.15435,22.3723],[88.15291,22.37232],[88.15168,22.37335],[88.15192,22.37203],[88.15127,22.37091],[88.15159,22.37016],[88.1502,22.37006],[88.14975,22.37122],[88.14887,22.37078],[88.1486,22.36971],[88.14809,22.36982],[88.14724,22.36868],[88.14677,22.36863],[88.14651,22.3698],[88.14516,22.36937],[88.14599,22.36751],[88.14505,22.36724],[88.14473,22.3665],[88.1459,22.36437]]]}},{"type":"Feature","bbox":[88.26838,22.04204,88.3211,22.08177],"properties":{"kind":"gp","gp":"Gajipur","block":"Kulpi","lgd":108166},"geometry":{"type":"MultiPolygon","coordinates":[[[[88.2719,22.04289],[88.27194,22.04625],[88.27237,22.04693],[88.27156,22.04777],[88.27189,22.04886],[88.2727,22.04967],[88.27356,22.04824],[88.27556,22.04747],[88.27567,22.04924],[88.27609,22.04928],[88.2767,22.0516],[88.27635,22.05326],[88.27819,22.05471],[88.28011,22.05479],[88.28086,22.05379],[88.28112,22.05024],[88.28047,22.04851],[88.28079,22.04677],[88.27999,22.04524],[88.28129,22.04268],[88.28019,22.04212],[88.27698,22.04343],[88.27578,22.04269],[88.27316,22.04288],[88.27266,22.04204],[88.27247,22.04291],[88.2719,22.04289]]],[[[88.27135,22.05381],[88.27324,22.06049],[88.27206,22.06195],[88.26858,22.06174],[88.26838,22.06327],[88.26945,22.06448],[88.2689,22.06516],[88.26903,22.06599],[88.27007,22.06621],[88.27156,22.06893],[88.27242,22.0693],[88.27264,22.07031],[88.27339,22.07093],[88.27404,22.07019],[88.27479,22.0706],[88.27534,22.07484],[88.27702,22.07412],[88.27714,22.07459],[88.2789,22.07441],[88.27947,22.07492],[88.28169,22.07515],[88.28144,22.07557],[88.2818,22.07615],[88.28252,22.0762],[88.28241,22.07698],[88.28305,22.07787],[88.28349,22.07951],[88.28301,22.07969],[88.28314,22.08034],[88.29129,22.08056],[88.2912,22.08134],[88.29176,22.08177],[88.29248,22.08115],[88.29224,22.07884],[88.2929,22.07886],[88.29292,22.07426],[88.29356,22.07424],[88.29399,22.07504],[88.29525,22.07489],[88.29674,22.07759],[88.29731,22.07749],[88.29554,22.07236],[88.29696,22.07208],[88.29768,22.07143],[88.30209,22.07176],[88.30401,22.07315],[88.30412,22.07381],[88.30642,22.07338],[88.30666,22.07386],[88.30817,22.07306],[88.30851,22.07349],[88.30821,22.07494],[88.31044,22.07421],[88.31088,22.07575],[88.31276,22.07554],[88.31467,22.07642],[88.31537,22.07621],[88.31595,22.07762],[88.31757,22.0772],[88.31674,22.0758],[88.31668,22.07394],[88.31717,22.07281],[88.31736,22.06895],[88.318,22.06752],[88.31796,22.06488],[88.31821,22.06388],[88.32078,22.06158],[88.3211,22.05926],[88.32096,22.05308],[88.31998,22.05268],[88.31879,22.05052],[88.31407,22.05194],[88.31248,22.05173],[88.31064,22.04998],[88.30505,22.04987],[88.30403,22.04936],[88.3034,22.05008],[88.30409,22.05005],[88.3048,22.05122],[88.30388,22.05503],[88.30407,22.05594],[88.30361,22.05659],[88.30175,22.05704],[88.3016,22.05784],[88.29963,22.05833],[88.30064,22.06074],[88.30261,22.06025],[88.30288,22.06091],[88.30377,22.0608],[88.30379,22.05948],[88.30453,22.05946],[88.30434,22.06032],[88.30519,22.06036],[88.30546,22.06118],[88.30687,22.0614],[88.30745,22.06209],[88.3118,22.06111],[88.31204,22.06152],[88.31092,22.06256],[88.31097,22.06412],[88.31301,22.06401],[88.31406,22.06517],[88.31342,22.06643],[88.31408,22.06874],[88.31315,22.06975],[88.31112,22.07014],[88.31011,22.06914],[88.30743,22.06941],[88.3048,22.06895],[88.30528,22.067],[88.30444,22.06699],[88.30359,22.06504],[88.30304,22.06519],[88.30257,22.0647],[88.30292,22.06369],[88.30404,22.0642],[88.30386,22.06333],[88.30156,22.06297],[88.30117,22.06245],[88.29827,22.06357],[88.29788,22.06217],[88.29721,22.06211],[88.29703,22.06096],[88.2962,22.06087],[88.29627,22.06334],[88.29544,22.06334],[88.2954,22.06233],[88.29404,22.06248],[88.2937,22.06089],[88.29148,22.0612],[88.28953,22.05597],[88.28759,22.05636],[88.28617,22.05557],[88.28456,22.05299],[88.28194,22.05318],[88.28132,22.05491],[88.27929,22.05589],[88.27404,22.05346],[88.27135,22.05381]]]]}},{"type":"Feature","bbox":[88.04135,21.63366,88.09467,21.71927],"properties":{"kind":"gp","gp":"Gangasagar","block":"Sagar","lgd":108266},"geometry":{"type":"MultiPolygon","coordinates":[[[[88.0436,21.65168],[88.04297,21.65222],[88.04336,21.65314],[88.04284,21.65366],[88.04202,21.6531],[88.04167,21.65376],[88.04175,21.65573],[88.0426,21.65702],[88.04395,21.66335],[88.04316,21.66608],[88.04467,21.66658],[88.045,21.66878],[88.04493,21.6704],[88.0423,21.67039],[88.04179,21.67123],[88.04135,21.67556],[88.04161,21.67596],[88.04467,21.6758],[88.04511,21.67622],[88.04342,21.67729],[88.0434,21.67845],[88.04634,21.68697],[88.04957,21.68695],[88.05081,21.68738],[88.05094,21.68784],[88.04985,21.68805],[88.05436,21.70077],[88.05502,21.7071],[88.05607,21.70912],[88.05693,21.70972],[88.05624,21.71157],[88.05435,21.71137],[88.05397,21.71176],[88.05645,21.71297],[88.05851,21.71317],[88.06646,21.71254],[88.07293,21.71571],[88.08473,21.71927],[88.09021,21.71545],[88.0945,21.71512],[88.09467,21.7133],[88.09106,21.71152],[88.08977,21.71029],[88.08815,21.70747],[88.08797,21.70531],[88.08918,21.70245],[88.08887,21.70106],[88.08706,21.69872],[88.0828,21.69611],[88.08171,21.69446],[88.0821,21.69174],[88.08333,21.69034],[88.08375,21.69067],[88.08567,21.69041],[88.08774,21.689],[88.09013,21.68639],[88.09305,21.68552],[88.09243,21.68424],[88.0906,21.6833],[88.08858,21.68123],[88.08744,21.67881],[88.08701,21.67541],[88.08762,21.67444],[88.08573,21.67149],[88.08408,21.66992],[88.08234,21.66972],[88.0837,21.66632],[88.08897,21.65826],[88.09106,21.65084],[88.09099,21.64511],[88.08834,21.63791],[88.08449,21.6361],[88.08151,21.63597],[88.08055,21.63438],[88.07905,21.63366],[88.07712,21.63372],[88.0738,21.63476],[88.07308,21.63441],[88.071,21.63466],[88.06961,21.63517],[88.06987,21.63563],[88.06943,21.63605],[88.06719,21.63576],[88.06463,21.63652],[88.06349,21.63721],[88.06286,21.65171],[88.04648,21.65221],[88.0436,21.65168]]],[[[88.04543,21.6994],[88.04602,21.69813],[88.0458,21.697],[88.04393,21.69312],[88.04293,21.69235],[88.04266,21.69294],[88.04404,21.69637],[88.04438,21.69867],[88.04543,21.6994]]],[[[88.04953,21.69447],[88.05017,21.70025],[88.05197,21.70266],[88.05316,21.70182],[88.05155,21.69911],[88.05133,21.69623],[88.04953,21.69447]]],[[[88.04396,21.70365],[88.0447,21.70229],[88.04364,21.70059],[88.04309,21.70088],[88.04236,21.70306],[88.04248,21.70816],[88.04296,21.70885],[88.04396,21.70365]]],[[[88.05555,21.71144],[88.05618,21.71109],[88.05625,21.71014],[88.05446,21.7067],[88.05427,21.70433],[88.05331,21.70306],[88.05237,21.70361],[88.05218,21.70491],[88.05311,21.70737],[88.05301,21.70857],[88.05371,21.71088],[88.05555,21.71144]]]]}},{"type":"Feature","bbox":[88.45443,22.13436,88.50925,22.17771],"properties":{"kind":"gp","gp":"Gardoani","block":"Jaynagar-II","lgd":108145},"geometry":{"type":"Polygon","coordinates":[[[88.48261,22.13853],[88.4804,22.13841],[88.47886,22.1391],[88.47721,22.14147],[88.4759,22.14239],[88.47401,22.14254],[88.47149,22.14055],[88.46767,22.13945],[88.4661,22.13925],[88.46264,22.13997],[88.46125,22.14073],[88.46146,22.1415],[88.45993,22.14254],[88.46133,22.14339],[88.46122,22.14443],[88.46059,22.14512],[88.45755,22.1463],[88.4552,22.14823],[88.45443,22.14816],[88.4562,22.1486],[88.46014,22.14704],[88.4613,22.14601],[88.46227,22.14609],[88.46373,22.14885],[88.46586,22.15119],[88.46943,22.15649],[88.4686,22.15612],[88.46639,22.15766],[88.46546,22.15974],[88.46732,22.16166],[88.46949,22.16164],[88.46937,22.16272],[88.46733,22.16322],[88.46471,22.16237],[88.46327,22.16359],[88.46268,22.16441],[88.46292,22.16535],[88.46148,22.16668],[88.46326,22.16759],[88.46574,22.16663],[88.47253,22.16551],[88.47429,22.16591],[88.47531,22.16679],[88.47629,22.16637],[88.4791,22.16728],[88.4853,22.17147],[88.48873,22.17213],[88.49136,22.17508],[88.4922,22.17667],[88.4944,22.17771],[88.49923,22.17709],[88.5012,22.17733],[88.50193,22.175],[88.49989,22.1667],[88.50004,22.16282],[88.50458,22.16092],[88.5073,22.15903],[88.50925,22.15846],[88.50766,22.15519],[88.50786,22.15447],[88.50709,22.15333],[88.50426,22.15303],[88.50234,22.15449],[88.50039,22.154],[88.49965,22.15215],[88.49846,22.15119],[88.49778,22.14602],[88.49614,22.14284],[88.49591,22.13642],[88.49401,22.13436],[88.48875,22.13465],[88.48872,22.13525],[88.48739,22.13555],[88.48734,22.13705],[88.48332,22.13912],[88.48261,22.13853]]]}},{"type":"Feature","bbox":[88.30619,22.07075,88.35231,22.12003],"properties":{"kind":"gp","gp":"Ghateswar","block":"Mandirbazar","lgd":108215},"geometry":{"type":"Polygon","coordinates":[[[88.33448,22.07858],[88.33176,22.07075],[88.33078,22.07185],[88.32599,22.07317],[88.32565,22.07371],[88.32569,22.07638],[88.32751,22.07849],[88.32694,22.08027],[88.32584,22.08155],[88.32421,22.08159],[88.32211,22.07984],[88.32093,22.07799],[88.31744,22.07806],[88.31757,22.0772],[88.3163,22.07755],[88.31682,22.07925],[88.31434,22.07971],[88.31407,22.08076],[88.31289,22.08136],[88.312,22.08068],[88.31115,22.08093],[88.31078,22.08172],[88.3115,22.08216],[88.31188,22.08421],[88.31375,22.08396],[88.31437,22.08718],[88.31475,22.08713],[88.31559,22.08939],[88.31702,22.08939],[88.31703,22.08996],[88.31928,22.08898],[88.31976,22.08943],[88.32078,22.08906],[88.32214,22.09162],[88.3224,22.09361],[88.31892,22.09466],[88.31962,22.09598],[88.31947,22.09771],[88.31601,22.09811],[88.31682,22.10076],[88.31407,22.10049],[88.31268,22.10109],[88.31211,22.10182],[88.30981,22.10296],[88.30969,22.10369],[88.31065,22.10392],[88.30991,22.10508],[88.30619,22.10565],[88.30659,22.10734],[88.3063,22.10815],[88.31143,22.10908],[88.31266,22.10998],[88.31681,22.11648],[88.3192,22.11698],[88.32361,22.11674],[88.32491,22.11737],[88.32587,22.11911],[88.33292,22.12003],[88.33375,22.11944],[88.3334,22.11702],[88.33443,22.11537],[88.33384,22.11203],[88.33655,22.11203],[88.33593,22.11261],[88.33697,22.11429],[88.3373,22.11396],[88.33858,22.11467],[88.33912,22.11419],[88.34022,22.11433],[88.34122,22.11258],[88.34269,22.11281],[88.34286,22.11484],[88.34429,22.11458],[88.34617,22.11338],[88.34621,22.1127],[88.34719,22.11242],[88.34724,22.11125],[88.3479,22.11052],[88.34673,22.10433],[88.34764,22.10151],[88.35012,22.0992],[88.35231,22.09881],[88.34635,22.0916],[88.34469,22.09286],[88.34281,22.09273],[88.34259,22.09222],[88.3413,22.09253],[88.339,22.09189],[88.33963,22.09093],[88.33903,22.0902],[88.33775,22.09068],[88.33816,22.08833],[88.33859,22.08825],[88.33866,22.0865],[88.33768,22.08568],[88.33776,22.08399],[88.33526,22.08202],[88.33402,22.08222],[88.33448,22.07858]]]}},{"type":"Feature","bbox":[88.1154,21.89913,88.14502,21.93061],"properties":{"kind":"gp","gp":"Ghoramara","block":"Sagar","lgd":108267},"geometry":{"type":"Polygon","coordinates":[[[88.12462,21.93061],[88.1253,21.93019],[88.13026,21.93016],[88.13444,21.92777],[88.13664,21.92558],[88.13779,21.92226],[88.13867,21.92297],[88.13909,21.92273],[88.1447,21.91768],[88.14502,21.91689],[88.13886,21.90637],[88.13781,21.90594],[88.1377,21.90448],[88.13333,21.9004],[88.13001,21.89913],[88.12663,21.89997],[88.12303,21.90699],[88.12098,21.90922],[88.11938,21.90965],[88.11829,21.91376],[88.1154,21.91924],[88.11546,21.92108],[88.11681,21.92388],[88.12317,21.93019],[88.12462,21.93061]]]}},{"type":"Feature","bbox":[88.40875,22.02209,88.48279,22.10385],"properties":{"kind":"gp","gp":"Gilarchhat","block":"Mathurapur-II","lgd":108231},"geometry":{"type":"Polygon","coordinates":[[[88.46796,22.08439],[88.46829,22.08116],[88.47325,22.08079],[88.47783,22.07519],[88.47949,22.07253],[88.48279,22.06277],[88.47568,22.06237],[88.47489,22.06405],[88.46604,22.06399],[88.45482,22.06206],[88.45444,22.05672],[88.45764,22.05024],[88.45741,22.04458],[88.44917,22.04572],[88.44767,22.0446],[88.44239,22.04436],[88.43313,22.04229],[88.42908,22.03774],[88.42751,22.03798],[88.42784,22.03529],[88.4299,22.02931],[88.43347,22.02591],[88.43324,22.02515],[88.43171,22.02407],[88.4307,22.02457],[88.42724,22.02426],[88.41944,22.02209],[88.42615,22.03798],[88.42613,22.03931],[88.42039,22.04074],[88.41959,22.03731],[88.41807,22.03697],[88.41775,22.03646],[88.41798,22.03444],[88.41691,22.03454],[88.41493,22.03605],[88.4148,22.03679],[88.41231,22.03819],[88.41164,22.03843],[88.41029,22.03791],[88.40875,22.03848],[88.4092,22.0445],[88.41036,22.0481],[88.41285,22.04717],[88.41258,22.04464],[88.42109,22.04435],[88.42274,22.04349],[88.42647,22.04301],[88.42808,22.04228],[88.42914,22.05046],[88.43396,22.05032],[88.43414,22.05085],[88.43733,22.051],[88.43747,22.05422],[88.43414,22.0547],[88.43425,22.05597],[88.43497,22.05593],[88.43579,22.05862],[88.44018,22.05788],[88.44377,22.06196],[88.43812,22.06435],[88.43817,22.06777],[88.43866,22.06884],[88.43803,22.07004],[88.43585,22.0707],[88.43677,22.07155],[88.43766,22.07377],[88.43973,22.07092],[88.44082,22.07062],[88.44306,22.07095],[88.44415,22.07892],[88.4431,22.08145],[88.44365,22.08285],[88.44323,22.0869],[88.44218,22.08893],[88.44099,22.08987],[88.442,22.09286],[88.44174,22.09425],[88.44252,22.09474],[88.44276,22.09579],[88.43924,22.09555],[88.43625,22.09592],[88.43538,22.09659],[88.43549,22.09889],[88.43615,22.09984],[88.43848,22.1014],[88.43868,22.10284],[88.43973,22.10385],[88.44033,22.10291],[88.44012,22.10126],[88.44129,22.10038],[88.4416,22.09822],[88.4426,22.09734],[88.44902,22.09459],[88.45832,22.08764],[88.46353,22.08665],[88.46796,22.08439]]]}},{"type":"Feature","bbox":[88.22699,22.32522,88.27142,22.35666],"properties":{"kind":"gp","gp":"Gobindapur Kalicharanpur","block":"Bishnupur-II","lgd":108042},"geometry":{"type":"Polygon","coordinates":[[[88.25248,22.34411],[88.25668,22.34273],[88.25684,22.34217],[88.25736,22.34379],[88.25857,22.34292],[88.25898,22.34391],[88.26052,22.34387],[88.2602,22.34479],[88.2615,22.34569],[88.26382,22.34508],[88.26481,22.34532],[88.26602,22.3465],[88.26664,22.34647],[88.26669,22.3445],[88.26751,22.3445],[88.26794,22.3454],[88.26884,22.34586],[88.27018,22.34547],[88.27116,22.34375],[88.27067,22.34239],[88.27122,22.34158],[88.27138,22.33944],[88.27037,22.33751],[88.27142,22.33612],[88.27023,22.33491],[88.27061,22.33391],[88.26995,22.33331],[88.27123,22.33243],[88.27047,22.33127],[88.26906,22.32985],[88.26409,22.33353],[88.2636,22.33475],[88.26261,22.33554],[88.26073,22.33539],[88.25925,22.33445],[88.25997,22.33398],[88.25957,22.3325],[88.26052,22.33229],[88.26093,22.33129],[88.26062,22.33075],[88.25943,22.33161],[88.25828,22.33164],[88.25761,22.32899],[88.25528,22.32894],[88.25461,22.32804],[88.25457,22.32641],[88.25355,22.32638],[88.25313,22.32743],[88.24895,22.32964],[88.24726,22.33126],[88.24727,22.33204],[88.24497,22.33286],[88.24343,22.33284],[88.24223,22.33074],[88.24288,22.32858],[88.24125,22.32522],[88.23906,22.32562],[88.23842,22.32628],[88.2347,22.32666],[88.23063,22.32793],[88.23014,22.3271],[88.22888,22.32736],[88.22888,22.32793],[88.22699,22.32785],[88.22806,22.33176],[88.22719,22.33211],[88.22894,22.33406],[88.22942,22.33841],[88.23064,22.33936],[88.23191,22.3394],[88.23225,22.34021],[88.2332,22.34071],[88.23452,22.34078],[88.23574,22.3421],[88.2366,22.34187],[88.23759,22.34306],[88.24056,22.34259],[88.24138,22.34214],[88.24157,22.3413],[88.24375,22.34129],[88.24291,22.34256],[88.2401,22.34479],[88.24072,22.35013],[88.23873,22.35114],[88.23877,22.35177],[88.23801,22.35177],[88.23769,22.35117],[88.23679,22.35138],[88.23685,22.35534],[88.23764,22.35629],[88.2386,22.35666],[88.24099,22.35477],[88.24294,22.35428],[88.24605,22.35224],[88.24776,22.35169],[88.24847,22.34972],[88.24942,22.34861],[88.24915,22.34755],[88.25105,22.34692],[88.25248,22.34411]]]}},{"type":"Feature","bbox":[88.37647,22.23286,88.44136,22.27762],"properties":{"kind":"gp","gp":"Gokarni","block":"Magra Hat-II","lgd":108201},"geometry":{"type":"Polygon","coordinates":[[[88.42404,22.2564],[88.42482,22.25555],[88.42401,22.2545],[88.42317,22.25435],[88.4234,22.25322],[88.42281,22.25276],[88.42488,22.25095],[88.42484,22.24843],[88.42324,22.24703],[88.42352,22.24565],[88.42225,22.24551],[88.42184,22.24483],[88.42094,22.24499],[88.42023,22.2436],[88.41776,22.24326],[88.41726,22.24083],[88.41735,22.24012],[88.41794,22.23992],[88.41834,22.24044],[88.41997,22.24046],[88.41959,22.24193],[88.42201,22.24206],[88.42406,22.24302],[88.42398,22.24209],[88.4263,22.24205],[88.42632,22.24144],[88.42698,22.24096],[88.42618,22.23771],[88.42553,22.23769],[88.4252,22.23522],[88.42458,22.23464],[88.42417,22.23286],[88.41882,22.23395],[88.4151,22.23412],[88.4151,22.23502],[88.41454,22.23509],[88.41458,22.23743],[88.41359,22.23743],[88.41355,22.23827],[88.41286,22.23835],[88.41159,22.23684],[88.41111,22.23752],[88.41153,22.24189],[88.40991,22.24289],[88.4098,22.23958],[88.40255,22.23992],[88.40214,22.24112],[88.4025,22.24271],[88.40203,22.24317],[88.40216,22.24452],[88.40054,22.24458],[88.39851,22.24567],[88.39733,22.24724],[88.39302,22.24775],[88.39187,22.24683],[88.39122,22.24685],[88.39111,22.24624],[88.39045,22.24631],[88.38827,22.24702],[88.38727,22.24783],[88.3874,22.24865],[88.38366,22.24973],[88.3834,22.24933],[88.38184,22.2491],[88.38153,22.24783],[88.38019,22.24823],[88.37798,22.24713],[88.37709,22.24759],[88.37658,22.24695],[88.37684,22.24819],[88.37647,22.24911],[88.3793,22.25523],[88.38006,22.25603],[88.38078,22.25597],[88.38103,22.25648],[88.38295,22.25628],[88.38312,22.25592],[88.38463,22.25612],[88.38607,22.25545],[88.38609,22.25629],[88.38704,22.25668],[88.38716,22.25845],[88.38755,22.25852],[88.38785,22.25981],[88.3875,22.26048],[88.3861,22.26021],[88.38589,22.25842],[88.38521,22.25795],[88.38527,22.25911],[88.38449,22.25914],[88.38435,22.2602],[88.38545,22.25998],[88.38603,22.26134],[88.38535,22.26338],[88.38841,22.27005],[88.3908,22.26901],[88.39732,22.26842],[88.39778,22.26795],[88.40055,22.26856],[88.40101,22.26813],[88.40328,22.26783],[88.4046,22.26823],[88.40623,22.26766],[88.40688,22.26794],[88.40708,22.26893],[88.40744,22.27504],[88.40976,22.27762],[88.41082,22.2764],[88.41131,22.27682],[88.4122,22.27558],[88.41361,22.27517],[88.41614,22.27078],[88.41783,22.26954],[88.41855,22.27089],[88.42405,22.26871],[88.43072,22.26923],[88.43143,22.26881],[88.4345,22.26938],[88.43493,22.27011],[88.43668,22.27027],[88.43678,22.27089],[88.4388,22.27127],[88.43948,22.27058],[88.43937,22.26782],[88.43963,22.26736],[88.4407,22.26725],[88.44136,22.26542],[88.44029,22.26399],[88.43951,22.26376],[88.43744,22.26493],[88.43791,22.26334],[88.43579,22.2641],[88.43572,22.26464],[88.43438,22.26427],[88.4317,22.25563],[88.42966,22.25444],[88.42657,22.2552],[88.42404,22.2564]]]}},{"type":"Feature","bbox":[88.56026,22.00806,88.64452,22.10607],"properties":{"kind":"gp","gp":"Gopalganj","block":"Kultali","lgd":108177},"geometry":{"type":"Polygon","coordinates":[[[88.64396,22.03733],[88.63996,22.02127],[88.63303,22.0113],[88.63074,22.01196],[88.62351,22.01146],[88.61597,22.00806],[88.6157,22.01198],[88.61493,22.01483],[88.61293,22.0172],[88.60865,22.02003],[88.60971,22.02268],[88.60405,22.02448],[88.6034,22.02515],[88.60311,22.02712],[88.60387,22.03232],[88.60358,22.03379],[88.60097,22.03842],[88.59825,22.03844],[88.59492,22.04217],[88.58833,22.04169],[88.58711,22.04216],[88.58767,22.04334],[88.58514,22.04448],[88.58063,22.04623],[88.57574,22.04737],[88.57537,22.04821],[88.57599,22.05061],[88.57547,22.05101],[88.57587,22.05348],[88.57508,22.0552],[88.57033,22.05732],[88.56877,22.06136],[88.56316,22.06554],[88.56392,22.06826],[88.56106,22.07091],[88.56026,22.07227],[88.56048,22.07863],[88.56447,22.08352],[88.56638,22.08845],[88.56797,22.08851],[88.56957,22.0879],[88.57603,22.08387],[88.57997,22.08221],[88.58627,22.08219],[88.58583,22.08471],[88.58848,22.08479],[88.58926,22.08537],[88.58567,22.09207],[88.5885,22.09586],[88.58939,22.09586],[88.59252,22.09191],[88.59471,22.09045],[88.59788,22.08941],[88.60124,22.08979],[88.60583,22.09226],[88.60832,22.09461],[88.61391,22.10322],[88.61704,22.10607],[88.6181,22.10561],[88.6197,22.10273],[88.62106,22.09842],[88.62092,22.09402],[88.62173,22.0913],[88.6223,22.0908],[88.62285,22.08564],[88.62324,22.08544],[88.62497,22.07837],[88.62624,22.07136],[88.62671,22.06334],[88.62777,22.05679],[88.63052,22.05239],[88.6334,22.05014],[88.63713,22.04627],[88.64452,22.0451],[88.64396,22.03733]]]}},{"type":"Feature","bbox":[88.28767,21.78324,88.36526,21.8581],"properties":{"kind":"gp","gp":"Gopalnagar","block":"Namkhana","lgd":108256},"geometry":{"type":"Polygon","coordinates":[[[88.3035,21.78516],[88.29972,21.78442],[88.29807,21.78324],[88.29614,21.78382],[88.29371,21.78598],[88.29055,21.7869],[88.28827,21.78896],[88.28858,21.78937],[88.28767,21.79078],[88.28915,21.7907],[88.28999,21.79166],[88.29176,21.792],[88.30108,21.78821],[88.30533,21.78706],[88.30903,21.78816],[88.31077,21.78951],[88.31174,21.79104],[88.31191,21.79286],[88.31187,21.79561],[88.311,21.7972],[88.30363,21.80083],[88.29849,21.80265],[88.29652,21.80425],[88.29645,21.80556],[88.29705,21.80667],[88.29839,21.80741],[88.30515,21.80685],[88.3106,21.80746],[88.31588,21.81891],[88.31596,21.8217],[88.31216,21.82928],[88.31313,21.83034],[88.3166,21.82908],[88.3241,21.82501],[88.32886,21.82518],[88.33064,21.82657],[88.33157,21.82811],[88.33181,21.83113],[88.33104,21.83531],[88.33215,21.83728],[88.33385,21.8381],[88.3399,21.83777],[88.34333,21.83863],[88.34761,21.84133],[88.35238,21.84657],[88.35193,21.85059],[88.34451,21.8531],[88.34262,21.85441],[88.34245,21.85526],[88.3442,21.85752],[88.35031,21.85669],[88.35475,21.8567],[88.35613,21.8581],[88.35919,21.8576],[88.35902,21.85677],[88.35528,21.8523],[88.35589,21.84859],[88.35652,21.84698],[88.35752,21.84609],[88.35649,21.84462],[88.35702,21.84317],[88.35694,21.84108],[88.35609,21.83697],[88.35479,21.83422],[88.35444,21.83119],[88.35963,21.81479],[88.36099,21.8133],[88.36526,21.81043],[88.36524,21.8046],[88.36289,21.80106],[88.36123,21.79925],[88.35698,21.79732],[88.35255,21.79788],[88.34931,21.80029],[88.34572,21.80157],[88.33821,21.80162],[88.33364,21.79725],[88.32649,21.7857],[88.32237,21.78412],[88.31883,21.78386],[88.31021,21.7851],[88.3035,21.78516]]]}},{"type":"Feature","bbox":[88.54093,22.21423,88.62818,22.27787],"properties":{"kind":"gp","gp":"Gopalpur","block":"Canning-I","lgd":108070},"geometry":{"type":"Polygon","coordinates":[[[88.60404,22.23968],[88.6118,22.23704],[88.61566,22.23694],[88.62106,22.2355],[88.62414,22.23296],[88.62428,22.23198],[88.62617,22.22901],[88.62818,22.22951],[88.62757,22.2282],[88.62515,22.22624],[88.62526,22.22221],[88.62631,22.21648],[88.61558,22.21499],[88.61412,22.21423],[88.60505,22.21929],[88.60107,22.22059],[88.59794,22.22257],[88.59742,22.21976],[88.59636,22.2178],[88.59177,22.21478],[88.59071,22.21493],[88.58561,22.21834],[88.58137,22.21973],[88.57808,22.22222],[88.57469,22.22666],[88.57408,22.22817],[88.57399,22.23026],[88.57486,22.23494],[88.57301,22.23789],[88.56769,22.24244],[88.56515,22.24339],[88.55856,22.24457],[88.55109,22.24796],[88.54772,22.25003],[88.54665,22.25164],[88.54432,22.25321],[88.54348,22.25445],[88.54093,22.26297],[88.55278,22.26254],[88.55675,22.2635],[88.55701,22.2642],[88.55782,22.26424],[88.55902,22.26536],[88.5635,22.2655],[88.56381,22.26742],[88.5654,22.27021],[88.56948,22.27339],[88.57276,22.27392],[88.57469,22.27221],[88.57536,22.2722],[88.57713,22.27388],[88.58005,22.27446],[88.58137,22.27626],[88.58358,22.27764],[88.58693,22.27787],[88.588,22.27645],[88.58713,22.27251],[88.58829,22.26845],[88.58932,22.26686],[88.59424,22.26428],[88.59651,22.26202],[88.59649,22.25845],[88.5974,22.25609],[88.60023,22.25173],[88.60339,22.24965],[88.60459,22.24565],[88.60469,22.24288],[88.60404,22.23968]]]}},{"type":"Feature","bbox":[88.12845,22.30966,88.17505,22.35584],"properties":{"kind":"gp","gp":"Gopalpur","block":"Falta","lgd":108110},"geometry":{"type":"Polygon","coordinates":[[[88.14267,22.31759],[88.14356,22.31718],[88.14427,22.31791],[88.14483,22.32057],[88.14417,22.32064],[88.1435,22.32178],[88.14203,22.32222],[88.14234,22.32345],[88.14316,22.32312],[88.14352,22.32393],[88.143,22.32517],[88.14156,22.32598],[88.14069,22.32589],[88.14017,22.3251],[88.13899,22.32531],[88.13842,22.32439],[88.13761,22.3243],[88.13548,22.32462],[88.13362,22.32582],[88.13182,22.32489],[88.13204,22.32719],[88.13173,22.32853],[88.13084,22.32932],[88.13593,22.32949],[88.13704,22.32997],[88.13693,22.33155],[88.14035,22.33079],[88.13983,22.33535],[88.13875,22.33528],[88.1374,22.33339],[88.13272,22.33335],[88.13136,22.33232],[88.13132,22.33135],[88.12939,22.33056],[88.12857,22.33206],[88.12845,22.33355],[88.12893,22.33484],[88.12953,22.33481],[88.13073,22.33578],[88.13066,22.3376],[88.13215,22.33936],[88.13223,22.3413],[88.13279,22.34177],[88.13247,22.3457],[88.1357,22.34849],[88.13674,22.35114],[88.14019,22.35217],[88.14233,22.35188],[88.14357,22.35444],[88.14502,22.35525],[88.14731,22.35515],[88.14731,22.35584],[88.15017,22.35576],[88.1505,22.35478],[88.14936,22.35518],[88.14936,22.35458],[88.14995,22.35444],[88.15001,22.35303],[88.15122,22.35369],[88.15128,22.35499],[88.15307,22.35499],[88.1541,22.35419],[88.1546,22.35521],[88.15572,22.35555],[88.15695,22.35432],[88.15807,22.35401],[88.15827,22.35313],[88.1621,22.3534],[88.16296,22.3527],[88.16318,22.35097],[88.16376,22.35064],[88.16768,22.35019],[88.16852,22.35121],[88.16919,22.3512],[88.16925,22.35195],[88.16866,22.35209],[88.16904,22.35277],[88.17223,22.35217],[88.17286,22.35272],[88.17334,22.35226],[88.17313,22.35092],[88.17445,22.35094],[88.17505,22.35047],[88.17454,22.34597],[88.17166,22.34581],[88.17141,22.34417],[88.17313,22.34287],[88.1739,22.33904],[88.17347,22.33897],[88.17341,22.338],[88.17012,22.33676],[88.17004,22.33549],[88.1707,22.33569],[88.17105,22.3349],[88.17022,22.33438],[88.16976,22.33557],[88.16696,22.33583],[88.16612,22.33486],[88.16632,22.33383],[88.16287,22.33424],[88.1625,22.33345],[88.16363,22.33247],[88.16326,22.33161],[88.16415,22.32943],[88.16408,22.32841],[88.1635,22.32774],[88.16217,22.32737],[88.16239,22.32543],[88.16306,22.32539],[88.16267,22.32416],[88.16365,22.32341],[88.16399,22.32137],[88.16498,22.32131],[88.16489,22.32043],[88.16397,22.31628],[88.16206,22.31585],[88.16119,22.3127],[88.16067,22.31278],[88.16067,22.31377],[88.15832,22.31373],[88.15931,22.31294],[88.15931,22.3111],[88.1587,22.30966],[88.15647,22.30987],[88.15607,22.31139],[88.15512,22.31128],[88.15482,22.31211],[88.15397,22.31216],[88.15379,22.31294],[88.1499,22.31364],[88.14924,22.31344],[88.14886,22.3121],[88.14747,22.31061],[88.14592,22.3102],[88.14539,22.31117],[88.14427,22.31147],[88.14333,22.31111],[88.14301,22.31345],[88.14045,22.31429],[88.14201,22.31719],[88.14267,22.31759]]]}},{"type":"Feature","bbox":[88.77238,22.10718,88.83489,22.17593],"properties":{"kind":"gp","gp":"Gosaba","block":"Basanti","lgd":108120},"geometry":{"type":"Polygon","coordinates":[[[88.8048,22.13019],[88.79909,22.12657],[88.79835,22.12538],[88.79598,22.11883],[88.79576,22.1167],[88.79621,22.11405],[88.79585,22.11343],[88.78493,22.11483],[88.77749,22.11161],[88.77536,22.11029],[88.77296,22.10718],[88.77238,22.10719],[88.77257,22.11007],[88.7746,22.11494],[88.77512,22.11859],[88.77612,22.12052],[88.78367,22.12361],[88.78689,22.13079],[88.78838,22.13263],[88.79017,22.1363],[88.791,22.13899],[88.79237,22.13972],[88.79685,22.13959],[88.79796,22.14065],[88.79897,22.14509],[88.79809,22.14816],[88.79546,22.15237],[88.79514,22.15574],[88.79724,22.15681],[88.79744,22.15733],[88.79598,22.16096],[88.7959,22.16302],[88.79345,22.16407],[88.79193,22.16566],[88.79588,22.16853],[88.79865,22.16799],[88.80526,22.17501],[88.8084,22.17593],[88.8126,22.17482],[88.82322,22.16798],[88.82948,22.16567],[88.83122,22.16552],[88.83489,22.16626],[88.83118,22.16334],[88.82781,22.15956],[88.82259,22.15053],[88.8233,22.14807],[88.82531,22.14694],[88.82414,22.14423],[88.82286,22.14315],[88.81999,22.14294],[88.8159,22.14576],[88.81441,22.14556],[88.81286,22.14359],[88.81326,22.14146],[88.81584,22.13988],[88.81701,22.13765],[88.81857,22.13646],[88.81818,22.13469],[88.81619,22.1336],[88.81569,22.13282],[88.81618,22.13025],[88.82011,22.12812],[88.81985,22.12721],[88.81664,22.12871],[88.81524,22.12992],[88.81298,22.13026],[88.80771,22.13274],[88.80666,22.13272],[88.8048,22.13019]]]}},{"type":"Feature","bbox":[88.49318,21.91426,88.58407,22.00687],"properties":{"kind":"gp","gp":"Gurguria Bhubaneswari","block":"Kultali","lgd":108178},"geometry":{"type":"Polygon","coordinates":[[[88.5422,21.94889],[88.54859,21.93814],[88.54883,21.93135],[88.54368,21.92919],[88.54221,21.92638],[88.5394,21.92723],[88.53805,21.92715],[88.53666,21.92292],[88.53063,21.91456],[88.53106,21.91426],[88.52848,21.91446],[88.52471,21.91732],[88.52621,21.92056],[88.52621,21.92272],[88.52527,21.92663],[88.52409,21.92898],[88.51856,21.93191],[88.51345,21.93372],[88.515,21.93832],[88.51349,21.94109],[88.50759,21.94884],[88.50119,21.95429],[88.49797,21.95862],[88.49572,21.96033],[88.49391,21.96249],[88.49318,21.96385],[88.49318,21.96615],[88.49403,21.97064],[88.49745,21.97472],[88.49911,21.97825],[88.50183,21.98125],[88.51268,21.98742],[88.51324,21.98798],[88.51319,21.989],[88.51404,21.9885],[88.51632,21.98917],[88.51822,21.98906],[88.52946,21.98666],[88.53565,21.98419],[88.53664,21.98042],[88.54131,21.98191],[88.55252,22.0],[88.554,22.00308],[88.55502,22.00687],[88.55912,22.00537],[88.56018,22.0043],[88.56719,22.00214],[88.57124,22.00044],[88.57144,21.99998],[88.57649,21.9983],[88.58089,21.99553],[88.58224,21.99408],[88.58344,21.99177],[88.58407,21.98909],[88.57582,21.98124],[88.5741,21.9779],[88.57534,21.96331],[88.57494,21.96208],[88.57389,21.96109],[88.57081,21.95972],[88.5687,21.95992],[88.56751,21.96077],[88.56566,21.96258],[88.56374,21.96523],[88.56355,21.96625],[88.55973,21.9713],[88.55675,21.97396],[88.55452,21.97463],[88.55398,21.97636],[88.55328,21.97629],[88.55292,21.9753],[88.54775,21.97446],[88.54404,21.97302],[88.5426,21.97083],[88.54122,21.96716],[88.53631,21.96808],[88.53547,21.96871],[88.53552,21.96824],[88.53748,21.96718],[88.54092,21.96672],[88.54122,21.96599],[88.54097,21.9614],[88.54251,21.95139],[88.54242,21.94962],[88.54056,21.94955],[88.5422,21.94889]]]}},{"type":"Feature","bbox":[88.51568,22.32433,88.57059,22.3621],"properties":{"kind":"gp","gp":"Hardhah","block":"Baruipur","lgd":107983},"geometry":{"type":"Polygon","coordinates":[[[88.56141,22.33371],[88.56158,22.33212],[88.56067,22.33059],[88.5603,22.32847],[88.55871,22.32668],[88.55768,22.32433],[88.55264,22.32507],[88.55191,22.32562],[88.55093,22.32804],[88.54532,22.3301],[88.54053,22.33119],[88.53432,22.33167],[88.5294,22.33569],[88.51912,22.33931],[88.51775,22.34018],[88.51568,22.34619],[88.5163,22.34911],[88.51603,22.35312],[88.51986,22.35367],[88.52194,22.35789],[88.52191,22.35914],[88.52491,22.36031],[88.52645,22.36169],[88.53099,22.36204],[88.53226,22.3614],[88.53326,22.3621],[88.53627,22.36204],[88.53681,22.36095],[88.53851,22.36],[88.53832,22.35827],[88.53681,22.35593],[88.53725,22.35488],[88.53927,22.3541],[88.5424,22.35487],[88.54541,22.35922],[88.54865,22.3609],[88.54973,22.3621],[88.55147,22.36013],[88.55111,22.35899],[88.55023,22.35845],[88.5507,22.35776],[88.55174,22.35796],[88.55228,22.3589],[88.5538,22.35877],[88.5556,22.35775],[88.55437,22.35583],[88.55541,22.35504],[88.55531,22.35402],[88.5546,22.35341],[88.55367,22.35378],[88.55416,22.35039],[88.55694,22.3493],[88.55691,22.35051],[88.55847,22.35109],[88.55746,22.3529],[88.55774,22.35329],[88.55977,22.35326],[88.56439,22.35527],[88.57059,22.35445],[88.57038,22.35355],[88.5671,22.34946],[88.56358,22.34546],[88.56207,22.34473],[88.56154,22.3415],[88.55877,22.34023],[88.55874,22.33885],[88.55706,22.33498],[88.56141,22.33371]]]}},{"type":"Feature","bbox":[88.40761,22.36799,88.44384,22.39472],"properties":{"kind":"gp","gp":"Hariharpur","block":"Baruipur","lgd":107984},"geometry":{"type":"Polygon","coordinates":[[[88.41782,22.37366],[88.41647,22.37375],[88.41628,22.37287],[88.41309,22.37269],[88.41248,22.37115],[88.41277,22.3694],[88.41118,22.36934],[88.41066,22.36847],[88.40761,22.36799],[88.40845,22.37588],[88.40889,22.37658],[88.41033,22.37714],[88.4103,22.37829],[88.41105,22.37842],[88.41157,22.38091],[88.413,22.38134],[88.41434,22.38293],[88.41614,22.38319],[88.41635,22.39358],[88.4179,22.39343],[88.41777,22.39077],[88.42206,22.39038],[88.42271,22.39095],[88.42394,22.39082],[88.42659,22.38967],[88.42847,22.3895],[88.42918,22.39198],[88.42847,22.39202],[88.42744,22.39328],[88.42744,22.39425],[88.42809,22.39441],[88.43305,22.39351],[88.43587,22.39472],[88.43854,22.39419],[88.44008,22.39337],[88.44014,22.39268],[88.44127,22.39244],[88.44221,22.39335],[88.44342,22.39303],[88.4433,22.39082],[88.44384,22.39074],[88.44296,22.38906],[88.44092,22.3893],[88.44067,22.38878],[88.43971,22.38873],[88.4396,22.38739],[88.43829,22.38711],[88.43741,22.38616],[88.43759,22.3839],[88.43626,22.38413],[88.43584,22.38354],[88.43561,22.38031],[88.43691,22.37936],[88.43773,22.37973],[88.43711,22.37643],[88.43512,22.37659],[88.4351,22.37539],[88.43452,22.37484],[88.43244,22.37534],[88.43235,22.37481],[88.4311,22.37488],[88.42894,22.37408],[88.42821,22.37245],[88.42529,22.37215],[88.42608,22.36997],[88.42565,22.3689],[88.42459,22.36969],[88.42227,22.3696],[88.41951,22.37427],[88.41836,22.37431],[88.41782,22.37366]]]}},{"type":"Feature","bbox":[88.27371,22.2412,88.32142,22.28098],"properties":{"kind":"gp","gp":"Hariharpur","block":"Magra Hat-I","lgd":108186},"geometry":{"type":"Polygon","coordinates":[[[88.28481,22.2493],[88.28381,22.25173],[88.28426,22.25334],[88.28296,22.25331],[88.28236,22.25388],[88.27838,22.25397],[88.27834,22.2527],[88.2774,22.2526],[88.27727,22.25329],[88.27614,22.25331],[88.27589,22.25291],[88.2747,22.25353],[88.27407,22.25458],[88.27474,22.25545],[88.27489,22.25664],[88.27809,22.25645],[88.27846,22.25917],[88.27649,22.25893],[88.27683,22.26135],[88.27393,22.2618],[88.27383,22.26397],[88.27437,22.26472],[88.27371,22.2665],[88.2749,22.26695],[88.27696,22.26615],[88.27709,22.26705],[88.28226,22.26564],[88.28461,22.26733],[88.28599,22.26679],[88.28849,22.2706],[88.28868,22.27138],[88.28793,22.27334],[88.28849,22.27457],[88.29013,22.27446],[88.2907,22.27708],[88.28999,22.27914],[88.29083,22.279],[88.29398,22.2804],[88.29608,22.28005],[88.30086,22.28098],[88.30094,22.27884],[88.29981,22.27292],[88.30053,22.27029],[88.30017,22.26842],[88.29979,22.26751],[88.29778,22.26691],[88.29734,22.26547],[88.29952,22.26387],[88.29989,22.26286],[88.30142,22.26154],[88.30311,22.26087],[88.30299,22.2591],[88.30255,22.25872],[88.3017,22.25911],[88.30091,22.25793],[88.30142,22.25643],[88.30204,22.25632],[88.30225,22.25552],[88.30333,22.2549],[88.30302,22.25434],[88.30383,22.25374],[88.30489,22.25432],[88.3068,22.25426],[88.30763,22.25511],[88.30617,22.25707],[88.30668,22.25772],[88.3076,22.25686],[88.30897,22.25648],[88.30789,22.25537],[88.30927,22.25531],[88.30947,22.25218],[88.3102,22.25217],[88.31046,22.25371],[88.31102,22.25374],[88.31099,22.25242],[88.31148,22.25232],[88.31183,22.25395],[88.31297,22.25331],[88.31253,22.25225],[88.31165,22.25198],[88.31149,22.25075],[88.31248,22.25026],[88.31262,22.24883],[88.31351,22.24891],[88.31375,22.2498],[88.3149,22.25013],[88.31512,22.24853],[88.3163,22.2481],[88.31656,22.24936],[88.3191,22.24861],[88.31903,22.24785],[88.32092,22.24673],[88.32142,22.24567],[88.32039,22.24306],[88.31691,22.24374],[88.31417,22.24367],[88.31113,22.24273],[88.31052,22.2412],[88.30774,22.24149],[88.30817,22.24314],[88.30674,22.24317],[88.30604,22.2423],[88.30552,22.24227],[88.30526,22.2429],[88.30439,22.24248],[88.30369,22.24343],[88.30523,22.24458],[88.30385,22.24458],[88.30298,22.244],[88.30282,22.24302],[88.30211,22.24344],[88.30217,22.24472],[88.30184,22.24573],[88.30113,22.24607],[88.30133,22.24672],[88.30319,22.24651],[88.30371,22.248],[88.30468,22.24793],[88.30327,22.25078],[88.30242,22.25083],[88.30155,22.25028],[88.3015,22.24956],[88.30215,22.24913],[88.29981,22.24775],[88.29895,22.24814],[88.29834,22.2478],[88.2985,22.24728],[88.29754,22.24649],[88.29766,22.24604],[88.29683,22.24547],[88.29653,22.24573],[88.29371,22.24368],[88.29372,22.24313],[88.29294,22.24299],[88.2935,22.24443],[88.29247,22.24419],[88.29187,22.2451],[88.29188,22.24641],[88.29086,22.24631],[88.291,22.24266],[88.29004,22.24232],[88.29012,22.24407],[88.28837,22.24413],[88.28814,22.24558],[88.2874,22.24586],[88.28669,22.24467],[88.28535,22.2447],[88.28481,22.2493]]]}},{"type":"Feature","bbox":[88.44818,22.21081,88.48352,22.25681],"properties":{"kind":"gp","gp":"Harinarayanpur","block":"Jaynagar-I","lgd":108134},"geometry":{"type":"Polygon","coordinates":[[[88.47295,22.22536],[88.47256,22.2245],[88.47342,22.22142],[88.47323,22.21981],[88.47136,22.21637],[88.46985,22.21098],[88.46895,22.21081],[88.46688,22.21171],[88.46546,22.21293],[88.46247,22.21326],[88.46256,22.21372],[88.46116,22.21478],[88.45798,22.21501],[88.45565,22.21715],[88.45423,22.21777],[88.44911,22.21738],[88.44818,22.21688],[88.44991,22.21858],[88.45137,22.21847],[88.45305,22.22215],[88.45353,22.22229],[88.45355,22.22336],[88.45222,22.22387],[88.45331,22.22422],[88.4535,22.2249],[88.45284,22.22505],[88.4534,22.22723],[88.45492,22.23063],[88.4564,22.23225],[88.45624,22.23351],[88.45755,22.23758],[88.454,22.23919],[88.45437,22.24285],[88.45319,22.24275],[88.4533,22.24448],[88.45233,22.24526],[88.45217,22.24741],[88.45367,22.24756],[88.45254,22.24858],[88.45306,22.24924],[88.45513,22.24892],[88.4553,22.24995],[88.45732,22.2497],[88.45682,22.25157],[88.4572,22.25173],[88.45646,22.25326],[88.45838,22.25289],[88.4607,22.25346],[88.46225,22.25308],[88.46658,22.25339],[88.46654,22.2547],[88.468,22.25494],[88.46711,22.25615],[88.46717,22.25681],[88.46817,22.25646],[88.46885,22.25544],[88.47085,22.25504],[88.47011,22.25409],[88.47005,22.25279],[88.47235,22.2526],[88.47242,22.24967],[88.48302,22.24738],[88.48352,22.23929],[88.48104,22.23955],[88.47948,22.23845],[88.47909,22.23509],[88.4773,22.232],[88.47684,22.22963],[88.47389,22.22538],[88.47295,22.22536]]]}},{"type":"Feature","bbox":[88.17489,22.2025,88.2068,22.23268],"properties":{"kind":"gp","gp":"Harindanga","block":"Diamond Harbour-I","lgd":108089},"geometry":{"type":"Polygon","coordinates":[[[88.19659,22.20755],[88.19749,22.20753],[88.19696,22.20907],[88.19803,22.20916],[88.19694,22.2106],[88.19571,22.21066],[88.19451,22.21154],[88.19218,22.21119],[88.19116,22.21198],[88.19061,22.2102],[88.18842,22.20768],[88.18911,22.20504],[88.18827,22.20615],[88.1878,22.2061],[88.18692,22.20456],[88.18303,22.20426],[88.18334,22.20532],[88.18461,22.20556],[88.18454,22.2071],[88.18283,22.20775],[88.18171,22.20919],[88.18165,22.21001],[88.18066,22.20991],[88.1808,22.205],[88.17879,22.20497],[88.17851,22.2058],[88.17684,22.2064],[88.17624,22.20759],[88.17567,22.21136],[88.17489,22.21158],[88.17489,22.21225],[88.17547,22.21456],[88.178,22.21568],[88.17886,22.21542],[88.17919,22.21634],[88.17819,22.2165],[88.17863,22.21836],[88.17751,22.21889],[88.17743,22.22058],[88.17805,22.22259],[88.17907,22.22366],[88.17899,22.22499],[88.17825,22.22539],[88.1776,22.22828],[88.1781,22.22906],[88.17924,22.22887],[88.17969,22.22989],[88.17899,22.23013],[88.17901,22.23187],[88.18016,22.23132],[88.18034,22.22896],[88.18241,22.22861],[88.18232,22.23164],[88.18105,22.23186],[88.18108,22.23245],[88.18263,22.23268],[88.18403,22.23171],[88.184,22.22994],[88.18464,22.22916],[88.18399,22.22897],[88.18289,22.22741],[88.18406,22.22762],[88.18564,22.22692],[88.1849,22.22474],[88.1853,22.22198],[88.18466,22.21913],[88.18484,22.2169],[88.18626,22.21644],[88.18637,22.21689],[88.18762,22.2169],[88.18796,22.21753],[88.18915,22.21725],[88.19105,22.21845],[88.19229,22.2181],[88.19331,22.21882],[88.19428,22.22052],[88.19435,22.21822],[88.1949,22.21776],[88.19815,22.21755],[88.19907,22.21834],[88.20105,22.21747],[88.20314,22.21968],[88.2045,22.21949],[88.20368,22.21831],[88.20476,22.2167],[88.20549,22.21079],[88.2068,22.21074],[88.20663,22.20932],[88.20482,22.20882],[88.20422,22.20732],[88.20647,22.2025],[88.20103,22.2033],[88.1987,22.20522],[88.19655,22.20536],[88.19659,22.20755]]]}},{"type":"Feature","bbox":[88.16218,22.27074,88.1931,22.30876],"properties":{"kind":"gp","gp":"Harindanga-I","block":"Falta","lgd":108111},"geometry":{"type":"Polygon","coordinates":[[[88.18632,22.27661],[88.1861,22.27387],[88.18332,22.27292],[88.18199,22.27201],[88.18166,22.27116],[88.18084,22.271],[88.18006,22.27194],[88.1806,22.27368],[88.17973,22.27364],[88.1793,22.27522],[88.17838,22.27513],[88.17784,22.27431],[88.17715,22.2743],[88.17724,22.27319],[88.17657,22.273],[88.17696,22.27228],[88.17603,22.27074],[88.17523,22.27086],[88.1757,22.27249],[88.17501,22.27244],[88.17514,22.2745],[88.17593,22.27613],[88.17359,22.27686],[88.17302,22.27629],[88.17079,22.27638],[88.17045,22.27741],[88.16814,22.27678],[88.16218,22.27719],[88.16239,22.28184],[88.16504,22.28182],[88.16513,22.28134],[88.16635,22.28189],[88.1672,22.28166],[88.16819,22.28294],[88.17024,22.2836],[88.17039,22.28448],[88.17095,22.28484],[88.17085,22.28562],[88.17265,22.28636],[88.17315,22.28705],[88.17294,22.28801],[88.17437,22.28957],[88.17435,22.29168],[88.17235,22.29206],[88.17148,22.29386],[88.1689,22.29384],[88.16764,22.29569],[88.16693,22.29573],[88.16734,22.29654],[88.1672,22.29883],[88.168,22.29922],[88.16849,22.3008],[88.17312,22.30196],[88.17307,22.30631],[88.174,22.3077],[88.1748,22.30779],[88.17507,22.30876],[88.18081,22.30807],[88.18303,22.30661],[88.18238,22.3064],[88.18275,22.30487],[88.18396,22.30381],[88.18277,22.3041],[88.18295,22.30295],[88.18477,22.30265],[88.18765,22.30065],[88.18883,22.30082],[88.19041,22.30201],[88.1931,22.30141],[88.19196,22.30012],[88.19178,22.29721],[88.18915,22.29761],[88.18661,22.29696],[88.18551,22.29515],[88.18529,22.29381],[88.18579,22.29319],[88.18526,22.29196],[88.18697,22.28996],[88.18729,22.28788],[88.18942,22.28669],[88.19083,22.28655],[88.19037,22.28529],[88.19086,22.28471],[88.19056,22.2835],[88.19094,22.281],[88.18831,22.28167],[88.1848,22.27783],[88.18632,22.27661]]]}},{"type":"Feature","bbox":[88.1848,22.27097,88.21754,22.29508],"properties":{"kind":"gp","gp":"Harindanga-Ii","block":"Falta","lgd":108112},"geometry":{"type":"Polygon","coordinates":[[[88.19569,22.2759],[88.1986,22.27558],[88.19987,22.27457],[88.19947,22.27152],[88.19797,22.27097],[88.19758,22.27177],[88.19645,22.27114],[88.19484,22.27177],[88.19366,22.27117],[88.1936,22.27236],[88.19257,22.27372],[88.18925,22.27329],[88.1861,22.27387],[88.18632,22.27661],[88.1848,22.27783],[88.18831,22.28167],[88.19094,22.281],[88.19056,22.2835],[88.19086,22.28471],[88.19037,22.28529],[88.19065,22.28614],[88.19287,22.28599],[88.19373,22.28535],[88.19457,22.28625],[88.19518,22.28565],[88.19559,22.28693],[88.19659,22.2867],[88.19734,22.28788],[88.19622,22.288],[88.19686,22.28936],[88.19672,22.29118],[88.19806,22.29107],[88.19981,22.29508],[88.20743,22.2942],[88.20916,22.29356],[88.21008,22.29258],[88.21182,22.29227],[88.21086,22.29075],[88.21101,22.2896],[88.21309,22.2898],[88.21359,22.29123],[88.21497,22.29126],[88.21598,22.28995],[88.21636,22.29007],[88.21664,22.28859],[88.21403,22.28758],[88.21307,22.28534],[88.21205,22.28525],[88.21155,22.28441],[88.21222,22.28377],[88.2142,22.28437],[88.21503,22.28589],[88.21693,22.28566],[88.21754,22.28394],[88.21704,22.28228],[88.21611,22.28205],[88.21411,22.28006],[88.20929,22.28017],[88.20806,22.27888],[88.20249,22.28025],[88.20101,22.27807],[88.1951,22.27856],[88.19569,22.2759]]]}},{"type":"Feature","bbox":[88.24206,21.5988,88.30378,21.71096],"properties":{"kind":"gp","gp":"Haripur","block":"Kak Dwip","lgd":108243},"geometry":{"type":"Polygon","coordinates":[[[88.26101,21.63305],[88.26237,21.63422],[88.26572,21.63884],[88.2682,21.64387],[88.268,21.64552],[88.26167,21.65425],[88.26177,21.65701],[88.26268,21.65867],[88.26729,21.66455],[88.27505,21.67252],[88.27831,21.67413],[88.28077,21.67465],[88.28366,21.67378],[88.28381,21.67676],[88.28816,21.6782],[88.28835,21.67869],[88.28364,21.67737],[88.28183,21.6757],[88.27473,21.67675],[88.27264,21.67832],[88.27177,21.6777],[88.27126,21.67611],[88.26942,21.67473],[88.2668,21.67431],[88.26597,21.67492],[88.26548,21.67615],[88.25712,21.67932],[88.25688,21.67983],[88.25505,21.6799],[88.25159,21.67899],[88.24573,21.68133],[88.24341,21.68113],[88.24206,21.68496],[88.2423,21.68797],[88.25011,21.7062],[88.25709,21.70378],[88.26769,21.69888],[88.26999,21.70318],[88.27016,21.70425],[88.26923,21.70674],[88.26934,21.708],[88.27062,21.71024],[88.27152,21.71082],[88.27284,21.71065],[88.27477,21.70916],[88.27663,21.70687],[88.27849,21.7063],[88.27983,21.70711],[88.28101,21.71096],[88.28379,21.70696],[88.28193,21.70625],[88.28378,21.70317],[88.28949,21.69575],[88.29075,21.6957],[88.29421,21.69199],[88.29446,21.68974],[88.29678,21.68685],[88.30025,21.68448],[88.30117,21.68242],[88.30378,21.66986],[88.30265,21.66062],[88.2976,21.64453],[88.29513,21.6389],[88.29229,21.63499],[88.28918,21.62518],[88.28789,21.62422],[88.28879,21.61996],[88.28808,21.619],[88.28817,21.61793],[88.28691,21.61748],[88.28715,21.61561],[88.28697,21.61407],[88.28628,21.61386],[88.2863,21.60967],[88.28511,21.60875],[88.28598,21.60756],[88.28667,21.60445],[88.28462,21.60148],[88.28442,21.60071],[88.28509,21.5988],[88.28151,21.59884],[88.27902,21.6022],[88.28062,21.61267],[88.28254,21.61739],[88.28086,21.62242],[88.27874,21.62651],[88.26907,21.62279],[88.26975,21.62154],[88.26894,21.61812],[88.26892,21.61513],[88.26962,21.6142],[88.26823,21.61211],[88.26664,21.61382],[88.26652,21.61932],[88.26563,21.62207],[88.26094,21.62936],[88.25776,21.63171],[88.26101,21.63305]]]}},{"type":"Feature","bbox":[88.53563,22.26254,88.58518,22.31525],"properties":{"kind":"gp","gp":"Hatpukuria","block":"Canning-I","lgd":108071},"geometry":{"type":"Polygon","coordinates":[[[88.5635,22.2655],[88.55902,22.26536],[88.55782,22.26424],[88.55701,22.2642],[88.55675,22.2635],[88.55278,22.26254],[88.54093,22.26297],[88.53633,22.26708],[88.53666,22.26767],[88.53563,22.26973],[88.53891,22.27966],[88.54247,22.2866],[88.54482,22.29412],[88.54922,22.3003],[88.55281,22.31077],[88.55546,22.31358],[88.55554,22.3146],[88.55666,22.31525],[88.55737,22.31525],[88.5596,22.31365],[88.56405,22.31308],[88.56523,22.31196],[88.5687,22.31174],[88.5695,22.31098],[88.56719,22.30223],[88.56729,22.30125],[88.56441,22.29736],[88.56437,22.29507],[88.5637,22.29357],[88.56265,22.29261],[88.56078,22.28826],[88.5673,22.28671],[88.568,22.28772],[88.57077,22.28802],[88.57613,22.287],[88.57646,22.28629],[88.57771,22.28658],[88.57904,22.28412],[88.58017,22.28317],[88.58448,22.28286],[88.58518,22.27997],[88.58464,22.27775],[88.58212,22.27687],[88.58005,22.27446],[88.57636,22.27349],[88.57536,22.2722],[88.57469,22.27221],[88.57276,22.27392],[88.56948,22.27339],[88.56699,22.27176],[88.5654,22.27021],[88.56381,22.26742],[88.5635,22.2655]]]}},{"type":"Feature","bbox":[88.42684,21.83553,88.4889,21.90552],"properties":{"kind":"gp","gp":"Herambagopalpur","block":"Pathar Pratima","lgd":108257},"geometry":{"type":"Polygon","coordinates":[[[88.47048,21.83553],[88.46172,21.84469],[88.45039,21.84418],[88.44653,21.84515],[88.44529,21.8459],[88.44676,21.84747],[88.44458,21.85011],[88.4431,21.85329],[88.4426,21.85672],[88.44142,21.85977],[88.43886,21.85939],[88.43669,21.86129],[88.43041,21.86311],[88.42774,21.86525],[88.4269,21.86707],[88.42684,21.86916],[88.4272,21.86994],[88.42765,21.86948],[88.42802,21.87045],[88.42856,21.87394],[88.42854,21.88086],[88.42983,21.8835],[88.43113,21.88365],[88.43745,21.88043],[88.43936,21.88035],[88.44006,21.89939],[88.44047,21.90151],[88.44325,21.905],[88.44405,21.90477],[88.44573,21.90545],[88.44768,21.90552],[88.45066,21.90492],[88.45143,21.90437],[88.45418,21.89854],[88.45788,21.89453],[88.46208,21.89274],[88.47059,21.89123],[88.47507,21.88984],[88.475,21.88906],[88.47649,21.88812],[88.47873,21.87988],[88.48186,21.87473],[88.48359,21.87054],[88.48366,21.86883],[88.48559,21.86226],[88.48622,21.86248],[88.48713,21.85968],[88.4866,21.85943],[88.48801,21.85479],[88.48728,21.85437],[88.48867,21.85141],[88.4889,21.84732],[88.4885,21.84252],[88.48786,21.84038],[88.4842,21.8383],[88.48322,21.83869],[88.47815,21.83854],[88.47329,21.83753],[88.47048,21.83553]]]}},{"type":"Feature","bbox":[88.38355,22.28788,88.41983,22.32513],"properties":{"kind":"gp","gp":"Hotor Morjada","block":"Magra Hat-II","lgd":108202},"geometry":{"type":"Polygon","coordinates":[[[88.39811,22.29069],[88.39694,22.29128],[88.39671,22.29282],[88.39552,22.29291],[88.3955,22.29349],[88.39472,22.2938],[88.39535,22.29558],[88.39461,22.29555],[88.39453,22.29618],[88.3936,22.2966],[88.3945,22.29886],[88.39419,22.30139],[88.39273,22.30416],[88.39166,22.30472],[88.39175,22.30518],[88.39284,22.30564],[88.39427,22.3051],[88.39482,22.30582],[88.39387,22.30677],[88.39199,22.30747],[88.3923,22.30902],[88.39177,22.30922],[88.39177,22.3107],[88.39134,22.31084],[88.39123,22.31225],[88.39053,22.31266],[88.39036,22.31425],[88.38918,22.3151],[88.38924,22.31611],[88.38865,22.31698],[88.38667,22.31837],[88.38727,22.32054],[88.3865,22.32075],[88.38589,22.32253],[88.38355,22.32344],[88.38434,22.32513],[88.38699,22.32441],[88.3893,22.32506],[88.38997,22.32427],[88.39228,22.3243],[88.39274,22.32283],[88.39584,22.32248],[88.39648,22.3205],[88.39759,22.31938],[88.39848,22.31895],[88.40008,22.31935],[88.40129,22.31857],[88.40285,22.31846],[88.40414,22.31584],[88.40521,22.31541],[88.40644,22.31604],[88.40806,22.31571],[88.40928,22.31724],[88.4129,22.31716],[88.41477,22.31606],[88.41468,22.31491],[88.41339,22.31247],[88.41524,22.30959],[88.41438,22.3088],[88.41219,22.30887],[88.41012,22.30637],[88.41299,22.30467],[88.41274,22.30231],[88.41381,22.30157],[88.41385,22.29885],[88.4161,22.29835],[88.41735,22.29653],[88.4186,22.29643],[88.41921,22.29588],[88.41983,22.29291],[88.41815,22.29165],[88.41708,22.29149],[88.41643,22.29158],[88.41608,22.293],[88.41266,22.29361],[88.41214,22.29276],[88.40999,22.29197],[88.4096,22.29035],[88.40906,22.2903],[88.40886,22.28957],[88.40243,22.28819],[88.39906,22.28788],[88.39811,22.29069]]]}},{"type":"Feature","bbox":[88.24595,22.10163,88.28072,22.17002],"properties":{"kind":"gp","gp":"Iswaripur","block":"Kulpi","lgd":108167},"geometry":{"type":"MultiPolygon","coordinates":[[[[88.26632,22.11051],[88.26552,22.11105],[88.26721,22.11402],[88.26771,22.11705],[88.2687,22.11695],[88.26936,22.11752],[88.26971,22.11878],[88.27088,22.11864],[88.27114,22.1161],[88.27295,22.11714],[88.27357,22.11587],[88.27327,22.1151],[88.27434,22.11454],[88.27357,22.11372],[88.27389,22.11265],[88.27469,22.11231],[88.27286,22.10998],[88.27225,22.11043],[88.27049,22.1085],[88.26917,22.10783],[88.26848,22.10497],[88.26883,22.10421],[88.26662,22.10163],[88.2644,22.10209],[88.26457,22.10364],[88.26333,22.10377],[88.26373,22.10548],[88.26632,22.11051]]],[[[88.27643,22.11252],[88.27696,22.11384],[88.27498,22.11442],[88.27479,22.11662],[88.27552,22.11795],[88.27505,22.1181],[88.27433,22.12089],[88.27426,22.12332],[88.2756,22.12313],[88.28066,22.11982],[88.28072,22.11746],[88.27995,22.11343],[88.27683,22.11176],[88.27643,22.11252]]],[[[88.25294,22.10285],[88.25314,22.10443],[88.2527,22.1051],[88.25151,22.10549],[88.24699,22.10496],[88.24595,22.10558],[88.24719,22.10903],[88.24809,22.1086],[88.2499,22.10906],[88.25045,22.11093],[88.24907,22.11126],[88.25078,22.11875],[88.25161,22.12522],[88.25229,22.12472],[88.25236,22.12813],[88.25351,22.12863],[88.25333,22.131],[88.25406,22.13626],[88.25401,22.14109],[88.2535,22.14122],[88.25387,22.1445],[88.25295,22.14606],[88.25334,22.14791],[88.253,22.14859],[88.25109,22.14906],[88.25019,22.14989],[88.25037,22.15034],[88.25146,22.15061],[88.25202,22.15267],[88.25181,22.15378],[88.25346,22.15387],[88.25377,22.15698],[88.25452,22.15815],[88.25683,22.15828],[88.25704,22.15386],[88.26007,22.15324],[88.25991,22.15571],[88.2625,22.16175],[88.26196,22.16333],[88.25992,22.16416],[88.25729,22.16627],[88.25486,22.16743],[88.25539,22.1679],[88.25586,22.17002],[88.2594,22.16901],[88.26048,22.1693],[88.26207,22.16895],[88.26328,22.16744],[88.26469,22.16762],[88.26657,22.1663],[88.26788,22.16649],[88.26973,22.16576],[88.26989,22.16526],[88.26895,22.16491],[88.26843,22.16303],[88.26912,22.16148],[88.26972,22.16137],[88.26969,22.16066],[88.26865,22.16042],[88.2682,22.1594],[88.26932,22.15903],[88.26924,22.15826],[88.26713,22.15903],[88.26675,22.15827],[88.26908,22.1573],[88.26831,22.15606],[88.26894,22.151],[88.26817,22.14889],[88.2657,22.14805],[88.26562,22.1469],[88.26491,22.14644],[88.26653,22.1461],[88.26675,22.14512],[88.26769,22.14445],[88.27284,22.1433],[88.27287,22.14241],[88.27169,22.14242],[88.27152,22.14098],[88.27052,22.14078],[88.26908,22.13661],[88.26697,22.13394],[88.26851,22.13365],[88.26821,22.13149],[88.2657,22.13066],[88.267,22.12964],[88.26661,22.12813],[88.265,22.12735],[88.2634,22.12767],[88.26278,22.12642],[88.26252,22.12493],[88.26289,22.12341],[88.26135,22.12079],[88.26169,22.11827],[88.26069,22.11541],[88.2611,22.11539],[88.26109,22.1137],[88.26016,22.10878],[88.26094,22.10823],[88.2598,22.1069],[88.25926,22.10765],[88.25886,22.10709],[88.25963,22.10569],[88.25905,22.10517],[88.25862,22.10558],[88.25778,22.10527],[88.25618,22.10164],[88.25294,22.10285]]]]}},{"type":"Feature","bbox":[88.60332,22.1353,88.67416,22.26506],"properties":{"kind":"gp","gp":"Itkhola","block":"Canning-I","lgd":108072},"geometry":{"type":"Polygon","coordinates":[[[88.64319,22.16485],[88.63945,22.15758],[88.63945,22.15472],[88.64128,22.14659],[88.64097,22.14319],[88.63937,22.14115],[88.63593,22.1385],[88.63444,22.13569],[88.63251,22.1353],[88.63178,22.13563],[88.63091,22.14808],[88.63284,22.15335],[88.63359,22.158],[88.62707,22.16554],[88.62553,22.16938],[88.62614,22.17524],[88.62508,22.1825],[88.62893,22.192],[88.62847,22.19424],[88.62784,22.1955],[88.61979,22.20077],[88.61729,22.2018],[88.6156,22.20814],[88.61339,22.21198],[88.61412,22.21423],[88.61558,22.21499],[88.62631,22.21648],[88.62526,22.22221],[88.62515,22.22624],[88.62757,22.2282],[88.62818,22.22951],[88.62617,22.22901],[88.62428,22.23198],[88.62414,22.23296],[88.62106,22.2355],[88.61566,22.23694],[88.6118,22.23704],[88.60404,22.23968],[88.60469,22.24288],[88.60459,22.24565],[88.60332,22.2506],[88.60573,22.25429],[88.61378,22.25752],[88.61542,22.25689],[88.61692,22.25789],[88.61737,22.25759],[88.6337,22.26506],[88.6345,22.26501],[88.63474,22.2623],[88.63688,22.26004],[88.63604,22.25822],[88.63761,22.25447],[88.63758,22.25285],[88.63644,22.25117],[88.63695,22.25012],[88.63747,22.24953],[88.64603,22.24668],[88.64805,22.24516],[88.64637,22.24111],[88.64494,22.23906],[88.63846,22.2316],[88.63435,22.22936],[88.63157,22.22435],[88.63109,22.22259],[88.63125,22.21764],[88.63267,22.21281],[88.64115,22.20764],[88.64583,22.20814],[88.65574,22.207],[88.66239,22.20806],[88.67038,22.2065],[88.67342,22.20539],[88.67416,22.20431],[88.67392,22.20045],[88.67203,22.19538],[88.66312,22.18015],[88.6549,22.17552],[88.64906,22.17145],[88.64319,22.16485]]]}},{"type":"Feature","bbox":[88.32099,22.13022,88.38823,22.16311],"properties":{"kind":"gp","gp":"Jagadishpur","block":"Mandirbazar","lgd":108216},"geometry":{"type":"Polygon","coordinates":[[[88.34222,22.14056],[88.34256,22.14252],[88.34374,22.14448],[88.34517,22.14382],[88.34572,22.14528],[88.34431,22.14736],[88.34533,22.14967],[88.34367,22.14981],[88.3401,22.15332],[88.33747,22.15336],[88.33752,22.15404],[88.33563,22.15384],[88.33294,22.15217],[88.33128,22.14858],[88.32956,22.14757],[88.32968,22.14583],[88.32898,22.14545],[88.32889,22.14327],[88.3262,22.14247],[88.32337,22.14354],[88.32154,22.14318],[88.32099,22.14416],[88.32171,22.14521],[88.32203,22.14755],[88.32395,22.14981],[88.32482,22.1521],[88.32429,22.15323],[88.32242,22.15398],[88.32376,22.15628],[88.32376,22.15711],[88.32231,22.15911],[88.32922,22.15839],[88.33162,22.15854],[88.33167,22.15929],[88.33109,22.15938],[88.33143,22.16041],[88.33376,22.16236],[88.33456,22.16223],[88.33472,22.16289],[88.33624,22.16284],[88.33625,22.16194],[88.33729,22.16182],[88.3372,22.16116],[88.33773,22.16081],[88.33946,22.16112],[88.33917,22.16189],[88.34123,22.16311],[88.34295,22.16087],[88.34385,22.16082],[88.3439,22.1621],[88.34545,22.16189],[88.34556,22.15983],[88.34674,22.15973],[88.34722,22.1604],[88.34814,22.1603],[88.34822,22.15861],[88.3489,22.15953],[88.35091,22.15991],[88.35137,22.1594],[88.35143,22.15791],[88.3546,22.15742],[88.35542,22.15757],[88.35529,22.15839],[88.35463,22.15825],[88.35339,22.15896],[88.35374,22.15947],[88.35575,22.15889],[88.3567,22.15915],[88.35617,22.15762],[88.36037,22.15623],[88.36009,22.15469],[88.35913,22.1549],[88.35948,22.15349],[88.36113,22.15352],[88.36159,22.15294],[88.36249,22.15437],[88.36338,22.15466],[88.36336,22.154],[88.36436,22.15403],[88.36438,22.15533],[88.36502,22.15562],[88.36585,22.15401],[88.36559,22.15083],[88.36741,22.15019],[88.36938,22.15239],[88.3704,22.15463],[88.37489,22.15446],[88.37723,22.15614],[88.37784,22.15603],[88.37804,22.15421],[88.38587,22.14686],[88.38823,22.14548],[88.38701,22.1456],[88.38376,22.1432],[88.38255,22.14341],[88.38117,22.14232],[88.38024,22.14226],[88.37911,22.14325],[88.37784,22.14181],[88.37626,22.1426],[88.37546,22.14183],[88.37453,22.14182],[88.37405,22.14031],[88.37329,22.14011],[88.3719,22.13644],[88.37087,22.13591],[88.36989,22.13131],[88.36764,22.13022],[88.36572,22.13253],[88.36644,22.134],[88.36564,22.13417],[88.36576,22.13515],[88.3643,22.1357],[88.36421,22.13715],[88.36474,22.13777],[88.36422,22.13837],[88.36172,22.13543],[88.36027,22.13573],[88.36074,22.13709],[88.35797,22.13841],[88.35732,22.14125],[88.35557,22.14145],[88.35441,22.14093],[88.35368,22.13825],[88.35223,22.13851],[88.35176,22.1373],[88.3509,22.13732],[88.35038,22.1376],[88.3509,22.1394],[88.35064,22.14012],[88.34633,22.14165],[88.34613,22.1407],[88.34459,22.13952],[88.34184,22.1396],[88.34138,22.14054],[88.34222,22.14056]]]}},{"type":"Feature","bbox":[88.60288,22.47453,88.6572,22.52944],"properties":{"kind":"gp","gp":"Jagulgachhi","block":"Bhangar-I","lgd":108013},"geometry":{"type":"Polygon","coordinates":[[[88.60599,22.49088],[88.60932,22.49618],[88.61107,22.49592],[88.61347,22.50104],[88.61327,22.50218],[88.6142,22.50309],[88.61325,22.50388],[88.61379,22.50661],[88.61271,22.50648],[88.6131,22.50724],[88.61297,22.50947],[88.61401,22.51083],[88.61207,22.51232],[88.61276,22.51294],[88.61356,22.51259],[88.61366,22.51404],[88.61466,22.51351],[88.6146,22.51421],[88.61353,22.51499],[88.61316,22.5162],[88.6126,22.51603],[88.6126,22.51535],[88.61082,22.51495],[88.61046,22.51541],[88.61076,22.51696],[88.60988,22.51667],[88.60872,22.51735],[88.61127,22.5183],[88.61671,22.51932],[88.62169,22.52147],[88.6247,22.52203],[88.62969,22.52445],[88.63185,22.5242],[88.63869,22.52659],[88.64296,22.52678],[88.64434,22.52792],[88.64536,22.52799],[88.64681,22.52944],[88.64869,22.52862],[88.65228,22.52826],[88.65302,22.52752],[88.65199,22.52196],[88.65072,22.51955],[88.65439,22.51818],[88.65434,22.51707],[88.6572,22.51552],[88.65654,22.5138],[88.65477,22.51316],[88.65672,22.51048],[88.65651,22.50627],[88.6522,22.50448],[88.65183,22.50351],[88.65018,22.50473],[88.64521,22.50606],[88.64419,22.50685],[88.64459,22.50361],[88.64054,22.5046],[88.64009,22.50054],[88.63922,22.49892],[88.63101,22.50139],[88.62899,22.50254],[88.62663,22.50217],[88.62654,22.50162],[88.62745,22.50071],[88.6269,22.499],[88.62635,22.49877],[88.62663,22.49771],[88.62602,22.49696],[88.62528,22.49678],[88.62533,22.49756],[88.62405,22.49737],[88.62406,22.49546],[88.62194,22.4945],[88.62119,22.49367],[88.61995,22.49371],[88.62008,22.4931],[88.61869,22.49175],[88.61839,22.49261],[88.61783,22.49237],[88.61783,22.49163],[88.61903,22.4911],[88.61983,22.49145],[88.62038,22.48953],[88.62219,22.4873],[88.62353,22.48702],[88.62338,22.48644],[88.62221,22.48622],[88.62213,22.48465],[88.62163,22.48469],[88.62146,22.48349],[88.62062,22.48322],[88.62059,22.48256],[88.62176,22.48231],[88.62067,22.47794],[88.62125,22.47839],[88.62312,22.47792],[88.6227,22.47517],[88.62196,22.47453],[88.61878,22.47511],[88.61881,22.47578],[88.61824,22.47598],[88.61786,22.47546],[88.61546,22.47491],[88.6137,22.47635],[88.61405,22.47812],[88.60987,22.47999],[88.60893,22.47961],[88.60789,22.48034],[88.60714,22.48237],[88.6054,22.48461],[88.60448,22.48474],[88.60449,22.48633],[88.60288,22.48717],[88.60599,22.49088]]]}},{"type":"Feature","bbox":[88.52475,22.1083,88.59372,22.15161],"properties":{"kind":"gp","gp":"Jalaberia-I","block":"Kultali","lgd":108179},"geometry":{"type":"Polygon","coordinates":[[[88.56268,22.14723],[88.56792,22.14531],[88.57488,22.1439],[88.57934,22.14248],[88.58739,22.14119],[88.59105,22.13939],[88.59214,22.13795],[88.59301,22.1353],[88.59372,22.12802],[88.59338,22.12295],[88.59164,22.11785],[88.58743,22.11455],[88.58136,22.11283],[88.57781,22.11006],[88.57283,22.1083],[88.57172,22.10879],[88.56299,22.10955],[88.53491,22.10945],[88.53273,22.1101],[88.53182,22.11021],[88.53124,22.10966],[88.53036,22.11008],[88.5286,22.11756],[88.5282,22.12764],[88.52646,22.13023],[88.52475,22.13122],[88.52549,22.13262],[88.52498,22.13297],[88.52569,22.13797],[88.52834,22.13809],[88.53205,22.13639],[88.53508,22.13575],[88.53554,22.13584],[88.53618,22.13803],[88.54484,22.1341],[88.54517,22.13986],[88.54682,22.14294],[88.55035,22.14613],[88.55178,22.14913],[88.5542,22.15161],[88.55474,22.15118],[88.55533,22.14834],[88.55687,22.14682],[88.56268,22.14723]]]}},{"type":"Feature","bbox":[88.52449,22.05459,88.58627,22.11021],"properties":{"kind":"gp","gp":"Jalaberia-Ii","block":"Kultali","lgd":108180},"geometry":{"type":"Polygon","coordinates":[[[88.56048,22.07863],[88.56026,22.07227],[88.56106,22.07091],[88.56392,22.06826],[88.56388,22.06768],[88.56048,22.05892],[88.55895,22.05678],[88.55189,22.05573],[88.55099,22.05506],[88.54804,22.05505],[88.54727,22.05459],[88.53972,22.05796],[88.53663,22.05885],[88.5288,22.0597],[88.52625,22.0617],[88.52498,22.06435],[88.52449,22.07148],[88.52695,22.0766],[88.53013,22.08063],[88.53099,22.08312],[88.53115,22.08685],[88.5303,22.09027],[88.53076,22.09184],[88.53016,22.09319],[88.53082,22.09772],[88.53014,22.10263],[88.53053,22.10779],[88.53182,22.11021],[88.53491,22.10945],[88.56299,22.10955],[88.57172,22.10879],[88.57283,22.1083],[88.57181,22.10678],[88.57185,22.10551],[88.57329,22.10235],[88.57425,22.09764],[88.57507,22.09626],[88.58141,22.09097],[88.58399,22.08664],[88.58583,22.08471],[88.58627,22.08219],[88.57997,22.08221],[88.57603,22.08387],[88.56957,22.0879],[88.56684,22.08863],[88.56562,22.08711],[88.56447,22.08352],[88.56048,22.07863]]]}},{"type":"Feature","bbox":[88.45503,22.24738,88.5017,22.27533],"properties":{"kind":"gp","gp":"Jangalia","block":"Jaynagar-I","lgd":108135},"geometry":{"type":"Polygon","coordinates":[[[88.47235,22.2526],[88.47005,22.25279],[88.47011,22.25409],[88.47085,22.25504],[88.46885,22.25544],[88.46817,22.25646],[88.46717,22.25681],[88.46711,22.25615],[88.468,22.25494],[88.46654,22.2547],[88.46658,22.25339],[88.46225,22.25308],[88.4607,22.25346],[88.45838,22.25289],[88.45646,22.25326],[88.45503,22.25844],[88.45534,22.26086],[88.45581,22.26081],[88.45578,22.2625],[88.45817,22.2633],[88.46331,22.26318],[88.46413,22.26242],[88.46563,22.26218],[88.46633,22.26287],[88.46735,22.26293],[88.46703,22.26376],[88.46746,22.2646],[88.46808,22.26459],[88.46818,22.26575],[88.46884,22.26548],[88.46821,22.27067],[88.46928,22.27119],[88.46965,22.27305],[88.47016,22.27334],[88.47556,22.27214],[88.47607,22.27153],[88.47503,22.2686],[88.47549,22.26638],[88.47592,22.26613],[88.47549,22.26519],[88.47745,22.26239],[88.47915,22.26218],[88.48086,22.26382],[88.48127,22.2636],[88.48282,22.26482],[88.48492,22.26725],[88.48738,22.26825],[88.48797,22.26971],[88.49079,22.271],[88.49259,22.27379],[88.49491,22.27533],[88.49703,22.27521],[88.49737,22.27422],[88.49673,22.2706],[88.49703,22.26968],[88.50069,22.26989],[88.50083,22.27058],[88.5017,22.27056],[88.50156,22.2699],[88.49894,22.26717],[88.49729,22.26692],[88.49636,22.26611],[88.4967,22.2632],[88.49623,22.26218],[88.4913,22.25592],[88.49102,22.25418],[88.48978,22.25208],[88.49086,22.25056],[88.49065,22.24797],[88.48964,22.24857],[88.48561,22.24863],[88.48302,22.24738],[88.48195,22.24741],[88.47322,22.2494],[88.47242,22.24967],[88.47235,22.2526]]]}},{"type":"Feature","bbox":[88.64608,21.99955,88.74041,22.08898],"properties":{"kind":"gp","gp":"Jharkhali","block":"Basanti","lgd":108002},"geometry":{"type":"Polygon","coordinates":[[[88.73808,22.05359],[88.72824,22.04419],[88.73207,22.04144],[88.73603,22.03607],[88.74007,22.02661],[88.74041,22.02528],[88.74012,22.02064],[88.7386,22.01658],[88.73417,22.00933],[88.73331,22.00666],[88.72554,22.00268],[88.7203,22.00111],[88.71396,22.00347],[88.70786,22.00374],[88.69091,22.00191],[88.67731,21.99966],[88.66455,21.99955],[88.66274,22.00064],[88.66009,22.00118],[88.65431,22.00371],[88.647,22.00605],[88.64716,22.00729],[88.65143,22.01199],[88.65305,22.01459],[88.6569,22.02277],[88.65978,22.02497],[88.66,22.02652],[88.65931,22.02769],[88.65938,22.03126],[88.66011,22.03833],[88.65938,22.04678],[88.66017,22.05152],[88.65863,22.05732],[88.65485,22.06342],[88.65232,22.07269],[88.64608,22.08219],[88.64698,22.08626],[88.65406,22.0886],[88.65865,22.08898],[88.66041,22.08595],[88.66017,22.08482],[88.66073,22.08278],[88.66234,22.08132],[88.66696,22.07995],[88.67065,22.07768],[88.67613,22.07684],[88.68073,22.07851],[88.68423,22.07842],[88.68515,22.06795],[88.68657,22.06388],[88.68889,22.06492],[88.70383,22.06924],[88.70597,22.06563],[88.70814,22.06304],[88.7133,22.05949],[88.71802,22.05803],[88.73808,22.05359]]]}},{"type":"Feature","bbox":[88.41726,22.22793,88.44266,22.26493],"properties":{"kind":"gp","gp":"Jugdia","block":"Magra Hat-II","lgd":108203},"geometry":{"type":"Polygon","coordinates":[[[88.43951,22.26376],[88.43935,22.25835],[88.44093,22.25564],[88.44169,22.2558],[88.44246,22.25533],[88.44146,22.25471],[88.44155,22.25405],[88.44254,22.25377],[88.44266,22.25289],[88.44185,22.25251],[88.44089,22.2529],[88.44051,22.25253],[88.44212,22.25085],[88.44146,22.25038],[88.44149,22.24794],[88.44048,22.24698],[88.43892,22.24727],[88.43897,22.24676],[88.43765,22.24666],[88.43738,22.24483],[88.43667,22.24421],[88.4369,22.24357],[88.43762,22.24352],[88.43765,22.24278],[88.43867,22.24251],[88.4395,22.24293],[88.43952,22.24229],[88.43883,22.24204],[88.43881,22.2415],[88.43955,22.24133],[88.43878,22.2395],[88.43915,22.23837],[88.43698,22.23886],[88.4347,22.23667],[88.43338,22.23709],[88.43286,22.23589],[88.43334,22.23335],[88.43398,22.23317],[88.43408,22.23254],[88.43461,22.23247],[88.43559,22.23382],[88.43639,22.23296],[88.43779,22.23301],[88.43786,22.23175],[88.43623,22.23187],[88.43546,22.23101],[88.43538,22.22835],[88.43464,22.22793],[88.43154,22.22936],[88.43152,22.23032],[88.43088,22.23104],[88.43011,22.23077],[88.43032,22.22894],[88.42838,22.22812],[88.42822,22.22869],[88.42512,22.22859],[88.42471,22.23023],[88.42491,22.23119],[88.42547,22.23121],[88.42534,22.2327],[88.42417,22.23286],[88.42412,22.23324],[88.4252,22.23522],[88.42553,22.23769],[88.42618,22.23771],[88.42698,22.24096],[88.42632,22.24144],[88.4263,22.24205],[88.42398,22.24209],[88.42406,22.24302],[88.42201,22.24206],[88.41959,22.24193],[88.41997,22.24046],[88.41834,22.24044],[88.41794,22.23992],[88.41735,22.24012],[88.41726,22.24083],[88.41776,22.24326],[88.42023,22.2436],[88.42094,22.24499],[88.42184,22.24483],[88.42225,22.24551],[88.42352,22.24565],[88.42324,22.24703],[88.42484,22.24843],[88.42488,22.25095],[88.42281,22.25276],[88.4234,22.25322],[88.42317,22.25435],[88.42401,22.2545],[88.42482,22.25555],[88.42404,22.2564],[88.42657,22.2552],[88.42966,22.25444],[88.4317,22.25563],[88.43243,22.25701],[88.43438,22.26427],[88.43572,22.26464],[88.43579,22.2641],[88.43791,22.26334],[88.43744,22.26493],[88.43951,22.26376]]]}},{"type":"Feature","bbox":[88.32651,22.33786,88.38856,22.37511],"properties":{"kind":"gp","gp":"Julpia","block":"Bishnupur-I","lgd":108032},"geometry":{"type":"Polygon","coordinates":[[[88.37911,22.35213],[88.3805,22.35111],[88.38688,22.34921],[88.38856,22.34792],[88.38803,22.34687],[88.38526,22.34648],[88.38447,22.34602],[88.38429,22.34531],[88.38269,22.34587],[88.38091,22.34551],[88.38053,22.3446],[88.381,22.34436],[88.38078,22.34349],[88.37787,22.34368],[88.37775,22.34494],[88.37583,22.34513],[88.37262,22.34698],[88.37165,22.34735],[88.37069,22.34704],[88.36888,22.34794],[88.3663,22.34677],[88.36447,22.34692],[88.36514,22.34571],[88.36149,22.34328],[88.36039,22.34342],[88.3598,22.33849],[88.35741,22.33786],[88.35336,22.33808],[88.35152,22.33879],[88.34918,22.33864],[88.34636,22.34106],[88.34613,22.34292],[88.34491,22.34326],[88.34418,22.34275],[88.33989,22.3446],[88.33766,22.34389],[88.32981,22.34738],[88.32856,22.34634],[88.32651,22.34761],[88.32682,22.3486],[88.33028,22.34851],[88.33353,22.3499],[88.3346,22.34951],[88.33695,22.35151],[88.33697,22.35262],[88.33791,22.35247],[88.33889,22.35149],[88.33971,22.352],[88.339,22.35324],[88.3363,22.35449],[88.33669,22.35556],[88.33788,22.35672],[88.33788,22.35749],[88.33626,22.35778],[88.33589,22.35741],[88.33532,22.35791],[88.33539,22.35939],[88.33395,22.35986],[88.3346,22.36028],[88.33457,22.36177],[88.33208,22.36408],[88.33232,22.36479],[88.34242,22.36525],[88.34479,22.36472],[88.34921,22.36475],[88.35925,22.36576],[88.365,22.36504],[88.371,22.36581],[88.37122,22.36536],[88.37476,22.36558],[88.37494,22.36718],[88.37445,22.36721],[88.37486,22.37062],[88.37299,22.37229],[88.3736,22.37375],[88.37356,22.37511],[88.37556,22.375],[88.37505,22.37254],[88.37926,22.37275],[88.37903,22.3708],[88.37984,22.36927],[88.37971,22.368],[88.37621,22.36653],[88.37657,22.36576],[88.37793,22.3657],[88.37878,22.36618],[88.38037,22.3658],[88.37872,22.36521],[88.37936,22.36421],[88.37874,22.3619],[88.37953,22.36153],[88.38015,22.35856],[88.38133,22.35844],[88.38192,22.35734],[88.38214,22.35549],[88.38178,22.355],[88.38008,22.3553],[88.37909,22.35425],[88.37872,22.35314],[88.37911,22.35213]]]}},{"type":"Feature","bbox":[88.68695,22.10325,88.7583,22.15991],"properties":{"kind":"gp","gp":"Jyotishpur","block":"Basanti","lgd":108003},"geometry":{"type":"Polygon","coordinates":[[[88.70002,22.10325],[88.69125,22.10508],[88.6872,22.10765],[88.68716,22.1105],[88.68903,22.11297],[88.68985,22.11524],[88.69469,22.12139],[88.69831,22.12474],[88.6961,22.12616],[88.6947,22.12835],[88.69492,22.12884],[88.68695,22.1345],[88.69022,22.1399],[88.69189,22.14155],[88.70188,22.15991],[88.74189,22.15891],[88.74405,22.15772],[88.74477,22.15509],[88.74606,22.15411],[88.75441,22.15085],[88.75603,22.14926],[88.7583,22.14537],[88.74786,22.1455],[88.73695,22.14284],[88.7323,22.13988],[88.73036,22.14057],[88.73151,22.13875],[88.72924,22.13531],[88.72768,22.13182],[88.72492,22.11977],[88.7256,22.11738],[88.72423,22.11392],[88.72234,22.11258],[88.71228,22.10872],[88.70824,22.10507],[88.70556,22.1034],[88.70002,22.10325]]]}},{"type":"Feature","bbox":[88.80062,22.18918,88.8858,22.24335],"properties":{"kind":"gp","gp":"Kachukhali","block":"Basanti","lgd":108121},"geometry":{"type":"Polygon","coordinates":[[[88.85038,22.19298],[88.84574,22.18918],[88.84192,22.18941],[88.83778,22.19312],[88.83561,22.1967],[88.83342,22.2058],[88.83258,22.207],[88.83105,22.208],[88.82898,22.20745],[88.82762,22.21084],[88.82426,22.20551],[88.82279,22.20081],[88.82284,22.19836],[88.81874,22.19753],[88.8181,22.19872],[88.81871,22.20213],[88.81818,22.20407],[88.81694,22.20597],[88.81401,22.2081],[88.80815,22.20897],[88.80726,22.2096],[88.80568,22.21223],[88.80549,22.21423],[88.80717,22.21724],[88.80543,22.22232],[88.80062,22.22589],[88.80095,22.22664],[88.80329,22.22631],[88.8064,22.22708],[88.81084,22.22692],[88.81266,22.22873],[88.81655,22.22937],[88.81872,22.23154],[88.81766,22.23209],[88.82129,22.23711],[88.82451,22.23917],[88.82627,22.24096],[88.82679,22.24057],[88.82777,22.24123],[88.82862,22.24257],[88.83493,22.24335],[88.83969,22.24303],[88.84834,22.24036],[88.85152,22.23877],[88.85535,22.23554],[88.85394,22.2317],[88.8465,22.22234],[88.8458,22.2208],[88.84238,22.21726],[88.84192,22.21547],[88.84249,22.21493],[88.84655,22.21417],[88.8641,22.21252],[88.86862,22.2128],[88.87395,22.21455],[88.87565,22.21459],[88.8814,22.2133],[88.88272,22.21261],[88.88445,22.21065],[88.8858,22.20775],[88.88415,22.20286],[88.88103,22.19823],[88.87563,22.19379],[88.87188,22.1919],[88.86809,22.19106],[88.86117,22.19271],[88.86047,22.19615],[88.85771,22.2023],[88.85685,22.20345],[88.85588,22.20373],[88.85441,22.20309],[88.85228,22.20073],[88.85038,22.19298]]]}},{"type":"Feature","bbox":[88.08302,22.2384,88.13565,22.28225],"properties":{"kind":"gp","gp":"Kalatalahat","block":"Diamond Harbour-II","lgd":108095},"geometry":{"type":"Polygon","coordinates":[[[88.11372,22.24419],[88.10521,22.24508],[88.10449,22.24377],[88.1033,22.24381],[88.10078,22.24134],[88.09618,22.23858],[88.09515,22.2384],[88.09185,22.24089],[88.08989,22.24064],[88.08867,22.24262],[88.08743,22.24352],[88.08873,22.25],[88.08785,22.25597],[88.08316,22.25686],[88.08302,22.26321],[88.08353,22.26936],[88.08691,22.28225],[88.09848,22.2807],[88.09992,22.28027],[88.1,22.27884],[88.10124,22.27867],[88.10181,22.27895],[88.10199,22.27973],[88.10335,22.27961],[88.10356,22.27806],[88.10446,22.27792],[88.10476,22.27736],[88.1044,22.27621],[88.10512,22.2757],[88.10674,22.27516],[88.10974,22.27548],[88.1101,22.27495],[88.11173,22.27544],[88.11233,22.27491],[88.11212,22.27412],[88.11316,22.27321],[88.11311,22.26707],[88.11484,22.26578],[88.11404,22.26095],[88.11324,22.25987],[88.11801,22.25917],[88.11794,22.25759],[88.12096,22.25684],[88.12067,22.25431],[88.1241,22.25412],[88.12524,22.25582],[88.12647,22.25544],[88.1317,22.25588],[88.13211,22.25269],[88.12912,22.25264],[88.12865,22.25159],[88.13228,22.24973],[88.13146,22.24889],[88.134,22.24826],[88.1338,22.24687],[88.13508,22.24667],[88.13565,22.24532],[88.13495,22.24239],[88.13307,22.24285],[88.13289,22.24396],[88.12586,22.24523],[88.12605,22.24392],[88.12375,22.24345],[88.12069,22.24372],[88.12011,22.2427],[88.11935,22.24374],[88.11825,22.24403],[88.11692,22.24418],[88.1153,22.24324],[88.11396,22.24331],[88.11372,22.24419]]]}},{"type":"Feature","bbox":[88.30689,22.21352,88.35098,22.2447],"properties":{"kind":"gp","gp":"Kalikapota","block":"Magra Hat-I","lgd":108187},"geometry":{"type":"Polygon","coordinates":[[[88.32332,22.21722],[88.31432,22.21729],[88.3116,22.2188],[88.31162,22.21922],[88.3087,22.21948],[88.30749,22.22087],[88.30689,22.22314],[88.30983,22.22721],[88.31282,22.22952],[88.31398,22.23205],[88.31457,22.23437],[88.31424,22.23451],[88.31474,22.23874],[88.31437,22.23973],[88.31492,22.24338],[88.31691,22.24374],[88.32118,22.24277],[88.32217,22.24145],[88.32217,22.24022],[88.32367,22.23997],[88.32465,22.24413],[88.32603,22.2447],[88.32594,22.24304],[88.32869,22.24343],[88.32882,22.24269],[88.32949,22.24251],[88.32962,22.24063],[88.3304,22.24038],[88.33039,22.23969],[88.33211,22.23958],[88.33307,22.23983],[88.33284,22.24071],[88.33341,22.24166],[88.33453,22.24154],[88.33439,22.2405],[88.33488,22.24037],[88.33596,22.24089],[88.33822,22.24043],[88.33852,22.24178],[88.34129,22.24312],[88.34145,22.24368],[88.34409,22.24355],[88.34474,22.2441],[88.34896,22.24313],[88.34931,22.2418],[88.35081,22.24057],[88.35098,22.23621],[88.35006,22.23605],[88.3499,22.23511],[88.35062,22.23442],[88.35044,22.23292],[88.35018,22.23238],[88.34805,22.23259],[88.34655,22.23062],[88.34324,22.22963],[88.34312,22.22915],[88.34183,22.22931],[88.34076,22.22301],[88.34017,22.223],[88.33961,22.22062],[88.33893,22.2201],[88.33804,22.21713],[88.33651,22.21471],[88.333,22.21461],[88.33289,22.21352],[88.33107,22.21366],[88.33141,22.21592],[88.33008,22.21672],[88.32336,22.21657],[88.32332,22.21722]]]}},{"type":"Feature","bbox":[88.4687,22.41401,88.51917,22.44535],"properties":{"kind":"gp","gp":"Kalikapur-I","block":"Sonarpur","lgd":108274},"geometry":{"type":"Polygon","coordinates":[[[88.47423,22.41711],[88.47344,22.41577],[88.47016,22.41744],[88.46935,22.41842],[88.46953,22.42072],[88.46902,22.42147],[88.46933,22.42303],[88.4687,22.42306],[88.46967,22.42711],[88.47507,22.42762],[88.47565,22.42849],[88.47553,22.43276],[88.47649,22.43397],[88.4788,22.43503],[88.4805,22.43713],[88.48203,22.44055],[88.48604,22.4406],[88.48786,22.43953],[88.48886,22.4395],[88.49003,22.44034],[88.4902,22.44107],[88.49259,22.44201],[88.49383,22.44509],[88.49477,22.44535],[88.49587,22.44438],[88.49489,22.44217],[88.49798,22.4399],[88.49901,22.43977],[88.49951,22.4381],[88.50391,22.43292],[88.50455,22.431],[88.50827,22.43086],[88.50914,22.42951],[88.51004,22.42919],[88.51032,22.42966],[88.51286,22.42871],[88.51312,22.42908],[88.51396,22.4289],[88.51293,22.42735],[88.51505,22.4272],[88.51517,22.42659],[88.51197,22.42614],[88.51164,22.4235],[88.51286,22.42319],[88.5135,22.42428],[88.5156,22.42394],[88.51604,22.4234],[88.51661,22.42407],[88.51707,22.42261],[88.51829,22.42341],[88.51917,22.42334],[88.51594,22.41714],[88.51494,22.41779],[88.51381,22.41691],[88.51138,22.41785],[88.51049,22.41713],[88.5093,22.41723],[88.50906,22.41672],[88.50775,22.41686],[88.50434,22.41999],[88.50319,22.42016],[88.50313,22.41863],[88.50171,22.41895],[88.50094,22.41875],[88.50049,22.41801],[88.50122,22.41639],[88.50089,22.41534],[88.49956,22.41401],[88.49578,22.41443],[88.49512,22.41538],[88.49394,22.41503],[88.49419,22.41707],[88.49373,22.41742],[88.49293,22.4162],[88.4923,22.41834],[88.49269,22.41996],[88.49103,22.42099],[88.49033,22.41946],[88.488,22.41997],[88.48726,22.41848],[88.4815,22.41988],[88.47708,22.42024],[88.47568,22.41713],[88.47423,22.41711]]]}},{"type":"Feature","bbox":[88.4543,22.39292,88.53228,22.43904],"properties":{"kind":"gp","gp":"Kalikapur-Ii","block":"Sonarpur","lgd":108275},"geometry":{"type":"MultiPolygon","coordinates":[[[[88.50683,22.39332],[88.50599,22.39292],[88.50355,22.39348],[88.5028,22.39506],[88.50187,22.39526],[88.50108,22.39613],[88.50175,22.39833],[88.50058,22.40015],[88.49966,22.39904],[88.49906,22.39935],[88.50004,22.40338],[88.49899,22.40429],[88.49776,22.40433],[88.49742,22.40368],[88.4965,22.40361],[88.49653,22.40497],[88.49289,22.40566],[88.49207,22.40694],[88.49162,22.40697],[88.49117,22.40602],[88.48829,22.4064],[88.48755,22.40596],[88.4804,22.41035],[88.47971,22.41129],[88.48031,22.41153],[88.48042,22.41213],[88.47981,22.41226],[88.47792,22.41121],[88.47738,22.40994],[88.47593,22.41008],[88.47607,22.4108],[88.47441,22.41128],[88.47353,22.41266],[88.47282,22.41271],[88.47274,22.41141],[88.47133,22.41128],[88.47268,22.41459],[88.47423,22.41711],[88.47568,22.41713],[88.47708,22.42024],[88.4815,22.41988],[88.48726,22.41848],[88.488,22.41997],[88.49033,22.41946],[88.49103,22.42099],[88.49269,22.41996],[88.4923,22.41834],[88.49293,22.4162],[88.49373,22.41742],[88.49419,22.41707],[88.49394,22.41503],[88.49512,22.41538],[88.49578,22.41443],[88.49956,22.41401],[88.50089,22.41534],[88.502,22.41779],[88.50247,22.41769],[88.50138,22.41446],[88.50032,22.41361],[88.50022,22.41194],[88.5009,22.41201],[88.50252,22.41038],[88.50423,22.40955],[88.50655,22.40945],[88.50722,22.41001],[88.50744,22.41272],[88.5093,22.41723],[88.51049,22.41713],[88.51138,22.41785],[88.51381,22.41691],[88.51494,22.41779],[88.51524,22.41735],[88.51722,22.41696],[88.5177,22.4176],[88.52029,22.41501],[88.52354,22.41992],[88.52539,22.42],[88.52682,22.41925],[88.53083,22.41864],[88.53228,22.41932],[88.5306,22.41491],[88.53078,22.41389],[88.53223,22.41232],[88.53205,22.41063],[88.53068,22.40893],[88.53035,22.40761],[88.53057,22.40489],[88.53116,22.40424],[88.5303,22.40317],[88.52461,22.40569],[88.52273,22.40559],[88.52013,22.399],[88.51673,22.40014],[88.51421,22.39992],[88.51256,22.40101],[88.51175,22.40057],[88.50969,22.40093],[88.50835,22.39578],[88.50683,22.39332]]],[[[88.45846,22.43628],[88.46145,22.43904],[88.4623,22.43766],[88.46515,22.43719],[88.4642,22.43242],[88.46605,22.43134],[88.46676,22.42864],[88.46878,22.42699],[88.46741,22.42633],[88.46717,22.42565],[88.46195,22.42602],[88.46215,22.42677],[88.46278,22.42653],[88.46348,22.42746],[88.46266,22.42782],[88.4612,22.42693],[88.45963,22.42803],[88.45959,22.42876],[88.45801,22.43014],[88.4543,22.43056],[88.45521,22.43152],[88.45689,22.4316],[88.45802,22.43227],[88.45846,22.43628]]]]}},{"type":"Feature","bbox":[88.68757,22.36445,88.76869,22.42087],"properties":{"kind":"gp","gp":"Kalikatala","block":"Canning-II","lgd":108080},"geometry":{"type":"Polygon","coordinates":[[[88.68793,22.38365],[88.69079,22.38688],[88.69233,22.38765],[88.69272,22.39017],[88.69229,22.39227],[88.6955,22.3927],[88.69847,22.39398],[88.6992,22.39543],[88.70125,22.39678],[88.70364,22.39946],[88.70379,22.40167],[88.70457,22.40222],[88.70901,22.4013],[88.7112,22.40326],[88.71177,22.40482],[88.71146,22.40594],[88.70951,22.40842],[88.71021,22.4094],[88.71176,22.40965],[88.71287,22.40922],[88.71506,22.4078],[88.7173,22.40555],[88.71853,22.40641],[88.71879,22.40805],[88.71829,22.41132],[88.71766,22.41209],[88.71427,22.41301],[88.713,22.4159],[88.71497,22.41711],[88.71668,22.41709],[88.7181,22.4181],[88.71917,22.4181],[88.71943,22.41666],[88.72013,22.41599],[88.72119,22.41629],[88.72231,22.41766],[88.72188,22.42045],[88.72388,22.42053],[88.7258,22.41896],[88.72736,22.41877],[88.72862,22.41896],[88.73167,22.42087],[88.73419,22.42062],[88.73336,22.41107],[88.73557,22.41026],[88.74218,22.40298],[88.74533,22.40237],[88.74774,22.40105],[88.74833,22.39991],[88.74912,22.39952],[88.75161,22.40142],[88.7528,22.40132],[88.7555,22.39839],[88.75542,22.39741],[88.75074,22.39388],[88.75057,22.39254],[88.75112,22.3918],[88.75305,22.39155],[88.75582,22.39281],[88.75897,22.39676],[88.76079,22.398],[88.76434,22.39491],[88.76869,22.39199],[88.76824,22.39077],[88.76397,22.38839],[88.7494,22.38969],[88.74643,22.38958],[88.7464,22.38697],[88.74573,22.38632],[88.74581,22.38363],[88.74505,22.38223],[88.74493,22.38038],[88.7433,22.37706],[88.72839,22.37834],[88.73403,22.37063],[88.73592,22.37007],[88.7362,22.3682],[88.7246,22.36849],[88.7242,22.36817],[88.72593,22.36579],[88.72587,22.3648],[88.70126,22.36646],[88.69915,22.36445],[88.69713,22.36709],[88.69125,22.36945],[88.6895,22.37054],[88.68827,22.37222],[88.68757,22.37455],[88.6889,22.37901],[88.68797,22.38123],[88.68793,22.38365]]]}},{"type":"Feature","bbox":[88.37872,22.33722,88.4305,22.37431],"properties":{"kind":"gp","gp":"Kalyanpur","block":"Baruipur","lgd":107985},"geometry":{"type":"Polygon","coordinates":[[[88.39054,22.33722],[88.38884,22.33979],[88.38743,22.3405],[88.38285,22.34133],[88.38154,22.34354],[88.38212,22.34391],[88.38217,22.34562],[88.38269,22.34587],[88.38429,22.34531],[88.38447,22.34602],[88.38526,22.34648],[88.38803,22.34687],[88.38856,22.34792],[88.38688,22.34921],[88.3805,22.35111],[88.37911,22.35213],[88.37872,22.35314],[88.37909,22.35425],[88.38008,22.3553],[88.38178,22.355],[88.38214,22.35549],[88.38192,22.35734],[88.38133,22.35844],[88.38015,22.35856],[88.37953,22.36153],[88.37874,22.3619],[88.37936,22.36421],[88.37872,22.36521],[88.37998,22.36541],[88.38154,22.36654],[88.38388,22.36949],[88.38517,22.3693],[88.38532,22.36817],[88.38599,22.36795],[88.38961,22.36829],[88.38977,22.36877],[88.39051,22.3687],[88.39079,22.36956],[88.39263,22.36928],[88.39264,22.36737],[88.39497,22.36667],[88.39628,22.36781],[88.39658,22.369],[88.39803,22.36937],[88.39856,22.37055],[88.40414,22.3699],[88.40316,22.3714],[88.40343,22.37305],[88.40409,22.37314],[88.40789,22.37202],[88.40761,22.36799],[88.40891,22.36798],[88.41066,22.36847],[88.41118,22.36934],[88.41277,22.3694],[88.41248,22.37115],[88.41309,22.37269],[88.41628,22.37287],[88.41647,22.37375],[88.41782,22.37366],[88.41836,22.37431],[88.41951,22.37427],[88.41962,22.37374],[88.42018,22.3736],[88.42227,22.3696],[88.42459,22.36969],[88.42565,22.3689],[88.42681,22.36589],[88.42618,22.3654],[88.4305,22.35676],[88.4291,22.35546],[88.42576,22.3536],[88.42364,22.35553],[88.42284,22.35537],[88.42251,22.35449],[88.421,22.35439],[88.4205,22.35307],[88.41853,22.35373],[88.41875,22.35212],[88.41935,22.35225],[88.41987,22.35094],[88.42124,22.35081],[88.42298,22.34975],[88.42227,22.34897],[88.42062,22.34891],[88.41996,22.34798],[88.42181,22.34829],[88.42219,22.34569],[88.42335,22.34545],[88.42364,22.34477],[88.42562,22.34394],[88.4256,22.34057],[88.4238,22.34032],[88.42307,22.3408],[88.42347,22.34274],[88.41938,22.34299],[88.41894,22.34431],[88.41752,22.34429],[88.41699,22.34496],[88.4165,22.3479],[88.41433,22.34809],[88.41427,22.34901],[88.41329,22.34896],[88.41325,22.34835],[88.4122,22.3482],[88.41181,22.34726],[88.40928,22.34806],[88.40814,22.34558],[88.40688,22.34549],[88.4068,22.34606],[88.40741,22.34618],[88.40708,22.34691],[88.40575,22.34675],[88.40521,22.34606],[88.40194,22.3462],[88.40209,22.34507],[88.40065,22.344],[88.40069,22.34249],[88.40031,22.34216],[88.3979,22.34168],[88.39692,22.34092],[88.39699,22.34038],[88.39627,22.34024],[88.39519,22.34124],[88.39374,22.3414],[88.39276,22.34097],[88.39219,22.34034],[88.39184,22.33741],[88.39054,22.33722]]]}},{"type":"Feature","bbox":[88.23376,22.0613,88.29176,22.10558],"properties":{"kind":"gp","gp":"Kamarchak","block":"Kulpi","lgd":108168},"geometry":{"type":"Polygon","coordinates":[[[88.25259,22.07455],[88.24993,22.0751],[88.25006,22.07575],[88.24892,22.07643],[88.25002,22.0789],[88.24926,22.07936],[88.2485,22.0791],[88.24894,22.07838],[88.24882,22.07737],[88.24746,22.07597],[88.24528,22.07637],[88.24399,22.07691],[88.24411,22.07925],[88.24453,22.07979],[88.24425,22.08124],[88.24238,22.08071],[88.24356,22.08282],[88.24419,22.08617],[88.24393,22.08738],[88.24514,22.087],[88.2457,22.089],[88.24345,22.08946],[88.24301,22.09002],[88.24382,22.0904],[88.24392,22.09157],[88.24303,22.09287],[88.24338,22.09835],[88.24304,22.10007],[88.24451,22.10288],[88.24479,22.10421],[88.24441,22.10539],[88.24595,22.10558],[88.24699,22.10496],[88.25151,22.10549],[88.2527,22.1051],[88.25314,22.10443],[88.25294,22.10285],[88.25618,22.10164],[88.25577,22.10038],[88.25781,22.10008],[88.25921,22.10082],[88.26064,22.10057],[88.26003,22.09766],[88.26314,22.09696],[88.26279,22.09644],[88.26336,22.09614],[88.26396,22.09666],[88.26431,22.09629],[88.26111,22.09368],[88.26268,22.09242],[88.26062,22.09047],[88.26102,22.09002],[88.26208,22.09055],[88.26531,22.08899],[88.26662,22.09121],[88.26732,22.09163],[88.26685,22.092],[88.2674,22.09245],[88.26908,22.09166],[88.26969,22.09208],[88.26929,22.09246],[88.26963,22.0934],[88.27058,22.09327],[88.27171,22.09213],[88.27277,22.09223],[88.2731,22.09277],[88.27443,22.09269],[88.2749,22.09181],[88.27694,22.09149],[88.27759,22.09313],[88.28073,22.09277],[88.28304,22.09308],[88.28334,22.09158],[88.28216,22.09083],[88.28283,22.08963],[88.28222,22.08799],[88.28245,22.08627],[88.28322,22.08642],[88.28442,22.08571],[88.2843,22.08454],[88.28569,22.08425],[88.28709,22.08437],[88.28716,22.08495],[88.29071,22.08474],[88.29054,22.08355],[88.29108,22.08359],[88.29176,22.08177],[88.2912,22.08134],[88.29129,22.08056],[88.28314,22.08034],[88.28301,22.07969],[88.28349,22.07951],[88.28305,22.07787],[88.28241,22.07698],[88.28252,22.0762],[88.2818,22.07615],[88.28144,22.07557],[88.28169,22.07515],[88.27947,22.07492],[88.2789,22.07441],[88.27714,22.07459],[88.27702,22.07412],[88.27534,22.07484],[88.27479,22.0706],[88.27404,22.07019],[88.27339,22.07093],[88.27264,22.07031],[88.27242,22.0693],[88.27156,22.06893],[88.27007,22.06621],[88.26903,22.06599],[88.2689,22.06516],[88.26945,22.06448],[88.26838,22.06327],[88.26858,22.06174],[88.26743,22.06163],[88.2667,22.06212],[88.26623,22.06565],[88.25909,22.06618],[88.25385,22.07056],[88.25307,22.07035],[88.25212,22.06823],[88.25282,22.06794],[88.25361,22.06994],[88.25539,22.06882],[88.25865,22.06531],[88.25893,22.06463],[88.25854,22.06348],[88.2542,22.06449],[88.25283,22.06406],[88.25237,22.06421],[88.25222,22.06515],[88.25081,22.06563],[88.2496,22.06224],[88.248,22.0613],[88.24572,22.06152],[88.24468,22.06251],[88.24441,22.06399],[88.24514,22.06422],[88.24563,22.06687],[88.24639,22.06749],[88.24504,22.06837],[88.24465,22.06942],[88.24337,22.07016],[88.2403,22.06908],[88.23787,22.06942],[88.2348,22.07061],[88.23376,22.07255],[88.23468,22.07496],[88.23602,22.07577],[88.23621,22.07761],[88.23734,22.07677],[88.23996,22.07653],[88.24159,22.07567],[88.24131,22.07442],[88.24222,22.07412],[88.24198,22.07311],[88.24349,22.07254],[88.24261,22.07166],[88.24311,22.07114],[88.24579,22.07126],[88.2458,22.07089],[88.24749,22.07081],[88.24752,22.0727],[88.24848,22.07229],[88.24903,22.07104],[88.24994,22.07189],[88.2507,22.0718],[88.25259,22.07455]]]}},{"type":"Feature","bbox":[88.15359,22.22751,88.18728,22.27194],"properties":{"kind":"gp","gp":"Kamarpole","block":"Diamond Harbour-II","lgd":108096},"geometry":{"type":"Polygon","coordinates":[[[88.18345,22.24529],[88.18306,22.24475],[88.18323,22.24316],[88.18469,22.23889],[88.18518,22.23925],[88.18728,22.23875],[88.18726,22.2375],[88.1847,22.23059],[88.18489,22.22916],[88.18457,22.22848],[88.18317,22.22807],[88.18464,22.22916],[88.184,22.22994],[88.18403,22.23171],[88.18263,22.23268],[88.18108,22.23245],[88.18105,22.23186],[88.18232,22.23164],[88.18241,22.22861],[88.18034,22.22896],[88.18016,22.23132],[88.17901,22.23187],[88.17899,22.23013],[88.17969,22.22989],[88.17924,22.22887],[88.1781,22.22906],[88.1776,22.22828],[88.17608,22.22755],[88.17446,22.22751],[88.17318,22.22822],[88.17053,22.22804],[88.16871,22.22917],[88.16851,22.22981],[88.16525,22.23045],[88.1653,22.23121],[88.1635,22.23409],[88.16379,22.23653],[88.16254,22.23677],[88.16239,22.23813],[88.1579,22.23827],[88.15773,22.24035],[88.15843,22.24056],[88.15852,22.24158],[88.15804,22.24176],[88.15811,22.24244],[88.15853,22.24298],[88.15947,22.24268],[88.15951,22.24331],[88.16044,22.24416],[88.15911,22.24443],[88.15936,22.24488],[88.15833,22.24516],[88.15894,22.24883],[88.15804,22.24955],[88.15717,22.24873],[88.15652,22.24881],[88.15659,22.25082],[88.15549,22.25076],[88.15492,22.25127],[88.15546,22.25244],[88.15527,22.25344],[88.154,22.2555],[88.15445,22.25864],[88.15359,22.2593],[88.15425,22.26028],[88.15861,22.26176],[88.15994,22.26163],[88.16031,22.26013],[88.16127,22.26008],[88.16117,22.25952],[88.16312,22.25911],[88.16239,22.25746],[88.16405,22.25739],[88.16539,22.25833],[88.16867,22.25834],[88.16885,22.25952],[88.17,22.25961],[88.1706,22.26161],[88.1737,22.26226],[88.17449,22.26186],[88.17544,22.26275],[88.17706,22.26274],[88.17731,22.26675],[88.17861,22.26927],[88.17793,22.2702],[88.17863,22.27087],[88.17933,22.2707],[88.18006,22.27194],[88.18084,22.271],[88.18166,22.27116],[88.18185,22.26681],[88.18255,22.26626],[88.18203,22.26588],[88.1818,22.2647],[88.18052,22.26479],[88.18083,22.26361],[88.18153,22.26309],[88.18106,22.26255],[88.1816,22.26213],[88.18127,22.25945],[88.18204,22.25834],[88.1826,22.25502],[88.18175,22.25454],[88.1824,22.25394],[88.18259,22.25255],[88.18323,22.25231],[88.18329,22.25139],[88.18377,22.25124],[88.18305,22.24666],[88.18345,22.24529]]]}},{"type":"Feature","bbox":[88.15798,22.35019,88.19998,22.38865],"properties":{"kind":"gp","gp":"Kamrabad","block":"Budge Budge-II","lgd":108060},"geometry":{"type":"Polygon","coordinates":[[[88.16925,22.35195],[88.16919,22.3512],[88.16852,22.35121],[88.16768,22.35019],[88.16376,22.35064],[88.16318,22.35097],[88.16296,22.3527],[88.1621,22.3534],[88.16079,22.35347],[88.15978,22.35297],[88.1605,22.3563],[88.15964,22.35639],[88.15949,22.35708],[88.15799,22.35677],[88.15798,22.35722],[88.15905,22.35767],[88.15944,22.35879],[88.16148,22.35857],[88.16338,22.3593],[88.16451,22.35918],[88.16524,22.36346],[88.16852,22.36348],[88.16962,22.36553],[88.17016,22.36539],[88.17039,22.36807],[88.16919,22.36876],[88.16837,22.36854],[88.16788,22.36934],[88.169,22.36991],[88.16765,22.37013],[88.16827,22.37065],[88.16849,22.37588],[88.16985,22.37621],[88.17044,22.37892],[88.16838,22.37904],[88.16755,22.38038],[88.16624,22.38071],[88.16613,22.38219],[88.16785,22.38307],[88.16866,22.38415],[88.1698,22.38442],[88.17064,22.38353],[88.17725,22.38436],[88.18,22.384],[88.18024,22.38281],[88.18356,22.38016],[88.18536,22.3793],[88.18653,22.37932],[88.19403,22.38224],[88.19701,22.38502],[88.19743,22.38764],[88.19891,22.38865],[88.19869,22.38715],[88.19998,22.38386],[88.19918,22.38149],[88.19971,22.38115],[88.19919,22.38065],[88.19866,22.381],[88.19537,22.37783],[88.19694,22.37704],[88.19653,22.37429],[88.19548,22.37318],[88.19425,22.37276],[88.19151,22.37264],[88.19084,22.37363],[88.1899,22.37326],[88.18845,22.3738],[88.18684,22.37267],[88.1865,22.37147],[88.1883,22.36841],[88.18924,22.36904],[88.19039,22.36904],[88.19164,22.36823],[88.19177,22.3664],[88.18981,22.36522],[88.19013,22.36406],[88.18894,22.36431],[88.188,22.36385],[88.1871,22.36426],[88.1876,22.36509],[88.18689,22.36556],[88.18348,22.3655],[88.18317,22.36413],[88.18102,22.36432],[88.17959,22.36533],[88.17803,22.36554],[88.17806,22.36613],[88.17746,22.36637],[88.1768,22.36595],[88.17591,22.3606],[88.17454,22.36084],[88.1744,22.35969],[88.17347,22.35957],[88.17294,22.35822],[88.17217,22.35844],[88.17195,22.3562],[88.17121,22.35472],[88.1695,22.35491],[88.16865,22.35373],[88.16904,22.35277],[88.16866,22.35209],[88.16925,22.35195]]]}},{"type":"Feature","bbox":[88.43618,22.43552,88.49018,22.47252],"properties":{"kind":"gp","gp":"Kamrabad","block":"Sonarpur","lgd":108276},"geometry":{"type":"Polygon","coordinates":[[[88.45533,22.43854],[88.45248,22.44164],[88.45308,22.44325],[88.45188,22.44371],[88.45194,22.44472],[88.45022,22.44549],[88.45095,22.44839],[88.4466,22.44989],[88.44641,22.44753],[88.44566,22.44743],[88.44542,22.44809],[88.44214,22.44953],[88.4392,22.45181],[88.43618,22.45291],[88.43748,22.4551],[88.43659,22.45611],[88.43747,22.45958],[88.4371,22.46146],[88.43772,22.46143],[88.43822,22.46344],[88.43858,22.46647],[88.43783,22.46702],[88.4383,22.46802],[88.43793,22.46866],[88.43848,22.47135],[88.44028,22.47252],[88.44182,22.47082],[88.44233,22.46914],[88.44617,22.46811],[88.44868,22.46807],[88.44939,22.46961],[88.45047,22.47037],[88.45388,22.46968],[88.45884,22.47194],[88.45983,22.47074],[88.46096,22.47036],[88.46528,22.47094],[88.46648,22.46786],[88.47007,22.46501],[88.47004,22.46322],[88.47134,22.45838],[88.47234,22.45811],[88.4755,22.45929],[88.4773,22.45905],[88.48004,22.45682],[88.48113,22.45658],[88.48295,22.45672],[88.48516,22.4584],[88.48854,22.45982],[88.49018,22.4584],[88.48734,22.45301],[88.48654,22.4469],[88.48442,22.44513],[88.48313,22.44254],[88.4827,22.44041],[88.47936,22.44206],[88.47897,22.44519],[88.47604,22.44462],[88.47528,22.44526],[88.47331,22.44331],[88.47072,22.44544],[88.46975,22.44403],[88.46829,22.44443],[88.4662,22.44426],[88.46474,22.44337],[88.46206,22.44352],[88.46196,22.44073],[88.46261,22.4403],[88.45846,22.43628],[88.45826,22.43552],[88.45493,22.43668],[88.45533,22.43854]]]}},{"type":"Feature","bbox":[88.22899,22.38686,88.26645,22.41082],"properties":{"kind":"gp","gp":"Kanganberia","block":"Bishnupur-II","lgd":108043},"geometry":{"type":"Polygon","coordinates":[[[88.26609,22.39819],[88.26576,22.39761],[88.26462,22.39767],[88.26454,22.39678],[88.26562,22.39539],[88.265,22.39506],[88.2647,22.39358],[88.26526,22.39294],[88.26486,22.39149],[88.26539,22.39121],[88.26456,22.3891],[88.26323,22.38881],[88.26316,22.39015],[88.26137,22.39063],[88.26138,22.39175],[88.2591,22.39224],[88.25821,22.39011],[88.25631,22.38977],[88.25541,22.38873],[88.25585,22.38825],[88.25413,22.38718],[88.24901,22.38799],[88.24752,22.38877],[88.24461,22.38861],[88.24322,22.38744],[88.24013,22.38686],[88.23745,22.38826],[88.23673,22.38902],[88.23609,22.39114],[88.23487,22.39195],[88.23295,22.39268],[88.22899,22.39258],[88.22942,22.39354],[88.23253,22.39463],[88.23708,22.39743],[88.23778,22.39824],[88.23752,22.39954],[88.238,22.40055],[88.24042,22.40267],[88.2437,22.40354],[88.24495,22.4031],[88.24637,22.40329],[88.24735,22.40387],[88.24876,22.40533],[88.24823,22.40634],[88.24991,22.40799],[88.25146,22.41046],[88.25261,22.41082],[88.25489,22.40898],[88.25791,22.40844],[88.25889,22.40942],[88.26149,22.40832],[88.2609,22.40795],[88.26175,22.4076],[88.26393,22.40768],[88.26436,22.40809],[88.26466,22.40602],[88.26528,22.40597],[88.26515,22.40269],[88.26645,22.40162],[88.26559,22.39926],[88.26609,22.39819]]]}},{"type":"Feature","bbox":[88.44093,21.93653,88.51708,22.01468],"properties":{"kind":"gp","gp":"Kankandighi","block":"Mathurapur-II","lgd":108232},"geometry":{"type":"Polygon","coordinates":[[[88.47691,22.01215],[88.47755,22.01072],[88.48625,22.00937],[88.49312,22.00732],[88.49745,22.00512],[88.50072,21.99998],[88.50335,21.9976],[88.51218,21.9956],[88.51521,21.99337],[88.51708,21.98986],[88.51542,21.98875],[88.51404,21.9885],[88.51319,21.989],[88.51324,21.98798],[88.51268,21.98742],[88.50183,21.98125],[88.49911,21.97825],[88.49745,21.97472],[88.49403,21.97064],[88.49334,21.96795],[88.49318,21.96385],[88.49572,21.96033],[88.49797,21.95862],[88.49956,21.95605],[88.49124,21.95673],[88.48905,21.95633],[88.48783,21.9556],[88.48809,21.95811],[88.48741,21.95938],[88.48482,21.96181],[88.48286,21.96277],[88.48561,21.96544],[88.48508,21.96802],[88.48292,21.97223],[88.48309,21.97497],[88.48273,21.97596],[88.47188,21.97607],[88.47237,21.97286],[88.47191,21.96786],[88.47515,21.96417],[88.47563,21.96291],[88.47549,21.96182],[88.47374,21.95951],[88.4729,21.95512],[88.47786,21.94789],[88.47806,21.94664],[88.47741,21.94525],[88.47535,21.94346],[88.47316,21.94306],[88.46873,21.94441],[88.46395,21.94358],[88.46309,21.94213],[88.46244,21.93853],[88.46058,21.93675],[88.45472,21.93653],[88.45251,21.94235],[88.45498,21.94721],[88.45874,21.95041],[88.46476,21.95415],[88.46605,21.95584],[88.46665,21.95762],[88.46619,21.95914],[88.46462,21.9606],[88.46119,21.96147],[88.45669,21.96185],[88.45292,21.9616],[88.44969,21.96224],[88.44623,21.96575],[88.44525,21.96794],[88.44511,21.96999],[88.44731,21.97617],[88.44734,21.97876],[88.4464,21.98245],[88.44656,21.98718],[88.44219,21.98853],[88.44093,21.99068],[88.44147,21.99228],[88.44652,21.99713],[88.44755,21.99897],[88.4495,22.00751],[88.451,22.00904],[88.45422,22.01057],[88.45794,22.01116],[88.46221,22.01468],[88.46335,22.01468],[88.46455,22.01231],[88.46695,22.01095],[88.47691,22.01215]]]}},{"type":"Feature","bbox":[88.19535,22.1673,88.24896,22.19046],"properties":{"kind":"gp","gp":"Kanpur Dhanaberia","block":"Diamond Harbour-I","lgd":108090},"geometry":{"type":"Polygon","coordinates":[[[88.21002,22.17462],[88.2076,22.17201],[88.20805,22.17012],[88.20461,22.16763],[88.20317,22.1673],[88.2018,22.16802],[88.20035,22.17037],[88.19689,22.17405],[88.19535,22.17751],[88.19847,22.17714],[88.20151,22.17759],[88.20326,22.17744],[88.20356,22.17697],[88.20533,22.17724],[88.20502,22.18063],[88.20552,22.18163],[88.20767,22.18175],[88.20842,22.18278],[88.20795,22.18327],[88.20819,22.18453],[88.20982,22.18577],[88.21057,22.18809],[88.21219,22.18775],[88.21257,22.18681],[88.2137,22.18687],[88.21455,22.18596],[88.21482,22.18635],[88.21439,22.18699],[88.22162,22.18514],[88.2219,22.18475],[88.21927,22.18126],[88.22071,22.18062],[88.2208,22.17944],[88.22198,22.17902],[88.22214,22.17987],[88.2261,22.18094],[88.22862,22.17979],[88.22783,22.17818],[88.22882,22.17808],[88.22982,22.1792],[88.23158,22.17895],[88.23175,22.18134],[88.23141,22.18197],[88.23287,22.18424],[88.23326,22.18657],[88.23394,22.18645],[88.23389,22.18735],[88.23342,22.18737],[88.23429,22.18988],[88.236,22.18953],[88.23604,22.19022],[88.23756,22.19039],[88.24254,22.1897],[88.24358,22.19046],[88.24363,22.18964],[88.24475,22.18955],[88.24483,22.18689],[88.24532,22.18681],[88.24415,22.17879],[88.24513,22.17867],[88.2443,22.17642],[88.24572,22.17493],[88.24765,22.17383],[88.24896,22.17365],[88.24705,22.17015],[88.24473,22.16987],[88.24096,22.1706],[88.23531,22.17003],[88.2307,22.17017],[88.22766,22.1715],[88.2236,22.17253],[88.22135,22.17254],[88.21796,22.17424],[88.21547,22.17391],[88.21002,22.17462]]]}},{"type":"Feature","bbox":[88.66728,22.26506,88.71715,22.32284],"properties":{"kind":"gp","gp":"Kanthalberia","block":"Basanti","lgd":108004},"geometry":{"type":"Polygon","coordinates":[[[88.7062,22.3021],[88.71065,22.29281],[88.71251,22.2901],[88.71216,22.28931],[88.7133,22.28749],[88.71222,22.28647],[88.71215,22.28405],[88.71386,22.28499],[88.71715,22.28516],[88.71677,22.2801],[88.71206,22.27982],[88.7106,22.27528],[88.70939,22.27449],[88.70876,22.273],[88.7047,22.26938],[88.70436,22.26858],[88.70462,22.26749],[88.70321,22.26506],[88.69905,22.26718],[88.70137,22.27015],[88.70207,22.27186],[88.6953,22.27396],[88.69046,22.27366],[88.6909,22.27723],[88.68518,22.27635],[88.68187,22.27475],[88.68008,22.2748],[88.66898,22.2779],[88.67094,22.28058],[88.67164,22.2831],[88.67206,22.29081],[88.67093,22.29531],[88.66728,22.30423],[88.66763,22.30905],[88.66866,22.31212],[88.66992,22.31374],[88.6743,22.31753],[88.67967,22.31987],[88.69435,22.32155],[88.69698,22.32284],[88.7002,22.32082],[88.70155,22.31638],[88.70358,22.31602],[88.70375,22.31529],[88.70485,22.31446],[88.7042,22.31219],[88.70552,22.31079],[88.7062,22.3021]]]}},{"type":"Feature","bbox":[88.21502,21.99939,88.28441,22.04795],"properties":{"kind":"gp","gp":"Karanjali","block":"Kulpi","lgd":108169},"geometry":{"type":"Polygon","coordinates":[[[88.2554,22.00864],[88.25417,22.00864],[88.25375,22.00802],[88.25124,22.00819],[88.2512,22.0091],[88.25238,22.00977],[88.25242,22.01134],[88.25313,22.01186],[88.25304,22.0123],[88.2523,22.0124],[88.24926,22.01082],[88.24816,22.01113],[88.24834,22.01446],[88.25041,22.01831],[88.25036,22.01988],[88.24893,22.02085],[88.24631,22.02157],[88.24643,22.01992],[88.24509,22.01961],[88.24465,22.019],[88.24472,22.01464],[88.24179,22.01543],[88.23889,22.01499],[88.23885,22.01137],[88.2373,22.01138],[88.23598,22.01081],[88.23347,22.01189],[88.23109,22.01182],[88.23203,22.0132],[88.23326,22.01356],[88.23385,22.01444],[88.23323,22.0153],[88.23327,22.01626],[88.23456,22.0185],[88.22942,22.01948],[88.22768,22.0189],[88.21502,22.02214],[88.21761,22.02476],[88.22104,22.03014],[88.22331,22.04141],[88.22433,22.04347],[88.22392,22.04486],[88.22437,22.0459],[88.2233,22.04751],[88.22679,22.04795],[88.22679,22.04732],[88.22608,22.04735],[88.22607,22.04666],[88.23297,22.04568],[88.23435,22.04597],[88.24494,22.04196],[88.24554,22.04303],[88.24623,22.04266],[88.24657,22.04303],[88.24883,22.04298],[88.24981,22.0445],[88.25142,22.04434],[88.25093,22.04013],[88.25008,22.04004],[88.24925,22.03882],[88.2496,22.03821],[88.25184,22.03724],[88.25194,22.03771],[88.25299,22.03795],[88.25402,22.037],[88.2559,22.03647],[88.25785,22.03845],[88.25898,22.03849],[88.25902,22.03901],[88.26013,22.03981],[88.26127,22.03973],[88.26134,22.03783],[88.26256,22.03738],[88.2619,22.03574],[88.26276,22.03402],[88.26246,22.03262],[88.26335,22.03215],[88.26286,22.03058],[88.26369,22.03018],[88.26335,22.02909],[88.26369,22.02854],[88.26555,22.02817],[88.26536,22.0272],[88.26817,22.02603],[88.26899,22.02812],[88.27111,22.02745],[88.27128,22.02864],[88.2739,22.02821],[88.27542,22.02856],[88.27581,22.02829],[88.27562,22.02759],[88.27415,22.02767],[88.27354,22.02652],[88.27399,22.02635],[88.27393,22.02512],[88.27314,22.02381],[88.27467,22.02369],[88.27451,22.02281],[88.27522,22.02364],[88.27617,22.0233],[88.27501,22.0204],[88.27639,22.01794],[88.27928,22.02151],[88.28163,22.0207],[88.28158,22.01942],[88.28372,22.01964],[88.28369,22.01872],[88.28441,22.01838],[88.28223,22.01492],[88.283,22.01438],[88.28182,22.01064],[88.28252,22.00966],[88.27888,22.00641],[88.27936,22.00594],[88.27949,22.00383],[88.27898,21.99939],[88.27216,22.00153],[88.2693,22.0028],[88.26622,22.00493],[88.26178,22.00643],[88.26121,22.00727],[88.2619,22.00852],[88.26084,22.01088],[88.25902,22.01045],[88.25806,22.01181],[88.2569,22.01227],[88.25613,22.00936],[88.2554,22.00864]]]}},{"type":"Feature","bbox":[88.37882,22.07271,88.42721,22.09766],"properties":{"kind":"gp","gp":"Kasinagar","block":"Mathurapur-II","lgd":108233},"geometry":{"type":"Polygon","coordinates":[[[88.38878,22.09766],[88.39259,22.09497],[88.3936,22.09562],[88.3943,22.09507],[88.39494,22.09554],[88.39694,22.09573],[88.39691,22.09472],[88.39795,22.09447],[88.39766,22.09318],[88.39866,22.09325],[88.39938,22.09215],[88.40049,22.09207],[88.40054,22.09567],[88.40158,22.09545],[88.40147,22.09417],[88.40253,22.09371],[88.40325,22.09405],[88.40279,22.09459],[88.40323,22.095],[88.40427,22.0935],[88.40596,22.09422],[88.40837,22.09081],[88.40934,22.091],[88.40885,22.0919],[88.40937,22.09229],[88.41008,22.09208],[88.41065,22.09311],[88.41359,22.09205],[88.41372,22.09287],[88.4151,22.09353],[88.42002,22.09249],[88.42166,22.09284],[88.4218,22.09732],[88.42382,22.0965],[88.42483,22.09666],[88.42525,22.09639],[88.42541,22.09432],[88.42613,22.09369],[88.42578,22.09103],[88.42721,22.08589],[88.42596,22.08008],[88.42372,22.07522],[88.42228,22.07565],[88.42079,22.07519],[88.41168,22.07642],[88.41048,22.07712],[88.40659,22.07791],[88.4056,22.07734],[88.40369,22.07725],[88.40309,22.07672],[88.4035,22.07594],[88.40239,22.07403],[88.40044,22.07339],[88.40031,22.07296],[88.39793,22.07271],[88.39594,22.07299],[88.39167,22.07506],[88.38953,22.07738],[88.38615,22.07764],[88.38497,22.07737],[88.38437,22.07662],[88.38362,22.07783],[88.38378,22.07983],[88.3902,22.08264],[88.39441,22.08297],[88.39454,22.0838],[88.39359,22.08572],[88.39048,22.08921],[88.38544,22.08793],[88.38139,22.08846],[88.37986,22.08975],[88.37882,22.09141],[88.37918,22.09486],[88.38159,22.09534],[88.3826,22.09605],[88.38286,22.09691],[88.38352,22.0964],[88.38705,22.09593],[88.38878,22.09766]]]}},{"type":"Feature","bbox":[88.14803,22.40311,88.17638,22.43203],"properties":{"kind":"gp","gp":"Kasipur Alampur","block":"Budge Budge-II","lgd":108061},"geometry":{"type":"Polygon","coordinates":[[[88.17593,22.42666],[88.17638,22.42428],[88.17427,22.42092],[88.17328,22.41755],[88.17095,22.41736],[88.17019,22.41573],[88.16894,22.41536],[88.16888,22.41465],[88.16982,22.41499],[88.17069,22.41464],[88.17065,22.41321],[88.17117,22.41265],[88.17253,22.41256],[88.17247,22.41217],[88.17031,22.4116],[88.16992,22.41078],[88.16941,22.41083],[88.16848,22.40772],[88.16661,22.40503],[88.16935,22.40311],[88.16526,22.40377],[88.16024,22.4053],[88.15765,22.40719],[88.15753,22.40948],[88.15666,22.41164],[88.15262,22.41542],[88.14949,22.42092],[88.14803,22.42177],[88.14879,22.42208],[88.14888,22.423],[88.15115,22.42322],[88.1515,22.42475],[88.15352,22.42635],[88.15345,22.42687],[88.15433,22.42768],[88.15588,22.42754],[88.15572,22.42595],[88.15628,22.42582],[88.15635,22.42529],[88.15795,22.42498],[88.15863,22.42547],[88.15997,22.42538],[88.16059,22.42618],[88.16233,22.42575],[88.16261,22.42796],[88.16475,22.42811],[88.16543,22.43203],[88.1672,22.4314],[88.16906,22.43182],[88.1707,22.43123],[88.17118,22.43182],[88.17217,22.43114],[88.17331,22.43142],[88.17368,22.43085],[88.17288,22.4302],[88.17258,22.42882],[88.17337,22.42738],[88.17593,22.42666]]]}},{"type":"Feature","bbox":[88.37332,22.03794,88.42372,22.07791],"properties":{"kind":"gp","gp":"Kautala","block":"Mathurapur-II","lgd":108234},"geometry":{"type":"Polygon","coordinates":[[[88.39544,22.04858],[88.38584,22.05354],[88.38353,22.04779],[88.3799,22.04869],[88.37859,22.04847],[88.37599,22.04191],[88.37332,22.04277],[88.37408,22.05012],[88.37586,22.0578],[88.37516,22.06043],[88.37339,22.0613],[88.37411,22.0631],[88.37412,22.06543],[88.37516,22.06829],[88.37593,22.06866],[88.38232,22.0659],[88.38532,22.06737],[88.38728,22.06891],[88.3883,22.0702],[88.38859,22.07159],[88.38437,22.07662],[88.38497,22.07737],[88.38953,22.07738],[88.39167,22.07506],[88.39594,22.07299],[88.39793,22.07271],[88.40031,22.07296],[88.40044,22.07339],[88.40239,22.07403],[88.4035,22.07594],[88.40309,22.07672],[88.40369,22.07725],[88.4056,22.07734],[88.40659,22.07791],[88.41048,22.07712],[88.41168,22.07642],[88.42079,22.07519],[88.42228,22.07565],[88.42372,22.07522],[88.41717,22.06489],[88.4162,22.06434],[88.41491,22.06149],[88.4092,22.0445],[88.40875,22.03848],[88.40606,22.03794],[88.40248,22.03915],[88.39502,22.03802],[88.38738,22.04079],[88.38519,22.04452],[88.38633,22.0468],[88.38746,22.04754],[88.39015,22.04812],[88.39544,22.04858]]]}},{"type":"Feature","bbox":[88.31399,22.15839,88.3562,22.21254],"properties":{"kind":"gp","gp":"Kecharkur","block":"Mandirbazar","lgd":108217},"geometry":{"type":"Polygon","coordinates":[[[88.35324,22.17449],[88.35347,22.17498],[88.35478,22.17517],[88.35486,22.17461],[88.3562,22.17406],[88.35608,22.1729],[88.35399,22.17132],[88.35415,22.17017],[88.35374,22.16986],[88.35427,22.16902],[88.35254,22.16832],[88.351,22.16904],[88.35041,22.16889],[88.35047,22.16693],[88.34946,22.16714],[88.34956,22.16796],[88.34844,22.1683],[88.3476,22.16772],[88.34748,22.16678],[88.3482,22.16574],[88.34829,22.1643],[88.34612,22.16196],[88.3439,22.1621],[88.34385,22.16082],[88.34295,22.16087],[88.34123,22.16311],[88.33917,22.16189],[88.33946,22.16112],[88.33773,22.16081],[88.3372,22.16116],[88.33729,22.16182],[88.33625,22.16194],[88.33624,22.16284],[88.33472,22.16289],[88.33456,22.16223],[88.33376,22.16236],[88.33143,22.16041],[88.33109,22.15938],[88.33167,22.15929],[88.33162,22.15854],[88.32922,22.15839],[88.32231,22.15911],[88.32051,22.16203],[88.31895,22.16205],[88.31812,22.16308],[88.31751,22.16277],[88.31708,22.16572],[88.31572,22.1698],[88.31515,22.17014],[88.3147,22.17147],[88.31431,22.17358],[88.31485,22.17546],[88.31399,22.17926],[88.31573,22.17888],[88.31527,22.18372],[88.31453,22.18526],[88.31579,22.18627],[88.31547,22.18834],[88.31601,22.1905],[88.31498,22.19102],[88.31497,22.19157],[88.31624,22.19202],[88.31763,22.19048],[88.3191,22.19119],[88.32028,22.19119],[88.32317,22.19029],[88.32331,22.1896],[88.32651,22.19102],[88.32997,22.19111],[88.32993,22.19185],[88.32878,22.19284],[88.32822,22.19481],[88.32967,22.19785],[88.32841,22.20183],[88.32965,22.20547],[88.32907,22.20588],[88.32988,22.2074],[88.33213,22.20731],[88.33392,22.20865],[88.33569,22.20915],[88.33718,22.21109],[88.33786,22.21107],[88.33902,22.21194],[88.34123,22.21254],[88.34179,22.21185],[88.34215,22.21228],[88.3436,22.21241],[88.34465,22.21196],[88.3444,22.21093],[88.34498,22.20921],[88.34447,22.20899],[88.34444,22.20821],[88.34505,22.20727],[88.34636,22.20731],[88.34707,22.20628],[88.34797,22.20599],[88.3474,22.20384],[88.34814,22.20248],[88.348,22.20145],[88.34472,22.20013],[88.34396,22.19844],[88.34384,22.19507],[88.34283,22.19485],[88.3429,22.19414],[88.3443,22.19391],[88.34435,22.19331],[88.34538,22.19302],[88.34578,22.19111],[88.34538,22.18915],[88.34757,22.18868],[88.34854,22.18933],[88.34958,22.1892],[88.34949,22.18836],[88.35089,22.18794],[88.35052,22.18737],[88.34881,22.18756],[88.34918,22.18576],[88.35107,22.18571],[88.35064,22.18408],[88.3498,22.18414],[88.34925,22.1831],[88.35209,22.18275],[88.35278,22.18153],[88.3519,22.1808],[88.35353,22.1802],[88.35362,22.179],[88.35415,22.17876],[88.3529,22.17777],[88.35255,22.1745],[88.35324,22.17449]]]}},{"type":"Feature","bbox":[88.29991,22.36288,88.35102,22.39366],"properties":{"kind":"gp","gp":"Keoradanga","block":"Bishnupur-I","lgd":108033},"geometry":{"type":"Polygon","coordinates":[[[88.31923,22.36557],[88.31407,22.36538],[88.31057,22.36288],[88.30968,22.36376],[88.30702,22.36454],[88.30567,22.36416],[88.30435,22.36531],[88.30333,22.36555],[88.30201,22.36742],[88.302,22.36816],[88.30065,22.36782],[88.29991,22.36864],[88.30022,22.36973],[88.30136,22.37098],[88.30303,22.37034],[88.30446,22.37072],[88.30546,22.37203],[88.30644,22.37419],[88.30622,22.37564],[88.30773,22.37605],[88.30831,22.37904],[88.30863,22.37965],[88.30941,22.37977],[88.30947,22.38026],[88.30868,22.38044],[88.3081,22.38191],[88.30851,22.38295],[88.3097,22.38275],[88.30972,22.38433],[88.31036,22.38422],[88.31089,22.38582],[88.31273,22.38681],[88.31307,22.3883],[88.31242,22.3885],[88.31256,22.38901],[88.31332,22.38923],[88.31338,22.39008],[88.31428,22.3905],[88.31419,22.39227],[88.31459,22.39282],[88.31591,22.39317],[88.31994,22.39286],[88.32221,22.39366],[88.32748,22.39354],[88.32926,22.39182],[88.32923,22.38811],[88.33028,22.38796],[88.33037,22.3871],[88.33107,22.3874],[88.3325,22.38667],[88.3323,22.38589],[88.33486,22.38584],[88.3342,22.38435],[88.33514,22.38378],[88.33525,22.38309],[88.33853,22.38311],[88.33768,22.37927],[88.34346,22.37657],[88.34396,22.37501],[88.34477,22.37525],[88.3458,22.37431],[88.34546,22.37359],[88.34416,22.37357],[88.34368,22.3729],[88.34524,22.37176],[88.34504,22.37099],[88.34662,22.37085],[88.34744,22.37127],[88.3479,22.37069],[88.34929,22.37075],[88.34895,22.36998],[88.34945,22.36778],[88.35029,22.3676],[88.35102,22.36585],[88.35065,22.36481],[88.34921,22.36475],[88.34479,22.36472],[88.34242,22.36525],[88.33267,22.36472],[88.33032,22.36518],[88.32607,22.36414],[88.32177,22.36396],[88.31986,22.36307],[88.31931,22.36397],[88.31923,22.36557]]]}},{"type":"Feature","bbox":[88.23434,21.98615,88.27562,22.01543],"properties":{"kind":"gp","gp":"Keoratala","block":"Kulpi","lgd":108170},"geometry":{"type":"MultiPolygon","coordinates":[[[[88.26799,21.99121],[88.26838,21.99041],[88.26798,21.98971],[88.26729,21.98972],[88.2649,21.99152],[88.26408,21.98982],[88.26612,21.98819],[88.2644,21.98615],[88.26125,21.98636],[88.25975,21.98967],[88.25997,21.99271],[88.25692,21.99231],[88.25555,21.99501],[88.25699,22.00217],[88.25788,22.00288],[88.25985,22.00313],[88.26011,22.0037],[88.26246,22.00361],[88.26333,22.00446],[88.26326,22.00571],[88.26622,22.00493],[88.2693,22.0028],[88.27562,22.00034],[88.27511,21.99834],[88.27377,21.99761],[88.27382,21.99615],[88.27181,21.99113],[88.26964,21.9916],[88.26799,21.99121]]],[[[88.24942,22.00539],[88.24821,22.00205],[88.248,21.99997],[88.24713,21.9999],[88.24677,21.99938],[88.2451,21.99359],[88.24409,21.99321],[88.24138,21.99349],[88.24047,21.99141],[88.23901,21.98977],[88.23909,21.98818],[88.23808,21.98894],[88.23729,21.99275],[88.23582,21.99489],[88.23648,21.99648],[88.23456,21.99828],[88.23461,21.99875],[88.23584,21.99862],[88.2367,22.00108],[88.23741,22.00114],[88.23841,22.00239],[88.23728,22.00355],[88.23528,22.00372],[88.2353,22.00486],[88.23434,22.00538],[88.23458,22.0073],[88.23582,22.00899],[88.23766,22.00898],[88.23826,22.00951],[88.23838,22.01054],[88.23786,22.0114],[88.23885,22.01137],[88.23889,22.01499],[88.24179,22.01543],[88.24472,22.01464],[88.24382,22.01384],[88.24371,22.01301],[88.243,22.01285],[88.24346,22.00956],[88.24456,22.00957],[88.24522,22.01106],[88.246,22.01133],[88.24926,22.01082],[88.2523,22.0124],[88.25304,22.0123],[88.25313,22.01186],[88.25242,22.01134],[88.25238,22.00977],[88.2512,22.0091],[88.25124,22.00819],[88.25038,22.00793],[88.24999,22.00563],[88.24942,22.00539]]]]}},{"type":"Feature","bbox":[88.2073,22.40745,88.24111,22.45412],"properties":{"kind":"gp","gp":"Khagramuri","block":"Bishnupur-II","lgd":108044},"geometry":{"type":"Polygon","coordinates":[[[88.23263,22.41443],[88.23439,22.41373],[88.23634,22.41446],[88.23757,22.41591],[88.23796,22.41523],[88.24029,22.41579],[88.24111,22.4141],[88.24007,22.40926],[88.23938,22.40962],[88.23735,22.4077],[88.23603,22.40747],[88.23535,22.40752],[88.23523,22.40842],[88.23325,22.40871],[88.2307,22.40745],[88.22983,22.40752],[88.22967,22.40883],[88.22611,22.40821],[88.22509,22.40845],[88.22493,22.41055],[88.22288,22.41132],[88.22147,22.41272],[88.21998,22.41307],[88.21784,22.41273],[88.21679,22.41379],[88.21728,22.41818],[88.21664,22.41889],[88.21529,22.41909],[88.21505,22.42084],[88.21346,22.4207],[88.21304,22.42014],[88.21177,22.41985],[88.21178,22.42048],[88.21071,22.42082],[88.2108,22.42173],[88.20891,22.42289],[88.20745,22.42303],[88.20765,22.42462],[88.21085,22.42496],[88.2111,22.42596],[88.21022,22.42639],[88.211,22.42832],[88.2073,22.42901],[88.20732,22.42995],[88.20773,22.42998],[88.20763,22.43092],[88.20879,22.43091],[88.20947,22.43233],[88.21013,22.43238],[88.21039,22.4344],[88.21278,22.43591],[88.21289,22.43809],[88.21384,22.43835],[88.21501,22.43754],[88.21541,22.44047],[88.21668,22.44089],[88.21638,22.44201],[88.21726,22.44263],[88.21737,22.44381],[88.2159,22.44424],[88.21589,22.44514],[88.21656,22.44512],[88.21654,22.44626],[88.21707,22.44656],[88.21721,22.4498],[88.2195,22.44921],[88.22099,22.45066],[88.22398,22.45031],[88.22686,22.45146],[88.23452,22.45031],[88.23502,22.45214],[88.23718,22.45233],[88.23727,22.4533],[88.23824,22.45412],[88.23878,22.45343],[88.23799,22.4521],[88.23768,22.44987],[88.23566,22.44998],[88.23504,22.44886],[88.23504,22.44791],[88.23597,22.44763],[88.23623,22.44654],[88.23789,22.4464],[88.237,22.44377],[88.23754,22.44309],[88.23702,22.44087],[88.23806,22.43629],[88.23751,22.43525],[88.23627,22.43504],[88.23516,22.43384],[88.23429,22.43432],[88.23353,22.43248],[88.2343,22.43103],[88.23294,22.42882],[88.23143,22.428],[88.23037,22.42585],[88.23317,22.42438],[88.23602,22.42448],[88.23681,22.42284],[88.23709,22.42157],[88.23611,22.42035],[88.23739,22.41947],[88.23686,22.41844],[88.23143,22.41657],[88.23141,22.41586],[88.23238,22.41578],[88.23263,22.41443]]]}},{"type":"Feature","bbox":[88.45261,22.26218,88.51346,22.28175],"properties":{"kind":"gp","gp":"Khakurdaha","block":"Jaynagar-I","lgd":108136},"geometry":{"type":"MultiPolygon","coordinates":[[[[88.5107,22.26889],[88.50855,22.26315],[88.50301,22.26248],[88.4997,22.26322],[88.4967,22.2632],[88.49636,22.26611],[88.49729,22.26692],[88.49894,22.26717],[88.50156,22.2699],[88.5017,22.27056],[88.50083,22.27058],[88.50069,22.26989],[88.49703,22.26968],[88.49673,22.2706],[88.49737,22.27422],[88.49703,22.27521],[88.5046,22.2744],[88.50859,22.27533],[88.512,22.27522],[88.51346,22.27254],[88.5107,22.26889]]],[[[88.46842,22.26675],[88.46884,22.26548],[88.46818,22.26575],[88.46808,22.26459],[88.46746,22.2646],[88.46703,22.26376],[88.46735,22.26293],[88.46633,22.26287],[88.46563,22.26218],[88.46413,22.26242],[88.46331,22.26318],[88.46078,22.26338],[88.45817,22.2633],[88.45578,22.2625],[88.45261,22.267],[88.45312,22.26718],[88.45361,22.26662],[88.45498,22.26745],[88.45557,22.26881],[88.45624,22.26883],[88.45667,22.27008],[88.45942,22.27027],[88.45995,22.27203],[88.46041,22.27119],[88.46101,22.27131],[88.46116,22.27206],[88.46177,22.27193],[88.46181,22.2712],[88.46328,22.2713],[88.46483,22.27221],[88.46541,22.27354],[88.46454,22.27414],[88.46518,22.27655],[88.46557,22.2775],[88.46677,22.27806],[88.46729,22.27958],[88.46824,22.28016],[88.46851,22.28175],[88.47073,22.28096],[88.47137,22.28131],[88.47315,22.28104],[88.47314,22.28046],[88.47442,22.28017],[88.47463,22.28104],[88.47577,22.28092],[88.47573,22.27938],[88.47925,22.27909],[88.47945,22.27614],[88.48162,22.27553],[88.48244,22.27558],[88.48333,22.27729],[88.48627,22.27712],[88.48785,22.28054],[88.48968,22.27957],[88.49093,22.27825],[88.49297,22.27768],[88.49305,22.2768],[88.49476,22.27604],[88.49491,22.27533],[88.49259,22.27379],[88.49079,22.271],[88.48797,22.26971],[88.48738,22.26825],[88.48492,22.26725],[88.48282,22.26482],[88.48127,22.2636],[88.48086,22.26382],[88.47915,22.26218],[88.47745,22.26239],[88.47549,22.26519],[88.47592,22.26613],[88.47549,22.26638],[88.47503,22.2686],[88.47607,22.27153],[88.47556,22.27214],[88.47016,22.27334],[88.46965,22.27305],[88.46928,22.27119],[88.46821,22.27067],[88.46819,22.26897],[88.46866,22.2685],[88.46842,22.26675]]]]}},{"type":"Feature","bbox":[88.43626,22.45506,88.50489,22.52256],"properties":{"kind":"gp","gp":"Kheyadaha-I","block":"Sonarpur","lgd":108277},"geometry":{"type":"Polygon","coordinates":[[[88.49597,22.45506],[88.49478,22.45513],[88.48854,22.45982],[88.48516,22.4584],[88.48295,22.45672],[88.48004,22.45682],[88.4773,22.45905],[88.4755,22.45929],[88.47234,22.45811],[88.47134,22.45838],[88.47004,22.46322],[88.47007,22.46501],[88.46648,22.46786],[88.46528,22.47094],[88.46096,22.47036],[88.45983,22.47074],[88.45884,22.47194],[88.45388,22.46968],[88.45047,22.47037],[88.44939,22.46961],[88.44868,22.46807],[88.44617,22.46811],[88.44233,22.46914],[88.44182,22.47082],[88.44028,22.47252],[88.44023,22.47353],[88.43925,22.47366],[88.43924,22.47602],[88.43972,22.47646],[88.43891,22.47729],[88.43801,22.47734],[88.43792,22.47674],[88.43868,22.47634],[88.43792,22.47595],[88.43687,22.47637],[88.43739,22.47863],[88.44014,22.4778],[88.44148,22.47891],[88.44043,22.48108],[88.43754,22.47977],[88.43761,22.48213],[88.44014,22.48239],[88.43993,22.48355],[88.43845,22.48417],[88.43667,22.4861],[88.43626,22.48795],[88.4374,22.49036],[88.43797,22.49079],[88.4403,22.49059],[88.4453,22.48912],[88.45012,22.48929],[88.45097,22.49085],[88.45169,22.49447],[88.44952,22.49444],[88.4493,22.49747],[88.45066,22.49821],[88.45523,22.49886],[88.45902,22.49883],[88.4609,22.49998],[88.46108,22.50076],[88.4568,22.50462],[88.45441,22.50461],[88.45464,22.50621],[88.45415,22.50831],[88.45589,22.51507],[88.45831,22.51675],[88.45848,22.51736],[88.45706,22.51813],[88.45727,22.51897],[88.45957,22.51914],[88.46049,22.52016],[88.46108,22.52256],[88.47454,22.51829],[88.47878,22.51814],[88.47663,22.51541],[88.47365,22.51313],[88.47482,22.51104],[88.47956,22.49632],[88.48213,22.48543],[88.48228,22.48273],[88.48841,22.47541],[88.49422,22.46587],[88.50273,22.46131],[88.50489,22.45889],[88.49597,22.45506]]]}},{"type":"Feature","bbox":[88.41034,22.04228,88.46108,22.52247],"properties":{"kind":"gp","gp":"Kheyadaha-Ii","block":"Sonarpur","lgd":108278},"geometry":{"type":"MultiPolygon","coordinates":[[[[88.442,22.09286],[88.44099,22.08987],[88.44218,22.08893],[88.44342,22.08596],[88.44365,22.08285],[88.4431,22.08145],[88.44415,22.07892],[88.44306,22.07095],[88.44082,22.07062],[88.43973,22.07092],[88.43766,22.07377],[88.43677,22.07155],[88.43585,22.0707],[88.43803,22.07004],[88.43866,22.06884],[88.43817,22.06777],[88.43812,22.06435],[88.44377,22.06196],[88.44018,22.05788],[88.43579,22.05862],[88.43497,22.05593],[88.43425,22.05597],[88.43414,22.0547],[88.43747,22.05422],[88.43733,22.051],[88.43414,22.05085],[88.43396,22.05032],[88.42914,22.05046],[88.42808,22.04228],[88.42647,22.04301],[88.42274,22.04349],[88.42109,22.04435],[88.41258,22.04464],[88.41285,22.04717],[88.41036,22.0481],[88.41491,22.06149],[88.4162,22.06434],[88.41717,22.06489],[88.42321,22.0741],[88.42596,22.08008],[88.42686,22.08324],[88.42721,22.08589],[88.42578,22.09103],[88.42613,22.09369],[88.42505,22.09516],[88.42525,22.09639],[88.42631,22.09656],[88.42687,22.09612],[88.42766,22.09656],[88.42756,22.09957],[88.42907,22.09963],[88.43048,22.10069],[88.43086,22.10198],[88.43416,22.10421],[88.43326,22.10158],[88.4338,22.09874],[88.4333,22.09727],[88.4335,22.09622],[88.43434,22.09564],[88.43538,22.09659],[88.43735,22.09569],[88.44276,22.09579],[88.44252,22.09474],[88.44174,22.09425],[88.442,22.09286]]],[[[88.4135,22.47722],[88.41424,22.4772],[88.41492,22.47865],[88.41563,22.48133],[88.41673,22.4817],[88.4167,22.4832],[88.41786,22.48514],[88.41798,22.48688],[88.41721,22.48743],[88.4175,22.49009],[88.41575,22.48956],[88.4121,22.49123],[88.4112,22.49099],[88.41145,22.49249],[88.41231,22.4922],[88.41284,22.49288],[88.41437,22.49281],[88.41447,22.49524],[88.41322,22.49601],[88.4132,22.49765],[88.41273,22.49831],[88.4114,22.49802],[88.4114,22.49845],[88.41069,22.4987],[88.41115,22.49959],[88.41034,22.50178],[88.41401,22.50384],[88.41581,22.50554],[88.41604,22.51217],[88.41644,22.51203],[88.41685,22.51346],[88.41787,22.51332],[88.41856,22.51508],[88.41978,22.515],[88.41996,22.517],[88.42148,22.5176],[88.42106,22.52122],[88.42222,22.52247],[88.42442,22.52063],[88.42293,22.51836],[88.42328,22.51709],[88.42403,22.51746],[88.42511,22.5171],[88.42709,22.51837],[88.42981,22.51646],[88.43165,22.5171],[88.43444,22.51634],[88.43559,22.51451],[88.43469,22.51441],[88.43486,22.51399],[88.43733,22.51238],[88.4398,22.50854],[88.4442,22.51126],[88.44824,22.50724],[88.44949,22.50852],[88.45202,22.50922],[88.45407,22.50888],[88.45466,22.50958],[88.45415,22.50831],[88.45464,22.50621],[88.45441,22.50461],[88.4568,22.50462],[88.46108,22.50076],[88.4609,22.49998],[88.45902,22.49883],[88.45523,22.49886],[88.45066,22.49821],[88.4493,22.49747],[88.44952,22.49444],[88.45169,22.49447],[88.45097,22.49085],[88.45012,22.48929],[88.4453,22.48912],[88.4403,22.49059],[88.43797,22.49079],[88.4374,22.49036],[88.43626,22.48795],[88.43667,22.4861],[88.43845,22.48417],[88.43993,22.48355],[88.44014,22.48239],[88.43761,22.48213],[88.43754,22.47977],[88.44043,22.48108],[88.44148,22.47891],[88.44014,22.4778],[88.43739,22.47863],[88.43687,22.47637],[88.43792,22.47595],[88.43868,22.47634],[88.43792,22.47674],[88.43801,22.47734],[88.43891,22.47729],[88.43972,22.47646],[88.43924,22.47602],[88.43925,22.47366],[88.44023,22.47353],[88.44028,22.47252],[88.43695,22.47191],[88.43417,22.47275],[88.43248,22.47538],[88.4298,22.47585],[88.42457,22.47636],[88.42413,22.47473],[88.41826,22.47553],[88.41537,22.47669],[88.41342,22.47651],[88.4135,22.47722]]]]}},{"type":"Feature","bbox":[88.12254,22.24213,88.1806,22.2827],"properties":{"kind":"gp","gp":"Khorda","block":"Diamond Harbour-II","lgd":108097},"geometry":{"type":"Polygon","coordinates":[[[88.15445,22.25864],[88.154,22.2555],[88.15546,22.25244],[88.15355,22.24927],[88.15377,22.24888],[88.15302,22.24708],[88.14964,22.24723],[88.14781,22.24679],[88.14503,22.24742],[88.14401,22.24704],[88.14345,22.24587],[88.14205,22.24492],[88.14171,22.24351],[88.13653,22.24213],[88.13658,22.24248],[88.13509,22.2428],[88.13565,22.24532],[88.13508,22.24667],[88.1338,22.24687],[88.134,22.24826],[88.13146,22.24889],[88.13228,22.24973],[88.12865,22.25159],[88.12912,22.25264],[88.13211,22.25269],[88.1317,22.25588],[88.12647,22.25544],[88.12269,22.2568],[88.12254,22.25823],[88.12291,22.26025],[88.12617,22.26474],[88.13151,22.26231],[88.13129,22.26614],[88.1317,22.26733],[88.1313,22.2676],[88.13238,22.26867],[88.1326,22.26962],[88.13466,22.26829],[88.13702,22.26895],[88.13688,22.27026],[88.13561,22.27094],[88.13509,22.27178],[88.13604,22.27255],[88.13809,22.27304],[88.13991,22.27285],[88.14071,22.27344],[88.141,22.27456],[88.1424,22.27469],[88.14259,22.27331],[88.1444,22.27255],[88.14411,22.27193],[88.14463,22.27152],[88.14531,22.27171],[88.14541,22.27293],[88.145,22.27351],[88.14559,22.27539],[88.1467,22.27581],[88.14698,22.27458],[88.14935,22.27475],[88.14962,22.27513],[88.14888,22.27644],[88.15032,22.27947],[88.14969,22.28029],[88.15033,22.28138],[88.14994,22.28172],[88.15071,22.2827],[88.15216,22.28198],[88.15523,22.28173],[88.15653,22.28264],[88.15817,22.28244],[88.15831,22.28171],[88.15972,22.28143],[88.16206,22.28217],[88.16218,22.27719],[88.16814,22.27678],[88.17045,22.27741],[88.17079,22.27638],[88.17302,22.27629],[88.17359,22.27686],[88.17593,22.27613],[88.17514,22.2745],[88.17501,22.27244],[88.1757,22.27249],[88.17523,22.27086],[88.17603,22.27074],[88.17667,22.27154],[88.17696,22.27228],[88.17657,22.273],[88.17724,22.27319],[88.17715,22.2743],[88.17784,22.27431],[88.17838,22.27513],[88.1793,22.27522],[88.17973,22.27364],[88.1806,22.27368],[88.17933,22.2707],[88.17863,22.27087],[88.17793,22.2702],[88.17861,22.26927],[88.17731,22.26675],[88.17706,22.26274],[88.17544,22.26275],[88.17449,22.26186],[88.1737,22.26226],[88.1706,22.26161],[88.17,22.25961],[88.16885,22.25952],[88.16867,22.25834],[88.16539,22.25833],[88.16405,22.25739],[88.16239,22.25746],[88.16312,22.25911],[88.16031,22.26013],[88.15994,22.26163],[88.15861,22.26176],[88.15425,22.26028],[88.15359,22.2593],[88.15445,22.25864]]]}},{"type":"Feature","bbox":[88.39068,22.09081,88.43909,22.13063],"properties":{"kind":"gp","gp":"Krishnachandrapur","block":"Mathurapur I","lgd":108223},"geometry":{"type":"Polygon","coordinates":[[[88.42002,22.09249],[88.4151,22.09353],[88.41372,22.09287],[88.41359,22.09205],[88.41065,22.09311],[88.41008,22.09208],[88.40937,22.09229],[88.40885,22.0919],[88.40934,22.091],[88.40837,22.09081],[88.40596,22.09422],[88.40427,22.0935],[88.40323,22.095],[88.40279,22.09459],[88.40325,22.09405],[88.40253,22.09371],[88.40147,22.09417],[88.40158,22.09545],[88.40054,22.09567],[88.40049,22.09207],[88.39938,22.09215],[88.39866,22.09325],[88.39766,22.09318],[88.39795,22.09447],[88.39691,22.09472],[88.39694,22.09573],[88.39494,22.09554],[88.3943,22.09507],[88.3936,22.09562],[88.39259,22.09497],[88.39186,22.09542],[88.3912,22.09614],[88.39187,22.09746],[88.39068,22.10133],[88.39135,22.10172],[88.39512,22.10108],[88.39543,22.10181],[88.39612,22.10159],[88.39658,22.10331],[88.39619,22.10518],[88.39647,22.10552],[88.39732,22.10499],[88.39976,22.10479],[88.403,22.1065],[88.40436,22.10345],[88.40499,22.10334],[88.4049,22.10054],[88.40577,22.09994],[88.40909,22.09985],[88.411,22.09819],[88.41215,22.09864],[88.41255,22.09996],[88.41223,22.10085],[88.41258,22.10132],[88.41554,22.10143],[88.4153,22.1023],[88.41603,22.10272],[88.41588,22.10341],[88.41658,22.10475],[88.41605,22.10608],[88.41278,22.10705],[88.4129,22.10764],[88.41465,22.10765],[88.41521,22.10896],[88.41458,22.11011],[88.41337,22.10939],[88.41311,22.10964],[88.41337,22.11183],[88.41287,22.11264],[88.41362,22.11301],[88.41238,22.11414],[88.41253,22.11503],[88.41396,22.11681],[88.41363,22.11706],[88.41562,22.12107],[88.41932,22.12087],[88.41903,22.1237],[88.41828,22.12385],[88.41809,22.12457],[88.41826,22.1254],[88.42038,22.12701],[88.4227,22.12658],[88.42358,22.12716],[88.42473,22.1269],[88.42581,22.12542],[88.42614,22.12644],[88.42844,22.12676],[88.42782,22.12813],[88.42893,22.12938],[88.43002,22.12943],[88.42961,22.13002],[88.42998,22.13063],[88.43137,22.1305],[88.43287,22.12963],[88.4329,22.12834],[88.43363,22.12879],[88.43481,22.12842],[88.43599,22.12719],[88.43706,22.12706],[88.43637,22.12458],[88.43839,22.12069],[88.43909,22.11796],[88.43583,22.1188],[88.43371,22.11859],[88.43372,22.1165],[88.43296,22.11557],[88.43265,22.11342],[88.43267,22.11053],[88.43207,22.10984],[88.43346,22.10911],[88.43416,22.10421],[88.43086,22.10198],[88.43048,22.10069],[88.42907,22.09963],[88.42756,22.09957],[88.42766,22.09656],[88.42687,22.09612],[88.42631,22.09656],[88.42382,22.0965],[88.4218,22.09732],[88.42166,22.09284],[88.42002,22.09249]]]}},{"type":"Feature","bbox":[88.32486,22.11052,88.36097,22.15404],"properties":{"kind":"gp","gp":"Krishnapur","block":"Mandirbazar","lgd":108218},"geometry":{"type":"Polygon","coordinates":[[[88.3334,22.11702],[88.33375,22.11944],[88.33292,22.12003],[88.32726,22.11907],[88.32587,22.11911],[88.32523,22.11974],[88.32486,22.12138],[88.3255,22.12247],[88.32566,22.12462],[88.32489,22.12724],[88.32771,22.1306],[88.32789,22.13211],[88.32717,22.13346],[88.3273,22.13499],[88.3282,22.13952],[88.32942,22.14205],[88.32877,22.14464],[88.32898,22.14545],[88.32968,22.14583],[88.32956,22.14757],[88.33128,22.14858],[88.33294,22.15217],[88.33563,22.15384],[88.33752,22.15404],[88.33747,22.15336],[88.3401,22.15332],[88.34367,22.14981],[88.34533,22.14967],[88.34431,22.14736],[88.34572,22.14528],[88.34517,22.14382],[88.34374,22.14448],[88.34256,22.14252],[88.34222,22.14056],[88.34138,22.14054],[88.34145,22.13986],[88.34459,22.13952],[88.34613,22.1407],[88.34633,22.14165],[88.34716,22.14157],[88.35064,22.14012],[88.3509,22.1394],[88.35038,22.1376],[88.35176,22.1373],[88.35223,22.13851],[88.35368,22.13825],[88.35441,22.14093],[88.35557,22.14145],[88.35732,22.14125],[88.35797,22.13841],[88.36074,22.13709],[88.35893,22.13372],[88.35698,22.13132],[88.35547,22.13094],[88.35543,22.13048],[88.35658,22.12989],[88.3593,22.13038],[88.36097,22.12918],[88.36087,22.12872],[88.35876,22.12872],[88.35758,22.12797],[88.35555,22.12541],[88.35305,22.12578],[88.35266,22.1251],[88.35295,22.12386],[88.35131,22.11959],[88.35134,22.11848],[88.34869,22.11493],[88.34799,22.11329],[88.3479,22.11052],[88.34724,22.11125],[88.34719,22.11242],[88.34621,22.1127],[88.34617,22.11338],[88.34429,22.11458],[88.34286,22.11484],[88.34269,22.11281],[88.34122,22.11258],[88.34022,22.11433],[88.33912,22.11419],[88.33858,22.11467],[88.3373,22.11396],[88.33697,22.11429],[88.33593,22.11261],[88.33655,22.11203],[88.33384,22.11203],[88.33443,22.11537],[88.3334,22.11702]]]}},{"type":"Feature","bbox":[88.28782,22.4059,88.33813,22.4434],"properties":{"kind":"gp","gp":"Kulerdari","block":"Bishnupur-I","lgd":108034},"geometry":{"type":"Polygon","coordinates":[[[88.32484,22.41408],[88.32679,22.41418],[88.32649,22.41023],[88.32607,22.40921],[88.3247,22.40887],[88.324,22.40603],[88.32352,22.4059],[88.32277,22.40671],[88.32375,22.40812],[88.32406,22.41061],[88.3237,22.41133],[88.32049,22.41192],[88.31955,22.4136],[88.32061,22.41596],[88.31981,22.41712],[88.31585,22.41729],[88.31511,22.4165],[88.31093,22.41547],[88.31096,22.41682],[88.31323,22.41674],[88.31362,22.41824],[88.31254,22.42192],[88.31253,22.42308],[88.31308,22.42342],[88.31258,22.42691],[88.31185,22.42882],[88.31106,22.42891],[88.31009,22.42992],[88.31044,22.43104],[88.30937,22.43112],[88.30773,22.43023],[88.30746,22.43085],[88.30606,22.43147],[88.30623,22.42844],[88.301,22.42993],[88.30026,22.4296],[88.29996,22.42726],[88.29745,22.428],[88.29749,22.42945],[88.29546,22.42987],[88.29506,22.4311],[88.2931,22.43218],[88.29422,22.43554],[88.29272,22.43637],[88.29255,22.43699],[88.291,22.43675],[88.28782,22.43732],[88.2887,22.43895],[88.29104,22.44172],[88.2952,22.44004],[88.29583,22.44073],[88.29682,22.44075],[88.29776,22.4434],[88.30133,22.44204],[88.31148,22.44049],[88.31252,22.43958],[88.31851,22.43774],[88.32065,22.43756],[88.32197,22.43791],[88.3229,22.43892],[88.32472,22.43864],[88.3258,22.4397],[88.32787,22.43915],[88.33002,22.44004],[88.33415,22.4405],[88.33813,22.43409],[88.33662,22.43283],[88.33626,22.43059],[88.33658,22.42843],[88.33606,22.42717],[88.33457,22.42562],[88.33464,22.42363],[88.3341,22.42318],[88.33233,22.42258],[88.33144,22.42168],[88.32585,22.42179],[88.32517,22.42122],[88.32511,22.42027],[88.32468,22.42023],[88.32284,22.41721],[88.32498,22.41716],[88.32627,22.41618],[88.32484,22.41408]]]}},{"type":"Feature","bbox":[88.21895,22.0569,88.25259,22.11053],"properties":{"kind":"gp","gp":"Kulpi","block":"Kulpi","lgd":108171},"geometry":{"type":"Polygon","coordinates":[[[88.24084,22.06169],[88.24114,22.06033],[88.2403,22.05907],[88.23863,22.05993],[88.23832,22.05958],[88.23641,22.05972],[88.23434,22.05883],[88.23418,22.0574],[88.2314,22.05743],[88.23065,22.0569],[88.22425,22.05753],[88.21895,22.05881],[88.22245,22.06749],[88.22449,22.08029],[88.22441,22.08992],[88.22222,22.09977],[88.21922,22.10849],[88.22412,22.10862],[88.22401,22.11053],[88.22595,22.11023],[88.22595,22.10663],[88.22798,22.10614],[88.22938,22.10647],[88.23049,22.10787],[88.23371,22.10743],[88.23412,22.10828],[88.23571,22.10858],[88.23712,22.10817],[88.23845,22.1089],[88.23989,22.10825],[88.24078,22.10653],[88.24428,22.10487],[88.24479,22.10421],[88.24304,22.10007],[88.24338,22.09835],[88.24303,22.09287],[88.24392,22.09157],[88.24382,22.0904],[88.24301,22.09002],[88.24345,22.08946],[88.2457,22.089],[88.24514,22.087],[88.24393,22.08738],[88.24419,22.08617],[88.24356,22.08282],[88.24238,22.08071],[88.24425,22.08124],[88.24453,22.07979],[88.24411,22.07925],[88.24399,22.07691],[88.24746,22.07597],[88.24882,22.07737],[88.24894,22.07838],[88.2485,22.0791],[88.24926,22.07936],[88.25002,22.0789],[88.24892,22.07643],[88.25006,22.07575],[88.24993,22.0751],[88.25259,22.07455],[88.2507,22.0718],[88.24994,22.07189],[88.24903,22.07104],[88.24848,22.07229],[88.24752,22.0727],[88.24749,22.07081],[88.2458,22.07089],[88.24579,22.07126],[88.24311,22.07114],[88.24261,22.07166],[88.24349,22.07254],[88.24198,22.07311],[88.24222,22.07412],[88.24131,22.07442],[88.24159,22.07567],[88.23996,22.07653],[88.23734,22.07677],[88.23621,22.07761],[88.23602,22.07577],[88.23468,22.07496],[88.23376,22.07255],[88.2348,22.07061],[88.23787,22.06942],[88.2403,22.06908],[88.24337,22.07016],[88.24465,22.06942],[88.24504,22.06837],[88.2444,22.06833],[88.24418,22.06768],[88.2443,22.06454],[88.24132,22.06483],[88.24032,22.06431],[88.2401,22.06249],[88.24084,22.06169]]]}},{"type":"Feature","bbox":[88.90377,22.17558,88.97019,22.23635],"properties":{"kind":"gp","gp":"Kumirmari","block":"Basanti","lgd":108122},"geometry":{"type":"Polygon","coordinates":[[[88.91734,22.23614],[88.91964,22.23444],[88.92214,22.23167],[88.92838,22.2289],[88.95166,22.22525],[88.95617,22.22541],[88.95904,22.22608],[88.95939,22.22299],[88.96188,22.21494],[88.9643,22.20981],[88.96962,22.20308],[88.97019,22.2005],[88.96188,22.19552],[88.9593,22.19326],[88.95119,22.19184],[88.95037,22.1924],[88.94936,22.1921],[88.94406,22.19375],[88.94237,22.19362],[88.94,22.19196],[88.94013,22.18994],[88.94194,22.18772],[88.94474,22.18571],[88.94509,22.18475],[88.94378,22.18414],[88.93995,22.18391],[88.93466,22.1818],[88.93291,22.17912],[88.93278,22.17723],[88.9322,22.17639],[88.9305,22.17701],[88.92846,22.17895],[88.92586,22.17969],[88.92258,22.17935],[88.91831,22.17558],[88.91316,22.18283],[88.91131,22.18457],[88.91134,22.18572],[88.90902,22.18959],[88.90591,22.1915],[88.90454,22.19141],[88.90493,22.19321],[88.90394,22.19566],[88.90419,22.19843],[88.90377,22.19869],[88.90426,22.19945],[88.90522,22.19901],[88.90943,22.19882],[88.91599,22.20973],[88.9168,22.2121],[88.91676,22.21546],[88.91604,22.21867],[88.91661,22.21969],[88.91257,22.22083],[88.9139,22.22176],[88.91565,22.22486],[88.91581,22.22648],[88.91501,22.22844],[88.91501,22.23081],[88.91687,22.23401],[88.91527,22.23468],[88.91544,22.23635],[88.91734,22.23614]]]}},{"type":"Feature","bbox":[88.54304,22.08471,88.61144,22.1884],"properties":{"kind":"gp","gp":"Kundakhali Godabar","block":"Kultali","lgd":108181},"geometry":{"type":"Polygon","coordinates":[[[88.56792,22.14531],[88.56268,22.14723],[88.55687,22.14682],[88.55533,22.14834],[88.55474,22.15118],[88.5542,22.15161],[88.55532,22.15572],[88.5548,22.15994],[88.55516,22.16272],[88.5524,22.16518],[88.55162,22.16649],[88.55218,22.1708],[88.5519,22.17313],[88.55133,22.17366],[88.5517,22.17467],[88.54933,22.17676],[88.54883,22.17746],[88.54887,22.1786],[88.54478,22.1805],[88.54497,22.18147],[88.54335,22.1828],[88.54304,22.18364],[88.54333,22.18559],[88.54646,22.18684],[88.54802,22.18825],[88.54839,22.1884],[88.55109,22.18622],[88.55425,22.18775],[88.56068,22.18618],[88.56151,22.18769],[88.5629,22.18761],[88.56407,22.18677],[88.56732,22.18609],[88.56873,22.18522],[88.57114,22.18572],[88.5714,22.185],[88.57296,22.18455],[88.57628,22.18778],[88.57687,22.18748],[88.5814,22.1829],[88.58281,22.18027],[88.58329,22.17368],[88.58472,22.17121],[88.59968,22.16286],[88.60392,22.15919],[88.60469,22.15622],[88.60506,22.14918],[88.60512,22.13913],[88.60442,22.12966],[88.60603,22.12609],[88.61105,22.11767],[88.61144,22.11567],[88.61129,22.11155],[88.60991,22.10754],[88.60891,22.10626],[88.59651,22.0994],[88.59346,22.09691],[88.58989,22.09673],[88.58939,22.09586],[88.5885,22.09586],[88.58614,22.09314],[88.58567,22.09207],[88.58926,22.08537],[88.58848,22.08479],[88.58583,22.08471],[88.58521,22.08514],[88.58141,22.09097],[88.57507,22.09626],[88.57369,22.09942],[88.57369,22.10095],[88.57233,22.10378],[88.57181,22.10678],[88.57354,22.10882],[88.57781,22.11006],[88.58136,22.11283],[88.58743,22.11455],[88.59164,22.11785],[88.59338,22.12295],[88.59372,22.12802],[88.59339,22.13343],[88.59214,22.13795],[88.59105,22.13939],[88.58739,22.14119],[88.57934,22.14248],[88.57488,22.1439],[88.56792,22.14531]]]}},{"type":"Feature","bbox":[88.84195,22.08652,88.92435,22.15018],"properties":{"kind":"gp","gp":"Lahiripur","block":"Basanti","lgd":108123},"geometry":{"type":"Polygon","coordinates":[[[88.89979,22.14289],[88.8993,22.14171],[88.90126,22.13959],[88.90795,22.12959],[88.90983,22.12741],[88.91552,22.1233],[88.91892,22.11983],[88.91942,22.11793],[88.92172,22.1141],[88.92402,22.10838],[88.92435,22.10519],[88.9236,22.10459],[88.92355,22.10352],[88.92435,22.10181],[88.92418,22.09989],[88.92371,22.09902],[88.92292,22.09914],[88.9221,22.09719],[88.91857,22.09218],[88.9174,22.0912],[88.91511,22.08984],[88.91239,22.08954],[88.91072,22.08865],[88.90612,22.09138],[88.89789,22.0923],[88.89316,22.09171],[88.88326,22.08652],[88.88163,22.08682],[88.87526,22.08933],[88.87249,22.08941],[88.86812,22.091],[88.86027,22.09659],[88.85167,22.10494],[88.85046,22.10711],[88.84954,22.11457],[88.84836,22.11756],[88.84624,22.12109],[88.84221,22.12346],[88.84195,22.12404],[88.84328,22.12575],[88.84533,22.12357],[88.84781,22.11973],[88.85431,22.11701],[88.85755,22.11862],[88.8594,22.12167],[88.86197,22.12157],[88.86329,22.12254],[88.86466,22.12256],[88.86581,22.12335],[88.86762,22.12502],[88.86781,22.12615],[88.86615,22.12822],[88.86691,22.12894],[88.86609,22.13231],[88.86708,22.13551],[88.86638,22.13732],[88.86696,22.1394],[88.86526,22.14103],[88.86926,22.14442],[88.86906,22.14543],[88.87188,22.14898],[88.87361,22.14859],[88.87807,22.14565],[88.88072,22.14683],[88.88375,22.14622],[88.88449,22.14656],[88.88621,22.14929],[88.88901,22.15018],[88.88992,22.14983],[88.89091,22.14839],[88.89185,22.14591],[88.89391,22.14555],[88.89979,22.14289]]]}},{"type":"Feature","bbox":[88.33392,22.18586,88.37178,22.23292],"properties":{"kind":"gp","gp":"Lakshmikantapur","block":"Magra Hat-I","lgd":108188},"geometry":{"type":"Polygon","coordinates":[[[88.36973,22.18825],[88.36683,22.18795],[88.36542,22.18675],[88.36404,22.18709],[88.36279,22.18619],[88.36,22.18625],[88.35982,22.18586],[88.35671,22.18713],[88.35633,22.18671],[88.34949,22.18836],[88.34958,22.1892],[88.34854,22.18933],[88.34757,22.18868],[88.34538,22.18915],[88.34578,22.19111],[88.34538,22.19302],[88.34435,22.19331],[88.3443,22.19391],[88.3429,22.19414],[88.34283,22.19485],[88.34384,22.19507],[88.34396,22.19844],[88.34472,22.20013],[88.348,22.20145],[88.34814,22.20248],[88.3474,22.20384],[88.34797,22.20599],[88.34707,22.20628],[88.34636,22.20731],[88.34505,22.20727],[88.34444,22.20821],[88.34447,22.20899],[88.34498,22.20921],[88.3444,22.21093],[88.34465,22.21196],[88.3436,22.21241],[88.34215,22.21228],[88.34179,22.21185],[88.34123,22.21254],[88.33902,22.21194],[88.33786,22.21107],[88.33718,22.21109],[88.33569,22.20915],[88.33392,22.20865],[88.33521,22.21457],[88.33651,22.21471],[88.33719,22.21541],[88.33893,22.2201],[88.33961,22.22062],[88.34017,22.223],[88.34076,22.22301],[88.34183,22.22931],[88.34312,22.22915],[88.34324,22.22963],[88.34655,22.23062],[88.34805,22.23259],[88.35018,22.23238],[88.35044,22.23292],[88.35137,22.23285],[88.35078,22.23199],[88.35254,22.23139],[88.35268,22.23062],[88.35536,22.22996],[88.35527,22.22815],[88.36047,22.22611],[88.35981,22.22109],[88.3619,22.22152],[88.36198,22.22226],[88.36337,22.22237],[88.36444,22.2219],[88.36391,22.21895],[88.36239,22.21775],[88.36237,22.21712],[88.36358,22.21747],[88.36342,22.21376],[88.36379,22.21288],[88.36623,22.21344],[88.36772,22.2132],[88.36769,22.21254],[88.36692,22.21217],[88.36706,22.2107],[88.36608,22.21073],[88.36584,22.21018],[88.36817,22.20784],[88.37178,22.2087],[88.36993,22.20023],[88.37032,22.19945],[88.36998,22.19576],[88.37153,22.19412],[88.37137,22.19199],[88.37034,22.19182],[88.36973,22.18825]]]}},{"type":"Feature","bbox":[88.38969,21.82454,88.47048,21.90579],"properties":{"kind":"gp","gp":"Laksmijanardanpur","block":"Pathar Pratima","lgd":108258},"geometry":{"type":"Polygon","coordinates":[[[88.46172,21.84469],[88.47048,21.83553],[88.46886,21.83436],[88.46576,21.82717],[88.46423,21.82593],[88.46023,21.82454],[88.44906,21.82934],[88.44235,21.83464],[88.43913,21.83629],[88.43604,21.83695],[88.43496,21.83801],[88.43483,21.83954],[88.43783,21.84271],[88.4377,21.84384],[88.43694,21.84462],[88.43477,21.84532],[88.42984,21.84539],[88.42673,21.84493],[88.4254,21.84443],[88.42465,21.84321],[88.42349,21.84343],[88.42089,21.84707],[88.42067,21.84838],[88.41983,21.84911],[88.41842,21.8489],[88.41451,21.84362],[88.41431,21.84147],[88.41233,21.83904],[88.40834,21.83886],[88.40707,21.83989],[88.40551,21.84293],[88.40131,21.84373],[88.3981,21.84584],[88.39316,21.84838],[88.39181,21.84863],[88.39418,21.85342],[88.3921,21.85773],[88.38992,21.86417],[88.38969,21.86843],[88.39088,21.87555],[88.39369,21.87973],[88.39817,21.88418],[88.39795,21.88695],[88.40255,21.88186],[88.40462,21.88111],[88.40701,21.88111],[88.40874,21.88175],[88.41117,21.88373],[88.41321,21.88585],[88.41529,21.88969],[88.41751,21.89901],[88.41829,21.8991],[88.41962,21.90204],[88.4209,21.90298],[88.42294,21.90255],[88.42994,21.8994],[88.43431,21.89897],[88.43501,21.89942],[88.43598,21.90205],[88.43778,21.90382],[88.43955,21.90437],[88.44073,21.90579],[88.44325,21.905],[88.44047,21.90151],[88.44006,21.89939],[88.43936,21.88035],[88.43745,21.88043],[88.43113,21.88365],[88.42983,21.8835],[88.42854,21.88086],[88.42856,21.87394],[88.42802,21.87045],[88.42765,21.86948],[88.4272,21.86994],[88.42684,21.86916],[88.4269,21.86707],[88.42774,21.86525],[88.43041,21.86311],[88.43669,21.86129],[88.43886,21.85939],[88.44142,21.85977],[88.4426,21.85672],[88.4431,21.85329],[88.44458,21.85011],[88.44676,21.84747],[88.44529,21.8459],[88.44653,21.84515],[88.45039,21.84418],[88.46172,21.84469]]]}},{"type":"Feature","bbox":[88.41313,22.11996,88.46648,22.14843],"properties":{"kind":"gp","gp":"Lalpur","block":"Mathurapur I","lgd":108224},"geometry":{"type":"Polygon","coordinates":[[[88.41501,22.13582],[88.41619,22.13692],[88.41657,22.13598],[88.41907,22.13535],[88.41967,22.13554],[88.41941,22.13615],[88.42047,22.13753],[88.42081,22.13691],[88.42217,22.13711],[88.42281,22.13623],[88.42376,22.13629],[88.42373,22.13803],[88.42187,22.13828],[88.42146,22.13922],[88.41983,22.13954],[88.41603,22.14302],[88.41507,22.14316],[88.41313,22.14675],[88.41379,22.14836],[88.41852,22.14843],[88.42298,22.14744],[88.42464,22.14635],[88.42634,22.14778],[88.42914,22.14817],[88.4293,22.1477],[88.43425,22.1474],[88.43483,22.14536],[88.43776,22.14257],[88.44296,22.14173],[88.44622,22.14215],[88.44785,22.14328],[88.45141,22.14162],[88.45313,22.14224],[88.45382,22.14327],[88.45395,22.14761],[88.4552,22.14823],[88.45755,22.1463],[88.46059,22.14512],[88.46122,22.14443],[88.46133,22.14339],[88.45908,22.14184],[88.45826,22.14066],[88.45762,22.13943],[88.45755,22.13768],[88.46469,22.12807],[88.46619,22.1251],[88.46648,22.12253],[88.46572,22.12135],[88.46445,22.12115],[88.46199,22.12187],[88.45758,22.12135],[88.45406,22.1201],[88.44967,22.11996],[88.44688,22.12128],[88.44708,22.12215],[88.44945,22.12417],[88.4513,22.12465],[88.45166,22.12597],[88.44797,22.12624],[88.44371,22.12501],[88.44343,22.12832],[88.44218,22.13002],[88.43844,22.12899],[88.43706,22.12706],[88.43599,22.12719],[88.43481,22.12842],[88.43363,22.12879],[88.4329,22.12834],[88.43287,22.12963],[88.43137,22.1305],[88.42998,22.13063],[88.42961,22.13002],[88.43002,22.12943],[88.42893,22.12938],[88.42782,22.12813],[88.42844,22.12676],[88.42614,22.12644],[88.42581,22.12542],[88.42473,22.1269],[88.42358,22.12716],[88.4227,22.12658],[88.42061,22.12686],[88.42068,22.12761],[88.42263,22.12786],[88.42268,22.12821],[88.4209,22.12923],[88.42061,22.13113],[88.41962,22.13113],[88.42078,22.13273],[88.42038,22.13332],[88.41976,22.13292],[88.41898,22.13337],[88.41878,22.13254],[88.4182,22.13268],[88.41801,22.13329],[88.416,22.13444],[88.4161,22.13503],[88.41501,22.13582]]]}},{"type":"Feature","bbox":[88.37518,22.3657,88.41628,22.40211],"properties":{"kind":"gp","gp":"Langalberia","block":"Sonarpur","lgd":108279},"geometry":{"type":"Polygon","coordinates":[[[88.41628,22.39255],[88.41614,22.38319],[88.41434,22.38293],[88.413,22.38134],[88.41157,22.38091],[88.41105,22.37842],[88.4103,22.37829],[88.41033,22.37714],[88.40889,22.37658],[88.40845,22.37588],[88.40789,22.37202],[88.40688,22.37259],[88.40343,22.37305],[88.40316,22.3714],[88.40414,22.3699],[88.39856,22.37055],[88.39803,22.36937],[88.39658,22.369],[88.39628,22.36781],[88.39497,22.36667],[88.39264,22.36737],[88.39263,22.36928],[88.39079,22.36956],[88.39051,22.3687],[88.38977,22.36877],[88.38961,22.36829],[88.38599,22.36795],[88.38532,22.36817],[88.38517,22.3693],[88.38388,22.36949],[88.38154,22.36654],[88.38037,22.3658],[88.37878,22.36618],[88.37793,22.3657],[88.37657,22.36576],[88.37621,22.36653],[88.37971,22.368],[88.37984,22.36927],[88.37903,22.3708],[88.3793,22.37446],[88.38474,22.37521],[88.38736,22.37486],[88.3884,22.37596],[88.3906,22.37612],[88.39003,22.37794],[88.38923,22.37759],[88.38765,22.37939],[88.38726,22.37826],[88.38687,22.37935],[88.38593,22.37956],[88.38165,22.3792],[88.38044,22.37998],[88.3801,22.38368],[88.37821,22.38324],[88.37669,22.38387],[88.37672,22.38445],[88.37772,22.38497],[88.37759,22.38553],[88.37813,22.38583],[88.37735,22.38677],[88.37803,22.38721],[88.37897,22.38668],[88.37992,22.38731],[88.38052,22.38687],[88.38141,22.38731],[88.38214,22.38896],[88.38212,22.39021],[88.38067,22.39118],[88.3801,22.39262],[88.3785,22.39293],[88.37775,22.39471],[88.37534,22.39564],[88.37518,22.39715],[88.3758,22.39826],[88.3775,22.39846],[88.37793,22.39788],[88.37848,22.39796],[88.37949,22.39856],[88.38029,22.39992],[88.37957,22.40044],[88.38019,22.40085],[88.3891,22.40087],[88.39445,22.4001],[88.39461,22.4006],[88.39545,22.40055],[88.39583,22.40108],[88.39641,22.40094],[88.3964,22.40014],[88.39795,22.39986],[88.39866,22.39846],[88.39953,22.3983],[88.40072,22.39909],[88.40108,22.39999],[88.40237,22.4005],[88.40206,22.40166],[88.40346,22.40211],[88.40374,22.40161],[88.40458,22.4018],[88.40464,22.40132],[88.40579,22.40138],[88.40541,22.4006],[88.40641,22.40035],[88.40639,22.39867],[88.4071,22.39839],[88.40743,22.39706],[88.40824,22.39694],[88.40761,22.39569],[88.40914,22.39337],[88.41158,22.39357],[88.41167,22.39423],[88.41234,22.39432],[88.41351,22.39247],[88.41462,22.39203],[88.41628,22.39255]]]}},{"type":"Feature","bbox":[88.42529,22.33872,88.47294,22.39493],"properties":{"kind":"gp","gp":"Madarat","block":"Baruipur","lgd":107986},"geometry":{"type":"Polygon","coordinates":[[[88.43997,22.37395],[88.44062,22.37501],[88.4412,22.37508],[88.44134,22.37594],[88.44311,22.37726],[88.44402,22.3778],[88.44588,22.37769],[88.44743,22.38013],[88.44854,22.37991],[88.44897,22.38099],[88.44989,22.38096],[88.45065,22.3829],[88.45122,22.38327],[88.45087,22.38461],[88.452,22.38408],[88.45237,22.38311],[88.45334,22.38242],[88.4542,22.38225],[88.45552,22.38569],[88.45619,22.38667],[88.45707,22.38677],[88.45769,22.39202],[88.45859,22.39148],[88.45855,22.39301],[88.45922,22.39361],[88.45934,22.39493],[88.46233,22.39422],[88.46214,22.39387],[88.46285,22.393],[88.46431,22.39184],[88.46399,22.38896],[88.46527,22.38818],[88.46537,22.38707],[88.46465,22.38488],[88.46734,22.38409],[88.46748,22.38327],[88.46892,22.3823],[88.47294,22.38154],[88.47272,22.37992],[88.47165,22.37943],[88.47166,22.37891],[88.4674,22.37778],[88.46651,22.37793],[88.46658,22.37866],[88.464,22.37814],[88.46577,22.37633],[88.46795,22.37648],[88.46946,22.37588],[88.46895,22.37459],[88.46817,22.37416],[88.46717,22.37441],[88.4667,22.37301],[88.46658,22.37195],[88.46757,22.37082],[88.46713,22.36901],[88.46633,22.36857],[88.46665,22.36455],[88.46611,22.36387],[88.46345,22.36294],[88.46339,22.35968],[88.46094,22.35981],[88.46041,22.35943],[88.45297,22.35098],[88.45398,22.35052],[88.45334,22.3502],[88.45392,22.34958],[88.45611,22.34851],[88.45488,22.34601],[88.45433,22.34308],[88.45601,22.34276],[88.45632,22.34213],[88.45911,22.34075],[88.45863,22.33964],[88.45667,22.34067],[88.45572,22.34027],[88.4545,22.33872],[88.452,22.34047],[88.45306,22.34229],[88.45259,22.34431],[88.44783,22.34773],[88.44909,22.34954],[88.44859,22.35095],[88.44552,22.35188],[88.4454,22.35261],[88.44632,22.35408],[88.44586,22.35543],[88.44549,22.36167],[88.44465,22.36217],[88.4378,22.3621],[88.43835,22.36599],[88.43168,22.36648],[88.43007,22.3653],[88.42681,22.36589],[88.42565,22.3689],[88.42608,22.36997],[88.42529,22.37215],[88.42821,22.37245],[88.42894,22.37408],[88.4311,22.37488],[88.43235,22.37481],[88.43244,22.37534],[88.43452,22.37484],[88.4351,22.37539],[88.43512,22.37659],[88.43711,22.37643],[88.43591,22.37156],[88.43838,22.37137],[88.43937,22.37388],[88.43997,22.37395]]]}},{"type":"Feature","bbox":[88.1497,21.91209,88.18941,21.98431],"properties":{"kind":"gp","gp":"Madhusudanpur","block":"Kak Dwip","lgd":108152},"geometry":{"type":"Polygon","coordinates":[[[88.18758,21.94229],[88.18704,21.93998],[88.18857,21.93571],[88.18941,21.93057],[88.18935,21.92559],[88.18823,21.92137],[88.18055,21.91568],[88.17591,21.91299],[88.17342,21.91209],[88.17336,21.91467],[88.17154,21.92323],[88.17088,21.92928],[88.16839,21.93276],[88.1669,21.93627],[88.16465,21.93832],[88.16342,21.9405],[88.15702,21.94721],[88.15575,21.94918],[88.15094,21.9539],[88.1497,21.95766],[88.15338,21.96432],[88.16132,21.9707],[88.16808,21.97473],[88.17553,21.98431],[88.17747,21.97941],[88.17719,21.97798],[88.17757,21.97284],[88.1842,21.96503],[88.18526,21.96251],[88.18514,21.96024],[88.17987,21.95389],[88.17957,21.95263],[88.17991,21.95117],[88.1817,21.94883],[88.18429,21.94775],[88.18797,21.94532],[88.18862,21.94398],[88.18758,21.94229]]]}},{"type":"Feature","bbox":[88.3499,22.21463,88.3861,22.25754],"properties":{"kind":"gp","gp":"Magrahat Paschim","block":"Magra Hat-II","lgd":108204},"geometry":{"type":"Polygon","coordinates":[[[88.37394,22.22185],[88.37299,22.2221],[88.37258,22.22275],[88.37167,22.22279],[88.37062,22.22197],[88.37002,22.22208],[88.36971,22.22129],[88.36706,22.22186],[88.36678,22.22232],[88.36437,22.2226],[88.36444,22.2219],[88.36337,22.22237],[88.36198,22.22226],[88.3619,22.22152],[88.35981,22.22109],[88.36047,22.22611],[88.35527,22.22815],[88.35536,22.22996],[88.35268,22.23062],[88.35254,22.23139],[88.35078,22.23199],[88.35137,22.23285],[88.35044,22.23292],[88.35062,22.23442],[88.3499,22.23511],[88.35006,22.23605],[88.35098,22.23621],[88.3507,22.23848],[88.35115,22.24266],[88.35212,22.24297],[88.35247,22.24493],[88.35292,22.24503],[88.35278,22.2442],[88.35383,22.24447],[88.35425,22.24403],[88.35388,22.24219],[88.35557,22.24136],[88.35677,22.24166],[88.3577,22.24314],[88.35893,22.24297],[88.36076,22.24468],[88.36141,22.24461],[88.36276,22.24737],[88.36325,22.24736],[88.36351,22.24877],[88.36253,22.2491],[88.36303,22.25263],[88.36452,22.25667],[88.36519,22.25723],[88.3677,22.25697],[88.37076,22.25754],[88.37242,22.25471],[88.3793,22.25523],[88.37647,22.24911],[88.37684,22.24819],[88.37658,22.24695],[88.37709,22.24759],[88.37798,22.24713],[88.37827,22.24584],[88.37887,22.24582],[88.37908,22.24661],[88.38102,22.24629],[88.38072,22.24546],[88.38111,22.24508],[88.38231,22.24663],[88.38386,22.24554],[88.38354,22.24386],[88.3849,22.24446],[88.3861,22.24435],[88.38602,22.24345],[88.38443,22.24103],[88.38342,22.24104],[88.38327,22.24157],[88.38211,22.24194],[88.381,22.23997],[88.3799,22.23989],[88.38018,22.23681],[88.38265,22.23727],[88.38455,22.236],[88.38446,22.23526],[88.38346,22.2353],[88.38397,22.2318],[88.3834,22.2318],[88.38339,22.22996],[88.38244,22.2299],[88.38218,22.22854],[88.38144,22.22793],[88.37986,22.22818],[88.37937,22.22605],[88.37959,22.22479],[88.37909,22.22431],[88.37911,22.22364],[88.38086,22.22369],[88.38113,22.22134],[88.38226,22.22092],[88.38215,22.22006],[88.38001,22.22023],[88.37903,22.21735],[88.3786,22.21736],[88.37811,22.21463],[88.37366,22.21692],[88.37342,22.21886],[88.3754,22.22259],[88.37421,22.22274],[88.37394,22.22185]]]}},{"type":"Feature","bbox":[88.36961,22.21075,88.40477,22.27219],"properties":{"kind":"gp","gp":"Magrahat Purba","block":"Magra Hat-II","lgd":108205},"geometry":{"type":"MultiPolygon","coordinates":[[[[88.37916,22.24742],[88.38019,22.24823],[88.38153,22.24783],[88.38184,22.2491],[88.3834,22.24933],[88.38366,22.24973],[88.3874,22.24865],[88.38727,22.24783],[88.38827,22.24702],[88.39045,22.24631],[88.39111,22.24624],[88.39122,22.24685],[88.39187,22.24683],[88.39302,22.24775],[88.39733,22.24724],[88.39851,22.24567],[88.40054,22.24458],[88.40216,22.24452],[88.40203,22.24317],[88.4025,22.24271],[88.40214,22.24112],[88.40255,22.23992],[88.40477,22.2397],[88.40445,22.23775],[88.40376,22.23747],[88.40338,22.23618],[88.40262,22.23606],[88.40255,22.23519],[88.40043,22.2348],[88.40277,22.23483],[88.40304,22.23572],[88.40404,22.23582],[88.40408,22.23436],[88.40034,22.23365],[88.39973,22.23252],[88.39863,22.23236],[88.39929,22.23027],[88.39881,22.22512],[88.4006,22.2243],[88.40058,22.22341],[88.39996,22.22342],[88.39936,22.22212],[88.39853,22.22203],[88.3978,22.22223],[88.39813,22.22325],[88.39715,22.22271],[88.39682,22.22368],[88.39497,22.22398],[88.39486,22.22466],[88.39393,22.22418],[88.39386,22.22562],[88.3921,22.22535],[88.39229,22.22255],[88.3935,22.22179],[88.39326,22.21778],[88.39237,22.21766],[88.39277,22.21612],[88.39081,22.21504],[88.39069,22.2138],[88.38838,22.21441],[88.38441,22.21421],[88.38473,22.21232],[88.38435,22.21149],[88.38476,22.21075],[88.38268,22.21159],[88.37811,22.21463],[88.3786,22.21736],[88.37903,22.21735],[88.38001,22.22023],[88.38215,22.22006],[88.38226,22.22092],[88.38113,22.22134],[88.38086,22.22369],[88.37911,22.22364],[88.37909,22.22431],[88.37959,22.22479],[88.37937,22.22605],[88.37986,22.22818],[88.38144,22.22793],[88.38218,22.22854],[88.38244,22.2299],[88.38339,22.22996],[88.3834,22.2318],[88.38397,22.2318],[88.38346,22.2353],[88.38446,22.23526],[88.38455,22.236],[88.38265,22.23727],[88.38018,22.23681],[88.3799,22.23989],[88.381,22.23997],[88.38211,22.24194],[88.38327,22.24157],[88.38342,22.24104],[88.38443,22.24103],[88.38602,22.24345],[88.3861,22.24435],[88.3849,22.24446],[88.38354,22.24386],[88.38386,22.24554],[88.38231,22.24663],[88.38111,22.24508],[88.38072,22.24546],[88.38102,22.24629],[88.37908,22.24661],[88.37887,22.24582],[88.37827,22.24584],[88.37813,22.24741],[88.37916,22.24742]]],[[[88.37047,22.2586],[88.37091,22.26035],[88.37197,22.26222],[88.37083,22.26267],[88.37081,22.26365],[88.3703,22.26377],[88.37064,22.26524],[88.37024,22.26568],[88.37034,22.26668],[88.36961,22.26679],[88.36986,22.2716],[88.37414,22.27115],[88.37451,22.27062],[88.37623,22.27106],[88.37685,22.27208],[88.37789,22.27219],[88.3786,22.27133],[88.37862,22.27052],[88.3806,22.26973],[88.38056,22.26874],[88.38198,22.27014],[88.3833,22.27025],[88.38749,22.26924],[88.38799,22.27009],[88.38841,22.27005],[88.38535,22.26338],[88.38603,22.26134],[88.38545,22.25998],[88.38435,22.2602],[88.38449,22.25914],[88.38527,22.25911],[88.38521,22.25795],[88.38589,22.25842],[88.3861,22.26021],[88.3875,22.26048],[88.38785,22.25981],[88.38755,22.25852],[88.38716,22.25845],[88.38704,22.25668],[88.38609,22.25629],[88.38607,22.25545],[88.38463,22.25612],[88.38312,22.25592],[88.38295,22.25628],[88.38103,22.25648],[88.3793,22.25523],[88.37242,22.25471],[88.37076,22.25754],[88.37092,22.25818],[88.37047,22.2586]]]]}},{"type":"Feature","bbox":[88.49601,21.82769,88.57508,21.93135],"properties":{"kind":"gp","gp":"Maipith Baikunthapur","block":"Kultali","lgd":108182},"geometry":{"type":"MultiPolygon","coordinates":[[[[88.57505,21.87899],[88.57508,21.8781],[88.57421,21.87554],[88.57385,21.86942],[88.57425,21.86185],[88.57382,21.85559],[88.56944,21.85118],[88.56621,21.84708],[88.56422,21.84823],[88.56534,21.84666],[88.56474,21.84386],[88.56261,21.83957],[88.56121,21.83483],[88.55877,21.8295],[88.55739,21.8278],[88.55669,21.82769],[88.55261,21.83104],[88.55192,21.83272],[88.55603,21.83816],[88.55826,21.84225],[88.5598,21.84679],[88.55997,21.85151],[88.55831,21.85775],[88.55533,21.86395],[88.5539,21.86808],[88.55344,21.87211],[88.55405,21.87567],[88.55495,21.87723],[88.55669,21.87861],[88.56118,21.88032],[88.57076,21.8795],[88.57442,21.87966],[88.57505,21.87899]]],[[[88.52834,21.87271],[88.52929,21.87221],[88.53046,21.87098],[88.53231,21.86761],[88.53681,21.86335],[88.5392,21.86247],[88.53936,21.86155],[88.53856,21.85824],[88.53751,21.85671],[88.53023,21.85397],[88.52914,21.85398],[88.52951,21.85511],[88.52869,21.8556],[88.52644,21.8524],[88.52537,21.85261],[88.52294,21.8543],[88.52039,21.8571],[88.51905,21.85969],[88.51363,21.86303],[88.51302,21.86435],[88.50998,21.8653],[88.50094,21.87172],[88.50064,21.8722],[88.5011,21.8738],[88.49722,21.87609],[88.49643,21.87714],[88.49601,21.88261],[88.49648,21.88442],[88.49745,21.88573],[88.49691,21.88612],[88.49873,21.89169],[88.50228,21.89517],[88.51147,21.90103],[88.51355,21.90281],[88.52052,21.91077],[88.52471,21.91732],[88.52848,21.91446],[88.53106,21.91426],[88.53063,21.91456],[88.53666,21.92292],[88.53805,21.92715],[88.5394,21.92723],[88.54221,21.92638],[88.54368,21.92919],[88.54883,21.93135],[88.54807,21.9302],[88.54843,21.92874],[88.54792,21.92415],[88.54815,21.92207],[88.54997,21.91848],[88.55309,21.91488],[88.56061,21.9129],[88.56137,21.91177],[88.56743,21.90751],[88.5686,21.90567],[88.56856,21.90325],[88.56525,21.89947],[88.56365,21.89864],[88.56024,21.8989],[88.55439,21.90107],[88.55132,21.90289],[88.54938,21.90334],[88.54535,21.90542],[88.54383,21.9057],[88.54106,21.9074],[88.54089,21.90629],[88.54141,21.90473],[88.53957,21.90296],[88.53886,21.90104],[88.53902,21.89911],[88.54072,21.89644],[88.54605,21.89307],[88.5462,21.88933],[88.54749,21.88338],[88.54749,21.88074],[88.53997,21.87988],[88.53746,21.87856],[88.53724,21.87799],[88.53974,21.87932],[88.54293,21.8797],[88.54567,21.87979],[88.5465,21.87894],[88.54551,21.87762],[88.53921,21.87326],[88.53792,21.86976],[88.5377,21.8672],[88.53876,21.86324],[88.53732,21.86361],[88.53398,21.86692],[88.53208,21.869],[88.53063,21.87193],[88.52851,21.87306],[88.51863,21.87561],[88.52011,21.8746],[88.52595,21.87284],[88.52834,21.87271]]]]}},{"type":"Feature","bbox":[88.42649,22.37137,88.46579,22.42049],"properties":{"kind":"gp","gp":"Mallikpur","block":"Baruipur","lgd":107987},"geometry":{"type":"Polygon","coordinates":[[[88.43691,22.37936],[88.43561,22.38031],[88.43584,22.38354],[88.43626,22.38413],[88.43759,22.3839],[88.43741,22.38616],[88.43829,22.38711],[88.4396,22.38739],[88.43971,22.38873],[88.44067,22.38878],[88.44092,22.3893],[88.44296,22.38906],[88.44384,22.39074],[88.4433,22.39082],[88.44342,22.39303],[88.44221,22.39335],[88.44127,22.39244],[88.44014,22.39268],[88.44008,22.39337],[88.43854,22.39419],[88.43587,22.39472],[88.43305,22.39351],[88.42809,22.39441],[88.42871,22.39729],[88.42649,22.39811],[88.42688,22.3993],[88.42758,22.3991],[88.42789,22.39969],[88.42914,22.40001],[88.42912,22.40086],[88.4299,22.40037],[88.43061,22.40063],[88.43395,22.40005],[88.43402,22.40314],[88.43785,22.40212],[88.43904,22.40232],[88.43995,22.40439],[88.43934,22.40503],[88.44011,22.40985],[88.43984,22.41174],[88.44078,22.41226],[88.44103,22.41403],[88.44328,22.41478],[88.44323,22.41759],[88.44431,22.41774],[88.44416,22.41927],[88.44506,22.41958],[88.44642,22.41899],[88.44708,22.42025],[88.44868,22.42049],[88.45038,22.41913],[88.45354,22.41817],[88.45477,22.41807],[88.45624,22.41868],[88.45667,22.41839],[88.45662,22.41757],[88.4592,22.41682],[88.45992,22.41705],[88.46001,22.41629],[88.46064,22.41644],[88.46091,22.41763],[88.46153,22.41814],[88.46178,22.41749],[88.46248,22.4173],[88.46244,22.41667],[88.46329,22.41628],[88.46359,22.41691],[88.46579,22.41602],[88.46456,22.41179],[88.46373,22.41155],[88.46317,22.41062],[88.46103,22.40567],[88.4614,22.40503],[88.4609,22.40241],[88.46227,22.4015],[88.46196,22.39954],[88.46289,22.3987],[88.46207,22.39661],[88.46252,22.39592],[88.46233,22.39422],[88.45934,22.39493],[88.45922,22.39361],[88.45855,22.39301],[88.45859,22.39148],[88.45769,22.39202],[88.45707,22.38677],[88.45619,22.38667],[88.45552,22.38569],[88.4542,22.38225],[88.45334,22.38242],[88.45237,22.38311],[88.452,22.38408],[88.45087,22.38461],[88.45122,22.38327],[88.45065,22.3829],[88.44989,22.38096],[88.44897,22.38099],[88.44854,22.37991],[88.44743,22.38013],[88.44588,22.37769],[88.44402,22.3778],[88.44134,22.37594],[88.4412,22.37508],[88.43937,22.37388],[88.43838,22.37137],[88.43591,22.37156],[88.43773,22.37973],[88.43691,22.37936]]]}},{"type":"Feature","bbox":[88.08981,22.31718,88.14483,22.36521],"properties":{"kind":"gp","gp":"Mallikpur","block":"Falta","lgd":108113},"geometry":{"type":"Polygon","coordinates":[[[88.11927,22.3302],[88.11628,22.33253],[88.11534,22.33243],[88.11495,22.33162],[88.11414,22.33146],[88.11273,22.33201],[88.11316,22.33876],[88.11121,22.3393],[88.11058,22.34012],[88.10878,22.34045],[88.1074,22.33997],[88.10598,22.33627],[88.10399,22.33546],[88.09645,22.33498],[88.09623,22.3406],[88.09717,22.34605],[88.09694,22.349],[88.09427,22.35544],[88.09232,22.3569],[88.08989,22.35977],[88.08981,22.36159],[88.09135,22.36521],[88.10555,22.36232],[88.10634,22.36107],[88.10801,22.35991],[88.10818,22.35869],[88.11074,22.35824],[88.11095,22.36004],[88.11406,22.35962],[88.11632,22.35837],[88.11906,22.35764],[88.11921,22.35592],[88.1228,22.3558],[88.12377,22.3545],[88.12482,22.35441],[88.1259,22.35357],[88.12685,22.35345],[88.13047,22.35556],[88.13145,22.35751],[88.13239,22.35745],[88.13296,22.35666],[88.13408,22.35696],[88.13438,22.35616],[88.13812,22.35575],[88.13977,22.35602],[88.14209,22.35467],[88.14215,22.35398],[88.14019,22.35217],[88.13674,22.35114],[88.1357,22.34849],[88.13247,22.3457],[88.13279,22.34177],[88.13223,22.3413],[88.13215,22.33936],[88.13066,22.3376],[88.13073,22.33578],[88.12953,22.33481],[88.12893,22.33484],[88.12845,22.33355],[88.12857,22.33206],[88.12939,22.33056],[88.13132,22.33135],[88.13136,22.33232],[88.13272,22.33335],[88.1374,22.33339],[88.13875,22.33528],[88.13983,22.33535],[88.14035,22.33079],[88.13693,22.33155],[88.13704,22.32997],[88.13593,22.32949],[88.13084,22.32932],[88.13173,22.32853],[88.13204,22.32719],[88.13182,22.32489],[88.13362,22.32582],[88.13548,22.32462],[88.13842,22.32439],[88.13899,22.32531],[88.14017,22.3251],[88.14069,22.32589],[88.14156,22.32598],[88.143,22.32517],[88.14352,22.32393],[88.14316,22.32312],[88.14234,22.32345],[88.14203,22.32222],[88.1435,22.32178],[88.14417,22.32064],[88.14483,22.32057],[88.14427,22.31791],[88.14356,22.31718],[88.14267,22.31759],[88.14201,22.31719],[88.141,22.31791],[88.13907,22.31805],[88.1378,22.31867],[88.13796,22.31924],[88.13667,22.32016],[88.13196,22.31997],[88.1317,22.31951],[88.12849,22.3199],[88.12866,22.3214],[88.12649,22.32163],[88.12366,22.32045],[88.11991,22.32426],[88.12087,22.3261],[88.12278,22.32678],[88.12428,22.32978],[88.12303,22.32878],[88.11976,22.32925],[88.11927,22.3302]]]}},{"type":"Feature","bbox":[88.48473,22.05405,88.53115,22.09924],"properties":{"kind":"gp","gp":"Manirtat","block":"Jaynagar-II","lgd":108146},"geometry":{"type":"Polygon","coordinates":[[[88.52449,22.07148],[88.52462,22.06808],[88.52119,22.06728],[88.52045,22.06475],[88.51882,22.0629],[88.51333,22.06044],[88.51174,22.0609],[88.5098,22.06268],[88.50615,22.06389],[88.5071,22.06162],[88.50889,22.05405],[88.50436,22.05485],[88.50376,22.05443],[88.50006,22.05446],[88.4999,22.05542],[88.49769,22.05731],[88.49686,22.05772],[88.49661,22.05698],[88.49267,22.06023],[88.49045,22.06448],[88.49066,22.06848],[88.49264,22.07331],[88.49181,22.07694],[88.49057,22.0784],[88.48473,22.08033],[88.48516,22.08141],[88.4885,22.08423],[88.49096,22.08817],[88.4909,22.09282],[88.4894,22.09651],[88.49277,22.0983],[88.49674,22.09924],[88.50336,22.09818],[88.51609,22.09897],[88.52265,22.0916],[88.52479,22.09084],[88.5303,22.09027],[88.53115,22.08685],[88.53099,22.08312],[88.53013,22.08063],[88.52695,22.0766],[88.52449,22.07148]]]}},{"type":"Feature","bbox":[88.20722,22.2373,88.25433,22.26706],"properties":{"kind":"gp","gp":"Mashat","block":"Diamond Harbour-I","lgd":108091},"geometry":{"type":"Polygon","coordinates":[[[88.24546,22.25132],[88.24413,22.2485],[88.2419,22.24733],[88.24081,22.24603],[88.24011,22.24747],[88.23897,22.24766],[88.23871,22.24569],[88.2368,22.24264],[88.234,22.24452],[88.23349,22.24337],[88.23272,22.24371],[88.23217,22.24329],[88.23083,22.24073],[88.22863,22.24141],[88.22692,22.2412],[88.2268,22.2373],[88.22088,22.23839],[88.22037,22.2386],[88.21984,22.24284],[88.21867,22.24481],[88.21441,22.24858],[88.21302,22.24889],[88.2126,22.25157],[88.21124,22.25403],[88.21148,22.25828],[88.21263,22.25835],[88.21261,22.25903],[88.2104,22.26114],[88.2096,22.26106],[88.20939,22.26254],[88.20722,22.26367],[88.20999,22.26479],[88.20972,22.26658],[88.21505,22.26625],[88.2206,22.26706],[88.22246,22.26643],[88.22462,22.26663],[88.23045,22.26336],[88.23436,22.26277],[88.23452,22.26323],[88.23555,22.263],[88.23607,22.26581],[88.23754,22.26529],[88.23804,22.26365],[88.23899,22.26371],[88.23928,22.26453],[88.24176,22.26429],[88.24172,22.26368],[88.24251,22.2634],[88.24244,22.26118],[88.25026,22.25979],[88.25124,22.25756],[88.25191,22.25742],[88.25297,22.25913],[88.25382,22.2588],[88.25379,22.25726],[88.25433,22.25703],[88.25311,22.25266],[88.25127,22.2534],[88.24751,22.25269],[88.2467,22.2524],[88.24589,22.25125],[88.24546,22.25132]]]}},{"type":"Feature","bbox":[88.72787,22.14327,88.794,22.19648],"properties":{"kind":"gp","gp":"Maszidbati","block":"Basanti","lgd":108005},"geometry":{"type":"Polygon","coordinates":[[[88.78394,22.16679],[88.78219,22.16469],[88.77609,22.16185],[88.77415,22.1604],[88.76939,22.15306],[88.76636,22.14368],[88.76542,22.14327],[88.7583,22.14537],[88.75499,22.15043],[88.74606,22.15411],[88.74477,22.15509],[88.74405,22.15772],[88.73722,22.16108],[88.729,22.16802],[88.72787,22.1697],[88.72944,22.17038],[88.73448,22.17107],[88.7392,22.16913],[88.74078,22.16935],[88.74282,22.17115],[88.745,22.17446],[88.74538,22.17527],[88.74407,22.17734],[88.74353,22.17982],[88.74191,22.18183],[88.7412,22.18385],[88.74169,22.18525],[88.74299,22.18528],[88.74223,22.18952],[88.74283,22.19648],[88.75376,22.19462],[88.75804,22.19309],[88.75923,22.19197],[88.76089,22.19141],[88.7667,22.191],[88.76525,22.18614],[88.76715,22.1825],[88.77284,22.18103],[88.77702,22.17685],[88.7808,22.17412],[88.78545,22.17172],[88.7892,22.16856],[88.794,22.16918],[88.7889,22.16763],[88.7853,22.16748],[88.78394,22.16679]]]}},{"type":"Feature","bbox":[88.7242,22.36165,88.78302,22.38969],"properties":{"kind":"gp","gp":"Matherdighi","block":"Canning-II","lgd":108081},"geometry":{"type":"Polygon","coordinates":[[[88.76397,22.38839],[88.76197,22.38735],[88.76138,22.38569],[88.76224,22.38318],[88.7651,22.37954],[88.76771,22.37992],[88.77027,22.38374],[88.77231,22.38786],[88.77282,22.3883],[88.77409,22.38771],[88.77286,22.38279],[88.76926,22.37775],[88.76834,22.37573],[88.76827,22.37481],[88.77022,22.37117],[88.7714,22.37039],[88.77328,22.37019],[88.77551,22.37105],[88.77879,22.37117],[88.78029,22.37031],[88.78302,22.3676],[88.78152,22.36608],[88.77811,22.36435],[88.77526,22.36165],[88.75941,22.3625],[88.75592,22.36294],[88.7558,22.36336],[88.75368,22.36372],[88.75281,22.36442],[88.73676,22.36421],[88.72587,22.3648],[88.72593,22.36579],[88.7242,22.36817],[88.7246,22.36849],[88.7362,22.3682],[88.73592,22.37007],[88.73403,22.37063],[88.72839,22.37834],[88.7433,22.37706],[88.74493,22.38038],[88.74505,22.38223],[88.74581,22.38363],[88.74573,22.38632],[88.7464,22.38697],[88.74643,22.38958],[88.7494,22.38969],[88.76397,22.38839]]]}},{"type":"Feature","bbox":[88.09893,22.20209,88.16379,22.25127],"properties":{"kind":"gp","gp":"Mathur","block":"Diamond Harbour-II","lgd":108098},"geometry":{"type":"Polygon","coordinates":[[[88.12787,22.21308],[88.12803,22.21397],[88.12488,22.21508],[88.12534,22.21746],[88.12428,22.21946],[88.12333,22.21966],[88.12316,22.22125],[88.12232,22.22191],[88.12212,22.22345],[88.12031,22.22357],[88.11755,22.22273],[88.11653,22.22401],[88.11573,22.22428],[88.11712,22.22688],[88.11394,22.2274],[88.1113,22.22604],[88.10874,22.22635],[88.10751,22.22757],[88.10538,22.2282],[88.10595,22.23259],[88.10663,22.23432],[88.10799,22.23547],[88.10794,22.23642],[88.10705,22.23702],[88.09938,22.23828],[88.09978,22.23981],[88.09893,22.24022],[88.10078,22.24134],[88.1033,22.24381],[88.10449,22.24377],[88.10521,22.24508],[88.10579,22.24518],[88.11372,22.24419],[88.11396,22.24331],[88.1153,22.24324],[88.11692,22.24418],[88.11825,22.24403],[88.11935,22.24374],[88.12011,22.2427],[88.12069,22.24372],[88.12375,22.24345],[88.12605,22.24392],[88.12586,22.24523],[88.13289,22.24396],[88.13307,22.24285],[88.13495,22.24239],[88.13509,22.2428],[88.13658,22.24248],[88.13653,22.24213],[88.14171,22.24351],[88.14205,22.24492],[88.14345,22.24587],[88.14401,22.24704],[88.14503,22.24742],[88.14781,22.24679],[88.14964,22.24723],[88.15302,22.24708],[88.15377,22.24888],[88.15355,22.24927],[88.15492,22.25127],[88.15549,22.25076],[88.15659,22.25082],[88.15652,22.24881],[88.15717,22.24873],[88.15804,22.24955],[88.15894,22.24883],[88.15833,22.24516],[88.15936,22.24488],[88.15911,22.24443],[88.16044,22.24416],[88.15951,22.24331],[88.15947,22.24268],[88.15853,22.24298],[88.15811,22.24244],[88.15804,22.24176],[88.15852,22.24158],[88.15843,22.24056],[88.15773,22.24035],[88.1579,22.23827],[88.16239,22.23813],[88.16254,22.23677],[88.16379,22.23653],[88.1635,22.23409],[88.16229,22.23405],[88.15995,22.23512],[88.15916,22.23486],[88.15825,22.23552],[88.15667,22.2353],[88.15624,22.23453],[88.15492,22.23493],[88.15552,22.2336],[88.15537,22.23212],[88.15436,22.23167],[88.15431,22.23055],[88.15349,22.23046],[88.15221,22.2289],[88.14954,22.22918],[88.14987,22.2263],[88.1507,22.22461],[88.14717,22.22381],[88.1501,22.22036],[88.15042,22.21932],[88.1499,22.21891],[88.14818,22.21936],[88.14709,22.22042],[88.14526,22.22019],[88.14292,22.21873],[88.14149,22.21597],[88.14082,22.211],[88.13311,22.2091],[88.1328,22.20861],[88.13372,22.20314],[88.13277,22.20217],[88.13176,22.20209],[88.12943,22.20321],[88.12443,22.20671],[88.12506,22.20806],[88.12874,22.2085],[88.12845,22.21054],[88.12937,22.21251],[88.12787,22.21308]]]}},{"type":"Feature","bbox":[88.35131,22.09486,88.39405,22.1426],"properties":{"kind":"gp","gp":"Mathurapur Paschim","block":"Mathurapur I","lgd":108225},"geometry":{"type":"MultiPolygon","coordinates":[[[[88.38002,22.09832],[88.38082,22.09836],[88.38197,22.09717],[88.38286,22.09691],[88.3826,22.09605],[88.38054,22.09494],[88.37918,22.09486],[88.37755,22.09633],[88.37226,22.09666],[88.37211,22.09754],[88.37261,22.09844],[88.37109,22.09995],[88.37094,22.10129],[88.37135,22.10173],[88.3709,22.10518],[88.373,22.10547],[88.37413,22.1048],[88.37406,22.10377],[88.37497,22.10295],[88.3773,22.10274],[88.37871,22.10196],[88.3791,22.10117],[88.37864,22.10066],[88.37877,22.09981],[88.37983,22.09945],[88.38002,22.09832]]],[[[88.37301,22.11742],[88.37254,22.11432],[88.37168,22.1135],[88.37069,22.11353],[88.37092,22.11495],[88.36977,22.11493],[88.36963,22.11391],[88.36884,22.1138],[88.36758,22.1141],[88.36773,22.11482],[88.36729,22.11529],[88.36633,22.11512],[88.36596,22.11573],[88.36486,22.11587],[88.36402,22.11548],[88.36288,22.11408],[88.36216,22.11387],[88.36185,22.11272],[88.36237,22.11218],[88.36227,22.11144],[88.36103,22.11141],[88.36044,22.11022],[88.3583,22.11187],[88.35385,22.11188],[88.35333,22.11245],[88.35218,22.11221],[88.35139,22.11332],[88.3523,22.11425],[88.35257,22.11533],[88.35171,22.11551],[88.35199,22.11718],[88.35146,22.11758],[88.35131,22.11959],[88.35295,22.12386],[88.35266,22.1251],[88.35305,22.12578],[88.35555,22.12541],[88.35758,22.12797],[88.35876,22.12872],[88.36087,22.12872],[88.36097,22.12918],[88.3593,22.13038],[88.35658,22.12989],[88.35543,22.13048],[88.35547,22.13094],[88.35698,22.13132],[88.35893,22.13372],[88.3598,22.13559],[88.36063,22.13584],[88.36172,22.13543],[88.36422,22.13837],[88.36474,22.13777],[88.36421,22.13715],[88.3643,22.1357],[88.36548,22.13557],[88.36564,22.13417],[88.36644,22.134],[88.36572,22.13253],[88.36764,22.13022],[88.36989,22.13131],[88.37087,22.13591],[88.3719,22.13644],[88.37329,22.14011],[88.37405,22.14031],[88.37453,22.14182],[88.37546,22.14183],[88.37626,22.1426],[88.37908,22.14154],[88.37891,22.13976],[88.37788,22.1379],[88.37842,22.13719],[88.37779,22.13472],[88.38009,22.13489],[88.38027,22.13548],[88.382,22.13542],[88.3828,22.13474],[88.38287,22.13357],[88.38371,22.13283],[88.38425,22.13304],[88.3849,22.1326],[88.38588,22.13334],[88.38706,22.13338],[88.38778,22.13424],[88.38845,22.13417],[88.39268,22.13124],[88.3923,22.12793],[88.3918,22.12749],[88.39208,22.12653],[88.39257,22.12626],[88.39385,22.12665],[88.39405,22.12607],[88.39298,22.12493],[88.39303,22.12381],[88.39244,22.12324],[88.39114,22.12364],[88.39029,22.12265],[88.38936,22.12238],[88.3894,22.12115],[88.38831,22.11961],[88.38832,22.11783],[88.38914,22.11706],[88.38848,22.11712],[88.38749,22.11632],[88.38618,22.11744],[88.38417,22.11796],[88.38348,22.11761],[88.38322,22.11818],[88.38025,22.11937],[88.37936,22.1189],[88.37757,22.11913],[88.37389,22.12213],[88.37273,22.12162],[88.37274,22.11913],[88.37387,22.11893],[88.37449,22.11808],[88.37301,22.11742]]]]}},{"type":"Feature","bbox":[88.37252,22.09593,88.41658,22.12998],"properties":{"kind":"gp","gp":"Mathurapur Purba","block":"Mathurapur I","lgd":108226},"geometry":{"type":"Polygon","coordinates":[[[88.3884,22.10504],[88.38979,22.10526],[88.39014,22.10432],[88.39065,22.10453],[88.3921,22.10377],[88.39247,22.10279],[88.39384,22.10168],[88.39369,22.10116],[88.39135,22.10172],[88.39068,22.10133],[88.39187,22.09746],[88.3912,22.09614],[88.38878,22.09766],[88.38705,22.09593],[88.38352,22.0964],[88.38082,22.09836],[88.38002,22.09832],[88.37983,22.09945],[88.37877,22.09981],[88.37864,22.10066],[88.3791,22.10117],[88.37871,22.10196],[88.3773,22.10274],[88.37497,22.10295],[88.37406,22.10377],[88.37413,22.1048],[88.373,22.10547],[88.37352,22.10588],[88.37386,22.10747],[88.37416,22.11322],[88.37488,22.11457],[88.37252,22.11478],[88.37311,22.11627],[88.37301,22.11742],[88.37449,22.11808],[88.37387,22.11893],[88.37274,22.11913],[88.37273,22.12162],[88.37389,22.12213],[88.37757,22.11913],[88.37936,22.1189],[88.38025,22.11937],[88.38322,22.11818],[88.38348,22.11761],[88.38417,22.11796],[88.38618,22.11744],[88.38749,22.11632],[88.38848,22.11712],[88.38914,22.11706],[88.38832,22.11783],[88.38831,22.11961],[88.3894,22.12115],[88.38936,22.12238],[88.39029,22.12265],[88.39114,22.12364],[88.39244,22.12324],[88.39303,22.12381],[88.39298,22.12493],[88.39405,22.12607],[88.39385,22.12665],[88.39257,22.12626],[88.39208,22.12653],[88.3918,22.12749],[88.3923,22.12793],[88.39249,22.12998],[88.39334,22.12967],[88.39408,22.12712],[88.39516,22.12608],[88.39546,22.12393],[88.39725,22.12301],[88.39747,22.12056],[88.39859,22.12072],[88.39899,22.12002],[88.40033,22.11962],[88.40158,22.12265],[88.40235,22.12283],[88.40269,22.12215],[88.4037,22.12199],[88.40435,22.12244],[88.40505,22.12197],[88.40603,22.1227],[88.40761,22.12223],[88.4082,22.1227],[88.40835,22.12191],[88.41004,22.12176],[88.41121,22.11995],[88.41101,22.11911],[88.41028,22.11858],[88.4108,22.11804],[88.41281,22.11885],[88.41288,22.11724],[88.41396,22.11681],[88.41253,22.11503],[88.41238,22.11414],[88.41362,22.11301],[88.41287,22.11264],[88.41337,22.11183],[88.41311,22.10964],[88.41337,22.10939],[88.41458,22.11011],[88.41521,22.10896],[88.41465,22.10765],[88.4129,22.10764],[88.41278,22.10705],[88.41605,22.10608],[88.41658,22.10475],[88.41588,22.10341],[88.41603,22.10272],[88.4153,22.1023],[88.41554,22.10143],[88.41258,22.10132],[88.41215,22.09864],[88.411,22.09819],[88.40909,22.09985],[88.40577,22.09994],[88.4049,22.10054],[88.40499,22.10334],[88.40436,22.10345],[88.403,22.1065],[88.39976,22.10479],[88.39732,22.10499],[88.39647,22.10552],[88.39619,22.10518],[88.39487,22.1056],[88.39493,22.10614],[88.39374,22.10659],[88.39344,22.10797],[88.39237,22.10808],[88.38945,22.10679],[88.38895,22.1072],[88.38812,22.10616],[88.3884,22.10504]]]}},{"type":"Feature","bbox":[88.62263,22.31085,88.699,22.33405],"properties":{"kind":"gp","gp":"Matla-I","block":"Canning-I","lgd":108073},"geometry":{"type":"Polygon","coordinates":[[[88.66289,22.33146],[88.66488,22.32852],[88.66747,22.32592],[88.67102,22.32415],[88.67627,22.32416],[88.68312,22.32649],[88.68857,22.32606],[88.69435,22.32632],[88.69754,22.32757],[88.69822,22.32722],[88.699,22.32562],[88.69885,22.3249],[88.69698,22.32284],[88.69435,22.32155],[88.68248,22.3204],[88.67967,22.31987],[88.67599,22.31838],[88.6743,22.31753],[88.66992,22.31374],[88.66819,22.31085],[88.66293,22.31309],[88.65957,22.31562],[88.65587,22.31525],[88.65325,22.31432],[88.65319,22.31381],[88.65126,22.31362],[88.64888,22.31474],[88.64634,22.31525],[88.64097,22.3143],[88.63774,22.31444],[88.63464,22.31583],[88.63172,22.31895],[88.62517,22.32061],[88.62304,22.32216],[88.62325,22.32396],[88.62263,22.32475],[88.62838,22.33397],[88.62927,22.33405],[88.63864,22.32929],[88.64002,22.33366],[88.64528,22.33134],[88.64565,22.33217],[88.6493,22.33053],[88.65043,22.33159],[88.6535,22.332],[88.65497,22.33088],[88.65764,22.33177],[88.65919,22.33118],[88.66289,22.33146]]]}},{"type":"Feature","bbox":[88.22591,22.37123,88.26031,22.39282],"properties":{"kind":"gp","gp":"Maukhali","block":"Bishnupur-II","lgd":108045},"geometry":{"type":"Polygon","coordinates":[[[88.24038,22.37715],[88.23915,22.3754],[88.23358,22.37563],[88.22952,22.37666],[88.22609,22.37888],[88.22591,22.38114],[88.2264,22.38291],[88.2275,22.38441],[88.22776,22.39182],[88.22899,22.39258],[88.23082,22.39282],[88.23295,22.39268],[88.23487,22.39195],[88.23609,22.39114],[88.23673,22.38902],[88.23745,22.38826],[88.24013,22.38686],[88.24322,22.38744],[88.24461,22.38861],[88.24752,22.38877],[88.24901,22.38799],[88.25413,22.38718],[88.25584,22.38633],[88.25925,22.38323],[88.25824,22.38213],[88.25922,22.38033],[88.25927,22.37867],[88.26031,22.37558],[88.26018,22.37508],[88.259,22.3745],[88.25889,22.37192],[88.25698,22.37175],[88.25684,22.37123],[88.25555,22.37135],[88.25361,22.37344],[88.25133,22.37347],[88.25052,22.37397],[88.2462,22.37457],[88.24595,22.37532],[88.2445,22.37586],[88.24278,22.3758],[88.24038,22.37715]]]}},{"type":"Feature","bbox":[88.18086,21.60791,88.2275,21.72584],"properties":{"kind":"gp","gp":"Mausini","block":"Namkhana","lgd":108244},"geometry":{"type":"Polygon","coordinates":[[[88.22529,21.63591],[88.22142,21.63177],[88.21744,21.62942],[88.21346,21.62572],[88.21178,21.62326],[88.21033,21.61978],[88.20828,21.61922],[88.20744,21.61317],[88.20852,21.61183],[88.20925,21.60981],[88.20864,21.60791],[88.20599,21.60892],[88.20322,21.61351],[88.2019,21.61777],[88.19527,21.6451],[88.19262,21.65114],[88.19033,21.6545],[88.18864,21.65988],[88.18828,21.66503],[88.18346,21.67421],[88.18286,21.67712],[88.18322,21.68295],[88.18239,21.6867],[88.19441,21.6962],[88.1979,21.70048],[88.1994,21.70313],[88.20219,21.70607],[88.19753,21.70422],[88.19346,21.70142],[88.19042,21.69804],[88.18906,21.6948],[88.1868,21.69165],[88.18303,21.68853],[88.18208,21.68814],[88.18086,21.68885],[88.18133,21.69016],[88.18154,21.69607],[88.18234,21.69956],[88.18581,21.70767],[88.18948,21.71333],[88.19235,21.71634],[88.20354,21.72584],[88.20579,21.71842],[88.20825,21.71346],[88.20647,21.70885],[88.20709,21.70907],[88.20855,21.70819],[88.2089,21.70729],[88.20858,21.70524],[88.20473,21.70002],[88.20121,21.69699],[88.19683,21.69204],[88.19411,21.68737],[88.19359,21.68419],[88.19545,21.67936],[88.19668,21.67891],[88.20568,21.67176],[88.21515,21.67038],[88.21974,21.66912],[88.22507,21.66599],[88.2275,21.65006],[88.2265,21.63932],[88.22529,21.63591]]]}},{"type":"Feature","bbox":[88.47531,22.16637,88.52459,22.20258],"properties":{"kind":"gp","gp":"Mayahauri","block":"Jaynagar-II","lgd":108147},"geometry":{"type":"Polygon","coordinates":[[[88.52341,22.19203],[88.5244,22.19168],[88.52459,22.19109],[88.52393,22.18279],[88.52305,22.1792],[88.52212,22.17879],[88.51473,22.17868],[88.51155,22.17877],[88.50864,22.17951],[88.50502,22.17886],[88.50046,22.17712],[88.4944,22.17771],[88.4922,22.17667],[88.49136,22.17508],[88.48873,22.17213],[88.4853,22.17147],[88.4791,22.16728],[88.47629,22.16637],[88.47531,22.16679],[88.47706,22.17302],[88.4788,22.17537],[88.47772,22.17598],[88.47807,22.17685],[88.4917,22.19488],[88.49656,22.20258],[88.49684,22.20216],[88.49911,22.20196],[88.50106,22.20079],[88.50131,22.19953],[88.50543,22.19695],[88.50619,22.19684],[88.50705,22.1975],[88.50892,22.19658],[88.51018,22.19679],[88.51169,22.19785],[88.51568,22.19502],[88.5172,22.19533],[88.51758,22.19513],[88.51839,22.19146],[88.51943,22.19116],[88.52341,22.19203]]]}},{"type":"Feature","bbox":[88.13419,22.42177,88.16627,22.44701],"properties":{"kind":"gp","gp":"Mayapur","block":"Budge Budge-I","lgd":108052},"geometry":{"type":"Polygon","coordinates":[[[88.15542,22.44567],[88.15846,22.44609],[88.1591,22.44577],[88.1601,22.44389],[88.161,22.44352],[88.15988,22.44091],[88.15972,22.43934],[88.16024,22.43849],[88.16186,22.43842],[88.16442,22.43735],[88.16627,22.4352],[88.16587,22.4319],[88.16543,22.43203],[88.16475,22.42811],[88.16261,22.42796],[88.16233,22.42575],[88.16059,22.42618],[88.15997,22.42538],[88.15863,22.42547],[88.15795,22.42498],[88.15635,22.42529],[88.15628,22.42582],[88.15572,22.42595],[88.15588,22.42754],[88.15433,22.42768],[88.15345,22.42687],[88.15352,22.42635],[88.1515,22.42475],[88.15115,22.42322],[88.14888,22.423],[88.14879,22.42208],[88.14803,22.42177],[88.14666,22.42213],[88.14566,22.42462],[88.1405,22.42314],[88.13919,22.42556],[88.13419,22.43163],[88.13809,22.43448],[88.13921,22.43768],[88.14005,22.4383],[88.14223,22.43906],[88.14459,22.43857],[88.14516,22.43888],[88.14603,22.44011],[88.14708,22.44475],[88.15108,22.44701],[88.15542,22.44567]]]}},{"type":"Feature","bbox":[88.45305,22.17598,88.49344,22.21326],"properties":{"kind":"gp","gp":"Mayda","block":"Jaynagar-II","lgd":108148},"geometry":{"type":"Polygon","coordinates":[[[88.4592,22.18862],[88.45657,22.18707],[88.45588,22.18713],[88.45524,22.1856],[88.45433,22.18633],[88.45486,22.18703],[88.45305,22.18811],[88.45442,22.19021],[88.45549,22.19293],[88.45509,22.19301],[88.45815,22.2002],[88.45668,22.20063],[88.45735,22.2041],[88.45795,22.20435],[88.45833,22.2057],[88.4594,22.20561],[88.45953,22.20769],[88.4623,22.20857],[88.46205,22.21164],[88.4625,22.21204],[88.46247,22.21326],[88.46546,22.21293],[88.46688,22.21171],[88.46895,22.21081],[88.47193,22.21054],[88.47268,22.20997],[88.4728,22.20768],[88.47658,22.20672],[88.47642,22.20463],[88.47706,22.20435],[88.47718,22.20338],[88.48564,22.20035],[88.49031,22.19703],[88.49344,22.19778],[88.47772,22.17598],[88.46992,22.17663],[88.46749,22.17773],[88.4683,22.17926],[88.46775,22.17979],[88.46893,22.18196],[88.4688,22.18378],[88.47096,22.18413],[88.47117,22.18461],[88.47059,22.18504],[88.47062,22.18589],[88.46706,22.18562],[88.46655,22.18725],[88.4687,22.18788],[88.46875,22.18915],[88.46751,22.1899],[88.46691,22.18912],[88.46618,22.18904],[88.46611,22.18841],[88.46435,22.18761],[88.46433,22.1868],[88.46236,22.18648],[88.45997,22.18657],[88.4592,22.18862]]]}},{"type":"Feature","bbox":[88.57493,22.16524,88.62893,22.22257],"properties":{"kind":"gp","gp":"Meriganj-I","block":"Kultali","lgd":108183},"geometry":{"type":"Polygon","coordinates":[[[88.61339,22.21198],[88.6156,22.20814],[88.61729,22.2018],[88.61979,22.20077],[88.62784,22.1955],[88.62893,22.192],[88.62832,22.19037],[88.62673,22.18686],[88.62053,22.1889],[88.6155,22.18809],[88.60837,22.18954],[88.60728,22.18566],[88.60509,22.18384],[88.60538,22.1817],[88.6031,22.17762],[88.59519,22.18176],[88.58836,22.17281],[88.58896,22.17195],[88.59004,22.17223],[88.59209,22.17067],[88.59265,22.16913],[88.594,22.16757],[88.59589,22.16678],[88.59526,22.16524],[88.58472,22.17121],[88.58329,22.17368],[88.58281,22.18027],[88.5814,22.1829],[88.57498,22.18895],[88.57493,22.18977],[88.58074,22.19779],[88.58829,22.20653],[88.5909,22.21452],[88.59483,22.21661],[88.59689,22.21856],[88.59794,22.22257],[88.60107,22.22059],[88.60505,22.21929],[88.61318,22.21489],[88.61412,22.21423],[88.61339,22.21198]]]}},{"type":"Feature","bbox":[88.58836,22.08941,88.63359,22.18954],"properties":{"kind":"gp","gp":"Meriganj-Ii","block":"Kultali","lgd":108184},"geometry":{"type":"Polygon","coordinates":[[[88.63334,22.15533],[88.63048,22.15083],[88.63004,22.14709],[88.6305,22.13914],[88.62991,22.13151],[88.62348,22.11996],[88.62186,22.11657],[88.62127,22.11365],[88.61865,22.11165],[88.617,22.11151],[88.61704,22.10607],[88.61391,22.10322],[88.60832,22.09461],[88.60583,22.09226],[88.60124,22.08979],[88.59788,22.08941],[88.59471,22.09045],[88.59252,22.09191],[88.59019,22.09443],[88.58939,22.09586],[88.58989,22.09673],[88.59346,22.09691],[88.59651,22.0994],[88.60891,22.10626],[88.61079,22.10963],[88.61149,22.11298],[88.61144,22.11567],[88.61105,22.11767],[88.60965,22.12059],[88.60603,22.12609],[88.60442,22.12966],[88.60512,22.13913],[88.60506,22.14918],[88.60469,22.15622],[88.60392,22.15919],[88.59968,22.16286],[88.59526,22.16524],[88.59589,22.16678],[88.594,22.16757],[88.59265,22.16913],[88.59209,22.17067],[88.59004,22.17223],[88.58896,22.17195],[88.58836,22.17281],[88.59519,22.18176],[88.6031,22.17762],[88.60538,22.1817],[88.60509,22.18384],[88.60728,22.18566],[88.60837,22.18954],[88.6155,22.18809],[88.62053,22.1889],[88.62561,22.18733],[88.62673,22.18686],[88.62508,22.1825],[88.62614,22.17524],[88.62553,22.16938],[88.62707,22.16554],[88.63318,22.15879],[88.63359,22.158],[88.63334,22.15533]]]}},{"type":"Feature","bbox":[88.32952,22.29415,88.36453,22.33374],"properties":{"kind":"gp","gp":"Mohanpur","block":"Magra Hat-II","lgd":108206},"geometry":{"type":"Polygon","coordinates":[[[88.33511,22.29877],[88.33348,22.30003],[88.33398,22.30037],[88.33324,22.30133],[88.33343,22.30229],[88.33457,22.30278],[88.33464,22.30429],[88.33344,22.30556],[88.33205,22.30574],[88.33213,22.30641],[88.33088,22.30689],[88.3319,22.30859],[88.33206,22.31028],[88.33006,22.31085],[88.33049,22.3134],[88.33105,22.31448],[88.33193,22.31423],[88.33254,22.31681],[88.32952,22.31785],[88.33174,22.32314],[88.33215,22.32624],[88.33178,22.32693],[88.33187,22.33088],[88.33092,22.33374],[88.33826,22.33229],[88.33937,22.33117],[88.33968,22.33217],[88.34125,22.33315],[88.34467,22.33295],[88.34575,22.33163],[88.34775,22.33249],[88.34918,22.33228],[88.35106,22.33138],[88.3512,22.32977],[88.35376,22.32876],[88.35632,22.32698],[88.35826,22.32732],[88.36036,22.32678],[88.36063,22.32386],[88.36253,22.32327],[88.36361,22.32167],[88.36453,22.31842],[88.36293,22.31673],[88.36112,22.31734],[88.36059,22.31728],[88.36027,22.31638],[88.35675,22.31689],[88.35703,22.31506],[88.35668,22.31329],[88.35841,22.30897],[88.36007,22.30894],[88.35908,22.30794],[88.35905,22.30657],[88.36054,22.30655],[88.36135,22.30512],[88.3611,22.30347],[88.35804,22.30357],[88.35787,22.30319],[88.35625,22.3031],[88.35601,22.30186],[88.352,22.30036],[88.3499,22.29861],[88.34897,22.2971],[88.34658,22.29531],[88.34609,22.29544],[88.34623,22.29667],[88.34569,22.29698],[88.34494,22.29605],[88.3442,22.29609],[88.3438,22.29415],[88.34245,22.29425],[88.34194,22.29513],[88.34092,22.29549],[88.34089,22.29603],[88.3399,22.29619],[88.33958,22.29673],[88.33875,22.29644],[88.336,22.29709],[88.33511,22.29877]]]}},{"type":"Feature","bbox":[88.37618,22.26766,88.4388,22.29361],"properties":{"kind":"gp","gp":"Multi","block":"Magra Hat-II","lgd":108207},"geometry":{"type":"Polygon","coordinates":[[[88.43073,22.28294],[88.43223,22.28312],[88.43316,22.28206],[88.43177,22.27793],[88.43158,22.27593],[88.43694,22.27292],[88.4388,22.27127],[88.43678,22.27089],[88.43668,22.27027],[88.43493,22.27011],[88.4345,22.26938],[88.43143,22.26881],[88.43072,22.26923],[88.42405,22.26871],[88.41855,22.27089],[88.41783,22.26954],[88.41614,22.27078],[88.41361,22.27517],[88.4122,22.27558],[88.41131,22.27682],[88.41082,22.2764],[88.40976,22.27762],[88.40744,22.27504],[88.40708,22.26893],[88.40688,22.26794],[88.40623,22.26766],[88.4046,22.26823],[88.40328,22.26783],[88.40101,22.26813],[88.40055,22.26856],[88.39778,22.26795],[88.39732,22.26842],[88.3908,22.26901],[88.38912,22.26999],[88.38799,22.27009],[88.38749,22.26924],[88.3833,22.27025],[88.38198,22.27014],[88.38056,22.26874],[88.3806,22.26973],[88.37921,22.27003],[88.37862,22.27052],[88.3786,22.27133],[88.38074,22.27122],[88.38067,22.27281],[88.37799,22.27254],[88.37745,22.27341],[88.37846,22.27572],[88.37979,22.27524],[88.3803,22.27588],[88.38154,22.27595],[88.38084,22.27677],[88.38068,22.27825],[88.38009,22.27859],[88.37934,22.27804],[88.37618,22.2794],[88.3772,22.28219],[88.38015,22.28166],[88.38269,22.28194],[88.38272,22.28287],[88.38441,22.28288],[88.38475,22.28192],[88.38522,22.28195],[88.38533,22.28276],[88.38713,22.28197],[88.38733,22.28145],[88.38928,22.2818],[88.39252,22.28082],[88.39313,22.28299],[88.39222,22.28314],[88.39285,22.28445],[88.39421,22.28388],[88.39461,22.28452],[88.39522,22.2843],[88.39613,22.28606],[88.39685,22.28602],[88.39691,22.2872],[88.40886,22.28957],[88.40906,22.2903],[88.4096,22.29035],[88.40999,22.29197],[88.41214,22.29276],[88.41266,22.29361],[88.41608,22.293],[88.41643,22.29158],[88.41708,22.29149],[88.41815,22.29165],[88.41983,22.29291],[88.42059,22.29238],[88.42481,22.29268],[88.42549,22.28994],[88.42772,22.28931],[88.42618,22.2843],[88.42661,22.28201],[88.42771,22.28093],[88.42817,22.281],[88.43073,22.28294]]]}},{"type":"Feature","bbox":[88.10214,21.79877,88.17096,21.87518],"properties":{"kind":"gp","gp":"Muriganga-I","block":"Sagar","lgd":108268},"geometry":{"type":"Polygon","coordinates":[[[88.16665,21.80125],[88.16623,21.79877],[88.15293,21.79908],[88.15375,21.80223],[88.15546,21.80548],[88.16473,21.81363],[88.16566,21.81514],[88.16384,21.81994],[88.1593,21.82614],[88.15566,21.82687],[88.15248,21.82631],[88.14779,21.82457],[88.14146,21.82531],[88.13944,21.8251],[88.13795,21.82644],[88.13715,21.82795],[88.13413,21.82811],[88.13108,21.83109],[88.12538,21.83092],[88.12333,21.82956],[88.11892,21.8287],[88.11669,21.82877],[88.10417,21.83169],[88.10214,21.83303],[88.10394,21.835],[88.10562,21.83836],[88.10866,21.84205],[88.1095,21.84428],[88.11197,21.84698],[88.11388,21.85073],[88.11714,21.85122],[88.11928,21.85577],[88.121,21.86272],[88.12365,21.86513],[88.12586,21.86817],[88.12765,21.8693],[88.13225,21.87377],[88.13613,21.87518],[88.13711,21.86973],[88.14115,21.86184],[88.14094,21.85865],[88.14315,21.85818],[88.14637,21.85404],[88.1484,21.85045],[88.14922,21.84793],[88.15129,21.84507],[88.15346,21.83877],[88.15479,21.83741],[88.15516,21.83539],[88.1571,21.8321],[88.1663,21.82472],[88.16742,21.82272],[88.16866,21.81844],[88.16834,21.81358],[88.16985,21.81265],[88.17096,21.8091],[88.16944,21.80746],[88.16665,21.80125]]]}},{"type":"Feature","bbox":[88.08308,21.78248,88.16566,21.83303],"properties":{"kind":"gp","gp":"Muriganga-Ii","block":"Sagar","lgd":108269},"geometry":{"type":"Polygon","coordinates":[[[88.12123,21.79746],[88.11275,21.79137],[88.11302,21.78856],[88.11137,21.78618],[88.11104,21.78483],[88.1034,21.79066],[88.09965,21.79283],[88.09746,21.7917],[88.08907,21.78333],[88.08569,21.78248],[88.08308,21.7833],[88.08423,21.78459],[88.08364,21.78629],[88.08406,21.7897],[88.08496,21.79403],[88.08669,21.79866],[88.08903,21.80225],[88.09252,21.80923],[88.09581,21.81261],[88.09631,21.81368],[88.09668,21.81578],[88.09807,21.81822],[88.09959,21.82701],[88.10214,21.83303],[88.10417,21.83169],[88.11669,21.82877],[88.11892,21.8287],[88.12333,21.82956],[88.12538,21.83092],[88.13108,21.83109],[88.13413,21.82811],[88.13715,21.82795],[88.13795,21.82644],[88.13944,21.8251],[88.14146,21.82531],[88.14779,21.82457],[88.15248,21.82631],[88.15566,21.82687],[88.1593,21.82614],[88.16384,21.81994],[88.16566,21.81514],[88.16473,21.81363],[88.15546,21.80548],[88.15375,21.80223],[88.15287,21.79884],[88.15076,21.79878],[88.14169,21.80764],[88.14163,21.81025],[88.14213,21.81106],[88.13961,21.81203],[88.13786,21.81443],[88.13626,21.81389],[88.13447,21.81566],[88.1315,21.81478],[88.1301,21.81495],[88.12828,21.81151],[88.12719,21.81021],[88.12557,21.80925],[88.11965,21.80946],[88.11864,21.80764],[88.11858,21.80492],[88.11939,21.8018],[88.122,21.79918],[88.12123,21.79746]]]}},{"type":"Feature","bbox":[88.45425,22.26926,88.53133,22.3169],"properties":{"kind":"gp","gp":"Nabagram","block":"Baruipur","lgd":107988},"geometry":{"type":"MultiPolygon","coordinates":[[[[88.46946,22.2828],[88.46916,22.28164],[88.46851,22.28175],[88.46824,22.28016],[88.46729,22.27958],[88.46677,22.27806],[88.46557,22.2775],[88.46454,22.27414],[88.46541,22.27354],[88.46483,22.27221],[88.46328,22.2713],[88.46181,22.2712],[88.46177,22.27193],[88.46116,22.27206],[88.46101,22.27131],[88.46041,22.27119],[88.45995,22.27203],[88.4608,22.27471],[88.46041,22.27648],[88.45973,22.27652],[88.45913,22.27842],[88.46018,22.28048],[88.45892,22.28081],[88.45835,22.28015],[88.4575,22.28012],[88.45525,22.28071],[88.45575,22.28297],[88.45425,22.28311],[88.45445,22.28466],[88.45527,22.28454],[88.45608,22.28604],[88.457,22.28624],[88.45769,22.28724],[88.45797,22.28818],[88.45697,22.28805],[88.45729,22.28913],[88.4586,22.29032],[88.45839,22.29126],[88.45756,22.29196],[88.45832,22.29393],[88.46013,22.29378],[88.46171,22.2944],[88.46307,22.29435],[88.46647,22.29149],[88.47066,22.28983],[88.46964,22.28945],[88.46796,22.28573],[88.46841,22.28558],[88.46843,22.28428],[88.46946,22.2828]]],[[[88.52283,22.26926],[88.5158,22.27081],[88.51323,22.2727],[88.512,22.27522],[88.50859,22.27533],[88.5046,22.2744],[88.49491,22.27533],[88.49476,22.27604],[88.49305,22.2768],[88.49297,22.27768],[88.49093,22.27825],[88.48837,22.28049],[88.48723,22.27985],[88.48705,22.27817],[88.48627,22.27712],[88.48333,22.27729],[88.48244,22.27558],[88.47945,22.27614],[88.47925,22.27909],[88.4765,22.27932],[88.4781,22.28305],[88.47796,22.28464],[88.47728,22.28478],[88.47648,22.2859],[88.47734,22.28747],[88.47711,22.28815],[88.47407,22.28893],[88.47328,22.28976],[88.47364,22.28993],[88.47332,22.29081],[88.47642,22.29356],[88.47605,22.29412],[88.47842,22.29572],[88.47526,22.29794],[88.47364,22.29831],[88.47223,22.29992],[88.47217,22.30094],[88.47117,22.3011],[88.47091,22.30299],[88.4721,22.30451],[88.47365,22.30358],[88.4742,22.30406],[88.47593,22.3033],[88.47582,22.30242],[88.47671,22.30058],[88.47811,22.29979],[88.47871,22.29986],[88.47954,22.30119],[88.48154,22.3004],[88.48499,22.30008],[88.48584,22.30056],[88.48945,22.30052],[88.49111,22.3041],[88.49071,22.3055],[88.49776,22.30509],[88.50289,22.30233],[88.50756,22.30296],[88.50856,22.30371],[88.50823,22.30635],[88.51258,22.31055],[88.5141,22.31326],[88.51706,22.3169],[88.52422,22.31599],[88.52474,22.3154],[88.52265,22.31455],[88.52351,22.31338],[88.52355,22.31241],[88.52469,22.31137],[88.5248,22.30968],[88.52623,22.30883],[88.52723,22.30663],[88.52715,22.30536],[88.52466,22.30331],[88.52456,22.3026],[88.52833,22.30157],[88.52633,22.29658],[88.52645,22.29454],[88.525,22.2914],[88.52618,22.29082],[88.52622,22.28974],[88.53049,22.28622],[88.53041,22.2804],[88.53133,22.28063],[88.5311,22.27888],[88.53027,22.27826],[88.52728,22.27858],[88.52471,22.2783],[88.52402,22.27951],[88.52408,22.28183],[88.52121,22.28276],[88.52079,22.28084],[88.51913,22.27818],[88.5191,22.27618],[88.52045,22.27632],[88.52095,22.27821],[88.52312,22.27827],[88.52694,22.27627],[88.52283,22.26926]]]]}},{"type":"Feature","bbox":[88.65754,22.10765,88.69831,22.14113],"properties":{"kind":"gp","gp":"Nafarganj","block":"Basanti","lgd":108006},"geometry":{"type":"Polygon","coordinates":[[[88.65754,22.13954],[88.65848,22.13986],[88.66012,22.13935],[88.66436,22.14113],[88.66586,22.14039],[88.66736,22.13829],[88.66822,22.13782],[88.67164,22.1396],[88.68296,22.13583],[88.68573,22.1345],[88.68695,22.1345],[88.69492,22.12884],[88.6947,22.12835],[88.6961,22.12616],[88.69831,22.12474],[88.69469,22.12139],[88.68985,22.11524],[88.68903,22.11297],[88.68716,22.1105],[88.6872,22.10765],[88.6776,22.10935],[88.67469,22.11077],[88.66617,22.12567],[88.66065,22.13025],[88.65973,22.1318],[88.65754,22.13954]]]}},{"type":"Feature","bbox":[88.44683,21.90275,88.515,21.97607],"properties":{"kind":"gp","gp":"Nagendrapur","block":"Mathurapur-II","lgd":108237},"geometry":{"type":"Polygon","coordinates":[[[88.50759,21.94884],[88.515,21.93832],[88.51104,21.92724],[88.51115,21.92132],[88.50816,21.9152],[88.50917,21.91532],[88.51312,21.91418],[88.50819,21.90846],[88.5044,21.90275],[88.49233,21.91325],[88.49125,21.9148],[88.48748,21.91683],[88.48628,21.91875],[88.47724,21.91988],[88.46975,21.92017],[88.46065,21.92143],[88.45445,21.92028],[88.45357,21.92163],[88.45119,21.93341],[88.44683,21.94046],[88.45,21.94113],[88.45251,21.94235],[88.45472,21.93653],[88.46058,21.93675],[88.46244,21.93853],[88.46309,21.94213],[88.46395,21.94358],[88.46873,21.94441],[88.47316,21.94306],[88.47535,21.94346],[88.47741,21.94525],[88.47806,21.94664],[88.47786,21.94789],[88.4729,21.95512],[88.47374,21.95951],[88.47549,21.96182],[88.47563,21.96291],[88.47515,21.96417],[88.47191,21.96786],[88.47237,21.97286],[88.47188,21.97607],[88.48273,21.97596],[88.48309,21.97497],[88.48292,21.97223],[88.48508,21.96802],[88.48561,21.96544],[88.48286,21.96277],[88.48482,21.96181],[88.48741,21.95938],[88.48809,21.95811],[88.48783,21.9556],[88.48905,21.95633],[88.49124,21.95673],[88.49956,21.95605],[88.50759,21.94884]]]}},{"type":"Feature","bbox":[88.23037,22.4047,88.26405,22.44781],"properties":{"kind":"gp","gp":"Nahajari","block":"Bishnupur-II","lgd":108046},"geometry":{"type":"Polygon","coordinates":[[[88.25339,22.41821],[88.25428,22.41614],[88.25261,22.41082],[88.25146,22.41046],[88.24991,22.40799],[88.24823,22.40634],[88.24876,22.40533],[88.24817,22.4047],[88.24696,22.40631],[88.24567,22.4068],[88.24401,22.40695],[88.24152,22.40611],[88.24052,22.40632],[88.24027,22.40816],[88.23873,22.4092],[88.23938,22.40962],[88.24007,22.40926],[88.2408,22.41132],[88.24043,22.41164],[88.24111,22.4141],[88.24029,22.41579],[88.23796,22.41523],[88.23757,22.41591],[88.23634,22.41446],[88.23439,22.41373],[88.23263,22.41443],[88.23238,22.41578],[88.23141,22.41586],[88.23143,22.41657],[88.23224,22.41702],[88.233,22.41688],[88.23456,22.41788],[88.23686,22.41844],[88.23739,22.41947],[88.23611,22.42035],[88.23709,22.42157],[88.23602,22.42448],[88.23317,22.42438],[88.23037,22.42585],[88.23143,22.428],[88.23294,22.42882],[88.2343,22.43103],[88.23353,22.43248],[88.23429,22.43432],[88.23516,22.43384],[88.23627,22.43504],[88.23751,22.43525],[88.23806,22.43629],[88.23702,22.44087],[88.23754,22.44309],[88.237,22.44377],[88.23765,22.44376],[88.23867,22.44486],[88.23906,22.4463],[88.24036,22.44632],[88.24047,22.44698],[88.24242,22.44587],[88.2443,22.44556],[88.24595,22.44626],[88.2468,22.44728],[88.2503,22.44781],[88.25251,22.44754],[88.2548,22.44501],[88.25637,22.44499],[88.25714,22.44428],[88.25729,22.44306],[88.25795,22.44269],[88.25737,22.44069],[88.25593,22.4395],[88.25719,22.43834],[88.25614,22.43723],[88.25711,22.43576],[88.25792,22.43557],[88.25867,22.43449],[88.25989,22.43452],[88.26036,22.43372],[88.26247,22.4343],[88.26272,22.43315],[88.26398,22.43264],[88.26405,22.43026],[88.26351,22.43029],[88.26264,22.42808],[88.26139,22.42689],[88.26064,22.42407],[88.26105,22.42367],[88.26049,22.42268],[88.26071,22.42129],[88.25914,22.4215],[88.25828,22.42251],[88.25853,22.42308],[88.25804,22.42382],[88.25647,22.42367],[88.25638,22.42299],[88.25712,22.4227],[88.25715,22.42189],[88.25631,22.42155],[88.25618,22.42063],[88.25448,22.42105],[88.25339,22.41821]]]}},{"type":"Feature","bbox":[88.32026,22.24387,88.37197,22.28237],"properties":{"kind":"gp","gp":"Nainan","block":"Magra Hat-II","lgd":108208},"geometry":{"type":"Polygon","coordinates":[[[88.33695,22.2497],[88.33602,22.24432],[88.33526,22.24391],[88.3343,22.24531],[88.33374,22.24508],[88.33413,22.24449],[88.3339,22.24387],[88.33242,22.24415],[88.33266,22.2447],[88.33228,22.24528],[88.3305,22.24578],[88.32898,22.24693],[88.3261,22.24652],[88.32343,22.24851],[88.32104,22.24786],[88.32026,22.24839],[88.32127,22.25075],[88.32266,22.25129],[88.32329,22.25315],[88.32661,22.25441],[88.32688,22.25647],[88.32764,22.25667],[88.32797,22.25936],[88.32899,22.25983],[88.32759,22.26003],[88.32766,22.26114],[88.32928,22.26124],[88.32861,22.26293],[88.32728,22.26233],[88.32725,22.26328],[88.32678,22.2635],[88.32664,22.26169],[88.32613,22.26226],[88.32399,22.26259],[88.32467,22.26703],[88.32354,22.26732],[88.32346,22.26841],[88.32444,22.26844],[88.32476,22.27203],[88.32538,22.27179],[88.32549,22.27261],[88.32648,22.27272],[88.32639,22.27325],[88.32721,22.27326],[88.3273,22.27234],[88.33081,22.27182],[88.33133,22.2721],[88.33126,22.2732],[88.3301,22.27315],[88.32988,22.27379],[88.32941,22.27379],[88.3294,22.27457],[88.32643,22.27491],[88.32739,22.27881],[88.32837,22.27843],[88.33094,22.27889],[88.33128,22.27973],[88.33042,22.28196],[88.33347,22.28192],[88.33483,22.28154],[88.33555,22.28076],[88.33709,22.28076],[88.33822,22.27913],[88.3403,22.27891],[88.34079,22.28001],[88.3445,22.27927],[88.3449,22.2798],[88.34663,22.27901],[88.34637,22.28028],[88.3467,22.28117],[88.34956,22.28049],[88.34995,22.28107],[88.35323,22.28037],[88.35423,22.28202],[88.35568,22.28173],[88.35605,22.28237],[88.35707,22.28205],[88.35727,22.28093],[88.35943,22.28051],[88.35909,22.27935],[88.35844,22.27901],[88.35826,22.27778],[88.35861,22.27679],[88.36011,22.27661],[88.36629,22.27748],[88.3672,22.27913],[88.36887,22.27939],[88.36915,22.27685],[88.36874,22.276],[88.37133,22.27391],[88.36986,22.2716],[88.36961,22.26679],[88.37034,22.26668],[88.37024,22.26568],[88.37064,22.26524],[88.3703,22.26377],[88.37081,22.26365],[88.37083,22.26267],[88.37197,22.26222],[88.37091,22.26035],[88.37047,22.2586],[88.37092,22.25818],[88.37076,22.25754],[88.3677,22.25697],[88.36519,22.25723],[88.36076,22.25563],[88.35983,22.25614],[88.36008,22.25765],[88.35792,22.2566],[88.35721,22.25674],[88.35665,22.25732],[88.35692,22.25816],[88.35505,22.25942],[88.35492,22.26059],[88.35057,22.26106],[88.34911,22.26166],[88.34836,22.26144],[88.34792,22.26068],[88.34589,22.26132],[88.34541,22.25905],[88.34395,22.26002],[88.34345,22.25947],[88.33901,22.26036],[88.33857,22.25863],[88.33943,22.25785],[88.33947,22.25603],[88.33994,22.25579],[88.33865,22.25324],[88.33781,22.25303],[88.33658,22.2508],[88.33695,22.2497]]]}},{"type":"Feature","bbox":[88.46054,21.99295,88.52857,22.04659],"properties":{"kind":"gp","gp":"Nalgora","block":"Jaynagar-II","lgd":108149},"geometry":{"type":"Polygon","coordinates":[[[88.52257,22.03756],[88.51966,22.03283],[88.51895,22.03111],[88.51906,22.02954],[88.5195,22.02826],[88.52064,22.02778],[88.52378,22.02882],[88.52531,22.02839],[88.52431,22.01769],[88.51783,22.01899],[88.51635,22.01282],[88.51346,22.01157],[88.5088,22.01056],[88.50611,22.00849],[88.50593,22.00689],[88.5066,22.00529],[88.50876,22.00325],[88.5103,22.00286],[88.51367,22.00292],[88.52256,22.00631],[88.52667,22.00638],[88.52781,22.00591],[88.52857,22.0049],[88.52756,22.0034],[88.52066,21.99921],[88.52024,21.99864],[88.52089,21.99733],[88.51944,21.99504],[88.51549,21.99295],[88.51218,21.9956],[88.51062,21.99625],[88.50335,21.9976],[88.50072,21.99998],[88.49745,22.00512],[88.49312,22.00732],[88.48625,22.00937],[88.47755,22.01072],[88.47691,22.01215],[88.46695,22.01095],[88.46455,22.01231],[88.46335,22.01468],[88.46221,22.01468],[88.46054,22.02438],[88.46055,22.02747],[88.46287,22.03706],[88.46435,22.04131],[88.46636,22.04477],[88.48038,22.04252],[88.48521,22.04437],[88.48876,22.04659],[88.49014,22.04537],[88.49962,22.04312],[88.50017,22.04517],[88.50563,22.0455],[88.50865,22.04479],[88.5075,22.04069],[88.51287,22.04129],[88.51709,22.04046],[88.52297,22.04041],[88.52257,22.03756]]]}},{"type":"Feature","bbox":[88.43207,22.07982,88.49096,22.13002],"properties":{"kind":"gp","gp":"Nalua","block":"Mathurapur I","lgd":108227},"geometry":{"type":"Polygon","coordinates":[[[88.44371,22.12501],[88.44797,22.12624],[88.45166,22.12597],[88.4513,22.12465],[88.44945,22.12417],[88.44809,22.12324],[88.44688,22.12128],[88.44967,22.11996],[88.45406,22.1201],[88.45413,22.11965],[88.45049,22.11879],[88.44962,22.11769],[88.44947,22.11583],[88.45221,22.11097],[88.45362,22.11099],[88.45785,22.11417],[88.46269,22.11585],[88.47695,22.11411],[88.48397,22.11531],[88.48656,22.11493],[88.48693,22.11396],[88.48632,22.11061],[88.4847,22.10748],[88.48384,22.10293],[88.48526,22.09926],[88.48884,22.09701],[88.48981,22.09698],[88.4894,22.09651],[88.4909,22.09282],[88.49096,22.08817],[88.4885,22.08423],[88.48516,22.08141],[88.48473,22.08033],[88.48377,22.07982],[88.4813,22.07993],[88.47632,22.08176],[88.47315,22.08369],[88.46796,22.08439],[88.46353,22.08665],[88.45832,22.08764],[88.44902,22.09459],[88.4426,22.09734],[88.4416,22.09822],[88.44129,22.10038],[88.44012,22.10126],[88.44033,22.10291],[88.43973,22.10385],[88.43868,22.10284],[88.43848,22.1014],[88.43615,22.09984],[88.43549,22.09889],[88.43499,22.0959],[88.43434,22.09564],[88.4335,22.09622],[88.4333,22.09727],[88.4338,22.09874],[88.43326,22.10158],[88.43416,22.10421],[88.43346,22.10911],[88.43207,22.10984],[88.43267,22.11053],[88.43265,22.11342],[88.43296,22.11557],[88.43372,22.1165],[88.43371,22.11859],[88.43583,22.1188],[88.43909,22.11796],[88.43839,22.12069],[88.43637,22.12458],[88.4365,22.1261],[88.43844,22.12899],[88.44218,22.13002],[88.44343,22.12832],[88.44371,22.12501]]]}},{"type":"Feature","bbox":[88.21122,21.69888,88.28101,21.76293],"properties":{"kind":"gp","gp":"Namkhana","block":"Kak Dwip","lgd":108245},"geometry":{"type":"Polygon","coordinates":[[[88.23617,21.70896],[88.22996,21.70214],[88.22646,21.70012],[88.22398,21.6995],[88.21956,21.69942],[88.22043,21.70188],[88.21958,21.70757],[88.21518,21.71423],[88.21208,21.72041],[88.21122,21.72551],[88.21429,21.74067],[88.21485,21.75353],[88.21456,21.75429],[88.21472,21.75575],[88.21561,21.75691],[88.21507,21.75812],[88.21509,21.76198],[88.21551,21.7626],[88.21803,21.76293],[88.21953,21.76168],[88.22089,21.76215],[88.22488,21.76222],[88.2255,21.76143],[88.22685,21.76143],[88.22753,21.76014],[88.23169,21.76115],[88.23283,21.761],[88.236,21.75958],[88.24958,21.75662],[88.25974,21.75565],[88.26441,21.75568],[88.2705,21.7539],[88.27022,21.7526],[88.27086,21.74988],[88.26955,21.7461],[88.2682,21.74318],[88.26216,21.73469],[88.26151,21.73277],[88.26163,21.73156],[88.26301,21.72949],[88.26419,21.72886],[88.27448,21.72757],[88.27564,21.72664],[88.27808,21.71746],[88.28101,21.71096],[88.27983,21.70711],[88.27849,21.7063],[88.27757,21.70644],[88.27663,21.70687],[88.27477,21.70916],[88.27284,21.71065],[88.27152,21.71082],[88.27062,21.71024],[88.26934,21.708],[88.26923,21.70674],[88.27016,21.70425],[88.26999,21.70318],[88.26769,21.69888],[88.25709,21.70378],[88.25133,21.70559],[88.24686,21.70877],[88.24083,21.70978],[88.23721,21.70937],[88.23617,21.70896]]]}},{"type":"Feature","bbox":[88.37702,21.88111,88.45445,21.97597],"properties":{"kind":"gp","gp":"Nandakumarpur","block":"Mathurapur-II","lgd":108238},"geometry":{"type":"Polygon","coordinates":[[[88.41805,21.90261],[88.41751,21.89901],[88.41529,21.88969],[88.41321,21.88585],[88.41117,21.88373],[88.40874,21.88175],[88.40701,21.88111],[88.40462,21.88111],[88.40255,21.88186],[88.39871,21.88642],[88.39189,21.8908],[88.38786,21.89489],[88.3864,21.89921],[88.3869,21.90179],[88.38847,21.90503],[88.39517,21.9115],[88.40529,21.91876],[88.40595,21.92006],[88.4054,21.92189],[88.40321,21.92527],[88.39637,21.93408],[88.39549,21.93717],[88.39622,21.94989],[88.39523,21.95156],[88.3933,21.95321],[88.38414,21.95849],[88.37887,21.96219],[88.37752,21.96417],[88.37702,21.96618],[88.37714,21.96748],[88.37848,21.96902],[88.38733,21.97137],[88.39829,21.97597],[88.40018,21.97319],[88.40217,21.97178],[88.40948,21.97065],[88.41303,21.97072],[88.415,21.97002],[88.41987,21.9656],[88.42077,21.96188],[88.42362,21.95624],[88.42554,21.95458],[88.43611,21.95122],[88.44164,21.94851],[88.44945,21.93656],[88.45119,21.93341],[88.45357,21.92163],[88.45445,21.92028],[88.45375,21.91768],[88.45396,21.91552],[88.45105,21.9048],[88.44959,21.90566],[88.44439,21.90556],[88.44168,21.90619],[88.43936,21.90614],[88.43625,21.90418],[88.43456,21.9022],[88.4329,21.90138],[88.4311,21.9012],[88.42185,21.90401],[88.41967,21.90397],[88.41805,21.90261]]]}},{"type":"Feature","bbox":[88.43935,22.24889,88.4608,22.28071],"properties":{"kind":"gp","gp":"Narayanitala","block":"Jaynagar-I","lgd":108137},"geometry":{"type":"Polygon","coordinates":[[[88.45565,22.25533],[88.4572,22.25173],[88.45682,22.25157],[88.45732,22.2497],[88.4553,22.24995],[88.45513,22.24892],[88.45451,22.24889],[88.45154,22.24964],[88.4514,22.25052],[88.45041,22.25025],[88.45037,22.25519],[88.44974,22.25499],[88.44989,22.25394],[88.4481,22.2543],[88.44558,22.25802],[88.44325,22.25762],[88.44309,22.25696],[88.44151,22.25719],[88.44158,22.25835],[88.43935,22.25835],[88.43951,22.26376],[88.44029,22.26399],[88.44136,22.26542],[88.4407,22.26725],[88.43963,22.26736],[88.43937,22.26782],[88.43948,22.27058],[88.44028,22.27166],[88.43969,22.27263],[88.44002,22.27506],[88.44079,22.27655],[88.44384,22.27798],[88.44462,22.2799],[88.44654,22.28001],[88.44692,22.27932],[88.44774,22.27946],[88.44787,22.28],[88.44897,22.27993],[88.4496,22.28063],[88.45098,22.28071],[88.45088,22.27974],[88.45167,22.28],[88.452,22.2795],[88.45381,22.27927],[88.4543,22.27994],[88.45786,22.27932],[88.45913,22.27842],[88.45973,22.27652],[88.46041,22.27648],[88.4608,22.27471],[88.45942,22.27027],[88.45667,22.27008],[88.45624,22.26883],[88.45557,22.26881],[88.45498,22.26745],[88.45361,22.26662],[88.45312,22.26718],[88.45261,22.267],[88.45578,22.2625],[88.45581,22.26081],[88.45534,22.26086],[88.45503,22.25844],[88.45565,22.25533]]]}},{"type":"Feature","bbox":[88.53082,22.46255,88.58493,22.51988],"properties":{"kind":"gp","gp":"Narayanpur","block":"Bhangar-I","lgd":108014},"geometry":{"type":"Polygon","coordinates":[[[88.57539,22.47521],[88.57581,22.47353],[88.57383,22.47226],[88.57429,22.47131],[88.57109,22.47151],[88.57044,22.46997],[88.57142,22.46915],[88.57128,22.46867],[88.5698,22.46884],[88.57007,22.46747],[88.57211,22.46733],[88.57252,22.46647],[88.57168,22.46457],[88.57016,22.46454],[88.57032,22.46572],[88.56888,22.46563],[88.56645,22.4651],[88.56598,22.46431],[88.56373,22.46452],[88.56225,22.46255],[88.55952,22.4642],[88.55812,22.46313],[88.55625,22.46322],[88.55625,22.4671],[88.55446,22.4704],[88.55112,22.4732],[88.55008,22.4731],[88.54767,22.47789],[88.54816,22.47864],[88.54747,22.48008],[88.54456,22.48288],[88.54693,22.48367],[88.54617,22.48443],[88.54305,22.48389],[88.53845,22.48057],[88.53712,22.482],[88.53755,22.48261],[88.53824,22.48259],[88.53977,22.48441],[88.53676,22.48476],[88.53632,22.48346],[88.5357,22.48315],[88.53496,22.48361],[88.5354,22.4844],[88.53288,22.48495],[88.53082,22.48623],[88.53272,22.48906],[88.53268,22.48992],[88.53171,22.48967],[88.53148,22.4914],[88.53301,22.49175],[88.53426,22.49267],[88.5327,22.4941],[88.53273,22.49523],[88.53473,22.49594],[88.53437,22.49692],[88.53502,22.49752],[88.53631,22.49701],[88.53639,22.49797],[88.53705,22.49804],[88.53698,22.50075],[88.5374,22.50112],[88.54058,22.50131],[88.54047,22.50176],[88.54102,22.50209],[88.54253,22.50193],[88.54324,22.5025],[88.54428,22.50211],[88.54523,22.50087],[88.54588,22.5011],[88.54822,22.50048],[88.54907,22.50079],[88.54982,22.50298],[88.5513,22.50492],[88.55122,22.50572],[88.55014,22.50703],[88.55,22.5084],[88.55036,22.51076],[88.55131,22.51104],[88.54872,22.5163],[88.54817,22.51832],[88.54869,22.51872],[88.54873,22.51987],[88.55012,22.51988],[88.55104,22.51483],[88.55277,22.51155],[88.55622,22.50749],[88.55843,22.50613],[88.56681,22.50253],[88.56833,22.50265],[88.57286,22.50503],[88.57537,22.50484],[88.57641,22.50381],[88.57856,22.50395],[88.57805,22.50109],[88.57863,22.4991],[88.57929,22.49866],[88.5819,22.499],[88.58007,22.49641],[88.57943,22.49653],[88.57962,22.49558],[88.57839,22.49309],[88.57863,22.49208],[88.57815,22.48919],[88.57853,22.4878],[88.58024,22.48605],[88.58143,22.48548],[88.58165,22.48446],[88.58243,22.48448],[88.58281,22.48505],[88.58451,22.48472],[88.58493,22.48309],[88.58384,22.48162],[88.58395,22.47956],[88.5832,22.47883],[88.58008,22.47842],[88.58122,22.4765],[88.58021,22.47628],[88.58044,22.47532],[88.57935,22.47552],[88.57767,22.47464],[88.57539,22.47521]]]}},{"type":"Feature","bbox":[88.5303,22.37089,88.59146,22.42762],"properties":{"kind":"gp","gp":"Narayanpur","block":"Canning-II","lgd":108082},"geometry":{"type":"Polygon","coordinates":[[[88.54793,22.3851],[88.5486,22.38494],[88.54864,22.38435],[88.55075,22.38416],[88.55129,22.38597],[88.55223,22.38615],[88.55221,22.38725],[88.55164,22.38731],[88.55115,22.38966],[88.5524,22.39167],[88.55169,22.39201],[88.55046,22.39563],[88.54343,22.39644],[88.54331,22.39325],[88.54255,22.39112],[88.54097,22.39053],[88.53785,22.39073],[88.53772,22.39306],[88.53703,22.39364],[88.53673,22.39637],[88.53555,22.39664],[88.5346,22.39607],[88.53334,22.39667],[88.53276,22.39797],[88.53394,22.39999],[88.53211,22.40101],[88.53158,22.40218],[88.5303,22.40317],[88.53116,22.40424],[88.53057,22.40489],[88.53035,22.40761],[88.53068,22.40893],[88.53205,22.41063],[88.53223,22.41232],[88.53078,22.41389],[88.5306,22.41491],[88.53523,22.42652],[88.53668,22.42762],[88.53966,22.42651],[88.54124,22.42432],[88.54114,22.42276],[88.53879,22.41836],[88.53972,22.4144],[88.53916,22.41382],[88.53933,22.41306],[88.55192,22.40674],[88.5582,22.40522],[88.56124,22.40366],[88.56524,22.39598],[88.56633,22.39485],[88.56792,22.39385],[88.56962,22.39346],[88.57374,22.39376],[88.58605,22.39769],[88.5871,22.39762],[88.59022,22.3957],[88.58952,22.39458],[88.59146,22.39205],[88.59113,22.39017],[88.58869,22.38781],[88.57471,22.37792],[88.56913,22.37658],[88.56893,22.3777],[88.56714,22.37826],[88.56591,22.37929],[88.5637,22.37874],[88.56181,22.37728],[88.55903,22.3763],[88.55503,22.37318],[88.55101,22.37089],[88.5503,22.37102],[88.55094,22.37205],[88.54943,22.37349],[88.54834,22.37333],[88.54654,22.37488],[88.5477,22.37491],[88.54787,22.37556],[88.54678,22.37654],[88.54617,22.37803],[88.54793,22.3851]]]}},{"type":"Feature","bbox":[88.20596,21.75548,88.27917,21.79973],"properties":{"kind":"gp","gp":"Narayanpur","block":"Kak Dwip","lgd":108246},"geometry":{"type":"Polygon","coordinates":[[[88.26823,21.7681],[88.27344,21.76512],[88.27917,21.76061],[88.27546,21.75822],[88.27231,21.75548],[88.26807,21.75693],[88.25207,21.75715],[88.24756,21.7578],[88.23255,21.76249],[88.23155,21.76333],[88.23093,21.76287],[88.2258,21.76304],[88.2237,21.7637],[88.21955,21.76382],[88.21607,21.76448],[88.21446,21.76557],[88.21399,21.76777],[88.21526,21.77613],[88.21456,21.78115],[88.21162,21.78783],[88.21156,21.78981],[88.20729,21.79534],[88.20596,21.79973],[88.24464,21.79642],[88.2471,21.79677],[88.25293,21.79897],[88.25545,21.78557],[88.25877,21.7804],[88.26781,21.77113],[88.26823,21.7681]]]}},{"type":"Feature","bbox":[88.16865,22.3356,88.21289,22.38249],"properties":{"kind":"gp","gp":"Naskarpur","block":"Budge Budge-II","lgd":108062},"geometry":{"type":"Polygon","coordinates":[[[88.19073,22.34112],[88.18883,22.34127],[88.18883,22.34215],[88.18825,22.34249],[88.18717,22.34194],[88.18651,22.34465],[88.18188,22.34646],[88.18113,22.34522],[88.17848,22.34563],[88.17744,22.34436],[88.17512,22.34489],[88.1745,22.34561],[88.17505,22.35047],[88.17445,22.35094],[88.17313,22.35092],[88.17334,22.35226],[88.17286,22.35272],[88.17223,22.35217],[88.17027,22.35241],[88.16904,22.35277],[88.16865,22.35373],[88.1695,22.35491],[88.17121,22.35472],[88.17195,22.3562],[88.17217,22.35844],[88.17294,22.35822],[88.17347,22.35957],[88.1744,22.35969],[88.17454,22.36084],[88.17591,22.3606],[88.1768,22.36595],[88.17746,22.36637],[88.17806,22.36613],[88.17803,22.36554],[88.17959,22.36533],[88.18102,22.36432],[88.18317,22.36413],[88.18348,22.3655],[88.18689,22.36556],[88.1876,22.36509],[88.1871,22.36426],[88.188,22.36385],[88.18894,22.36431],[88.19013,22.36406],[88.18981,22.36522],[88.19177,22.3664],[88.19164,22.36823],[88.19039,22.36904],[88.18924,22.36904],[88.1883,22.36841],[88.1865,22.37147],[88.18684,22.37267],[88.18845,22.3738],[88.1899,22.37326],[88.19084,22.37363],[88.19151,22.37264],[88.19548,22.37318],[88.19699,22.37548],[88.19694,22.37704],[88.19537,22.37783],[88.19866,22.381],[88.19919,22.38065],[88.19971,22.38115],[88.19918,22.38149],[88.19964,22.38249],[88.20132,22.38048],[88.20158,22.37948],[88.20306,22.37935],[88.20383,22.37794],[88.20072,22.3775],[88.19976,22.37507],[88.20063,22.37464],[88.20098,22.37329],[88.20227,22.37235],[88.20234,22.37156],[88.20436,22.37133],[88.20446,22.36907],[88.20508,22.36851],[88.20528,22.36624],[88.2061,22.36581],[88.20605,22.36512],[88.20958,22.36429],[88.20995,22.36273],[88.21112,22.36186],[88.21105,22.35986],[88.21164,22.35969],[88.21179,22.35814],[88.21289,22.35735],[88.21173,22.35676],[88.21043,22.35695],[88.21039,22.35779],[88.20887,22.35831],[88.2087,22.3576],[88.20752,22.35769],[88.20649,22.35719],[88.20387,22.35412],[88.20477,22.35314],[88.20418,22.35276],[88.20478,22.35122],[88.20466,22.3499],[88.20543,22.34979],[88.20535,22.34745],[88.2029,22.34707],[88.20193,22.34607],[88.20196,22.34503],[88.20294,22.34431],[88.20385,22.34438],[88.20414,22.3456],[88.20562,22.34619],[88.20623,22.34459],[88.20541,22.34339],[88.20494,22.34382],[88.20376,22.34348],[88.20373,22.34194],[88.2029,22.34179],[88.20271,22.34119],[88.20358,22.34111],[88.20366,22.34066],[88.20176,22.34072],[88.20121,22.33728],[88.20202,22.33612],[88.20156,22.3356],[88.20077,22.33575],[88.20057,22.33749],[88.1998,22.33875],[88.19786,22.33878],[88.19581,22.33726],[88.1955,22.33789],[88.19597,22.33857],[88.19332,22.33819],[88.19261,22.339],[88.19391,22.33906],[88.19383,22.34065],[88.19171,22.3404],[88.19073,22.34112]]]}},{"type":"Feature","bbox":[88.25703,21.92097,88.31133,21.98477],"properties":{"kind":"gp","gp":"Netaji","block":"Pathar Pratima","lgd":108153},"geometry":{"type":"Polygon","coordinates":[[[88.3031,21.94937],[88.3113,21.94583],[88.30963,21.94216],[88.3092,21.93945],[88.31095,21.93806],[88.31047,21.93724],[88.31133,21.93385],[88.31092,21.93224],[88.30792,21.9319],[88.30525,21.9309],[88.29994,21.92789],[88.29977,21.92632],[88.29852,21.92613],[88.29785,21.92239],[88.29661,21.92097],[88.29048,21.92175],[88.28691,21.92598],[88.28315,21.92584],[88.2778,21.92747],[88.27764,21.92897],[88.27641,21.92974],[88.27882,21.93403],[88.27839,21.93804],[88.28028,21.94236],[88.28145,21.94208],[88.2828,21.9432],[88.2825,21.94424],[88.27983,21.94488],[88.28033,21.94736],[88.27814,21.95512],[88.2767,21.95701],[88.27409,21.95979],[88.27144,21.95798],[88.26968,21.95964],[88.26753,21.9599],[88.26751,21.96135],[88.26683,21.96226],[88.26642,21.96469],[88.26143,21.96817],[88.2597,21.97014],[88.25838,21.9748],[88.25747,21.97587],[88.25703,21.97734],[88.25803,21.97952],[88.25898,21.98084],[88.26423,21.98471],[88.26961,21.98477],[88.27298,21.98403],[88.27687,21.98285],[88.28022,21.98094],[88.28423,21.97821],[88.28615,21.97486],[88.29079,21.97319],[88.29518,21.96646],[88.29646,21.96577],[88.30235,21.96817],[88.30593,21.96799],[88.30625,21.96832],[88.30613,21.9647],[88.30507,21.96327],[88.30308,21.96193],[88.30194,21.95671],[88.30156,21.95062],[88.3031,21.94937]]]}},{"type":"Feature","bbox":[88.23891,22.17365,88.27324,22.23336],"properties":{"kind":"gp","gp":"Netra","block":"Diamond Harbour-I","lgd":108092},"geometry":{"type":"Polygon","coordinates":[[[88.24985,22.17883],[88.25029,22.17687],[88.24896,22.17365],[88.24765,22.17383],[88.24572,22.17493],[88.2443,22.17642],[88.24513,22.17867],[88.24415,22.17879],[88.24532,22.18681],[88.24483,22.18689],[88.24475,22.18955],[88.24363,22.18964],[88.24358,22.19046],[88.24254,22.1897],[88.23918,22.19034],[88.23891,22.19139],[88.24106,22.19113],[88.24394,22.19148],[88.24421,22.19316],[88.24571,22.19307],[88.24649,22.19429],[88.24889,22.19286],[88.24903,22.19553],[88.24742,22.19567],[88.24778,22.19918],[88.24753,22.20128],[88.24673,22.20196],[88.24705,22.20512],[88.24474,22.20556],[88.24469,22.20607],[88.24599,22.20625],[88.24567,22.20696],[88.24751,22.21264],[88.2495,22.21242],[88.25061,22.21465],[88.25115,22.21729],[88.25202,22.21833],[88.2529,22.22233],[88.25457,22.22204],[88.25597,22.22463],[88.25811,22.22364],[88.25855,22.22443],[88.25765,22.22623],[88.25866,22.22801],[88.26002,22.2291],[88.25872,22.22948],[88.25941,22.23298],[88.26147,22.23269],[88.26292,22.23336],[88.26387,22.23272],[88.26372,22.23082],[88.26467,22.2305],[88.26465,22.2253],[88.26378,22.2249],[88.26319,22.22384],[88.26319,22.22234],[88.26401,22.2216],[88.26338,22.21799],[88.26559,22.2157],[88.26541,22.21479],[88.26687,22.21372],[88.26607,22.2088],[88.26564,22.20855],[88.26532,22.20498],[88.269,22.20467],[88.26878,22.20023],[88.26974,22.20015],[88.26961,22.19668],[88.27248,22.19471],[88.27324,22.18917],[88.27007,22.1825],[88.26771,22.18286],[88.26708,22.18185],[88.26194,22.18459],[88.25849,22.1803],[88.25746,22.18024],[88.25625,22.17874],[88.25537,22.17865],[88.25435,22.18018],[88.25189,22.18066],[88.25013,22.18021],[88.24985,22.17883]]]}},{"type":"Feature","bbox":[88.58431,22.24516,88.67206,22.29831],"properties":{"kind":"gp","gp":"Nikarighata","block":"Canning-I","lgd":108075},"geometry":{"type":"Polygon","coordinates":[[[88.63761,22.25447],[88.63604,22.25822],[88.63688,22.26004],[88.63474,22.2623],[88.6345,22.26501],[88.6337,22.26506],[88.61737,22.25759],[88.61692,22.25789],[88.61542,22.25689],[88.61378,22.25752],[88.60573,22.25429],[88.60378,22.25184],[88.60339,22.24965],[88.60023,22.25173],[88.5974,22.25609],[88.59649,22.25845],[88.59651,22.26202],[88.59424,22.26428],[88.58932,22.26686],[88.58829,22.26845],[88.58713,22.27251],[88.588,22.27645],[88.58693,22.27787],[88.58464,22.27775],[88.58518,22.27997],[88.58431,22.28339],[88.58497,22.28441],[88.58833,22.28397],[88.59506,22.28196],[88.59878,22.28002],[88.60474,22.28007],[88.60802,22.27733],[88.60841,22.27612],[88.60985,22.2757],[88.61488,22.2764],[88.62752,22.27625],[88.63262,22.2776],[88.6314,22.28409],[88.62993,22.28731],[88.62314,22.28793],[88.62315,22.28753],[88.62219,22.28729],[88.61438,22.28997],[88.60979,22.29329],[88.60934,22.2951],[88.60949,22.29831],[88.62962,22.29162],[88.62965,22.29093],[88.63046,22.29157],[88.63544,22.2887],[88.63735,22.2889],[88.63982,22.28997],[88.64034,22.28958],[88.64188,22.2899],[88.64201,22.29047],[88.64464,22.29073],[88.64638,22.29036],[88.64757,22.28955],[88.65703,22.2897],[88.65562,22.2983],[88.6616,22.29742],[88.66225,22.29698],[88.66275,22.29735],[88.66758,22.29649],[88.66793,22.29589],[88.67082,22.29505],[88.67206,22.29081],[88.67164,22.2831],[88.67094,22.28058],[88.66655,22.27482],[88.66358,22.27211],[88.66012,22.26686],[88.65477,22.26078],[88.65113,22.25297],[88.64884,22.24621],[88.64805,22.24516],[88.64603,22.24668],[88.63747,22.24953],[88.63644,22.25117],[88.63758,22.25285],[88.63761,22.25447]]]}},{"type":"Feature","bbox":[88.29289,22.1896,88.33521,22.21928],"properties":{"kind":"gp","gp":"Nisapur","block":"Mandirbazar","lgd":108219},"geometry":{"type":"Polygon","coordinates":[[[88.33521,22.21457],[88.33392,22.20865],[88.33213,22.20731],[88.32988,22.2074],[88.32907,22.20588],[88.32965,22.20547],[88.32841,22.20183],[88.32967,22.19785],[88.32822,22.19481],[88.32878,22.19284],[88.32993,22.19185],[88.32997,22.19111],[88.32651,22.19102],[88.32331,22.1896],[88.32317,22.19029],[88.32028,22.19119],[88.3191,22.19119],[88.31763,22.19048],[88.31624,22.19202],[88.30932,22.19114],[88.30845,22.1903],[88.30636,22.19089],[88.30657,22.19176],[88.30759,22.19152],[88.30763,22.19218],[88.30592,22.19268],[88.30568,22.19223],[88.30492,22.19232],[88.3048,22.19295],[88.30421,22.19304],[88.3049,22.19705],[88.30429,22.19721],[88.30495,22.19987],[88.29968,22.20041],[88.29922,22.19854],[88.29635,22.19976],[88.29752,22.20568],[88.29679,22.20906],[88.29493,22.20936],[88.29497,22.20986],[88.29289,22.21132],[88.29486,22.21457],[88.29885,22.21636],[88.29969,22.21601],[88.3018,22.21662],[88.30196,22.21517],[88.30261,22.2152],[88.30272,22.21416],[88.30565,22.21392],[88.30582,22.21435],[88.30668,22.21443],[88.30748,22.21737],[88.30848,22.21742],[88.30851,22.21783],[88.31067,22.21778],[88.31055,22.21928],[88.31162,22.21922],[88.3116,22.2188],[88.31524,22.21714],[88.31537,22.21752],[88.31714,22.217],[88.31731,22.21748],[88.32212,22.217],[88.32284,22.2174],[88.32332,22.21722],[88.32336,22.21657],[88.33008,22.21672],[88.33141,22.21592],[88.33107,22.21366],[88.33289,22.21352],[88.333,22.21461],[88.33521,22.21457]]]}},{"type":"Feature","bbox":[88.15539,22.44068,88.19554,22.49773],"properties":{"kind":"gp","gp":"Nischintapur","block":"Budge Budge-I","lgd":108053},"geometry":{"type":"MultiPolygon","coordinates":[[[[88.17042,22.44599],[88.16956,22.44257],[88.16572,22.44176],[88.16485,22.44068],[88.16429,22.44089],[88.16428,22.4416],[88.16262,22.44229],[88.1626,22.44324],[88.1601,22.44389],[88.1591,22.44577],[88.15846,22.44609],[88.15542,22.44567],[88.15539,22.4472],[88.15619,22.4482],[88.15668,22.4481],[88.15749,22.45226],[88.15573,22.45363],[88.15573,22.4543],[88.15859,22.45385],[88.16425,22.4544],[88.16826,22.45382],[88.16947,22.45241],[88.16985,22.44976],[88.16949,22.44773],[88.17042,22.44599]]],[[[88.16553,22.4682],[88.16662,22.46783],[88.16705,22.46829],[88.16655,22.46915],[88.16689,22.46984],[88.16811,22.46943],[88.16879,22.46855],[88.16969,22.46864],[88.17004,22.46745],[88.17101,22.46681],[88.1712,22.46486],[88.1702,22.46151],[88.17034,22.46029],[88.16861,22.46044],[88.16803,22.46177],[88.1663,22.46196],[88.16536,22.46439],[88.16439,22.46444],[88.16495,22.46787],[88.16553,22.4682]]],[[[88.17603,22.47575],[88.17662,22.47603],[88.17989,22.47547],[88.18365,22.47728],[88.18168,22.47946],[88.18408,22.48478],[88.1838,22.48794],[88.17977,22.49141],[88.18371,22.49431],[88.18685,22.49773],[88.19294,22.49211],[88.19463,22.48921],[88.19554,22.48867],[88.19525,22.48189],[88.19448,22.48173],[88.19335,22.47697],[88.19265,22.47613],[88.19295,22.47568],[88.19225,22.4753],[88.19165,22.47241],[88.19041,22.4706],[88.19074,22.47009],[88.18505,22.46577],[88.18217,22.46516],[88.17375,22.46706],[88.17379,22.47166],[88.17603,22.47575]]]]}},{"type":"Feature","bbox":[88.15972,22.41063,88.2017,22.44748],"properties":{"kind":"gp","gp":"North Bawali","block":"Budge Budge-II","lgd":108063},"geometry":{"type":"Polygon","coordinates":[[[88.19574,22.42474],[88.19337,22.42178],[88.19292,22.4196],[88.19542,22.41744],[88.1952,22.41592],[88.19203,22.4127],[88.19253,22.4116],[88.19077,22.41189],[88.18983,22.41156],[88.18969,22.41099],[88.18814,22.41256],[88.18349,22.41063],[88.18216,22.41129],[88.18147,22.4108],[88.18037,22.41084],[88.18045,22.41184],[88.1823,22.41241],[88.18265,22.41316],[88.1817,22.41484],[88.18026,22.41502],[88.17861,22.41688],[88.1777,22.41641],[88.17741,22.41704],[88.17328,22.41755],[88.17427,22.42092],[88.17638,22.42428],[88.17593,22.42666],[88.17337,22.42738],[88.17258,22.42882],[88.17288,22.4302],[88.17368,22.43085],[88.17331,22.43142],[88.17217,22.43114],[88.17118,22.43182],[88.1707,22.43123],[88.16906,22.43182],[88.16781,22.43137],[88.16587,22.4319],[88.16627,22.4352],[88.16553,22.43645],[88.16292,22.43806],[88.16024,22.43849],[88.15972,22.43934],[88.15988,22.44091],[88.161,22.44352],[88.1626,22.44324],[88.16262,22.44229],[88.16388,22.44191],[88.16429,22.44089],[88.16485,22.44068],[88.16572,22.44176],[88.16956,22.44257],[88.17042,22.44599],[88.17097,22.44587],[88.17173,22.44437],[88.17319,22.44385],[88.17392,22.44389],[88.17458,22.44477],[88.17862,22.44431],[88.18,22.44304],[88.18023,22.44225],[88.17997,22.43964],[88.18261,22.43901],[88.18295,22.43816],[88.18491,22.43806],[88.18715,22.43677],[88.18903,22.43949],[88.18854,22.43961],[88.18934,22.4416],[88.19022,22.44144],[88.19205,22.44355],[88.19304,22.44564],[88.19626,22.44748],[88.19939,22.44696],[88.19964,22.44615],[88.2017,22.44453],[88.19855,22.42867],[88.19773,22.42843],[88.19793,22.42667],[88.19506,22.42519],[88.19574,22.42474]]]}},{"type":"Feature","bbox":[88.15832,22.30613,88.2118,22.34646],"properties":{"kind":"gp","gp":"Noyapukuria","block":"Falta","lgd":108114},"geometry":{"type":"Polygon","coordinates":[[[88.18308,22.31407],[88.18656,22.31284],[88.18539,22.31061],[88.185,22.30621],[88.18169,22.30714],[88.17994,22.30836],[88.17507,22.30876],[88.1748,22.30779],[88.174,22.3077],[88.1734,22.30696],[88.17123,22.30708],[88.1694,22.30672],[88.16915,22.30613],[88.16746,22.30688],[88.16739,22.30748],[88.16607,22.30845],[88.16621,22.30976],[88.1658,22.30934],[88.16516,22.30951],[88.16454,22.3108],[88.16376,22.31043],[88.16287,22.30903],[88.16102,22.30949],[88.16116,22.31022],[88.1603,22.31059],[88.16003,22.31012],[88.15887,22.31006],[88.15931,22.31294],[88.15832,22.31373],[88.16067,22.31377],[88.16067,22.31278],[88.16119,22.3127],[88.16206,22.31585],[88.16397,22.31628],[88.16489,22.32043],[88.16498,22.32131],[88.16399,22.32137],[88.16365,22.32341],[88.16267,22.32416],[88.16306,22.32539],[88.16239,22.32543],[88.16217,22.32737],[88.1635,22.32774],[88.16408,22.32841],[88.16415,22.32943],[88.16326,22.33161],[88.16363,22.33247],[88.1625,22.33345],[88.16287,22.33424],[88.16632,22.33383],[88.16612,22.33486],[88.16696,22.33583],[88.16976,22.33557],[88.17022,22.33438],[88.17105,22.3349],[88.1707,22.33569],[88.17004,22.33549],[88.17012,22.33676],[88.17341,22.338],[88.17347,22.33897],[88.1739,22.33904],[88.17377,22.34096],[88.17305,22.34213],[88.17313,22.34287],[88.17141,22.34417],[88.17166,22.34581],[88.17454,22.34597],[88.17512,22.34489],[88.17744,22.34436],[88.17848,22.34563],[88.18022,22.3451],[88.18113,22.34522],[88.18188,22.34646],[88.18298,22.34615],[88.18651,22.34465],[88.18717,22.34194],[88.18825,22.34249],[88.18883,22.34215],[88.18883,22.34127],[88.18962,22.34092],[88.19073,22.34112],[88.19171,22.3404],[88.19383,22.34065],[88.19391,22.33906],[88.19261,22.339],[88.19332,22.33819],[88.19597,22.33857],[88.1955,22.33789],[88.19581,22.33726],[88.19786,22.33878],[88.1998,22.33875],[88.20057,22.33749],[88.20077,22.33575],[88.20156,22.3356],[88.20202,22.33612],[88.20121,22.33728],[88.20176,22.34072],[88.20421,22.34054],[88.20445,22.34141],[88.2064,22.34075],[88.2083,22.33934],[88.21042,22.33913],[88.21019,22.33817],[88.21127,22.33791],[88.21111,22.33445],[88.2118,22.33307],[88.2117,22.3314],[88.21106,22.33037],[88.20381,22.32974],[88.20167,22.33133],[88.19998,22.3297],[88.19978,22.3266],[88.19915,22.32705],[88.19842,22.32655],[88.19849,22.327],[88.19744,22.32727],[88.19586,22.32706],[88.19342,22.32543],[88.19234,22.326],[88.19084,22.3257],[88.19024,22.32524],[88.19031,22.31856],[88.18342,22.31837],[88.18287,22.31589],[88.18308,22.31407]]]}},{"type":"Feature","bbox":[88.06905,22.2055,88.12937,22.24352],"properties":{"kind":"gp","gp":"Nurpur","block":"Diamond Harbour-II","lgd":108099},"geometry":{"type":"Polygon","coordinates":[[[88.08779,22.20784],[88.085,22.20871],[88.07278,22.20948],[88.07142,22.21099],[88.06934,22.21191],[88.06905,22.2135],[88.07009,22.21559],[88.08439,22.23376],[88.08768,22.24242],[88.08743,22.24352],[88.08867,22.24262],[88.08989,22.24064],[88.09185,22.24089],[88.09515,22.2384],[88.09893,22.24022],[88.09978,22.23981],[88.09938,22.23828],[88.10705,22.23702],[88.10794,22.23642],[88.10799,22.23547],[88.10663,22.23432],[88.10595,22.23259],[88.10538,22.2282],[88.10751,22.22757],[88.10874,22.22635],[88.1113,22.22604],[88.11394,22.2274],[88.11712,22.22688],[88.11573,22.22428],[88.11653,22.22401],[88.11755,22.22273],[88.12031,22.22357],[88.12212,22.22345],[88.12232,22.22191],[88.12316,22.22125],[88.12333,22.21966],[88.12428,22.21946],[88.12534,22.21746],[88.12488,22.21508],[88.12729,22.21444],[88.12803,22.21397],[88.12787,22.21308],[88.12937,22.21251],[88.12845,22.21054],[88.12874,22.2085],[88.12506,22.20806],[88.12389,22.2055],[88.12278,22.20635],[88.12273,22.20712],[88.11838,22.20826],[88.1168,22.20945],[88.11505,22.20913],[88.1092,22.20997],[88.102,22.2096],[88.10037,22.21002],[88.09751,22.20887],[88.08779,22.20784]]]}},{"type":"Feature","bbox":[88.32284,22.38266,88.37448,22.43409],"properties":{"kind":"gp","gp":"Panakua","block":"Bishnupur-I","lgd":108035},"geometry":{"type":"Polygon","coordinates":[[[88.32776,22.39325],[88.33361,22.39092],[88.33479,22.39145],[88.33492,22.39269],[88.33411,22.3933],[88.33296,22.39601],[88.33027,22.39609],[88.33014,22.40223],[88.3306,22.40311],[88.32996,22.40532],[88.33077,22.40985],[88.32928,22.41078],[88.32649,22.41023],[88.32679,22.41418],[88.32484,22.41408],[88.32627,22.41618],[88.32498,22.41716],[88.32284,22.41721],[88.32585,22.42179],[88.33144,22.42168],[88.33233,22.42258],[88.33464,22.42363],[88.33457,22.42562],[88.33606,22.42717],[88.33658,22.42843],[88.33626,22.43059],[88.33662,22.43283],[88.33813,22.43409],[88.33892,22.43281],[88.34421,22.43278],[88.34434,22.43224],[88.34539,22.43208],[88.3524,22.43237],[88.35353,22.42855],[88.35225,22.42216],[88.3526,22.42119],[88.35494,22.42165],[88.35654,22.42058],[88.35466,22.41644],[88.35279,22.41367],[88.35313,22.41238],[88.35275,22.41099],[88.35424,22.40785],[88.35573,22.40725],[88.35701,22.40569],[88.35832,22.40549],[88.35895,22.40819],[88.35984,22.40977],[88.35904,22.41023],[88.35927,22.41168],[88.35979,22.41182],[88.36005,22.41272],[88.36002,22.41457],[88.36122,22.41518],[88.36358,22.41516],[88.36392,22.4146],[88.36377,22.40912],[88.36413,22.40749],[88.36486,22.40728],[88.36963,22.40922],[88.37008,22.41005],[88.36908,22.41187],[88.37013,22.41297],[88.36982,22.41426],[88.37044,22.41542],[88.37086,22.41557],[88.37421,22.41347],[88.37448,22.41085],[88.37217,22.41031],[88.37246,22.40944],[88.37128,22.4062],[88.37081,22.40121],[88.37123,22.40043],[88.37136,22.39717],[88.37023,22.3969],[88.3704,22.39563],[88.36938,22.39559],[88.36933,22.3949],[88.36826,22.39446],[88.36484,22.39564],[88.36297,22.39564],[88.36148,22.39467],[88.35977,22.39596],[88.35659,22.39595],[88.35482,22.39467],[88.35481,22.39291],[88.35391,22.39291],[88.35385,22.39125],[88.353,22.39028],[88.35293,22.38918],[88.35039,22.38775],[88.34558,22.38632],[88.34497,22.38373],[88.34104,22.3844],[88.34017,22.38394],[88.33989,22.38266],[88.33823,22.38324],[88.33525,22.38309],[88.33514,22.38378],[88.3342,22.38435],[88.33486,22.38584],[88.3323,22.38589],[88.3325,22.38667],[88.33107,22.3874],[88.33037,22.3871],[88.33028,22.38796],[88.32923,22.38811],[88.32926,22.39182],[88.32776,22.39325]]]}},{"type":"Feature","bbox":[88.20193,22.33115,88.24375,22.36462],"properties":{"kind":"gp","gp":"Panchanan","block":"Bishnupur-II","lgd":108047},"geometry":{"type":"Polygon","coordinates":[[[88.23769,22.35117],[88.23801,22.35177],[88.23877,22.35177],[88.23873,22.35114],[88.24072,22.35013],[88.2401,22.34479],[88.24291,22.34256],[88.24375,22.34129],[88.24157,22.3413],[88.24138,22.34214],[88.24056,22.34259],[88.23759,22.34306],[88.2366,22.34187],[88.23574,22.3421],[88.23452,22.34078],[88.2332,22.34071],[88.23225,22.34021],[88.23191,22.3394],[88.23064,22.33936],[88.22942,22.33841],[88.22894,22.33406],[88.22719,22.33211],[88.22552,22.33428],[88.22457,22.33366],[88.22264,22.33405],[88.22134,22.33514],[88.22047,22.33458],[88.21996,22.33329],[88.21801,22.33199],[88.2164,22.33198],[88.21386,22.33115],[88.21421,22.33227],[88.21347,22.33236],[88.21338,22.33367],[88.21157,22.33372],[88.21111,22.33445],[88.21127,22.33791],[88.21019,22.33817],[88.21042,22.33913],[88.2083,22.33934],[88.2064,22.34075],[88.20445,22.34141],[88.20421,22.34054],[88.20271,22.34119],[88.2029,22.34179],[88.20373,22.34194],[88.20376,22.34348],[88.20494,22.34382],[88.20541,22.34339],[88.20623,22.34459],[88.20562,22.34619],[88.20414,22.3456],[88.20385,22.34438],[88.20294,22.34431],[88.20196,22.34503],[88.20193,22.34607],[88.2029,22.34707],[88.20535,22.34745],[88.20543,22.34979],[88.20466,22.3499],[88.20478,22.35122],[88.20418,22.35276],[88.20477,22.35314],[88.20387,22.35412],[88.20649,22.35719],[88.20752,22.35769],[88.2087,22.3576],[88.20887,22.35831],[88.21039,22.35779],[88.21043,22.35695],[88.21173,22.35676],[88.21289,22.35735],[88.21179,22.35814],[88.21164,22.35969],[88.21105,22.35986],[88.21112,22.36186],[88.20995,22.36273],[88.20958,22.36429],[88.20895,22.36462],[88.21168,22.36427],[88.21233,22.36285],[88.21402,22.36221],[88.21417,22.35994],[88.21686,22.36017],[88.21707,22.35868],[88.2257,22.35637],[88.22654,22.35633],[88.2266,22.35686],[88.2273,22.35696],[88.22819,22.35622],[88.23159,22.35516],[88.2324,22.35549],[88.23685,22.35534],[88.23679,22.35138],[88.23769,22.35117]]]}},{"type":"Feature","bbox":[88.13827,22.19856,88.17919,22.23552],"properties":{"kind":"gp","gp":"Parulia","block":"Diamond Harbour-I","lgd":108093},"geometry":{"type":"Polygon","coordinates":[[[88.16004,22.20201],[88.16199,22.20129],[88.16217,22.19877],[88.15842,22.19948],[88.1564,22.19856],[88.14658,22.20032],[88.14717,22.20419],[88.14575,22.20478],[88.14454,22.20431],[88.14341,22.20447],[88.14025,22.20937],[88.13827,22.21028],[88.14082,22.211],[88.14149,22.21597],[88.14292,22.21873],[88.14526,22.22019],[88.14709,22.22042],[88.14818,22.21936],[88.1499,22.21891],[88.15042,22.21932],[88.1501,22.22036],[88.14717,22.22381],[88.1507,22.22461],[88.14987,22.2263],[88.14954,22.22918],[88.15221,22.2289],[88.15349,22.23046],[88.15431,22.23055],[88.15436,22.23167],[88.15537,22.23212],[88.15552,22.2336],[88.15492,22.23493],[88.15624,22.23453],[88.15667,22.2353],[88.15825,22.23552],[88.15916,22.23486],[88.15995,22.23512],[88.16229,22.23405],[88.1635,22.23409],[88.1653,22.23121],[88.16525,22.23045],[88.16851,22.22981],[88.16871,22.22917],[88.17053,22.22804],[88.17318,22.22822],[88.17446,22.22751],[88.17608,22.22755],[88.1776,22.22828],[88.17825,22.22539],[88.17899,22.22499],[88.17907,22.22366],[88.17805,22.22259],[88.17743,22.22058],[88.17751,22.21889],[88.17863,22.21836],[88.17819,22.2165],[88.17919,22.21634],[88.17886,22.21542],[88.178,22.21568],[88.17547,22.21456],[88.17489,22.21225],[88.17489,22.21158],[88.17567,22.21136],[88.17624,22.20759],[88.17684,22.2064],[88.1754,22.20604],[88.17524,22.20526],[88.17399,22.20461],[88.17151,22.20534],[88.17158,22.20605],[88.1693,22.20638],[88.16923,22.20707],[88.16622,22.20719],[88.16553,22.20783],[88.16548,22.20611],[88.16491,22.20538],[88.16341,22.20513],[88.16065,22.20341],[88.16004,22.20201]]]}},{"type":"Feature","bbox":[88.25413,22.36975,88.29254,22.428],"properties":{"kind":"gp","gp":"Paschim Bishnupur","block":"Bishnupur-I","lgd":108036},"geometry":{"type":"Polygon","coordinates":[[[88.27108,22.3777],[88.27139,22.37236],[88.27268,22.37151],[88.27331,22.37198],[88.27395,22.37426],[88.27555,22.3744],[88.27607,22.37151],[88.27575,22.37059],[88.27153,22.37064],[88.26929,22.3698],[88.26755,22.36975],[88.26031,22.37558],[88.25927,22.37867],[88.25922,22.38033],[88.25824,22.38213],[88.25925,22.38323],[88.25584,22.38633],[88.25413,22.38718],[88.25585,22.38825],[88.25541,22.38873],[88.25631,22.38977],[88.25821,22.39011],[88.2591,22.39224],[88.26138,22.39175],[88.26137,22.39063],[88.26316,22.39015],[88.26323,22.38881],[88.26456,22.3891],[88.26503,22.3897],[88.26526,22.39294],[88.2647,22.39358],[88.265,22.39506],[88.26562,22.39539],[88.26454,22.39678],[88.26462,22.39767],[88.26576,22.39761],[88.26609,22.39819],[88.26559,22.39926],[88.26645,22.40162],[88.26515,22.40269],[88.26528,22.40597],[88.26466,22.40602],[88.26421,22.40941],[88.26361,22.41036],[88.26432,22.41088],[88.26448,22.41173],[88.26577,22.411],[88.26576,22.41166],[88.26642,22.41221],[88.26589,22.41294],[88.26626,22.41358],[88.26695,22.41319],[88.26813,22.41335],[88.26891,22.41543],[88.2679,22.41628],[88.27026,22.41727],[88.26912,22.42073],[88.26782,22.4209],[88.26795,22.42383],[88.2687,22.42359],[88.26922,22.42478],[88.27009,22.42534],[88.27115,22.42526],[88.27101,22.42668],[88.27163,22.428],[88.2816,22.42213],[88.28269,22.42285],[88.28348,22.42543],[88.28467,22.42682],[88.28652,22.42721],[88.29163,22.42707],[88.29254,22.42581],[88.29108,22.42419],[88.29198,22.42433],[88.29168,22.42152],[88.2901,22.421],[88.28974,22.41901],[88.28885,22.41899],[88.28801,22.41789],[88.28431,22.41224],[88.2842,22.41142],[88.28276,22.41087],[88.28263,22.40976],[88.2832,22.40945],[88.28283,22.40829],[88.28171,22.40752],[88.28202,22.40613],[88.28016,22.40182],[88.28257,22.4006],[88.28308,22.39972],[88.28432,22.39947],[88.28523,22.39817],[88.28587,22.39807],[88.28546,22.39716],[88.28447,22.39745],[88.28419,22.39827],[88.28362,22.39784],[88.28378,22.3969],[88.28251,22.3957],[88.28194,22.39622],[88.28298,22.39922],[88.28234,22.39899],[88.2819,22.39798],[88.28106,22.39793],[88.28004,22.39634],[88.28178,22.39553],[88.28215,22.39431],[88.28292,22.39399],[88.28167,22.39231],[88.28189,22.39114],[88.2793,22.3919],[88.27842,22.39293],[88.27761,22.39304],[88.27669,22.39246],[88.27417,22.38455],[88.27508,22.38339],[88.27468,22.38201],[88.27548,22.38056],[88.27271,22.38052],[88.27247,22.37763],[88.27108,22.3777]]]}},{"type":"Feature","bbox":[88.74217,22.1911,88.79267,22.25884],"properties":{"kind":"gp","gp":"Pathankhali","block":"Basanti","lgd":108124},"geometry":{"type":"Polygon","coordinates":[[[88.7429,22.19884],[88.74493,22.19859],[88.74719,22.20318],[88.74624,22.20997],[88.74643,22.21176],[88.74969,22.2181],[88.7505,22.22059],[88.74955,22.22502],[88.74961,22.22743],[88.75042,22.22936],[88.7525,22.23215],[88.76202,22.24339],[88.7635,22.24341],[88.76772,22.24139],[88.76848,22.24202],[88.77215,22.25126],[88.78648,22.25884],[88.79019,22.25873],[88.79215,22.25663],[88.79192,22.25573],[88.79267,22.25377],[88.79221,22.25183],[88.79135,22.25117],[88.78727,22.25092],[88.78497,22.24861],[88.78438,22.24625],[88.78237,22.24413],[88.78167,22.24268],[88.78401,22.23761],[88.78452,22.23537],[88.78723,22.23225],[88.78639,22.2321],[88.78577,22.22852],[88.78604,22.22693],[88.78476,22.22575],[88.78102,22.22478],[88.77938,22.21912],[88.78014,22.21657],[88.77996,22.21552],[88.77849,22.21412],[88.77765,22.21139],[88.77792,22.20232],[88.77752,22.19875],[88.77657,22.19771],[88.77041,22.19825],[88.76798,22.19797],[88.767,22.19725],[88.76553,22.195],[88.76472,22.1911],[88.76089,22.19141],[88.75923,22.19197],[88.75804,22.19309],[88.75376,22.19462],[88.74217,22.1966],[88.7429,22.19884]]]}},{"type":"Feature","bbox":[88.19869,22.35633,88.23313,22.3926],"properties":{"kind":"gp","gp":"Patharberia Jaychandipur","block":"Bishnupur-II","lgd":108048},"geometry":{"type":"Polygon","coordinates":[[[88.23033,22.36165],[88.2281,22.35998],[88.2282,22.35802],[88.22726,22.35774],[88.22654,22.35633],[88.2257,22.35637],[88.21707,22.35868],[88.21686,22.36017],[88.21417,22.35994],[88.21402,22.36221],[88.21233,22.36285],[88.21168,22.36427],[88.20605,22.36512],[88.2061,22.36581],[88.20528,22.36624],[88.20508,22.36851],[88.20446,22.36907],[88.20436,22.37133],[88.20234,22.37156],[88.20227,22.37235],[88.20098,22.37329],[88.20063,22.37464],[88.19976,22.37507],[88.20072,22.3775],[88.20383,22.37794],[88.20306,22.37935],[88.20158,22.37948],[88.20132,22.38048],[88.19964,22.38249],[88.19998,22.38386],[88.19869,22.38715],[88.19891,22.38865],[88.20622,22.3926],[88.21269,22.39209],[88.21319,22.39061],[88.21719,22.3877],[88.21949,22.38774],[88.22015,22.38807],[88.22033,22.38926],[88.22558,22.39094],[88.22759,22.39039],[88.2275,22.38441],[88.2264,22.38291],[88.22582,22.37926],[88.22679,22.37811],[88.23088,22.37636],[88.23002,22.37461],[88.23077,22.37378],[88.23255,22.37336],[88.23313,22.372],[88.23041,22.36536],[88.23004,22.36247],[88.23073,22.36244],[88.23033,22.36165]]]}},{"type":"Feature","bbox":[88.29807,21.71393,88.38466,21.80162],"properties":{"kind":"gp","gp":"Patharpratima","block":"Namkhana","lgd":108259},"geometry":{"type":"Polygon","coordinates":[[[88.30791,21.72542],[88.30935,21.73102],[88.30948,21.73385],[88.30564,21.74832],[88.30311,21.76396],[88.30231,21.7662],[88.30224,21.76897],[88.30161,21.76896],[88.30097,21.77321],[88.30005,21.77346],[88.3,21.77678],[88.2991,21.77707],[88.29996,21.78141],[88.29807,21.78324],[88.29972,21.78442],[88.3035,21.78516],[88.31021,21.7851],[88.31883,21.78386],[88.32237,21.78412],[88.32649,21.7857],[88.33364,21.79725],[88.33821,21.80162],[88.34572,21.80157],[88.34931,21.80029],[88.35255,21.79788],[88.35485,21.79741],[88.35698,21.79732],[88.36123,21.79925],[88.36193,21.79853],[88.36531,21.79775],[88.36842,21.79771],[88.38337,21.79123],[88.38466,21.79016],[88.37937,21.78762],[88.37617,21.7814],[88.3752,21.77565],[88.37499,21.77182],[88.37541,21.77127],[88.37463,21.76813],[88.37257,21.76758],[88.36884,21.76752],[88.36661,21.76807],[88.3634,21.7673],[88.35531,21.76689],[88.34475,21.76251],[88.34269,21.76113],[88.3427,21.76041],[88.34166,21.75896],[88.34053,21.75822],[88.34007,21.75743],[88.33995,21.75478],[88.33856,21.75136],[88.33977,21.75038],[88.3399,21.73947],[88.34425,21.72258],[88.3443,21.72104],[88.34299,21.71987],[88.33817,21.71677],[88.33573,21.71393],[88.33389,21.71393],[88.33326,21.71447],[88.33172,21.71816],[88.33112,21.72507],[88.33048,21.7259],[88.32725,21.72649],[88.32585,21.72569],[88.32547,21.72268],[88.31462,21.72405],[88.30791,21.72542]]]}},{"type":"Feature","bbox":[88.18289,22.20862,88.22965,22.25031],"properties":{"kind":"gp","gp":"Patra","block":"Diamond Harbour-II","lgd":108100},"geometry":{"type":"Polygon","coordinates":[[[88.2244,22.2202],[88.22431,22.21962],[88.22358,22.21953],[88.22274,22.21741],[88.22134,22.2121],[88.22044,22.21093],[88.21965,22.211],[88.21942,22.20955],[88.21738,22.20975],[88.21476,22.20907],[88.21324,22.20941],[88.21004,22.20862],[88.20854,22.20885],[88.20663,22.20932],[88.2068,22.21074],[88.20549,22.21079],[88.20476,22.2167],[88.20368,22.21831],[88.2045,22.21949],[88.20314,22.21968],[88.20105,22.21747],[88.19907,22.21834],[88.19815,22.21755],[88.1949,22.21776],[88.19435,22.21822],[88.19428,22.22052],[88.19331,22.21882],[88.19229,22.2181],[88.19105,22.21845],[88.18915,22.21725],[88.18796,22.21753],[88.18762,22.2169],[88.18637,22.21689],[88.18626,22.21644],[88.18484,22.2169],[88.18466,22.21913],[88.1853,22.22198],[88.1849,22.22474],[88.18564,22.22692],[88.18406,22.22762],[88.18289,22.22741],[88.18317,22.22807],[88.18457,22.22848],[88.18489,22.22916],[88.1847,22.23059],[88.18726,22.2375],[88.18864,22.23765],[88.18934,22.23821],[88.19043,22.2373],[88.19306,22.2391],[88.19308,22.23974],[88.19438,22.24097],[88.19498,22.24094],[88.19504,22.2402],[88.19589,22.24023],[88.19605,22.2414],[88.19968,22.2411],[88.20559,22.2383],[88.20692,22.23919],[88.21269,22.23879],[88.21348,22.24325],[88.21291,22.24548],[88.21204,22.24553],[88.2115,22.24832],[88.21154,22.24988],[88.21255,22.25031],[88.21302,22.24889],[88.21441,22.24858],[88.21867,22.24481],[88.22031,22.24123],[88.22037,22.2386],[88.22413,22.23752],[88.2268,22.2373],[88.22777,22.23263],[88.22758,22.22953],[88.22945,22.22923],[88.22965,22.22847],[88.22882,22.22791],[88.22744,22.22798],[88.22522,22.22597],[88.22431,22.2225],[88.2232,22.22078],[88.2244,22.2202]]]}},{"type":"Feature","bbox":[88.37081,22.39203,88.41989,22.41844],"properties":{"kind":"gp","gp":"Poleghat","block":"Sonarpur","lgd":108280},"geometry":{"type":"Polygon","coordinates":[[[88.41877,22.39878],[88.4185,22.39372],[88.41635,22.39358],[88.41628,22.39255],[88.41462,22.39203],[88.41275,22.39313],[88.41234,22.39432],[88.41167,22.39423],[88.41158,22.39357],[88.40914,22.39337],[88.40761,22.39569],[88.40824,22.39694],[88.40743,22.39706],[88.4071,22.39839],[88.40639,22.39867],[88.40641,22.40035],[88.40541,22.4006],[88.40579,22.40138],[88.40464,22.40132],[88.40458,22.4018],[88.40374,22.40161],[88.40346,22.40211],[88.40206,22.40166],[88.40237,22.4005],[88.40108,22.39999],[88.40072,22.39909],[88.39953,22.3983],[88.39866,22.39846],[88.39795,22.39986],[88.3964,22.40014],[88.39641,22.40094],[88.39583,22.40108],[88.39545,22.40055],[88.39461,22.4006],[88.39445,22.4001],[88.3891,22.40087],[88.38075,22.40108],[88.37957,22.40044],[88.38029,22.39992],[88.37949,22.39856],[88.37848,22.39796],[88.37793,22.39788],[88.3775,22.39846],[88.3758,22.39826],[88.37518,22.39715],[88.37534,22.39564],[88.37351,22.3968],[88.37136,22.39717],[88.37104,22.39758],[88.37131,22.39958],[88.37081,22.40121],[88.37128,22.4062],[88.37246,22.40944],[88.37217,22.41031],[88.37448,22.41085],[88.37578,22.4134],[88.37704,22.41426],[88.37541,22.41528],[88.3756,22.41631],[88.37476,22.4165],[88.3751,22.41813],[88.37915,22.4178],[88.37934,22.41826],[88.38417,22.41792],[88.38437,22.41844],[88.3865,22.4184],[88.38621,22.41454],[88.38678,22.41337],[88.3883,22.41281],[88.39015,22.4126],[88.39033,22.41414],[88.39155,22.41403],[88.39217,22.41455],[88.39288,22.41433],[88.39314,22.41251],[88.39373,22.41247],[88.39436,22.41317],[88.39661,22.41253],[88.39685,22.41304],[88.40236,22.41277],[88.40155,22.41193],[88.4026,22.40933],[88.402,22.40921],[88.40189,22.40871],[88.40164,22.40317],[88.40645,22.40313],[88.40705,22.4019],[88.41182,22.40216],[88.412,22.4029],[88.41271,22.40243],[88.41435,22.40305],[88.41475,22.40152],[88.41539,22.40152],[88.41487,22.4027],[88.41512,22.40365],[88.4198,22.40402],[88.41989,22.40282],[88.41877,22.39878]]]}},{"type":"Feature","bbox":[88.53797,22.56297,88.59786,22.59519],"properties":{"kind":"gp","gp":"Polerhat-I","block":"Bhangar-II","lgd":108025},"geometry":{"type":"Polygon","coordinates":[[[88.58051,22.57307],[88.57985,22.57202],[88.57537,22.56856],[88.57565,22.56788],[88.57425,22.56746],[88.57229,22.56751],[88.57098,22.56871],[88.57045,22.56841],[88.56284,22.57167],[88.55586,22.56721],[88.55036,22.56297],[88.54909,22.56355],[88.54831,22.56461],[88.54837,22.56558],[88.54557,22.56791],[88.54645,22.56894],[88.54715,22.5684],[88.54795,22.56919],[88.54868,22.57127],[88.54833,22.57141],[88.54634,22.5699],[88.54418,22.57042],[88.54421,22.56994],[88.54121,22.5701],[88.54103,22.57065],[88.5395,22.57127],[88.53918,22.57333],[88.53797,22.5748],[88.53848,22.57544],[88.538,22.57895],[88.53926,22.58045],[88.54037,22.57996],[88.54093,22.5806],[88.54035,22.58136],[88.54178,22.58146],[88.54215,22.58195],[88.54135,22.58522],[88.54299,22.58531],[88.54391,22.58588],[88.54552,22.58457],[88.54824,22.58416],[88.54865,22.5846],[88.55126,22.58355],[88.55453,22.58709],[88.5552,22.58711],[88.55766,22.58908],[88.5577,22.58986],[88.55928,22.5898],[88.55913,22.58902],[88.56107,22.58921],[88.56091,22.58873],[88.56243,22.5884],[88.56336,22.58915],[88.56382,22.58842],[88.56496,22.58804],[88.56494,22.58651],[88.5686,22.58533],[88.57044,22.59249],[88.57116,22.59319],[88.57104,22.59409],[88.57163,22.59519],[88.57292,22.59421],[88.57382,22.59475],[88.5731,22.5928],[88.57502,22.59207],[88.57448,22.59057],[88.57588,22.59033],[88.5773,22.59122],[88.57847,22.59075],[88.57938,22.58921],[88.58058,22.58912],[88.58129,22.58999],[88.5822,22.59019],[88.58239,22.59082],[88.58356,22.5905],[88.58408,22.5908],[88.58441,22.59202],[88.58571,22.59266],[88.5866,22.59416],[88.58704,22.59353],[88.58635,22.59321],[88.5867,22.59271],[88.58745,22.59355],[88.58832,22.59374],[88.59004,22.59193],[88.59437,22.59218],[88.59639,22.59295],[88.59786,22.59241],[88.59746,22.59057],[88.5962,22.58877],[88.59542,22.58888],[88.59338,22.58319],[88.59301,22.5828],[88.59221,22.583],[88.59137,22.58213],[88.58883,22.58342],[88.58747,22.58108],[88.58667,22.58086],[88.58779,22.5784],[88.58661,22.57814],[88.58507,22.57973],[88.58406,22.57958],[88.5848,22.57805],[88.58348,22.57723],[88.58327,22.57805],[88.58284,22.57813],[88.58311,22.57674],[88.58237,22.57654],[88.58203,22.57788],[88.58146,22.57772],[88.58025,22.57909],[88.57981,22.57877],[88.58066,22.57782],[88.57898,22.57582],[88.57898,22.57412],[88.57947,22.57308],[88.58051,22.57307]]]}},{"type":"Feature","bbox":[88.54391,22.58355,88.59623,22.62507],"properties":{"kind":"gp","gp":"Polerhat-Ii","block":"Bhangar-II","lgd":108026},"geometry":{"type":"Polygon","coordinates":[[[88.59192,22.60394],[88.59234,22.60307],[88.59203,22.60063],[88.59065,22.59743],[88.59131,22.59689],[88.59623,22.59622],[88.59542,22.59418],[88.59364,22.5937],[88.59144,22.5945],[88.59189,22.59622],[88.5903,22.59634],[88.58957,22.59511],[88.58758,22.59532],[88.58832,22.59374],[88.58745,22.59355],[88.5867,22.59271],[88.58635,22.59321],[88.58704,22.59353],[88.5866,22.59416],[88.58571,22.59266],[88.58441,22.59202],[88.58408,22.5908],[88.58356,22.5905],[88.58239,22.59082],[88.5822,22.59019],[88.58129,22.58999],[88.58058,22.58912],[88.57938,22.58921],[88.57847,22.59075],[88.5773,22.59122],[88.57588,22.59033],[88.57448,22.59057],[88.57502,22.59207],[88.5731,22.5928],[88.57382,22.59475],[88.57292,22.59421],[88.57163,22.59519],[88.57104,22.59409],[88.57116,22.59319],[88.57044,22.59249],[88.5686,22.58533],[88.56494,22.58651],[88.56496,22.58804],[88.56382,22.58842],[88.56336,22.58915],[88.56243,22.5884],[88.56091,22.58873],[88.56107,22.58921],[88.55913,22.58902],[88.55928,22.5898],[88.5577,22.58986],[88.55766,22.58908],[88.5552,22.58711],[88.55453,22.58709],[88.55126,22.58355],[88.54865,22.5846],[88.54824,22.58416],[88.54552,22.58457],[88.54391,22.58588],[88.54447,22.58667],[88.54455,22.58939],[88.54709,22.59163],[88.54728,22.59301],[88.55272,22.59146],[88.5534,22.59269],[88.54813,22.59578],[88.54655,22.59971],[88.54557,22.60013],[88.54562,22.60337],[88.54419,22.60377],[88.54401,22.60506],[88.54652,22.60932],[88.54713,22.60951],[88.54819,22.60863],[88.55096,22.6082],[88.55068,22.60639],[88.55321,22.60661],[88.55334,22.60817],[88.55216,22.60868],[88.55292,22.61153],[88.55242,22.61174],[88.55256,22.61263],[88.55337,22.613],[88.55404,22.61465],[88.55409,22.61681],[88.55342,22.61715],[88.55388,22.6176],[88.55467,22.6174],[88.55544,22.61846],[88.5598,22.61815],[88.56022,22.61902],[88.55834,22.62],[88.55828,22.62145],[88.55958,22.62189],[88.55974,22.62507],[88.56501,22.62367],[88.5699,22.62106],[88.57449,22.61954],[88.57599,22.61775],[88.57668,22.61514],[88.57772,22.61412],[88.58198,22.61207],[88.58371,22.61258],[88.58668,22.61524],[88.58933,22.61558],[88.59372,22.61369],[88.5943,22.61257],[88.59406,22.60972],[88.59446,22.60903],[88.59403,22.60861],[88.5929,22.60885],[88.59205,22.6079],[88.59192,22.60394]]]}},{"type":"Feature","bbox":[88.57805,22.46856,88.61546,22.51735],"properties":{"kind":"gp","gp":"Pranganj","block":"Bhangar-I","lgd":108015},"geometry":{"type":"Polygon","coordinates":[[[88.61087,22.47011],[88.61067,22.46968],[88.60932,22.46951],[88.60909,22.47038],[88.60752,22.47077],[88.60732,22.47192],[88.60651,22.47188],[88.60633,22.47097],[88.60566,22.471],[88.60564,22.47176],[88.60463,22.47182],[88.60497,22.47038],[88.60416,22.47039],[88.60434,22.47157],[88.60388,22.4718],[88.60376,22.47313],[88.60296,22.47249],[88.603,22.47192],[88.60225,22.47186],[88.60209,22.46976],[88.60162,22.46917],[88.59854,22.46856],[88.59851,22.46992],[88.5961,22.47052],[88.59548,22.47042],[88.59535,22.46987],[88.59345,22.47026],[88.59358,22.47134],[88.59469,22.47166],[88.59459,22.47206],[88.59138,22.47262],[88.59079,22.47346],[88.58867,22.47337],[88.58774,22.47426],[88.58698,22.47383],[88.5858,22.47406],[88.58581,22.47452],[88.58514,22.47484],[88.58563,22.47565],[88.58541,22.47646],[88.58378,22.47763],[88.58424,22.47955],[88.58384,22.48162],[88.58493,22.48309],[88.58451,22.48472],[88.58281,22.48505],[88.58243,22.48448],[88.58165,22.48446],[88.58143,22.48548],[88.58024,22.48605],[88.57853,22.4878],[88.57815,22.48919],[88.57863,22.49208],[88.57839,22.49309],[88.57962,22.49558],[88.57943,22.49653],[88.58007,22.49641],[88.5819,22.499],[88.57929,22.49866],[88.57863,22.4991],[88.57805,22.50109],[88.57856,22.50395],[88.60281,22.51379],[88.60872,22.51735],[88.60988,22.51667],[88.61076,22.51696],[88.61046,22.51541],[88.61082,22.51495],[88.6126,22.51535],[88.6126,22.51603],[88.61316,22.5162],[88.61353,22.51499],[88.6146,22.51421],[88.61466,22.51351],[88.61366,22.51404],[88.61356,22.51259],[88.61276,22.51294],[88.61207,22.51232],[88.61401,22.51083],[88.61297,22.50947],[88.6131,22.50724],[88.61271,22.50648],[88.61379,22.50661],[88.61325,22.50388],[88.6142,22.50309],[88.61327,22.50218],[88.61347,22.50104],[88.61107,22.49592],[88.60932,22.49618],[88.60502,22.48942],[88.60288,22.48717],[88.60449,22.48633],[88.60448,22.48474],[88.6054,22.48461],[88.60714,22.48237],[88.60789,22.48034],[88.60893,22.47961],[88.60987,22.47999],[88.61405,22.47812],[88.6137,22.47635],[88.61546,22.47491],[88.61492,22.47467],[88.61448,22.47258],[88.61477,22.47133],[88.61415,22.47128],[88.61395,22.47066],[88.61087,22.47011]]]}},{"type":"Feature","bbox":[88.18182,21.86651,88.23914,21.91269],"properties":{"kind":"gp","gp":"Pratapadityanagar","block":"Kak Dwip","lgd":108154},"geometry":{"type":"Polygon","coordinates":[[[88.19436,21.86651],[88.19068,21.867],[88.18671,21.86822],[88.18182,21.87137],[88.18406,21.87324],[88.18546,21.87516],[88.18956,21.88275],[88.18696,21.88964],[88.18673,21.8915],[88.18857,21.89702],[88.18984,21.89886],[88.19458,21.90184],[88.19516,21.90286],[88.19549,21.90812],[88.1972,21.91027],[88.20075,21.91269],[88.22085,21.90407],[88.22418,21.9014],[88.23037,21.89937],[88.23478,21.89644],[88.23743,21.8963],[88.23893,21.89443],[88.23914,21.89247],[88.23795,21.88974],[88.23886,21.88457],[88.23883,21.88203],[88.23746,21.8779],[88.22514,21.87996],[88.22095,21.88014],[88.21548,21.87994],[88.20928,21.87904],[88.20083,21.87586],[88.19534,21.87263],[88.19365,21.87078],[88.19338,21.86925],[88.19436,21.86651]]]}},{"type":"Feature","bbox":[88.4827,22.41484,88.54433,22.45889],"properties":{"kind":"gp","gp":"Pratapnagar","block":"Sonarpur","lgd":108281},"geometry":{"type":"Polygon","coordinates":[[[88.51594,22.41714],[88.51917,22.42334],[88.51829,22.42341],[88.51707,22.42261],[88.51661,22.42407],[88.51604,22.4234],[88.5156,22.42394],[88.5135,22.42428],[88.51286,22.42319],[88.51164,22.4235],[88.51197,22.42614],[88.51517,22.42659],[88.51505,22.4272],[88.51293,22.42735],[88.51396,22.4289],[88.51312,22.42908],[88.51286,22.42871],[88.51032,22.42966],[88.51004,22.42919],[88.50914,22.42951],[88.50827,22.43086],[88.50455,22.431],[88.50391,22.43292],[88.49951,22.4381],[88.49901,22.43977],[88.49798,22.4399],[88.49489,22.44217],[88.49587,22.44438],[88.49477,22.44535],[88.49383,22.44509],[88.49259,22.44201],[88.4902,22.44107],[88.49003,22.44034],[88.48886,22.4395],[88.48786,22.43953],[88.48604,22.4406],[88.48325,22.44086],[88.4827,22.44041],[88.48313,22.44254],[88.48442,22.44513],[88.48654,22.4469],[88.48734,22.45301],[88.49018,22.4584],[88.49478,22.45513],[88.49597,22.45506],[88.50489,22.45889],[88.50628,22.45759],[88.50926,22.4563],[88.519,22.4556],[88.52013,22.45445],[88.51961,22.44859],[88.52072,22.44456],[88.52438,22.43995],[88.52629,22.43827],[88.53158,22.43623],[88.53456,22.43413],[88.54403,22.43245],[88.54433,22.4285],[88.54392,22.42619],[88.54222,22.42055],[88.53959,22.41484],[88.53879,22.41836],[88.54114,22.42276],[88.54124,22.42432],[88.54057,22.42566],[88.53857,22.42712],[88.53668,22.42762],[88.53523,22.42652],[88.53469,22.42489],[88.53338,22.42504],[88.52974,22.42997],[88.5281,22.42943],[88.52803,22.42895],[88.52529,22.42756],[88.52478,22.4264],[88.52513,22.42257],[88.52602,22.4223],[88.52629,22.4204],[88.52354,22.41992],[88.52029,22.41501],[88.5177,22.4176],[88.51722,22.41696],[88.51594,22.41714]]]}},{"type":"Feature","bbox":[88.27417,22.36973,88.31049,22.42987],"properties":{"kind":"gp","gp":"Purba Bishnupur","block":"Bishnupur-I","lgd":108037},"geometry":{"type":"Polygon","coordinates":[[[88.30157,22.39441],[88.30395,22.3919],[88.30495,22.39203],[88.30537,22.39316],[88.30688,22.39264],[88.30769,22.39155],[88.3068,22.38886],[88.3089,22.38744],[88.30865,22.3855],[88.31049,22.38503],[88.31036,22.38422],[88.30972,22.38433],[88.3097,22.38275],[88.30851,22.38295],[88.3081,22.38191],[88.30868,22.38044],[88.30947,22.38026],[88.30941,22.37977],[88.30863,22.37965],[88.30831,22.37904],[88.30773,22.37605],[88.30622,22.37564],[88.30644,22.37419],[88.30446,22.37072],[88.30303,22.37034],[88.30136,22.37098],[88.30022,22.36973],[88.2992,22.37059],[88.29696,22.37092],[88.29621,22.37156],[88.29681,22.37571],[88.29625,22.37614],[88.29413,22.37607],[88.29029,22.37695],[88.28844,22.37445],[88.2805,22.3764],[88.27875,22.37771],[88.27909,22.38074],[88.27776,22.381],[88.27548,22.38056],[88.27468,22.38201],[88.27508,22.38339],[88.27417,22.38455],[88.2744,22.38585],[88.27561,22.3884],[88.27669,22.39246],[88.27761,22.39304],[88.27842,22.39293],[88.2793,22.3919],[88.28189,22.39114],[88.28167,22.39231],[88.28292,22.39399],[88.28215,22.39431],[88.28178,22.39553],[88.28004,22.39634],[88.28106,22.39793],[88.2819,22.39798],[88.28234,22.39899],[88.28298,22.39922],[88.28194,22.39622],[88.28251,22.3957],[88.28378,22.3969],[88.28362,22.39784],[88.28419,22.39827],[88.28447,22.39745],[88.28546,22.39716],[88.28587,22.39807],[88.28523,22.39817],[88.28432,22.39947],[88.28308,22.39972],[88.28257,22.4006],[88.28016,22.40182],[88.28202,22.40613],[88.28171,22.40752],[88.28283,22.40829],[88.2832,22.40945],[88.28263,22.40976],[88.28276,22.41087],[88.2842,22.41142],[88.28431,22.41224],[88.28801,22.41789],[88.28885,22.41899],[88.28974,22.41901],[88.2901,22.421],[88.29168,22.42152],[88.29198,22.42433],[88.29507,22.42445],[88.29497,22.42796],[88.29546,22.42987],[88.29749,22.42945],[88.29745,22.428],[88.2994,22.42661],[88.29896,22.42453],[88.29815,22.42467],[88.29769,22.42358],[88.29814,22.42249],[88.29787,22.42034],[88.29732,22.42015],[88.29728,22.41841],[88.29767,22.41737],[88.29848,22.41686],[88.29865,22.41564],[88.29995,22.41531],[88.29921,22.40834],[88.30013,22.40703],[88.2995,22.4066],[88.29973,22.4059],[88.30031,22.40591],[88.30055,22.40495],[88.30095,22.40492],[88.30118,22.40315],[88.30072,22.40251],[88.30102,22.40179],[88.30332,22.40173],[88.30284,22.40005],[88.30171,22.39951],[88.30144,22.39846],[88.30536,22.3978],[88.30525,22.39637],[88.30338,22.39445],[88.30157,22.39441]]]}},{"type":"Feature","bbox":[88.25497,21.85633,88.32122,21.94583],"properties":{"kind":"gp","gp":"Rabindra","block":"Pathar Pratima","lgd":108155},"geometry":{"type":"Polygon","coordinates":[[[88.28149,21.85653],[88.27408,21.85633],[88.2641,21.85752],[88.26109,21.85853],[88.25822,21.86098],[88.25724,21.86238],[88.25497,21.87015],[88.25565,21.87221],[88.26226,21.87961],[88.27339,21.88887],[88.27507,21.89297],[88.27532,21.899],[88.27432,21.90349],[88.27304,21.90769],[88.26936,21.91281],[88.26781,21.91793],[88.26768,21.9206],[88.26895,21.92397],[88.27155,21.92741],[88.27443,21.93245],[88.27531,21.93693],[88.27473,21.9433],[88.27776,21.94365],[88.27983,21.94488],[88.2825,21.94424],[88.2828,21.9432],[88.28145,21.94208],[88.28028,21.94236],[88.27839,21.93804],[88.27882,21.93403],[88.27641,21.92974],[88.27764,21.92897],[88.2778,21.92747],[88.28315,21.92584],[88.28691,21.92598],[88.29048,21.92175],[88.29631,21.92083],[88.29785,21.92239],[88.29852,21.92613],[88.29977,21.92632],[88.29994,21.92789],[88.30525,21.9309],[88.30792,21.9319],[88.31092,21.93224],[88.31133,21.93385],[88.31047,21.93724],[88.31095,21.93806],[88.3092,21.93945],[88.30963,21.94216],[88.31032,21.94421],[88.31084,21.94443],[88.31091,21.94553],[88.3113,21.94583],[88.31538,21.94427],[88.31787,21.94419],[88.32063,21.94241],[88.32122,21.94179],[88.3211,21.94093],[88.3198,21.93916],[88.31974,21.93811],[88.31814,21.93518],[88.31436,21.93562],[88.31268,21.93463],[88.31457,21.93128],[88.31431,21.9296],[88.3114,21.92461],[88.31205,21.92047],[88.31528,21.91677],[88.31562,21.91592],[88.31523,21.9146],[88.31162,21.90881],[88.30719,21.90686],[88.30334,21.90604],[88.30261,21.905],[88.30325,21.90371],[88.30677,21.90005],[88.30813,21.89802],[88.30912,21.89536],[88.3081,21.89212],[88.30369,21.88805],[88.30148,21.88472],[88.30268,21.88299],[88.30898,21.87811],[88.30947,21.8764],[88.30851,21.87255],[88.30697,21.86917],[88.30165,21.862],[88.30065,21.85966],[88.29512,21.85939],[88.28149,21.85653]]]}},{"type":"Feature","bbox":[88.45444,22.03706,88.50081,22.08439],"properties":{"kind":"gp","gp":"Radhakantapur","block":"Mathurapur-II","lgd":108239},"geometry":{"type":"Polygon","coordinates":[[[88.48473,22.08033],[88.49057,22.0784],[88.49181,22.07694],[88.49264,22.07331],[88.49066,22.06848],[88.49045,22.06448],[88.49267,22.06023],[88.49745,22.05635],[88.49901,22.0545],[88.50062,22.05173],[88.50081,22.04985],[88.499,22.0489],[88.49393,22.04898],[88.48973,22.04782],[88.4896,22.04725],[88.48677,22.04523],[88.48038,22.04252],[88.46636,22.04477],[88.46435,22.04131],[88.46287,22.03706],[88.45886,22.03999],[88.45682,22.04283],[88.45756,22.04577],[88.45764,22.05024],[88.45444,22.05672],[88.45482,22.06206],[88.46604,22.06399],[88.47489,22.06405],[88.47568,22.06237],[88.48279,22.06277],[88.47949,22.07253],[88.47783,22.07519],[88.47325,22.08079],[88.46829,22.08116],[88.46796,22.08439],[88.47315,22.08369],[88.47632,22.08176],[88.4813,22.07993],[88.48377,22.07982],[88.48473,22.08033]]]}},{"type":"Feature","bbox":[88.82489,22.21252,88.89572,22.28842],"properties":{"kind":"gp","gp":"Radhanagar-Taranagar","block":"Basanti","lgd":108125},"geometry":{"type":"Polygon","coordinates":[[[88.85394,22.2317],[88.85535,22.23554],[88.85152,22.23877],[88.84834,22.24036],[88.83969,22.24303],[88.83493,22.24335],[88.82862,22.24257],[88.82679,22.24057],[88.82532,22.24163],[88.82493,22.24472],[88.8261,22.25068],[88.82572,22.25164],[88.82493,22.25212],[88.82489,22.25312],[88.82608,22.25373],[88.82635,22.25443],[88.82599,22.26457],[88.82858,22.26528],[88.82999,22.26648],[88.83236,22.26974],[88.83489,22.27041],[88.83612,22.27412],[88.83766,22.27564],[88.8385,22.27592],[88.84089,22.27553],[88.84231,22.2763],[88.84371,22.27911],[88.84819,22.28282],[88.85056,22.28839],[88.85124,22.28842],[88.85274,22.28457],[88.85612,22.28258],[88.85763,22.28012],[88.8635,22.27713],[88.86411,22.27566],[88.86408,22.27345],[88.86548,22.27172],[88.86742,22.27198],[88.87216,22.27525],[88.87599,22.27534],[88.8782,22.27454],[88.88204,22.26797],[88.88455,22.2679],[88.88732,22.26705],[88.88844,22.2662],[88.8906,22.25894],[88.89491,22.25553],[88.89553,22.25461],[88.89572,22.25278],[88.89507,22.25153],[88.89168,22.25251],[88.89114,22.25124],[88.88986,22.25031],[88.88745,22.247],[88.89054,22.24577],[88.88784,22.24147],[88.88841,22.23749],[88.88587,22.23639],[88.88494,22.23645],[88.88315,22.23516],[88.88193,22.2349],[88.87981,22.23526],[88.87836,22.2365],[88.87747,22.2364],[88.87522,22.23544],[88.87398,22.23422],[88.87479,22.22425],[88.87503,22.22388],[88.87876,22.22371],[88.87925,22.22296],[88.87782,22.22132],[88.87632,22.22103],[88.87843,22.21975],[88.87857,22.21768],[88.87711,22.21562],[88.87757,22.2143],[88.87395,22.21455],[88.86862,22.2128],[88.8641,22.21252],[88.84655,22.21417],[88.84249,22.21493],[88.84192,22.21547],[88.84238,22.21726],[88.8458,22.2208],[88.8465,22.22234],[88.85394,22.2317]]]}},{"type":"Feature","bbox":[88.40704,21.9885,88.46287,22.04572],"properties":{"kind":"gp","gp":"Raidighi","block":"Mathurapur-II","lgd":108240},"geometry":{"type":"Polygon","coordinates":[[[88.451,22.00904],[88.4495,22.00751],[88.44755,21.99897],[88.44652,21.99713],[88.44147,21.99228],[88.43982,21.9885],[88.43445,21.99373],[88.43334,21.99642],[88.43222,21.99797],[88.43143,21.99812],[88.42762,21.99806],[88.41798,21.9966],[88.41175,21.99555],[88.40704,21.9941],[88.40922,21.99799],[88.41469,22.01019],[88.41944,22.02209],[88.42724,22.02426],[88.4307,22.02457],[88.43171,22.02407],[88.43324,22.02515],[88.43347,22.02591],[88.4299,22.02931],[88.42784,22.03529],[88.42751,22.03798],[88.42908,22.03774],[88.43313,22.04229],[88.44239,22.04436],[88.44767,22.0446],[88.44917,22.04572],[88.45741,22.04458],[88.45682,22.04283],[88.45805,22.04076],[88.46287,22.03706],[88.46055,22.02747],[88.46054,22.02438],[88.46221,22.01468],[88.45794,22.01116],[88.45422,22.01057],[88.451,22.00904]]]}},{"type":"Feature","bbox":[88.49656,22.18455,88.57628,22.2314],"properties":{"kind":"gp","gp":"Rajapur Korabeg","block":"Jaynagar-I","lgd":108138},"geometry":{"type":"Polygon","coordinates":[[[88.57296,22.18455],[88.5714,22.185],[88.57114,22.18572],[88.56873,22.18522],[88.56732,22.18609],[88.56407,22.18677],[88.5629,22.18761],[88.56151,22.18769],[88.56068,22.18618],[88.55425,22.18775],[88.55109,22.18622],[88.54839,22.1884],[88.54646,22.18684],[88.54333,22.18559],[88.54293,22.18644],[88.53857,22.1902],[88.5352,22.19004],[88.53486,22.19214],[88.53426,22.19285],[88.53182,22.19384],[88.53135,22.19447],[88.53053,22.19924],[88.52975,22.19943],[88.52894,22.20054],[88.52758,22.20034],[88.52704,22.2015],[88.52618,22.20184],[88.52281,22.20163],[88.52145,22.20216],[88.52097,22.20077],[88.52407,22.19883],[88.52318,22.19728],[88.52389,22.19625],[88.52393,22.19486],[88.52341,22.19203],[88.51943,22.19116],[88.51839,22.19146],[88.51758,22.19513],[88.5172,22.19533],[88.51568,22.19502],[88.51169,22.19785],[88.51018,22.19679],[88.50892,22.19658],[88.50705,22.1975],[88.50619,22.19684],[88.50543,22.19695],[88.50131,22.19953],[88.50106,22.20079],[88.49911,22.20196],[88.49684,22.20216],[88.49656,22.20258],[88.49737,22.20381],[88.50515,22.21085],[88.51125,22.22217],[88.51347,22.22106],[88.51585,22.22742],[88.51456,22.22795],[88.51446,22.22868],[88.51636,22.2284],[88.51872,22.2314],[88.52421,22.22915],[88.52453,22.22864],[88.5263,22.22856],[88.53072,22.23023],[88.53935,22.23006],[88.54314,22.22794],[88.54571,22.228],[88.54617,22.22487],[88.54694,22.22436],[88.54676,22.22249],[88.54624,22.22156],[88.54505,22.22221],[88.54453,22.21992],[88.55019,22.21855],[88.55292,22.21869],[88.55184,22.21669],[88.55261,22.21633],[88.55855,22.21623],[88.55845,22.20492],[88.5634,22.20527],[88.5627,22.20369],[88.56308,22.20326],[88.56311,22.19775],[88.56462,22.1972],[88.56889,22.19364],[88.56972,22.19342],[88.57046,22.19257],[88.57052,22.19112],[88.57173,22.18983],[88.57498,22.18895],[88.57628,22.18778],[88.57296,22.18455]]]}},{"type":"Feature","bbox":[88.22606,22.10487,88.2625,22.17094],"properties":{"kind":"gp","gp":"Rajarampur","block":"Kulpi","lgd":108172},"geometry":{"type":"Polygon","coordinates":[[[88.25229,22.12472],[88.25161,22.12522],[88.25078,22.11875],[88.24907,22.11126],[88.25045,22.11093],[88.2499,22.10906],[88.24809,22.1086],[88.24719,22.10903],[88.24595,22.10558],[88.24441,22.10539],[88.24428,22.10487],[88.24211,22.10567],[88.24078,22.10653],[88.23936,22.10864],[88.24018,22.11396],[88.23956,22.11411],[88.24078,22.11953],[88.23929,22.12009],[88.23872,22.12135],[88.23665,22.12226],[88.23536,22.12395],[88.23653,22.12517],[88.23671,22.12679],[88.23497,22.12763],[88.23418,22.13055],[88.23476,22.13219],[88.23533,22.13202],[88.23554,22.13295],[88.23518,22.1331],[88.23625,22.13491],[88.23728,22.13441],[88.23805,22.13244],[88.23989,22.13232],[88.23934,22.1336],[88.23962,22.13713],[88.2387,22.13743],[88.23875,22.13784],[88.23631,22.14007],[88.23548,22.1382],[88.23453,22.13925],[88.23281,22.1378],[88.23039,22.13817],[88.22975,22.13712],[88.22751,22.13713],[88.22828,22.14057],[88.22674,22.14009],[88.22606,22.14118],[88.22686,22.1432],[88.22904,22.14341],[88.22961,22.14461],[88.23172,22.14389],[88.23269,22.14439],[88.23215,22.14716],[88.23274,22.14818],[88.23186,22.14876],[88.23129,22.15192],[88.2326,22.15296],[88.23493,22.15206],[88.23547,22.15277],[88.23513,22.15488],[88.23474,22.15487],[88.23515,22.15699],[88.23431,22.15724],[88.23372,22.15689],[88.23328,22.16027],[88.23235,22.16078],[88.23238,22.16172],[88.23148,22.16218],[88.23261,22.16696],[88.23175,22.16772],[88.23171,22.16861],[88.23119,22.16861],[88.23164,22.17014],[88.24096,22.1706],[88.24473,22.16987],[88.24705,22.17015],[88.24775,22.17094],[88.24961,22.17038],[88.26196,22.16333],[88.2625,22.16175],[88.25991,22.15571],[88.26007,22.15324],[88.25704,22.15386],[88.25683,22.15828],[88.25452,22.15815],[88.25377,22.15698],[88.25346,22.15387],[88.25181,22.15378],[88.25202,22.15267],[88.25146,22.15061],[88.25037,22.15034],[88.25019,22.14989],[88.25109,22.14906],[88.253,22.14859],[88.25334,22.14791],[88.25295,22.14606],[88.25387,22.1445],[88.2535,22.14122],[88.25401,22.14109],[88.25406,22.13626],[88.25333,22.131],[88.25351,22.12863],[88.25236,22.12813],[88.25229,22.12472]]]}},{"type":"Feature","bbox":[88.12724,22.43163,88.15749,22.45596],"properties":{"kind":"gp","gp":"Rajibpur","block":"Budge Budge-I","lgd":108054},"geometry":{"type":"Polygon","coordinates":[[[88.14708,22.44475],[88.14603,22.44011],[88.14459,22.43857],[88.14223,22.43906],[88.13921,22.43768],[88.13809,22.43448],[88.13419,22.43163],[88.12724,22.43976],[88.13156,22.4427],[88.13227,22.44184],[88.13306,22.44222],[88.13291,22.44335],[88.13512,22.44315],[88.13611,22.4484],[88.13597,22.44998],[88.13744,22.45062],[88.14014,22.45042],[88.14092,22.4511],[88.1412,22.45352],[88.14248,22.4532],[88.1431,22.45364],[88.14587,22.45239],[88.14875,22.45233],[88.1508,22.45153],[88.15149,22.45216],[88.15083,22.45316],[88.15094,22.45485],[88.15176,22.45517],[88.1522,22.45596],[88.15318,22.45569],[88.15303,22.45426],[88.15573,22.45363],[88.15749,22.45226],[88.15668,22.4481],[88.15619,22.4482],[88.15539,22.4472],[88.15542,22.44567],[88.15108,22.44701],[88.14708,22.44475]]]}},{"type":"Feature","bbox":[88.67327,22.19574,88.76048,22.25424],"properties":{"kind":"gp","gp":"Ramchandrakhali","block":"Basanti","lgd":108007},"geometry":{"type":"Polygon","coordinates":[[[88.71134,22.20481],[88.70644,22.20733],[88.69791,22.21018],[88.69547,22.21041],[88.69537,22.20746],[88.68293,22.20742],[88.67416,22.20431],[88.67342,22.20539],[88.67327,22.21606],[88.67468,22.22575],[88.67604,22.22817],[88.67673,22.23214],[88.68889,22.23067],[88.70758,22.22408],[88.71165,22.22202],[88.71552,22.22137],[88.7154,22.22207],[88.71587,22.22242],[88.7152,22.22273],[88.7135,22.22671],[88.71326,22.22933],[88.71192,22.23065],[88.71306,22.23178],[88.71522,22.24377],[88.71321,22.24614],[88.71494,22.25082],[88.71495,22.25225],[88.71368,22.25424],[88.73374,22.24867],[88.74057,22.24751],[88.75324,22.24402],[88.75852,22.24299],[88.75924,22.24337],[88.76016,22.24241],[88.76048,22.24182],[88.75968,22.24056],[88.7525,22.23215],[88.75042,22.22936],[88.74961,22.22743],[88.74955,22.22502],[88.7505,22.22059],[88.74969,22.2181],[88.74643,22.21176],[88.74624,22.20997],[88.74719,22.20318],[88.74493,22.19859],[88.7429,22.19884],[88.74256,22.19939],[88.74157,22.19958],[88.73959,22.19939],[88.73712,22.19857],[88.733,22.19574],[88.7279,22.19702],[88.72545,22.19837],[88.71629,22.20122],[88.71134,22.20481]]]}},{"type":"Feature","bbox":[88.35444,21.79016,88.39418,21.8758],"properties":{"kind":"gp","gp":"Ramganga","block":"Pathar Pratima","lgd":108260},"geometry":{"type":"Polygon","coordinates":[[[88.39197,21.8042],[88.38933,21.79634],[88.3919,21.79372],[88.38466,21.79016],[88.38337,21.79123],[88.36842,21.79771],[88.36531,21.79775],[88.36193,21.79853],[88.36123,21.79925],[88.36524,21.8046],[88.36526,21.81043],[88.36099,21.8133],[88.35963,21.81479],[88.35444,21.83119],[88.35479,21.83422],[88.35609,21.83697],[88.35694,21.84108],[88.35702,21.84317],[88.35649,21.84462],[88.35752,21.84609],[88.35652,21.84698],[88.35589,21.84859],[88.35528,21.8523],[88.35902,21.85677],[88.35919,21.8576],[88.35762,21.85781],[88.35987,21.86214],[88.36526,21.8758],[88.36717,21.87455],[88.36996,21.87355],[88.37081,21.87372],[88.37191,21.87549],[88.37253,21.87564],[88.38024,21.86888],[88.38109,21.87],[88.38326,21.87143],[88.38544,21.87202],[88.39001,21.8712],[88.38992,21.86417],[88.3921,21.85773],[88.39418,21.85342],[88.39181,21.84863],[88.38587,21.84017],[88.38383,21.8358],[88.38364,21.83423],[88.38406,21.83033],[88.38601,21.8233],[88.39153,21.81046],[88.39197,21.8042]]]}},{"type":"Feature","bbox":[88.30107,21.8536,88.36906,21.92198],"properties":{"kind":"gp","gp":"Ramgopalpur","block":"Pathar Pratima","lgd":108156},"geometry":{"type":"Polygon","coordinates":[[[88.32854,21.86183],[88.32314,21.86131],[88.31771,21.85944],[88.31346,21.8566],[88.31029,21.8536],[88.30914,21.85506],[88.30498,21.85838],[88.30107,21.86087],[88.30697,21.86917],[88.30851,21.87255],[88.30947,21.8764],[88.31533,21.87825],[88.31721,21.87982],[88.32062,21.88597],[88.32224,21.89241],[88.32319,21.89315],[88.32935,21.89323],[88.33051,21.89388],[88.33108,21.8952],[88.33079,21.89781],[88.33116,21.90312],[88.33022,21.90426],[88.34179,21.90247],[88.34254,21.9028],[88.34263,21.90425],[88.34358,21.90507],[88.3466,21.90377],[88.34751,21.9045],[88.34764,21.90654],[88.34878,21.9097],[88.35223,21.91423],[88.35563,21.92008],[88.35728,21.92197],[88.35833,21.92198],[88.36263,21.91635],[88.36631,21.90955],[88.36842,21.90223],[88.36906,21.89596],[88.3671,21.88165],[88.3654,21.87571],[88.35987,21.86214],[88.35762,21.85781],[88.35613,21.8581],[88.35475,21.8567],[88.35031,21.85669],[88.3442,21.85752],[88.33903,21.86095],[88.32854,21.86183]]]}},{"type":"Feature","bbox":[88.06272,21.72438,88.14383,21.79283],"properties":{"kind":"gp","gp":"Ramkarchar","block":"Sagar","lgd":108270},"geometry":{"type":"Polygon","coordinates":[[[88.14316,21.75551],[88.14383,21.75382],[88.14355,21.75093],[88.13909,21.74537],[88.12759,21.73344],[88.12671,21.73162],[88.12723,21.72931],[88.1287,21.72622],[88.12633,21.72448],[88.12521,21.72438],[88.11866,21.72692],[88.11641,21.7262],[88.11256,21.72672],[88.11161,21.7276],[88.11125,21.72897],[88.10931,21.73166],[88.10948,21.73259],[88.11112,21.73405],[88.11093,21.73635],[88.10971,21.73746],[88.10099,21.73885],[88.09847,21.74127],[88.09847,21.74293],[88.09677,21.74426],[88.09545,21.74433],[88.08929,21.73637],[88.08766,21.73501],[88.08538,21.73399],[88.08372,21.73232],[88.08258,21.72999],[88.07412,21.73725],[88.0705,21.73423],[88.06481,21.73205],[88.06414,21.73223],[88.06434,21.73272],[88.0656,21.73318],[88.06525,21.73423],[88.06272,21.73547],[88.06345,21.73745],[88.06398,21.73779],[88.06501,21.73783],[88.0674,21.73936],[88.06942,21.73971],[88.0702,21.74076],[88.07059,21.74584],[88.07141,21.74893],[88.07294,21.75041],[88.07649,21.75176],[88.07644,21.75258],[88.07355,21.75803],[88.07343,21.75952],[88.07472,21.76764],[88.07723,21.77823],[88.07958,21.78176],[88.0815,21.78299],[88.08308,21.7833],[88.08569,21.78248],[88.08907,21.78333],[88.09746,21.7917],[88.09965,21.79283],[88.1034,21.79066],[88.11104,21.78483],[88.11202,21.78687],[88.118,21.78302],[88.12754,21.78028],[88.13171,21.77855],[88.13318,21.77634],[88.13336,21.77483],[88.12833,21.76981],[88.12819,21.76837],[88.12876,21.76689],[88.13281,21.76332],[88.13903,21.75894],[88.14119,21.75794],[88.14316,21.75551]]]}},{"type":"Feature","bbox":[88.20317,22.10614,88.24078,22.17462],"properties":{"kind":"gp","gp":"Ramkishore","block":"Kulpi","lgd":108173},"geometry":{"type":"Polygon","coordinates":[[[88.22412,22.10862],[88.21922,22.10849],[88.21688,22.11204],[88.21624,22.12248],[88.21517,22.12449],[88.21233,22.12699],[88.21072,22.13369],[88.21113,22.13719],[88.20974,22.1474],[88.21043,22.14895],[88.20533,22.16151],[88.20471,22.16416],[88.20512,22.16476],[88.20408,22.16543],[88.20317,22.1673],[88.20461,22.16763],[88.20805,22.17012],[88.2076,22.17201],[88.21002,22.17462],[88.21547,22.17391],[88.21796,22.17424],[88.22135,22.17254],[88.2236,22.17253],[88.23164,22.17014],[88.23119,22.16861],[88.23171,22.16861],[88.23175,22.16772],[88.23261,22.16696],[88.23148,22.16218],[88.23238,22.16172],[88.23235,22.16078],[88.23328,22.16027],[88.23372,22.15689],[88.23431,22.15724],[88.23515,22.15699],[88.23474,22.15487],[88.23513,22.15488],[88.23547,22.15277],[88.23493,22.15206],[88.2326,22.15296],[88.23129,22.15192],[88.23186,22.14876],[88.23274,22.14818],[88.23215,22.14716],[88.23269,22.14439],[88.23172,22.14389],[88.22961,22.14461],[88.22904,22.14341],[88.22686,22.1432],[88.22606,22.14118],[88.22674,22.14009],[88.22828,22.14057],[88.22751,22.13713],[88.22975,22.13712],[88.23039,22.13817],[88.23281,22.1378],[88.23453,22.13925],[88.23548,22.1382],[88.23631,22.14007],[88.23875,22.13784],[88.2387,22.13743],[88.23962,22.13713],[88.23934,22.1336],[88.23989,22.13232],[88.23805,22.13244],[88.23728,22.13441],[88.23625,22.13491],[88.23518,22.1331],[88.23554,22.13295],[88.23533,22.13202],[88.23476,22.13219],[88.23418,22.13055],[88.23497,22.12763],[88.23671,22.12679],[88.23653,22.12517],[88.23536,22.12395],[88.23665,22.12226],[88.23872,22.12135],[88.23929,22.12009],[88.24078,22.11953],[88.23956,22.11411],[88.24018,22.11396],[88.23936,22.10864],[88.23845,22.1089],[88.23712,22.10817],[88.23571,22.10858],[88.23412,22.10828],[88.23371,22.10743],[88.23049,22.10787],[88.22938,22.10647],[88.22798,22.10614],[88.22595,22.10663],[88.22595,22.11023],[88.22546,22.11059],[88.22401,22.11053],[88.22412,22.10862]]]}},{"type":"Feature","bbox":[88.21778,22.02603,88.28019,22.06833],"properties":{"kind":"gp","gp":"Ramkrishnapur","block":"Kulpi","lgd":108174},"geometry":{"type":"Polygon","coordinates":[[[88.26013,22.03981],[88.25902,22.03901],[88.25898,22.03849],[88.25785,22.03845],[88.2559,22.03647],[88.25402,22.037],[88.25299,22.03795],[88.25194,22.03771],[88.25184,22.03724],[88.2496,22.03821],[88.24925,22.03882],[88.25008,22.04004],[88.25093,22.04013],[88.25142,22.04434],[88.24981,22.0445],[88.24883,22.04298],[88.24657,22.04303],[88.24623,22.04266],[88.24554,22.04303],[88.24494,22.04196],[88.23435,22.04597],[88.23297,22.04568],[88.22607,22.04666],[88.22608,22.04735],[88.22679,22.04732],[88.22679,22.04795],[88.2233,22.04751],[88.2205,22.05329],[88.21873,22.05515],[88.21778,22.05552],[88.21811,22.05698],[88.21895,22.05881],[88.229,22.05683],[88.23065,22.0569],[88.2314,22.05743],[88.23418,22.0574],[88.23434,22.05883],[88.23641,22.05972],[88.23832,22.05958],[88.23863,22.05993],[88.2403,22.05907],[88.24114,22.06033],[88.24084,22.06169],[88.2401,22.06249],[88.24032,22.06431],[88.24132,22.06483],[88.2443,22.06454],[88.2444,22.06833],[88.24639,22.06749],[88.24563,22.06687],[88.24514,22.06422],[88.24441,22.06399],[88.24468,22.06251],[88.24572,22.06152],[88.248,22.0613],[88.2496,22.06224],[88.25081,22.06563],[88.25222,22.06515],[88.25237,22.06421],[88.25283,22.06406],[88.2542,22.06449],[88.25854,22.06348],[88.25899,22.06556],[88.26231,22.06494],[88.2657,22.0652],[88.26558,22.0629],[88.26617,22.06168],[88.26832,22.06095],[88.27205,22.06131],[88.27226,22.06079],[88.27059,22.05459],[88.27062,22.05382],[88.27158,22.05269],[88.27466,22.0527],[88.27635,22.05326],[88.2767,22.0516],[88.27609,22.04928],[88.27567,22.04924],[88.27556,22.04747],[88.27356,22.04824],[88.2727,22.04967],[88.27189,22.04886],[88.27156,22.04777],[88.27237,22.04693],[88.27194,22.04625],[88.2719,22.04289],[88.27247,22.04291],[88.27266,22.04204],[88.27316,22.04288],[88.27578,22.04269],[88.27698,22.04343],[88.28019,22.04212],[88.27812,22.03955],[88.27526,22.03932],[88.27418,22.03583],[88.275,22.03392],[88.27419,22.03441],[88.27387,22.03295],[88.2735,22.03304],[88.27325,22.03014],[88.2716,22.03023],[88.27179,22.02925],[88.27111,22.02745],[88.26899,22.02812],[88.26817,22.02603],[88.26536,22.0272],[88.26555,22.02817],[88.26369,22.02854],[88.26335,22.02909],[88.26369,22.03018],[88.26286,22.03058],[88.26335,22.03215],[88.26246,22.03262],[88.26276,22.03402],[88.2619,22.03574],[88.26256,22.03738],[88.26134,22.03783],[88.26127,22.03973],[88.26013,22.03981]]]}},{"type":"Feature","bbox":[88.2266,22.34217,88.26695,22.37715],"properties":{"kind":"gp","gp":"Ramkrishnapur Borhanpur","block":"Bishnupur-II","lgd":108049},"geometry":{"type":"Polygon","coordinates":[[[88.25698,22.37175],[88.25889,22.37192],[88.259,22.3745],[88.26018,22.37508],[88.26031,22.37558],[88.26668,22.37021],[88.266,22.36974],[88.26675,22.3666],[88.26597,22.3653],[88.26695,22.36433],[88.26695,22.36187],[88.26377,22.36043],[88.26437,22.35952],[88.26438,22.35822],[88.26274,22.35744],[88.26266,22.35609],[88.2632,22.35602],[88.2633,22.35532],[88.2623,22.35519],[88.26208,22.3533],[88.26324,22.35278],[88.26256,22.35143],[88.26232,22.34922],[88.2628,22.3453],[88.2615,22.34569],[88.2602,22.34479],[88.26052,22.34387],[88.25898,22.34391],[88.25857,22.34292],[88.25736,22.34379],[88.25684,22.34217],[88.25668,22.34273],[88.25248,22.34411],[88.25105,22.34692],[88.24915,22.34755],[88.24942,22.34861],[88.24847,22.34972],[88.24776,22.35169],[88.24605,22.35224],[88.24294,22.35428],[88.24099,22.35477],[88.2386,22.35666],[88.23685,22.35534],[88.2324,22.35549],[88.23159,22.35516],[88.22819,22.35622],[88.2273,22.35696],[88.2266,22.35686],[88.22726,22.35774],[88.2282,22.35802],[88.2281,22.35998],[88.23033,22.36165],[88.23073,22.36244],[88.23004,22.36247],[88.23041,22.36536],[88.23313,22.372],[88.23255,22.37336],[88.23077,22.37378],[88.23002,22.37461],[88.23088,22.37636],[88.23358,22.37563],[88.23915,22.3754],[88.24038,22.37715],[88.24278,22.3758],[88.2445,22.37586],[88.24595,22.37532],[88.2462,22.37457],[88.25052,22.37397],[88.25133,22.37347],[88.25361,22.37344],[88.25555,22.37135],[88.25684,22.37123],[88.25698,22.37175]]]}},{"type":"Feature","bbox":[88.25577,22.08899,88.29071,22.16833],"properties":{"kind":"gp","gp":"Ramnagar-Gazipur","block":"Kulpi","lgd":108175},"geometry":{"type":"Polygon","coordinates":[[[88.26208,22.09055],[88.26102,22.09002],[88.26062,22.09047],[88.26268,22.09242],[88.26111,22.09368],[88.26431,22.09629],[88.26396,22.09666],[88.26336,22.09614],[88.26279,22.09644],[88.26314,22.09696],[88.26003,22.09766],[88.26064,22.10057],[88.25921,22.10082],[88.25781,22.10008],[88.25577,22.10038],[88.25778,22.10527],[88.25862,22.10558],[88.25905,22.10517],[88.25963,22.10569],[88.25886,22.10709],[88.25926,22.10765],[88.2598,22.1069],[88.26094,22.10823],[88.26016,22.10878],[88.26109,22.1137],[88.2611,22.11539],[88.26069,22.11541],[88.26169,22.11827],[88.26135,22.12079],[88.26289,22.12341],[88.26252,22.12493],[88.26278,22.12642],[88.2634,22.12767],[88.265,22.12735],[88.26661,22.12813],[88.267,22.12964],[88.2657,22.13066],[88.26821,22.13149],[88.26851,22.13365],[88.26697,22.13394],[88.26908,22.13661],[88.27052,22.14078],[88.27152,22.14098],[88.27169,22.14242],[88.27287,22.14241],[88.27284,22.1433],[88.26769,22.14445],[88.26675,22.14512],[88.26653,22.1461],[88.26491,22.14644],[88.26562,22.1469],[88.2657,22.14805],[88.26817,22.14889],[88.26894,22.151],[88.26831,22.15606],[88.26908,22.1573],[88.26675,22.15827],[88.26713,22.15903],[88.26924,22.15826],[88.26932,22.15903],[88.2682,22.1594],[88.26865,22.16042],[88.26969,22.16066],[88.26972,22.16137],[88.26912,22.16148],[88.26843,22.16303],[88.26895,22.16491],[88.26989,22.16526],[88.27042,22.16685],[88.27205,22.16659],[88.27206,22.16778],[88.27273,22.16815],[88.27348,22.16808],[88.27292,22.16762],[88.27425,22.167],[88.27692,22.16714],[88.27775,22.1649],[88.27834,22.16532],[88.27948,22.16483],[88.27949,22.16543],[88.28152,22.16515],[88.28259,22.16833],[88.28366,22.16787],[88.28365,22.16431],[88.28457,22.16423],[88.2846,22.16368],[88.28322,22.16352],[88.28349,22.16272],[88.285,22.16261],[88.285,22.16319],[88.28638,22.16384],[88.28654,22.16641],[88.28697,22.1669],[88.28781,22.16672],[88.28802,22.16723],[88.29005,22.1663],[88.28991,22.16568],[88.29071,22.16552],[88.28875,22.16125],[88.28886,22.16038],[88.28924,22.16031],[88.28892,22.15805],[88.28783,22.15674],[88.28842,22.15623],[88.28835,22.15557],[88.28906,22.15556],[88.28921,22.1541],[88.2889,22.15253],[88.28706,22.1502],[88.28671,22.14787],[88.2872,22.14757],[88.28694,22.14625],[88.28749,22.14609],[88.28763,22.14339],[88.28712,22.14232],[88.28637,22.14191],[88.28549,22.14222],[88.28413,22.14033],[88.28518,22.13967],[88.2847,22.13898],[88.28563,22.13896],[88.2856,22.13754],[88.28498,22.13749],[88.28519,22.13671],[88.28605,22.13616],[88.2859,22.13556],[88.28449,22.13542],[88.28475,22.13496],[88.28429,22.13398],[88.28531,22.13351],[88.28549,22.13163],[88.28422,22.13117],[88.28384,22.13056],[88.28447,22.13027],[88.2843,22.12865],[88.28336,22.12876],[88.28346,22.12814],[88.28489,22.1278],[88.28549,22.12811],[88.2861,22.12741],[88.28498,22.12687],[88.28066,22.11982],[88.2756,22.12313],[88.27426,22.12332],[88.27419,22.12221],[88.27505,22.1181],[88.27552,22.11795],[88.27479,22.11662],[88.27498,22.11442],[88.27696,22.11384],[88.27643,22.11252],[88.27683,22.11176],[88.27995,22.11343],[88.28339,22.11245],[88.28223,22.1081],[88.28208,22.10321],[88.28243,22.10307],[88.28258,22.10083],[88.28439,22.09735],[88.2846,22.09594],[88.28411,22.09471],[88.2828,22.09465],[88.28296,22.0941],[88.28467,22.09354],[88.28073,22.09277],[88.27759,22.09313],[88.27694,22.09149],[88.2749,22.09181],[88.27443,22.09269],[88.2731,22.09277],[88.27277,22.09223],[88.27171,22.09213],[88.27058,22.09327],[88.26963,22.0934],[88.26929,22.09246],[88.26969,22.09208],[88.26908,22.09166],[88.2674,22.09245],[88.26685,22.092],[88.26732,22.09163],[88.26662,22.09121],[88.26531,22.08899],[88.26208,22.09055]],[[88.26662,22.10163],[88.26883,22.10421],[88.26848,22.10497],[88.26917,22.10783],[88.27049,22.1085],[88.27225,22.11043],[88.27286,22.10998],[88.27469,22.11231],[88.27389,22.11265],[88.27357,22.11372],[88.27434,22.11454],[88.27327,22.1151],[88.27357,22.11587],[88.27295,22.11714],[88.27114,22.1161],[88.27088,22.11864],[88.26971,22.11878],[88.26936,22.11752],[88.2687,22.11695],[88.26771,22.11705],[88.26721,22.11402],[88.26552,22.11105],[88.26632,22.11051],[88.26373,22.10548],[88.26333,22.10377],[88.26457,22.10364],[88.2644,22.10209],[88.26662,22.10163]]]}},{"type":"Feature","bbox":[88.45297,22.33539,88.51775,22.36511],"properties":{"kind":"gp","gp":"Ramnagar-I","block":"Baruipur","lgd":107989},"geometry":{"type":"Polygon","coordinates":[[[88.48548,22.35792],[88.49265,22.35673],[88.49292,22.3562],[88.49459,22.35609],[88.49481,22.35658],[88.50019,22.35592],[88.50297,22.35738],[88.50625,22.35798],[88.5081,22.35749],[88.50789,22.35595],[88.50978,22.35508],[88.51359,22.35586],[88.51446,22.35538],[88.51603,22.35312],[88.5163,22.34911],[88.51568,22.34619],[88.51775,22.34018],[88.51406,22.33939],[88.51328,22.34015],[88.50538,22.33926],[88.50532,22.33996],[88.49985,22.34009],[88.49763,22.33624],[88.49635,22.33539],[88.49019,22.33591],[88.48983,22.33636],[88.48855,22.33649],[88.48825,22.33612],[88.48759,22.33647],[88.4792,22.33632],[88.47847,22.33644],[88.47849,22.33932],[88.47721,22.33946],[88.47683,22.34073],[88.47536,22.34125],[88.47523,22.3435],[88.47672,22.34362],[88.47636,22.34448],[88.47548,22.34476],[88.47502,22.34559],[88.47376,22.34552],[88.47468,22.34261],[88.47315,22.34162],[88.47316,22.33966],[88.47166,22.33913],[88.47107,22.33779],[88.46951,22.33764],[88.46646,22.33613],[88.46438,22.3378],[88.46544,22.34009],[88.46606,22.34036],[88.46536,22.34132],[88.46513,22.34286],[88.46551,22.34361],[88.46524,22.34589],[88.46612,22.34597],[88.4662,22.34675],[88.46154,22.34744],[88.46079,22.34777],[88.46087,22.34863],[88.45944,22.34935],[88.45334,22.3502],[88.45398,22.35052],[88.45297,22.35098],[88.46041,22.35943],[88.46094,22.35981],[88.46339,22.35968],[88.46345,22.36294],[88.46565,22.36389],[88.46712,22.364],[88.46974,22.36252],[88.4709,22.36511],[88.47438,22.36428],[88.47477,22.36362],[88.47534,22.36361],[88.47536,22.36463],[88.47691,22.36454],[88.47657,22.36385],[88.47766,22.36374],[88.47841,22.36214],[88.47875,22.3624],[88.47978,22.36164],[88.48069,22.36232],[88.48081,22.36372],[88.48176,22.36433],[88.48287,22.36424],[88.4829,22.36373],[88.48645,22.36363],[88.48748,22.36268],[88.48846,22.36257],[88.48811,22.36188],[88.48563,22.36064],[88.48548,22.35792]]]}},{"type":"Feature","bbox":[88.45334,22.30311,88.51936,22.3502],"properties":{"kind":"gp","gp":"Ramnagar-Ii","block":"Baruipur","lgd":107990},"geometry":{"type":"Polygon","coordinates":[[[88.46646,22.33613],[88.46951,22.33764],[88.47107,22.33779],[88.47166,22.33913],[88.47316,22.33966],[88.47315,22.34162],[88.47468,22.34261],[88.47376,22.34552],[88.47502,22.34559],[88.47672,22.34362],[88.47523,22.3435],[88.47536,22.34125],[88.47683,22.34073],[88.47721,22.33946],[88.47849,22.33932],[88.47847,22.33644],[88.4792,22.33632],[88.48759,22.33647],[88.48825,22.33612],[88.48855,22.33649],[88.48983,22.33636],[88.49019,22.33591],[88.49635,22.33539],[88.49763,22.33624],[88.49985,22.34009],[88.50532,22.33996],[88.50538,22.33926],[88.51328,22.34015],[88.51406,22.33939],[88.51775,22.34018],[88.51865,22.33954],[88.51795,22.33537],[88.51936,22.33095],[88.51718,22.32827],[88.51719,22.32498],[88.51501,22.32309],[88.51474,22.32215],[88.51256,22.32064],[88.51226,22.31943],[88.50832,22.31787],[88.50727,22.31609],[88.50544,22.31487],[88.50249,22.30997],[88.50091,22.30939],[88.50114,22.3053],[88.50173,22.30517],[88.5012,22.30311],[88.49776,22.30509],[88.49071,22.3055],[88.48969,22.30754],[88.49004,22.3107],[88.48802,22.31255],[88.48723,22.3126],[88.48701,22.31212],[88.48626,22.31242],[88.48655,22.31312],[88.48525,22.3138],[88.48577,22.31471],[88.48467,22.31462],[88.48431,22.3141],[88.48307,22.31438],[88.48283,22.31327],[88.48119,22.31329],[88.48019,22.31526],[88.47714,22.3162],[88.47671,22.31508],[88.47616,22.31516],[88.47662,22.31635],[88.47592,22.31654],[88.47572,22.31588],[88.47445,22.31651],[88.47471,22.31729],[88.47394,22.31723],[88.47184,22.31825],[88.47224,22.31929],[88.47204,22.32096],[88.47113,22.32165],[88.47054,22.32316],[88.46983,22.32229],[88.46943,22.32251],[88.46995,22.32465],[88.47189,22.32413],[88.4725,22.32466],[88.47203,22.32576],[88.47255,22.32782],[88.47115,22.32829],[88.47115,22.32867],[88.47017,22.3288],[88.46988,22.32823],[88.46879,22.32819],[88.46877,22.32755],[88.46576,22.32841],[88.46596,22.32757],[88.46506,22.32634],[88.46513,22.32568],[88.46456,22.32534],[88.46227,22.32797],[88.46143,22.32695],[88.46066,22.32852],[88.46123,22.3289],[88.46091,22.32978],[88.45537,22.33412],[88.45521,22.33673],[88.4541,22.33822],[88.45572,22.34027],[88.45667,22.34067],[88.45863,22.33964],[88.45911,22.34075],[88.45632,22.34213],[88.45601,22.34276],[88.45433,22.34308],[88.45488,22.34601],[88.45611,22.34851],[88.45334,22.3502],[88.45944,22.34935],[88.46087,22.34863],[88.46079,22.34777],[88.46154,22.34744],[88.4662,22.34675],[88.46612,22.34597],[88.46524,22.34589],[88.46551,22.34361],[88.46513,22.34286],[88.46536,22.34132],[88.46606,22.34036],[88.46544,22.34009],[88.46438,22.3378],[88.46646,22.33613]]]}},{"type":"Feature","bbox":[88.81286,22.12666,88.8715,22.21084],"properties":{"kind":"gp","gp":"Rangabelia","block":"Basanti","lgd":108126},"geometry":{"type":"Polygon","coordinates":[[[88.85788,22.14139],[88.85028,22.14002],[88.84645,22.13842],[88.84066,22.13229],[88.8379,22.13607],[88.83124,22.13646],[88.82927,22.13576],[88.82768,22.13494],[88.825,22.13256],[88.82347,22.12949],[88.82276,22.12666],[88.82199,22.12752],[88.81711,22.12948],[88.81618,22.13025],[88.81569,22.13282],[88.81619,22.1336],[88.81818,22.13469],[88.81857,22.13646],[88.81701,22.13765],[88.81584,22.13988],[88.81326,22.14146],[88.81286,22.14359],[88.81441,22.14556],[88.8159,22.14576],[88.81999,22.14294],[88.82286,22.14315],[88.82414,22.14423],[88.82531,22.14694],[88.8233,22.14807],[88.82259,22.15053],[88.82415,22.15331],[88.82781,22.15956],[88.83118,22.16334],[88.83696,22.16763],[88.83976,22.17177],[88.83986,22.17576],[88.83836,22.1804],[88.83137,22.19382],[88.82789,22.19908],[88.82284,22.19836],[88.82279,22.20081],[88.82426,22.20551],[88.82762,22.21084],[88.82898,22.20745],[88.83105,22.208],[88.83258,22.207],[88.83342,22.2058],[88.83561,22.1967],[88.83677,22.19428],[88.84192,22.18941],[88.84574,22.18918],[88.85038,22.19298],[88.85228,22.20073],[88.85441,22.20309],[88.85588,22.20373],[88.85685,22.20345],[88.85771,22.2023],[88.86047,22.19615],[88.86117,22.19271],[88.86809,22.19106],[88.86764,22.18918],[88.86771,22.18544],[88.87056,22.17801],[88.87056,22.17557],[88.8715,22.17084],[88.87027,22.16893],[88.86943,22.16793],[88.86441,22.1675],[88.85916,22.16839],[88.85297,22.17018],[88.8505,22.17014],[88.84931,22.16953],[88.849,22.16821],[88.84915,22.16643],[88.84871,22.16478],[88.84986,22.16145],[88.85485,22.15745],[88.85549,22.15636],[88.85571,22.15472],[88.85511,22.15231],[88.85247,22.15065],[88.85679,22.1513],[88.85858,22.15086],[88.86081,22.14901],[88.86153,22.14595],[88.86099,22.1444],[88.85914,22.14213],[88.85788,22.14139]]]}},{"type":"Feature","bbox":[88.29734,22.2475,88.32928,22.28191],"properties":{"kind":"gp","gp":"Rangilbad","block":"Magra Hat-I","lgd":108189},"geometry":{"type":"Polygon","coordinates":[[[88.32329,22.25315],[88.32266,22.25129],[88.32127,22.25075],[88.32039,22.2492],[88.32026,22.24839],[88.32104,22.24786],[88.32001,22.2475],[88.31903,22.24785],[88.3191,22.24861],[88.31656,22.24936],[88.3163,22.2481],[88.31512,22.24853],[88.3149,22.25013],[88.31375,22.2498],[88.31351,22.24891],[88.31262,22.24883],[88.31248,22.25026],[88.31149,22.25075],[88.31165,22.25198],[88.31253,22.25225],[88.31297,22.25331],[88.31183,22.25395],[88.31148,22.25232],[88.31099,22.25242],[88.31102,22.25374],[88.31046,22.25371],[88.3102,22.25217],[88.30947,22.25218],[88.30927,22.25531],[88.30789,22.25537],[88.30897,22.25648],[88.3076,22.25686],[88.30668,22.25772],[88.30617,22.25707],[88.30763,22.25511],[88.3068,22.25426],[88.30489,22.25432],[88.30383,22.25374],[88.30302,22.25434],[88.30333,22.2549],[88.30225,22.25552],[88.30204,22.25632],[88.30142,22.25643],[88.30091,22.25793],[88.3017,22.25911],[88.30255,22.25872],[88.30299,22.2591],[88.30311,22.26087],[88.30142,22.26154],[88.29989,22.26286],[88.29952,22.26387],[88.29734,22.26547],[88.29778,22.26691],[88.29979,22.26751],[88.30017,22.26842],[88.30053,22.27029],[88.29981,22.27292],[88.30094,22.27884],[88.30086,22.28098],[88.30255,22.2816],[88.30411,22.28122],[88.30565,22.27844],[88.3081,22.27938],[88.30762,22.28024],[88.30788,22.28052],[88.30918,22.28065],[88.30916,22.27977],[88.31105,22.27962],[88.31099,22.27919],[88.31176,22.279],[88.31266,22.27916],[88.31261,22.27808],[88.31363,22.27769],[88.31371,22.27663],[88.31499,22.27539],[88.31591,22.27573],[88.31625,22.27706],[88.31586,22.27994],[88.31747,22.28039],[88.31808,22.28191],[88.31867,22.28168],[88.31888,22.28066],[88.31993,22.28012],[88.31983,22.27887],[88.32192,22.27884],[88.3216,22.27722],[88.32263,22.27703],[88.3231,22.27833],[88.32315,22.27607],[88.32221,22.27622],[88.32197,22.27566],[88.3214,22.27561],[88.32125,22.27411],[88.32059,22.27362],[88.32058,22.27195],[88.32476,22.27203],[88.32444,22.26844],[88.32346,22.26841],[88.32354,22.26732],[88.32467,22.26703],[88.32399,22.26259],[88.32613,22.26226],[88.32664,22.26169],[88.32678,22.2635],[88.32725,22.26328],[88.32728,22.26233],[88.32861,22.26293],[88.32928,22.26124],[88.32766,22.26114],[88.32759,22.26003],[88.32899,22.25983],[88.32797,22.25936],[88.32764,22.25667],[88.32688,22.25647],[88.32661,22.25441],[88.32329,22.25315]]]}},{"type":"Feature","bbox":[88.14019,22.35188,88.17044,22.38085],"properties":{"kind":"gp","gp":"Rania","block":"Budge Budge-II","lgd":108064},"geometry":{"type":"Polygon","coordinates":[[[88.15798,22.35722],[88.15799,22.35677],[88.15949,22.35708],[88.15964,22.35639],[88.1605,22.3563],[88.15978,22.35297],[88.15827,22.35313],[88.15807,22.35401],[88.15695,22.35432],[88.15572,22.35555],[88.1546,22.35521],[88.1541,22.35419],[88.15307,22.35499],[88.15128,22.35499],[88.15122,22.35369],[88.15001,22.35303],[88.14995,22.35444],[88.14936,22.35458],[88.14936,22.35518],[88.1505,22.35478],[88.15017,22.35576],[88.14731,22.35584],[88.14731,22.35515],[88.14502,22.35525],[88.14357,22.35444],[88.14233,22.35188],[88.14019,22.35217],[88.14215,22.35398],[88.14209,22.35467],[88.14132,22.35514],[88.14172,22.35601],[88.14396,22.35635],[88.14508,22.35725],[88.14501,22.35865],[88.14398,22.35924],[88.14369,22.36036],[88.14491,22.36047],[88.14495,22.36262],[88.14578,22.3635],[88.1459,22.36437],[88.14473,22.3665],[88.14505,22.36724],[88.14599,22.36751],[88.14516,22.36937],[88.14651,22.3698],[88.14677,22.36863],[88.14724,22.36868],[88.14809,22.36982],[88.1486,22.36971],[88.14887,22.37078],[88.14975,22.37122],[88.1502,22.37006],[88.15159,22.37016],[88.15127,22.37091],[88.15192,22.37203],[88.15168,22.37335],[88.15291,22.37232],[88.15435,22.3723],[88.15487,22.37313],[88.16073,22.3725],[88.16064,22.3743],[88.16158,22.3748],[88.16172,22.37847],[88.16128,22.37963],[88.16448,22.38085],[88.16546,22.37999],[88.1662,22.38017],[88.16624,22.38071],[88.16755,22.38038],[88.16838,22.37904],[88.17017,22.37921],[88.17044,22.37892],[88.16985,22.37621],[88.16849,22.37588],[88.16827,22.37065],[88.16765,22.37013],[88.169,22.36991],[88.16788,22.36934],[88.16837,22.36854],[88.16919,22.36876],[88.17039,22.36807],[88.17016,22.36539],[88.16962,22.36553],[88.16852,22.36348],[88.16524,22.36346],[88.16451,22.35918],[88.16338,22.3593],[88.16148,22.35857],[88.15944,22.35879],[88.15905,22.35767],[88.15798,22.35722]]]}},{"type":"Feature","bbox":[88.25261,22.4076,88.29546,22.46094],"properties":{"kind":"gp","gp":"Rasapunja","block":"Thakurpukur Mahestola","lgd":108288},"geometry":{"type":"MultiPolygon","coordinates":[[[[88.29506,22.4311],[88.29546,22.42987],[88.29497,22.42796],[88.29507,22.42445],[88.29309,22.42466],[88.29108,22.42419],[88.29254,22.42581],[88.29163,22.42707],[88.2829,22.42687],[88.2813,22.42807],[88.28124,22.4288],[88.28202,22.42866],[88.28397,22.43147],[88.28467,22.43182],[88.28546,22.43434],[88.28782,22.43732],[88.291,22.43675],[88.29255,22.43699],[88.29272,22.43637],[88.29422,22.43554],[88.2931,22.43218],[88.29506,22.4311]]],[[[88.26589,22.41294],[88.26642,22.41221],[88.26576,22.41166],[88.26577,22.411],[88.26448,22.41173],[88.26432,22.41088],[88.26361,22.41036],[88.26421,22.40941],[88.26436,22.40809],[88.26393,22.40768],[88.26175,22.4076],[88.2609,22.40795],[88.26149,22.40832],[88.25889,22.40942],[88.25791,22.40844],[88.25489,22.40898],[88.25261,22.41082],[88.25428,22.41614],[88.25339,22.41821],[88.25448,22.42105],[88.25618,22.42063],[88.25631,22.42155],[88.25715,22.42189],[88.25712,22.4227],[88.25638,22.42299],[88.25647,22.42367],[88.25804,22.42382],[88.25853,22.42308],[88.25828,22.42251],[88.25914,22.4215],[88.26071,22.42129],[88.26049,22.42268],[88.26105,22.42367],[88.26064,22.42407],[88.26139,22.42689],[88.26264,22.42808],[88.2643,22.43124],[88.26398,22.43264],[88.26272,22.43315],[88.26247,22.4343],[88.26036,22.43372],[88.25989,22.43452],[88.25867,22.43449],[88.25614,22.43723],[88.25719,22.43834],[88.25593,22.4395],[88.25737,22.44069],[88.25848,22.44424],[88.25944,22.44522],[88.26126,22.44512],[88.26132,22.4445],[88.26396,22.44642],[88.26344,22.45119],[88.25975,22.45325],[88.25964,22.4548],[88.25867,22.45505],[88.25852,22.45603],[88.25916,22.45628],[88.26174,22.45523],[88.26239,22.45736],[88.2655,22.46046],[88.26855,22.46094],[88.26852,22.46008],[88.27149,22.45976],[88.27145,22.45924],[88.26894,22.45892],[88.26865,22.45724],[88.2681,22.45718],[88.26756,22.45631],[88.26714,22.45344],[88.26638,22.45173],[88.26747,22.45088],[88.27698,22.45012],[88.27754,22.45172],[88.27889,22.45183],[88.2798,22.45084],[88.28178,22.45058],[88.28267,22.44928],[88.28491,22.44935],[88.28544,22.44853],[88.28899,22.44688],[88.28965,22.44538],[88.29149,22.44526],[88.29034,22.44201],[88.29104,22.44172],[88.28782,22.43732],[88.28618,22.43755],[88.28573,22.43702],[88.28395,22.43735],[88.2827,22.43444],[88.27889,22.43526],[88.27742,22.43262],[88.27544,22.43336],[88.27283,22.43057],[88.27101,22.42668],[88.27115,22.42526],[88.27009,22.42534],[88.26922,22.42478],[88.2687,22.42359],[88.26795,22.42383],[88.26765,22.42234],[88.26782,22.4209],[88.26912,22.42073],[88.27026,22.41727],[88.2679,22.41628],[88.26891,22.41543],[88.26813,22.41335],[88.26695,22.41319],[88.26626,22.41358],[88.26589,22.41294]]]]}},{"type":"Feature","bbox":[88.33688,22.32441,88.39195,22.34794],"properties":{"kind":"gp","gp":"Raskhali","block":"Bishnupur-I","lgd":108038},"geometry":{"type":"Polygon","coordinates":[[[88.39195,22.33572],[88.39172,22.33394],[88.39099,22.33431],[88.38981,22.33246],[88.38897,22.33254],[88.38867,22.33196],[88.38902,22.33102],[88.38818,22.33051],[88.38884,22.32781],[88.3885,22.32696],[88.3893,22.32506],[88.38699,22.32441],[88.38397,22.32542],[88.38407,22.32778],[88.38324,22.32795],[88.38269,22.32921],[88.37936,22.32778],[88.37622,22.32841],[88.37485,22.32722],[88.37269,22.3278],[88.36604,22.32631],[88.36476,22.32666],[88.36356,22.3279],[88.36261,22.32793],[88.36036,22.32678],[88.35826,22.32732],[88.35632,22.32698],[88.35376,22.32876],[88.3512,22.32977],[88.35067,22.3318],[88.34775,22.33249],[88.34575,22.33163],[88.34467,22.33295],[88.34216,22.3332],[88.34199,22.33414],[88.34122,22.33455],[88.34161,22.33597],[88.34032,22.33687],[88.34085,22.33739],[88.34005,22.33795],[88.34034,22.33876],[88.33788,22.34056],[88.33688,22.34412],[88.33766,22.34389],[88.33989,22.3446],[88.34418,22.34275],[88.34491,22.34326],[88.34613,22.34292],[88.34636,22.34106],[88.34918,22.33864],[88.35152,22.33879],[88.35336,22.33808],[88.35741,22.33786],[88.3598,22.33849],[88.36039,22.34342],[88.36149,22.34328],[88.36514,22.34571],[88.36447,22.34692],[88.3663,22.34677],[88.36888,22.34794],[88.37069,22.34704],[88.37165,22.34735],[88.37262,22.34698],[88.37583,22.34513],[88.37775,22.34494],[88.37787,22.34368],[88.38078,22.34349],[88.381,22.34436],[88.38053,22.3446],[88.38091,22.34551],[88.38217,22.34562],[88.38212,22.34391],[88.38154,22.34354],[88.38285,22.34133],[88.38743,22.3405],[88.38884,22.33979],[88.3895,22.33918],[88.38986,22.3378],[88.39195,22.33572]]]}},{"type":"Feature","bbox":[88.20509,21.82568,88.31306,21.88014],"properties":{"kind":"gp","gp":"Rishi Bankimchandra","block":"Kak Dwip","lgd":108157},"geometry":{"type":"Polygon","coordinates":[[[88.29062,21.83715],[88.27639,21.83219],[88.27223,21.82983],[88.26653,21.82568],[88.26297,21.82728],[88.26021,21.82771],[88.25772,21.82882],[88.25712,21.83144],[88.25528,21.83331],[88.25297,21.83438],[88.24917,21.83404],[88.2494,21.83562],[88.24804,21.83779],[88.24405,21.84724],[88.24017,21.84526],[88.23867,21.84569],[88.23543,21.84906],[88.23391,21.84939],[88.23236,21.84883],[88.23155,21.84799],[88.22956,21.84312],[88.22897,21.8426],[88.21483,21.83994],[88.20677,21.84506],[88.20509,21.8469],[88.21104,21.85031],[88.21798,21.85745],[88.22054,21.85858],[88.22095,21.88014],[88.23346,21.87872],[88.23746,21.8779],[88.24029,21.87678],[88.24886,21.87208],[88.25497,21.87015],[88.25724,21.86238],[88.25822,21.86098],[88.26109,21.85853],[88.2641,21.85752],[88.27683,21.85614],[88.28149,21.85653],[88.29512,21.85939],[88.30065,21.85966],[88.30107,21.86087],[88.30914,21.85506],[88.31216,21.85052],[88.31306,21.84796],[88.31247,21.84169],[88.31184,21.8395],[88.31049,21.8406],[88.30603,21.83877],[88.29484,21.83796],[88.29062,21.83715]]]}},{"type":"Feature","bbox":[88.05397,21.68158,88.14021,21.74433],"properties":{"kind":"gp","gp":"Rudranagar","block":"Sagar","lgd":108271},"geometry":{"type":"Polygon","coordinates":[[[88.09013,21.68639],[88.08774,21.689],[88.08567,21.69041],[88.08375,21.69067],[88.08333,21.69034],[88.0821,21.69174],[88.08171,21.69446],[88.0828,21.69611],[88.08706,21.69872],[88.08887,21.70106],[88.08918,21.70245],[88.08797,21.70531],[88.08815,21.70747],[88.08977,21.71029],[88.09106,21.71152],[88.09467,21.7133],[88.0945,21.71512],[88.09021,21.71545],[88.08473,21.71927],[88.07293,21.71571],[88.06646,21.71254],[88.05851,21.71317],[88.05645,21.71297],[88.05397,21.71176],[88.05411,21.71669],[88.05521,21.72095],[88.05883,21.72701],[88.05994,21.72996],[88.06153,21.73099],[88.06392,21.7315],[88.06414,21.73223],[88.06481,21.73205],[88.0705,21.73423],[88.07412,21.73725],[88.08258,21.72999],[88.08372,21.73232],[88.08538,21.73399],[88.08766,21.73501],[88.08929,21.73637],[88.09545,21.74433],[88.09677,21.74426],[88.09847,21.74293],[88.09847,21.74127],[88.10099,21.73885],[88.10971,21.73746],[88.11093,21.73635],[88.11112,21.73405],[88.10948,21.73259],[88.10931,21.73166],[88.11125,21.72897],[88.11161,21.7276],[88.11256,21.72672],[88.11641,21.7262],[88.11866,21.72692],[88.12521,21.72438],[88.12633,21.72448],[88.12821,21.72261],[88.13159,21.71808],[88.13476,21.71277],[88.13704,21.70816],[88.14021,21.69866],[88.1396,21.69589],[88.13625,21.69193],[88.12851,21.68861],[88.12591,21.68616],[88.12589,21.68158],[88.1092,21.69008],[88.10626,21.6892],[88.1012,21.68979],[88.09974,21.68955],[88.097,21.68835],[88.09305,21.68552],[88.09013,21.68639]]]}},{"type":"Feature","bbox":[88.42884,22.1546,88.4788,22.1899],"properties":{"kind":"gp","gp":"Sahajadapur","block":"Jaynagar-II","lgd":108150},"geometry":{"type":"Polygon","coordinates":[[[88.44737,22.165],[88.44761,22.162],[88.4439,22.16139],[88.44316,22.16076],[88.44115,22.16073],[88.43909,22.16184],[88.43938,22.16363],[88.43602,22.16489],[88.43523,22.16408],[88.43233,22.16484],[88.43194,22.16362],[88.4324,22.1626],[88.43191,22.16118],[88.42916,22.1634],[88.42952,22.16419],[88.42884,22.16539],[88.42966,22.16694],[88.42956,22.16759],[88.43068,22.16749],[88.43092,22.16801],[88.4304,22.16883],[88.43226,22.16986],[88.43245,22.16942],[88.43864,22.17313],[88.43842,22.17375],[88.44132,22.1767],[88.44091,22.17725],[88.4469,22.18174],[88.44926,22.18417],[88.44946,22.18373],[88.4487,22.18232],[88.4437,22.17864],[88.44325,22.17733],[88.44588,22.17742],[88.44666,22.17815],[88.44689,22.17938],[88.44914,22.18165],[88.45305,22.18811],[88.45486,22.18703],[88.45433,22.18633],[88.45524,22.1856],[88.45588,22.18713],[88.45657,22.18707],[88.4592,22.18862],[88.45997,22.18657],[88.46433,22.1868],[88.46435,22.18761],[88.46611,22.18841],[88.46618,22.18904],[88.46691,22.18912],[88.46751,22.1899],[88.46875,22.18915],[88.4687,22.18788],[88.46655,22.18725],[88.46706,22.18562],[88.47062,22.18589],[88.47059,22.18504],[88.47117,22.18461],[88.47096,22.18413],[88.4688,22.18378],[88.46893,22.18196],[88.46775,22.17979],[88.4683,22.17926],[88.46749,22.17773],[88.46992,22.17663],[88.47636,22.17627],[88.4788,22.17537],[88.47706,22.17302],[88.47531,22.16679],[88.47429,22.16591],[88.47253,22.16551],[88.46574,22.16663],[88.46326,22.16759],[88.46148,22.16668],[88.46292,22.16535],[88.46268,22.16441],[88.46327,22.16359],[88.46471,22.16237],[88.46733,22.16322],[88.46937,22.16272],[88.46949,22.16164],[88.46732,22.16166],[88.46546,22.15974],[88.46639,22.15766],[88.4686,22.15612],[88.46943,22.15649],[88.46839,22.1546],[88.46073,22.15857],[88.45711,22.16155],[88.45168,22.16483],[88.44737,22.165]]]}},{"type":"Feature","bbox":[88.5923,22.38692,88.68498,22.46296],"properties":{"kind":"gp","gp":"Sarengabad","block":"Canning-II","lgd":108083},"geometry":{"type":"Polygon","coordinates":[[[88.61916,22.39946],[88.61814,22.39912],[88.61481,22.40041],[88.61308,22.40031],[88.61176,22.39779],[88.60912,22.39671],[88.60795,22.3943],[88.60666,22.39337],[88.60529,22.39324],[88.60518,22.39106],[88.60448,22.39064],[88.59982,22.39232],[88.59894,22.39587],[88.59658,22.39616],[88.59598,22.39682],[88.59568,22.39848],[88.59502,22.39878],[88.5951,22.39981],[88.5923,22.4046],[88.59585,22.41052],[88.59762,22.41089],[88.60081,22.41027],[88.60358,22.41046],[88.60598,22.41137],[88.60671,22.41446],[88.61051,22.42103],[88.61198,22.42535],[88.61194,22.42804],[88.61408,22.4313],[88.61522,22.4342],[88.61735,22.43426],[88.61998,22.43355],[88.62321,22.43458],[88.6253,22.43449],[88.62617,22.43564],[88.62605,22.43698],[88.62467,22.43778],[88.62408,22.43913],[88.62384,22.44231],[88.62259,22.44421],[88.62265,22.44545],[88.6203,22.44758],[88.62015,22.44947],[88.62228,22.45155],[88.62305,22.45166],[88.62568,22.45134],[88.63019,22.44938],[88.63287,22.44976],[88.63437,22.4505],[88.63404,22.45152],[88.63545,22.45297],[88.63646,22.45662],[88.63918,22.46261],[88.64125,22.46296],[88.64327,22.46222],[88.64504,22.46076],[88.64585,22.45942],[88.64768,22.45839],[88.64889,22.45646],[88.65556,22.45459],[88.65827,22.45177],[88.66124,22.45172],[88.66175,22.45095],[88.66046,22.45003],[88.65871,22.4497],[88.65778,22.44882],[88.65777,22.44759],[88.65885,22.44693],[88.65995,22.44476],[88.6606,22.44476],[88.6634,22.44686],[88.66398,22.44588],[88.66285,22.44403],[88.66353,22.44374],[88.67204,22.44479],[88.66944,22.43353],[88.6732,22.43343],[88.67401,22.43207],[88.67451,22.43209],[88.67785,22.42818],[88.67827,22.42452],[88.67943,22.42365],[88.68498,22.4226],[88.6847,22.41965],[88.67937,22.41528],[88.6789,22.41334],[88.67927,22.4057],[88.682,22.40272],[88.68358,22.39827],[88.67875,22.39759],[88.67348,22.3976],[88.67383,22.39599],[88.67217,22.39189],[88.67353,22.38707],[88.67022,22.38748],[88.66915,22.38692],[88.64577,22.3871],[88.63865,22.38762],[88.63644,22.38876],[88.62975,22.40013],[88.62834,22.39841],[88.628,22.39697],[88.62631,22.3951],[88.62574,22.39847],[88.62376,22.40005],[88.62051,22.40128],[88.61916,22.39946]]]}},{"type":"Feature","bbox":[88.18052,22.2373,88.21348,22.27373],"properties":{"kind":"gp","gp":"Sarisa","block":"Diamond Harbour-II","lgd":108101},"geometry":{"type":"Polygon","coordinates":[[[88.19308,22.23974],[88.19306,22.2391],[88.19043,22.2373],[88.18934,22.23821],[88.18864,22.23765],[88.18726,22.2375],[88.18705,22.23902],[88.18518,22.23925],[88.18469,22.23889],[88.18323,22.24316],[88.18306,22.24475],[88.18345,22.24529],[88.18305,22.24666],[88.18377,22.25124],[88.18329,22.25139],[88.18323,22.25231],[88.18259,22.25255],[88.1824,22.25394],[88.18175,22.25454],[88.1826,22.25502],[88.18204,22.25834],[88.18127,22.25945],[88.1816,22.26213],[88.18106,22.26255],[88.18153,22.26309],[88.18083,22.26361],[88.18052,22.26479],[88.1818,22.2647],[88.18203,22.26588],[88.18255,22.26626],[88.18185,22.26681],[88.18165,22.26799],[88.18199,22.27201],[88.18498,22.27373],[88.18925,22.27329],[88.19257,22.27372],[88.1936,22.27236],[88.19366,22.27117],[88.19484,22.27177],[88.19692,22.27114],[88.19758,22.27177],[88.19797,22.27097],[88.19947,22.27152],[88.19983,22.27315],[88.20065,22.27319],[88.20521,22.26742],[88.20972,22.26658],[88.20999,22.26479],[88.20723,22.26339],[88.20795,22.26343],[88.20939,22.26254],[88.2096,22.26106],[88.2104,22.26114],[88.21261,22.25903],[88.21263,22.25835],[88.21148,22.25828],[88.21124,22.25403],[88.21171,22.25375],[88.2129,22.25011],[88.21154,22.24988],[88.2115,22.24832],[88.21204,22.24553],[88.21291,22.24548],[88.21348,22.24325],[88.21269,22.23879],[88.20692,22.23919],[88.20559,22.2383],[88.20113,22.24066],[88.19605,22.2414],[88.19589,22.24023],[88.19504,22.2402],[88.19498,22.24094],[88.19438,22.24097],[88.19308,22.23974]]]}},{"type":"Feature","bbox":[88.15819,22.3793,88.19488,22.4176],"properties":{"kind":"gp","gp":"Satgachhia","block":"Budge Budge-II","lgd":108065},"geometry":{"type":"Polygon","coordinates":[[[88.19293,22.38328],[88.19366,22.38355],[88.19488,22.38303],[88.19195,22.38111],[88.18796,22.38011],[88.18653,22.37932],[88.18536,22.3793],[88.18356,22.38016],[88.18024,22.38281],[88.18,22.384],[88.17725,22.38436],[88.17064,22.38353],[88.1698,22.38442],[88.16866,22.38415],[88.16785,22.38307],[88.16613,22.38219],[88.1662,22.38017],[88.16546,22.37999],[88.16448,22.38085],[88.16128,22.37963],[88.15978,22.38059],[88.1583,22.38062],[88.15819,22.38194],[88.15914,22.3835],[88.15887,22.38508],[88.15968,22.38616],[88.15915,22.3864],[88.15916,22.38693],[88.15973,22.38755],[88.16225,22.38978],[88.16632,22.38989],[88.16672,22.39051],[88.168,22.39063],[88.17209,22.39351],[88.16975,22.39749],[88.16842,22.39819],[88.16878,22.39878],[88.16806,22.39951],[88.16819,22.39999],[88.16567,22.40229],[88.16601,22.40305],[88.16803,22.40264],[88.16935,22.40311],[88.16661,22.40503],[88.16848,22.40772],[88.16941,22.41083],[88.16992,22.41078],[88.17031,22.4116],[88.17247,22.41217],[88.17253,22.41256],[88.17117,22.41265],[88.17065,22.41321],[88.17069,22.41464],[88.16982,22.41499],[88.16888,22.41465],[88.16894,22.41536],[88.17019,22.41573],[88.17095,22.41736],[88.17475,22.4176],[88.17741,22.41704],[88.1777,22.41641],[88.17861,22.41688],[88.18026,22.41502],[88.1817,22.41484],[88.18265,22.41316],[88.1823,22.41241],[88.18045,22.41184],[88.18037,22.41084],[88.18147,22.4108],[88.18216,22.41129],[88.18349,22.41063],[88.18481,22.40912],[88.18474,22.40847],[88.18547,22.40822],[88.18547,22.40597],[88.18519,22.40477],[88.18443,22.40414],[88.18416,22.40207],[88.18126,22.4],[88.18063,22.39801],[88.18139,22.39814],[88.18062,22.39421],[88.17752,22.39408],[88.17718,22.39346],[88.17748,22.39265],[88.17952,22.39238],[88.18017,22.39302],[88.18156,22.39301],[88.18227,22.39129],[88.18215,22.39009],[88.18558,22.39053],[88.18803,22.38994],[88.18893,22.38894],[88.19082,22.3885],[88.19215,22.38639],[88.19125,22.38466],[88.19277,22.38396],[88.19293,22.38328]]]}},{"type":"Feature","bbox":[88.82276,22.11701,88.8998,22.17173],"properties":{"kind":"gp","gp":"Satjelia","block":"Basanti","lgd":108127},"geometry":{"type":"Polygon","coordinates":[[[88.86526,22.14103],[88.86696,22.1394],[88.86638,22.13732],[88.86712,22.13618],[88.86609,22.13231],[88.86691,22.12894],[88.86615,22.12822],[88.86781,22.12615],[88.86762,22.12502],[88.86466,22.12256],[88.86329,22.12254],[88.86197,22.12157],[88.8594,22.12167],[88.85755,22.11862],[88.85431,22.11701],[88.84781,22.11973],[88.84533,22.12357],[88.84328,22.12575],[88.84195,22.12404],[88.8341,22.12584],[88.82276,22.12666],[88.82347,22.12949],[88.825,22.13256],[88.82768,22.13494],[88.82927,22.13576],[88.83124,22.13646],[88.8379,22.13607],[88.84066,22.13229],[88.84645,22.13842],[88.85028,22.14002],[88.85788,22.14139],[88.85914,22.14213],[88.86099,22.1444],[88.86153,22.14595],[88.86046,22.14956],[88.85858,22.15086],[88.85679,22.1513],[88.85247,22.15065],[88.85511,22.15231],[88.85571,22.15472],[88.85549,22.15636],[88.85485,22.15745],[88.84986,22.16145],[88.84871,22.16478],[88.84931,22.16953],[88.8505,22.17014],[88.85297,22.17018],[88.85916,22.16839],[88.86573,22.16747],[88.86943,22.16793],[88.8715,22.17084],[88.87994,22.17092],[88.88093,22.17173],[88.8824,22.16997],[88.88666,22.16663],[88.88557,22.16359],[88.89039,22.15921],[88.89105,22.15828],[88.89099,22.15669],[88.89141,22.15598],[88.89936,22.14898],[88.8998,22.14791],[88.89979,22.14289],[88.89391,22.14555],[88.89185,22.14591],[88.89091,22.14839],[88.88992,22.14983],[88.88901,22.15018],[88.88621,22.14929],[88.88449,22.14656],[88.88375,22.14622],[88.88072,22.14683],[88.87807,22.14565],[88.87248,22.14909],[88.87188,22.14898],[88.86906,22.14543],[88.86926,22.14442],[88.86526,22.14103]]]}},{"type":"Feature","bbox":[88.78167,22.21406,88.82635,22.28618],"properties":{"kind":"gp","gp":"Shambhunagar","block":"Basanti","lgd":108128},"geometry":{"type":"Polygon","coordinates":[[[88.8037,22.21457],[88.79334,22.22112],[88.79368,22.22459],[88.79158,22.23094],[88.79034,22.23202],[88.78723,22.23225],[88.78563,22.23397],[88.78452,22.23537],[88.78401,22.23761],[88.78167,22.24268],[88.78237,22.24413],[88.78438,22.24625],[88.78497,22.24861],[88.78727,22.25092],[88.79135,22.25117],[88.79221,22.25183],[88.79267,22.25377],[88.79192,22.25573],[88.79215,22.25663],[88.79019,22.25873],[88.79149,22.25952],[88.79261,22.26269],[88.7939,22.26927],[88.7934,22.27166],[88.79415,22.2771],[88.79951,22.27776],[88.80451,22.28244],[88.80556,22.28618],[88.81321,22.28608],[88.8159,22.28434],[88.81657,22.28313],[88.81705,22.27938],[88.81695,22.27766],[88.81522,22.27682],[88.81474,22.27218],[88.81381,22.26952],[88.81459,22.26521],[88.81577,22.26394],[88.81708,22.26355],[88.81912,22.26352],[88.82404,22.26532],[88.82518,22.26524],[88.82599,22.26457],[88.82635,22.25443],[88.82608,22.25373],[88.82489,22.25312],[88.82493,22.25212],[88.82572,22.25164],[88.8261,22.25068],[88.82493,22.24472],[88.82532,22.24163],[88.82627,22.24096],[88.82451,22.23917],[88.82129,22.23711],[88.81766,22.23209],[88.81872,22.23154],[88.81655,22.22937],[88.81266,22.22873],[88.81084,22.22692],[88.8064,22.22708],[88.80329,22.22631],[88.80095,22.22664],[88.80062,22.22589],[88.80518,22.22277],[88.80717,22.21724],[88.80549,22.21423],[88.80389,22.21406],[88.8037,22.21457]]]}},{"type":"Feature","bbox":[88.29688,21.98652,88.36366,22.03469],"properties":{"kind":"gp","gp":"Shankarpur","block":"Mathurapur I","lgd":108228},"geometry":{"type":"Polygon","coordinates":[[[88.29758,21.9986],[88.29963,22.00353],[88.29947,22.00546],[88.29688,22.0104],[88.29688,22.01281],[88.30068,22.01936],[88.30116,22.0209],[88.30685,22.02402],[88.30839,22.02575],[88.30574,22.03124],[88.30852,22.03335],[88.30875,22.03406],[88.3106,22.03469],[88.31154,22.0342],[88.31172,22.03314],[88.31244,22.03272],[88.31538,22.03425],[88.31921,22.0341],[88.3199,22.0325],[88.319,22.03034],[88.31881,22.02705],[88.31834,22.02578],[88.31691,22.02512],[88.31913,22.02452],[88.31973,22.02382],[88.3214,22.02368],[88.32258,22.02414],[88.32415,22.02315],[88.32189,22.02156],[88.31807,22.02174],[88.31344,22.01704],[88.31123,22.01668],[88.31126,22.01554],[88.3105,22.01403],[88.31475,22.01356],[88.31604,22.01197],[88.31974,22.01136],[88.32024,22.01009],[88.32185,22.00936],[88.32475,22.0111],[88.32642,22.01115],[88.32709,22.01168],[88.32765,22.01318],[88.33188,22.01521],[88.33182,22.01582],[88.33275,22.01616],[88.33319,22.01766],[88.33391,22.01804],[88.33697,22.01715],[88.33857,22.01798],[88.34001,22.01709],[88.34291,22.01794],[88.34733,22.0147],[88.35403,22.01072],[88.35411,22.0081],[88.35517,22.00625],[88.35755,22.00521],[88.3596,22.00526],[88.36107,22.00606],[88.36224,22.00593],[88.36366,22.0041],[88.36163,22.00279],[88.35411,22.00063],[88.35092,22.00108],[88.3461,22.00074],[88.34499,21.9996],[88.3442,21.99964],[88.34394,22.00053],[88.34298,21.99964],[88.34207,21.99959],[88.34139,22.00035],[88.3399,22.00046],[88.33822,22.00185],[88.33805,22.00775],[88.33453,22.01242],[88.33357,22.01152],[88.33482,22.00872],[88.33092,22.00623],[88.33062,22.00261],[88.33119,22.00045],[88.33094,21.99917],[88.32678,21.99322],[88.3245,21.98913],[88.3238,21.98652],[88.31946,21.98697],[88.31398,21.98924],[88.31423,21.9939],[88.31519,21.99545],[88.30825,21.9969],[88.30638,21.99663],[88.29758,21.9986]]]}},{"type":"Feature","bbox":[88.41012,22.29086,88.46474,22.32225],"properties":{"kind":"gp","gp":"Shankarpur-I","block":"Baruipur","lgd":107991},"geometry":{"type":"Polygon","coordinates":[[[88.44311,22.29335],[88.43545,22.29139],[88.43034,22.29086],[88.42713,22.29252],[88.42059,22.29238],[88.41983,22.29291],[88.41921,22.29588],[88.4186,22.29643],[88.41735,22.29653],[88.4161,22.29835],[88.41385,22.29885],[88.41381,22.30157],[88.41274,22.30231],[88.41299,22.30467],[88.41012,22.30637],[88.41219,22.30887],[88.41438,22.3088],[88.41524,22.30959],[88.41339,22.31247],[88.41413,22.31395],[88.41668,22.3142],[88.41726,22.31552],[88.41824,22.31553],[88.42284,22.31956],[88.42327,22.31898],[88.42582,22.31947],[88.42641,22.31854],[88.43126,22.31833],[88.43123,22.31754],[88.43313,22.31739],[88.43335,22.3185],[88.43268,22.32225],[88.43424,22.32181],[88.43422,22.32097],[88.44142,22.32121],[88.44223,22.32101],[88.44183,22.31833],[88.44304,22.31672],[88.44544,22.31528],[88.44729,22.31479],[88.44748,22.31405],[88.44969,22.314],[88.45397,22.31483],[88.45491,22.31416],[88.45791,22.31079],[88.45847,22.30846],[88.45954,22.30652],[88.46286,22.30453],[88.46413,22.30294],[88.46474,22.29806],[88.46425,22.29728],[88.46451,22.2963],[88.46256,22.29477],[88.4606,22.29669],[88.4603,22.29842],[88.45312,22.30271],[88.45065,22.3008],[88.44852,22.29745],[88.44621,22.29489],[88.44311,22.29335]]]}},{"type":"Feature","bbox":[88.42514,22.27058,88.46307,22.30271],"properties":{"kind":"gp","gp":"Shankarpur-Ii","block":"Baruipur","lgd":107992},"geometry":{"type":"Polygon","coordinates":[[[88.44002,22.27506],[88.43969,22.27263],[88.44028,22.27166],[88.43948,22.27058],[88.43694,22.27292],[88.43158,22.27593],[88.43177,22.27793],[88.43316,22.28206],[88.43223,22.28312],[88.43073,22.28294],[88.42817,22.281],[88.42771,22.28093],[88.42661,22.28201],[88.42618,22.2843],[88.42772,22.28931],[88.42549,22.28994],[88.42514,22.29248],[88.42713,22.29252],[88.43034,22.29086],[88.43545,22.29139],[88.44311,22.29335],[88.44724,22.29579],[88.45065,22.3008],[88.45312,22.30271],[88.45563,22.30094],[88.45929,22.29926],[88.4603,22.29842],[88.4606,22.29669],[88.46307,22.29435],[88.46171,22.2944],[88.46013,22.29378],[88.45832,22.29393],[88.45756,22.29196],[88.45839,22.29126],[88.4586,22.29032],[88.45729,22.28913],[88.45697,22.28805],[88.45797,22.28818],[88.45769,22.28724],[88.457,22.28624],[88.45608,22.28604],[88.45527,22.28454],[88.45445,22.28466],[88.45423,22.28369],[88.45425,22.28311],[88.45575,22.28297],[88.45525,22.28071],[88.4575,22.28012],[88.45835,22.28015],[88.45892,22.28081],[88.46018,22.28048],[88.45968,22.27911],[88.45913,22.27842],[88.45786,22.27932],[88.4543,22.27994],[88.45381,22.27927],[88.452,22.2795],[88.45167,22.28],[88.45088,22.27974],[88.45098,22.28071],[88.4496,22.28063],[88.44897,22.27993],[88.44787,22.28],[88.44774,22.27946],[88.44692,22.27932],[88.44654,22.28001],[88.44462,22.2799],[88.44384,22.27798],[88.44079,22.27655],[88.44002,22.27506]]]}},{"type":"Feature","bbox":[88.56072,22.44049,88.59935,22.47955],"properties":{"kind":"gp","gp":"Shanksahar","block":"Bhangar-I","lgd":108016},"geometry":{"type":"Polygon","coordinates":[[[88.59666,22.45446],[88.59771,22.45438],[88.59728,22.45368],[88.59786,22.45262],[88.59796,22.44898],[88.59888,22.44824],[88.59663,22.44537],[88.59506,22.44201],[88.59322,22.44192],[88.58934,22.44049],[88.58923,22.44086],[88.58791,22.4408],[88.58728,22.44184],[88.58522,22.44193],[88.58425,22.44109],[88.58177,22.44223],[88.58129,22.44171],[88.57944,22.4429],[88.5793,22.44513],[88.5785,22.44591],[88.57794,22.44596],[88.57774,22.4451],[88.57861,22.44416],[88.57817,22.44365],[88.57765,22.44452],[88.57685,22.44454],[88.57681,22.44385],[88.57569,22.44319],[88.57486,22.44432],[88.57557,22.44438],[88.57505,22.44564],[88.57343,22.44662],[88.57283,22.44618],[88.57222,22.44647],[88.57251,22.44841],[88.57327,22.44843],[88.57193,22.45041],[88.56799,22.45153],[88.56848,22.45278],[88.56758,22.45342],[88.56769,22.45389],[88.5668,22.45435],[88.56651,22.45514],[88.56504,22.45568],[88.5656,22.45622],[88.56322,22.45793],[88.56165,22.45977],[88.56138,22.46063],[88.56214,22.4617],[88.56072,22.46277],[88.56083,22.46325],[88.56225,22.46255],[88.56373,22.46452],[88.56598,22.46431],[88.56645,22.4651],[88.56888,22.46563],[88.57032,22.46572],[88.57016,22.46454],[88.57168,22.46457],[88.57252,22.46647],[88.57211,22.46733],[88.57007,22.46747],[88.5698,22.46884],[88.57128,22.46867],[88.57142,22.46915],[88.57044,22.46997],[88.57109,22.47151],[88.57399,22.47108],[88.57429,22.47131],[88.57383,22.47226],[88.57581,22.47353],[88.57539,22.47521],[88.57767,22.47464],[88.57935,22.47552],[88.58044,22.47532],[88.58021,22.47628],[88.58122,22.4765],[88.58008,22.47842],[88.58137,22.47832],[88.58424,22.47955],[88.58378,22.47763],[88.58541,22.47646],[88.58563,22.47565],[88.58514,22.47484],[88.58581,22.47452],[88.5858,22.47406],[88.58698,22.47383],[88.58774,22.47426],[88.58867,22.47337],[88.59079,22.47346],[88.59138,22.47262],[88.59459,22.47206],[88.59469,22.47166],[88.59358,22.47134],[88.59345,22.47026],[88.59535,22.46987],[88.59548,22.47042],[88.5961,22.47052],[88.59851,22.46992],[88.59824,22.46611],[88.59847,22.46527],[88.59935,22.46519],[88.5992,22.4646],[88.59682,22.46459],[88.59639,22.4631],[88.59731,22.46008],[88.59889,22.45834],[88.59682,22.45631],[88.59569,22.45663],[88.59533,22.45569],[88.59422,22.45661],[88.59666,22.45446]]]}},{"type":"Feature","bbox":[88.56959,22.51391,88.61256,22.59634],"properties":{"kind":"gp","gp":"Shanpukur","block":"Bhangar-II","lgd":108027},"geometry":{"type":"Polygon","coordinates":[[[88.57315,22.52102],[88.57387,22.52149],[88.57594,22.52621],[88.57606,22.52747],[88.57798,22.53084],[88.57761,22.53144],[88.57791,22.53462],[88.57956,22.53671],[88.5776,22.53771],[88.57387,22.53852],[88.57366,22.5391],[88.574,22.54793],[88.57608,22.55562],[88.57411,22.55726],[88.57279,22.55772],[88.57212,22.55733],[88.56959,22.55895],[88.57214,22.56348],[88.57218,22.56455],[88.57346,22.56694],[88.57296,22.56757],[88.57565,22.56788],[88.57537,22.56856],[88.57985,22.57202],[88.58051,22.57307],[88.57947,22.57308],[88.57898,22.57412],[88.57898,22.57582],[88.58066,22.57782],[88.57981,22.57877],[88.58025,22.57909],[88.58146,22.57772],[88.58203,22.57788],[88.58237,22.57654],[88.58311,22.57674],[88.58284,22.57813],[88.58327,22.57805],[88.58348,22.57723],[88.5848,22.57805],[88.58406,22.57958],[88.58507,22.57973],[88.58661,22.57814],[88.58779,22.5784],[88.58667,22.58086],[88.58747,22.58108],[88.58883,22.58342],[88.59137,22.58213],[88.59221,22.583],[88.59301,22.5828],[88.59542,22.58888],[88.5962,22.58877],[88.59746,22.59057],[88.59786,22.59241],[88.59639,22.59295],[88.59437,22.59218],[88.59004,22.59193],[88.58838,22.59349],[88.58758,22.59532],[88.58957,22.59511],[88.5903,22.59634],[88.59189,22.59622],[88.59144,22.5945],[88.59364,22.5937],[88.59586,22.59457],[88.59623,22.59622],[88.59928,22.59605],[88.60052,22.59242],[88.60482,22.59234],[88.60624,22.59203],[88.60706,22.59102],[88.60946,22.59165],[88.61108,22.59156],[88.61153,22.59129],[88.61145,22.59028],[88.61256,22.58768],[88.61126,22.57767],[88.60906,22.57747],[88.6077,22.57459],[88.60694,22.57474],[88.60716,22.57561],[88.60531,22.57574],[88.60472,22.57334],[88.60309,22.5729],[88.60289,22.57178],[88.60403,22.57057],[88.60521,22.57015],[88.60521,22.5696],[88.60388,22.56954],[88.60344,22.56679],[88.60266,22.56559],[88.60321,22.5632],[88.6031,22.55927],[88.60442,22.5589],[88.6036,22.55829],[88.60325,22.55461],[88.60432,22.55399],[88.60297,22.55389],[88.60272,22.55316],[88.60375,22.55291],[88.60343,22.55226],[88.6028,22.55223],[88.60308,22.54975],[88.60155,22.5494],[88.60171,22.54893],[88.60293,22.54846],[88.60254,22.54735],[88.60275,22.54677],[88.60371,22.54635],[88.60386,22.54532],[88.60457,22.54465],[88.6045,22.54372],[88.60371,22.54352],[88.60334,22.54219],[88.60167,22.54217],[88.60123,22.54091],[88.60149,22.54048],[88.60034,22.53936],[88.59753,22.53999],[88.59617,22.53956],[88.59916,22.53497],[88.59939,22.53196],[88.59889,22.52997],[88.5998,22.5278],[88.60092,22.52715],[88.6004,22.5239],[88.59967,22.52401],[88.59926,22.52479],[88.59787,22.52461],[88.59816,22.52395],[88.59739,22.5225],[88.59396,22.52394],[88.59373,22.52351],[88.59082,22.52434],[88.59046,22.52371],[88.5885,22.52354],[88.58792,22.52432],[88.58803,22.52601],[88.58694,22.52643],[88.58691,22.52739],[88.58433,22.52845],[88.58403,22.52805],[88.58267,22.52827],[88.58139,22.52484],[88.58121,22.51992],[88.57945,22.51541],[88.57763,22.51572],[88.57674,22.51391],[88.57609,22.51395],[88.57619,22.5146],[88.57563,22.51528],[88.57206,22.51677],[88.57227,22.51803],[88.57179,22.51833],[88.57315,22.52102]]]}},{"type":"Feature","bbox":[88.28207,22.30212,88.32328,22.33388],"properties":{"kind":"gp","gp":"Sherpur","block":"Magra Hat-I","lgd":108190},"geometry":{"type":"Polygon","coordinates":[[[88.32328,22.30688],[88.32293,22.30579],[88.32095,22.30461],[88.31997,22.30215],[88.31842,22.30212],[88.31426,22.30464],[88.31309,22.30406],[88.31269,22.30474],[88.30979,22.3047],[88.30359,22.30602],[88.30333,22.30625],[88.30411,22.30777],[88.30334,22.30866],[88.30356,22.30985],[88.30475,22.30956],[88.30529,22.30987],[88.30495,22.31096],[88.3033,22.31095],[88.30327,22.31267],[88.30044,22.31232],[88.3006,22.31072],[88.29818,22.31033],[88.29743,22.30835],[88.29656,22.30955],[88.29578,22.30966],[88.29531,22.30787],[88.29355,22.3075],[88.29246,22.3048],[88.28935,22.30551],[88.28834,22.30643],[88.28931,22.30681],[88.28939,22.30803],[88.28888,22.3084],[88.28564,22.30838],[88.2855,22.30774],[88.28482,22.30797],[88.28442,22.30903],[88.28207,22.30971],[88.28238,22.3109],[88.28336,22.31106],[88.28429,22.31505],[88.28636,22.31666],[88.28736,22.31629],[88.28761,22.31658],[88.28824,22.31855],[88.28764,22.31897],[88.28823,22.32138],[88.29017,22.32083],[88.2904,22.3212],[88.29382,22.32093],[88.29585,22.32036],[88.2962,22.32081],[88.29511,22.32227],[88.29537,22.32347],[88.29102,22.32351],[88.29077,22.32586],[88.29228,22.32777],[88.29263,22.32918],[88.29386,22.32856],[88.29458,22.32941],[88.29696,22.32901],[88.29776,22.33016],[88.29877,22.33024],[88.30117,22.32901],[88.30253,22.32979],[88.30374,22.3314],[88.30626,22.33237],[88.31205,22.33199],[88.31291,22.33285],[88.31429,22.3328],[88.31387,22.33358],[88.31485,22.33388],[88.3167,22.33306],[88.3193,22.33363],[88.32056,22.33249],[88.31904,22.33038],[88.3182,22.33032],[88.31832,22.32906],[88.31876,22.32836],[88.31996,22.32848],[88.32048,22.32757],[88.31805,22.32471],[88.31881,22.32392],[88.31803,22.32152],[88.3185,22.32126],[88.31796,22.31888],[88.31897,22.31768],[88.31817,22.3142],[88.3208,22.31358],[88.3205,22.3103],[88.31965,22.30822],[88.32328,22.30688]]]}},{"type":"Feature","bbox":[88.19923,21.60694,88.28835,21.70968],"properties":{"kind":"gp","gp":"Shibrampur","block":"Kak Dwip","lgd":108247},"geometry":{"type":"Polygon","coordinates":[[[88.25013,21.63536],[88.25104,21.63354],[88.25441,21.62927],[88.24772,21.62748],[88.24348,21.62543],[88.24154,21.6228],[88.24074,21.61879],[88.24232,21.61491],[88.2456,21.61081],[88.23955,21.60835],[88.23395,21.60694],[88.23086,21.60944],[88.22586,21.61022],[88.22227,21.61194],[88.21934,21.61469],[88.21846,21.61593],[88.21851,21.61683],[88.22047,21.62088],[88.22111,21.62385],[88.22535,21.62763],[88.22887,21.62963],[88.23341,21.63405],[88.23492,21.63671],[88.23559,21.6402],[88.23705,21.6438],[88.23641,21.64446],[88.2357,21.65017],[88.23165,21.65628],[88.23145,21.65812],[88.23256,21.66443],[88.23353,21.66736],[88.233,21.66911],[88.23166,21.6711],[88.22793,21.67489],[88.22456,21.67596],[88.22208,21.67595],[88.2152,21.67455],[88.20805,21.67481],[88.20586,21.67542],[88.20029,21.68135],[88.19975,21.6827],[88.19923,21.68966],[88.20384,21.69139],[88.21134,21.69264],[88.21457,21.69441],[88.21892,21.69811],[88.21956,21.69942],[88.22398,21.6995],[88.22646,21.70012],[88.22996,21.70214],[88.23617,21.70896],[88.23907,21.70968],[88.24686,21.70877],[88.25011,21.7062],[88.2423,21.68797],[88.24206,21.68496],[88.24341,21.68113],[88.24573,21.68133],[88.25159,21.67899],[88.25505,21.6799],[88.25688,21.67983],[88.25712,21.67932],[88.26548,21.67615],[88.26597,21.67492],[88.2668,21.67431],[88.26942,21.67473],[88.27126,21.67611],[88.27177,21.6777],[88.27264,21.67832],[88.27473,21.67675],[88.28183,21.6757],[88.28364,21.67737],[88.28835,21.67869],[88.28816,21.6782],[88.28381,21.67676],[88.28366,21.67378],[88.28077,21.67465],[88.27831,21.67413],[88.27505,21.67252],[88.26729,21.66455],[88.26268,21.65867],[88.26177,21.65701],[88.26167,21.65425],[88.268,21.64552],[88.2682,21.64387],[88.26679,21.64053],[88.26237,21.63422],[88.25922,21.63214],[88.25508,21.6312],[88.25262,21.63283],[88.24948,21.63833],[88.25013,21.63536]]]}},{"type":"Feature","bbox":[88.41758,22.31739,88.44917,22.35553],"properties":{"kind":"gp","gp":"Shikharbali-I","block":"Baruipur","lgd":107993},"geometry":{"type":"Polygon","coordinates":[[[88.44917,22.3297],[88.448,22.32545],[88.44871,22.32292],[88.44285,22.32472],[88.44214,22.32432],[88.44142,22.32121],[88.43422,22.32097],[88.43424,22.32181],[88.43268,22.32225],[88.43335,22.3185],[88.43313,22.31739],[88.43123,22.31754],[88.43126,22.31833],[88.43046,22.31848],[88.42641,22.31854],[88.42582,22.31947],[88.42327,22.31898],[88.42284,22.31956],[88.42316,22.3198],[88.42291,22.32088],[88.42233,22.3217],[88.42148,22.3217],[88.42145,22.32294],[88.42089,22.32315],[88.4214,22.32506],[88.42089,22.32613],[88.41995,22.32639],[88.41967,22.32865],[88.42253,22.32961],[88.42288,22.33076],[88.42233,22.33184],[88.4209,22.33257],[88.41932,22.33223],[88.41859,22.33352],[88.41758,22.3339],[88.41797,22.33548],[88.41891,22.33601],[88.4178,22.33714],[88.41905,22.33783],[88.41909,22.3387],[88.42102,22.34005],[88.42021,22.34157],[88.42043,22.34288],[88.42347,22.34274],[88.42307,22.3408],[88.4238,22.34032],[88.4256,22.34057],[88.42575,22.34315],[88.42562,22.34394],[88.42364,22.34477],[88.42335,22.34545],[88.42219,22.34569],[88.42181,22.34829],[88.41996,22.34798],[88.42062,22.34891],[88.42227,22.34897],[88.42298,22.34975],[88.42124,22.35081],[88.41987,22.35094],[88.41935,22.35225],[88.41875,22.35212],[88.41853,22.35373],[88.4205,22.35307],[88.421,22.35439],[88.42251,22.35449],[88.42284,22.35537],[88.42364,22.35553],[88.42978,22.34949],[88.43126,22.34865],[88.43059,22.34762],[88.42992,22.3474],[88.43082,22.34597],[88.43185,22.34255],[88.43147,22.34171],[88.43266,22.34139],[88.43429,22.34217],[88.43532,22.34027],[88.4408,22.34369],[88.44667,22.33964],[88.44681,22.33662],[88.44848,22.33296],[88.44917,22.3297]]]}},{"type":"Feature","bbox":[88.38818,22.31395,88.42316,22.34901],"properties":{"kind":"gp","gp":"Shikharbali-Ii","block":"Baruipur","lgd":107994},"geometry":{"type":"Polygon","coordinates":[[[88.40414,22.31584],[88.40285,22.31846],[88.40129,22.31857],[88.40008,22.31935],[88.39848,22.31895],[88.39648,22.3205],[88.39584,22.32248],[88.39274,22.32283],[88.39228,22.3243],[88.38997,22.32427],[88.3885,22.32696],[88.38884,22.32781],[88.38818,22.33051],[88.38902,22.33102],[88.38867,22.33196],[88.38897,22.33254],[88.38981,22.33246],[88.39099,22.33431],[88.39172,22.33394],[88.39195,22.33572],[88.39054,22.33722],[88.39184,22.33741],[88.39219,22.34034],[88.39276,22.34097],[88.39374,22.3414],[88.39519,22.34124],[88.39627,22.34024],[88.39699,22.34038],[88.39692,22.34092],[88.3979,22.34168],[88.40069,22.34249],[88.40065,22.344],[88.40209,22.34507],[88.40194,22.3462],[88.40521,22.34606],[88.40575,22.34675],[88.40708,22.34691],[88.40741,22.34618],[88.4068,22.34606],[88.40688,22.34549],[88.40814,22.34558],[88.40928,22.34806],[88.41181,22.34726],[88.4122,22.3482],[88.41325,22.34835],[88.41329,22.34896],[88.41427,22.34901],[88.41433,22.34809],[88.4165,22.3479],[88.41699,22.34496],[88.41752,22.34429],[88.41894,22.34431],[88.41938,22.34299],[88.42043,22.34288],[88.42021,22.34157],[88.42102,22.34005],[88.41909,22.3387],[88.41905,22.33783],[88.4178,22.33714],[88.41891,22.33601],[88.41797,22.33548],[88.41758,22.3339],[88.41859,22.33352],[88.41932,22.33223],[88.4209,22.33257],[88.42233,22.33184],[88.42288,22.33076],[88.42253,22.32961],[88.41967,22.32865],[88.41995,22.32639],[88.42089,22.32613],[88.4214,22.32506],[88.42089,22.32315],[88.42145,22.32294],[88.42148,22.3217],[88.42233,22.3217],[88.42291,22.32088],[88.42316,22.3198],[88.41824,22.31553],[88.41726,22.31552],[88.41668,22.3142],[88.41413,22.31395],[88.41477,22.31606],[88.4129,22.31716],[88.40928,22.31724],[88.40806,22.31571],[88.40644,22.31604],[88.40575,22.31537],[88.40414,22.31584]]]}},{"type":"Feature","bbox":[88.26506,22.26564,88.30225,22.30028],"properties":{"kind":"gp","gp":"Shrichanda","block":"Magra Hat-I","lgd":108191},"geometry":{"type":"Polygon","coordinates":[[[88.28599,22.26679],[88.28461,22.26733],[88.28226,22.26564],[88.27782,22.26695],[88.27709,22.26705],[88.27696,22.26615],[88.27447,22.26686],[88.27444,22.2677],[88.27338,22.26773],[88.27309,22.26951],[88.27231,22.26952],[88.27203,22.27052],[88.27143,22.27073],[88.27052,22.27015],[88.26946,22.2751],[88.26767,22.27702],[88.26761,22.27954],[88.26625,22.27927],[88.26506,22.28017],[88.26524,22.28193],[88.26583,22.28289],[88.26571,22.28399],[88.26656,22.28516],[88.26583,22.28584],[88.268,22.28722],[88.26986,22.29015],[88.26991,22.29235],[88.26865,22.29563],[88.26912,22.29761],[88.26888,22.30028],[88.27309,22.29984],[88.27302,22.29839],[88.27484,22.29818],[88.27516,22.29773],[88.27749,22.29817],[88.27955,22.2979],[88.27916,22.2966],[88.2794,22.29564],[88.2813,22.29464],[88.28075,22.29145],[88.28023,22.29113],[88.28046,22.29032],[88.28301,22.28928],[88.2866,22.28938],[88.28707,22.28792],[88.28982,22.28667],[88.2904,22.28859],[88.29032,22.2905],[88.29219,22.29026],[88.29214,22.2892],[88.29324,22.28913],[88.29366,22.29038],[88.29661,22.29143],[88.29747,22.2914],[88.29768,22.29081],[88.30225,22.29099],[88.30179,22.28885],[88.30217,22.28858],[88.30176,22.28754],[88.30043,22.28697],[88.3003,22.28557],[88.30035,22.28345],[88.30093,22.28347],[88.30135,22.28128],[88.29608,22.28005],[88.29398,22.2804],[88.29083,22.279],[88.28999,22.27914],[88.2907,22.27708],[88.29013,22.27446],[88.28849,22.27457],[88.28793,22.27334],[88.28868,22.27138],[88.28849,22.2706],[88.28599,22.26679]]]}},{"type":"Feature","bbox":[88.25288,22.29512,88.2962,22.33554],"properties":{"kind":"gp","gp":"Sirakol","block":"Magra Hat-I","lgd":108192},"geometry":{"type":"Polygon","coordinates":[[[88.28482,22.30797],[88.2855,22.30774],[88.28564,22.30838],[88.28722,22.30863],[88.28888,22.3084],[88.28939,22.30803],[88.28931,22.30681],[88.28834,22.30643],[88.28935,22.30551],[88.29413,22.30453],[88.29486,22.30397],[88.29478,22.30339],[88.29401,22.30344],[88.29397,22.30277],[88.29345,22.30251],[88.29356,22.30176],[88.29072,22.29982],[88.29034,22.29786],[88.28955,22.29658],[88.28865,22.29711],[88.28948,22.29784],[88.28941,22.29855],[88.28373,22.30001],[88.28302,22.29865],[88.28137,22.29895],[88.28099,22.29512],[88.28,22.29517],[88.27916,22.2966],[88.27955,22.2979],[88.27749,22.29817],[88.27516,22.29773],[88.27484,22.29818],[88.27302,22.29839],[88.27309,22.29984],[88.27118,22.29981],[88.27045,22.30028],[88.26888,22.30028],[88.26912,22.29761],[88.26865,22.29563],[88.26793,22.297],[88.26587,22.29732],[88.26547,22.29673],[88.26501,22.29696],[88.2653,22.30007],[88.267,22.30339],[88.26746,22.30337],[88.26793,22.3054],[88.26714,22.30669],[88.26624,22.30662],[88.26476,22.30777],[88.26552,22.31102],[88.26465,22.31139],[88.26474,22.312],[88.26563,22.3122],[88.26654,22.31685],[88.26587,22.31757],[88.26405,22.31817],[88.26258,22.31656],[88.26147,22.31721],[88.26209,22.32159],[88.26313,22.32229],[88.26453,22.32242],[88.26514,22.32359],[88.26428,22.3248],[88.26227,22.32491],[88.2596,22.32301],[88.2566,22.32224],[88.2559,22.3234],[88.2532,22.32387],[88.25288,22.32463],[88.25355,22.32638],[88.25457,22.32641],[88.25461,22.32804],[88.25528,22.32894],[88.25761,22.32899],[88.2579,22.33134],[88.25943,22.33161],[88.26062,22.33075],[88.26093,22.33129],[88.26052,22.33229],[88.25957,22.3325],[88.25997,22.33398],[88.25925,22.33445],[88.25955,22.33492],[88.26261,22.33554],[88.2636,22.33475],[88.26409,22.33353],[88.26906,22.32985],[88.2717,22.33275],[88.27622,22.33205],[88.27804,22.33122],[88.27875,22.32974],[88.27877,22.32834],[88.27985,22.32731],[88.28047,22.32848],[88.28214,22.32912],[88.28463,22.32949],[88.28544,22.32918],[88.28565,22.32986],[88.28832,22.33178],[88.28949,22.33065],[88.29072,22.33051],[88.2909,22.32928],[88.29263,22.32918],[88.29228,22.32777],[88.29077,22.32586],[88.29102,22.32351],[88.29537,22.32347],[88.29511,22.32227],[88.2962,22.32081],[88.29585,22.32036],[88.29382,22.32093],[88.2904,22.3212],[88.29017,22.32083],[88.28823,22.32138],[88.28764,22.31897],[88.28824,22.31855],[88.28761,22.31658],[88.28736,22.31629],[88.28636,22.31666],[88.28429,22.31505],[88.28336,22.31106],[88.28238,22.3109],[88.28207,22.30971],[88.28442,22.30903],[88.28482,22.30797]]]}},{"type":"Feature","bbox":[88.4377,22.40945,88.50906,22.44989],"properties":{"kind":"gp","gp":"Sonarpur-Ii","block":"Sonarpur","lgd":108282},"geometry":{"type":"MultiPolygon","coordinates":[[[[88.50313,22.41863],[88.50319,22.42016],[88.50434,22.41999],[88.50775,22.41686],[88.50906,22.41672],[88.50744,22.41272],[88.50722,22.41001],[88.50655,22.40945],[88.50423,22.40955],[88.50252,22.41038],[88.5009,22.41201],[88.50022,22.41194],[88.50032,22.41361],[88.50138,22.41446],[88.50247,22.41769],[88.502,22.41779],[88.50122,22.41639],[88.50049,22.41801],[88.50094,22.41875],[88.50313,22.41863]]],[[[88.46718,22.41997],[88.46718,22.419],[88.46525,22.41636],[88.46359,22.41691],[88.46329,22.41628],[88.46244,22.41667],[88.46248,22.4173],[88.46178,22.41749],[88.46153,22.41814],[88.46091,22.41763],[88.46064,22.41644],[88.46001,22.41629],[88.45992,22.41705],[88.4592,22.41682],[88.45662,22.41757],[88.45667,22.41839],[88.45624,22.41868],[88.45477,22.41807],[88.45354,22.41817],[88.45038,22.41913],[88.44868,22.42049],[88.44708,22.42025],[88.44642,22.41899],[88.44187,22.42014],[88.44103,22.41893],[88.44048,22.41896],[88.44079,22.41979],[88.43997,22.42013],[88.43953,22.41919],[88.43912,22.41933],[88.4395,22.42064],[88.43782,22.42091],[88.43798,22.42197],[88.43895,22.42324],[88.43834,22.42375],[88.43961,22.42438],[88.43948,22.42498],[88.44108,22.42625],[88.44113,22.42695],[88.44052,22.42735],[88.43957,22.42696],[88.4377,22.42821],[88.43882,22.42977],[88.44014,22.42988],[88.4401,22.43069],[88.44096,22.43215],[88.44173,22.43229],[88.44205,22.43132],[88.44385,22.42982],[88.4454,22.43021],[88.44576,22.43082],[88.44872,22.43058],[88.44921,22.42884],[88.45039,22.42868],[88.45039,22.42765],[88.45137,22.42686],[88.45232,22.42665],[88.4543,22.43056],[88.45538,22.43054],[88.45801,22.43014],[88.45959,22.42876],[88.45963,22.42803],[88.4612,22.42693],[88.46266,22.42782],[88.46348,22.42746],[88.46278,22.42653],[88.46215,22.42677],[88.46195,22.42602],[88.46717,22.42565],[88.46741,22.42633],[88.46878,22.42699],[88.46676,22.42864],[88.46605,22.43134],[88.4642,22.43242],[88.46515,22.43719],[88.4623,22.43766],[88.46145,22.43904],[88.46261,22.4403],[88.46196,22.44073],[88.46206,22.44352],[88.46474,22.44337],[88.4662,22.44426],[88.46829,22.44443],[88.46975,22.44403],[88.47072,22.44544],[88.47331,22.44331],[88.47528,22.44526],[88.47604,22.44462],[88.47897,22.44519],[88.47936,22.44206],[88.48203,22.44055],[88.4805,22.43713],[88.4788,22.43503],[88.47649,22.43397],[88.47553,22.43276],[88.47565,22.42849],[88.47507,22.42762],[88.46967,22.42711],[88.46779,22.41991],[88.46718,22.41997]]],[[[88.44595,22.44533],[88.44566,22.44743],[88.44641,22.44753],[88.4466,22.44989],[88.45095,22.44839],[88.45022,22.44549],[88.45194,22.44472],[88.45188,22.44371],[88.45308,22.44325],[88.45261,22.44115],[88.45533,22.43854],[88.45478,22.43571],[88.44133,22.43957],[88.44114,22.44091],[88.44285,22.44441],[88.44595,22.44533]]]]}},{"type":"Feature","bbox":[88.19203,22.4087,88.21737,22.44857],"properties":{"kind":"gp","gp":"South Bawali","block":"Budge Budge-II","lgd":108066},"geometry":{"type":"Polygon","coordinates":[[[88.20667,22.4106],[88.2061,22.40897],[88.2054,22.4087],[88.2053,22.40931],[88.20383,22.40947],[88.2037,22.40879],[88.20292,22.40913],[88.20257,22.4087],[88.20075,22.41005],[88.19993,22.40962],[88.19894,22.41015],[88.19849,22.40924],[88.19767,22.40993],[88.19716,22.40969],[88.19575,22.4112],[88.19253,22.4116],[88.19203,22.4127],[88.1952,22.41592],[88.19542,22.41744],[88.19292,22.4196],[88.19337,22.42178],[88.19574,22.42474],[88.19506,22.42519],[88.19793,22.42667],[88.19773,22.42843],[88.19855,22.42867],[88.2017,22.44453],[88.20617,22.44472],[88.20647,22.44614],[88.20861,22.44676],[88.20882,22.44793],[88.21086,22.44857],[88.21107,22.4469],[88.21179,22.44583],[88.2135,22.44615],[88.21589,22.44514],[88.2159,22.44424],[88.21737,22.44381],[88.21726,22.44263],[88.21638,22.44201],[88.21668,22.44089],[88.21541,22.44047],[88.21501,22.43754],[88.21384,22.43835],[88.21289,22.43809],[88.21278,22.43591],[88.21039,22.4344],[88.21013,22.43238],[88.20947,22.43233],[88.20879,22.43091],[88.20763,22.43092],[88.2073,22.42901],[88.211,22.42832],[88.21022,22.42639],[88.2111,22.42596],[88.21085,22.42496],[88.20765,22.42462],[88.20745,22.42303],[88.20891,22.42289],[88.20965,22.42233],[88.20921,22.42105],[88.20945,22.41852],[88.20884,22.41771],[88.20919,22.41731],[88.20897,22.41582],[88.20956,22.41575],[88.21006,22.41375],[88.20877,22.41322],[88.2084,22.41085],[88.20667,22.4106]]]}},{"type":"Feature","bbox":[88.4609,22.38125,88.48594,22.42306],"properties":{"kind":"gp","gp":"South Garia","block":"Baruipur","lgd":107995},"geometry":{"type":"Polygon","coordinates":[[[88.47776,22.3847],[88.47692,22.38434],[88.47688,22.38294],[88.47495,22.38282],[88.47441,22.38145],[88.47291,22.38125],[88.46799,22.38273],[88.46734,22.38409],[88.46465,22.38488],[88.46537,22.38707],[88.46527,22.38818],[88.46399,22.38896],[88.46431,22.39184],[88.46214,22.39387],[88.46252,22.39592],[88.46217,22.39736],[88.46289,22.3987],[88.46196,22.39954],[88.46227,22.4015],[88.4609,22.40241],[88.4614,22.40503],[88.46103,22.40567],[88.46317,22.41062],[88.46373,22.41155],[88.46456,22.41179],[88.46579,22.41602],[88.46525,22.41636],[88.46718,22.419],[88.46718,22.41997],[88.46779,22.41991],[88.4687,22.42306],[88.46933,22.42303],[88.46902,22.42147],[88.46953,22.42072],[88.46935,22.41842],[88.47016,22.41744],[88.47344,22.41577],[88.47133,22.41128],[88.47274,22.41141],[88.47282,22.41271],[88.47353,22.41266],[88.47441,22.41128],[88.47607,22.4108],[88.47593,22.41008],[88.47738,22.40994],[88.47792,22.41121],[88.47981,22.41226],[88.48042,22.41213],[88.48031,22.41153],[88.47971,22.41129],[88.4804,22.41035],[88.48594,22.40664],[88.48459,22.40499],[88.48463,22.40346],[88.48377,22.4021],[88.48431,22.40088],[88.48367,22.3998],[88.48293,22.39983],[88.48252,22.3977],[88.48326,22.39716],[88.48264,22.39473],[88.48089,22.39404],[88.47998,22.3944],[88.4796,22.39279],[88.47888,22.3927],[88.47862,22.3891],[88.47779,22.38892],[88.47833,22.38685],[88.47723,22.38661],[88.478,22.38552],[88.47776,22.3847]]]}},{"type":"Feature","bbox":[88.16322,21.86356,88.18956,21.9028],"properties":{"kind":"gp","gp":"Sri Sri Ramkrishna","block":"Kak Dwip","lgd":108158},"geometry":{"type":"MultiPolygon","coordinates":[[[[88.16834,21.87038],[88.16483,21.87837],[88.16528,21.87916],[88.16677,21.87869],[88.1677,21.87685],[88.17064,21.87331],[88.17165,21.87065],[88.17357,21.86853],[88.17418,21.86729],[88.1742,21.86555],[88.17479,21.86492],[88.17479,21.8644],[88.17383,21.86356],[88.16834,21.87038]]],[[[88.18673,21.8915],[88.18696,21.88964],[88.18956,21.88275],[88.18406,21.87324],[88.17831,21.86843],[88.1761,21.86715],[88.1748,21.86722],[88.17434,21.86899],[88.17217,21.87236],[88.16376,21.88303],[88.16322,21.88457],[88.16325,21.88638],[88.1646,21.89295],[88.166,21.8959],[88.16949,21.90097],[88.17,21.9028],[88.1777,21.89996],[88.18092,21.89824],[88.18117,21.89877],[88.18646,21.89819],[88.18643,21.89774],[88.18857,21.89702],[88.18673,21.8915]]]]}},{"type":"Feature","bbox":[88.42187,21.70348,88.47143,21.79808],"properties":{"kind":"gp","gp":"Sridharnagar","block":"Pathar Pratima","lgd":108261},"geometry":{"type":"Polygon","coordinates":[[[88.45394,21.73078],[88.45363,21.72074],[88.45339,21.71924],[88.4528,21.71854],[88.45412,21.71093],[88.44505,21.71037],[88.44103,21.70966],[88.43653,21.70717],[88.43264,21.70348],[88.43008,21.71075],[88.42713,21.71458],[88.42653,21.71612],[88.42662,21.71842],[88.42319,21.71965],[88.42517,21.72498],[88.42534,21.72764],[88.42187,21.73601],[88.42604,21.7363],[88.42392,21.74087],[88.42366,21.74299],[88.42809,21.75289],[88.42814,21.75438],[88.42481,21.76185],[88.42404,21.76551],[88.42581,21.76808],[88.4367,21.77739],[88.43958,21.78171],[88.4413,21.78575],[88.44265,21.79333],[88.44587,21.79808],[88.44839,21.79599],[88.44894,21.79464],[88.45004,21.79434],[88.4511,21.79333],[88.45129,21.79255],[88.45257,21.79226],[88.45316,21.79114],[88.45457,21.79074],[88.45524,21.78933],[88.45633,21.78895],[88.45744,21.78946],[88.46222,21.78885],[88.46458,21.7906],[88.46599,21.79331],[88.46772,21.79366],[88.47116,21.79313],[88.47143,21.79183],[88.47081,21.79069],[88.46573,21.78621],[88.46277,21.78262],[88.4603,21.77514],[88.45984,21.77474],[88.45903,21.77016],[88.45825,21.76942],[88.45778,21.76701],[88.45803,21.76525],[88.45864,21.7651],[88.45811,21.76374],[88.45863,21.76361],[88.45527,21.75244],[88.45424,21.7527],[88.45305,21.75159],[88.4532,21.75084],[88.45582,21.75003],[88.45394,21.73078]]]}},{"type":"Feature","bbox":[88.17,21.8963,88.23743,21.98895],"properties":{"kind":"gp","gp":"Srinagar","block":"Kak Dwip","lgd":108159},"geometry":{"type":"Polygon","coordinates":[[[88.21063,21.93955],[88.21396,21.93765],[88.22035,21.93486],[88.22043,21.93411],[88.22426,21.93266],[88.2213,21.92075],[88.22366,21.91963],[88.22581,21.91722],[88.22398,21.91203],[88.22628,21.90931],[88.23373,21.90701],[88.23362,21.90499],[88.23447,21.90221],[88.23743,21.8963],[88.23478,21.89644],[88.23037,21.89937],[88.22418,21.9014],[88.22085,21.90407],[88.20075,21.91269],[88.1972,21.91027],[88.19549,21.90812],[88.19516,21.90286],[88.19458,21.90184],[88.18984,21.89886],[88.18857,21.89702],[88.18643,21.89774],[88.18646,21.89819],[88.18444,21.89859],[88.18117,21.89877],[88.18092,21.89824],[88.1777,21.89996],[88.17,21.9028],[88.17218,21.91071],[88.17361,21.91181],[88.17342,21.91209],[88.17591,21.91299],[88.18055,21.91568],[88.18823,21.92137],[88.18935,21.92559],[88.18941,21.93057],[88.18857,21.93571],[88.18704,21.93998],[88.18758,21.94229],[88.18862,21.94398],[88.1912,21.943],[88.19386,21.9427],[88.20021,21.94271],[88.20188,21.94351],[88.20255,21.94467],[88.20173,21.94728],[88.19865,21.95178],[88.19874,21.95401],[88.20134,21.95541],[88.20933,21.95827],[88.21186,21.96121],[88.21228,21.96243],[88.2118,21.96636],[88.21222,21.96773],[88.21122,21.97022],[88.21105,21.97158],[88.21155,21.97329],[88.21043,21.97654],[88.21137,21.97927],[88.20996,21.98208],[88.21057,21.9831],[88.2106,21.98449],[88.21156,21.98553],[88.21141,21.98809],[88.21228,21.98814],[88.21227,21.98895],[88.21724,21.98832],[88.21865,21.98663],[88.21815,21.98462],[88.21886,21.98379],[88.22254,21.98364],[88.22273,21.97973],[88.22528,21.97887],[88.22593,21.97533],[88.22856,21.97393],[88.22842,21.97084],[88.23332,21.97088],[88.23346,21.9689],[88.23202,21.96322],[88.2321,21.96017],[88.2292,21.95111],[88.22518,21.94419],[88.22396,21.93945],[88.21892,21.94027],[88.21421,21.94254],[88.21299,21.94256],[88.21157,21.94194],[88.21083,21.94063],[88.21063,21.93955]]]}},{"type":"Feature","bbox":[88.30148,21.8764,88.35728,21.95872],"properties":{"kind":"gp","gp":"Srinarayanpur Purnachandrapur","block":"Pathar Pratima","lgd":108262},"geometry":{"type":"Polygon","coordinates":[[[88.30334,21.90604],[88.30719,21.90686],[88.31162,21.90881],[88.31426,21.91258],[88.31562,21.91592],[88.31205,21.92047],[88.3115,21.92388],[88.3114,21.92461],[88.31431,21.9296],[88.31457,21.93128],[88.31268,21.93463],[88.31436,21.93562],[88.31814,21.93518],[88.32122,21.94179],[88.3242,21.94058],[88.3255,21.94345],[88.32866,21.94512],[88.32982,21.94632],[88.33141,21.94903],[88.33112,21.95094],[88.33358,21.95764],[88.33743,21.95222],[88.33912,21.95145],[88.34136,21.95282],[88.34234,21.9562],[88.34284,21.9564],[88.34376,21.95872],[88.3461,21.95836],[88.34816,21.95612],[88.35124,21.95135],[88.3498,21.95098],[88.34799,21.94933],[88.34683,21.94758],[88.34635,21.9454],[88.34697,21.93386],[88.34772,21.93083],[88.34862,21.92911],[88.352,21.92578],[88.3562,21.92198],[88.35728,21.92197],[88.34878,21.9097],[88.34764,21.90654],[88.34751,21.9045],[88.3466,21.90377],[88.34358,21.90507],[88.34263,21.90425],[88.34254,21.9028],[88.34179,21.90247],[88.33022,21.90426],[88.33116,21.90312],[88.33079,21.89781],[88.33108,21.8952],[88.33051,21.89388],[88.32935,21.89323],[88.32319,21.89315],[88.32224,21.89241],[88.32062,21.88597],[88.31721,21.87982],[88.31533,21.87825],[88.30947,21.8764],[88.30898,21.87811],[88.308,21.87915],[88.30268,21.88299],[88.30148,21.88472],[88.30268,21.88689],[88.3081,21.89212],[88.30882,21.89362],[88.30912,21.89536],[88.30813,21.89802],[88.30325,21.90371],[88.30261,21.905],[88.30334,21.90604]]]}},{"type":"Feature","bbox":[88.4261,22.16419,88.46256,22.21783],"properties":{"kind":"gp","gp":"Sripur","block":"Jaynagar-I","lgd":108139},"geometry":{"type":"Polygon","coordinates":[[[88.44132,22.1767],[88.43842,22.17375],[88.43864,22.17313],[88.43245,22.16942],[88.43226,22.16986],[88.4304,22.16883],[88.43092,22.16801],[88.43068,22.16749],[88.42956,22.16759],[88.42966,22.16694],[88.42884,22.16539],[88.42952,22.16419],[88.42686,22.16551],[88.42665,22.16655],[88.42809,22.17045],[88.4285,22.17697],[88.42684,22.17821],[88.4261,22.17994],[88.42871,22.18079],[88.43175,22.18363],[88.43472,22.18701],[88.43524,22.18801],[88.43455,22.18869],[88.4365,22.19114],[88.43935,22.19283],[88.43993,22.19248],[88.44116,22.19301],[88.44226,22.19256],[88.44449,22.19361],[88.44523,22.1952],[88.44658,22.19523],[88.446,22.19612],[88.44731,22.19764],[88.44689,22.19784],[88.44698,22.19868],[88.44586,22.19967],[88.44571,22.20067],[88.4445,22.20165],[88.44453,22.20246],[88.44175,22.20273],[88.44158,22.20355],[88.44046,22.2039],[88.44022,22.20551],[88.43941,22.20625],[88.43922,22.20834],[88.44028,22.2146],[88.43932,22.21486],[88.43942,22.21523],[88.44049,22.21562],[88.44207,22.215],[88.44307,22.21512],[88.44911,22.21738],[88.4531,22.21783],[88.45565,22.21715],[88.45798,22.21501],[88.46116,22.21478],[88.46256,22.21372],[88.4625,22.21204],[88.46205,22.21164],[88.4623,22.20857],[88.45953,22.20769],[88.4594,22.20561],[88.45833,22.2057],[88.45795,22.20435],[88.45735,22.2041],[88.45668,22.20063],[88.45815,22.2002],[88.45509,22.19301],[88.45549,22.19293],[88.45442,22.19021],[88.44914,22.18165],[88.44689,22.17938],[88.44666,22.17815],[88.44588,22.17742],[88.44325,22.17733],[88.4437,22.17864],[88.4487,22.18232],[88.44946,22.18373],[88.44926,22.18417],[88.4469,22.18174],[88.44091,22.17725],[88.44132,22.1767]]]}},{"type":"Feature","bbox":[88.17553,21.9427,88.21228,22.00238],"properties":{"kind":"gp","gp":"Suryanagar","block":"Kak Dwip","lgd":108160},"geometry":{"type":"Polygon","coordinates":[[[88.21141,21.98809],[88.21156,21.98553],[88.2106,21.98449],[88.21057,21.9831],[88.20996,21.98208],[88.21137,21.97927],[88.21043,21.97654],[88.21155,21.97329],[88.21105,21.97158],[88.21122,21.97022],[88.21222,21.96773],[88.2118,21.96636],[88.21228,21.96243],[88.21186,21.96121],[88.20933,21.95827],[88.20134,21.95541],[88.19874,21.95401],[88.19865,21.95178],[88.20173,21.94728],[88.20255,21.94467],[88.20188,21.94351],[88.20021,21.94271],[88.19386,21.9427],[88.1912,21.943],[88.18862,21.94398],[88.18797,21.94532],[88.18429,21.94775],[88.1817,21.94883],[88.17991,21.95117],[88.17957,21.95263],[88.17987,21.95389],[88.18514,21.96024],[88.18526,21.96251],[88.1842,21.96503],[88.17757,21.97284],[88.17719,21.97798],[88.17747,21.97941],[88.17553,21.98431],[88.17799,21.98714],[88.1863,21.99429],[88.19384,22.00238],[88.19507,22.00207],[88.19667,22.00071],[88.19542,21.99728],[88.19645,21.99459],[88.19604,21.99242],[88.19633,21.9919],[88.1979,21.9908],[88.20114,21.99006],[88.20705,21.98898],[88.20754,21.98967],[88.20909,21.98857],[88.21141,21.98809]]]}},{"type":"Feature","bbox":[88.16619,21.83048,88.22095,21.88014],"properties":{"kind":"gp","gp":"Swami Bibekananda","block":"Kak Dwip","lgd":108161},"geometry":{"type":"MultiPolygon","coordinates":[[[[88.18619,21.83374],[88.17858,21.84401],[88.17149,21.8587],[88.16727,21.86386],[88.16619,21.86947],[88.16667,21.86958],[88.16916,21.86757],[88.17167,21.86499],[88.17683,21.85738],[88.18179,21.85205],[88.19185,21.84346],[88.19521,21.83948],[88.19203,21.8339],[88.19072,21.83056],[88.18975,21.83048],[88.18619,21.83374]]],[[[88.21384,21.84077],[88.21483,21.83994],[88.21438,21.83947],[88.21626,21.8372],[88.19846,21.83834],[88.1946,21.84556],[88.19269,21.84673],[88.18611,21.85476],[88.1849,21.85424],[88.18404,21.8546],[88.18105,21.85798],[88.18113,21.85956],[88.17981,21.85938],[88.17856,21.86087],[88.17897,21.86177],[88.17749,21.86156],[88.17504,21.86528],[88.1748,21.86722],[88.1761,21.86715],[88.17831,21.86843],[88.18182,21.87137],[88.18671,21.86822],[88.19068,21.867],[88.19436,21.86651],[88.19338,21.86925],[88.19365,21.87078],[88.19753,21.87425],[88.20928,21.87904],[88.21548,21.87994],[88.22095,21.88014],[88.22054,21.85858],[88.21798,21.85745],[88.21104,21.85031],[88.20509,21.8469],[88.20677,21.84506],[88.21384,21.84077]]]]}},{"type":"Feature","bbox":[88.57747,22.30318,88.66289,22.35249],"properties":{"kind":"gp","gp":"Taldi","block":"Canning-I","lgd":108076},"geometry":{"type":"Polygon","coordinates":[[[88.62984,22.30751],[88.62839,22.30602],[88.62415,22.30318],[88.6198,22.30468],[88.61062,22.30537],[88.60765,22.30917],[88.60513,22.30894],[88.60361,22.30973],[88.60435,22.3158],[88.60496,22.31687],[88.60635,22.31733],[88.60746,22.31728],[88.60766,22.3166],[88.60987,22.31814],[88.61107,22.3204],[88.61495,22.32214],[88.61579,22.323],[88.61245,22.3248],[88.60664,22.32671],[88.60248,22.32433],[88.60149,22.32432],[88.5984,22.3263],[88.59692,22.32854],[88.59682,22.32941],[88.59499,22.32909],[88.59357,22.32973],[88.59439,22.33082],[88.59247,22.33197],[88.59147,22.3313],[88.59075,22.33163],[88.58887,22.33041],[88.58465,22.3321],[88.58087,22.33137],[88.57747,22.33212],[88.57798,22.33344],[88.58042,22.33414],[88.58207,22.33391],[88.58274,22.3356],[88.58483,22.33698],[88.58627,22.33618],[88.5915,22.33691],[88.59382,22.33923],[88.59523,22.34189],[88.59644,22.34274],[88.59732,22.34487],[88.59992,22.3474],[88.60065,22.35043],[88.60023,22.35162],[88.60132,22.35249],[88.60595,22.35204],[88.61368,22.34959],[88.6172,22.34951],[88.62046,22.35005],[88.62264,22.34953],[88.62555,22.3477],[88.62708,22.3461],[88.63339,22.34428],[88.6395,22.34536],[88.64702,22.34464],[88.64907,22.34528],[88.6527,22.34758],[88.65467,22.34787],[88.65779,22.34723],[88.65879,22.34538],[88.66039,22.3383],[88.66289,22.33146],[88.65919,22.33118],[88.65764,22.33177],[88.65497,22.33088],[88.6535,22.332],[88.65043,22.33159],[88.6493,22.33053],[88.64565,22.33217],[88.64528,22.33134],[88.64002,22.33366],[88.63864,22.32929],[88.62927,22.33405],[88.62838,22.33397],[88.62263,22.32475],[88.62325,22.32396],[88.62304,22.32216],[88.62362,22.32137],[88.63172,22.31895],[88.63351,22.31697],[88.62984,22.30751]]]}},{"type":"Feature","bbox":[88.60392,22.2757,88.70445,22.40013],"properties":{"kind":"gp","gp":"Tambuldaha-I","block":"Canning-II","lgd":108084},"geometry":{"type":"MultiPolygon","coordinates":[[[[88.60474,22.28007],[88.60392,22.28227],[88.60476,22.28371],[88.60895,22.28788],[88.6102,22.29122],[88.61024,22.29271],[88.61438,22.28997],[88.62219,22.28729],[88.62315,22.28753],[88.62314,22.28793],[88.62993,22.28731],[88.6314,22.28409],[88.63262,22.2776],[88.62873,22.27642],[88.62526,22.27598],[88.61488,22.2764],[88.60985,22.2757],[88.60841,22.27612],[88.60802,22.27733],[88.60474,22.28007]]],[[[88.6395,22.34536],[88.63339,22.34428],[88.62708,22.3461],[88.62555,22.3477],[88.62264,22.34953],[88.62046,22.35005],[88.6172,22.34951],[88.61368,22.34959],[88.61639,22.35359],[88.61572,22.36071],[88.61683,22.37617],[88.61583,22.37684],[88.61692,22.37856],[88.61998,22.38142],[88.62293,22.38652],[88.62431,22.38702],[88.62601,22.38911],[88.62652,22.39201],[88.62631,22.3951],[88.628,22.39697],[88.62834,22.39841],[88.62975,22.40013],[88.63644,22.38876],[88.63865,22.38762],[88.64237,22.38723],[88.66915,22.38692],[88.67022,22.38748],[88.67353,22.38707],[88.67217,22.39189],[88.67383,22.39599],[88.67348,22.3976],[88.67875,22.39759],[88.68358,22.39827],[88.68569,22.39529],[88.68667,22.39492],[88.69071,22.39558],[88.69454,22.39381],[88.6955,22.3927],[88.69229,22.39227],[88.69272,22.39017],[88.69233,22.38765],[88.69079,22.38688],[88.68793,22.38365],[88.68797,22.38123],[88.6889,22.37901],[88.6876,22.37366],[88.6895,22.37054],[88.69436,22.36801],[88.69713,22.36709],[88.70143,22.36102],[88.70445,22.35813],[88.70399,22.35664],[88.70272,22.35579],[88.69889,22.35481],[88.69726,22.35302],[88.69696,22.35205],[88.69753,22.34978],[88.69967,22.3475],[88.69864,22.34417],[88.69571,22.33866],[88.69521,22.32672],[88.69435,22.32632],[88.68857,22.32606],[88.68312,22.32649],[88.67627,22.32416],[88.67102,22.32415],[88.66747,22.32592],[88.66315,22.33072],[88.66039,22.3383],[88.65879,22.34538],[88.65779,22.34723],[88.65467,22.34787],[88.6527,22.34758],[88.64907,22.34528],[88.64702,22.34464],[88.6395,22.34536]]]]}},{"type":"Feature","bbox":[88.58021,22.34959,88.6264,22.40128],"properties":{"kind":"gp","gp":"Tambuldaha-Ii","block":"Canning-II","lgd":108085},"geometry":{"type":"Polygon","coordinates":[[[88.62197,22.38443],[88.61998,22.38142],[88.61692,22.37856],[88.61583,22.37684],[88.61683,22.37617],[88.61572,22.36071],[88.61639,22.35359],[88.61368,22.34959],[88.60425,22.35243],[88.60132,22.35249],[88.60023,22.35162],[88.5994,22.35224],[88.59745,22.35239],[88.59384,22.35512],[88.59164,22.35576],[88.5903,22.35873],[88.58939,22.35917],[88.58895,22.3609],[88.58609,22.36251],[88.58288,22.35734],[88.58235,22.3606],[88.58418,22.36141],[88.58417,22.362],[88.58218,22.36554],[88.58342,22.36551],[88.58498,22.36625],[88.58703,22.36568],[88.58787,22.36944],[88.58763,22.37067],[88.58601,22.37144],[88.58526,22.37265],[88.58264,22.37246],[88.58123,22.37331],[88.58021,22.37517],[88.58198,22.37676],[88.58776,22.37745],[88.58875,22.37812],[88.59497,22.38635],[88.59578,22.38844],[88.59551,22.39049],[88.5921,22.3962],[88.5937,22.39703],[88.59502,22.39878],[88.59568,22.39848],[88.59598,22.39682],[88.59658,22.39616],[88.59894,22.39587],[88.59982,22.39232],[88.60448,22.39064],[88.60518,22.39106],[88.60529,22.39324],[88.60666,22.39337],[88.60795,22.3943],[88.60912,22.39671],[88.61176,22.39779],[88.61308,22.40031],[88.61481,22.40041],[88.61814,22.39912],[88.61916,22.39946],[88.62051,22.40128],[88.62376,22.40005],[88.62574,22.39847],[88.6264,22.39062],[88.62601,22.38911],[88.62431,22.38702],[88.62293,22.38652],[88.62197,22.38443]]]}},{"type":"Feature","bbox":[88.47365,22.44733,88.54075,22.51814],"properties":{"kind":"gp","gp":"Tarda","block":"Bhangar-I","lgd":108017},"geometry":{"type":"Polygon","coordinates":[[[88.53082,22.48623],[88.53288,22.48495],[88.5354,22.4844],[88.53496,22.48361],[88.5357,22.48315],[88.53632,22.48346],[88.53676,22.48476],[88.53977,22.48441],[88.53824,22.48259],[88.53755,22.48261],[88.53712,22.482],[88.53845,22.48057],[88.54007,22.48187],[88.54056,22.48202],[88.54075,22.48147],[88.53896,22.47903],[88.5359,22.47661],[88.53511,22.47538],[88.53477,22.47296],[88.533,22.46945],[88.53275,22.46802],[88.53382,22.46543],[88.53345,22.46135],[88.53273,22.45939],[88.52804,22.45262],[88.52824,22.45221],[88.52617,22.45005],[88.52293,22.44787],[88.52017,22.44733],[88.51961,22.44859],[88.52013,22.45445],[88.51966,22.45526],[88.50926,22.4563],[88.50628,22.45759],[88.50273,22.46131],[88.49422,22.46587],[88.48841,22.47541],[88.48275,22.48189],[88.47956,22.49632],[88.47482,22.51104],[88.47365,22.51313],[88.47663,22.51541],[88.47878,22.51814],[88.5048,22.51109],[88.52124,22.51244],[88.52154,22.51477],[88.5228,22.51709],[88.52492,22.51618],[88.52555,22.51687],[88.52665,22.51657],[88.52668,22.51612],[88.52784,22.51563],[88.52853,22.51644],[88.52929,22.51602],[88.53303,22.51617],[88.53321,22.51208],[88.53405,22.51113],[88.53391,22.51059],[88.53538,22.51019],[88.53675,22.50741],[88.53611,22.50709],[88.53732,22.50583],[88.5373,22.50453],[88.53824,22.50487],[88.53855,22.5026],[88.54047,22.50176],[88.54058,22.50131],[88.5374,22.50112],[88.53698,22.50075],[88.53705,22.49804],[88.53639,22.49797],[88.53631,22.49701],[88.53502,22.49752],[88.53437,22.49692],[88.53473,22.49594],[88.53273,22.49523],[88.5327,22.4941],[88.53426,22.49267],[88.53301,22.49175],[88.53148,22.4914],[88.53171,22.48967],[88.53268,22.48992],[88.53272,22.48906],[88.53082,22.48623]]]}},{"type":"Feature","bbox":[88.34518,22.19806,88.42838,22.29231],"properties":{"kind":"gp","gp":"Urelchandpur","block":"Magra Hat-II","lgd":108209},"geometry":{"type":"MultiPolygon","coordinates":[[[[88.4201,22.21156],[88.4187,22.21156],[88.41695,22.21068],[88.4161,22.20937],[88.41606,22.2077],[88.41521,22.2051],[88.41361,22.20492],[88.41345,22.20403],[88.41232,22.20312],[88.41232,22.20096],[88.41357,22.20078],[88.41339,22.20018],[88.41206,22.20021],[88.41183,22.19953],[88.40932,22.1985],[88.40865,22.19931],[88.40777,22.19932],[88.40743,22.19845],[88.40207,22.20016],[88.40076,22.20001],[88.39872,22.19806],[88.39384,22.20048],[88.39303,22.20021],[88.39262,22.20064],[88.39285,22.20187],[88.38953,22.20464],[88.39083,22.20662],[88.38986,22.20731],[88.39014,22.20915],[88.38648,22.21013],[88.38592,22.21093],[88.38476,22.21075],[88.38435,22.21149],[88.38473,22.21232],[88.38441,22.21421],[88.38838,22.21441],[88.39069,22.2138],[88.39081,22.21504],[88.39277,22.21612],[88.39237,22.21766],[88.39326,22.21778],[88.3935,22.22179],[88.39229,22.22255],[88.3921,22.22535],[88.39386,22.22562],[88.39393,22.22418],[88.39486,22.22466],[88.39497,22.22398],[88.39682,22.22368],[88.39715,22.22271],[88.39813,22.22325],[88.3978,22.22223],[88.39853,22.22203],[88.39936,22.22212],[88.39996,22.22342],[88.40058,22.22341],[88.4006,22.2243],[88.39881,22.22512],[88.39929,22.23027],[88.39863,22.23236],[88.39973,22.23252],[88.40034,22.23365],[88.40408,22.23436],[88.40404,22.23582],[88.40304,22.23572],[88.40277,22.23483],[88.40043,22.2348],[88.40255,22.23519],[88.40262,22.23606],[88.40338,22.23618],[88.40376,22.23747],[88.40445,22.23775],[88.40477,22.2397],[88.4098,22.23958],[88.40991,22.24289],[88.41153,22.24189],[88.41111,22.23752],[88.41159,22.23684],[88.41286,22.23835],[88.41355,22.23827],[88.41359,22.23743],[88.41458,22.23743],[88.41454,22.23509],[88.4151,22.23502],[88.4151,22.23412],[88.41882,22.23395],[88.42534,22.2327],[88.42547,22.23121],[88.42491,22.23119],[88.42471,22.23023],[88.42512,22.22859],[88.42822,22.22869],[88.42838,22.22812],[88.42707,22.22773],[88.42395,22.2238],[88.42287,22.22434],[88.42284,22.22356],[88.42155,22.22378],[88.41954,22.22332],[88.41943,22.22375],[88.41754,22.22375],[88.41688,22.22417],[88.41683,22.22335],[88.41497,22.22298],[88.4142,22.22196],[88.41331,22.22193],[88.41313,22.22296],[88.41209,22.22312],[88.41248,22.22216],[88.41164,22.22177],[88.41163,22.22037],[88.41233,22.21909],[88.416,22.2183],[88.41705,22.21878],[88.41816,22.21664],[88.41901,22.21657],[88.41875,22.21452],[88.4201,22.21156]]],[[[88.34595,22.28891],[88.34863,22.29228],[88.34961,22.29231],[88.35001,22.29065],[88.35133,22.28897],[88.35196,22.28904],[88.3524,22.28829],[88.35201,22.28744],[88.35353,22.28525],[88.35523,22.28492],[88.35724,22.28546],[88.3566,22.28225],[88.35605,22.28237],[88.35568,22.28173],[88.35423,22.28202],[88.35323,22.28037],[88.34995,22.28107],[88.34956,22.28049],[88.3467,22.28117],[88.34643,22.28294],[88.34518,22.28323],[88.34595,22.28891]]]]}},{"type":"Feature","bbox":[88.26036,22.19462,88.30009,22.26168],"properties":{"kind":"gp","gp":"Usthi","block":"Magra Hat-I","lgd":108193},"geometry":{"type":"MultiPolygon","coordinates":[[[[88.29401,22.21494],[88.29404,22.21648],[88.29272,22.21641],[88.2921,22.21565],[88.29172,22.21578],[88.29174,22.21723],[88.28927,22.21711],[88.28936,22.21832],[88.28867,22.21854],[88.28972,22.22066],[88.28993,22.2228],[88.29125,22.22292],[88.29129,22.2236],[88.29372,22.22448],[88.29481,22.22383],[88.29587,22.22387],[88.29609,22.22438],[88.29742,22.22405],[88.29821,22.22308],[88.29921,22.22282],[88.29917,22.22222],[88.30009,22.22192],[88.29933,22.21643],[88.29486,22.21457],[88.29401,22.21494]]],[[[88.29497,22.20986],[88.29493,22.20936],[88.29679,22.20906],[88.29752,22.20568],[88.29603,22.19806],[88.29708,22.19783],[88.29659,22.19599],[88.29782,22.19551],[88.2975,22.19462],[88.29637,22.1949],[88.29616,22.19574],[88.29529,22.19617],[88.29491,22.19482],[88.29191,22.19694],[88.29095,22.19512],[88.28824,22.19567],[88.28655,22.19547],[88.28536,22.19742],[88.2796,22.19883],[88.27936,22.19832],[88.27767,22.19931],[88.27748,22.2009],[88.27598,22.20175],[88.27482,22.20155],[88.27451,22.20205],[88.27018,22.20226],[88.26974,22.20015],[88.26878,22.20023],[88.269,22.20467],[88.26532,22.20498],[88.26564,22.20855],[88.26607,22.2088],[88.26687,22.21372],[88.26541,22.21479],[88.26559,22.2157],[88.26338,22.21799],[88.26401,22.2216],[88.26319,22.22234],[88.26319,22.22384],[88.26378,22.2249],[88.26465,22.2253],[88.26467,22.2305],[88.26372,22.23082],[88.26387,22.23272],[88.26292,22.23336],[88.26346,22.2366],[88.26278,22.23765],[88.26346,22.23805],[88.26446,22.23768],[88.26569,22.23891],[88.26748,22.23916],[88.26844,22.24018],[88.26829,22.2423],[88.26733,22.24519],[88.26851,22.24656],[88.26816,22.24704],[88.26877,22.24773],[88.26808,22.24919],[88.26846,22.25119],[88.269,22.25145],[88.26859,22.25231],[88.26679,22.25244],[88.26707,22.253],[88.2653,22.25553],[88.2646,22.25539],[88.26417,22.25438],[88.26223,22.25529],[88.26154,22.25406],[88.26036,22.25412],[88.26044,22.25545],[88.26138,22.25678],[88.26201,22.2568],[88.26216,22.25734],[88.26153,22.25755],[88.2616,22.25815],[88.26283,22.25808],[88.26291,22.2569],[88.26369,22.25688],[88.26376,22.25841],[88.26474,22.2583],[88.26445,22.25759],[88.26499,22.2573],[88.26664,22.25739],[88.26874,22.2586],[88.26939,22.25958],[88.26901,22.26104],[88.26984,22.26088],[88.27011,22.2602],[88.27222,22.25966],[88.2728,22.26099],[88.27428,22.26083],[88.27458,22.26168],[88.27683,22.26135],[88.27649,22.25893],[88.27846,22.25917],[88.27809,22.25645],[88.27489,22.25664],[88.27474,22.25545],[88.27407,22.25458],[88.2747,22.25353],[88.27589,22.25291],[88.27614,22.25331],[88.27727,22.25329],[88.2774,22.2526],[88.27834,22.2527],[88.27838,22.25397],[88.28236,22.25388],[88.28296,22.25331],[88.28426,22.25334],[88.28381,22.25173],[88.28481,22.2493],[88.28515,22.24689],[88.28107,22.24686],[88.28011,22.24474],[88.27909,22.24477],[88.2787,22.24217],[88.27771,22.24128],[88.27739,22.23998],[88.27695,22.24069],[88.27516,22.24075],[88.27547,22.23936],[88.27664,22.23856],[88.27745,22.23851],[88.27753,22.2395],[88.27878,22.23961],[88.28008,22.23919],[88.28021,22.23842],[88.28077,22.23837],[88.28178,22.23905],[88.28543,22.23931],[88.28545,22.24167],[88.28611,22.24151],[88.28616,22.23952],[88.28748,22.2393],[88.28752,22.23778],[88.28599,22.238],[88.28595,22.23657],[88.287,22.23616],[88.28718,22.23271],[88.28596,22.23267],[88.28356,22.23045],[88.28234,22.23081],[88.28207,22.22267],[88.28291,22.22245],[88.28295,22.22131],[88.28356,22.22131],[88.28388,22.22022],[88.28488,22.22021],[88.28555,22.21743],[88.28685,22.2174],[88.28794,22.21094],[88.29066,22.20952],[88.29289,22.21132],[88.29497,22.20986]]]]}},{"type":"Feature","bbox":[88.41067,22.17021,88.44731,22.20265],"properties":{"kind":"gp","gp":"Uttar Durgapur","block":"Jaynagar-I","lgd":108140},"geometry":{"type":"Polygon","coordinates":[[[88.41937,22.17415],[88.42011,22.17337],[88.41866,22.17171],[88.4167,22.17021],[88.41572,22.17035],[88.41499,22.17122],[88.41478,22.17369],[88.41304,22.17353],[88.41353,22.1752],[88.41459,22.17614],[88.41472,22.17827],[88.41682,22.17854],[88.41685,22.17903],[88.41592,22.17927],[88.41639,22.18134],[88.41067,22.18447],[88.41174,22.18744],[88.41388,22.18835],[88.4138,22.18988],[88.41293,22.18988],[88.41256,22.19089],[88.41687,22.19018],[88.4173,22.19116],[88.41883,22.19067],[88.41934,22.19163],[88.41825,22.1917],[88.41829,22.193],[88.41702,22.19337],[88.41768,22.19465],[88.41737,22.19519],[88.41427,22.19578],[88.41448,22.19712],[88.41504,22.19736],[88.41553,22.20171],[88.41823,22.20135],[88.41817,22.20039],[88.41912,22.20008],[88.42017,22.20124],[88.42126,22.20115],[88.4224,22.20265],[88.42522,22.20111],[88.42563,22.20056],[88.42537,22.19971],[88.42895,22.2],[88.43018,22.19706],[88.43322,22.19755],[88.43277,22.19491],[88.4336,22.19458],[88.43394,22.19514],[88.43348,22.19627],[88.43459,22.19768],[88.43534,22.19723],[88.43543,22.19656],[88.43481,22.19639],[88.4356,22.19551],[88.43558,22.19473],[88.43683,22.19414],[88.43742,22.19512],[88.43977,22.19522],[88.44077,22.19687],[88.44185,22.19658],[88.44227,22.19723],[88.44128,22.1978],[88.44191,22.19899],[88.44369,22.19773],[88.44345,22.19704],[88.4446,22.19669],[88.44432,22.19592],[88.44496,22.19571],[88.44566,22.19771],[88.44488,22.19792],[88.44514,22.19849],[88.44311,22.19875],[88.44321,22.19949],[88.44231,22.1998],[88.44335,22.20134],[88.4445,22.20165],[88.44571,22.20067],[88.44586,22.19967],[88.44698,22.19868],[88.44689,22.19784],[88.44731,22.19764],[88.446,22.19612],[88.44658,22.19523],[88.44523,22.1952],[88.44449,22.19361],[88.44351,22.19306],[88.44297,22.19319],[88.44226,22.19256],[88.44116,22.19301],[88.43993,22.19248],[88.43935,22.19283],[88.4365,22.19114],[88.43455,22.18869],[88.43524,22.18801],[88.43472,22.18701],[88.43175,22.18363],[88.42871,22.18079],[88.42502,22.17964],[88.41937,22.17415]]]}},{"type":"Feature","bbox":[88.31668,22.05441,88.39454,22.11848],"properties":{"kind":"gp","gp":"Uttar Lakshminarayanpur","block":"Mathurapur I","lgd":108229},"geometry":{"type":"MultiPolygon","coordinates":[[[[88.33167,22.05654],[88.3306,22.05473],[88.32392,22.05622],[88.32104,22.05441],[88.32078,22.06158],[88.31821,22.06388],[88.31796,22.06488],[88.318,22.06752],[88.31736,22.06895],[88.31717,22.07281],[88.31668,22.07394],[88.31744,22.07806],[88.32093,22.07799],[88.32211,22.07984],[88.32421,22.08159],[88.32638,22.08123],[88.32751,22.07849],[88.32569,22.07638],[88.32565,22.07371],[88.32599,22.07317],[88.33078,22.07185],[88.33176,22.07075],[88.33106,22.06942],[88.33062,22.06597],[88.33167,22.05654]]],[[[88.34714,22.06591],[88.34581,22.06642],[88.34407,22.06601],[88.33841,22.06778],[88.33408,22.06745],[88.33321,22.06833],[88.33176,22.07075],[88.33448,22.07858],[88.33402,22.08222],[88.33526,22.08202],[88.33776,22.08399],[88.33768,22.08568],[88.33866,22.0865],[88.33859,22.08825],[88.33816,22.08833],[88.33775,22.09068],[88.33903,22.0902],[88.33963,22.09093],[88.339,22.09189],[88.33987,22.09238],[88.34259,22.09222],[88.34281,22.09273],[88.34469,22.09286],[88.34635,22.0916],[88.35231,22.09881],[88.35012,22.0992],[88.34764,22.10151],[88.34673,22.10433],[88.3479,22.11052],[88.34799,22.11329],[88.34869,22.11493],[88.35134,22.11848],[88.35199,22.11718],[88.35171,22.11551],[88.35257,22.11533],[88.3523,22.11425],[88.35139,22.11332],[88.35218,22.11221],[88.35333,22.11245],[88.35385,22.11188],[88.3583,22.11187],[88.36044,22.11022],[88.36103,22.11141],[88.36227,22.11144],[88.36237,22.11218],[88.36185,22.11272],[88.36216,22.11387],[88.36288,22.11408],[88.36402,22.11548],[88.36486,22.11587],[88.36596,22.11573],[88.36633,22.11512],[88.36729,22.11529],[88.36773,22.11482],[88.36758,22.1141],[88.36702,22.11335],[88.36605,22.11332],[88.36642,22.11164],[88.36744,22.11118],[88.368,22.10761],[88.36745,22.10392],[88.3689,22.10457],[88.3701,22.10678],[88.37073,22.10614],[88.37135,22.10173],[88.37094,22.10129],[88.37109,22.09995],[88.37261,22.09844],[88.37211,22.09754],[88.37226,22.09666],[88.37755,22.09633],[88.37868,22.0957],[88.37918,22.09486],[88.37882,22.09141],[88.37986,22.08975],[88.38139,22.08846],[88.38544,22.08793],[88.39048,22.08921],[88.39359,22.08572],[88.39454,22.0838],[88.39441,22.08297],[88.3902,22.08264],[88.38378,22.07983],[88.38362,22.07783],[88.38536,22.07526],[88.38815,22.07238],[88.38859,22.07159],[88.3883,22.0702],[88.38532,22.06737],[88.38232,22.0659],[88.37593,22.06866],[88.37516,22.06829],[88.37412,22.06543],[88.37411,22.0631],[88.37339,22.0613],[88.37114,22.0614],[88.36673,22.06325],[88.3621,22.06031],[88.36073,22.0602],[88.35745,22.06158],[88.35364,22.0648],[88.35261,22.06491],[88.34973,22.06369],[88.34816,22.06445],[88.34714,22.06591]]]]}},{"type":"Feature","bbox":[88.63109,22.20539,88.71587,22.27211],"properties":{"kind":"gp","gp":"Uttar Mokamberia","block":"Basanti","lgd":108008},"geometry":{"type":"Polygon","coordinates":[[[88.65574,22.207],[88.64583,22.20814],[88.64298,22.20754],[88.63987,22.2081],[88.63727,22.21019],[88.63267,22.21281],[88.63125,22.21764],[88.63109,22.22259],[88.63157,22.22435],[88.63435,22.22936],[88.63846,22.2316],[88.64637,22.24111],[88.65477,22.26078],[88.66012,22.26686],[88.66358,22.27211],[88.66461,22.27096],[88.67207,22.26588],[88.71139,22.25497],[88.71368,22.25424],[88.7144,22.25337],[88.71495,22.25225],[88.71494,22.25082],[88.71321,22.24614],[88.71522,22.24377],[88.71497,22.24134],[88.71306,22.23178],[88.71192,22.23065],[88.71326,22.22933],[88.7135,22.22671],[88.7152,22.22273],[88.71587,22.22242],[88.7154,22.22207],[88.71552,22.22137],[88.71165,22.22202],[88.70758,22.22408],[88.68889,22.23067],[88.67673,22.23214],[88.67604,22.22817],[88.67468,22.22575],[88.67327,22.21606],[88.67342,22.20539],[88.67038,22.2065],[88.66239,22.20806],[88.65574,22.207]]]}},{"type":"Feature","bbox":[88.20677,22.47961,88.21399,22.49085],"properties":{"kind":"gp","gp":"Uttar Raipur","block":"Budge Budge-I","lgd":108055},"geometry":{"type":"Polygon","coordinates":[[[88.21382,22.48941],[88.21399,22.48509],[88.21349,22.48132],[88.21276,22.48142],[88.21213,22.47997],[88.21078,22.48037],[88.20875,22.47961],[88.2083,22.48028],[88.20817,22.48293],[88.2086,22.484],[88.20677,22.48372],[88.2069,22.48593],[88.20841,22.48594],[88.20863,22.48654],[88.20955,22.4869],[88.21052,22.48841],[88.21046,22.49085],[88.21219,22.49079],[88.21382,22.48941]]]}},{"type":"Feature","bbox":[88.27516,22.21392,88.31528,22.25078],"properties":{"kind":"gp","gp":"Uttarkusum","block":"Magra Hat-I","lgd":108194},"geometry":{"type":"Polygon","coordinates":[[[88.28207,22.22267],[88.28234,22.23081],[88.28356,22.23045],[88.28596,22.23267],[88.28718,22.23271],[88.287,22.23616],[88.28595,22.23657],[88.28599,22.238],[88.28752,22.23778],[88.28748,22.2393],[88.28616,22.23952],[88.28611,22.24151],[88.28545,22.24167],[88.28543,22.23931],[88.28178,22.23905],[88.28077,22.23837],[88.28021,22.23842],[88.28008,22.23919],[88.27878,22.23961],[88.27753,22.2395],[88.27745,22.23851],[88.27664,22.23856],[88.27547,22.23936],[88.27516,22.24075],[88.27695,22.24069],[88.27739,22.23998],[88.27771,22.24128],[88.2787,22.24217],[88.27909,22.24477],[88.28011,22.24474],[88.28107,22.24686],[88.28515,22.24689],[88.28535,22.2447],[88.28669,22.24467],[88.2874,22.24586],[88.28814,22.24558],[88.28837,22.24413],[88.29012,22.24407],[88.29004,22.24232],[88.291,22.24266],[88.29086,22.24631],[88.29188,22.24641],[88.29187,22.2451],[88.29247,22.24419],[88.2935,22.24443],[88.29294,22.24299],[88.29372,22.24313],[88.29371,22.24368],[88.29653,22.24573],[88.29683,22.24547],[88.29766,22.24604],[88.29754,22.24649],[88.2985,22.24728],[88.29834,22.2478],[88.29895,22.24814],[88.29981,22.24775],[88.30215,22.24913],[88.3015,22.24956],[88.30155,22.25028],[88.30327,22.25078],[88.30468,22.24793],[88.30371,22.248],[88.30319,22.24651],[88.30133,22.24672],[88.30113,22.24607],[88.30184,22.24573],[88.30211,22.24344],[88.30282,22.24302],[88.30298,22.244],[88.30385,22.24458],[88.30523,22.24458],[88.30369,22.24343],[88.30439,22.24248],[88.30526,22.2429],[88.30552,22.24227],[88.30604,22.2423],[88.30734,22.24335],[88.30817,22.24314],[88.30774,22.24149],[88.31052,22.2412],[88.31113,22.24273],[88.31528,22.24371],[88.31437,22.23973],[88.31474,22.23874],[88.31424,22.23451],[88.31457,22.23437],[88.31398,22.23205],[88.31282,22.22952],[88.30983,22.22721],[88.30689,22.22314],[88.30749,22.22087],[88.3087,22.21948],[88.31055,22.21928],[88.31067,22.21778],[88.30851,22.21783],[88.30848,22.21742],[88.30748,22.21737],[88.30668,22.21443],[88.30582,22.21435],[88.30565,22.21392],[88.30272,22.21416],[88.30261,22.2152],[88.30196,22.21517],[88.3018,22.21662],[88.29969,22.21601],[88.29933,22.21643],[88.30009,22.22192],[88.29917,22.22222],[88.29921,22.22282],[88.29821,22.22308],[88.29742,22.22405],[88.29609,22.22438],[88.29587,22.22387],[88.29481,22.22383],[88.29372,22.22448],[88.29129,22.2236],[88.29125,22.22292],[88.28993,22.2228],[88.28972,22.22066],[88.28867,22.21854],[88.28936,22.21832],[88.28927,22.21711],[88.28555,22.21743],[88.28488,22.22021],[88.28388,22.22022],[88.28356,22.22131],[88.28295,22.22131],[88.28291,22.22245],[88.28207,22.22267]]]}},{"type":"Feature","bbox":[88.28832,22.27539,88.3265,22.31267],"properties":{"kind":"gp","gp":"Yearpur","block":"Magra Hat-I","lgd":108195},"geometry":{"type":"Polygon","coordinates":[[[88.32263,22.27703],[88.3216,22.27722],[88.32192,22.27884],[88.31983,22.27887],[88.31993,22.28012],[88.31888,22.28066],[88.31867,22.28168],[88.31808,22.28191],[88.31747,22.28039],[88.31586,22.27994],[88.31625,22.27706],[88.31591,22.27573],[88.31499,22.27539],[88.31371,22.27663],[88.31363,22.27769],[88.31261,22.27808],[88.31266,22.27916],[88.31176,22.279],[88.31099,22.27919],[88.31105,22.27962],[88.30916,22.27977],[88.30918,22.28065],[88.30788,22.28052],[88.30762,22.28024],[88.3081,22.27938],[88.30565,22.27844],[88.30411,22.28122],[88.30255,22.2816],[88.30135,22.28128],[88.30093,22.28347],[88.30035,22.28345],[88.3003,22.28557],[88.30043,22.28697],[88.30176,22.28754],[88.30217,22.28858],[88.30179,22.28885],[88.30225,22.29099],[88.29768,22.29081],[88.29747,22.2914],[88.29661,22.29143],[88.29366,22.29038],[88.29324,22.28913],[88.29214,22.2892],[88.29219,22.29026],[88.29032,22.2905],[88.2904,22.28859],[88.28982,22.28667],[88.28832,22.28727],[88.28877,22.29182],[88.28959,22.29194],[88.28979,22.29311],[88.28939,22.29356],[88.29043,22.2946],[88.28955,22.29658],[88.29034,22.29786],[88.29072,22.29982],[88.29356,22.30176],[88.29345,22.30251],[88.29397,22.30277],[88.29401,22.30344],[88.29478,22.30339],[88.29486,22.30397],[88.29413,22.30453],[88.29246,22.3048],[88.29355,22.3075],[88.29531,22.30787],[88.29578,22.30966],[88.29656,22.30955],[88.29743,22.30835],[88.29818,22.31033],[88.3006,22.31072],[88.30044,22.31232],[88.30327,22.31267],[88.3033,22.31095],[88.30495,22.31096],[88.30529,22.30987],[88.30475,22.30956],[88.30356,22.30985],[88.30334,22.30866],[88.30411,22.30777],[88.30333,22.30625],[88.30359,22.30602],[88.30979,22.3047],[88.31269,22.30474],[88.31309,22.30406],[88.31426,22.30464],[88.31755,22.30232],[88.32085,22.30181],[88.31933,22.30027],[88.32012,22.2969],[88.32176,22.29694],[88.32215,22.29796],[88.3231,22.29789],[88.32435,22.29676],[88.32441,22.29494],[88.32398,22.29386],[88.3231,22.29356],[88.32317,22.29305],[88.32409,22.29232],[88.32419,22.29152],[88.32522,22.29167],[88.3255,22.29308],[88.3265,22.29228],[88.32588,22.29108],[88.32529,22.2911],[88.32504,22.29004],[88.32358,22.29006],[88.32343,22.28739],[88.32538,22.28717],[88.32549,22.28655],[88.32489,22.28594],[88.32388,22.28591],[88.3242,22.28473],[88.32391,22.28055],[88.32311,22.2805],[88.32263,22.27703]]]}}]}